reference_date,target,horizon,target_end_date,location,output_type,output_type_id,value
2026-08-22,wk inc covid hosp,0,2026-08-22,01,quantile,0.01,25.0
2026-08-22,wk inc covid hosp,0,2026-08-22,01,quantile,0.025,30.0
2026-08-22,wk inc covid hosp,0,2026-08-22,01,quantile,0.05,33.0
2026-08-22,wk inc covid hosp,0,2026-08-22,01,quantile,0.1,39.0
2026-08-22,wk inc covid hosp,0,2026-08-22,01,quantile,0.15,43.0
2026-08-22,wk inc covid hosp,0,2026-08-22,01,quantile,0.2,46.0
2026-08-22,wk inc covid hosp,0,2026-08-22,01,quantile,0.25,50.0
2026-08-22,wk inc covid hosp,0,2026-08-22,01,quantile,0.3,52.0
2026-08-22,wk inc covid hosp,0,2026-08-22,01,quantile,0.35,54.0
2026-08-22,wk inc covid hosp,0,2026-08-22,01,quantile,0.4,57.0
2026-08-22,wk inc covid hosp,0,2026-08-22,01,quantile,0.45,60.0
2026-08-22,wk inc covid hosp,0,2026-08-22,01,quantile,0.5,62.0
2026-08-22,wk inc covid hosp,0,2026-08-22,01,quantile,0.55,65.0
2026-08-22,wk inc covid hosp,0,2026-08-22,01,quantile,0.6,68.0
2026-08-22,wk inc covid hosp,0,2026-08-22,01,quantile,0.65,71.0
2026-08-22,wk inc covid hosp,0,2026-08-22,01,quantile,0.7,74.0
2026-08-22,wk inc covid hosp,0,2026-08-22,01,quantile,0.75,78.0
2026-08-22,wk inc covid hosp,0,2026-08-22,01,quantile,0.8,82.0
2026-08-22,wk inc covid hosp,0,2026-08-22,01,quantile,0.85,87.0
2026-08-22,wk inc covid hosp,0,2026-08-22,01,quantile,0.9,93.0
2026-08-22,wk inc covid hosp,0,2026-08-22,01,quantile,0.95,105.0
2026-08-22,wk inc covid hosp,0,2026-08-22,01,quantile,0.975,115.0
2026-08-22,wk inc covid hosp,0,2026-08-22,01,quantile,0.99,125.0
2026-08-22,wk inc covid hosp,0,2026-08-22,02,quantile,0.01,0.0
2026-08-22,wk inc covid hosp,0,2026-08-22,02,quantile,0.025,0.0
2026-08-22,wk inc covid hosp,0,2026-08-22,02,quantile,0.05,0.0
2026-08-22,wk inc covid hosp,0,2026-08-22,02,quantile,0.1,1.0
2026-08-22,wk inc covid hosp,0,2026-08-22,02,quantile,0.15,1.0
2026-08-22,wk inc covid hosp,0,2026-08-22,02,quantile,0.2,1.0
2026-08-22,wk inc covid hosp,0,2026-08-22,02,quantile,0.25,2.0
2026-08-22,wk inc covid hosp,0,2026-08-22,02,quantile,0.3,2.0
2026-08-22,wk inc covid hosp,0,2026-08-22,02,quantile,0.35,2.0
2026-08-22,wk inc covid hosp,0,2026-08-22,02,quantile,0.4,2.0
2026-08-22,wk inc covid hosp,0,2026-08-22,02,quantile,0.45,3.0
2026-08-22,wk inc covid hosp,0,2026-08-22,02,quantile,0.5,3.0
2026-08-22,wk inc covid hosp,0,2026-08-22,02,quantile,0.55,3.0
2026-08-22,wk inc covid hosp,0,2026-08-22,02,quantile,0.6,3.0
2026-08-22,wk inc covid hosp,0,2026-08-22,02,quantile,0.65,4.0
2026-08-22,wk inc covid hosp,0,2026-08-22,02,quantile,0.7,4.0
2026-08-22,wk inc covid hosp,0,2026-08-22,02,quantile,0.75,4.0
2026-08-22,wk inc covid hosp,0,2026-08-22,02,quantile,0.8,5.0
2026-08-22,wk inc covid hosp,0,2026-08-22,02,quantile,0.85,5.0
2026-08-22,wk inc covid hosp,0,2026-08-22,02,quantile,0.9,6.0
2026-08-22,wk inc covid hosp,0,2026-08-22,02,quantile,0.95,7.0
2026-08-22,wk inc covid hosp,0,2026-08-22,02,quantile,0.975,8.0
2026-08-22,wk inc covid hosp,0,2026-08-22,02,quantile,0.99,9.0
2026-08-22,wk inc covid hosp,0,2026-08-22,04,quantile,0.01,15.0
2026-08-22,wk inc covid hosp,0,2026-08-22,04,quantile,0.025,19.0
2026-08-22,wk inc covid hosp,0,2026-08-22,04,quantile,0.05,22.0
2026-08-22,wk inc covid hosp,0,2026-08-22,04,quantile,0.1,26.0
2026-08-22,wk inc covid hosp,0,2026-08-22,04,quantile,0.15,29.0
2026-08-22,wk inc covid hosp,0,2026-08-22,04,quantile,0.2,32.0
2026-08-22,wk inc covid hosp,0,2026-08-22,04,quantile,0.25,34.0
2026-08-22,wk inc covid hosp,0,2026-08-22,04,quantile,0.3,36.0
2026-08-22,wk inc covid hosp,0,2026-08-22,04,quantile,0.35,38.0
2026-08-22,wk inc covid hosp,0,2026-08-22,04,quantile,0.4,39.0
2026-08-22,wk inc covid hosp,0,2026-08-22,04,quantile,0.45,42.0
2026-08-22,wk inc covid hosp,0,2026-08-22,04,quantile,0.5,43.0
2026-08-22,wk inc covid hosp,0,2026-08-22,04,quantile,0.55,45.0
2026-08-22,wk inc covid hosp,0,2026-08-22,04,quantile,0.6,47.0
2026-08-22,wk inc covid hosp,0,2026-08-22,04,quantile,0.65,49.0
2026-08-22,wk inc covid hosp,0,2026-08-22,04,quantile,0.7,51.0
2026-08-22,wk inc covid hosp,0,2026-08-22,04,quantile,0.75,53.0
2026-08-22,wk inc covid hosp,0,2026-08-22,04,quantile,0.8,56.0
2026-08-22,wk inc covid hosp,0,2026-08-22,04,quantile,0.85,60.0
2026-08-22,wk inc covid hosp,0,2026-08-22,04,quantile,0.9,65.0
2026-08-22,wk inc covid hosp,0,2026-08-22,04,quantile,0.95,73.0
2026-08-22,wk inc covid hosp,0,2026-08-22,04,quantile,0.975,81.0
2026-08-22,wk inc covid hosp,0,2026-08-22,04,quantile,0.99,88.0
2026-08-22,wk inc covid hosp,0,2026-08-22,05,quantile,0.01,3.0
2026-08-22,wk inc covid hosp,0,2026-08-22,05,quantile,0.025,5.0
2026-08-22,wk inc covid hosp,0,2026-08-22,05,quantile,0.05,6.0
2026-08-22,wk inc covid hosp,0,2026-08-22,05,quantile,0.1,7.0
2026-08-22,wk inc covid hosp,0,2026-08-22,05,quantile,0.15,8.0
2026-08-22,wk inc covid hosp,0,2026-08-22,05,quantile,0.2,9.0
2026-08-22,wk inc covid hosp,0,2026-08-22,05,quantile,0.25,10.0
2026-08-22,wk inc covid hosp,0,2026-08-22,05,quantile,0.3,11.0
2026-08-22,wk inc covid hosp,0,2026-08-22,05,quantile,0.35,11.0
2026-08-22,wk inc covid hosp,0,2026-08-22,05,quantile,0.4,12.0
2026-08-22,wk inc covid hosp,0,2026-08-22,05,quantile,0.45,13.0
2026-08-22,wk inc covid hosp,0,2026-08-22,05,quantile,0.5,14.0
2026-08-22,wk inc covid hosp,0,2026-08-22,05,quantile,0.55,14.0
2026-08-22,wk inc covid hosp,0,2026-08-22,05,quantile,0.6,15.0
2026-08-22,wk inc covid hosp,0,2026-08-22,05,quantile,0.65,16.0
2026-08-22,wk inc covid hosp,0,2026-08-22,05,quantile,0.7,17.0
2026-08-22,wk inc covid hosp,0,2026-08-22,05,quantile,0.75,18.0
2026-08-22,wk inc covid hosp,0,2026-08-22,05,quantile,0.8,19.0
2026-08-22,wk inc covid hosp,0,2026-08-22,05,quantile,0.85,20.0
2026-08-22,wk inc covid hosp,0,2026-08-22,05,quantile,0.9,22.0
2026-08-22,wk inc covid hosp,0,2026-08-22,05,quantile,0.95,25.0
2026-08-22,wk inc covid hosp,0,2026-08-22,05,quantile,0.975,27.0
2026-08-22,wk inc covid hosp,0,2026-08-22,05,quantile,0.99,30.0
2026-08-22,wk inc covid hosp,0,2026-08-22,06,quantile,0.01,160.0
2026-08-22,wk inc covid hosp,0,2026-08-22,06,quantile,0.025,185.0
2026-08-22,wk inc covid hosp,0,2026-08-22,06,quantile,0.05,205.0
2026-08-22,wk inc covid hosp,0,2026-08-22,06,quantile,0.1,230.0
2026-08-22,wk inc covid hosp,0,2026-08-22,06,quantile,0.15,250.0
2026-08-22,wk inc covid hosp,0,2026-08-22,06,quantile,0.2,270.0
2026-08-22,wk inc covid hosp,0,2026-08-22,06,quantile,0.25,285.0
2026-08-22,wk inc covid hosp,0,2026-08-22,06,quantile,0.3,301.0
2026-08-22,wk inc covid hosp,0,2026-08-22,06,quantile,0.35,315.0
2026-08-22,wk inc covid hosp,0,2026-08-22,06,quantile,0.4,328.0
2026-08-22,wk inc covid hosp,0,2026-08-22,06,quantile,0.45,342.0
2026-08-22,wk inc covid hosp,0,2026-08-22,06,quantile,0.5,357.0
2026-08-22,wk inc covid hosp,0,2026-08-22,06,quantile,0.55,370.0
2026-08-22,wk inc covid hosp,0,2026-08-22,06,quantile,0.6,387.0
2026-08-22,wk inc covid hosp,0,2026-08-22,06,quantile,0.65,402.0
2026-08-22,wk inc covid hosp,0,2026-08-22,06,quantile,0.7,419.0
2026-08-22,wk inc covid hosp,0,2026-08-22,06,quantile,0.75,440.0
2026-08-22,wk inc covid hosp,0,2026-08-22,06,quantile,0.8,465.0
2026-08-22,wk inc covid hosp,0,2026-08-22,06,quantile,0.85,493.0
2026-08-22,wk inc covid hosp,0,2026-08-22,06,quantile,0.9,527.0
2026-08-22,wk inc covid hosp,0,2026-08-22,06,quantile,0.95,580.0
2026-08-22,wk inc covid hosp,0,2026-08-22,06,quantile,0.975,621.0
2026-08-22,wk inc covid hosp,0,2026-08-22,06,quantile,0.99,684.0
2026-08-22,wk inc covid hosp,0,2026-08-22,08,quantile,0.01,4.0
2026-08-22,wk inc covid hosp,0,2026-08-22,08,quantile,0.025,5.0
2026-08-22,wk inc covid hosp,0,2026-08-22,08,quantile,0.05,6.0
2026-08-22,wk inc covid hosp,0,2026-08-22,08,quantile,0.1,8.0
2026-08-22,wk inc covid hosp,0,2026-08-22,08,quantile,0.15,9.0
2026-08-22,wk inc covid hosp,0,2026-08-22,08,quantile,0.2,11.0
2026-08-22,wk inc covid hosp,0,2026-08-22,08,quantile,0.25,12.0
2026-08-22,wk inc covid hosp,0,2026-08-22,08,quantile,0.3,12.0
2026-08-22,wk inc covid hosp,0,2026-08-22,08,quantile,0.35,13.0
2026-08-22,wk inc covid hosp,0,2026-08-22,08,quantile,0.4,14.0
2026-08-22,wk inc covid hosp,0,2026-08-22,08,quantile,0.45,15.0
2026-08-22,wk inc covid hosp,0,2026-08-22,08,quantile,0.5,15.0
2026-08-22,wk inc covid hosp,0,2026-08-22,08,quantile,0.55,16.0
2026-08-22,wk inc covid hosp,0,2026-08-22,08,quantile,0.6,17.0
2026-08-22,wk inc covid hosp,0,2026-08-22,08,quantile,0.65,18.0
2026-08-22,wk inc covid hosp,0,2026-08-22,08,quantile,0.7,19.0
2026-08-22,wk inc covid hosp,0,2026-08-22,08,quantile,0.75,20.0
2026-08-22,wk inc covid hosp,0,2026-08-22,08,quantile,0.8,21.0
2026-08-22,wk inc covid hosp,0,2026-08-22,08,quantile,0.85,23.0
2026-08-22,wk inc covid hosp,0,2026-08-22,08,quantile,0.9,25.0
2026-08-22,wk inc covid hosp,0,2026-08-22,08,quantile,0.95,28.0
2026-08-22,wk inc covid hosp,0,2026-08-22,08,quantile,0.975,32.0
2026-08-22,wk inc covid hosp,0,2026-08-22,08,quantile,0.99,35.0
2026-08-22,wk inc covid hosp,0,2026-08-22,09,quantile,0.01,2.0
2026-08-22,wk inc covid hosp,0,2026-08-22,09,quantile,0.025,3.0
2026-08-22,wk inc covid hosp,0,2026-08-22,09,quantile,0.05,3.0
2026-08-22,wk inc covid hosp,0,2026-08-22,09,quantile,0.1,4.0
2026-08-22,wk inc covid hosp,0,2026-08-22,09,quantile,0.15,5.0
2026-08-22,wk inc covid hosp,0,2026-08-22,09,quantile,0.2,6.0
2026-08-22,wk inc covid hosp,0,2026-08-22,09,quantile,0.25,6.0
2026-08-22,wk inc covid hosp,0,2026-08-22,09,quantile,0.3,7.0
2026-08-22,wk inc covid hosp,0,2026-08-22,09,quantile,0.35,7.0
2026-08-22,wk inc covid hosp,0,2026-08-22,09,quantile,0.4,8.0
2026-08-22,wk inc covid hosp,0,2026-08-22,09,quantile,0.45,8.0
2026-08-22,wk inc covid hosp,0,2026-08-22,09,quantile,0.5,9.0
2026-08-22,wk inc covid hosp,0,2026-08-22,09,quantile,0.55,9.0
2026-08-22,wk inc covid hosp,0,2026-08-22,09,quantile,0.6,10.0
2026-08-22,wk inc covid hosp,0,2026-08-22,09,quantile,0.65,10.0
2026-08-22,wk inc covid hosp,0,2026-08-22,09,quantile,0.7,11.0
2026-08-22,wk inc covid hosp,0,2026-08-22,09,quantile,0.75,12.0
2026-08-22,wk inc covid hosp,0,2026-08-22,09,quantile,0.8,12.0
2026-08-22,wk inc covid hosp,0,2026-08-22,09,quantile,0.85,13.0
2026-08-22,wk inc covid hosp,0,2026-08-22,09,quantile,0.9,15.0
2026-08-22,wk inc covid hosp,0,2026-08-22,09,quantile,0.95,16.0
2026-08-22,wk inc covid hosp,0,2026-08-22,09,quantile,0.975,18.0
2026-08-22,wk inc covid hosp,0,2026-08-22,09,quantile,0.99,20.0
2026-08-22,wk inc covid hosp,0,2026-08-22,10,quantile,0.01,0.0
2026-08-22,wk inc covid hosp,0,2026-08-22,10,quantile,0.025,0.0
2026-08-22,wk inc covid hosp,0,2026-08-22,10,quantile,0.05,0.0
2026-08-22,wk inc covid hosp,0,2026-08-22,10,quantile,0.1,1.0
2026-08-22,wk inc covid hosp,0,2026-08-22,10,quantile,0.15,1.0
2026-08-22,wk inc covid hosp,0,2026-08-22,10,quantile,0.2,1.0
2026-08-22,wk inc covid hosp,0,2026-08-22,10,quantile,0.25,2.0
2026-08-22,wk inc covid hosp,0,2026-08-22,10,quantile,0.3,2.0
2026-08-22,wk inc covid hosp,0,2026-08-22,10,quantile,0.35,2.0
2026-08-22,wk inc covid hosp,0,2026-08-22,10,quantile,0.4,2.0
2026-08-22,wk inc covid hosp,0,2026-08-22,10,quantile,0.45,2.0
2026-08-22,wk inc covid hosp,0,2026-08-22,10,quantile,0.5,3.0
2026-08-22,wk inc covid hosp,0,2026-08-22,10,quantile,0.55,3.0
2026-08-22,wk inc covid hosp,0,2026-08-22,10,quantile,0.6,3.0
2026-08-22,wk inc covid hosp,0,2026-08-22,10,quantile,0.65,4.0
2026-08-22,wk inc covid hosp,0,2026-08-22,10,quantile,0.7,4.0
2026-08-22,wk inc covid hosp,0,2026-08-22,10,quantile,0.75,4.0
2026-08-22,wk inc covid hosp,0,2026-08-22,10,quantile,0.8,5.0
2026-08-22,wk inc covid hosp,0,2026-08-22,10,quantile,0.85,5.0
2026-08-22,wk inc covid hosp,0,2026-08-22,10,quantile,0.9,6.0
2026-08-22,wk inc covid hosp,0,2026-08-22,10,quantile,0.95,7.0
2026-08-22,wk inc covid hosp,0,2026-08-22,10,quantile,0.975,7.0
2026-08-22,wk inc covid hosp,0,2026-08-22,10,quantile,0.99,8.0
2026-08-22,wk inc covid hosp,0,2026-08-22,11,quantile,0.01,1.0
2026-08-22,wk inc covid hosp,0,2026-08-22,11,quantile,0.025,1.0
2026-08-22,wk inc covid hosp,0,2026-08-22,11,quantile,0.05,1.0
2026-08-22,wk inc covid hosp,0,2026-08-22,11,quantile,0.1,2.0
2026-08-22,wk inc covid hosp,0,2026-08-22,11,quantile,0.15,2.0
2026-08-22,wk inc covid hosp,0,2026-08-22,11,quantile,0.2,3.0
2026-08-22,wk inc covid hosp,0,2026-08-22,11,quantile,0.25,3.0
2026-08-22,wk inc covid hosp,0,2026-08-22,11,quantile,0.3,3.0
2026-08-22,wk inc covid hosp,0,2026-08-22,11,quantile,0.35,4.0
2026-08-22,wk inc covid hosp,0,2026-08-22,11,quantile,0.4,4.0
2026-08-22,wk inc covid hosp,0,2026-08-22,11,quantile,0.45,4.0
2026-08-22,wk inc covid hosp,0,2026-08-22,11,quantile,0.5,5.0
2026-08-22,wk inc covid hosp,0,2026-08-22,11,quantile,0.55,5.0
2026-08-22,wk inc covid hosp,0,2026-08-22,11,quantile,0.6,5.0
2026-08-22,wk inc covid hosp,0,2026-08-22,11,quantile,0.65,6.0
2026-08-22,wk inc covid hosp,0,2026-08-22,11,quantile,0.7,6.0
2026-08-22,wk inc covid hosp,0,2026-08-22,11,quantile,0.75,7.0
2026-08-22,wk inc covid hosp,0,2026-08-22,11,quantile,0.8,7.0
2026-08-22,wk inc covid hosp,0,2026-08-22,11,quantile,0.85,8.0
2026-08-22,wk inc covid hosp,0,2026-08-22,11,quantile,0.9,8.0
2026-08-22,wk inc covid hosp,0,2026-08-22,11,quantile,0.95,10.0
2026-08-22,wk inc covid hosp,0,2026-08-22,11,quantile,0.975,11.0
2026-08-22,wk inc covid hosp,0,2026-08-22,11,quantile,0.99,13.0
2026-08-22,wk inc covid hosp,0,2026-08-22,12,quantile,0.01,140.0
2026-08-22,wk inc covid hosp,0,2026-08-22,12,quantile,0.025,162.0
2026-08-22,wk inc covid hosp,0,2026-08-22,12,quantile,0.05,188.0
2026-08-22,wk inc covid hosp,0,2026-08-22,12,quantile,0.1,214.0
2026-08-22,wk inc covid hosp,0,2026-08-22,12,quantile,0.15,234.0
2026-08-22,wk inc covid hosp,0,2026-08-22,12,quantile,0.2,252.0
2026-08-22,wk inc covid hosp,0,2026-08-22,12,quantile,0.25,267.0
2026-08-22,wk inc covid hosp,0,2026-08-22,12,quantile,0.3,285.0
2026-08-22,wk inc covid hosp,0,2026-08-22,12,quantile,0.35,303.0
2026-08-22,wk inc covid hosp,0,2026-08-22,12,quantile,0.4,316.0
2026-08-22,wk inc covid hosp,0,2026-08-22,12,quantile,0.45,331.0
2026-08-22,wk inc covid hosp,0,2026-08-22,12,quantile,0.5,343.0
2026-08-22,wk inc covid hosp,0,2026-08-22,12,quantile,0.55,357.0
2026-08-22,wk inc covid hosp,0,2026-08-22,12,quantile,0.6,372.0
2026-08-22,wk inc covid hosp,0,2026-08-22,12,quantile,0.65,388.0
2026-08-22,wk inc covid hosp,0,2026-08-22,12,quantile,0.7,405.0
2026-08-22,wk inc covid hosp,0,2026-08-22,12,quantile,0.75,422.0
2026-08-22,wk inc covid hosp,0,2026-08-22,12,quantile,0.8,446.0
2026-08-22,wk inc covid hosp,0,2026-08-22,12,quantile,0.85,474.0
2026-08-22,wk inc covid hosp,0,2026-08-22,12,quantile,0.9,509.0
2026-08-22,wk inc covid hosp,0,2026-08-22,12,quantile,0.95,562.0
2026-08-22,wk inc covid hosp,0,2026-08-22,12,quantile,0.975,609.0
2026-08-22,wk inc covid hosp,0,2026-08-22,12,quantile,0.99,662.0
2026-08-22,wk inc covid hosp,0,2026-08-22,13,quantile,0.01,29.0
2026-08-22,wk inc covid hosp,0,2026-08-22,13,quantile,0.025,36.0
2026-08-22,wk inc covid hosp,0,2026-08-22,13,quantile,0.05,41.0
2026-08-22,wk inc covid hosp,0,2026-08-22,13,quantile,0.1,49.0
2026-08-22,wk inc covid hosp,0,2026-08-22,13,quantile,0.15,54.0
2026-08-22,wk inc covid hosp,0,2026-08-22,13,quantile,0.2,58.0
2026-08-22,wk inc covid hosp,0,2026-08-22,13,quantile,0.25,61.0
2026-08-22,wk inc covid hosp,0,2026-08-22,13,quantile,0.3,65.0
2026-08-22,wk inc covid hosp,0,2026-08-22,13,quantile,0.35,68.0
2026-08-22,wk inc covid hosp,0,2026-08-22,13,quantile,0.4,71.0
2026-08-22,wk inc covid hosp,0,2026-08-22,13,quantile,0.45,75.0
2026-08-22,wk inc covid hosp,0,2026-08-22,13,quantile,0.5,78.0
2026-08-22,wk inc covid hosp,0,2026-08-22,13,quantile,0.55,81.0
2026-08-22,wk inc covid hosp,0,2026-08-22,13,quantile,0.6,84.0
2026-08-22,wk inc covid hosp,0,2026-08-22,13,quantile,0.65,87.0
2026-08-22,wk inc covid hosp,0,2026-08-22,13,quantile,0.7,91.0
2026-08-22,wk inc covid hosp,0,2026-08-22,13,quantile,0.75,95.0
2026-08-22,wk inc covid hosp,0,2026-08-22,13,quantile,0.8,100.0
2026-08-22,wk inc covid hosp,0,2026-08-22,13,quantile,0.85,106.0
2026-08-22,wk inc covid hosp,0,2026-08-22,13,quantile,0.9,114.0
2026-08-22,wk inc covid hosp,0,2026-08-22,13,quantile,0.95,126.0
2026-08-22,wk inc covid hosp,0,2026-08-22,13,quantile,0.975,136.0
2026-08-22,wk inc covid hosp,0,2026-08-22,13,quantile,0.99,150.0
2026-08-22,wk inc covid hosp,0,2026-08-22,15,quantile,0.01,7.0
2026-08-22,wk inc covid hosp,0,2026-08-22,15,quantile,0.025,9.0
2026-08-22,wk inc covid hosp,0,2026-08-22,15,quantile,0.05,10.0
2026-08-22,wk inc covid hosp,0,2026-08-22,15,quantile,0.1,13.0
2026-08-22,wk inc covid hosp,0,2026-08-22,15,quantile,0.15,14.0
2026-08-22,wk inc covid hosp,0,2026-08-22,15,quantile,0.2,15.0
2026-08-22,wk inc covid hosp,0,2026-08-22,15,quantile,0.25,16.0
2026-08-22,wk inc covid hosp,0,2026-08-22,15,quantile,0.3,17.0
2026-08-22,wk inc covid hosp,0,2026-08-22,15,quantile,0.35,18.0
2026-08-22,wk inc covid hosp,0,2026-08-22,15,quantile,0.4,19.0
2026-08-22,wk inc covid hosp,0,2026-08-22,15,quantile,0.45,20.0
2026-08-22,wk inc covid hosp,0,2026-08-22,15,quantile,0.5,21.0
2026-08-22,wk inc covid hosp,0,2026-08-22,15,quantile,0.55,22.0
2026-08-22,wk inc covid hosp,0,2026-08-22,15,quantile,0.6,23.0
2026-08-22,wk inc covid hosp,0,2026-08-22,15,quantile,0.65,25.0
2026-08-22,wk inc covid hosp,0,2026-08-22,15,quantile,0.7,26.0
2026-08-22,wk inc covid hosp,0,2026-08-22,15,quantile,0.75,27.0
2026-08-22,wk inc covid hosp,0,2026-08-22,15,quantile,0.8,29.0
2026-08-22,wk inc covid hosp,0,2026-08-22,15,quantile,0.85,31.0
2026-08-22,wk inc covid hosp,0,2026-08-22,15,quantile,0.9,33.0
2026-08-22,wk inc covid hosp,0,2026-08-22,15,quantile,0.95,37.0
2026-08-22,wk inc covid hosp,0,2026-08-22,15,quantile,0.975,41.0
2026-08-22,wk inc covid hosp,0,2026-08-22,15,quantile,0.99,46.0
2026-08-22,wk inc covid hosp,0,2026-08-22,16,quantile,0.01,0.0
2026-08-22,wk inc covid hosp,0,2026-08-22,16,quantile,0.025,0.0
2026-08-22,wk inc covid hosp,0,2026-08-22,16,quantile,0.05,1.0
2026-08-22,wk inc covid hosp,0,2026-08-22,16,quantile,0.1,1.0
2026-08-22,wk inc covid hosp,0,2026-08-22,16,quantile,0.15,2.0
2026-08-22,wk inc covid hosp,0,2026-08-22,16,quantile,0.2,2.0
2026-08-22,wk inc covid hosp,0,2026-08-22,16,quantile,0.25,2.0
2026-08-22,wk inc covid hosp,0,2026-08-22,16,quantile,0.3,3.0
2026-08-22,wk inc covid hosp,0,2026-08-22,16,quantile,0.35,3.0
2026-08-22,wk inc covid hosp,0,2026-08-22,16,quantile,0.4,3.0
2026-08-22,wk inc covid hosp,0,2026-08-22,16,quantile,0.45,3.0
2026-08-22,wk inc covid hosp,0,2026-08-22,16,quantile,0.5,4.0
2026-08-22,wk inc covid hosp,0,2026-08-22,16,quantile,0.55,4.0
2026-08-22,wk inc covid hosp,0,2026-08-22,16,quantile,0.6,4.0
2026-08-22,wk inc covid hosp,0,2026-08-22,16,quantile,0.65,5.0
2026-08-22,wk inc covid hosp,0,2026-08-22,16,quantile,0.7,5.0
2026-08-22,wk inc covid hosp,0,2026-08-22,16,quantile,0.75,5.0
2026-08-22,wk inc covid hosp,0,2026-08-22,16,quantile,0.8,6.0
2026-08-22,wk inc covid hosp,0,2026-08-22,16,quantile,0.85,6.0
2026-08-22,wk inc covid hosp,0,2026-08-22,16,quantile,0.9,7.0
2026-08-22,wk inc covid hosp,0,2026-08-22,16,quantile,0.95,8.0
2026-08-22,wk inc covid hosp,0,2026-08-22,16,quantile,0.975,10.0
2026-08-22,wk inc covid hosp,0,2026-08-22,16,quantile,0.99,11.0
2026-08-22,wk inc covid hosp,0,2026-08-22,17,quantile,0.01,13.0
2026-08-22,wk inc covid hosp,0,2026-08-22,17,quantile,0.025,15.0
2026-08-22,wk inc covid hosp,0,2026-08-22,17,quantile,0.05,18.0
2026-08-22,wk inc covid hosp,0,2026-08-22,17,quantile,0.1,22.0
2026-08-22,wk inc covid hosp,0,2026-08-22,17,quantile,0.15,24.0
2026-08-22,wk inc covid hosp,0,2026-08-22,17,quantile,0.2,26.0
2026-08-22,wk inc covid hosp,0,2026-08-22,17,quantile,0.25,29.0
2026-08-22,wk inc covid hosp,0,2026-08-22,17,quantile,0.3,31.0
2026-08-22,wk inc covid hosp,0,2026-08-22,17,quantile,0.35,32.0
2026-08-22,wk inc covid hosp,0,2026-08-22,17,quantile,0.4,34.0
2026-08-22,wk inc covid hosp,0,2026-08-22,17,quantile,0.45,36.0
2026-08-22,wk inc covid hosp,0,2026-08-22,17,quantile,0.5,38.0
2026-08-22,wk inc covid hosp,0,2026-08-22,17,quantile,0.55,39.0
2026-08-22,wk inc covid hosp,0,2026-08-22,17,quantile,0.6,41.0
2026-08-22,wk inc covid hosp,0,2026-08-22,17,quantile,0.65,43.0
2026-08-22,wk inc covid hosp,0,2026-08-22,17,quantile,0.7,45.0
2026-08-22,wk inc covid hosp,0,2026-08-22,17,quantile,0.75,48.0
2026-08-22,wk inc covid hosp,0,2026-08-22,17,quantile,0.8,50.0
2026-08-22,wk inc covid hosp,0,2026-08-22,17,quantile,0.85,53.0
2026-08-22,wk inc covid hosp,0,2026-08-22,17,quantile,0.9,58.0
2026-08-22,wk inc covid hosp,0,2026-08-22,17,quantile,0.95,65.0
2026-08-22,wk inc covid hosp,0,2026-08-22,17,quantile,0.975,69.0
2026-08-22,wk inc covid hosp,0,2026-08-22,17,quantile,0.99,78.0
2026-08-22,wk inc covid hosp,0,2026-08-22,18,quantile,0.01,7.0
2026-08-22,wk inc covid hosp,0,2026-08-22,18,quantile,0.025,10.0
2026-08-22,wk inc covid hosp,0,2026-08-22,18,quantile,0.05,12.0
2026-08-22,wk inc covid hosp,0,2026-08-22,18,quantile,0.1,14.0
2026-08-22,wk inc covid hosp,0,2026-08-22,18,quantile,0.15,16.0
2026-08-22,wk inc covid hosp,0,2026-08-22,18,quantile,0.2,17.0
2026-08-22,wk inc covid hosp,0,2026-08-22,18,quantile,0.25,18.0
2026-08-22,wk inc covid hosp,0,2026-08-22,18,quantile,0.3,19.0
2026-08-22,wk inc covid hosp,0,2026-08-22,18,quantile,0.35,21.0
2026-08-22,wk inc covid hosp,0,2026-08-22,18,quantile,0.4,22.0
2026-08-22,wk inc covid hosp,0,2026-08-22,18,quantile,0.45,23.0
2026-08-22,wk inc covid hosp,0,2026-08-22,18,quantile,0.5,24.0
2026-08-22,wk inc covid hosp,0,2026-08-22,18,quantile,0.55,25.0
2026-08-22,wk inc covid hosp,0,2026-08-22,18,quantile,0.6,26.0
2026-08-22,wk inc covid hosp,0,2026-08-22,18,quantile,0.65,28.0
2026-08-22,wk inc covid hosp,0,2026-08-22,18,quantile,0.7,29.0
2026-08-22,wk inc covid hosp,0,2026-08-22,18,quantile,0.75,31.0
2026-08-22,wk inc covid hosp,0,2026-08-22,18,quantile,0.8,32.0
2026-08-22,wk inc covid hosp,0,2026-08-22,18,quantile,0.85,35.0
2026-08-22,wk inc covid hosp,0,2026-08-22,18,quantile,0.9,37.0
2026-08-22,wk inc covid hosp,0,2026-08-22,18,quantile,0.95,42.0
2026-08-22,wk inc covid hosp,0,2026-08-22,18,quantile,0.975,46.0
2026-08-22,wk inc covid hosp,0,2026-08-22,18,quantile,0.99,51.0
2026-08-22,wk inc covid hosp,0,2026-08-22,19,quantile,0.01,0.0
2026-08-22,wk inc covid hosp,0,2026-08-22,19,quantile,0.025,0.0
2026-08-22,wk inc covid hosp,0,2026-08-22,19,quantile,0.05,1.0
2026-08-22,wk inc covid hosp,0,2026-08-22,19,quantile,0.1,1.0
2026-08-22,wk inc covid hosp,0,2026-08-22,19,quantile,0.15,2.0
2026-08-22,wk inc covid hosp,0,2026-08-22,19,quantile,0.2,2.0
2026-08-22,wk inc covid hosp,0,2026-08-22,19,quantile,0.25,2.0
2026-08-22,wk inc covid hosp,0,2026-08-22,19,quantile,0.3,3.0
2026-08-22,wk inc covid hosp,0,2026-08-22,19,quantile,0.35,3.0
2026-08-22,wk inc covid hosp,0,2026-08-22,19,quantile,0.4,3.0
2026-08-22,wk inc covid hosp,0,2026-08-22,19,quantile,0.45,3.0
2026-08-22,wk inc covid hosp,0,2026-08-22,19,quantile,0.5,4.0
2026-08-22,wk inc covid hosp,0,2026-08-22,19,quantile,0.55,4.0
2026-08-22,wk inc covid hosp,0,2026-08-22,19,quantile,0.6,4.0
2026-08-22,wk inc covid hosp,0,2026-08-22,19,quantile,0.65,5.0
2026-08-22,wk inc covid hosp,0,2026-08-22,19,quantile,0.7,5.0
2026-08-22,wk inc covid hosp,0,2026-08-22,19,quantile,0.75,5.0
2026-08-22,wk inc covid hosp,0,2026-08-22,19,quantile,0.8,6.0
2026-08-22,wk inc covid hosp,0,2026-08-22,19,quantile,0.85,6.0
2026-08-22,wk inc covid hosp,0,2026-08-22,19,quantile,0.9,7.0
2026-08-22,wk inc covid hosp,0,2026-08-22,19,quantile,0.95,8.0
2026-08-22,wk inc covid hosp,0,2026-08-22,19,quantile,0.975,9.0
2026-08-22,wk inc covid hosp,0,2026-08-22,19,quantile,0.99,11.0
2026-08-22,wk inc covid hosp,0,2026-08-22,20,quantile,0.01,0.0
2026-08-22,wk inc covid hosp,0,2026-08-22,20,quantile,0.025,1.0
2026-08-22,wk inc covid hosp,0,2026-08-22,20,quantile,0.05,1.0
2026-08-22,wk inc covid hosp,0,2026-08-22,20,quantile,0.1,2.0
2026-08-22,wk inc covid hosp,0,2026-08-22,20,quantile,0.15,2.0
2026-08-22,wk inc covid hosp,0,2026-08-22,20,quantile,0.2,3.0
2026-08-22,wk inc covid hosp,0,2026-08-22,20,quantile,0.25,3.0
2026-08-22,wk inc covid hosp,0,2026-08-22,20,quantile,0.3,3.0
2026-08-22,wk inc covid hosp,0,2026-08-22,20,quantile,0.35,4.0
2026-08-22,wk inc covid hosp,0,2026-08-22,20,quantile,0.4,4.0
2026-08-22,wk inc covid hosp,0,2026-08-22,20,quantile,0.45,4.0
2026-08-22,wk inc covid hosp,0,2026-08-22,20,quantile,0.5,4.0
2026-08-22,wk inc covid hosp,0,2026-08-22,20,quantile,0.55,5.0
2026-08-22,wk inc covid hosp,0,2026-08-22,20,quantile,0.6,5.0
2026-08-22,wk inc covid hosp,0,2026-08-22,20,quantile,0.65,6.0
2026-08-22,wk inc covid hosp,0,2026-08-22,20,quantile,0.7,6.0
2026-08-22,wk inc covid hosp,0,2026-08-22,20,quantile,0.75,6.0
2026-08-22,wk inc covid hosp,0,2026-08-22,20,quantile,0.8,7.0
2026-08-22,wk inc covid hosp,0,2026-08-22,20,quantile,0.85,8.0
2026-08-22,wk inc covid hosp,0,2026-08-22,20,quantile,0.9,8.0
2026-08-22,wk inc covid hosp,0,2026-08-22,20,quantile,0.95,10.0
2026-08-22,wk inc covid hosp,0,2026-08-22,20,quantile,0.975,11.0
2026-08-22,wk inc covid hosp,0,2026-08-22,20,quantile,0.99,12.0
2026-08-22,wk inc covid hosp,0,2026-08-22,21,quantile,0.01,5.0
2026-08-22,wk inc covid hosp,0,2026-08-22,21,quantile,0.025,7.0
2026-08-22,wk inc covid hosp,0,2026-08-22,21,quantile,0.05,8.0
2026-08-22,wk inc covid hosp,0,2026-08-22,21,quantile,0.1,10.0
2026-08-22,wk inc covid hosp,0,2026-08-22,21,quantile,0.15,11.0
2026-08-22,wk inc covid hosp,0,2026-08-22,21,quantile,0.2,12.0
2026-08-22,wk inc covid hosp,0,2026-08-22,21,quantile,0.25,14.0
2026-08-22,wk inc covid hosp,0,2026-08-22,21,quantile,0.3,14.0
2026-08-22,wk inc covid hosp,0,2026-08-22,21,quantile,0.35,15.0
2026-08-22,wk inc covid hosp,0,2026-08-22,21,quantile,0.4,16.0
2026-08-22,wk inc covid hosp,0,2026-08-22,21,quantile,0.45,17.0
2026-08-22,wk inc covid hosp,0,2026-08-22,21,quantile,0.5,18.0
2026-08-22,wk inc covid hosp,0,2026-08-22,21,quantile,0.55,19.0
2026-08-22,wk inc covid hosp,0,2026-08-22,21,quantile,0.6,20.0
2026-08-22,wk inc covid hosp,0,2026-08-22,21,quantile,0.65,21.0
2026-08-22,wk inc covid hosp,0,2026-08-22,21,quantile,0.7,22.0
2026-08-22,wk inc covid hosp,0,2026-08-22,21,quantile,0.75,23.0
2026-08-22,wk inc covid hosp,0,2026-08-22,21,quantile,0.8,25.0
2026-08-22,wk inc covid hosp,0,2026-08-22,21,quantile,0.85,27.0
2026-08-22,wk inc covid hosp,0,2026-08-22,21,quantile,0.9,29.0
2026-08-22,wk inc covid hosp,0,2026-08-22,21,quantile,0.95,32.0
2026-08-22,wk inc covid hosp,0,2026-08-22,21,quantile,0.975,35.0
2026-08-22,wk inc covid hosp,0,2026-08-22,21,quantile,0.99,40.0
2026-08-22,wk inc covid hosp,0,2026-08-22,22,quantile,0.01,18.0
2026-08-22,wk inc covid hosp,0,2026-08-22,22,quantile,0.025,22.0
2026-08-22,wk inc covid hosp,0,2026-08-22,22,quantile,0.05,26.0
2026-08-22,wk inc covid hosp,0,2026-08-22,22,quantile,0.1,30.0
2026-08-22,wk inc covid hosp,0,2026-08-22,22,quantile,0.15,33.0
2026-08-22,wk inc covid hosp,0,2026-08-22,22,quantile,0.2,36.0
2026-08-22,wk inc covid hosp,0,2026-08-22,22,quantile,0.25,38.0
2026-08-22,wk inc covid hosp,0,2026-08-22,22,quantile,0.3,41.0
2026-08-22,wk inc covid hosp,0,2026-08-22,22,quantile,0.35,43.0
2026-08-22,wk inc covid hosp,0,2026-08-22,22,quantile,0.4,45.0
2026-08-22,wk inc covid hosp,0,2026-08-22,22,quantile,0.45,47.0
2026-08-22,wk inc covid hosp,0,2026-08-22,22,quantile,0.5,49.0
2026-08-22,wk inc covid hosp,0,2026-08-22,22,quantile,0.55,52.0
2026-08-22,wk inc covid hosp,0,2026-08-22,22,quantile,0.6,54.0
2026-08-22,wk inc covid hosp,0,2026-08-22,22,quantile,0.65,56.0
2026-08-22,wk inc covid hosp,0,2026-08-22,22,quantile,0.7,59.0
2026-08-22,wk inc covid hosp,0,2026-08-22,22,quantile,0.75,62.0
2026-08-22,wk inc covid hosp,0,2026-08-22,22,quantile,0.8,65.0
2026-08-22,wk inc covid hosp,0,2026-08-22,22,quantile,0.85,68.0
2026-08-22,wk inc covid hosp,0,2026-08-22,22,quantile,0.9,75.0
2026-08-22,wk inc covid hosp,0,2026-08-22,22,quantile,0.95,84.0
2026-08-22,wk inc covid hosp,0,2026-08-22,22,quantile,0.975,90.0
2026-08-22,wk inc covid hosp,0,2026-08-22,22,quantile,0.99,104.0
2026-08-22,wk inc covid hosp,0,2026-08-22,23,quantile,0.01,0.0
2026-08-22,wk inc covid hosp,0,2026-08-22,23,quantile,0.025,0.0
2026-08-22,wk inc covid hosp,0,2026-08-22,23,quantile,0.05,0.0
2026-08-22,wk inc covid hosp,0,2026-08-22,23,quantile,0.1,0.0
2026-08-22,wk inc covid hosp,0,2026-08-22,23,quantile,0.15,0.0
2026-08-22,wk inc covid hosp,0,2026-08-22,23,quantile,0.2,1.0
2026-08-22,wk inc covid hosp,0,2026-08-22,23,quantile,0.25,1.0
2026-08-22,wk inc covid hosp,0,2026-08-22,23,quantile,0.3,1.0
2026-08-22,wk inc covid hosp,0,2026-08-22,23,quantile,0.35,1.0
2026-08-22,wk inc covid hosp,0,2026-08-22,23,quantile,0.4,1.0
2026-08-22,wk inc covid hosp,0,2026-08-22,23,quantile,0.45,2.0
2026-08-22,wk inc covid hosp,0,2026-08-22,23,quantile,0.5,2.0
2026-08-22,wk inc covid hosp,0,2026-08-22,23,quantile,0.55,2.0
2026-08-22,wk inc covid hosp,0,2026-08-22,23,quantile,0.6,2.0
2026-08-22,wk inc covid hosp,0,2026-08-22,23,quantile,0.65,2.0
2026-08-22,wk inc covid hosp,0,2026-08-22,23,quantile,0.7,3.0
2026-08-22,wk inc covid hosp,0,2026-08-22,23,quantile,0.75,3.0
2026-08-22,wk inc covid hosp,0,2026-08-22,23,quantile,0.8,3.0
2026-08-22,wk inc covid hosp,0,2026-08-22,23,quantile,0.85,4.0
2026-08-22,wk inc covid hosp,0,2026-08-22,23,quantile,0.9,4.0
2026-08-22,wk inc covid hosp,0,2026-08-22,23,quantile,0.95,5.0
2026-08-22,wk inc covid hosp,0,2026-08-22,23,quantile,0.975,6.0
2026-08-22,wk inc covid hosp,0,2026-08-22,23,quantile,0.99,7.0
2026-08-22,wk inc covid hosp,0,2026-08-22,24,quantile,0.01,4.0
2026-08-22,wk inc covid hosp,0,2026-08-22,24,quantile,0.025,5.0
2026-08-22,wk inc covid hosp,0,2026-08-22,24,quantile,0.05,6.0
2026-08-22,wk inc covid hosp,0,2026-08-22,24,quantile,0.1,7.0
2026-08-22,wk inc covid hosp,0,2026-08-22,24,quantile,0.15,8.0
2026-08-22,wk inc covid hosp,0,2026-08-22,24,quantile,0.2,9.0
2026-08-22,wk inc covid hosp,0,2026-08-22,24,quantile,0.25,10.0
2026-08-22,wk inc covid hosp,0,2026-08-22,24,quantile,0.3,10.0
2026-08-22,wk inc covid hosp,0,2026-08-22,24,quantile,0.35,11.0
2026-08-22,wk inc covid hosp,0,2026-08-22,24,quantile,0.4,12.0
2026-08-22,wk inc covid hosp,0,2026-08-22,24,quantile,0.45,13.0
2026-08-22,wk inc covid hosp,0,2026-08-22,24,quantile,0.5,13.0
2026-08-22,wk inc covid hosp,0,2026-08-22,24,quantile,0.55,14.0
2026-08-22,wk inc covid hosp,0,2026-08-22,24,quantile,0.6,15.0
2026-08-22,wk inc covid hosp,0,2026-08-22,24,quantile,0.65,16.0
2026-08-22,wk inc covid hosp,0,2026-08-22,24,quantile,0.7,17.0
2026-08-22,wk inc covid hosp,0,2026-08-22,24,quantile,0.75,18.0
2026-08-22,wk inc covid hosp,0,2026-08-22,24,quantile,0.8,19.0
2026-08-22,wk inc covid hosp,0,2026-08-22,24,quantile,0.85,20.0
2026-08-22,wk inc covid hosp,0,2026-08-22,24,quantile,0.9,22.0
2026-08-22,wk inc covid hosp,0,2026-08-22,24,quantile,0.95,25.0
2026-08-22,wk inc covid hosp,0,2026-08-22,24,quantile,0.975,26.0
2026-08-22,wk inc covid hosp,0,2026-08-22,24,quantile,0.99,30.0
2026-08-22,wk inc covid hosp,0,2026-08-22,25,quantile,0.01,10.0
2026-08-22,wk inc covid hosp,0,2026-08-22,25,quantile,0.025,13.0
2026-08-22,wk inc covid hosp,0,2026-08-22,25,quantile,0.05,15.0
2026-08-22,wk inc covid hosp,0,2026-08-22,25,quantile,0.1,18.0
2026-08-22,wk inc covid hosp,0,2026-08-22,25,quantile,0.15,20.0
2026-08-22,wk inc covid hosp,0,2026-08-22,25,quantile,0.2,22.0
2026-08-22,wk inc covid hosp,0,2026-08-22,25,quantile,0.25,23.0
2026-08-22,wk inc covid hosp,0,2026-08-22,25,quantile,0.3,25.0
2026-08-22,wk inc covid hosp,0,2026-08-22,25,quantile,0.35,26.0
2026-08-22,wk inc covid hosp,0,2026-08-22,25,quantile,0.4,28.0
2026-08-22,wk inc covid hosp,0,2026-08-22,25,quantile,0.45,29.0
2026-08-22,wk inc covid hosp,0,2026-08-22,25,quantile,0.5,30.0
2026-08-22,wk inc covid hosp,0,2026-08-22,25,quantile,0.55,32.0
2026-08-22,wk inc covid hosp,0,2026-08-22,25,quantile,0.6,33.0
2026-08-22,wk inc covid hosp,0,2026-08-22,25,quantile,0.65,35.0
2026-08-22,wk inc covid hosp,0,2026-08-22,25,quantile,0.7,37.0
2026-08-22,wk inc covid hosp,0,2026-08-22,25,quantile,0.75,39.0
2026-08-22,wk inc covid hosp,0,2026-08-22,25,quantile,0.8,40.0
2026-08-22,wk inc covid hosp,0,2026-08-22,25,quantile,0.85,43.0
2026-08-22,wk inc covid hosp,0,2026-08-22,25,quantile,0.9,47.0
2026-08-22,wk inc covid hosp,0,2026-08-22,25,quantile,0.95,53.0
2026-08-22,wk inc covid hosp,0,2026-08-22,25,quantile,0.975,59.0
2026-08-22,wk inc covid hosp,0,2026-08-22,25,quantile,0.99,66.0
2026-08-22,wk inc covid hosp,0,2026-08-22,26,quantile,0.01,6.0
2026-08-22,wk inc covid hosp,0,2026-08-22,26,quantile,0.025,8.0
2026-08-22,wk inc covid hosp,0,2026-08-22,26,quantile,0.05,10.0
2026-08-22,wk inc covid hosp,0,2026-08-22,26,quantile,0.1,12.0
2026-08-22,wk inc covid hosp,0,2026-08-22,26,quantile,0.15,14.0
2026-08-22,wk inc covid hosp,0,2026-08-22,26,quantile,0.2,15.0
2026-08-22,wk inc covid hosp,0,2026-08-22,26,quantile,0.25,16.0
2026-08-22,wk inc covid hosp,0,2026-08-22,26,quantile,0.3,17.0
2026-08-22,wk inc covid hosp,0,2026-08-22,26,quantile,0.35,18.0
2026-08-22,wk inc covid hosp,0,2026-08-22,26,quantile,0.4,19.0
2026-08-22,wk inc covid hosp,0,2026-08-22,26,quantile,0.45,20.0
2026-08-22,wk inc covid hosp,0,2026-08-22,26,quantile,0.5,21.0
2026-08-22,wk inc covid hosp,0,2026-08-22,26,quantile,0.55,22.0
2026-08-22,wk inc covid hosp,0,2026-08-22,26,quantile,0.6,23.0
2026-08-22,wk inc covid hosp,0,2026-08-22,26,quantile,0.65,25.0
2026-08-22,wk inc covid hosp,0,2026-08-22,26,quantile,0.7,26.0
2026-08-22,wk inc covid hosp,0,2026-08-22,26,quantile,0.75,27.0
2026-08-22,wk inc covid hosp,0,2026-08-22,26,quantile,0.8,29.0
2026-08-22,wk inc covid hosp,0,2026-08-22,26,quantile,0.85,31.0
2026-08-22,wk inc covid hosp,0,2026-08-22,26,quantile,0.9,34.0
2026-08-22,wk inc covid hosp,0,2026-08-22,26,quantile,0.95,38.0
2026-08-22,wk inc covid hosp,0,2026-08-22,26,quantile,0.975,42.0
2026-08-22,wk inc covid hosp,0,2026-08-22,26,quantile,0.99,47.0
2026-08-22,wk inc covid hosp,0,2026-08-22,27,quantile,0.01,1.0
2026-08-22,wk inc covid hosp,0,2026-08-22,27,quantile,0.025,2.0
2026-08-22,wk inc covid hosp,0,2026-08-22,27,quantile,0.05,3.0
2026-08-22,wk inc covid hosp,0,2026-08-22,27,quantile,0.1,4.0
2026-08-22,wk inc covid hosp,0,2026-08-22,27,quantile,0.15,5.0
2026-08-22,wk inc covid hosp,0,2026-08-22,27,quantile,0.2,5.0
2026-08-22,wk inc covid hosp,0,2026-08-22,27,quantile,0.25,6.0
2026-08-22,wk inc covid hosp,0,2026-08-22,27,quantile,0.3,6.0
2026-08-22,wk inc covid hosp,0,2026-08-22,27,quantile,0.35,7.0
2026-08-22,wk inc covid hosp,0,2026-08-22,27,quantile,0.4,7.0
2026-08-22,wk inc covid hosp,0,2026-08-22,27,quantile,0.45,8.0
2026-08-22,wk inc covid hosp,0,2026-08-22,27,quantile,0.5,8.0
2026-08-22,wk inc covid hosp,0,2026-08-22,27,quantile,0.55,9.0
2026-08-22,wk inc covid hosp,0,2026-08-22,27,quantile,0.6,9.0
2026-08-22,wk inc covid hosp,0,2026-08-22,27,quantile,0.65,10.0
2026-08-22,wk inc covid hosp,0,2026-08-22,27,quantile,0.7,11.0
2026-08-22,wk inc covid hosp,0,2026-08-22,27,quantile,0.75,11.0
2026-08-22,wk inc covid hosp,0,2026-08-22,27,quantile,0.8,12.0
2026-08-22,wk inc covid hosp,0,2026-08-22,27,quantile,0.85,13.0
2026-08-22,wk inc covid hosp,0,2026-08-22,27,quantile,0.9,14.0
2026-08-22,wk inc covid hosp,0,2026-08-22,27,quantile,0.95,16.0
2026-08-22,wk inc covid hosp,0,2026-08-22,27,quantile,0.975,18.0
2026-08-22,wk inc covid hosp,0,2026-08-22,27,quantile,0.99,20.0
2026-08-22,wk inc covid hosp,0,2026-08-22,28,quantile,0.01,14.0
2026-08-22,wk inc covid hosp,0,2026-08-22,28,quantile,0.025,17.0
2026-08-22,wk inc covid hosp,0,2026-08-22,28,quantile,0.05,19.0
2026-08-22,wk inc covid hosp,0,2026-08-22,28,quantile,0.1,23.0
2026-08-22,wk inc covid hosp,0,2026-08-22,28,quantile,0.15,25.0
2026-08-22,wk inc covid hosp,0,2026-08-22,28,quantile,0.2,28.0
2026-08-22,wk inc covid hosp,0,2026-08-22,28,quantile,0.25,30.0
2026-08-22,wk inc covid hosp,0,2026-08-22,28,quantile,0.3,32.0
2026-08-22,wk inc covid hosp,0,2026-08-22,28,quantile,0.35,34.0
2026-08-22,wk inc covid hosp,0,2026-08-22,28,quantile,0.4,35.0
2026-08-22,wk inc covid hosp,0,2026-08-22,28,quantile,0.45,37.0
2026-08-22,wk inc covid hosp,0,2026-08-22,28,quantile,0.5,39.0
2026-08-22,wk inc covid hosp,0,2026-08-22,28,quantile,0.55,41.0
2026-08-22,wk inc covid hosp,0,2026-08-22,28,quantile,0.6,43.0
2026-08-22,wk inc covid hosp,0,2026-08-22,28,quantile,0.65,45.0
2026-08-22,wk inc covid hosp,0,2026-08-22,28,quantile,0.7,47.0
2026-08-22,wk inc covid hosp,0,2026-08-22,28,quantile,0.75,49.0
2026-08-22,wk inc covid hosp,0,2026-08-22,28,quantile,0.8,52.0
2026-08-22,wk inc covid hosp,0,2026-08-22,28,quantile,0.85,55.0
2026-08-22,wk inc covid hosp,0,2026-08-22,28,quantile,0.9,60.0
2026-08-22,wk inc covid hosp,0,2026-08-22,28,quantile,0.95,66.0
2026-08-22,wk inc covid hosp,0,2026-08-22,28,quantile,0.975,71.0
2026-08-22,wk inc covid hosp,0,2026-08-22,28,quantile,0.99,81.0
2026-08-22,wk inc covid hosp,0,2026-08-22,29,quantile,0.01,7.0
2026-08-22,wk inc covid hosp,0,2026-08-22,29,quantile,0.025,8.0
2026-08-22,wk inc covid hosp,0,2026-08-22,29,quantile,0.05,10.0
2026-08-22,wk inc covid hosp,0,2026-08-22,29,quantile,0.1,12.0
2026-08-22,wk inc covid hosp,0,2026-08-22,29,quantile,0.15,13.0
2026-08-22,wk inc covid hosp,0,2026-08-22,29,quantile,0.2,14.0
2026-08-22,wk inc covid hosp,0,2026-08-22,29,quantile,0.25,15.0
2026-08-22,wk inc covid hosp,0,2026-08-22,29,quantile,0.3,16.0
2026-08-22,wk inc covid hosp,0,2026-08-22,29,quantile,0.35,17.0
2026-08-22,wk inc covid hosp,0,2026-08-22,29,quantile,0.4,18.0
2026-08-22,wk inc covid hosp,0,2026-08-22,29,quantile,0.45,19.0
2026-08-22,wk inc covid hosp,0,2026-08-22,29,quantile,0.5,20.0
2026-08-22,wk inc covid hosp,0,2026-08-22,29,quantile,0.55,21.0
2026-08-22,wk inc covid hosp,0,2026-08-22,29,quantile,0.6,22.0
2026-08-22,wk inc covid hosp,0,2026-08-22,29,quantile,0.65,23.0
2026-08-22,wk inc covid hosp,0,2026-08-22,29,quantile,0.7,24.0
2026-08-22,wk inc covid hosp,0,2026-08-22,29,quantile,0.75,26.0
2026-08-22,wk inc covid hosp,0,2026-08-22,29,quantile,0.8,27.0
2026-08-22,wk inc covid hosp,0,2026-08-22,29,quantile,0.85,29.0
2026-08-22,wk inc covid hosp,0,2026-08-22,29,quantile,0.9,31.0
2026-08-22,wk inc covid hosp,0,2026-08-22,29,quantile,0.95,35.0
2026-08-22,wk inc covid hosp,0,2026-08-22,29,quantile,0.975,38.0
2026-08-22,wk inc covid hosp,0,2026-08-22,29,quantile,0.99,42.0
2026-08-22,wk inc covid hosp,0,2026-08-22,30,quantile,0.01,0.0
2026-08-22,wk inc covid hosp,0,2026-08-22,30,quantile,0.025,0.0
2026-08-22,wk inc covid hosp,0,2026-08-22,30,quantile,0.05,0.0
2026-08-22,wk inc covid hosp,0,2026-08-22,30,quantile,0.1,0.0
2026-08-22,wk inc covid hosp,0,2026-08-22,30,quantile,0.15,0.0
2026-08-22,wk inc covid hosp,0,2026-08-22,30,quantile,0.2,1.0
2026-08-22,wk inc covid hosp,0,2026-08-22,30,quantile,0.25,1.0
2026-08-22,wk inc covid hosp,0,2026-08-22,30,quantile,0.3,1.0
2026-08-22,wk inc covid hosp,0,2026-08-22,30,quantile,0.35,1.0
2026-08-22,wk inc covid hosp,0,2026-08-22,30,quantile,0.4,1.0
2026-08-22,wk inc covid hosp,0,2026-08-22,30,quantile,0.45,2.0
2026-08-22,wk inc covid hosp,0,2026-08-22,30,quantile,0.5,2.0
2026-08-22,wk inc covid hosp,0,2026-08-22,30,quantile,0.55,2.0
2026-08-22,wk inc covid hosp,0,2026-08-22,30,quantile,0.6,2.0
2026-08-22,wk inc covid hosp,0,2026-08-22,30,quantile,0.65,2.0
2026-08-22,wk inc covid hosp,0,2026-08-22,30,quantile,0.7,3.0
2026-08-22,wk inc covid hosp,0,2026-08-22,30,quantile,0.75,3.0
2026-08-22,wk inc covid hosp,0,2026-08-22,30,quantile,0.8,3.0
2026-08-22,wk inc covid hosp,0,2026-08-22,30,quantile,0.85,4.0
2026-08-22,wk inc covid hosp,0,2026-08-22,30,quantile,0.9,4.0
2026-08-22,wk inc covid hosp,0,2026-08-22,30,quantile,0.95,5.0
2026-08-22,wk inc covid hosp,0,2026-08-22,30,quantile,0.975,6.0
2026-08-22,wk inc covid hosp,0,2026-08-22,30,quantile,0.99,6.0
2026-08-22,wk inc covid hosp,0,2026-08-22,31,quantile,0.01,0.0
2026-08-22,wk inc covid hosp,0,2026-08-22,31,quantile,0.025,0.0
2026-08-22,wk inc covid hosp,0,2026-08-22,31,quantile,0.05,0.0
2026-08-22,wk inc covid hosp,0,2026-08-22,31,quantile,0.1,0.0
2026-08-22,wk inc covid hosp,0,2026-08-22,31,quantile,0.15,0.0
2026-08-22,wk inc covid hosp,0,2026-08-22,31,quantile,0.2,0.0
2026-08-22,wk inc covid hosp,0,2026-08-22,31,quantile,0.25,0.0
2026-08-22,wk inc covid hosp,0,2026-08-22,31,quantile,0.3,0.0
2026-08-22,wk inc covid hosp,0,2026-08-22,31,quantile,0.35,0.0
2026-08-22,wk inc covid hosp,0,2026-08-22,31,quantile,0.4,1.0
2026-08-22,wk inc covid hosp,0,2026-08-22,31,quantile,0.45,1.0
2026-08-22,wk inc covid hosp,0,2026-08-22,31,quantile,0.5,1.0
2026-08-22,wk inc covid hosp,0,2026-08-22,31,quantile,0.55,1.0
2026-08-22,wk inc covid hosp,0,2026-08-22,31,quantile,0.6,1.0
2026-08-22,wk inc covid hosp,0,2026-08-22,31,quantile,0.65,1.0
2026-08-22,wk inc covid hosp,0,2026-08-22,31,quantile,0.7,1.0
2026-08-22,wk inc covid hosp,0,2026-08-22,31,quantile,0.75,2.0
2026-08-22,wk inc covid hosp,0,2026-08-22,31,quantile,0.8,2.0
2026-08-22,wk inc covid hosp,0,2026-08-22,31,quantile,0.85,2.0
2026-08-22,wk inc covid hosp,0,2026-08-22,31,quantile,0.9,2.0
2026-08-22,wk inc covid hosp,0,2026-08-22,31,quantile,0.95,3.0
2026-08-22,wk inc covid hosp,0,2026-08-22,31,quantile,0.975,3.0
2026-08-22,wk inc covid hosp,0,2026-08-22,31,quantile,0.99,4.0
2026-08-22,wk inc covid hosp,0,2026-08-22,32,quantile,0.01,5.0
2026-08-22,wk inc covid hosp,0,2026-08-22,32,quantile,0.025,7.0
2026-08-22,wk inc covid hosp,0,2026-08-22,32,quantile,0.05,8.0
2026-08-22,wk inc covid hosp,0,2026-08-22,32,quantile,0.1,10.0
2026-08-22,wk inc covid hosp,0,2026-08-22,32,quantile,0.15,11.0
2026-08-22,wk inc covid hosp,0,2026-08-22,32,quantile,0.2,13.0
2026-08-22,wk inc covid hosp,0,2026-08-22,32,quantile,0.25,14.0
2026-08-22,wk inc covid hosp,0,2026-08-22,32,quantile,0.3,15.0
2026-08-22,wk inc covid hosp,0,2026-08-22,32,quantile,0.35,16.0
2026-08-22,wk inc covid hosp,0,2026-08-22,32,quantile,0.4,17.0
2026-08-22,wk inc covid hosp,0,2026-08-22,32,quantile,0.45,18.0
2026-08-22,wk inc covid hosp,0,2026-08-22,32,quantile,0.5,19.0
2026-08-22,wk inc covid hosp,0,2026-08-22,32,quantile,0.55,20.0
2026-08-22,wk inc covid hosp,0,2026-08-22,32,quantile,0.6,21.0
2026-08-22,wk inc covid hosp,0,2026-08-22,32,quantile,0.65,22.0
2026-08-22,wk inc covid hosp,0,2026-08-22,32,quantile,0.7,23.0
2026-08-22,wk inc covid hosp,0,2026-08-22,32,quantile,0.75,24.0
2026-08-22,wk inc covid hosp,0,2026-08-22,32,quantile,0.8,25.0
2026-08-22,wk inc covid hosp,0,2026-08-22,32,quantile,0.85,27.0
2026-08-22,wk inc covid hosp,0,2026-08-22,32,quantile,0.9,29.0
2026-08-22,wk inc covid hosp,0,2026-08-22,32,quantile,0.95,33.0
2026-08-22,wk inc covid hosp,0,2026-08-22,32,quantile,0.975,36.0
2026-08-22,wk inc covid hosp,0,2026-08-22,32,quantile,0.99,39.0
2026-08-22,wk inc covid hosp,0,2026-08-22,33,quantile,0.01,1.0
2026-08-22,wk inc covid hosp,0,2026-08-22,33,quantile,0.025,2.0
2026-08-22,wk inc covid hosp,0,2026-08-22,33,quantile,0.05,2.0
2026-08-22,wk inc covid hosp,0,2026-08-22,33,quantile,0.1,3.0
2026-08-22,wk inc covid hosp,0,2026-08-22,33,quantile,0.15,3.0
2026-08-22,wk inc covid hosp,0,2026-08-22,33,quantile,0.2,4.0
2026-08-22,wk inc covid hosp,0,2026-08-22,33,quantile,0.25,4.0
2026-08-22,wk inc covid hosp,0,2026-08-22,33,quantile,0.3,5.0
2026-08-22,wk inc covid hosp,0,2026-08-22,33,quantile,0.35,5.0
2026-08-22,wk inc covid hosp,0,2026-08-22,33,quantile,0.4,6.0
2026-08-22,wk inc covid hosp,0,2026-08-22,33,quantile,0.45,6.0
2026-08-22,wk inc covid hosp,0,2026-08-22,33,quantile,0.5,7.0
2026-08-22,wk inc covid hosp,0,2026-08-22,33,quantile,0.55,7.0
2026-08-22,wk inc covid hosp,0,2026-08-22,33,quantile,0.6,7.0
2026-08-22,wk inc covid hosp,0,2026-08-22,33,quantile,0.65,8.0
2026-08-22,wk inc covid hosp,0,2026-08-22,33,quantile,0.7,9.0
2026-08-22,wk inc covid hosp,0,2026-08-22,33,quantile,0.75,9.0
2026-08-22,wk inc covid hosp,0,2026-08-22,33,quantile,0.8,10.0
2026-08-22,wk inc covid hosp,0,2026-08-22,33,quantile,0.85,11.0
2026-08-22,wk inc covid hosp,0,2026-08-22,33,quantile,0.9,12.0
2026-08-22,wk inc covid hosp,0,2026-08-22,33,quantile,0.95,13.0
2026-08-22,wk inc covid hosp,0,2026-08-22,33,quantile,0.975,15.0
2026-08-22,wk inc covid hosp,0,2026-08-22,33,quantile,0.99,17.0
2026-08-22,wk inc covid hosp,0,2026-08-22,34,quantile,0.01,18.0
2026-08-22,wk inc covid hosp,0,2026-08-22,34,quantile,0.025,21.0
2026-08-22,wk inc covid hosp,0,2026-08-22,34,quantile,0.05,25.0
2026-08-22,wk inc covid hosp,0,2026-08-22,34,quantile,0.1,29.0
2026-08-22,wk inc covid hosp,0,2026-08-22,34,quantile,0.15,32.0
2026-08-22,wk inc covid hosp,0,2026-08-22,34,quantile,0.2,35.0
2026-08-22,wk inc covid hosp,0,2026-08-22,34,quantile,0.25,37.0
2026-08-22,wk inc covid hosp,0,2026-08-22,34,quantile,0.3,39.0
2026-08-22,wk inc covid hosp,0,2026-08-22,34,quantile,0.35,41.0
2026-08-22,wk inc covid hosp,0,2026-08-22,34,quantile,0.4,44.0
2026-08-22,wk inc covid hosp,0,2026-08-22,34,quantile,0.45,46.0
2026-08-22,wk inc covid hosp,0,2026-08-22,34,quantile,0.5,47.0
2026-08-22,wk inc covid hosp,0,2026-08-22,34,quantile,0.55,49.0
2026-08-22,wk inc covid hosp,0,2026-08-22,34,quantile,0.6,52.0
2026-08-22,wk inc covid hosp,0,2026-08-22,34,quantile,0.65,54.0
2026-08-22,wk inc covid hosp,0,2026-08-22,34,quantile,0.7,56.0
2026-08-22,wk inc covid hosp,0,2026-08-22,34,quantile,0.75,59.0
2026-08-22,wk inc covid hosp,0,2026-08-22,34,quantile,0.8,63.0
2026-08-22,wk inc covid hosp,0,2026-08-22,34,quantile,0.85,66.0
2026-08-22,wk inc covid hosp,0,2026-08-22,34,quantile,0.9,72.0
2026-08-22,wk inc covid hosp,0,2026-08-22,34,quantile,0.95,78.0
2026-08-22,wk inc covid hosp,0,2026-08-22,34,quantile,0.975,84.0
2026-08-22,wk inc covid hosp,0,2026-08-22,34,quantile,0.99,93.0
2026-08-22,wk inc covid hosp,0,2026-08-22,35,quantile,0.01,1.0
2026-08-22,wk inc covid hosp,0,2026-08-22,35,quantile,0.025,1.0
2026-08-22,wk inc covid hosp,0,2026-08-22,35,quantile,0.05,2.0
2026-08-22,wk inc covid hosp,0,2026-08-22,35,quantile,0.1,2.0
2026-08-22,wk inc covid hosp,0,2026-08-22,35,quantile,0.15,3.0
2026-08-22,wk inc covid hosp,0,2026-08-22,35,quantile,0.2,3.0
2026-08-22,wk inc covid hosp,0,2026-08-22,35,quantile,0.25,4.0
2026-08-22,wk inc covid hosp,0,2026-08-22,35,quantile,0.3,4.0
2026-08-22,wk inc covid hosp,0,2026-08-22,35,quantile,0.35,4.0
2026-08-22,wk inc covid hosp,0,2026-08-22,35,quantile,0.4,5.0
2026-08-22,wk inc covid hosp,0,2026-08-22,35,quantile,0.45,5.0
2026-08-22,wk inc covid hosp,0,2026-08-22,35,quantile,0.5,6.0
2026-08-22,wk inc covid hosp,0,2026-08-22,35,quantile,0.55,6.0
2026-08-22,wk inc covid hosp,0,2026-08-22,35,quantile,0.6,6.0
2026-08-22,wk inc covid hosp,0,2026-08-22,35,quantile,0.65,7.0
2026-08-22,wk inc covid hosp,0,2026-08-22,35,quantile,0.7,7.0
2026-08-22,wk inc covid hosp,0,2026-08-22,35,quantile,0.75,8.0
2026-08-22,wk inc covid hosp,0,2026-08-22,35,quantile,0.8,9.0
2026-08-22,wk inc covid hosp,0,2026-08-22,35,quantile,0.85,9.0
2026-08-22,wk inc covid hosp,0,2026-08-22,35,quantile,0.9,10.0
2026-08-22,wk inc covid hosp,0,2026-08-22,35,quantile,0.95,12.0
2026-08-22,wk inc covid hosp,0,2026-08-22,35,quantile,0.975,13.0
2026-08-22,wk inc covid hosp,0,2026-08-22,35,quantile,0.99,14.0
2026-08-22,wk inc covid hosp,0,2026-08-22,36,quantile,0.01,51.0
2026-08-22,wk inc covid hosp,0,2026-08-22,36,quantile,0.025,57.0
2026-08-22,wk inc covid hosp,0,2026-08-22,36,quantile,0.05,65.0
2026-08-22,wk inc covid hosp,0,2026-08-22,36,quantile,0.1,76.0
2026-08-22,wk inc covid hosp,0,2026-08-22,36,quantile,0.15,83.0
2026-08-22,wk inc covid hosp,0,2026-08-22,36,quantile,0.2,90.0
2026-08-22,wk inc covid hosp,0,2026-08-22,36,quantile,0.25,95.0
2026-08-22,wk inc covid hosp,0,2026-08-22,36,quantile,0.3,101.0
2026-08-22,wk inc covid hosp,0,2026-08-22,36,quantile,0.35,106.0
2026-08-22,wk inc covid hosp,0,2026-08-22,36,quantile,0.4,111.0
2026-08-22,wk inc covid hosp,0,2026-08-22,36,quantile,0.45,116.0
2026-08-22,wk inc covid hosp,0,2026-08-22,36,quantile,0.5,121.0
2026-08-22,wk inc covid hosp,0,2026-08-22,36,quantile,0.55,125.0
2026-08-22,wk inc covid hosp,0,2026-08-22,36,quantile,0.6,130.0
2026-08-22,wk inc covid hosp,0,2026-08-22,36,quantile,0.65,137.0
2026-08-22,wk inc covid hosp,0,2026-08-22,36,quantile,0.7,142.0
2026-08-22,wk inc covid hosp,0,2026-08-22,36,quantile,0.75,148.0
2026-08-22,wk inc covid hosp,0,2026-08-22,36,quantile,0.8,156.0
2026-08-22,wk inc covid hosp,0,2026-08-22,36,quantile,0.85,164.0
2026-08-22,wk inc covid hosp,0,2026-08-22,36,quantile,0.9,177.0
2026-08-22,wk inc covid hosp,0,2026-08-22,36,quantile,0.95,194.0
2026-08-22,wk inc covid hosp,0,2026-08-22,36,quantile,0.975,216.0
2026-08-22,wk inc covid hosp,0,2026-08-22,36,quantile,0.99,243.0
2026-08-22,wk inc covid hosp,0,2026-08-22,37,quantile,0.01,40.0
2026-08-22,wk inc covid hosp,0,2026-08-22,37,quantile,0.025,47.0
2026-08-22,wk inc covid hosp,0,2026-08-22,37,quantile,0.05,55.0
2026-08-22,wk inc covid hosp,0,2026-08-22,37,quantile,0.1,63.0
2026-08-22,wk inc covid hosp,0,2026-08-22,37,quantile,0.15,69.0
2026-08-22,wk inc covid hosp,0,2026-08-22,37,quantile,0.2,73.0
2026-08-22,wk inc covid hosp,0,2026-08-22,37,quantile,0.25,78.0
2026-08-22,wk inc covid hosp,0,2026-08-22,37,quantile,0.3,82.0
2026-08-22,wk inc covid hosp,0,2026-08-22,37,quantile,0.35,87.0
2026-08-22,wk inc covid hosp,0,2026-08-22,37,quantile,0.4,91.0
2026-08-22,wk inc covid hosp,0,2026-08-22,37,quantile,0.45,95.0
2026-08-22,wk inc covid hosp,0,2026-08-22,37,quantile,0.5,99.0
2026-08-22,wk inc covid hosp,0,2026-08-22,37,quantile,0.55,103.0
2026-08-22,wk inc covid hosp,0,2026-08-22,37,quantile,0.6,108.0
2026-08-22,wk inc covid hosp,0,2026-08-22,37,quantile,0.65,113.0
2026-08-22,wk inc covid hosp,0,2026-08-22,37,quantile,0.7,118.0
2026-08-22,wk inc covid hosp,0,2026-08-22,37,quantile,0.75,123.0
2026-08-22,wk inc covid hosp,0,2026-08-22,37,quantile,0.8,130.0
2026-08-22,wk inc covid hosp,0,2026-08-22,37,quantile,0.85,138.0
2026-08-22,wk inc covid hosp,0,2026-08-22,37,quantile,0.9,148.0
2026-08-22,wk inc covid hosp,0,2026-08-22,37,quantile,0.95,164.0
2026-08-22,wk inc covid hosp,0,2026-08-22,37,quantile,0.975,177.0
2026-08-22,wk inc covid hosp,0,2026-08-22,37,quantile,0.99,194.0
2026-08-22,wk inc covid hosp,0,2026-08-22,38,quantile,0.01,0.0
2026-08-22,wk inc covid hosp,0,2026-08-22,38,quantile,0.025,0.0
2026-08-22,wk inc covid hosp,0,2026-08-22,38,quantile,0.05,0.0
2026-08-22,wk inc covid hosp,0,2026-08-22,38,quantile,0.1,0.0
2026-08-22,wk inc covid hosp,0,2026-08-22,38,quantile,0.15,0.0
2026-08-22,wk inc covid hosp,0,2026-08-22,38,quantile,0.2,0.0
2026-08-22,wk inc covid hosp,0,2026-08-22,38,quantile,0.25,0.0
2026-08-22,wk inc covid hosp,0,2026-08-22,38,quantile,0.3,0.0
2026-08-22,wk inc covid hosp,0,2026-08-22,38,quantile,0.35,0.0
2026-08-22,wk inc covid hosp,0,2026-08-22,38,quantile,0.4,1.0
2026-08-22,wk inc covid hosp,0,2026-08-22,38,quantile,0.45,1.0
2026-08-22,wk inc covid hosp,0,2026-08-22,38,quantile,0.5,1.0
2026-08-22,wk inc covid hosp,0,2026-08-22,38,quantile,0.55,1.0
2026-08-22,wk inc covid hosp,0,2026-08-22,38,quantile,0.6,1.0
2026-08-22,wk inc covid hosp,0,2026-08-22,38,quantile,0.65,1.0
2026-08-22,wk inc covid hosp,0,2026-08-22,38,quantile,0.7,1.0
2026-08-22,wk inc covid hosp,0,2026-08-22,38,quantile,0.75,2.0
2026-08-22,wk inc covid hosp,0,2026-08-22,38,quantile,0.8,2.0
2026-08-22,wk inc covid hosp,0,2026-08-22,38,quantile,0.85,2.0
2026-08-22,wk inc covid hosp,0,2026-08-22,38,quantile,0.9,2.0
2026-08-22,wk inc covid hosp,0,2026-08-22,38,quantile,0.95,3.0
2026-08-22,wk inc covid hosp,0,2026-08-22,38,quantile,0.975,4.0
2026-08-22,wk inc covid hosp,0,2026-08-22,38,quantile,0.99,4.0
2026-08-22,wk inc covid hosp,0,2026-08-22,39,quantile,0.01,13.0
2026-08-22,wk inc covid hosp,0,2026-08-22,39,quantile,0.025,16.0
2026-08-22,wk inc covid hosp,0,2026-08-22,39,quantile,0.05,18.0
2026-08-22,wk inc covid hosp,0,2026-08-22,39,quantile,0.1,22.0
2026-08-22,wk inc covid hosp,0,2026-08-22,39,quantile,0.15,24.0
2026-08-22,wk inc covid hosp,0,2026-08-22,39,quantile,0.2,26.0
2026-08-22,wk inc covid hosp,0,2026-08-22,39,quantile,0.25,28.0
2026-08-22,wk inc covid hosp,0,2026-08-22,39,quantile,0.3,29.0
2026-08-22,wk inc covid hosp,0,2026-08-22,39,quantile,0.35,31.0
2026-08-22,wk inc covid hosp,0,2026-08-22,39,quantile,0.4,32.0
2026-08-22,wk inc covid hosp,0,2026-08-22,39,quantile,0.45,34.0
2026-08-22,wk inc covid hosp,0,2026-08-22,39,quantile,0.5,36.0
2026-08-22,wk inc covid hosp,0,2026-08-22,39,quantile,0.55,37.0
2026-08-22,wk inc covid hosp,0,2026-08-22,39,quantile,0.6,39.0
2026-08-22,wk inc covid hosp,0,2026-08-22,39,quantile,0.65,41.0
2026-08-22,wk inc covid hosp,0,2026-08-22,39,quantile,0.7,44.0
2026-08-22,wk inc covid hosp,0,2026-08-22,39,quantile,0.75,46.0
2026-08-22,wk inc covid hosp,0,2026-08-22,39,quantile,0.8,48.0
2026-08-22,wk inc covid hosp,0,2026-08-22,39,quantile,0.85,50.0
2026-08-22,wk inc covid hosp,0,2026-08-22,39,quantile,0.9,54.0
2026-08-22,wk inc covid hosp,0,2026-08-22,39,quantile,0.95,62.0
2026-08-22,wk inc covid hosp,0,2026-08-22,39,quantile,0.975,67.0
2026-08-22,wk inc covid hosp,0,2026-08-22,39,quantile,0.99,76.0
2026-08-22,wk inc covid hosp,0,2026-08-22,40,quantile,0.01,1.0
2026-08-22,wk inc covid hosp,0,2026-08-22,40,quantile,0.025,1.0
2026-08-22,wk inc covid hosp,0,2026-08-22,40,quantile,0.05,2.0
2026-08-22,wk inc covid hosp,0,2026-08-22,40,quantile,0.1,2.0
2026-08-22,wk inc covid hosp,0,2026-08-22,40,quantile,0.15,3.0
2026-08-22,wk inc covid hosp,0,2026-08-22,40,quantile,0.2,3.0
2026-08-22,wk inc covid hosp,0,2026-08-22,40,quantile,0.25,4.0
2026-08-22,wk inc covid hosp,0,2026-08-22,40,quantile,0.3,4.0
2026-08-22,wk inc covid hosp,0,2026-08-22,40,quantile,0.35,4.0
2026-08-22,wk inc covid hosp,0,2026-08-22,40,quantile,0.4,5.0
2026-08-22,wk inc covid hosp,0,2026-08-22,40,quantile,0.45,5.0
2026-08-22,wk inc covid hosp,0,2026-08-22,40,quantile,0.5,6.0
2026-08-22,wk inc covid hosp,0,2026-08-22,40,quantile,0.55,6.0
2026-08-22,wk inc covid hosp,0,2026-08-22,40,quantile,0.6,6.0
2026-08-22,wk inc covid hosp,0,2026-08-22,40,quantile,0.65,7.0
2026-08-22,wk inc covid hosp,0,2026-08-22,40,quantile,0.7,7.0
2026-08-22,wk inc covid hosp,0,2026-08-22,40,quantile,0.75,8.0
2026-08-22,wk inc covid hosp,0,2026-08-22,40,quantile,0.8,9.0
2026-08-22,wk inc covid hosp,0,2026-08-22,40,quantile,0.85,9.0
2026-08-22,wk inc covid hosp,0,2026-08-22,40,quantile,0.9,10.0
2026-08-22,wk inc covid hosp,0,2026-08-22,40,quantile,0.95,12.0
2026-08-22,wk inc covid hosp,0,2026-08-22,40,quantile,0.975,13.0
2026-08-22,wk inc covid hosp,0,2026-08-22,40,quantile,0.99,15.0
2026-08-22,wk inc covid hosp,0,2026-08-22,41,quantile,0.01,2.0
2026-08-22,wk inc covid hosp,0,2026-08-22,41,quantile,0.025,3.0
2026-08-22,wk inc covid hosp,0,2026-08-22,41,quantile,0.05,3.0
2026-08-22,wk inc covid hosp,0,2026-08-22,41,quantile,0.1,4.0
2026-08-22,wk inc covid hosp,0,2026-08-22,41,quantile,0.15,5.0
2026-08-22,wk inc covid hosp,0,2026-08-22,41,quantile,0.2,5.0
2026-08-22,wk inc covid hosp,0,2026-08-22,41,quantile,0.25,6.0
2026-08-22,wk inc covid hosp,0,2026-08-22,41,quantile,0.3,7.0
2026-08-22,wk inc covid hosp,0,2026-08-22,41,quantile,0.35,7.0
2026-08-22,wk inc covid hosp,0,2026-08-22,41,quantile,0.4,7.0
2026-08-22,wk inc covid hosp,0,2026-08-22,41,quantile,0.45,8.0
2026-08-22,wk inc covid hosp,0,2026-08-22,41,quantile,0.5,8.0
2026-08-22,wk inc covid hosp,0,2026-08-22,41,quantile,0.55,9.0
2026-08-22,wk inc covid hosp,0,2026-08-22,41,quantile,0.6,9.0
2026-08-22,wk inc covid hosp,0,2026-08-22,41,quantile,0.65,10.0
2026-08-22,wk inc covid hosp,0,2026-08-22,41,quantile,0.7,11.0
2026-08-22,wk inc covid hosp,0,2026-08-22,41,quantile,0.75,12.0
2026-08-22,wk inc covid hosp,0,2026-08-22,41,quantile,0.8,12.0
2026-08-22,wk inc covid hosp,0,2026-08-22,41,quantile,0.85,13.0
2026-08-22,wk inc covid hosp,0,2026-08-22,41,quantile,0.9,14.0
2026-08-22,wk inc covid hosp,0,2026-08-22,41,quantile,0.95,17.0
2026-08-22,wk inc covid hosp,0,2026-08-22,41,quantile,0.975,19.0
2026-08-22,wk inc covid hosp,0,2026-08-22,41,quantile,0.99,22.0
2026-08-22,wk inc covid hosp,0,2026-08-22,42,quantile,0.01,23.0
2026-08-22,wk inc covid hosp,0,2026-08-22,42,quantile,0.025,27.0
2026-08-22,wk inc covid hosp,0,2026-08-22,42,quantile,0.05,31.0
2026-08-22,wk inc covid hosp,0,2026-08-22,42,quantile,0.1,36.0
2026-08-22,wk inc covid hosp,0,2026-08-22,42,quantile,0.15,40.0
2026-08-22,wk inc covid hosp,0,2026-08-22,42,quantile,0.2,43.0
2026-08-22,wk inc covid hosp,0,2026-08-22,42,quantile,0.25,46.0
2026-08-22,wk inc covid hosp,0,2026-08-22,42,quantile,0.3,48.0
2026-08-22,wk inc covid hosp,0,2026-08-22,42,quantile,0.35,51.0
2026-08-22,wk inc covid hosp,0,2026-08-22,42,quantile,0.4,54.0
2026-08-22,wk inc covid hosp,0,2026-08-22,42,quantile,0.45,56.0
2026-08-22,wk inc covid hosp,0,2026-08-22,42,quantile,0.5,59.0
2026-08-22,wk inc covid hosp,0,2026-08-22,42,quantile,0.55,61.0
2026-08-22,wk inc covid hosp,0,2026-08-22,42,quantile,0.6,64.0
2026-08-22,wk inc covid hosp,0,2026-08-22,42,quantile,0.65,67.0
2026-08-22,wk inc covid hosp,0,2026-08-22,42,quantile,0.7,69.0
2026-08-22,wk inc covid hosp,0,2026-08-22,42,quantile,0.75,73.0
2026-08-22,wk inc covid hosp,0,2026-08-22,42,quantile,0.8,77.0
2026-08-22,wk inc covid hosp,0,2026-08-22,42,quantile,0.85,81.0
2026-08-22,wk inc covid hosp,0,2026-08-22,42,quantile,0.9,87.0
2026-08-22,wk inc covid hosp,0,2026-08-22,42,quantile,0.95,96.0
2026-08-22,wk inc covid hosp,0,2026-08-22,42,quantile,0.975,105.0
2026-08-22,wk inc covid hosp,0,2026-08-22,42,quantile,0.99,118.0
2026-08-22,wk inc covid hosp,0,2026-08-22,44,quantile,0.01,2.0
2026-08-22,wk inc covid hosp,0,2026-08-22,44,quantile,0.025,2.0
2026-08-22,wk inc covid hosp,0,2026-08-22,44,quantile,0.05,3.0
2026-08-22,wk inc covid hosp,0,2026-08-22,44,quantile,0.1,4.0
2026-08-22,wk inc covid hosp,0,2026-08-22,44,quantile,0.15,5.0
2026-08-22,wk inc covid hosp,0,2026-08-22,44,quantile,0.2,5.0
2026-08-22,wk inc covid hosp,0,2026-08-22,44,quantile,0.25,6.0
2026-08-22,wk inc covid hosp,0,2026-08-22,44,quantile,0.3,7.0
2026-08-22,wk inc covid hosp,0,2026-08-22,44,quantile,0.35,7.0
2026-08-22,wk inc covid hosp,0,2026-08-22,44,quantile,0.4,7.0
2026-08-22,wk inc covid hosp,0,2026-08-22,44,quantile,0.45,8.0
2026-08-22,wk inc covid hosp,0,2026-08-22,44,quantile,0.5,9.0
2026-08-22,wk inc covid hosp,0,2026-08-22,44,quantile,0.55,9.0
2026-08-22,wk inc covid hosp,0,2026-08-22,44,quantile,0.6,10.0
2026-08-22,wk inc covid hosp,0,2026-08-22,44,quantile,0.65,10.0
2026-08-22,wk inc covid hosp,0,2026-08-22,44,quantile,0.7,11.0
2026-08-22,wk inc covid hosp,0,2026-08-22,44,quantile,0.75,11.0
2026-08-22,wk inc covid hosp,0,2026-08-22,44,quantile,0.8,12.0
2026-08-22,wk inc covid hosp,0,2026-08-22,44,quantile,0.85,13.0
2026-08-22,wk inc covid hosp,0,2026-08-22,44,quantile,0.9,14.0
2026-08-22,wk inc covid hosp,0,2026-08-22,44,quantile,0.95,16.0
2026-08-22,wk inc covid hosp,0,2026-08-22,44,quantile,0.975,18.0
2026-08-22,wk inc covid hosp,0,2026-08-22,44,quantile,0.99,21.0
2026-08-22,wk inc covid hosp,0,2026-08-22,45,quantile,0.01,8.0
2026-08-22,wk inc covid hosp,0,2026-08-22,45,quantile,0.025,9.0
2026-08-22,wk inc covid hosp,0,2026-08-22,45,quantile,0.05,11.0
2026-08-22,wk inc covid hosp,0,2026-08-22,45,quantile,0.1,13.0
2026-08-22,wk inc covid hosp,0,2026-08-22,45,quantile,0.15,15.0
2026-08-22,wk inc covid hosp,0,2026-08-22,45,quantile,0.2,16.0
2026-08-22,wk inc covid hosp,0,2026-08-22,45,quantile,0.25,18.0
2026-08-22,wk inc covid hosp,0,2026-08-22,45,quantile,0.3,19.0
2026-08-22,wk inc covid hosp,0,2026-08-22,45,quantile,0.35,20.0
2026-08-22,wk inc covid hosp,0,2026-08-22,45,quantile,0.4,22.0
2026-08-22,wk inc covid hosp,0,2026-08-22,45,quantile,0.45,23.0
2026-08-22,wk inc covid hosp,0,2026-08-22,45,quantile,0.5,24.0
2026-08-22,wk inc covid hosp,0,2026-08-22,45,quantile,0.55,25.0
2026-08-22,wk inc covid hosp,0,2026-08-22,45,quantile,0.6,26.0
2026-08-22,wk inc covid hosp,0,2026-08-22,45,quantile,0.65,28.0
2026-08-22,wk inc covid hosp,0,2026-08-22,45,quantile,0.7,29.0
2026-08-22,wk inc covid hosp,0,2026-08-22,45,quantile,0.75,31.0
2026-08-22,wk inc covid hosp,0,2026-08-22,45,quantile,0.8,33.0
2026-08-22,wk inc covid hosp,0,2026-08-22,45,quantile,0.85,35.0
2026-08-22,wk inc covid hosp,0,2026-08-22,45,quantile,0.9,38.0
2026-08-22,wk inc covid hosp,0,2026-08-22,45,quantile,0.95,42.0
2026-08-22,wk inc covid hosp,0,2026-08-22,45,quantile,0.975,45.0
2026-08-22,wk inc covid hosp,0,2026-08-22,45,quantile,0.99,52.0
2026-08-22,wk inc covid hosp,0,2026-08-22,46,quantile,0.01,0.0
2026-08-22,wk inc covid hosp,0,2026-08-22,46,quantile,0.025,0.0
2026-08-22,wk inc covid hosp,0,2026-08-22,46,quantile,0.05,0.0
2026-08-22,wk inc covid hosp,0,2026-08-22,46,quantile,0.1,0.0
2026-08-22,wk inc covid hosp,0,2026-08-22,46,quantile,0.15,0.0
2026-08-22,wk inc covid hosp,0,2026-08-22,46,quantile,0.2,1.0
2026-08-22,wk inc covid hosp,0,2026-08-22,46,quantile,0.25,1.0
2026-08-22,wk inc covid hosp,0,2026-08-22,46,quantile,0.3,1.0
2026-08-22,wk inc covid hosp,0,2026-08-22,46,quantile,0.35,1.0
2026-08-22,wk inc covid hosp,0,2026-08-22,46,quantile,0.4,1.0
2026-08-22,wk inc covid hosp,0,2026-08-22,46,quantile,0.45,2.0
2026-08-22,wk inc covid hosp,0,2026-08-22,46,quantile,0.5,2.0
2026-08-22,wk inc covid hosp,0,2026-08-22,46,quantile,0.55,2.0
2026-08-22,wk inc covid hosp,0,2026-08-22,46,quantile,0.6,2.0
2026-08-22,wk inc covid hosp,0,2026-08-22,46,quantile,0.65,2.0
2026-08-22,wk inc covid hosp,0,2026-08-22,46,quantile,0.7,3.0
2026-08-22,wk inc covid hosp,0,2026-08-22,46,quantile,0.75,3.0
2026-08-22,wk inc covid hosp,0,2026-08-22,46,quantile,0.8,3.0
2026-08-22,wk inc covid hosp,0,2026-08-22,46,quantile,0.85,4.0
2026-08-22,wk inc covid hosp,0,2026-08-22,46,quantile,0.9,4.0
2026-08-22,wk inc covid hosp,0,2026-08-22,46,quantile,0.95,5.0
2026-08-22,wk inc covid hosp,0,2026-08-22,46,quantile,0.975,6.0
2026-08-22,wk inc covid hosp,0,2026-08-22,46,quantile,0.99,6.0
2026-08-22,wk inc covid hosp,0,2026-08-22,47,quantile,0.01,14.0
2026-08-22,wk inc covid hosp,0,2026-08-22,47,quantile,0.025,18.0
2026-08-22,wk inc covid hosp,0,2026-08-22,47,quantile,0.05,20.0
2026-08-22,wk inc covid hosp,0,2026-08-22,47,quantile,0.1,24.0
2026-08-22,wk inc covid hosp,0,2026-08-22,47,quantile,0.15,27.0
2026-08-22,wk inc covid hosp,0,2026-08-22,47,quantile,0.2,29.0
2026-08-22,wk inc covid hosp,0,2026-08-22,47,quantile,0.25,31.0
2026-08-22,wk inc covid hosp,0,2026-08-22,47,quantile,0.3,33.0
2026-08-22,wk inc covid hosp,0,2026-08-22,47,quantile,0.35,35.0
2026-08-22,wk inc covid hosp,0,2026-08-22,47,quantile,0.4,37.0
2026-08-22,wk inc covid hosp,0,2026-08-22,47,quantile,0.45,39.0
2026-08-22,wk inc covid hosp,0,2026-08-22,47,quantile,0.5,40.0
2026-08-22,wk inc covid hosp,0,2026-08-22,47,quantile,0.55,42.0
2026-08-22,wk inc covid hosp,0,2026-08-22,47,quantile,0.6,44.0
2026-08-22,wk inc covid hosp,0,2026-08-22,47,quantile,0.65,47.0
2026-08-22,wk inc covid hosp,0,2026-08-22,47,quantile,0.7,49.0
2026-08-22,wk inc covid hosp,0,2026-08-22,47,quantile,0.75,51.0
2026-08-22,wk inc covid hosp,0,2026-08-22,47,quantile,0.8,54.0
2026-08-22,wk inc covid hosp,0,2026-08-22,47,quantile,0.85,57.0
2026-08-22,wk inc covid hosp,0,2026-08-22,47,quantile,0.9,62.0
2026-08-22,wk inc covid hosp,0,2026-08-22,47,quantile,0.95,68.0
2026-08-22,wk inc covid hosp,0,2026-08-22,47,quantile,0.975,73.0
2026-08-22,wk inc covid hosp,0,2026-08-22,47,quantile,0.99,80.0
2026-08-22,wk inc covid hosp,0,2026-08-22,48,quantile,0.01,115.0
2026-08-22,wk inc covid hosp,0,2026-08-22,48,quantile,0.025,131.0
2026-08-22,wk inc covid hosp,0,2026-08-22,48,quantile,0.05,148.0
2026-08-22,wk inc covid hosp,0,2026-08-22,48,quantile,0.1,170.0
2026-08-22,wk inc covid hosp,0,2026-08-22,48,quantile,0.15,186.0
2026-08-22,wk inc covid hosp,0,2026-08-22,48,quantile,0.2,200.0
2026-08-22,wk inc covid hosp,0,2026-08-22,48,quantile,0.25,211.0
2026-08-22,wk inc covid hosp,0,2026-08-22,48,quantile,0.3,222.0
2026-08-22,wk inc covid hosp,0,2026-08-22,48,quantile,0.35,235.0
2026-08-22,wk inc covid hosp,0,2026-08-22,48,quantile,0.4,249.0
2026-08-22,wk inc covid hosp,0,2026-08-22,48,quantile,0.45,261.0
2026-08-22,wk inc covid hosp,0,2026-08-22,48,quantile,0.5,271.0
2026-08-22,wk inc covid hosp,0,2026-08-22,48,quantile,0.55,281.0
2026-08-22,wk inc covid hosp,0,2026-08-22,48,quantile,0.6,292.0
2026-08-22,wk inc covid hosp,0,2026-08-22,48,quantile,0.65,304.0
2026-08-22,wk inc covid hosp,0,2026-08-22,48,quantile,0.7,318.0
2026-08-22,wk inc covid hosp,0,2026-08-22,48,quantile,0.75,334.0
2026-08-22,wk inc covid hosp,0,2026-08-22,48,quantile,0.8,352.0
2026-08-22,wk inc covid hosp,0,2026-08-22,48,quantile,0.85,377.0
2026-08-22,wk inc covid hosp,0,2026-08-22,48,quantile,0.9,404.0
2026-08-22,wk inc covid hosp,0,2026-08-22,48,quantile,0.95,447.0
2026-08-22,wk inc covid hosp,0,2026-08-22,48,quantile,0.975,485.0
2026-08-22,wk inc covid hosp,0,2026-08-22,48,quantile,0.99,521.0
2026-08-22,wk inc covid hosp,0,2026-08-22,49,quantile,0.01,0.0
2026-08-22,wk inc covid hosp,0,2026-08-22,49,quantile,0.025,0.0
2026-08-22,wk inc covid hosp,0,2026-08-22,49,quantile,0.05,1.0
2026-08-22,wk inc covid hosp,0,2026-08-22,49,quantile,0.1,1.0
2026-08-22,wk inc covid hosp,0,2026-08-22,49,quantile,0.15,2.0
2026-08-22,wk inc covid hosp,0,2026-08-22,49,quantile,0.2,2.0
2026-08-22,wk inc covid hosp,0,2026-08-22,49,quantile,0.25,2.0
2026-08-22,wk inc covid hosp,0,2026-08-22,49,quantile,0.3,3.0
2026-08-22,wk inc covid hosp,0,2026-08-22,49,quantile,0.35,3.0
2026-08-22,wk inc covid hosp,0,2026-08-22,49,quantile,0.4,3.0
2026-08-22,wk inc covid hosp,0,2026-08-22,49,quantile,0.45,3.0
2026-08-22,wk inc covid hosp,0,2026-08-22,49,quantile,0.5,4.0
2026-08-22,wk inc covid hosp,0,2026-08-22,49,quantile,0.55,4.0
2026-08-22,wk inc covid hosp,0,2026-08-22,49,quantile,0.6,4.0
2026-08-22,wk inc covid hosp,0,2026-08-22,49,quantile,0.65,5.0
2026-08-22,wk inc covid hosp,0,2026-08-22,49,quantile,0.7,5.0
2026-08-22,wk inc covid hosp,0,2026-08-22,49,quantile,0.75,5.0
2026-08-22,wk inc covid hosp,0,2026-08-22,49,quantile,0.8,6.0
2026-08-22,wk inc covid hosp,0,2026-08-22,49,quantile,0.85,6.0
2026-08-22,wk inc covid hosp,0,2026-08-22,49,quantile,0.9,7.0
2026-08-22,wk inc covid hosp,0,2026-08-22,49,quantile,0.95,8.0
2026-08-22,wk inc covid hosp,0,2026-08-22,49,quantile,0.975,9.0
2026-08-22,wk inc covid hosp,0,2026-08-22,49,quantile,0.99,10.0
2026-08-22,wk inc covid hosp,0,2026-08-22,50,quantile,0.01,0.0
2026-08-22,wk inc covid hosp,0,2026-08-22,50,quantile,0.025,0.0
2026-08-22,wk inc covid hosp,0,2026-08-22,50,quantile,0.05,0.0
2026-08-22,wk inc covid hosp,0,2026-08-22,50,quantile,0.1,0.0
2026-08-22,wk inc covid hosp,0,2026-08-22,50,quantile,0.15,0.0
2026-08-22,wk inc covid hosp,0,2026-08-22,50,quantile,0.2,0.0
2026-08-22,wk inc covid hosp,0,2026-08-22,50,quantile,0.25,0.0
2026-08-22,wk inc covid hosp,0,2026-08-22,50,quantile,0.3,0.0
2026-08-22,wk inc covid hosp,0,2026-08-22,50,quantile,0.35,0.0
2026-08-22,wk inc covid hosp,0,2026-08-22,50,quantile,0.4,1.0
2026-08-22,wk inc covid hosp,0,2026-08-22,50,quantile,0.45,1.0
2026-08-22,wk inc covid hosp,0,2026-08-22,50,quantile,0.5,1.0
2026-08-22,wk inc covid hosp,0,2026-08-22,50,quantile,0.55,1.0
2026-08-22,wk inc covid hosp,0,2026-08-22,50,quantile,0.6,1.0
2026-08-22,wk inc covid hosp,0,2026-08-22,50,quantile,0.65,1.0
2026-08-22,wk inc covid hosp,0,2026-08-22,50,quantile,0.7,1.0
2026-08-22,wk inc covid hosp,0,2026-08-22,50,quantile,0.75,2.0
2026-08-22,wk inc covid hosp,0,2026-08-22,50,quantile,0.8,2.0
2026-08-22,wk inc covid hosp,0,2026-08-22,50,quantile,0.85,2.0
2026-08-22,wk inc covid hosp,0,2026-08-22,50,quantile,0.9,2.0
2026-08-22,wk inc covid hosp,0,2026-08-22,50,quantile,0.95,3.0
2026-08-22,wk inc covid hosp,0,2026-08-22,50,quantile,0.975,4.0
2026-08-22,wk inc covid hosp,0,2026-08-22,50,quantile,0.99,4.0
2026-08-22,wk inc covid hosp,0,2026-08-22,51,quantile,0.01,5.0
2026-08-22,wk inc covid hosp,0,2026-08-22,51,quantile,0.025,7.0
2026-08-22,wk inc covid hosp,0,2026-08-22,51,quantile,0.05,8.0
2026-08-22,wk inc covid hosp,0,2026-08-22,51,quantile,0.1,10.0
2026-08-22,wk inc covid hosp,0,2026-08-22,51,quantile,0.15,12.0
2026-08-22,wk inc covid hosp,0,2026-08-22,51,quantile,0.2,13.0
2026-08-22,wk inc covid hosp,0,2026-08-22,51,quantile,0.25,14.0
2026-08-22,wk inc covid hosp,0,2026-08-22,51,quantile,0.3,15.0
2026-08-22,wk inc covid hosp,0,2026-08-22,51,quantile,0.35,16.0
2026-08-22,wk inc covid hosp,0,2026-08-22,51,quantile,0.4,17.0
2026-08-22,wk inc covid hosp,0,2026-08-22,51,quantile,0.45,18.0
2026-08-22,wk inc covid hosp,0,2026-08-22,51,quantile,0.5,19.0
2026-08-22,wk inc covid hosp,0,2026-08-22,51,quantile,0.55,19.0
2026-08-22,wk inc covid hosp,0,2026-08-22,51,quantile,0.6,20.0
2026-08-22,wk inc covid hosp,0,2026-08-22,51,quantile,0.65,22.0
2026-08-22,wk inc covid hosp,0,2026-08-22,51,quantile,0.7,23.0
2026-08-22,wk inc covid hosp,0,2026-08-22,51,quantile,0.75,24.0
2026-08-22,wk inc covid hosp,0,2026-08-22,51,quantile,0.8,25.0
2026-08-22,wk inc covid hosp,0,2026-08-22,51,quantile,0.85,27.0
2026-08-22,wk inc covid hosp,0,2026-08-22,51,quantile,0.9,29.0
2026-08-22,wk inc covid hosp,0,2026-08-22,51,quantile,0.95,32.0
2026-08-22,wk inc covid hosp,0,2026-08-22,51,quantile,0.975,37.0
2026-08-22,wk inc covid hosp,0,2026-08-22,51,quantile,0.99,39.0
2026-08-22,wk inc covid hosp,0,2026-08-22,53,quantile,0.01,16.0
2026-08-22,wk inc covid hosp,0,2026-08-22,53,quantile,0.025,19.0
2026-08-22,wk inc covid hosp,0,2026-08-22,53,quantile,0.05,22.0
2026-08-22,wk inc covid hosp,0,2026-08-22,53,quantile,0.1,26.0
2026-08-22,wk inc covid hosp,0,2026-08-22,53,quantile,0.15,30.0
2026-08-22,wk inc covid hosp,0,2026-08-22,53,quantile,0.2,32.0
2026-08-22,wk inc covid hosp,0,2026-08-22,53,quantile,0.25,34.0
2026-08-22,wk inc covid hosp,0,2026-08-22,53,quantile,0.3,36.0
2026-08-22,wk inc covid hosp,0,2026-08-22,53,quantile,0.35,38.0
2026-08-22,wk inc covid hosp,0,2026-08-22,53,quantile,0.4,40.0
2026-08-22,wk inc covid hosp,0,2026-08-22,53,quantile,0.45,42.0
2026-08-22,wk inc covid hosp,0,2026-08-22,53,quantile,0.5,44.0
2026-08-22,wk inc covid hosp,0,2026-08-22,53,quantile,0.55,46.0
2026-08-22,wk inc covid hosp,0,2026-08-22,53,quantile,0.6,48.0
2026-08-22,wk inc covid hosp,0,2026-08-22,53,quantile,0.65,50.0
2026-08-22,wk inc covid hosp,0,2026-08-22,53,quantile,0.7,52.0
2026-08-22,wk inc covid hosp,0,2026-08-22,53,quantile,0.75,55.0
2026-08-22,wk inc covid hosp,0,2026-08-22,53,quantile,0.8,58.0
2026-08-22,wk inc covid hosp,0,2026-08-22,53,quantile,0.85,61.0
2026-08-22,wk inc covid hosp,0,2026-08-22,53,quantile,0.9,66.0
2026-08-22,wk inc covid hosp,0,2026-08-22,53,quantile,0.95,73.0
2026-08-22,wk inc covid hosp,0,2026-08-22,53,quantile,0.975,82.0
2026-08-22,wk inc covid hosp,0,2026-08-22,53,quantile,0.99,91.0
2026-08-22,wk inc covid hosp,0,2026-08-22,54,quantile,0.01,0.0
2026-08-22,wk inc covid hosp,0,2026-08-22,54,quantile,0.025,1.0
2026-08-22,wk inc covid hosp,0,2026-08-22,54,quantile,0.05,1.0
2026-08-22,wk inc covid hosp,0,2026-08-22,54,quantile,0.1,2.0
2026-08-22,wk inc covid hosp,0,2026-08-22,54,quantile,0.15,2.0
2026-08-22,wk inc covid hosp,0,2026-08-22,54,quantile,0.2,3.0
2026-08-22,wk inc covid hosp,0,2026-08-22,54,quantile,0.25,3.0
2026-08-22,wk inc covid hosp,0,2026-08-22,54,quantile,0.3,3.0
2026-08-22,wk inc covid hosp,0,2026-08-22,54,quantile,0.35,4.0
2026-08-22,wk inc covid hosp,0,2026-08-22,54,quantile,0.4,4.0
2026-08-22,wk inc covid hosp,0,2026-08-22,54,quantile,0.45,4.0
2026-08-22,wk inc covid hosp,0,2026-08-22,54,quantile,0.5,5.0
2026-08-22,wk inc covid hosp,0,2026-08-22,54,quantile,0.55,5.0
2026-08-22,wk inc covid hosp,0,2026-08-22,54,quantile,0.6,5.0
2026-08-22,wk inc covid hosp,0,2026-08-22,54,quantile,0.65,6.0
2026-08-22,wk inc covid hosp,0,2026-08-22,54,quantile,0.7,6.0
2026-08-22,wk inc covid hosp,0,2026-08-22,54,quantile,0.75,7.0
2026-08-22,wk inc covid hosp,0,2026-08-22,54,quantile,0.8,7.0
2026-08-22,wk inc covid hosp,0,2026-08-22,54,quantile,0.85,8.0
2026-08-22,wk inc covid hosp,0,2026-08-22,54,quantile,0.9,9.0
2026-08-22,wk inc covid hosp,0,2026-08-22,54,quantile,0.95,10.0
2026-08-22,wk inc covid hosp,0,2026-08-22,54,quantile,0.975,12.0
2026-08-22,wk inc covid hosp,0,2026-08-22,54,quantile,0.99,13.0
2026-08-22,wk inc covid hosp,0,2026-08-22,55,quantile,0.01,1.0
2026-08-22,wk inc covid hosp,0,2026-08-22,55,quantile,0.025,2.0
2026-08-22,wk inc covid hosp,0,2026-08-22,55,quantile,0.05,2.0
2026-08-22,wk inc covid hosp,0,2026-08-22,55,quantile,0.1,3.0
2026-08-22,wk inc covid hosp,0,2026-08-22,55,quantile,0.15,3.0
2026-08-22,wk inc covid hosp,0,2026-08-22,55,quantile,0.2,4.0
2026-08-22,wk inc covid hosp,0,2026-08-22,55,quantile,0.25,4.0
2026-08-22,wk inc covid hosp,0,2026-08-22,55,quantile,0.3,5.0
2026-08-22,wk inc covid hosp,0,2026-08-22,55,quantile,0.35,5.0
2026-08-22,wk inc covid hosp,0,2026-08-22,55,quantile,0.4,6.0
2026-08-22,wk inc covid hosp,0,2026-08-22,55,quantile,0.45,6.0
2026-08-22,wk inc covid hosp,0,2026-08-22,55,quantile,0.5,7.0
2026-08-22,wk inc covid hosp,0,2026-08-22,55,quantile,0.55,7.0
2026-08-22,wk inc covid hosp,0,2026-08-22,55,quantile,0.6,8.0
2026-08-22,wk inc covid hosp,0,2026-08-22,55,quantile,0.65,8.0
2026-08-22,wk inc covid hosp,0,2026-08-22,55,quantile,0.7,9.0
2026-08-22,wk inc covid hosp,0,2026-08-22,55,quantile,0.75,9.0
2026-08-22,wk inc covid hosp,0,2026-08-22,55,quantile,0.8,10.0
2026-08-22,wk inc covid hosp,0,2026-08-22,55,quantile,0.85,11.0
2026-08-22,wk inc covid hosp,0,2026-08-22,55,quantile,0.9,12.0
2026-08-22,wk inc covid hosp,0,2026-08-22,55,quantile,0.95,14.0
2026-08-22,wk inc covid hosp,0,2026-08-22,55,quantile,0.975,15.0
2026-08-22,wk inc covid hosp,0,2026-08-22,55,quantile,0.99,17.0
2026-08-22,wk inc covid hosp,0,2026-08-22,56,quantile,0.01,0.0
2026-08-22,wk inc covid hosp,0,2026-08-22,56,quantile,0.025,0.0
2026-08-22,wk inc covid hosp,0,2026-08-22,56,quantile,0.05,0.0
2026-08-22,wk inc covid hosp,0,2026-08-22,56,quantile,0.1,0.0
2026-08-22,wk inc covid hosp,0,2026-08-22,56,quantile,0.15,0.0
2026-08-22,wk inc covid hosp,0,2026-08-22,56,quantile,0.2,1.0
2026-08-22,wk inc covid hosp,0,2026-08-22,56,quantile,0.25,1.0
2026-08-22,wk inc covid hosp,0,2026-08-22,56,quantile,0.3,1.0
2026-08-22,wk inc covid hosp,0,2026-08-22,56,quantile,0.35,1.0
2026-08-22,wk inc covid hosp,0,2026-08-22,56,quantile,0.4,1.0
2026-08-22,wk inc covid hosp,0,2026-08-22,56,quantile,0.45,2.0
2026-08-22,wk inc covid hosp,0,2026-08-22,56,quantile,0.5,2.0
2026-08-22,wk inc covid hosp,0,2026-08-22,56,quantile,0.55,2.0
2026-08-22,wk inc covid hosp,0,2026-08-22,56,quantile,0.6,2.0
2026-08-22,wk inc covid hosp,0,2026-08-22,56,quantile,0.65,2.0
2026-08-22,wk inc covid hosp,0,2026-08-22,56,quantile,0.7,3.0
2026-08-22,wk inc covid hosp,0,2026-08-22,56,quantile,0.75,3.0
2026-08-22,wk inc covid hosp,0,2026-08-22,56,quantile,0.8,3.0
2026-08-22,wk inc covid hosp,0,2026-08-22,56,quantile,0.85,4.0
2026-08-22,wk inc covid hosp,0,2026-08-22,56,quantile,0.9,4.0
2026-08-22,wk inc covid hosp,0,2026-08-22,56,quantile,0.95,5.0
2026-08-22,wk inc covid hosp,0,2026-08-22,56,quantile,0.975,5.0
2026-08-22,wk inc covid hosp,0,2026-08-22,56,quantile,0.99,6.0
2026-08-22,wk inc covid hosp,0,2026-08-22,72,quantile,0.01,28.0
2026-08-22,wk inc covid hosp,0,2026-08-22,72,quantile,0.025,32.0
2026-08-22,wk inc covid hosp,0,2026-08-22,72,quantile,0.05,36.0
2026-08-22,wk inc covid hosp,0,2026-08-22,72,quantile,0.1,43.0
2026-08-22,wk inc covid hosp,0,2026-08-22,72,quantile,0.15,46.0
2026-08-22,wk inc covid hosp,0,2026-08-22,72,quantile,0.2,50.0
2026-08-22,wk inc covid hosp,0,2026-08-22,72,quantile,0.25,54.0
2026-08-22,wk inc covid hosp,0,2026-08-22,72,quantile,0.3,57.0
2026-08-22,wk inc covid hosp,0,2026-08-22,72,quantile,0.35,60.0
2026-08-22,wk inc covid hosp,0,2026-08-22,72,quantile,0.4,63.0
2026-08-22,wk inc covid hosp,0,2026-08-22,72,quantile,0.45,65.0
2026-08-22,wk inc covid hosp,0,2026-08-22,72,quantile,0.5,69.0
2026-08-22,wk inc covid hosp,0,2026-08-22,72,quantile,0.55,72.0
2026-08-22,wk inc covid hosp,0,2026-08-22,72,quantile,0.6,76.0
2026-08-22,wk inc covid hosp,0,2026-08-22,72,quantile,0.65,79.0
2026-08-22,wk inc covid hosp,0,2026-08-22,72,quantile,0.7,82.0
2026-08-22,wk inc covid hosp,0,2026-08-22,72,quantile,0.75,86.0
2026-08-22,wk inc covid hosp,0,2026-08-22,72,quantile,0.8,91.0
2026-08-22,wk inc covid hosp,0,2026-08-22,72,quantile,0.85,97.0
2026-08-22,wk inc covid hosp,0,2026-08-22,72,quantile,0.9,105.0
2026-08-22,wk inc covid hosp,0,2026-08-22,72,quantile,0.95,117.0
2026-08-22,wk inc covid hosp,0,2026-08-22,72,quantile,0.975,127.0
2026-08-22,wk inc covid hosp,0,2026-08-22,72,quantile,0.99,137.0
2026-08-22,wk inc covid hosp,1,2026-08-29,01,quantile,0.01,25.0
2026-08-22,wk inc covid hosp,1,2026-08-29,01,quantile,0.025,30.0
2026-08-22,wk inc covid hosp,1,2026-08-29,01,quantile,0.05,34.0
2026-08-22,wk inc covid hosp,1,2026-08-29,01,quantile,0.1,40.0
2026-08-22,wk inc covid hosp,1,2026-08-29,01,quantile,0.15,44.0
2026-08-22,wk inc covid hosp,1,2026-08-29,01,quantile,0.2,47.0
2026-08-22,wk inc covid hosp,1,2026-08-29,01,quantile,0.25,49.0
2026-08-22,wk inc covid hosp,1,2026-08-29,01,quantile,0.3,52.0
2026-08-22,wk inc covid hosp,1,2026-08-29,01,quantile,0.35,54.0
2026-08-22,wk inc covid hosp,1,2026-08-29,01,quantile,0.4,57.0
2026-08-22,wk inc covid hosp,1,2026-08-29,01,quantile,0.45,59.0
2026-08-22,wk inc covid hosp,1,2026-08-29,01,quantile,0.5,62.0
2026-08-22,wk inc covid hosp,1,2026-08-29,01,quantile,0.55,65.0
2026-08-22,wk inc covid hosp,1,2026-08-29,01,quantile,0.6,68.0
2026-08-22,wk inc covid hosp,1,2026-08-29,01,quantile,0.65,71.0
2026-08-22,wk inc covid hosp,1,2026-08-29,01,quantile,0.7,75.0
2026-08-22,wk inc covid hosp,1,2026-08-29,01,quantile,0.75,79.0
2026-08-22,wk inc covid hosp,1,2026-08-29,01,quantile,0.8,83.0
2026-08-22,wk inc covid hosp,1,2026-08-29,01,quantile,0.85,88.0
2026-08-22,wk inc covid hosp,1,2026-08-29,01,quantile,0.9,94.0
2026-08-22,wk inc covid hosp,1,2026-08-29,01,quantile,0.95,105.0
2026-08-22,wk inc covid hosp,1,2026-08-29,01,quantile,0.975,113.0
2026-08-22,wk inc covid hosp,1,2026-08-29,01,quantile,0.99,125.0
2026-08-22,wk inc covid hosp,1,2026-08-29,02,quantile,0.01,0.0
2026-08-22,wk inc covid hosp,1,2026-08-29,02,quantile,0.025,0.0
2026-08-22,wk inc covid hosp,1,2026-08-29,02,quantile,0.05,0.0
2026-08-22,wk inc covid hosp,1,2026-08-29,02,quantile,0.1,1.0
2026-08-22,wk inc covid hosp,1,2026-08-29,02,quantile,0.15,1.0
2026-08-22,wk inc covid hosp,1,2026-08-29,02,quantile,0.2,1.0
2026-08-22,wk inc covid hosp,1,2026-08-29,02,quantile,0.25,1.0
2026-08-22,wk inc covid hosp,1,2026-08-29,02,quantile,0.3,2.0
2026-08-22,wk inc covid hosp,1,2026-08-29,02,quantile,0.35,2.0
2026-08-22,wk inc covid hosp,1,2026-08-29,02,quantile,0.4,2.0
2026-08-22,wk inc covid hosp,1,2026-08-29,02,quantile,0.45,2.0
2026-08-22,wk inc covid hosp,1,2026-08-29,02,quantile,0.5,3.0
2026-08-22,wk inc covid hosp,1,2026-08-29,02,quantile,0.55,3.0
2026-08-22,wk inc covid hosp,1,2026-08-29,02,quantile,0.6,3.0
2026-08-22,wk inc covid hosp,1,2026-08-29,02,quantile,0.65,3.0
2026-08-22,wk inc covid hosp,1,2026-08-29,02,quantile,0.7,4.0
2026-08-22,wk inc covid hosp,1,2026-08-29,02,quantile,0.75,4.0
2026-08-22,wk inc covid hosp,1,2026-08-29,02,quantile,0.8,4.0
2026-08-22,wk inc covid hosp,1,2026-08-29,02,quantile,0.85,5.0
2026-08-22,wk inc covid hosp,1,2026-08-29,02,quantile,0.9,6.0
2026-08-22,wk inc covid hosp,1,2026-08-29,02,quantile,0.95,7.0
2026-08-22,wk inc covid hosp,1,2026-08-29,02,quantile,0.975,8.0
2026-08-22,wk inc covid hosp,1,2026-08-29,02,quantile,0.99,8.0
2026-08-22,wk inc covid hosp,1,2026-08-29,04,quantile,0.01,16.0
2026-08-22,wk inc covid hosp,1,2026-08-29,04,quantile,0.025,19.0
2026-08-22,wk inc covid hosp,1,2026-08-29,04,quantile,0.05,22.0
2026-08-22,wk inc covid hosp,1,2026-08-29,04,quantile,0.1,26.0
2026-08-22,wk inc covid hosp,1,2026-08-29,04,quantile,0.15,29.0
2026-08-22,wk inc covid hosp,1,2026-08-29,04,quantile,0.2,31.0
2026-08-22,wk inc covid hosp,1,2026-08-29,04,quantile,0.25,33.0
2026-08-22,wk inc covid hosp,1,2026-08-29,04,quantile,0.3,35.0
2026-08-22,wk inc covid hosp,1,2026-08-29,04,quantile,0.35,37.0
2026-08-22,wk inc covid hosp,1,2026-08-29,04,quantile,0.4,39.0
2026-08-22,wk inc covid hosp,1,2026-08-29,04,quantile,0.45,40.0
2026-08-22,wk inc covid hosp,1,2026-08-29,04,quantile,0.5,42.0
2026-08-22,wk inc covid hosp,1,2026-08-29,04,quantile,0.55,44.0
2026-08-22,wk inc covid hosp,1,2026-08-29,04,quantile,0.6,46.0
2026-08-22,wk inc covid hosp,1,2026-08-29,04,quantile,0.65,48.0
2026-08-22,wk inc covid hosp,1,2026-08-29,04,quantile,0.7,50.0
2026-08-22,wk inc covid hosp,1,2026-08-29,04,quantile,0.75,53.0
2026-08-22,wk inc covid hosp,1,2026-08-29,04,quantile,0.8,56.0
2026-08-22,wk inc covid hosp,1,2026-08-29,04,quantile,0.85,59.0
2026-08-22,wk inc covid hosp,1,2026-08-29,04,quantile,0.9,64.0
2026-08-22,wk inc covid hosp,1,2026-08-29,04,quantile,0.95,71.0
2026-08-22,wk inc covid hosp,1,2026-08-29,04,quantile,0.975,77.0
2026-08-22,wk inc covid hosp,1,2026-08-29,04,quantile,0.99,83.0
2026-08-22,wk inc covid hosp,1,2026-08-29,05,quantile,0.01,3.0
2026-08-22,wk inc covid hosp,1,2026-08-29,05,quantile,0.025,4.0
2026-08-22,wk inc covid hosp,1,2026-08-29,05,quantile,0.05,6.0
2026-08-22,wk inc covid hosp,1,2026-08-29,05,quantile,0.1,7.0
2026-08-22,wk inc covid hosp,1,2026-08-29,05,quantile,0.15,8.0
2026-08-22,wk inc covid hosp,1,2026-08-29,05,quantile,0.2,9.0
2026-08-22,wk inc covid hosp,1,2026-08-29,05,quantile,0.25,10.0
2026-08-22,wk inc covid hosp,1,2026-08-29,05,quantile,0.3,10.0
2026-08-22,wk inc covid hosp,1,2026-08-29,05,quantile,0.35,11.0
2026-08-22,wk inc covid hosp,1,2026-08-29,05,quantile,0.4,12.0
2026-08-22,wk inc covid hosp,1,2026-08-29,05,quantile,0.45,12.0
2026-08-22,wk inc covid hosp,1,2026-08-29,05,quantile,0.5,13.0
2026-08-22,wk inc covid hosp,1,2026-08-29,05,quantile,0.55,14.0
2026-08-22,wk inc covid hosp,1,2026-08-29,05,quantile,0.6,15.0
2026-08-22,wk inc covid hosp,1,2026-08-29,05,quantile,0.65,15.0
2026-08-22,wk inc covid hosp,1,2026-08-29,05,quantile,0.7,16.0
2026-08-22,wk inc covid hosp,1,2026-08-29,05,quantile,0.75,17.0
2026-08-22,wk inc covid hosp,1,2026-08-29,05,quantile,0.8,18.0
2026-08-22,wk inc covid hosp,1,2026-08-29,05,quantile,0.85,20.0
2026-08-22,wk inc covid hosp,1,2026-08-29,05,quantile,0.9,21.0
2026-08-22,wk inc covid hosp,1,2026-08-29,05,quantile,0.95,24.0
2026-08-22,wk inc covid hosp,1,2026-08-29,05,quantile,0.975,26.0
2026-08-22,wk inc covid hosp,1,2026-08-29,05,quantile,0.99,30.0
2026-08-22,wk inc covid hosp,1,2026-08-29,06,quantile,0.01,152.0
2026-08-22,wk inc covid hosp,1,2026-08-29,06,quantile,0.025,174.0
2026-08-22,wk inc covid hosp,1,2026-08-29,06,quantile,0.05,198.0
2026-08-22,wk inc covid hosp,1,2026-08-29,06,quantile,0.1,229.0
2026-08-22,wk inc covid hosp,1,2026-08-29,06,quantile,0.15,251.0
2026-08-22,wk inc covid hosp,1,2026-08-29,06,quantile,0.2,270.0
2026-08-22,wk inc covid hosp,1,2026-08-29,06,quantile,0.25,288.0
2026-08-22,wk inc covid hosp,1,2026-08-29,06,quantile,0.3,301.0
2026-08-22,wk inc covid hosp,1,2026-08-29,06,quantile,0.35,317.0
2026-08-22,wk inc covid hosp,1,2026-08-29,06,quantile,0.4,329.0
2026-08-22,wk inc covid hosp,1,2026-08-29,06,quantile,0.45,345.0
2026-08-22,wk inc covid hosp,1,2026-08-29,06,quantile,0.5,358.0
2026-08-22,wk inc covid hosp,1,2026-08-29,06,quantile,0.55,373.0
2026-08-22,wk inc covid hosp,1,2026-08-29,06,quantile,0.6,388.0
2026-08-22,wk inc covid hosp,1,2026-08-29,06,quantile,0.65,405.0
2026-08-22,wk inc covid hosp,1,2026-08-29,06,quantile,0.7,422.0
2026-08-22,wk inc covid hosp,1,2026-08-29,06,quantile,0.75,445.0
2026-08-22,wk inc covid hosp,1,2026-08-29,06,quantile,0.8,468.0
2026-08-22,wk inc covid hosp,1,2026-08-29,06,quantile,0.85,496.0
2026-08-22,wk inc covid hosp,1,2026-08-29,06,quantile,0.9,533.0
2026-08-22,wk inc covid hosp,1,2026-08-29,06,quantile,0.95,593.0
2026-08-22,wk inc covid hosp,1,2026-08-29,06,quantile,0.975,634.0
2026-08-22,wk inc covid hosp,1,2026-08-29,06,quantile,0.99,696.0
2026-08-22,wk inc covid hosp,1,2026-08-29,08,quantile,0.01,4.0
2026-08-22,wk inc covid hosp,1,2026-08-29,08,quantile,0.025,6.0
2026-08-22,wk inc covid hosp,1,2026-08-29,08,quantile,0.05,7.0
2026-08-22,wk inc covid hosp,1,2026-08-29,08,quantile,0.1,8.0
2026-08-22,wk inc covid hosp,1,2026-08-29,08,quantile,0.15,9.0
2026-08-22,wk inc covid hosp,1,2026-08-29,08,quantile,0.2,11.0
2026-08-22,wk inc covid hosp,1,2026-08-29,08,quantile,0.25,11.0
2026-08-22,wk inc covid hosp,1,2026-08-29,08,quantile,0.3,12.0
2026-08-22,wk inc covid hosp,1,2026-08-29,08,quantile,0.35,13.0
2026-08-22,wk inc covid hosp,1,2026-08-29,08,quantile,0.4,14.0
2026-08-22,wk inc covid hosp,1,2026-08-29,08,quantile,0.45,15.0
2026-08-22,wk inc covid hosp,1,2026-08-29,08,quantile,0.5,15.0
2026-08-22,wk inc covid hosp,1,2026-08-29,08,quantile,0.55,16.0
2026-08-22,wk inc covid hosp,1,2026-08-29,08,quantile,0.6,17.0
2026-08-22,wk inc covid hosp,1,2026-08-29,08,quantile,0.65,18.0
2026-08-22,wk inc covid hosp,1,2026-08-29,08,quantile,0.7,19.0
2026-08-22,wk inc covid hosp,1,2026-08-29,08,quantile,0.75,20.0
2026-08-22,wk inc covid hosp,1,2026-08-29,08,quantile,0.8,21.0
2026-08-22,wk inc covid hosp,1,2026-08-29,08,quantile,0.85,23.0
2026-08-22,wk inc covid hosp,1,2026-08-29,08,quantile,0.9,24.0
2026-08-22,wk inc covid hosp,1,2026-08-29,08,quantile,0.95,27.0
2026-08-22,wk inc covid hosp,1,2026-08-29,08,quantile,0.975,30.0
2026-08-22,wk inc covid hosp,1,2026-08-29,08,quantile,0.99,34.0
2026-08-22,wk inc covid hosp,1,2026-08-29,09,quantile,0.01,2.0
2026-08-22,wk inc covid hosp,1,2026-08-29,09,quantile,0.025,2.0
2026-08-22,wk inc covid hosp,1,2026-08-29,09,quantile,0.05,3.0
2026-08-22,wk inc covid hosp,1,2026-08-29,09,quantile,0.1,4.0
2026-08-22,wk inc covid hosp,1,2026-08-29,09,quantile,0.15,5.0
2026-08-22,wk inc covid hosp,1,2026-08-29,09,quantile,0.2,6.0
2026-08-22,wk inc covid hosp,1,2026-08-29,09,quantile,0.25,6.0
2026-08-22,wk inc covid hosp,1,2026-08-29,09,quantile,0.3,7.0
2026-08-22,wk inc covid hosp,1,2026-08-29,09,quantile,0.35,7.0
2026-08-22,wk inc covid hosp,1,2026-08-29,09,quantile,0.4,8.0
2026-08-22,wk inc covid hosp,1,2026-08-29,09,quantile,0.45,8.0
2026-08-22,wk inc covid hosp,1,2026-08-29,09,quantile,0.5,8.0
2026-08-22,wk inc covid hosp,1,2026-08-29,09,quantile,0.55,9.0
2026-08-22,wk inc covid hosp,1,2026-08-29,09,quantile,0.6,9.0
2026-08-22,wk inc covid hosp,1,2026-08-29,09,quantile,0.65,10.0
2026-08-22,wk inc covid hosp,1,2026-08-29,09,quantile,0.7,11.0
2026-08-22,wk inc covid hosp,1,2026-08-29,09,quantile,0.75,12.0
2026-08-22,wk inc covid hosp,1,2026-08-29,09,quantile,0.8,12.0
2026-08-22,wk inc covid hosp,1,2026-08-29,09,quantile,0.85,13.0
2026-08-22,wk inc covid hosp,1,2026-08-29,09,quantile,0.9,15.0
2026-08-22,wk inc covid hosp,1,2026-08-29,09,quantile,0.95,16.0
2026-08-22,wk inc covid hosp,1,2026-08-29,09,quantile,0.975,18.0
2026-08-22,wk inc covid hosp,1,2026-08-29,09,quantile,0.99,20.0
2026-08-22,wk inc covid hosp,1,2026-08-29,10,quantile,0.01,0.0
2026-08-22,wk inc covid hosp,1,2026-08-29,10,quantile,0.025,0.0
2026-08-22,wk inc covid hosp,1,2026-08-29,10,quantile,0.05,0.0
2026-08-22,wk inc covid hosp,1,2026-08-29,10,quantile,0.1,1.0
2026-08-22,wk inc covid hosp,1,2026-08-29,10,quantile,0.15,1.0
2026-08-22,wk inc covid hosp,1,2026-08-29,10,quantile,0.2,1.0
2026-08-22,wk inc covid hosp,1,2026-08-29,10,quantile,0.25,2.0
2026-08-22,wk inc covid hosp,1,2026-08-29,10,quantile,0.3,2.0
2026-08-22,wk inc covid hosp,1,2026-08-29,10,quantile,0.35,2.0
2026-08-22,wk inc covid hosp,1,2026-08-29,10,quantile,0.4,2.0
2026-08-22,wk inc covid hosp,1,2026-08-29,10,quantile,0.45,3.0
2026-08-22,wk inc covid hosp,1,2026-08-29,10,quantile,0.5,3.0
2026-08-22,wk inc covid hosp,1,2026-08-29,10,quantile,0.55,3.0
2026-08-22,wk inc covid hosp,1,2026-08-29,10,quantile,0.6,3.0
2026-08-22,wk inc covid hosp,1,2026-08-29,10,quantile,0.65,4.0
2026-08-22,wk inc covid hosp,1,2026-08-29,10,quantile,0.7,4.0
2026-08-22,wk inc covid hosp,1,2026-08-29,10,quantile,0.75,4.0
2026-08-22,wk inc covid hosp,1,2026-08-29,10,quantile,0.8,5.0
2026-08-22,wk inc covid hosp,1,2026-08-29,10,quantile,0.85,5.0
2026-08-22,wk inc covid hosp,1,2026-08-29,10,quantile,0.9,6.0
2026-08-22,wk inc covid hosp,1,2026-08-29,10,quantile,0.95,6.0
2026-08-22,wk inc covid hosp,1,2026-08-29,10,quantile,0.975,7.0
2026-08-22,wk inc covid hosp,1,2026-08-29,10,quantile,0.99,9.0
2026-08-22,wk inc covid hosp,1,2026-08-29,11,quantile,0.01,0.0
2026-08-22,wk inc covid hosp,1,2026-08-29,11,quantile,0.025,1.0
2026-08-22,wk inc covid hosp,1,2026-08-29,11,quantile,0.05,1.0
2026-08-22,wk inc covid hosp,1,2026-08-29,11,quantile,0.1,2.0
2026-08-22,wk inc covid hosp,1,2026-08-29,11,quantile,0.15,2.0
2026-08-22,wk inc covid hosp,1,2026-08-29,11,quantile,0.2,3.0
2026-08-22,wk inc covid hosp,1,2026-08-29,11,quantile,0.25,3.0
2026-08-22,wk inc covid hosp,1,2026-08-29,11,quantile,0.3,3.0
2026-08-22,wk inc covid hosp,1,2026-08-29,11,quantile,0.35,4.0
2026-08-22,wk inc covid hosp,1,2026-08-29,11,quantile,0.4,4.0
2026-08-22,wk inc covid hosp,1,2026-08-29,11,quantile,0.45,4.0
2026-08-22,wk inc covid hosp,1,2026-08-29,11,quantile,0.5,5.0
2026-08-22,wk inc covid hosp,1,2026-08-29,11,quantile,0.55,5.0
2026-08-22,wk inc covid hosp,1,2026-08-29,11,quantile,0.6,5.0
2026-08-22,wk inc covid hosp,1,2026-08-29,11,quantile,0.65,6.0
2026-08-22,wk inc covid hosp,1,2026-08-29,11,quantile,0.7,6.0
2026-08-22,wk inc covid hosp,1,2026-08-29,11,quantile,0.75,7.0
2026-08-22,wk inc covid hosp,1,2026-08-29,11,quantile,0.8,7.0
2026-08-22,wk inc covid hosp,1,2026-08-29,11,quantile,0.85,8.0
2026-08-22,wk inc covid hosp,1,2026-08-29,11,quantile,0.9,9.0
2026-08-22,wk inc covid hosp,1,2026-08-29,11,quantile,0.95,10.0
2026-08-22,wk inc covid hosp,1,2026-08-29,11,quantile,0.975,11.0
2026-08-22,wk inc covid hosp,1,2026-08-29,11,quantile,0.99,13.0
2026-08-22,wk inc covid hosp,1,2026-08-29,12,quantile,0.01,136.0
2026-08-22,wk inc covid hosp,1,2026-08-29,12,quantile,0.025,160.0
2026-08-22,wk inc covid hosp,1,2026-08-29,12,quantile,0.05,187.0
2026-08-22,wk inc covid hosp,1,2026-08-29,12,quantile,0.1,216.0
2026-08-22,wk inc covid hosp,1,2026-08-29,12,quantile,0.15,236.0
2026-08-22,wk inc covid hosp,1,2026-08-29,12,quantile,0.2,253.0
2026-08-22,wk inc covid hosp,1,2026-08-29,12,quantile,0.25,266.0
2026-08-22,wk inc covid hosp,1,2026-08-29,12,quantile,0.3,280.0
2026-08-22,wk inc covid hosp,1,2026-08-29,12,quantile,0.35,293.0
2026-08-22,wk inc covid hosp,1,2026-08-29,12,quantile,0.4,305.0
2026-08-22,wk inc covid hosp,1,2026-08-29,12,quantile,0.45,320.0
2026-08-22,wk inc covid hosp,1,2026-08-29,12,quantile,0.5,333.0
2026-08-22,wk inc covid hosp,1,2026-08-29,12,quantile,0.55,348.0
2026-08-22,wk inc covid hosp,1,2026-08-29,12,quantile,0.6,360.0
2026-08-22,wk inc covid hosp,1,2026-08-29,12,quantile,0.65,375.0
2026-08-22,wk inc covid hosp,1,2026-08-29,12,quantile,0.7,394.0
2026-08-22,wk inc covid hosp,1,2026-08-29,12,quantile,0.75,413.0
2026-08-22,wk inc covid hosp,1,2026-08-29,12,quantile,0.8,435.0
2026-08-22,wk inc covid hosp,1,2026-08-29,12,quantile,0.85,458.0
2026-08-22,wk inc covid hosp,1,2026-08-29,12,quantile,0.9,493.0
2026-08-22,wk inc covid hosp,1,2026-08-29,12,quantile,0.95,543.0
2026-08-22,wk inc covid hosp,1,2026-08-29,12,quantile,0.975,594.0
2026-08-22,wk inc covid hosp,1,2026-08-29,12,quantile,0.99,658.0
2026-08-22,wk inc covid hosp,1,2026-08-29,13,quantile,0.01,30.0
2026-08-22,wk inc covid hosp,1,2026-08-29,13,quantile,0.025,36.0
2026-08-22,wk inc covid hosp,1,2026-08-29,13,quantile,0.05,41.0
2026-08-22,wk inc covid hosp,1,2026-08-29,13,quantile,0.1,47.0
2026-08-22,wk inc covid hosp,1,2026-08-29,13,quantile,0.15,52.0
2026-08-22,wk inc covid hosp,1,2026-08-29,13,quantile,0.2,56.0
2026-08-22,wk inc covid hosp,1,2026-08-29,13,quantile,0.25,60.0
2026-08-22,wk inc covid hosp,1,2026-08-29,13,quantile,0.3,64.0
2026-08-22,wk inc covid hosp,1,2026-08-29,13,quantile,0.35,66.0
2026-08-22,wk inc covid hosp,1,2026-08-29,13,quantile,0.4,70.0
2026-08-22,wk inc covid hosp,1,2026-08-29,13,quantile,0.45,73.0
2026-08-22,wk inc covid hosp,1,2026-08-29,13,quantile,0.5,76.0
2026-08-22,wk inc covid hosp,1,2026-08-29,13,quantile,0.55,80.0
2026-08-22,wk inc covid hosp,1,2026-08-29,13,quantile,0.6,84.0
2026-08-22,wk inc covid hosp,1,2026-08-29,13,quantile,0.65,87.0
2026-08-22,wk inc covid hosp,1,2026-08-29,13,quantile,0.7,91.0
2026-08-22,wk inc covid hosp,1,2026-08-29,13,quantile,0.75,96.0
2026-08-22,wk inc covid hosp,1,2026-08-29,13,quantile,0.8,102.0
2026-08-22,wk inc covid hosp,1,2026-08-29,13,quantile,0.85,108.0
2026-08-22,wk inc covid hosp,1,2026-08-29,13,quantile,0.9,115.0
2026-08-22,wk inc covid hosp,1,2026-08-29,13,quantile,0.95,127.0
2026-08-22,wk inc covid hosp,1,2026-08-29,13,quantile,0.975,137.0
2026-08-22,wk inc covid hosp,1,2026-08-29,13,quantile,0.99,150.0
2026-08-22,wk inc covid hosp,1,2026-08-29,15,quantile,0.01,6.0
2026-08-22,wk inc covid hosp,1,2026-08-29,15,quantile,0.025,8.0
2026-08-22,wk inc covid hosp,1,2026-08-29,15,quantile,0.05,10.0
2026-08-22,wk inc covid hosp,1,2026-08-29,15,quantile,0.1,12.0
2026-08-22,wk inc covid hosp,1,2026-08-29,15,quantile,0.15,14.0
2026-08-22,wk inc covid hosp,1,2026-08-29,15,quantile,0.2,15.0
2026-08-22,wk inc covid hosp,1,2026-08-29,15,quantile,0.25,16.0
2026-08-22,wk inc covid hosp,1,2026-08-29,15,quantile,0.3,17.0
2026-08-22,wk inc covid hosp,1,2026-08-29,15,quantile,0.35,18.0
2026-08-22,wk inc covid hosp,1,2026-08-29,15,quantile,0.4,19.0
2026-08-22,wk inc covid hosp,1,2026-08-29,15,quantile,0.45,20.0
2026-08-22,wk inc covid hosp,1,2026-08-29,15,quantile,0.5,21.0
2026-08-22,wk inc covid hosp,1,2026-08-29,15,quantile,0.55,22.0
2026-08-22,wk inc covid hosp,1,2026-08-29,15,quantile,0.6,23.0
2026-08-22,wk inc covid hosp,1,2026-08-29,15,quantile,0.65,25.0
2026-08-22,wk inc covid hosp,1,2026-08-29,15,quantile,0.7,26.0
2026-08-22,wk inc covid hosp,1,2026-08-29,15,quantile,0.75,27.0
2026-08-22,wk inc covid hosp,1,2026-08-29,15,quantile,0.8,29.0
2026-08-22,wk inc covid hosp,1,2026-08-29,15,quantile,0.85,30.0
2026-08-22,wk inc covid hosp,1,2026-08-29,15,quantile,0.9,33.0
2026-08-22,wk inc covid hosp,1,2026-08-29,15,quantile,0.95,38.0
2026-08-22,wk inc covid hosp,1,2026-08-29,15,quantile,0.975,41.0
2026-08-22,wk inc covid hosp,1,2026-08-29,15,quantile,0.99,46.0
2026-08-22,wk inc covid hosp,1,2026-08-29,16,quantile,0.01,0.0
2026-08-22,wk inc covid hosp,1,2026-08-29,16,quantile,0.025,0.0
2026-08-22,wk inc covid hosp,1,2026-08-29,16,quantile,0.05,1.0
2026-08-22,wk inc covid hosp,1,2026-08-29,16,quantile,0.1,1.0
2026-08-22,wk inc covid hosp,1,2026-08-29,16,quantile,0.15,2.0
2026-08-22,wk inc covid hosp,1,2026-08-29,16,quantile,0.2,2.0
2026-08-22,wk inc covid hosp,1,2026-08-29,16,quantile,0.25,2.0
2026-08-22,wk inc covid hosp,1,2026-08-29,16,quantile,0.3,3.0
2026-08-22,wk inc covid hosp,1,2026-08-29,16,quantile,0.35,3.0
2026-08-22,wk inc covid hosp,1,2026-08-29,16,quantile,0.4,3.0
2026-08-22,wk inc covid hosp,1,2026-08-29,16,quantile,0.45,3.0
2026-08-22,wk inc covid hosp,1,2026-08-29,16,quantile,0.5,4.0
2026-08-22,wk inc covid hosp,1,2026-08-29,16,quantile,0.55,4.0
2026-08-22,wk inc covid hosp,1,2026-08-29,16,quantile,0.6,4.0
2026-08-22,wk inc covid hosp,1,2026-08-29,16,quantile,0.65,5.0
2026-08-22,wk inc covid hosp,1,2026-08-29,16,quantile,0.7,5.0
2026-08-22,wk inc covid hosp,1,2026-08-29,16,quantile,0.75,5.0
2026-08-22,wk inc covid hosp,1,2026-08-29,16,quantile,0.8,6.0
2026-08-22,wk inc covid hosp,1,2026-08-29,16,quantile,0.85,6.0
2026-08-22,wk inc covid hosp,1,2026-08-29,16,quantile,0.9,7.0
2026-08-22,wk inc covid hosp,1,2026-08-29,16,quantile,0.95,8.0
2026-08-22,wk inc covid hosp,1,2026-08-29,16,quantile,0.975,9.0
2026-08-22,wk inc covid hosp,1,2026-08-29,16,quantile,0.99,11.0
2026-08-22,wk inc covid hosp,1,2026-08-29,17,quantile,0.01,14.0
2026-08-22,wk inc covid hosp,1,2026-08-29,17,quantile,0.025,16.0
2026-08-22,wk inc covid hosp,1,2026-08-29,17,quantile,0.05,19.0
2026-08-22,wk inc covid hosp,1,2026-08-29,17,quantile,0.1,22.0
2026-08-22,wk inc covid hosp,1,2026-08-29,17,quantile,0.15,25.0
2026-08-22,wk inc covid hosp,1,2026-08-29,17,quantile,0.2,27.0
2026-08-22,wk inc covid hosp,1,2026-08-29,17,quantile,0.25,29.0
2026-08-22,wk inc covid hosp,1,2026-08-29,17,quantile,0.3,31.0
2026-08-22,wk inc covid hosp,1,2026-08-29,17,quantile,0.35,32.0
2026-08-22,wk inc covid hosp,1,2026-08-29,17,quantile,0.4,34.0
2026-08-22,wk inc covid hosp,1,2026-08-29,17,quantile,0.45,36.0
2026-08-22,wk inc covid hosp,1,2026-08-29,17,quantile,0.5,38.0
2026-08-22,wk inc covid hosp,1,2026-08-29,17,quantile,0.55,39.0
2026-08-22,wk inc covid hosp,1,2026-08-29,17,quantile,0.6,41.0
2026-08-22,wk inc covid hosp,1,2026-08-29,17,quantile,0.65,43.0
2026-08-22,wk inc covid hosp,1,2026-08-29,17,quantile,0.7,45.0
2026-08-22,wk inc covid hosp,1,2026-08-29,17,quantile,0.75,48.0
2026-08-22,wk inc covid hosp,1,2026-08-29,17,quantile,0.8,50.0
2026-08-22,wk inc covid hosp,1,2026-08-29,17,quantile,0.85,54.0
2026-08-22,wk inc covid hosp,1,2026-08-29,17,quantile,0.9,57.0
2026-08-22,wk inc covid hosp,1,2026-08-29,17,quantile,0.95,63.0
2026-08-22,wk inc covid hosp,1,2026-08-29,17,quantile,0.975,69.0
2026-08-22,wk inc covid hosp,1,2026-08-29,17,quantile,0.99,77.0
2026-08-22,wk inc covid hosp,1,2026-08-29,18,quantile,0.01,8.0
2026-08-22,wk inc covid hosp,1,2026-08-29,18,quantile,0.025,10.0
2026-08-22,wk inc covid hosp,1,2026-08-29,18,quantile,0.05,12.0
2026-08-22,wk inc covid hosp,1,2026-08-29,18,quantile,0.1,14.0
2026-08-22,wk inc covid hosp,1,2026-08-29,18,quantile,0.15,16.0
2026-08-22,wk inc covid hosp,1,2026-08-29,18,quantile,0.2,17.0
2026-08-22,wk inc covid hosp,1,2026-08-29,18,quantile,0.25,18.0
2026-08-22,wk inc covid hosp,1,2026-08-29,18,quantile,0.3,19.0
2026-08-22,wk inc covid hosp,1,2026-08-29,18,quantile,0.35,20.0
2026-08-22,wk inc covid hosp,1,2026-08-29,18,quantile,0.4,22.0
2026-08-22,wk inc covid hosp,1,2026-08-29,18,quantile,0.45,23.0
2026-08-22,wk inc covid hosp,1,2026-08-29,18,quantile,0.5,24.0
2026-08-22,wk inc covid hosp,1,2026-08-29,18,quantile,0.55,25.0
2026-08-22,wk inc covid hosp,1,2026-08-29,18,quantile,0.6,26.0
2026-08-22,wk inc covid hosp,1,2026-08-29,18,quantile,0.65,27.0
2026-08-22,wk inc covid hosp,1,2026-08-29,18,quantile,0.7,29.0
2026-08-22,wk inc covid hosp,1,2026-08-29,18,quantile,0.75,30.0
2026-08-22,wk inc covid hosp,1,2026-08-29,18,quantile,0.8,32.0
2026-08-22,wk inc covid hosp,1,2026-08-29,18,quantile,0.85,35.0
2026-08-22,wk inc covid hosp,1,2026-08-29,18,quantile,0.9,37.0
2026-08-22,wk inc covid hosp,1,2026-08-29,18,quantile,0.95,42.0
2026-08-22,wk inc covid hosp,1,2026-08-29,18,quantile,0.975,46.0
2026-08-22,wk inc covid hosp,1,2026-08-29,18,quantile,0.99,50.0
2026-08-22,wk inc covid hosp,1,2026-08-29,19,quantile,0.01,0.0
2026-08-22,wk inc covid hosp,1,2026-08-29,19,quantile,0.025,0.0
2026-08-22,wk inc covid hosp,1,2026-08-29,19,quantile,0.05,1.0
2026-08-22,wk inc covid hosp,1,2026-08-29,19,quantile,0.1,1.0
2026-08-22,wk inc covid hosp,1,2026-08-29,19,quantile,0.15,2.0
2026-08-22,wk inc covid hosp,1,2026-08-29,19,quantile,0.2,2.0
2026-08-22,wk inc covid hosp,1,2026-08-29,19,quantile,0.25,2.0
2026-08-22,wk inc covid hosp,1,2026-08-29,19,quantile,0.3,2.0
2026-08-22,wk inc covid hosp,1,2026-08-29,19,quantile,0.35,3.0
2026-08-22,wk inc covid hosp,1,2026-08-29,19,quantile,0.4,3.0
2026-08-22,wk inc covid hosp,1,2026-08-29,19,quantile,0.45,3.0
2026-08-22,wk inc covid hosp,1,2026-08-29,19,quantile,0.5,4.0
2026-08-22,wk inc covid hosp,1,2026-08-29,19,quantile,0.55,4.0
2026-08-22,wk inc covid hosp,1,2026-08-29,19,quantile,0.6,4.0
2026-08-22,wk inc covid hosp,1,2026-08-29,19,quantile,0.65,5.0
2026-08-22,wk inc covid hosp,1,2026-08-29,19,quantile,0.7,5.0
2026-08-22,wk inc covid hosp,1,2026-08-29,19,quantile,0.75,5.0
2026-08-22,wk inc covid hosp,1,2026-08-29,19,quantile,0.8,6.0
2026-08-22,wk inc covid hosp,1,2026-08-29,19,quantile,0.85,6.0
2026-08-22,wk inc covid hosp,1,2026-08-29,19,quantile,0.9,7.0
2026-08-22,wk inc covid hosp,1,2026-08-29,19,quantile,0.95,8.0
2026-08-22,wk inc covid hosp,1,2026-08-29,19,quantile,0.975,9.0
2026-08-22,wk inc covid hosp,1,2026-08-29,19,quantile,0.99,11.0
2026-08-22,wk inc covid hosp,1,2026-08-29,20,quantile,0.01,0.0
2026-08-22,wk inc covid hosp,1,2026-08-29,20,quantile,0.025,1.0
2026-08-22,wk inc covid hosp,1,2026-08-29,20,quantile,0.05,1.0
2026-08-22,wk inc covid hosp,1,2026-08-29,20,quantile,0.1,2.0
2026-08-22,wk inc covid hosp,1,2026-08-29,20,quantile,0.15,2.0
2026-08-22,wk inc covid hosp,1,2026-08-29,20,quantile,0.2,3.0
2026-08-22,wk inc covid hosp,1,2026-08-29,20,quantile,0.25,3.0
2026-08-22,wk inc covid hosp,1,2026-08-29,20,quantile,0.3,3.0
2026-08-22,wk inc covid hosp,1,2026-08-29,20,quantile,0.35,4.0
2026-08-22,wk inc covid hosp,1,2026-08-29,20,quantile,0.4,4.0
2026-08-22,wk inc covid hosp,1,2026-08-29,20,quantile,0.45,4.0
2026-08-22,wk inc covid hosp,1,2026-08-29,20,quantile,0.5,5.0
2026-08-22,wk inc covid hosp,1,2026-08-29,20,quantile,0.55,5.0
2026-08-22,wk inc covid hosp,1,2026-08-29,20,quantile,0.6,5.0
2026-08-22,wk inc covid hosp,1,2026-08-29,20,quantile,0.65,6.0
2026-08-22,wk inc covid hosp,1,2026-08-29,20,quantile,0.7,6.0
2026-08-22,wk inc covid hosp,1,2026-08-29,20,quantile,0.75,7.0
2026-08-22,wk inc covid hosp,1,2026-08-29,20,quantile,0.8,7.0
2026-08-22,wk inc covid hosp,1,2026-08-29,20,quantile,0.85,8.0
2026-08-22,wk inc covid hosp,1,2026-08-29,20,quantile,0.9,9.0
2026-08-22,wk inc covid hosp,1,2026-08-29,20,quantile,0.95,10.0
2026-08-22,wk inc covid hosp,1,2026-08-29,20,quantile,0.975,11.0
2026-08-22,wk inc covid hosp,1,2026-08-29,20,quantile,0.99,13.0
2026-08-22,wk inc covid hosp,1,2026-08-29,21,quantile,0.01,6.0
2026-08-22,wk inc covid hosp,1,2026-08-29,21,quantile,0.025,7.0
2026-08-22,wk inc covid hosp,1,2026-08-29,21,quantile,0.05,8.0
2026-08-22,wk inc covid hosp,1,2026-08-29,21,quantile,0.1,10.0
2026-08-22,wk inc covid hosp,1,2026-08-29,21,quantile,0.15,12.0
2026-08-22,wk inc covid hosp,1,2026-08-29,21,quantile,0.2,13.0
2026-08-22,wk inc covid hosp,1,2026-08-29,21,quantile,0.25,14.0
2026-08-22,wk inc covid hosp,1,2026-08-29,21,quantile,0.3,15.0
2026-08-22,wk inc covid hosp,1,2026-08-29,21,quantile,0.35,15.0
2026-08-22,wk inc covid hosp,1,2026-08-29,21,quantile,0.4,16.0
2026-08-22,wk inc covid hosp,1,2026-08-29,21,quantile,0.45,17.0
2026-08-22,wk inc covid hosp,1,2026-08-29,21,quantile,0.5,18.0
2026-08-22,wk inc covid hosp,1,2026-08-29,21,quantile,0.55,19.0
2026-08-22,wk inc covid hosp,1,2026-08-29,21,quantile,0.6,20.0
2026-08-22,wk inc covid hosp,1,2026-08-29,21,quantile,0.65,21.0
2026-08-22,wk inc covid hosp,1,2026-08-29,21,quantile,0.7,22.0
2026-08-22,wk inc covid hosp,1,2026-08-29,21,quantile,0.75,23.0
2026-08-22,wk inc covid hosp,1,2026-08-29,21,quantile,0.8,25.0
2026-08-22,wk inc covid hosp,1,2026-08-29,21,quantile,0.85,27.0
2026-08-22,wk inc covid hosp,1,2026-08-29,21,quantile,0.9,29.0
2026-08-22,wk inc covid hosp,1,2026-08-29,21,quantile,0.95,32.0
2026-08-22,wk inc covid hosp,1,2026-08-29,21,quantile,0.975,36.0
2026-08-22,wk inc covid hosp,1,2026-08-29,21,quantile,0.99,39.0
2026-08-22,wk inc covid hosp,1,2026-08-29,22,quantile,0.01,20.0
2026-08-22,wk inc covid hosp,1,2026-08-29,22,quantile,0.025,23.0
2026-08-22,wk inc covid hosp,1,2026-08-29,22,quantile,0.05,26.0
2026-08-22,wk inc covid hosp,1,2026-08-29,22,quantile,0.1,31.0
2026-08-22,wk inc covid hosp,1,2026-08-29,22,quantile,0.15,34.0
2026-08-22,wk inc covid hosp,1,2026-08-29,22,quantile,0.2,36.0
2026-08-22,wk inc covid hosp,1,2026-08-29,22,quantile,0.25,38.0
2026-08-22,wk inc covid hosp,1,2026-08-29,22,quantile,0.3,41.0
2026-08-22,wk inc covid hosp,1,2026-08-29,22,quantile,0.35,43.0
2026-08-22,wk inc covid hosp,1,2026-08-29,22,quantile,0.4,45.0
2026-08-22,wk inc covid hosp,1,2026-08-29,22,quantile,0.45,47.0
2026-08-22,wk inc covid hosp,1,2026-08-29,22,quantile,0.5,49.0
2026-08-22,wk inc covid hosp,1,2026-08-29,22,quantile,0.55,51.0
2026-08-22,wk inc covid hosp,1,2026-08-29,22,quantile,0.6,54.0
2026-08-22,wk inc covid hosp,1,2026-08-29,22,quantile,0.65,57.0
2026-08-22,wk inc covid hosp,1,2026-08-29,22,quantile,0.7,59.0
2026-08-22,wk inc covid hosp,1,2026-08-29,22,quantile,0.75,62.0
2026-08-22,wk inc covid hosp,1,2026-08-29,22,quantile,0.8,66.0
2026-08-22,wk inc covid hosp,1,2026-08-29,22,quantile,0.85,70.0
2026-08-22,wk inc covid hosp,1,2026-08-29,22,quantile,0.9,75.0
2026-08-22,wk inc covid hosp,1,2026-08-29,22,quantile,0.95,83.0
2026-08-22,wk inc covid hosp,1,2026-08-29,22,quantile,0.975,91.0
2026-08-22,wk inc covid hosp,1,2026-08-29,22,quantile,0.99,99.0
2026-08-22,wk inc covid hosp,1,2026-08-29,23,quantile,0.01,0.0
2026-08-22,wk inc covid hosp,1,2026-08-29,23,quantile,0.025,0.0
2026-08-22,wk inc covid hosp,1,2026-08-29,23,quantile,0.05,0.0
2026-08-22,wk inc covid hosp,1,2026-08-29,23,quantile,0.1,0.0
2026-08-22,wk inc covid hosp,1,2026-08-29,23,quantile,0.15,0.0
2026-08-22,wk inc covid hosp,1,2026-08-29,23,quantile,0.2,1.0
2026-08-22,wk inc covid hosp,1,2026-08-29,23,quantile,0.25,1.0
2026-08-22,wk inc covid hosp,1,2026-08-29,23,quantile,0.3,1.0
2026-08-22,wk inc covid hosp,1,2026-08-29,23,quantile,0.35,1.0
2026-08-22,wk inc covid hosp,1,2026-08-29,23,quantile,0.4,1.0
2026-08-22,wk inc covid hosp,1,2026-08-29,23,quantile,0.45,2.0
2026-08-22,wk inc covid hosp,1,2026-08-29,23,quantile,0.5,2.0
2026-08-22,wk inc covid hosp,1,2026-08-29,23,quantile,0.55,2.0
2026-08-22,wk inc covid hosp,1,2026-08-29,23,quantile,0.6,2.0
2026-08-22,wk inc covid hosp,1,2026-08-29,23,quantile,0.65,2.0
2026-08-22,wk inc covid hosp,1,2026-08-29,23,quantile,0.7,3.0
2026-08-22,wk inc covid hosp,1,2026-08-29,23,quantile,0.75,3.0
2026-08-22,wk inc covid hosp,1,2026-08-29,23,quantile,0.8,3.0
2026-08-22,wk inc covid hosp,1,2026-08-29,23,quantile,0.85,4.0
2026-08-22,wk inc covid hosp,1,2026-08-29,23,quantile,0.9,4.0
2026-08-22,wk inc covid hosp,1,2026-08-29,23,quantile,0.95,5.0
2026-08-22,wk inc covid hosp,1,2026-08-29,23,quantile,0.975,6.0
2026-08-22,wk inc covid hosp,1,2026-08-29,23,quantile,0.99,7.0
2026-08-22,wk inc covid hosp,1,2026-08-29,24,quantile,0.01,3.0
2026-08-22,wk inc covid hosp,1,2026-08-29,24,quantile,0.025,5.0
2026-08-22,wk inc covid hosp,1,2026-08-29,24,quantile,0.05,6.0
2026-08-22,wk inc covid hosp,1,2026-08-29,24,quantile,0.1,7.0
2026-08-22,wk inc covid hosp,1,2026-08-29,24,quantile,0.15,8.0
2026-08-22,wk inc covid hosp,1,2026-08-29,24,quantile,0.2,9.0
2026-08-22,wk inc covid hosp,1,2026-08-29,24,quantile,0.25,10.0
2026-08-22,wk inc covid hosp,1,2026-08-29,24,quantile,0.3,11.0
2026-08-22,wk inc covid hosp,1,2026-08-29,24,quantile,0.35,11.0
2026-08-22,wk inc covid hosp,1,2026-08-29,24,quantile,0.4,12.0
2026-08-22,wk inc covid hosp,1,2026-08-29,24,quantile,0.45,13.0
2026-08-22,wk inc covid hosp,1,2026-08-29,24,quantile,0.5,14.0
2026-08-22,wk inc covid hosp,1,2026-08-29,24,quantile,0.55,14.0
2026-08-22,wk inc covid hosp,1,2026-08-29,24,quantile,0.6,15.0
2026-08-22,wk inc covid hosp,1,2026-08-29,24,quantile,0.65,16.0
2026-08-22,wk inc covid hosp,1,2026-08-29,24,quantile,0.7,17.0
2026-08-22,wk inc covid hosp,1,2026-08-29,24,quantile,0.75,18.0
2026-08-22,wk inc covid hosp,1,2026-08-29,24,quantile,0.8,19.0
2026-08-22,wk inc covid hosp,1,2026-08-29,24,quantile,0.85,20.0
2026-08-22,wk inc covid hosp,1,2026-08-29,24,quantile,0.9,22.0
2026-08-22,wk inc covid hosp,1,2026-08-29,24,quantile,0.95,25.0
2026-08-22,wk inc covid hosp,1,2026-08-29,24,quantile,0.975,27.0
2026-08-22,wk inc covid hosp,1,2026-08-29,24,quantile,0.99,30.0
2026-08-22,wk inc covid hosp,1,2026-08-29,25,quantile,0.01,11.0
2026-08-22,wk inc covid hosp,1,2026-08-29,25,quantile,0.025,13.0
2026-08-22,wk inc covid hosp,1,2026-08-29,25,quantile,0.05,15.0
2026-08-22,wk inc covid hosp,1,2026-08-29,25,quantile,0.1,18.0
2026-08-22,wk inc covid hosp,1,2026-08-29,25,quantile,0.15,21.0
2026-08-22,wk inc covid hosp,1,2026-08-29,25,quantile,0.2,22.0
2026-08-22,wk inc covid hosp,1,2026-08-29,25,quantile,0.25,24.0
2026-08-22,wk inc covid hosp,1,2026-08-29,25,quantile,0.3,25.0
2026-08-22,wk inc covid hosp,1,2026-08-29,25,quantile,0.35,27.0
2026-08-22,wk inc covid hosp,1,2026-08-29,25,quantile,0.4,28.0
2026-08-22,wk inc covid hosp,1,2026-08-29,25,quantile,0.45,29.0
2026-08-22,wk inc covid hosp,1,2026-08-29,25,quantile,0.5,31.0
2026-08-22,wk inc covid hosp,1,2026-08-29,25,quantile,0.55,32.0
2026-08-22,wk inc covid hosp,1,2026-08-29,25,quantile,0.6,34.0
2026-08-22,wk inc covid hosp,1,2026-08-29,25,quantile,0.65,35.0
2026-08-22,wk inc covid hosp,1,2026-08-29,25,quantile,0.7,37.0
2026-08-22,wk inc covid hosp,1,2026-08-29,25,quantile,0.75,39.0
2026-08-22,wk inc covid hosp,1,2026-08-29,25,quantile,0.8,42.0
2026-08-22,wk inc covid hosp,1,2026-08-29,25,quantile,0.85,44.0
2026-08-22,wk inc covid hosp,1,2026-08-29,25,quantile,0.9,47.0
2026-08-22,wk inc covid hosp,1,2026-08-29,25,quantile,0.95,53.0
2026-08-22,wk inc covid hosp,1,2026-08-29,25,quantile,0.975,59.0
2026-08-22,wk inc covid hosp,1,2026-08-29,25,quantile,0.99,65.0
2026-08-22,wk inc covid hosp,1,2026-08-29,26,quantile,0.01,6.0
2026-08-22,wk inc covid hosp,1,2026-08-29,26,quantile,0.025,8.0
2026-08-22,wk inc covid hosp,1,2026-08-29,26,quantile,0.05,10.0
2026-08-22,wk inc covid hosp,1,2026-08-29,26,quantile,0.1,12.0
2026-08-22,wk inc covid hosp,1,2026-08-29,26,quantile,0.15,13.0
2026-08-22,wk inc covid hosp,1,2026-08-29,26,quantile,0.2,15.0
2026-08-22,wk inc covid hosp,1,2026-08-29,26,quantile,0.25,16.0
2026-08-22,wk inc covid hosp,1,2026-08-29,26,quantile,0.3,17.0
2026-08-22,wk inc covid hosp,1,2026-08-29,26,quantile,0.35,18.0
2026-08-22,wk inc covid hosp,1,2026-08-29,26,quantile,0.4,19.0
2026-08-22,wk inc covid hosp,1,2026-08-29,26,quantile,0.45,20.0
2026-08-22,wk inc covid hosp,1,2026-08-29,26,quantile,0.5,21.0
2026-08-22,wk inc covid hosp,1,2026-08-29,26,quantile,0.55,22.0
2026-08-22,wk inc covid hosp,1,2026-08-29,26,quantile,0.6,23.0
2026-08-22,wk inc covid hosp,1,2026-08-29,26,quantile,0.65,25.0
2026-08-22,wk inc covid hosp,1,2026-08-29,26,quantile,0.7,26.0
2026-08-22,wk inc covid hosp,1,2026-08-29,26,quantile,0.75,28.0
2026-08-22,wk inc covid hosp,1,2026-08-29,26,quantile,0.8,30.0
2026-08-22,wk inc covid hosp,1,2026-08-29,26,quantile,0.85,32.0
2026-08-22,wk inc covid hosp,1,2026-08-29,26,quantile,0.9,34.0
2026-08-22,wk inc covid hosp,1,2026-08-29,26,quantile,0.95,38.0
2026-08-22,wk inc covid hosp,1,2026-08-29,26,quantile,0.975,41.0
2026-08-22,wk inc covid hosp,1,2026-08-29,26,quantile,0.99,45.0
2026-08-22,wk inc covid hosp,1,2026-08-29,27,quantile,0.01,2.0
2026-08-22,wk inc covid hosp,1,2026-08-29,27,quantile,0.025,2.0
2026-08-22,wk inc covid hosp,1,2026-08-29,27,quantile,0.05,3.0
2026-08-22,wk inc covid hosp,1,2026-08-29,27,quantile,0.1,4.0
2026-08-22,wk inc covid hosp,1,2026-08-29,27,quantile,0.15,5.0
2026-08-22,wk inc covid hosp,1,2026-08-29,27,quantile,0.2,5.0
2026-08-22,wk inc covid hosp,1,2026-08-29,27,quantile,0.25,6.0
2026-08-22,wk inc covid hosp,1,2026-08-29,27,quantile,0.3,6.0
2026-08-22,wk inc covid hosp,1,2026-08-29,27,quantile,0.35,7.0
2026-08-22,wk inc covid hosp,1,2026-08-29,27,quantile,0.4,8.0
2026-08-22,wk inc covid hosp,1,2026-08-29,27,quantile,0.45,8.0
2026-08-22,wk inc covid hosp,1,2026-08-29,27,quantile,0.5,9.0
2026-08-22,wk inc covid hosp,1,2026-08-29,27,quantile,0.55,9.0
2026-08-22,wk inc covid hosp,1,2026-08-29,27,quantile,0.6,10.0
2026-08-22,wk inc covid hosp,1,2026-08-29,27,quantile,0.65,10.0
2026-08-22,wk inc covid hosp,1,2026-08-29,27,quantile,0.7,11.0
2026-08-22,wk inc covid hosp,1,2026-08-29,27,quantile,0.75,11.0
2026-08-22,wk inc covid hosp,1,2026-08-29,27,quantile,0.8,12.0
2026-08-22,wk inc covid hosp,1,2026-08-29,27,quantile,0.85,13.0
2026-08-22,wk inc covid hosp,1,2026-08-29,27,quantile,0.9,14.0
2026-08-22,wk inc covid hosp,1,2026-08-29,27,quantile,0.95,16.0
2026-08-22,wk inc covid hosp,1,2026-08-29,27,quantile,0.975,18.0
2026-08-22,wk inc covid hosp,1,2026-08-29,27,quantile,0.99,20.0
2026-08-22,wk inc covid hosp,1,2026-08-29,28,quantile,0.01,14.0
2026-08-22,wk inc covid hosp,1,2026-08-29,28,quantile,0.025,17.0
2026-08-22,wk inc covid hosp,1,2026-08-29,28,quantile,0.05,20.0
2026-08-22,wk inc covid hosp,1,2026-08-29,28,quantile,0.1,23.0
2026-08-22,wk inc covid hosp,1,2026-08-29,28,quantile,0.15,26.0
2026-08-22,wk inc covid hosp,1,2026-08-29,28,quantile,0.2,28.0
2026-08-22,wk inc covid hosp,1,2026-08-29,28,quantile,0.25,30.0
2026-08-22,wk inc covid hosp,1,2026-08-29,28,quantile,0.3,32.0
2026-08-22,wk inc covid hosp,1,2026-08-29,28,quantile,0.35,34.0
2026-08-22,wk inc covid hosp,1,2026-08-29,28,quantile,0.4,36.0
2026-08-22,wk inc covid hosp,1,2026-08-29,28,quantile,0.45,37.0
2026-08-22,wk inc covid hosp,1,2026-08-29,28,quantile,0.5,39.0
2026-08-22,wk inc covid hosp,1,2026-08-29,28,quantile,0.55,40.0
2026-08-22,wk inc covid hosp,1,2026-08-29,28,quantile,0.6,42.0
2026-08-22,wk inc covid hosp,1,2026-08-29,28,quantile,0.65,44.0
2026-08-22,wk inc covid hosp,1,2026-08-29,28,quantile,0.7,46.0
2026-08-22,wk inc covid hosp,1,2026-08-29,28,quantile,0.75,48.0
2026-08-22,wk inc covid hosp,1,2026-08-29,28,quantile,0.8,51.0
2026-08-22,wk inc covid hosp,1,2026-08-29,28,quantile,0.85,54.0
2026-08-22,wk inc covid hosp,1,2026-08-29,28,quantile,0.9,58.0
2026-08-22,wk inc covid hosp,1,2026-08-29,28,quantile,0.95,65.0
2026-08-22,wk inc covid hosp,1,2026-08-29,28,quantile,0.975,72.0
2026-08-22,wk inc covid hosp,1,2026-08-29,28,quantile,0.99,79.0
2026-08-22,wk inc covid hosp,1,2026-08-29,29,quantile,0.01,6.0
2026-08-22,wk inc covid hosp,1,2026-08-29,29,quantile,0.025,8.0
2026-08-22,wk inc covid hosp,1,2026-08-29,29,quantile,0.05,9.0
2026-08-22,wk inc covid hosp,1,2026-08-29,29,quantile,0.1,11.0
2026-08-22,wk inc covid hosp,1,2026-08-29,29,quantile,0.15,13.0
2026-08-22,wk inc covid hosp,1,2026-08-29,29,quantile,0.2,14.0
2026-08-22,wk inc covid hosp,1,2026-08-29,29,quantile,0.25,15.0
2026-08-22,wk inc covid hosp,1,2026-08-29,29,quantile,0.3,16.0
2026-08-22,wk inc covid hosp,1,2026-08-29,29,quantile,0.35,17.0
2026-08-22,wk inc covid hosp,1,2026-08-29,29,quantile,0.4,18.0
2026-08-22,wk inc covid hosp,1,2026-08-29,29,quantile,0.45,19.0
2026-08-22,wk inc covid hosp,1,2026-08-29,29,quantile,0.5,20.0
2026-08-22,wk inc covid hosp,1,2026-08-29,29,quantile,0.55,21.0
2026-08-22,wk inc covid hosp,1,2026-08-29,29,quantile,0.6,22.0
2026-08-22,wk inc covid hosp,1,2026-08-29,29,quantile,0.65,24.0
2026-08-22,wk inc covid hosp,1,2026-08-29,29,quantile,0.7,25.0
2026-08-22,wk inc covid hosp,1,2026-08-29,29,quantile,0.75,26.0
2026-08-22,wk inc covid hosp,1,2026-08-29,29,quantile,0.8,28.0
2026-08-22,wk inc covid hosp,1,2026-08-29,29,quantile,0.85,30.0
2026-08-22,wk inc covid hosp,1,2026-08-29,29,quantile,0.9,32.0
2026-08-22,wk inc covid hosp,1,2026-08-29,29,quantile,0.95,37.0
2026-08-22,wk inc covid hosp,1,2026-08-29,29,quantile,0.975,39.0
2026-08-22,wk inc covid hosp,1,2026-08-29,29,quantile,0.99,42.0
2026-08-22,wk inc covid hosp,1,2026-08-29,30,quantile,0.01,0.0
2026-08-22,wk inc covid hosp,1,2026-08-29,30,quantile,0.025,0.0
2026-08-22,wk inc covid hosp,1,2026-08-29,30,quantile,0.05,0.0
2026-08-22,wk inc covid hosp,1,2026-08-29,30,quantile,0.1,0.0
2026-08-22,wk inc covid hosp,1,2026-08-29,30,quantile,0.15,0.0
2026-08-22,wk inc covid hosp,1,2026-08-29,30,quantile,0.2,1.0
2026-08-22,wk inc covid hosp,1,2026-08-29,30,quantile,0.25,1.0
2026-08-22,wk inc covid hosp,1,2026-08-29,30,quantile,0.3,1.0
2026-08-22,wk inc covid hosp,1,2026-08-29,30,quantile,0.35,1.0
2026-08-22,wk inc covid hosp,1,2026-08-29,30,quantile,0.4,1.0
2026-08-22,wk inc covid hosp,1,2026-08-29,30,quantile,0.45,2.0
2026-08-22,wk inc covid hosp,1,2026-08-29,30,quantile,0.5,2.0
2026-08-22,wk inc covid hosp,1,2026-08-29,30,quantile,0.55,2.0
2026-08-22,wk inc covid hosp,1,2026-08-29,30,quantile,0.6,2.0
2026-08-22,wk inc covid hosp,1,2026-08-29,30,quantile,0.65,2.0
2026-08-22,wk inc covid hosp,1,2026-08-29,30,quantile,0.7,3.0
2026-08-22,wk inc covid hosp,1,2026-08-29,30,quantile,0.75,3.0
2026-08-22,wk inc covid hosp,1,2026-08-29,30,quantile,0.8,3.0
2026-08-22,wk inc covid hosp,1,2026-08-29,30,quantile,0.85,4.0
2026-08-22,wk inc covid hosp,1,2026-08-29,30,quantile,0.9,4.0
2026-08-22,wk inc covid hosp,1,2026-08-29,30,quantile,0.95,5.0
2026-08-22,wk inc covid hosp,1,2026-08-29,30,quantile,0.975,5.0
2026-08-22,wk inc covid hosp,1,2026-08-29,30,quantile,0.99,6.0
2026-08-22,wk inc covid hosp,1,2026-08-29,31,quantile,0.01,0.0
2026-08-22,wk inc covid hosp,1,2026-08-29,31,quantile,0.025,0.0
2026-08-22,wk inc covid hosp,1,2026-08-29,31,quantile,0.05,0.0
2026-08-22,wk inc covid hosp,1,2026-08-29,31,quantile,0.1,0.0
2026-08-22,wk inc covid hosp,1,2026-08-29,31,quantile,0.15,0.0
2026-08-22,wk inc covid hosp,1,2026-08-29,31,quantile,0.2,0.0
2026-08-22,wk inc covid hosp,1,2026-08-29,31,quantile,0.25,0.0
2026-08-22,wk inc covid hosp,1,2026-08-29,31,quantile,0.3,0.0
2026-08-22,wk inc covid hosp,1,2026-08-29,31,quantile,0.35,0.0
2026-08-22,wk inc covid hosp,1,2026-08-29,31,quantile,0.4,1.0
2026-08-22,wk inc covid hosp,1,2026-08-29,31,quantile,0.45,1.0
2026-08-22,wk inc covid hosp,1,2026-08-29,31,quantile,0.5,1.0
2026-08-22,wk inc covid hosp,1,2026-08-29,31,quantile,0.55,1.0
2026-08-22,wk inc covid hosp,1,2026-08-29,31,quantile,0.6,1.0
2026-08-22,wk inc covid hosp,1,2026-08-29,31,quantile,0.65,1.0
2026-08-22,wk inc covid hosp,1,2026-08-29,31,quantile,0.7,1.0
2026-08-22,wk inc covid hosp,1,2026-08-29,31,quantile,0.75,2.0
2026-08-22,wk inc covid hosp,1,2026-08-29,31,quantile,0.8,2.0
2026-08-22,wk inc covid hosp,1,2026-08-29,31,quantile,0.85,2.0
2026-08-22,wk inc covid hosp,1,2026-08-29,31,quantile,0.9,3.0
2026-08-22,wk inc covid hosp,1,2026-08-29,31,quantile,0.95,3.0
2026-08-22,wk inc covid hosp,1,2026-08-29,31,quantile,0.975,4.0
2026-08-22,wk inc covid hosp,1,2026-08-29,31,quantile,0.99,4.0
2026-08-22,wk inc covid hosp,1,2026-08-29,32,quantile,0.01,5.0
2026-08-22,wk inc covid hosp,1,2026-08-29,32,quantile,0.025,7.0
2026-08-22,wk inc covid hosp,1,2026-08-29,32,quantile,0.05,8.0
2026-08-22,wk inc covid hosp,1,2026-08-29,32,quantile,0.1,10.0
2026-08-22,wk inc covid hosp,1,2026-08-29,32,quantile,0.15,11.0
2026-08-22,wk inc covid hosp,1,2026-08-29,32,quantile,0.2,13.0
2026-08-22,wk inc covid hosp,1,2026-08-29,32,quantile,0.25,14.0
2026-08-22,wk inc covid hosp,1,2026-08-29,32,quantile,0.3,14.0
2026-08-22,wk inc covid hosp,1,2026-08-29,32,quantile,0.35,15.0
2026-08-22,wk inc covid hosp,1,2026-08-29,32,quantile,0.4,16.0
2026-08-22,wk inc covid hosp,1,2026-08-29,32,quantile,0.45,17.0
2026-08-22,wk inc covid hosp,1,2026-08-29,32,quantile,0.5,18.0
2026-08-22,wk inc covid hosp,1,2026-08-29,32,quantile,0.55,19.0
2026-08-22,wk inc covid hosp,1,2026-08-29,32,quantile,0.6,20.0
2026-08-22,wk inc covid hosp,1,2026-08-29,32,quantile,0.65,21.0
2026-08-22,wk inc covid hosp,1,2026-08-29,32,quantile,0.7,22.0
2026-08-22,wk inc covid hosp,1,2026-08-29,32,quantile,0.75,23.0
2026-08-22,wk inc covid hosp,1,2026-08-29,32,quantile,0.8,25.0
2026-08-22,wk inc covid hosp,1,2026-08-29,32,quantile,0.85,26.0
2026-08-22,wk inc covid hosp,1,2026-08-29,32,quantile,0.9,29.0
2026-08-22,wk inc covid hosp,1,2026-08-29,32,quantile,0.95,32.0
2026-08-22,wk inc covid hosp,1,2026-08-29,32,quantile,0.975,35.0
2026-08-22,wk inc covid hosp,1,2026-08-29,32,quantile,0.99,40.0
2026-08-22,wk inc covid hosp,1,2026-08-29,33,quantile,0.01,1.0
2026-08-22,wk inc covid hosp,1,2026-08-29,33,quantile,0.025,2.0
2026-08-22,wk inc covid hosp,1,2026-08-29,33,quantile,0.05,2.0
2026-08-22,wk inc covid hosp,1,2026-08-29,33,quantile,0.1,3.0
2026-08-22,wk inc covid hosp,1,2026-08-29,33,quantile,0.15,3.0
2026-08-22,wk inc covid hosp,1,2026-08-29,33,quantile,0.2,4.0
2026-08-22,wk inc covid hosp,1,2026-08-29,33,quantile,0.25,4.0
2026-08-22,wk inc covid hosp,1,2026-08-29,33,quantile,0.3,5.0
2026-08-22,wk inc covid hosp,1,2026-08-29,33,quantile,0.35,5.0
2026-08-22,wk inc covid hosp,1,2026-08-29,33,quantile,0.4,6.0
2026-08-22,wk inc covid hosp,1,2026-08-29,33,quantile,0.45,6.0
2026-08-22,wk inc covid hosp,1,2026-08-29,33,quantile,0.5,7.0
2026-08-22,wk inc covid hosp,1,2026-08-29,33,quantile,0.55,7.0
2026-08-22,wk inc covid hosp,1,2026-08-29,33,quantile,0.6,7.0
2026-08-22,wk inc covid hosp,1,2026-08-29,33,quantile,0.65,8.0
2026-08-22,wk inc covid hosp,1,2026-08-29,33,quantile,0.7,9.0
2026-08-22,wk inc covid hosp,1,2026-08-29,33,quantile,0.75,9.0
2026-08-22,wk inc covid hosp,1,2026-08-29,33,quantile,0.8,10.0
2026-08-22,wk inc covid hosp,1,2026-08-29,33,quantile,0.85,11.0
2026-08-22,wk inc covid hosp,1,2026-08-29,33,quantile,0.9,12.0
2026-08-22,wk inc covid hosp,1,2026-08-29,33,quantile,0.95,13.0
2026-08-22,wk inc covid hosp,1,2026-08-29,33,quantile,0.975,15.0
2026-08-22,wk inc covid hosp,1,2026-08-29,33,quantile,0.99,16.0
2026-08-22,wk inc covid hosp,1,2026-08-29,34,quantile,0.01,16.0
2026-08-22,wk inc covid hosp,1,2026-08-29,34,quantile,0.025,20.0
2026-08-22,wk inc covid hosp,1,2026-08-29,34,quantile,0.05,24.0
2026-08-22,wk inc covid hosp,1,2026-08-29,34,quantile,0.1,28.0
2026-08-22,wk inc covid hosp,1,2026-08-29,34,quantile,0.15,32.0
2026-08-22,wk inc covid hosp,1,2026-08-29,34,quantile,0.2,34.0
2026-08-22,wk inc covid hosp,1,2026-08-29,34,quantile,0.25,37.0
2026-08-22,wk inc covid hosp,1,2026-08-29,34,quantile,0.3,39.0
2026-08-22,wk inc covid hosp,1,2026-08-29,34,quantile,0.35,41.0
2026-08-22,wk inc covid hosp,1,2026-08-29,34,quantile,0.4,44.0
2026-08-22,wk inc covid hosp,1,2026-08-29,34,quantile,0.45,46.0
2026-08-22,wk inc covid hosp,1,2026-08-29,34,quantile,0.5,48.0
2026-08-22,wk inc covid hosp,1,2026-08-29,34,quantile,0.55,50.0
2026-08-22,wk inc covid hosp,1,2026-08-29,34,quantile,0.6,52.0
2026-08-22,wk inc covid hosp,1,2026-08-29,34,quantile,0.65,55.0
2026-08-22,wk inc covid hosp,1,2026-08-29,34,quantile,0.7,57.0
2026-08-22,wk inc covid hosp,1,2026-08-29,34,quantile,0.75,60.0
2026-08-22,wk inc covid hosp,1,2026-08-29,34,quantile,0.8,63.0
2026-08-22,wk inc covid hosp,1,2026-08-29,34,quantile,0.85,67.0
2026-08-22,wk inc covid hosp,1,2026-08-29,34,quantile,0.9,72.0
2026-08-22,wk inc covid hosp,1,2026-08-29,34,quantile,0.95,80.0
2026-08-22,wk inc covid hosp,1,2026-08-29,34,quantile,0.975,88.0
2026-08-22,wk inc covid hosp,1,2026-08-29,34,quantile,0.99,96.0
2026-08-22,wk inc covid hosp,1,2026-08-29,35,quantile,0.01,0.0
2026-08-22,wk inc covid hosp,1,2026-08-29,35,quantile,0.025,1.0
2026-08-22,wk inc covid hosp,1,2026-08-29,35,quantile,0.05,2.0
2026-08-22,wk inc covid hosp,1,2026-08-29,35,quantile,0.1,2.0
2026-08-22,wk inc covid hosp,1,2026-08-29,35,quantile,0.15,3.0
2026-08-22,wk inc covid hosp,1,2026-08-29,35,quantile,0.2,3.0
2026-08-22,wk inc covid hosp,1,2026-08-29,35,quantile,0.25,4.0
2026-08-22,wk inc covid hosp,1,2026-08-29,35,quantile,0.3,4.0
2026-08-22,wk inc covid hosp,1,2026-08-29,35,quantile,0.35,4.0
2026-08-22,wk inc covid hosp,1,2026-08-29,35,quantile,0.4,5.0
2026-08-22,wk inc covid hosp,1,2026-08-29,35,quantile,0.45,5.0
2026-08-22,wk inc covid hosp,1,2026-08-29,35,quantile,0.5,6.0
2026-08-22,wk inc covid hosp,1,2026-08-29,35,quantile,0.55,6.0
2026-08-22,wk inc covid hosp,1,2026-08-29,35,quantile,0.6,6.0
2026-08-22,wk inc covid hosp,1,2026-08-29,35,quantile,0.65,7.0
2026-08-22,wk inc covid hosp,1,2026-08-29,35,quantile,0.7,7.0
2026-08-22,wk inc covid hosp,1,2026-08-29,35,quantile,0.75,8.0
2026-08-22,wk inc covid hosp,1,2026-08-29,35,quantile,0.8,8.0
2026-08-22,wk inc covid hosp,1,2026-08-29,35,quantile,0.85,9.0
2026-08-22,wk inc covid hosp,1,2026-08-29,35,quantile,0.9,10.0
2026-08-22,wk inc covid hosp,1,2026-08-29,35,quantile,0.95,12.0
2026-08-22,wk inc covid hosp,1,2026-08-29,35,quantile,0.975,13.0
2026-08-22,wk inc covid hosp,1,2026-08-29,35,quantile,0.99,15.0
2026-08-22,wk inc covid hosp,1,2026-08-29,36,quantile,0.01,49.0
2026-08-22,wk inc covid hosp,1,2026-08-29,36,quantile,0.025,59.0
2026-08-22,wk inc covid hosp,1,2026-08-29,36,quantile,0.05,65.0
2026-08-22,wk inc covid hosp,1,2026-08-29,36,quantile,0.1,76.0
2026-08-22,wk inc covid hosp,1,2026-08-29,36,quantile,0.15,82.0
2026-08-22,wk inc covid hosp,1,2026-08-29,36,quantile,0.2,89.0
2026-08-22,wk inc covid hosp,1,2026-08-29,36,quantile,0.25,95.0
2026-08-22,wk inc covid hosp,1,2026-08-29,36,quantile,0.3,101.0
2026-08-22,wk inc covid hosp,1,2026-08-29,36,quantile,0.35,105.0
2026-08-22,wk inc covid hosp,1,2026-08-29,36,quantile,0.4,111.0
2026-08-22,wk inc covid hosp,1,2026-08-29,36,quantile,0.45,115.0
2026-08-22,wk inc covid hosp,1,2026-08-29,36,quantile,0.5,120.0
2026-08-22,wk inc covid hosp,1,2026-08-29,36,quantile,0.55,125.0
2026-08-22,wk inc covid hosp,1,2026-08-29,36,quantile,0.6,130.0
2026-08-22,wk inc covid hosp,1,2026-08-29,36,quantile,0.65,136.0
2026-08-22,wk inc covid hosp,1,2026-08-29,36,quantile,0.7,142.0
2026-08-22,wk inc covid hosp,1,2026-08-29,36,quantile,0.75,149.0
2026-08-22,wk inc covid hosp,1,2026-08-29,36,quantile,0.8,158.0
2026-08-22,wk inc covid hosp,1,2026-08-29,36,quantile,0.85,167.0
2026-08-22,wk inc covid hosp,1,2026-08-29,36,quantile,0.9,179.0
2026-08-22,wk inc covid hosp,1,2026-08-29,36,quantile,0.95,198.0
2026-08-22,wk inc covid hosp,1,2026-08-29,36,quantile,0.975,212.0
2026-08-22,wk inc covid hosp,1,2026-08-29,36,quantile,0.99,231.0
2026-08-22,wk inc covid hosp,1,2026-08-29,37,quantile,0.01,37.0
2026-08-22,wk inc covid hosp,1,2026-08-29,37,quantile,0.025,46.0
2026-08-22,wk inc covid hosp,1,2026-08-29,37,quantile,0.05,52.0
2026-08-22,wk inc covid hosp,1,2026-08-29,37,quantile,0.1,61.0
2026-08-22,wk inc covid hosp,1,2026-08-29,37,quantile,0.15,68.0
2026-08-22,wk inc covid hosp,1,2026-08-29,37,quantile,0.2,73.0
2026-08-22,wk inc covid hosp,1,2026-08-29,37,quantile,0.25,77.0
2026-08-22,wk inc covid hosp,1,2026-08-29,37,quantile,0.3,82.0
2026-08-22,wk inc covid hosp,1,2026-08-29,37,quantile,0.35,86.0
2026-08-22,wk inc covid hosp,1,2026-08-29,37,quantile,0.4,89.0
2026-08-22,wk inc covid hosp,1,2026-08-29,37,quantile,0.45,93.0
2026-08-22,wk inc covid hosp,1,2026-08-29,37,quantile,0.5,97.0
2026-08-22,wk inc covid hosp,1,2026-08-29,37,quantile,0.55,102.0
2026-08-22,wk inc covid hosp,1,2026-08-29,37,quantile,0.6,106.0
2026-08-22,wk inc covid hosp,1,2026-08-29,37,quantile,0.65,111.0
2026-08-22,wk inc covid hosp,1,2026-08-29,37,quantile,0.7,117.0
2026-08-22,wk inc covid hosp,1,2026-08-29,37,quantile,0.75,123.0
2026-08-22,wk inc covid hosp,1,2026-08-29,37,quantile,0.8,129.0
2026-08-22,wk inc covid hosp,1,2026-08-29,37,quantile,0.85,137.0
2026-08-22,wk inc covid hosp,1,2026-08-29,37,quantile,0.9,146.0
2026-08-22,wk inc covid hosp,1,2026-08-29,37,quantile,0.95,160.0
2026-08-22,wk inc covid hosp,1,2026-08-29,37,quantile,0.975,175.0
2026-08-22,wk inc covid hosp,1,2026-08-29,37,quantile,0.99,193.0
2026-08-22,wk inc covid hosp,1,2026-08-29,38,quantile,0.01,0.0
2026-08-22,wk inc covid hosp,1,2026-08-29,38,quantile,0.025,0.0
2026-08-22,wk inc covid hosp,1,2026-08-29,38,quantile,0.05,0.0
2026-08-22,wk inc covid hosp,1,2026-08-29,38,quantile,0.1,0.0
2026-08-22,wk inc covid hosp,1,2026-08-29,38,quantile,0.15,0.0
2026-08-22,wk inc covid hosp,1,2026-08-29,38,quantile,0.2,0.0
2026-08-22,wk inc covid hosp,1,2026-08-29,38,quantile,0.25,0.0
2026-08-22,wk inc covid hosp,1,2026-08-29,38,quantile,0.3,0.0
2026-08-22,wk inc covid hosp,1,2026-08-29,38,quantile,0.35,0.0
2026-08-22,wk inc covid hosp,1,2026-08-29,38,quantile,0.4,1.0
2026-08-22,wk inc covid hosp,1,2026-08-29,38,quantile,0.45,1.0
2026-08-22,wk inc covid hosp,1,2026-08-29,38,quantile,0.5,1.0
2026-08-22,wk inc covid hosp,1,2026-08-29,38,quantile,0.55,1.0
2026-08-22,wk inc covid hosp,1,2026-08-29,38,quantile,0.6,1.0
2026-08-22,wk inc covid hosp,1,2026-08-29,38,quantile,0.65,1.0
2026-08-22,wk inc covid hosp,1,2026-08-29,38,quantile,0.7,1.0
2026-08-22,wk inc covid hosp,1,2026-08-29,38,quantile,0.75,2.0
2026-08-22,wk inc covid hosp,1,2026-08-29,38,quantile,0.8,2.0
2026-08-22,wk inc covid hosp,1,2026-08-29,38,quantile,0.85,2.0
2026-08-22,wk inc covid hosp,1,2026-08-29,38,quantile,0.9,2.0
2026-08-22,wk inc covid hosp,1,2026-08-29,38,quantile,0.95,3.0
2026-08-22,wk inc covid hosp,1,2026-08-29,38,quantile,0.975,3.0
2026-08-22,wk inc covid hosp,1,2026-08-29,38,quantile,0.99,4.0
2026-08-22,wk inc covid hosp,1,2026-08-29,39,quantile,0.01,13.0
2026-08-22,wk inc covid hosp,1,2026-08-29,39,quantile,0.025,16.0
2026-08-22,wk inc covid hosp,1,2026-08-29,39,quantile,0.05,19.0
2026-08-22,wk inc covid hosp,1,2026-08-29,39,quantile,0.1,22.0
2026-08-22,wk inc covid hosp,1,2026-08-29,39,quantile,0.15,24.0
2026-08-22,wk inc covid hosp,1,2026-08-29,39,quantile,0.2,26.0
2026-08-22,wk inc covid hosp,1,2026-08-29,39,quantile,0.25,28.0
2026-08-22,wk inc covid hosp,1,2026-08-29,39,quantile,0.3,30.0
2026-08-22,wk inc covid hosp,1,2026-08-29,39,quantile,0.35,31.0
2026-08-22,wk inc covid hosp,1,2026-08-29,39,quantile,0.4,33.0
2026-08-22,wk inc covid hosp,1,2026-08-29,39,quantile,0.45,34.0
2026-08-22,wk inc covid hosp,1,2026-08-29,39,quantile,0.5,36.0
2026-08-22,wk inc covid hosp,1,2026-08-29,39,quantile,0.55,38.0
2026-08-22,wk inc covid hosp,1,2026-08-29,39,quantile,0.6,40.0
2026-08-22,wk inc covid hosp,1,2026-08-29,39,quantile,0.65,42.0
2026-08-22,wk inc covid hosp,1,2026-08-29,39,quantile,0.7,44.0
2026-08-22,wk inc covid hosp,1,2026-08-29,39,quantile,0.75,46.0
2026-08-22,wk inc covid hosp,1,2026-08-29,39,quantile,0.8,49.0
2026-08-22,wk inc covid hosp,1,2026-08-29,39,quantile,0.85,52.0
2026-08-22,wk inc covid hosp,1,2026-08-29,39,quantile,0.9,55.0
2026-08-22,wk inc covid hosp,1,2026-08-29,39,quantile,0.95,61.0
2026-08-22,wk inc covid hosp,1,2026-08-29,39,quantile,0.975,65.0
2026-08-22,wk inc covid hosp,1,2026-08-29,39,quantile,0.99,72.0
2026-08-22,wk inc covid hosp,1,2026-08-29,40,quantile,0.01,0.0
2026-08-22,wk inc covid hosp,1,2026-08-29,40,quantile,0.025,1.0
2026-08-22,wk inc covid hosp,1,2026-08-29,40,quantile,0.05,2.0
2026-08-22,wk inc covid hosp,1,2026-08-29,40,quantile,0.1,2.0
2026-08-22,wk inc covid hosp,1,2026-08-29,40,quantile,0.15,3.0
2026-08-22,wk inc covid hosp,1,2026-08-29,40,quantile,0.2,3.0
2026-08-22,wk inc covid hosp,1,2026-08-29,40,quantile,0.25,4.0
2026-08-22,wk inc covid hosp,1,2026-08-29,40,quantile,0.3,4.0
2026-08-22,wk inc covid hosp,1,2026-08-29,40,quantile,0.35,5.0
2026-08-22,wk inc covid hosp,1,2026-08-29,40,quantile,0.4,5.0
2026-08-22,wk inc covid hosp,1,2026-08-29,40,quantile,0.45,5.0
2026-08-22,wk inc covid hosp,1,2026-08-29,40,quantile,0.5,6.0
2026-08-22,wk inc covid hosp,1,2026-08-29,40,quantile,0.55,6.0
2026-08-22,wk inc covid hosp,1,2026-08-29,40,quantile,0.6,6.0
2026-08-22,wk inc covid hosp,1,2026-08-29,40,quantile,0.65,7.0
2026-08-22,wk inc covid hosp,1,2026-08-29,40,quantile,0.7,7.0
2026-08-22,wk inc covid hosp,1,2026-08-29,40,quantile,0.75,8.0
2026-08-22,wk inc covid hosp,1,2026-08-29,40,quantile,0.8,9.0
2026-08-22,wk inc covid hosp,1,2026-08-29,40,quantile,0.85,9.0
2026-08-22,wk inc covid hosp,1,2026-08-29,40,quantile,0.9,10.0
2026-08-22,wk inc covid hosp,1,2026-08-29,40,quantile,0.95,12.0
2026-08-22,wk inc covid hosp,1,2026-08-29,40,quantile,0.975,13.0
2026-08-22,wk inc covid hosp,1,2026-08-29,40,quantile,0.99,15.0
2026-08-22,wk inc covid hosp,1,2026-08-29,41,quantile,0.01,2.0
2026-08-22,wk inc covid hosp,1,2026-08-29,41,quantile,0.025,2.0
2026-08-22,wk inc covid hosp,1,2026-08-29,41,quantile,0.05,3.0
2026-08-22,wk inc covid hosp,1,2026-08-29,41,quantile,0.1,4.0
2026-08-22,wk inc covid hosp,1,2026-08-29,41,quantile,0.15,5.0
2026-08-22,wk inc covid hosp,1,2026-08-29,41,quantile,0.2,6.0
2026-08-22,wk inc covid hosp,1,2026-08-29,41,quantile,0.25,6.0
2026-08-22,wk inc covid hosp,1,2026-08-29,41,quantile,0.3,6.0
2026-08-22,wk inc covid hosp,1,2026-08-29,41,quantile,0.35,7.0
2026-08-22,wk inc covid hosp,1,2026-08-29,41,quantile,0.4,7.0
2026-08-22,wk inc covid hosp,1,2026-08-29,41,quantile,0.45,8.0
2026-08-22,wk inc covid hosp,1,2026-08-29,41,quantile,0.5,8.0
2026-08-22,wk inc covid hosp,1,2026-08-29,41,quantile,0.55,9.0
2026-08-22,wk inc covid hosp,1,2026-08-29,41,quantile,0.6,9.0
2026-08-22,wk inc covid hosp,1,2026-08-29,41,quantile,0.65,10.0
2026-08-22,wk inc covid hosp,1,2026-08-29,41,quantile,0.7,11.0
2026-08-22,wk inc covid hosp,1,2026-08-29,41,quantile,0.75,11.0
2026-08-22,wk inc covid hosp,1,2026-08-29,41,quantile,0.8,12.0
2026-08-22,wk inc covid hosp,1,2026-08-29,41,quantile,0.85,13.0
2026-08-22,wk inc covid hosp,1,2026-08-29,41,quantile,0.9,14.0
2026-08-22,wk inc covid hosp,1,2026-08-29,41,quantile,0.95,17.0
2026-08-22,wk inc covid hosp,1,2026-08-29,41,quantile,0.975,19.0
2026-08-22,wk inc covid hosp,1,2026-08-29,41,quantile,0.99,21.0
2026-08-22,wk inc covid hosp,1,2026-08-29,42,quantile,0.01,22.0
2026-08-22,wk inc covid hosp,1,2026-08-29,42,quantile,0.025,26.0
2026-08-22,wk inc covid hosp,1,2026-08-29,42,quantile,0.05,30.0
2026-08-22,wk inc covid hosp,1,2026-08-29,42,quantile,0.1,36.0
2026-08-22,wk inc covid hosp,1,2026-08-29,42,quantile,0.15,40.0
2026-08-22,wk inc covid hosp,1,2026-08-29,42,quantile,0.2,43.0
2026-08-22,wk inc covid hosp,1,2026-08-29,42,quantile,0.25,46.0
2026-08-22,wk inc covid hosp,1,2026-08-29,42,quantile,0.3,49.0
2026-08-22,wk inc covid hosp,1,2026-08-29,42,quantile,0.35,51.0
2026-08-22,wk inc covid hosp,1,2026-08-29,42,quantile,0.4,54.0
2026-08-22,wk inc covid hosp,1,2026-08-29,42,quantile,0.45,57.0
2026-08-22,wk inc covid hosp,1,2026-08-29,42,quantile,0.5,59.0
2026-08-22,wk inc covid hosp,1,2026-08-29,42,quantile,0.55,62.0
2026-08-22,wk inc covid hosp,1,2026-08-29,42,quantile,0.6,64.0
2026-08-22,wk inc covid hosp,1,2026-08-29,42,quantile,0.65,67.0
2026-08-22,wk inc covid hosp,1,2026-08-29,42,quantile,0.7,70.0
2026-08-22,wk inc covid hosp,1,2026-08-29,42,quantile,0.75,74.0
2026-08-22,wk inc covid hosp,1,2026-08-29,42,quantile,0.8,79.0
2026-08-22,wk inc covid hosp,1,2026-08-29,42,quantile,0.85,83.0
2026-08-22,wk inc covid hosp,1,2026-08-29,42,quantile,0.9,89.0
2026-08-22,wk inc covid hosp,1,2026-08-29,42,quantile,0.95,98.0
2026-08-22,wk inc covid hosp,1,2026-08-29,42,quantile,0.975,108.0
2026-08-22,wk inc covid hosp,1,2026-08-29,42,quantile,0.99,117.0
2026-08-22,wk inc covid hosp,1,2026-08-29,44,quantile,0.01,2.0
2026-08-22,wk inc covid hosp,1,2026-08-29,44,quantile,0.025,2.0
2026-08-22,wk inc covid hosp,1,2026-08-29,44,quantile,0.05,3.0
2026-08-22,wk inc covid hosp,1,2026-08-29,44,quantile,0.1,4.0
2026-08-22,wk inc covid hosp,1,2026-08-29,44,quantile,0.15,5.0
2026-08-22,wk inc covid hosp,1,2026-08-29,44,quantile,0.2,5.0
2026-08-22,wk inc covid hosp,1,2026-08-29,44,quantile,0.25,6.0
2026-08-22,wk inc covid hosp,1,2026-08-29,44,quantile,0.3,7.0
2026-08-22,wk inc covid hosp,1,2026-08-29,44,quantile,0.35,7.0
2026-08-22,wk inc covid hosp,1,2026-08-29,44,quantile,0.4,8.0
2026-08-22,wk inc covid hosp,1,2026-08-29,44,quantile,0.45,8.0
2026-08-22,wk inc covid hosp,1,2026-08-29,44,quantile,0.5,9.0
2026-08-22,wk inc covid hosp,1,2026-08-29,44,quantile,0.55,9.0
2026-08-22,wk inc covid hosp,1,2026-08-29,44,quantile,0.6,10.0
2026-08-22,wk inc covid hosp,1,2026-08-29,44,quantile,0.65,10.0
2026-08-22,wk inc covid hosp,1,2026-08-29,44,quantile,0.7,11.0
2026-08-22,wk inc covid hosp,1,2026-08-29,44,quantile,0.75,12.0
2026-08-22,wk inc covid hosp,1,2026-08-29,44,quantile,0.8,12.0
2026-08-22,wk inc covid hosp,1,2026-08-29,44,quantile,0.85,13.0
2026-08-22,wk inc covid hosp,1,2026-08-29,44,quantile,0.9,14.0
2026-08-22,wk inc covid hosp,1,2026-08-29,44,quantile,0.95,16.0
2026-08-22,wk inc covid hosp,1,2026-08-29,44,quantile,0.975,18.0
2026-08-22,wk inc covid hosp,1,2026-08-29,44,quantile,0.99,21.0
2026-08-22,wk inc covid hosp,1,2026-08-29,45,quantile,0.01,8.0
2026-08-22,wk inc covid hosp,1,2026-08-29,45,quantile,0.025,10.0
2026-08-22,wk inc covid hosp,1,2026-08-29,45,quantile,0.05,12.0
2026-08-22,wk inc covid hosp,1,2026-08-29,45,quantile,0.1,14.0
2026-08-22,wk inc covid hosp,1,2026-08-29,45,quantile,0.15,16.0
2026-08-22,wk inc covid hosp,1,2026-08-29,45,quantile,0.2,18.0
2026-08-22,wk inc covid hosp,1,2026-08-29,45,quantile,0.25,19.0
2026-08-22,wk inc covid hosp,1,2026-08-29,45,quantile,0.3,20.0
2026-08-22,wk inc covid hosp,1,2026-08-29,45,quantile,0.35,21.0
2026-08-22,wk inc covid hosp,1,2026-08-29,45,quantile,0.4,22.0
2026-08-22,wk inc covid hosp,1,2026-08-29,45,quantile,0.45,23.0
2026-08-22,wk inc covid hosp,1,2026-08-29,45,quantile,0.5,24.0
2026-08-22,wk inc covid hosp,1,2026-08-29,45,quantile,0.55,26.0
2026-08-22,wk inc covid hosp,1,2026-08-29,45,quantile,0.6,27.0
2026-08-22,wk inc covid hosp,1,2026-08-29,45,quantile,0.65,28.0
2026-08-22,wk inc covid hosp,1,2026-08-29,45,quantile,0.7,29.0
2026-08-22,wk inc covid hosp,1,2026-08-29,45,quantile,0.75,31.0
2026-08-22,wk inc covid hosp,1,2026-08-29,45,quantile,0.8,34.0
2026-08-22,wk inc covid hosp,1,2026-08-29,45,quantile,0.85,36.0
2026-08-22,wk inc covid hosp,1,2026-08-29,45,quantile,0.9,39.0
2026-08-22,wk inc covid hosp,1,2026-08-29,45,quantile,0.95,43.0
2026-08-22,wk inc covid hosp,1,2026-08-29,45,quantile,0.975,47.0
2026-08-22,wk inc covid hosp,1,2026-08-29,45,quantile,0.99,53.0
2026-08-22,wk inc covid hosp,1,2026-08-29,46,quantile,0.01,0.0
2026-08-22,wk inc covid hosp,1,2026-08-29,46,quantile,0.025,0.0
2026-08-22,wk inc covid hosp,1,2026-08-29,46,quantile,0.05,0.0
2026-08-22,wk inc covid hosp,1,2026-08-29,46,quantile,0.1,0.0
2026-08-22,wk inc covid hosp,1,2026-08-29,46,quantile,0.15,0.0
2026-08-22,wk inc covid hosp,1,2026-08-29,46,quantile,0.2,1.0
2026-08-22,wk inc covid hosp,1,2026-08-29,46,quantile,0.25,1.0
2026-08-22,wk inc covid hosp,1,2026-08-29,46,quantile,0.3,1.0
2026-08-22,wk inc covid hosp,1,2026-08-29,46,quantile,0.35,1.0
2026-08-22,wk inc covid hosp,1,2026-08-29,46,quantile,0.4,1.0
2026-08-22,wk inc covid hosp,1,2026-08-29,46,quantile,0.45,2.0
2026-08-22,wk inc covid hosp,1,2026-08-29,46,quantile,0.5,2.0
2026-08-22,wk inc covid hosp,1,2026-08-29,46,quantile,0.55,2.0
2026-08-22,wk inc covid hosp,1,2026-08-29,46,quantile,0.6,2.0
2026-08-22,wk inc covid hosp,1,2026-08-29,46,quantile,0.65,2.0
2026-08-22,wk inc covid hosp,1,2026-08-29,46,quantile,0.7,3.0
2026-08-22,wk inc covid hosp,1,2026-08-29,46,quantile,0.75,3.0
2026-08-22,wk inc covid hosp,1,2026-08-29,46,quantile,0.8,3.0
2026-08-22,wk inc covid hosp,1,2026-08-29,46,quantile,0.85,4.0
2026-08-22,wk inc covid hosp,1,2026-08-29,46,quantile,0.9,4.0
2026-08-22,wk inc covid hosp,1,2026-08-29,46,quantile,0.95,5.0
2026-08-22,wk inc covid hosp,1,2026-08-29,46,quantile,0.975,6.0
2026-08-22,wk inc covid hosp,1,2026-08-29,46,quantile,0.99,6.0
2026-08-22,wk inc covid hosp,1,2026-08-29,47,quantile,0.01,14.0
2026-08-22,wk inc covid hosp,1,2026-08-29,47,quantile,0.025,18.0
2026-08-22,wk inc covid hosp,1,2026-08-29,47,quantile,0.05,21.0
2026-08-22,wk inc covid hosp,1,2026-08-29,47,quantile,0.1,25.0
2026-08-22,wk inc covid hosp,1,2026-08-29,47,quantile,0.15,28.0
2026-08-22,wk inc covid hosp,1,2026-08-29,47,quantile,0.2,30.0
2026-08-22,wk inc covid hosp,1,2026-08-29,47,quantile,0.25,32.0
2026-08-22,wk inc covid hosp,1,2026-08-29,47,quantile,0.3,34.0
2026-08-22,wk inc covid hosp,1,2026-08-29,47,quantile,0.35,36.0
2026-08-22,wk inc covid hosp,1,2026-08-29,47,quantile,0.4,37.0
2026-08-22,wk inc covid hosp,1,2026-08-29,47,quantile,0.45,39.0
2026-08-22,wk inc covid hosp,1,2026-08-29,47,quantile,0.5,41.0
2026-08-22,wk inc covid hosp,1,2026-08-29,47,quantile,0.55,42.0
2026-08-22,wk inc covid hosp,1,2026-08-29,47,quantile,0.6,44.0
2026-08-22,wk inc covid hosp,1,2026-08-29,47,quantile,0.65,46.0
2026-08-22,wk inc covid hosp,1,2026-08-29,47,quantile,0.7,49.0
2026-08-22,wk inc covid hosp,1,2026-08-29,47,quantile,0.75,51.0
2026-08-22,wk inc covid hosp,1,2026-08-29,47,quantile,0.8,54.0
2026-08-22,wk inc covid hosp,1,2026-08-29,47,quantile,0.85,57.0
2026-08-22,wk inc covid hosp,1,2026-08-29,47,quantile,0.9,62.0
2026-08-22,wk inc covid hosp,1,2026-08-29,47,quantile,0.95,68.0
2026-08-22,wk inc covid hosp,1,2026-08-29,47,quantile,0.975,75.0
2026-08-22,wk inc covid hosp,1,2026-08-29,47,quantile,0.99,82.0
2026-08-22,wk inc covid hosp,1,2026-08-29,48,quantile,0.01,114.0
2026-08-22,wk inc covid hosp,1,2026-08-29,48,quantile,0.025,130.0
2026-08-22,wk inc covid hosp,1,2026-08-29,48,quantile,0.05,146.0
2026-08-22,wk inc covid hosp,1,2026-08-29,48,quantile,0.1,171.0
2026-08-22,wk inc covid hosp,1,2026-08-29,48,quantile,0.15,191.0
2026-08-22,wk inc covid hosp,1,2026-08-29,48,quantile,0.2,205.0
2026-08-22,wk inc covid hosp,1,2026-08-29,48,quantile,0.25,217.0
2026-08-22,wk inc covid hosp,1,2026-08-29,48,quantile,0.3,231.0
2026-08-22,wk inc covid hosp,1,2026-08-29,48,quantile,0.35,239.0
2026-08-22,wk inc covid hosp,1,2026-08-29,48,quantile,0.4,252.0
2026-08-22,wk inc covid hosp,1,2026-08-29,48,quantile,0.45,264.0
2026-08-22,wk inc covid hosp,1,2026-08-29,48,quantile,0.5,275.0
2026-08-22,wk inc covid hosp,1,2026-08-29,48,quantile,0.55,287.0
2026-08-22,wk inc covid hosp,1,2026-08-29,48,quantile,0.6,298.0
2026-08-22,wk inc covid hosp,1,2026-08-29,48,quantile,0.65,311.0
2026-08-22,wk inc covid hosp,1,2026-08-29,48,quantile,0.7,324.0
2026-08-22,wk inc covid hosp,1,2026-08-29,48,quantile,0.75,339.0
2026-08-22,wk inc covid hosp,1,2026-08-29,48,quantile,0.8,356.0
2026-08-22,wk inc covid hosp,1,2026-08-29,48,quantile,0.85,377.0
2026-08-22,wk inc covid hosp,1,2026-08-29,48,quantile,0.9,406.0
2026-08-22,wk inc covid hosp,1,2026-08-29,48,quantile,0.95,454.0
2026-08-22,wk inc covid hosp,1,2026-08-29,48,quantile,0.975,486.0
2026-08-22,wk inc covid hosp,1,2026-08-29,48,quantile,0.99,536.0
2026-08-22,wk inc covid hosp,1,2026-08-29,49,quantile,0.01,0.0
2026-08-22,wk inc covid hosp,1,2026-08-29,49,quantile,0.025,0.0
2026-08-22,wk inc covid hosp,1,2026-08-29,49,quantile,0.05,1.0
2026-08-22,wk inc covid hosp,1,2026-08-29,49,quantile,0.1,1.0
2026-08-22,wk inc covid hosp,1,2026-08-29,49,quantile,0.15,2.0
2026-08-22,wk inc covid hosp,1,2026-08-29,49,quantile,0.2,2.0
2026-08-22,wk inc covid hosp,1,2026-08-29,49,quantile,0.25,2.0
2026-08-22,wk inc covid hosp,1,2026-08-29,49,quantile,0.3,2.0
2026-08-22,wk inc covid hosp,1,2026-08-29,49,quantile,0.35,3.0
2026-08-22,wk inc covid hosp,1,2026-08-29,49,quantile,0.4,3.0
2026-08-22,wk inc covid hosp,1,2026-08-29,49,quantile,0.45,3.0
2026-08-22,wk inc covid hosp,1,2026-08-29,49,quantile,0.5,4.0
2026-08-22,wk inc covid hosp,1,2026-08-29,49,quantile,0.55,4.0
2026-08-22,wk inc covid hosp,1,2026-08-29,49,quantile,0.6,4.0
2026-08-22,wk inc covid hosp,1,2026-08-29,49,quantile,0.65,5.0
2026-08-22,wk inc covid hosp,1,2026-08-29,49,quantile,0.7,5.0
2026-08-22,wk inc covid hosp,1,2026-08-29,49,quantile,0.75,5.0
2026-08-22,wk inc covid hosp,1,2026-08-29,49,quantile,0.8,6.0
2026-08-22,wk inc covid hosp,1,2026-08-29,49,quantile,0.85,6.0
2026-08-22,wk inc covid hosp,1,2026-08-29,49,quantile,0.9,7.0
2026-08-22,wk inc covid hosp,1,2026-08-29,49,quantile,0.95,8.0
2026-08-22,wk inc covid hosp,1,2026-08-29,49,quantile,0.975,9.0
2026-08-22,wk inc covid hosp,1,2026-08-29,49,quantile,0.99,10.0
2026-08-22,wk inc covid hosp,1,2026-08-29,50,quantile,0.01,0.0
2026-08-22,wk inc covid hosp,1,2026-08-29,50,quantile,0.025,0.0
2026-08-22,wk inc covid hosp,1,2026-08-29,50,quantile,0.05,0.0
2026-08-22,wk inc covid hosp,1,2026-08-29,50,quantile,0.1,0.0
2026-08-22,wk inc covid hosp,1,2026-08-29,50,quantile,0.15,0.0
2026-08-22,wk inc covid hosp,1,2026-08-29,50,quantile,0.2,0.0
2026-08-22,wk inc covid hosp,1,2026-08-29,50,quantile,0.25,0.0
2026-08-22,wk inc covid hosp,1,2026-08-29,50,quantile,0.3,0.0
2026-08-22,wk inc covid hosp,1,2026-08-29,50,quantile,0.35,0.0
2026-08-22,wk inc covid hosp,1,2026-08-29,50,quantile,0.4,1.0
2026-08-22,wk inc covid hosp,1,2026-08-29,50,quantile,0.45,1.0
2026-08-22,wk inc covid hosp,1,2026-08-29,50,quantile,0.5,1.0
2026-08-22,wk inc covid hosp,1,2026-08-29,50,quantile,0.55,1.0
2026-08-22,wk inc covid hosp,1,2026-08-29,50,quantile,0.6,1.0
2026-08-22,wk inc covid hosp,1,2026-08-29,50,quantile,0.65,1.0
2026-08-22,wk inc covid hosp,1,2026-08-29,50,quantile,0.7,1.0
2026-08-22,wk inc covid hosp,1,2026-08-29,50,quantile,0.75,2.0
2026-08-22,wk inc covid hosp,1,2026-08-29,50,quantile,0.8,2.0
2026-08-22,wk inc covid hosp,1,2026-08-29,50,quantile,0.85,2.0
2026-08-22,wk inc covid hosp,1,2026-08-29,50,quantile,0.9,2.0
2026-08-22,wk inc covid hosp,1,2026-08-29,50,quantile,0.95,3.0
2026-08-22,wk inc covid hosp,1,2026-08-29,50,quantile,0.975,4.0
2026-08-22,wk inc covid hosp,1,2026-08-29,50,quantile,0.99,4.0
2026-08-22,wk inc covid hosp,1,2026-08-29,51,quantile,0.01,5.0
2026-08-22,wk inc covid hosp,1,2026-08-29,51,quantile,0.025,7.0
2026-08-22,wk inc covid hosp,1,2026-08-29,51,quantile,0.05,8.0
2026-08-22,wk inc covid hosp,1,2026-08-29,51,quantile,0.1,10.0
2026-08-22,wk inc covid hosp,1,2026-08-29,51,quantile,0.15,11.0
2026-08-22,wk inc covid hosp,1,2026-08-29,51,quantile,0.2,13.0
2026-08-22,wk inc covid hosp,1,2026-08-29,51,quantile,0.25,14.0
2026-08-22,wk inc covid hosp,1,2026-08-29,51,quantile,0.3,15.0
2026-08-22,wk inc covid hosp,1,2026-08-29,51,quantile,0.35,16.0
2026-08-22,wk inc covid hosp,1,2026-08-29,51,quantile,0.4,17.0
2026-08-22,wk inc covid hosp,1,2026-08-29,51,quantile,0.45,17.0
2026-08-22,wk inc covid hosp,1,2026-08-29,51,quantile,0.5,18.0
2026-08-22,wk inc covid hosp,1,2026-08-29,51,quantile,0.55,19.0
2026-08-22,wk inc covid hosp,1,2026-08-29,51,quantile,0.6,20.0
2026-08-22,wk inc covid hosp,1,2026-08-29,51,quantile,0.65,21.0
2026-08-22,wk inc covid hosp,1,2026-08-29,51,quantile,0.7,22.0
2026-08-22,wk inc covid hosp,1,2026-08-29,51,quantile,0.75,24.0
2026-08-22,wk inc covid hosp,1,2026-08-29,51,quantile,0.8,25.0
2026-08-22,wk inc covid hosp,1,2026-08-29,51,quantile,0.85,27.0
2026-08-22,wk inc covid hosp,1,2026-08-29,51,quantile,0.9,29.0
2026-08-22,wk inc covid hosp,1,2026-08-29,51,quantile,0.95,32.0
2026-08-22,wk inc covid hosp,1,2026-08-29,51,quantile,0.975,35.0
2026-08-22,wk inc covid hosp,1,2026-08-29,51,quantile,0.99,39.0
2026-08-22,wk inc covid hosp,1,2026-08-29,53,quantile,0.01,15.0
2026-08-22,wk inc covid hosp,1,2026-08-29,53,quantile,0.025,19.0
2026-08-22,wk inc covid hosp,1,2026-08-29,53,quantile,0.05,22.0
2026-08-22,wk inc covid hosp,1,2026-08-29,53,quantile,0.1,27.0
2026-08-22,wk inc covid hosp,1,2026-08-29,53,quantile,0.15,30.0
2026-08-22,wk inc covid hosp,1,2026-08-29,53,quantile,0.2,33.0
2026-08-22,wk inc covid hosp,1,2026-08-29,53,quantile,0.25,34.0
2026-08-22,wk inc covid hosp,1,2026-08-29,53,quantile,0.3,36.0
2026-08-22,wk inc covid hosp,1,2026-08-29,53,quantile,0.35,38.0
2026-08-22,wk inc covid hosp,1,2026-08-29,53,quantile,0.4,41.0
2026-08-22,wk inc covid hosp,1,2026-08-29,53,quantile,0.45,43.0
2026-08-22,wk inc covid hosp,1,2026-08-29,53,quantile,0.5,44.0
2026-08-22,wk inc covid hosp,1,2026-08-29,53,quantile,0.55,47.0
2026-08-22,wk inc covid hosp,1,2026-08-29,53,quantile,0.6,49.0
2026-08-22,wk inc covid hosp,1,2026-08-29,53,quantile,0.65,51.0
2026-08-22,wk inc covid hosp,1,2026-08-29,53,quantile,0.7,54.0
2026-08-22,wk inc covid hosp,1,2026-08-29,53,quantile,0.75,56.0
2026-08-22,wk inc covid hosp,1,2026-08-29,53,quantile,0.8,59.0
2026-08-22,wk inc covid hosp,1,2026-08-29,53,quantile,0.85,62.0
2026-08-22,wk inc covid hosp,1,2026-08-29,53,quantile,0.9,67.0
2026-08-22,wk inc covid hosp,1,2026-08-29,53,quantile,0.95,76.0
2026-08-22,wk inc covid hosp,1,2026-08-29,53,quantile,0.975,83.0
2026-08-22,wk inc covid hosp,1,2026-08-29,53,quantile,0.99,93.0
2026-08-22,wk inc covid hosp,1,2026-08-29,54,quantile,0.01,0.0
2026-08-22,wk inc covid hosp,1,2026-08-29,54,quantile,0.025,1.0
2026-08-22,wk inc covid hosp,1,2026-08-29,54,quantile,0.05,1.0
2026-08-22,wk inc covid hosp,1,2026-08-29,54,quantile,0.1,2.0
2026-08-22,wk inc covid hosp,1,2026-08-29,54,quantile,0.15,2.0
2026-08-22,wk inc covid hosp,1,2026-08-29,54,quantile,0.2,3.0
2026-08-22,wk inc covid hosp,1,2026-08-29,54,quantile,0.25,3.0
2026-08-22,wk inc covid hosp,1,2026-08-29,54,quantile,0.3,3.0
2026-08-22,wk inc covid hosp,1,2026-08-29,54,quantile,0.35,4.0
2026-08-22,wk inc covid hosp,1,2026-08-29,54,quantile,0.4,4.0
2026-08-22,wk inc covid hosp,1,2026-08-29,54,quantile,0.45,4.0
2026-08-22,wk inc covid hosp,1,2026-08-29,54,quantile,0.5,5.0
2026-08-22,wk inc covid hosp,1,2026-08-29,54,quantile,0.55,5.0
2026-08-22,wk inc covid hosp,1,2026-08-29,54,quantile,0.6,6.0
2026-08-22,wk inc covid hosp,1,2026-08-29,54,quantile,0.65,6.0
2026-08-22,wk inc covid hosp,1,2026-08-29,54,quantile,0.7,6.0
2026-08-22,wk inc covid hosp,1,2026-08-29,54,quantile,0.75,7.0
2026-08-22,wk inc covid hosp,1,2026-08-29,54,quantile,0.8,7.0
2026-08-22,wk inc covid hosp,1,2026-08-29,54,quantile,0.85,8.0
2026-08-22,wk inc covid hosp,1,2026-08-29,54,quantile,0.9,9.0
2026-08-22,wk inc covid hosp,1,2026-08-29,54,quantile,0.95,10.0
2026-08-22,wk inc covid hosp,1,2026-08-29,54,quantile,0.975,11.0
2026-08-22,wk inc covid hosp,1,2026-08-29,54,quantile,0.99,13.0
2026-08-22,wk inc covid hosp,1,2026-08-29,55,quantile,0.01,1.0
2026-08-22,wk inc covid hosp,1,2026-08-29,55,quantile,0.025,2.0
2026-08-22,wk inc covid hosp,1,2026-08-29,55,quantile,0.05,2.0
2026-08-22,wk inc covid hosp,1,2026-08-29,55,quantile,0.1,3.0
2026-08-22,wk inc covid hosp,1,2026-08-29,55,quantile,0.15,4.0
2026-08-22,wk inc covid hosp,1,2026-08-29,55,quantile,0.2,4.0
2026-08-22,wk inc covid hosp,1,2026-08-29,55,quantile,0.25,5.0
2026-08-22,wk inc covid hosp,1,2026-08-29,55,quantile,0.3,5.0
2026-08-22,wk inc covid hosp,1,2026-08-29,55,quantile,0.35,6.0
2026-08-22,wk inc covid hosp,1,2026-08-29,55,quantile,0.4,6.0
2026-08-22,wk inc covid hosp,1,2026-08-29,55,quantile,0.45,6.0
2026-08-22,wk inc covid hosp,1,2026-08-29,55,quantile,0.5,7.0
2026-08-22,wk inc covid hosp,1,2026-08-29,55,quantile,0.55,7.0
2026-08-22,wk inc covid hosp,1,2026-08-29,55,quantile,0.6,8.0
2026-08-22,wk inc covid hosp,1,2026-08-29,55,quantile,0.65,8.0
2026-08-22,wk inc covid hosp,1,2026-08-29,55,quantile,0.7,9.0
2026-08-22,wk inc covid hosp,1,2026-08-29,55,quantile,0.75,9.0
2026-08-22,wk inc covid hosp,1,2026-08-29,55,quantile,0.8,10.0
2026-08-22,wk inc covid hosp,1,2026-08-29,55,quantile,0.85,11.0
2026-08-22,wk inc covid hosp,1,2026-08-29,55,quantile,0.9,12.0
2026-08-22,wk inc covid hosp,1,2026-08-29,55,quantile,0.95,13.0
2026-08-22,wk inc covid hosp,1,2026-08-29,55,quantile,0.975,14.0
2026-08-22,wk inc covid hosp,1,2026-08-29,55,quantile,0.99,16.0
2026-08-22,wk inc covid hosp,1,2026-08-29,56,quantile,0.01,0.0
2026-08-22,wk inc covid hosp,1,2026-08-29,56,quantile,0.025,0.0
2026-08-22,wk inc covid hosp,1,2026-08-29,56,quantile,0.05,0.0
2026-08-22,wk inc covid hosp,1,2026-08-29,56,quantile,0.1,0.0
2026-08-22,wk inc covid hosp,1,2026-08-29,56,quantile,0.15,0.0
2026-08-22,wk inc covid hosp,1,2026-08-29,56,quantile,0.2,1.0
2026-08-22,wk inc covid hosp,1,2026-08-29,56,quantile,0.25,1.0
2026-08-22,wk inc covid hosp,1,2026-08-29,56,quantile,0.3,1.0
2026-08-22,wk inc covid hosp,1,2026-08-29,56,quantile,0.35,1.0
2026-08-22,wk inc covid hosp,1,2026-08-29,56,quantile,0.4,1.0
2026-08-22,wk inc covid hosp,1,2026-08-29,56,quantile,0.45,2.0
2026-08-22,wk inc covid hosp,1,2026-08-29,56,quantile,0.5,2.0
2026-08-22,wk inc covid hosp,1,2026-08-29,56,quantile,0.55,2.0
2026-08-22,wk inc covid hosp,1,2026-08-29,56,quantile,0.6,2.0
2026-08-22,wk inc covid hosp,1,2026-08-29,56,quantile,0.65,2.0
2026-08-22,wk inc covid hosp,1,2026-08-29,56,quantile,0.7,3.0
2026-08-22,wk inc covid hosp,1,2026-08-29,56,quantile,0.75,3.0
2026-08-22,wk inc covid hosp,1,2026-08-29,56,quantile,0.8,3.0
2026-08-22,wk inc covid hosp,1,2026-08-29,56,quantile,0.85,4.0
2026-08-22,wk inc covid hosp,1,2026-08-29,56,quantile,0.9,4.0
2026-08-22,wk inc covid hosp,1,2026-08-29,56,quantile,0.95,5.0
2026-08-22,wk inc covid hosp,1,2026-08-29,56,quantile,0.975,5.0
2026-08-22,wk inc covid hosp,1,2026-08-29,56,quantile,0.99,6.0
2026-08-22,wk inc covid hosp,1,2026-08-29,72,quantile,0.01,26.0
2026-08-22,wk inc covid hosp,1,2026-08-29,72,quantile,0.025,31.0
2026-08-22,wk inc covid hosp,1,2026-08-29,72,quantile,0.05,36.0
2026-08-22,wk inc covid hosp,1,2026-08-29,72,quantile,0.1,43.0
2026-08-22,wk inc covid hosp,1,2026-08-29,72,quantile,0.15,47.0
2026-08-22,wk inc covid hosp,1,2026-08-29,72,quantile,0.2,51.0
2026-08-22,wk inc covid hosp,1,2026-08-29,72,quantile,0.25,54.0
2026-08-22,wk inc covid hosp,1,2026-08-29,72,quantile,0.3,58.0
2026-08-22,wk inc covid hosp,1,2026-08-29,72,quantile,0.35,60.0
2026-08-22,wk inc covid hosp,1,2026-08-29,72,quantile,0.4,63.0
2026-08-22,wk inc covid hosp,1,2026-08-29,72,quantile,0.45,66.0
2026-08-22,wk inc covid hosp,1,2026-08-29,72,quantile,0.5,69.0
2026-08-22,wk inc covid hosp,1,2026-08-29,72,quantile,0.55,72.0
2026-08-22,wk inc covid hosp,1,2026-08-29,72,quantile,0.6,74.0
2026-08-22,wk inc covid hosp,1,2026-08-29,72,quantile,0.65,78.0
2026-08-22,wk inc covid hosp,1,2026-08-29,72,quantile,0.7,81.0
2026-08-22,wk inc covid hosp,1,2026-08-29,72,quantile,0.75,86.0
2026-08-22,wk inc covid hosp,1,2026-08-29,72,quantile,0.8,91.0
2026-08-22,wk inc covid hosp,1,2026-08-29,72,quantile,0.85,97.0
2026-08-22,wk inc covid hosp,1,2026-08-29,72,quantile,0.9,104.0
2026-08-22,wk inc covid hosp,1,2026-08-29,72,quantile,0.95,115.0
2026-08-22,wk inc covid hosp,1,2026-08-29,72,quantile,0.975,125.0
2026-08-22,wk inc covid hosp,1,2026-08-29,72,quantile,0.99,139.0
2026-08-22,wk inc covid hosp,2,2026-09-05,01,quantile,0.01,24.0
2026-08-22,wk inc covid hosp,2,2026-09-05,01,quantile,0.025,29.0
2026-08-22,wk inc covid hosp,2,2026-09-05,01,quantile,0.05,33.0
2026-08-22,wk inc covid hosp,2,2026-09-05,01,quantile,0.1,38.0
2026-08-22,wk inc covid hosp,2,2026-09-05,01,quantile,0.15,42.0
2026-08-22,wk inc covid hosp,2,2026-09-05,01,quantile,0.2,46.0
2026-08-22,wk inc covid hosp,2,2026-09-05,01,quantile,0.25,48.0
2026-08-22,wk inc covid hosp,2,2026-09-05,01,quantile,0.3,51.0
2026-08-22,wk inc covid hosp,2,2026-09-05,01,quantile,0.35,54.0
2026-08-22,wk inc covid hosp,2,2026-09-05,01,quantile,0.4,57.0
2026-08-22,wk inc covid hosp,2,2026-09-05,01,quantile,0.45,59.0
2026-08-22,wk inc covid hosp,2,2026-09-05,01,quantile,0.5,62.0
2026-08-22,wk inc covid hosp,2,2026-09-05,01,quantile,0.55,65.0
2026-08-22,wk inc covid hosp,2,2026-09-05,01,quantile,0.6,68.0
2026-08-22,wk inc covid hosp,2,2026-09-05,01,quantile,0.65,72.0
2026-08-22,wk inc covid hosp,2,2026-09-05,01,quantile,0.7,75.0
2026-08-22,wk inc covid hosp,2,2026-09-05,01,quantile,0.75,79.0
2026-08-22,wk inc covid hosp,2,2026-09-05,01,quantile,0.8,83.0
2026-08-22,wk inc covid hosp,2,2026-09-05,01,quantile,0.85,87.0
2026-08-22,wk inc covid hosp,2,2026-09-05,01,quantile,0.9,93.0
2026-08-22,wk inc covid hosp,2,2026-09-05,01,quantile,0.95,103.0
2026-08-22,wk inc covid hosp,2,2026-09-05,01,quantile,0.975,111.0
2026-08-22,wk inc covid hosp,2,2026-09-05,01,quantile,0.99,123.0
2026-08-22,wk inc covid hosp,2,2026-09-05,02,quantile,0.01,0.0
2026-08-22,wk inc covid hosp,2,2026-09-05,02,quantile,0.025,0.0
2026-08-22,wk inc covid hosp,2,2026-09-05,02,quantile,0.05,0.0
2026-08-22,wk inc covid hosp,2,2026-09-05,02,quantile,0.1,1.0
2026-08-22,wk inc covid hosp,2,2026-09-05,02,quantile,0.15,1.0
2026-08-22,wk inc covid hosp,2,2026-09-05,02,quantile,0.2,1.0
2026-08-22,wk inc covid hosp,2,2026-09-05,02,quantile,0.25,2.0
2026-08-22,wk inc covid hosp,2,2026-09-05,02,quantile,0.3,2.0
2026-08-22,wk inc covid hosp,2,2026-09-05,02,quantile,0.35,2.0
2026-08-22,wk inc covid hosp,2,2026-09-05,02,quantile,0.4,2.0
2026-08-22,wk inc covid hosp,2,2026-09-05,02,quantile,0.45,3.0
2026-08-22,wk inc covid hosp,2,2026-09-05,02,quantile,0.5,3.0
2026-08-22,wk inc covid hosp,2,2026-09-05,02,quantile,0.55,3.0
2026-08-22,wk inc covid hosp,2,2026-09-05,02,quantile,0.6,3.0
2026-08-22,wk inc covid hosp,2,2026-09-05,02,quantile,0.65,4.0
2026-08-22,wk inc covid hosp,2,2026-09-05,02,quantile,0.7,4.0
2026-08-22,wk inc covid hosp,2,2026-09-05,02,quantile,0.75,4.0
2026-08-22,wk inc covid hosp,2,2026-09-05,02,quantile,0.8,5.0
2026-08-22,wk inc covid hosp,2,2026-09-05,02,quantile,0.85,5.0
2026-08-22,wk inc covid hosp,2,2026-09-05,02,quantile,0.9,6.0
2026-08-22,wk inc covid hosp,2,2026-09-05,02,quantile,0.95,7.0
2026-08-22,wk inc covid hosp,2,2026-09-05,02,quantile,0.975,8.0
2026-08-22,wk inc covid hosp,2,2026-09-05,02,quantile,0.99,9.0
2026-08-22,wk inc covid hosp,2,2026-09-05,04,quantile,0.01,15.0
2026-08-22,wk inc covid hosp,2,2026-09-05,04,quantile,0.025,19.0
2026-08-22,wk inc covid hosp,2,2026-09-05,04,quantile,0.05,22.0
2026-08-22,wk inc covid hosp,2,2026-09-05,04,quantile,0.1,25.0
2026-08-22,wk inc covid hosp,2,2026-09-05,04,quantile,0.15,28.0
2026-08-22,wk inc covid hosp,2,2026-09-05,04,quantile,0.2,30.0
2026-08-22,wk inc covid hosp,2,2026-09-05,04,quantile,0.25,33.0
2026-08-22,wk inc covid hosp,2,2026-09-05,04,quantile,0.3,35.0
2026-08-22,wk inc covid hosp,2,2026-09-05,04,quantile,0.35,37.0
2026-08-22,wk inc covid hosp,2,2026-09-05,04,quantile,0.4,39.0
2026-08-22,wk inc covid hosp,2,2026-09-05,04,quantile,0.45,40.0
2026-08-22,wk inc covid hosp,2,2026-09-05,04,quantile,0.5,42.0
2026-08-22,wk inc covid hosp,2,2026-09-05,04,quantile,0.55,44.0
2026-08-22,wk inc covid hosp,2,2026-09-05,04,quantile,0.6,46.0
2026-08-22,wk inc covid hosp,2,2026-09-05,04,quantile,0.65,49.0
2026-08-22,wk inc covid hosp,2,2026-09-05,04,quantile,0.7,51.0
2026-08-22,wk inc covid hosp,2,2026-09-05,04,quantile,0.75,53.0
2026-08-22,wk inc covid hosp,2,2026-09-05,04,quantile,0.8,56.0
2026-08-22,wk inc covid hosp,2,2026-09-05,04,quantile,0.85,60.0
2026-08-22,wk inc covid hosp,2,2026-09-05,04,quantile,0.9,65.0
2026-08-22,wk inc covid hosp,2,2026-09-05,04,quantile,0.95,71.0
2026-08-22,wk inc covid hosp,2,2026-09-05,04,quantile,0.975,78.0
2026-08-22,wk inc covid hosp,2,2026-09-05,04,quantile,0.99,86.0
2026-08-22,wk inc covid hosp,2,2026-09-05,05,quantile,0.01,3.0
2026-08-22,wk inc covid hosp,2,2026-09-05,05,quantile,0.025,4.0
2026-08-22,wk inc covid hosp,2,2026-09-05,05,quantile,0.05,6.0
2026-08-22,wk inc covid hosp,2,2026-09-05,05,quantile,0.1,7.0
2026-08-22,wk inc covid hosp,2,2026-09-05,05,quantile,0.15,8.0
2026-08-22,wk inc covid hosp,2,2026-09-05,05,quantile,0.2,9.0
2026-08-22,wk inc covid hosp,2,2026-09-05,05,quantile,0.25,10.0
2026-08-22,wk inc covid hosp,2,2026-09-05,05,quantile,0.3,11.0
2026-08-22,wk inc covid hosp,2,2026-09-05,05,quantile,0.35,11.0
2026-08-22,wk inc covid hosp,2,2026-09-05,05,quantile,0.4,12.0
2026-08-22,wk inc covid hosp,2,2026-09-05,05,quantile,0.45,13.0
2026-08-22,wk inc covid hosp,2,2026-09-05,05,quantile,0.5,13.0
2026-08-22,wk inc covid hosp,2,2026-09-05,05,quantile,0.55,14.0
2026-08-22,wk inc covid hosp,2,2026-09-05,05,quantile,0.6,15.0
2026-08-22,wk inc covid hosp,2,2026-09-05,05,quantile,0.65,16.0
2026-08-22,wk inc covid hosp,2,2026-09-05,05,quantile,0.7,16.0
2026-08-22,wk inc covid hosp,2,2026-09-05,05,quantile,0.75,18.0
2026-08-22,wk inc covid hosp,2,2026-09-05,05,quantile,0.8,19.0
2026-08-22,wk inc covid hosp,2,2026-09-05,05,quantile,0.85,20.0
2026-08-22,wk inc covid hosp,2,2026-09-05,05,quantile,0.9,22.0
2026-08-22,wk inc covid hosp,2,2026-09-05,05,quantile,0.95,25.0
2026-08-22,wk inc covid hosp,2,2026-09-05,05,quantile,0.975,27.0
2026-08-22,wk inc covid hosp,2,2026-09-05,05,quantile,0.99,30.0
2026-08-22,wk inc covid hosp,2,2026-09-05,06,quantile,0.01,153.0
2026-08-22,wk inc covid hosp,2,2026-09-05,06,quantile,0.025,178.0
2026-08-22,wk inc covid hosp,2,2026-09-05,06,quantile,0.05,197.0
2026-08-22,wk inc covid hosp,2,2026-09-05,06,quantile,0.1,230.0
2026-08-22,wk inc covid hosp,2,2026-09-05,06,quantile,0.15,253.0
2026-08-22,wk inc covid hosp,2,2026-09-05,06,quantile,0.2,267.0
2026-08-22,wk inc covid hosp,2,2026-09-05,06,quantile,0.25,282.0
2026-08-22,wk inc covid hosp,2,2026-09-05,06,quantile,0.3,297.0
2026-08-22,wk inc covid hosp,2,2026-09-05,06,quantile,0.35,310.0
2026-08-22,wk inc covid hosp,2,2026-09-05,06,quantile,0.4,326.0
2026-08-22,wk inc covid hosp,2,2026-09-05,06,quantile,0.45,340.0
2026-08-22,wk inc covid hosp,2,2026-09-05,06,quantile,0.5,355.0
2026-08-22,wk inc covid hosp,2,2026-09-05,06,quantile,0.55,369.0
2026-08-22,wk inc covid hosp,2,2026-09-05,06,quantile,0.6,385.0
2026-08-22,wk inc covid hosp,2,2026-09-05,06,quantile,0.65,402.0
2026-08-22,wk inc covid hosp,2,2026-09-05,06,quantile,0.7,420.0
2026-08-22,wk inc covid hosp,2,2026-09-05,06,quantile,0.75,441.0
2026-08-22,wk inc covid hosp,2,2026-09-05,06,quantile,0.8,465.0
2026-08-22,wk inc covid hosp,2,2026-09-05,06,quantile,0.85,491.0
2026-08-22,wk inc covid hosp,2,2026-09-05,06,quantile,0.9,531.0
2026-08-22,wk inc covid hosp,2,2026-09-05,06,quantile,0.95,583.0
2026-08-22,wk inc covid hosp,2,2026-09-05,06,quantile,0.975,633.0
2026-08-22,wk inc covid hosp,2,2026-09-05,06,quantile,0.99,697.0
2026-08-22,wk inc covid hosp,2,2026-09-05,08,quantile,0.01,4.0
2026-08-22,wk inc covid hosp,2,2026-09-05,08,quantile,0.025,5.0
2026-08-22,wk inc covid hosp,2,2026-09-05,08,quantile,0.05,7.0
2026-08-22,wk inc covid hosp,2,2026-09-05,08,quantile,0.1,8.0
2026-08-22,wk inc covid hosp,2,2026-09-05,08,quantile,0.15,9.0
2026-08-22,wk inc covid hosp,2,2026-09-05,08,quantile,0.2,10.0
2026-08-22,wk inc covid hosp,2,2026-09-05,08,quantile,0.25,11.0
2026-08-22,wk inc covid hosp,2,2026-09-05,08,quantile,0.3,12.0
2026-08-22,wk inc covid hosp,2,2026-09-05,08,quantile,0.35,13.0
2026-08-22,wk inc covid hosp,2,2026-09-05,08,quantile,0.4,14.0
2026-08-22,wk inc covid hosp,2,2026-09-05,08,quantile,0.45,15.0
2026-08-22,wk inc covid hosp,2,2026-09-05,08,quantile,0.5,15.0
2026-08-22,wk inc covid hosp,2,2026-09-05,08,quantile,0.55,16.0
2026-08-22,wk inc covid hosp,2,2026-09-05,08,quantile,0.6,17.0
2026-08-22,wk inc covid hosp,2,2026-09-05,08,quantile,0.65,18.0
2026-08-22,wk inc covid hosp,2,2026-09-05,08,quantile,0.7,19.0
2026-08-22,wk inc covid hosp,2,2026-09-05,08,quantile,0.75,20.0
2026-08-22,wk inc covid hosp,2,2026-09-05,08,quantile,0.8,21.0
2026-08-22,wk inc covid hosp,2,2026-09-05,08,quantile,0.85,23.0
2026-08-22,wk inc covid hosp,2,2026-09-05,08,quantile,0.9,25.0
2026-08-22,wk inc covid hosp,2,2026-09-05,08,quantile,0.95,28.0
2026-08-22,wk inc covid hosp,2,2026-09-05,08,quantile,0.975,31.0
2026-08-22,wk inc covid hosp,2,2026-09-05,08,quantile,0.99,34.0
2026-08-22,wk inc covid hosp,2,2026-09-05,09,quantile,0.01,2.0
2026-08-22,wk inc covid hosp,2,2026-09-05,09,quantile,0.025,2.0
2026-08-22,wk inc covid hosp,2,2026-09-05,09,quantile,0.05,3.0
2026-08-22,wk inc covid hosp,2,2026-09-05,09,quantile,0.1,4.0
2026-08-22,wk inc covid hosp,2,2026-09-05,09,quantile,0.15,5.0
2026-08-22,wk inc covid hosp,2,2026-09-05,09,quantile,0.2,5.0
2026-08-22,wk inc covid hosp,2,2026-09-05,09,quantile,0.25,6.0
2026-08-22,wk inc covid hosp,2,2026-09-05,09,quantile,0.3,6.0
2026-08-22,wk inc covid hosp,2,2026-09-05,09,quantile,0.35,7.0
2026-08-22,wk inc covid hosp,2,2026-09-05,09,quantile,0.4,7.0
2026-08-22,wk inc covid hosp,2,2026-09-05,09,quantile,0.45,8.0
2026-08-22,wk inc covid hosp,2,2026-09-05,09,quantile,0.5,8.0
2026-08-22,wk inc covid hosp,2,2026-09-05,09,quantile,0.55,9.0
2026-08-22,wk inc covid hosp,2,2026-09-05,09,quantile,0.6,9.0
2026-08-22,wk inc covid hosp,2,2026-09-05,09,quantile,0.65,10.0
2026-08-22,wk inc covid hosp,2,2026-09-05,09,quantile,0.7,11.0
2026-08-22,wk inc covid hosp,2,2026-09-05,09,quantile,0.75,11.0
2026-08-22,wk inc covid hosp,2,2026-09-05,09,quantile,0.8,12.0
2026-08-22,wk inc covid hosp,2,2026-09-05,09,quantile,0.85,13.0
2026-08-22,wk inc covid hosp,2,2026-09-05,09,quantile,0.9,15.0
2026-08-22,wk inc covid hosp,2,2026-09-05,09,quantile,0.95,17.0
2026-08-22,wk inc covid hosp,2,2026-09-05,09,quantile,0.975,19.0
2026-08-22,wk inc covid hosp,2,2026-09-05,09,quantile,0.99,21.0
2026-08-22,wk inc covid hosp,2,2026-09-05,10,quantile,0.01,0.0
2026-08-22,wk inc covid hosp,2,2026-09-05,10,quantile,0.025,0.0
2026-08-22,wk inc covid hosp,2,2026-09-05,10,quantile,0.05,0.0
2026-08-22,wk inc covid hosp,2,2026-09-05,10,quantile,0.1,1.0
2026-08-22,wk inc covid hosp,2,2026-09-05,10,quantile,0.15,1.0
2026-08-22,wk inc covid hosp,2,2026-09-05,10,quantile,0.2,1.0
2026-08-22,wk inc covid hosp,2,2026-09-05,10,quantile,0.25,2.0
2026-08-22,wk inc covid hosp,2,2026-09-05,10,quantile,0.3,2.0
2026-08-22,wk inc covid hosp,2,2026-09-05,10,quantile,0.35,2.0
2026-08-22,wk inc covid hosp,2,2026-09-05,10,quantile,0.4,2.0
2026-08-22,wk inc covid hosp,2,2026-09-05,10,quantile,0.45,2.0
2026-08-22,wk inc covid hosp,2,2026-09-05,10,quantile,0.5,3.0
2026-08-22,wk inc covid hosp,2,2026-09-05,10,quantile,0.55,3.0
2026-08-22,wk inc covid hosp,2,2026-09-05,10,quantile,0.6,3.0
2026-08-22,wk inc covid hosp,2,2026-09-05,10,quantile,0.65,3.0
2026-08-22,wk inc covid hosp,2,2026-09-05,10,quantile,0.7,4.0
2026-08-22,wk inc covid hosp,2,2026-09-05,10,quantile,0.75,4.0
2026-08-22,wk inc covid hosp,2,2026-09-05,10,quantile,0.8,5.0
2026-08-22,wk inc covid hosp,2,2026-09-05,10,quantile,0.85,5.0
2026-08-22,wk inc covid hosp,2,2026-09-05,10,quantile,0.9,6.0
2026-08-22,wk inc covid hosp,2,2026-09-05,10,quantile,0.95,7.0
2026-08-22,wk inc covid hosp,2,2026-09-05,10,quantile,0.975,8.0
2026-08-22,wk inc covid hosp,2,2026-09-05,10,quantile,0.99,9.0
2026-08-22,wk inc covid hosp,2,2026-09-05,11,quantile,0.01,0.0
2026-08-22,wk inc covid hosp,2,2026-09-05,11,quantile,0.025,1.0
2026-08-22,wk inc covid hosp,2,2026-09-05,11,quantile,0.05,1.0
2026-08-22,wk inc covid hosp,2,2026-09-05,11,quantile,0.1,2.0
2026-08-22,wk inc covid hosp,2,2026-09-05,11,quantile,0.15,2.0
2026-08-22,wk inc covid hosp,2,2026-09-05,11,quantile,0.2,3.0
2026-08-22,wk inc covid hosp,2,2026-09-05,11,quantile,0.25,3.0
2026-08-22,wk inc covid hosp,2,2026-09-05,11,quantile,0.3,3.0
2026-08-22,wk inc covid hosp,2,2026-09-05,11,quantile,0.35,4.0
2026-08-22,wk inc covid hosp,2,2026-09-05,11,quantile,0.4,4.0
2026-08-22,wk inc covid hosp,2,2026-09-05,11,quantile,0.45,4.0
2026-08-22,wk inc covid hosp,2,2026-09-05,11,quantile,0.5,5.0
2026-08-22,wk inc covid hosp,2,2026-09-05,11,quantile,0.55,5.0
2026-08-22,wk inc covid hosp,2,2026-09-05,11,quantile,0.6,5.0
2026-08-22,wk inc covid hosp,2,2026-09-05,11,quantile,0.65,6.0
2026-08-22,wk inc covid hosp,2,2026-09-05,11,quantile,0.7,6.0
2026-08-22,wk inc covid hosp,2,2026-09-05,11,quantile,0.75,7.0
2026-08-22,wk inc covid hosp,2,2026-09-05,11,quantile,0.8,7.0
2026-08-22,wk inc covid hosp,2,2026-09-05,11,quantile,0.85,8.0
2026-08-22,wk inc covid hosp,2,2026-09-05,11,quantile,0.9,9.0
2026-08-22,wk inc covid hosp,2,2026-09-05,11,quantile,0.95,10.0
2026-08-22,wk inc covid hosp,2,2026-09-05,11,quantile,0.975,11.0
2026-08-22,wk inc covid hosp,2,2026-09-05,11,quantile,0.99,13.0
2026-08-22,wk inc covid hosp,2,2026-09-05,12,quantile,0.01,149.0
2026-08-22,wk inc covid hosp,2,2026-09-05,12,quantile,0.025,167.0
2026-08-22,wk inc covid hosp,2,2026-09-05,12,quantile,0.05,189.0
2026-08-22,wk inc covid hosp,2,2026-09-05,12,quantile,0.1,217.0
2026-08-22,wk inc covid hosp,2,2026-09-05,12,quantile,0.15,239.0
2026-08-22,wk inc covid hosp,2,2026-09-05,12,quantile,0.2,254.0
2026-08-22,wk inc covid hosp,2,2026-09-05,12,quantile,0.25,270.0
2026-08-22,wk inc covid hosp,2,2026-09-05,12,quantile,0.3,283.0
2026-08-22,wk inc covid hosp,2,2026-09-05,12,quantile,0.35,295.0
2026-08-22,wk inc covid hosp,2,2026-09-05,12,quantile,0.4,309.0
2026-08-22,wk inc covid hosp,2,2026-09-05,12,quantile,0.45,322.0
2026-08-22,wk inc covid hosp,2,2026-09-05,12,quantile,0.5,338.0
2026-08-22,wk inc covid hosp,2,2026-09-05,12,quantile,0.55,352.0
2026-08-22,wk inc covid hosp,2,2026-09-05,12,quantile,0.6,369.0
2026-08-22,wk inc covid hosp,2,2026-09-05,12,quantile,0.65,383.0
2026-08-22,wk inc covid hosp,2,2026-09-05,12,quantile,0.7,398.0
2026-08-22,wk inc covid hosp,2,2026-09-05,12,quantile,0.75,414.0
2026-08-22,wk inc covid hosp,2,2026-09-05,12,quantile,0.8,433.0
2026-08-22,wk inc covid hosp,2,2026-09-05,12,quantile,0.85,458.0
2026-08-22,wk inc covid hosp,2,2026-09-05,12,quantile,0.9,487.0
2026-08-22,wk inc covid hosp,2,2026-09-05,12,quantile,0.95,543.0
2026-08-22,wk inc covid hosp,2,2026-09-05,12,quantile,0.975,589.0
2026-08-22,wk inc covid hosp,2,2026-09-05,12,quantile,0.99,657.0
2026-08-22,wk inc covid hosp,2,2026-09-05,13,quantile,0.01,30.0
2026-08-22,wk inc covid hosp,2,2026-09-05,13,quantile,0.025,35.0
2026-08-22,wk inc covid hosp,2,2026-09-05,13,quantile,0.05,39.0
2026-08-22,wk inc covid hosp,2,2026-09-05,13,quantile,0.1,47.0
2026-08-22,wk inc covid hosp,2,2026-09-05,13,quantile,0.15,52.0
2026-08-22,wk inc covid hosp,2,2026-09-05,13,quantile,0.2,55.0
2026-08-22,wk inc covid hosp,2,2026-09-05,13,quantile,0.25,59.0
2026-08-22,wk inc covid hosp,2,2026-09-05,13,quantile,0.3,63.0
2026-08-22,wk inc covid hosp,2,2026-09-05,13,quantile,0.35,67.0
2026-08-22,wk inc covid hosp,2,2026-09-05,13,quantile,0.4,70.0
2026-08-22,wk inc covid hosp,2,2026-09-05,13,quantile,0.45,73.0
2026-08-22,wk inc covid hosp,2,2026-09-05,13,quantile,0.5,76.0
2026-08-22,wk inc covid hosp,2,2026-09-05,13,quantile,0.55,79.0
2026-08-22,wk inc covid hosp,2,2026-09-05,13,quantile,0.6,83.0
2026-08-22,wk inc covid hosp,2,2026-09-05,13,quantile,0.65,86.0
2026-08-22,wk inc covid hosp,2,2026-09-05,13,quantile,0.7,90.0
2026-08-22,wk inc covid hosp,2,2026-09-05,13,quantile,0.75,94.0
2026-08-22,wk inc covid hosp,2,2026-09-05,13,quantile,0.8,99.0
2026-08-22,wk inc covid hosp,2,2026-09-05,13,quantile,0.85,105.0
2026-08-22,wk inc covid hosp,2,2026-09-05,13,quantile,0.9,113.0
2026-08-22,wk inc covid hosp,2,2026-09-05,13,quantile,0.95,126.0
2026-08-22,wk inc covid hosp,2,2026-09-05,13,quantile,0.975,137.0
2026-08-22,wk inc covid hosp,2,2026-09-05,13,quantile,0.99,152.0
2026-08-22,wk inc covid hosp,2,2026-09-05,15,quantile,0.01,7.0
2026-08-22,wk inc covid hosp,2,2026-09-05,15,quantile,0.025,8.0
2026-08-22,wk inc covid hosp,2,2026-09-05,15,quantile,0.05,10.0
2026-08-22,wk inc covid hosp,2,2026-09-05,15,quantile,0.1,12.0
2026-08-22,wk inc covid hosp,2,2026-09-05,15,quantile,0.15,13.0
2026-08-22,wk inc covid hosp,2,2026-09-05,15,quantile,0.2,15.0
2026-08-22,wk inc covid hosp,2,2026-09-05,15,quantile,0.25,16.0
2026-08-22,wk inc covid hosp,2,2026-09-05,15,quantile,0.3,17.0
2026-08-22,wk inc covid hosp,2,2026-09-05,15,quantile,0.35,18.0
2026-08-22,wk inc covid hosp,2,2026-09-05,15,quantile,0.4,19.0
2026-08-22,wk inc covid hosp,2,2026-09-05,15,quantile,0.45,20.0
2026-08-22,wk inc covid hosp,2,2026-09-05,15,quantile,0.5,21.0
2026-08-22,wk inc covid hosp,2,2026-09-05,15,quantile,0.55,22.0
2026-08-22,wk inc covid hosp,2,2026-09-05,15,quantile,0.6,23.0
2026-08-22,wk inc covid hosp,2,2026-09-05,15,quantile,0.65,24.0
2026-08-22,wk inc covid hosp,2,2026-09-05,15,quantile,0.7,25.0
2026-08-22,wk inc covid hosp,2,2026-09-05,15,quantile,0.75,27.0
2026-08-22,wk inc covid hosp,2,2026-09-05,15,quantile,0.8,28.0
2026-08-22,wk inc covid hosp,2,2026-09-05,15,quantile,0.85,31.0
2026-08-22,wk inc covid hosp,2,2026-09-05,15,quantile,0.9,33.0
2026-08-22,wk inc covid hosp,2,2026-09-05,15,quantile,0.95,37.0
2026-08-22,wk inc covid hosp,2,2026-09-05,15,quantile,0.975,40.0
2026-08-22,wk inc covid hosp,2,2026-09-05,15,quantile,0.99,46.0
2026-08-22,wk inc covid hosp,2,2026-09-05,16,quantile,0.01,0.0
2026-08-22,wk inc covid hosp,2,2026-09-05,16,quantile,0.025,0.0
2026-08-22,wk inc covid hosp,2,2026-09-05,16,quantile,0.05,1.0
2026-08-22,wk inc covid hosp,2,2026-09-05,16,quantile,0.1,1.0
2026-08-22,wk inc covid hosp,2,2026-09-05,16,quantile,0.15,2.0
2026-08-22,wk inc covid hosp,2,2026-09-05,16,quantile,0.2,2.0
2026-08-22,wk inc covid hosp,2,2026-09-05,16,quantile,0.25,2.0
2026-08-22,wk inc covid hosp,2,2026-09-05,16,quantile,0.3,3.0
2026-08-22,wk inc covid hosp,2,2026-09-05,16,quantile,0.35,3.0
2026-08-22,wk inc covid hosp,2,2026-09-05,16,quantile,0.4,3.0
2026-08-22,wk inc covid hosp,2,2026-09-05,16,quantile,0.45,3.0
2026-08-22,wk inc covid hosp,2,2026-09-05,16,quantile,0.5,4.0
2026-08-22,wk inc covid hosp,2,2026-09-05,16,quantile,0.55,4.0
2026-08-22,wk inc covid hosp,2,2026-09-05,16,quantile,0.6,4.0
2026-08-22,wk inc covid hosp,2,2026-09-05,16,quantile,0.65,5.0
2026-08-22,wk inc covid hosp,2,2026-09-05,16,quantile,0.7,5.0
2026-08-22,wk inc covid hosp,2,2026-09-05,16,quantile,0.75,6.0
2026-08-22,wk inc covid hosp,2,2026-09-05,16,quantile,0.8,6.0
2026-08-22,wk inc covid hosp,2,2026-09-05,16,quantile,0.85,6.0
2026-08-22,wk inc covid hosp,2,2026-09-05,16,quantile,0.9,7.0
2026-08-22,wk inc covid hosp,2,2026-09-05,16,quantile,0.95,9.0
2026-08-22,wk inc covid hosp,2,2026-09-05,16,quantile,0.975,10.0
2026-08-22,wk inc covid hosp,2,2026-09-05,16,quantile,0.99,11.0
2026-08-22,wk inc covid hosp,2,2026-09-05,17,quantile,0.01,13.0
2026-08-22,wk inc covid hosp,2,2026-09-05,17,quantile,0.025,16.0
2026-08-22,wk inc covid hosp,2,2026-09-05,17,quantile,0.05,19.0
2026-08-22,wk inc covid hosp,2,2026-09-05,17,quantile,0.1,22.0
2026-08-22,wk inc covid hosp,2,2026-09-05,17,quantile,0.15,25.0
2026-08-22,wk inc covid hosp,2,2026-09-05,17,quantile,0.2,27.0
2026-08-22,wk inc covid hosp,2,2026-09-05,17,quantile,0.25,29.0
2026-08-22,wk inc covid hosp,2,2026-09-05,17,quantile,0.3,31.0
2026-08-22,wk inc covid hosp,2,2026-09-05,17,quantile,0.35,32.0
2026-08-22,wk inc covid hosp,2,2026-09-05,17,quantile,0.4,34.0
2026-08-22,wk inc covid hosp,2,2026-09-05,17,quantile,0.45,36.0
2026-08-22,wk inc covid hosp,2,2026-09-05,17,quantile,0.5,37.0
2026-08-22,wk inc covid hosp,2,2026-09-05,17,quantile,0.55,39.0
2026-08-22,wk inc covid hosp,2,2026-09-05,17,quantile,0.6,41.0
2026-08-22,wk inc covid hosp,2,2026-09-05,17,quantile,0.65,43.0
2026-08-22,wk inc covid hosp,2,2026-09-05,17,quantile,0.7,45.0
2026-08-22,wk inc covid hosp,2,2026-09-05,17,quantile,0.75,47.0
2026-08-22,wk inc covid hosp,2,2026-09-05,17,quantile,0.8,50.0
2026-08-22,wk inc covid hosp,2,2026-09-05,17,quantile,0.85,53.0
2026-08-22,wk inc covid hosp,2,2026-09-05,17,quantile,0.9,58.0
2026-08-22,wk inc covid hosp,2,2026-09-05,17,quantile,0.95,65.0
2026-08-22,wk inc covid hosp,2,2026-09-05,17,quantile,0.975,72.0
2026-08-22,wk inc covid hosp,2,2026-09-05,17,quantile,0.99,81.0
2026-08-22,wk inc covid hosp,2,2026-09-05,18,quantile,0.01,7.0
2026-08-22,wk inc covid hosp,2,2026-09-05,18,quantile,0.025,10.0
2026-08-22,wk inc covid hosp,2,2026-09-05,18,quantile,0.05,11.0
2026-08-22,wk inc covid hosp,2,2026-09-05,18,quantile,0.1,14.0
2026-08-22,wk inc covid hosp,2,2026-09-05,18,quantile,0.15,16.0
2026-08-22,wk inc covid hosp,2,2026-09-05,18,quantile,0.2,17.0
2026-08-22,wk inc covid hosp,2,2026-09-05,18,quantile,0.25,19.0
2026-08-22,wk inc covid hosp,2,2026-09-05,18,quantile,0.3,20.0
2026-08-22,wk inc covid hosp,2,2026-09-05,18,quantile,0.35,21.0
2026-08-22,wk inc covid hosp,2,2026-09-05,18,quantile,0.4,22.0
2026-08-22,wk inc covid hosp,2,2026-09-05,18,quantile,0.45,23.0
2026-08-22,wk inc covid hosp,2,2026-09-05,18,quantile,0.5,24.0
2026-08-22,wk inc covid hosp,2,2026-09-05,18,quantile,0.55,26.0
2026-08-22,wk inc covid hosp,2,2026-09-05,18,quantile,0.6,27.0
2026-08-22,wk inc covid hosp,2,2026-09-05,18,quantile,0.65,28.0
2026-08-22,wk inc covid hosp,2,2026-09-05,18,quantile,0.7,30.0
2026-08-22,wk inc covid hosp,2,2026-09-05,18,quantile,0.75,31.0
2026-08-22,wk inc covid hosp,2,2026-09-05,18,quantile,0.8,33.0
2026-08-22,wk inc covid hosp,2,2026-09-05,18,quantile,0.85,35.0
2026-08-22,wk inc covid hosp,2,2026-09-05,18,quantile,0.9,38.0
2026-08-22,wk inc covid hosp,2,2026-09-05,18,quantile,0.95,42.0
2026-08-22,wk inc covid hosp,2,2026-09-05,18,quantile,0.975,46.0
2026-08-22,wk inc covid hosp,2,2026-09-05,18,quantile,0.99,50.0
2026-08-22,wk inc covid hosp,2,2026-09-05,19,quantile,0.01,0.0
2026-08-22,wk inc covid hosp,2,2026-09-05,19,quantile,0.025,0.0
2026-08-22,wk inc covid hosp,2,2026-09-05,19,quantile,0.05,1.0
2026-08-22,wk inc covid hosp,2,2026-09-05,19,quantile,0.1,1.0
2026-08-22,wk inc covid hosp,2,2026-09-05,19,quantile,0.15,2.0
2026-08-22,wk inc covid hosp,2,2026-09-05,19,quantile,0.2,2.0
2026-08-22,wk inc covid hosp,2,2026-09-05,19,quantile,0.25,2.0
2026-08-22,wk inc covid hosp,2,2026-09-05,19,quantile,0.3,3.0
2026-08-22,wk inc covid hosp,2,2026-09-05,19,quantile,0.35,3.0
2026-08-22,wk inc covid hosp,2,2026-09-05,19,quantile,0.4,3.0
2026-08-22,wk inc covid hosp,2,2026-09-05,19,quantile,0.45,3.0
2026-08-22,wk inc covid hosp,2,2026-09-05,19,quantile,0.5,4.0
2026-08-22,wk inc covid hosp,2,2026-09-05,19,quantile,0.55,4.0
2026-08-22,wk inc covid hosp,2,2026-09-05,19,quantile,0.6,4.0
2026-08-22,wk inc covid hosp,2,2026-09-05,19,quantile,0.65,5.0
2026-08-22,wk inc covid hosp,2,2026-09-05,19,quantile,0.7,5.0
2026-08-22,wk inc covid hosp,2,2026-09-05,19,quantile,0.75,5.0
2026-08-22,wk inc covid hosp,2,2026-09-05,19,quantile,0.8,6.0
2026-08-22,wk inc covid hosp,2,2026-09-05,19,quantile,0.85,6.0
2026-08-22,wk inc covid hosp,2,2026-09-05,19,quantile,0.9,7.0
2026-08-22,wk inc covid hosp,2,2026-09-05,19,quantile,0.95,9.0
2026-08-22,wk inc covid hosp,2,2026-09-05,19,quantile,0.975,10.0
2026-08-22,wk inc covid hosp,2,2026-09-05,19,quantile,0.99,11.0
2026-08-22,wk inc covid hosp,2,2026-09-05,20,quantile,0.01,0.0
2026-08-22,wk inc covid hosp,2,2026-09-05,20,quantile,0.025,1.0
2026-08-22,wk inc covid hosp,2,2026-09-05,20,quantile,0.05,1.0
2026-08-22,wk inc covid hosp,2,2026-09-05,20,quantile,0.1,2.0
2026-08-22,wk inc covid hosp,2,2026-09-05,20,quantile,0.15,2.0
2026-08-22,wk inc covid hosp,2,2026-09-05,20,quantile,0.2,3.0
2026-08-22,wk inc covid hosp,2,2026-09-05,20,quantile,0.25,3.0
2026-08-22,wk inc covid hosp,2,2026-09-05,20,quantile,0.3,3.0
2026-08-22,wk inc covid hosp,2,2026-09-05,20,quantile,0.35,4.0
2026-08-22,wk inc covid hosp,2,2026-09-05,20,quantile,0.4,4.0
2026-08-22,wk inc covid hosp,2,2026-09-05,20,quantile,0.45,4.0
2026-08-22,wk inc covid hosp,2,2026-09-05,20,quantile,0.5,5.0
2026-08-22,wk inc covid hosp,2,2026-09-05,20,quantile,0.55,5.0
2026-08-22,wk inc covid hosp,2,2026-09-05,20,quantile,0.6,5.0
2026-08-22,wk inc covid hosp,2,2026-09-05,20,quantile,0.65,6.0
2026-08-22,wk inc covid hosp,2,2026-09-05,20,quantile,0.7,6.0
2026-08-22,wk inc covid hosp,2,2026-09-05,20,quantile,0.75,7.0
2026-08-22,wk inc covid hosp,2,2026-09-05,20,quantile,0.8,7.0
2026-08-22,wk inc covid hosp,2,2026-09-05,20,quantile,0.85,8.0
2026-08-22,wk inc covid hosp,2,2026-09-05,20,quantile,0.9,9.0
2026-08-22,wk inc covid hosp,2,2026-09-05,20,quantile,0.95,10.0
2026-08-22,wk inc covid hosp,2,2026-09-05,20,quantile,0.975,12.0
2026-08-22,wk inc covid hosp,2,2026-09-05,20,quantile,0.99,13.0
2026-08-22,wk inc covid hosp,2,2026-09-05,21,quantile,0.01,5.0
2026-08-22,wk inc covid hosp,2,2026-09-05,21,quantile,0.025,7.0
2026-08-22,wk inc covid hosp,2,2026-09-05,21,quantile,0.05,8.0
2026-08-22,wk inc covid hosp,2,2026-09-05,21,quantile,0.1,10.0
2026-08-22,wk inc covid hosp,2,2026-09-05,21,quantile,0.15,12.0
2026-08-22,wk inc covid hosp,2,2026-09-05,21,quantile,0.2,13.0
2026-08-22,wk inc covid hosp,2,2026-09-05,21,quantile,0.25,14.0
2026-08-22,wk inc covid hosp,2,2026-09-05,21,quantile,0.3,15.0
2026-08-22,wk inc covid hosp,2,2026-09-05,21,quantile,0.35,16.0
2026-08-22,wk inc covid hosp,2,2026-09-05,21,quantile,0.4,17.0
2026-08-22,wk inc covid hosp,2,2026-09-05,21,quantile,0.45,18.0
2026-08-22,wk inc covid hosp,2,2026-09-05,21,quantile,0.5,19.0
2026-08-22,wk inc covid hosp,2,2026-09-05,21,quantile,0.55,19.0
2026-08-22,wk inc covid hosp,2,2026-09-05,21,quantile,0.6,20.0
2026-08-22,wk inc covid hosp,2,2026-09-05,21,quantile,0.65,21.0
2026-08-22,wk inc covid hosp,2,2026-09-05,21,quantile,0.7,22.0
2026-08-22,wk inc covid hosp,2,2026-09-05,21,quantile,0.75,24.0
2026-08-22,wk inc covid hosp,2,2026-09-05,21,quantile,0.8,25.0
2026-08-22,wk inc covid hosp,2,2026-09-05,21,quantile,0.85,27.0
2026-08-22,wk inc covid hosp,2,2026-09-05,21,quantile,0.9,29.0
2026-08-22,wk inc covid hosp,2,2026-09-05,21,quantile,0.95,32.0
2026-08-22,wk inc covid hosp,2,2026-09-05,21,quantile,0.975,35.0
2026-08-22,wk inc covid hosp,2,2026-09-05,21,quantile,0.99,38.0
2026-08-22,wk inc covid hosp,2,2026-09-05,22,quantile,0.01,20.0
2026-08-22,wk inc covid hosp,2,2026-09-05,22,quantile,0.025,23.0
2026-08-22,wk inc covid hosp,2,2026-09-05,22,quantile,0.05,26.0
2026-08-22,wk inc covid hosp,2,2026-09-05,22,quantile,0.1,31.0
2026-08-22,wk inc covid hosp,2,2026-09-05,22,quantile,0.15,34.0
2026-08-22,wk inc covid hosp,2,2026-09-05,22,quantile,0.2,37.0
2026-08-22,wk inc covid hosp,2,2026-09-05,22,quantile,0.25,39.0
2026-08-22,wk inc covid hosp,2,2026-09-05,22,quantile,0.3,41.0
2026-08-22,wk inc covid hosp,2,2026-09-05,22,quantile,0.35,43.0
2026-08-22,wk inc covid hosp,2,2026-09-05,22,quantile,0.4,45.0
2026-08-22,wk inc covid hosp,2,2026-09-05,22,quantile,0.45,47.0
2026-08-22,wk inc covid hosp,2,2026-09-05,22,quantile,0.5,49.0
2026-08-22,wk inc covid hosp,2,2026-09-05,22,quantile,0.55,51.0
2026-08-22,wk inc covid hosp,2,2026-09-05,22,quantile,0.6,54.0
2026-08-22,wk inc covid hosp,2,2026-09-05,22,quantile,0.65,56.0
2026-08-22,wk inc covid hosp,2,2026-09-05,22,quantile,0.7,59.0
2026-08-22,wk inc covid hosp,2,2026-09-05,22,quantile,0.75,61.0
2026-08-22,wk inc covid hosp,2,2026-09-05,22,quantile,0.8,64.0
2026-08-22,wk inc covid hosp,2,2026-09-05,22,quantile,0.85,68.0
2026-08-22,wk inc covid hosp,2,2026-09-05,22,quantile,0.9,73.0
2026-08-22,wk inc covid hosp,2,2026-09-05,22,quantile,0.95,81.0
2026-08-22,wk inc covid hosp,2,2026-09-05,22,quantile,0.975,89.0
2026-08-22,wk inc covid hosp,2,2026-09-05,22,quantile,0.99,98.0
2026-08-22,wk inc covid hosp,2,2026-09-05,23,quantile,0.01,0.0
2026-08-22,wk inc covid hosp,2,2026-09-05,23,quantile,0.025,0.0
2026-08-22,wk inc covid hosp,2,2026-09-05,23,quantile,0.05,0.0
2026-08-22,wk inc covid hosp,2,2026-09-05,23,quantile,0.1,0.0
2026-08-22,wk inc covid hosp,2,2026-09-05,23,quantile,0.15,0.0
2026-08-22,wk inc covid hosp,2,2026-09-05,23,quantile,0.2,1.0
2026-08-22,wk inc covid hosp,2,2026-09-05,23,quantile,0.25,1.0
2026-08-22,wk inc covid hosp,2,2026-09-05,23,quantile,0.3,1.0
2026-08-22,wk inc covid hosp,2,2026-09-05,23,quantile,0.35,1.0
2026-08-22,wk inc covid hosp,2,2026-09-05,23,quantile,0.4,1.0
2026-08-22,wk inc covid hosp,2,2026-09-05,23,quantile,0.45,1.0
2026-08-22,wk inc covid hosp,2,2026-09-05,23,quantile,0.5,2.0
2026-08-22,wk inc covid hosp,2,2026-09-05,23,quantile,0.55,2.0
2026-08-22,wk inc covid hosp,2,2026-09-05,23,quantile,0.6,2.0
2026-08-22,wk inc covid hosp,2,2026-09-05,23,quantile,0.65,2.0
2026-08-22,wk inc covid hosp,2,2026-09-05,23,quantile,0.7,3.0
2026-08-22,wk inc covid hosp,2,2026-09-05,23,quantile,0.75,3.0
2026-08-22,wk inc covid hosp,2,2026-09-05,23,quantile,0.8,3.0
2026-08-22,wk inc covid hosp,2,2026-09-05,23,quantile,0.85,4.0
2026-08-22,wk inc covid hosp,2,2026-09-05,23,quantile,0.9,4.0
2026-08-22,wk inc covid hosp,2,2026-09-05,23,quantile,0.95,5.0
2026-08-22,wk inc covid hosp,2,2026-09-05,23,quantile,0.975,5.0
2026-08-22,wk inc covid hosp,2,2026-09-05,23,quantile,0.99,6.0
2026-08-22,wk inc covid hosp,2,2026-09-05,24,quantile,0.01,3.0
2026-08-22,wk inc covid hosp,2,2026-09-05,24,quantile,0.025,4.0
2026-08-22,wk inc covid hosp,2,2026-09-05,24,quantile,0.05,6.0
2026-08-22,wk inc covid hosp,2,2026-09-05,24,quantile,0.1,7.0
2026-08-22,wk inc covid hosp,2,2026-09-05,24,quantile,0.15,8.0
2026-08-22,wk inc covid hosp,2,2026-09-05,24,quantile,0.2,9.0
2026-08-22,wk inc covid hosp,2,2026-09-05,24,quantile,0.25,10.0
2026-08-22,wk inc covid hosp,2,2026-09-05,24,quantile,0.3,11.0
2026-08-22,wk inc covid hosp,2,2026-09-05,24,quantile,0.35,11.0
2026-08-22,wk inc covid hosp,2,2026-09-05,24,quantile,0.4,12.0
2026-08-22,wk inc covid hosp,2,2026-09-05,24,quantile,0.45,13.0
2026-08-22,wk inc covid hosp,2,2026-09-05,24,quantile,0.5,13.0
2026-08-22,wk inc covid hosp,2,2026-09-05,24,quantile,0.55,14.0
2026-08-22,wk inc covid hosp,2,2026-09-05,24,quantile,0.6,15.0
2026-08-22,wk inc covid hosp,2,2026-09-05,24,quantile,0.65,15.0
2026-08-22,wk inc covid hosp,2,2026-09-05,24,quantile,0.7,16.0
2026-08-22,wk inc covid hosp,2,2026-09-05,24,quantile,0.75,17.0
2026-08-22,wk inc covid hosp,2,2026-09-05,24,quantile,0.8,19.0
2026-08-22,wk inc covid hosp,2,2026-09-05,24,quantile,0.85,20.0
2026-08-22,wk inc covid hosp,2,2026-09-05,24,quantile,0.9,22.0
2026-08-22,wk inc covid hosp,2,2026-09-05,24,quantile,0.95,24.0
2026-08-22,wk inc covid hosp,2,2026-09-05,24,quantile,0.975,27.0
2026-08-22,wk inc covid hosp,2,2026-09-05,24,quantile,0.99,31.0
2026-08-22,wk inc covid hosp,2,2026-09-05,25,quantile,0.01,10.0
2026-08-22,wk inc covid hosp,2,2026-09-05,25,quantile,0.025,13.0
2026-08-22,wk inc covid hosp,2,2026-09-05,25,quantile,0.05,15.0
2026-08-22,wk inc covid hosp,2,2026-09-05,25,quantile,0.1,18.0
2026-08-22,wk inc covid hosp,2,2026-09-05,25,quantile,0.15,20.0
2026-08-22,wk inc covid hosp,2,2026-09-05,25,quantile,0.2,22.0
2026-08-22,wk inc covid hosp,2,2026-09-05,25,quantile,0.25,23.0
2026-08-22,wk inc covid hosp,2,2026-09-05,25,quantile,0.3,25.0
2026-08-22,wk inc covid hosp,2,2026-09-05,25,quantile,0.35,26.0
2026-08-22,wk inc covid hosp,2,2026-09-05,25,quantile,0.4,27.0
2026-08-22,wk inc covid hosp,2,2026-09-05,25,quantile,0.45,29.0
2026-08-22,wk inc covid hosp,2,2026-09-05,25,quantile,0.5,30.0
2026-08-22,wk inc covid hosp,2,2026-09-05,25,quantile,0.55,32.0
2026-08-22,wk inc covid hosp,2,2026-09-05,25,quantile,0.6,33.0
2026-08-22,wk inc covid hosp,2,2026-09-05,25,quantile,0.65,35.0
2026-08-22,wk inc covid hosp,2,2026-09-05,25,quantile,0.7,37.0
2026-08-22,wk inc covid hosp,2,2026-09-05,25,quantile,0.75,39.0
2026-08-22,wk inc covid hosp,2,2026-09-05,25,quantile,0.8,41.0
2026-08-22,wk inc covid hosp,2,2026-09-05,25,quantile,0.85,44.0
2026-08-22,wk inc covid hosp,2,2026-09-05,25,quantile,0.9,47.0
2026-08-22,wk inc covid hosp,2,2026-09-05,25,quantile,0.95,52.0
2026-08-22,wk inc covid hosp,2,2026-09-05,25,quantile,0.975,57.0
2026-08-22,wk inc covid hosp,2,2026-09-05,25,quantile,0.99,62.0
2026-08-22,wk inc covid hosp,2,2026-09-05,26,quantile,0.01,7.0
2026-08-22,wk inc covid hosp,2,2026-09-05,26,quantile,0.025,8.0
2026-08-22,wk inc covid hosp,2,2026-09-05,26,quantile,0.05,10.0
2026-08-22,wk inc covid hosp,2,2026-09-05,26,quantile,0.1,12.0
2026-08-22,wk inc covid hosp,2,2026-09-05,26,quantile,0.15,14.0
2026-08-22,wk inc covid hosp,2,2026-09-05,26,quantile,0.2,15.0
2026-08-22,wk inc covid hosp,2,2026-09-05,26,quantile,0.25,16.0
2026-08-22,wk inc covid hosp,2,2026-09-05,26,quantile,0.3,17.0
2026-08-22,wk inc covid hosp,2,2026-09-05,26,quantile,0.35,18.0
2026-08-22,wk inc covid hosp,2,2026-09-05,26,quantile,0.4,19.0
2026-08-22,wk inc covid hosp,2,2026-09-05,26,quantile,0.45,20.0
2026-08-22,wk inc covid hosp,2,2026-09-05,26,quantile,0.5,22.0
2026-08-22,wk inc covid hosp,2,2026-09-05,26,quantile,0.55,23.0
2026-08-22,wk inc covid hosp,2,2026-09-05,26,quantile,0.6,24.0
2026-08-22,wk inc covid hosp,2,2026-09-05,26,quantile,0.65,25.0
2026-08-22,wk inc covid hosp,2,2026-09-05,26,quantile,0.7,26.0
2026-08-22,wk inc covid hosp,2,2026-09-05,26,quantile,0.75,27.0
2026-08-22,wk inc covid hosp,2,2026-09-05,26,quantile,0.8,29.0
2026-08-22,wk inc covid hosp,2,2026-09-05,26,quantile,0.85,31.0
2026-08-22,wk inc covid hosp,2,2026-09-05,26,quantile,0.9,33.0
2026-08-22,wk inc covid hosp,2,2026-09-05,26,quantile,0.95,37.0
2026-08-22,wk inc covid hosp,2,2026-09-05,26,quantile,0.975,41.0
2026-08-22,wk inc covid hosp,2,2026-09-05,26,quantile,0.99,47.0
2026-08-22,wk inc covid hosp,2,2026-09-05,27,quantile,0.01,2.0
2026-08-22,wk inc covid hosp,2,2026-09-05,27,quantile,0.025,3.0
2026-08-22,wk inc covid hosp,2,2026-09-05,27,quantile,0.05,3.0
2026-08-22,wk inc covid hosp,2,2026-09-05,27,quantile,0.1,4.0
2026-08-22,wk inc covid hosp,2,2026-09-05,27,quantile,0.15,5.0
2026-08-22,wk inc covid hosp,2,2026-09-05,27,quantile,0.2,5.0
2026-08-22,wk inc covid hosp,2,2026-09-05,27,quantile,0.25,6.0
2026-08-22,wk inc covid hosp,2,2026-09-05,27,quantile,0.3,7.0
2026-08-22,wk inc covid hosp,2,2026-09-05,27,quantile,0.35,7.0
2026-08-22,wk inc covid hosp,2,2026-09-05,27,quantile,0.4,7.0
2026-08-22,wk inc covid hosp,2,2026-09-05,27,quantile,0.45,8.0
2026-08-22,wk inc covid hosp,2,2026-09-05,27,quantile,0.5,9.0
2026-08-22,wk inc covid hosp,2,2026-09-05,27,quantile,0.55,9.0
2026-08-22,wk inc covid hosp,2,2026-09-05,27,quantile,0.6,10.0
2026-08-22,wk inc covid hosp,2,2026-09-05,27,quantile,0.65,10.0
2026-08-22,wk inc covid hosp,2,2026-09-05,27,quantile,0.7,11.0
2026-08-22,wk inc covid hosp,2,2026-09-05,27,quantile,0.75,11.0
2026-08-22,wk inc covid hosp,2,2026-09-05,27,quantile,0.8,12.0
2026-08-22,wk inc covid hosp,2,2026-09-05,27,quantile,0.85,13.0
2026-08-22,wk inc covid hosp,2,2026-09-05,27,quantile,0.9,14.0
2026-08-22,wk inc covid hosp,2,2026-09-05,27,quantile,0.95,16.0
2026-08-22,wk inc covid hosp,2,2026-09-05,27,quantile,0.975,18.0
2026-08-22,wk inc covid hosp,2,2026-09-05,27,quantile,0.99,21.0
2026-08-22,wk inc covid hosp,2,2026-09-05,28,quantile,0.01,13.0
2026-08-22,wk inc covid hosp,2,2026-09-05,28,quantile,0.025,16.0
2026-08-22,wk inc covid hosp,2,2026-09-05,28,quantile,0.05,19.0
2026-08-22,wk inc covid hosp,2,2026-09-05,28,quantile,0.1,23.0
2026-08-22,wk inc covid hosp,2,2026-09-05,28,quantile,0.15,26.0
2026-08-22,wk inc covid hosp,2,2026-09-05,28,quantile,0.2,28.0
2026-08-22,wk inc covid hosp,2,2026-09-05,28,quantile,0.25,30.0
2026-08-22,wk inc covid hosp,2,2026-09-05,28,quantile,0.3,32.0
2026-08-22,wk inc covid hosp,2,2026-09-05,28,quantile,0.35,34.0
2026-08-22,wk inc covid hosp,2,2026-09-05,28,quantile,0.4,35.0
2026-08-22,wk inc covid hosp,2,2026-09-05,28,quantile,0.45,37.0
2026-08-22,wk inc covid hosp,2,2026-09-05,28,quantile,0.5,39.0
2026-08-22,wk inc covid hosp,2,2026-09-05,28,quantile,0.55,41.0
2026-08-22,wk inc covid hosp,2,2026-09-05,28,quantile,0.6,43.0
2026-08-22,wk inc covid hosp,2,2026-09-05,28,quantile,0.65,45.0
2026-08-22,wk inc covid hosp,2,2026-09-05,28,quantile,0.7,47.0
2026-08-22,wk inc covid hosp,2,2026-09-05,28,quantile,0.75,49.0
2026-08-22,wk inc covid hosp,2,2026-09-05,28,quantile,0.8,52.0
2026-08-22,wk inc covid hosp,2,2026-09-05,28,quantile,0.85,55.0
2026-08-22,wk inc covid hosp,2,2026-09-05,28,quantile,0.9,59.0
2026-08-22,wk inc covid hosp,2,2026-09-05,28,quantile,0.95,66.0
2026-08-22,wk inc covid hosp,2,2026-09-05,28,quantile,0.975,72.0
2026-08-22,wk inc covid hosp,2,2026-09-05,28,quantile,0.99,81.0
2026-08-22,wk inc covid hosp,2,2026-09-05,29,quantile,0.01,6.0
2026-08-22,wk inc covid hosp,2,2026-09-05,29,quantile,0.025,8.0
2026-08-22,wk inc covid hosp,2,2026-09-05,29,quantile,0.05,10.0
2026-08-22,wk inc covid hosp,2,2026-09-05,29,quantile,0.1,11.0
2026-08-22,wk inc covid hosp,2,2026-09-05,29,quantile,0.15,13.0
2026-08-22,wk inc covid hosp,2,2026-09-05,29,quantile,0.2,14.0
2026-08-22,wk inc covid hosp,2,2026-09-05,29,quantile,0.25,15.0
2026-08-22,wk inc covid hosp,2,2026-09-05,29,quantile,0.3,16.0
2026-08-22,wk inc covid hosp,2,2026-09-05,29,quantile,0.35,17.0
2026-08-22,wk inc covid hosp,2,2026-09-05,29,quantile,0.4,18.0
2026-08-22,wk inc covid hosp,2,2026-09-05,29,quantile,0.45,19.0
2026-08-22,wk inc covid hosp,2,2026-09-05,29,quantile,0.5,20.0
2026-08-22,wk inc covid hosp,2,2026-09-05,29,quantile,0.55,21.0
2026-08-22,wk inc covid hosp,2,2026-09-05,29,quantile,0.6,22.0
2026-08-22,wk inc covid hosp,2,2026-09-05,29,quantile,0.65,23.0
2026-08-22,wk inc covid hosp,2,2026-09-05,29,quantile,0.7,25.0
2026-08-22,wk inc covid hosp,2,2026-09-05,29,quantile,0.75,26.0
2026-08-22,wk inc covid hosp,2,2026-09-05,29,quantile,0.8,27.0
2026-08-22,wk inc covid hosp,2,2026-09-05,29,quantile,0.85,29.0
2026-08-22,wk inc covid hosp,2,2026-09-05,29,quantile,0.9,32.0
2026-08-22,wk inc covid hosp,2,2026-09-05,29,quantile,0.95,35.0
2026-08-22,wk inc covid hosp,2,2026-09-05,29,quantile,0.975,38.0
2026-08-22,wk inc covid hosp,2,2026-09-05,29,quantile,0.99,43.0
2026-08-22,wk inc covid hosp,2,2026-09-05,30,quantile,0.01,0.0
2026-08-22,wk inc covid hosp,2,2026-09-05,30,quantile,0.025,0.0
2026-08-22,wk inc covid hosp,2,2026-09-05,30,quantile,0.05,0.0
2026-08-22,wk inc covid hosp,2,2026-09-05,30,quantile,0.1,0.0
2026-08-22,wk inc covid hosp,2,2026-09-05,30,quantile,0.15,0.0
2026-08-22,wk inc covid hosp,2,2026-09-05,30,quantile,0.2,1.0
2026-08-22,wk inc covid hosp,2,2026-09-05,30,quantile,0.25,1.0
2026-08-22,wk inc covid hosp,2,2026-09-05,30,quantile,0.3,1.0
2026-08-22,wk inc covid hosp,2,2026-09-05,30,quantile,0.35,1.0
2026-08-22,wk inc covid hosp,2,2026-09-05,30,quantile,0.4,1.0
2026-08-22,wk inc covid hosp,2,2026-09-05,30,quantile,0.45,2.0
2026-08-22,wk inc covid hosp,2,2026-09-05,30,quantile,0.5,2.0
2026-08-22,wk inc covid hosp,2,2026-09-05,30,quantile,0.55,2.0
2026-08-22,wk inc covid hosp,2,2026-09-05,30,quantile,0.6,2.0
2026-08-22,wk inc covid hosp,2,2026-09-05,30,quantile,0.65,2.0
2026-08-22,wk inc covid hosp,2,2026-09-05,30,quantile,0.7,3.0
2026-08-22,wk inc covid hosp,2,2026-09-05,30,quantile,0.75,3.0
2026-08-22,wk inc covid hosp,2,2026-09-05,30,quantile,0.8,3.0
2026-08-22,wk inc covid hosp,2,2026-09-05,30,quantile,0.85,4.0
2026-08-22,wk inc covid hosp,2,2026-09-05,30,quantile,0.9,4.0
2026-08-22,wk inc covid hosp,2,2026-09-05,30,quantile,0.95,5.0
2026-08-22,wk inc covid hosp,2,2026-09-05,30,quantile,0.975,6.0
2026-08-22,wk inc covid hosp,2,2026-09-05,30,quantile,0.99,6.0
2026-08-22,wk inc covid hosp,2,2026-09-05,31,quantile,0.01,0.0
2026-08-22,wk inc covid hosp,2,2026-09-05,31,quantile,0.025,0.0
2026-08-22,wk inc covid hosp,2,2026-09-05,31,quantile,0.05,0.0
2026-08-22,wk inc covid hosp,2,2026-09-05,31,quantile,0.1,0.0
2026-08-22,wk inc covid hosp,2,2026-09-05,31,quantile,0.15,0.0
2026-08-22,wk inc covid hosp,2,2026-09-05,31,quantile,0.2,0.0
2026-08-22,wk inc covid hosp,2,2026-09-05,31,quantile,0.25,0.0
2026-08-22,wk inc covid hosp,2,2026-09-05,31,quantile,0.3,0.0
2026-08-22,wk inc covid hosp,2,2026-09-05,31,quantile,0.35,0.0
2026-08-22,wk inc covid hosp,2,2026-09-05,31,quantile,0.4,1.0
2026-08-22,wk inc covid hosp,2,2026-09-05,31,quantile,0.45,1.0
2026-08-22,wk inc covid hosp,2,2026-09-05,31,quantile,0.5,1.0
2026-08-22,wk inc covid hosp,2,2026-09-05,31,quantile,0.55,1.0
2026-08-22,wk inc covid hosp,2,2026-09-05,31,quantile,0.6,1.0
2026-08-22,wk inc covid hosp,2,2026-09-05,31,quantile,0.65,1.0
2026-08-22,wk inc covid hosp,2,2026-09-05,31,quantile,0.7,1.0
2026-08-22,wk inc covid hosp,2,2026-09-05,31,quantile,0.75,2.0
2026-08-22,wk inc covid hosp,2,2026-09-05,31,quantile,0.8,2.0
2026-08-22,wk inc covid hosp,2,2026-09-05,31,quantile,0.85,2.0
2026-08-22,wk inc covid hosp,2,2026-09-05,31,quantile,0.9,2.0
2026-08-22,wk inc covid hosp,2,2026-09-05,31,quantile,0.95,3.0
2026-08-22,wk inc covid hosp,2,2026-09-05,31,quantile,0.975,3.0
2026-08-22,wk inc covid hosp,2,2026-09-05,31,quantile,0.99,4.0
2026-08-22,wk inc covid hosp,2,2026-09-05,32,quantile,0.01,5.0
2026-08-22,wk inc covid hosp,2,2026-09-05,32,quantile,0.025,7.0
2026-08-22,wk inc covid hosp,2,2026-09-05,32,quantile,0.05,8.0
2026-08-22,wk inc covid hosp,2,2026-09-05,32,quantile,0.1,10.0
2026-08-22,wk inc covid hosp,2,2026-09-05,32,quantile,0.15,11.0
2026-08-22,wk inc covid hosp,2,2026-09-05,32,quantile,0.2,12.0
2026-08-22,wk inc covid hosp,2,2026-09-05,32,quantile,0.25,13.0
2026-08-22,wk inc covid hosp,2,2026-09-05,32,quantile,0.3,14.0
2026-08-22,wk inc covid hosp,2,2026-09-05,32,quantile,0.35,15.0
2026-08-22,wk inc covid hosp,2,2026-09-05,32,quantile,0.4,16.0
2026-08-22,wk inc covid hosp,2,2026-09-05,32,quantile,0.45,17.0
2026-08-22,wk inc covid hosp,2,2026-09-05,32,quantile,0.5,18.0
2026-08-22,wk inc covid hosp,2,2026-09-05,32,quantile,0.55,19.0
2026-08-22,wk inc covid hosp,2,2026-09-05,32,quantile,0.6,20.0
2026-08-22,wk inc covid hosp,2,2026-09-05,32,quantile,0.65,21.0
2026-08-22,wk inc covid hosp,2,2026-09-05,32,quantile,0.7,22.0
2026-08-22,wk inc covid hosp,2,2026-09-05,32,quantile,0.75,23.0
2026-08-22,wk inc covid hosp,2,2026-09-05,32,quantile,0.8,25.0
2026-08-22,wk inc covid hosp,2,2026-09-05,32,quantile,0.85,26.0
2026-08-22,wk inc covid hosp,2,2026-09-05,32,quantile,0.9,29.0
2026-08-22,wk inc covid hosp,2,2026-09-05,32,quantile,0.95,31.0
2026-08-22,wk inc covid hosp,2,2026-09-05,32,quantile,0.975,35.0
2026-08-22,wk inc covid hosp,2,2026-09-05,32,quantile,0.99,40.0
2026-08-22,wk inc covid hosp,2,2026-09-05,33,quantile,0.01,1.0
2026-08-22,wk inc covid hosp,2,2026-09-05,33,quantile,0.025,1.0
2026-08-22,wk inc covid hosp,2,2026-09-05,33,quantile,0.05,2.0
2026-08-22,wk inc covid hosp,2,2026-09-05,33,quantile,0.1,3.0
2026-08-22,wk inc covid hosp,2,2026-09-05,33,quantile,0.15,3.0
2026-08-22,wk inc covid hosp,2,2026-09-05,33,quantile,0.2,4.0
2026-08-22,wk inc covid hosp,2,2026-09-05,33,quantile,0.25,4.0
2026-08-22,wk inc covid hosp,2,2026-09-05,33,quantile,0.3,5.0
2026-08-22,wk inc covid hosp,2,2026-09-05,33,quantile,0.35,5.0
2026-08-22,wk inc covid hosp,2,2026-09-05,33,quantile,0.4,6.0
2026-08-22,wk inc covid hosp,2,2026-09-05,33,quantile,0.45,6.0
2026-08-22,wk inc covid hosp,2,2026-09-05,33,quantile,0.5,7.0
2026-08-22,wk inc covid hosp,2,2026-09-05,33,quantile,0.55,7.0
2026-08-22,wk inc covid hosp,2,2026-09-05,33,quantile,0.6,7.0
2026-08-22,wk inc covid hosp,2,2026-09-05,33,quantile,0.65,8.0
2026-08-22,wk inc covid hosp,2,2026-09-05,33,quantile,0.7,8.0
2026-08-22,wk inc covid hosp,2,2026-09-05,33,quantile,0.75,9.0
2026-08-22,wk inc covid hosp,2,2026-09-05,33,quantile,0.8,9.0
2026-08-22,wk inc covid hosp,2,2026-09-05,33,quantile,0.85,10.0
2026-08-22,wk inc covid hosp,2,2026-09-05,33,quantile,0.9,11.0
2026-08-22,wk inc covid hosp,2,2026-09-05,33,quantile,0.95,13.0
2026-08-22,wk inc covid hosp,2,2026-09-05,33,quantile,0.975,15.0
2026-08-22,wk inc covid hosp,2,2026-09-05,33,quantile,0.99,17.0
2026-08-22,wk inc covid hosp,2,2026-09-05,34,quantile,0.01,17.0
2026-08-22,wk inc covid hosp,2,2026-09-05,34,quantile,0.025,20.0
2026-08-22,wk inc covid hosp,2,2026-09-05,34,quantile,0.05,24.0
2026-08-22,wk inc covid hosp,2,2026-09-05,34,quantile,0.1,28.0
2026-08-22,wk inc covid hosp,2,2026-09-05,34,quantile,0.15,31.0
2026-08-22,wk inc covid hosp,2,2026-09-05,34,quantile,0.2,34.0
2026-08-22,wk inc covid hosp,2,2026-09-05,34,quantile,0.25,36.0
2026-08-22,wk inc covid hosp,2,2026-09-05,34,quantile,0.3,38.0
2026-08-22,wk inc covid hosp,2,2026-09-05,34,quantile,0.35,40.0
2026-08-22,wk inc covid hosp,2,2026-09-05,34,quantile,0.4,42.0
2026-08-22,wk inc covid hosp,2,2026-09-05,34,quantile,0.45,44.0
2026-08-22,wk inc covid hosp,2,2026-09-05,34,quantile,0.5,46.0
2026-08-22,wk inc covid hosp,2,2026-09-05,34,quantile,0.55,49.0
2026-08-22,wk inc covid hosp,2,2026-09-05,34,quantile,0.6,51.0
2026-08-22,wk inc covid hosp,2,2026-09-05,34,quantile,0.65,54.0
2026-08-22,wk inc covid hosp,2,2026-09-05,34,quantile,0.7,56.0
2026-08-22,wk inc covid hosp,2,2026-09-05,34,quantile,0.75,59.0
2026-08-22,wk inc covid hosp,2,2026-09-05,34,quantile,0.8,62.0
2026-08-22,wk inc covid hosp,2,2026-09-05,34,quantile,0.85,66.0
2026-08-22,wk inc covid hosp,2,2026-09-05,34,quantile,0.9,71.0
2026-08-22,wk inc covid hosp,2,2026-09-05,34,quantile,0.95,79.0
2026-08-22,wk inc covid hosp,2,2026-09-05,34,quantile,0.975,86.0
2026-08-22,wk inc covid hosp,2,2026-09-05,34,quantile,0.99,95.0
2026-08-22,wk inc covid hosp,2,2026-09-05,35,quantile,0.01,0.0
2026-08-22,wk inc covid hosp,2,2026-09-05,35,quantile,0.025,1.0
2026-08-22,wk inc covid hosp,2,2026-09-05,35,quantile,0.05,2.0
2026-08-22,wk inc covid hosp,2,2026-09-05,35,quantile,0.1,2.0
2026-08-22,wk inc covid hosp,2,2026-09-05,35,quantile,0.15,3.0
2026-08-22,wk inc covid hosp,2,2026-09-05,35,quantile,0.2,3.0
2026-08-22,wk inc covid hosp,2,2026-09-05,35,quantile,0.25,4.0
2026-08-22,wk inc covid hosp,2,2026-09-05,35,quantile,0.3,4.0
2026-08-22,wk inc covid hosp,2,2026-09-05,35,quantile,0.35,4.0
2026-08-22,wk inc covid hosp,2,2026-09-05,35,quantile,0.4,5.0
2026-08-22,wk inc covid hosp,2,2026-09-05,35,quantile,0.45,5.0
2026-08-22,wk inc covid hosp,2,2026-09-05,35,quantile,0.5,6.0
2026-08-22,wk inc covid hosp,2,2026-09-05,35,quantile,0.55,6.0
2026-08-22,wk inc covid hosp,2,2026-09-05,35,quantile,0.6,6.0
2026-08-22,wk inc covid hosp,2,2026-09-05,35,quantile,0.65,7.0
2026-08-22,wk inc covid hosp,2,2026-09-05,35,quantile,0.7,7.0
2026-08-22,wk inc covid hosp,2,2026-09-05,35,quantile,0.75,8.0
2026-08-22,wk inc covid hosp,2,2026-09-05,35,quantile,0.8,8.0
2026-08-22,wk inc covid hosp,2,2026-09-05,35,quantile,0.85,9.0
2026-08-22,wk inc covid hosp,2,2026-09-05,35,quantile,0.9,10.0
2026-08-22,wk inc covid hosp,2,2026-09-05,35,quantile,0.95,12.0
2026-08-22,wk inc covid hosp,2,2026-09-05,35,quantile,0.975,13.0
2026-08-22,wk inc covid hosp,2,2026-09-05,35,quantile,0.99,15.0
2026-08-22,wk inc covid hosp,2,2026-09-05,36,quantile,0.01,49.0
2026-08-22,wk inc covid hosp,2,2026-09-05,36,quantile,0.025,56.0
2026-08-22,wk inc covid hosp,2,2026-09-05,36,quantile,0.05,65.0
2026-08-22,wk inc covid hosp,2,2026-09-05,36,quantile,0.1,75.0
2026-08-22,wk inc covid hosp,2,2026-09-05,36,quantile,0.15,82.0
2026-08-22,wk inc covid hosp,2,2026-09-05,36,quantile,0.2,89.0
2026-08-22,wk inc covid hosp,2,2026-09-05,36,quantile,0.25,94.0
2026-08-22,wk inc covid hosp,2,2026-09-05,36,quantile,0.3,101.0
2026-08-22,wk inc covid hosp,2,2026-09-05,36,quantile,0.35,106.0
2026-08-22,wk inc covid hosp,2,2026-09-05,36,quantile,0.4,111.0
2026-08-22,wk inc covid hosp,2,2026-09-05,36,quantile,0.45,116.0
2026-08-22,wk inc covid hosp,2,2026-09-05,36,quantile,0.5,121.0
2026-08-22,wk inc covid hosp,2,2026-09-05,36,quantile,0.55,126.0
2026-08-22,wk inc covid hosp,2,2026-09-05,36,quantile,0.6,131.0
2026-08-22,wk inc covid hosp,2,2026-09-05,36,quantile,0.65,136.0
2026-08-22,wk inc covid hosp,2,2026-09-05,36,quantile,0.7,143.0
2026-08-22,wk inc covid hosp,2,2026-09-05,36,quantile,0.75,149.0
2026-08-22,wk inc covid hosp,2,2026-09-05,36,quantile,0.8,157.0
2026-08-22,wk inc covid hosp,2,2026-09-05,36,quantile,0.85,167.0
2026-08-22,wk inc covid hosp,2,2026-09-05,36,quantile,0.9,179.0
2026-08-22,wk inc covid hosp,2,2026-09-05,36,quantile,0.95,203.0
2026-08-22,wk inc covid hosp,2,2026-09-05,36,quantile,0.975,221.0
2026-08-22,wk inc covid hosp,2,2026-09-05,36,quantile,0.99,244.0
2026-08-22,wk inc covid hosp,2,2026-09-05,37,quantile,0.01,38.0
2026-08-22,wk inc covid hosp,2,2026-09-05,37,quantile,0.025,46.0
2026-08-22,wk inc covid hosp,2,2026-09-05,37,quantile,0.05,53.0
2026-08-22,wk inc covid hosp,2,2026-09-05,37,quantile,0.1,62.0
2026-08-22,wk inc covid hosp,2,2026-09-05,37,quantile,0.15,67.0
2026-08-22,wk inc covid hosp,2,2026-09-05,37,quantile,0.2,73.0
2026-08-22,wk inc covid hosp,2,2026-09-05,37,quantile,0.25,78.0
2026-08-22,wk inc covid hosp,2,2026-09-05,37,quantile,0.3,81.0
2026-08-22,wk inc covid hosp,2,2026-09-05,37,quantile,0.35,86.0
2026-08-22,wk inc covid hosp,2,2026-09-05,37,quantile,0.4,91.0
2026-08-22,wk inc covid hosp,2,2026-09-05,37,quantile,0.45,95.0
2026-08-22,wk inc covid hosp,2,2026-09-05,37,quantile,0.5,99.0
2026-08-22,wk inc covid hosp,2,2026-09-05,37,quantile,0.55,103.0
2026-08-22,wk inc covid hosp,2,2026-09-05,37,quantile,0.6,107.0
2026-08-22,wk inc covid hosp,2,2026-09-05,37,quantile,0.65,112.0
2026-08-22,wk inc covid hosp,2,2026-09-05,37,quantile,0.7,117.0
2026-08-22,wk inc covid hosp,2,2026-09-05,37,quantile,0.75,124.0
2026-08-22,wk inc covid hosp,2,2026-09-05,37,quantile,0.8,130.0
2026-08-22,wk inc covid hosp,2,2026-09-05,37,quantile,0.85,138.0
2026-08-22,wk inc covid hosp,2,2026-09-05,37,quantile,0.9,148.0
2026-08-22,wk inc covid hosp,2,2026-09-05,37,quantile,0.95,162.0
2026-08-22,wk inc covid hosp,2,2026-09-05,37,quantile,0.975,179.0
2026-08-22,wk inc covid hosp,2,2026-09-05,37,quantile,0.99,196.0
2026-08-22,wk inc covid hosp,2,2026-09-05,38,quantile,0.01,0.0
2026-08-22,wk inc covid hosp,2,2026-09-05,38,quantile,0.025,0.0
2026-08-22,wk inc covid hosp,2,2026-09-05,38,quantile,0.05,0.0
2026-08-22,wk inc covid hosp,2,2026-09-05,38,quantile,0.1,0.0
2026-08-22,wk inc covid hosp,2,2026-09-05,38,quantile,0.15,0.0
2026-08-22,wk inc covid hosp,2,2026-09-05,38,quantile,0.2,0.0
2026-08-22,wk inc covid hosp,2,2026-09-05,38,quantile,0.25,0.0
2026-08-22,wk inc covid hosp,2,2026-09-05,38,quantile,0.3,0.0
2026-08-22,wk inc covid hosp,2,2026-09-05,38,quantile,0.35,0.0
2026-08-22,wk inc covid hosp,2,2026-09-05,38,quantile,0.4,1.0
2026-08-22,wk inc covid hosp,2,2026-09-05,38,quantile,0.45,1.0
2026-08-22,wk inc covid hosp,2,2026-09-05,38,quantile,0.5,1.0
2026-08-22,wk inc covid hosp,2,2026-09-05,38,quantile,0.55,1.0
2026-08-22,wk inc covid hosp,2,2026-09-05,38,quantile,0.6,1.0
2026-08-22,wk inc covid hosp,2,2026-09-05,38,quantile,0.65,1.0
2026-08-22,wk inc covid hosp,2,2026-09-05,38,quantile,0.7,1.0
2026-08-22,wk inc covid hosp,2,2026-09-05,38,quantile,0.75,2.0
2026-08-22,wk inc covid hosp,2,2026-09-05,38,quantile,0.8,2.0
2026-08-22,wk inc covid hosp,2,2026-09-05,38,quantile,0.85,2.0
2026-08-22,wk inc covid hosp,2,2026-09-05,38,quantile,0.9,2.0
2026-08-22,wk inc covid hosp,2,2026-09-05,38,quantile,0.95,3.0
2026-08-22,wk inc covid hosp,2,2026-09-05,38,quantile,0.975,4.0
2026-08-22,wk inc covid hosp,2,2026-09-05,38,quantile,0.99,4.0
2026-08-22,wk inc covid hosp,2,2026-09-05,39,quantile,0.01,13.0
2026-08-22,wk inc covid hosp,2,2026-09-05,39,quantile,0.025,16.0
2026-08-22,wk inc covid hosp,2,2026-09-05,39,quantile,0.05,19.0
2026-08-22,wk inc covid hosp,2,2026-09-05,39,quantile,0.1,22.0
2026-08-22,wk inc covid hosp,2,2026-09-05,39,quantile,0.15,24.0
2026-08-22,wk inc covid hosp,2,2026-09-05,39,quantile,0.2,26.0
2026-08-22,wk inc covid hosp,2,2026-09-05,39,quantile,0.25,28.0
2026-08-22,wk inc covid hosp,2,2026-09-05,39,quantile,0.3,29.0
2026-08-22,wk inc covid hosp,2,2026-09-05,39,quantile,0.35,31.0
2026-08-22,wk inc covid hosp,2,2026-09-05,39,quantile,0.4,33.0
2026-08-22,wk inc covid hosp,2,2026-09-05,39,quantile,0.45,34.0
2026-08-22,wk inc covid hosp,2,2026-09-05,39,quantile,0.5,35.0
2026-08-22,wk inc covid hosp,2,2026-09-05,39,quantile,0.55,37.0
2026-08-22,wk inc covid hosp,2,2026-09-05,39,quantile,0.6,39.0
2026-08-22,wk inc covid hosp,2,2026-09-05,39,quantile,0.65,41.0
2026-08-22,wk inc covid hosp,2,2026-09-05,39,quantile,0.7,43.0
2026-08-22,wk inc covid hosp,2,2026-09-05,39,quantile,0.75,45.0
2026-08-22,wk inc covid hosp,2,2026-09-05,39,quantile,0.8,47.0
2026-08-22,wk inc covid hosp,2,2026-09-05,39,quantile,0.85,51.0
2026-08-22,wk inc covid hosp,2,2026-09-05,39,quantile,0.9,55.0
2026-08-22,wk inc covid hosp,2,2026-09-05,39,quantile,0.95,62.0
2026-08-22,wk inc covid hosp,2,2026-09-05,39,quantile,0.975,67.0
2026-08-22,wk inc covid hosp,2,2026-09-05,39,quantile,0.99,74.0
2026-08-22,wk inc covid hosp,2,2026-09-05,40,quantile,0.01,1.0
2026-08-22,wk inc covid hosp,2,2026-09-05,40,quantile,0.025,1.0
2026-08-22,wk inc covid hosp,2,2026-09-05,40,quantile,0.05,2.0
2026-08-22,wk inc covid hosp,2,2026-09-05,40,quantile,0.1,2.0
2026-08-22,wk inc covid hosp,2,2026-09-05,40,quantile,0.15,3.0
2026-08-22,wk inc covid hosp,2,2026-09-05,40,quantile,0.2,3.0
2026-08-22,wk inc covid hosp,2,2026-09-05,40,quantile,0.25,4.0
2026-08-22,wk inc covid hosp,2,2026-09-05,40,quantile,0.3,4.0
2026-08-22,wk inc covid hosp,2,2026-09-05,40,quantile,0.35,4.0
2026-08-22,wk inc covid hosp,2,2026-09-05,40,quantile,0.4,5.0
2026-08-22,wk inc covid hosp,2,2026-09-05,40,quantile,0.45,5.0
2026-08-22,wk inc covid hosp,2,2026-09-05,40,quantile,0.5,6.0
2026-08-22,wk inc covid hosp,2,2026-09-05,40,quantile,0.55,6.0
2026-08-22,wk inc covid hosp,2,2026-09-05,40,quantile,0.6,6.0
2026-08-22,wk inc covid hosp,2,2026-09-05,40,quantile,0.65,7.0
2026-08-22,wk inc covid hosp,2,2026-09-05,40,quantile,0.7,7.0
2026-08-22,wk inc covid hosp,2,2026-09-05,40,quantile,0.75,8.0
2026-08-22,wk inc covid hosp,2,2026-09-05,40,quantile,0.8,9.0
2026-08-22,wk inc covid hosp,2,2026-09-05,40,quantile,0.85,9.0
2026-08-22,wk inc covid hosp,2,2026-09-05,40,quantile,0.9,10.0
2026-08-22,wk inc covid hosp,2,2026-09-05,40,quantile,0.95,11.0
2026-08-22,wk inc covid hosp,2,2026-09-05,40,quantile,0.975,13.0
2026-08-22,wk inc covid hosp,2,2026-09-05,40,quantile,0.99,15.0
2026-08-22,wk inc covid hosp,2,2026-09-05,41,quantile,0.01,2.0
2026-08-22,wk inc covid hosp,2,2026-09-05,41,quantile,0.025,2.0
2026-08-22,wk inc covid hosp,2,2026-09-05,41,quantile,0.05,3.0
2026-08-22,wk inc covid hosp,2,2026-09-05,41,quantile,0.1,4.0
2026-08-22,wk inc covid hosp,2,2026-09-05,41,quantile,0.15,5.0
2026-08-22,wk inc covid hosp,2,2026-09-05,41,quantile,0.2,5.0
2026-08-22,wk inc covid hosp,2,2026-09-05,41,quantile,0.25,6.0
2026-08-22,wk inc covid hosp,2,2026-09-05,41,quantile,0.3,7.0
2026-08-22,wk inc covid hosp,2,2026-09-05,41,quantile,0.35,7.0
2026-08-22,wk inc covid hosp,2,2026-09-05,41,quantile,0.4,8.0
2026-08-22,wk inc covid hosp,2,2026-09-05,41,quantile,0.45,8.0
2026-08-22,wk inc covid hosp,2,2026-09-05,41,quantile,0.5,8.0
2026-08-22,wk inc covid hosp,2,2026-09-05,41,quantile,0.55,9.0
2026-08-22,wk inc covid hosp,2,2026-09-05,41,quantile,0.6,9.0
2026-08-22,wk inc covid hosp,2,2026-09-05,41,quantile,0.65,10.0
2026-08-22,wk inc covid hosp,2,2026-09-05,41,quantile,0.7,11.0
2026-08-22,wk inc covid hosp,2,2026-09-05,41,quantile,0.75,11.0
2026-08-22,wk inc covid hosp,2,2026-09-05,41,quantile,0.8,12.0
2026-08-22,wk inc covid hosp,2,2026-09-05,41,quantile,0.85,13.0
2026-08-22,wk inc covid hosp,2,2026-09-05,41,quantile,0.9,14.0
2026-08-22,wk inc covid hosp,2,2026-09-05,41,quantile,0.95,16.0
2026-08-22,wk inc covid hosp,2,2026-09-05,41,quantile,0.975,18.0
2026-08-22,wk inc covid hosp,2,2026-09-05,41,quantile,0.99,20.0
2026-08-22,wk inc covid hosp,2,2026-09-05,42,quantile,0.01,23.0
2026-08-22,wk inc covid hosp,2,2026-09-05,42,quantile,0.025,28.0
2026-08-22,wk inc covid hosp,2,2026-09-05,42,quantile,0.05,31.0
2026-08-22,wk inc covid hosp,2,2026-09-05,42,quantile,0.1,36.0
2026-08-22,wk inc covid hosp,2,2026-09-05,42,quantile,0.15,40.0
2026-08-22,wk inc covid hosp,2,2026-09-05,42,quantile,0.2,43.0
2026-08-22,wk inc covid hosp,2,2026-09-05,42,quantile,0.25,46.0
2026-08-22,wk inc covid hosp,2,2026-09-05,42,quantile,0.3,49.0
2026-08-22,wk inc covid hosp,2,2026-09-05,42,quantile,0.35,52.0
2026-08-22,wk inc covid hosp,2,2026-09-05,42,quantile,0.4,54.0
2026-08-22,wk inc covid hosp,2,2026-09-05,42,quantile,0.45,57.0
2026-08-22,wk inc covid hosp,2,2026-09-05,42,quantile,0.5,59.0
2026-08-22,wk inc covid hosp,2,2026-09-05,42,quantile,0.55,62.0
2026-08-22,wk inc covid hosp,2,2026-09-05,42,quantile,0.6,65.0
2026-08-22,wk inc covid hosp,2,2026-09-05,42,quantile,0.65,68.0
2026-08-22,wk inc covid hosp,2,2026-09-05,42,quantile,0.7,71.0
2026-08-22,wk inc covid hosp,2,2026-09-05,42,quantile,0.75,75.0
2026-08-22,wk inc covid hosp,2,2026-09-05,42,quantile,0.8,78.0
2026-08-22,wk inc covid hosp,2,2026-09-05,42,quantile,0.85,82.0
2026-08-22,wk inc covid hosp,2,2026-09-05,42,quantile,0.9,88.0
2026-08-22,wk inc covid hosp,2,2026-09-05,42,quantile,0.95,98.0
2026-08-22,wk inc covid hosp,2,2026-09-05,42,quantile,0.975,107.0
2026-08-22,wk inc covid hosp,2,2026-09-05,42,quantile,0.99,115.0
2026-08-22,wk inc covid hosp,2,2026-09-05,44,quantile,0.01,2.0
2026-08-22,wk inc covid hosp,2,2026-09-05,44,quantile,0.025,3.0
2026-08-22,wk inc covid hosp,2,2026-09-05,44,quantile,0.05,3.0
2026-08-22,wk inc covid hosp,2,2026-09-05,44,quantile,0.1,4.0
2026-08-22,wk inc covid hosp,2,2026-09-05,44,quantile,0.15,5.0
2026-08-22,wk inc covid hosp,2,2026-09-05,44,quantile,0.2,5.0
2026-08-22,wk inc covid hosp,2,2026-09-05,44,quantile,0.25,6.0
2026-08-22,wk inc covid hosp,2,2026-09-05,44,quantile,0.3,7.0
2026-08-22,wk inc covid hosp,2,2026-09-05,44,quantile,0.35,7.0
2026-08-22,wk inc covid hosp,2,2026-09-05,44,quantile,0.4,7.0
2026-08-22,wk inc covid hosp,2,2026-09-05,44,quantile,0.45,8.0
2026-08-22,wk inc covid hosp,2,2026-09-05,44,quantile,0.5,8.0
2026-08-22,wk inc covid hosp,2,2026-09-05,44,quantile,0.55,9.0
2026-08-22,wk inc covid hosp,2,2026-09-05,44,quantile,0.6,10.0
2026-08-22,wk inc covid hosp,2,2026-09-05,44,quantile,0.65,10.0
2026-08-22,wk inc covid hosp,2,2026-09-05,44,quantile,0.7,11.0
2026-08-22,wk inc covid hosp,2,2026-09-05,44,quantile,0.75,11.0
2026-08-22,wk inc covid hosp,2,2026-09-05,44,quantile,0.8,12.0
2026-08-22,wk inc covid hosp,2,2026-09-05,44,quantile,0.85,13.0
2026-08-22,wk inc covid hosp,2,2026-09-05,44,quantile,0.9,14.0
2026-08-22,wk inc covid hosp,2,2026-09-05,44,quantile,0.95,16.0
2026-08-22,wk inc covid hosp,2,2026-09-05,44,quantile,0.975,18.0
2026-08-22,wk inc covid hosp,2,2026-09-05,44,quantile,0.99,20.0
2026-08-22,wk inc covid hosp,2,2026-09-05,45,quantile,0.01,7.0
2026-08-22,wk inc covid hosp,2,2026-09-05,45,quantile,0.025,10.0
2026-08-22,wk inc covid hosp,2,2026-09-05,45,quantile,0.05,11.0
2026-08-22,wk inc covid hosp,2,2026-09-05,45,quantile,0.1,14.0
2026-08-22,wk inc covid hosp,2,2026-09-05,45,quantile,0.15,15.0
2026-08-22,wk inc covid hosp,2,2026-09-05,45,quantile,0.2,17.0
2026-08-22,wk inc covid hosp,2,2026-09-05,45,quantile,0.25,18.0
2026-08-22,wk inc covid hosp,2,2026-09-05,45,quantile,0.3,19.0
2026-08-22,wk inc covid hosp,2,2026-09-05,45,quantile,0.35,20.0
2026-08-22,wk inc covid hosp,2,2026-09-05,45,quantile,0.4,22.0
2026-08-22,wk inc covid hosp,2,2026-09-05,45,quantile,0.45,23.0
2026-08-22,wk inc covid hosp,2,2026-09-05,45,quantile,0.5,24.0
2026-08-22,wk inc covid hosp,2,2026-09-05,45,quantile,0.55,25.0
2026-08-22,wk inc covid hosp,2,2026-09-05,45,quantile,0.6,27.0
2026-08-22,wk inc covid hosp,2,2026-09-05,45,quantile,0.65,28.0
2026-08-22,wk inc covid hosp,2,2026-09-05,45,quantile,0.7,29.0
2026-08-22,wk inc covid hosp,2,2026-09-05,45,quantile,0.75,31.0
2026-08-22,wk inc covid hosp,2,2026-09-05,45,quantile,0.8,33.0
2026-08-22,wk inc covid hosp,2,2026-09-05,45,quantile,0.85,35.0
2026-08-22,wk inc covid hosp,2,2026-09-05,45,quantile,0.9,37.0
2026-08-22,wk inc covid hosp,2,2026-09-05,45,quantile,0.95,42.0
2026-08-22,wk inc covid hosp,2,2026-09-05,45,quantile,0.975,46.0
2026-08-22,wk inc covid hosp,2,2026-09-05,45,quantile,0.99,50.0
2026-08-22,wk inc covid hosp,2,2026-09-05,46,quantile,0.01,0.0
2026-08-22,wk inc covid hosp,2,2026-09-05,46,quantile,0.025,0.0
2026-08-22,wk inc covid hosp,2,2026-09-05,46,quantile,0.05,0.0
2026-08-22,wk inc covid hosp,2,2026-09-05,46,quantile,0.1,0.0
2026-08-22,wk inc covid hosp,2,2026-09-05,46,quantile,0.15,0.0
2026-08-22,wk inc covid hosp,2,2026-09-05,46,quantile,0.2,1.0
2026-08-22,wk inc covid hosp,2,2026-09-05,46,quantile,0.25,1.0
2026-08-22,wk inc covid hosp,2,2026-09-05,46,quantile,0.3,1.0
2026-08-22,wk inc covid hosp,2,2026-09-05,46,quantile,0.35,1.0
2026-08-22,wk inc covid hosp,2,2026-09-05,46,quantile,0.4,1.0
2026-08-22,wk inc covid hosp,2,2026-09-05,46,quantile,0.45,2.0
2026-08-22,wk inc covid hosp,2,2026-09-05,46,quantile,0.5,2.0
2026-08-22,wk inc covid hosp,2,2026-09-05,46,quantile,0.55,2.0
2026-08-22,wk inc covid hosp,2,2026-09-05,46,quantile,0.6,2.0
2026-08-22,wk inc covid hosp,2,2026-09-05,46,quantile,0.65,2.0
2026-08-22,wk inc covid hosp,2,2026-09-05,46,quantile,0.7,3.0
2026-08-22,wk inc covid hosp,2,2026-09-05,46,quantile,0.75,3.0
2026-08-22,wk inc covid hosp,2,2026-09-05,46,quantile,0.8,3.0
2026-08-22,wk inc covid hosp,2,2026-09-05,46,quantile,0.85,4.0
2026-08-22,wk inc covid hosp,2,2026-09-05,46,quantile,0.9,4.0
2026-08-22,wk inc covid hosp,2,2026-09-05,46,quantile,0.95,5.0
2026-08-22,wk inc covid hosp,2,2026-09-05,46,quantile,0.975,6.0
2026-08-22,wk inc covid hosp,2,2026-09-05,46,quantile,0.99,7.0
2026-08-22,wk inc covid hosp,2,2026-09-05,47,quantile,0.01,15.0
2026-08-22,wk inc covid hosp,2,2026-09-05,47,quantile,0.025,18.0
2026-08-22,wk inc covid hosp,2,2026-09-05,47,quantile,0.05,21.0
2026-08-22,wk inc covid hosp,2,2026-09-05,47,quantile,0.1,25.0
2026-08-22,wk inc covid hosp,2,2026-09-05,47,quantile,0.15,27.0
2026-08-22,wk inc covid hosp,2,2026-09-05,47,quantile,0.2,29.0
2026-08-22,wk inc covid hosp,2,2026-09-05,47,quantile,0.25,32.0
2026-08-22,wk inc covid hosp,2,2026-09-05,47,quantile,0.3,33.0
2026-08-22,wk inc covid hosp,2,2026-09-05,47,quantile,0.35,35.0
2026-08-22,wk inc covid hosp,2,2026-09-05,47,quantile,0.4,37.0
2026-08-22,wk inc covid hosp,2,2026-09-05,47,quantile,0.45,39.0
2026-08-22,wk inc covid hosp,2,2026-09-05,47,quantile,0.5,40.0
2026-08-22,wk inc covid hosp,2,2026-09-05,47,quantile,0.55,42.0
2026-08-22,wk inc covid hosp,2,2026-09-05,47,quantile,0.6,44.0
2026-08-22,wk inc covid hosp,2,2026-09-05,47,quantile,0.65,46.0
2026-08-22,wk inc covid hosp,2,2026-09-05,47,quantile,0.7,48.0
2026-08-22,wk inc covid hosp,2,2026-09-05,47,quantile,0.75,51.0
2026-08-22,wk inc covid hosp,2,2026-09-05,47,quantile,0.8,54.0
2026-08-22,wk inc covid hosp,2,2026-09-05,47,quantile,0.85,57.0
2026-08-22,wk inc covid hosp,2,2026-09-05,47,quantile,0.9,62.0
2026-08-22,wk inc covid hosp,2,2026-09-05,47,quantile,0.95,69.0
2026-08-22,wk inc covid hosp,2,2026-09-05,47,quantile,0.975,74.0
2026-08-22,wk inc covid hosp,2,2026-09-05,47,quantile,0.99,83.0
2026-08-22,wk inc covid hosp,2,2026-09-05,48,quantile,0.01,113.0
2026-08-22,wk inc covid hosp,2,2026-09-05,48,quantile,0.025,132.0
2026-08-22,wk inc covid hosp,2,2026-09-05,48,quantile,0.05,147.0
2026-08-22,wk inc covid hosp,2,2026-09-05,48,quantile,0.1,170.0
2026-08-22,wk inc covid hosp,2,2026-09-05,48,quantile,0.15,188.0
2026-08-22,wk inc covid hosp,2,2026-09-05,48,quantile,0.2,204.0
2026-08-22,wk inc covid hosp,2,2026-09-05,48,quantile,0.25,217.0
2026-08-22,wk inc covid hosp,2,2026-09-05,48,quantile,0.3,229.0
2026-08-22,wk inc covid hosp,2,2026-09-05,48,quantile,0.35,242.0
2026-08-22,wk inc covid hosp,2,2026-09-05,48,quantile,0.4,251.0
2026-08-22,wk inc covid hosp,2,2026-09-05,48,quantile,0.45,262.0
2026-08-22,wk inc covid hosp,2,2026-09-05,48,quantile,0.5,273.0
2026-08-22,wk inc covid hosp,2,2026-09-05,48,quantile,0.55,284.0
2026-08-22,wk inc covid hosp,2,2026-09-05,48,quantile,0.6,295.0
2026-08-22,wk inc covid hosp,2,2026-09-05,48,quantile,0.65,309.0
2026-08-22,wk inc covid hosp,2,2026-09-05,48,quantile,0.7,322.0
2026-08-22,wk inc covid hosp,2,2026-09-05,48,quantile,0.75,338.0
2026-08-22,wk inc covid hosp,2,2026-09-05,48,quantile,0.8,356.0
2026-08-22,wk inc covid hosp,2,2026-09-05,48,quantile,0.85,379.0
2026-08-22,wk inc covid hosp,2,2026-09-05,48,quantile,0.9,402.0
2026-08-22,wk inc covid hosp,2,2026-09-05,48,quantile,0.95,444.0
2026-08-22,wk inc covid hosp,2,2026-09-05,48,quantile,0.975,484.0
2026-08-22,wk inc covid hosp,2,2026-09-05,48,quantile,0.99,554.0
2026-08-22,wk inc covid hosp,2,2026-09-05,49,quantile,0.01,0.0
2026-08-22,wk inc covid hosp,2,2026-09-05,49,quantile,0.025,0.0
2026-08-22,wk inc covid hosp,2,2026-09-05,49,quantile,0.05,1.0
2026-08-22,wk inc covid hosp,2,2026-09-05,49,quantile,0.1,1.0
2026-08-22,wk inc covid hosp,2,2026-09-05,49,quantile,0.15,2.0
2026-08-22,wk inc covid hosp,2,2026-09-05,49,quantile,0.2,2.0
2026-08-22,wk inc covid hosp,2,2026-09-05,49,quantile,0.25,2.0
2026-08-22,wk inc covid hosp,2,2026-09-05,49,quantile,0.3,2.0
2026-08-22,wk inc covid hosp,2,2026-09-05,49,quantile,0.35,3.0
2026-08-22,wk inc covid hosp,2,2026-09-05,49,quantile,0.4,3.0
2026-08-22,wk inc covid hosp,2,2026-09-05,49,quantile,0.45,3.0
2026-08-22,wk inc covid hosp,2,2026-09-05,49,quantile,0.5,4.0
2026-08-22,wk inc covid hosp,2,2026-09-05,49,quantile,0.55,4.0
2026-08-22,wk inc covid hosp,2,2026-09-05,49,quantile,0.6,4.0
2026-08-22,wk inc covid hosp,2,2026-09-05,49,quantile,0.65,5.0
2026-08-22,wk inc covid hosp,2,2026-09-05,49,quantile,0.7,5.0
2026-08-22,wk inc covid hosp,2,2026-09-05,49,quantile,0.75,5.0
2026-08-22,wk inc covid hosp,2,2026-09-05,49,quantile,0.8,6.0
2026-08-22,wk inc covid hosp,2,2026-09-05,49,quantile,0.85,7.0
2026-08-22,wk inc covid hosp,2,2026-09-05,49,quantile,0.9,7.0
2026-08-22,wk inc covid hosp,2,2026-09-05,49,quantile,0.95,8.0
2026-08-22,wk inc covid hosp,2,2026-09-05,49,quantile,0.975,9.0
2026-08-22,wk inc covid hosp,2,2026-09-05,49,quantile,0.99,11.0
2026-08-22,wk inc covid hosp,2,2026-09-05,50,quantile,0.01,0.0
2026-08-22,wk inc covid hosp,2,2026-09-05,50,quantile,0.025,0.0
2026-08-22,wk inc covid hosp,2,2026-09-05,50,quantile,0.05,0.0
2026-08-22,wk inc covid hosp,2,2026-09-05,50,quantile,0.1,0.0
2026-08-22,wk inc covid hosp,2,2026-09-05,50,quantile,0.15,0.0
2026-08-22,wk inc covid hosp,2,2026-09-05,50,quantile,0.2,0.0
2026-08-22,wk inc covid hosp,2,2026-09-05,50,quantile,0.25,0.0
2026-08-22,wk inc covid hosp,2,2026-09-05,50,quantile,0.3,0.0
2026-08-22,wk inc covid hosp,2,2026-09-05,50,quantile,0.35,0.0
2026-08-22,wk inc covid hosp,2,2026-09-05,50,quantile,0.4,1.0
2026-08-22,wk inc covid hosp,2,2026-09-05,50,quantile,0.45,1.0
2026-08-22,wk inc covid hosp,2,2026-09-05,50,quantile,0.5,1.0
2026-08-22,wk inc covid hosp,2,2026-09-05,50,quantile,0.55,1.0
2026-08-22,wk inc covid hosp,2,2026-09-05,50,quantile,0.6,1.0
2026-08-22,wk inc covid hosp,2,2026-09-05,50,quantile,0.65,1.0
2026-08-22,wk inc covid hosp,2,2026-09-05,50,quantile,0.7,1.0
2026-08-22,wk inc covid hosp,2,2026-09-05,50,quantile,0.75,2.0
2026-08-22,wk inc covid hosp,2,2026-09-05,50,quantile,0.8,2.0
2026-08-22,wk inc covid hosp,2,2026-09-05,50,quantile,0.85,2.0
2026-08-22,wk inc covid hosp,2,2026-09-05,50,quantile,0.9,2.0
2026-08-22,wk inc covid hosp,2,2026-09-05,50,quantile,0.95,3.0
2026-08-22,wk inc covid hosp,2,2026-09-05,50,quantile,0.975,4.0
2026-08-22,wk inc covid hosp,2,2026-09-05,50,quantile,0.99,4.0
2026-08-22,wk inc covid hosp,2,2026-09-05,51,quantile,0.01,6.0
2026-08-22,wk inc covid hosp,2,2026-09-05,51,quantile,0.025,7.0
2026-08-22,wk inc covid hosp,2,2026-09-05,51,quantile,0.05,8.0
2026-08-22,wk inc covid hosp,2,2026-09-05,51,quantile,0.1,10.0
2026-08-22,wk inc covid hosp,2,2026-09-05,51,quantile,0.15,12.0
2026-08-22,wk inc covid hosp,2,2026-09-05,51,quantile,0.2,13.0
2026-08-22,wk inc covid hosp,2,2026-09-05,51,quantile,0.25,14.0
2026-08-22,wk inc covid hosp,2,2026-09-05,51,quantile,0.3,15.0
2026-08-22,wk inc covid hosp,2,2026-09-05,51,quantile,0.35,16.0
2026-08-22,wk inc covid hosp,2,2026-09-05,51,quantile,0.4,17.0
2026-08-22,wk inc covid hosp,2,2026-09-05,51,quantile,0.45,17.0
2026-08-22,wk inc covid hosp,2,2026-09-05,51,quantile,0.5,18.0
2026-08-22,wk inc covid hosp,2,2026-09-05,51,quantile,0.55,19.0
2026-08-22,wk inc covid hosp,2,2026-09-05,51,quantile,0.6,20.0
2026-08-22,wk inc covid hosp,2,2026-09-05,51,quantile,0.65,21.0
2026-08-22,wk inc covid hosp,2,2026-09-05,51,quantile,0.7,23.0
2026-08-22,wk inc covid hosp,2,2026-09-05,51,quantile,0.75,24.0
2026-08-22,wk inc covid hosp,2,2026-09-05,51,quantile,0.8,25.0
2026-08-22,wk inc covid hosp,2,2026-09-05,51,quantile,0.85,27.0
2026-08-22,wk inc covid hosp,2,2026-09-05,51,quantile,0.9,29.0
2026-08-22,wk inc covid hosp,2,2026-09-05,51,quantile,0.95,32.0
2026-08-22,wk inc covid hosp,2,2026-09-05,51,quantile,0.975,36.0
2026-08-22,wk inc covid hosp,2,2026-09-05,51,quantile,0.99,40.0
2026-08-22,wk inc covid hosp,2,2026-09-05,53,quantile,0.01,16.0
2026-08-22,wk inc covid hosp,2,2026-09-05,53,quantile,0.025,19.0
2026-08-22,wk inc covid hosp,2,2026-09-05,53,quantile,0.05,23.0
2026-08-22,wk inc covid hosp,2,2026-09-05,53,quantile,0.1,27.0
2026-08-22,wk inc covid hosp,2,2026-09-05,53,quantile,0.15,30.0
2026-08-22,wk inc covid hosp,2,2026-09-05,53,quantile,0.2,32.0
2026-08-22,wk inc covid hosp,2,2026-09-05,53,quantile,0.25,35.0
2026-08-22,wk inc covid hosp,2,2026-09-05,53,quantile,0.3,37.0
2026-08-22,wk inc covid hosp,2,2026-09-05,53,quantile,0.35,39.0
2026-08-22,wk inc covid hosp,2,2026-09-05,53,quantile,0.4,41.0
2026-08-22,wk inc covid hosp,2,2026-09-05,53,quantile,0.45,43.0
2026-08-22,wk inc covid hosp,2,2026-09-05,53,quantile,0.5,45.0
2026-08-22,wk inc covid hosp,2,2026-09-05,53,quantile,0.55,47.0
2026-08-22,wk inc covid hosp,2,2026-09-05,53,quantile,0.6,49.0
2026-08-22,wk inc covid hosp,2,2026-09-05,53,quantile,0.65,51.0
2026-08-22,wk inc covid hosp,2,2026-09-05,53,quantile,0.7,53.0
2026-08-22,wk inc covid hosp,2,2026-09-05,53,quantile,0.75,56.0
2026-08-22,wk inc covid hosp,2,2026-09-05,53,quantile,0.8,59.0
2026-08-22,wk inc covid hosp,2,2026-09-05,53,quantile,0.85,62.0
2026-08-22,wk inc covid hosp,2,2026-09-05,53,quantile,0.9,67.0
2026-08-22,wk inc covid hosp,2,2026-09-05,53,quantile,0.95,74.0
2026-08-22,wk inc covid hosp,2,2026-09-05,53,quantile,0.975,81.0
2026-08-22,wk inc covid hosp,2,2026-09-05,53,quantile,0.99,91.0
2026-08-22,wk inc covid hosp,2,2026-09-05,54,quantile,0.01,0.0
2026-08-22,wk inc covid hosp,2,2026-09-05,54,quantile,0.025,1.0
2026-08-22,wk inc covid hosp,2,2026-09-05,54,quantile,0.05,1.0
2026-08-22,wk inc covid hosp,2,2026-09-05,54,quantile,0.1,2.0
2026-08-22,wk inc covid hosp,2,2026-09-05,54,quantile,0.15,2.0
2026-08-22,wk inc covid hosp,2,2026-09-05,54,quantile,0.2,3.0
2026-08-22,wk inc covid hosp,2,2026-09-05,54,quantile,0.25,3.0
2026-08-22,wk inc covid hosp,2,2026-09-05,54,quantile,0.3,3.0
2026-08-22,wk inc covid hosp,2,2026-09-05,54,quantile,0.35,4.0
2026-08-22,wk inc covid hosp,2,2026-09-05,54,quantile,0.4,4.0
2026-08-22,wk inc covid hosp,2,2026-09-05,54,quantile,0.45,4.0
2026-08-22,wk inc covid hosp,2,2026-09-05,54,quantile,0.5,5.0
2026-08-22,wk inc covid hosp,2,2026-09-05,54,quantile,0.55,5.0
2026-08-22,wk inc covid hosp,2,2026-09-05,54,quantile,0.6,5.0
2026-08-22,wk inc covid hosp,2,2026-09-05,54,quantile,0.65,6.0
2026-08-22,wk inc covid hosp,2,2026-09-05,54,quantile,0.7,6.0
2026-08-22,wk inc covid hosp,2,2026-09-05,54,quantile,0.75,7.0
2026-08-22,wk inc covid hosp,2,2026-09-05,54,quantile,0.8,7.0
2026-08-22,wk inc covid hosp,2,2026-09-05,54,quantile,0.85,8.0
2026-08-22,wk inc covid hosp,2,2026-09-05,54,quantile,0.9,9.0
2026-08-22,wk inc covid hosp,2,2026-09-05,54,quantile,0.95,10.0
2026-08-22,wk inc covid hosp,2,2026-09-05,54,quantile,0.975,11.0
2026-08-22,wk inc covid hosp,2,2026-09-05,54,quantile,0.99,13.0
2026-08-22,wk inc covid hosp,2,2026-09-05,55,quantile,0.01,1.0
2026-08-22,wk inc covid hosp,2,2026-09-05,55,quantile,0.025,2.0
2026-08-22,wk inc covid hosp,2,2026-09-05,55,quantile,0.05,2.0
2026-08-22,wk inc covid hosp,2,2026-09-05,55,quantile,0.1,3.0
2026-08-22,wk inc covid hosp,2,2026-09-05,55,quantile,0.15,4.0
2026-08-22,wk inc covid hosp,2,2026-09-05,55,quantile,0.2,4.0
2026-08-22,wk inc covid hosp,2,2026-09-05,55,quantile,0.25,5.0
2026-08-22,wk inc covid hosp,2,2026-09-05,55,quantile,0.3,5.0
2026-08-22,wk inc covid hosp,2,2026-09-05,55,quantile,0.35,5.0
2026-08-22,wk inc covid hosp,2,2026-09-05,55,quantile,0.4,6.0
2026-08-22,wk inc covid hosp,2,2026-09-05,55,quantile,0.45,6.0
2026-08-22,wk inc covid hosp,2,2026-09-05,55,quantile,0.5,7.0
2026-08-22,wk inc covid hosp,2,2026-09-05,55,quantile,0.55,7.0
2026-08-22,wk inc covid hosp,2,2026-09-05,55,quantile,0.6,8.0
2026-08-22,wk inc covid hosp,2,2026-09-05,55,quantile,0.65,8.0
2026-08-22,wk inc covid hosp,2,2026-09-05,55,quantile,0.7,9.0
2026-08-22,wk inc covid hosp,2,2026-09-05,55,quantile,0.75,9.0
2026-08-22,wk inc covid hosp,2,2026-09-05,55,quantile,0.8,10.0
2026-08-22,wk inc covid hosp,2,2026-09-05,55,quantile,0.85,11.0
2026-08-22,wk inc covid hosp,2,2026-09-05,55,quantile,0.9,12.0
2026-08-22,wk inc covid hosp,2,2026-09-05,55,quantile,0.95,13.0
2026-08-22,wk inc covid hosp,2,2026-09-05,55,quantile,0.975,15.0
2026-08-22,wk inc covid hosp,2,2026-09-05,55,quantile,0.99,17.0
2026-08-22,wk inc covid hosp,2,2026-09-05,56,quantile,0.01,0.0
2026-08-22,wk inc covid hosp,2,2026-09-05,56,quantile,0.025,0.0
2026-08-22,wk inc covid hosp,2,2026-09-05,56,quantile,0.05,0.0
2026-08-22,wk inc covid hosp,2,2026-09-05,56,quantile,0.1,0.0
2026-08-22,wk inc covid hosp,2,2026-09-05,56,quantile,0.15,1.0
2026-08-22,wk inc covid hosp,2,2026-09-05,56,quantile,0.2,1.0
2026-08-22,wk inc covid hosp,2,2026-09-05,56,quantile,0.25,1.0
2026-08-22,wk inc covid hosp,2,2026-09-05,56,quantile,0.3,1.0
2026-08-22,wk inc covid hosp,2,2026-09-05,56,quantile,0.35,1.0
2026-08-22,wk inc covid hosp,2,2026-09-05,56,quantile,0.4,1.0
2026-08-22,wk inc covid hosp,2,2026-09-05,56,quantile,0.45,2.0
2026-08-22,wk inc covid hosp,2,2026-09-05,56,quantile,0.5,2.0
2026-08-22,wk inc covid hosp,2,2026-09-05,56,quantile,0.55,2.0
2026-08-22,wk inc covid hosp,2,2026-09-05,56,quantile,0.6,2.0
2026-08-22,wk inc covid hosp,2,2026-09-05,56,quantile,0.65,2.0
2026-08-22,wk inc covid hosp,2,2026-09-05,56,quantile,0.7,3.0
2026-08-22,wk inc covid hosp,2,2026-09-05,56,quantile,0.75,3.0
2026-08-22,wk inc covid hosp,2,2026-09-05,56,quantile,0.8,3.0
2026-08-22,wk inc covid hosp,2,2026-09-05,56,quantile,0.85,4.0
2026-08-22,wk inc covid hosp,2,2026-09-05,56,quantile,0.9,4.0
2026-08-22,wk inc covid hosp,2,2026-09-05,56,quantile,0.95,5.0
2026-08-22,wk inc covid hosp,2,2026-09-05,56,quantile,0.975,6.0
2026-08-22,wk inc covid hosp,2,2026-09-05,56,quantile,0.99,7.0
2026-08-22,wk inc covid hosp,2,2026-09-05,72,quantile,0.01,29.0
2026-08-22,wk inc covid hosp,2,2026-09-05,72,quantile,0.025,33.0
2026-08-22,wk inc covid hosp,2,2026-09-05,72,quantile,0.05,37.0
2026-08-22,wk inc covid hosp,2,2026-09-05,72,quantile,0.1,43.0
2026-08-22,wk inc covid hosp,2,2026-09-05,72,quantile,0.15,48.0
2026-08-22,wk inc covid hosp,2,2026-09-05,72,quantile,0.2,51.0
2026-08-22,wk inc covid hosp,2,2026-09-05,72,quantile,0.25,54.0
2026-08-22,wk inc covid hosp,2,2026-09-05,72,quantile,0.3,57.0
2026-08-22,wk inc covid hosp,2,2026-09-05,72,quantile,0.35,60.0
2026-08-22,wk inc covid hosp,2,2026-09-05,72,quantile,0.4,63.0
2026-08-22,wk inc covid hosp,2,2026-09-05,72,quantile,0.45,66.0
2026-08-22,wk inc covid hosp,2,2026-09-05,72,quantile,0.5,69.0
2026-08-22,wk inc covid hosp,2,2026-09-05,72,quantile,0.55,72.0
2026-08-22,wk inc covid hosp,2,2026-09-05,72,quantile,0.6,75.0
2026-08-22,wk inc covid hosp,2,2026-09-05,72,quantile,0.65,78.0
2026-08-22,wk inc covid hosp,2,2026-09-05,72,quantile,0.7,82.0
2026-08-22,wk inc covid hosp,2,2026-09-05,72,quantile,0.75,86.0
2026-08-22,wk inc covid hosp,2,2026-09-05,72,quantile,0.8,91.0
2026-08-22,wk inc covid hosp,2,2026-09-05,72,quantile,0.85,95.0
2026-08-22,wk inc covid hosp,2,2026-09-05,72,quantile,0.9,103.0
2026-08-22,wk inc covid hosp,2,2026-09-05,72,quantile,0.95,115.0
2026-08-22,wk inc covid hosp,2,2026-09-05,72,quantile,0.975,124.0
2026-08-22,wk inc covid hosp,2,2026-09-05,72,quantile,0.99,142.0
2026-08-22,wk inc covid hosp,3,2026-09-12,01,quantile,0.01,26.0
2026-08-22,wk inc covid hosp,3,2026-09-12,01,quantile,0.025,30.0
2026-08-22,wk inc covid hosp,3,2026-09-12,01,quantile,0.05,33.0
2026-08-22,wk inc covid hosp,3,2026-09-12,01,quantile,0.1,39.0
2026-08-22,wk inc covid hosp,3,2026-09-12,01,quantile,0.15,43.0
2026-08-22,wk inc covid hosp,3,2026-09-12,01,quantile,0.2,47.0
2026-08-22,wk inc covid hosp,3,2026-09-12,01,quantile,0.25,50.0
2026-08-22,wk inc covid hosp,3,2026-09-12,01,quantile,0.3,53.0
2026-08-22,wk inc covid hosp,3,2026-09-12,01,quantile,0.35,56.0
2026-08-22,wk inc covid hosp,3,2026-09-12,01,quantile,0.4,59.0
2026-08-22,wk inc covid hosp,3,2026-09-12,01,quantile,0.45,61.0
2026-08-22,wk inc covid hosp,3,2026-09-12,01,quantile,0.5,64.0
2026-08-22,wk inc covid hosp,3,2026-09-12,01,quantile,0.55,67.0
2026-08-22,wk inc covid hosp,3,2026-09-12,01,quantile,0.6,69.0
2026-08-22,wk inc covid hosp,3,2026-09-12,01,quantile,0.65,72.0
2026-08-22,wk inc covid hosp,3,2026-09-12,01,quantile,0.7,75.0
2026-08-22,wk inc covid hosp,3,2026-09-12,01,quantile,0.75,79.0
2026-08-22,wk inc covid hosp,3,2026-09-12,01,quantile,0.8,83.0
2026-08-22,wk inc covid hosp,3,2026-09-12,01,quantile,0.85,88.0
2026-08-22,wk inc covid hosp,3,2026-09-12,01,quantile,0.9,95.0
2026-08-22,wk inc covid hosp,3,2026-09-12,01,quantile,0.95,106.0
2026-08-22,wk inc covid hosp,3,2026-09-12,01,quantile,0.975,116.0
2026-08-22,wk inc covid hosp,3,2026-09-12,01,quantile,0.99,128.0
2026-08-22,wk inc covid hosp,3,2026-09-12,02,quantile,0.01,0.0
2026-08-22,wk inc covid hosp,3,2026-09-12,02,quantile,0.025,0.0
2026-08-22,wk inc covid hosp,3,2026-09-12,02,quantile,0.05,0.0
2026-08-22,wk inc covid hosp,3,2026-09-12,02,quantile,0.1,1.0
2026-08-22,wk inc covid hosp,3,2026-09-12,02,quantile,0.15,1.0
2026-08-22,wk inc covid hosp,3,2026-09-12,02,quantile,0.2,1.0
2026-08-22,wk inc covid hosp,3,2026-09-12,02,quantile,0.25,2.0
2026-08-22,wk inc covid hosp,3,2026-09-12,02,quantile,0.3,2.0
2026-08-22,wk inc covid hosp,3,2026-09-12,02,quantile,0.35,2.0
2026-08-22,wk inc covid hosp,3,2026-09-12,02,quantile,0.4,2.0
2026-08-22,wk inc covid hosp,3,2026-09-12,02,quantile,0.45,3.0
2026-08-22,wk inc covid hosp,3,2026-09-12,02,quantile,0.5,3.0
2026-08-22,wk inc covid hosp,3,2026-09-12,02,quantile,0.55,3.0
2026-08-22,wk inc covid hosp,3,2026-09-12,02,quantile,0.6,3.0
2026-08-22,wk inc covid hosp,3,2026-09-12,02,quantile,0.65,4.0
2026-08-22,wk inc covid hosp,3,2026-09-12,02,quantile,0.7,4.0
2026-08-22,wk inc covid hosp,3,2026-09-12,02,quantile,0.75,4.0
2026-08-22,wk inc covid hosp,3,2026-09-12,02,quantile,0.8,5.0
2026-08-22,wk inc covid hosp,3,2026-09-12,02,quantile,0.85,5.0
2026-08-22,wk inc covid hosp,3,2026-09-12,02,quantile,0.9,6.0
2026-08-22,wk inc covid hosp,3,2026-09-12,02,quantile,0.95,7.0
2026-08-22,wk inc covid hosp,3,2026-09-12,02,quantile,0.975,7.0
2026-08-22,wk inc covid hosp,3,2026-09-12,02,quantile,0.99,9.0
2026-08-22,wk inc covid hosp,3,2026-09-12,04,quantile,0.01,15.0
2026-08-22,wk inc covid hosp,3,2026-09-12,04,quantile,0.025,19.0
2026-08-22,wk inc covid hosp,3,2026-09-12,04,quantile,0.05,22.0
2026-08-22,wk inc covid hosp,3,2026-09-12,04,quantile,0.1,26.0
2026-08-22,wk inc covid hosp,3,2026-09-12,04,quantile,0.15,29.0
2026-08-22,wk inc covid hosp,3,2026-09-12,04,quantile,0.2,31.0
2026-08-22,wk inc covid hosp,3,2026-09-12,04,quantile,0.25,33.0
2026-08-22,wk inc covid hosp,3,2026-09-12,04,quantile,0.3,35.0
2026-08-22,wk inc covid hosp,3,2026-09-12,04,quantile,0.35,37.0
2026-08-22,wk inc covid hosp,3,2026-09-12,04,quantile,0.4,39.0
2026-08-22,wk inc covid hosp,3,2026-09-12,04,quantile,0.45,41.0
2026-08-22,wk inc covid hosp,3,2026-09-12,04,quantile,0.5,43.0
2026-08-22,wk inc covid hosp,3,2026-09-12,04,quantile,0.55,45.0
2026-08-22,wk inc covid hosp,3,2026-09-12,04,quantile,0.6,47.0
2026-08-22,wk inc covid hosp,3,2026-09-12,04,quantile,0.65,49.0
2026-08-22,wk inc covid hosp,3,2026-09-12,04,quantile,0.7,51.0
2026-08-22,wk inc covid hosp,3,2026-09-12,04,quantile,0.75,54.0
2026-08-22,wk inc covid hosp,3,2026-09-12,04,quantile,0.8,57.0
2026-08-22,wk inc covid hosp,3,2026-09-12,04,quantile,0.85,60.0
2026-08-22,wk inc covid hosp,3,2026-09-12,04,quantile,0.9,65.0
2026-08-22,wk inc covid hosp,3,2026-09-12,04,quantile,0.95,72.0
2026-08-22,wk inc covid hosp,3,2026-09-12,04,quantile,0.975,79.0
2026-08-22,wk inc covid hosp,3,2026-09-12,04,quantile,0.99,86.0
2026-08-22,wk inc covid hosp,3,2026-09-12,05,quantile,0.01,3.0
2026-08-22,wk inc covid hosp,3,2026-09-12,05,quantile,0.025,4.0
2026-08-22,wk inc covid hosp,3,2026-09-12,05,quantile,0.05,6.0
2026-08-22,wk inc covid hosp,3,2026-09-12,05,quantile,0.1,7.0
2026-08-22,wk inc covid hosp,3,2026-09-12,05,quantile,0.15,8.0
2026-08-22,wk inc covid hosp,3,2026-09-12,05,quantile,0.2,9.0
2026-08-22,wk inc covid hosp,3,2026-09-12,05,quantile,0.25,10.0
2026-08-22,wk inc covid hosp,3,2026-09-12,05,quantile,0.3,11.0
2026-08-22,wk inc covid hosp,3,2026-09-12,05,quantile,0.35,12.0
2026-08-22,wk inc covid hosp,3,2026-09-12,05,quantile,0.4,12.0
2026-08-22,wk inc covid hosp,3,2026-09-12,05,quantile,0.45,13.0
2026-08-22,wk inc covid hosp,3,2026-09-12,05,quantile,0.5,14.0
2026-08-22,wk inc covid hosp,3,2026-09-12,05,quantile,0.55,14.0
2026-08-22,wk inc covid hosp,3,2026-09-12,05,quantile,0.6,15.0
2026-08-22,wk inc covid hosp,3,2026-09-12,05,quantile,0.65,16.0
2026-08-22,wk inc covid hosp,3,2026-09-12,05,quantile,0.7,17.0
2026-08-22,wk inc covid hosp,3,2026-09-12,05,quantile,0.75,18.0
2026-08-22,wk inc covid hosp,3,2026-09-12,05,quantile,0.8,19.0
2026-08-22,wk inc covid hosp,3,2026-09-12,05,quantile,0.85,20.0
2026-08-22,wk inc covid hosp,3,2026-09-12,05,quantile,0.9,22.0
2026-08-22,wk inc covid hosp,3,2026-09-12,05,quantile,0.95,25.0
2026-08-22,wk inc covid hosp,3,2026-09-12,05,quantile,0.975,27.0
2026-08-22,wk inc covid hosp,3,2026-09-12,05,quantile,0.99,30.0
2026-08-22,wk inc covid hosp,3,2026-09-12,06,quantile,0.01,152.0
2026-08-22,wk inc covid hosp,3,2026-09-12,06,quantile,0.025,181.0
2026-08-22,wk inc covid hosp,3,2026-09-12,06,quantile,0.05,205.0
2026-08-22,wk inc covid hosp,3,2026-09-12,06,quantile,0.1,232.0
2026-08-22,wk inc covid hosp,3,2026-09-12,06,quantile,0.15,254.0
2026-08-22,wk inc covid hosp,3,2026-09-12,06,quantile,0.2,270.0
2026-08-22,wk inc covid hosp,3,2026-09-12,06,quantile,0.25,288.0
2026-08-22,wk inc covid hosp,3,2026-09-12,06,quantile,0.3,305.0
2026-08-22,wk inc covid hosp,3,2026-09-12,06,quantile,0.35,321.0
2026-08-22,wk inc covid hosp,3,2026-09-12,06,quantile,0.4,334.0
2026-08-22,wk inc covid hosp,3,2026-09-12,06,quantile,0.45,348.0
2026-08-22,wk inc covid hosp,3,2026-09-12,06,quantile,0.5,362.0
2026-08-22,wk inc covid hosp,3,2026-09-12,06,quantile,0.55,377.0
2026-08-22,wk inc covid hosp,3,2026-09-12,06,quantile,0.6,391.0
2026-08-22,wk inc covid hosp,3,2026-09-12,06,quantile,0.65,406.0
2026-08-22,wk inc covid hosp,3,2026-09-12,06,quantile,0.7,423.0
2026-08-22,wk inc covid hosp,3,2026-09-12,06,quantile,0.75,444.0
2026-08-22,wk inc covid hosp,3,2026-09-12,06,quantile,0.8,467.0
2026-08-22,wk inc covid hosp,3,2026-09-12,06,quantile,0.85,490.0
2026-08-22,wk inc covid hosp,3,2026-09-12,06,quantile,0.9,527.0
2026-08-22,wk inc covid hosp,3,2026-09-12,06,quantile,0.95,574.0
2026-08-22,wk inc covid hosp,3,2026-09-12,06,quantile,0.975,617.0
2026-08-22,wk inc covid hosp,3,2026-09-12,06,quantile,0.99,686.0
2026-08-22,wk inc covid hosp,3,2026-09-12,08,quantile,0.01,4.0
2026-08-22,wk inc covid hosp,3,2026-09-12,08,quantile,0.025,6.0
2026-08-22,wk inc covid hosp,3,2026-09-12,08,quantile,0.05,7.0
2026-08-22,wk inc covid hosp,3,2026-09-12,08,quantile,0.1,8.0
2026-08-22,wk inc covid hosp,3,2026-09-12,08,quantile,0.15,10.0
2026-08-22,wk inc covid hosp,3,2026-09-12,08,quantile,0.2,10.0
2026-08-22,wk inc covid hosp,3,2026-09-12,08,quantile,0.25,11.0
2026-08-22,wk inc covid hosp,3,2026-09-12,08,quantile,0.3,12.0
2026-08-22,wk inc covid hosp,3,2026-09-12,08,quantile,0.35,13.0
2026-08-22,wk inc covid hosp,3,2026-09-12,08,quantile,0.4,14.0
2026-08-22,wk inc covid hosp,3,2026-09-12,08,quantile,0.45,15.0
2026-08-22,wk inc covid hosp,3,2026-09-12,08,quantile,0.5,15.0
2026-08-22,wk inc covid hosp,3,2026-09-12,08,quantile,0.55,16.0
2026-08-22,wk inc covid hosp,3,2026-09-12,08,quantile,0.6,17.0
2026-08-22,wk inc covid hosp,3,2026-09-12,08,quantile,0.65,18.0
2026-08-22,wk inc covid hosp,3,2026-09-12,08,quantile,0.7,19.0
2026-08-22,wk inc covid hosp,3,2026-09-12,08,quantile,0.75,20.0
2026-08-22,wk inc covid hosp,3,2026-09-12,08,quantile,0.8,21.0
2026-08-22,wk inc covid hosp,3,2026-09-12,08,quantile,0.85,23.0
2026-08-22,wk inc covid hosp,3,2026-09-12,08,quantile,0.9,25.0
2026-08-22,wk inc covid hosp,3,2026-09-12,08,quantile,0.95,28.0
2026-08-22,wk inc covid hosp,3,2026-09-12,08,quantile,0.975,31.0
2026-08-22,wk inc covid hosp,3,2026-09-12,08,quantile,0.99,33.0
2026-08-22,wk inc covid hosp,3,2026-09-12,09,quantile,0.01,2.0
2026-08-22,wk inc covid hosp,3,2026-09-12,09,quantile,0.025,2.0
2026-08-22,wk inc covid hosp,3,2026-09-12,09,quantile,0.05,3.0
2026-08-22,wk inc covid hosp,3,2026-09-12,09,quantile,0.1,4.0
2026-08-22,wk inc covid hosp,3,2026-09-12,09,quantile,0.15,5.0
2026-08-22,wk inc covid hosp,3,2026-09-12,09,quantile,0.2,5.0
2026-08-22,wk inc covid hosp,3,2026-09-12,09,quantile,0.25,6.0
2026-08-22,wk inc covid hosp,3,2026-09-12,09,quantile,0.3,6.0
2026-08-22,wk inc covid hosp,3,2026-09-12,09,quantile,0.35,7.0
2026-08-22,wk inc covid hosp,3,2026-09-12,09,quantile,0.4,7.0
2026-08-22,wk inc covid hosp,3,2026-09-12,09,quantile,0.45,8.0
2026-08-22,wk inc covid hosp,3,2026-09-12,09,quantile,0.5,9.0
2026-08-22,wk inc covid hosp,3,2026-09-12,09,quantile,0.55,9.0
2026-08-22,wk inc covid hosp,3,2026-09-12,09,quantile,0.6,10.0
2026-08-22,wk inc covid hosp,3,2026-09-12,09,quantile,0.65,10.0
2026-08-22,wk inc covid hosp,3,2026-09-12,09,quantile,0.7,11.0
2026-08-22,wk inc covid hosp,3,2026-09-12,09,quantile,0.75,12.0
2026-08-22,wk inc covid hosp,3,2026-09-12,09,quantile,0.8,12.0
2026-08-22,wk inc covid hosp,3,2026-09-12,09,quantile,0.85,13.0
2026-08-22,wk inc covid hosp,3,2026-09-12,09,quantile,0.9,15.0
2026-08-22,wk inc covid hosp,3,2026-09-12,09,quantile,0.95,16.0
2026-08-22,wk inc covid hosp,3,2026-09-12,09,quantile,0.975,18.0
2026-08-22,wk inc covid hosp,3,2026-09-12,09,quantile,0.99,21.0
2026-08-22,wk inc covid hosp,3,2026-09-12,10,quantile,0.01,0.0
2026-08-22,wk inc covid hosp,3,2026-09-12,10,quantile,0.025,0.0
2026-08-22,wk inc covid hosp,3,2026-09-12,10,quantile,0.05,0.0
2026-08-22,wk inc covid hosp,3,2026-09-12,10,quantile,0.1,1.0
2026-08-22,wk inc covid hosp,3,2026-09-12,10,quantile,0.15,1.0
2026-08-22,wk inc covid hosp,3,2026-09-12,10,quantile,0.2,1.0
2026-08-22,wk inc covid hosp,3,2026-09-12,10,quantile,0.25,2.0
2026-08-22,wk inc covid hosp,3,2026-09-12,10,quantile,0.3,2.0
2026-08-22,wk inc covid hosp,3,2026-09-12,10,quantile,0.35,2.0
2026-08-22,wk inc covid hosp,3,2026-09-12,10,quantile,0.4,2.0
2026-08-22,wk inc covid hosp,3,2026-09-12,10,quantile,0.45,2.0
2026-08-22,wk inc covid hosp,3,2026-09-12,10,quantile,0.5,3.0
2026-08-22,wk inc covid hosp,3,2026-09-12,10,quantile,0.55,3.0
2026-08-22,wk inc covid hosp,3,2026-09-12,10,quantile,0.6,3.0
2026-08-22,wk inc covid hosp,3,2026-09-12,10,quantile,0.65,3.0
2026-08-22,wk inc covid hosp,3,2026-09-12,10,quantile,0.7,4.0
2026-08-22,wk inc covid hosp,3,2026-09-12,10,quantile,0.75,4.0
2026-08-22,wk inc covid hosp,3,2026-09-12,10,quantile,0.8,4.0
2026-08-22,wk inc covid hosp,3,2026-09-12,10,quantile,0.85,5.0
2026-08-22,wk inc covid hosp,3,2026-09-12,10,quantile,0.9,5.0
2026-08-22,wk inc covid hosp,3,2026-09-12,10,quantile,0.95,6.0
2026-08-22,wk inc covid hosp,3,2026-09-12,10,quantile,0.975,7.0
2026-08-22,wk inc covid hosp,3,2026-09-12,10,quantile,0.99,9.0
2026-08-22,wk inc covid hosp,3,2026-09-12,11,quantile,0.01,0.0
2026-08-22,wk inc covid hosp,3,2026-09-12,11,quantile,0.025,1.0
2026-08-22,wk inc covid hosp,3,2026-09-12,11,quantile,0.05,1.0
2026-08-22,wk inc covid hosp,3,2026-09-12,11,quantile,0.1,2.0
2026-08-22,wk inc covid hosp,3,2026-09-12,11,quantile,0.15,2.0
2026-08-22,wk inc covid hosp,3,2026-09-12,11,quantile,0.2,3.0
2026-08-22,wk inc covid hosp,3,2026-09-12,11,quantile,0.25,3.0
2026-08-22,wk inc covid hosp,3,2026-09-12,11,quantile,0.3,3.0
2026-08-22,wk inc covid hosp,3,2026-09-12,11,quantile,0.35,4.0
2026-08-22,wk inc covid hosp,3,2026-09-12,11,quantile,0.4,4.0
2026-08-22,wk inc covid hosp,3,2026-09-12,11,quantile,0.45,4.0
2026-08-22,wk inc covid hosp,3,2026-09-12,11,quantile,0.5,5.0
2026-08-22,wk inc covid hosp,3,2026-09-12,11,quantile,0.55,5.0
2026-08-22,wk inc covid hosp,3,2026-09-12,11,quantile,0.6,5.0
2026-08-22,wk inc covid hosp,3,2026-09-12,11,quantile,0.65,6.0
2026-08-22,wk inc covid hosp,3,2026-09-12,11,quantile,0.7,6.0
2026-08-22,wk inc covid hosp,3,2026-09-12,11,quantile,0.75,6.0
2026-08-22,wk inc covid hosp,3,2026-09-12,11,quantile,0.8,7.0
2026-08-22,wk inc covid hosp,3,2026-09-12,11,quantile,0.85,8.0
2026-08-22,wk inc covid hosp,3,2026-09-12,11,quantile,0.9,9.0
2026-08-22,wk inc covid hosp,3,2026-09-12,11,quantile,0.95,10.0
2026-08-22,wk inc covid hosp,3,2026-09-12,11,quantile,0.975,11.0
2026-08-22,wk inc covid hosp,3,2026-09-12,11,quantile,0.99,12.0
2026-08-22,wk inc covid hosp,3,2026-09-12,12,quantile,0.01,140.0
2026-08-22,wk inc covid hosp,3,2026-09-12,12,quantile,0.025,167.0
2026-08-22,wk inc covid hosp,3,2026-09-12,12,quantile,0.05,191.0
2026-08-22,wk inc covid hosp,3,2026-09-12,12,quantile,0.1,218.0
2026-08-22,wk inc covid hosp,3,2026-09-12,12,quantile,0.15,242.0
2026-08-22,wk inc covid hosp,3,2026-09-12,12,quantile,0.2,259.0
2026-08-22,wk inc covid hosp,3,2026-09-12,12,quantile,0.25,274.0
2026-08-22,wk inc covid hosp,3,2026-09-12,12,quantile,0.3,288.0
2026-08-22,wk inc covid hosp,3,2026-09-12,12,quantile,0.35,302.0
2026-08-22,wk inc covid hosp,3,2026-09-12,12,quantile,0.4,316.0
2026-08-22,wk inc covid hosp,3,2026-09-12,12,quantile,0.45,328.0
2026-08-22,wk inc covid hosp,3,2026-09-12,12,quantile,0.5,341.0
2026-08-22,wk inc covid hosp,3,2026-09-12,12,quantile,0.55,356.0
2026-08-22,wk inc covid hosp,3,2026-09-12,12,quantile,0.6,372.0
2026-08-22,wk inc covid hosp,3,2026-09-12,12,quantile,0.65,387.0
2026-08-22,wk inc covid hosp,3,2026-09-12,12,quantile,0.7,401.0
2026-08-22,wk inc covid hosp,3,2026-09-12,12,quantile,0.75,420.0
2026-08-22,wk inc covid hosp,3,2026-09-12,12,quantile,0.8,445.0
2026-08-22,wk inc covid hosp,3,2026-09-12,12,quantile,0.85,474.0
2026-08-22,wk inc covid hosp,3,2026-09-12,12,quantile,0.9,509.0
2026-08-22,wk inc covid hosp,3,2026-09-12,12,quantile,0.95,566.0
2026-08-22,wk inc covid hosp,3,2026-09-12,12,quantile,0.975,621.0
2026-08-22,wk inc covid hosp,3,2026-09-12,12,quantile,0.99,662.0
2026-08-22,wk inc covid hosp,3,2026-09-12,13,quantile,0.01,29.0
2026-08-22,wk inc covid hosp,3,2026-09-12,13,quantile,0.025,34.0
2026-08-22,wk inc covid hosp,3,2026-09-12,13,quantile,0.05,40.0
2026-08-22,wk inc covid hosp,3,2026-09-12,13,quantile,0.1,46.0
2026-08-22,wk inc covid hosp,3,2026-09-12,13,quantile,0.15,51.0
2026-08-22,wk inc covid hosp,3,2026-09-12,13,quantile,0.2,55.0
2026-08-22,wk inc covid hosp,3,2026-09-12,13,quantile,0.25,60.0
2026-08-22,wk inc covid hosp,3,2026-09-12,13,quantile,0.3,64.0
2026-08-22,wk inc covid hosp,3,2026-09-12,13,quantile,0.35,67.0
2026-08-22,wk inc covid hosp,3,2026-09-12,13,quantile,0.4,70.0
2026-08-22,wk inc covid hosp,3,2026-09-12,13,quantile,0.45,73.0
2026-08-22,wk inc covid hosp,3,2026-09-12,13,quantile,0.5,76.0
2026-08-22,wk inc covid hosp,3,2026-09-12,13,quantile,0.55,80.0
2026-08-22,wk inc covid hosp,3,2026-09-12,13,quantile,0.6,83.0
2026-08-22,wk inc covid hosp,3,2026-09-12,13,quantile,0.65,86.0
2026-08-22,wk inc covid hosp,3,2026-09-12,13,quantile,0.7,91.0
2026-08-22,wk inc covid hosp,3,2026-09-12,13,quantile,0.75,96.0
2026-08-22,wk inc covid hosp,3,2026-09-12,13,quantile,0.8,100.0
2026-08-22,wk inc covid hosp,3,2026-09-12,13,quantile,0.85,105.0
2026-08-22,wk inc covid hosp,3,2026-09-12,13,quantile,0.9,113.0
2026-08-22,wk inc covid hosp,3,2026-09-12,13,quantile,0.95,127.0
2026-08-22,wk inc covid hosp,3,2026-09-12,13,quantile,0.975,138.0
2026-08-22,wk inc covid hosp,3,2026-09-12,13,quantile,0.99,154.0
2026-08-22,wk inc covid hosp,3,2026-09-12,15,quantile,0.01,7.0
2026-08-22,wk inc covid hosp,3,2026-09-12,15,quantile,0.025,8.0
2026-08-22,wk inc covid hosp,3,2026-09-12,15,quantile,0.05,10.0
2026-08-22,wk inc covid hosp,3,2026-09-12,15,quantile,0.1,12.0
2026-08-22,wk inc covid hosp,3,2026-09-12,15,quantile,0.15,13.0
2026-08-22,wk inc covid hosp,3,2026-09-12,15,quantile,0.2,14.0
2026-08-22,wk inc covid hosp,3,2026-09-12,15,quantile,0.25,16.0
2026-08-22,wk inc covid hosp,3,2026-09-12,15,quantile,0.3,17.0
2026-08-22,wk inc covid hosp,3,2026-09-12,15,quantile,0.35,18.0
2026-08-22,wk inc covid hosp,3,2026-09-12,15,quantile,0.4,19.0
2026-08-22,wk inc covid hosp,3,2026-09-12,15,quantile,0.45,20.0
2026-08-22,wk inc covid hosp,3,2026-09-12,15,quantile,0.5,21.0
2026-08-22,wk inc covid hosp,3,2026-09-12,15,quantile,0.55,22.0
2026-08-22,wk inc covid hosp,3,2026-09-12,15,quantile,0.6,23.0
2026-08-22,wk inc covid hosp,3,2026-09-12,15,quantile,0.65,24.0
2026-08-22,wk inc covid hosp,3,2026-09-12,15,quantile,0.7,26.0
2026-08-22,wk inc covid hosp,3,2026-09-12,15,quantile,0.75,27.0
2026-08-22,wk inc covid hosp,3,2026-09-12,15,quantile,0.8,28.0
2026-08-22,wk inc covid hosp,3,2026-09-12,15,quantile,0.85,31.0
2026-08-22,wk inc covid hosp,3,2026-09-12,15,quantile,0.9,33.0
2026-08-22,wk inc covid hosp,3,2026-09-12,15,quantile,0.95,38.0
2026-08-22,wk inc covid hosp,3,2026-09-12,15,quantile,0.975,41.0
2026-08-22,wk inc covid hosp,3,2026-09-12,15,quantile,0.99,44.0
2026-08-22,wk inc covid hosp,3,2026-09-12,16,quantile,0.01,0.0
2026-08-22,wk inc covid hosp,3,2026-09-12,16,quantile,0.025,0.0
2026-08-22,wk inc covid hosp,3,2026-09-12,16,quantile,0.05,1.0
2026-08-22,wk inc covid hosp,3,2026-09-12,16,quantile,0.1,1.0
2026-08-22,wk inc covid hosp,3,2026-09-12,16,quantile,0.15,2.0
2026-08-22,wk inc covid hosp,3,2026-09-12,16,quantile,0.2,2.0
2026-08-22,wk inc covid hosp,3,2026-09-12,16,quantile,0.25,2.0
2026-08-22,wk inc covid hosp,3,2026-09-12,16,quantile,0.3,3.0
2026-08-22,wk inc covid hosp,3,2026-09-12,16,quantile,0.35,3.0
2026-08-22,wk inc covid hosp,3,2026-09-12,16,quantile,0.4,3.0
2026-08-22,wk inc covid hosp,3,2026-09-12,16,quantile,0.45,3.0
2026-08-22,wk inc covid hosp,3,2026-09-12,16,quantile,0.5,4.0
2026-08-22,wk inc covid hosp,3,2026-09-12,16,quantile,0.55,4.0
2026-08-22,wk inc covid hosp,3,2026-09-12,16,quantile,0.6,4.0
2026-08-22,wk inc covid hosp,3,2026-09-12,16,quantile,0.65,5.0
2026-08-22,wk inc covid hosp,3,2026-09-12,16,quantile,0.7,5.0
2026-08-22,wk inc covid hosp,3,2026-09-12,16,quantile,0.75,5.0
2026-08-22,wk inc covid hosp,3,2026-09-12,16,quantile,0.8,6.0
2026-08-22,wk inc covid hosp,3,2026-09-12,16,quantile,0.85,6.0
2026-08-22,wk inc covid hosp,3,2026-09-12,16,quantile,0.9,7.0
2026-08-22,wk inc covid hosp,3,2026-09-12,16,quantile,0.95,8.0
2026-08-22,wk inc covid hosp,3,2026-09-12,16,quantile,0.975,10.0
2026-08-22,wk inc covid hosp,3,2026-09-12,16,quantile,0.99,11.0
2026-08-22,wk inc covid hosp,3,2026-09-12,17,quantile,0.01,14.0
2026-08-22,wk inc covid hosp,3,2026-09-12,17,quantile,0.025,16.0
2026-08-22,wk inc covid hosp,3,2026-09-12,17,quantile,0.05,19.0
2026-08-22,wk inc covid hosp,3,2026-09-12,17,quantile,0.1,22.0
2026-08-22,wk inc covid hosp,3,2026-09-12,17,quantile,0.15,25.0
2026-08-22,wk inc covid hosp,3,2026-09-12,17,quantile,0.2,27.0
2026-08-22,wk inc covid hosp,3,2026-09-12,17,quantile,0.25,29.0
2026-08-22,wk inc covid hosp,3,2026-09-12,17,quantile,0.3,31.0
2026-08-22,wk inc covid hosp,3,2026-09-12,17,quantile,0.35,33.0
2026-08-22,wk inc covid hosp,3,2026-09-12,17,quantile,0.4,34.0
2026-08-22,wk inc covid hosp,3,2026-09-12,17,quantile,0.45,36.0
2026-08-22,wk inc covid hosp,3,2026-09-12,17,quantile,0.5,38.0
2026-08-22,wk inc covid hosp,3,2026-09-12,17,quantile,0.55,39.0
2026-08-22,wk inc covid hosp,3,2026-09-12,17,quantile,0.6,41.0
2026-08-22,wk inc covid hosp,3,2026-09-12,17,quantile,0.65,43.0
2026-08-22,wk inc covid hosp,3,2026-09-12,17,quantile,0.7,46.0
2026-08-22,wk inc covid hosp,3,2026-09-12,17,quantile,0.75,48.0
2026-08-22,wk inc covid hosp,3,2026-09-12,17,quantile,0.8,50.0
2026-08-22,wk inc covid hosp,3,2026-09-12,17,quantile,0.85,53.0
2026-08-22,wk inc covid hosp,3,2026-09-12,17,quantile,0.9,57.0
2026-08-22,wk inc covid hosp,3,2026-09-12,17,quantile,0.95,64.0
2026-08-22,wk inc covid hosp,3,2026-09-12,17,quantile,0.975,70.0
2026-08-22,wk inc covid hosp,3,2026-09-12,17,quantile,0.99,76.0
2026-08-22,wk inc covid hosp,3,2026-09-12,18,quantile,0.01,7.0
2026-08-22,wk inc covid hosp,3,2026-09-12,18,quantile,0.025,10.0
2026-08-22,wk inc covid hosp,3,2026-09-12,18,quantile,0.05,12.0
2026-08-22,wk inc covid hosp,3,2026-09-12,18,quantile,0.1,14.0
2026-08-22,wk inc covid hosp,3,2026-09-12,18,quantile,0.15,16.0
2026-08-22,wk inc covid hosp,3,2026-09-12,18,quantile,0.2,17.0
2026-08-22,wk inc covid hosp,3,2026-09-12,18,quantile,0.25,19.0
2026-08-22,wk inc covid hosp,3,2026-09-12,18,quantile,0.3,20.0
2026-08-22,wk inc covid hosp,3,2026-09-12,18,quantile,0.35,21.0
2026-08-22,wk inc covid hosp,3,2026-09-12,18,quantile,0.4,22.0
2026-08-22,wk inc covid hosp,3,2026-09-12,18,quantile,0.45,24.0
2026-08-22,wk inc covid hosp,3,2026-09-12,18,quantile,0.5,24.0
2026-08-22,wk inc covid hosp,3,2026-09-12,18,quantile,0.55,26.0
2026-08-22,wk inc covid hosp,3,2026-09-12,18,quantile,0.6,27.0
2026-08-22,wk inc covid hosp,3,2026-09-12,18,quantile,0.65,28.0
2026-08-22,wk inc covid hosp,3,2026-09-12,18,quantile,0.7,30.0
2026-08-22,wk inc covid hosp,3,2026-09-12,18,quantile,0.75,31.0
2026-08-22,wk inc covid hosp,3,2026-09-12,18,quantile,0.8,33.0
2026-08-22,wk inc covid hosp,3,2026-09-12,18,quantile,0.85,35.0
2026-08-22,wk inc covid hosp,3,2026-09-12,18,quantile,0.9,38.0
2026-08-22,wk inc covid hosp,3,2026-09-12,18,quantile,0.95,42.0
2026-08-22,wk inc covid hosp,3,2026-09-12,18,quantile,0.975,45.0
2026-08-22,wk inc covid hosp,3,2026-09-12,18,quantile,0.99,50.0
2026-08-22,wk inc covid hosp,3,2026-09-12,19,quantile,0.01,0.0
2026-08-22,wk inc covid hosp,3,2026-09-12,19,quantile,0.025,0.0
2026-08-22,wk inc covid hosp,3,2026-09-12,19,quantile,0.05,1.0
2026-08-22,wk inc covid hosp,3,2026-09-12,19,quantile,0.1,1.0
2026-08-22,wk inc covid hosp,3,2026-09-12,19,quantile,0.15,2.0
2026-08-22,wk inc covid hosp,3,2026-09-12,19,quantile,0.2,2.0
2026-08-22,wk inc covid hosp,3,2026-09-12,19,quantile,0.25,2.0
2026-08-22,wk inc covid hosp,3,2026-09-12,19,quantile,0.3,3.0
2026-08-22,wk inc covid hosp,3,2026-09-12,19,quantile,0.35,3.0
2026-08-22,wk inc covid hosp,3,2026-09-12,19,quantile,0.4,3.0
2026-08-22,wk inc covid hosp,3,2026-09-12,19,quantile,0.45,3.0
2026-08-22,wk inc covid hosp,3,2026-09-12,19,quantile,0.5,4.0
2026-08-22,wk inc covid hosp,3,2026-09-12,19,quantile,0.55,4.0
2026-08-22,wk inc covid hosp,3,2026-09-12,19,quantile,0.6,4.0
2026-08-22,wk inc covid hosp,3,2026-09-12,19,quantile,0.65,5.0
2026-08-22,wk inc covid hosp,3,2026-09-12,19,quantile,0.7,5.0
2026-08-22,wk inc covid hosp,3,2026-09-12,19,quantile,0.75,5.0
2026-08-22,wk inc covid hosp,3,2026-09-12,19,quantile,0.8,6.0
2026-08-22,wk inc covid hosp,3,2026-09-12,19,quantile,0.85,6.0
2026-08-22,wk inc covid hosp,3,2026-09-12,19,quantile,0.9,7.0
2026-08-22,wk inc covid hosp,3,2026-09-12,19,quantile,0.95,9.0
2026-08-22,wk inc covid hosp,3,2026-09-12,19,quantile,0.975,9.0
2026-08-22,wk inc covid hosp,3,2026-09-12,19,quantile,0.99,11.0
2026-08-22,wk inc covid hosp,3,2026-09-12,20,quantile,0.01,0.0
2026-08-22,wk inc covid hosp,3,2026-09-12,20,quantile,0.025,1.0
2026-08-22,wk inc covid hosp,3,2026-09-12,20,quantile,0.05,1.0
2026-08-22,wk inc covid hosp,3,2026-09-12,20,quantile,0.1,2.0
2026-08-22,wk inc covid hosp,3,2026-09-12,20,quantile,0.15,2.0
2026-08-22,wk inc covid hosp,3,2026-09-12,20,quantile,0.2,3.0
2026-08-22,wk inc covid hosp,3,2026-09-12,20,quantile,0.25,3.0
2026-08-22,wk inc covid hosp,3,2026-09-12,20,quantile,0.3,3.0
2026-08-22,wk inc covid hosp,3,2026-09-12,20,quantile,0.35,4.0
2026-08-22,wk inc covid hosp,3,2026-09-12,20,quantile,0.4,4.0
2026-08-22,wk inc covid hosp,3,2026-09-12,20,quantile,0.45,4.0
2026-08-22,wk inc covid hosp,3,2026-09-12,20,quantile,0.5,5.0
2026-08-22,wk inc covid hosp,3,2026-09-12,20,quantile,0.55,5.0
2026-08-22,wk inc covid hosp,3,2026-09-12,20,quantile,0.6,5.0
2026-08-22,wk inc covid hosp,3,2026-09-12,20,quantile,0.65,6.0
2026-08-22,wk inc covid hosp,3,2026-09-12,20,quantile,0.7,6.0
2026-08-22,wk inc covid hosp,3,2026-09-12,20,quantile,0.75,7.0
2026-08-22,wk inc covid hosp,3,2026-09-12,20,quantile,0.8,7.0
2026-08-22,wk inc covid hosp,3,2026-09-12,20,quantile,0.85,8.0
2026-08-22,wk inc covid hosp,3,2026-09-12,20,quantile,0.9,9.0
2026-08-22,wk inc covid hosp,3,2026-09-12,20,quantile,0.95,10.0
2026-08-22,wk inc covid hosp,3,2026-09-12,20,quantile,0.975,11.0
2026-08-22,wk inc covid hosp,3,2026-09-12,20,quantile,0.99,13.0
2026-08-22,wk inc covid hosp,3,2026-09-12,21,quantile,0.01,5.0
2026-08-22,wk inc covid hosp,3,2026-09-12,21,quantile,0.025,7.0
2026-08-22,wk inc covid hosp,3,2026-09-12,21,quantile,0.05,8.0
2026-08-22,wk inc covid hosp,3,2026-09-12,21,quantile,0.1,10.0
2026-08-22,wk inc covid hosp,3,2026-09-12,21,quantile,0.15,11.0
2026-08-22,wk inc covid hosp,3,2026-09-12,21,quantile,0.2,12.0
2026-08-22,wk inc covid hosp,3,2026-09-12,21,quantile,0.25,14.0
2026-08-22,wk inc covid hosp,3,2026-09-12,21,quantile,0.3,15.0
2026-08-22,wk inc covid hosp,3,2026-09-12,21,quantile,0.35,15.0
2026-08-22,wk inc covid hosp,3,2026-09-12,21,quantile,0.4,16.0
2026-08-22,wk inc covid hosp,3,2026-09-12,21,quantile,0.45,17.0
2026-08-22,wk inc covid hosp,3,2026-09-12,21,quantile,0.5,18.0
2026-08-22,wk inc covid hosp,3,2026-09-12,21,quantile,0.55,19.0
2026-08-22,wk inc covid hosp,3,2026-09-12,21,quantile,0.6,20.0
2026-08-22,wk inc covid hosp,3,2026-09-12,21,quantile,0.65,21.0
2026-08-22,wk inc covid hosp,3,2026-09-12,21,quantile,0.7,22.0
2026-08-22,wk inc covid hosp,3,2026-09-12,21,quantile,0.75,24.0
2026-08-22,wk inc covid hosp,3,2026-09-12,21,quantile,0.8,25.0
2026-08-22,wk inc covid hosp,3,2026-09-12,21,quantile,0.85,27.0
2026-08-22,wk inc covid hosp,3,2026-09-12,21,quantile,0.9,29.0
2026-08-22,wk inc covid hosp,3,2026-09-12,21,quantile,0.95,33.0
2026-08-22,wk inc covid hosp,3,2026-09-12,21,quantile,0.975,36.0
2026-08-22,wk inc covid hosp,3,2026-09-12,21,quantile,0.99,39.0
2026-08-22,wk inc covid hosp,3,2026-09-12,22,quantile,0.01,19.0
2026-08-22,wk inc covid hosp,3,2026-09-12,22,quantile,0.025,22.0
2026-08-22,wk inc covid hosp,3,2026-09-12,22,quantile,0.05,26.0
2026-08-22,wk inc covid hosp,3,2026-09-12,22,quantile,0.1,31.0
2026-08-22,wk inc covid hosp,3,2026-09-12,22,quantile,0.15,34.0
2026-08-22,wk inc covid hosp,3,2026-09-12,22,quantile,0.2,36.0
2026-08-22,wk inc covid hosp,3,2026-09-12,22,quantile,0.25,38.0
2026-08-22,wk inc covid hosp,3,2026-09-12,22,quantile,0.3,40.0
2026-08-22,wk inc covid hosp,3,2026-09-12,22,quantile,0.35,42.0
2026-08-22,wk inc covid hosp,3,2026-09-12,22,quantile,0.4,44.0
2026-08-22,wk inc covid hosp,3,2026-09-12,22,quantile,0.45,46.0
2026-08-22,wk inc covid hosp,3,2026-09-12,22,quantile,0.5,48.0
2026-08-22,wk inc covid hosp,3,2026-09-12,22,quantile,0.55,50.0
2026-08-22,wk inc covid hosp,3,2026-09-12,22,quantile,0.6,52.0
2026-08-22,wk inc covid hosp,3,2026-09-12,22,quantile,0.65,55.0
2026-08-22,wk inc covid hosp,3,2026-09-12,22,quantile,0.7,57.0
2026-08-22,wk inc covid hosp,3,2026-09-12,22,quantile,0.75,60.0
2026-08-22,wk inc covid hosp,3,2026-09-12,22,quantile,0.8,64.0
2026-08-22,wk inc covid hosp,3,2026-09-12,22,quantile,0.85,68.0
2026-08-22,wk inc covid hosp,3,2026-09-12,22,quantile,0.9,74.0
2026-08-22,wk inc covid hosp,3,2026-09-12,22,quantile,0.95,81.0
2026-08-22,wk inc covid hosp,3,2026-09-12,22,quantile,0.975,91.0
2026-08-22,wk inc covid hosp,3,2026-09-12,22,quantile,0.99,99.0
2026-08-22,wk inc covid hosp,3,2026-09-12,23,quantile,0.01,0.0
2026-08-22,wk inc covid hosp,3,2026-09-12,23,quantile,0.025,0.0
2026-08-22,wk inc covid hosp,3,2026-09-12,23,quantile,0.05,0.0
2026-08-22,wk inc covid hosp,3,2026-09-12,23,quantile,0.1,0.0
2026-08-22,wk inc covid hosp,3,2026-09-12,23,quantile,0.15,0.0
2026-08-22,wk inc covid hosp,3,2026-09-12,23,quantile,0.2,1.0
2026-08-22,wk inc covid hosp,3,2026-09-12,23,quantile,0.25,1.0
2026-08-22,wk inc covid hosp,3,2026-09-12,23,quantile,0.3,1.0
2026-08-22,wk inc covid hosp,3,2026-09-12,23,quantile,0.35,1.0
2026-08-22,wk inc covid hosp,3,2026-09-12,23,quantile,0.4,1.0
2026-08-22,wk inc covid hosp,3,2026-09-12,23,quantile,0.45,2.0
2026-08-22,wk inc covid hosp,3,2026-09-12,23,quantile,0.5,2.0
2026-08-22,wk inc covid hosp,3,2026-09-12,23,quantile,0.55,2.0
2026-08-22,wk inc covid hosp,3,2026-09-12,23,quantile,0.6,2.0
2026-08-22,wk inc covid hosp,3,2026-09-12,23,quantile,0.65,2.0
2026-08-22,wk inc covid hosp,3,2026-09-12,23,quantile,0.7,3.0
2026-08-22,wk inc covid hosp,3,2026-09-12,23,quantile,0.75,3.0
2026-08-22,wk inc covid hosp,3,2026-09-12,23,quantile,0.8,3.0
2026-08-22,wk inc covid hosp,3,2026-09-12,23,quantile,0.85,4.0
2026-08-22,wk inc covid hosp,3,2026-09-12,23,quantile,0.9,4.0
2026-08-22,wk inc covid hosp,3,2026-09-12,23,quantile,0.95,5.0
2026-08-22,wk inc covid hosp,3,2026-09-12,23,quantile,0.975,6.0
2026-08-22,wk inc covid hosp,3,2026-09-12,23,quantile,0.99,6.0
2026-08-22,wk inc covid hosp,3,2026-09-12,24,quantile,0.01,4.0
2026-08-22,wk inc covid hosp,3,2026-09-12,24,quantile,0.025,5.0
2026-08-22,wk inc covid hosp,3,2026-09-12,24,quantile,0.05,6.0
2026-08-22,wk inc covid hosp,3,2026-09-12,24,quantile,0.1,7.0
2026-08-22,wk inc covid hosp,3,2026-09-12,24,quantile,0.15,8.0
2026-08-22,wk inc covid hosp,3,2026-09-12,24,quantile,0.2,9.0
2026-08-22,wk inc covid hosp,3,2026-09-12,24,quantile,0.25,10.0
2026-08-22,wk inc covid hosp,3,2026-09-12,24,quantile,0.3,10.0
2026-08-22,wk inc covid hosp,3,2026-09-12,24,quantile,0.35,11.0
2026-08-22,wk inc covid hosp,3,2026-09-12,24,quantile,0.4,12.0
2026-08-22,wk inc covid hosp,3,2026-09-12,24,quantile,0.45,12.0
2026-08-22,wk inc covid hosp,3,2026-09-12,24,quantile,0.5,13.0
2026-08-22,wk inc covid hosp,3,2026-09-12,24,quantile,0.55,14.0
2026-08-22,wk inc covid hosp,3,2026-09-12,24,quantile,0.6,15.0
2026-08-22,wk inc covid hosp,3,2026-09-12,24,quantile,0.65,15.0
2026-08-22,wk inc covid hosp,3,2026-09-12,24,quantile,0.7,16.0
2026-08-22,wk inc covid hosp,3,2026-09-12,24,quantile,0.75,17.0
2026-08-22,wk inc covid hosp,3,2026-09-12,24,quantile,0.8,18.0
2026-08-22,wk inc covid hosp,3,2026-09-12,24,quantile,0.85,20.0
2026-08-22,wk inc covid hosp,3,2026-09-12,24,quantile,0.9,21.0
2026-08-22,wk inc covid hosp,3,2026-09-12,24,quantile,0.95,24.0
2026-08-22,wk inc covid hosp,3,2026-09-12,24,quantile,0.975,27.0
2026-08-22,wk inc covid hosp,3,2026-09-12,24,quantile,0.99,30.0
2026-08-22,wk inc covid hosp,3,2026-09-12,25,quantile,0.01,10.0
2026-08-22,wk inc covid hosp,3,2026-09-12,25,quantile,0.025,13.0
2026-08-22,wk inc covid hosp,3,2026-09-12,25,quantile,0.05,15.0
2026-08-22,wk inc covid hosp,3,2026-09-12,25,quantile,0.1,18.0
2026-08-22,wk inc covid hosp,3,2026-09-12,25,quantile,0.15,21.0
2026-08-22,wk inc covid hosp,3,2026-09-12,25,quantile,0.2,23.0
2026-08-22,wk inc covid hosp,3,2026-09-12,25,quantile,0.25,24.0
2026-08-22,wk inc covid hosp,3,2026-09-12,25,quantile,0.3,25.0
2026-08-22,wk inc covid hosp,3,2026-09-12,25,quantile,0.35,27.0
2026-08-22,wk inc covid hosp,3,2026-09-12,25,quantile,0.4,28.0
2026-08-22,wk inc covid hosp,3,2026-09-12,25,quantile,0.45,30.0
2026-08-22,wk inc covid hosp,3,2026-09-12,25,quantile,0.5,31.0
2026-08-22,wk inc covid hosp,3,2026-09-12,25,quantile,0.55,32.0
2026-08-22,wk inc covid hosp,3,2026-09-12,25,quantile,0.6,34.0
2026-08-22,wk inc covid hosp,3,2026-09-12,25,quantile,0.65,35.0
2026-08-22,wk inc covid hosp,3,2026-09-12,25,quantile,0.7,37.0
2026-08-22,wk inc covid hosp,3,2026-09-12,25,quantile,0.75,39.0
2026-08-22,wk inc covid hosp,3,2026-09-12,25,quantile,0.8,41.0
2026-08-22,wk inc covid hosp,3,2026-09-12,25,quantile,0.85,44.0
2026-08-22,wk inc covid hosp,3,2026-09-12,25,quantile,0.9,48.0
2026-08-22,wk inc covid hosp,3,2026-09-12,25,quantile,0.95,54.0
2026-08-22,wk inc covid hosp,3,2026-09-12,25,quantile,0.975,59.0
2026-08-22,wk inc covid hosp,3,2026-09-12,25,quantile,0.99,65.0
2026-08-22,wk inc covid hosp,3,2026-09-12,26,quantile,0.01,6.0
2026-08-22,wk inc covid hosp,3,2026-09-12,26,quantile,0.025,8.0
2026-08-22,wk inc covid hosp,3,2026-09-12,26,quantile,0.05,10.0
2026-08-22,wk inc covid hosp,3,2026-09-12,26,quantile,0.1,12.0
2026-08-22,wk inc covid hosp,3,2026-09-12,26,quantile,0.15,13.0
2026-08-22,wk inc covid hosp,3,2026-09-12,26,quantile,0.2,15.0
2026-08-22,wk inc covid hosp,3,2026-09-12,26,quantile,0.25,16.0
2026-08-22,wk inc covid hosp,3,2026-09-12,26,quantile,0.3,17.0
2026-08-22,wk inc covid hosp,3,2026-09-12,26,quantile,0.35,18.0
2026-08-22,wk inc covid hosp,3,2026-09-12,26,quantile,0.4,19.0
2026-08-22,wk inc covid hosp,3,2026-09-12,26,quantile,0.45,20.0
2026-08-22,wk inc covid hosp,3,2026-09-12,26,quantile,0.5,21.0
2026-08-22,wk inc covid hosp,3,2026-09-12,26,quantile,0.55,22.0
2026-08-22,wk inc covid hosp,3,2026-09-12,26,quantile,0.6,23.0
2026-08-22,wk inc covid hosp,3,2026-09-12,26,quantile,0.65,24.0
2026-08-22,wk inc covid hosp,3,2026-09-12,26,quantile,0.7,25.0
2026-08-22,wk inc covid hosp,3,2026-09-12,26,quantile,0.75,27.0
2026-08-22,wk inc covid hosp,3,2026-09-12,26,quantile,0.8,28.0
2026-08-22,wk inc covid hosp,3,2026-09-12,26,quantile,0.85,30.0
2026-08-22,wk inc covid hosp,3,2026-09-12,26,quantile,0.9,33.0
2026-08-22,wk inc covid hosp,3,2026-09-12,26,quantile,0.95,37.0
2026-08-22,wk inc covid hosp,3,2026-09-12,26,quantile,0.975,41.0
2026-08-22,wk inc covid hosp,3,2026-09-12,26,quantile,0.99,45.0
2026-08-22,wk inc covid hosp,3,2026-09-12,27,quantile,0.01,2.0
2026-08-22,wk inc covid hosp,3,2026-09-12,27,quantile,0.025,2.0
2026-08-22,wk inc covid hosp,3,2026-09-12,27,quantile,0.05,3.0
2026-08-22,wk inc covid hosp,3,2026-09-12,27,quantile,0.1,4.0
2026-08-22,wk inc covid hosp,3,2026-09-12,27,quantile,0.15,5.0
2026-08-22,wk inc covid hosp,3,2026-09-12,27,quantile,0.2,6.0
2026-08-22,wk inc covid hosp,3,2026-09-12,27,quantile,0.25,6.0
2026-08-22,wk inc covid hosp,3,2026-09-12,27,quantile,0.3,7.0
2026-08-22,wk inc covid hosp,3,2026-09-12,27,quantile,0.35,7.0
2026-08-22,wk inc covid hosp,3,2026-09-12,27,quantile,0.4,8.0
2026-08-22,wk inc covid hosp,3,2026-09-12,27,quantile,0.45,8.0
2026-08-22,wk inc covid hosp,3,2026-09-12,27,quantile,0.5,9.0
2026-08-22,wk inc covid hosp,3,2026-09-12,27,quantile,0.55,9.0
2026-08-22,wk inc covid hosp,3,2026-09-12,27,quantile,0.6,10.0
2026-08-22,wk inc covid hosp,3,2026-09-12,27,quantile,0.65,10.0
2026-08-22,wk inc covid hosp,3,2026-09-12,27,quantile,0.7,11.0
2026-08-22,wk inc covid hosp,3,2026-09-12,27,quantile,0.75,12.0
2026-08-22,wk inc covid hosp,3,2026-09-12,27,quantile,0.8,12.0
2026-08-22,wk inc covid hosp,3,2026-09-12,27,quantile,0.85,14.0
2026-08-22,wk inc covid hosp,3,2026-09-12,27,quantile,0.9,15.0
2026-08-22,wk inc covid hosp,3,2026-09-12,27,quantile,0.95,17.0
2026-08-22,wk inc covid hosp,3,2026-09-12,27,quantile,0.975,19.0
2026-08-22,wk inc covid hosp,3,2026-09-12,27,quantile,0.99,20.0
2026-08-22,wk inc covid hosp,3,2026-09-12,28,quantile,0.01,13.0
2026-08-22,wk inc covid hosp,3,2026-09-12,28,quantile,0.025,16.0
2026-08-22,wk inc covid hosp,3,2026-09-12,28,quantile,0.05,19.0
2026-08-22,wk inc covid hosp,3,2026-09-12,28,quantile,0.1,23.0
2026-08-22,wk inc covid hosp,3,2026-09-12,28,quantile,0.15,26.0
2026-08-22,wk inc covid hosp,3,2026-09-12,28,quantile,0.2,28.0
2026-08-22,wk inc covid hosp,3,2026-09-12,28,quantile,0.25,30.0
2026-08-22,wk inc covid hosp,3,2026-09-12,28,quantile,0.3,32.0
2026-08-22,wk inc covid hosp,3,2026-09-12,28,quantile,0.35,33.0
2026-08-22,wk inc covid hosp,3,2026-09-12,28,quantile,0.4,35.0
2026-08-22,wk inc covid hosp,3,2026-09-12,28,quantile,0.45,37.0
2026-08-22,wk inc covid hosp,3,2026-09-12,28,quantile,0.5,39.0
2026-08-22,wk inc covid hosp,3,2026-09-12,28,quantile,0.55,40.0
2026-08-22,wk inc covid hosp,3,2026-09-12,28,quantile,0.6,42.0
2026-08-22,wk inc covid hosp,3,2026-09-12,28,quantile,0.65,44.0
2026-08-22,wk inc covid hosp,3,2026-09-12,28,quantile,0.7,46.0
2026-08-22,wk inc covid hosp,3,2026-09-12,28,quantile,0.75,48.0
2026-08-22,wk inc covid hosp,3,2026-09-12,28,quantile,0.8,51.0
2026-08-22,wk inc covid hosp,3,2026-09-12,28,quantile,0.85,54.0
2026-08-22,wk inc covid hosp,3,2026-09-12,28,quantile,0.9,58.0
2026-08-22,wk inc covid hosp,3,2026-09-12,28,quantile,0.95,65.0
2026-08-22,wk inc covid hosp,3,2026-09-12,28,quantile,0.975,71.0
2026-08-22,wk inc covid hosp,3,2026-09-12,28,quantile,0.99,79.0
2026-08-22,wk inc covid hosp,3,2026-09-12,29,quantile,0.01,6.0
2026-08-22,wk inc covid hosp,3,2026-09-12,29,quantile,0.025,8.0
2026-08-22,wk inc covid hosp,3,2026-09-12,29,quantile,0.05,10.0
2026-08-22,wk inc covid hosp,3,2026-09-12,29,quantile,0.1,12.0
2026-08-22,wk inc covid hosp,3,2026-09-12,29,quantile,0.15,13.0
2026-08-22,wk inc covid hosp,3,2026-09-12,29,quantile,0.2,14.0
2026-08-22,wk inc covid hosp,3,2026-09-12,29,quantile,0.25,15.0
2026-08-22,wk inc covid hosp,3,2026-09-12,29,quantile,0.3,16.0
2026-08-22,wk inc covid hosp,3,2026-09-12,29,quantile,0.35,17.0
2026-08-22,wk inc covid hosp,3,2026-09-12,29,quantile,0.4,18.0
2026-08-22,wk inc covid hosp,3,2026-09-12,29,quantile,0.45,19.0
2026-08-22,wk inc covid hosp,3,2026-09-12,29,quantile,0.5,20.0
2026-08-22,wk inc covid hosp,3,2026-09-12,29,quantile,0.55,21.0
2026-08-22,wk inc covid hosp,3,2026-09-12,29,quantile,0.6,22.0
2026-08-22,wk inc covid hosp,3,2026-09-12,29,quantile,0.65,23.0
2026-08-22,wk inc covid hosp,3,2026-09-12,29,quantile,0.7,24.0
2026-08-22,wk inc covid hosp,3,2026-09-12,29,quantile,0.75,26.0
2026-08-22,wk inc covid hosp,3,2026-09-12,29,quantile,0.8,27.0
2026-08-22,wk inc covid hosp,3,2026-09-12,29,quantile,0.85,29.0
2026-08-22,wk inc covid hosp,3,2026-09-12,29,quantile,0.9,32.0
2026-08-22,wk inc covid hosp,3,2026-09-12,29,quantile,0.95,36.0
2026-08-22,wk inc covid hosp,3,2026-09-12,29,quantile,0.975,39.0
2026-08-22,wk inc covid hosp,3,2026-09-12,29,quantile,0.99,41.0
2026-08-22,wk inc covid hosp,3,2026-09-12,30,quantile,0.01,0.0
2026-08-22,wk inc covid hosp,3,2026-09-12,30,quantile,0.025,0.0
2026-08-22,wk inc covid hosp,3,2026-09-12,30,quantile,0.05,0.0
2026-08-22,wk inc covid hosp,3,2026-09-12,30,quantile,0.1,0.0
2026-08-22,wk inc covid hosp,3,2026-09-12,30,quantile,0.15,0.0
2026-08-22,wk inc covid hosp,3,2026-09-12,30,quantile,0.2,1.0
2026-08-22,wk inc covid hosp,3,2026-09-12,30,quantile,0.25,1.0
2026-08-22,wk inc covid hosp,3,2026-09-12,30,quantile,0.3,1.0
2026-08-22,wk inc covid hosp,3,2026-09-12,30,quantile,0.35,1.0
2026-08-22,wk inc covid hosp,3,2026-09-12,30,quantile,0.4,1.0
2026-08-22,wk inc covid hosp,3,2026-09-12,30,quantile,0.45,2.0
2026-08-22,wk inc covid hosp,3,2026-09-12,30,quantile,0.5,2.0
2026-08-22,wk inc covid hosp,3,2026-09-12,30,quantile,0.55,2.0
2026-08-22,wk inc covid hosp,3,2026-09-12,30,quantile,0.6,2.0
2026-08-22,wk inc covid hosp,3,2026-09-12,30,quantile,0.65,2.0
2026-08-22,wk inc covid hosp,3,2026-09-12,30,quantile,0.7,3.0
2026-08-22,wk inc covid hosp,3,2026-09-12,30,quantile,0.75,3.0
2026-08-22,wk inc covid hosp,3,2026-09-12,30,quantile,0.8,3.0
2026-08-22,wk inc covid hosp,3,2026-09-12,30,quantile,0.85,4.0
2026-08-22,wk inc covid hosp,3,2026-09-12,30,quantile,0.9,4.0
2026-08-22,wk inc covid hosp,3,2026-09-12,30,quantile,0.95,5.0
2026-08-22,wk inc covid hosp,3,2026-09-12,30,quantile,0.975,6.0
2026-08-22,wk inc covid hosp,3,2026-09-12,30,quantile,0.99,6.0
2026-08-22,wk inc covid hosp,3,2026-09-12,31,quantile,0.01,0.0
2026-08-22,wk inc covid hosp,3,2026-09-12,31,quantile,0.025,0.0
2026-08-22,wk inc covid hosp,3,2026-09-12,31,quantile,0.05,0.0
2026-08-22,wk inc covid hosp,3,2026-09-12,31,quantile,0.1,0.0
2026-08-22,wk inc covid hosp,3,2026-09-12,31,quantile,0.15,0.0
2026-08-22,wk inc covid hosp,3,2026-09-12,31,quantile,0.2,0.0
2026-08-22,wk inc covid hosp,3,2026-09-12,31,quantile,0.25,0.0
2026-08-22,wk inc covid hosp,3,2026-09-12,31,quantile,0.3,0.0
2026-08-22,wk inc covid hosp,3,2026-09-12,31,quantile,0.35,0.0
2026-08-22,wk inc covid hosp,3,2026-09-12,31,quantile,0.4,1.0
2026-08-22,wk inc covid hosp,3,2026-09-12,31,quantile,0.45,1.0
2026-08-22,wk inc covid hosp,3,2026-09-12,31,quantile,0.5,1.0
2026-08-22,wk inc covid hosp,3,2026-09-12,31,quantile,0.55,1.0
2026-08-22,wk inc covid hosp,3,2026-09-12,31,quantile,0.6,1.0
2026-08-22,wk inc covid hosp,3,2026-09-12,31,quantile,0.65,1.0
2026-08-22,wk inc covid hosp,3,2026-09-12,31,quantile,0.7,1.0
2026-08-22,wk inc covid hosp,3,2026-09-12,31,quantile,0.75,2.0
2026-08-22,wk inc covid hosp,3,2026-09-12,31,quantile,0.8,2.0
2026-08-22,wk inc covid hosp,3,2026-09-12,31,quantile,0.85,2.0
2026-08-22,wk inc covid hosp,3,2026-09-12,31,quantile,0.9,2.0
2026-08-22,wk inc covid hosp,3,2026-09-12,31,quantile,0.95,3.0
2026-08-22,wk inc covid hosp,3,2026-09-12,31,quantile,0.975,4.0
2026-08-22,wk inc covid hosp,3,2026-09-12,31,quantile,0.99,4.0
2026-08-22,wk inc covid hosp,3,2026-09-12,32,quantile,0.01,6.0
2026-08-22,wk inc covid hosp,3,2026-09-12,32,quantile,0.025,7.0
2026-08-22,wk inc covid hosp,3,2026-09-12,32,quantile,0.05,8.0
2026-08-22,wk inc covid hosp,3,2026-09-12,32,quantile,0.1,10.0
2026-08-22,wk inc covid hosp,3,2026-09-12,32,quantile,0.15,12.0
2026-08-22,wk inc covid hosp,3,2026-09-12,32,quantile,0.2,13.0
2026-08-22,wk inc covid hosp,3,2026-09-12,32,quantile,0.25,14.0
2026-08-22,wk inc covid hosp,3,2026-09-12,32,quantile,0.3,15.0
2026-08-22,wk inc covid hosp,3,2026-09-12,32,quantile,0.35,16.0
2026-08-22,wk inc covid hosp,3,2026-09-12,32,quantile,0.4,17.0
2026-08-22,wk inc covid hosp,3,2026-09-12,32,quantile,0.45,18.0
2026-08-22,wk inc covid hosp,3,2026-09-12,32,quantile,0.5,18.0
2026-08-22,wk inc covid hosp,3,2026-09-12,32,quantile,0.55,19.0
2026-08-22,wk inc covid hosp,3,2026-09-12,32,quantile,0.6,20.0
2026-08-22,wk inc covid hosp,3,2026-09-12,32,quantile,0.65,22.0
2026-08-22,wk inc covid hosp,3,2026-09-12,32,quantile,0.7,22.0
2026-08-22,wk inc covid hosp,3,2026-09-12,32,quantile,0.75,24.0
2026-08-22,wk inc covid hosp,3,2026-09-12,32,quantile,0.8,25.0
2026-08-22,wk inc covid hosp,3,2026-09-12,32,quantile,0.85,27.0
2026-08-22,wk inc covid hosp,3,2026-09-12,32,quantile,0.9,29.0
2026-08-22,wk inc covid hosp,3,2026-09-12,32,quantile,0.95,32.0
2026-08-22,wk inc covid hosp,3,2026-09-12,32,quantile,0.975,35.0
2026-08-22,wk inc covid hosp,3,2026-09-12,32,quantile,0.99,41.0
2026-08-22,wk inc covid hosp,3,2026-09-12,33,quantile,0.01,1.0
2026-08-22,wk inc covid hosp,3,2026-09-12,33,quantile,0.025,2.0
2026-08-22,wk inc covid hosp,3,2026-09-12,33,quantile,0.05,2.0
2026-08-22,wk inc covid hosp,3,2026-09-12,33,quantile,0.1,3.0
2026-08-22,wk inc covid hosp,3,2026-09-12,33,quantile,0.15,4.0
2026-08-22,wk inc covid hosp,3,2026-09-12,33,quantile,0.2,4.0
2026-08-22,wk inc covid hosp,3,2026-09-12,33,quantile,0.25,5.0
2026-08-22,wk inc covid hosp,3,2026-09-12,33,quantile,0.3,5.0
2026-08-22,wk inc covid hosp,3,2026-09-12,33,quantile,0.35,5.0
2026-08-22,wk inc covid hosp,3,2026-09-12,33,quantile,0.4,6.0
2026-08-22,wk inc covid hosp,3,2026-09-12,33,quantile,0.45,6.0
2026-08-22,wk inc covid hosp,3,2026-09-12,33,quantile,0.5,7.0
2026-08-22,wk inc covid hosp,3,2026-09-12,33,quantile,0.55,7.0
2026-08-22,wk inc covid hosp,3,2026-09-12,33,quantile,0.6,8.0
2026-08-22,wk inc covid hosp,3,2026-09-12,33,quantile,0.65,8.0
2026-08-22,wk inc covid hosp,3,2026-09-12,33,quantile,0.7,8.0
2026-08-22,wk inc covid hosp,3,2026-09-12,33,quantile,0.75,9.0
2026-08-22,wk inc covid hosp,3,2026-09-12,33,quantile,0.8,10.0
2026-08-22,wk inc covid hosp,3,2026-09-12,33,quantile,0.85,10.0
2026-08-22,wk inc covid hosp,3,2026-09-12,33,quantile,0.9,12.0
2026-08-22,wk inc covid hosp,3,2026-09-12,33,quantile,0.95,14.0
2026-08-22,wk inc covid hosp,3,2026-09-12,33,quantile,0.975,15.0
2026-08-22,wk inc covid hosp,3,2026-09-12,33,quantile,0.99,17.0
2026-08-22,wk inc covid hosp,3,2026-09-12,34,quantile,0.01,19.0
2026-08-22,wk inc covid hosp,3,2026-09-12,34,quantile,0.025,22.0
2026-08-22,wk inc covid hosp,3,2026-09-12,34,quantile,0.05,25.0
2026-08-22,wk inc covid hosp,3,2026-09-12,34,quantile,0.1,29.0
2026-08-22,wk inc covid hosp,3,2026-09-12,34,quantile,0.15,32.0
2026-08-22,wk inc covid hosp,3,2026-09-12,34,quantile,0.2,34.0
2026-08-22,wk inc covid hosp,3,2026-09-12,34,quantile,0.25,37.0
2026-08-22,wk inc covid hosp,3,2026-09-12,34,quantile,0.3,39.0
2026-08-22,wk inc covid hosp,3,2026-09-12,34,quantile,0.35,41.0
2026-08-22,wk inc covid hosp,3,2026-09-12,34,quantile,0.4,43.0
2026-08-22,wk inc covid hosp,3,2026-09-12,34,quantile,0.45,45.0
2026-08-22,wk inc covid hosp,3,2026-09-12,34,quantile,0.5,46.0
2026-08-22,wk inc covid hosp,3,2026-09-12,34,quantile,0.55,48.0
2026-08-22,wk inc covid hosp,3,2026-09-12,34,quantile,0.6,50.0
2026-08-22,wk inc covid hosp,3,2026-09-12,34,quantile,0.65,53.0
2026-08-22,wk inc covid hosp,3,2026-09-12,34,quantile,0.7,55.0
2026-08-22,wk inc covid hosp,3,2026-09-12,34,quantile,0.75,58.0
2026-08-22,wk inc covid hosp,3,2026-09-12,34,quantile,0.8,61.0
2026-08-22,wk inc covid hosp,3,2026-09-12,34,quantile,0.85,65.0
2026-08-22,wk inc covid hosp,3,2026-09-12,34,quantile,0.9,71.0
2026-08-22,wk inc covid hosp,3,2026-09-12,34,quantile,0.95,78.0
2026-08-22,wk inc covid hosp,3,2026-09-12,34,quantile,0.975,86.0
2026-08-22,wk inc covid hosp,3,2026-09-12,34,quantile,0.99,94.0
2026-08-22,wk inc covid hosp,3,2026-09-12,35,quantile,0.01,1.0
2026-08-22,wk inc covid hosp,3,2026-09-12,35,quantile,0.025,1.0
2026-08-22,wk inc covid hosp,3,2026-09-12,35,quantile,0.05,2.0
2026-08-22,wk inc covid hosp,3,2026-09-12,35,quantile,0.1,2.0
2026-08-22,wk inc covid hosp,3,2026-09-12,35,quantile,0.15,3.0
2026-08-22,wk inc covid hosp,3,2026-09-12,35,quantile,0.2,3.0
2026-08-22,wk inc covid hosp,3,2026-09-12,35,quantile,0.25,4.0
2026-08-22,wk inc covid hosp,3,2026-09-12,35,quantile,0.3,4.0
2026-08-22,wk inc covid hosp,3,2026-09-12,35,quantile,0.35,5.0
2026-08-22,wk inc covid hosp,3,2026-09-12,35,quantile,0.4,5.0
2026-08-22,wk inc covid hosp,3,2026-09-12,35,quantile,0.45,5.0
2026-08-22,wk inc covid hosp,3,2026-09-12,35,quantile,0.5,6.0
2026-08-22,wk inc covid hosp,3,2026-09-12,35,quantile,0.55,6.0
2026-08-22,wk inc covid hosp,3,2026-09-12,35,quantile,0.6,6.0
2026-08-22,wk inc covid hosp,3,2026-09-12,35,quantile,0.65,7.0
2026-08-22,wk inc covid hosp,3,2026-09-12,35,quantile,0.7,7.0
2026-08-22,wk inc covid hosp,3,2026-09-12,35,quantile,0.75,8.0
2026-08-22,wk inc covid hosp,3,2026-09-12,35,quantile,0.8,8.0
2026-08-22,wk inc covid hosp,3,2026-09-12,35,quantile,0.85,9.0
2026-08-22,wk inc covid hosp,3,2026-09-12,35,quantile,0.9,10.0
2026-08-22,wk inc covid hosp,3,2026-09-12,35,quantile,0.95,12.0
2026-08-22,wk inc covid hosp,3,2026-09-12,35,quantile,0.975,13.0
2026-08-22,wk inc covid hosp,3,2026-09-12,35,quantile,0.99,15.0
2026-08-22,wk inc covid hosp,3,2026-09-12,36,quantile,0.01,49.0
2026-08-22,wk inc covid hosp,3,2026-09-12,36,quantile,0.025,58.0
2026-08-22,wk inc covid hosp,3,2026-09-12,36,quantile,0.05,65.0
2026-08-22,wk inc covid hosp,3,2026-09-12,36,quantile,0.1,76.0
2026-08-22,wk inc covid hosp,3,2026-09-12,36,quantile,0.15,82.0
2026-08-22,wk inc covid hosp,3,2026-09-12,36,quantile,0.2,89.0
2026-08-22,wk inc covid hosp,3,2026-09-12,36,quantile,0.25,95.0
2026-08-22,wk inc covid hosp,3,2026-09-12,36,quantile,0.3,99.0
2026-08-22,wk inc covid hosp,3,2026-09-12,36,quantile,0.35,104.0
2026-08-22,wk inc covid hosp,3,2026-09-12,36,quantile,0.4,109.0
2026-08-22,wk inc covid hosp,3,2026-09-12,36,quantile,0.45,114.0
2026-08-22,wk inc covid hosp,3,2026-09-12,36,quantile,0.5,118.0
2026-08-22,wk inc covid hosp,3,2026-09-12,36,quantile,0.55,123.0
2026-08-22,wk inc covid hosp,3,2026-09-12,36,quantile,0.6,128.0
2026-08-22,wk inc covid hosp,3,2026-09-12,36,quantile,0.65,134.0
2026-08-22,wk inc covid hosp,3,2026-09-12,36,quantile,0.7,140.0
2026-08-22,wk inc covid hosp,3,2026-09-12,36,quantile,0.75,147.0
2026-08-22,wk inc covid hosp,3,2026-09-12,36,quantile,0.8,155.0
2026-08-22,wk inc covid hosp,3,2026-09-12,36,quantile,0.85,163.0
2026-08-22,wk inc covid hosp,3,2026-09-12,36,quantile,0.9,175.0
2026-08-22,wk inc covid hosp,3,2026-09-12,36,quantile,0.95,194.0
2026-08-22,wk inc covid hosp,3,2026-09-12,36,quantile,0.975,212.0
2026-08-22,wk inc covid hosp,3,2026-09-12,36,quantile,0.99,232.0
2026-08-22,wk inc covid hosp,3,2026-09-12,37,quantile,0.01,37.0
2026-08-22,wk inc covid hosp,3,2026-09-12,37,quantile,0.025,46.0
2026-08-22,wk inc covid hosp,3,2026-09-12,37,quantile,0.05,53.0
2026-08-22,wk inc covid hosp,3,2026-09-12,37,quantile,0.1,60.0
2026-08-22,wk inc covid hosp,3,2026-09-12,37,quantile,0.15,67.0
2026-08-22,wk inc covid hosp,3,2026-09-12,37,quantile,0.2,73.0
2026-08-22,wk inc covid hosp,3,2026-09-12,37,quantile,0.25,77.0
2026-08-22,wk inc covid hosp,3,2026-09-12,37,quantile,0.3,81.0
2026-08-22,wk inc covid hosp,3,2026-09-12,37,quantile,0.35,86.0
2026-08-22,wk inc covid hosp,3,2026-09-12,37,quantile,0.4,90.0
2026-08-22,wk inc covid hosp,3,2026-09-12,37,quantile,0.45,94.0
2026-08-22,wk inc covid hosp,3,2026-09-12,37,quantile,0.5,98.0
2026-08-22,wk inc covid hosp,3,2026-09-12,37,quantile,0.55,102.0
2026-08-22,wk inc covid hosp,3,2026-09-12,37,quantile,0.6,106.0
2026-08-22,wk inc covid hosp,3,2026-09-12,37,quantile,0.65,111.0
2026-08-22,wk inc covid hosp,3,2026-09-12,37,quantile,0.7,116.0
2026-08-22,wk inc covid hosp,3,2026-09-12,37,quantile,0.75,121.0
2026-08-22,wk inc covid hosp,3,2026-09-12,37,quantile,0.8,128.0
2026-08-22,wk inc covid hosp,3,2026-09-12,37,quantile,0.85,137.0
2026-08-22,wk inc covid hosp,3,2026-09-12,37,quantile,0.9,145.0
2026-08-22,wk inc covid hosp,3,2026-09-12,37,quantile,0.95,161.0
2026-08-22,wk inc covid hosp,3,2026-09-12,37,quantile,0.975,176.0
2026-08-22,wk inc covid hosp,3,2026-09-12,37,quantile,0.99,194.0
2026-08-22,wk inc covid hosp,3,2026-09-12,38,quantile,0.01,0.0
2026-08-22,wk inc covid hosp,3,2026-09-12,38,quantile,0.025,0.0
2026-08-22,wk inc covid hosp,3,2026-09-12,38,quantile,0.05,0.0
2026-08-22,wk inc covid hosp,3,2026-09-12,38,quantile,0.1,0.0
2026-08-22,wk inc covid hosp,3,2026-09-12,38,quantile,0.15,0.0
2026-08-22,wk inc covid hosp,3,2026-09-12,38,quantile,0.2,0.0
2026-08-22,wk inc covid hosp,3,2026-09-12,38,quantile,0.25,0.0
2026-08-22,wk inc covid hosp,3,2026-09-12,38,quantile,0.3,0.0
2026-08-22,wk inc covid hosp,3,2026-09-12,38,quantile,0.35,0.0
2026-08-22,wk inc covid hosp,3,2026-09-12,38,quantile,0.4,1.0
2026-08-22,wk inc covid hosp,3,2026-09-12,38,quantile,0.45,1.0
2026-08-22,wk inc covid hosp,3,2026-09-12,38,quantile,0.5,1.0
2026-08-22,wk inc covid hosp,3,2026-09-12,38,quantile,0.55,1.0
2026-08-22,wk inc covid hosp,3,2026-09-12,38,quantile,0.6,1.0
2026-08-22,wk inc covid hosp,3,2026-09-12,38,quantile,0.65,1.0
2026-08-22,wk inc covid hosp,3,2026-09-12,38,quantile,0.7,1.0
2026-08-22,wk inc covid hosp,3,2026-09-12,38,quantile,0.75,2.0
2026-08-22,wk inc covid hosp,3,2026-09-12,38,quantile,0.8,2.0
2026-08-22,wk inc covid hosp,3,2026-09-12,38,quantile,0.85,2.0
2026-08-22,wk inc covid hosp,3,2026-09-12,38,quantile,0.9,2.0
2026-08-22,wk inc covid hosp,3,2026-09-12,38,quantile,0.95,3.0
2026-08-22,wk inc covid hosp,3,2026-09-12,38,quantile,0.975,4.0
2026-08-22,wk inc covid hosp,3,2026-09-12,38,quantile,0.99,4.0
2026-08-22,wk inc covid hosp,3,2026-09-12,39,quantile,0.01,12.0
2026-08-22,wk inc covid hosp,3,2026-09-12,39,quantile,0.025,15.0
2026-08-22,wk inc covid hosp,3,2026-09-12,39,quantile,0.05,18.0
2026-08-22,wk inc covid hosp,3,2026-09-12,39,quantile,0.1,22.0
2026-08-22,wk inc covid hosp,3,2026-09-12,39,quantile,0.15,24.0
2026-08-22,wk inc covid hosp,3,2026-09-12,39,quantile,0.2,26.0
2026-08-22,wk inc covid hosp,3,2026-09-12,39,quantile,0.25,28.0
2026-08-22,wk inc covid hosp,3,2026-09-12,39,quantile,0.3,29.0
2026-08-22,wk inc covid hosp,3,2026-09-12,39,quantile,0.35,31.0
2026-08-22,wk inc covid hosp,3,2026-09-12,39,quantile,0.4,33.0
2026-08-22,wk inc covid hosp,3,2026-09-12,39,quantile,0.45,35.0
2026-08-22,wk inc covid hosp,3,2026-09-12,39,quantile,0.5,36.0
2026-08-22,wk inc covid hosp,3,2026-09-12,39,quantile,0.55,38.0
2026-08-22,wk inc covid hosp,3,2026-09-12,39,quantile,0.6,39.0
2026-08-22,wk inc covid hosp,3,2026-09-12,39,quantile,0.65,41.0
2026-08-22,wk inc covid hosp,3,2026-09-12,39,quantile,0.7,43.0
2026-08-22,wk inc covid hosp,3,2026-09-12,39,quantile,0.75,45.0
2026-08-22,wk inc covid hosp,3,2026-09-12,39,quantile,0.8,48.0
2026-08-22,wk inc covid hosp,3,2026-09-12,39,quantile,0.85,51.0
2026-08-22,wk inc covid hosp,3,2026-09-12,39,quantile,0.9,54.0
2026-08-22,wk inc covid hosp,3,2026-09-12,39,quantile,0.95,61.0
2026-08-22,wk inc covid hosp,3,2026-09-12,39,quantile,0.975,65.0
2026-08-22,wk inc covid hosp,3,2026-09-12,39,quantile,0.99,73.0
2026-08-22,wk inc covid hosp,3,2026-09-12,40,quantile,0.01,1.0
2026-08-22,wk inc covid hosp,3,2026-09-12,40,quantile,0.025,1.0
2026-08-22,wk inc covid hosp,3,2026-09-12,40,quantile,0.05,2.0
2026-08-22,wk inc covid hosp,3,2026-09-12,40,quantile,0.1,2.0
2026-08-22,wk inc covid hosp,3,2026-09-12,40,quantile,0.15,3.0
2026-08-22,wk inc covid hosp,3,2026-09-12,40,quantile,0.2,3.0
2026-08-22,wk inc covid hosp,3,2026-09-12,40,quantile,0.25,4.0
2026-08-22,wk inc covid hosp,3,2026-09-12,40,quantile,0.3,4.0
2026-08-22,wk inc covid hosp,3,2026-09-12,40,quantile,0.35,5.0
2026-08-22,wk inc covid hosp,3,2026-09-12,40,quantile,0.4,5.0
2026-08-22,wk inc covid hosp,3,2026-09-12,40,quantile,0.45,5.0
2026-08-22,wk inc covid hosp,3,2026-09-12,40,quantile,0.5,6.0
2026-08-22,wk inc covid hosp,3,2026-09-12,40,quantile,0.55,6.0
2026-08-22,wk inc covid hosp,3,2026-09-12,40,quantile,0.6,6.0
2026-08-22,wk inc covid hosp,3,2026-09-12,40,quantile,0.65,7.0
2026-08-22,wk inc covid hosp,3,2026-09-12,40,quantile,0.7,7.0
2026-08-22,wk inc covid hosp,3,2026-09-12,40,quantile,0.75,8.0
2026-08-22,wk inc covid hosp,3,2026-09-12,40,quantile,0.8,8.0
2026-08-22,wk inc covid hosp,3,2026-09-12,40,quantile,0.85,9.0
2026-08-22,wk inc covid hosp,3,2026-09-12,40,quantile,0.9,10.0
2026-08-22,wk inc covid hosp,3,2026-09-12,40,quantile,0.95,11.0
2026-08-22,wk inc covid hosp,3,2026-09-12,40,quantile,0.975,13.0
2026-08-22,wk inc covid hosp,3,2026-09-12,40,quantile,0.99,14.0
2026-08-22,wk inc covid hosp,3,2026-09-12,41,quantile,0.01,2.0
2026-08-22,wk inc covid hosp,3,2026-09-12,41,quantile,0.025,2.0
2026-08-22,wk inc covid hosp,3,2026-09-12,41,quantile,0.05,3.0
2026-08-22,wk inc covid hosp,3,2026-09-12,41,quantile,0.1,4.0
2026-08-22,wk inc covid hosp,3,2026-09-12,41,quantile,0.15,5.0
2026-08-22,wk inc covid hosp,3,2026-09-12,41,quantile,0.2,5.0
2026-08-22,wk inc covid hosp,3,2026-09-12,41,quantile,0.25,6.0
2026-08-22,wk inc covid hosp,3,2026-09-12,41,quantile,0.3,7.0
2026-08-22,wk inc covid hosp,3,2026-09-12,41,quantile,0.35,7.0
2026-08-22,wk inc covid hosp,3,2026-09-12,41,quantile,0.4,8.0
2026-08-22,wk inc covid hosp,3,2026-09-12,41,quantile,0.45,8.0
2026-08-22,wk inc covid hosp,3,2026-09-12,41,quantile,0.5,9.0
2026-08-22,wk inc covid hosp,3,2026-09-12,41,quantile,0.55,9.0
2026-08-22,wk inc covid hosp,3,2026-09-12,41,quantile,0.6,10.0
2026-08-22,wk inc covid hosp,3,2026-09-12,41,quantile,0.65,10.0
2026-08-22,wk inc covid hosp,3,2026-09-12,41,quantile,0.7,11.0
2026-08-22,wk inc covid hosp,3,2026-09-12,41,quantile,0.75,12.0
2026-08-22,wk inc covid hosp,3,2026-09-12,41,quantile,0.8,12.0
2026-08-22,wk inc covid hosp,3,2026-09-12,41,quantile,0.85,13.0
2026-08-22,wk inc covid hosp,3,2026-09-12,41,quantile,0.9,14.0
2026-08-22,wk inc covid hosp,3,2026-09-12,41,quantile,0.95,16.0
2026-08-22,wk inc covid hosp,3,2026-09-12,41,quantile,0.975,18.0
2026-08-22,wk inc covid hosp,3,2026-09-12,41,quantile,0.99,21.0
2026-08-22,wk inc covid hosp,3,2026-09-12,42,quantile,0.01,24.0
2026-08-22,wk inc covid hosp,3,2026-09-12,42,quantile,0.025,28.0
2026-08-22,wk inc covid hosp,3,2026-09-12,42,quantile,0.05,31.0
2026-08-22,wk inc covid hosp,3,2026-09-12,42,quantile,0.1,36.0
2026-08-22,wk inc covid hosp,3,2026-09-12,42,quantile,0.15,40.0
2026-08-22,wk inc covid hosp,3,2026-09-12,42,quantile,0.2,43.0
2026-08-22,wk inc covid hosp,3,2026-09-12,42,quantile,0.25,46.0
2026-08-22,wk inc covid hosp,3,2026-09-12,42,quantile,0.3,49.0
2026-08-22,wk inc covid hosp,3,2026-09-12,42,quantile,0.35,51.0
2026-08-22,wk inc covid hosp,3,2026-09-12,42,quantile,0.4,54.0
2026-08-22,wk inc covid hosp,3,2026-09-12,42,quantile,0.45,56.0
2026-08-22,wk inc covid hosp,3,2026-09-12,42,quantile,0.5,59.0
2026-08-22,wk inc covid hosp,3,2026-09-12,42,quantile,0.55,62.0
2026-08-22,wk inc covid hosp,3,2026-09-12,42,quantile,0.6,65.0
2026-08-22,wk inc covid hosp,3,2026-09-12,42,quantile,0.65,68.0
2026-08-22,wk inc covid hosp,3,2026-09-12,42,quantile,0.7,71.0
2026-08-22,wk inc covid hosp,3,2026-09-12,42,quantile,0.75,74.0
2026-08-22,wk inc covid hosp,3,2026-09-12,42,quantile,0.8,78.0
2026-08-22,wk inc covid hosp,3,2026-09-12,42,quantile,0.85,83.0
2026-08-22,wk inc covid hosp,3,2026-09-12,42,quantile,0.9,89.0
2026-08-22,wk inc covid hosp,3,2026-09-12,42,quantile,0.95,99.0
2026-08-22,wk inc covid hosp,3,2026-09-12,42,quantile,0.975,108.0
2026-08-22,wk inc covid hosp,3,2026-09-12,42,quantile,0.99,117.0
2026-08-22,wk inc covid hosp,3,2026-09-12,44,quantile,0.01,2.0
2026-08-22,wk inc covid hosp,3,2026-09-12,44,quantile,0.025,2.0
2026-08-22,wk inc covid hosp,3,2026-09-12,44,quantile,0.05,3.0
2026-08-22,wk inc covid hosp,3,2026-09-12,44,quantile,0.1,4.0
2026-08-22,wk inc covid hosp,3,2026-09-12,44,quantile,0.15,5.0
2026-08-22,wk inc covid hosp,3,2026-09-12,44,quantile,0.2,6.0
2026-08-22,wk inc covid hosp,3,2026-09-12,44,quantile,0.25,6.0
2026-08-22,wk inc covid hosp,3,2026-09-12,44,quantile,0.3,7.0
2026-08-22,wk inc covid hosp,3,2026-09-12,44,quantile,0.35,7.0
2026-08-22,wk inc covid hosp,3,2026-09-12,44,quantile,0.4,8.0
2026-08-22,wk inc covid hosp,3,2026-09-12,44,quantile,0.45,8.0
2026-08-22,wk inc covid hosp,3,2026-09-12,44,quantile,0.5,9.0
2026-08-22,wk inc covid hosp,3,2026-09-12,44,quantile,0.55,9.0
2026-08-22,wk inc covid hosp,3,2026-09-12,44,quantile,0.6,10.0
2026-08-22,wk inc covid hosp,3,2026-09-12,44,quantile,0.65,10.0
2026-08-22,wk inc covid hosp,3,2026-09-12,44,quantile,0.7,11.0
2026-08-22,wk inc covid hosp,3,2026-09-12,44,quantile,0.75,12.0
2026-08-22,wk inc covid hosp,3,2026-09-12,44,quantile,0.8,13.0
2026-08-22,wk inc covid hosp,3,2026-09-12,44,quantile,0.85,13.0
2026-08-22,wk inc covid hosp,3,2026-09-12,44,quantile,0.9,15.0
2026-08-22,wk inc covid hosp,3,2026-09-12,44,quantile,0.95,17.0
2026-08-22,wk inc covid hosp,3,2026-09-12,44,quantile,0.975,18.0
2026-08-22,wk inc covid hosp,3,2026-09-12,44,quantile,0.99,22.0
2026-08-22,wk inc covid hosp,3,2026-09-12,45,quantile,0.01,8.0
2026-08-22,wk inc covid hosp,3,2026-09-12,45,quantile,0.025,10.0
2026-08-22,wk inc covid hosp,3,2026-09-12,45,quantile,0.05,11.0
2026-08-22,wk inc covid hosp,3,2026-09-12,45,quantile,0.1,14.0
2026-08-22,wk inc covid hosp,3,2026-09-12,45,quantile,0.15,15.0
2026-08-22,wk inc covid hosp,3,2026-09-12,45,quantile,0.2,17.0
2026-08-22,wk inc covid hosp,3,2026-09-12,45,quantile,0.25,18.0
2026-08-22,wk inc covid hosp,3,2026-09-12,45,quantile,0.3,20.0
2026-08-22,wk inc covid hosp,3,2026-09-12,45,quantile,0.35,21.0
2026-08-22,wk inc covid hosp,3,2026-09-12,45,quantile,0.4,22.0
2026-08-22,wk inc covid hosp,3,2026-09-12,45,quantile,0.45,23.0
2026-08-22,wk inc covid hosp,3,2026-09-12,45,quantile,0.5,24.0
2026-08-22,wk inc covid hosp,3,2026-09-12,45,quantile,0.55,25.0
2026-08-22,wk inc covid hosp,3,2026-09-12,45,quantile,0.6,26.0
2026-08-22,wk inc covid hosp,3,2026-09-12,45,quantile,0.65,27.0
2026-08-22,wk inc covid hosp,3,2026-09-12,45,quantile,0.7,29.0
2026-08-22,wk inc covid hosp,3,2026-09-12,45,quantile,0.75,30.0
2026-08-22,wk inc covid hosp,3,2026-09-12,45,quantile,0.8,32.0
2026-08-22,wk inc covid hosp,3,2026-09-12,45,quantile,0.85,34.0
2026-08-22,wk inc covid hosp,3,2026-09-12,45,quantile,0.9,37.0
2026-08-22,wk inc covid hosp,3,2026-09-12,45,quantile,0.95,41.0
2026-08-22,wk inc covid hosp,3,2026-09-12,45,quantile,0.975,45.0
2026-08-22,wk inc covid hosp,3,2026-09-12,45,quantile,0.99,50.0
2026-08-22,wk inc covid hosp,3,2026-09-12,46,quantile,0.01,0.0
2026-08-22,wk inc covid hosp,3,2026-09-12,46,quantile,0.025,0.0
2026-08-22,wk inc covid hosp,3,2026-09-12,46,quantile,0.05,0.0
2026-08-22,wk inc covid hosp,3,2026-09-12,46,quantile,0.1,0.0
2026-08-22,wk inc covid hosp,3,2026-09-12,46,quantile,0.15,0.0
2026-08-22,wk inc covid hosp,3,2026-09-12,46,quantile,0.2,1.0
2026-08-22,wk inc covid hosp,3,2026-09-12,46,quantile,0.25,1.0
2026-08-22,wk inc covid hosp,3,2026-09-12,46,quantile,0.3,1.0
2026-08-22,wk inc covid hosp,3,2026-09-12,46,quantile,0.35,1.0
2026-08-22,wk inc covid hosp,3,2026-09-12,46,quantile,0.4,1.0
2026-08-22,wk inc covid hosp,3,2026-09-12,46,quantile,0.45,2.0
2026-08-22,wk inc covid hosp,3,2026-09-12,46,quantile,0.5,2.0
2026-08-22,wk inc covid hosp,3,2026-09-12,46,quantile,0.55,2.0
2026-08-22,wk inc covid hosp,3,2026-09-12,46,quantile,0.6,2.0
2026-08-22,wk inc covid hosp,3,2026-09-12,46,quantile,0.65,2.0
2026-08-22,wk inc covid hosp,3,2026-09-12,46,quantile,0.7,3.0
2026-08-22,wk inc covid hosp,3,2026-09-12,46,quantile,0.75,3.0
2026-08-22,wk inc covid hosp,3,2026-09-12,46,quantile,0.8,3.0
2026-08-22,wk inc covid hosp,3,2026-09-12,46,quantile,0.85,4.0
2026-08-22,wk inc covid hosp,3,2026-09-12,46,quantile,0.9,4.0
2026-08-22,wk inc covid hosp,3,2026-09-12,46,quantile,0.95,5.0
2026-08-22,wk inc covid hosp,3,2026-09-12,46,quantile,0.975,6.0
2026-08-22,wk inc covid hosp,3,2026-09-12,46,quantile,0.99,7.0
2026-08-22,wk inc covid hosp,3,2026-09-12,47,quantile,0.01,15.0
2026-08-22,wk inc covid hosp,3,2026-09-12,47,quantile,0.025,18.0
2026-08-22,wk inc covid hosp,3,2026-09-12,47,quantile,0.05,21.0
2026-08-22,wk inc covid hosp,3,2026-09-12,47,quantile,0.1,24.0
2026-08-22,wk inc covid hosp,3,2026-09-12,47,quantile,0.15,27.0
2026-08-22,wk inc covid hosp,3,2026-09-12,47,quantile,0.2,30.0
2026-08-22,wk inc covid hosp,3,2026-09-12,47,quantile,0.25,31.0
2026-08-22,wk inc covid hosp,3,2026-09-12,47,quantile,0.3,33.0
2026-08-22,wk inc covid hosp,3,2026-09-12,47,quantile,0.35,35.0
2026-08-22,wk inc covid hosp,3,2026-09-12,47,quantile,0.4,37.0
2026-08-22,wk inc covid hosp,3,2026-09-12,47,quantile,0.45,39.0
2026-08-22,wk inc covid hosp,3,2026-09-12,47,quantile,0.5,40.0
2026-08-22,wk inc covid hosp,3,2026-09-12,47,quantile,0.55,42.0
2026-08-22,wk inc covid hosp,3,2026-09-12,47,quantile,0.6,45.0
2026-08-22,wk inc covid hosp,3,2026-09-12,47,quantile,0.65,47.0
2026-08-22,wk inc covid hosp,3,2026-09-12,47,quantile,0.7,49.0
2026-08-22,wk inc covid hosp,3,2026-09-12,47,quantile,0.75,52.0
2026-08-22,wk inc covid hosp,3,2026-09-12,47,quantile,0.8,54.0
2026-08-22,wk inc covid hosp,3,2026-09-12,47,quantile,0.85,57.0
2026-08-22,wk inc covid hosp,3,2026-09-12,47,quantile,0.9,63.0
2026-08-22,wk inc covid hosp,3,2026-09-12,47,quantile,0.95,70.0
2026-08-22,wk inc covid hosp,3,2026-09-12,47,quantile,0.975,75.0
2026-08-22,wk inc covid hosp,3,2026-09-12,47,quantile,0.99,85.0
2026-08-22,wk inc covid hosp,3,2026-09-12,48,quantile,0.01,121.0
2026-08-22,wk inc covid hosp,3,2026-09-12,48,quantile,0.025,136.0
2026-08-22,wk inc covid hosp,3,2026-09-12,48,quantile,0.05,152.0
2026-08-22,wk inc covid hosp,3,2026-09-12,48,quantile,0.1,176.0
2026-08-22,wk inc covid hosp,3,2026-09-12,48,quantile,0.15,193.0
2026-08-22,wk inc covid hosp,3,2026-09-12,48,quantile,0.2,205.0
2026-08-22,wk inc covid hosp,3,2026-09-12,48,quantile,0.25,218.0
2026-08-22,wk inc covid hosp,3,2026-09-12,48,quantile,0.3,232.0
2026-08-22,wk inc covid hosp,3,2026-09-12,48,quantile,0.35,242.0
2026-08-22,wk inc covid hosp,3,2026-09-12,48,quantile,0.4,253.0
2026-08-22,wk inc covid hosp,3,2026-09-12,48,quantile,0.45,264.0
2026-08-22,wk inc covid hosp,3,2026-09-12,48,quantile,0.5,274.0
2026-08-22,wk inc covid hosp,3,2026-09-12,48,quantile,0.55,285.0
2026-08-22,wk inc covid hosp,3,2026-09-12,48,quantile,0.6,298.0
2026-08-22,wk inc covid hosp,3,2026-09-12,48,quantile,0.65,311.0
2026-08-22,wk inc covid hosp,3,2026-09-12,48,quantile,0.7,325.0
2026-08-22,wk inc covid hosp,3,2026-09-12,48,quantile,0.75,339.0
2026-08-22,wk inc covid hosp,3,2026-09-12,48,quantile,0.8,356.0
2026-08-22,wk inc covid hosp,3,2026-09-12,48,quantile,0.85,379.0
2026-08-22,wk inc covid hosp,3,2026-09-12,48,quantile,0.9,409.0
2026-08-22,wk inc covid hosp,3,2026-09-12,48,quantile,0.95,449.0
2026-08-22,wk inc covid hosp,3,2026-09-12,48,quantile,0.975,486.0
2026-08-22,wk inc covid hosp,3,2026-09-12,48,quantile,0.99,527.0
2026-08-22,wk inc covid hosp,3,2026-09-12,49,quantile,0.01,0.0
2026-08-22,wk inc covid hosp,3,2026-09-12,49,quantile,0.025,0.0
2026-08-22,wk inc covid hosp,3,2026-09-12,49,quantile,0.05,1.0
2026-08-22,wk inc covid hosp,3,2026-09-12,49,quantile,0.1,1.0
2026-08-22,wk inc covid hosp,3,2026-09-12,49,quantile,0.15,2.0
2026-08-22,wk inc covid hosp,3,2026-09-12,49,quantile,0.2,2.0
2026-08-22,wk inc covid hosp,3,2026-09-12,49,quantile,0.25,2.0
2026-08-22,wk inc covid hosp,3,2026-09-12,49,quantile,0.3,3.0
2026-08-22,wk inc covid hosp,3,2026-09-12,49,quantile,0.35,3.0
2026-08-22,wk inc covid hosp,3,2026-09-12,49,quantile,0.4,3.0
2026-08-22,wk inc covid hosp,3,2026-09-12,49,quantile,0.45,3.0
2026-08-22,wk inc covid hosp,3,2026-09-12,49,quantile,0.5,4.0
2026-08-22,wk inc covid hosp,3,2026-09-12,49,quantile,0.55,4.0
2026-08-22,wk inc covid hosp,3,2026-09-12,49,quantile,0.6,4.0
2026-08-22,wk inc covid hosp,3,2026-09-12,49,quantile,0.65,5.0
2026-08-22,wk inc covid hosp,3,2026-09-12,49,quantile,0.7,5.0
2026-08-22,wk inc covid hosp,3,2026-09-12,49,quantile,0.75,5.0
2026-08-22,wk inc covid hosp,3,2026-09-12,49,quantile,0.8,6.0
2026-08-22,wk inc covid hosp,3,2026-09-12,49,quantile,0.85,7.0
2026-08-22,wk inc covid hosp,3,2026-09-12,49,quantile,0.9,7.0
2026-08-22,wk inc covid hosp,3,2026-09-12,49,quantile,0.95,8.0
2026-08-22,wk inc covid hosp,3,2026-09-12,49,quantile,0.975,9.0
2026-08-22,wk inc covid hosp,3,2026-09-12,49,quantile,0.99,11.0
2026-08-22,wk inc covid hosp,3,2026-09-12,50,quantile,0.01,0.0
2026-08-22,wk inc covid hosp,3,2026-09-12,50,quantile,0.025,0.0
2026-08-22,wk inc covid hosp,3,2026-09-12,50,quantile,0.05,0.0
2026-08-22,wk inc covid hosp,3,2026-09-12,50,quantile,0.1,0.0
2026-08-22,wk inc covid hosp,3,2026-09-12,50,quantile,0.15,0.0
2026-08-22,wk inc covid hosp,3,2026-09-12,50,quantile,0.2,0.0
2026-08-22,wk inc covid hosp,3,2026-09-12,50,quantile,0.25,0.0
2026-08-22,wk inc covid hosp,3,2026-09-12,50,quantile,0.3,0.0
2026-08-22,wk inc covid hosp,3,2026-09-12,50,quantile,0.35,0.0
2026-08-22,wk inc covid hosp,3,2026-09-12,50,quantile,0.4,1.0
2026-08-22,wk inc covid hosp,3,2026-09-12,50,quantile,0.45,1.0
2026-08-22,wk inc covid hosp,3,2026-09-12,50,quantile,0.5,1.0
2026-08-22,wk inc covid hosp,3,2026-09-12,50,quantile,0.55,1.0
2026-08-22,wk inc covid hosp,3,2026-09-12,50,quantile,0.6,1.0
2026-08-22,wk inc covid hosp,3,2026-09-12,50,quantile,0.65,1.0
2026-08-22,wk inc covid hosp,3,2026-09-12,50,quantile,0.7,1.0
2026-08-22,wk inc covid hosp,3,2026-09-12,50,quantile,0.75,2.0
2026-08-22,wk inc covid hosp,3,2026-09-12,50,quantile,0.8,2.0
2026-08-22,wk inc covid hosp,3,2026-09-12,50,quantile,0.85,2.0
2026-08-22,wk inc covid hosp,3,2026-09-12,50,quantile,0.9,2.0
2026-08-22,wk inc covid hosp,3,2026-09-12,50,quantile,0.95,3.0
2026-08-22,wk inc covid hosp,3,2026-09-12,50,quantile,0.975,3.0
2026-08-22,wk inc covid hosp,3,2026-09-12,50,quantile,0.99,4.0
2026-08-22,wk inc covid hosp,3,2026-09-12,51,quantile,0.01,5.0
2026-08-22,wk inc covid hosp,3,2026-09-12,51,quantile,0.025,7.0
2026-08-22,wk inc covid hosp,3,2026-09-12,51,quantile,0.05,8.0
2026-08-22,wk inc covid hosp,3,2026-09-12,51,quantile,0.1,10.0
2026-08-22,wk inc covid hosp,3,2026-09-12,51,quantile,0.15,12.0
2026-08-22,wk inc covid hosp,3,2026-09-12,51,quantile,0.2,13.0
2026-08-22,wk inc covid hosp,3,2026-09-12,51,quantile,0.25,14.0
2026-08-22,wk inc covid hosp,3,2026-09-12,51,quantile,0.3,15.0
2026-08-22,wk inc covid hosp,3,2026-09-12,51,quantile,0.35,16.0
2026-08-22,wk inc covid hosp,3,2026-09-12,51,quantile,0.4,16.0
2026-08-22,wk inc covid hosp,3,2026-09-12,51,quantile,0.45,17.0
2026-08-22,wk inc covid hosp,3,2026-09-12,51,quantile,0.5,18.0
2026-08-22,wk inc covid hosp,3,2026-09-12,51,quantile,0.55,19.0
2026-08-22,wk inc covid hosp,3,2026-09-12,51,quantile,0.6,20.0
2026-08-22,wk inc covid hosp,3,2026-09-12,51,quantile,0.65,21.0
2026-08-22,wk inc covid hosp,3,2026-09-12,51,quantile,0.7,22.0
2026-08-22,wk inc covid hosp,3,2026-09-12,51,quantile,0.75,24.0
2026-08-22,wk inc covid hosp,3,2026-09-12,51,quantile,0.8,25.0
2026-08-22,wk inc covid hosp,3,2026-09-12,51,quantile,0.85,27.0
2026-08-22,wk inc covid hosp,3,2026-09-12,51,quantile,0.9,29.0
2026-08-22,wk inc covid hosp,3,2026-09-12,51,quantile,0.95,32.0
2026-08-22,wk inc covid hosp,3,2026-09-12,51,quantile,0.975,35.0
2026-08-22,wk inc covid hosp,3,2026-09-12,51,quantile,0.99,40.0
2026-08-22,wk inc covid hosp,3,2026-09-12,53,quantile,0.01,16.0
2026-08-22,wk inc covid hosp,3,2026-09-12,53,quantile,0.025,19.0
2026-08-22,wk inc covid hosp,3,2026-09-12,53,quantile,0.05,22.0
2026-08-22,wk inc covid hosp,3,2026-09-12,53,quantile,0.1,26.0
2026-08-22,wk inc covid hosp,3,2026-09-12,53,quantile,0.15,29.0
2026-08-22,wk inc covid hosp,3,2026-09-12,53,quantile,0.2,32.0
2026-08-22,wk inc covid hosp,3,2026-09-12,53,quantile,0.25,34.0
2026-08-22,wk inc covid hosp,3,2026-09-12,53,quantile,0.3,36.0
2026-08-22,wk inc covid hosp,3,2026-09-12,53,quantile,0.35,38.0
2026-08-22,wk inc covid hosp,3,2026-09-12,53,quantile,0.4,40.0
2026-08-22,wk inc covid hosp,3,2026-09-12,53,quantile,0.45,42.0
2026-08-22,wk inc covid hosp,3,2026-09-12,53,quantile,0.5,45.0
2026-08-22,wk inc covid hosp,3,2026-09-12,53,quantile,0.55,47.0
2026-08-22,wk inc covid hosp,3,2026-09-12,53,quantile,0.6,48.0
2026-08-22,wk inc covid hosp,3,2026-09-12,53,quantile,0.65,50.0
2026-08-22,wk inc covid hosp,3,2026-09-12,53,quantile,0.7,53.0
2026-08-22,wk inc covid hosp,3,2026-09-12,53,quantile,0.75,56.0
2026-08-22,wk inc covid hosp,3,2026-09-12,53,quantile,0.8,59.0
2026-08-22,wk inc covid hosp,3,2026-09-12,53,quantile,0.85,62.0
2026-08-22,wk inc covid hosp,3,2026-09-12,53,quantile,0.9,67.0
2026-08-22,wk inc covid hosp,3,2026-09-12,53,quantile,0.95,75.0
2026-08-22,wk inc covid hosp,3,2026-09-12,53,quantile,0.975,84.0
2026-08-22,wk inc covid hosp,3,2026-09-12,53,quantile,0.99,91.0
2026-08-22,wk inc covid hosp,3,2026-09-12,54,quantile,0.01,0.0
2026-08-22,wk inc covid hosp,3,2026-09-12,54,quantile,0.025,1.0
2026-08-22,wk inc covid hosp,3,2026-09-12,54,quantile,0.05,1.0
2026-08-22,wk inc covid hosp,3,2026-09-12,54,quantile,0.1,2.0
2026-08-22,wk inc covid hosp,3,2026-09-12,54,quantile,0.15,2.0
2026-08-22,wk inc covid hosp,3,2026-09-12,54,quantile,0.2,3.0
2026-08-22,wk inc covid hosp,3,2026-09-12,54,quantile,0.25,3.0
2026-08-22,wk inc covid hosp,3,2026-09-12,54,quantile,0.3,3.0
2026-08-22,wk inc covid hosp,3,2026-09-12,54,quantile,0.35,4.0
2026-08-22,wk inc covid hosp,3,2026-09-12,54,quantile,0.4,4.0
2026-08-22,wk inc covid hosp,3,2026-09-12,54,quantile,0.45,4.0
2026-08-22,wk inc covid hosp,3,2026-09-12,54,quantile,0.5,5.0
2026-08-22,wk inc covid hosp,3,2026-09-12,54,quantile,0.55,5.0
2026-08-22,wk inc covid hosp,3,2026-09-12,54,quantile,0.6,5.0
2026-08-22,wk inc covid hosp,3,2026-09-12,54,quantile,0.65,6.0
2026-08-22,wk inc covid hosp,3,2026-09-12,54,quantile,0.7,6.0
2026-08-22,wk inc covid hosp,3,2026-09-12,54,quantile,0.75,7.0
2026-08-22,wk inc covid hosp,3,2026-09-12,54,quantile,0.8,7.0
2026-08-22,wk inc covid hosp,3,2026-09-12,54,quantile,0.85,8.0
2026-08-22,wk inc covid hosp,3,2026-09-12,54,quantile,0.9,9.0
2026-08-22,wk inc covid hosp,3,2026-09-12,54,quantile,0.95,10.0
2026-08-22,wk inc covid hosp,3,2026-09-12,54,quantile,0.975,11.0
2026-08-22,wk inc covid hosp,3,2026-09-12,54,quantile,0.99,13.0
2026-08-22,wk inc covid hosp,3,2026-09-12,55,quantile,0.01,1.0
2026-08-22,wk inc covid hosp,3,2026-09-12,55,quantile,0.025,1.0
2026-08-22,wk inc covid hosp,3,2026-09-12,55,quantile,0.05,2.0
2026-08-22,wk inc covid hosp,3,2026-09-12,55,quantile,0.1,3.0
2026-08-22,wk inc covid hosp,3,2026-09-12,55,quantile,0.15,3.0
2026-08-22,wk inc covid hosp,3,2026-09-12,55,quantile,0.2,4.0
2026-08-22,wk inc covid hosp,3,2026-09-12,55,quantile,0.25,4.0
2026-08-22,wk inc covid hosp,3,2026-09-12,55,quantile,0.3,5.0
2026-08-22,wk inc covid hosp,3,2026-09-12,55,quantile,0.35,5.0
2026-08-22,wk inc covid hosp,3,2026-09-12,55,quantile,0.4,6.0
2026-08-22,wk inc covid hosp,3,2026-09-12,55,quantile,0.45,6.0
2026-08-22,wk inc covid hosp,3,2026-09-12,55,quantile,0.5,6.0
2026-08-22,wk inc covid hosp,3,2026-09-12,55,quantile,0.55,7.0
2026-08-22,wk inc covid hosp,3,2026-09-12,55,quantile,0.6,7.0
2026-08-22,wk inc covid hosp,3,2026-09-12,55,quantile,0.65,8.0
2026-08-22,wk inc covid hosp,3,2026-09-12,55,quantile,0.7,8.0
2026-08-22,wk inc covid hosp,3,2026-09-12,55,quantile,0.75,9.0
2026-08-22,wk inc covid hosp,3,2026-09-12,55,quantile,0.8,10.0
2026-08-22,wk inc covid hosp,3,2026-09-12,55,quantile,0.85,10.0
2026-08-22,wk inc covid hosp,3,2026-09-12,55,quantile,0.9,11.0
2026-08-22,wk inc covid hosp,3,2026-09-12,55,quantile,0.95,13.0
2026-08-22,wk inc covid hosp,3,2026-09-12,55,quantile,0.975,14.0
2026-08-22,wk inc covid hosp,3,2026-09-12,55,quantile,0.99,16.0
2026-08-22,wk inc covid hosp,3,2026-09-12,56,quantile,0.01,0.0
2026-08-22,wk inc covid hosp,3,2026-09-12,56,quantile,0.025,0.0
2026-08-22,wk inc covid hosp,3,2026-09-12,56,quantile,0.05,0.0
2026-08-22,wk inc covid hosp,3,2026-09-12,56,quantile,0.1,0.0
2026-08-22,wk inc covid hosp,3,2026-09-12,56,quantile,0.15,1.0
2026-08-22,wk inc covid hosp,3,2026-09-12,56,quantile,0.2,1.0
2026-08-22,wk inc covid hosp,3,2026-09-12,56,quantile,0.25,1.0
2026-08-22,wk inc covid hosp,3,2026-09-12,56,quantile,0.3,1.0
2026-08-22,wk inc covid hosp,3,2026-09-12,56,quantile,0.35,1.0
2026-08-22,wk inc covid hosp,3,2026-09-12,56,quantile,0.4,1.0
2026-08-22,wk inc covid hosp,3,2026-09-12,56,quantile,0.45,2.0
2026-08-22,wk inc covid hosp,3,2026-09-12,56,quantile,0.5,2.0
2026-08-22,wk inc covid hosp,3,2026-09-12,56,quantile,0.55,2.0
2026-08-22,wk inc covid hosp,3,2026-09-12,56,quantile,0.6,2.0
2026-08-22,wk inc covid hosp,3,2026-09-12,56,quantile,0.65,2.0
2026-08-22,wk inc covid hosp,3,2026-09-12,56,quantile,0.7,3.0
2026-08-22,wk inc covid hosp,3,2026-09-12,56,quantile,0.75,3.0
2026-08-22,wk inc covid hosp,3,2026-09-12,56,quantile,0.8,3.0
2026-08-22,wk inc covid hosp,3,2026-09-12,56,quantile,0.85,4.0
2026-08-22,wk inc covid hosp,3,2026-09-12,56,quantile,0.9,4.0
2026-08-22,wk inc covid hosp,3,2026-09-12,56,quantile,0.95,5.0
2026-08-22,wk inc covid hosp,3,2026-09-12,56,quantile,0.975,6.0
2026-08-22,wk inc covid hosp,3,2026-09-12,56,quantile,0.99,6.0
2026-08-22,wk inc covid hosp,3,2026-09-12,72,quantile,0.01,29.0
2026-08-22,wk inc covid hosp,3,2026-09-12,72,quantile,0.025,33.0
2026-08-22,wk inc covid hosp,3,2026-09-12,72,quantile,0.05,37.0
2026-08-22,wk inc covid hosp,3,2026-09-12,72,quantile,0.1,43.0
2026-08-22,wk inc covid hosp,3,2026-09-12,72,quantile,0.15,47.0
2026-08-22,wk inc covid hosp,3,2026-09-12,72,quantile,0.2,51.0
2026-08-22,wk inc covid hosp,3,2026-09-12,72,quantile,0.25,55.0
2026-08-22,wk inc covid hosp,3,2026-09-12,72,quantile,0.3,57.0
2026-08-22,wk inc covid hosp,3,2026-09-12,72,quantile,0.35,61.0
2026-08-22,wk inc covid hosp,3,2026-09-12,72,quantile,0.4,63.0
2026-08-22,wk inc covid hosp,3,2026-09-12,72,quantile,0.45,66.0
2026-08-22,wk inc covid hosp,3,2026-09-12,72,quantile,0.5,69.0
2026-08-22,wk inc covid hosp,3,2026-09-12,72,quantile,0.55,72.0
2026-08-22,wk inc covid hosp,3,2026-09-12,72,quantile,0.6,75.0
2026-08-22,wk inc covid hosp,3,2026-09-12,72,quantile,0.65,78.0
2026-08-22,wk inc covid hosp,3,2026-09-12,72,quantile,0.7,81.0
2026-08-22,wk inc covid hosp,3,2026-09-12,72,quantile,0.75,85.0
2026-08-22,wk inc covid hosp,3,2026-09-12,72,quantile,0.8,91.0
2026-08-22,wk inc covid hosp,3,2026-09-12,72,quantile,0.85,96.0
2026-08-22,wk inc covid hosp,3,2026-09-12,72,quantile,0.9,104.0
2026-08-22,wk inc covid hosp,3,2026-09-12,72,quantile,0.95,115.0
2026-08-22,wk inc covid hosp,3,2026-09-12,72,quantile,0.975,124.0
2026-08-22,wk inc covid hosp,3,2026-09-12,72,quantile,0.99,137.0
