reference_date,target,horizon,target_end_date,location,output_type,output_type_id,value
2026-08-29,wk inc covid hosp,0,2026-08-29,01,quantile,0.01,18.0
2026-08-29,wk inc covid hosp,0,2026-08-29,01,quantile,0.025,23.0
2026-08-29,wk inc covid hosp,0,2026-08-29,01,quantile,0.05,27.0
2026-08-29,wk inc covid hosp,0,2026-08-29,01,quantile,0.1,33.0
2026-08-29,wk inc covid hosp,0,2026-08-29,01,quantile,0.15,38.0
2026-08-29,wk inc covid hosp,0,2026-08-29,01,quantile,0.2,41.0
2026-08-29,wk inc covid hosp,0,2026-08-29,01,quantile,0.25,45.0
2026-08-29,wk inc covid hosp,0,2026-08-29,01,quantile,0.3,48.0
2026-08-29,wk inc covid hosp,0,2026-08-29,01,quantile,0.35,51.0
2026-08-29,wk inc covid hosp,0,2026-08-29,01,quantile,0.4,54.0
2026-08-29,wk inc covid hosp,0,2026-08-29,01,quantile,0.45,57.0
2026-08-29,wk inc covid hosp,0,2026-08-29,01,quantile,0.5,60.0
2026-08-29,wk inc covid hosp,0,2026-08-29,01,quantile,0.55,64.0
2026-08-29,wk inc covid hosp,0,2026-08-29,01,quantile,0.6,67.0
2026-08-29,wk inc covid hosp,0,2026-08-29,01,quantile,0.65,71.0
2026-08-29,wk inc covid hosp,0,2026-08-29,01,quantile,0.7,75.0
2026-08-29,wk inc covid hosp,0,2026-08-29,01,quantile,0.75,79.0
2026-08-29,wk inc covid hosp,0,2026-08-29,01,quantile,0.8,84.0
2026-08-29,wk inc covid hosp,0,2026-08-29,01,quantile,0.85,90.0
2026-08-29,wk inc covid hosp,0,2026-08-29,01,quantile,0.9,98.0
2026-08-29,wk inc covid hosp,0,2026-08-29,01,quantile,0.95,111.0
2026-08-29,wk inc covid hosp,0,2026-08-29,01,quantile,0.975,123.0
2026-08-29,wk inc covid hosp,0,2026-08-29,01,quantile,0.99,138.0
2026-08-29,wk inc covid hosp,0,2026-08-29,02,quantile,0.01,0.0
2026-08-29,wk inc covid hosp,0,2026-08-29,02,quantile,0.025,0.0
2026-08-29,wk inc covid hosp,0,2026-08-29,02,quantile,0.05,0.0
2026-08-29,wk inc covid hosp,0,2026-08-29,02,quantile,0.1,0.0
2026-08-29,wk inc covid hosp,0,2026-08-29,02,quantile,0.15,0.0
2026-08-29,wk inc covid hosp,0,2026-08-29,02,quantile,0.2,0.0
2026-08-29,wk inc covid hosp,0,2026-08-29,02,quantile,0.25,0.0
2026-08-29,wk inc covid hosp,0,2026-08-29,02,quantile,0.3,0.0
2026-08-29,wk inc covid hosp,0,2026-08-29,02,quantile,0.35,0.0
2026-08-29,wk inc covid hosp,0,2026-08-29,02,quantile,0.4,0.0
2026-08-29,wk inc covid hosp,0,2026-08-29,02,quantile,0.45,0.0
2026-08-29,wk inc covid hosp,0,2026-08-29,02,quantile,0.5,0.0
2026-08-29,wk inc covid hosp,0,2026-08-29,02,quantile,0.55,0.0
2026-08-29,wk inc covid hosp,0,2026-08-29,02,quantile,0.6,0.0
2026-08-29,wk inc covid hosp,0,2026-08-29,02,quantile,0.65,0.0
2026-08-29,wk inc covid hosp,0,2026-08-29,02,quantile,0.7,0.0
2026-08-29,wk inc covid hosp,0,2026-08-29,02,quantile,0.75,0.0
2026-08-29,wk inc covid hosp,0,2026-08-29,02,quantile,0.8,1.0
2026-08-29,wk inc covid hosp,0,2026-08-29,02,quantile,0.85,2.0
2026-08-29,wk inc covid hosp,0,2026-08-29,02,quantile,0.9,4.0
2026-08-29,wk inc covid hosp,0,2026-08-29,02,quantile,0.95,8.0
2026-08-29,wk inc covid hosp,0,2026-08-29,02,quantile,0.975,14.0
2026-08-29,wk inc covid hosp,0,2026-08-29,02,quantile,0.99,23.0
2026-08-29,wk inc covid hosp,0,2026-08-29,04,quantile,0.01,4.0
2026-08-29,wk inc covid hosp,0,2026-08-29,04,quantile,0.025,7.0
2026-08-29,wk inc covid hosp,0,2026-08-29,04,quantile,0.05,11.0
2026-08-29,wk inc covid hosp,0,2026-08-29,04,quantile,0.1,16.0
2026-08-29,wk inc covid hosp,0,2026-08-29,04,quantile,0.15,20.0
2026-08-29,wk inc covid hosp,0,2026-08-29,04,quantile,0.2,24.0
2026-08-29,wk inc covid hosp,0,2026-08-29,04,quantile,0.25,28.0
2026-08-29,wk inc covid hosp,0,2026-08-29,04,quantile,0.3,32.0
2026-08-29,wk inc covid hosp,0,2026-08-29,04,quantile,0.35,36.0
2026-08-29,wk inc covid hosp,0,2026-08-29,04,quantile,0.4,40.0
2026-08-29,wk inc covid hosp,0,2026-08-29,04,quantile,0.45,44.0
2026-08-29,wk inc covid hosp,0,2026-08-29,04,quantile,0.5,48.0
2026-08-29,wk inc covid hosp,0,2026-08-29,04,quantile,0.55,53.0
2026-08-29,wk inc covid hosp,0,2026-08-29,04,quantile,0.6,58.0
2026-08-29,wk inc covid hosp,0,2026-08-29,04,quantile,0.65,63.0
2026-08-29,wk inc covid hosp,0,2026-08-29,04,quantile,0.7,69.0
2026-08-29,wk inc covid hosp,0,2026-08-29,04,quantile,0.75,76.0
2026-08-29,wk inc covid hosp,0,2026-08-29,04,quantile,0.8,84.0
2026-08-29,wk inc covid hosp,0,2026-08-29,04,quantile,0.85,94.0
2026-08-29,wk inc covid hosp,0,2026-08-29,04,quantile,0.9,108.0
2026-08-29,wk inc covid hosp,0,2026-08-29,04,quantile,0.95,131.0
2026-08-29,wk inc covid hosp,0,2026-08-29,04,quantile,0.975,153.0
2026-08-29,wk inc covid hosp,0,2026-08-29,04,quantile,0.99,181.0
2026-08-29,wk inc covid hosp,0,2026-08-29,05,quantile,0.01,0.0
2026-08-29,wk inc covid hosp,0,2026-08-29,05,quantile,0.025,0.0
2026-08-29,wk inc covid hosp,0,2026-08-29,05,quantile,0.05,0.0
2026-08-29,wk inc covid hosp,0,2026-08-29,05,quantile,0.1,0.0
2026-08-29,wk inc covid hosp,0,2026-08-29,05,quantile,0.15,0.0
2026-08-29,wk inc covid hosp,0,2026-08-29,05,quantile,0.2,0.0
2026-08-29,wk inc covid hosp,0,2026-08-29,05,quantile,0.25,0.0
2026-08-29,wk inc covid hosp,0,2026-08-29,05,quantile,0.3,0.0
2026-08-29,wk inc covid hosp,0,2026-08-29,05,quantile,0.35,0.0
2026-08-29,wk inc covid hosp,0,2026-08-29,05,quantile,0.4,0.0
2026-08-29,wk inc covid hosp,0,2026-08-29,05,quantile,0.45,0.0
2026-08-29,wk inc covid hosp,0,2026-08-29,05,quantile,0.5,0.0
2026-08-29,wk inc covid hosp,0,2026-08-29,05,quantile,0.55,0.0
2026-08-29,wk inc covid hosp,0,2026-08-29,05,quantile,0.6,0.0
2026-08-29,wk inc covid hosp,0,2026-08-29,05,quantile,0.65,0.0
2026-08-29,wk inc covid hosp,0,2026-08-29,05,quantile,0.7,1.0
2026-08-29,wk inc covid hosp,0,2026-08-29,05,quantile,0.75,2.0
2026-08-29,wk inc covid hosp,0,2026-08-29,05,quantile,0.8,4.0
2026-08-29,wk inc covid hosp,0,2026-08-29,05,quantile,0.85,9.0
2026-08-29,wk inc covid hosp,0,2026-08-29,05,quantile,0.9,17.0
2026-08-29,wk inc covid hosp,0,2026-08-29,05,quantile,0.95,38.0
2026-08-29,wk inc covid hosp,0,2026-08-29,05,quantile,0.975,63.0
2026-08-29,wk inc covid hosp,0,2026-08-29,05,quantile,0.99,103.0
2026-08-29,wk inc covid hosp,0,2026-08-29,06,quantile,0.01,157.0
2026-08-29,wk inc covid hosp,0,2026-08-29,06,quantile,0.025,194.0
2026-08-29,wk inc covid hosp,0,2026-08-29,06,quantile,0.05,229.0
2026-08-29,wk inc covid hosp,0,2026-08-29,06,quantile,0.1,276.0
2026-08-29,wk inc covid hosp,0,2026-08-29,06,quantile,0.15,311.0
2026-08-29,wk inc covid hosp,0,2026-08-29,06,quantile,0.2,341.0
2026-08-29,wk inc covid hosp,0,2026-08-29,06,quantile,0.25,368.0
2026-08-29,wk inc covid hosp,0,2026-08-29,06,quantile,0.3,394.0
2026-08-29,wk inc covid hosp,0,2026-08-29,06,quantile,0.35,418.0
2026-08-29,wk inc covid hosp,0,2026-08-29,06,quantile,0.4,443.0
2026-08-29,wk inc covid hosp,0,2026-08-29,06,quantile,0.45,467.0
2026-08-29,wk inc covid hosp,0,2026-08-29,06,quantile,0.5,492.0
2026-08-29,wk inc covid hosp,0,2026-08-29,06,quantile,0.55,518.0
2026-08-29,wk inc covid hosp,0,2026-08-29,06,quantile,0.6,546.0
2026-08-29,wk inc covid hosp,0,2026-08-29,06,quantile,0.65,575.0
2026-08-29,wk inc covid hosp,0,2026-08-29,06,quantile,0.7,607.0
2026-08-29,wk inc covid hosp,0,2026-08-29,06,quantile,0.75,642.0
2026-08-29,wk inc covid hosp,0,2026-08-29,06,quantile,0.8,683.0
2026-08-29,wk inc covid hosp,0,2026-08-29,06,quantile,0.85,734.0
2026-08-29,wk inc covid hosp,0,2026-08-29,06,quantile,0.9,800.0
2026-08-29,wk inc covid hosp,0,2026-08-29,06,quantile,0.95,905.0
2026-08-29,wk inc covid hosp,0,2026-08-29,06,quantile,0.975,1003.0
2026-08-29,wk inc covid hosp,0,2026-08-29,06,quantile,0.99,1126.0
2026-08-29,wk inc covid hosp,0,2026-08-29,08,quantile,0.01,0.0
2026-08-29,wk inc covid hosp,0,2026-08-29,08,quantile,0.025,1.0
2026-08-29,wk inc covid hosp,0,2026-08-29,08,quantile,0.05,2.0
2026-08-29,wk inc covid hosp,0,2026-08-29,08,quantile,0.1,4.0
2026-08-29,wk inc covid hosp,0,2026-08-29,08,quantile,0.15,6.0
2026-08-29,wk inc covid hosp,0,2026-08-29,08,quantile,0.2,9.0
2026-08-29,wk inc covid hosp,0,2026-08-29,08,quantile,0.25,11.0
2026-08-29,wk inc covid hosp,0,2026-08-29,08,quantile,0.3,13.0
2026-08-29,wk inc covid hosp,0,2026-08-29,08,quantile,0.35,16.0
2026-08-29,wk inc covid hosp,0,2026-08-29,08,quantile,0.4,18.0
2026-08-29,wk inc covid hosp,0,2026-08-29,08,quantile,0.45,21.0
2026-08-29,wk inc covid hosp,0,2026-08-29,08,quantile,0.5,24.0
2026-08-29,wk inc covid hosp,0,2026-08-29,08,quantile,0.55,28.0
2026-08-29,wk inc covid hosp,0,2026-08-29,08,quantile,0.6,31.0
2026-08-29,wk inc covid hosp,0,2026-08-29,08,quantile,0.65,35.0
2026-08-29,wk inc covid hosp,0,2026-08-29,08,quantile,0.7,40.0
2026-08-29,wk inc covid hosp,0,2026-08-29,08,quantile,0.75,46.0
2026-08-29,wk inc covid hosp,0,2026-08-29,08,quantile,0.8,52.0
2026-08-29,wk inc covid hosp,0,2026-08-29,08,quantile,0.85,61.0
2026-08-29,wk inc covid hosp,0,2026-08-29,08,quantile,0.9,73.0
2026-08-29,wk inc covid hosp,0,2026-08-29,08,quantile,0.95,93.0
2026-08-29,wk inc covid hosp,0,2026-08-29,08,quantile,0.975,114.0
2026-08-29,wk inc covid hosp,0,2026-08-29,08,quantile,0.99,140.0
2026-08-29,wk inc covid hosp,0,2026-08-29,09,quantile,0.01,0.0
2026-08-29,wk inc covid hosp,0,2026-08-29,09,quantile,0.025,0.0
2026-08-29,wk inc covid hosp,0,2026-08-29,09,quantile,0.05,0.0
2026-08-29,wk inc covid hosp,0,2026-08-29,09,quantile,0.1,0.0
2026-08-29,wk inc covid hosp,0,2026-08-29,09,quantile,0.15,0.0
2026-08-29,wk inc covid hosp,0,2026-08-29,09,quantile,0.2,1.0
2026-08-29,wk inc covid hosp,0,2026-08-29,09,quantile,0.25,1.0
2026-08-29,wk inc covid hosp,0,2026-08-29,09,quantile,0.3,2.0
2026-08-29,wk inc covid hosp,0,2026-08-29,09,quantile,0.35,3.0
2026-08-29,wk inc covid hosp,0,2026-08-29,09,quantile,0.4,4.0
2026-08-29,wk inc covid hosp,0,2026-08-29,09,quantile,0.45,5.0
2026-08-29,wk inc covid hosp,0,2026-08-29,09,quantile,0.5,6.0
2026-08-29,wk inc covid hosp,0,2026-08-29,09,quantile,0.55,8.0
2026-08-29,wk inc covid hosp,0,2026-08-29,09,quantile,0.6,10.0
2026-08-29,wk inc covid hosp,0,2026-08-29,09,quantile,0.65,12.0
2026-08-29,wk inc covid hosp,0,2026-08-29,09,quantile,0.7,15.0
2026-08-29,wk inc covid hosp,0,2026-08-29,09,quantile,0.75,18.0
2026-08-29,wk inc covid hosp,0,2026-08-29,09,quantile,0.8,23.0
2026-08-29,wk inc covid hosp,0,2026-08-29,09,quantile,0.85,28.0
2026-08-29,wk inc covid hosp,0,2026-08-29,09,quantile,0.9,37.0
2026-08-29,wk inc covid hosp,0,2026-08-29,09,quantile,0.95,52.0
2026-08-29,wk inc covid hosp,0,2026-08-29,09,quantile,0.975,67.0
2026-08-29,wk inc covid hosp,0,2026-08-29,09,quantile,0.99,88.0
2026-08-29,wk inc covid hosp,0,2026-08-29,10,quantile,0.01,0.0
2026-08-29,wk inc covid hosp,0,2026-08-29,10,quantile,0.025,0.0
2026-08-29,wk inc covid hosp,0,2026-08-29,10,quantile,0.05,0.0
2026-08-29,wk inc covid hosp,0,2026-08-29,10,quantile,0.1,0.0
2026-08-29,wk inc covid hosp,0,2026-08-29,10,quantile,0.15,0.0
2026-08-29,wk inc covid hosp,0,2026-08-29,10,quantile,0.2,0.0
2026-08-29,wk inc covid hosp,0,2026-08-29,10,quantile,0.25,0.0
2026-08-29,wk inc covid hosp,0,2026-08-29,10,quantile,0.3,0.0
2026-08-29,wk inc covid hosp,0,2026-08-29,10,quantile,0.35,0.0
2026-08-29,wk inc covid hosp,0,2026-08-29,10,quantile,0.4,0.0
2026-08-29,wk inc covid hosp,0,2026-08-29,10,quantile,0.45,0.0
2026-08-29,wk inc covid hosp,0,2026-08-29,10,quantile,0.5,0.0
2026-08-29,wk inc covid hosp,0,2026-08-29,10,quantile,0.55,0.0
2026-08-29,wk inc covid hosp,0,2026-08-29,10,quantile,0.6,0.0
2026-08-29,wk inc covid hosp,0,2026-08-29,10,quantile,0.65,0.0
2026-08-29,wk inc covid hosp,0,2026-08-29,10,quantile,0.7,0.0
2026-08-29,wk inc covid hosp,0,2026-08-29,10,quantile,0.75,0.0
2026-08-29,wk inc covid hosp,0,2026-08-29,10,quantile,0.8,0.0
2026-08-29,wk inc covid hosp,0,2026-08-29,10,quantile,0.85,0.0
2026-08-29,wk inc covid hosp,0,2026-08-29,10,quantile,0.9,0.0
2026-08-29,wk inc covid hosp,0,2026-08-29,10,quantile,0.95,0.0
2026-08-29,wk inc covid hosp,0,2026-08-29,10,quantile,0.975,0.0
2026-08-29,wk inc covid hosp,0,2026-08-29,10,quantile,0.99,0.0
2026-08-29,wk inc covid hosp,0,2026-08-29,11,quantile,0.01,0.0
2026-08-29,wk inc covid hosp,0,2026-08-29,11,quantile,0.025,0.0
2026-08-29,wk inc covid hosp,0,2026-08-29,11,quantile,0.05,0.0
2026-08-29,wk inc covid hosp,0,2026-08-29,11,quantile,0.1,0.0
2026-08-29,wk inc covid hosp,0,2026-08-29,11,quantile,0.15,0.0
2026-08-29,wk inc covid hosp,0,2026-08-29,11,quantile,0.2,0.0
2026-08-29,wk inc covid hosp,0,2026-08-29,11,quantile,0.25,0.0
2026-08-29,wk inc covid hosp,0,2026-08-29,11,quantile,0.3,0.0
2026-08-29,wk inc covid hosp,0,2026-08-29,11,quantile,0.35,0.0
2026-08-29,wk inc covid hosp,0,2026-08-29,11,quantile,0.4,0.0
2026-08-29,wk inc covid hosp,0,2026-08-29,11,quantile,0.45,0.0
2026-08-29,wk inc covid hosp,0,2026-08-29,11,quantile,0.5,0.0
2026-08-29,wk inc covid hosp,0,2026-08-29,11,quantile,0.55,0.0
2026-08-29,wk inc covid hosp,0,2026-08-29,11,quantile,0.6,0.0
2026-08-29,wk inc covid hosp,0,2026-08-29,11,quantile,0.65,0.0
2026-08-29,wk inc covid hosp,0,2026-08-29,11,quantile,0.7,0.0
2026-08-29,wk inc covid hosp,0,2026-08-29,11,quantile,0.75,0.0
2026-08-29,wk inc covid hosp,0,2026-08-29,11,quantile,0.8,0.0
2026-08-29,wk inc covid hosp,0,2026-08-29,11,quantile,0.85,0.0
2026-08-29,wk inc covid hosp,0,2026-08-29,11,quantile,0.9,0.0
2026-08-29,wk inc covid hosp,0,2026-08-29,11,quantile,0.95,0.0
2026-08-29,wk inc covid hosp,0,2026-08-29,11,quantile,0.975,0.0
2026-08-29,wk inc covid hosp,0,2026-08-29,11,quantile,0.99,0.0
2026-08-29,wk inc covid hosp,0,2026-08-29,12,quantile,0.01,90.0
2026-08-29,wk inc covid hosp,0,2026-08-29,12,quantile,0.025,110.0
2026-08-29,wk inc covid hosp,0,2026-08-29,12,quantile,0.05,130.0
2026-08-29,wk inc covid hosp,0,2026-08-29,12,quantile,0.1,155.0
2026-08-29,wk inc covid hosp,0,2026-08-29,12,quantile,0.15,175.0
2026-08-29,wk inc covid hosp,0,2026-08-29,12,quantile,0.2,191.0
2026-08-29,wk inc covid hosp,0,2026-08-29,12,quantile,0.25,206.0
2026-08-29,wk inc covid hosp,0,2026-08-29,12,quantile,0.3,220.0
2026-08-29,wk inc covid hosp,0,2026-08-29,12,quantile,0.35,233.0
2026-08-29,wk inc covid hosp,0,2026-08-29,12,quantile,0.4,247.0
2026-08-29,wk inc covid hosp,0,2026-08-29,12,quantile,0.45,260.0
2026-08-29,wk inc covid hosp,0,2026-08-29,12,quantile,0.5,274.0
2026-08-29,wk inc covid hosp,0,2026-08-29,12,quantile,0.55,288.0
2026-08-29,wk inc covid hosp,0,2026-08-29,12,quantile,0.6,303.0
2026-08-29,wk inc covid hosp,0,2026-08-29,12,quantile,0.65,319.0
2026-08-29,wk inc covid hosp,0,2026-08-29,12,quantile,0.7,336.0
2026-08-29,wk inc covid hosp,0,2026-08-29,12,quantile,0.75,355.0
2026-08-29,wk inc covid hosp,0,2026-08-29,12,quantile,0.8,378.0
2026-08-29,wk inc covid hosp,0,2026-08-29,12,quantile,0.85,405.0
2026-08-29,wk inc covid hosp,0,2026-08-29,12,quantile,0.9,441.0
2026-08-29,wk inc covid hosp,0,2026-08-29,12,quantile,0.95,497.0
2026-08-29,wk inc covid hosp,0,2026-08-29,12,quantile,0.975,550.0
2026-08-29,wk inc covid hosp,0,2026-08-29,12,quantile,0.99,616.0
2026-08-29,wk inc covid hosp,0,2026-08-29,13,quantile,0.01,8.0
2026-08-29,wk inc covid hosp,0,2026-08-29,13,quantile,0.025,13.0
2026-08-29,wk inc covid hosp,0,2026-08-29,13,quantile,0.05,19.0
2026-08-29,wk inc covid hosp,0,2026-08-29,13,quantile,0.1,27.0
2026-08-29,wk inc covid hosp,0,2026-08-29,13,quantile,0.15,34.0
2026-08-29,wk inc covid hosp,0,2026-08-29,13,quantile,0.2,40.0
2026-08-29,wk inc covid hosp,0,2026-08-29,13,quantile,0.25,46.0
2026-08-29,wk inc covid hosp,0,2026-08-29,13,quantile,0.3,52.0
2026-08-29,wk inc covid hosp,0,2026-08-29,13,quantile,0.35,58.0
2026-08-29,wk inc covid hosp,0,2026-08-29,13,quantile,0.4,63.0
2026-08-29,wk inc covid hosp,0,2026-08-29,13,quantile,0.45,69.0
2026-08-29,wk inc covid hosp,0,2026-08-29,13,quantile,0.5,76.0
2026-08-29,wk inc covid hosp,0,2026-08-29,13,quantile,0.55,82.0
2026-08-29,wk inc covid hosp,0,2026-08-29,13,quantile,0.6,90.0
2026-08-29,wk inc covid hosp,0,2026-08-29,13,quantile,0.65,98.0
2026-08-29,wk inc covid hosp,0,2026-08-29,13,quantile,0.7,106.0
2026-08-29,wk inc covid hosp,0,2026-08-29,13,quantile,0.75,116.0
2026-08-29,wk inc covid hosp,0,2026-08-29,13,quantile,0.8,128.0
2026-08-29,wk inc covid hosp,0,2026-08-29,13,quantile,0.85,143.0
2026-08-29,wk inc covid hosp,0,2026-08-29,13,quantile,0.9,163.0
2026-08-29,wk inc covid hosp,0,2026-08-29,13,quantile,0.95,195.0
2026-08-29,wk inc covid hosp,0,2026-08-29,13,quantile,0.975,227.0
2026-08-29,wk inc covid hosp,0,2026-08-29,13,quantile,0.99,267.0
2026-08-29,wk inc covid hosp,0,2026-08-29,15,quantile,0.01,0.0
2026-08-29,wk inc covid hosp,0,2026-08-29,15,quantile,0.025,0.0
2026-08-29,wk inc covid hosp,0,2026-08-29,15,quantile,0.05,1.0
2026-08-29,wk inc covid hosp,0,2026-08-29,15,quantile,0.1,2.0
2026-08-29,wk inc covid hosp,0,2026-08-29,15,quantile,0.15,3.0
2026-08-29,wk inc covid hosp,0,2026-08-29,15,quantile,0.2,4.0
2026-08-29,wk inc covid hosp,0,2026-08-29,15,quantile,0.25,4.0
2026-08-29,wk inc covid hosp,0,2026-08-29,15,quantile,0.3,5.0
2026-08-29,wk inc covid hosp,0,2026-08-29,15,quantile,0.35,6.0
2026-08-29,wk inc covid hosp,0,2026-08-29,15,quantile,0.4,6.0
2026-08-29,wk inc covid hosp,0,2026-08-29,15,quantile,0.45,7.0
2026-08-29,wk inc covid hosp,0,2026-08-29,15,quantile,0.5,8.0
2026-08-29,wk inc covid hosp,0,2026-08-29,15,quantile,0.55,9.0
2026-08-29,wk inc covid hosp,0,2026-08-29,15,quantile,0.6,10.0
2026-08-29,wk inc covid hosp,0,2026-08-29,15,quantile,0.65,11.0
2026-08-29,wk inc covid hosp,0,2026-08-29,15,quantile,0.7,12.0
2026-08-29,wk inc covid hosp,0,2026-08-29,15,quantile,0.75,13.0
2026-08-29,wk inc covid hosp,0,2026-08-29,15,quantile,0.8,15.0
2026-08-29,wk inc covid hosp,0,2026-08-29,15,quantile,0.85,17.0
2026-08-29,wk inc covid hosp,0,2026-08-29,15,quantile,0.9,20.0
2026-08-29,wk inc covid hosp,0,2026-08-29,15,quantile,0.95,24.0
2026-08-29,wk inc covid hosp,0,2026-08-29,15,quantile,0.975,29.0
2026-08-29,wk inc covid hosp,0,2026-08-29,15,quantile,0.99,34.0
2026-08-29,wk inc covid hosp,0,2026-08-29,16,quantile,0.01,0.0
2026-08-29,wk inc covid hosp,0,2026-08-29,16,quantile,0.025,0.0
2026-08-29,wk inc covid hosp,0,2026-08-29,16,quantile,0.05,0.0
2026-08-29,wk inc covid hosp,0,2026-08-29,16,quantile,0.1,0.0
2026-08-29,wk inc covid hosp,0,2026-08-29,16,quantile,0.15,0.0
2026-08-29,wk inc covid hosp,0,2026-08-29,16,quantile,0.2,0.0
2026-08-29,wk inc covid hosp,0,2026-08-29,16,quantile,0.25,0.0
2026-08-29,wk inc covid hosp,0,2026-08-29,16,quantile,0.3,1.0
2026-08-29,wk inc covid hosp,0,2026-08-29,16,quantile,0.35,1.0
2026-08-29,wk inc covid hosp,0,2026-08-29,16,quantile,0.4,1.0
2026-08-29,wk inc covid hosp,0,2026-08-29,16,quantile,0.45,2.0
2026-08-29,wk inc covid hosp,0,2026-08-29,16,quantile,0.5,3.0
2026-08-29,wk inc covid hosp,0,2026-08-29,16,quantile,0.55,3.0
2026-08-29,wk inc covid hosp,0,2026-08-29,16,quantile,0.6,4.0
2026-08-29,wk inc covid hosp,0,2026-08-29,16,quantile,0.65,5.0
2026-08-29,wk inc covid hosp,0,2026-08-29,16,quantile,0.7,7.0
2026-08-29,wk inc covid hosp,0,2026-08-29,16,quantile,0.75,8.0
2026-08-29,wk inc covid hosp,0,2026-08-29,16,quantile,0.8,10.0
2026-08-29,wk inc covid hosp,0,2026-08-29,16,quantile,0.85,13.0
2026-08-29,wk inc covid hosp,0,2026-08-29,16,quantile,0.9,18.0
2026-08-29,wk inc covid hosp,0,2026-08-29,16,quantile,0.95,25.0
2026-08-29,wk inc covid hosp,0,2026-08-29,16,quantile,0.975,33.0
2026-08-29,wk inc covid hosp,0,2026-08-29,16,quantile,0.99,44.0
2026-08-29,wk inc covid hosp,0,2026-08-29,17,quantile,0.01,0.0
2026-08-29,wk inc covid hosp,0,2026-08-29,17,quantile,0.025,0.0
2026-08-29,wk inc covid hosp,0,2026-08-29,17,quantile,0.05,0.0
2026-08-29,wk inc covid hosp,0,2026-08-29,17,quantile,0.1,0.0
2026-08-29,wk inc covid hosp,0,2026-08-29,17,quantile,0.15,0.0
2026-08-29,wk inc covid hosp,0,2026-08-29,17,quantile,0.2,0.0
2026-08-29,wk inc covid hosp,0,2026-08-29,17,quantile,0.25,0.0
2026-08-29,wk inc covid hosp,0,2026-08-29,17,quantile,0.3,0.0
2026-08-29,wk inc covid hosp,0,2026-08-29,17,quantile,0.35,0.0
2026-08-29,wk inc covid hosp,0,2026-08-29,17,quantile,0.4,1.0
2026-08-29,wk inc covid hosp,0,2026-08-29,17,quantile,0.45,1.0
2026-08-29,wk inc covid hosp,0,2026-08-29,17,quantile,0.5,2.0
2026-08-29,wk inc covid hosp,0,2026-08-29,17,quantile,0.55,4.0
2026-08-29,wk inc covid hosp,0,2026-08-29,17,quantile,0.6,7.0
2026-08-29,wk inc covid hosp,0,2026-08-29,17,quantile,0.65,10.0
2026-08-29,wk inc covid hosp,0,2026-08-29,17,quantile,0.7,16.0
2026-08-29,wk inc covid hosp,0,2026-08-29,17,quantile,0.75,24.0
2026-08-29,wk inc covid hosp,0,2026-08-29,17,quantile,0.8,37.0
2026-08-29,wk inc covid hosp,0,2026-08-29,17,quantile,0.85,56.0
2026-08-29,wk inc covid hosp,0,2026-08-29,17,quantile,0.9,88.0
2026-08-29,wk inc covid hosp,0,2026-08-29,17,quantile,0.95,152.0
2026-08-29,wk inc covid hosp,0,2026-08-29,17,quantile,0.975,225.0
2026-08-29,wk inc covid hosp,0,2026-08-29,17,quantile,0.99,332.0
2026-08-29,wk inc covid hosp,0,2026-08-29,18,quantile,0.01,0.0
2026-08-29,wk inc covid hosp,0,2026-08-29,18,quantile,0.025,0.0
2026-08-29,wk inc covid hosp,0,2026-08-29,18,quantile,0.05,0.0
2026-08-29,wk inc covid hosp,0,2026-08-29,18,quantile,0.1,0.0
2026-08-29,wk inc covid hosp,0,2026-08-29,18,quantile,0.15,0.0
2026-08-29,wk inc covid hosp,0,2026-08-29,18,quantile,0.2,0.0
2026-08-29,wk inc covid hosp,0,2026-08-29,18,quantile,0.25,0.0
2026-08-29,wk inc covid hosp,0,2026-08-29,18,quantile,0.3,0.0
2026-08-29,wk inc covid hosp,0,2026-08-29,18,quantile,0.35,0.0
2026-08-29,wk inc covid hosp,0,2026-08-29,18,quantile,0.4,0.0
2026-08-29,wk inc covid hosp,0,2026-08-29,18,quantile,0.45,0.0
2026-08-29,wk inc covid hosp,0,2026-08-29,18,quantile,0.5,0.0
2026-08-29,wk inc covid hosp,0,2026-08-29,18,quantile,0.55,0.0
2026-08-29,wk inc covid hosp,0,2026-08-29,18,quantile,0.6,0.0
2026-08-29,wk inc covid hosp,0,2026-08-29,18,quantile,0.65,0.0
2026-08-29,wk inc covid hosp,0,2026-08-29,18,quantile,0.7,0.0
2026-08-29,wk inc covid hosp,0,2026-08-29,18,quantile,0.75,0.0
2026-08-29,wk inc covid hosp,0,2026-08-29,18,quantile,0.8,0.0
2026-08-29,wk inc covid hosp,0,2026-08-29,18,quantile,0.85,0.0
2026-08-29,wk inc covid hosp,0,2026-08-29,18,quantile,0.9,0.0
2026-08-29,wk inc covid hosp,0,2026-08-29,18,quantile,0.95,0.0
2026-08-29,wk inc covid hosp,0,2026-08-29,18,quantile,0.975,0.0
2026-08-29,wk inc covid hosp,0,2026-08-29,18,quantile,0.99,0.0
2026-08-29,wk inc covid hosp,0,2026-08-29,19,quantile,0.01,0.0
2026-08-29,wk inc covid hosp,0,2026-08-29,19,quantile,0.025,0.0
2026-08-29,wk inc covid hosp,0,2026-08-29,19,quantile,0.05,0.0
2026-08-29,wk inc covid hosp,0,2026-08-29,19,quantile,0.1,0.0
2026-08-29,wk inc covid hosp,0,2026-08-29,19,quantile,0.15,0.0
2026-08-29,wk inc covid hosp,0,2026-08-29,19,quantile,0.2,0.0
2026-08-29,wk inc covid hosp,0,2026-08-29,19,quantile,0.25,0.0
2026-08-29,wk inc covid hosp,0,2026-08-29,19,quantile,0.3,0.0
2026-08-29,wk inc covid hosp,0,2026-08-29,19,quantile,0.35,0.0
2026-08-29,wk inc covid hosp,0,2026-08-29,19,quantile,0.4,0.0
2026-08-29,wk inc covid hosp,0,2026-08-29,19,quantile,0.45,0.0
2026-08-29,wk inc covid hosp,0,2026-08-29,19,quantile,0.5,0.0
2026-08-29,wk inc covid hosp,0,2026-08-29,19,quantile,0.55,0.0
2026-08-29,wk inc covid hosp,0,2026-08-29,19,quantile,0.6,0.0
2026-08-29,wk inc covid hosp,0,2026-08-29,19,quantile,0.65,0.0
2026-08-29,wk inc covid hosp,0,2026-08-29,19,quantile,0.7,0.0
2026-08-29,wk inc covid hosp,0,2026-08-29,19,quantile,0.75,0.0
2026-08-29,wk inc covid hosp,0,2026-08-29,19,quantile,0.8,0.0
2026-08-29,wk inc covid hosp,0,2026-08-29,19,quantile,0.85,0.0
2026-08-29,wk inc covid hosp,0,2026-08-29,19,quantile,0.9,0.0
2026-08-29,wk inc covid hosp,0,2026-08-29,19,quantile,0.95,0.0
2026-08-29,wk inc covid hosp,0,2026-08-29,19,quantile,0.975,0.0
2026-08-29,wk inc covid hosp,0,2026-08-29,19,quantile,0.99,0.0
2026-08-29,wk inc covid hosp,0,2026-08-29,20,quantile,0.01,0.0
2026-08-29,wk inc covid hosp,0,2026-08-29,20,quantile,0.025,0.0
2026-08-29,wk inc covid hosp,0,2026-08-29,20,quantile,0.05,0.0
2026-08-29,wk inc covid hosp,0,2026-08-29,20,quantile,0.1,0.0
2026-08-29,wk inc covid hosp,0,2026-08-29,20,quantile,0.15,0.0
2026-08-29,wk inc covid hosp,0,2026-08-29,20,quantile,0.2,0.0
2026-08-29,wk inc covid hosp,0,2026-08-29,20,quantile,0.25,0.0
2026-08-29,wk inc covid hosp,0,2026-08-29,20,quantile,0.3,0.0
2026-08-29,wk inc covid hosp,0,2026-08-29,20,quantile,0.35,0.0
2026-08-29,wk inc covid hosp,0,2026-08-29,20,quantile,0.4,0.0
2026-08-29,wk inc covid hosp,0,2026-08-29,20,quantile,0.45,0.0
2026-08-29,wk inc covid hosp,0,2026-08-29,20,quantile,0.5,1.0
2026-08-29,wk inc covid hosp,0,2026-08-29,20,quantile,0.55,1.0
2026-08-29,wk inc covid hosp,0,2026-08-29,20,quantile,0.6,2.0
2026-08-29,wk inc covid hosp,0,2026-08-29,20,quantile,0.65,3.0
2026-08-29,wk inc covid hosp,0,2026-08-29,20,quantile,0.7,4.0
2026-08-29,wk inc covid hosp,0,2026-08-29,20,quantile,0.75,6.0
2026-08-29,wk inc covid hosp,0,2026-08-29,20,quantile,0.8,9.0
2026-08-29,wk inc covid hosp,0,2026-08-29,20,quantile,0.85,14.0
2026-08-29,wk inc covid hosp,0,2026-08-29,20,quantile,0.9,21.0
2026-08-29,wk inc covid hosp,0,2026-08-29,20,quantile,0.95,36.0
2026-08-29,wk inc covid hosp,0,2026-08-29,20,quantile,0.975,52.0
2026-08-29,wk inc covid hosp,0,2026-08-29,20,quantile,0.99,76.0
2026-08-29,wk inc covid hosp,0,2026-08-29,21,quantile,0.01,0.0
2026-08-29,wk inc covid hosp,0,2026-08-29,21,quantile,0.025,0.0
2026-08-29,wk inc covid hosp,0,2026-08-29,21,quantile,0.05,0.0
2026-08-29,wk inc covid hosp,0,2026-08-29,21,quantile,0.1,0.0
2026-08-29,wk inc covid hosp,0,2026-08-29,21,quantile,0.15,0.0
2026-08-29,wk inc covid hosp,0,2026-08-29,21,quantile,0.2,0.0
2026-08-29,wk inc covid hosp,0,2026-08-29,21,quantile,0.25,0.0
2026-08-29,wk inc covid hosp,0,2026-08-29,21,quantile,0.3,0.0
2026-08-29,wk inc covid hosp,0,2026-08-29,21,quantile,0.35,0.0
2026-08-29,wk inc covid hosp,0,2026-08-29,21,quantile,0.4,0.0
2026-08-29,wk inc covid hosp,0,2026-08-29,21,quantile,0.45,0.0
2026-08-29,wk inc covid hosp,0,2026-08-29,21,quantile,0.5,0.0
2026-08-29,wk inc covid hosp,0,2026-08-29,21,quantile,0.55,0.0
2026-08-29,wk inc covid hosp,0,2026-08-29,21,quantile,0.6,0.0
2026-08-29,wk inc covid hosp,0,2026-08-29,21,quantile,0.65,1.0
2026-08-29,wk inc covid hosp,0,2026-08-29,21,quantile,0.7,1.0
2026-08-29,wk inc covid hosp,0,2026-08-29,21,quantile,0.75,3.0
2026-08-29,wk inc covid hosp,0,2026-08-29,21,quantile,0.8,6.0
2026-08-29,wk inc covid hosp,0,2026-08-29,21,quantile,0.85,11.0
2026-08-29,wk inc covid hosp,0,2026-08-29,21,quantile,0.9,22.0
2026-08-29,wk inc covid hosp,0,2026-08-29,21,quantile,0.95,47.0
2026-08-29,wk inc covid hosp,0,2026-08-29,21,quantile,0.975,80.0
2026-08-29,wk inc covid hosp,0,2026-08-29,21,quantile,0.99,130.0
2026-08-29,wk inc covid hosp,0,2026-08-29,22,quantile,0.01,30.0
2026-08-29,wk inc covid hosp,0,2026-08-29,22,quantile,0.025,35.0
2026-08-29,wk inc covid hosp,0,2026-08-29,22,quantile,0.05,40.0
2026-08-29,wk inc covid hosp,0,2026-08-29,22,quantile,0.1,46.0
2026-08-29,wk inc covid hosp,0,2026-08-29,22,quantile,0.15,51.0
2026-08-29,wk inc covid hosp,0,2026-08-29,22,quantile,0.2,55.0
2026-08-29,wk inc covid hosp,0,2026-08-29,22,quantile,0.25,58.0
2026-08-29,wk inc covid hosp,0,2026-08-29,22,quantile,0.3,61.0
2026-08-29,wk inc covid hosp,0,2026-08-29,22,quantile,0.35,64.0
2026-08-29,wk inc covid hosp,0,2026-08-29,22,quantile,0.4,67.0
2026-08-29,wk inc covid hosp,0,2026-08-29,22,quantile,0.45,70.0
2026-08-29,wk inc covid hosp,0,2026-08-29,22,quantile,0.5,73.0
2026-08-29,wk inc covid hosp,0,2026-08-29,22,quantile,0.55,76.0
2026-08-29,wk inc covid hosp,0,2026-08-29,22,quantile,0.6,80.0
2026-08-29,wk inc covid hosp,0,2026-08-29,22,quantile,0.65,83.0
2026-08-29,wk inc covid hosp,0,2026-08-29,22,quantile,0.7,87.0
2026-08-29,wk inc covid hosp,0,2026-08-29,22,quantile,0.75,91.0
2026-08-29,wk inc covid hosp,0,2026-08-29,22,quantile,0.8,96.0
2026-08-29,wk inc covid hosp,0,2026-08-29,22,quantile,0.85,101.0
2026-08-29,wk inc covid hosp,0,2026-08-29,22,quantile,0.9,109.0
2026-08-29,wk inc covid hosp,0,2026-08-29,22,quantile,0.95,120.0
2026-08-29,wk inc covid hosp,0,2026-08-29,22,quantile,0.975,131.0
2026-08-29,wk inc covid hosp,0,2026-08-29,22,quantile,0.99,144.0
2026-08-29,wk inc covid hosp,0,2026-08-29,23,quantile,0.01,0.0
2026-08-29,wk inc covid hosp,0,2026-08-29,23,quantile,0.025,0.0
2026-08-29,wk inc covid hosp,0,2026-08-29,23,quantile,0.05,0.0
2026-08-29,wk inc covid hosp,0,2026-08-29,23,quantile,0.1,0.0
2026-08-29,wk inc covid hosp,0,2026-08-29,23,quantile,0.15,0.0
2026-08-29,wk inc covid hosp,0,2026-08-29,23,quantile,0.2,0.0
2026-08-29,wk inc covid hosp,0,2026-08-29,23,quantile,0.25,0.0
2026-08-29,wk inc covid hosp,0,2026-08-29,23,quantile,0.3,0.0
2026-08-29,wk inc covid hosp,0,2026-08-29,23,quantile,0.35,0.0
2026-08-29,wk inc covid hosp,0,2026-08-29,23,quantile,0.4,0.0
2026-08-29,wk inc covid hosp,0,2026-08-29,23,quantile,0.45,0.0
2026-08-29,wk inc covid hosp,0,2026-08-29,23,quantile,0.5,0.0
2026-08-29,wk inc covid hosp,0,2026-08-29,23,quantile,0.55,0.0
2026-08-29,wk inc covid hosp,0,2026-08-29,23,quantile,0.6,0.0
2026-08-29,wk inc covid hosp,0,2026-08-29,23,quantile,0.65,0.0
2026-08-29,wk inc covid hosp,0,2026-08-29,23,quantile,0.7,0.0
2026-08-29,wk inc covid hosp,0,2026-08-29,23,quantile,0.75,0.0
2026-08-29,wk inc covid hosp,0,2026-08-29,23,quantile,0.8,0.0
2026-08-29,wk inc covid hosp,0,2026-08-29,23,quantile,0.85,0.0
2026-08-29,wk inc covid hosp,0,2026-08-29,23,quantile,0.9,0.0
2026-08-29,wk inc covid hosp,0,2026-08-29,23,quantile,0.95,0.0
2026-08-29,wk inc covid hosp,0,2026-08-29,23,quantile,0.975,0.0
2026-08-29,wk inc covid hosp,0,2026-08-29,23,quantile,0.99,0.0
2026-08-29,wk inc covid hosp,0,2026-08-29,24,quantile,0.01,0.0
2026-08-29,wk inc covid hosp,0,2026-08-29,24,quantile,0.025,0.0
2026-08-29,wk inc covid hosp,0,2026-08-29,24,quantile,0.05,0.0
2026-08-29,wk inc covid hosp,0,2026-08-29,24,quantile,0.1,0.0
2026-08-29,wk inc covid hosp,0,2026-08-29,24,quantile,0.15,0.0
2026-08-29,wk inc covid hosp,0,2026-08-29,24,quantile,0.2,0.0
2026-08-29,wk inc covid hosp,0,2026-08-29,24,quantile,0.25,0.0
2026-08-29,wk inc covid hosp,0,2026-08-29,24,quantile,0.3,0.0
2026-08-29,wk inc covid hosp,0,2026-08-29,24,quantile,0.35,0.0
2026-08-29,wk inc covid hosp,0,2026-08-29,24,quantile,0.4,0.0
2026-08-29,wk inc covid hosp,0,2026-08-29,24,quantile,0.45,0.0
2026-08-29,wk inc covid hosp,0,2026-08-29,24,quantile,0.5,0.0
2026-08-29,wk inc covid hosp,0,2026-08-29,24,quantile,0.55,0.0
2026-08-29,wk inc covid hosp,0,2026-08-29,24,quantile,0.6,0.0
2026-08-29,wk inc covid hosp,0,2026-08-29,24,quantile,0.65,1.0
2026-08-29,wk inc covid hosp,0,2026-08-29,24,quantile,0.7,2.0
2026-08-29,wk inc covid hosp,0,2026-08-29,24,quantile,0.75,5.0
2026-08-29,wk inc covid hosp,0,2026-08-29,24,quantile,0.8,9.0
2026-08-29,wk inc covid hosp,0,2026-08-29,24,quantile,0.85,18.0
2026-08-29,wk inc covid hosp,0,2026-08-29,24,quantile,0.9,35.0
2026-08-29,wk inc covid hosp,0,2026-08-29,24,quantile,0.95,77.0
2026-08-29,wk inc covid hosp,0,2026-08-29,24,quantile,0.975,129.0
2026-08-29,wk inc covid hosp,0,2026-08-29,24,quantile,0.99,210.0
2026-08-29,wk inc covid hosp,0,2026-08-29,25,quantile,0.01,0.0
2026-08-29,wk inc covid hosp,0,2026-08-29,25,quantile,0.025,0.0
2026-08-29,wk inc covid hosp,0,2026-08-29,25,quantile,0.05,0.0
2026-08-29,wk inc covid hosp,0,2026-08-29,25,quantile,0.1,0.0
2026-08-29,wk inc covid hosp,0,2026-08-29,25,quantile,0.15,0.0
2026-08-29,wk inc covid hosp,0,2026-08-29,25,quantile,0.2,0.0
2026-08-29,wk inc covid hosp,0,2026-08-29,25,quantile,0.25,0.0
2026-08-29,wk inc covid hosp,0,2026-08-29,25,quantile,0.3,0.0
2026-08-29,wk inc covid hosp,0,2026-08-29,25,quantile,0.35,0.0
2026-08-29,wk inc covid hosp,0,2026-08-29,25,quantile,0.4,0.0
2026-08-29,wk inc covid hosp,0,2026-08-29,25,quantile,0.45,0.0
2026-08-29,wk inc covid hosp,0,2026-08-29,25,quantile,0.5,0.0
2026-08-29,wk inc covid hosp,0,2026-08-29,25,quantile,0.55,1.0
2026-08-29,wk inc covid hosp,0,2026-08-29,25,quantile,0.6,1.0
2026-08-29,wk inc covid hosp,0,2026-08-29,25,quantile,0.65,3.0
2026-08-29,wk inc covid hosp,0,2026-08-29,25,quantile,0.7,5.0
2026-08-29,wk inc covid hosp,0,2026-08-29,25,quantile,0.75,8.0
2026-08-29,wk inc covid hosp,0,2026-08-29,25,quantile,0.8,14.0
2026-08-29,wk inc covid hosp,0,2026-08-29,25,quantile,0.85,23.0
2026-08-29,wk inc covid hosp,0,2026-08-29,25,quantile,0.9,40.0
2026-08-29,wk inc covid hosp,0,2026-08-29,25,quantile,0.95,76.0
2026-08-29,wk inc covid hosp,0,2026-08-29,25,quantile,0.975,119.0
2026-08-29,wk inc covid hosp,0,2026-08-29,25,quantile,0.99,182.0
2026-08-29,wk inc covid hosp,0,2026-08-29,26,quantile,0.01,52.0
2026-08-29,wk inc covid hosp,0,2026-08-29,26,quantile,0.025,62.0
2026-08-29,wk inc covid hosp,0,2026-08-29,26,quantile,0.05,72.0
2026-08-29,wk inc covid hosp,0,2026-08-29,26,quantile,0.1,85.0
2026-08-29,wk inc covid hosp,0,2026-08-29,26,quantile,0.15,94.0
2026-08-29,wk inc covid hosp,0,2026-08-29,26,quantile,0.2,102.0
2026-08-29,wk inc covid hosp,0,2026-08-29,26,quantile,0.25,110.0
2026-08-29,wk inc covid hosp,0,2026-08-29,26,quantile,0.3,116.0
2026-08-29,wk inc covid hosp,0,2026-08-29,26,quantile,0.35,123.0
2026-08-29,wk inc covid hosp,0,2026-08-29,26,quantile,0.4,129.0
2026-08-29,wk inc covid hosp,0,2026-08-29,26,quantile,0.45,135.0
2026-08-29,wk inc covid hosp,0,2026-08-29,26,quantile,0.5,142.0
2026-08-29,wk inc covid hosp,0,2026-08-29,26,quantile,0.55,148.0
2026-08-29,wk inc covid hosp,0,2026-08-29,26,quantile,0.6,155.0
2026-08-29,wk inc covid hosp,0,2026-08-29,26,quantile,0.65,162.0
2026-08-29,wk inc covid hosp,0,2026-08-29,26,quantile,0.7,170.0
2026-08-29,wk inc covid hosp,0,2026-08-29,26,quantile,0.75,179.0
2026-08-29,wk inc covid hosp,0,2026-08-29,26,quantile,0.8,190.0
2026-08-29,wk inc covid hosp,0,2026-08-29,26,quantile,0.85,202.0
2026-08-29,wk inc covid hosp,0,2026-08-29,26,quantile,0.9,218.0
2026-08-29,wk inc covid hosp,0,2026-08-29,26,quantile,0.95,244.0
2026-08-29,wk inc covid hosp,0,2026-08-29,26,quantile,0.975,268.0
2026-08-29,wk inc covid hosp,0,2026-08-29,26,quantile,0.99,297.0
2026-08-29,wk inc covid hosp,0,2026-08-29,27,quantile,0.01,0.0
2026-08-29,wk inc covid hosp,0,2026-08-29,27,quantile,0.025,0.0
2026-08-29,wk inc covid hosp,0,2026-08-29,27,quantile,0.05,0.0
2026-08-29,wk inc covid hosp,0,2026-08-29,27,quantile,0.1,0.0
2026-08-29,wk inc covid hosp,0,2026-08-29,27,quantile,0.15,0.0
2026-08-29,wk inc covid hosp,0,2026-08-29,27,quantile,0.2,0.0
2026-08-29,wk inc covid hosp,0,2026-08-29,27,quantile,0.25,0.0
2026-08-29,wk inc covid hosp,0,2026-08-29,27,quantile,0.3,0.0
2026-08-29,wk inc covid hosp,0,2026-08-29,27,quantile,0.35,0.0
2026-08-29,wk inc covid hosp,0,2026-08-29,27,quantile,0.4,0.0
2026-08-29,wk inc covid hosp,0,2026-08-29,27,quantile,0.45,0.0
2026-08-29,wk inc covid hosp,0,2026-08-29,27,quantile,0.5,1.0
2026-08-29,wk inc covid hosp,0,2026-08-29,27,quantile,0.55,2.0
2026-08-29,wk inc covid hosp,0,2026-08-29,27,quantile,0.6,3.0
2026-08-29,wk inc covid hosp,0,2026-08-29,27,quantile,0.65,4.0
2026-08-29,wk inc covid hosp,0,2026-08-29,27,quantile,0.7,7.0
2026-08-29,wk inc covid hosp,0,2026-08-29,27,quantile,0.75,10.0
2026-08-29,wk inc covid hosp,0,2026-08-29,27,quantile,0.8,16.0
2026-08-29,wk inc covid hosp,0,2026-08-29,27,quantile,0.85,24.0
2026-08-29,wk inc covid hosp,0,2026-08-29,27,quantile,0.9,38.0
2026-08-29,wk inc covid hosp,0,2026-08-29,27,quantile,0.95,67.0
2026-08-29,wk inc covid hosp,0,2026-08-29,27,quantile,0.975,100.0
2026-08-29,wk inc covid hosp,0,2026-08-29,27,quantile,0.99,148.0
2026-08-29,wk inc covid hosp,0,2026-08-29,28,quantile,0.01,3.0
2026-08-29,wk inc covid hosp,0,2026-08-29,28,quantile,0.025,4.0
2026-08-29,wk inc covid hosp,0,2026-08-29,28,quantile,0.05,6.0
2026-08-29,wk inc covid hosp,0,2026-08-29,28,quantile,0.1,9.0
2026-08-29,wk inc covid hosp,0,2026-08-29,28,quantile,0.15,11.0
2026-08-29,wk inc covid hosp,0,2026-08-29,28,quantile,0.2,13.0
2026-08-29,wk inc covid hosp,0,2026-08-29,28,quantile,0.25,15.0
2026-08-29,wk inc covid hosp,0,2026-08-29,28,quantile,0.3,16.0
2026-08-29,wk inc covid hosp,0,2026-08-29,28,quantile,0.35,18.0
2026-08-29,wk inc covid hosp,0,2026-08-29,28,quantile,0.4,20.0
2026-08-29,wk inc covid hosp,0,2026-08-29,28,quantile,0.45,22.0
2026-08-29,wk inc covid hosp,0,2026-08-29,28,quantile,0.5,23.0
2026-08-29,wk inc covid hosp,0,2026-08-29,28,quantile,0.55,25.0
2026-08-29,wk inc covid hosp,0,2026-08-29,28,quantile,0.6,27.0
2026-08-29,wk inc covid hosp,0,2026-08-29,28,quantile,0.65,30.0
2026-08-29,wk inc covid hosp,0,2026-08-29,28,quantile,0.7,32.0
2026-08-29,wk inc covid hosp,0,2026-08-29,28,quantile,0.75,35.0
2026-08-29,wk inc covid hosp,0,2026-08-29,28,quantile,0.8,38.0
2026-08-29,wk inc covid hosp,0,2026-08-29,28,quantile,0.85,42.0
2026-08-29,wk inc covid hosp,0,2026-08-29,28,quantile,0.9,47.0
2026-08-29,wk inc covid hosp,0,2026-08-29,28,quantile,0.95,56.0
2026-08-29,wk inc covid hosp,0,2026-08-29,28,quantile,0.975,65.0
2026-08-29,wk inc covid hosp,0,2026-08-29,28,quantile,0.99,75.0
2026-08-29,wk inc covid hosp,0,2026-08-29,29,quantile,0.01,0.0
2026-08-29,wk inc covid hosp,0,2026-08-29,29,quantile,0.025,0.0
2026-08-29,wk inc covid hosp,0,2026-08-29,29,quantile,0.05,0.0
2026-08-29,wk inc covid hosp,0,2026-08-29,29,quantile,0.1,0.0
2026-08-29,wk inc covid hosp,0,2026-08-29,29,quantile,0.15,0.0
2026-08-29,wk inc covid hosp,0,2026-08-29,29,quantile,0.2,0.0
2026-08-29,wk inc covid hosp,0,2026-08-29,29,quantile,0.25,0.0
2026-08-29,wk inc covid hosp,0,2026-08-29,29,quantile,0.3,0.0
2026-08-29,wk inc covid hosp,0,2026-08-29,29,quantile,0.35,0.0
2026-08-29,wk inc covid hosp,0,2026-08-29,29,quantile,0.4,0.0
2026-08-29,wk inc covid hosp,0,2026-08-29,29,quantile,0.45,0.0
2026-08-29,wk inc covid hosp,0,2026-08-29,29,quantile,0.5,1.0
2026-08-29,wk inc covid hosp,0,2026-08-29,29,quantile,0.55,2.0
2026-08-29,wk inc covid hosp,0,2026-08-29,29,quantile,0.6,4.0
2026-08-29,wk inc covid hosp,0,2026-08-29,29,quantile,0.65,10.0
2026-08-29,wk inc covid hosp,0,2026-08-29,29,quantile,0.7,20.0
2026-08-29,wk inc covid hosp,0,2026-08-29,29,quantile,0.75,41.0
2026-08-29,wk inc covid hosp,0,2026-08-29,29,quantile,0.8,81.0
2026-08-29,wk inc covid hosp,0,2026-08-29,29,quantile,0.85,156.0
2026-08-29,wk inc covid hosp,0,2026-08-29,29,quantile,0.9,309.0
2026-08-29,wk inc covid hosp,0,2026-08-29,29,quantile,0.95,674.0
2026-08-29,wk inc covid hosp,0,2026-08-29,29,quantile,0.975,1136.0
2026-08-29,wk inc covid hosp,0,2026-08-29,29,quantile,0.99,1845.0
2026-08-29,wk inc covid hosp,0,2026-08-29,30,quantile,0.01,0.0
2026-08-29,wk inc covid hosp,0,2026-08-29,30,quantile,0.025,0.0
2026-08-29,wk inc covid hosp,0,2026-08-29,30,quantile,0.05,0.0
2026-08-29,wk inc covid hosp,0,2026-08-29,30,quantile,0.1,0.0
2026-08-29,wk inc covid hosp,0,2026-08-29,30,quantile,0.15,0.0
2026-08-29,wk inc covid hosp,0,2026-08-29,30,quantile,0.2,0.0
2026-08-29,wk inc covid hosp,0,2026-08-29,30,quantile,0.25,0.0
2026-08-29,wk inc covid hosp,0,2026-08-29,30,quantile,0.3,0.0
2026-08-29,wk inc covid hosp,0,2026-08-29,30,quantile,0.35,0.0
2026-08-29,wk inc covid hosp,0,2026-08-29,30,quantile,0.4,0.0
2026-08-29,wk inc covid hosp,0,2026-08-29,30,quantile,0.45,0.0
2026-08-29,wk inc covid hosp,0,2026-08-29,30,quantile,0.5,0.0
2026-08-29,wk inc covid hosp,0,2026-08-29,30,quantile,0.55,0.0
2026-08-29,wk inc covid hosp,0,2026-08-29,30,quantile,0.6,0.0
2026-08-29,wk inc covid hosp,0,2026-08-29,30,quantile,0.65,0.0
2026-08-29,wk inc covid hosp,0,2026-08-29,30,quantile,0.7,0.0
2026-08-29,wk inc covid hosp,0,2026-08-29,30,quantile,0.75,0.0
2026-08-29,wk inc covid hosp,0,2026-08-29,30,quantile,0.8,0.0
2026-08-29,wk inc covid hosp,0,2026-08-29,30,quantile,0.85,0.0
2026-08-29,wk inc covid hosp,0,2026-08-29,30,quantile,0.9,0.0
2026-08-29,wk inc covid hosp,0,2026-08-29,30,quantile,0.95,0.0
2026-08-29,wk inc covid hosp,0,2026-08-29,30,quantile,0.975,0.0
2026-08-29,wk inc covid hosp,0,2026-08-29,30,quantile,0.99,0.0
2026-08-29,wk inc covid hosp,0,2026-08-29,31,quantile,0.01,0.0
2026-08-29,wk inc covid hosp,0,2026-08-29,31,quantile,0.025,0.0
2026-08-29,wk inc covid hosp,0,2026-08-29,31,quantile,0.05,0.0
2026-08-29,wk inc covid hosp,0,2026-08-29,31,quantile,0.1,1.0
2026-08-29,wk inc covid hosp,0,2026-08-29,31,quantile,0.15,2.0
2026-08-29,wk inc covid hosp,0,2026-08-29,31,quantile,0.2,2.0
2026-08-29,wk inc covid hosp,0,2026-08-29,31,quantile,0.25,3.0
2026-08-29,wk inc covid hosp,0,2026-08-29,31,quantile,0.3,4.0
2026-08-29,wk inc covid hosp,0,2026-08-29,31,quantile,0.35,5.0
2026-08-29,wk inc covid hosp,0,2026-08-29,31,quantile,0.4,6.0
2026-08-29,wk inc covid hosp,0,2026-08-29,31,quantile,0.45,7.0
2026-08-29,wk inc covid hosp,0,2026-08-29,31,quantile,0.5,8.0
2026-08-29,wk inc covid hosp,0,2026-08-29,31,quantile,0.55,9.0
2026-08-29,wk inc covid hosp,0,2026-08-29,31,quantile,0.6,10.0
2026-08-29,wk inc covid hosp,0,2026-08-29,31,quantile,0.65,11.0
2026-08-29,wk inc covid hosp,0,2026-08-29,31,quantile,0.7,13.0
2026-08-29,wk inc covid hosp,0,2026-08-29,31,quantile,0.75,15.0
2026-08-29,wk inc covid hosp,0,2026-08-29,31,quantile,0.8,17.0
2026-08-29,wk inc covid hosp,0,2026-08-29,31,quantile,0.85,20.0
2026-08-29,wk inc covid hosp,0,2026-08-29,31,quantile,0.9,24.0
2026-08-29,wk inc covid hosp,0,2026-08-29,31,quantile,0.95,31.0
2026-08-29,wk inc covid hosp,0,2026-08-29,31,quantile,0.975,38.0
2026-08-29,wk inc covid hosp,0,2026-08-29,31,quantile,0.99,47.0
2026-08-29,wk inc covid hosp,0,2026-08-29,32,quantile,0.01,0.0
2026-08-29,wk inc covid hosp,0,2026-08-29,32,quantile,0.025,0.0
2026-08-29,wk inc covid hosp,0,2026-08-29,32,quantile,0.05,0.0
2026-08-29,wk inc covid hosp,0,2026-08-29,32,quantile,0.1,0.0
2026-08-29,wk inc covid hosp,0,2026-08-29,32,quantile,0.15,0.0
2026-08-29,wk inc covid hosp,0,2026-08-29,32,quantile,0.2,0.0
2026-08-29,wk inc covid hosp,0,2026-08-29,32,quantile,0.25,0.0
2026-08-29,wk inc covid hosp,0,2026-08-29,32,quantile,0.3,0.0
2026-08-29,wk inc covid hosp,0,2026-08-29,32,quantile,0.35,0.0
2026-08-29,wk inc covid hosp,0,2026-08-29,32,quantile,0.4,0.0
2026-08-29,wk inc covid hosp,0,2026-08-29,32,quantile,0.45,0.0
2026-08-29,wk inc covid hosp,0,2026-08-29,32,quantile,0.5,0.0
2026-08-29,wk inc covid hosp,0,2026-08-29,32,quantile,0.55,0.0
2026-08-29,wk inc covid hosp,0,2026-08-29,32,quantile,0.6,0.0
2026-08-29,wk inc covid hosp,0,2026-08-29,32,quantile,0.65,1.0
2026-08-29,wk inc covid hosp,0,2026-08-29,32,quantile,0.7,2.0
2026-08-29,wk inc covid hosp,0,2026-08-29,32,quantile,0.75,3.0
2026-08-29,wk inc covid hosp,0,2026-08-29,32,quantile,0.8,6.0
2026-08-29,wk inc covid hosp,0,2026-08-29,32,quantile,0.85,13.0
2026-08-29,wk inc covid hosp,0,2026-08-29,32,quantile,0.9,25.0
2026-08-29,wk inc covid hosp,0,2026-08-29,32,quantile,0.95,54.0
2026-08-29,wk inc covid hosp,0,2026-08-29,32,quantile,0.975,92.0
2026-08-29,wk inc covid hosp,0,2026-08-29,32,quantile,0.99,149.0
2026-08-29,wk inc covid hosp,0,2026-08-29,33,quantile,0.01,0.0
2026-08-29,wk inc covid hosp,0,2026-08-29,33,quantile,0.025,0.0
2026-08-29,wk inc covid hosp,0,2026-08-29,33,quantile,0.05,0.0
2026-08-29,wk inc covid hosp,0,2026-08-29,33,quantile,0.1,0.0
2026-08-29,wk inc covid hosp,0,2026-08-29,33,quantile,0.15,0.0
2026-08-29,wk inc covid hosp,0,2026-08-29,33,quantile,0.2,0.0
2026-08-29,wk inc covid hosp,0,2026-08-29,33,quantile,0.25,0.0
2026-08-29,wk inc covid hosp,0,2026-08-29,33,quantile,0.3,0.0
2026-08-29,wk inc covid hosp,0,2026-08-29,33,quantile,0.35,0.0
2026-08-29,wk inc covid hosp,0,2026-08-29,33,quantile,0.4,0.0
2026-08-29,wk inc covid hosp,0,2026-08-29,33,quantile,0.45,0.0
2026-08-29,wk inc covid hosp,0,2026-08-29,33,quantile,0.5,0.0
2026-08-29,wk inc covid hosp,0,2026-08-29,33,quantile,0.55,0.0
2026-08-29,wk inc covid hosp,0,2026-08-29,33,quantile,0.6,0.0
2026-08-29,wk inc covid hosp,0,2026-08-29,33,quantile,0.65,1.0
2026-08-29,wk inc covid hosp,0,2026-08-29,33,quantile,0.7,1.0
2026-08-29,wk inc covid hosp,0,2026-08-29,33,quantile,0.75,2.0
2026-08-29,wk inc covid hosp,0,2026-08-29,33,quantile,0.8,3.0
2026-08-29,wk inc covid hosp,0,2026-08-29,33,quantile,0.85,5.0
2026-08-29,wk inc covid hosp,0,2026-08-29,33,quantile,0.9,9.0
2026-08-29,wk inc covid hosp,0,2026-08-29,33,quantile,0.95,16.0
2026-08-29,wk inc covid hosp,0,2026-08-29,33,quantile,0.975,24.0
2026-08-29,wk inc covid hosp,0,2026-08-29,33,quantile,0.99,36.0
2026-08-29,wk inc covid hosp,0,2026-08-29,34,quantile,0.01,28.0
2026-08-29,wk inc covid hosp,0,2026-08-29,34,quantile,0.025,35.0
2026-08-29,wk inc covid hosp,0,2026-08-29,34,quantile,0.05,43.0
2026-08-29,wk inc covid hosp,0,2026-08-29,34,quantile,0.1,53.0
2026-08-29,wk inc covid hosp,0,2026-08-29,34,quantile,0.15,61.0
2026-08-29,wk inc covid hosp,0,2026-08-29,34,quantile,0.2,67.0
2026-08-29,wk inc covid hosp,0,2026-08-29,34,quantile,0.25,73.0
2026-08-29,wk inc covid hosp,0,2026-08-29,34,quantile,0.3,79.0
2026-08-29,wk inc covid hosp,0,2026-08-29,34,quantile,0.35,84.0
2026-08-29,wk inc covid hosp,0,2026-08-29,34,quantile,0.4,90.0
2026-08-29,wk inc covid hosp,0,2026-08-29,34,quantile,0.45,95.0
2026-08-29,wk inc covid hosp,0,2026-08-29,34,quantile,0.5,101.0
2026-08-29,wk inc covid hosp,0,2026-08-29,34,quantile,0.55,107.0
2026-08-29,wk inc covid hosp,0,2026-08-29,34,quantile,0.6,113.0
2026-08-29,wk inc covid hosp,0,2026-08-29,34,quantile,0.65,119.0
2026-08-29,wk inc covid hosp,0,2026-08-29,34,quantile,0.7,127.0
2026-08-29,wk inc covid hosp,0,2026-08-29,34,quantile,0.75,135.0
2026-08-29,wk inc covid hosp,0,2026-08-29,34,quantile,0.8,144.0
2026-08-29,wk inc covid hosp,0,2026-08-29,34,quantile,0.85,155.0
2026-08-29,wk inc covid hosp,0,2026-08-29,34,quantile,0.9,170.0
2026-08-29,wk inc covid hosp,0,2026-08-29,34,quantile,0.95,195.0
2026-08-29,wk inc covid hosp,0,2026-08-29,34,quantile,0.975,217.0
2026-08-29,wk inc covid hosp,0,2026-08-29,34,quantile,0.99,245.0
2026-08-29,wk inc covid hosp,0,2026-08-29,35,quantile,0.01,0.0
2026-08-29,wk inc covid hosp,0,2026-08-29,35,quantile,0.025,0.0
2026-08-29,wk inc covid hosp,0,2026-08-29,35,quantile,0.05,1.0
2026-08-29,wk inc covid hosp,0,2026-08-29,35,quantile,0.1,2.0
2026-08-29,wk inc covid hosp,0,2026-08-29,35,quantile,0.15,3.0
2026-08-29,wk inc covid hosp,0,2026-08-29,35,quantile,0.2,4.0
2026-08-29,wk inc covid hosp,0,2026-08-29,35,quantile,0.25,5.0
2026-08-29,wk inc covid hosp,0,2026-08-29,35,quantile,0.3,6.0
2026-08-29,wk inc covid hosp,0,2026-08-29,35,quantile,0.35,7.0
2026-08-29,wk inc covid hosp,0,2026-08-29,35,quantile,0.4,8.0
2026-08-29,wk inc covid hosp,0,2026-08-29,35,quantile,0.45,9.0
2026-08-29,wk inc covid hosp,0,2026-08-29,35,quantile,0.5,10.0
2026-08-29,wk inc covid hosp,0,2026-08-29,35,quantile,0.55,11.0
2026-08-29,wk inc covid hosp,0,2026-08-29,35,quantile,0.6,13.0
2026-08-29,wk inc covid hosp,0,2026-08-29,35,quantile,0.65,14.0
2026-08-29,wk inc covid hosp,0,2026-08-29,35,quantile,0.7,16.0
2026-08-29,wk inc covid hosp,0,2026-08-29,35,quantile,0.75,18.0
2026-08-29,wk inc covid hosp,0,2026-08-29,35,quantile,0.8,20.0
2026-08-29,wk inc covid hosp,0,2026-08-29,35,quantile,0.85,23.0
2026-08-29,wk inc covid hosp,0,2026-08-29,35,quantile,0.9,28.0
2026-08-29,wk inc covid hosp,0,2026-08-29,35,quantile,0.95,35.0
2026-08-29,wk inc covid hosp,0,2026-08-29,35,quantile,0.975,42.0
2026-08-29,wk inc covid hosp,0,2026-08-29,35,quantile,0.99,51.0
2026-08-29,wk inc covid hosp,0,2026-08-29,36,quantile,0.01,5.0
2026-08-29,wk inc covid hosp,0,2026-08-29,36,quantile,0.025,9.0
2026-08-29,wk inc covid hosp,0,2026-08-29,36,quantile,0.05,15.0
2026-08-29,wk inc covid hosp,0,2026-08-29,36,quantile,0.1,26.0
2026-08-29,wk inc covid hosp,0,2026-08-29,36,quantile,0.15,35.0
2026-08-29,wk inc covid hosp,0,2026-08-29,36,quantile,0.2,44.0
2026-08-29,wk inc covid hosp,0,2026-08-29,36,quantile,0.25,53.0
2026-08-29,wk inc covid hosp,0,2026-08-29,36,quantile,0.3,62.0
2026-08-29,wk inc covid hosp,0,2026-08-29,36,quantile,0.35,71.0
2026-08-29,wk inc covid hosp,0,2026-08-29,36,quantile,0.4,81.0
2026-08-29,wk inc covid hosp,0,2026-08-29,36,quantile,0.45,91.0
2026-08-29,wk inc covid hosp,0,2026-08-29,36,quantile,0.5,102.0
2026-08-29,wk inc covid hosp,0,2026-08-29,36,quantile,0.55,114.0
2026-08-29,wk inc covid hosp,0,2026-08-29,36,quantile,0.6,127.0
2026-08-29,wk inc covid hosp,0,2026-08-29,36,quantile,0.65,141.0
2026-08-29,wk inc covid hosp,0,2026-08-29,36,quantile,0.7,157.0
2026-08-29,wk inc covid hosp,0,2026-08-29,36,quantile,0.75,176.0
2026-08-29,wk inc covid hosp,0,2026-08-29,36,quantile,0.8,198.0
2026-08-29,wk inc covid hosp,0,2026-08-29,36,quantile,0.85,226.0
2026-08-29,wk inc covid hosp,0,2026-08-29,36,quantile,0.9,265.0
2026-08-29,wk inc covid hosp,0,2026-08-29,36,quantile,0.95,331.0
2026-08-29,wk inc covid hosp,0,2026-08-29,36,quantile,0.975,394.0
2026-08-29,wk inc covid hosp,0,2026-08-29,36,quantile,0.99,477.0
2026-08-29,wk inc covid hosp,0,2026-08-29,37,quantile,0.01,60.0
2026-08-29,wk inc covid hosp,0,2026-08-29,37,quantile,0.025,71.0
2026-08-29,wk inc covid hosp,0,2026-08-29,37,quantile,0.05,82.0
2026-08-29,wk inc covid hosp,0,2026-08-29,37,quantile,0.1,95.0
2026-08-29,wk inc covid hosp,0,2026-08-29,37,quantile,0.15,105.0
2026-08-29,wk inc covid hosp,0,2026-08-29,37,quantile,0.2,114.0
2026-08-29,wk inc covid hosp,0,2026-08-29,37,quantile,0.25,121.0
2026-08-29,wk inc covid hosp,0,2026-08-29,37,quantile,0.3,128.0
2026-08-29,wk inc covid hosp,0,2026-08-29,37,quantile,0.35,135.0
2026-08-29,wk inc covid hosp,0,2026-08-29,37,quantile,0.4,142.0
2026-08-29,wk inc covid hosp,0,2026-08-29,37,quantile,0.45,149.0
2026-08-29,wk inc covid hosp,0,2026-08-29,37,quantile,0.5,155.0
2026-08-29,wk inc covid hosp,0,2026-08-29,37,quantile,0.55,162.0
2026-08-29,wk inc covid hosp,0,2026-08-29,37,quantile,0.6,169.0
2026-08-29,wk inc covid hosp,0,2026-08-29,37,quantile,0.65,177.0
2026-08-29,wk inc covid hosp,0,2026-08-29,37,quantile,0.7,185.0
2026-08-29,wk inc covid hosp,0,2026-08-29,37,quantile,0.75,195.0
2026-08-29,wk inc covid hosp,0,2026-08-29,37,quantile,0.8,205.0
2026-08-29,wk inc covid hosp,0,2026-08-29,37,quantile,0.85,218.0
2026-08-29,wk inc covid hosp,0,2026-08-29,37,quantile,0.9,235.0
2026-08-29,wk inc covid hosp,0,2026-08-29,37,quantile,0.95,262.0
2026-08-29,wk inc covid hosp,0,2026-08-29,37,quantile,0.975,287.0
2026-08-29,wk inc covid hosp,0,2026-08-29,37,quantile,0.99,317.0
2026-08-29,wk inc covid hosp,0,2026-08-29,38,quantile,0.01,0.0
2026-08-29,wk inc covid hosp,0,2026-08-29,38,quantile,0.025,0.0
2026-08-29,wk inc covid hosp,0,2026-08-29,38,quantile,0.05,0.0
2026-08-29,wk inc covid hosp,0,2026-08-29,38,quantile,0.1,0.0
2026-08-29,wk inc covid hosp,0,2026-08-29,38,quantile,0.15,0.0
2026-08-29,wk inc covid hosp,0,2026-08-29,38,quantile,0.2,0.0
2026-08-29,wk inc covid hosp,0,2026-08-29,38,quantile,0.25,0.0
2026-08-29,wk inc covid hosp,0,2026-08-29,38,quantile,0.3,0.0
2026-08-29,wk inc covid hosp,0,2026-08-29,38,quantile,0.35,0.0
2026-08-29,wk inc covid hosp,0,2026-08-29,38,quantile,0.4,0.0
2026-08-29,wk inc covid hosp,0,2026-08-29,38,quantile,0.45,0.0
2026-08-29,wk inc covid hosp,0,2026-08-29,38,quantile,0.5,0.0
2026-08-29,wk inc covid hosp,0,2026-08-29,38,quantile,0.55,0.0
2026-08-29,wk inc covid hosp,0,2026-08-29,38,quantile,0.6,0.0
2026-08-29,wk inc covid hosp,0,2026-08-29,38,quantile,0.65,0.0
2026-08-29,wk inc covid hosp,0,2026-08-29,38,quantile,0.7,0.0
2026-08-29,wk inc covid hosp,0,2026-08-29,38,quantile,0.75,0.0
2026-08-29,wk inc covid hosp,0,2026-08-29,38,quantile,0.8,0.0
2026-08-29,wk inc covid hosp,0,2026-08-29,38,quantile,0.85,0.0
2026-08-29,wk inc covid hosp,0,2026-08-29,38,quantile,0.9,0.0
2026-08-29,wk inc covid hosp,0,2026-08-29,38,quantile,0.95,0.0
2026-08-29,wk inc covid hosp,0,2026-08-29,38,quantile,0.975,0.0
2026-08-29,wk inc covid hosp,0,2026-08-29,38,quantile,0.99,0.0
2026-08-29,wk inc covid hosp,0,2026-08-29,39,quantile,0.01,0.0
2026-08-29,wk inc covid hosp,0,2026-08-29,39,quantile,0.025,0.0
2026-08-29,wk inc covid hosp,0,2026-08-29,39,quantile,0.05,0.0
2026-08-29,wk inc covid hosp,0,2026-08-29,39,quantile,0.1,0.0
2026-08-29,wk inc covid hosp,0,2026-08-29,39,quantile,0.15,0.0
2026-08-29,wk inc covid hosp,0,2026-08-29,39,quantile,0.2,0.0
2026-08-29,wk inc covid hosp,0,2026-08-29,39,quantile,0.25,0.0
2026-08-29,wk inc covid hosp,0,2026-08-29,39,quantile,0.3,0.0
2026-08-29,wk inc covid hosp,0,2026-08-29,39,quantile,0.35,0.0
2026-08-29,wk inc covid hosp,0,2026-08-29,39,quantile,0.4,0.0
2026-08-29,wk inc covid hosp,0,2026-08-29,39,quantile,0.45,0.0
2026-08-29,wk inc covid hosp,0,2026-08-29,39,quantile,0.5,0.0
2026-08-29,wk inc covid hosp,0,2026-08-29,39,quantile,0.55,0.0
2026-08-29,wk inc covid hosp,0,2026-08-29,39,quantile,0.6,1.0
2026-08-29,wk inc covid hosp,0,2026-08-29,39,quantile,0.65,2.0
2026-08-29,wk inc covid hosp,0,2026-08-29,39,quantile,0.7,4.0
2026-08-29,wk inc covid hosp,0,2026-08-29,39,quantile,0.75,8.0
2026-08-29,wk inc covid hosp,0,2026-08-29,39,quantile,0.8,16.0
2026-08-29,wk inc covid hosp,0,2026-08-29,39,quantile,0.85,31.0
2026-08-29,wk inc covid hosp,0,2026-08-29,39,quantile,0.9,61.0
2026-08-29,wk inc covid hosp,0,2026-08-29,39,quantile,0.95,133.0
2026-08-29,wk inc covid hosp,0,2026-08-29,39,quantile,0.975,224.0
2026-08-29,wk inc covid hosp,0,2026-08-29,39,quantile,0.99,364.0
2026-08-29,wk inc covid hosp,0,2026-08-29,40,quantile,0.01,0.0
2026-08-29,wk inc covid hosp,0,2026-08-29,40,quantile,0.025,0.0
2026-08-29,wk inc covid hosp,0,2026-08-29,40,quantile,0.05,0.0
2026-08-29,wk inc covid hosp,0,2026-08-29,40,quantile,0.1,1.0
2026-08-29,wk inc covid hosp,0,2026-08-29,40,quantile,0.15,2.0
2026-08-29,wk inc covid hosp,0,2026-08-29,40,quantile,0.2,3.0
2026-08-29,wk inc covid hosp,0,2026-08-29,40,quantile,0.25,4.0
2026-08-29,wk inc covid hosp,0,2026-08-29,40,quantile,0.3,5.0
2026-08-29,wk inc covid hosp,0,2026-08-29,40,quantile,0.35,6.0
2026-08-29,wk inc covid hosp,0,2026-08-29,40,quantile,0.4,8.0
2026-08-29,wk inc covid hosp,0,2026-08-29,40,quantile,0.45,9.0
2026-08-29,wk inc covid hosp,0,2026-08-29,40,quantile,0.5,11.0
2026-08-29,wk inc covid hosp,0,2026-08-29,40,quantile,0.55,13.0
2026-08-29,wk inc covid hosp,0,2026-08-29,40,quantile,0.6,16.0
2026-08-29,wk inc covid hosp,0,2026-08-29,40,quantile,0.65,19.0
2026-08-29,wk inc covid hosp,0,2026-08-29,40,quantile,0.7,22.0
2026-08-29,wk inc covid hosp,0,2026-08-29,40,quantile,0.75,26.0
2026-08-29,wk inc covid hosp,0,2026-08-29,40,quantile,0.8,30.0
2026-08-29,wk inc covid hosp,0,2026-08-29,40,quantile,0.85,36.0
2026-08-29,wk inc covid hosp,0,2026-08-29,40,quantile,0.9,45.0
2026-08-29,wk inc covid hosp,0,2026-08-29,40,quantile,0.95,60.0
2026-08-29,wk inc covid hosp,0,2026-08-29,40,quantile,0.975,76.0
2026-08-29,wk inc covid hosp,0,2026-08-29,40,quantile,0.99,96.0
2026-08-29,wk inc covid hosp,0,2026-08-29,41,quantile,0.01,0.0
2026-08-29,wk inc covid hosp,0,2026-08-29,41,quantile,0.025,0.0
2026-08-29,wk inc covid hosp,0,2026-08-29,41,quantile,0.05,0.0
2026-08-29,wk inc covid hosp,0,2026-08-29,41,quantile,0.1,0.0
2026-08-29,wk inc covid hosp,0,2026-08-29,41,quantile,0.15,0.0
2026-08-29,wk inc covid hosp,0,2026-08-29,41,quantile,0.2,0.0
2026-08-29,wk inc covid hosp,0,2026-08-29,41,quantile,0.25,0.0
2026-08-29,wk inc covid hosp,0,2026-08-29,41,quantile,0.3,0.0
2026-08-29,wk inc covid hosp,0,2026-08-29,41,quantile,0.35,1.0
2026-08-29,wk inc covid hosp,0,2026-08-29,41,quantile,0.4,1.0
2026-08-29,wk inc covid hosp,0,2026-08-29,41,quantile,0.45,2.0
2026-08-29,wk inc covid hosp,0,2026-08-29,41,quantile,0.5,3.0
2026-08-29,wk inc covid hosp,0,2026-08-29,41,quantile,0.55,4.0
2026-08-29,wk inc covid hosp,0,2026-08-29,41,quantile,0.6,5.0
2026-08-29,wk inc covid hosp,0,2026-08-29,41,quantile,0.65,7.0
2026-08-29,wk inc covid hosp,0,2026-08-29,41,quantile,0.7,10.0
2026-08-29,wk inc covid hosp,0,2026-08-29,41,quantile,0.75,13.0
2026-08-29,wk inc covid hosp,0,2026-08-29,41,quantile,0.8,18.0
2026-08-29,wk inc covid hosp,0,2026-08-29,41,quantile,0.85,25.0
2026-08-29,wk inc covid hosp,0,2026-08-29,41,quantile,0.9,35.0
2026-08-29,wk inc covid hosp,0,2026-08-29,41,quantile,0.95,55.0
2026-08-29,wk inc covid hosp,0,2026-08-29,41,quantile,0.975,77.0
2026-08-29,wk inc covid hosp,0,2026-08-29,41,quantile,0.99,108.0
2026-08-29,wk inc covid hosp,0,2026-08-29,42,quantile,0.01,0.0
2026-08-29,wk inc covid hosp,0,2026-08-29,42,quantile,0.025,0.0
2026-08-29,wk inc covid hosp,0,2026-08-29,42,quantile,0.05,0.0
2026-08-29,wk inc covid hosp,0,2026-08-29,42,quantile,0.1,0.0
2026-08-29,wk inc covid hosp,0,2026-08-29,42,quantile,0.15,1.0
2026-08-29,wk inc covid hosp,0,2026-08-29,42,quantile,0.2,2.0
2026-08-29,wk inc covid hosp,0,2026-08-29,42,quantile,0.25,4.0
2026-08-29,wk inc covid hosp,0,2026-08-29,42,quantile,0.3,6.0
2026-08-29,wk inc covid hosp,0,2026-08-29,42,quantile,0.35,8.0
2026-08-29,wk inc covid hosp,0,2026-08-29,42,quantile,0.4,11.0
2026-08-29,wk inc covid hosp,0,2026-08-29,42,quantile,0.45,15.0
2026-08-29,wk inc covid hosp,0,2026-08-29,42,quantile,0.5,19.0
2026-08-29,wk inc covid hosp,0,2026-08-29,42,quantile,0.55,25.0
2026-08-29,wk inc covid hosp,0,2026-08-29,42,quantile,0.6,31.0
2026-08-29,wk inc covid hosp,0,2026-08-29,42,quantile,0.65,39.0
2026-08-29,wk inc covid hosp,0,2026-08-29,42,quantile,0.7,48.0
2026-08-29,wk inc covid hosp,0,2026-08-29,42,quantile,0.75,60.0
2026-08-29,wk inc covid hosp,0,2026-08-29,42,quantile,0.8,75.0
2026-08-29,wk inc covid hosp,0,2026-08-29,42,quantile,0.85,96.0
2026-08-29,wk inc covid hosp,0,2026-08-29,42,quantile,0.9,127.0
2026-08-29,wk inc covid hosp,0,2026-08-29,42,quantile,0.95,182.0
2026-08-29,wk inc covid hosp,0,2026-08-29,42,quantile,0.975,240.0
2026-08-29,wk inc covid hosp,0,2026-08-29,42,quantile,0.99,319.0
2026-08-29,wk inc covid hosp,0,2026-08-29,44,quantile,0.01,0.0
2026-08-29,wk inc covid hosp,0,2026-08-29,44,quantile,0.025,0.0
2026-08-29,wk inc covid hosp,0,2026-08-29,44,quantile,0.05,0.0
2026-08-29,wk inc covid hosp,0,2026-08-29,44,quantile,0.1,0.0
2026-08-29,wk inc covid hosp,0,2026-08-29,44,quantile,0.15,0.0
2026-08-29,wk inc covid hosp,0,2026-08-29,44,quantile,0.2,0.0
2026-08-29,wk inc covid hosp,0,2026-08-29,44,quantile,0.25,0.0
2026-08-29,wk inc covid hosp,0,2026-08-29,44,quantile,0.3,0.0
2026-08-29,wk inc covid hosp,0,2026-08-29,44,quantile,0.35,0.0
2026-08-29,wk inc covid hosp,0,2026-08-29,44,quantile,0.4,0.0
2026-08-29,wk inc covid hosp,0,2026-08-29,44,quantile,0.45,0.0
2026-08-29,wk inc covid hosp,0,2026-08-29,44,quantile,0.5,0.0
2026-08-29,wk inc covid hosp,0,2026-08-29,44,quantile,0.55,0.0
2026-08-29,wk inc covid hosp,0,2026-08-29,44,quantile,0.6,0.0
2026-08-29,wk inc covid hosp,0,2026-08-29,44,quantile,0.65,0.0
2026-08-29,wk inc covid hosp,0,2026-08-29,44,quantile,0.7,0.0
2026-08-29,wk inc covid hosp,0,2026-08-29,44,quantile,0.75,0.0
2026-08-29,wk inc covid hosp,0,2026-08-29,44,quantile,0.8,0.0
2026-08-29,wk inc covid hosp,0,2026-08-29,44,quantile,0.85,0.0
2026-08-29,wk inc covid hosp,0,2026-08-29,44,quantile,0.9,0.0
2026-08-29,wk inc covid hosp,0,2026-08-29,44,quantile,0.95,0.0
2026-08-29,wk inc covid hosp,0,2026-08-29,44,quantile,0.975,0.0
2026-08-29,wk inc covid hosp,0,2026-08-29,44,quantile,0.99,0.0
2026-08-29,wk inc covid hosp,0,2026-08-29,45,quantile,0.01,1.0
2026-08-29,wk inc covid hosp,0,2026-08-29,45,quantile,0.025,2.0
2026-08-29,wk inc covid hosp,0,2026-08-29,45,quantile,0.05,4.0
2026-08-29,wk inc covid hosp,0,2026-08-29,45,quantile,0.1,7.0
2026-08-29,wk inc covid hosp,0,2026-08-29,45,quantile,0.15,10.0
2026-08-29,wk inc covid hosp,0,2026-08-29,45,quantile,0.2,12.0
2026-08-29,wk inc covid hosp,0,2026-08-29,45,quantile,0.25,15.0
2026-08-29,wk inc covid hosp,0,2026-08-29,45,quantile,0.3,17.0
2026-08-29,wk inc covid hosp,0,2026-08-29,45,quantile,0.35,20.0
2026-08-29,wk inc covid hosp,0,2026-08-29,45,quantile,0.4,22.0
2026-08-29,wk inc covid hosp,0,2026-08-29,45,quantile,0.45,25.0
2026-08-29,wk inc covid hosp,0,2026-08-29,45,quantile,0.5,28.0
2026-08-29,wk inc covid hosp,0,2026-08-29,45,quantile,0.55,31.0
2026-08-29,wk inc covid hosp,0,2026-08-29,45,quantile,0.6,35.0
2026-08-29,wk inc covid hosp,0,2026-08-29,45,quantile,0.65,38.0
2026-08-29,wk inc covid hosp,0,2026-08-29,45,quantile,0.7,43.0
2026-08-29,wk inc covid hosp,0,2026-08-29,45,quantile,0.75,48.0
2026-08-29,wk inc covid hosp,0,2026-08-29,45,quantile,0.8,53.0
2026-08-29,wk inc covid hosp,0,2026-08-29,45,quantile,0.85,61.0
2026-08-29,wk inc covid hosp,0,2026-08-29,45,quantile,0.9,71.0
2026-08-29,wk inc covid hosp,0,2026-08-29,45,quantile,0.95,88.0
2026-08-29,wk inc covid hosp,0,2026-08-29,45,quantile,0.975,105.0
2026-08-29,wk inc covid hosp,0,2026-08-29,45,quantile,0.99,126.0
2026-08-29,wk inc covid hosp,0,2026-08-29,46,quantile,0.01,0.0
2026-08-29,wk inc covid hosp,0,2026-08-29,46,quantile,0.025,0.0
2026-08-29,wk inc covid hosp,0,2026-08-29,46,quantile,0.05,0.0
2026-08-29,wk inc covid hosp,0,2026-08-29,46,quantile,0.1,0.0
2026-08-29,wk inc covid hosp,0,2026-08-29,46,quantile,0.15,0.0
2026-08-29,wk inc covid hosp,0,2026-08-29,46,quantile,0.2,0.0
2026-08-29,wk inc covid hosp,0,2026-08-29,46,quantile,0.25,0.0
2026-08-29,wk inc covid hosp,0,2026-08-29,46,quantile,0.3,0.0
2026-08-29,wk inc covid hosp,0,2026-08-29,46,quantile,0.35,0.0
2026-08-29,wk inc covid hosp,0,2026-08-29,46,quantile,0.4,0.0
2026-08-29,wk inc covid hosp,0,2026-08-29,46,quantile,0.45,0.0
2026-08-29,wk inc covid hosp,0,2026-08-29,46,quantile,0.5,0.0
2026-08-29,wk inc covid hosp,0,2026-08-29,46,quantile,0.55,0.0
2026-08-29,wk inc covid hosp,0,2026-08-29,46,quantile,0.6,0.0
2026-08-29,wk inc covid hosp,0,2026-08-29,46,quantile,0.65,0.0
2026-08-29,wk inc covid hosp,0,2026-08-29,46,quantile,0.7,0.0
2026-08-29,wk inc covid hosp,0,2026-08-29,46,quantile,0.75,0.0
2026-08-29,wk inc covid hosp,0,2026-08-29,46,quantile,0.8,0.0
2026-08-29,wk inc covid hosp,0,2026-08-29,46,quantile,0.85,0.0
2026-08-29,wk inc covid hosp,0,2026-08-29,46,quantile,0.9,0.0
2026-08-29,wk inc covid hosp,0,2026-08-29,46,quantile,0.95,0.0
2026-08-29,wk inc covid hosp,0,2026-08-29,46,quantile,0.975,0.0
2026-08-29,wk inc covid hosp,0,2026-08-29,46,quantile,0.99,0.0
2026-08-29,wk inc covid hosp,0,2026-08-29,47,quantile,0.01,3.0
2026-08-29,wk inc covid hosp,0,2026-08-29,47,quantile,0.025,6.0
2026-08-29,wk inc covid hosp,0,2026-08-29,47,quantile,0.05,9.0
2026-08-29,wk inc covid hosp,0,2026-08-29,47,quantile,0.1,13.0
2026-08-29,wk inc covid hosp,0,2026-08-29,47,quantile,0.15,17.0
2026-08-29,wk inc covid hosp,0,2026-08-29,47,quantile,0.2,21.0
2026-08-29,wk inc covid hosp,0,2026-08-29,47,quantile,0.25,24.0
2026-08-29,wk inc covid hosp,0,2026-08-29,47,quantile,0.3,28.0
2026-08-29,wk inc covid hosp,0,2026-08-29,47,quantile,0.35,32.0
2026-08-29,wk inc covid hosp,0,2026-08-29,47,quantile,0.4,35.0
2026-08-29,wk inc covid hosp,0,2026-08-29,47,quantile,0.45,39.0
2026-08-29,wk inc covid hosp,0,2026-08-29,47,quantile,0.5,43.0
2026-08-29,wk inc covid hosp,0,2026-08-29,47,quantile,0.55,47.0
2026-08-29,wk inc covid hosp,0,2026-08-29,47,quantile,0.6,52.0
2026-08-29,wk inc covid hosp,0,2026-08-29,47,quantile,0.65,57.0
2026-08-29,wk inc covid hosp,0,2026-08-29,47,quantile,0.7,62.0
2026-08-29,wk inc covid hosp,0,2026-08-29,47,quantile,0.75,69.0
2026-08-29,wk inc covid hosp,0,2026-08-29,47,quantile,0.8,77.0
2026-08-29,wk inc covid hosp,0,2026-08-29,47,quantile,0.85,86.0
2026-08-29,wk inc covid hosp,0,2026-08-29,47,quantile,0.9,99.0
2026-08-29,wk inc covid hosp,0,2026-08-29,47,quantile,0.95,121.0
2026-08-29,wk inc covid hosp,0,2026-08-29,47,quantile,0.975,142.0
2026-08-29,wk inc covid hosp,0,2026-08-29,47,quantile,0.99,169.0
2026-08-29,wk inc covid hosp,0,2026-08-29,48,quantile,0.01,93.0
2026-08-29,wk inc covid hosp,0,2026-08-29,48,quantile,0.025,118.0
2026-08-29,wk inc covid hosp,0,2026-08-29,48,quantile,0.05,142.0
2026-08-29,wk inc covid hosp,0,2026-08-29,48,quantile,0.1,175.0
2026-08-29,wk inc covid hosp,0,2026-08-29,48,quantile,0.15,200.0
2026-08-29,wk inc covid hosp,0,2026-08-29,48,quantile,0.2,221.0
2026-08-29,wk inc covid hosp,0,2026-08-29,48,quantile,0.25,240.0
2026-08-29,wk inc covid hosp,0,2026-08-29,48,quantile,0.3,259.0
2026-08-29,wk inc covid hosp,0,2026-08-29,48,quantile,0.35,276.0
2026-08-29,wk inc covid hosp,0,2026-08-29,48,quantile,0.4,294.0
2026-08-29,wk inc covid hosp,0,2026-08-29,48,quantile,0.45,312.0
2026-08-29,wk inc covid hosp,0,2026-08-29,48,quantile,0.5,330.0
2026-08-29,wk inc covid hosp,0,2026-08-29,48,quantile,0.55,349.0
2026-08-29,wk inc covid hosp,0,2026-08-29,48,quantile,0.6,369.0
2026-08-29,wk inc covid hosp,0,2026-08-29,48,quantile,0.65,391.0
2026-08-29,wk inc covid hosp,0,2026-08-29,48,quantile,0.7,414.0
2026-08-29,wk inc covid hosp,0,2026-08-29,48,quantile,0.75,440.0
2026-08-29,wk inc covid hosp,0,2026-08-29,48,quantile,0.8,471.0
2026-08-29,wk inc covid hosp,0,2026-08-29,48,quantile,0.85,508.0
2026-08-29,wk inc covid hosp,0,2026-08-29,48,quantile,0.9,558.0
2026-08-29,wk inc covid hosp,0,2026-08-29,48,quantile,0.95,637.0
2026-08-29,wk inc covid hosp,0,2026-08-29,48,quantile,0.975,711.0
2026-08-29,wk inc covid hosp,0,2026-08-29,48,quantile,0.99,803.0
2026-08-29,wk inc covid hosp,0,2026-08-29,49,quantile,0.01,0.0
2026-08-29,wk inc covid hosp,0,2026-08-29,49,quantile,0.025,0.0
2026-08-29,wk inc covid hosp,0,2026-08-29,49,quantile,0.05,1.0
2026-08-29,wk inc covid hosp,0,2026-08-29,49,quantile,0.1,2.0
2026-08-29,wk inc covid hosp,0,2026-08-29,49,quantile,0.15,3.0
2026-08-29,wk inc covid hosp,0,2026-08-29,49,quantile,0.2,5.0
2026-08-29,wk inc covid hosp,0,2026-08-29,49,quantile,0.25,6.0
2026-08-29,wk inc covid hosp,0,2026-08-29,49,quantile,0.3,7.0
2026-08-29,wk inc covid hosp,0,2026-08-29,49,quantile,0.35,9.0
2026-08-29,wk inc covid hosp,0,2026-08-29,49,quantile,0.4,10.0
2026-08-29,wk inc covid hosp,0,2026-08-29,49,quantile,0.45,12.0
2026-08-29,wk inc covid hosp,0,2026-08-29,49,quantile,0.5,14.0
2026-08-29,wk inc covid hosp,0,2026-08-29,49,quantile,0.55,15.0
2026-08-29,wk inc covid hosp,0,2026-08-29,49,quantile,0.6,17.0
2026-08-29,wk inc covid hosp,0,2026-08-29,49,quantile,0.65,20.0
2026-08-29,wk inc covid hosp,0,2026-08-29,49,quantile,0.7,22.0
2026-08-29,wk inc covid hosp,0,2026-08-29,49,quantile,0.75,25.0
2026-08-29,wk inc covid hosp,0,2026-08-29,49,quantile,0.8,29.0
2026-08-29,wk inc covid hosp,0,2026-08-29,49,quantile,0.85,34.0
2026-08-29,wk inc covid hosp,0,2026-08-29,49,quantile,0.9,41.0
2026-08-29,wk inc covid hosp,0,2026-08-29,49,quantile,0.95,52.0
2026-08-29,wk inc covid hosp,0,2026-08-29,49,quantile,0.975,63.0
2026-08-29,wk inc covid hosp,0,2026-08-29,49,quantile,0.99,78.0
2026-08-29,wk inc covid hosp,0,2026-08-29,50,quantile,0.01,0.0
2026-08-29,wk inc covid hosp,0,2026-08-29,50,quantile,0.025,0.0
2026-08-29,wk inc covid hosp,0,2026-08-29,50,quantile,0.05,0.0
2026-08-29,wk inc covid hosp,0,2026-08-29,50,quantile,0.1,0.0
2026-08-29,wk inc covid hosp,0,2026-08-29,50,quantile,0.15,0.0
2026-08-29,wk inc covid hosp,0,2026-08-29,50,quantile,0.2,0.0
2026-08-29,wk inc covid hosp,0,2026-08-29,50,quantile,0.25,0.0
2026-08-29,wk inc covid hosp,0,2026-08-29,50,quantile,0.3,0.0
2026-08-29,wk inc covid hosp,0,2026-08-29,50,quantile,0.35,0.0
2026-08-29,wk inc covid hosp,0,2026-08-29,50,quantile,0.4,0.0
2026-08-29,wk inc covid hosp,0,2026-08-29,50,quantile,0.45,0.0
2026-08-29,wk inc covid hosp,0,2026-08-29,50,quantile,0.5,1.0
2026-08-29,wk inc covid hosp,0,2026-08-29,50,quantile,0.55,1.0
2026-08-29,wk inc covid hosp,0,2026-08-29,50,quantile,0.6,1.0
2026-08-29,wk inc covid hosp,0,2026-08-29,50,quantile,0.65,1.0
2026-08-29,wk inc covid hosp,0,2026-08-29,50,quantile,0.7,2.0
2026-08-29,wk inc covid hosp,0,2026-08-29,50,quantile,0.75,2.0
2026-08-29,wk inc covid hosp,0,2026-08-29,50,quantile,0.8,3.0
2026-08-29,wk inc covid hosp,0,2026-08-29,50,quantile,0.85,4.0
2026-08-29,wk inc covid hosp,0,2026-08-29,50,quantile,0.9,6.0
2026-08-29,wk inc covid hosp,0,2026-08-29,50,quantile,0.95,9.0
2026-08-29,wk inc covid hosp,0,2026-08-29,50,quantile,0.975,11.0
2026-08-29,wk inc covid hosp,0,2026-08-29,50,quantile,0.99,15.0
2026-08-29,wk inc covid hosp,0,2026-08-29,51,quantile,0.01,2.0
2026-08-29,wk inc covid hosp,0,2026-08-29,51,quantile,0.025,3.0
2026-08-29,wk inc covid hosp,0,2026-08-29,51,quantile,0.05,6.0
2026-08-29,wk inc covid hosp,0,2026-08-29,51,quantile,0.1,10.0
2026-08-29,wk inc covid hosp,0,2026-08-29,51,quantile,0.15,14.0
2026-08-29,wk inc covid hosp,0,2026-08-29,51,quantile,0.2,18.0
2026-08-29,wk inc covid hosp,0,2026-08-29,51,quantile,0.25,22.0
2026-08-29,wk inc covid hosp,0,2026-08-29,51,quantile,0.3,26.0
2026-08-29,wk inc covid hosp,0,2026-08-29,51,quantile,0.35,30.0
2026-08-29,wk inc covid hosp,0,2026-08-29,51,quantile,0.4,34.0
2026-08-29,wk inc covid hosp,0,2026-08-29,51,quantile,0.45,39.0
2026-08-29,wk inc covid hosp,0,2026-08-29,51,quantile,0.5,44.0
2026-08-29,wk inc covid hosp,0,2026-08-29,51,quantile,0.55,49.0
2026-08-29,wk inc covid hosp,0,2026-08-29,51,quantile,0.6,54.0
2026-08-29,wk inc covid hosp,0,2026-08-29,51,quantile,0.65,61.0
2026-08-29,wk inc covid hosp,0,2026-08-29,51,quantile,0.7,68.0
2026-08-29,wk inc covid hosp,0,2026-08-29,51,quantile,0.75,76.0
2026-08-29,wk inc covid hosp,0,2026-08-29,51,quantile,0.8,86.0
2026-08-29,wk inc covid hosp,0,2026-08-29,51,quantile,0.85,98.0
2026-08-29,wk inc covid hosp,0,2026-08-29,51,quantile,0.9,115.0
2026-08-29,wk inc covid hosp,0,2026-08-29,51,quantile,0.95,144.0
2026-08-29,wk inc covid hosp,0,2026-08-29,51,quantile,0.975,172.0
2026-08-29,wk inc covid hosp,0,2026-08-29,51,quantile,0.99,209.0
2026-08-29,wk inc covid hosp,0,2026-08-29,53,quantile,0.01,7.0
2026-08-29,wk inc covid hosp,0,2026-08-29,53,quantile,0.025,10.0
2026-08-29,wk inc covid hosp,0,2026-08-29,53,quantile,0.05,14.0
2026-08-29,wk inc covid hosp,0,2026-08-29,53,quantile,0.1,21.0
2026-08-29,wk inc covid hosp,0,2026-08-29,53,quantile,0.15,26.0
2026-08-29,wk inc covid hosp,0,2026-08-29,53,quantile,0.2,30.0
2026-08-29,wk inc covid hosp,0,2026-08-29,53,quantile,0.25,34.0
2026-08-29,wk inc covid hosp,0,2026-08-29,53,quantile,0.3,39.0
2026-08-29,wk inc covid hosp,0,2026-08-29,53,quantile,0.35,43.0
2026-08-29,wk inc covid hosp,0,2026-08-29,53,quantile,0.4,47.0
2026-08-29,wk inc covid hosp,0,2026-08-29,53,quantile,0.45,51.0
2026-08-29,wk inc covid hosp,0,2026-08-29,53,quantile,0.5,56.0
2026-08-29,wk inc covid hosp,0,2026-08-29,53,quantile,0.55,61.0
2026-08-29,wk inc covid hosp,0,2026-08-29,53,quantile,0.6,66.0
2026-08-29,wk inc covid hosp,0,2026-08-29,53,quantile,0.65,72.0
2026-08-29,wk inc covid hosp,0,2026-08-29,53,quantile,0.7,78.0
2026-08-29,wk inc covid hosp,0,2026-08-29,53,quantile,0.75,85.0
2026-08-29,wk inc covid hosp,0,2026-08-29,53,quantile,0.8,93.0
2026-08-29,wk inc covid hosp,0,2026-08-29,53,quantile,0.85,104.0
2026-08-29,wk inc covid hosp,0,2026-08-29,53,quantile,0.9,118.0
2026-08-29,wk inc covid hosp,0,2026-08-29,53,quantile,0.95,141.0
2026-08-29,wk inc covid hosp,0,2026-08-29,53,quantile,0.975,164.0
2026-08-29,wk inc covid hosp,0,2026-08-29,53,quantile,0.99,192.0
2026-08-29,wk inc covid hosp,0,2026-08-29,54,quantile,0.01,0.0
2026-08-29,wk inc covid hosp,0,2026-08-29,54,quantile,0.025,0.0
2026-08-29,wk inc covid hosp,0,2026-08-29,54,quantile,0.05,0.0
2026-08-29,wk inc covid hosp,0,2026-08-29,54,quantile,0.1,0.0
2026-08-29,wk inc covid hosp,0,2026-08-29,54,quantile,0.15,0.0
2026-08-29,wk inc covid hosp,0,2026-08-29,54,quantile,0.2,0.0
2026-08-29,wk inc covid hosp,0,2026-08-29,54,quantile,0.25,0.0
2026-08-29,wk inc covid hosp,0,2026-08-29,54,quantile,0.3,0.0
2026-08-29,wk inc covid hosp,0,2026-08-29,54,quantile,0.35,0.0
2026-08-29,wk inc covid hosp,0,2026-08-29,54,quantile,0.4,0.0
2026-08-29,wk inc covid hosp,0,2026-08-29,54,quantile,0.45,0.0
2026-08-29,wk inc covid hosp,0,2026-08-29,54,quantile,0.5,0.0
2026-08-29,wk inc covid hosp,0,2026-08-29,54,quantile,0.55,0.0
2026-08-29,wk inc covid hosp,0,2026-08-29,54,quantile,0.6,0.0
2026-08-29,wk inc covid hosp,0,2026-08-29,54,quantile,0.65,1.0
2026-08-29,wk inc covid hosp,0,2026-08-29,54,quantile,0.7,1.0
2026-08-29,wk inc covid hosp,0,2026-08-29,54,quantile,0.75,3.0
2026-08-29,wk inc covid hosp,0,2026-08-29,54,quantile,0.8,6.0
2026-08-29,wk inc covid hosp,0,2026-08-29,54,quantile,0.85,12.0
2026-08-29,wk inc covid hosp,0,2026-08-29,54,quantile,0.9,24.0
2026-08-29,wk inc covid hosp,0,2026-08-29,54,quantile,0.95,51.0
2026-08-29,wk inc covid hosp,0,2026-08-29,54,quantile,0.975,87.0
2026-08-29,wk inc covid hosp,0,2026-08-29,54,quantile,0.99,141.0
2026-08-29,wk inc covid hosp,0,2026-08-29,55,quantile,0.01,0.0
2026-08-29,wk inc covid hosp,0,2026-08-29,55,quantile,0.025,0.0
2026-08-29,wk inc covid hosp,0,2026-08-29,55,quantile,0.05,0.0
2026-08-29,wk inc covid hosp,0,2026-08-29,55,quantile,0.1,1.0
2026-08-29,wk inc covid hosp,0,2026-08-29,55,quantile,0.15,2.0
2026-08-29,wk inc covid hosp,0,2026-08-29,55,quantile,0.2,4.0
2026-08-29,wk inc covid hosp,0,2026-08-29,55,quantile,0.25,5.0
2026-08-29,wk inc covid hosp,0,2026-08-29,55,quantile,0.3,7.0
2026-08-29,wk inc covid hosp,0,2026-08-29,55,quantile,0.35,9.0
2026-08-29,wk inc covid hosp,0,2026-08-29,55,quantile,0.4,11.0
2026-08-29,wk inc covid hosp,0,2026-08-29,55,quantile,0.45,13.0
2026-08-29,wk inc covid hosp,0,2026-08-29,55,quantile,0.5,16.0
2026-08-29,wk inc covid hosp,0,2026-08-29,55,quantile,0.55,19.0
2026-08-29,wk inc covid hosp,0,2026-08-29,55,quantile,0.6,22.0
2026-08-29,wk inc covid hosp,0,2026-08-29,55,quantile,0.65,26.0
2026-08-29,wk inc covid hosp,0,2026-08-29,55,quantile,0.7,31.0
2026-08-29,wk inc covid hosp,0,2026-08-29,55,quantile,0.75,37.0
2026-08-29,wk inc covid hosp,0,2026-08-29,55,quantile,0.8,43.0
2026-08-29,wk inc covid hosp,0,2026-08-29,55,quantile,0.85,53.0
2026-08-29,wk inc covid hosp,0,2026-08-29,55,quantile,0.9,66.0
2026-08-29,wk inc covid hosp,0,2026-08-29,55,quantile,0.95,88.0
2026-08-29,wk inc covid hosp,0,2026-08-29,55,quantile,0.975,111.0
2026-08-29,wk inc covid hosp,0,2026-08-29,55,quantile,0.99,142.0
2026-08-29,wk inc covid hosp,0,2026-08-29,56,quantile,0.01,0.0
2026-08-29,wk inc covid hosp,0,2026-08-29,56,quantile,0.025,0.0
2026-08-29,wk inc covid hosp,0,2026-08-29,56,quantile,0.05,0.0
2026-08-29,wk inc covid hosp,0,2026-08-29,56,quantile,0.1,0.0
2026-08-29,wk inc covid hosp,0,2026-08-29,56,quantile,0.15,0.0
2026-08-29,wk inc covid hosp,0,2026-08-29,56,quantile,0.2,0.0
2026-08-29,wk inc covid hosp,0,2026-08-29,56,quantile,0.25,0.0
2026-08-29,wk inc covid hosp,0,2026-08-29,56,quantile,0.3,0.0
2026-08-29,wk inc covid hosp,0,2026-08-29,56,quantile,0.35,0.0
2026-08-29,wk inc covid hosp,0,2026-08-29,56,quantile,0.4,0.0
2026-08-29,wk inc covid hosp,0,2026-08-29,56,quantile,0.45,0.0
2026-08-29,wk inc covid hosp,0,2026-08-29,56,quantile,0.5,0.0
2026-08-29,wk inc covid hosp,0,2026-08-29,56,quantile,0.55,0.0
2026-08-29,wk inc covid hosp,0,2026-08-29,56,quantile,0.6,0.0
2026-08-29,wk inc covid hosp,0,2026-08-29,56,quantile,0.65,0.0
2026-08-29,wk inc covid hosp,0,2026-08-29,56,quantile,0.7,0.0
2026-08-29,wk inc covid hosp,0,2026-08-29,56,quantile,0.75,0.0
2026-08-29,wk inc covid hosp,0,2026-08-29,56,quantile,0.8,0.0
2026-08-29,wk inc covid hosp,0,2026-08-29,56,quantile,0.85,0.0
2026-08-29,wk inc covid hosp,0,2026-08-29,56,quantile,0.9,0.0
2026-08-29,wk inc covid hosp,0,2026-08-29,56,quantile,0.95,0.0
2026-08-29,wk inc covid hosp,0,2026-08-29,56,quantile,0.975,0.0
2026-08-29,wk inc covid hosp,0,2026-08-29,56,quantile,0.99,0.0
2026-08-29,wk inc covid hosp,0,2026-08-29,72,quantile,0.01,149.0
2026-08-29,wk inc covid hosp,0,2026-08-29,72,quantile,0.025,156.0
2026-08-29,wk inc covid hosp,0,2026-08-29,72,quantile,0.05,162.0
2026-08-29,wk inc covid hosp,0,2026-08-29,72,quantile,0.1,168.0
2026-08-29,wk inc covid hosp,0,2026-08-29,72,quantile,0.15,173.0
2026-08-29,wk inc covid hosp,0,2026-08-29,72,quantile,0.2,177.0
2026-08-29,wk inc covid hosp,0,2026-08-29,72,quantile,0.25,180.0
2026-08-29,wk inc covid hosp,0,2026-08-29,72,quantile,0.3,183.0
2026-08-29,wk inc covid hosp,0,2026-08-29,72,quantile,0.35,185.0
2026-08-29,wk inc covid hosp,0,2026-08-29,72,quantile,0.4,188.0
2026-08-29,wk inc covid hosp,0,2026-08-29,72,quantile,0.45,190.0
2026-08-29,wk inc covid hosp,0,2026-08-29,72,quantile,0.5,193.0
2026-08-29,wk inc covid hosp,0,2026-08-29,72,quantile,0.55,195.0
2026-08-29,wk inc covid hosp,0,2026-08-29,72,quantile,0.6,198.0
2026-08-29,wk inc covid hosp,0,2026-08-29,72,quantile,0.65,201.0
2026-08-29,wk inc covid hosp,0,2026-08-29,72,quantile,0.7,203.0
2026-08-29,wk inc covid hosp,0,2026-08-29,72,quantile,0.75,207.0
2026-08-29,wk inc covid hosp,0,2026-08-29,72,quantile,0.8,210.0
2026-08-29,wk inc covid hosp,0,2026-08-29,72,quantile,0.85,214.0
2026-08-29,wk inc covid hosp,0,2026-08-29,72,quantile,0.9,219.0
2026-08-29,wk inc covid hosp,0,2026-08-29,72,quantile,0.95,227.0
2026-08-29,wk inc covid hosp,0,2026-08-29,72,quantile,0.975,234.0
2026-08-29,wk inc covid hosp,0,2026-08-29,72,quantile,0.99,242.0
2026-08-29,wk inc covid hosp,1,2026-09-05,01,quantile,0.01,7.0
2026-08-29,wk inc covid hosp,1,2026-09-05,01,quantile,0.025,10.0
2026-08-29,wk inc covid hosp,1,2026-09-05,01,quantile,0.05,14.0
2026-08-29,wk inc covid hosp,1,2026-09-05,01,quantile,0.1,20.0
2026-08-29,wk inc covid hosp,1,2026-09-05,01,quantile,0.15,24.0
2026-08-29,wk inc covid hosp,1,2026-09-05,01,quantile,0.2,28.0
2026-08-29,wk inc covid hosp,1,2026-09-05,01,quantile,0.25,32.0
2026-08-29,wk inc covid hosp,1,2026-09-05,01,quantile,0.3,35.0
2026-08-29,wk inc covid hosp,1,2026-09-05,01,quantile,0.35,39.0
2026-08-29,wk inc covid hosp,1,2026-09-05,01,quantile,0.4,43.0
2026-08-29,wk inc covid hosp,1,2026-09-05,01,quantile,0.45,47.0
2026-08-29,wk inc covid hosp,1,2026-09-05,01,quantile,0.5,51.0
2026-08-29,wk inc covid hosp,1,2026-09-05,01,quantile,0.55,55.0
2026-08-29,wk inc covid hosp,1,2026-09-05,01,quantile,0.6,59.0
2026-08-29,wk inc covid hosp,1,2026-09-05,01,quantile,0.65,64.0
2026-08-29,wk inc covid hosp,1,2026-09-05,01,quantile,0.7,69.0
2026-08-29,wk inc covid hosp,1,2026-09-05,01,quantile,0.75,75.0
2026-08-29,wk inc covid hosp,1,2026-09-05,01,quantile,0.8,82.0
2026-08-29,wk inc covid hosp,1,2026-09-05,01,quantile,0.85,91.0
2026-08-29,wk inc covid hosp,1,2026-09-05,01,quantile,0.9,103.0
2026-08-29,wk inc covid hosp,1,2026-09-05,01,quantile,0.95,123.0
2026-08-29,wk inc covid hosp,1,2026-09-05,01,quantile,0.975,141.0
2026-08-29,wk inc covid hosp,1,2026-09-05,01,quantile,0.99,165.0
2026-08-29,wk inc covid hosp,1,2026-09-05,02,quantile,0.01,0.0
2026-08-29,wk inc covid hosp,1,2026-09-05,02,quantile,0.025,0.0
2026-08-29,wk inc covid hosp,1,2026-09-05,02,quantile,0.05,0.0
2026-08-29,wk inc covid hosp,1,2026-09-05,02,quantile,0.1,0.0
2026-08-29,wk inc covid hosp,1,2026-09-05,02,quantile,0.15,0.0
2026-08-29,wk inc covid hosp,1,2026-09-05,02,quantile,0.2,0.0
2026-08-29,wk inc covid hosp,1,2026-09-05,02,quantile,0.25,0.0
2026-08-29,wk inc covid hosp,1,2026-09-05,02,quantile,0.3,0.0
2026-08-29,wk inc covid hosp,1,2026-09-05,02,quantile,0.35,0.0
2026-08-29,wk inc covid hosp,1,2026-09-05,02,quantile,0.4,0.0
2026-08-29,wk inc covid hosp,1,2026-09-05,02,quantile,0.45,0.0
2026-08-29,wk inc covid hosp,1,2026-09-05,02,quantile,0.5,0.0
2026-08-29,wk inc covid hosp,1,2026-09-05,02,quantile,0.55,0.0
2026-08-29,wk inc covid hosp,1,2026-09-05,02,quantile,0.6,0.0
2026-08-29,wk inc covid hosp,1,2026-09-05,02,quantile,0.65,0.0
2026-08-29,wk inc covid hosp,1,2026-09-05,02,quantile,0.7,1.0
2026-08-29,wk inc covid hosp,1,2026-09-05,02,quantile,0.75,1.0
2026-08-29,wk inc covid hosp,1,2026-09-05,02,quantile,0.8,3.0
2026-08-29,wk inc covid hosp,1,2026-09-05,02,quantile,0.85,6.0
2026-08-29,wk inc covid hosp,1,2026-09-05,02,quantile,0.9,12.0
2026-08-29,wk inc covid hosp,1,2026-09-05,02,quantile,0.95,25.0
2026-08-29,wk inc covid hosp,1,2026-09-05,02,quantile,0.975,42.0
2026-08-29,wk inc covid hosp,1,2026-09-05,02,quantile,0.99,69.0
2026-08-29,wk inc covid hosp,1,2026-09-05,04,quantile,0.01,2.0
2026-08-29,wk inc covid hosp,1,2026-09-05,04,quantile,0.025,4.0
2026-08-29,wk inc covid hosp,1,2026-09-05,04,quantile,0.05,6.0
2026-08-29,wk inc covid hosp,1,2026-09-05,04,quantile,0.1,11.0
2026-08-29,wk inc covid hosp,1,2026-09-05,04,quantile,0.15,15.0
2026-08-29,wk inc covid hosp,1,2026-09-05,04,quantile,0.2,20.0
2026-08-29,wk inc covid hosp,1,2026-09-05,04,quantile,0.25,24.0
2026-08-29,wk inc covid hosp,1,2026-09-05,04,quantile,0.3,28.0
2026-08-29,wk inc covid hosp,1,2026-09-05,04,quantile,0.35,33.0
2026-08-29,wk inc covid hosp,1,2026-09-05,04,quantile,0.4,38.0
2026-08-29,wk inc covid hosp,1,2026-09-05,04,quantile,0.45,43.0
2026-08-29,wk inc covid hosp,1,2026-09-05,04,quantile,0.5,48.0
2026-08-29,wk inc covid hosp,1,2026-09-05,04,quantile,0.55,54.0
2026-08-29,wk inc covid hosp,1,2026-09-05,04,quantile,0.6,60.0
2026-08-29,wk inc covid hosp,1,2026-09-05,04,quantile,0.65,67.0
2026-08-29,wk inc covid hosp,1,2026-09-05,04,quantile,0.7,75.0
2026-08-29,wk inc covid hosp,1,2026-09-05,04,quantile,0.75,84.0
2026-08-29,wk inc covid hosp,1,2026-09-05,04,quantile,0.8,95.0
2026-08-29,wk inc covid hosp,1,2026-09-05,04,quantile,0.85,109.0
2026-08-29,wk inc covid hosp,1,2026-09-05,04,quantile,0.9,129.0
2026-08-29,wk inc covid hosp,1,2026-09-05,04,quantile,0.95,162.0
2026-08-29,wk inc covid hosp,1,2026-09-05,04,quantile,0.975,194.0
2026-08-29,wk inc covid hosp,1,2026-09-05,04,quantile,0.99,235.0
2026-08-29,wk inc covid hosp,1,2026-09-05,05,quantile,0.01,0.0
2026-08-29,wk inc covid hosp,1,2026-09-05,05,quantile,0.025,0.0
2026-08-29,wk inc covid hosp,1,2026-09-05,05,quantile,0.05,0.0
2026-08-29,wk inc covid hosp,1,2026-09-05,05,quantile,0.1,0.0
2026-08-29,wk inc covid hosp,1,2026-09-05,05,quantile,0.15,0.0
2026-08-29,wk inc covid hosp,1,2026-09-05,05,quantile,0.2,0.0
2026-08-29,wk inc covid hosp,1,2026-09-05,05,quantile,0.25,0.0
2026-08-29,wk inc covid hosp,1,2026-09-05,05,quantile,0.3,0.0
2026-08-29,wk inc covid hosp,1,2026-09-05,05,quantile,0.35,0.0
2026-08-29,wk inc covid hosp,1,2026-09-05,05,quantile,0.4,0.0
2026-08-29,wk inc covid hosp,1,2026-09-05,05,quantile,0.45,0.0
2026-08-29,wk inc covid hosp,1,2026-09-05,05,quantile,0.5,0.0
2026-08-29,wk inc covid hosp,1,2026-09-05,05,quantile,0.55,0.0
2026-08-29,wk inc covid hosp,1,2026-09-05,05,quantile,0.6,1.0
2026-08-29,wk inc covid hosp,1,2026-09-05,05,quantile,0.65,2.0
2026-08-29,wk inc covid hosp,1,2026-09-05,05,quantile,0.7,5.0
2026-08-29,wk inc covid hosp,1,2026-09-05,05,quantile,0.75,9.0
2026-08-29,wk inc covid hosp,1,2026-09-05,05,quantile,0.8,19.0
2026-08-29,wk inc covid hosp,1,2026-09-05,05,quantile,0.85,36.0
2026-08-29,wk inc covid hosp,1,2026-09-05,05,quantile,0.9,72.0
2026-08-29,wk inc covid hosp,1,2026-09-05,05,quantile,0.95,157.0
2026-08-29,wk inc covid hosp,1,2026-09-05,05,quantile,0.975,264.0
2026-08-29,wk inc covid hosp,1,2026-09-05,05,quantile,0.99,429.0
2026-08-29,wk inc covid hosp,1,2026-09-05,06,quantile,0.01,91.0
2026-08-29,wk inc covid hosp,1,2026-09-05,06,quantile,0.025,124.0
2026-08-29,wk inc covid hosp,1,2026-09-05,06,quantile,0.05,160.0
2026-08-29,wk inc covid hosp,1,2026-09-05,06,quantile,0.1,209.0
2026-08-29,wk inc covid hosp,1,2026-09-05,06,quantile,0.15,248.0
2026-08-29,wk inc covid hosp,1,2026-09-05,06,quantile,0.2,282.0
2026-08-29,wk inc covid hosp,1,2026-09-05,06,quantile,0.25,314.0
2026-08-29,wk inc covid hosp,1,2026-09-05,06,quantile,0.3,345.0
2026-08-29,wk inc covid hosp,1,2026-09-05,06,quantile,0.35,376.0
2026-08-29,wk inc covid hosp,1,2026-09-05,06,quantile,0.4,406.0
2026-08-29,wk inc covid hosp,1,2026-09-05,06,quantile,0.45,437.0
2026-08-29,wk inc covid hosp,1,2026-09-05,06,quantile,0.5,469.0
2026-08-29,wk inc covid hosp,1,2026-09-05,06,quantile,0.55,503.0
2026-08-29,wk inc covid hosp,1,2026-09-05,06,quantile,0.6,539.0
2026-08-29,wk inc covid hosp,1,2026-09-05,06,quantile,0.65,577.0
2026-08-29,wk inc covid hosp,1,2026-09-05,06,quantile,0.7,620.0
2026-08-29,wk inc covid hosp,1,2026-09-05,06,quantile,0.75,668.0
2026-08-29,wk inc covid hosp,1,2026-09-05,06,quantile,0.8,725.0
2026-08-29,wk inc covid hosp,1,2026-09-05,06,quantile,0.85,795.0
2026-08-29,wk inc covid hosp,1,2026-09-05,06,quantile,0.9,889.0
2026-08-29,wk inc covid hosp,1,2026-09-05,06,quantile,0.95,1041.0
2026-08-29,wk inc covid hosp,1,2026-09-05,06,quantile,0.975,1185.0
2026-08-29,wk inc covid hosp,1,2026-09-05,06,quantile,0.99,1367.0
2026-08-29,wk inc covid hosp,1,2026-09-05,08,quantile,0.01,0.0
2026-08-29,wk inc covid hosp,1,2026-09-05,08,quantile,0.025,0.0
2026-08-29,wk inc covid hosp,1,2026-09-05,08,quantile,0.05,1.0
2026-08-29,wk inc covid hosp,1,2026-09-05,08,quantile,0.1,4.0
2026-08-29,wk inc covid hosp,1,2026-09-05,08,quantile,0.15,6.0
2026-08-29,wk inc covid hosp,1,2026-09-05,08,quantile,0.2,8.0
2026-08-29,wk inc covid hosp,1,2026-09-05,08,quantile,0.25,11.0
2026-08-29,wk inc covid hosp,1,2026-09-05,08,quantile,0.3,13.0
2026-08-29,wk inc covid hosp,1,2026-09-05,08,quantile,0.35,16.0
2026-08-29,wk inc covid hosp,1,2026-09-05,08,quantile,0.4,20.0
2026-08-29,wk inc covid hosp,1,2026-09-05,08,quantile,0.45,23.0
2026-08-29,wk inc covid hosp,1,2026-09-05,08,quantile,0.5,27.0
2026-08-29,wk inc covid hosp,1,2026-09-05,08,quantile,0.55,31.0
2026-08-29,wk inc covid hosp,1,2026-09-05,08,quantile,0.6,36.0
2026-08-29,wk inc covid hosp,1,2026-09-05,08,quantile,0.65,41.0
2026-08-29,wk inc covid hosp,1,2026-09-05,08,quantile,0.7,47.0
2026-08-29,wk inc covid hosp,1,2026-09-05,08,quantile,0.75,55.0
2026-08-29,wk inc covid hosp,1,2026-09-05,08,quantile,0.8,64.0
2026-08-29,wk inc covid hosp,1,2026-09-05,08,quantile,0.85,75.0
2026-08-29,wk inc covid hosp,1,2026-09-05,08,quantile,0.9,92.0
2026-08-29,wk inc covid hosp,1,2026-09-05,08,quantile,0.95,120.0
2026-08-29,wk inc covid hosp,1,2026-09-05,08,quantile,0.975,148.0
2026-08-29,wk inc covid hosp,1,2026-09-05,08,quantile,0.99,185.0
2026-08-29,wk inc covid hosp,1,2026-09-05,09,quantile,0.01,0.0
2026-08-29,wk inc covid hosp,1,2026-09-05,09,quantile,0.025,0.0
2026-08-29,wk inc covid hosp,1,2026-09-05,09,quantile,0.05,0.0
2026-08-29,wk inc covid hosp,1,2026-09-05,09,quantile,0.1,0.0
2026-08-29,wk inc covid hosp,1,2026-09-05,09,quantile,0.15,0.0
2026-08-29,wk inc covid hosp,1,2026-09-05,09,quantile,0.2,0.0
2026-08-29,wk inc covid hosp,1,2026-09-05,09,quantile,0.25,1.0
2026-08-29,wk inc covid hosp,1,2026-09-05,09,quantile,0.3,1.0
2026-08-29,wk inc covid hosp,1,2026-09-05,09,quantile,0.35,2.0
2026-08-29,wk inc covid hosp,1,2026-09-05,09,quantile,0.4,3.0
2026-08-29,wk inc covid hosp,1,2026-09-05,09,quantile,0.45,4.0
2026-08-29,wk inc covid hosp,1,2026-09-05,09,quantile,0.5,6.0
2026-08-29,wk inc covid hosp,1,2026-09-05,09,quantile,0.55,8.0
2026-08-29,wk inc covid hosp,1,2026-09-05,09,quantile,0.6,10.0
2026-08-29,wk inc covid hosp,1,2026-09-05,09,quantile,0.65,13.0
2026-08-29,wk inc covid hosp,1,2026-09-05,09,quantile,0.7,16.0
2026-08-29,wk inc covid hosp,1,2026-09-05,09,quantile,0.75,20.0
2026-08-29,wk inc covid hosp,1,2026-09-05,09,quantile,0.8,26.0
2026-08-29,wk inc covid hosp,1,2026-09-05,09,quantile,0.85,33.0
2026-08-29,wk inc covid hosp,1,2026-09-05,09,quantile,0.9,45.0
2026-08-29,wk inc covid hosp,1,2026-09-05,09,quantile,0.95,66.0
2026-08-29,wk inc covid hosp,1,2026-09-05,09,quantile,0.975,88.0
2026-08-29,wk inc covid hosp,1,2026-09-05,09,quantile,0.99,118.0
2026-08-29,wk inc covid hosp,1,2026-09-05,10,quantile,0.01,0.0
2026-08-29,wk inc covid hosp,1,2026-09-05,10,quantile,0.025,0.0
2026-08-29,wk inc covid hosp,1,2026-09-05,10,quantile,0.05,0.0
2026-08-29,wk inc covid hosp,1,2026-09-05,10,quantile,0.1,0.0
2026-08-29,wk inc covid hosp,1,2026-09-05,10,quantile,0.15,0.0
2026-08-29,wk inc covid hosp,1,2026-09-05,10,quantile,0.2,0.0
2026-08-29,wk inc covid hosp,1,2026-09-05,10,quantile,0.25,0.0
2026-08-29,wk inc covid hosp,1,2026-09-05,10,quantile,0.3,0.0
2026-08-29,wk inc covid hosp,1,2026-09-05,10,quantile,0.35,0.0
2026-08-29,wk inc covid hosp,1,2026-09-05,10,quantile,0.4,0.0
2026-08-29,wk inc covid hosp,1,2026-09-05,10,quantile,0.45,0.0
2026-08-29,wk inc covid hosp,1,2026-09-05,10,quantile,0.5,0.0
2026-08-29,wk inc covid hosp,1,2026-09-05,10,quantile,0.55,0.0
2026-08-29,wk inc covid hosp,1,2026-09-05,10,quantile,0.6,0.0
2026-08-29,wk inc covid hosp,1,2026-09-05,10,quantile,0.65,0.0
2026-08-29,wk inc covid hosp,1,2026-09-05,10,quantile,0.7,0.0
2026-08-29,wk inc covid hosp,1,2026-09-05,10,quantile,0.75,0.0
2026-08-29,wk inc covid hosp,1,2026-09-05,10,quantile,0.8,0.0
2026-08-29,wk inc covid hosp,1,2026-09-05,10,quantile,0.85,0.0
2026-08-29,wk inc covid hosp,1,2026-09-05,10,quantile,0.9,0.0
2026-08-29,wk inc covid hosp,1,2026-09-05,10,quantile,0.95,0.0
2026-08-29,wk inc covid hosp,1,2026-09-05,10,quantile,0.975,0.0
2026-08-29,wk inc covid hosp,1,2026-09-05,10,quantile,0.99,0.0
2026-08-29,wk inc covid hosp,1,2026-09-05,11,quantile,0.01,0.0
2026-08-29,wk inc covid hosp,1,2026-09-05,11,quantile,0.025,0.0
2026-08-29,wk inc covid hosp,1,2026-09-05,11,quantile,0.05,0.0
2026-08-29,wk inc covid hosp,1,2026-09-05,11,quantile,0.1,0.0
2026-08-29,wk inc covid hosp,1,2026-09-05,11,quantile,0.15,0.0
2026-08-29,wk inc covid hosp,1,2026-09-05,11,quantile,0.2,0.0
2026-08-29,wk inc covid hosp,1,2026-09-05,11,quantile,0.25,0.0
2026-08-29,wk inc covid hosp,1,2026-09-05,11,quantile,0.3,0.0
2026-08-29,wk inc covid hosp,1,2026-09-05,11,quantile,0.35,0.0
2026-08-29,wk inc covid hosp,1,2026-09-05,11,quantile,0.4,0.0
2026-08-29,wk inc covid hosp,1,2026-09-05,11,quantile,0.45,0.0
2026-08-29,wk inc covid hosp,1,2026-09-05,11,quantile,0.5,0.0
2026-08-29,wk inc covid hosp,1,2026-09-05,11,quantile,0.55,0.0
2026-08-29,wk inc covid hosp,1,2026-09-05,11,quantile,0.6,0.0
2026-08-29,wk inc covid hosp,1,2026-09-05,11,quantile,0.65,0.0
2026-08-29,wk inc covid hosp,1,2026-09-05,11,quantile,0.7,0.0
2026-08-29,wk inc covid hosp,1,2026-09-05,11,quantile,0.75,0.0
2026-08-29,wk inc covid hosp,1,2026-09-05,11,quantile,0.8,0.0
2026-08-29,wk inc covid hosp,1,2026-09-05,11,quantile,0.85,0.0
2026-08-29,wk inc covid hosp,1,2026-09-05,11,quantile,0.9,0.0
2026-08-29,wk inc covid hosp,1,2026-09-05,11,quantile,0.95,0.0
2026-08-29,wk inc covid hosp,1,2026-09-05,11,quantile,0.975,0.0
2026-08-29,wk inc covid hosp,1,2026-09-05,11,quantile,0.99,0.0
2026-08-29,wk inc covid hosp,1,2026-09-05,12,quantile,0.01,23.0
2026-08-29,wk inc covid hosp,1,2026-09-05,12,quantile,0.025,36.0
2026-08-29,wk inc covid hosp,1,2026-09-05,12,quantile,0.05,50.0
2026-08-29,wk inc covid hosp,1,2026-09-05,12,quantile,0.1,71.0
2026-08-29,wk inc covid hosp,1,2026-09-05,12,quantile,0.15,89.0
2026-08-29,wk inc covid hosp,1,2026-09-05,12,quantile,0.2,106.0
2026-08-29,wk inc covid hosp,1,2026-09-05,12,quantile,0.25,121.0
2026-08-29,wk inc covid hosp,1,2026-09-05,12,quantile,0.3,137.0
2026-08-29,wk inc covid hosp,1,2026-09-05,12,quantile,0.35,152.0
2026-08-29,wk inc covid hosp,1,2026-09-05,12,quantile,0.4,168.0
2026-08-29,wk inc covid hosp,1,2026-09-05,12,quantile,0.45,184.0
2026-08-29,wk inc covid hosp,1,2026-09-05,12,quantile,0.5,201.0
2026-08-29,wk inc covid hosp,1,2026-09-05,12,quantile,0.55,218.0
2026-08-29,wk inc covid hosp,1,2026-09-05,12,quantile,0.6,238.0
2026-08-29,wk inc covid hosp,1,2026-09-05,12,quantile,0.65,259.0
2026-08-29,wk inc covid hosp,1,2026-09-05,12,quantile,0.7,282.0
2026-08-29,wk inc covid hosp,1,2026-09-05,12,quantile,0.75,309.0
2026-08-29,wk inc covid hosp,1,2026-09-05,12,quantile,0.8,340.0
2026-08-29,wk inc covid hosp,1,2026-09-05,12,quantile,0.85,380.0
2026-08-29,wk inc covid hosp,1,2026-09-05,12,quantile,0.9,434.0
2026-08-29,wk inc covid hosp,1,2026-09-05,12,quantile,0.95,522.0
2026-08-29,wk inc covid hosp,1,2026-09-05,12,quantile,0.975,606.0
2026-08-29,wk inc covid hosp,1,2026-09-05,12,quantile,0.99,715.0
2026-08-29,wk inc covid hosp,1,2026-09-05,13,quantile,0.01,2.0
2026-08-29,wk inc covid hosp,1,2026-09-05,13,quantile,0.025,4.0
2026-08-29,wk inc covid hosp,1,2026-09-05,13,quantile,0.05,8.0
2026-08-29,wk inc covid hosp,1,2026-09-05,13,quantile,0.1,14.0
2026-08-29,wk inc covid hosp,1,2026-09-05,13,quantile,0.15,20.0
2026-08-29,wk inc covid hosp,1,2026-09-05,13,quantile,0.2,26.0
2026-08-29,wk inc covid hosp,1,2026-09-05,13,quantile,0.25,32.0
2026-08-29,wk inc covid hosp,1,2026-09-05,13,quantile,0.3,38.0
2026-08-29,wk inc covid hosp,1,2026-09-05,13,quantile,0.35,45.0
2026-08-29,wk inc covid hosp,1,2026-09-05,13,quantile,0.4,51.0
2026-08-29,wk inc covid hosp,1,2026-09-05,13,quantile,0.45,59.0
2026-08-29,wk inc covid hosp,1,2026-09-05,13,quantile,0.5,66.0
2026-08-29,wk inc covid hosp,1,2026-09-05,13,quantile,0.55,74.0
2026-08-29,wk inc covid hosp,1,2026-09-05,13,quantile,0.6,84.0
2026-08-29,wk inc covid hosp,1,2026-09-05,13,quantile,0.65,94.0
2026-08-29,wk inc covid hosp,1,2026-09-05,13,quantile,0.7,105.0
2026-08-29,wk inc covid hosp,1,2026-09-05,13,quantile,0.75,119.0
2026-08-29,wk inc covid hosp,1,2026-09-05,13,quantile,0.8,135.0
2026-08-29,wk inc covid hosp,1,2026-09-05,13,quantile,0.85,156.0
2026-08-29,wk inc covid hosp,1,2026-09-05,13,quantile,0.9,185.0
2026-08-29,wk inc covid hosp,1,2026-09-05,13,quantile,0.95,233.0
2026-08-29,wk inc covid hosp,1,2026-09-05,13,quantile,0.975,281.0
2026-08-29,wk inc covid hosp,1,2026-09-05,13,quantile,0.99,343.0
2026-08-29,wk inc covid hosp,1,2026-09-05,15,quantile,0.01,0.0
2026-08-29,wk inc covid hosp,1,2026-09-05,15,quantile,0.025,0.0
2026-08-29,wk inc covid hosp,1,2026-09-05,15,quantile,0.05,0.0
2026-08-29,wk inc covid hosp,1,2026-09-05,15,quantile,0.1,0.0
2026-08-29,wk inc covid hosp,1,2026-09-05,15,quantile,0.15,0.0
2026-08-29,wk inc covid hosp,1,2026-09-05,15,quantile,0.2,0.0
2026-08-29,wk inc covid hosp,1,2026-09-05,15,quantile,0.25,0.0
2026-08-29,wk inc covid hosp,1,2026-09-05,15,quantile,0.3,0.0
2026-08-29,wk inc covid hosp,1,2026-09-05,15,quantile,0.35,0.0
2026-08-29,wk inc covid hosp,1,2026-09-05,15,quantile,0.4,0.0
2026-08-29,wk inc covid hosp,1,2026-09-05,15,quantile,0.45,0.0
2026-08-29,wk inc covid hosp,1,2026-09-05,15,quantile,0.5,0.0
2026-08-29,wk inc covid hosp,1,2026-09-05,15,quantile,0.55,1.0
2026-08-29,wk inc covid hosp,1,2026-09-05,15,quantile,0.6,1.0
2026-08-29,wk inc covid hosp,1,2026-09-05,15,quantile,0.65,2.0
2026-08-29,wk inc covid hosp,1,2026-09-05,15,quantile,0.7,3.0
2026-08-29,wk inc covid hosp,1,2026-09-05,15,quantile,0.75,4.0
2026-08-29,wk inc covid hosp,1,2026-09-05,15,quantile,0.8,6.0
2026-08-29,wk inc covid hosp,1,2026-09-05,15,quantile,0.85,9.0
2026-08-29,wk inc covid hosp,1,2026-09-05,15,quantile,0.9,14.0
2026-08-29,wk inc covid hosp,1,2026-09-05,15,quantile,0.95,23.0
2026-08-29,wk inc covid hosp,1,2026-09-05,15,quantile,0.975,34.0
2026-08-29,wk inc covid hosp,1,2026-09-05,15,quantile,0.99,49.0
2026-08-29,wk inc covid hosp,1,2026-09-05,16,quantile,0.01,0.0
2026-08-29,wk inc covid hosp,1,2026-09-05,16,quantile,0.025,0.0
2026-08-29,wk inc covid hosp,1,2026-09-05,16,quantile,0.05,0.0
2026-08-29,wk inc covid hosp,1,2026-09-05,16,quantile,0.1,0.0
2026-08-29,wk inc covid hosp,1,2026-09-05,16,quantile,0.15,0.0
2026-08-29,wk inc covid hosp,1,2026-09-05,16,quantile,0.2,0.0
2026-08-29,wk inc covid hosp,1,2026-09-05,16,quantile,0.25,0.0
2026-08-29,wk inc covid hosp,1,2026-09-05,16,quantile,0.3,0.0
2026-08-29,wk inc covid hosp,1,2026-09-05,16,quantile,0.35,1.0
2026-08-29,wk inc covid hosp,1,2026-09-05,16,quantile,0.4,1.0
2026-08-29,wk inc covid hosp,1,2026-09-05,16,quantile,0.45,2.0
2026-08-29,wk inc covid hosp,1,2026-09-05,16,quantile,0.5,2.0
2026-08-29,wk inc covid hosp,1,2026-09-05,16,quantile,0.55,3.0
2026-08-29,wk inc covid hosp,1,2026-09-05,16,quantile,0.6,4.0
2026-08-29,wk inc covid hosp,1,2026-09-05,16,quantile,0.65,5.0
2026-08-29,wk inc covid hosp,1,2026-09-05,16,quantile,0.7,7.0
2026-08-29,wk inc covid hosp,1,2026-09-05,16,quantile,0.75,9.0
2026-08-29,wk inc covid hosp,1,2026-09-05,16,quantile,0.8,12.0
2026-08-29,wk inc covid hosp,1,2026-09-05,16,quantile,0.85,16.0
2026-08-29,wk inc covid hosp,1,2026-09-05,16,quantile,0.9,22.0
2026-08-29,wk inc covid hosp,1,2026-09-05,16,quantile,0.95,32.0
2026-08-29,wk inc covid hosp,1,2026-09-05,16,quantile,0.975,44.0
2026-08-29,wk inc covid hosp,1,2026-09-05,16,quantile,0.99,60.0
2026-08-29,wk inc covid hosp,1,2026-09-05,17,quantile,0.01,0.0
2026-08-29,wk inc covid hosp,1,2026-09-05,17,quantile,0.025,0.0
2026-08-29,wk inc covid hosp,1,2026-09-05,17,quantile,0.05,0.0
2026-08-29,wk inc covid hosp,1,2026-09-05,17,quantile,0.1,0.0
2026-08-29,wk inc covid hosp,1,2026-09-05,17,quantile,0.15,0.0
2026-08-29,wk inc covid hosp,1,2026-09-05,17,quantile,0.2,0.0
2026-08-29,wk inc covid hosp,1,2026-09-05,17,quantile,0.25,0.0
2026-08-29,wk inc covid hosp,1,2026-09-05,17,quantile,0.3,0.0
2026-08-29,wk inc covid hosp,1,2026-09-05,17,quantile,0.35,0.0
2026-08-29,wk inc covid hosp,1,2026-09-05,17,quantile,0.4,0.0
2026-08-29,wk inc covid hosp,1,2026-09-05,17,quantile,0.45,0.0
2026-08-29,wk inc covid hosp,1,2026-09-05,17,quantile,0.5,0.0
2026-08-29,wk inc covid hosp,1,2026-09-05,17,quantile,0.55,1.0
2026-08-29,wk inc covid hosp,1,2026-09-05,17,quantile,0.6,2.0
2026-08-29,wk inc covid hosp,1,2026-09-05,17,quantile,0.65,4.0
2026-08-29,wk inc covid hosp,1,2026-09-05,17,quantile,0.7,8.0
2026-08-29,wk inc covid hosp,1,2026-09-05,17,quantile,0.75,14.0
2026-08-29,wk inc covid hosp,1,2026-09-05,17,quantile,0.8,26.0
2026-08-29,wk inc covid hosp,1,2026-09-05,17,quantile,0.85,46.0
2026-08-29,wk inc covid hosp,1,2026-09-05,17,quantile,0.9,85.0
2026-08-29,wk inc covid hosp,1,2026-09-05,17,quantile,0.95,174.0
2026-08-29,wk inc covid hosp,1,2026-09-05,17,quantile,0.975,282.0
2026-08-29,wk inc covid hosp,1,2026-09-05,17,quantile,0.99,446.0
2026-08-29,wk inc covid hosp,1,2026-09-05,18,quantile,0.01,0.0
2026-08-29,wk inc covid hosp,1,2026-09-05,18,quantile,0.025,0.0
2026-08-29,wk inc covid hosp,1,2026-09-05,18,quantile,0.05,0.0
2026-08-29,wk inc covid hosp,1,2026-09-05,18,quantile,0.1,0.0
2026-08-29,wk inc covid hosp,1,2026-09-05,18,quantile,0.15,0.0
2026-08-29,wk inc covid hosp,1,2026-09-05,18,quantile,0.2,0.0
2026-08-29,wk inc covid hosp,1,2026-09-05,18,quantile,0.25,0.0
2026-08-29,wk inc covid hosp,1,2026-09-05,18,quantile,0.3,0.0
2026-08-29,wk inc covid hosp,1,2026-09-05,18,quantile,0.35,0.0
2026-08-29,wk inc covid hosp,1,2026-09-05,18,quantile,0.4,0.0
2026-08-29,wk inc covid hosp,1,2026-09-05,18,quantile,0.45,0.0
2026-08-29,wk inc covid hosp,1,2026-09-05,18,quantile,0.5,0.0
2026-08-29,wk inc covid hosp,1,2026-09-05,18,quantile,0.55,0.0
2026-08-29,wk inc covid hosp,1,2026-09-05,18,quantile,0.6,0.0
2026-08-29,wk inc covid hosp,1,2026-09-05,18,quantile,0.65,0.0
2026-08-29,wk inc covid hosp,1,2026-09-05,18,quantile,0.7,0.0
2026-08-29,wk inc covid hosp,1,2026-09-05,18,quantile,0.75,0.0
2026-08-29,wk inc covid hosp,1,2026-09-05,18,quantile,0.8,0.0
2026-08-29,wk inc covid hosp,1,2026-09-05,18,quantile,0.85,0.0
2026-08-29,wk inc covid hosp,1,2026-09-05,18,quantile,0.9,0.0
2026-08-29,wk inc covid hosp,1,2026-09-05,18,quantile,0.95,0.0
2026-08-29,wk inc covid hosp,1,2026-09-05,18,quantile,0.975,0.0
2026-08-29,wk inc covid hosp,1,2026-09-05,18,quantile,0.99,0.0
2026-08-29,wk inc covid hosp,1,2026-09-05,19,quantile,0.01,0.0
2026-08-29,wk inc covid hosp,1,2026-09-05,19,quantile,0.025,0.0
2026-08-29,wk inc covid hosp,1,2026-09-05,19,quantile,0.05,0.0
2026-08-29,wk inc covid hosp,1,2026-09-05,19,quantile,0.1,0.0
2026-08-29,wk inc covid hosp,1,2026-09-05,19,quantile,0.15,0.0
2026-08-29,wk inc covid hosp,1,2026-09-05,19,quantile,0.2,0.0
2026-08-29,wk inc covid hosp,1,2026-09-05,19,quantile,0.25,0.0
2026-08-29,wk inc covid hosp,1,2026-09-05,19,quantile,0.3,0.0
2026-08-29,wk inc covid hosp,1,2026-09-05,19,quantile,0.35,0.0
2026-08-29,wk inc covid hosp,1,2026-09-05,19,quantile,0.4,0.0
2026-08-29,wk inc covid hosp,1,2026-09-05,19,quantile,0.45,0.0
2026-08-29,wk inc covid hosp,1,2026-09-05,19,quantile,0.5,0.0
2026-08-29,wk inc covid hosp,1,2026-09-05,19,quantile,0.55,0.0
2026-08-29,wk inc covid hosp,1,2026-09-05,19,quantile,0.6,0.0
2026-08-29,wk inc covid hosp,1,2026-09-05,19,quantile,0.65,0.0
2026-08-29,wk inc covid hosp,1,2026-09-05,19,quantile,0.7,0.0
2026-08-29,wk inc covid hosp,1,2026-09-05,19,quantile,0.75,0.0
2026-08-29,wk inc covid hosp,1,2026-09-05,19,quantile,0.8,0.0
2026-08-29,wk inc covid hosp,1,2026-09-05,19,quantile,0.85,0.0
2026-08-29,wk inc covid hosp,1,2026-09-05,19,quantile,0.9,0.0
2026-08-29,wk inc covid hosp,1,2026-09-05,19,quantile,0.95,0.0
2026-08-29,wk inc covid hosp,1,2026-09-05,19,quantile,0.975,0.0
2026-08-29,wk inc covid hosp,1,2026-09-05,19,quantile,0.99,0.0
2026-08-29,wk inc covid hosp,1,2026-09-05,20,quantile,0.01,0.0
2026-08-29,wk inc covid hosp,1,2026-09-05,20,quantile,0.025,0.0
2026-08-29,wk inc covid hosp,1,2026-09-05,20,quantile,0.05,0.0
2026-08-29,wk inc covid hosp,1,2026-09-05,20,quantile,0.1,0.0
2026-08-29,wk inc covid hosp,1,2026-09-05,20,quantile,0.15,0.0
2026-08-29,wk inc covid hosp,1,2026-09-05,20,quantile,0.2,0.0
2026-08-29,wk inc covid hosp,1,2026-09-05,20,quantile,0.25,0.0
2026-08-29,wk inc covid hosp,1,2026-09-05,20,quantile,0.3,0.0
2026-08-29,wk inc covid hosp,1,2026-09-05,20,quantile,0.35,0.0
2026-08-29,wk inc covid hosp,1,2026-09-05,20,quantile,0.4,0.0
2026-08-29,wk inc covid hosp,1,2026-09-05,20,quantile,0.45,0.0
2026-08-29,wk inc covid hosp,1,2026-09-05,20,quantile,0.5,1.0
2026-08-29,wk inc covid hosp,1,2026-09-05,20,quantile,0.55,1.0
2026-08-29,wk inc covid hosp,1,2026-09-05,20,quantile,0.6,2.0
2026-08-29,wk inc covid hosp,1,2026-09-05,20,quantile,0.65,3.0
2026-08-29,wk inc covid hosp,1,2026-09-05,20,quantile,0.7,5.0
2026-08-29,wk inc covid hosp,1,2026-09-05,20,quantile,0.75,8.0
2026-08-29,wk inc covid hosp,1,2026-09-05,20,quantile,0.8,12.0
2026-08-29,wk inc covid hosp,1,2026-09-05,20,quantile,0.85,17.0
2026-08-29,wk inc covid hosp,1,2026-09-05,20,quantile,0.9,27.0
2026-08-29,wk inc covid hosp,1,2026-09-05,20,quantile,0.95,47.0
2026-08-29,wk inc covid hosp,1,2026-09-05,20,quantile,0.975,69.0
2026-08-29,wk inc covid hosp,1,2026-09-05,20,quantile,0.99,101.0
2026-08-29,wk inc covid hosp,1,2026-09-05,21,quantile,0.01,0.0
2026-08-29,wk inc covid hosp,1,2026-09-05,21,quantile,0.025,0.0
2026-08-29,wk inc covid hosp,1,2026-09-05,21,quantile,0.05,0.0
2026-08-29,wk inc covid hosp,1,2026-09-05,21,quantile,0.1,0.0
2026-08-29,wk inc covid hosp,1,2026-09-05,21,quantile,0.15,0.0
2026-08-29,wk inc covid hosp,1,2026-09-05,21,quantile,0.2,0.0
2026-08-29,wk inc covid hosp,1,2026-09-05,21,quantile,0.25,0.0
2026-08-29,wk inc covid hosp,1,2026-09-05,21,quantile,0.3,0.0
2026-08-29,wk inc covid hosp,1,2026-09-05,21,quantile,0.35,0.0
2026-08-29,wk inc covid hosp,1,2026-09-05,21,quantile,0.4,0.0
2026-08-29,wk inc covid hosp,1,2026-09-05,21,quantile,0.45,0.0
2026-08-29,wk inc covid hosp,1,2026-09-05,21,quantile,0.5,0.0
2026-08-29,wk inc covid hosp,1,2026-09-05,21,quantile,0.55,0.0
2026-08-29,wk inc covid hosp,1,2026-09-05,21,quantile,0.6,1.0
2026-08-29,wk inc covid hosp,1,2026-09-05,21,quantile,0.65,2.0
2026-08-29,wk inc covid hosp,1,2026-09-05,21,quantile,0.7,4.0
2026-08-29,wk inc covid hosp,1,2026-09-05,21,quantile,0.75,8.0
2026-08-29,wk inc covid hosp,1,2026-09-05,21,quantile,0.8,15.0
2026-08-29,wk inc covid hosp,1,2026-09-05,21,quantile,0.85,29.0
2026-08-29,wk inc covid hosp,1,2026-09-05,21,quantile,0.9,58.0
2026-08-29,wk inc covid hosp,1,2026-09-05,21,quantile,0.95,127.0
2026-08-29,wk inc covid hosp,1,2026-09-05,21,quantile,0.975,214.0
2026-08-29,wk inc covid hosp,1,2026-09-05,21,quantile,0.99,348.0
2026-08-29,wk inc covid hosp,1,2026-09-05,22,quantile,0.01,21.0
2026-08-29,wk inc covid hosp,1,2026-09-05,22,quantile,0.025,27.0
2026-08-29,wk inc covid hosp,1,2026-09-05,22,quantile,0.05,32.0
2026-08-29,wk inc covid hosp,1,2026-09-05,22,quantile,0.1,39.0
2026-08-29,wk inc covid hosp,1,2026-09-05,22,quantile,0.15,45.0
2026-08-29,wk inc covid hosp,1,2026-09-05,22,quantile,0.2,49.0
2026-08-29,wk inc covid hosp,1,2026-09-05,22,quantile,0.25,53.0
2026-08-29,wk inc covid hosp,1,2026-09-05,22,quantile,0.3,57.0
2026-08-29,wk inc covid hosp,1,2026-09-05,22,quantile,0.35,61.0
2026-08-29,wk inc covid hosp,1,2026-09-05,22,quantile,0.4,65.0
2026-08-29,wk inc covid hosp,1,2026-09-05,22,quantile,0.45,69.0
2026-08-29,wk inc covid hosp,1,2026-09-05,22,quantile,0.5,73.0
2026-08-29,wk inc covid hosp,1,2026-09-05,22,quantile,0.55,77.0
2026-08-29,wk inc covid hosp,1,2026-09-05,22,quantile,0.6,81.0
2026-08-29,wk inc covid hosp,1,2026-09-05,22,quantile,0.65,86.0
2026-08-29,wk inc covid hosp,1,2026-09-05,22,quantile,0.7,90.0
2026-08-29,wk inc covid hosp,1,2026-09-05,22,quantile,0.75,96.0
2026-08-29,wk inc covid hosp,1,2026-09-05,22,quantile,0.8,102.0
2026-08-29,wk inc covid hosp,1,2026-09-05,22,quantile,0.85,110.0
2026-08-29,wk inc covid hosp,1,2026-09-05,22,quantile,0.9,121.0
2026-08-29,wk inc covid hosp,1,2026-09-05,22,quantile,0.95,137.0
2026-08-29,wk inc covid hosp,1,2026-09-05,22,quantile,0.975,153.0
2026-08-29,wk inc covid hosp,1,2026-09-05,22,quantile,0.99,172.0
2026-08-29,wk inc covid hosp,1,2026-09-05,23,quantile,0.01,0.0
2026-08-29,wk inc covid hosp,1,2026-09-05,23,quantile,0.025,0.0
2026-08-29,wk inc covid hosp,1,2026-09-05,23,quantile,0.05,0.0
2026-08-29,wk inc covid hosp,1,2026-09-05,23,quantile,0.1,0.0
2026-08-29,wk inc covid hosp,1,2026-09-05,23,quantile,0.15,0.0
2026-08-29,wk inc covid hosp,1,2026-09-05,23,quantile,0.2,0.0
2026-08-29,wk inc covid hosp,1,2026-09-05,23,quantile,0.25,0.0
2026-08-29,wk inc covid hosp,1,2026-09-05,23,quantile,0.3,0.0
2026-08-29,wk inc covid hosp,1,2026-09-05,23,quantile,0.35,0.0
2026-08-29,wk inc covid hosp,1,2026-09-05,23,quantile,0.4,0.0
2026-08-29,wk inc covid hosp,1,2026-09-05,23,quantile,0.45,0.0
2026-08-29,wk inc covid hosp,1,2026-09-05,23,quantile,0.5,0.0
2026-08-29,wk inc covid hosp,1,2026-09-05,23,quantile,0.55,0.0
2026-08-29,wk inc covid hosp,1,2026-09-05,23,quantile,0.6,1.0
2026-08-29,wk inc covid hosp,1,2026-09-05,23,quantile,0.65,2.0
2026-08-29,wk inc covid hosp,1,2026-09-05,23,quantile,0.7,5.0
2026-08-29,wk inc covid hosp,1,2026-09-05,23,quantile,0.75,10.0
2026-08-29,wk inc covid hosp,1,2026-09-05,23,quantile,0.8,20.0
2026-08-29,wk inc covid hosp,1,2026-09-05,23,quantile,0.85,39.0
2026-08-29,wk inc covid hosp,1,2026-09-05,23,quantile,0.9,78.0
2026-08-29,wk inc covid hosp,1,2026-09-05,23,quantile,0.95,170.0
2026-08-29,wk inc covid hosp,1,2026-09-05,23,quantile,0.975,286.0
2026-08-29,wk inc covid hosp,1,2026-09-05,23,quantile,0.99,465.0
2026-08-29,wk inc covid hosp,1,2026-09-05,24,quantile,0.01,0.0
2026-08-29,wk inc covid hosp,1,2026-09-05,24,quantile,0.025,0.0
2026-08-29,wk inc covid hosp,1,2026-09-05,24,quantile,0.05,0.0
2026-08-29,wk inc covid hosp,1,2026-09-05,24,quantile,0.1,0.0
2026-08-29,wk inc covid hosp,1,2026-09-05,24,quantile,0.15,0.0
2026-08-29,wk inc covid hosp,1,2026-09-05,24,quantile,0.2,0.0
2026-08-29,wk inc covid hosp,1,2026-09-05,24,quantile,0.25,0.0
2026-08-29,wk inc covid hosp,1,2026-09-05,24,quantile,0.3,0.0
2026-08-29,wk inc covid hosp,1,2026-09-05,24,quantile,0.35,0.0
2026-08-29,wk inc covid hosp,1,2026-09-05,24,quantile,0.4,0.0
2026-08-29,wk inc covid hosp,1,2026-09-05,24,quantile,0.45,0.0
2026-08-29,wk inc covid hosp,1,2026-09-05,24,quantile,0.5,0.0
2026-08-29,wk inc covid hosp,1,2026-09-05,24,quantile,0.55,0.0
2026-08-29,wk inc covid hosp,1,2026-09-05,24,quantile,0.6,1.0
2026-08-29,wk inc covid hosp,1,2026-09-05,24,quantile,0.65,2.0
2026-08-29,wk inc covid hosp,1,2026-09-05,24,quantile,0.7,4.0
2026-08-29,wk inc covid hosp,1,2026-09-05,24,quantile,0.75,8.0
2026-08-29,wk inc covid hosp,1,2026-09-05,24,quantile,0.8,15.0
2026-08-29,wk inc covid hosp,1,2026-09-05,24,quantile,0.85,30.0
2026-08-29,wk inc covid hosp,1,2026-09-05,24,quantile,0.9,58.0
2026-08-29,wk inc covid hosp,1,2026-09-05,24,quantile,0.95,127.0
2026-08-29,wk inc covid hosp,1,2026-09-05,24,quantile,0.975,215.0
2026-08-29,wk inc covid hosp,1,2026-09-05,24,quantile,0.99,349.0
2026-08-29,wk inc covid hosp,1,2026-09-05,25,quantile,0.01,0.0
2026-08-29,wk inc covid hosp,1,2026-09-05,25,quantile,0.025,0.0
2026-08-29,wk inc covid hosp,1,2026-09-05,25,quantile,0.05,0.0
2026-08-29,wk inc covid hosp,1,2026-09-05,25,quantile,0.1,0.0
2026-08-29,wk inc covid hosp,1,2026-09-05,25,quantile,0.15,0.0
2026-08-29,wk inc covid hosp,1,2026-09-05,25,quantile,0.2,0.0
2026-08-29,wk inc covid hosp,1,2026-09-05,25,quantile,0.25,0.0
2026-08-29,wk inc covid hosp,1,2026-09-05,25,quantile,0.3,0.0
2026-08-29,wk inc covid hosp,1,2026-09-05,25,quantile,0.35,0.0
2026-08-29,wk inc covid hosp,1,2026-09-05,25,quantile,0.4,0.0
2026-08-29,wk inc covid hosp,1,2026-09-05,25,quantile,0.45,0.0
2026-08-29,wk inc covid hosp,1,2026-09-05,25,quantile,0.5,0.0
2026-08-29,wk inc covid hosp,1,2026-09-05,25,quantile,0.55,0.0
2026-08-29,wk inc covid hosp,1,2026-09-05,25,quantile,0.6,1.0
2026-08-29,wk inc covid hosp,1,2026-09-05,25,quantile,0.65,2.0
2026-08-29,wk inc covid hosp,1,2026-09-05,25,quantile,0.7,4.0
2026-08-29,wk inc covid hosp,1,2026-09-05,25,quantile,0.75,8.0
2026-08-29,wk inc covid hosp,1,2026-09-05,25,quantile,0.8,17.0
2026-08-29,wk inc covid hosp,1,2026-09-05,25,quantile,0.85,32.0
2026-08-29,wk inc covid hosp,1,2026-09-05,25,quantile,0.9,64.0
2026-08-29,wk inc covid hosp,1,2026-09-05,25,quantile,0.95,140.0
2026-08-29,wk inc covid hosp,1,2026-09-05,25,quantile,0.975,236.0
2026-08-29,wk inc covid hosp,1,2026-09-05,25,quantile,0.99,383.0
2026-08-29,wk inc covid hosp,1,2026-09-05,26,quantile,0.01,60.0
2026-08-29,wk inc covid hosp,1,2026-09-05,26,quantile,0.025,73.0
2026-08-29,wk inc covid hosp,1,2026-09-05,26,quantile,0.05,85.0
2026-08-29,wk inc covid hosp,1,2026-09-05,26,quantile,0.1,102.0
2026-08-29,wk inc covid hosp,1,2026-09-05,26,quantile,0.15,114.0
2026-08-29,wk inc covid hosp,1,2026-09-05,26,quantile,0.2,124.0
2026-08-29,wk inc covid hosp,1,2026-09-05,26,quantile,0.25,133.0
2026-08-29,wk inc covid hosp,1,2026-09-05,26,quantile,0.3,142.0
2026-08-29,wk inc covid hosp,1,2026-09-05,26,quantile,0.35,150.0
2026-08-29,wk inc covid hosp,1,2026-09-05,26,quantile,0.4,158.0
2026-08-29,wk inc covid hosp,1,2026-09-05,26,quantile,0.45,167.0
2026-08-29,wk inc covid hosp,1,2026-09-05,26,quantile,0.5,175.0
2026-08-29,wk inc covid hosp,1,2026-09-05,26,quantile,0.55,184.0
2026-08-29,wk inc covid hosp,1,2026-09-05,26,quantile,0.6,193.0
2026-08-29,wk inc covid hosp,1,2026-09-05,26,quantile,0.65,203.0
2026-08-29,wk inc covid hosp,1,2026-09-05,26,quantile,0.7,213.0
2026-08-29,wk inc covid hosp,1,2026-09-05,26,quantile,0.75,225.0
2026-08-29,wk inc covid hosp,1,2026-09-05,26,quantile,0.8,239.0
2026-08-29,wk inc covid hosp,1,2026-09-05,26,quantile,0.85,255.0
2026-08-29,wk inc covid hosp,1,2026-09-05,26,quantile,0.9,277.0
2026-08-29,wk inc covid hosp,1,2026-09-05,26,quantile,0.95,312.0
2026-08-29,wk inc covid hosp,1,2026-09-05,26,quantile,0.975,344.0
2026-08-29,wk inc covid hosp,1,2026-09-05,26,quantile,0.99,384.0
2026-08-29,wk inc covid hosp,1,2026-09-05,27,quantile,0.01,0.0
2026-08-29,wk inc covid hosp,1,2026-09-05,27,quantile,0.025,0.0
2026-08-29,wk inc covid hosp,1,2026-09-05,27,quantile,0.05,0.0
2026-08-29,wk inc covid hosp,1,2026-09-05,27,quantile,0.1,0.0
2026-08-29,wk inc covid hosp,1,2026-09-05,27,quantile,0.15,0.0
2026-08-29,wk inc covid hosp,1,2026-09-05,27,quantile,0.2,0.0
2026-08-29,wk inc covid hosp,1,2026-09-05,27,quantile,0.25,0.0
2026-08-29,wk inc covid hosp,1,2026-09-05,27,quantile,0.3,0.0
2026-08-29,wk inc covid hosp,1,2026-09-05,27,quantile,0.35,0.0
2026-08-29,wk inc covid hosp,1,2026-09-05,27,quantile,0.4,0.0
2026-08-29,wk inc covid hosp,1,2026-09-05,27,quantile,0.45,1.0
2026-08-29,wk inc covid hosp,1,2026-09-05,27,quantile,0.5,1.0
2026-08-29,wk inc covid hosp,1,2026-09-05,27,quantile,0.55,2.0
2026-08-29,wk inc covid hosp,1,2026-09-05,27,quantile,0.6,4.0
2026-08-29,wk inc covid hosp,1,2026-09-05,27,quantile,0.65,6.0
2026-08-29,wk inc covid hosp,1,2026-09-05,27,quantile,0.7,9.0
2026-08-29,wk inc covid hosp,1,2026-09-05,27,quantile,0.75,14.0
2026-08-29,wk inc covid hosp,1,2026-09-05,27,quantile,0.8,21.0
2026-08-29,wk inc covid hosp,1,2026-09-05,27,quantile,0.85,32.0
2026-08-29,wk inc covid hosp,1,2026-09-05,27,quantile,0.9,51.0
2026-08-29,wk inc covid hosp,1,2026-09-05,27,quantile,0.95,89.0
2026-08-29,wk inc covid hosp,1,2026-09-05,27,quantile,0.975,132.0
2026-08-29,wk inc covid hosp,1,2026-09-05,27,quantile,0.99,195.0
2026-08-29,wk inc covid hosp,1,2026-09-05,28,quantile,0.01,0.0
2026-08-29,wk inc covid hosp,1,2026-09-05,28,quantile,0.025,0.0
2026-08-29,wk inc covid hosp,1,2026-09-05,28,quantile,0.05,0.0
2026-08-29,wk inc covid hosp,1,2026-09-05,28,quantile,0.1,1.0
2026-08-29,wk inc covid hosp,1,2026-09-05,28,quantile,0.15,2.0
2026-08-29,wk inc covid hosp,1,2026-09-05,28,quantile,0.2,3.0
2026-08-29,wk inc covid hosp,1,2026-09-05,28,quantile,0.25,4.0
2026-08-29,wk inc covid hosp,1,2026-09-05,28,quantile,0.3,5.0
2026-08-29,wk inc covid hosp,1,2026-09-05,28,quantile,0.35,6.0
2026-08-29,wk inc covid hosp,1,2026-09-05,28,quantile,0.4,8.0
2026-08-29,wk inc covid hosp,1,2026-09-05,28,quantile,0.45,10.0
2026-08-29,wk inc covid hosp,1,2026-09-05,28,quantile,0.5,12.0
2026-08-29,wk inc covid hosp,1,2026-09-05,28,quantile,0.55,14.0
2026-08-29,wk inc covid hosp,1,2026-09-05,28,quantile,0.6,16.0
2026-08-29,wk inc covid hosp,1,2026-09-05,28,quantile,0.65,19.0
2026-08-29,wk inc covid hosp,1,2026-09-05,28,quantile,0.7,22.0
2026-08-29,wk inc covid hosp,1,2026-09-05,28,quantile,0.75,26.0
2026-08-29,wk inc covid hosp,1,2026-09-05,28,quantile,0.8,30.0
2026-08-29,wk inc covid hosp,1,2026-09-05,28,quantile,0.85,36.0
2026-08-29,wk inc covid hosp,1,2026-09-05,28,quantile,0.9,45.0
2026-08-29,wk inc covid hosp,1,2026-09-05,28,quantile,0.95,60.0
2026-08-29,wk inc covid hosp,1,2026-09-05,28,quantile,0.975,76.0
2026-08-29,wk inc covid hosp,1,2026-09-05,28,quantile,0.99,96.0
2026-08-29,wk inc covid hosp,1,2026-09-05,29,quantile,0.01,0.0
2026-08-29,wk inc covid hosp,1,2026-09-05,29,quantile,0.025,0.0
2026-08-29,wk inc covid hosp,1,2026-09-05,29,quantile,0.05,0.0
2026-08-29,wk inc covid hosp,1,2026-09-05,29,quantile,0.1,0.0
2026-08-29,wk inc covid hosp,1,2026-09-05,29,quantile,0.15,0.0
2026-08-29,wk inc covid hosp,1,2026-09-05,29,quantile,0.2,0.0
2026-08-29,wk inc covid hosp,1,2026-09-05,29,quantile,0.25,0.0
2026-08-29,wk inc covid hosp,1,2026-09-05,29,quantile,0.3,0.0
2026-08-29,wk inc covid hosp,1,2026-09-05,29,quantile,0.35,0.0
2026-08-29,wk inc covid hosp,1,2026-09-05,29,quantile,0.4,0.0
2026-08-29,wk inc covid hosp,1,2026-09-05,29,quantile,0.45,0.0
2026-08-29,wk inc covid hosp,1,2026-09-05,29,quantile,0.5,0.0
2026-08-29,wk inc covid hosp,1,2026-09-05,29,quantile,0.55,0.0
2026-08-29,wk inc covid hosp,1,2026-09-05,29,quantile,0.6,0.0
2026-08-29,wk inc covid hosp,1,2026-09-05,29,quantile,0.65,0.0
2026-08-29,wk inc covid hosp,1,2026-09-05,29,quantile,0.7,0.0
2026-08-29,wk inc covid hosp,1,2026-09-05,29,quantile,0.75,0.0
2026-08-29,wk inc covid hosp,1,2026-09-05,29,quantile,0.8,0.0
2026-08-29,wk inc covid hosp,1,2026-09-05,29,quantile,0.85,0.0
2026-08-29,wk inc covid hosp,1,2026-09-05,29,quantile,0.9,0.0
2026-08-29,wk inc covid hosp,1,2026-09-05,29,quantile,0.95,0.0
2026-08-29,wk inc covid hosp,1,2026-09-05,29,quantile,0.975,0.0
2026-08-29,wk inc covid hosp,1,2026-09-05,29,quantile,0.99,0.0
2026-08-29,wk inc covid hosp,1,2026-09-05,30,quantile,0.01,0.0
2026-08-29,wk inc covid hosp,1,2026-09-05,30,quantile,0.025,0.0
2026-08-29,wk inc covid hosp,1,2026-09-05,30,quantile,0.05,0.0
2026-08-29,wk inc covid hosp,1,2026-09-05,30,quantile,0.1,0.0
2026-08-29,wk inc covid hosp,1,2026-09-05,30,quantile,0.15,0.0
2026-08-29,wk inc covid hosp,1,2026-09-05,30,quantile,0.2,0.0
2026-08-29,wk inc covid hosp,1,2026-09-05,30,quantile,0.25,0.0
2026-08-29,wk inc covid hosp,1,2026-09-05,30,quantile,0.3,0.0
2026-08-29,wk inc covid hosp,1,2026-09-05,30,quantile,0.35,0.0
2026-08-29,wk inc covid hosp,1,2026-09-05,30,quantile,0.4,0.0
2026-08-29,wk inc covid hosp,1,2026-09-05,30,quantile,0.45,0.0
2026-08-29,wk inc covid hosp,1,2026-09-05,30,quantile,0.5,0.0
2026-08-29,wk inc covid hosp,1,2026-09-05,30,quantile,0.55,1.0
2026-08-29,wk inc covid hosp,1,2026-09-05,30,quantile,0.6,2.0
2026-08-29,wk inc covid hosp,1,2026-09-05,30,quantile,0.65,5.0
2026-08-29,wk inc covid hosp,1,2026-09-05,30,quantile,0.7,11.0
2026-08-29,wk inc covid hosp,1,2026-09-05,30,quantile,0.75,22.0
2026-08-29,wk inc covid hosp,1,2026-09-05,30,quantile,0.8,42.0
2026-08-29,wk inc covid hosp,1,2026-09-05,30,quantile,0.85,82.0
2026-08-29,wk inc covid hosp,1,2026-09-05,30,quantile,0.9,163.0
2026-08-29,wk inc covid hosp,1,2026-09-05,30,quantile,0.95,355.0
2026-08-29,wk inc covid hosp,1,2026-09-05,30,quantile,0.975,598.0
2026-08-29,wk inc covid hosp,1,2026-09-05,30,quantile,0.99,972.0
2026-08-29,wk inc covid hosp,1,2026-09-05,31,quantile,0.01,0.0
2026-08-29,wk inc covid hosp,1,2026-09-05,31,quantile,0.025,0.0
2026-08-29,wk inc covid hosp,1,2026-09-05,31,quantile,0.05,1.0
2026-08-29,wk inc covid hosp,1,2026-09-05,31,quantile,0.1,2.0
2026-08-29,wk inc covid hosp,1,2026-09-05,31,quantile,0.15,3.0
2026-08-29,wk inc covid hosp,1,2026-09-05,31,quantile,0.2,4.0
2026-08-29,wk inc covid hosp,1,2026-09-05,31,quantile,0.25,5.0
2026-08-29,wk inc covid hosp,1,2026-09-05,31,quantile,0.3,6.0
2026-08-29,wk inc covid hosp,1,2026-09-05,31,quantile,0.35,7.0
2026-08-29,wk inc covid hosp,1,2026-09-05,31,quantile,0.4,8.0
2026-08-29,wk inc covid hosp,1,2026-09-05,31,quantile,0.45,9.0
2026-08-29,wk inc covid hosp,1,2026-09-05,31,quantile,0.5,11.0
2026-08-29,wk inc covid hosp,1,2026-09-05,31,quantile,0.55,12.0
2026-08-29,wk inc covid hosp,1,2026-09-05,31,quantile,0.6,14.0
2026-08-29,wk inc covid hosp,1,2026-09-05,31,quantile,0.65,16.0
2026-08-29,wk inc covid hosp,1,2026-09-05,31,quantile,0.7,18.0
2026-08-29,wk inc covid hosp,1,2026-09-05,31,quantile,0.75,20.0
2026-08-29,wk inc covid hosp,1,2026-09-05,31,quantile,0.8,23.0
2026-08-29,wk inc covid hosp,1,2026-09-05,31,quantile,0.85,27.0
2026-08-29,wk inc covid hosp,1,2026-09-05,31,quantile,0.9,32.0
2026-08-29,wk inc covid hosp,1,2026-09-05,31,quantile,0.95,41.0
2026-08-29,wk inc covid hosp,1,2026-09-05,31,quantile,0.975,50.0
2026-08-29,wk inc covid hosp,1,2026-09-05,31,quantile,0.99,62.0
2026-08-29,wk inc covid hosp,1,2026-09-05,32,quantile,0.01,0.0
2026-08-29,wk inc covid hosp,1,2026-09-05,32,quantile,0.025,0.0
2026-08-29,wk inc covid hosp,1,2026-09-05,32,quantile,0.05,0.0
2026-08-29,wk inc covid hosp,1,2026-09-05,32,quantile,0.1,0.0
2026-08-29,wk inc covid hosp,1,2026-09-05,32,quantile,0.15,0.0
2026-08-29,wk inc covid hosp,1,2026-09-05,32,quantile,0.2,0.0
2026-08-29,wk inc covid hosp,1,2026-09-05,32,quantile,0.25,0.0
2026-08-29,wk inc covid hosp,1,2026-09-05,32,quantile,0.3,0.0
2026-08-29,wk inc covid hosp,1,2026-09-05,32,quantile,0.35,0.0
2026-08-29,wk inc covid hosp,1,2026-09-05,32,quantile,0.4,0.0
2026-08-29,wk inc covid hosp,1,2026-09-05,32,quantile,0.45,0.0
2026-08-29,wk inc covid hosp,1,2026-09-05,32,quantile,0.5,0.0
2026-08-29,wk inc covid hosp,1,2026-09-05,32,quantile,0.55,0.0
2026-08-29,wk inc covid hosp,1,2026-09-05,32,quantile,0.6,0.0
2026-08-29,wk inc covid hosp,1,2026-09-05,32,quantile,0.65,0.0
2026-08-29,wk inc covid hosp,1,2026-09-05,32,quantile,0.7,0.0
2026-08-29,wk inc covid hosp,1,2026-09-05,32,quantile,0.75,0.0
2026-08-29,wk inc covid hosp,1,2026-09-05,32,quantile,0.8,0.0
2026-08-29,wk inc covid hosp,1,2026-09-05,32,quantile,0.85,0.0
2026-08-29,wk inc covid hosp,1,2026-09-05,32,quantile,0.9,0.0
2026-08-29,wk inc covid hosp,1,2026-09-05,32,quantile,0.95,0.0
2026-08-29,wk inc covid hosp,1,2026-09-05,32,quantile,0.975,0.0
2026-08-29,wk inc covid hosp,1,2026-09-05,32,quantile,0.99,0.0
2026-08-29,wk inc covid hosp,1,2026-09-05,33,quantile,0.01,0.0
2026-08-29,wk inc covid hosp,1,2026-09-05,33,quantile,0.025,0.0
2026-08-29,wk inc covid hosp,1,2026-09-05,33,quantile,0.05,0.0
2026-08-29,wk inc covid hosp,1,2026-09-05,33,quantile,0.1,0.0
2026-08-29,wk inc covid hosp,1,2026-09-05,33,quantile,0.15,0.0
2026-08-29,wk inc covid hosp,1,2026-09-05,33,quantile,0.2,0.0
2026-08-29,wk inc covid hosp,1,2026-09-05,33,quantile,0.25,0.0
2026-08-29,wk inc covid hosp,1,2026-09-05,33,quantile,0.3,0.0
2026-08-29,wk inc covid hosp,1,2026-09-05,33,quantile,0.35,0.0
2026-08-29,wk inc covid hosp,1,2026-09-05,33,quantile,0.4,0.0
2026-08-29,wk inc covid hosp,1,2026-09-05,33,quantile,0.45,0.0
2026-08-29,wk inc covid hosp,1,2026-09-05,33,quantile,0.5,0.0
2026-08-29,wk inc covid hosp,1,2026-09-05,33,quantile,0.55,0.0
2026-08-29,wk inc covid hosp,1,2026-09-05,33,quantile,0.6,0.0
2026-08-29,wk inc covid hosp,1,2026-09-05,33,quantile,0.65,0.0
2026-08-29,wk inc covid hosp,1,2026-09-05,33,quantile,0.7,1.0
2026-08-29,wk inc covid hosp,1,2026-09-05,33,quantile,0.75,2.0
2026-08-29,wk inc covid hosp,1,2026-09-05,33,quantile,0.8,3.0
2026-08-29,wk inc covid hosp,1,2026-09-05,33,quantile,0.85,6.0
2026-08-29,wk inc covid hosp,1,2026-09-05,33,quantile,0.9,12.0
2026-08-29,wk inc covid hosp,1,2026-09-05,33,quantile,0.95,27.0
2026-08-29,wk inc covid hosp,1,2026-09-05,33,quantile,0.975,46.0
2026-08-29,wk inc covid hosp,1,2026-09-05,33,quantile,0.99,74.0
2026-08-29,wk inc covid hosp,1,2026-09-05,34,quantile,0.01,24.0
2026-08-29,wk inc covid hosp,1,2026-09-05,34,quantile,0.025,32.0
2026-08-29,wk inc covid hosp,1,2026-09-05,34,quantile,0.05,41.0
2026-08-29,wk inc covid hosp,1,2026-09-05,34,quantile,0.1,52.0
2026-08-29,wk inc covid hosp,1,2026-09-05,34,quantile,0.15,62.0
2026-08-29,wk inc covid hosp,1,2026-09-05,34,quantile,0.2,70.0
2026-08-29,wk inc covid hosp,1,2026-09-05,34,quantile,0.25,77.0
2026-08-29,wk inc covid hosp,1,2026-09-05,34,quantile,0.3,84.0
2026-08-29,wk inc covid hosp,1,2026-09-05,34,quantile,0.35,91.0
2026-08-29,wk inc covid hosp,1,2026-09-05,34,quantile,0.4,98.0
2026-08-29,wk inc covid hosp,1,2026-09-05,34,quantile,0.45,105.0
2026-08-29,wk inc covid hosp,1,2026-09-05,34,quantile,0.5,112.0
2026-08-29,wk inc covid hosp,1,2026-09-05,34,quantile,0.55,120.0
2026-08-29,wk inc covid hosp,1,2026-09-05,34,quantile,0.6,128.0
2026-08-29,wk inc covid hosp,1,2026-09-05,34,quantile,0.65,137.0
2026-08-29,wk inc covid hosp,1,2026-09-05,34,quantile,0.7,146.0
2026-08-29,wk inc covid hosp,1,2026-09-05,34,quantile,0.75,157.0
2026-08-29,wk inc covid hosp,1,2026-09-05,34,quantile,0.8,170.0
2026-08-29,wk inc covid hosp,1,2026-09-05,34,quantile,0.85,185.0
2026-08-29,wk inc covid hosp,1,2026-09-05,34,quantile,0.9,206.0
2026-08-29,wk inc covid hosp,1,2026-09-05,34,quantile,0.95,239.0
2026-08-29,wk inc covid hosp,1,2026-09-05,34,quantile,0.975,271.0
2026-08-29,wk inc covid hosp,1,2026-09-05,34,quantile,0.99,311.0
2026-08-29,wk inc covid hosp,1,2026-09-05,35,quantile,0.01,0.0
2026-08-29,wk inc covid hosp,1,2026-09-05,35,quantile,0.025,0.0
2026-08-29,wk inc covid hosp,1,2026-09-05,35,quantile,0.05,0.0
2026-08-29,wk inc covid hosp,1,2026-09-05,35,quantile,0.1,1.0
2026-08-29,wk inc covid hosp,1,2026-09-05,35,quantile,0.15,2.0
2026-08-29,wk inc covid hosp,1,2026-09-05,35,quantile,0.2,3.0
2026-08-29,wk inc covid hosp,1,2026-09-05,35,quantile,0.25,4.0
2026-08-29,wk inc covid hosp,1,2026-09-05,35,quantile,0.3,5.0
2026-08-29,wk inc covid hosp,1,2026-09-05,35,quantile,0.35,7.0
2026-08-29,wk inc covid hosp,1,2026-09-05,35,quantile,0.4,8.0
2026-08-29,wk inc covid hosp,1,2026-09-05,35,quantile,0.45,9.0
2026-08-29,wk inc covid hosp,1,2026-09-05,35,quantile,0.5,10.0
2026-08-29,wk inc covid hosp,1,2026-09-05,35,quantile,0.55,12.0
2026-08-29,wk inc covid hosp,1,2026-09-05,35,quantile,0.6,14.0
2026-08-29,wk inc covid hosp,1,2026-09-05,35,quantile,0.65,16.0
2026-08-29,wk inc covid hosp,1,2026-09-05,35,quantile,0.7,18.0
2026-08-29,wk inc covid hosp,1,2026-09-05,35,quantile,0.75,21.0
2026-08-29,wk inc covid hosp,1,2026-09-05,35,quantile,0.8,24.0
2026-08-29,wk inc covid hosp,1,2026-09-05,35,quantile,0.85,28.0
2026-08-29,wk inc covid hosp,1,2026-09-05,35,quantile,0.9,34.0
2026-08-29,wk inc covid hosp,1,2026-09-05,35,quantile,0.95,44.0
2026-08-29,wk inc covid hosp,1,2026-09-05,35,quantile,0.975,54.0
2026-08-29,wk inc covid hosp,1,2026-09-05,35,quantile,0.99,67.0
2026-08-29,wk inc covid hosp,1,2026-09-05,36,quantile,0.01,0.0
2026-08-29,wk inc covid hosp,1,2026-09-05,36,quantile,0.025,1.0
2026-08-29,wk inc covid hosp,1,2026-09-05,36,quantile,0.05,3.0
2026-08-29,wk inc covid hosp,1,2026-09-05,36,quantile,0.1,8.0
2026-08-29,wk inc covid hosp,1,2026-09-05,36,quantile,0.15,14.0
2026-08-29,wk inc covid hosp,1,2026-09-05,36,quantile,0.2,20.0
2026-08-29,wk inc covid hosp,1,2026-09-05,36,quantile,0.25,28.0
2026-08-29,wk inc covid hosp,1,2026-09-05,36,quantile,0.3,36.0
2026-08-29,wk inc covid hosp,1,2026-09-05,36,quantile,0.35,45.0
2026-08-29,wk inc covid hosp,1,2026-09-05,36,quantile,0.4,55.0
2026-08-29,wk inc covid hosp,1,2026-09-05,36,quantile,0.45,65.0
2026-08-29,wk inc covid hosp,1,2026-09-05,36,quantile,0.5,78.0
2026-08-29,wk inc covid hosp,1,2026-09-05,36,quantile,0.55,91.0
2026-08-29,wk inc covid hosp,1,2026-09-05,36,quantile,0.6,107.0
2026-08-29,wk inc covid hosp,1,2026-09-05,36,quantile,0.65,124.0
2026-08-29,wk inc covid hosp,1,2026-09-05,36,quantile,0.7,145.0
2026-08-29,wk inc covid hosp,1,2026-09-05,36,quantile,0.75,170.0
2026-08-29,wk inc covid hosp,1,2026-09-05,36,quantile,0.8,201.0
2026-08-29,wk inc covid hosp,1,2026-09-05,36,quantile,0.85,241.0
2026-08-29,wk inc covid hosp,1,2026-09-05,36,quantile,0.9,298.0
2026-08-29,wk inc covid hosp,1,2026-09-05,36,quantile,0.95,396.0
2026-08-29,wk inc covid hosp,1,2026-09-05,36,quantile,0.975,496.0
2026-08-29,wk inc covid hosp,1,2026-09-05,36,quantile,0.99,629.0
2026-08-29,wk inc covid hosp,1,2026-09-05,37,quantile,0.01,45.0
2026-08-29,wk inc covid hosp,1,2026-09-05,37,quantile,0.025,57.0
2026-08-29,wk inc covid hosp,1,2026-09-05,37,quantile,0.05,69.0
2026-08-29,wk inc covid hosp,1,2026-09-05,37,quantile,0.1,85.0
2026-08-29,wk inc covid hosp,1,2026-09-05,37,quantile,0.15,97.0
2026-08-29,wk inc covid hosp,1,2026-09-05,37,quantile,0.2,107.0
2026-08-29,wk inc covid hosp,1,2026-09-05,37,quantile,0.25,116.0
2026-08-29,wk inc covid hosp,1,2026-09-05,37,quantile,0.3,125.0
2026-08-29,wk inc covid hosp,1,2026-09-05,37,quantile,0.35,134.0
2026-08-29,wk inc covid hosp,1,2026-09-05,37,quantile,0.4,142.0
2026-08-29,wk inc covid hosp,1,2026-09-05,37,quantile,0.45,151.0
2026-08-29,wk inc covid hosp,1,2026-09-05,37,quantile,0.5,160.0
2026-08-29,wk inc covid hosp,1,2026-09-05,37,quantile,0.55,169.0
2026-08-29,wk inc covid hosp,1,2026-09-05,37,quantile,0.6,178.0
2026-08-29,wk inc covid hosp,1,2026-09-05,37,quantile,0.65,189.0
2026-08-29,wk inc covid hosp,1,2026-09-05,37,quantile,0.7,200.0
2026-08-29,wk inc covid hosp,1,2026-09-05,37,quantile,0.75,212.0
2026-08-29,wk inc covid hosp,1,2026-09-05,37,quantile,0.8,227.0
2026-08-29,wk inc covid hosp,1,2026-09-05,37,quantile,0.85,245.0
2026-08-29,wk inc covid hosp,1,2026-09-05,37,quantile,0.9,268.0
2026-08-29,wk inc covid hosp,1,2026-09-05,37,quantile,0.95,306.0
2026-08-29,wk inc covid hosp,1,2026-09-05,37,quantile,0.975,341.0
2026-08-29,wk inc covid hosp,1,2026-09-05,37,quantile,0.99,385.0
2026-08-29,wk inc covid hosp,1,2026-09-05,38,quantile,0.01,0.0
2026-08-29,wk inc covid hosp,1,2026-09-05,38,quantile,0.025,0.0
2026-08-29,wk inc covid hosp,1,2026-09-05,38,quantile,0.05,0.0
2026-08-29,wk inc covid hosp,1,2026-09-05,38,quantile,0.1,0.0
2026-08-29,wk inc covid hosp,1,2026-09-05,38,quantile,0.15,0.0
2026-08-29,wk inc covid hosp,1,2026-09-05,38,quantile,0.2,0.0
2026-08-29,wk inc covid hosp,1,2026-09-05,38,quantile,0.25,0.0
2026-08-29,wk inc covid hosp,1,2026-09-05,38,quantile,0.3,0.0
2026-08-29,wk inc covid hosp,1,2026-09-05,38,quantile,0.35,0.0
2026-08-29,wk inc covid hosp,1,2026-09-05,38,quantile,0.4,0.0
2026-08-29,wk inc covid hosp,1,2026-09-05,38,quantile,0.45,0.0
2026-08-29,wk inc covid hosp,1,2026-09-05,38,quantile,0.5,0.0
2026-08-29,wk inc covid hosp,1,2026-09-05,38,quantile,0.55,0.0
2026-08-29,wk inc covid hosp,1,2026-09-05,38,quantile,0.6,0.0
2026-08-29,wk inc covid hosp,1,2026-09-05,38,quantile,0.65,0.0
2026-08-29,wk inc covid hosp,1,2026-09-05,38,quantile,0.7,1.0
2026-08-29,wk inc covid hosp,1,2026-09-05,38,quantile,0.75,2.0
2026-08-29,wk inc covid hosp,1,2026-09-05,38,quantile,0.8,3.0
2026-08-29,wk inc covid hosp,1,2026-09-05,38,quantile,0.85,6.0
2026-08-29,wk inc covid hosp,1,2026-09-05,38,quantile,0.9,12.0
2026-08-29,wk inc covid hosp,1,2026-09-05,38,quantile,0.95,26.0
2026-08-29,wk inc covid hosp,1,2026-09-05,38,quantile,0.975,44.0
2026-08-29,wk inc covid hosp,1,2026-09-05,38,quantile,0.99,72.0
2026-08-29,wk inc covid hosp,1,2026-09-05,39,quantile,0.01,0.0
2026-08-29,wk inc covid hosp,1,2026-09-05,39,quantile,0.025,0.0
2026-08-29,wk inc covid hosp,1,2026-09-05,39,quantile,0.05,0.0
2026-08-29,wk inc covid hosp,1,2026-09-05,39,quantile,0.1,0.0
2026-08-29,wk inc covid hosp,1,2026-09-05,39,quantile,0.15,0.0
2026-08-29,wk inc covid hosp,1,2026-09-05,39,quantile,0.2,0.0
2026-08-29,wk inc covid hosp,1,2026-09-05,39,quantile,0.25,0.0
2026-08-29,wk inc covid hosp,1,2026-09-05,39,quantile,0.3,0.0
2026-08-29,wk inc covid hosp,1,2026-09-05,39,quantile,0.35,0.0
2026-08-29,wk inc covid hosp,1,2026-09-05,39,quantile,0.4,0.0
2026-08-29,wk inc covid hosp,1,2026-09-05,39,quantile,0.45,0.0
2026-08-29,wk inc covid hosp,1,2026-09-05,39,quantile,0.5,0.0
2026-08-29,wk inc covid hosp,1,2026-09-05,39,quantile,0.55,1.0
2026-08-29,wk inc covid hosp,1,2026-09-05,39,quantile,0.6,2.0
2026-08-29,wk inc covid hosp,1,2026-09-05,39,quantile,0.65,4.0
2026-08-29,wk inc covid hosp,1,2026-09-05,39,quantile,0.7,8.0
2026-08-29,wk inc covid hosp,1,2026-09-05,39,quantile,0.75,16.0
2026-08-29,wk inc covid hosp,1,2026-09-05,39,quantile,0.8,32.0
2026-08-29,wk inc covid hosp,1,2026-09-05,39,quantile,0.85,62.0
2026-08-29,wk inc covid hosp,1,2026-09-05,39,quantile,0.9,123.0
2026-08-29,wk inc covid hosp,1,2026-09-05,39,quantile,0.95,269.0
2026-08-29,wk inc covid hosp,1,2026-09-05,39,quantile,0.975,453.0
2026-08-29,wk inc covid hosp,1,2026-09-05,39,quantile,0.99,736.0
2026-08-29,wk inc covid hosp,1,2026-09-05,40,quantile,0.01,0.0
2026-08-29,wk inc covid hosp,1,2026-09-05,40,quantile,0.025,0.0
2026-08-29,wk inc covid hosp,1,2026-09-05,40,quantile,0.05,0.0
2026-08-29,wk inc covid hosp,1,2026-09-05,40,quantile,0.1,1.0
2026-08-29,wk inc covid hosp,1,2026-09-05,40,quantile,0.15,2.0
2026-08-29,wk inc covid hosp,1,2026-09-05,40,quantile,0.2,3.0
2026-08-29,wk inc covid hosp,1,2026-09-05,40,quantile,0.25,4.0
2026-08-29,wk inc covid hosp,1,2026-09-05,40,quantile,0.3,6.0
2026-08-29,wk inc covid hosp,1,2026-09-05,40,quantile,0.35,7.0
2026-08-29,wk inc covid hosp,1,2026-09-05,40,quantile,0.4,9.0
2026-08-29,wk inc covid hosp,1,2026-09-05,40,quantile,0.45,11.0
2026-08-29,wk inc covid hosp,1,2026-09-05,40,quantile,0.5,14.0
2026-08-29,wk inc covid hosp,1,2026-09-05,40,quantile,0.55,16.0
2026-08-29,wk inc covid hosp,1,2026-09-05,40,quantile,0.6,20.0
2026-08-29,wk inc covid hosp,1,2026-09-05,40,quantile,0.65,23.0
2026-08-29,wk inc covid hosp,1,2026-09-05,40,quantile,0.7,27.0
2026-08-29,wk inc covid hosp,1,2026-09-05,40,quantile,0.75,32.0
2026-08-29,wk inc covid hosp,1,2026-09-05,40,quantile,0.8,39.0
2026-08-29,wk inc covid hosp,1,2026-09-05,40,quantile,0.85,47.0
2026-08-29,wk inc covid hosp,1,2026-09-05,40,quantile,0.9,59.0
2026-08-29,wk inc covid hosp,1,2026-09-05,40,quantile,0.95,79.0
2026-08-29,wk inc covid hosp,1,2026-09-05,40,quantile,0.975,100.0
2026-08-29,wk inc covid hosp,1,2026-09-05,40,quantile,0.99,128.0
2026-08-29,wk inc covid hosp,1,2026-09-05,41,quantile,0.01,0.0
2026-08-29,wk inc covid hosp,1,2026-09-05,41,quantile,0.025,0.0
2026-08-29,wk inc covid hosp,1,2026-09-05,41,quantile,0.05,0.0
2026-08-29,wk inc covid hosp,1,2026-09-05,41,quantile,0.1,0.0
2026-08-29,wk inc covid hosp,1,2026-09-05,41,quantile,0.15,0.0
2026-08-29,wk inc covid hosp,1,2026-09-05,41,quantile,0.2,0.0
2026-08-29,wk inc covid hosp,1,2026-09-05,41,quantile,0.25,0.0
2026-08-29,wk inc covid hosp,1,2026-09-05,41,quantile,0.3,0.0
2026-08-29,wk inc covid hosp,1,2026-09-05,41,quantile,0.35,0.0
2026-08-29,wk inc covid hosp,1,2026-09-05,41,quantile,0.4,0.0
2026-08-29,wk inc covid hosp,1,2026-09-05,41,quantile,0.45,1.0
2026-08-29,wk inc covid hosp,1,2026-09-05,41,quantile,0.5,1.0
2026-08-29,wk inc covid hosp,1,2026-09-05,41,quantile,0.55,2.0
2026-08-29,wk inc covid hosp,1,2026-09-05,41,quantile,0.6,4.0
2026-08-29,wk inc covid hosp,1,2026-09-05,41,quantile,0.65,6.0
2026-08-29,wk inc covid hosp,1,2026-09-05,41,quantile,0.7,8.0
2026-08-29,wk inc covid hosp,1,2026-09-05,41,quantile,0.75,12.0
2026-08-29,wk inc covid hosp,1,2026-09-05,41,quantile,0.8,18.0
2026-08-29,wk inc covid hosp,1,2026-09-05,41,quantile,0.85,26.0
2026-08-29,wk inc covid hosp,1,2026-09-05,41,quantile,0.9,41.0
2026-08-29,wk inc covid hosp,1,2026-09-05,41,quantile,0.95,69.0
2026-08-29,wk inc covid hosp,1,2026-09-05,41,quantile,0.975,100.0
2026-08-29,wk inc covid hosp,1,2026-09-05,41,quantile,0.99,145.0
2026-08-29,wk inc covid hosp,1,2026-09-05,42,quantile,0.01,0.0
2026-08-29,wk inc covid hosp,1,2026-09-05,42,quantile,0.025,0.0
2026-08-29,wk inc covid hosp,1,2026-09-05,42,quantile,0.05,0.0
2026-08-29,wk inc covid hosp,1,2026-09-05,42,quantile,0.1,0.0
2026-08-29,wk inc covid hosp,1,2026-09-05,42,quantile,0.15,0.0
2026-08-29,wk inc covid hosp,1,2026-09-05,42,quantile,0.2,0.0
2026-08-29,wk inc covid hosp,1,2026-09-05,42,quantile,0.25,0.0
2026-08-29,wk inc covid hosp,1,2026-09-05,42,quantile,0.3,1.0
2026-08-29,wk inc covid hosp,1,2026-09-05,42,quantile,0.35,1.0
2026-08-29,wk inc covid hosp,1,2026-09-05,42,quantile,0.4,2.0
2026-08-29,wk inc covid hosp,1,2026-09-05,42,quantile,0.45,4.0
2026-08-29,wk inc covid hosp,1,2026-09-05,42,quantile,0.5,6.0
2026-08-29,wk inc covid hosp,1,2026-09-05,42,quantile,0.55,10.0
2026-08-29,wk inc covid hosp,1,2026-09-05,42,quantile,0.6,15.0
2026-08-29,wk inc covid hosp,1,2026-09-05,42,quantile,0.65,21.0
2026-08-29,wk inc covid hosp,1,2026-09-05,42,quantile,0.7,30.0
2026-08-29,wk inc covid hosp,1,2026-09-05,42,quantile,0.75,43.0
2026-08-29,wk inc covid hosp,1,2026-09-05,42,quantile,0.8,61.0
2026-08-29,wk inc covid hosp,1,2026-09-05,42,quantile,0.85,87.0
2026-08-29,wk inc covid hosp,1,2026-09-05,42,quantile,0.9,130.0
2026-08-29,wk inc covid hosp,1,2026-09-05,42,quantile,0.95,214.0
2026-08-29,wk inc covid hosp,1,2026-09-05,42,quantile,0.975,307.0
2026-08-29,wk inc covid hosp,1,2026-09-05,42,quantile,0.99,439.0
2026-08-29,wk inc covid hosp,1,2026-09-05,44,quantile,0.01,0.0
2026-08-29,wk inc covid hosp,1,2026-09-05,44,quantile,0.025,0.0
2026-08-29,wk inc covid hosp,1,2026-09-05,44,quantile,0.05,0.0
2026-08-29,wk inc covid hosp,1,2026-09-05,44,quantile,0.1,0.0
2026-08-29,wk inc covid hosp,1,2026-09-05,44,quantile,0.15,0.0
2026-08-29,wk inc covid hosp,1,2026-09-05,44,quantile,0.2,0.0
2026-08-29,wk inc covid hosp,1,2026-09-05,44,quantile,0.25,0.0
2026-08-29,wk inc covid hosp,1,2026-09-05,44,quantile,0.3,0.0
2026-08-29,wk inc covid hosp,1,2026-09-05,44,quantile,0.35,0.0
2026-08-29,wk inc covid hosp,1,2026-09-05,44,quantile,0.4,0.0
2026-08-29,wk inc covid hosp,1,2026-09-05,44,quantile,0.45,0.0
2026-08-29,wk inc covid hosp,1,2026-09-05,44,quantile,0.5,0.0
2026-08-29,wk inc covid hosp,1,2026-09-05,44,quantile,0.55,0.0
2026-08-29,wk inc covid hosp,1,2026-09-05,44,quantile,0.6,0.0
2026-08-29,wk inc covid hosp,1,2026-09-05,44,quantile,0.65,0.0
2026-08-29,wk inc covid hosp,1,2026-09-05,44,quantile,0.7,0.0
2026-08-29,wk inc covid hosp,1,2026-09-05,44,quantile,0.75,0.0
2026-08-29,wk inc covid hosp,1,2026-09-05,44,quantile,0.8,0.0
2026-08-29,wk inc covid hosp,1,2026-09-05,44,quantile,0.85,0.0
2026-08-29,wk inc covid hosp,1,2026-09-05,44,quantile,0.9,0.0
2026-08-29,wk inc covid hosp,1,2026-09-05,44,quantile,0.95,0.0
2026-08-29,wk inc covid hosp,1,2026-09-05,44,quantile,0.975,0.0
2026-08-29,wk inc covid hosp,1,2026-09-05,44,quantile,0.99,0.0
2026-08-29,wk inc covid hosp,1,2026-09-05,45,quantile,0.01,0.0
2026-08-29,wk inc covid hosp,1,2026-09-05,45,quantile,0.025,1.0
2026-08-29,wk inc covid hosp,1,2026-09-05,45,quantile,0.05,2.0
2026-08-29,wk inc covid hosp,1,2026-09-05,45,quantile,0.1,4.0
2026-08-29,wk inc covid hosp,1,2026-09-05,45,quantile,0.15,7.0
2026-08-29,wk inc covid hosp,1,2026-09-05,45,quantile,0.2,9.0
2026-08-29,wk inc covid hosp,1,2026-09-05,45,quantile,0.25,12.0
2026-08-29,wk inc covid hosp,1,2026-09-05,45,quantile,0.3,15.0
2026-08-29,wk inc covid hosp,1,2026-09-05,45,quantile,0.35,17.0
2026-08-29,wk inc covid hosp,1,2026-09-05,45,quantile,0.4,21.0
2026-08-29,wk inc covid hosp,1,2026-09-05,45,quantile,0.45,24.0
2026-08-29,wk inc covid hosp,1,2026-09-05,45,quantile,0.5,27.0
2026-08-29,wk inc covid hosp,1,2026-09-05,45,quantile,0.55,31.0
2026-08-29,wk inc covid hosp,1,2026-09-05,45,quantile,0.6,36.0
2026-08-29,wk inc covid hosp,1,2026-09-05,45,quantile,0.65,40.0
2026-08-29,wk inc covid hosp,1,2026-09-05,45,quantile,0.7,46.0
2026-08-29,wk inc covid hosp,1,2026-09-05,45,quantile,0.75,53.0
2026-08-29,wk inc covid hosp,1,2026-09-05,45,quantile,0.8,61.0
2026-08-29,wk inc covid hosp,1,2026-09-05,45,quantile,0.85,71.0
2026-08-29,wk inc covid hosp,1,2026-09-05,45,quantile,0.9,85.0
2026-08-29,wk inc covid hosp,1,2026-09-05,45,quantile,0.95,110.0
2026-08-29,wk inc covid hosp,1,2026-09-05,45,quantile,0.975,134.0
2026-08-29,wk inc covid hosp,1,2026-09-05,45,quantile,0.99,166.0
2026-08-29,wk inc covid hosp,1,2026-09-05,46,quantile,0.01,0.0
2026-08-29,wk inc covid hosp,1,2026-09-05,46,quantile,0.025,0.0
2026-08-29,wk inc covid hosp,1,2026-09-05,46,quantile,0.05,0.0
2026-08-29,wk inc covid hosp,1,2026-09-05,46,quantile,0.1,0.0
2026-08-29,wk inc covid hosp,1,2026-09-05,46,quantile,0.15,0.0
2026-08-29,wk inc covid hosp,1,2026-09-05,46,quantile,0.2,0.0
2026-08-29,wk inc covid hosp,1,2026-09-05,46,quantile,0.25,0.0
2026-08-29,wk inc covid hosp,1,2026-09-05,46,quantile,0.3,0.0
2026-08-29,wk inc covid hosp,1,2026-09-05,46,quantile,0.35,0.0
2026-08-29,wk inc covid hosp,1,2026-09-05,46,quantile,0.4,0.0
2026-08-29,wk inc covid hosp,1,2026-09-05,46,quantile,0.45,0.0
2026-08-29,wk inc covid hosp,1,2026-09-05,46,quantile,0.5,0.0
2026-08-29,wk inc covid hosp,1,2026-09-05,46,quantile,0.55,0.0
2026-08-29,wk inc covid hosp,1,2026-09-05,46,quantile,0.6,0.0
2026-08-29,wk inc covid hosp,1,2026-09-05,46,quantile,0.65,0.0
2026-08-29,wk inc covid hosp,1,2026-09-05,46,quantile,0.7,0.0
2026-08-29,wk inc covid hosp,1,2026-09-05,46,quantile,0.75,0.0
2026-08-29,wk inc covid hosp,1,2026-09-05,46,quantile,0.8,0.0
2026-08-29,wk inc covid hosp,1,2026-09-05,46,quantile,0.85,0.0
2026-08-29,wk inc covid hosp,1,2026-09-05,46,quantile,0.9,0.0
2026-08-29,wk inc covid hosp,1,2026-09-05,46,quantile,0.95,0.0
2026-08-29,wk inc covid hosp,1,2026-09-05,46,quantile,0.975,0.0
2026-08-29,wk inc covid hosp,1,2026-09-05,46,quantile,0.99,0.0
2026-08-29,wk inc covid hosp,1,2026-09-05,47,quantile,0.01,1.0
2026-08-29,wk inc covid hosp,1,2026-09-05,47,quantile,0.025,2.0
2026-08-29,wk inc covid hosp,1,2026-09-05,47,quantile,0.05,4.0
2026-08-29,wk inc covid hosp,1,2026-09-05,47,quantile,0.1,7.0
2026-08-29,wk inc covid hosp,1,2026-09-05,47,quantile,0.15,11.0
2026-08-29,wk inc covid hosp,1,2026-09-05,47,quantile,0.2,15.0
2026-08-29,wk inc covid hosp,1,2026-09-05,47,quantile,0.25,18.0
2026-08-29,wk inc covid hosp,1,2026-09-05,47,quantile,0.3,22.0
2026-08-29,wk inc covid hosp,1,2026-09-05,47,quantile,0.35,26.0
2026-08-29,wk inc covid hosp,1,2026-09-05,47,quantile,0.4,30.0
2026-08-29,wk inc covid hosp,1,2026-09-05,47,quantile,0.45,35.0
2026-08-29,wk inc covid hosp,1,2026-09-05,47,quantile,0.5,39.0
2026-08-29,wk inc covid hosp,1,2026-09-05,47,quantile,0.55,45.0
2026-08-29,wk inc covid hosp,1,2026-09-05,47,quantile,0.6,50.0
2026-08-29,wk inc covid hosp,1,2026-09-05,47,quantile,0.65,57.0
2026-08-29,wk inc covid hosp,1,2026-09-05,47,quantile,0.7,64.0
2026-08-29,wk inc covid hosp,1,2026-09-05,47,quantile,0.75,73.0
2026-08-29,wk inc covid hosp,1,2026-09-05,47,quantile,0.8,84.0
2026-08-29,wk inc covid hosp,1,2026-09-05,47,quantile,0.85,97.0
2026-08-29,wk inc covid hosp,1,2026-09-05,47,quantile,0.9,116.0
2026-08-29,wk inc covid hosp,1,2026-09-05,47,quantile,0.95,148.0
2026-08-29,wk inc covid hosp,1,2026-09-05,47,quantile,0.975,179.0
2026-08-29,wk inc covid hosp,1,2026-09-05,47,quantile,0.99,220.0
2026-08-29,wk inc covid hosp,1,2026-09-05,48,quantile,0.01,49.0
2026-08-29,wk inc covid hosp,1,2026-09-05,48,quantile,0.025,70.0
2026-08-29,wk inc covid hosp,1,2026-09-05,48,quantile,0.05,94.0
2026-08-29,wk inc covid hosp,1,2026-09-05,48,quantile,0.1,127.0
2026-08-29,wk inc covid hosp,1,2026-09-05,48,quantile,0.15,154.0
2026-08-29,wk inc covid hosp,1,2026-09-05,48,quantile,0.2,178.0
2026-08-29,wk inc covid hosp,1,2026-09-05,48,quantile,0.25,200.0
2026-08-29,wk inc covid hosp,1,2026-09-05,48,quantile,0.3,222.0
2026-08-29,wk inc covid hosp,1,2026-09-05,48,quantile,0.35,244.0
2026-08-29,wk inc covid hosp,1,2026-09-05,48,quantile,0.4,266.0
2026-08-29,wk inc covid hosp,1,2026-09-05,48,quantile,0.45,288.0
2026-08-29,wk inc covid hosp,1,2026-09-05,48,quantile,0.5,311.0
2026-08-29,wk inc covid hosp,1,2026-09-05,48,quantile,0.55,336.0
2026-08-29,wk inc covid hosp,1,2026-09-05,48,quantile,0.6,362.0
2026-08-29,wk inc covid hosp,1,2026-09-05,48,quantile,0.65,390.0
2026-08-29,wk inc covid hosp,1,2026-09-05,48,quantile,0.7,422.0
2026-08-29,wk inc covid hosp,1,2026-09-05,48,quantile,0.75,458.0
2026-08-29,wk inc covid hosp,1,2026-09-05,48,quantile,0.8,500.0
2026-08-29,wk inc covid hosp,1,2026-09-05,48,quantile,0.85,552.0
2026-08-29,wk inc covid hosp,1,2026-09-05,48,quantile,0.9,622.0
2026-08-29,wk inc covid hosp,1,2026-09-05,48,quantile,0.95,737.0
2026-08-29,wk inc covid hosp,1,2026-09-05,48,quantile,0.975,846.0
2026-08-29,wk inc covid hosp,1,2026-09-05,48,quantile,0.99,984.0
2026-08-29,wk inc covid hosp,1,2026-09-05,49,quantile,0.01,0.0
2026-08-29,wk inc covid hosp,1,2026-09-05,49,quantile,0.025,0.0
2026-08-29,wk inc covid hosp,1,2026-09-05,49,quantile,0.05,1.0
2026-08-29,wk inc covid hosp,1,2026-09-05,49,quantile,0.1,3.0
2026-08-29,wk inc covid hosp,1,2026-09-05,49,quantile,0.15,4.0
2026-08-29,wk inc covid hosp,1,2026-09-05,49,quantile,0.2,6.0
2026-08-29,wk inc covid hosp,1,2026-09-05,49,quantile,0.25,8.0
2026-08-29,wk inc covid hosp,1,2026-09-05,49,quantile,0.3,9.0
2026-08-29,wk inc covid hosp,1,2026-09-05,49,quantile,0.35,11.0
2026-08-29,wk inc covid hosp,1,2026-09-05,49,quantile,0.4,13.0
2026-08-29,wk inc covid hosp,1,2026-09-05,49,quantile,0.45,15.0
2026-08-29,wk inc covid hosp,1,2026-09-05,49,quantile,0.5,18.0
2026-08-29,wk inc covid hosp,1,2026-09-05,49,quantile,0.55,20.0
2026-08-29,wk inc covid hosp,1,2026-09-05,49,quantile,0.6,23.0
2026-08-29,wk inc covid hosp,1,2026-09-05,49,quantile,0.65,26.0
2026-08-29,wk inc covid hosp,1,2026-09-05,49,quantile,0.7,29.0
2026-08-29,wk inc covid hosp,1,2026-09-05,49,quantile,0.75,33.0
2026-08-29,wk inc covid hosp,1,2026-09-05,49,quantile,0.8,38.0
2026-08-29,wk inc covid hosp,1,2026-09-05,49,quantile,0.85,45.0
2026-08-29,wk inc covid hosp,1,2026-09-05,49,quantile,0.9,54.0
2026-08-29,wk inc covid hosp,1,2026-09-05,49,quantile,0.95,69.0
2026-08-29,wk inc covid hosp,1,2026-09-05,49,quantile,0.975,83.0
2026-08-29,wk inc covid hosp,1,2026-09-05,49,quantile,0.99,103.0
2026-08-29,wk inc covid hosp,1,2026-09-05,50,quantile,0.01,0.0
2026-08-29,wk inc covid hosp,1,2026-09-05,50,quantile,0.025,0.0
2026-08-29,wk inc covid hosp,1,2026-09-05,50,quantile,0.05,0.0
2026-08-29,wk inc covid hosp,1,2026-09-05,50,quantile,0.1,0.0
2026-08-29,wk inc covid hosp,1,2026-09-05,50,quantile,0.15,0.0
2026-08-29,wk inc covid hosp,1,2026-09-05,50,quantile,0.2,0.0
2026-08-29,wk inc covid hosp,1,2026-09-05,50,quantile,0.25,0.0
2026-08-29,wk inc covid hosp,1,2026-09-05,50,quantile,0.3,0.0
2026-08-29,wk inc covid hosp,1,2026-09-05,50,quantile,0.35,0.0
2026-08-29,wk inc covid hosp,1,2026-09-05,50,quantile,0.4,1.0
2026-08-29,wk inc covid hosp,1,2026-09-05,50,quantile,0.45,1.0
2026-08-29,wk inc covid hosp,1,2026-09-05,50,quantile,0.5,1.0
2026-08-29,wk inc covid hosp,1,2026-09-05,50,quantile,0.55,2.0
2026-08-29,wk inc covid hosp,1,2026-09-05,50,quantile,0.6,2.0
2026-08-29,wk inc covid hosp,1,2026-09-05,50,quantile,0.65,3.0
2026-08-29,wk inc covid hosp,1,2026-09-05,50,quantile,0.7,3.0
2026-08-29,wk inc covid hosp,1,2026-09-05,50,quantile,0.75,4.0
2026-08-29,wk inc covid hosp,1,2026-09-05,50,quantile,0.8,5.0
2026-08-29,wk inc covid hosp,1,2026-09-05,50,quantile,0.85,6.0
2026-08-29,wk inc covid hosp,1,2026-09-05,50,quantile,0.9,8.0
2026-08-29,wk inc covid hosp,1,2026-09-05,50,quantile,0.95,12.0
2026-08-29,wk inc covid hosp,1,2026-09-05,50,quantile,0.975,15.0
2026-08-29,wk inc covid hosp,1,2026-09-05,50,quantile,0.99,20.0
2026-08-29,wk inc covid hosp,1,2026-09-05,51,quantile,0.01,1.0
2026-08-29,wk inc covid hosp,1,2026-09-05,51,quantile,0.025,3.0
2026-08-29,wk inc covid hosp,1,2026-09-05,51,quantile,0.05,6.0
2026-08-29,wk inc covid hosp,1,2026-09-05,51,quantile,0.1,11.0
2026-08-29,wk inc covid hosp,1,2026-09-05,51,quantile,0.15,16.0
2026-08-29,wk inc covid hosp,1,2026-09-05,51,quantile,0.2,20.0
2026-08-29,wk inc covid hosp,1,2026-09-05,51,quantile,0.25,25.0
2026-08-29,wk inc covid hosp,1,2026-09-05,51,quantile,0.3,30.0
2026-08-29,wk inc covid hosp,1,2026-09-05,51,quantile,0.35,35.0
2026-08-29,wk inc covid hosp,1,2026-09-05,51,quantile,0.4,40.0
2026-08-29,wk inc covid hosp,1,2026-09-05,51,quantile,0.45,46.0
2026-08-29,wk inc covid hosp,1,2026-09-05,51,quantile,0.5,52.0
2026-08-29,wk inc covid hosp,1,2026-09-05,51,quantile,0.55,59.0
2026-08-29,wk inc covid hosp,1,2026-09-05,51,quantile,0.6,66.0
2026-08-29,wk inc covid hosp,1,2026-09-05,51,quantile,0.65,74.0
2026-08-29,wk inc covid hosp,1,2026-09-05,51,quantile,0.7,83.0
2026-08-29,wk inc covid hosp,1,2026-09-05,51,quantile,0.75,94.0
2026-08-29,wk inc covid hosp,1,2026-09-05,51,quantile,0.8,107.0
2026-08-29,wk inc covid hosp,1,2026-09-05,51,quantile,0.85,124.0
2026-08-29,wk inc covid hosp,1,2026-09-05,51,quantile,0.9,147.0
2026-08-29,wk inc covid hosp,1,2026-09-05,51,quantile,0.95,187.0
2026-08-29,wk inc covid hosp,1,2026-09-05,51,quantile,0.975,225.0
2026-08-29,wk inc covid hosp,1,2026-09-05,51,quantile,0.99,276.0
2026-08-29,wk inc covid hosp,1,2026-09-05,53,quantile,0.01,3.0
2026-08-29,wk inc covid hosp,1,2026-09-05,53,quantile,0.025,5.0
2026-08-29,wk inc covid hosp,1,2026-09-05,53,quantile,0.05,9.0
2026-08-29,wk inc covid hosp,1,2026-09-05,53,quantile,0.1,15.0
2026-08-29,wk inc covid hosp,1,2026-09-05,53,quantile,0.15,20.0
2026-08-29,wk inc covid hosp,1,2026-09-05,53,quantile,0.2,25.0
2026-08-29,wk inc covid hosp,1,2026-09-05,53,quantile,0.25,29.0
2026-08-29,wk inc covid hosp,1,2026-09-05,53,quantile,0.3,34.0
2026-08-29,wk inc covid hosp,1,2026-09-05,53,quantile,0.35,39.0
2026-08-29,wk inc covid hosp,1,2026-09-05,53,quantile,0.4,44.0
2026-08-29,wk inc covid hosp,1,2026-09-05,53,quantile,0.45,50.0
2026-08-29,wk inc covid hosp,1,2026-09-05,53,quantile,0.5,55.0
2026-08-29,wk inc covid hosp,1,2026-09-05,53,quantile,0.55,61.0
2026-08-29,wk inc covid hosp,1,2026-09-05,53,quantile,0.6,68.0
2026-08-29,wk inc covid hosp,1,2026-09-05,53,quantile,0.65,75.0
2026-08-29,wk inc covid hosp,1,2026-09-05,53,quantile,0.7,84.0
2026-08-29,wk inc covid hosp,1,2026-09-05,53,quantile,0.75,93.0
2026-08-29,wk inc covid hosp,1,2026-09-05,53,quantile,0.8,105.0
2026-08-29,wk inc covid hosp,1,2026-09-05,53,quantile,0.85,119.0
2026-08-29,wk inc covid hosp,1,2026-09-05,53,quantile,0.9,140.0
2026-08-29,wk inc covid hosp,1,2026-09-05,53,quantile,0.95,173.0
2026-08-29,wk inc covid hosp,1,2026-09-05,53,quantile,0.975,205.0
2026-08-29,wk inc covid hosp,1,2026-09-05,53,quantile,0.99,248.0
2026-08-29,wk inc covid hosp,1,2026-09-05,54,quantile,0.01,0.0
2026-08-29,wk inc covid hosp,1,2026-09-05,54,quantile,0.025,0.0
2026-08-29,wk inc covid hosp,1,2026-09-05,54,quantile,0.05,0.0
2026-08-29,wk inc covid hosp,1,2026-09-05,54,quantile,0.1,0.0
2026-08-29,wk inc covid hosp,1,2026-09-05,54,quantile,0.15,0.0
2026-08-29,wk inc covid hosp,1,2026-09-05,54,quantile,0.2,0.0
2026-08-29,wk inc covid hosp,1,2026-09-05,54,quantile,0.25,0.0
2026-08-29,wk inc covid hosp,1,2026-09-05,54,quantile,0.3,0.0
2026-08-29,wk inc covid hosp,1,2026-09-05,54,quantile,0.35,0.0
2026-08-29,wk inc covid hosp,1,2026-09-05,54,quantile,0.4,0.0
2026-08-29,wk inc covid hosp,1,2026-09-05,54,quantile,0.45,0.0
2026-08-29,wk inc covid hosp,1,2026-09-05,54,quantile,0.5,0.0
2026-08-29,wk inc covid hosp,1,2026-09-05,54,quantile,0.55,0.0
2026-08-29,wk inc covid hosp,1,2026-09-05,54,quantile,0.6,1.0
2026-08-29,wk inc covid hosp,1,2026-09-05,54,quantile,0.65,2.0
2026-08-29,wk inc covid hosp,1,2026-09-05,54,quantile,0.7,4.0
2026-08-29,wk inc covid hosp,1,2026-09-05,54,quantile,0.75,9.0
2026-08-29,wk inc covid hosp,1,2026-09-05,54,quantile,0.8,17.0
2026-08-29,wk inc covid hosp,1,2026-09-05,54,quantile,0.85,34.0
2026-08-29,wk inc covid hosp,1,2026-09-05,54,quantile,0.9,67.0
2026-08-29,wk inc covid hosp,1,2026-09-05,54,quantile,0.95,147.0
2026-08-29,wk inc covid hosp,1,2026-09-05,54,quantile,0.975,247.0
2026-08-29,wk inc covid hosp,1,2026-09-05,54,quantile,0.99,402.0
2026-08-29,wk inc covid hosp,1,2026-09-05,55,quantile,0.01,0.0
2026-08-29,wk inc covid hosp,1,2026-09-05,55,quantile,0.025,0.0
2026-08-29,wk inc covid hosp,1,2026-09-05,55,quantile,0.05,0.0
2026-08-29,wk inc covid hosp,1,2026-09-05,55,quantile,0.1,2.0
2026-08-29,wk inc covid hosp,1,2026-09-05,55,quantile,0.15,3.0
2026-08-29,wk inc covid hosp,1,2026-09-05,55,quantile,0.2,5.0
2026-08-29,wk inc covid hosp,1,2026-09-05,55,quantile,0.25,7.0
2026-08-29,wk inc covid hosp,1,2026-09-05,55,quantile,0.3,9.0
2026-08-29,wk inc covid hosp,1,2026-09-05,55,quantile,0.35,11.0
2026-08-29,wk inc covid hosp,1,2026-09-05,55,quantile,0.4,14.0
2026-08-29,wk inc covid hosp,1,2026-09-05,55,quantile,0.45,17.0
2026-08-29,wk inc covid hosp,1,2026-09-05,55,quantile,0.5,21.0
2026-08-29,wk inc covid hosp,1,2026-09-05,55,quantile,0.55,25.0
2026-08-29,wk inc covid hosp,1,2026-09-05,55,quantile,0.6,29.0
2026-08-29,wk inc covid hosp,1,2026-09-05,55,quantile,0.65,35.0
2026-08-29,wk inc covid hosp,1,2026-09-05,55,quantile,0.7,41.0
2026-08-29,wk inc covid hosp,1,2026-09-05,55,quantile,0.75,48.0
2026-08-29,wk inc covid hosp,1,2026-09-05,55,quantile,0.8,57.0
2026-08-29,wk inc covid hosp,1,2026-09-05,55,quantile,0.85,70.0
2026-08-29,wk inc covid hosp,1,2026-09-05,55,quantile,0.9,87.0
2026-08-29,wk inc covid hosp,1,2026-09-05,55,quantile,0.95,117.0
2026-08-29,wk inc covid hosp,1,2026-09-05,55,quantile,0.975,147.0
2026-08-29,wk inc covid hosp,1,2026-09-05,55,quantile,0.99,188.0
2026-08-29,wk inc covid hosp,1,2026-09-05,56,quantile,0.01,0.0
2026-08-29,wk inc covid hosp,1,2026-09-05,56,quantile,0.025,0.0
2026-08-29,wk inc covid hosp,1,2026-09-05,56,quantile,0.05,0.0
2026-08-29,wk inc covid hosp,1,2026-09-05,56,quantile,0.1,0.0
2026-08-29,wk inc covid hosp,1,2026-09-05,56,quantile,0.15,0.0
2026-08-29,wk inc covid hosp,1,2026-09-05,56,quantile,0.2,0.0
2026-08-29,wk inc covid hosp,1,2026-09-05,56,quantile,0.25,0.0
2026-08-29,wk inc covid hosp,1,2026-09-05,56,quantile,0.3,0.0
2026-08-29,wk inc covid hosp,1,2026-09-05,56,quantile,0.35,0.0
2026-08-29,wk inc covid hosp,1,2026-09-05,56,quantile,0.4,0.0
2026-08-29,wk inc covid hosp,1,2026-09-05,56,quantile,0.45,0.0
2026-08-29,wk inc covid hosp,1,2026-09-05,56,quantile,0.5,0.0
2026-08-29,wk inc covid hosp,1,2026-09-05,56,quantile,0.55,0.0
2026-08-29,wk inc covid hosp,1,2026-09-05,56,quantile,0.6,0.0
2026-08-29,wk inc covid hosp,1,2026-09-05,56,quantile,0.65,0.0
2026-08-29,wk inc covid hosp,1,2026-09-05,56,quantile,0.7,0.0
2026-08-29,wk inc covid hosp,1,2026-09-05,56,quantile,0.75,0.0
2026-08-29,wk inc covid hosp,1,2026-09-05,56,quantile,0.8,0.0
2026-08-29,wk inc covid hosp,1,2026-09-05,56,quantile,0.85,0.0
2026-08-29,wk inc covid hosp,1,2026-09-05,56,quantile,0.9,0.0
2026-08-29,wk inc covid hosp,1,2026-09-05,56,quantile,0.95,0.0
2026-08-29,wk inc covid hosp,1,2026-09-05,56,quantile,0.975,0.0
2026-08-29,wk inc covid hosp,1,2026-09-05,56,quantile,0.99,0.0
2026-08-29,wk inc covid hosp,1,2026-09-05,72,quantile,0.01,153.0
2026-08-29,wk inc covid hosp,1,2026-09-05,72,quantile,0.025,161.0
2026-08-29,wk inc covid hosp,1,2026-09-05,72,quantile,0.05,169.0
2026-08-29,wk inc covid hosp,1,2026-09-05,72,quantile,0.1,177.0
2026-08-29,wk inc covid hosp,1,2026-09-05,72,quantile,0.15,183.0
2026-08-29,wk inc covid hosp,1,2026-09-05,72,quantile,0.2,188.0
2026-08-29,wk inc covid hosp,1,2026-09-05,72,quantile,0.25,192.0
2026-08-29,wk inc covid hosp,1,2026-09-05,72,quantile,0.3,196.0
2026-08-29,wk inc covid hosp,1,2026-09-05,72,quantile,0.35,199.0
2026-08-29,wk inc covid hosp,1,2026-09-05,72,quantile,0.4,203.0
2026-08-29,wk inc covid hosp,1,2026-09-05,72,quantile,0.45,206.0
2026-08-29,wk inc covid hosp,1,2026-09-05,72,quantile,0.5,209.0
2026-08-29,wk inc covid hosp,1,2026-09-05,72,quantile,0.55,213.0
2026-08-29,wk inc covid hosp,1,2026-09-05,72,quantile,0.6,216.0
2026-08-29,wk inc covid hosp,1,2026-09-05,72,quantile,0.65,219.0
2026-08-29,wk inc covid hosp,1,2026-09-05,72,quantile,0.7,223.0
2026-08-29,wk inc covid hosp,1,2026-09-05,72,quantile,0.75,227.0
2026-08-29,wk inc covid hosp,1,2026-09-05,72,quantile,0.8,232.0
2026-08-29,wk inc covid hosp,1,2026-09-05,72,quantile,0.85,237.0
2026-08-29,wk inc covid hosp,1,2026-09-05,72,quantile,0.9,244.0
2026-08-29,wk inc covid hosp,1,2026-09-05,72,quantile,0.95,255.0
2026-08-29,wk inc covid hosp,1,2026-09-05,72,quantile,0.975,264.0
2026-08-29,wk inc covid hosp,1,2026-09-05,72,quantile,0.99,275.0
2026-08-29,wk inc covid hosp,2,2026-09-12,01,quantile,0.01,1.0
2026-08-29,wk inc covid hosp,2,2026-09-12,01,quantile,0.025,3.0
2026-08-29,wk inc covid hosp,2,2026-09-12,01,quantile,0.05,6.0
2026-08-29,wk inc covid hosp,2,2026-09-12,01,quantile,0.1,10.0
2026-08-29,wk inc covid hosp,2,2026-09-12,01,quantile,0.15,13.0
2026-08-29,wk inc covid hosp,2,2026-09-12,01,quantile,0.2,17.0
2026-08-29,wk inc covid hosp,2,2026-09-12,01,quantile,0.25,20.0
2026-08-29,wk inc covid hosp,2,2026-09-12,01,quantile,0.3,24.0
2026-08-29,wk inc covid hosp,2,2026-09-12,01,quantile,0.35,28.0
2026-08-29,wk inc covid hosp,2,2026-09-12,01,quantile,0.4,32.0
2026-08-29,wk inc covid hosp,2,2026-09-12,01,quantile,0.45,36.0
2026-08-29,wk inc covid hosp,2,2026-09-12,01,quantile,0.5,40.0
2026-08-29,wk inc covid hosp,2,2026-09-12,01,quantile,0.55,45.0
2026-08-29,wk inc covid hosp,2,2026-09-12,01,quantile,0.6,50.0
2026-08-29,wk inc covid hosp,2,2026-09-12,01,quantile,0.65,55.0
2026-08-29,wk inc covid hosp,2,2026-09-12,01,quantile,0.7,62.0
2026-08-29,wk inc covid hosp,2,2026-09-12,01,quantile,0.75,69.0
2026-08-29,wk inc covid hosp,2,2026-09-12,01,quantile,0.8,78.0
2026-08-29,wk inc covid hosp,2,2026-09-12,01,quantile,0.85,89.0
2026-08-29,wk inc covid hosp,2,2026-09-12,01,quantile,0.9,105.0
2026-08-29,wk inc covid hosp,2,2026-09-12,01,quantile,0.95,131.0
2026-08-29,wk inc covid hosp,2,2026-09-12,01,quantile,0.975,157.0
2026-08-29,wk inc covid hosp,2,2026-09-12,01,quantile,0.99,190.0
2026-08-29,wk inc covid hosp,2,2026-09-12,02,quantile,0.01,0.0
2026-08-29,wk inc covid hosp,2,2026-09-12,02,quantile,0.025,0.0
2026-08-29,wk inc covid hosp,2,2026-09-12,02,quantile,0.05,0.0
2026-08-29,wk inc covid hosp,2,2026-09-12,02,quantile,0.1,0.0
2026-08-29,wk inc covid hosp,2,2026-09-12,02,quantile,0.15,0.0
2026-08-29,wk inc covid hosp,2,2026-09-12,02,quantile,0.2,0.0
2026-08-29,wk inc covid hosp,2,2026-09-12,02,quantile,0.25,0.0
2026-08-29,wk inc covid hosp,2,2026-09-12,02,quantile,0.3,0.0
2026-08-29,wk inc covid hosp,2,2026-09-12,02,quantile,0.35,0.0
2026-08-29,wk inc covid hosp,2,2026-09-12,02,quantile,0.4,0.0
2026-08-29,wk inc covid hosp,2,2026-09-12,02,quantile,0.45,0.0
2026-08-29,wk inc covid hosp,2,2026-09-12,02,quantile,0.5,0.0
2026-08-29,wk inc covid hosp,2,2026-09-12,02,quantile,0.55,0.0
2026-08-29,wk inc covid hosp,2,2026-09-12,02,quantile,0.6,0.0
2026-08-29,wk inc covid hosp,2,2026-09-12,02,quantile,0.65,0.0
2026-08-29,wk inc covid hosp,2,2026-09-12,02,quantile,0.7,1.0
2026-08-29,wk inc covid hosp,2,2026-09-12,02,quantile,0.75,2.0
2026-08-29,wk inc covid hosp,2,2026-09-12,02,quantile,0.8,5.0
2026-08-29,wk inc covid hosp,2,2026-09-12,02,quantile,0.85,9.0
2026-08-29,wk inc covid hosp,2,2026-09-12,02,quantile,0.9,18.0
2026-08-29,wk inc covid hosp,2,2026-09-12,02,quantile,0.95,40.0
2026-08-29,wk inc covid hosp,2,2026-09-12,02,quantile,0.975,68.0
2026-08-29,wk inc covid hosp,2,2026-09-12,02,quantile,0.99,110.0
2026-08-29,wk inc covid hosp,2,2026-09-12,04,quantile,0.01,0.0
2026-08-29,wk inc covid hosp,2,2026-09-12,04,quantile,0.025,1.0
2026-08-29,wk inc covid hosp,2,2026-09-12,04,quantile,0.05,3.0
2026-08-29,wk inc covid hosp,2,2026-09-12,04,quantile,0.1,7.0
2026-08-29,wk inc covid hosp,2,2026-09-12,04,quantile,0.15,11.0
2026-08-29,wk inc covid hosp,2,2026-09-12,04,quantile,0.2,15.0
2026-08-29,wk inc covid hosp,2,2026-09-12,04,quantile,0.25,19.0
2026-08-29,wk inc covid hosp,2,2026-09-12,04,quantile,0.3,23.0
2026-08-29,wk inc covid hosp,2,2026-09-12,04,quantile,0.35,28.0
2026-08-29,wk inc covid hosp,2,2026-09-12,04,quantile,0.4,33.0
2026-08-29,wk inc covid hosp,2,2026-09-12,04,quantile,0.45,38.0
2026-08-29,wk inc covid hosp,2,2026-09-12,04,quantile,0.5,44.0
2026-08-29,wk inc covid hosp,2,2026-09-12,04,quantile,0.55,51.0
2026-08-29,wk inc covid hosp,2,2026-09-12,04,quantile,0.6,58.0
2026-08-29,wk inc covid hosp,2,2026-09-12,04,quantile,0.65,66.0
2026-08-29,wk inc covid hosp,2,2026-09-12,04,quantile,0.7,76.0
2026-08-29,wk inc covid hosp,2,2026-09-12,04,quantile,0.75,87.0
2026-08-29,wk inc covid hosp,2,2026-09-12,04,quantile,0.8,100.0
2026-08-29,wk inc covid hosp,2,2026-09-12,04,quantile,0.85,118.0
2026-08-29,wk inc covid hosp,2,2026-09-12,04,quantile,0.9,142.0
2026-08-29,wk inc covid hosp,2,2026-09-12,04,quantile,0.95,184.0
2026-08-29,wk inc covid hosp,2,2026-09-12,04,quantile,0.975,226.0
2026-08-29,wk inc covid hosp,2,2026-09-12,04,quantile,0.99,280.0
2026-08-29,wk inc covid hosp,2,2026-09-12,05,quantile,0.01,0.0
2026-08-29,wk inc covid hosp,2,2026-09-12,05,quantile,0.025,0.0
2026-08-29,wk inc covid hosp,2,2026-09-12,05,quantile,0.05,0.0
2026-08-29,wk inc covid hosp,2,2026-09-12,05,quantile,0.1,0.0
2026-08-29,wk inc covid hosp,2,2026-09-12,05,quantile,0.15,0.0
2026-08-29,wk inc covid hosp,2,2026-09-12,05,quantile,0.2,0.0
2026-08-29,wk inc covid hosp,2,2026-09-12,05,quantile,0.25,0.0
2026-08-29,wk inc covid hosp,2,2026-09-12,05,quantile,0.3,0.0
2026-08-29,wk inc covid hosp,2,2026-09-12,05,quantile,0.35,0.0
2026-08-29,wk inc covid hosp,2,2026-09-12,05,quantile,0.4,0.0
2026-08-29,wk inc covid hosp,2,2026-09-12,05,quantile,0.45,0.0
2026-08-29,wk inc covid hosp,2,2026-09-12,05,quantile,0.5,0.0
2026-08-29,wk inc covid hosp,2,2026-09-12,05,quantile,0.55,1.0
2026-08-29,wk inc covid hosp,2,2026-09-12,05,quantile,0.6,2.0
2026-08-29,wk inc covid hosp,2,2026-09-12,05,quantile,0.65,5.0
2026-08-29,wk inc covid hosp,2,2026-09-12,05,quantile,0.7,11.0
2026-08-29,wk inc covid hosp,2,2026-09-12,05,quantile,0.75,22.0
2026-08-29,wk inc covid hosp,2,2026-09-12,05,quantile,0.8,43.0
2026-08-29,wk inc covid hosp,2,2026-09-12,05,quantile,0.85,83.0
2026-08-29,wk inc covid hosp,2,2026-09-12,05,quantile,0.9,165.0
2026-08-29,wk inc covid hosp,2,2026-09-12,05,quantile,0.95,359.0
2026-08-29,wk inc covid hosp,2,2026-09-12,05,quantile,0.975,606.0
2026-08-29,wk inc covid hosp,2,2026-09-12,05,quantile,0.99,984.0
2026-08-29,wk inc covid hosp,2,2026-09-12,06,quantile,0.01,44.0
2026-08-29,wk inc covid hosp,2,2026-09-12,06,quantile,0.025,70.0
2026-08-29,wk inc covid hosp,2,2026-09-12,06,quantile,0.05,100.0
2026-08-29,wk inc covid hosp,2,2026-09-12,06,quantile,0.1,145.0
2026-08-29,wk inc covid hosp,2,2026-09-12,06,quantile,0.15,183.0
2026-08-29,wk inc covid hosp,2,2026-09-12,06,quantile,0.2,217.0
2026-08-29,wk inc covid hosp,2,2026-09-12,06,quantile,0.25,251.0
2026-08-29,wk inc covid hosp,2,2026-09-12,06,quantile,0.3,284.0
2026-08-29,wk inc covid hosp,2,2026-09-12,06,quantile,0.35,317.0
2026-08-29,wk inc covid hosp,2,2026-09-12,06,quantile,0.4,351.0
2026-08-29,wk inc covid hosp,2,2026-09-12,06,quantile,0.45,386.0
2026-08-29,wk inc covid hosp,2,2026-09-12,06,quantile,0.5,423.0
2026-08-29,wk inc covid hosp,2,2026-09-12,06,quantile,0.55,462.0
2026-08-29,wk inc covid hosp,2,2026-09-12,06,quantile,0.6,504.0
2026-08-29,wk inc covid hosp,2,2026-09-12,06,quantile,0.65,550.0
2026-08-29,wk inc covid hosp,2,2026-09-12,06,quantile,0.7,602.0
2026-08-29,wk inc covid hosp,2,2026-09-12,06,quantile,0.75,661.0
2026-08-29,wk inc covid hosp,2,2026-09-12,06,quantile,0.8,731.0
2026-08-29,wk inc covid hosp,2,2026-09-12,06,quantile,0.85,818.0
2026-08-29,wk inc covid hosp,2,2026-09-12,06,quantile,0.9,937.0
2026-08-29,wk inc covid hosp,2,2026-09-12,06,quantile,0.95,1133.0
2026-08-29,wk inc covid hosp,2,2026-09-12,06,quantile,0.975,1322.0
2026-08-29,wk inc covid hosp,2,2026-09-12,06,quantile,0.99,1565.0
2026-08-29,wk inc covid hosp,2,2026-09-12,08,quantile,0.01,0.0
2026-08-29,wk inc covid hosp,2,2026-09-12,08,quantile,0.025,0.0
2026-08-29,wk inc covid hosp,2,2026-09-12,08,quantile,0.05,1.0
2026-08-29,wk inc covid hosp,2,2026-09-12,08,quantile,0.1,3.0
2026-08-29,wk inc covid hosp,2,2026-09-12,08,quantile,0.15,5.0
2026-08-29,wk inc covid hosp,2,2026-09-12,08,quantile,0.2,7.0
2026-08-29,wk inc covid hosp,2,2026-09-12,08,quantile,0.25,9.0
2026-08-29,wk inc covid hosp,2,2026-09-12,08,quantile,0.3,12.0
2026-08-29,wk inc covid hosp,2,2026-09-12,08,quantile,0.35,15.0
2026-08-29,wk inc covid hosp,2,2026-09-12,08,quantile,0.4,19.0
2026-08-29,wk inc covid hosp,2,2026-09-12,08,quantile,0.45,23.0
2026-08-29,wk inc covid hosp,2,2026-09-12,08,quantile,0.5,27.0
2026-08-29,wk inc covid hosp,2,2026-09-12,08,quantile,0.55,32.0
2026-08-29,wk inc covid hosp,2,2026-09-12,08,quantile,0.6,37.0
2026-08-29,wk inc covid hosp,2,2026-09-12,08,quantile,0.65,43.0
2026-08-29,wk inc covid hosp,2,2026-09-12,08,quantile,0.7,51.0
2026-08-29,wk inc covid hosp,2,2026-09-12,08,quantile,0.75,60.0
2026-08-29,wk inc covid hosp,2,2026-09-12,08,quantile,0.8,70.0
2026-08-29,wk inc covid hosp,2,2026-09-12,08,quantile,0.85,85.0
2026-08-29,wk inc covid hosp,2,2026-09-12,08,quantile,0.9,105.0
2026-08-29,wk inc covid hosp,2,2026-09-12,08,quantile,0.95,140.0
2026-08-29,wk inc covid hosp,2,2026-09-12,08,quantile,0.975,175.0
2026-08-29,wk inc covid hosp,2,2026-09-12,08,quantile,0.99,222.0
2026-08-29,wk inc covid hosp,2,2026-09-12,09,quantile,0.01,0.0
2026-08-29,wk inc covid hosp,2,2026-09-12,09,quantile,0.025,0.0
2026-08-29,wk inc covid hosp,2,2026-09-12,09,quantile,0.05,0.0
2026-08-29,wk inc covid hosp,2,2026-09-12,09,quantile,0.1,0.0
2026-08-29,wk inc covid hosp,2,2026-09-12,09,quantile,0.15,0.0
2026-08-29,wk inc covid hosp,2,2026-09-12,09,quantile,0.2,0.0
2026-08-29,wk inc covid hosp,2,2026-09-12,09,quantile,0.25,0.0
2026-08-29,wk inc covid hosp,2,2026-09-12,09,quantile,0.3,1.0
2026-08-29,wk inc covid hosp,2,2026-09-12,09,quantile,0.35,2.0
2026-08-29,wk inc covid hosp,2,2026-09-12,09,quantile,0.4,3.0
2026-08-29,wk inc covid hosp,2,2026-09-12,09,quantile,0.45,4.0
2026-08-29,wk inc covid hosp,2,2026-09-12,09,quantile,0.5,5.0
2026-08-29,wk inc covid hosp,2,2026-09-12,09,quantile,0.55,7.0
2026-08-29,wk inc covid hosp,2,2026-09-12,09,quantile,0.6,9.0
2026-08-29,wk inc covid hosp,2,2026-09-12,09,quantile,0.65,12.0
2026-08-29,wk inc covid hosp,2,2026-09-12,09,quantile,0.7,16.0
2026-08-29,wk inc covid hosp,2,2026-09-12,09,quantile,0.75,21.0
2026-08-29,wk inc covid hosp,2,2026-09-12,09,quantile,0.8,28.0
2026-08-29,wk inc covid hosp,2,2026-09-12,09,quantile,0.85,37.0
2026-08-29,wk inc covid hosp,2,2026-09-12,09,quantile,0.9,51.0
2026-08-29,wk inc covid hosp,2,2026-09-12,09,quantile,0.95,77.0
2026-08-29,wk inc covid hosp,2,2026-09-12,09,quantile,0.975,104.0
2026-08-29,wk inc covid hosp,2,2026-09-12,09,quantile,0.99,143.0
2026-08-29,wk inc covid hosp,2,2026-09-12,10,quantile,0.01,0.0
2026-08-29,wk inc covid hosp,2,2026-09-12,10,quantile,0.025,0.0
2026-08-29,wk inc covid hosp,2,2026-09-12,10,quantile,0.05,0.0
2026-08-29,wk inc covid hosp,2,2026-09-12,10,quantile,0.1,0.0
2026-08-29,wk inc covid hosp,2,2026-09-12,10,quantile,0.15,0.0
2026-08-29,wk inc covid hosp,2,2026-09-12,10,quantile,0.2,0.0
2026-08-29,wk inc covid hosp,2,2026-09-12,10,quantile,0.25,0.0
2026-08-29,wk inc covid hosp,2,2026-09-12,10,quantile,0.3,0.0
2026-08-29,wk inc covid hosp,2,2026-09-12,10,quantile,0.35,0.0
2026-08-29,wk inc covid hosp,2,2026-09-12,10,quantile,0.4,0.0
2026-08-29,wk inc covid hosp,2,2026-09-12,10,quantile,0.45,0.0
2026-08-29,wk inc covid hosp,2,2026-09-12,10,quantile,0.5,0.0
2026-08-29,wk inc covid hosp,2,2026-09-12,10,quantile,0.55,0.0
2026-08-29,wk inc covid hosp,2,2026-09-12,10,quantile,0.6,0.0
2026-08-29,wk inc covid hosp,2,2026-09-12,10,quantile,0.65,0.0
2026-08-29,wk inc covid hosp,2,2026-09-12,10,quantile,0.7,0.0
2026-08-29,wk inc covid hosp,2,2026-09-12,10,quantile,0.75,0.0
2026-08-29,wk inc covid hosp,2,2026-09-12,10,quantile,0.8,0.0
2026-08-29,wk inc covid hosp,2,2026-09-12,10,quantile,0.85,0.0
2026-08-29,wk inc covid hosp,2,2026-09-12,10,quantile,0.9,0.0
2026-08-29,wk inc covid hosp,2,2026-09-12,10,quantile,0.95,0.0
2026-08-29,wk inc covid hosp,2,2026-09-12,10,quantile,0.975,0.0
2026-08-29,wk inc covid hosp,2,2026-09-12,10,quantile,0.99,0.0
2026-08-29,wk inc covid hosp,2,2026-09-12,11,quantile,0.01,0.0
2026-08-29,wk inc covid hosp,2,2026-09-12,11,quantile,0.025,0.0
2026-08-29,wk inc covid hosp,2,2026-09-12,11,quantile,0.05,0.0
2026-08-29,wk inc covid hosp,2,2026-09-12,11,quantile,0.1,0.0
2026-08-29,wk inc covid hosp,2,2026-09-12,11,quantile,0.15,0.0
2026-08-29,wk inc covid hosp,2,2026-09-12,11,quantile,0.2,0.0
2026-08-29,wk inc covid hosp,2,2026-09-12,11,quantile,0.25,0.0
2026-08-29,wk inc covid hosp,2,2026-09-12,11,quantile,0.3,0.0
2026-08-29,wk inc covid hosp,2,2026-09-12,11,quantile,0.35,0.0
2026-08-29,wk inc covid hosp,2,2026-09-12,11,quantile,0.4,0.0
2026-08-29,wk inc covid hosp,2,2026-09-12,11,quantile,0.45,0.0
2026-08-29,wk inc covid hosp,2,2026-09-12,11,quantile,0.5,0.0
2026-08-29,wk inc covid hosp,2,2026-09-12,11,quantile,0.55,0.0
2026-08-29,wk inc covid hosp,2,2026-09-12,11,quantile,0.6,0.0
2026-08-29,wk inc covid hosp,2,2026-09-12,11,quantile,0.65,0.0
2026-08-29,wk inc covid hosp,2,2026-09-12,11,quantile,0.7,0.0
2026-08-29,wk inc covid hosp,2,2026-09-12,11,quantile,0.75,0.0
2026-08-29,wk inc covid hosp,2,2026-09-12,11,quantile,0.8,0.0
2026-08-29,wk inc covid hosp,2,2026-09-12,11,quantile,0.85,0.0
2026-08-29,wk inc covid hosp,2,2026-09-12,11,quantile,0.9,0.0
2026-08-29,wk inc covid hosp,2,2026-09-12,11,quantile,0.95,0.0
2026-08-29,wk inc covid hosp,2,2026-09-12,11,quantile,0.975,0.0
2026-08-29,wk inc covid hosp,2,2026-09-12,11,quantile,0.99,0.0
2026-08-29,wk inc covid hosp,2,2026-09-12,12,quantile,0.01,2.0
2026-08-29,wk inc covid hosp,2,2026-09-12,12,quantile,0.025,5.0
2026-08-29,wk inc covid hosp,2,2026-09-12,12,quantile,0.05,11.0
2026-08-29,wk inc covid hosp,2,2026-09-12,12,quantile,0.1,22.0
2026-08-29,wk inc covid hosp,2,2026-09-12,12,quantile,0.15,33.0
2026-08-29,wk inc covid hosp,2,2026-09-12,12,quantile,0.2,45.0
2026-08-29,wk inc covid hosp,2,2026-09-12,12,quantile,0.25,57.0
2026-08-29,wk inc covid hosp,2,2026-09-12,12,quantile,0.3,70.0
2026-08-29,wk inc covid hosp,2,2026-09-12,12,quantile,0.35,84.0
2026-08-29,wk inc covid hosp,2,2026-09-12,12,quantile,0.4,99.0
2026-08-29,wk inc covid hosp,2,2026-09-12,12,quantile,0.45,115.0
2026-08-29,wk inc covid hosp,2,2026-09-12,12,quantile,0.5,132.0
2026-08-29,wk inc covid hosp,2,2026-09-12,12,quantile,0.55,151.0
2026-08-29,wk inc covid hosp,2,2026-09-12,12,quantile,0.6,173.0
2026-08-29,wk inc covid hosp,2,2026-09-12,12,quantile,0.65,197.0
2026-08-29,wk inc covid hosp,2,2026-09-12,12,quantile,0.7,225.0
2026-08-29,wk inc covid hosp,2,2026-09-12,12,quantile,0.75,258.0
2026-08-29,wk inc covid hosp,2,2026-09-12,12,quantile,0.8,298.0
2026-08-29,wk inc covid hosp,2,2026-09-12,12,quantile,0.85,349.0
2026-08-29,wk inc covid hosp,2,2026-09-12,12,quantile,0.9,421.0
2026-08-29,wk inc covid hosp,2,2026-09-12,12,quantile,0.95,544.0
2026-08-29,wk inc covid hosp,2,2026-09-12,12,quantile,0.975,667.0
2026-08-29,wk inc covid hosp,2,2026-09-12,12,quantile,0.99,828.0
2026-08-29,wk inc covid hosp,2,2026-09-12,13,quantile,0.01,0.0
2026-08-29,wk inc covid hosp,2,2026-09-12,13,quantile,0.025,1.0
2026-08-29,wk inc covid hosp,2,2026-09-12,13,quantile,0.05,3.0
2026-08-29,wk inc covid hosp,2,2026-09-12,13,quantile,0.1,6.0
2026-08-29,wk inc covid hosp,2,2026-09-12,13,quantile,0.15,11.0
2026-08-29,wk inc covid hosp,2,2026-09-12,13,quantile,0.2,15.0
2026-08-29,wk inc covid hosp,2,2026-09-12,13,quantile,0.25,21.0
2026-08-29,wk inc covid hosp,2,2026-09-12,13,quantile,0.3,26.0
2026-08-29,wk inc covid hosp,2,2026-09-12,13,quantile,0.35,32.0
2026-08-29,wk inc covid hosp,2,2026-09-12,13,quantile,0.4,39.0
2026-08-29,wk inc covid hosp,2,2026-09-12,13,quantile,0.45,46.0
2026-08-29,wk inc covid hosp,2,2026-09-12,13,quantile,0.5,55.0
2026-08-29,wk inc covid hosp,2,2026-09-12,13,quantile,0.55,64.0
2026-08-29,wk inc covid hosp,2,2026-09-12,13,quantile,0.6,74.0
2026-08-29,wk inc covid hosp,2,2026-09-12,13,quantile,0.65,86.0
2026-08-29,wk inc covid hosp,2,2026-09-12,13,quantile,0.7,99.0
2026-08-29,wk inc covid hosp,2,2026-09-12,13,quantile,0.75,115.0
2026-08-29,wk inc covid hosp,2,2026-09-12,13,quantile,0.8,135.0
2026-08-29,wk inc covid hosp,2,2026-09-12,13,quantile,0.85,161.0
2026-08-29,wk inc covid hosp,2,2026-09-12,13,quantile,0.9,198.0
2026-08-29,wk inc covid hosp,2,2026-09-12,13,quantile,0.95,261.0
2026-08-29,wk inc covid hosp,2,2026-09-12,13,quantile,0.975,325.0
2026-08-29,wk inc covid hosp,2,2026-09-12,13,quantile,0.99,410.0
2026-08-29,wk inc covid hosp,2,2026-09-12,15,quantile,0.01,0.0
2026-08-29,wk inc covid hosp,2,2026-09-12,15,quantile,0.025,0.0
2026-08-29,wk inc covid hosp,2,2026-09-12,15,quantile,0.05,0.0
2026-08-29,wk inc covid hosp,2,2026-09-12,15,quantile,0.1,0.0
2026-08-29,wk inc covid hosp,2,2026-09-12,15,quantile,0.15,0.0
2026-08-29,wk inc covid hosp,2,2026-09-12,15,quantile,0.2,0.0
2026-08-29,wk inc covid hosp,2,2026-09-12,15,quantile,0.25,0.0
2026-08-29,wk inc covid hosp,2,2026-09-12,15,quantile,0.3,0.0
2026-08-29,wk inc covid hosp,2,2026-09-12,15,quantile,0.35,0.0
2026-08-29,wk inc covid hosp,2,2026-09-12,15,quantile,0.4,0.0
2026-08-29,wk inc covid hosp,2,2026-09-12,15,quantile,0.45,0.0
2026-08-29,wk inc covid hosp,2,2026-09-12,15,quantile,0.5,0.0
2026-08-29,wk inc covid hosp,2,2026-09-12,15,quantile,0.55,0.0
2026-08-29,wk inc covid hosp,2,2026-09-12,15,quantile,0.6,0.0
2026-08-29,wk inc covid hosp,2,2026-09-12,15,quantile,0.65,1.0
2026-08-29,wk inc covid hosp,2,2026-09-12,15,quantile,0.7,2.0
2026-08-29,wk inc covid hosp,2,2026-09-12,15,quantile,0.75,5.0
2026-08-29,wk inc covid hosp,2,2026-09-12,15,quantile,0.8,10.0
2026-08-29,wk inc covid hosp,2,2026-09-12,15,quantile,0.85,19.0
2026-08-29,wk inc covid hosp,2,2026-09-12,15,quantile,0.9,37.0
2026-08-29,wk inc covid hosp,2,2026-09-12,15,quantile,0.95,80.0
2026-08-29,wk inc covid hosp,2,2026-09-12,15,quantile,0.975,135.0
2026-08-29,wk inc covid hosp,2,2026-09-12,15,quantile,0.99,220.0
2026-08-29,wk inc covid hosp,2,2026-09-12,16,quantile,0.01,0.0
2026-08-29,wk inc covid hosp,2,2026-09-12,16,quantile,0.025,0.0
2026-08-29,wk inc covid hosp,2,2026-09-12,16,quantile,0.05,0.0
2026-08-29,wk inc covid hosp,2,2026-09-12,16,quantile,0.1,0.0
2026-08-29,wk inc covid hosp,2,2026-09-12,16,quantile,0.15,0.0
2026-08-29,wk inc covid hosp,2,2026-09-12,16,quantile,0.2,0.0
2026-08-29,wk inc covid hosp,2,2026-09-12,16,quantile,0.25,0.0
2026-08-29,wk inc covid hosp,2,2026-09-12,16,quantile,0.3,0.0
2026-08-29,wk inc covid hosp,2,2026-09-12,16,quantile,0.35,0.0
2026-08-29,wk inc covid hosp,2,2026-09-12,16,quantile,0.4,1.0
2026-08-29,wk inc covid hosp,2,2026-09-12,16,quantile,0.45,1.0
2026-08-29,wk inc covid hosp,2,2026-09-12,16,quantile,0.5,2.0
2026-08-29,wk inc covid hosp,2,2026-09-12,16,quantile,0.55,3.0
2026-08-29,wk inc covid hosp,2,2026-09-12,16,quantile,0.6,4.0
2026-08-29,wk inc covid hosp,2,2026-09-12,16,quantile,0.65,5.0
2026-08-29,wk inc covid hosp,2,2026-09-12,16,quantile,0.7,7.0
2026-08-29,wk inc covid hosp,2,2026-09-12,16,quantile,0.75,10.0
2026-08-29,wk inc covid hosp,2,2026-09-12,16,quantile,0.8,13.0
2026-08-29,wk inc covid hosp,2,2026-09-12,16,quantile,0.85,18.0
2026-08-29,wk inc covid hosp,2,2026-09-12,16,quantile,0.9,25.0
2026-08-29,wk inc covid hosp,2,2026-09-12,16,quantile,0.95,38.0
2026-08-29,wk inc covid hosp,2,2026-09-12,16,quantile,0.975,52.0
2026-08-29,wk inc covid hosp,2,2026-09-12,16,quantile,0.99,72.0
2026-08-29,wk inc covid hosp,2,2026-09-12,17,quantile,0.01,0.0
2026-08-29,wk inc covid hosp,2,2026-09-12,17,quantile,0.025,0.0
2026-08-29,wk inc covid hosp,2,2026-09-12,17,quantile,0.05,0.0
2026-08-29,wk inc covid hosp,2,2026-09-12,17,quantile,0.1,0.0
2026-08-29,wk inc covid hosp,2,2026-09-12,17,quantile,0.15,0.0
2026-08-29,wk inc covid hosp,2,2026-09-12,17,quantile,0.2,0.0
2026-08-29,wk inc covid hosp,2,2026-09-12,17,quantile,0.25,0.0
2026-08-29,wk inc covid hosp,2,2026-09-12,17,quantile,0.3,0.0
2026-08-29,wk inc covid hosp,2,2026-09-12,17,quantile,0.35,0.0
2026-08-29,wk inc covid hosp,2,2026-09-12,17,quantile,0.4,0.0
2026-08-29,wk inc covid hosp,2,2026-09-12,17,quantile,0.45,0.0
2026-08-29,wk inc covid hosp,2,2026-09-12,17,quantile,0.5,0.0
2026-08-29,wk inc covid hosp,2,2026-09-12,17,quantile,0.55,0.0
2026-08-29,wk inc covid hosp,2,2026-09-12,17,quantile,0.6,1.0
2026-08-29,wk inc covid hosp,2,2026-09-12,17,quantile,0.65,3.0
2026-08-29,wk inc covid hosp,2,2026-09-12,17,quantile,0.7,6.0
2026-08-29,wk inc covid hosp,2,2026-09-12,17,quantile,0.75,12.0
2026-08-29,wk inc covid hosp,2,2026-09-12,17,quantile,0.8,23.0
2026-08-29,wk inc covid hosp,2,2026-09-12,17,quantile,0.85,45.0
2026-08-29,wk inc covid hosp,2,2026-09-12,17,quantile,0.9,90.0
2026-08-29,wk inc covid hosp,2,2026-09-12,17,quantile,0.95,196.0
2026-08-29,wk inc covid hosp,2,2026-09-12,17,quantile,0.975,330.0
2026-08-29,wk inc covid hosp,2,2026-09-12,17,quantile,0.99,536.0
2026-08-29,wk inc covid hosp,2,2026-09-12,18,quantile,0.01,0.0
2026-08-29,wk inc covid hosp,2,2026-09-12,18,quantile,0.025,0.0
2026-08-29,wk inc covid hosp,2,2026-09-12,18,quantile,0.05,0.0
2026-08-29,wk inc covid hosp,2,2026-09-12,18,quantile,0.1,0.0
2026-08-29,wk inc covid hosp,2,2026-09-12,18,quantile,0.15,0.0
2026-08-29,wk inc covid hosp,2,2026-09-12,18,quantile,0.2,0.0
2026-08-29,wk inc covid hosp,2,2026-09-12,18,quantile,0.25,0.0
2026-08-29,wk inc covid hosp,2,2026-09-12,18,quantile,0.3,0.0
2026-08-29,wk inc covid hosp,2,2026-09-12,18,quantile,0.35,0.0
2026-08-29,wk inc covid hosp,2,2026-09-12,18,quantile,0.4,0.0
2026-08-29,wk inc covid hosp,2,2026-09-12,18,quantile,0.45,0.0
2026-08-29,wk inc covid hosp,2,2026-09-12,18,quantile,0.5,0.0
2026-08-29,wk inc covid hosp,2,2026-09-12,18,quantile,0.55,0.0
2026-08-29,wk inc covid hosp,2,2026-09-12,18,quantile,0.6,0.0
2026-08-29,wk inc covid hosp,2,2026-09-12,18,quantile,0.65,0.0
2026-08-29,wk inc covid hosp,2,2026-09-12,18,quantile,0.7,0.0
2026-08-29,wk inc covid hosp,2,2026-09-12,18,quantile,0.75,0.0
2026-08-29,wk inc covid hosp,2,2026-09-12,18,quantile,0.8,0.0
2026-08-29,wk inc covid hosp,2,2026-09-12,18,quantile,0.85,0.0
2026-08-29,wk inc covid hosp,2,2026-09-12,18,quantile,0.9,0.0
2026-08-29,wk inc covid hosp,2,2026-09-12,18,quantile,0.95,0.0
2026-08-29,wk inc covid hosp,2,2026-09-12,18,quantile,0.975,0.0
2026-08-29,wk inc covid hosp,2,2026-09-12,18,quantile,0.99,0.0
2026-08-29,wk inc covid hosp,2,2026-09-12,19,quantile,0.01,0.0
2026-08-29,wk inc covid hosp,2,2026-09-12,19,quantile,0.025,0.0
2026-08-29,wk inc covid hosp,2,2026-09-12,19,quantile,0.05,0.0
2026-08-29,wk inc covid hosp,2,2026-09-12,19,quantile,0.1,0.0
2026-08-29,wk inc covid hosp,2,2026-09-12,19,quantile,0.15,0.0
2026-08-29,wk inc covid hosp,2,2026-09-12,19,quantile,0.2,0.0
2026-08-29,wk inc covid hosp,2,2026-09-12,19,quantile,0.25,0.0
2026-08-29,wk inc covid hosp,2,2026-09-12,19,quantile,0.3,0.0
2026-08-29,wk inc covid hosp,2,2026-09-12,19,quantile,0.35,0.0
2026-08-29,wk inc covid hosp,2,2026-09-12,19,quantile,0.4,0.0
2026-08-29,wk inc covid hosp,2,2026-09-12,19,quantile,0.45,0.0
2026-08-29,wk inc covid hosp,2,2026-09-12,19,quantile,0.5,0.0
2026-08-29,wk inc covid hosp,2,2026-09-12,19,quantile,0.55,0.0
2026-08-29,wk inc covid hosp,2,2026-09-12,19,quantile,0.6,0.0
2026-08-29,wk inc covid hosp,2,2026-09-12,19,quantile,0.65,0.0
2026-08-29,wk inc covid hosp,2,2026-09-12,19,quantile,0.7,0.0
2026-08-29,wk inc covid hosp,2,2026-09-12,19,quantile,0.75,0.0
2026-08-29,wk inc covid hosp,2,2026-09-12,19,quantile,0.8,0.0
2026-08-29,wk inc covid hosp,2,2026-09-12,19,quantile,0.85,0.0
2026-08-29,wk inc covid hosp,2,2026-09-12,19,quantile,0.9,0.0
2026-08-29,wk inc covid hosp,2,2026-09-12,19,quantile,0.95,0.0
2026-08-29,wk inc covid hosp,2,2026-09-12,19,quantile,0.975,0.0
2026-08-29,wk inc covid hosp,2,2026-09-12,19,quantile,0.99,0.0
2026-08-29,wk inc covid hosp,2,2026-09-12,20,quantile,0.01,0.0
2026-08-29,wk inc covid hosp,2,2026-09-12,20,quantile,0.025,0.0
2026-08-29,wk inc covid hosp,2,2026-09-12,20,quantile,0.05,0.0
2026-08-29,wk inc covid hosp,2,2026-09-12,20,quantile,0.1,0.0
2026-08-29,wk inc covid hosp,2,2026-09-12,20,quantile,0.15,0.0
2026-08-29,wk inc covid hosp,2,2026-09-12,20,quantile,0.2,0.0
2026-08-29,wk inc covid hosp,2,2026-09-12,20,quantile,0.25,0.0
2026-08-29,wk inc covid hosp,2,2026-09-12,20,quantile,0.3,0.0
2026-08-29,wk inc covid hosp,2,2026-09-12,20,quantile,0.35,0.0
2026-08-29,wk inc covid hosp,2,2026-09-12,20,quantile,0.4,0.0
2026-08-29,wk inc covid hosp,2,2026-09-12,20,quantile,0.45,0.0
2026-08-29,wk inc covid hosp,2,2026-09-12,20,quantile,0.5,1.0
2026-08-29,wk inc covid hosp,2,2026-09-12,20,quantile,0.55,2.0
2026-08-29,wk inc covid hosp,2,2026-09-12,20,quantile,0.6,3.0
2026-08-29,wk inc covid hosp,2,2026-09-12,20,quantile,0.65,4.0
2026-08-29,wk inc covid hosp,2,2026-09-12,20,quantile,0.7,6.0
2026-08-29,wk inc covid hosp,2,2026-09-12,20,quantile,0.75,9.0
2026-08-29,wk inc covid hosp,2,2026-09-12,20,quantile,0.8,14.0
2026-08-29,wk inc covid hosp,2,2026-09-12,20,quantile,0.85,21.0
2026-08-29,wk inc covid hosp,2,2026-09-12,20,quantile,0.9,32.0
2026-08-29,wk inc covid hosp,2,2026-09-12,20,quantile,0.95,56.0
2026-08-29,wk inc covid hosp,2,2026-09-12,20,quantile,0.975,82.0
2026-08-29,wk inc covid hosp,2,2026-09-12,20,quantile,0.99,120.0
2026-08-29,wk inc covid hosp,2,2026-09-12,21,quantile,0.01,0.0
2026-08-29,wk inc covid hosp,2,2026-09-12,21,quantile,0.025,0.0
2026-08-29,wk inc covid hosp,2,2026-09-12,21,quantile,0.05,0.0
2026-08-29,wk inc covid hosp,2,2026-09-12,21,quantile,0.1,0.0
2026-08-29,wk inc covid hosp,2,2026-09-12,21,quantile,0.15,0.0
2026-08-29,wk inc covid hosp,2,2026-09-12,21,quantile,0.2,0.0
2026-08-29,wk inc covid hosp,2,2026-09-12,21,quantile,0.25,0.0
2026-08-29,wk inc covid hosp,2,2026-09-12,21,quantile,0.3,0.0
2026-08-29,wk inc covid hosp,2,2026-09-12,21,quantile,0.35,0.0
2026-08-29,wk inc covid hosp,2,2026-09-12,21,quantile,0.4,0.0
2026-08-29,wk inc covid hosp,2,2026-09-12,21,quantile,0.45,0.0
2026-08-29,wk inc covid hosp,2,2026-09-12,21,quantile,0.5,0.0
2026-08-29,wk inc covid hosp,2,2026-09-12,21,quantile,0.55,0.0
2026-08-29,wk inc covid hosp,2,2026-09-12,21,quantile,0.6,1.0
2026-08-29,wk inc covid hosp,2,2026-09-12,21,quantile,0.65,3.0
2026-08-29,wk inc covid hosp,2,2026-09-12,21,quantile,0.7,6.0
2026-08-29,wk inc covid hosp,2,2026-09-12,21,quantile,0.75,12.0
2026-08-29,wk inc covid hosp,2,2026-09-12,21,quantile,0.8,24.0
2026-08-29,wk inc covid hosp,2,2026-09-12,21,quantile,0.85,46.0
2026-08-29,wk inc covid hosp,2,2026-09-12,21,quantile,0.9,92.0
2026-08-29,wk inc covid hosp,2,2026-09-12,21,quantile,0.95,200.0
2026-08-29,wk inc covid hosp,2,2026-09-12,21,quantile,0.975,336.0
2026-08-29,wk inc covid hosp,2,2026-09-12,21,quantile,0.99,546.0
2026-08-29,wk inc covid hosp,2,2026-09-12,22,quantile,0.01,13.0
2026-08-29,wk inc covid hosp,2,2026-09-12,22,quantile,0.025,18.0
2026-08-29,wk inc covid hosp,2,2026-09-12,22,quantile,0.05,23.0
2026-08-29,wk inc covid hosp,2,2026-09-12,22,quantile,0.1,31.0
2026-08-29,wk inc covid hosp,2,2026-09-12,22,quantile,0.15,36.0
2026-08-29,wk inc covid hosp,2,2026-09-12,22,quantile,0.2,41.0
2026-08-29,wk inc covid hosp,2,2026-09-12,22,quantile,0.25,46.0
2026-08-29,wk inc covid hosp,2,2026-09-12,22,quantile,0.3,50.0
2026-08-29,wk inc covid hosp,2,2026-09-12,22,quantile,0.35,55.0
2026-08-29,wk inc covid hosp,2,2026-09-12,22,quantile,0.4,59.0
2026-08-29,wk inc covid hosp,2,2026-09-12,22,quantile,0.45,63.0
2026-08-29,wk inc covid hosp,2,2026-09-12,22,quantile,0.5,68.0
2026-08-29,wk inc covid hosp,2,2026-09-12,22,quantile,0.55,73.0
2026-08-29,wk inc covid hosp,2,2026-09-12,22,quantile,0.6,78.0
2026-08-29,wk inc covid hosp,2,2026-09-12,22,quantile,0.65,83.0
2026-08-29,wk inc covid hosp,2,2026-09-12,22,quantile,0.7,89.0
2026-08-29,wk inc covid hosp,2,2026-09-12,22,quantile,0.75,96.0
2026-08-29,wk inc covid hosp,2,2026-09-12,22,quantile,0.8,104.0
2026-08-29,wk inc covid hosp,2,2026-09-12,22,quantile,0.85,113.0
2026-08-29,wk inc covid hosp,2,2026-09-12,22,quantile,0.9,127.0
2026-08-29,wk inc covid hosp,2,2026-09-12,22,quantile,0.95,148.0
2026-08-29,wk inc covid hosp,2,2026-09-12,22,quantile,0.975,168.0
2026-08-29,wk inc covid hosp,2,2026-09-12,22,quantile,0.99,193.0
2026-08-29,wk inc covid hosp,2,2026-09-12,23,quantile,0.01,0.0
2026-08-29,wk inc covid hosp,2,2026-09-12,23,quantile,0.025,0.0
2026-08-29,wk inc covid hosp,2,2026-09-12,23,quantile,0.05,0.0
2026-08-29,wk inc covid hosp,2,2026-09-12,23,quantile,0.1,0.0
2026-08-29,wk inc covid hosp,2,2026-09-12,23,quantile,0.15,0.0
2026-08-29,wk inc covid hosp,2,2026-09-12,23,quantile,0.2,0.0
2026-08-29,wk inc covid hosp,2,2026-09-12,23,quantile,0.25,0.0
2026-08-29,wk inc covid hosp,2,2026-09-12,23,quantile,0.3,0.0
2026-08-29,wk inc covid hosp,2,2026-09-12,23,quantile,0.35,0.0
2026-08-29,wk inc covid hosp,2,2026-09-12,23,quantile,0.4,0.0
2026-08-29,wk inc covid hosp,2,2026-09-12,23,quantile,0.45,0.0
2026-08-29,wk inc covid hosp,2,2026-09-12,23,quantile,0.5,0.0
2026-08-29,wk inc covid hosp,2,2026-09-12,23,quantile,0.55,0.0
2026-08-29,wk inc covid hosp,2,2026-09-12,23,quantile,0.6,0.0
2026-08-29,wk inc covid hosp,2,2026-09-12,23,quantile,0.65,1.0
2026-08-29,wk inc covid hosp,2,2026-09-12,23,quantile,0.7,2.0
2026-08-29,wk inc covid hosp,2,2026-09-12,23,quantile,0.75,5.0
2026-08-29,wk inc covid hosp,2,2026-09-12,23,quantile,0.8,9.0
2026-08-29,wk inc covid hosp,2,2026-09-12,23,quantile,0.85,18.0
2026-08-29,wk inc covid hosp,2,2026-09-12,23,quantile,0.9,36.0
2026-08-29,wk inc covid hosp,2,2026-09-12,23,quantile,0.95,79.0
2026-08-29,wk inc covid hosp,2,2026-09-12,23,quantile,0.975,134.0
2026-08-29,wk inc covid hosp,2,2026-09-12,23,quantile,0.99,217.0
2026-08-29,wk inc covid hosp,2,2026-09-12,24,quantile,0.01,0.0
2026-08-29,wk inc covid hosp,2,2026-09-12,24,quantile,0.025,0.0
2026-08-29,wk inc covid hosp,2,2026-09-12,24,quantile,0.05,0.0
2026-08-29,wk inc covid hosp,2,2026-09-12,24,quantile,0.1,0.0
2026-08-29,wk inc covid hosp,2,2026-09-12,24,quantile,0.15,0.0
2026-08-29,wk inc covid hosp,2,2026-09-12,24,quantile,0.2,0.0
2026-08-29,wk inc covid hosp,2,2026-09-12,24,quantile,0.25,0.0
2026-08-29,wk inc covid hosp,2,2026-09-12,24,quantile,0.3,0.0
2026-08-29,wk inc covid hosp,2,2026-09-12,24,quantile,0.35,0.0
2026-08-29,wk inc covid hosp,2,2026-09-12,24,quantile,0.4,0.0
2026-08-29,wk inc covid hosp,2,2026-09-12,24,quantile,0.45,0.0
2026-08-29,wk inc covid hosp,2,2026-09-12,24,quantile,0.5,0.0
2026-08-29,wk inc covid hosp,2,2026-09-12,24,quantile,0.55,0.0
2026-08-29,wk inc covid hosp,2,2026-09-12,24,quantile,0.6,1.0
2026-08-29,wk inc covid hosp,2,2026-09-12,24,quantile,0.65,2.0
2026-08-29,wk inc covid hosp,2,2026-09-12,24,quantile,0.7,4.0
2026-08-29,wk inc covid hosp,2,2026-09-12,24,quantile,0.75,9.0
2026-08-29,wk inc covid hosp,2,2026-09-12,24,quantile,0.8,18.0
2026-08-29,wk inc covid hosp,2,2026-09-12,24,quantile,0.85,35.0
2026-08-29,wk inc covid hosp,2,2026-09-12,24,quantile,0.9,69.0
2026-08-29,wk inc covid hosp,2,2026-09-12,24,quantile,0.95,150.0
2026-08-29,wk inc covid hosp,2,2026-09-12,24,quantile,0.975,253.0
2026-08-29,wk inc covid hosp,2,2026-09-12,24,quantile,0.99,411.0
2026-08-29,wk inc covid hosp,2,2026-09-12,25,quantile,0.01,0.0
2026-08-29,wk inc covid hosp,2,2026-09-12,25,quantile,0.025,0.0
2026-08-29,wk inc covid hosp,2,2026-09-12,25,quantile,0.05,0.0
2026-08-29,wk inc covid hosp,2,2026-09-12,25,quantile,0.1,0.0
2026-08-29,wk inc covid hosp,2,2026-09-12,25,quantile,0.15,0.0
2026-08-29,wk inc covid hosp,2,2026-09-12,25,quantile,0.2,0.0
2026-08-29,wk inc covid hosp,2,2026-09-12,25,quantile,0.25,0.0
2026-08-29,wk inc covid hosp,2,2026-09-12,25,quantile,0.3,0.0
2026-08-29,wk inc covid hosp,2,2026-09-12,25,quantile,0.35,0.0
2026-08-29,wk inc covid hosp,2,2026-09-12,25,quantile,0.4,0.0
2026-08-29,wk inc covid hosp,2,2026-09-12,25,quantile,0.45,0.0
2026-08-29,wk inc covid hosp,2,2026-09-12,25,quantile,0.5,0.0
2026-08-29,wk inc covid hosp,2,2026-09-12,25,quantile,0.55,0.0
2026-08-29,wk inc covid hosp,2,2026-09-12,25,quantile,0.6,1.0
2026-08-29,wk inc covid hosp,2,2026-09-12,25,quantile,0.65,3.0
2026-08-29,wk inc covid hosp,2,2026-09-12,25,quantile,0.7,7.0
2026-08-29,wk inc covid hosp,2,2026-09-12,25,quantile,0.75,13.0
2026-08-29,wk inc covid hosp,2,2026-09-12,25,quantile,0.8,26.0
2026-08-29,wk inc covid hosp,2,2026-09-12,25,quantile,0.85,51.0
2026-08-29,wk inc covid hosp,2,2026-09-12,25,quantile,0.9,102.0
2026-08-29,wk inc covid hosp,2,2026-09-12,25,quantile,0.95,222.0
2026-08-29,wk inc covid hosp,2,2026-09-12,25,quantile,0.975,374.0
2026-08-29,wk inc covid hosp,2,2026-09-12,25,quantile,0.99,608.0
2026-08-29,wk inc covid hosp,2,2026-09-12,26,quantile,0.01,56.0
2026-08-29,wk inc covid hosp,2,2026-09-12,26,quantile,0.025,70.0
2026-08-29,wk inc covid hosp,2,2026-09-12,26,quantile,0.05,84.0
2026-08-29,wk inc covid hosp,2,2026-09-12,26,quantile,0.1,102.0
2026-08-29,wk inc covid hosp,2,2026-09-12,26,quantile,0.15,116.0
2026-08-29,wk inc covid hosp,2,2026-09-12,26,quantile,0.2,127.0
2026-08-29,wk inc covid hosp,2,2026-09-12,26,quantile,0.25,138.0
2026-08-29,wk inc covid hosp,2,2026-09-12,26,quantile,0.3,148.0
2026-08-29,wk inc covid hosp,2,2026-09-12,26,quantile,0.35,158.0
2026-08-29,wk inc covid hosp,2,2026-09-12,26,quantile,0.4,168.0
2026-08-29,wk inc covid hosp,2,2026-09-12,26,quantile,0.45,177.0
2026-08-29,wk inc covid hosp,2,2026-09-12,26,quantile,0.5,187.0
2026-08-29,wk inc covid hosp,2,2026-09-12,26,quantile,0.55,198.0
2026-08-29,wk inc covid hosp,2,2026-09-12,26,quantile,0.6,209.0
2026-08-29,wk inc covid hosp,2,2026-09-12,26,quantile,0.65,220.0
2026-08-29,wk inc covid hosp,2,2026-09-12,26,quantile,0.7,233.0
2026-08-29,wk inc covid hosp,2,2026-09-12,26,quantile,0.75,247.0
2026-08-29,wk inc covid hosp,2,2026-09-12,26,quantile,0.8,264.0
2026-08-29,wk inc covid hosp,2,2026-09-12,26,quantile,0.85,284.0
2026-08-29,wk inc covid hosp,2,2026-09-12,26,quantile,0.9,311.0
2026-08-29,wk inc covid hosp,2,2026-09-12,26,quantile,0.95,353.0
2026-08-29,wk inc covid hosp,2,2026-09-12,26,quantile,0.975,393.0
2026-08-29,wk inc covid hosp,2,2026-09-12,26,quantile,0.99,442.0
2026-08-29,wk inc covid hosp,2,2026-09-12,27,quantile,0.01,0.0
2026-08-29,wk inc covid hosp,2,2026-09-12,27,quantile,0.025,0.0
2026-08-29,wk inc covid hosp,2,2026-09-12,27,quantile,0.05,0.0
2026-08-29,wk inc covid hosp,2,2026-09-12,27,quantile,0.1,0.0
2026-08-29,wk inc covid hosp,2,2026-09-12,27,quantile,0.15,0.0
2026-08-29,wk inc covid hosp,2,2026-09-12,27,quantile,0.2,0.0
2026-08-29,wk inc covid hosp,2,2026-09-12,27,quantile,0.25,0.0
2026-08-29,wk inc covid hosp,2,2026-09-12,27,quantile,0.3,0.0
2026-08-29,wk inc covid hosp,2,2026-09-12,27,quantile,0.35,0.0
2026-08-29,wk inc covid hosp,2,2026-09-12,27,quantile,0.4,0.0
2026-08-29,wk inc covid hosp,2,2026-09-12,27,quantile,0.45,1.0
2026-08-29,wk inc covid hosp,2,2026-09-12,27,quantile,0.5,2.0
2026-08-29,wk inc covid hosp,2,2026-09-12,27,quantile,0.55,3.0
2026-08-29,wk inc covid hosp,2,2026-09-12,27,quantile,0.6,5.0
2026-08-29,wk inc covid hosp,2,2026-09-12,27,quantile,0.65,7.0
2026-08-29,wk inc covid hosp,2,2026-09-12,27,quantile,0.7,11.0
2026-08-29,wk inc covid hosp,2,2026-09-12,27,quantile,0.75,17.0
2026-08-29,wk inc covid hosp,2,2026-09-12,27,quantile,0.8,26.0
2026-08-29,wk inc covid hosp,2,2026-09-12,27,quantile,0.85,39.0
2026-08-29,wk inc covid hosp,2,2026-09-12,27,quantile,0.9,61.0
2026-08-29,wk inc covid hosp,2,2026-09-12,27,quantile,0.95,107.0
2026-08-29,wk inc covid hosp,2,2026-09-12,27,quantile,0.975,159.0
2026-08-29,wk inc covid hosp,2,2026-09-12,27,quantile,0.99,233.0
2026-08-29,wk inc covid hosp,2,2026-09-12,28,quantile,0.01,0.0
2026-08-29,wk inc covid hosp,2,2026-09-12,28,quantile,0.025,0.0
2026-08-29,wk inc covid hosp,2,2026-09-12,28,quantile,0.05,0.0
2026-08-29,wk inc covid hosp,2,2026-09-12,28,quantile,0.1,0.0
2026-08-29,wk inc covid hosp,2,2026-09-12,28,quantile,0.15,0.0
2026-08-29,wk inc covid hosp,2,2026-09-12,28,quantile,0.2,0.0
2026-08-29,wk inc covid hosp,2,2026-09-12,28,quantile,0.25,0.0
2026-08-29,wk inc covid hosp,2,2026-09-12,28,quantile,0.3,0.0
2026-08-29,wk inc covid hosp,2,2026-09-12,28,quantile,0.35,1.0
2026-08-29,wk inc covid hosp,2,2026-09-12,28,quantile,0.4,1.0
2026-08-29,wk inc covid hosp,2,2026-09-12,28,quantile,0.45,2.0
2026-08-29,wk inc covid hosp,2,2026-09-12,28,quantile,0.5,3.0
2026-08-29,wk inc covid hosp,2,2026-09-12,28,quantile,0.55,4.0
2026-08-29,wk inc covid hosp,2,2026-09-12,28,quantile,0.6,5.0
2026-08-29,wk inc covid hosp,2,2026-09-12,28,quantile,0.65,8.0
2026-08-29,wk inc covid hosp,2,2026-09-12,28,quantile,0.7,10.0
2026-08-29,wk inc covid hosp,2,2026-09-12,28,quantile,0.75,14.0
2026-08-29,wk inc covid hosp,2,2026-09-12,28,quantile,0.8,20.0
2026-08-29,wk inc covid hosp,2,2026-09-12,28,quantile,0.85,27.0
2026-08-29,wk inc covid hosp,2,2026-09-12,28,quantile,0.9,39.0
2026-08-29,wk inc covid hosp,2,2026-09-12,28,quantile,0.95,61.0
2026-08-29,wk inc covid hosp,2,2026-09-12,28,quantile,0.975,86.0
2026-08-29,wk inc covid hosp,2,2026-09-12,28,quantile,0.99,121.0
2026-08-29,wk inc covid hosp,2,2026-09-12,29,quantile,0.01,0.0
2026-08-29,wk inc covid hosp,2,2026-09-12,29,quantile,0.025,0.0
2026-08-29,wk inc covid hosp,2,2026-09-12,29,quantile,0.05,0.0
2026-08-29,wk inc covid hosp,2,2026-09-12,29,quantile,0.1,0.0
2026-08-29,wk inc covid hosp,2,2026-09-12,29,quantile,0.15,0.0
2026-08-29,wk inc covid hosp,2,2026-09-12,29,quantile,0.2,0.0
2026-08-29,wk inc covid hosp,2,2026-09-12,29,quantile,0.25,0.0
2026-08-29,wk inc covid hosp,2,2026-09-12,29,quantile,0.3,0.0
2026-08-29,wk inc covid hosp,2,2026-09-12,29,quantile,0.35,0.0
2026-08-29,wk inc covid hosp,2,2026-09-12,29,quantile,0.4,0.0
2026-08-29,wk inc covid hosp,2,2026-09-12,29,quantile,0.45,0.0
2026-08-29,wk inc covid hosp,2,2026-09-12,29,quantile,0.5,0.0
2026-08-29,wk inc covid hosp,2,2026-09-12,29,quantile,0.55,0.0
2026-08-29,wk inc covid hosp,2,2026-09-12,29,quantile,0.6,0.0
2026-08-29,wk inc covid hosp,2,2026-09-12,29,quantile,0.65,0.0
2026-08-29,wk inc covid hosp,2,2026-09-12,29,quantile,0.7,0.0
2026-08-29,wk inc covid hosp,2,2026-09-12,29,quantile,0.75,0.0
2026-08-29,wk inc covid hosp,2,2026-09-12,29,quantile,0.8,0.0
2026-08-29,wk inc covid hosp,2,2026-09-12,29,quantile,0.85,0.0
2026-08-29,wk inc covid hosp,2,2026-09-12,29,quantile,0.9,0.0
2026-08-29,wk inc covid hosp,2,2026-09-12,29,quantile,0.95,0.0
2026-08-29,wk inc covid hosp,2,2026-09-12,29,quantile,0.975,0.0
2026-08-29,wk inc covid hosp,2,2026-09-12,29,quantile,0.99,0.0
2026-08-29,wk inc covid hosp,2,2026-09-12,30,quantile,0.01,0.0
2026-08-29,wk inc covid hosp,2,2026-09-12,30,quantile,0.025,0.0
2026-08-29,wk inc covid hosp,2,2026-09-12,30,quantile,0.05,0.0
2026-08-29,wk inc covid hosp,2,2026-09-12,30,quantile,0.1,0.0
2026-08-29,wk inc covid hosp,2,2026-09-12,30,quantile,0.15,0.0
2026-08-29,wk inc covid hosp,2,2026-09-12,30,quantile,0.2,0.0
2026-08-29,wk inc covid hosp,2,2026-09-12,30,quantile,0.25,0.0
2026-08-29,wk inc covid hosp,2,2026-09-12,30,quantile,0.3,0.0
2026-08-29,wk inc covid hosp,2,2026-09-12,30,quantile,0.35,0.0
2026-08-29,wk inc covid hosp,2,2026-09-12,30,quantile,0.4,0.0
2026-08-29,wk inc covid hosp,2,2026-09-12,30,quantile,0.45,0.0
2026-08-29,wk inc covid hosp,2,2026-09-12,30,quantile,0.5,0.0
2026-08-29,wk inc covid hosp,2,2026-09-12,30,quantile,0.55,0.0
2026-08-29,wk inc covid hosp,2,2026-09-12,30,quantile,0.6,0.0
2026-08-29,wk inc covid hosp,2,2026-09-12,30,quantile,0.65,1.0
2026-08-29,wk inc covid hosp,2,2026-09-12,30,quantile,0.7,3.0
2026-08-29,wk inc covid hosp,2,2026-09-12,30,quantile,0.75,6.0
2026-08-29,wk inc covid hosp,2,2026-09-12,30,quantile,0.8,11.0
2026-08-29,wk inc covid hosp,2,2026-09-12,30,quantile,0.85,22.0
2026-08-29,wk inc covid hosp,2,2026-09-12,30,quantile,0.9,43.0
2026-08-29,wk inc covid hosp,2,2026-09-12,30,quantile,0.95,93.0
2026-08-29,wk inc covid hosp,2,2026-09-12,30,quantile,0.975,157.0
2026-08-29,wk inc covid hosp,2,2026-09-12,30,quantile,0.99,256.0
2026-08-29,wk inc covid hosp,2,2026-09-12,31,quantile,0.01,0.0
2026-08-29,wk inc covid hosp,2,2026-09-12,31,quantile,0.025,0.0
2026-08-29,wk inc covid hosp,2,2026-09-12,31,quantile,0.05,1.0
2026-08-29,wk inc covid hosp,2,2026-09-12,31,quantile,0.1,2.0
2026-08-29,wk inc covid hosp,2,2026-09-12,31,quantile,0.15,3.0
2026-08-29,wk inc covid hosp,2,2026-09-12,31,quantile,0.2,4.0
2026-08-29,wk inc covid hosp,2,2026-09-12,31,quantile,0.25,5.0
2026-08-29,wk inc covid hosp,2,2026-09-12,31,quantile,0.3,6.0
2026-08-29,wk inc covid hosp,2,2026-09-12,31,quantile,0.35,7.0
2026-08-29,wk inc covid hosp,2,2026-09-12,31,quantile,0.4,9.0
2026-08-29,wk inc covid hosp,2,2026-09-12,31,quantile,0.45,10.0
2026-08-29,wk inc covid hosp,2,2026-09-12,31,quantile,0.5,12.0
2026-08-29,wk inc covid hosp,2,2026-09-12,31,quantile,0.55,14.0
2026-08-29,wk inc covid hosp,2,2026-09-12,31,quantile,0.6,16.0
2026-08-29,wk inc covid hosp,2,2026-09-12,31,quantile,0.65,18.0
2026-08-29,wk inc covid hosp,2,2026-09-12,31,quantile,0.7,20.0
2026-08-29,wk inc covid hosp,2,2026-09-12,31,quantile,0.75,23.0
2026-08-29,wk inc covid hosp,2,2026-09-12,31,quantile,0.8,27.0
2026-08-29,wk inc covid hosp,2,2026-09-12,31,quantile,0.85,31.0
2026-08-29,wk inc covid hosp,2,2026-09-12,31,quantile,0.9,38.0
2026-08-29,wk inc covid hosp,2,2026-09-12,31,quantile,0.95,49.0
2026-08-29,wk inc covid hosp,2,2026-09-12,31,quantile,0.975,60.0
2026-08-29,wk inc covid hosp,2,2026-09-12,31,quantile,0.99,74.0
2026-08-29,wk inc covid hosp,2,2026-09-12,32,quantile,0.01,0.0
2026-08-29,wk inc covid hosp,2,2026-09-12,32,quantile,0.025,0.0
2026-08-29,wk inc covid hosp,2,2026-09-12,32,quantile,0.05,0.0
2026-08-29,wk inc covid hosp,2,2026-09-12,32,quantile,0.1,0.0
2026-08-29,wk inc covid hosp,2,2026-09-12,32,quantile,0.15,0.0
2026-08-29,wk inc covid hosp,2,2026-09-12,32,quantile,0.2,0.0
2026-08-29,wk inc covid hosp,2,2026-09-12,32,quantile,0.25,0.0
2026-08-29,wk inc covid hosp,2,2026-09-12,32,quantile,0.3,0.0
2026-08-29,wk inc covid hosp,2,2026-09-12,32,quantile,0.35,0.0
2026-08-29,wk inc covid hosp,2,2026-09-12,32,quantile,0.4,0.0
2026-08-29,wk inc covid hosp,2,2026-09-12,32,quantile,0.45,0.0
2026-08-29,wk inc covid hosp,2,2026-09-12,32,quantile,0.5,0.0
2026-08-29,wk inc covid hosp,2,2026-09-12,32,quantile,0.55,0.0
2026-08-29,wk inc covid hosp,2,2026-09-12,32,quantile,0.6,0.0
2026-08-29,wk inc covid hosp,2,2026-09-12,32,quantile,0.65,0.0
2026-08-29,wk inc covid hosp,2,2026-09-12,32,quantile,0.7,0.0
2026-08-29,wk inc covid hosp,2,2026-09-12,32,quantile,0.75,0.0
2026-08-29,wk inc covid hosp,2,2026-09-12,32,quantile,0.8,0.0
2026-08-29,wk inc covid hosp,2,2026-09-12,32,quantile,0.85,0.0
2026-08-29,wk inc covid hosp,2,2026-09-12,32,quantile,0.9,0.0
2026-08-29,wk inc covid hosp,2,2026-09-12,32,quantile,0.95,0.0
2026-08-29,wk inc covid hosp,2,2026-09-12,32,quantile,0.975,0.0
2026-08-29,wk inc covid hosp,2,2026-09-12,32,quantile,0.99,0.0
2026-08-29,wk inc covid hosp,2,2026-09-12,33,quantile,0.01,0.0
2026-08-29,wk inc covid hosp,2,2026-09-12,33,quantile,0.025,0.0
2026-08-29,wk inc covid hosp,2,2026-09-12,33,quantile,0.05,0.0
2026-08-29,wk inc covid hosp,2,2026-09-12,33,quantile,0.1,0.0
2026-08-29,wk inc covid hosp,2,2026-09-12,33,quantile,0.15,0.0
2026-08-29,wk inc covid hosp,2,2026-09-12,33,quantile,0.2,0.0
2026-08-29,wk inc covid hosp,2,2026-09-12,33,quantile,0.25,0.0
2026-08-29,wk inc covid hosp,2,2026-09-12,33,quantile,0.3,0.0
2026-08-29,wk inc covid hosp,2,2026-09-12,33,quantile,0.35,0.0
2026-08-29,wk inc covid hosp,2,2026-09-12,33,quantile,0.4,0.0
2026-08-29,wk inc covid hosp,2,2026-09-12,33,quantile,0.45,0.0
2026-08-29,wk inc covid hosp,2,2026-09-12,33,quantile,0.5,0.0
2026-08-29,wk inc covid hosp,2,2026-09-12,33,quantile,0.55,0.0
2026-08-29,wk inc covid hosp,2,2026-09-12,33,quantile,0.6,0.0
2026-08-29,wk inc covid hosp,2,2026-09-12,33,quantile,0.65,1.0
2026-08-29,wk inc covid hosp,2,2026-09-12,33,quantile,0.7,1.0
2026-08-29,wk inc covid hosp,2,2026-09-12,33,quantile,0.75,3.0
2026-08-29,wk inc covid hosp,2,2026-09-12,33,quantile,0.8,6.0
2026-08-29,wk inc covid hosp,2,2026-09-12,33,quantile,0.85,11.0
2026-08-29,wk inc covid hosp,2,2026-09-12,33,quantile,0.9,22.0
2026-08-29,wk inc covid hosp,2,2026-09-12,33,quantile,0.95,47.0
2026-08-29,wk inc covid hosp,2,2026-09-12,33,quantile,0.975,80.0
2026-08-29,wk inc covid hosp,2,2026-09-12,33,quantile,0.99,129.0
2026-08-29,wk inc covid hosp,2,2026-09-12,34,quantile,0.01,17.0
2026-08-29,wk inc covid hosp,2,2026-09-12,34,quantile,0.025,25.0
2026-08-29,wk inc covid hosp,2,2026-09-12,34,quantile,0.05,34.0
2026-08-29,wk inc covid hosp,2,2026-09-12,34,quantile,0.1,46.0
2026-08-29,wk inc covid hosp,2,2026-09-12,34,quantile,0.15,56.0
2026-08-29,wk inc covid hosp,2,2026-09-12,34,quantile,0.2,64.0
2026-08-29,wk inc covid hosp,2,2026-09-12,34,quantile,0.25,73.0
2026-08-29,wk inc covid hosp,2,2026-09-12,34,quantile,0.3,81.0
2026-08-29,wk inc covid hosp,2,2026-09-12,34,quantile,0.35,89.0
2026-08-29,wk inc covid hosp,2,2026-09-12,34,quantile,0.4,97.0
2026-08-29,wk inc covid hosp,2,2026-09-12,34,quantile,0.45,105.0
2026-08-29,wk inc covid hosp,2,2026-09-12,34,quantile,0.5,113.0
2026-08-29,wk inc covid hosp,2,2026-09-12,34,quantile,0.55,122.0
2026-08-29,wk inc covid hosp,2,2026-09-12,34,quantile,0.6,132.0
2026-08-29,wk inc covid hosp,2,2026-09-12,34,quantile,0.65,142.0
2026-08-29,wk inc covid hosp,2,2026-09-12,34,quantile,0.7,154.0
2026-08-29,wk inc covid hosp,2,2026-09-12,34,quantile,0.75,167.0
2026-08-29,wk inc covid hosp,2,2026-09-12,34,quantile,0.8,182.0
2026-08-29,wk inc covid hosp,2,2026-09-12,34,quantile,0.85,201.0
2026-08-29,wk inc covid hosp,2,2026-09-12,34,quantile,0.9,227.0
2026-08-29,wk inc covid hosp,2,2026-09-12,34,quantile,0.95,269.0
2026-08-29,wk inc covid hosp,2,2026-09-12,34,quantile,0.975,309.0
2026-08-29,wk inc covid hosp,2,2026-09-12,34,quantile,0.99,360.0
2026-08-29,wk inc covid hosp,2,2026-09-12,35,quantile,0.01,0.0
2026-08-29,wk inc covid hosp,2,2026-09-12,35,quantile,0.025,0.0
2026-08-29,wk inc covid hosp,2,2026-09-12,35,quantile,0.05,0.0
2026-08-29,wk inc covid hosp,2,2026-09-12,35,quantile,0.1,1.0
2026-08-29,wk inc covid hosp,2,2026-09-12,35,quantile,0.15,2.0
2026-08-29,wk inc covid hosp,2,2026-09-12,35,quantile,0.2,3.0
2026-08-29,wk inc covid hosp,2,2026-09-12,35,quantile,0.25,4.0
2026-08-29,wk inc covid hosp,2,2026-09-12,35,quantile,0.3,5.0
2026-08-29,wk inc covid hosp,2,2026-09-12,35,quantile,0.35,6.0
2026-08-29,wk inc covid hosp,2,2026-09-12,35,quantile,0.4,7.0
2026-08-29,wk inc covid hosp,2,2026-09-12,35,quantile,0.45,9.0
2026-08-29,wk inc covid hosp,2,2026-09-12,35,quantile,0.5,10.0
2026-08-29,wk inc covid hosp,2,2026-09-12,35,quantile,0.55,12.0
2026-08-29,wk inc covid hosp,2,2026-09-12,35,quantile,0.6,14.0
2026-08-29,wk inc covid hosp,2,2026-09-12,35,quantile,0.65,16.0
2026-08-29,wk inc covid hosp,2,2026-09-12,35,quantile,0.7,19.0
2026-08-29,wk inc covid hosp,2,2026-09-12,35,quantile,0.75,22.0
2026-08-29,wk inc covid hosp,2,2026-09-12,35,quantile,0.8,26.0
2026-08-29,wk inc covid hosp,2,2026-09-12,35,quantile,0.85,31.0
2026-08-29,wk inc covid hosp,2,2026-09-12,35,quantile,0.9,39.0
2026-08-29,wk inc covid hosp,2,2026-09-12,35,quantile,0.95,51.0
2026-08-29,wk inc covid hosp,2,2026-09-12,35,quantile,0.975,64.0
2026-08-29,wk inc covid hosp,2,2026-09-12,35,quantile,0.99,81.0
2026-08-29,wk inc covid hosp,2,2026-09-12,36,quantile,0.01,0.0
2026-08-29,wk inc covid hosp,2,2026-09-12,36,quantile,0.025,0.0
2026-08-29,wk inc covid hosp,2,2026-09-12,36,quantile,0.05,0.0
2026-08-29,wk inc covid hosp,2,2026-09-12,36,quantile,0.1,2.0
2026-08-29,wk inc covid hosp,2,2026-09-12,36,quantile,0.15,4.0
2026-08-29,wk inc covid hosp,2,2026-09-12,36,quantile,0.2,8.0
2026-08-29,wk inc covid hosp,2,2026-09-12,36,quantile,0.25,13.0
2026-08-29,wk inc covid hosp,2,2026-09-12,36,quantile,0.3,18.0
2026-08-29,wk inc covid hosp,2,2026-09-12,36,quantile,0.35,25.0
2026-08-29,wk inc covid hosp,2,2026-09-12,36,quantile,0.4,34.0
2026-08-29,wk inc covid hosp,2,2026-09-12,36,quantile,0.45,44.0
2026-08-29,wk inc covid hosp,2,2026-09-12,36,quantile,0.5,55.0
2026-08-29,wk inc covid hosp,2,2026-09-12,36,quantile,0.55,69.0
2026-08-29,wk inc covid hosp,2,2026-09-12,36,quantile,0.6,85.0
2026-08-29,wk inc covid hosp,2,2026-09-12,36,quantile,0.65,104.0
2026-08-29,wk inc covid hosp,2,2026-09-12,36,quantile,0.7,128.0
2026-08-29,wk inc covid hosp,2,2026-09-12,36,quantile,0.75,156.0
2026-08-29,wk inc covid hosp,2,2026-09-12,36,quantile,0.8,193.0
2026-08-29,wk inc covid hosp,2,2026-09-12,36,quantile,0.85,243.0
2026-08-29,wk inc covid hosp,2,2026-09-12,36,quantile,0.9,315.0
2026-08-29,wk inc covid hosp,2,2026-09-12,36,quantile,0.95,445.0
2026-08-29,wk inc covid hosp,2,2026-09-12,36,quantile,0.975,580.0
2026-08-29,wk inc covid hosp,2,2026-09-12,36,quantile,0.99,763.0
2026-08-29,wk inc covid hosp,2,2026-09-12,37,quantile,0.01,30.0
2026-08-29,wk inc covid hosp,2,2026-09-12,37,quantile,0.025,42.0
2026-08-29,wk inc covid hosp,2,2026-09-12,37,quantile,0.05,53.0
2026-08-29,wk inc covid hosp,2,2026-09-12,37,quantile,0.1,69.0
2026-08-29,wk inc covid hosp,2,2026-09-12,37,quantile,0.15,82.0
2026-08-29,wk inc covid hosp,2,2026-09-12,37,quantile,0.2,93.0
2026-08-29,wk inc covid hosp,2,2026-09-12,37,quantile,0.25,103.0
2026-08-29,wk inc covid hosp,2,2026-09-12,37,quantile,0.3,113.0
2026-08-29,wk inc covid hosp,2,2026-09-12,37,quantile,0.35,123.0
2026-08-29,wk inc covid hosp,2,2026-09-12,37,quantile,0.4,133.0
2026-08-29,wk inc covid hosp,2,2026-09-12,37,quantile,0.45,143.0
2026-08-29,wk inc covid hosp,2,2026-09-12,37,quantile,0.5,153.0
2026-08-29,wk inc covid hosp,2,2026-09-12,37,quantile,0.55,164.0
2026-08-29,wk inc covid hosp,2,2026-09-12,37,quantile,0.6,175.0
2026-08-29,wk inc covid hosp,2,2026-09-12,37,quantile,0.65,187.0
2026-08-29,wk inc covid hosp,2,2026-09-12,37,quantile,0.7,201.0
2026-08-29,wk inc covid hosp,2,2026-09-12,37,quantile,0.75,216.0
2026-08-29,wk inc covid hosp,2,2026-09-12,37,quantile,0.8,234.0
2026-08-29,wk inc covid hosp,2,2026-09-12,37,quantile,0.85,256.0
2026-08-29,wk inc covid hosp,2,2026-09-12,37,quantile,0.9,286.0
2026-08-29,wk inc covid hosp,2,2026-09-12,37,quantile,0.95,333.0
2026-08-29,wk inc covid hosp,2,2026-09-12,37,quantile,0.975,378.0
2026-08-29,wk inc covid hosp,2,2026-09-12,37,quantile,0.99,435.0
2026-08-29,wk inc covid hosp,2,2026-09-12,38,quantile,0.01,0.0
2026-08-29,wk inc covid hosp,2,2026-09-12,38,quantile,0.025,0.0
2026-08-29,wk inc covid hosp,2,2026-09-12,38,quantile,0.05,0.0
2026-08-29,wk inc covid hosp,2,2026-09-12,38,quantile,0.1,0.0
2026-08-29,wk inc covid hosp,2,2026-09-12,38,quantile,0.15,0.0
2026-08-29,wk inc covid hosp,2,2026-09-12,38,quantile,0.2,0.0
2026-08-29,wk inc covid hosp,2,2026-09-12,38,quantile,0.25,0.0
2026-08-29,wk inc covid hosp,2,2026-09-12,38,quantile,0.3,0.0
2026-08-29,wk inc covid hosp,2,2026-09-12,38,quantile,0.35,0.0
2026-08-29,wk inc covid hosp,2,2026-09-12,38,quantile,0.4,0.0
2026-08-29,wk inc covid hosp,2,2026-09-12,38,quantile,0.45,0.0
2026-08-29,wk inc covid hosp,2,2026-09-12,38,quantile,0.5,0.0
2026-08-29,wk inc covid hosp,2,2026-09-12,38,quantile,0.55,0.0
2026-08-29,wk inc covid hosp,2,2026-09-12,38,quantile,0.6,0.0
2026-08-29,wk inc covid hosp,2,2026-09-12,38,quantile,0.65,0.0
2026-08-29,wk inc covid hosp,2,2026-09-12,38,quantile,0.7,0.0
2026-08-29,wk inc covid hosp,2,2026-09-12,38,quantile,0.75,1.0
2026-08-29,wk inc covid hosp,2,2026-09-12,38,quantile,0.8,2.0
2026-08-29,wk inc covid hosp,2,2026-09-12,38,quantile,0.85,4.0
2026-08-29,wk inc covid hosp,2,2026-09-12,38,quantile,0.9,9.0
2026-08-29,wk inc covid hosp,2,2026-09-12,38,quantile,0.95,19.0
2026-08-29,wk inc covid hosp,2,2026-09-12,38,quantile,0.975,31.0
2026-08-29,wk inc covid hosp,2,2026-09-12,38,quantile,0.99,51.0
2026-08-29,wk inc covid hosp,2,2026-09-12,39,quantile,0.01,0.0
2026-08-29,wk inc covid hosp,2,2026-09-12,39,quantile,0.025,0.0
2026-08-29,wk inc covid hosp,2,2026-09-12,39,quantile,0.05,0.0
2026-08-29,wk inc covid hosp,2,2026-09-12,39,quantile,0.1,0.0
2026-08-29,wk inc covid hosp,2,2026-09-12,39,quantile,0.15,0.0
2026-08-29,wk inc covid hosp,2,2026-09-12,39,quantile,0.2,0.0
2026-08-29,wk inc covid hosp,2,2026-09-12,39,quantile,0.25,0.0
2026-08-29,wk inc covid hosp,2,2026-09-12,39,quantile,0.3,0.0
2026-08-29,wk inc covid hosp,2,2026-09-12,39,quantile,0.35,0.0
2026-08-29,wk inc covid hosp,2,2026-09-12,39,quantile,0.4,0.0
2026-08-29,wk inc covid hosp,2,2026-09-12,39,quantile,0.45,0.0
2026-08-29,wk inc covid hosp,2,2026-09-12,39,quantile,0.5,0.0
2026-08-29,wk inc covid hosp,2,2026-09-12,39,quantile,0.55,1.0
2026-08-29,wk inc covid hosp,2,2026-09-12,39,quantile,0.6,2.0
2026-08-29,wk inc covid hosp,2,2026-09-12,39,quantile,0.65,5.0
2026-08-29,wk inc covid hosp,2,2026-09-12,39,quantile,0.7,10.0
2026-08-29,wk inc covid hosp,2,2026-09-12,39,quantile,0.75,21.0
2026-08-29,wk inc covid hosp,2,2026-09-12,39,quantile,0.8,42.0
2026-08-29,wk inc covid hosp,2,2026-09-12,39,quantile,0.85,81.0
2026-08-29,wk inc covid hosp,2,2026-09-12,39,quantile,0.9,161.0
2026-08-29,wk inc covid hosp,2,2026-09-12,39,quantile,0.95,351.0
2026-08-29,wk inc covid hosp,2,2026-09-12,39,quantile,0.975,591.0
2026-08-29,wk inc covid hosp,2,2026-09-12,39,quantile,0.99,960.0
2026-08-29,wk inc covid hosp,2,2026-09-12,40,quantile,0.01,0.0
2026-08-29,wk inc covid hosp,2,2026-09-12,40,quantile,0.025,0.0
2026-08-29,wk inc covid hosp,2,2026-09-12,40,quantile,0.05,0.0
2026-08-29,wk inc covid hosp,2,2026-09-12,40,quantile,0.1,1.0
2026-08-29,wk inc covid hosp,2,2026-09-12,40,quantile,0.15,2.0
2026-08-29,wk inc covid hosp,2,2026-09-12,40,quantile,0.2,3.0
2026-08-29,wk inc covid hosp,2,2026-09-12,40,quantile,0.25,4.0
2026-08-29,wk inc covid hosp,2,2026-09-12,40,quantile,0.3,6.0
2026-08-29,wk inc covid hosp,2,2026-09-12,40,quantile,0.35,7.0
2026-08-29,wk inc covid hosp,2,2026-09-12,40,quantile,0.4,10.0
2026-08-29,wk inc covid hosp,2,2026-09-12,40,quantile,0.45,12.0
2026-08-29,wk inc covid hosp,2,2026-09-12,40,quantile,0.5,15.0
2026-08-29,wk inc covid hosp,2,2026-09-12,40,quantile,0.55,18.0
2026-08-29,wk inc covid hosp,2,2026-09-12,40,quantile,0.6,21.0
2026-08-29,wk inc covid hosp,2,2026-09-12,40,quantile,0.65,25.0
2026-08-29,wk inc covid hosp,2,2026-09-12,40,quantile,0.7,30.0
2026-08-29,wk inc covid hosp,2,2026-09-12,40,quantile,0.75,36.0
2026-08-29,wk inc covid hosp,2,2026-09-12,40,quantile,0.8,44.0
2026-08-29,wk inc covid hosp,2,2026-09-12,40,quantile,0.85,54.0
2026-08-29,wk inc covid hosp,2,2026-09-12,40,quantile,0.9,68.0
2026-08-29,wk inc covid hosp,2,2026-09-12,40,quantile,0.95,93.0
2026-08-29,wk inc covid hosp,2,2026-09-12,40,quantile,0.975,119.0
2026-08-29,wk inc covid hosp,2,2026-09-12,40,quantile,0.99,154.0
2026-08-29,wk inc covid hosp,2,2026-09-12,41,quantile,0.01,0.0
2026-08-29,wk inc covid hosp,2,2026-09-12,41,quantile,0.025,0.0
2026-08-29,wk inc covid hosp,2,2026-09-12,41,quantile,0.05,0.0
2026-08-29,wk inc covid hosp,2,2026-09-12,41,quantile,0.1,0.0
2026-08-29,wk inc covid hosp,2,2026-09-12,41,quantile,0.15,0.0
2026-08-29,wk inc covid hosp,2,2026-09-12,41,quantile,0.2,0.0
2026-08-29,wk inc covid hosp,2,2026-09-12,41,quantile,0.25,0.0
2026-08-29,wk inc covid hosp,2,2026-09-12,41,quantile,0.3,0.0
2026-08-29,wk inc covid hosp,2,2026-09-12,41,quantile,0.35,0.0
2026-08-29,wk inc covid hosp,2,2026-09-12,41,quantile,0.4,0.0
2026-08-29,wk inc covid hosp,2,2026-09-12,41,quantile,0.45,0.0
2026-08-29,wk inc covid hosp,2,2026-09-12,41,quantile,0.5,1.0
2026-08-29,wk inc covid hosp,2,2026-09-12,41,quantile,0.55,2.0
2026-08-29,wk inc covid hosp,2,2026-09-12,41,quantile,0.6,3.0
2026-08-29,wk inc covid hosp,2,2026-09-12,41,quantile,0.65,5.0
2026-08-29,wk inc covid hosp,2,2026-09-12,41,quantile,0.7,8.0
2026-08-29,wk inc covid hosp,2,2026-09-12,41,quantile,0.75,12.0
2026-08-29,wk inc covid hosp,2,2026-09-12,41,quantile,0.8,18.0
2026-08-29,wk inc covid hosp,2,2026-09-12,41,quantile,0.85,28.0
2026-08-29,wk inc covid hosp,2,2026-09-12,41,quantile,0.9,45.0
2026-08-29,wk inc covid hosp,2,2026-09-12,41,quantile,0.95,79.0
2026-08-29,wk inc covid hosp,2,2026-09-12,41,quantile,0.975,118.0
2026-08-29,wk inc covid hosp,2,2026-09-12,41,quantile,0.99,175.0
2026-08-29,wk inc covid hosp,2,2026-09-12,42,quantile,0.01,0.0
2026-08-29,wk inc covid hosp,2,2026-09-12,42,quantile,0.025,0.0
2026-08-29,wk inc covid hosp,2,2026-09-12,42,quantile,0.05,0.0
2026-08-29,wk inc covid hosp,2,2026-09-12,42,quantile,0.1,0.0
2026-08-29,wk inc covid hosp,2,2026-09-12,42,quantile,0.15,0.0
2026-08-29,wk inc covid hosp,2,2026-09-12,42,quantile,0.2,0.0
2026-08-29,wk inc covid hosp,2,2026-09-12,42,quantile,0.25,0.0
2026-08-29,wk inc covid hosp,2,2026-09-12,42,quantile,0.3,0.0
2026-08-29,wk inc covid hosp,2,2026-09-12,42,quantile,0.35,0.0
2026-08-29,wk inc covid hosp,2,2026-09-12,42,quantile,0.4,0.0
2026-08-29,wk inc covid hosp,2,2026-09-12,42,quantile,0.45,1.0
2026-08-29,wk inc covid hosp,2,2026-09-12,42,quantile,0.5,2.0
2026-08-29,wk inc covid hosp,2,2026-09-12,42,quantile,0.55,4.0
2026-08-29,wk inc covid hosp,2,2026-09-12,42,quantile,0.6,7.0
2026-08-29,wk inc covid hosp,2,2026-09-12,42,quantile,0.65,11.0
2026-08-29,wk inc covid hosp,2,2026-09-12,42,quantile,0.7,19.0
2026-08-29,wk inc covid hosp,2,2026-09-12,42,quantile,0.75,30.0
2026-08-29,wk inc covid hosp,2,2026-09-12,42,quantile,0.8,48.0
2026-08-29,wk inc covid hosp,2,2026-09-12,42,quantile,0.85,77.0
2026-08-29,wk inc covid hosp,2,2026-09-12,42,quantile,0.9,127.0
2026-08-29,wk inc covid hosp,2,2026-09-12,42,quantile,0.95,232.0
2026-08-29,wk inc covid hosp,2,2026-09-12,42,quantile,0.975,354.0
2026-08-29,wk inc covid hosp,2,2026-09-12,42,quantile,0.99,534.0
2026-08-29,wk inc covid hosp,2,2026-09-12,44,quantile,0.01,0.0
2026-08-29,wk inc covid hosp,2,2026-09-12,44,quantile,0.025,0.0
2026-08-29,wk inc covid hosp,2,2026-09-12,44,quantile,0.05,0.0
2026-08-29,wk inc covid hosp,2,2026-09-12,44,quantile,0.1,0.0
2026-08-29,wk inc covid hosp,2,2026-09-12,44,quantile,0.15,0.0
2026-08-29,wk inc covid hosp,2,2026-09-12,44,quantile,0.2,0.0
2026-08-29,wk inc covid hosp,2,2026-09-12,44,quantile,0.25,0.0
2026-08-29,wk inc covid hosp,2,2026-09-12,44,quantile,0.3,0.0
2026-08-29,wk inc covid hosp,2,2026-09-12,44,quantile,0.35,0.0
2026-08-29,wk inc covid hosp,2,2026-09-12,44,quantile,0.4,0.0
2026-08-29,wk inc covid hosp,2,2026-09-12,44,quantile,0.45,0.0
2026-08-29,wk inc covid hosp,2,2026-09-12,44,quantile,0.5,0.0
2026-08-29,wk inc covid hosp,2,2026-09-12,44,quantile,0.55,0.0
2026-08-29,wk inc covid hosp,2,2026-09-12,44,quantile,0.6,0.0
2026-08-29,wk inc covid hosp,2,2026-09-12,44,quantile,0.65,0.0
2026-08-29,wk inc covid hosp,2,2026-09-12,44,quantile,0.7,0.0
2026-08-29,wk inc covid hosp,2,2026-09-12,44,quantile,0.75,0.0
2026-08-29,wk inc covid hosp,2,2026-09-12,44,quantile,0.8,0.0
2026-08-29,wk inc covid hosp,2,2026-09-12,44,quantile,0.85,0.0
2026-08-29,wk inc covid hosp,2,2026-09-12,44,quantile,0.9,0.0
2026-08-29,wk inc covid hosp,2,2026-09-12,44,quantile,0.95,0.0
2026-08-29,wk inc covid hosp,2,2026-09-12,44,quantile,0.975,0.0
2026-08-29,wk inc covid hosp,2,2026-09-12,44,quantile,0.99,0.0
2026-08-29,wk inc covid hosp,2,2026-09-12,45,quantile,0.01,0.0
2026-08-29,wk inc covid hosp,2,2026-09-12,45,quantile,0.025,0.0
2026-08-29,wk inc covid hosp,2,2026-09-12,45,quantile,0.05,1.0
2026-08-29,wk inc covid hosp,2,2026-09-12,45,quantile,0.1,3.0
2026-08-29,wk inc covid hosp,2,2026-09-12,45,quantile,0.15,4.0
2026-08-29,wk inc covid hosp,2,2026-09-12,45,quantile,0.2,7.0
2026-08-29,wk inc covid hosp,2,2026-09-12,45,quantile,0.25,9.0
2026-08-29,wk inc covid hosp,2,2026-09-12,45,quantile,0.3,12.0
2026-08-29,wk inc covid hosp,2,2026-09-12,45,quantile,0.35,14.0
2026-08-29,wk inc covid hosp,2,2026-09-12,45,quantile,0.4,18.0
2026-08-29,wk inc covid hosp,2,2026-09-12,45,quantile,0.45,21.0
2026-08-29,wk inc covid hosp,2,2026-09-12,45,quantile,0.5,25.0
2026-08-29,wk inc covid hosp,2,2026-09-12,45,quantile,0.55,29.0
2026-08-29,wk inc covid hosp,2,2026-09-12,45,quantile,0.6,34.0
2026-08-29,wk inc covid hosp,2,2026-09-12,45,quantile,0.65,40.0
2026-08-29,wk inc covid hosp,2,2026-09-12,45,quantile,0.7,46.0
2026-08-29,wk inc covid hosp,2,2026-09-12,45,quantile,0.75,54.0
2026-08-29,wk inc covid hosp,2,2026-09-12,45,quantile,0.8,64.0
2026-08-29,wk inc covid hosp,2,2026-09-12,45,quantile,0.85,77.0
2026-08-29,wk inc covid hosp,2,2026-09-12,45,quantile,0.9,95.0
2026-08-29,wk inc covid hosp,2,2026-09-12,45,quantile,0.95,126.0
2026-08-29,wk inc covid hosp,2,2026-09-12,45,quantile,0.975,157.0
2026-08-29,wk inc covid hosp,2,2026-09-12,45,quantile,0.99,199.0
2026-08-29,wk inc covid hosp,2,2026-09-12,46,quantile,0.01,0.0
2026-08-29,wk inc covid hosp,2,2026-09-12,46,quantile,0.025,0.0
2026-08-29,wk inc covid hosp,2,2026-09-12,46,quantile,0.05,0.0
2026-08-29,wk inc covid hosp,2,2026-09-12,46,quantile,0.1,0.0
2026-08-29,wk inc covid hosp,2,2026-09-12,46,quantile,0.15,0.0
2026-08-29,wk inc covid hosp,2,2026-09-12,46,quantile,0.2,0.0
2026-08-29,wk inc covid hosp,2,2026-09-12,46,quantile,0.25,0.0
2026-08-29,wk inc covid hosp,2,2026-09-12,46,quantile,0.3,0.0
2026-08-29,wk inc covid hosp,2,2026-09-12,46,quantile,0.35,0.0
2026-08-29,wk inc covid hosp,2,2026-09-12,46,quantile,0.4,0.0
2026-08-29,wk inc covid hosp,2,2026-09-12,46,quantile,0.45,0.0
2026-08-29,wk inc covid hosp,2,2026-09-12,46,quantile,0.5,0.0
2026-08-29,wk inc covid hosp,2,2026-09-12,46,quantile,0.55,0.0
2026-08-29,wk inc covid hosp,2,2026-09-12,46,quantile,0.6,1.0
2026-08-29,wk inc covid hosp,2,2026-09-12,46,quantile,0.65,3.0
2026-08-29,wk inc covid hosp,2,2026-09-12,46,quantile,0.7,5.0
2026-08-29,wk inc covid hosp,2,2026-09-12,46,quantile,0.75,11.0
2026-08-29,wk inc covid hosp,2,2026-09-12,46,quantile,0.8,22.0
2026-08-29,wk inc covid hosp,2,2026-09-12,46,quantile,0.85,43.0
2026-08-29,wk inc covid hosp,2,2026-09-12,46,quantile,0.9,85.0
2026-08-29,wk inc covid hosp,2,2026-09-12,46,quantile,0.95,184.0
2026-08-29,wk inc covid hosp,2,2026-09-12,46,quantile,0.975,311.0
2026-08-29,wk inc covid hosp,2,2026-09-12,46,quantile,0.99,505.0
2026-08-29,wk inc covid hosp,2,2026-09-12,47,quantile,0.01,0.0
2026-08-29,wk inc covid hosp,2,2026-09-12,47,quantile,0.025,0.0
2026-08-29,wk inc covid hosp,2,2026-09-12,47,quantile,0.05,1.0
2026-08-29,wk inc covid hosp,2,2026-09-12,47,quantile,0.1,4.0
2026-08-29,wk inc covid hosp,2,2026-09-12,47,quantile,0.15,6.0
2026-08-29,wk inc covid hosp,2,2026-09-12,47,quantile,0.2,9.0
2026-08-29,wk inc covid hosp,2,2026-09-12,47,quantile,0.25,13.0
2026-08-29,wk inc covid hosp,2,2026-09-12,47,quantile,0.3,16.0
2026-08-29,wk inc covid hosp,2,2026-09-12,47,quantile,0.35,20.0
2026-08-29,wk inc covid hosp,2,2026-09-12,47,quantile,0.4,24.0
2026-08-29,wk inc covid hosp,2,2026-09-12,47,quantile,0.45,29.0
2026-08-29,wk inc covid hosp,2,2026-09-12,47,quantile,0.5,34.0
2026-08-29,wk inc covid hosp,2,2026-09-12,47,quantile,0.55,40.0
2026-08-29,wk inc covid hosp,2,2026-09-12,47,quantile,0.6,47.0
2026-08-29,wk inc covid hosp,2,2026-09-12,47,quantile,0.65,54.0
2026-08-29,wk inc covid hosp,2,2026-09-12,47,quantile,0.7,63.0
2026-08-29,wk inc covid hosp,2,2026-09-12,47,quantile,0.75,73.0
2026-08-29,wk inc covid hosp,2,2026-09-12,47,quantile,0.8,86.0
2026-08-29,wk inc covid hosp,2,2026-09-12,47,quantile,0.85,103.0
2026-08-29,wk inc covid hosp,2,2026-09-12,47,quantile,0.9,127.0
2026-08-29,wk inc covid hosp,2,2026-09-12,47,quantile,0.95,167.0
2026-08-29,wk inc covid hosp,2,2026-09-12,47,quantile,0.975,209.0
2026-08-29,wk inc covid hosp,2,2026-09-12,47,quantile,0.99,263.0
2026-08-29,wk inc covid hosp,2,2026-09-12,48,quantile,0.01,22.0
2026-08-29,wk inc covid hosp,2,2026-09-12,48,quantile,0.025,36.0
2026-08-29,wk inc covid hosp,2,2026-09-12,48,quantile,0.05,55.0
2026-08-29,wk inc covid hosp,2,2026-09-12,48,quantile,0.1,84.0
2026-08-29,wk inc covid hosp,2,2026-09-12,48,quantile,0.15,109.0
2026-08-29,wk inc covid hosp,2,2026-09-12,48,quantile,0.2,133.0
2026-08-29,wk inc covid hosp,2,2026-09-12,48,quantile,0.25,156.0
2026-08-29,wk inc covid hosp,2,2026-09-12,48,quantile,0.3,179.0
2026-08-29,wk inc covid hosp,2,2026-09-12,48,quantile,0.35,202.0
2026-08-29,wk inc covid hosp,2,2026-09-12,48,quantile,0.4,226.0
2026-08-29,wk inc covid hosp,2,2026-09-12,48,quantile,0.45,251.0
2026-08-29,wk inc covid hosp,2,2026-09-12,48,quantile,0.5,278.0
2026-08-29,wk inc covid hosp,2,2026-09-12,48,quantile,0.55,306.0
2026-08-29,wk inc covid hosp,2,2026-09-12,48,quantile,0.6,336.0
2026-08-29,wk inc covid hosp,2,2026-09-12,48,quantile,0.65,370.0
2026-08-29,wk inc covid hosp,2,2026-09-12,48,quantile,0.7,408.0
2026-08-29,wk inc covid hosp,2,2026-09-12,48,quantile,0.75,452.0
2026-08-29,wk inc covid hosp,2,2026-09-12,48,quantile,0.8,504.0
2026-08-29,wk inc covid hosp,2,2026-09-12,48,quantile,0.85,569.0
2026-08-29,wk inc covid hosp,2,2026-09-12,48,quantile,0.9,658.0
2026-08-29,wk inc covid hosp,2,2026-09-12,48,quantile,0.95,807.0
2026-08-29,wk inc covid hosp,2,2026-09-12,48,quantile,0.975,950.0
2026-08-29,wk inc covid hosp,2,2026-09-12,48,quantile,0.99,1136.0
2026-08-29,wk inc covid hosp,2,2026-09-12,49,quantile,0.01,0.0
2026-08-29,wk inc covid hosp,2,2026-09-12,49,quantile,0.025,0.0
2026-08-29,wk inc covid hosp,2,2026-09-12,49,quantile,0.05,1.0
2026-08-29,wk inc covid hosp,2,2026-09-12,49,quantile,0.1,3.0
2026-08-29,wk inc covid hosp,2,2026-09-12,49,quantile,0.15,4.0
2026-08-29,wk inc covid hosp,2,2026-09-12,49,quantile,0.2,6.0
2026-08-29,wk inc covid hosp,2,2026-09-12,49,quantile,0.25,8.0
2026-08-29,wk inc covid hosp,2,2026-09-12,49,quantile,0.3,10.0
2026-08-29,wk inc covid hosp,2,2026-09-12,49,quantile,0.35,12.0
2026-08-29,wk inc covid hosp,2,2026-09-12,49,quantile,0.4,14.0
2026-08-29,wk inc covid hosp,2,2026-09-12,49,quantile,0.45,17.0
2026-08-29,wk inc covid hosp,2,2026-09-12,49,quantile,0.5,19.0
2026-08-29,wk inc covid hosp,2,2026-09-12,49,quantile,0.55,22.0
2026-08-29,wk inc covid hosp,2,2026-09-12,49,quantile,0.6,25.0
2026-08-29,wk inc covid hosp,2,2026-09-12,49,quantile,0.65,29.0
2026-08-29,wk inc covid hosp,2,2026-09-12,49,quantile,0.7,33.0
2026-08-29,wk inc covid hosp,2,2026-09-12,49,quantile,0.75,38.0
2026-08-29,wk inc covid hosp,2,2026-09-12,49,quantile,0.8,44.0
2026-08-29,wk inc covid hosp,2,2026-09-12,49,quantile,0.85,52.0
2026-08-29,wk inc covid hosp,2,2026-09-12,49,quantile,0.9,62.0
2026-08-29,wk inc covid hosp,2,2026-09-12,49,quantile,0.95,81.0
2026-08-29,wk inc covid hosp,2,2026-09-12,49,quantile,0.975,99.0
2026-08-29,wk inc covid hosp,2,2026-09-12,49,quantile,0.99,123.0
2026-08-29,wk inc covid hosp,2,2026-09-12,50,quantile,0.01,0.0
2026-08-29,wk inc covid hosp,2,2026-09-12,50,quantile,0.025,0.0
2026-08-29,wk inc covid hosp,2,2026-09-12,50,quantile,0.05,0.0
2026-08-29,wk inc covid hosp,2,2026-09-12,50,quantile,0.1,0.0
2026-08-29,wk inc covid hosp,2,2026-09-12,50,quantile,0.15,0.0
2026-08-29,wk inc covid hosp,2,2026-09-12,50,quantile,0.2,0.0
2026-08-29,wk inc covid hosp,2,2026-09-12,50,quantile,0.25,0.0
2026-08-29,wk inc covid hosp,2,2026-09-12,50,quantile,0.3,0.0
2026-08-29,wk inc covid hosp,2,2026-09-12,50,quantile,0.35,1.0
2026-08-29,wk inc covid hosp,2,2026-09-12,50,quantile,0.4,1.0
2026-08-29,wk inc covid hosp,2,2026-09-12,50,quantile,0.45,1.0
2026-08-29,wk inc covid hosp,2,2026-09-12,50,quantile,0.5,2.0
2026-08-29,wk inc covid hosp,2,2026-09-12,50,quantile,0.55,2.0
2026-08-29,wk inc covid hosp,2,2026-09-12,50,quantile,0.6,3.0
2026-08-29,wk inc covid hosp,2,2026-09-12,50,quantile,0.65,3.0
2026-08-29,wk inc covid hosp,2,2026-09-12,50,quantile,0.7,4.0
2026-08-29,wk inc covid hosp,2,2026-09-12,50,quantile,0.75,5.0
2026-08-29,wk inc covid hosp,2,2026-09-12,50,quantile,0.8,6.0
2026-08-29,wk inc covid hosp,2,2026-09-12,50,quantile,0.85,8.0
2026-08-29,wk inc covid hosp,2,2026-09-12,50,quantile,0.9,10.0
2026-08-29,wk inc covid hosp,2,2026-09-12,50,quantile,0.95,14.0
2026-08-29,wk inc covid hosp,2,2026-09-12,50,quantile,0.975,18.0
2026-08-29,wk inc covid hosp,2,2026-09-12,50,quantile,0.99,24.0
2026-08-29,wk inc covid hosp,2,2026-09-12,51,quantile,0.01,1.0
2026-08-29,wk inc covid hosp,2,2026-09-12,51,quantile,0.025,2.0
2026-08-29,wk inc covid hosp,2,2026-09-12,51,quantile,0.05,5.0
2026-08-29,wk inc covid hosp,2,2026-09-12,51,quantile,0.1,9.0
2026-08-29,wk inc covid hosp,2,2026-09-12,51,quantile,0.15,14.0
2026-08-29,wk inc covid hosp,2,2026-09-12,51,quantile,0.2,19.0
2026-08-29,wk inc covid hosp,2,2026-09-12,51,quantile,0.25,24.0
2026-08-29,wk inc covid hosp,2,2026-09-12,51,quantile,0.3,29.0
2026-08-29,wk inc covid hosp,2,2026-09-12,51,quantile,0.35,35.0
2026-08-29,wk inc covid hosp,2,2026-09-12,51,quantile,0.4,41.0
2026-08-29,wk inc covid hosp,2,2026-09-12,51,quantile,0.45,47.0
2026-08-29,wk inc covid hosp,2,2026-09-12,51,quantile,0.5,54.0
2026-08-29,wk inc covid hosp,2,2026-09-12,51,quantile,0.55,62.0
2026-08-29,wk inc covid hosp,2,2026-09-12,51,quantile,0.6,71.0
2026-08-29,wk inc covid hosp,2,2026-09-12,51,quantile,0.65,80.0
2026-08-29,wk inc covid hosp,2,2026-09-12,51,quantile,0.7,91.0
2026-08-29,wk inc covid hosp,2,2026-09-12,51,quantile,0.75,104.0
2026-08-29,wk inc covid hosp,2,2026-09-12,51,quantile,0.8,120.0
2026-08-29,wk inc covid hosp,2,2026-09-12,51,quantile,0.85,141.0
2026-08-29,wk inc covid hosp,2,2026-09-12,51,quantile,0.9,169.0
2026-08-29,wk inc covid hosp,2,2026-09-12,51,quantile,0.95,218.0
2026-08-29,wk inc covid hosp,2,2026-09-12,51,quantile,0.975,266.0
2026-08-29,wk inc covid hosp,2,2026-09-12,51,quantile,0.99,329.0
2026-08-29,wk inc covid hosp,2,2026-09-12,53,quantile,0.01,1.0
2026-08-29,wk inc covid hosp,2,2026-09-12,53,quantile,0.025,2.0
2026-08-29,wk inc covid hosp,2,2026-09-12,53,quantile,0.05,5.0
2026-08-29,wk inc covid hosp,2,2026-09-12,53,quantile,0.1,9.0
2026-08-29,wk inc covid hosp,2,2026-09-12,53,quantile,0.15,14.0
2026-08-29,wk inc covid hosp,2,2026-09-12,53,quantile,0.2,18.0
2026-08-29,wk inc covid hosp,2,2026-09-12,53,quantile,0.25,23.0
2026-08-29,wk inc covid hosp,2,2026-09-12,53,quantile,0.3,28.0
2026-08-29,wk inc covid hosp,2,2026-09-12,53,quantile,0.35,33.0
2026-08-29,wk inc covid hosp,2,2026-09-12,53,quantile,0.4,39.0
2026-08-29,wk inc covid hosp,2,2026-09-12,53,quantile,0.45,45.0
2026-08-29,wk inc covid hosp,2,2026-09-12,53,quantile,0.5,51.0
2026-08-29,wk inc covid hosp,2,2026-09-12,53,quantile,0.55,58.0
2026-08-29,wk inc covid hosp,2,2026-09-12,53,quantile,0.6,66.0
2026-08-29,wk inc covid hosp,2,2026-09-12,53,quantile,0.65,74.0
2026-08-29,wk inc covid hosp,2,2026-09-12,53,quantile,0.7,84.0
2026-08-29,wk inc covid hosp,2,2026-09-12,53,quantile,0.75,96.0
2026-08-29,wk inc covid hosp,2,2026-09-12,53,quantile,0.8,110.0
2026-08-29,wk inc covid hosp,2,2026-09-12,53,quantile,0.85,128.0
2026-08-29,wk inc covid hosp,2,2026-09-12,53,quantile,0.9,153.0
2026-08-29,wk inc covid hosp,2,2026-09-12,53,quantile,0.95,196.0
2026-08-29,wk inc covid hosp,2,2026-09-12,53,quantile,0.975,238.0
2026-08-29,wk inc covid hosp,2,2026-09-12,53,quantile,0.99,293.0
2026-08-29,wk inc covid hosp,2,2026-09-12,54,quantile,0.01,0.0
2026-08-29,wk inc covid hosp,2,2026-09-12,54,quantile,0.025,0.0
2026-08-29,wk inc covid hosp,2,2026-09-12,54,quantile,0.05,0.0
2026-08-29,wk inc covid hosp,2,2026-09-12,54,quantile,0.1,0.0
2026-08-29,wk inc covid hosp,2,2026-09-12,54,quantile,0.15,0.0
2026-08-29,wk inc covid hosp,2,2026-09-12,54,quantile,0.2,0.0
2026-08-29,wk inc covid hosp,2,2026-09-12,54,quantile,0.25,0.0
2026-08-29,wk inc covid hosp,2,2026-09-12,54,quantile,0.3,0.0
2026-08-29,wk inc covid hosp,2,2026-09-12,54,quantile,0.35,0.0
2026-08-29,wk inc covid hosp,2,2026-09-12,54,quantile,0.4,0.0
2026-08-29,wk inc covid hosp,2,2026-09-12,54,quantile,0.45,0.0
2026-08-29,wk inc covid hosp,2,2026-09-12,54,quantile,0.5,0.0
2026-08-29,wk inc covid hosp,2,2026-09-12,54,quantile,0.55,0.0
2026-08-29,wk inc covid hosp,2,2026-09-12,54,quantile,0.6,1.0
2026-08-29,wk inc covid hosp,2,2026-09-12,54,quantile,0.65,2.0
2026-08-29,wk inc covid hosp,2,2026-09-12,54,quantile,0.7,4.0
2026-08-29,wk inc covid hosp,2,2026-09-12,54,quantile,0.75,9.0
2026-08-29,wk inc covid hosp,2,2026-09-12,54,quantile,0.8,17.0
2026-08-29,wk inc covid hosp,2,2026-09-12,54,quantile,0.85,33.0
2026-08-29,wk inc covid hosp,2,2026-09-12,54,quantile,0.9,66.0
2026-08-29,wk inc covid hosp,2,2026-09-12,54,quantile,0.95,144.0
2026-08-29,wk inc covid hosp,2,2026-09-12,54,quantile,0.975,242.0
2026-08-29,wk inc covid hosp,2,2026-09-12,54,quantile,0.99,393.0
2026-08-29,wk inc covid hosp,2,2026-09-12,55,quantile,0.01,0.0
2026-08-29,wk inc covid hosp,2,2026-09-12,55,quantile,0.025,0.0
2026-08-29,wk inc covid hosp,2,2026-09-12,55,quantile,0.05,0.0
2026-08-29,wk inc covid hosp,2,2026-09-12,55,quantile,0.1,1.0
2026-08-29,wk inc covid hosp,2,2026-09-12,55,quantile,0.15,3.0
2026-08-29,wk inc covid hosp,2,2026-09-12,55,quantile,0.2,5.0
2026-08-29,wk inc covid hosp,2,2026-09-12,55,quantile,0.25,7.0
2026-08-29,wk inc covid hosp,2,2026-09-12,55,quantile,0.3,9.0
2026-08-29,wk inc covid hosp,2,2026-09-12,55,quantile,0.35,12.0
2026-08-29,wk inc covid hosp,2,2026-09-12,55,quantile,0.4,15.0
2026-08-29,wk inc covid hosp,2,2026-09-12,55,quantile,0.45,19.0
2026-08-29,wk inc covid hosp,2,2026-09-12,55,quantile,0.5,23.0
2026-08-29,wk inc covid hosp,2,2026-09-12,55,quantile,0.55,28.0
2026-08-29,wk inc covid hosp,2,2026-09-12,55,quantile,0.6,33.0
2026-08-29,wk inc covid hosp,2,2026-09-12,55,quantile,0.65,39.0
2026-08-29,wk inc covid hosp,2,2026-09-12,55,quantile,0.7,46.0
2026-08-29,wk inc covid hosp,2,2026-09-12,55,quantile,0.75,55.0
2026-08-29,wk inc covid hosp,2,2026-09-12,55,quantile,0.8,66.0
2026-08-29,wk inc covid hosp,2,2026-09-12,55,quantile,0.85,81.0
2026-08-29,wk inc covid hosp,2,2026-09-12,55,quantile,0.9,102.0
2026-08-29,wk inc covid hosp,2,2026-09-12,55,quantile,0.95,138.0
2026-08-29,wk inc covid hosp,2,2026-09-12,55,quantile,0.975,176.0
2026-08-29,wk inc covid hosp,2,2026-09-12,55,quantile,0.99,226.0
2026-08-29,wk inc covid hosp,2,2026-09-12,56,quantile,0.01,0.0
2026-08-29,wk inc covid hosp,2,2026-09-12,56,quantile,0.025,0.0
2026-08-29,wk inc covid hosp,2,2026-09-12,56,quantile,0.05,0.0
2026-08-29,wk inc covid hosp,2,2026-09-12,56,quantile,0.1,0.0
2026-08-29,wk inc covid hosp,2,2026-09-12,56,quantile,0.15,0.0
2026-08-29,wk inc covid hosp,2,2026-09-12,56,quantile,0.2,0.0
2026-08-29,wk inc covid hosp,2,2026-09-12,56,quantile,0.25,0.0
2026-08-29,wk inc covid hosp,2,2026-09-12,56,quantile,0.3,0.0
2026-08-29,wk inc covid hosp,2,2026-09-12,56,quantile,0.35,0.0
2026-08-29,wk inc covid hosp,2,2026-09-12,56,quantile,0.4,0.0
2026-08-29,wk inc covid hosp,2,2026-09-12,56,quantile,0.45,0.0
2026-08-29,wk inc covid hosp,2,2026-09-12,56,quantile,0.5,0.0
2026-08-29,wk inc covid hosp,2,2026-09-12,56,quantile,0.55,0.0
2026-08-29,wk inc covid hosp,2,2026-09-12,56,quantile,0.6,0.0
2026-08-29,wk inc covid hosp,2,2026-09-12,56,quantile,0.65,0.0
2026-08-29,wk inc covid hosp,2,2026-09-12,56,quantile,0.7,0.0
2026-08-29,wk inc covid hosp,2,2026-09-12,56,quantile,0.75,0.0
2026-08-29,wk inc covid hosp,2,2026-09-12,56,quantile,0.8,0.0
2026-08-29,wk inc covid hosp,2,2026-09-12,56,quantile,0.85,0.0
2026-08-29,wk inc covid hosp,2,2026-09-12,56,quantile,0.9,0.0
2026-08-29,wk inc covid hosp,2,2026-09-12,56,quantile,0.95,0.0
2026-08-29,wk inc covid hosp,2,2026-09-12,56,quantile,0.975,0.0
2026-08-29,wk inc covid hosp,2,2026-09-12,56,quantile,0.99,0.0
2026-08-29,wk inc covid hosp,2,2026-09-12,72,quantile,0.01,142.0
2026-08-29,wk inc covid hosp,2,2026-09-12,72,quantile,0.025,151.0
2026-08-29,wk inc covid hosp,2,2026-09-12,72,quantile,0.05,159.0
2026-08-29,wk inc covid hosp,2,2026-09-12,72,quantile,0.1,169.0
2026-08-29,wk inc covid hosp,2,2026-09-12,72,quantile,0.15,176.0
2026-08-29,wk inc covid hosp,2,2026-09-12,72,quantile,0.2,182.0
2026-08-29,wk inc covid hosp,2,2026-09-12,72,quantile,0.25,187.0
2026-08-29,wk inc covid hosp,2,2026-09-12,72,quantile,0.3,191.0
2026-08-29,wk inc covid hosp,2,2026-09-12,72,quantile,0.35,195.0
2026-08-29,wk inc covid hosp,2,2026-09-12,72,quantile,0.4,199.0
2026-08-29,wk inc covid hosp,2,2026-09-12,72,quantile,0.45,203.0
2026-08-29,wk inc covid hosp,2,2026-09-12,72,quantile,0.5,207.0
2026-08-29,wk inc covid hosp,2,2026-09-12,72,quantile,0.55,211.0
2026-08-29,wk inc covid hosp,2,2026-09-12,72,quantile,0.6,215.0
2026-08-29,wk inc covid hosp,2,2026-09-12,72,quantile,0.65,219.0
2026-08-29,wk inc covid hosp,2,2026-09-12,72,quantile,0.7,224.0
2026-08-29,wk inc covid hosp,2,2026-09-12,72,quantile,0.75,229.0
2026-08-29,wk inc covid hosp,2,2026-09-12,72,quantile,0.8,235.0
2026-08-29,wk inc covid hosp,2,2026-09-12,72,quantile,0.85,241.0
2026-08-29,wk inc covid hosp,2,2026-09-12,72,quantile,0.9,250.0
2026-08-29,wk inc covid hosp,2,2026-09-12,72,quantile,0.95,263.0
2026-08-29,wk inc covid hosp,2,2026-09-12,72,quantile,0.975,274.0
2026-08-29,wk inc covid hosp,2,2026-09-12,72,quantile,0.99,288.0
2026-08-29,wk inc covid hosp,3,2026-09-19,01,quantile,0.01,0.0
2026-08-29,wk inc covid hosp,3,2026-09-19,01,quantile,0.025,0.0
2026-08-29,wk inc covid hosp,3,2026-09-19,01,quantile,0.05,1.0
2026-08-29,wk inc covid hosp,3,2026-09-19,01,quantile,0.1,3.0
2026-08-29,wk inc covid hosp,3,2026-09-19,01,quantile,0.15,6.0
2026-08-29,wk inc covid hosp,3,2026-09-19,01,quantile,0.2,8.0
2026-08-29,wk inc covid hosp,3,2026-09-19,01,quantile,0.25,11.0
2026-08-29,wk inc covid hosp,3,2026-09-19,01,quantile,0.3,14.0
2026-08-29,wk inc covid hosp,3,2026-09-19,01,quantile,0.35,17.0
2026-08-29,wk inc covid hosp,3,2026-09-19,01,quantile,0.4,21.0
2026-08-29,wk inc covid hosp,3,2026-09-19,01,quantile,0.45,25.0
2026-08-29,wk inc covid hosp,3,2026-09-19,01,quantile,0.5,29.0
2026-08-29,wk inc covid hosp,3,2026-09-19,01,quantile,0.55,34.0
2026-08-29,wk inc covid hosp,3,2026-09-19,01,quantile,0.6,39.0
2026-08-29,wk inc covid hosp,3,2026-09-19,01,quantile,0.65,45.0
2026-08-29,wk inc covid hosp,3,2026-09-19,01,quantile,0.7,52.0
2026-08-29,wk inc covid hosp,3,2026-09-19,01,quantile,0.75,61.0
2026-08-29,wk inc covid hosp,3,2026-09-19,01,quantile,0.8,71.0
2026-08-29,wk inc covid hosp,3,2026-09-19,01,quantile,0.85,85.0
2026-08-29,wk inc covid hosp,3,2026-09-19,01,quantile,0.9,104.0
2026-08-29,wk inc covid hosp,3,2026-09-19,01,quantile,0.95,138.0
2026-08-29,wk inc covid hosp,3,2026-09-19,01,quantile,0.975,171.0
2026-08-29,wk inc covid hosp,3,2026-09-19,01,quantile,0.99,215.0
2026-08-29,wk inc covid hosp,3,2026-09-19,02,quantile,0.01,0.0
2026-08-29,wk inc covid hosp,3,2026-09-19,02,quantile,0.025,0.0
2026-08-29,wk inc covid hosp,3,2026-09-19,02,quantile,0.05,0.0
2026-08-29,wk inc covid hosp,3,2026-09-19,02,quantile,0.1,0.0
2026-08-29,wk inc covid hosp,3,2026-09-19,02,quantile,0.15,0.0
2026-08-29,wk inc covid hosp,3,2026-09-19,02,quantile,0.2,0.0
2026-08-29,wk inc covid hosp,3,2026-09-19,02,quantile,0.25,0.0
2026-08-29,wk inc covid hosp,3,2026-09-19,02,quantile,0.3,0.0
2026-08-29,wk inc covid hosp,3,2026-09-19,02,quantile,0.35,0.0
2026-08-29,wk inc covid hosp,3,2026-09-19,02,quantile,0.4,0.0
2026-08-29,wk inc covid hosp,3,2026-09-19,02,quantile,0.45,0.0
2026-08-29,wk inc covid hosp,3,2026-09-19,02,quantile,0.5,0.0
2026-08-29,wk inc covid hosp,3,2026-09-19,02,quantile,0.55,0.0
2026-08-29,wk inc covid hosp,3,2026-09-19,02,quantile,0.6,0.0
2026-08-29,wk inc covid hosp,3,2026-09-19,02,quantile,0.65,0.0
2026-08-29,wk inc covid hosp,3,2026-09-19,02,quantile,0.7,1.0
2026-08-29,wk inc covid hosp,3,2026-09-19,02,quantile,0.75,2.0
2026-08-29,wk inc covid hosp,3,2026-09-19,02,quantile,0.8,4.0
2026-08-29,wk inc covid hosp,3,2026-09-19,02,quantile,0.85,8.0
2026-08-29,wk inc covid hosp,3,2026-09-19,02,quantile,0.9,16.0
2026-08-29,wk inc covid hosp,3,2026-09-19,02,quantile,0.95,35.0
2026-08-29,wk inc covid hosp,3,2026-09-19,02,quantile,0.975,59.0
2026-08-29,wk inc covid hosp,3,2026-09-19,02,quantile,0.99,95.0
2026-08-29,wk inc covid hosp,3,2026-09-19,04,quantile,0.01,0.0
2026-08-29,wk inc covid hosp,3,2026-09-19,04,quantile,0.025,0.0
2026-08-29,wk inc covid hosp,3,2026-09-19,04,quantile,0.05,1.0
2026-08-29,wk inc covid hosp,3,2026-09-19,04,quantile,0.1,3.0
2026-08-29,wk inc covid hosp,3,2026-09-19,04,quantile,0.15,6.0
2026-08-29,wk inc covid hosp,3,2026-09-19,04,quantile,0.2,9.0
2026-08-29,wk inc covid hosp,3,2026-09-19,04,quantile,0.25,13.0
2026-08-29,wk inc covid hosp,3,2026-09-19,04,quantile,0.3,16.0
2026-08-29,wk inc covid hosp,3,2026-09-19,04,quantile,0.35,21.0
2026-08-29,wk inc covid hosp,3,2026-09-19,04,quantile,0.4,26.0
2026-08-29,wk inc covid hosp,3,2026-09-19,04,quantile,0.45,31.0
2026-08-29,wk inc covid hosp,3,2026-09-19,04,quantile,0.5,37.0
2026-08-29,wk inc covid hosp,3,2026-09-19,04,quantile,0.55,44.0
2026-08-29,wk inc covid hosp,3,2026-09-19,04,quantile,0.6,52.0
2026-08-29,wk inc covid hosp,3,2026-09-19,04,quantile,0.65,61.0
2026-08-29,wk inc covid hosp,3,2026-09-19,04,quantile,0.7,71.0
2026-08-29,wk inc covid hosp,3,2026-09-19,04,quantile,0.75,84.0
2026-08-29,wk inc covid hosp,3,2026-09-19,04,quantile,0.8,99.0
2026-08-29,wk inc covid hosp,3,2026-09-19,04,quantile,0.85,120.0
2026-08-29,wk inc covid hosp,3,2026-09-19,04,quantile,0.9,149.0
2026-08-29,wk inc covid hosp,3,2026-09-19,04,quantile,0.95,200.0
2026-08-29,wk inc covid hosp,3,2026-09-19,04,quantile,0.975,252.0
2026-08-29,wk inc covid hosp,3,2026-09-19,04,quantile,0.99,321.0
2026-08-29,wk inc covid hosp,3,2026-09-19,05,quantile,0.01,0.0
2026-08-29,wk inc covid hosp,3,2026-09-19,05,quantile,0.025,0.0
2026-08-29,wk inc covid hosp,3,2026-09-19,05,quantile,0.05,0.0
2026-08-29,wk inc covid hosp,3,2026-09-19,05,quantile,0.1,0.0
2026-08-29,wk inc covid hosp,3,2026-09-19,05,quantile,0.15,0.0
2026-08-29,wk inc covid hosp,3,2026-09-19,05,quantile,0.2,0.0
2026-08-29,wk inc covid hosp,3,2026-09-19,05,quantile,0.25,0.0
2026-08-29,wk inc covid hosp,3,2026-09-19,05,quantile,0.3,0.0
2026-08-29,wk inc covid hosp,3,2026-09-19,05,quantile,0.35,0.0
2026-08-29,wk inc covid hosp,3,2026-09-19,05,quantile,0.4,0.0
2026-08-29,wk inc covid hosp,3,2026-09-19,05,quantile,0.45,0.0
2026-08-29,wk inc covid hosp,3,2026-09-19,05,quantile,0.5,0.0
2026-08-29,wk inc covid hosp,3,2026-09-19,05,quantile,0.55,1.0
2026-08-29,wk inc covid hosp,3,2026-09-19,05,quantile,0.6,1.0
2026-08-29,wk inc covid hosp,3,2026-09-19,05,quantile,0.65,3.0
2026-08-29,wk inc covid hosp,3,2026-09-19,05,quantile,0.7,7.0
2026-08-29,wk inc covid hosp,3,2026-09-19,05,quantile,0.75,14.0
2026-08-29,wk inc covid hosp,3,2026-09-19,05,quantile,0.8,28.0
2026-08-29,wk inc covid hosp,3,2026-09-19,05,quantile,0.85,55.0
2026-08-29,wk inc covid hosp,3,2026-09-19,05,quantile,0.9,108.0
2026-08-29,wk inc covid hosp,3,2026-09-19,05,quantile,0.95,237.0
2026-08-29,wk inc covid hosp,3,2026-09-19,05,quantile,0.975,399.0
2026-08-29,wk inc covid hosp,3,2026-09-19,05,quantile,0.99,648.0
2026-08-29,wk inc covid hosp,3,2026-09-19,06,quantile,0.01,14.0
2026-08-29,wk inc covid hosp,3,2026-09-19,06,quantile,0.025,28.0
2026-08-29,wk inc covid hosp,3,2026-09-19,06,quantile,0.05,48.0
2026-08-29,wk inc covid hosp,3,2026-09-19,06,quantile,0.1,82.0
2026-08-29,wk inc covid hosp,3,2026-09-19,06,quantile,0.15,113.0
2026-08-29,wk inc covid hosp,3,2026-09-19,06,quantile,0.2,144.0
2026-08-29,wk inc covid hosp,3,2026-09-19,06,quantile,0.25,175.0
2026-08-29,wk inc covid hosp,3,2026-09-19,06,quantile,0.3,207.0
2026-08-29,wk inc covid hosp,3,2026-09-19,06,quantile,0.35,240.0
2026-08-29,wk inc covid hosp,3,2026-09-19,06,quantile,0.4,275.0
2026-08-29,wk inc covid hosp,3,2026-09-19,06,quantile,0.45,311.0
2026-08-29,wk inc covid hosp,3,2026-09-19,06,quantile,0.5,350.0
2026-08-29,wk inc covid hosp,3,2026-09-19,06,quantile,0.55,393.0
2026-08-29,wk inc covid hosp,3,2026-09-19,06,quantile,0.6,439.0
2026-08-29,wk inc covid hosp,3,2026-09-19,06,quantile,0.65,491.0
2026-08-29,wk inc covid hosp,3,2026-09-19,06,quantile,0.7,550.0
2026-08-29,wk inc covid hosp,3,2026-09-19,06,quantile,0.75,618.0
2026-08-29,wk inc covid hosp,3,2026-09-19,06,quantile,0.8,701.0
2026-08-29,wk inc covid hosp,3,2026-09-19,06,quantile,0.85,805.0
2026-08-29,wk inc covid hosp,3,2026-09-19,06,quantile,0.9,951.0
2026-08-29,wk inc covid hosp,3,2026-09-19,06,quantile,0.95,1194.0
2026-08-29,wk inc covid hosp,3,2026-09-19,06,quantile,0.975,1433.0
2026-08-29,wk inc covid hosp,3,2026-09-19,06,quantile,0.99,1745.0
2026-08-29,wk inc covid hosp,3,2026-09-19,08,quantile,0.01,0.0
2026-08-29,wk inc covid hosp,3,2026-09-19,08,quantile,0.025,0.0
2026-08-29,wk inc covid hosp,3,2026-09-19,08,quantile,0.05,0.0
2026-08-29,wk inc covid hosp,3,2026-09-19,08,quantile,0.1,1.0
2026-08-29,wk inc covid hosp,3,2026-09-19,08,quantile,0.15,3.0
2026-08-29,wk inc covid hosp,3,2026-09-19,08,quantile,0.2,5.0
2026-08-29,wk inc covid hosp,3,2026-09-19,08,quantile,0.25,7.0
2026-08-29,wk inc covid hosp,3,2026-09-19,08,quantile,0.3,9.0
2026-08-29,wk inc covid hosp,3,2026-09-19,08,quantile,0.35,12.0
2026-08-29,wk inc covid hosp,3,2026-09-19,08,quantile,0.4,16.0
2026-08-29,wk inc covid hosp,3,2026-09-19,08,quantile,0.45,19.0
2026-08-29,wk inc covid hosp,3,2026-09-19,08,quantile,0.5,24.0
2026-08-29,wk inc covid hosp,3,2026-09-19,08,quantile,0.55,29.0
2026-08-29,wk inc covid hosp,3,2026-09-19,08,quantile,0.6,35.0
2026-08-29,wk inc covid hosp,3,2026-09-19,08,quantile,0.65,42.0
2026-08-29,wk inc covid hosp,3,2026-09-19,08,quantile,0.7,50.0
2026-08-29,wk inc covid hosp,3,2026-09-19,08,quantile,0.75,60.0
2026-08-29,wk inc covid hosp,3,2026-09-19,08,quantile,0.8,72.0
2026-08-29,wk inc covid hosp,3,2026-09-19,08,quantile,0.85,89.0
2026-08-29,wk inc covid hosp,3,2026-09-19,08,quantile,0.9,112.0
2026-08-29,wk inc covid hosp,3,2026-09-19,08,quantile,0.95,154.0
2026-08-29,wk inc covid hosp,3,2026-09-19,08,quantile,0.975,197.0
2026-08-29,wk inc covid hosp,3,2026-09-19,08,quantile,0.99,255.0
2026-08-29,wk inc covid hosp,3,2026-09-19,09,quantile,0.01,0.0
2026-08-29,wk inc covid hosp,3,2026-09-19,09,quantile,0.025,0.0
2026-08-29,wk inc covid hosp,3,2026-09-19,09,quantile,0.05,0.0
2026-08-29,wk inc covid hosp,3,2026-09-19,09,quantile,0.1,0.0
2026-08-29,wk inc covid hosp,3,2026-09-19,09,quantile,0.15,0.0
2026-08-29,wk inc covid hosp,3,2026-09-19,09,quantile,0.2,0.0
2026-08-29,wk inc covid hosp,3,2026-09-19,09,quantile,0.25,0.0
2026-08-29,wk inc covid hosp,3,2026-09-19,09,quantile,0.3,1.0
2026-08-29,wk inc covid hosp,3,2026-09-19,09,quantile,0.35,1.0
2026-08-29,wk inc covid hosp,3,2026-09-19,09,quantile,0.4,2.0
2026-08-29,wk inc covid hosp,3,2026-09-19,09,quantile,0.45,3.0
2026-08-29,wk inc covid hosp,3,2026-09-19,09,quantile,0.5,4.0
2026-08-29,wk inc covid hosp,3,2026-09-19,09,quantile,0.55,6.0
2026-08-29,wk inc covid hosp,3,2026-09-19,09,quantile,0.6,9.0
2026-08-29,wk inc covid hosp,3,2026-09-19,09,quantile,0.65,12.0
2026-08-29,wk inc covid hosp,3,2026-09-19,09,quantile,0.7,16.0
2026-08-29,wk inc covid hosp,3,2026-09-19,09,quantile,0.75,21.0
2026-08-29,wk inc covid hosp,3,2026-09-19,09,quantile,0.8,28.0
2026-08-29,wk inc covid hosp,3,2026-09-19,09,quantile,0.85,39.0
2026-08-29,wk inc covid hosp,3,2026-09-19,09,quantile,0.9,55.0
2026-08-29,wk inc covid hosp,3,2026-09-19,09,quantile,0.95,85.0
2026-08-29,wk inc covid hosp,3,2026-09-19,09,quantile,0.975,118.0
2026-08-29,wk inc covid hosp,3,2026-09-19,09,quantile,0.99,164.0
2026-08-29,wk inc covid hosp,3,2026-09-19,10,quantile,0.01,0.0
2026-08-29,wk inc covid hosp,3,2026-09-19,10,quantile,0.025,0.0
2026-08-29,wk inc covid hosp,3,2026-09-19,10,quantile,0.05,0.0
2026-08-29,wk inc covid hosp,3,2026-09-19,10,quantile,0.1,0.0
2026-08-29,wk inc covid hosp,3,2026-09-19,10,quantile,0.15,0.0
2026-08-29,wk inc covid hosp,3,2026-09-19,10,quantile,0.2,0.0
2026-08-29,wk inc covid hosp,3,2026-09-19,10,quantile,0.25,0.0
2026-08-29,wk inc covid hosp,3,2026-09-19,10,quantile,0.3,0.0
2026-08-29,wk inc covid hosp,3,2026-09-19,10,quantile,0.35,0.0
2026-08-29,wk inc covid hosp,3,2026-09-19,10,quantile,0.4,0.0
2026-08-29,wk inc covid hosp,3,2026-09-19,10,quantile,0.45,0.0
2026-08-29,wk inc covid hosp,3,2026-09-19,10,quantile,0.5,0.0
2026-08-29,wk inc covid hosp,3,2026-09-19,10,quantile,0.55,0.0
2026-08-29,wk inc covid hosp,3,2026-09-19,10,quantile,0.6,0.0
2026-08-29,wk inc covid hosp,3,2026-09-19,10,quantile,0.65,0.0
2026-08-29,wk inc covid hosp,3,2026-09-19,10,quantile,0.7,0.0
2026-08-29,wk inc covid hosp,3,2026-09-19,10,quantile,0.75,0.0
2026-08-29,wk inc covid hosp,3,2026-09-19,10,quantile,0.8,0.0
2026-08-29,wk inc covid hosp,3,2026-09-19,10,quantile,0.85,0.0
2026-08-29,wk inc covid hosp,3,2026-09-19,10,quantile,0.9,0.0
2026-08-29,wk inc covid hosp,3,2026-09-19,10,quantile,0.95,0.0
2026-08-29,wk inc covid hosp,3,2026-09-19,10,quantile,0.975,0.0
2026-08-29,wk inc covid hosp,3,2026-09-19,10,quantile,0.99,0.0
2026-08-29,wk inc covid hosp,3,2026-09-19,11,quantile,0.01,0.0
2026-08-29,wk inc covid hosp,3,2026-09-19,11,quantile,0.025,0.0
2026-08-29,wk inc covid hosp,3,2026-09-19,11,quantile,0.05,0.0
2026-08-29,wk inc covid hosp,3,2026-09-19,11,quantile,0.1,0.0
2026-08-29,wk inc covid hosp,3,2026-09-19,11,quantile,0.15,0.0
2026-08-29,wk inc covid hosp,3,2026-09-19,11,quantile,0.2,0.0
2026-08-29,wk inc covid hosp,3,2026-09-19,11,quantile,0.25,0.0
2026-08-29,wk inc covid hosp,3,2026-09-19,11,quantile,0.3,0.0
2026-08-29,wk inc covid hosp,3,2026-09-19,11,quantile,0.35,0.0
2026-08-29,wk inc covid hosp,3,2026-09-19,11,quantile,0.4,0.0
2026-08-29,wk inc covid hosp,3,2026-09-19,11,quantile,0.45,0.0
2026-08-29,wk inc covid hosp,3,2026-09-19,11,quantile,0.5,0.0
2026-08-29,wk inc covid hosp,3,2026-09-19,11,quantile,0.55,0.0
2026-08-29,wk inc covid hosp,3,2026-09-19,11,quantile,0.6,0.0
2026-08-29,wk inc covid hosp,3,2026-09-19,11,quantile,0.65,0.0
2026-08-29,wk inc covid hosp,3,2026-09-19,11,quantile,0.7,0.0
2026-08-29,wk inc covid hosp,3,2026-09-19,11,quantile,0.75,0.0
2026-08-29,wk inc covid hosp,3,2026-09-19,11,quantile,0.8,0.0
2026-08-29,wk inc covid hosp,3,2026-09-19,11,quantile,0.85,0.0
2026-08-29,wk inc covid hosp,3,2026-09-19,11,quantile,0.9,0.0
2026-08-29,wk inc covid hosp,3,2026-09-19,11,quantile,0.95,0.0
2026-08-29,wk inc covid hosp,3,2026-09-19,11,quantile,0.975,0.0
2026-08-29,wk inc covid hosp,3,2026-09-19,11,quantile,0.99,0.0
2026-08-29,wk inc covid hosp,3,2026-09-19,12,quantile,0.01,0.0
2026-08-29,wk inc covid hosp,3,2026-09-19,12,quantile,0.025,0.0
2026-08-29,wk inc covid hosp,3,2026-09-19,12,quantile,0.05,1.0
2026-08-29,wk inc covid hosp,3,2026-09-19,12,quantile,0.1,3.0
2026-08-29,wk inc covid hosp,3,2026-09-19,12,quantile,0.15,6.0
2026-08-29,wk inc covid hosp,3,2026-09-19,12,quantile,0.2,11.0
2026-08-29,wk inc covid hosp,3,2026-09-19,12,quantile,0.25,17.0
2026-08-29,wk inc covid hosp,3,2026-09-19,12,quantile,0.3,25.0
2026-08-29,wk inc covid hosp,3,2026-09-19,12,quantile,0.35,34.0
2026-08-29,wk inc covid hosp,3,2026-09-19,12,quantile,0.4,45.0
2026-08-29,wk inc covid hosp,3,2026-09-19,12,quantile,0.45,58.0
2026-08-29,wk inc covid hosp,3,2026-09-19,12,quantile,0.5,72.0
2026-08-29,wk inc covid hosp,3,2026-09-19,12,quantile,0.55,90.0
2026-08-29,wk inc covid hosp,3,2026-09-19,12,quantile,0.6,111.0
2026-08-29,wk inc covid hosp,3,2026-09-19,12,quantile,0.65,135.0
2026-08-29,wk inc covid hosp,3,2026-09-19,12,quantile,0.7,165.0
2026-08-29,wk inc covid hosp,3,2026-09-19,12,quantile,0.75,201.0
2026-08-29,wk inc covid hosp,3,2026-09-19,12,quantile,0.8,247.0
2026-08-29,wk inc covid hosp,3,2026-09-19,12,quantile,0.85,310.0
2026-08-29,wk inc covid hosp,3,2026-09-19,12,quantile,0.9,401.0
2026-08-29,wk inc covid hosp,3,2026-09-19,12,quantile,0.95,563.0
2026-08-29,wk inc covid hosp,3,2026-09-19,12,quantile,0.975,731.0
2026-08-29,wk inc covid hosp,3,2026-09-19,12,quantile,0.99,959.0
2026-08-29,wk inc covid hosp,3,2026-09-19,13,quantile,0.01,0.0
2026-08-29,wk inc covid hosp,3,2026-09-19,13,quantile,0.025,0.0
2026-08-29,wk inc covid hosp,3,2026-09-19,13,quantile,0.05,0.0
2026-08-29,wk inc covid hosp,3,2026-09-19,13,quantile,0.1,2.0
2026-08-29,wk inc covid hosp,3,2026-09-19,13,quantile,0.15,4.0
2026-08-29,wk inc covid hosp,3,2026-09-19,13,quantile,0.2,7.0
2026-08-29,wk inc covid hosp,3,2026-09-19,13,quantile,0.25,11.0
2026-08-29,wk inc covid hosp,3,2026-09-19,13,quantile,0.3,15.0
2026-08-29,wk inc covid hosp,3,2026-09-19,13,quantile,0.35,21.0
2026-08-29,wk inc covid hosp,3,2026-09-19,13,quantile,0.4,26.0
2026-08-29,wk inc covid hosp,3,2026-09-19,13,quantile,0.45,33.0
2026-08-29,wk inc covid hosp,3,2026-09-19,13,quantile,0.5,41.0
2026-08-29,wk inc covid hosp,3,2026-09-19,13,quantile,0.55,50.0
2026-08-29,wk inc covid hosp,3,2026-09-19,13,quantile,0.6,61.0
2026-08-29,wk inc covid hosp,3,2026-09-19,13,quantile,0.65,73.0
2026-08-29,wk inc covid hosp,3,2026-09-19,13,quantile,0.7,88.0
2026-08-29,wk inc covid hosp,3,2026-09-19,13,quantile,0.75,106.0
2026-08-29,wk inc covid hosp,3,2026-09-19,13,quantile,0.8,129.0
2026-08-29,wk inc covid hosp,3,2026-09-19,13,quantile,0.85,160.0
2026-08-29,wk inc covid hosp,3,2026-09-19,13,quantile,0.9,204.0
2026-08-29,wk inc covid hosp,3,2026-09-19,13,quantile,0.95,282.0
2026-08-29,wk inc covid hosp,3,2026-09-19,13,quantile,0.975,363.0
2026-08-29,wk inc covid hosp,3,2026-09-19,13,quantile,0.99,472.0
2026-08-29,wk inc covid hosp,3,2026-09-19,15,quantile,0.01,0.0
2026-08-29,wk inc covid hosp,3,2026-09-19,15,quantile,0.025,0.0
2026-08-29,wk inc covid hosp,3,2026-09-19,15,quantile,0.05,0.0
2026-08-29,wk inc covid hosp,3,2026-09-19,15,quantile,0.1,0.0
2026-08-29,wk inc covid hosp,3,2026-09-19,15,quantile,0.15,0.0
2026-08-29,wk inc covid hosp,3,2026-09-19,15,quantile,0.2,0.0
2026-08-29,wk inc covid hosp,3,2026-09-19,15,quantile,0.25,0.0
2026-08-29,wk inc covid hosp,3,2026-09-19,15,quantile,0.3,0.0
2026-08-29,wk inc covid hosp,3,2026-09-19,15,quantile,0.35,0.0
2026-08-29,wk inc covid hosp,3,2026-09-19,15,quantile,0.4,0.0
2026-08-29,wk inc covid hosp,3,2026-09-19,15,quantile,0.45,0.0
2026-08-29,wk inc covid hosp,3,2026-09-19,15,quantile,0.5,0.0
2026-08-29,wk inc covid hosp,3,2026-09-19,15,quantile,0.55,0.0
2026-08-29,wk inc covid hosp,3,2026-09-19,15,quantile,0.6,0.0
2026-08-29,wk inc covid hosp,3,2026-09-19,15,quantile,0.65,0.0
2026-08-29,wk inc covid hosp,3,2026-09-19,15,quantile,0.7,0.0
2026-08-29,wk inc covid hosp,3,2026-09-19,15,quantile,0.75,0.0
2026-08-29,wk inc covid hosp,3,2026-09-19,15,quantile,0.8,0.0
2026-08-29,wk inc covid hosp,3,2026-09-19,15,quantile,0.85,0.0
2026-08-29,wk inc covid hosp,3,2026-09-19,15,quantile,0.9,0.0
2026-08-29,wk inc covid hosp,3,2026-09-19,15,quantile,0.95,0.0
2026-08-29,wk inc covid hosp,3,2026-09-19,15,quantile,0.975,0.0
2026-08-29,wk inc covid hosp,3,2026-09-19,15,quantile,0.99,0.0
2026-08-29,wk inc covid hosp,3,2026-09-19,16,quantile,0.01,0.0
2026-08-29,wk inc covid hosp,3,2026-09-19,16,quantile,0.025,0.0
2026-08-29,wk inc covid hosp,3,2026-09-19,16,quantile,0.05,0.0
2026-08-29,wk inc covid hosp,3,2026-09-19,16,quantile,0.1,0.0
2026-08-29,wk inc covid hosp,3,2026-09-19,16,quantile,0.15,0.0
2026-08-29,wk inc covid hosp,3,2026-09-19,16,quantile,0.2,0.0
2026-08-29,wk inc covid hosp,3,2026-09-19,16,quantile,0.25,0.0
2026-08-29,wk inc covid hosp,3,2026-09-19,16,quantile,0.3,0.0
2026-08-29,wk inc covid hosp,3,2026-09-19,16,quantile,0.35,0.0
2026-08-29,wk inc covid hosp,3,2026-09-19,16,quantile,0.4,1.0
2026-08-29,wk inc covid hosp,3,2026-09-19,16,quantile,0.45,1.0
2026-08-29,wk inc covid hosp,3,2026-09-19,16,quantile,0.5,2.0
2026-08-29,wk inc covid hosp,3,2026-09-19,16,quantile,0.55,3.0
2026-08-29,wk inc covid hosp,3,2026-09-19,16,quantile,0.6,4.0
2026-08-29,wk inc covid hosp,3,2026-09-19,16,quantile,0.65,5.0
2026-08-29,wk inc covid hosp,3,2026-09-19,16,quantile,0.7,7.0
2026-08-29,wk inc covid hosp,3,2026-09-19,16,quantile,0.75,10.0
2026-08-29,wk inc covid hosp,3,2026-09-19,16,quantile,0.8,13.0
2026-08-29,wk inc covid hosp,3,2026-09-19,16,quantile,0.85,19.0
2026-08-29,wk inc covid hosp,3,2026-09-19,16,quantile,0.9,27.0
2026-08-29,wk inc covid hosp,3,2026-09-19,16,quantile,0.95,42.0
2026-08-29,wk inc covid hosp,3,2026-09-19,16,quantile,0.975,59.0
2026-08-29,wk inc covid hosp,3,2026-09-19,16,quantile,0.99,83.0
2026-08-29,wk inc covid hosp,3,2026-09-19,17,quantile,0.01,0.0
2026-08-29,wk inc covid hosp,3,2026-09-19,17,quantile,0.025,0.0
2026-08-29,wk inc covid hosp,3,2026-09-19,17,quantile,0.05,0.0
2026-08-29,wk inc covid hosp,3,2026-09-19,17,quantile,0.1,0.0
2026-08-29,wk inc covid hosp,3,2026-09-19,17,quantile,0.15,0.0
2026-08-29,wk inc covid hosp,3,2026-09-19,17,quantile,0.2,0.0
2026-08-29,wk inc covid hosp,3,2026-09-19,17,quantile,0.25,0.0
2026-08-29,wk inc covid hosp,3,2026-09-19,17,quantile,0.3,0.0
2026-08-29,wk inc covid hosp,3,2026-09-19,17,quantile,0.35,0.0
2026-08-29,wk inc covid hosp,3,2026-09-19,17,quantile,0.4,0.0
2026-08-29,wk inc covid hosp,3,2026-09-19,17,quantile,0.45,0.0
2026-08-29,wk inc covid hosp,3,2026-09-19,17,quantile,0.5,0.0
2026-08-29,wk inc covid hosp,3,2026-09-19,17,quantile,0.55,0.0
2026-08-29,wk inc covid hosp,3,2026-09-19,17,quantile,0.6,1.0
2026-08-29,wk inc covid hosp,3,2026-09-19,17,quantile,0.65,3.0
2026-08-29,wk inc covid hosp,3,2026-09-19,17,quantile,0.7,7.0
2026-08-29,wk inc covid hosp,3,2026-09-19,17,quantile,0.75,14.0
2026-08-29,wk inc covid hosp,3,2026-09-19,17,quantile,0.8,27.0
2026-08-29,wk inc covid hosp,3,2026-09-19,17,quantile,0.85,52.0
2026-08-29,wk inc covid hosp,3,2026-09-19,17,quantile,0.9,102.0
2026-08-29,wk inc covid hosp,3,2026-09-19,17,quantile,0.95,223.0
2026-08-29,wk inc covid hosp,3,2026-09-19,17,quantile,0.975,376.0
2026-08-29,wk inc covid hosp,3,2026-09-19,17,quantile,0.99,610.0
2026-08-29,wk inc covid hosp,3,2026-09-19,18,quantile,0.01,0.0
2026-08-29,wk inc covid hosp,3,2026-09-19,18,quantile,0.025,0.0
2026-08-29,wk inc covid hosp,3,2026-09-19,18,quantile,0.05,0.0
2026-08-29,wk inc covid hosp,3,2026-09-19,18,quantile,0.1,0.0
2026-08-29,wk inc covid hosp,3,2026-09-19,18,quantile,0.15,0.0
2026-08-29,wk inc covid hosp,3,2026-09-19,18,quantile,0.2,0.0
2026-08-29,wk inc covid hosp,3,2026-09-19,18,quantile,0.25,0.0
2026-08-29,wk inc covid hosp,3,2026-09-19,18,quantile,0.3,0.0
2026-08-29,wk inc covid hosp,3,2026-09-19,18,quantile,0.35,0.0
2026-08-29,wk inc covid hosp,3,2026-09-19,18,quantile,0.4,0.0
2026-08-29,wk inc covid hosp,3,2026-09-19,18,quantile,0.45,0.0
2026-08-29,wk inc covid hosp,3,2026-09-19,18,quantile,0.5,0.0
2026-08-29,wk inc covid hosp,3,2026-09-19,18,quantile,0.55,0.0
2026-08-29,wk inc covid hosp,3,2026-09-19,18,quantile,0.6,0.0
2026-08-29,wk inc covid hosp,3,2026-09-19,18,quantile,0.65,0.0
2026-08-29,wk inc covid hosp,3,2026-09-19,18,quantile,0.7,0.0
2026-08-29,wk inc covid hosp,3,2026-09-19,18,quantile,0.75,0.0
2026-08-29,wk inc covid hosp,3,2026-09-19,18,quantile,0.8,0.0
2026-08-29,wk inc covid hosp,3,2026-09-19,18,quantile,0.85,0.0
2026-08-29,wk inc covid hosp,3,2026-09-19,18,quantile,0.9,0.0
2026-08-29,wk inc covid hosp,3,2026-09-19,18,quantile,0.95,0.0
2026-08-29,wk inc covid hosp,3,2026-09-19,18,quantile,0.975,0.0
2026-08-29,wk inc covid hosp,3,2026-09-19,18,quantile,0.99,0.0
2026-08-29,wk inc covid hosp,3,2026-09-19,19,quantile,0.01,0.0
2026-08-29,wk inc covid hosp,3,2026-09-19,19,quantile,0.025,0.0
2026-08-29,wk inc covid hosp,3,2026-09-19,19,quantile,0.05,0.0
2026-08-29,wk inc covid hosp,3,2026-09-19,19,quantile,0.1,0.0
2026-08-29,wk inc covid hosp,3,2026-09-19,19,quantile,0.15,0.0
2026-08-29,wk inc covid hosp,3,2026-09-19,19,quantile,0.2,0.0
2026-08-29,wk inc covid hosp,3,2026-09-19,19,quantile,0.25,0.0
2026-08-29,wk inc covid hosp,3,2026-09-19,19,quantile,0.3,0.0
2026-08-29,wk inc covid hosp,3,2026-09-19,19,quantile,0.35,0.0
2026-08-29,wk inc covid hosp,3,2026-09-19,19,quantile,0.4,0.0
2026-08-29,wk inc covid hosp,3,2026-09-19,19,quantile,0.45,0.0
2026-08-29,wk inc covid hosp,3,2026-09-19,19,quantile,0.5,0.0
2026-08-29,wk inc covid hosp,3,2026-09-19,19,quantile,0.55,1.0
2026-08-29,wk inc covid hosp,3,2026-09-19,19,quantile,0.6,4.0
2026-08-29,wk inc covid hosp,3,2026-09-19,19,quantile,0.65,8.0
2026-08-29,wk inc covid hosp,3,2026-09-19,19,quantile,0.7,17.0
2026-08-29,wk inc covid hosp,3,2026-09-19,19,quantile,0.75,34.0
2026-08-29,wk inc covid hosp,3,2026-09-19,19,quantile,0.8,67.0
2026-08-29,wk inc covid hosp,3,2026-09-19,19,quantile,0.85,131.0
2026-08-29,wk inc covid hosp,3,2026-09-19,19,quantile,0.9,259.0
2026-08-29,wk inc covid hosp,3,2026-09-19,19,quantile,0.95,564.0
2026-08-29,wk inc covid hosp,3,2026-09-19,19,quantile,0.975,950.0
2026-08-29,wk inc covid hosp,3,2026-09-19,19,quantile,0.99,1544.0
2026-08-29,wk inc covid hosp,3,2026-09-19,20,quantile,0.01,0.0
2026-08-29,wk inc covid hosp,3,2026-09-19,20,quantile,0.025,0.0
2026-08-29,wk inc covid hosp,3,2026-09-19,20,quantile,0.05,0.0
2026-08-29,wk inc covid hosp,3,2026-09-19,20,quantile,0.1,0.0
2026-08-29,wk inc covid hosp,3,2026-09-19,20,quantile,0.15,0.0
2026-08-29,wk inc covid hosp,3,2026-09-19,20,quantile,0.2,0.0
2026-08-29,wk inc covid hosp,3,2026-09-19,20,quantile,0.25,0.0
2026-08-29,wk inc covid hosp,3,2026-09-19,20,quantile,0.3,0.0
2026-08-29,wk inc covid hosp,3,2026-09-19,20,quantile,0.35,0.0
2026-08-29,wk inc covid hosp,3,2026-09-19,20,quantile,0.4,0.0
2026-08-29,wk inc covid hosp,3,2026-09-19,20,quantile,0.45,0.0
2026-08-29,wk inc covid hosp,3,2026-09-19,20,quantile,0.5,1.0
2026-08-29,wk inc covid hosp,3,2026-09-19,20,quantile,0.55,2.0
2026-08-29,wk inc covid hosp,3,2026-09-19,20,quantile,0.6,3.0
2026-08-29,wk inc covid hosp,3,2026-09-19,20,quantile,0.65,4.0
2026-08-29,wk inc covid hosp,3,2026-09-19,20,quantile,0.7,7.0
2026-08-29,wk inc covid hosp,3,2026-09-19,20,quantile,0.75,10.0
2026-08-29,wk inc covid hosp,3,2026-09-19,20,quantile,0.8,16.0
2026-08-29,wk inc covid hosp,3,2026-09-19,20,quantile,0.85,23.0
2026-08-29,wk inc covid hosp,3,2026-09-19,20,quantile,0.9,37.0
2026-08-29,wk inc covid hosp,3,2026-09-19,20,quantile,0.95,63.0
2026-08-29,wk inc covid hosp,3,2026-09-19,20,quantile,0.975,94.0
2026-08-29,wk inc covid hosp,3,2026-09-19,20,quantile,0.99,137.0
2026-08-29,wk inc covid hosp,3,2026-09-19,21,quantile,0.01,0.0
2026-08-29,wk inc covid hosp,3,2026-09-19,21,quantile,0.025,0.0
2026-08-29,wk inc covid hosp,3,2026-09-19,21,quantile,0.05,0.0
2026-08-29,wk inc covid hosp,3,2026-09-19,21,quantile,0.1,0.0
2026-08-29,wk inc covid hosp,3,2026-09-19,21,quantile,0.15,0.0
2026-08-29,wk inc covid hosp,3,2026-09-19,21,quantile,0.2,0.0
2026-08-29,wk inc covid hosp,3,2026-09-19,21,quantile,0.25,0.0
2026-08-29,wk inc covid hosp,3,2026-09-19,21,quantile,0.3,0.0
2026-08-29,wk inc covid hosp,3,2026-09-19,21,quantile,0.35,0.0
2026-08-29,wk inc covid hosp,3,2026-09-19,21,quantile,0.4,0.0
2026-08-29,wk inc covid hosp,3,2026-09-19,21,quantile,0.45,0.0
2026-08-29,wk inc covid hosp,3,2026-09-19,21,quantile,0.5,0.0
2026-08-29,wk inc covid hosp,3,2026-09-19,21,quantile,0.55,0.0
2026-08-29,wk inc covid hosp,3,2026-09-19,21,quantile,0.6,1.0
2026-08-29,wk inc covid hosp,3,2026-09-19,21,quantile,0.65,3.0
2026-08-29,wk inc covid hosp,3,2026-09-19,21,quantile,0.7,6.0
2026-08-29,wk inc covid hosp,3,2026-09-19,21,quantile,0.75,11.0
2026-08-29,wk inc covid hosp,3,2026-09-19,21,quantile,0.8,22.0
2026-08-29,wk inc covid hosp,3,2026-09-19,21,quantile,0.85,44.0
2026-08-29,wk inc covid hosp,3,2026-09-19,21,quantile,0.9,86.0
2026-08-29,wk inc covid hosp,3,2026-09-19,21,quantile,0.95,188.0
2026-08-29,wk inc covid hosp,3,2026-09-19,21,quantile,0.975,317.0
2026-08-29,wk inc covid hosp,3,2026-09-19,21,quantile,0.99,515.0
2026-08-29,wk inc covid hosp,3,2026-09-19,22,quantile,0.01,6.0
2026-08-29,wk inc covid hosp,3,2026-09-19,22,quantile,0.025,10.0
2026-08-29,wk inc covid hosp,3,2026-09-19,22,quantile,0.05,14.0
2026-08-29,wk inc covid hosp,3,2026-09-19,22,quantile,0.1,20.0
2026-08-29,wk inc covid hosp,3,2026-09-19,22,quantile,0.15,25.0
2026-08-29,wk inc covid hosp,3,2026-09-19,22,quantile,0.2,30.0
2026-08-29,wk inc covid hosp,3,2026-09-19,22,quantile,0.25,35.0
2026-08-29,wk inc covid hosp,3,2026-09-19,22,quantile,0.3,39.0
2026-08-29,wk inc covid hosp,3,2026-09-19,22,quantile,0.35,44.0
2026-08-29,wk inc covid hosp,3,2026-09-19,22,quantile,0.4,49.0
2026-08-29,wk inc covid hosp,3,2026-09-19,22,quantile,0.45,53.0
2026-08-29,wk inc covid hosp,3,2026-09-19,22,quantile,0.5,58.0
2026-08-29,wk inc covid hosp,3,2026-09-19,22,quantile,0.55,64.0
2026-08-29,wk inc covid hosp,3,2026-09-19,22,quantile,0.6,69.0
2026-08-29,wk inc covid hosp,3,2026-09-19,22,quantile,0.65,75.0
2026-08-29,wk inc covid hosp,3,2026-09-19,22,quantile,0.7,82.0
2026-08-29,wk inc covid hosp,3,2026-09-19,22,quantile,0.75,90.0
2026-08-29,wk inc covid hosp,3,2026-09-19,22,quantile,0.8,100.0
2026-08-29,wk inc covid hosp,3,2026-09-19,22,quantile,0.85,111.0
2026-08-29,wk inc covid hosp,3,2026-09-19,22,quantile,0.9,127.0
2026-08-29,wk inc covid hosp,3,2026-09-19,22,quantile,0.95,153.0
2026-08-29,wk inc covid hosp,3,2026-09-19,22,quantile,0.975,178.0
2026-08-29,wk inc covid hosp,3,2026-09-19,22,quantile,0.99,210.0
2026-08-29,wk inc covid hosp,3,2026-09-19,23,quantile,0.01,0.0
2026-08-29,wk inc covid hosp,3,2026-09-19,23,quantile,0.025,0.0
2026-08-29,wk inc covid hosp,3,2026-09-19,23,quantile,0.05,0.0
2026-08-29,wk inc covid hosp,3,2026-09-19,23,quantile,0.1,0.0
2026-08-29,wk inc covid hosp,3,2026-09-19,23,quantile,0.15,0.0
2026-08-29,wk inc covid hosp,3,2026-09-19,23,quantile,0.2,0.0
2026-08-29,wk inc covid hosp,3,2026-09-19,23,quantile,0.25,0.0
2026-08-29,wk inc covid hosp,3,2026-09-19,23,quantile,0.3,0.0
2026-08-29,wk inc covid hosp,3,2026-09-19,23,quantile,0.35,0.0
2026-08-29,wk inc covid hosp,3,2026-09-19,23,quantile,0.4,0.0
2026-08-29,wk inc covid hosp,3,2026-09-19,23,quantile,0.45,0.0
2026-08-29,wk inc covid hosp,3,2026-09-19,23,quantile,0.5,0.0
2026-08-29,wk inc covid hosp,3,2026-09-19,23,quantile,0.55,0.0
2026-08-29,wk inc covid hosp,3,2026-09-19,23,quantile,0.6,0.0
2026-08-29,wk inc covid hosp,3,2026-09-19,23,quantile,0.65,1.0
2026-08-29,wk inc covid hosp,3,2026-09-19,23,quantile,0.7,1.0
2026-08-29,wk inc covid hosp,3,2026-09-19,23,quantile,0.75,3.0
2026-08-29,wk inc covid hosp,3,2026-09-19,23,quantile,0.8,6.0
2026-08-29,wk inc covid hosp,3,2026-09-19,23,quantile,0.85,12.0
2026-08-29,wk inc covid hosp,3,2026-09-19,23,quantile,0.9,23.0
2026-08-29,wk inc covid hosp,3,2026-09-19,23,quantile,0.95,51.0
2026-08-29,wk inc covid hosp,3,2026-09-19,23,quantile,0.975,86.0
2026-08-29,wk inc covid hosp,3,2026-09-19,23,quantile,0.99,140.0
2026-08-29,wk inc covid hosp,3,2026-09-19,24,quantile,0.01,0.0
2026-08-29,wk inc covid hosp,3,2026-09-19,24,quantile,0.025,0.0
2026-08-29,wk inc covid hosp,3,2026-09-19,24,quantile,0.05,0.0
2026-08-29,wk inc covid hosp,3,2026-09-19,24,quantile,0.1,0.0
2026-08-29,wk inc covid hosp,3,2026-09-19,24,quantile,0.15,0.0
2026-08-29,wk inc covid hosp,3,2026-09-19,24,quantile,0.2,0.0
2026-08-29,wk inc covid hosp,3,2026-09-19,24,quantile,0.25,0.0
2026-08-29,wk inc covid hosp,3,2026-09-19,24,quantile,0.3,0.0
2026-08-29,wk inc covid hosp,3,2026-09-19,24,quantile,0.35,0.0
2026-08-29,wk inc covid hosp,3,2026-09-19,24,quantile,0.4,0.0
2026-08-29,wk inc covid hosp,3,2026-09-19,24,quantile,0.45,0.0
2026-08-29,wk inc covid hosp,3,2026-09-19,24,quantile,0.5,0.0
2026-08-29,wk inc covid hosp,3,2026-09-19,24,quantile,0.55,0.0
2026-08-29,wk inc covid hosp,3,2026-09-19,24,quantile,0.6,1.0
2026-08-29,wk inc covid hosp,3,2026-09-19,24,quantile,0.65,2.0
2026-08-29,wk inc covid hosp,3,2026-09-19,24,quantile,0.7,4.0
2026-08-29,wk inc covid hosp,3,2026-09-19,24,quantile,0.75,9.0
2026-08-29,wk inc covid hosp,3,2026-09-19,24,quantile,0.8,18.0
2026-08-29,wk inc covid hosp,3,2026-09-19,24,quantile,0.85,35.0
2026-08-29,wk inc covid hosp,3,2026-09-19,24,quantile,0.9,69.0
2026-08-29,wk inc covid hosp,3,2026-09-19,24,quantile,0.95,150.0
2026-08-29,wk inc covid hosp,3,2026-09-19,24,quantile,0.975,252.0
2026-08-29,wk inc covid hosp,3,2026-09-19,24,quantile,0.99,409.0
2026-08-29,wk inc covid hosp,3,2026-09-19,25,quantile,0.01,0.0
2026-08-29,wk inc covid hosp,3,2026-09-19,25,quantile,0.025,0.0
2026-08-29,wk inc covid hosp,3,2026-09-19,25,quantile,0.05,0.0
2026-08-29,wk inc covid hosp,3,2026-09-19,25,quantile,0.1,0.0
2026-08-29,wk inc covid hosp,3,2026-09-19,25,quantile,0.15,0.0
2026-08-29,wk inc covid hosp,3,2026-09-19,25,quantile,0.2,0.0
2026-08-29,wk inc covid hosp,3,2026-09-19,25,quantile,0.25,0.0
2026-08-29,wk inc covid hosp,3,2026-09-19,25,quantile,0.3,0.0
2026-08-29,wk inc covid hosp,3,2026-09-19,25,quantile,0.35,0.0
2026-08-29,wk inc covid hosp,3,2026-09-19,25,quantile,0.4,0.0
2026-08-29,wk inc covid hosp,3,2026-09-19,25,quantile,0.45,0.0
2026-08-29,wk inc covid hosp,3,2026-09-19,25,quantile,0.5,0.0
2026-08-29,wk inc covid hosp,3,2026-09-19,25,quantile,0.55,1.0
2026-08-29,wk inc covid hosp,3,2026-09-19,25,quantile,0.6,1.0
2026-08-29,wk inc covid hosp,3,2026-09-19,25,quantile,0.65,3.0
2026-08-29,wk inc covid hosp,3,2026-09-19,25,quantile,0.7,7.0
2026-08-29,wk inc covid hosp,3,2026-09-19,25,quantile,0.75,14.0
2026-08-29,wk inc covid hosp,3,2026-09-19,25,quantile,0.8,28.0
2026-08-29,wk inc covid hosp,3,2026-09-19,25,quantile,0.85,55.0
2026-08-29,wk inc covid hosp,3,2026-09-19,25,quantile,0.9,108.0
2026-08-29,wk inc covid hosp,3,2026-09-19,25,quantile,0.95,236.0
2026-08-29,wk inc covid hosp,3,2026-09-19,25,quantile,0.975,398.0
2026-08-29,wk inc covid hosp,3,2026-09-19,25,quantile,0.99,646.0
2026-08-29,wk inc covid hosp,3,2026-09-19,26,quantile,0.01,40.0
2026-08-29,wk inc covid hosp,3,2026-09-19,26,quantile,0.025,53.0
2026-08-29,wk inc covid hosp,3,2026-09-19,26,quantile,0.05,67.0
2026-08-29,wk inc covid hosp,3,2026-09-19,26,quantile,0.1,85.0
2026-08-29,wk inc covid hosp,3,2026-09-19,26,quantile,0.15,99.0
2026-08-29,wk inc covid hosp,3,2026-09-19,26,quantile,0.2,112.0
2026-08-29,wk inc covid hosp,3,2026-09-19,26,quantile,0.25,123.0
2026-08-29,wk inc covid hosp,3,2026-09-19,26,quantile,0.3,134.0
2026-08-29,wk inc covid hosp,3,2026-09-19,26,quantile,0.35,145.0
2026-08-29,wk inc covid hosp,3,2026-09-19,26,quantile,0.4,156.0
2026-08-29,wk inc covid hosp,3,2026-09-19,26,quantile,0.45,166.0
2026-08-29,wk inc covid hosp,3,2026-09-19,26,quantile,0.5,178.0
2026-08-29,wk inc covid hosp,3,2026-09-19,26,quantile,0.55,189.0
2026-08-29,wk inc covid hosp,3,2026-09-19,26,quantile,0.6,202.0
2026-08-29,wk inc covid hosp,3,2026-09-19,26,quantile,0.65,215.0
2026-08-29,wk inc covid hosp,3,2026-09-19,26,quantile,0.7,230.0
2026-08-29,wk inc covid hosp,3,2026-09-19,26,quantile,0.75,246.0
2026-08-29,wk inc covid hosp,3,2026-09-19,26,quantile,0.8,265.0
2026-08-29,wk inc covid hosp,3,2026-09-19,26,quantile,0.85,289.0
2026-08-29,wk inc covid hosp,3,2026-09-19,26,quantile,0.9,321.0
2026-08-29,wk inc covid hosp,3,2026-09-19,26,quantile,0.95,372.0
2026-08-29,wk inc covid hosp,3,2026-09-19,26,quantile,0.975,420.0
2026-08-29,wk inc covid hosp,3,2026-09-19,26,quantile,0.99,480.0
2026-08-29,wk inc covid hosp,3,2026-09-19,27,quantile,0.01,0.0
2026-08-29,wk inc covid hosp,3,2026-09-19,27,quantile,0.025,0.0
2026-08-29,wk inc covid hosp,3,2026-09-19,27,quantile,0.05,0.0
2026-08-29,wk inc covid hosp,3,2026-09-19,27,quantile,0.1,0.0
2026-08-29,wk inc covid hosp,3,2026-09-19,27,quantile,0.15,0.0
2026-08-29,wk inc covid hosp,3,2026-09-19,27,quantile,0.2,0.0
2026-08-29,wk inc covid hosp,3,2026-09-19,27,quantile,0.25,0.0
2026-08-29,wk inc covid hosp,3,2026-09-19,27,quantile,0.3,0.0
2026-08-29,wk inc covid hosp,3,2026-09-19,27,quantile,0.35,0.0
2026-08-29,wk inc covid hosp,3,2026-09-19,27,quantile,0.4,0.0
2026-08-29,wk inc covid hosp,3,2026-09-19,27,quantile,0.45,1.0
2026-08-29,wk inc covid hosp,3,2026-09-19,27,quantile,0.5,2.0
2026-08-29,wk inc covid hosp,3,2026-09-19,27,quantile,0.55,3.0
2026-08-29,wk inc covid hosp,3,2026-09-19,27,quantile,0.6,5.0
2026-08-29,wk inc covid hosp,3,2026-09-19,27,quantile,0.65,8.0
2026-08-29,wk inc covid hosp,3,2026-09-19,27,quantile,0.7,13.0
2026-08-29,wk inc covid hosp,3,2026-09-19,27,quantile,0.75,19.0
2026-08-29,wk inc covid hosp,3,2026-09-19,27,quantile,0.8,29.0
2026-08-29,wk inc covid hosp,3,2026-09-19,27,quantile,0.85,44.0
2026-08-29,wk inc covid hosp,3,2026-09-19,27,quantile,0.9,70.0
2026-08-29,wk inc covid hosp,3,2026-09-19,27,quantile,0.95,122.0
2026-08-29,wk inc covid hosp,3,2026-09-19,27,quantile,0.975,181.0
2026-08-29,wk inc covid hosp,3,2026-09-19,27,quantile,0.99,266.0
2026-08-29,wk inc covid hosp,3,2026-09-19,28,quantile,0.01,0.0
2026-08-29,wk inc covid hosp,3,2026-09-19,28,quantile,0.025,0.0
2026-08-29,wk inc covid hosp,3,2026-09-19,28,quantile,0.05,0.0
2026-08-29,wk inc covid hosp,3,2026-09-19,28,quantile,0.1,0.0
2026-08-29,wk inc covid hosp,3,2026-09-19,28,quantile,0.15,0.0
2026-08-29,wk inc covid hosp,3,2026-09-19,28,quantile,0.2,0.0
2026-08-29,wk inc covid hosp,3,2026-09-19,28,quantile,0.25,0.0
2026-08-29,wk inc covid hosp,3,2026-09-19,28,quantile,0.3,0.0
2026-08-29,wk inc covid hosp,3,2026-09-19,28,quantile,0.35,0.0
2026-08-29,wk inc covid hosp,3,2026-09-19,28,quantile,0.4,0.0
2026-08-29,wk inc covid hosp,3,2026-09-19,28,quantile,0.45,0.0
2026-08-29,wk inc covid hosp,3,2026-09-19,28,quantile,0.5,0.0
2026-08-29,wk inc covid hosp,3,2026-09-19,28,quantile,0.55,0.0
2026-08-29,wk inc covid hosp,3,2026-09-19,28,quantile,0.6,1.0
2026-08-29,wk inc covid hosp,3,2026-09-19,28,quantile,0.65,1.0
2026-08-29,wk inc covid hosp,3,2026-09-19,28,quantile,0.7,3.0
2026-08-29,wk inc covid hosp,3,2026-09-19,28,quantile,0.75,5.0
2026-08-29,wk inc covid hosp,3,2026-09-19,28,quantile,0.8,9.0
2026-08-29,wk inc covid hosp,3,2026-09-19,28,quantile,0.85,15.0
2026-08-29,wk inc covid hosp,3,2026-09-19,28,quantile,0.9,28.0
2026-08-29,wk inc covid hosp,3,2026-09-19,28,quantile,0.95,56.0
2026-08-29,wk inc covid hosp,3,2026-09-19,28,quantile,0.975,91.0
2026-08-29,wk inc covid hosp,3,2026-09-19,28,quantile,0.99,142.0
2026-08-29,wk inc covid hosp,3,2026-09-19,29,quantile,0.01,0.0
2026-08-29,wk inc covid hosp,3,2026-09-19,29,quantile,0.025,0.0
2026-08-29,wk inc covid hosp,3,2026-09-19,29,quantile,0.05,0.0
2026-08-29,wk inc covid hosp,3,2026-09-19,29,quantile,0.1,0.0
2026-08-29,wk inc covid hosp,3,2026-09-19,29,quantile,0.15,0.0
2026-08-29,wk inc covid hosp,3,2026-09-19,29,quantile,0.2,0.0
2026-08-29,wk inc covid hosp,3,2026-09-19,29,quantile,0.25,0.0
2026-08-29,wk inc covid hosp,3,2026-09-19,29,quantile,0.3,0.0
2026-08-29,wk inc covid hosp,3,2026-09-19,29,quantile,0.35,0.0
2026-08-29,wk inc covid hosp,3,2026-09-19,29,quantile,0.4,0.0
2026-08-29,wk inc covid hosp,3,2026-09-19,29,quantile,0.45,1.0
2026-08-29,wk inc covid hosp,3,2026-09-19,29,quantile,0.5,3.0
2026-08-29,wk inc covid hosp,3,2026-09-19,29,quantile,0.55,7.0
2026-08-29,wk inc covid hosp,3,2026-09-19,29,quantile,0.6,17.0
2026-08-29,wk inc covid hosp,3,2026-09-19,29,quantile,0.65,37.0
2026-08-29,wk inc covid hosp,3,2026-09-19,29,quantile,0.7,79.0
2026-08-29,wk inc covid hosp,3,2026-09-19,29,quantile,0.75,159.0
2026-08-29,wk inc covid hosp,3,2026-09-19,29,quantile,0.8,313.0
2026-08-29,wk inc covid hosp,3,2026-09-19,29,quantile,0.85,608.0
2026-08-29,wk inc covid hosp,3,2026-09-19,29,quantile,0.9,1202.0
2026-08-29,wk inc covid hosp,3,2026-09-19,29,quantile,0.95,2621.0
2026-08-29,wk inc covid hosp,3,2026-09-19,29,quantile,0.975,4415.0
2026-08-29,wk inc covid hosp,3,2026-09-19,29,quantile,0.99,7172.0
2026-08-29,wk inc covid hosp,3,2026-09-19,30,quantile,0.01,0.0
2026-08-29,wk inc covid hosp,3,2026-09-19,30,quantile,0.025,0.0
2026-08-29,wk inc covid hosp,3,2026-09-19,30,quantile,0.05,0.0
2026-08-29,wk inc covid hosp,3,2026-09-19,30,quantile,0.1,0.0
2026-08-29,wk inc covid hosp,3,2026-09-19,30,quantile,0.15,0.0
2026-08-29,wk inc covid hosp,3,2026-09-19,30,quantile,0.2,0.0
2026-08-29,wk inc covid hosp,3,2026-09-19,30,quantile,0.25,0.0
2026-08-29,wk inc covid hosp,3,2026-09-19,30,quantile,0.3,0.0
2026-08-29,wk inc covid hosp,3,2026-09-19,30,quantile,0.35,0.0
2026-08-29,wk inc covid hosp,3,2026-09-19,30,quantile,0.4,0.0
2026-08-29,wk inc covid hosp,3,2026-09-19,30,quantile,0.45,0.0
2026-08-29,wk inc covid hosp,3,2026-09-19,30,quantile,0.5,0.0
2026-08-29,wk inc covid hosp,3,2026-09-19,30,quantile,0.55,0.0
2026-08-29,wk inc covid hosp,3,2026-09-19,30,quantile,0.6,0.0
2026-08-29,wk inc covid hosp,3,2026-09-19,30,quantile,0.65,1.0
2026-08-29,wk inc covid hosp,3,2026-09-19,30,quantile,0.7,1.0
2026-08-29,wk inc covid hosp,3,2026-09-19,30,quantile,0.75,3.0
2026-08-29,wk inc covid hosp,3,2026-09-19,30,quantile,0.8,6.0
2026-08-29,wk inc covid hosp,3,2026-09-19,30,quantile,0.85,11.0
2026-08-29,wk inc covid hosp,3,2026-09-19,30,quantile,0.9,23.0
2026-08-29,wk inc covid hosp,3,2026-09-19,30,quantile,0.95,49.0
2026-08-29,wk inc covid hosp,3,2026-09-19,30,quantile,0.975,83.0
2026-08-29,wk inc covid hosp,3,2026-09-19,30,quantile,0.99,135.0
2026-08-29,wk inc covid hosp,3,2026-09-19,31,quantile,0.01,0.0
2026-08-29,wk inc covid hosp,3,2026-09-19,31,quantile,0.025,0.0
2026-08-29,wk inc covid hosp,3,2026-09-19,31,quantile,0.05,0.0
2026-08-29,wk inc covid hosp,3,2026-09-19,31,quantile,0.1,1.0
2026-08-29,wk inc covid hosp,3,2026-09-19,31,quantile,0.15,2.0
2026-08-29,wk inc covid hosp,3,2026-09-19,31,quantile,0.2,3.0
2026-08-29,wk inc covid hosp,3,2026-09-19,31,quantile,0.25,4.0
2026-08-29,wk inc covid hosp,3,2026-09-19,31,quantile,0.3,5.0
2026-08-29,wk inc covid hosp,3,2026-09-19,31,quantile,0.35,7.0
2026-08-29,wk inc covid hosp,3,2026-09-19,31,quantile,0.4,8.0
2026-08-29,wk inc covid hosp,3,2026-09-19,31,quantile,0.45,10.0
2026-08-29,wk inc covid hosp,3,2026-09-19,31,quantile,0.5,11.0
2026-08-29,wk inc covid hosp,3,2026-09-19,31,quantile,0.55,13.0
2026-08-29,wk inc covid hosp,3,2026-09-19,31,quantile,0.6,15.0
2026-08-29,wk inc covid hosp,3,2026-09-19,31,quantile,0.65,18.0
2026-08-29,wk inc covid hosp,3,2026-09-19,31,quantile,0.7,21.0
2026-08-29,wk inc covid hosp,3,2026-09-19,31,quantile,0.75,24.0
2026-08-29,wk inc covid hosp,3,2026-09-19,31,quantile,0.8,28.0
2026-08-29,wk inc covid hosp,3,2026-09-19,31,quantile,0.85,34.0
2026-08-29,wk inc covid hosp,3,2026-09-19,31,quantile,0.9,41.0
2026-08-29,wk inc covid hosp,3,2026-09-19,31,quantile,0.95,54.0
2026-08-29,wk inc covid hosp,3,2026-09-19,31,quantile,0.975,67.0
2026-08-29,wk inc covid hosp,3,2026-09-19,31,quantile,0.99,85.0
2026-08-29,wk inc covid hosp,3,2026-09-19,32,quantile,0.01,0.0
2026-08-29,wk inc covid hosp,3,2026-09-19,32,quantile,0.025,0.0
2026-08-29,wk inc covid hosp,3,2026-09-19,32,quantile,0.05,0.0
2026-08-29,wk inc covid hosp,3,2026-09-19,32,quantile,0.1,0.0
2026-08-29,wk inc covid hosp,3,2026-09-19,32,quantile,0.15,0.0
2026-08-29,wk inc covid hosp,3,2026-09-19,32,quantile,0.2,0.0
2026-08-29,wk inc covid hosp,3,2026-09-19,32,quantile,0.25,0.0
2026-08-29,wk inc covid hosp,3,2026-09-19,32,quantile,0.3,0.0
2026-08-29,wk inc covid hosp,3,2026-09-19,32,quantile,0.35,0.0
2026-08-29,wk inc covid hosp,3,2026-09-19,32,quantile,0.4,0.0
2026-08-29,wk inc covid hosp,3,2026-09-19,32,quantile,0.45,0.0
2026-08-29,wk inc covid hosp,3,2026-09-19,32,quantile,0.5,0.0
2026-08-29,wk inc covid hosp,3,2026-09-19,32,quantile,0.55,0.0
2026-08-29,wk inc covid hosp,3,2026-09-19,32,quantile,0.6,0.0
2026-08-29,wk inc covid hosp,3,2026-09-19,32,quantile,0.65,0.0
2026-08-29,wk inc covid hosp,3,2026-09-19,32,quantile,0.7,0.0
2026-08-29,wk inc covid hosp,3,2026-09-19,32,quantile,0.75,0.0
2026-08-29,wk inc covid hosp,3,2026-09-19,32,quantile,0.8,0.0
2026-08-29,wk inc covid hosp,3,2026-09-19,32,quantile,0.85,0.0
2026-08-29,wk inc covid hosp,3,2026-09-19,32,quantile,0.9,0.0
2026-08-29,wk inc covid hosp,3,2026-09-19,32,quantile,0.95,0.0
2026-08-29,wk inc covid hosp,3,2026-09-19,32,quantile,0.975,0.0
2026-08-29,wk inc covid hosp,3,2026-09-19,32,quantile,0.99,0.0
2026-08-29,wk inc covid hosp,3,2026-09-19,33,quantile,0.01,0.0
2026-08-29,wk inc covid hosp,3,2026-09-19,33,quantile,0.025,0.0
2026-08-29,wk inc covid hosp,3,2026-09-19,33,quantile,0.05,0.0
2026-08-29,wk inc covid hosp,3,2026-09-19,33,quantile,0.1,0.0
2026-08-29,wk inc covid hosp,3,2026-09-19,33,quantile,0.15,0.0
2026-08-29,wk inc covid hosp,3,2026-09-19,33,quantile,0.2,0.0
2026-08-29,wk inc covid hosp,3,2026-09-19,33,quantile,0.25,0.0
2026-08-29,wk inc covid hosp,3,2026-09-19,33,quantile,0.3,0.0
2026-08-29,wk inc covid hosp,3,2026-09-19,33,quantile,0.35,0.0
2026-08-29,wk inc covid hosp,3,2026-09-19,33,quantile,0.4,0.0
2026-08-29,wk inc covid hosp,3,2026-09-19,33,quantile,0.45,0.0
2026-08-29,wk inc covid hosp,3,2026-09-19,33,quantile,0.5,0.0
2026-08-29,wk inc covid hosp,3,2026-09-19,33,quantile,0.55,0.0
2026-08-29,wk inc covid hosp,3,2026-09-19,33,quantile,0.6,0.0
2026-08-29,wk inc covid hosp,3,2026-09-19,33,quantile,0.65,1.0
2026-08-29,wk inc covid hosp,3,2026-09-19,33,quantile,0.7,1.0
2026-08-29,wk inc covid hosp,3,2026-09-19,33,quantile,0.75,3.0
2026-08-29,wk inc covid hosp,3,2026-09-19,33,quantile,0.8,6.0
2026-08-29,wk inc covid hosp,3,2026-09-19,33,quantile,0.85,12.0
2026-08-29,wk inc covid hosp,3,2026-09-19,33,quantile,0.9,24.0
2026-08-29,wk inc covid hosp,3,2026-09-19,33,quantile,0.95,51.0
2026-08-29,wk inc covid hosp,3,2026-09-19,33,quantile,0.975,87.0
2026-08-29,wk inc covid hosp,3,2026-09-19,33,quantile,0.99,141.0
2026-08-29,wk inc covid hosp,3,2026-09-19,34,quantile,0.01,9.0
2026-08-29,wk inc covid hosp,3,2026-09-19,34,quantile,0.025,15.0
2026-08-29,wk inc covid hosp,3,2026-09-19,34,quantile,0.05,22.0
2026-08-29,wk inc covid hosp,3,2026-09-19,34,quantile,0.1,33.0
2026-08-29,wk inc covid hosp,3,2026-09-19,34,quantile,0.15,42.0
2026-08-29,wk inc covid hosp,3,2026-09-19,34,quantile,0.2,51.0
2026-08-29,wk inc covid hosp,3,2026-09-19,34,quantile,0.25,59.0
2026-08-29,wk inc covid hosp,3,2026-09-19,34,quantile,0.3,68.0
2026-08-29,wk inc covid hosp,3,2026-09-19,34,quantile,0.35,76.0
2026-08-29,wk inc covid hosp,3,2026-09-19,34,quantile,0.4,85.0
2026-08-29,wk inc covid hosp,3,2026-09-19,34,quantile,0.45,94.0
2026-08-29,wk inc covid hosp,3,2026-09-19,34,quantile,0.5,103.0
2026-08-29,wk inc covid hosp,3,2026-09-19,34,quantile,0.55,113.0
2026-08-29,wk inc covid hosp,3,2026-09-19,34,quantile,0.6,124.0
2026-08-29,wk inc covid hosp,3,2026-09-19,34,quantile,0.65,135.0
2026-08-29,wk inc covid hosp,3,2026-09-19,34,quantile,0.7,149.0
2026-08-29,wk inc covid hosp,3,2026-09-19,34,quantile,0.75,164.0
2026-08-29,wk inc covid hosp,3,2026-09-19,34,quantile,0.8,182.0
2026-08-29,wk inc covid hosp,3,2026-09-19,34,quantile,0.85,204.0
2026-08-29,wk inc covid hosp,3,2026-09-19,34,quantile,0.9,235.0
2026-08-29,wk inc covid hosp,3,2026-09-19,34,quantile,0.95,286.0
2026-08-29,wk inc covid hosp,3,2026-09-19,34,quantile,0.975,335.0
2026-08-29,wk inc covid hosp,3,2026-09-19,34,quantile,0.99,398.0
2026-08-29,wk inc covid hosp,3,2026-09-19,35,quantile,0.01,0.0
2026-08-29,wk inc covid hosp,3,2026-09-19,35,quantile,0.025,0.0
2026-08-29,wk inc covid hosp,3,2026-09-19,35,quantile,0.05,0.0
2026-08-29,wk inc covid hosp,3,2026-09-19,35,quantile,0.1,0.0
2026-08-29,wk inc covid hosp,3,2026-09-19,35,quantile,0.15,1.0
2026-08-29,wk inc covid hosp,3,2026-09-19,35,quantile,0.2,2.0
2026-08-29,wk inc covid hosp,3,2026-09-19,35,quantile,0.25,2.0
2026-08-29,wk inc covid hosp,3,2026-09-19,35,quantile,0.3,3.0
2026-08-29,wk inc covid hosp,3,2026-09-19,35,quantile,0.35,5.0
2026-08-29,wk inc covid hosp,3,2026-09-19,35,quantile,0.4,6.0
2026-08-29,wk inc covid hosp,3,2026-09-19,35,quantile,0.45,7.0
2026-08-29,wk inc covid hosp,3,2026-09-19,35,quantile,0.5,9.0
2026-08-29,wk inc covid hosp,3,2026-09-19,35,quantile,0.55,11.0
2026-08-29,wk inc covid hosp,3,2026-09-19,35,quantile,0.6,13.0
2026-08-29,wk inc covid hosp,3,2026-09-19,35,quantile,0.65,15.0
2026-08-29,wk inc covid hosp,3,2026-09-19,35,quantile,0.7,18.0
2026-08-29,wk inc covid hosp,3,2026-09-19,35,quantile,0.75,22.0
2026-08-29,wk inc covid hosp,3,2026-09-19,35,quantile,0.8,27.0
2026-08-29,wk inc covid hosp,3,2026-09-19,35,quantile,0.85,32.0
2026-08-29,wk inc covid hosp,3,2026-09-19,35,quantile,0.9,41.0
2026-08-29,wk inc covid hosp,3,2026-09-19,35,quantile,0.95,56.0
2026-08-29,wk inc covid hosp,3,2026-09-19,35,quantile,0.975,72.0
2026-08-29,wk inc covid hosp,3,2026-09-19,35,quantile,0.99,93.0
2026-08-29,wk inc covid hosp,3,2026-09-19,36,quantile,0.01,0.0
2026-08-29,wk inc covid hosp,3,2026-09-19,36,quantile,0.025,0.0
2026-08-29,wk inc covid hosp,3,2026-09-19,36,quantile,0.05,0.0
2026-08-29,wk inc covid hosp,3,2026-09-19,36,quantile,0.1,0.0
2026-08-29,wk inc covid hosp,3,2026-09-19,36,quantile,0.15,1.0
2026-08-29,wk inc covid hosp,3,2026-09-19,36,quantile,0.2,2.0
2026-08-29,wk inc covid hosp,3,2026-09-19,36,quantile,0.25,5.0
2026-08-29,wk inc covid hosp,3,2026-09-19,36,quantile,0.3,8.0
2026-08-29,wk inc covid hosp,3,2026-09-19,36,quantile,0.35,13.0
2026-08-29,wk inc covid hosp,3,2026-09-19,36,quantile,0.4,19.0
2026-08-29,wk inc covid hosp,3,2026-09-19,36,quantile,0.45,26.0
2026-08-29,wk inc covid hosp,3,2026-09-19,36,quantile,0.5,36.0
2026-08-29,wk inc covid hosp,3,2026-09-19,36,quantile,0.55,48.0
2026-08-29,wk inc covid hosp,3,2026-09-19,36,quantile,0.6,63.0
2026-08-29,wk inc covid hosp,3,2026-09-19,36,quantile,0.65,82.0
2026-08-29,wk inc covid hosp,3,2026-09-19,36,quantile,0.7,106.0
2026-08-29,wk inc covid hosp,3,2026-09-19,36,quantile,0.75,137.0
2026-08-29,wk inc covid hosp,3,2026-09-19,36,quantile,0.8,178.0
2026-08-29,wk inc covid hosp,3,2026-09-19,36,quantile,0.85,235.0
2026-08-29,wk inc covid hosp,3,2026-09-19,36,quantile,0.9,322.0
2026-08-29,wk inc covid hosp,3,2026-09-19,36,quantile,0.95,481.0
2026-08-29,wk inc covid hosp,3,2026-09-19,36,quantile,0.975,651.0
2026-08-29,wk inc covid hosp,3,2026-09-19,36,quantile,0.99,886.0
2026-08-29,wk inc covid hosp,3,2026-09-19,37,quantile,0.01,15.0
2026-08-29,wk inc covid hosp,3,2026-09-19,37,quantile,0.025,24.0
2026-08-29,wk inc covid hosp,3,2026-09-19,37,quantile,0.05,33.0
2026-08-29,wk inc covid hosp,3,2026-09-19,37,quantile,0.1,48.0
2026-08-29,wk inc covid hosp,3,2026-09-19,37,quantile,0.15,60.0
2026-08-29,wk inc covid hosp,3,2026-09-19,37,quantile,0.2,71.0
2026-08-29,wk inc covid hosp,3,2026-09-19,37,quantile,0.25,81.0
2026-08-29,wk inc covid hosp,3,2026-09-19,37,quantile,0.3,91.0
2026-08-29,wk inc covid hosp,3,2026-09-19,37,quantile,0.35,102.0
2026-08-29,wk inc covid hosp,3,2026-09-19,37,quantile,0.4,112.0
2026-08-29,wk inc covid hosp,3,2026-09-19,37,quantile,0.45,123.0
2026-08-29,wk inc covid hosp,3,2026-09-19,37,quantile,0.5,134.0
2026-08-29,wk inc covid hosp,3,2026-09-19,37,quantile,0.55,146.0
2026-08-29,wk inc covid hosp,3,2026-09-19,37,quantile,0.6,159.0
2026-08-29,wk inc covid hosp,3,2026-09-19,37,quantile,0.65,173.0
2026-08-29,wk inc covid hosp,3,2026-09-19,37,quantile,0.7,188.0
2026-08-29,wk inc covid hosp,3,2026-09-19,37,quantile,0.75,206.0
2026-08-29,wk inc covid hosp,3,2026-09-19,37,quantile,0.8,227.0
2026-08-29,wk inc covid hosp,3,2026-09-19,37,quantile,0.85,253.0
2026-08-29,wk inc covid hosp,3,2026-09-19,37,quantile,0.9,289.0
2026-08-29,wk inc covid hosp,3,2026-09-19,37,quantile,0.95,348.0
2026-08-29,wk inc covid hosp,3,2026-09-19,37,quantile,0.975,404.0
2026-08-29,wk inc covid hosp,3,2026-09-19,37,quantile,0.99,476.0
2026-08-29,wk inc covid hosp,3,2026-09-19,38,quantile,0.01,0.0
2026-08-29,wk inc covid hosp,3,2026-09-19,38,quantile,0.025,0.0
2026-08-29,wk inc covid hosp,3,2026-09-19,38,quantile,0.05,0.0
2026-08-29,wk inc covid hosp,3,2026-09-19,38,quantile,0.1,0.0
2026-08-29,wk inc covid hosp,3,2026-09-19,38,quantile,0.15,0.0
2026-08-29,wk inc covid hosp,3,2026-09-19,38,quantile,0.2,0.0
2026-08-29,wk inc covid hosp,3,2026-09-19,38,quantile,0.25,0.0
2026-08-29,wk inc covid hosp,3,2026-09-19,38,quantile,0.3,0.0
2026-08-29,wk inc covid hosp,3,2026-09-19,38,quantile,0.35,0.0
2026-08-29,wk inc covid hosp,3,2026-09-19,38,quantile,0.4,0.0
2026-08-29,wk inc covid hosp,3,2026-09-19,38,quantile,0.45,0.0
2026-08-29,wk inc covid hosp,3,2026-09-19,38,quantile,0.5,0.0
2026-08-29,wk inc covid hosp,3,2026-09-19,38,quantile,0.55,0.0
2026-08-29,wk inc covid hosp,3,2026-09-19,38,quantile,0.6,0.0
2026-08-29,wk inc covid hosp,3,2026-09-19,38,quantile,0.65,0.0
2026-08-29,wk inc covid hosp,3,2026-09-19,38,quantile,0.7,0.0
2026-08-29,wk inc covid hosp,3,2026-09-19,38,quantile,0.75,1.0
2026-08-29,wk inc covid hosp,3,2026-09-19,38,quantile,0.8,2.0
2026-08-29,wk inc covid hosp,3,2026-09-19,38,quantile,0.85,4.0
2026-08-29,wk inc covid hosp,3,2026-09-19,38,quantile,0.9,7.0
2026-08-29,wk inc covid hosp,3,2026-09-19,38,quantile,0.95,16.0
2026-08-29,wk inc covid hosp,3,2026-09-19,38,quantile,0.975,27.0
2026-08-29,wk inc covid hosp,3,2026-09-19,38,quantile,0.99,44.0
2026-08-29,wk inc covid hosp,3,2026-09-19,39,quantile,0.01,0.0
2026-08-29,wk inc covid hosp,3,2026-09-19,39,quantile,0.025,0.0
2026-08-29,wk inc covid hosp,3,2026-09-19,39,quantile,0.05,0.0
2026-08-29,wk inc covid hosp,3,2026-09-19,39,quantile,0.1,0.0
2026-08-29,wk inc covid hosp,3,2026-09-19,39,quantile,0.15,0.0
2026-08-29,wk inc covid hosp,3,2026-09-19,39,quantile,0.2,0.0
2026-08-29,wk inc covid hosp,3,2026-09-19,39,quantile,0.25,0.0
2026-08-29,wk inc covid hosp,3,2026-09-19,39,quantile,0.3,0.0
2026-08-29,wk inc covid hosp,3,2026-09-19,39,quantile,0.35,0.0
2026-08-29,wk inc covid hosp,3,2026-09-19,39,quantile,0.4,0.0
2026-08-29,wk inc covid hosp,3,2026-09-19,39,quantile,0.45,0.0
2026-08-29,wk inc covid hosp,3,2026-09-19,39,quantile,0.5,0.0
2026-08-29,wk inc covid hosp,3,2026-09-19,39,quantile,0.55,1.0
2026-08-29,wk inc covid hosp,3,2026-09-19,39,quantile,0.6,2.0
2026-08-29,wk inc covid hosp,3,2026-09-19,39,quantile,0.65,5.0
2026-08-29,wk inc covid hosp,3,2026-09-19,39,quantile,0.7,10.0
2026-08-29,wk inc covid hosp,3,2026-09-19,39,quantile,0.75,21.0
2026-08-29,wk inc covid hosp,3,2026-09-19,39,quantile,0.8,41.0
2026-08-29,wk inc covid hosp,3,2026-09-19,39,quantile,0.85,80.0
2026-08-29,wk inc covid hosp,3,2026-09-19,39,quantile,0.9,159.0
2026-08-29,wk inc covid hosp,3,2026-09-19,39,quantile,0.95,347.0
2026-08-29,wk inc covid hosp,3,2026-09-19,39,quantile,0.975,585.0
2026-08-29,wk inc covid hosp,3,2026-09-19,39,quantile,0.99,950.0
2026-08-29,wk inc covid hosp,3,2026-09-19,40,quantile,0.01,0.0
2026-08-29,wk inc covid hosp,3,2026-09-19,40,quantile,0.025,0.0
2026-08-29,wk inc covid hosp,3,2026-09-19,40,quantile,0.05,0.0
2026-08-29,wk inc covid hosp,3,2026-09-19,40,quantile,0.1,0.0
2026-08-29,wk inc covid hosp,3,2026-09-19,40,quantile,0.15,1.0
2026-08-29,wk inc covid hosp,3,2026-09-19,40,quantile,0.2,2.0
2026-08-29,wk inc covid hosp,3,2026-09-19,40,quantile,0.25,3.0
2026-08-29,wk inc covid hosp,3,2026-09-19,40,quantile,0.3,4.0
2026-08-29,wk inc covid hosp,3,2026-09-19,40,quantile,0.35,6.0
2026-08-29,wk inc covid hosp,3,2026-09-19,40,quantile,0.4,8.0
2026-08-29,wk inc covid hosp,3,2026-09-19,40,quantile,0.45,11.0
2026-08-29,wk inc covid hosp,3,2026-09-19,40,quantile,0.5,13.0
2026-08-29,wk inc covid hosp,3,2026-09-19,40,quantile,0.55,17.0
2026-08-29,wk inc covid hosp,3,2026-09-19,40,quantile,0.6,20.0
2026-08-29,wk inc covid hosp,3,2026-09-19,40,quantile,0.65,25.0
2026-08-29,wk inc covid hosp,3,2026-09-19,40,quantile,0.7,30.0
2026-08-29,wk inc covid hosp,3,2026-09-19,40,quantile,0.75,37.0
2026-08-29,wk inc covid hosp,3,2026-09-19,40,quantile,0.8,46.0
2026-08-29,wk inc covid hosp,3,2026-09-19,40,quantile,0.85,57.0
2026-08-29,wk inc covid hosp,3,2026-09-19,40,quantile,0.9,74.0
2026-08-29,wk inc covid hosp,3,2026-09-19,40,quantile,0.95,104.0
2026-08-29,wk inc covid hosp,3,2026-09-19,40,quantile,0.975,135.0
2026-08-29,wk inc covid hosp,3,2026-09-19,40,quantile,0.99,176.0
2026-08-29,wk inc covid hosp,3,2026-09-19,41,quantile,0.01,0.0
2026-08-29,wk inc covid hosp,3,2026-09-19,41,quantile,0.025,0.0
2026-08-29,wk inc covid hosp,3,2026-09-19,41,quantile,0.05,0.0
2026-08-29,wk inc covid hosp,3,2026-09-19,41,quantile,0.1,0.0
2026-08-29,wk inc covid hosp,3,2026-09-19,41,quantile,0.15,0.0
2026-08-29,wk inc covid hosp,3,2026-09-19,41,quantile,0.2,0.0
2026-08-29,wk inc covid hosp,3,2026-09-19,41,quantile,0.25,0.0
2026-08-29,wk inc covid hosp,3,2026-09-19,41,quantile,0.3,0.0
2026-08-29,wk inc covid hosp,3,2026-09-19,41,quantile,0.35,0.0
2026-08-29,wk inc covid hosp,3,2026-09-19,41,quantile,0.4,0.0
2026-08-29,wk inc covid hosp,3,2026-09-19,41,quantile,0.45,0.0
2026-08-29,wk inc covid hosp,3,2026-09-19,41,quantile,0.5,1.0
2026-08-29,wk inc covid hosp,3,2026-09-19,41,quantile,0.55,2.0
2026-08-29,wk inc covid hosp,3,2026-09-19,41,quantile,0.6,3.0
2026-08-29,wk inc covid hosp,3,2026-09-19,41,quantile,0.65,5.0
2026-08-29,wk inc covid hosp,3,2026-09-19,41,quantile,0.7,8.0
2026-08-29,wk inc covid hosp,3,2026-09-19,41,quantile,0.75,12.0
2026-08-29,wk inc covid hosp,3,2026-09-19,41,quantile,0.8,19.0
2026-08-29,wk inc covid hosp,3,2026-09-19,41,quantile,0.85,30.0
2026-08-29,wk inc covid hosp,3,2026-09-19,41,quantile,0.9,49.0
2026-08-29,wk inc covid hosp,3,2026-09-19,41,quantile,0.95,88.0
2026-08-29,wk inc covid hosp,3,2026-09-19,41,quantile,0.975,134.0
2026-08-29,wk inc covid hosp,3,2026-09-19,41,quantile,0.99,200.0
2026-08-29,wk inc covid hosp,3,2026-09-19,42,quantile,0.01,0.0
2026-08-29,wk inc covid hosp,3,2026-09-19,42,quantile,0.025,0.0
2026-08-29,wk inc covid hosp,3,2026-09-19,42,quantile,0.05,0.0
2026-08-29,wk inc covid hosp,3,2026-09-19,42,quantile,0.1,0.0
2026-08-29,wk inc covid hosp,3,2026-09-19,42,quantile,0.15,0.0
2026-08-29,wk inc covid hosp,3,2026-09-19,42,quantile,0.2,0.0
2026-08-29,wk inc covid hosp,3,2026-09-19,42,quantile,0.25,0.0
2026-08-29,wk inc covid hosp,3,2026-09-19,42,quantile,0.3,0.0
2026-08-29,wk inc covid hosp,3,2026-09-19,42,quantile,0.35,0.0
2026-08-29,wk inc covid hosp,3,2026-09-19,42,quantile,0.4,0.0
2026-08-29,wk inc covid hosp,3,2026-09-19,42,quantile,0.45,0.0
2026-08-29,wk inc covid hosp,3,2026-09-19,42,quantile,0.5,1.0
2026-08-29,wk inc covid hosp,3,2026-09-19,42,quantile,0.55,2.0
2026-08-29,wk inc covid hosp,3,2026-09-19,42,quantile,0.6,4.0
2026-08-29,wk inc covid hosp,3,2026-09-19,42,quantile,0.65,8.0
2026-08-29,wk inc covid hosp,3,2026-09-19,42,quantile,0.7,14.0
2026-08-29,wk inc covid hosp,3,2026-09-19,42,quantile,0.75,25.0
2026-08-29,wk inc covid hosp,3,2026-09-19,42,quantile,0.8,42.0
2026-08-29,wk inc covid hosp,3,2026-09-19,42,quantile,0.85,73.0
2026-08-29,wk inc covid hosp,3,2026-09-19,42,quantile,0.9,128.0
2026-08-29,wk inc covid hosp,3,2026-09-19,42,quantile,0.95,249.0
2026-08-29,wk inc covid hosp,3,2026-09-19,42,quantile,0.975,395.0
2026-08-29,wk inc covid hosp,3,2026-09-19,42,quantile,0.99,612.0
2026-08-29,wk inc covid hosp,3,2026-09-19,44,quantile,0.01,0.0
2026-08-29,wk inc covid hosp,3,2026-09-19,44,quantile,0.025,0.0
2026-08-29,wk inc covid hosp,3,2026-09-19,44,quantile,0.05,0.0
2026-08-29,wk inc covid hosp,3,2026-09-19,44,quantile,0.1,0.0
2026-08-29,wk inc covid hosp,3,2026-09-19,44,quantile,0.15,0.0
2026-08-29,wk inc covid hosp,3,2026-09-19,44,quantile,0.2,0.0
2026-08-29,wk inc covid hosp,3,2026-09-19,44,quantile,0.25,0.0
2026-08-29,wk inc covid hosp,3,2026-09-19,44,quantile,0.3,0.0
2026-08-29,wk inc covid hosp,3,2026-09-19,44,quantile,0.35,0.0
2026-08-29,wk inc covid hosp,3,2026-09-19,44,quantile,0.4,0.0
2026-08-29,wk inc covid hosp,3,2026-09-19,44,quantile,0.45,0.0
2026-08-29,wk inc covid hosp,3,2026-09-19,44,quantile,0.5,0.0
2026-08-29,wk inc covid hosp,3,2026-09-19,44,quantile,0.55,0.0
2026-08-29,wk inc covid hosp,3,2026-09-19,44,quantile,0.6,0.0
2026-08-29,wk inc covid hosp,3,2026-09-19,44,quantile,0.65,0.0
2026-08-29,wk inc covid hosp,3,2026-09-19,44,quantile,0.7,0.0
2026-08-29,wk inc covid hosp,3,2026-09-19,44,quantile,0.75,0.0
2026-08-29,wk inc covid hosp,3,2026-09-19,44,quantile,0.8,0.0
2026-08-29,wk inc covid hosp,3,2026-09-19,44,quantile,0.85,0.0
2026-08-29,wk inc covid hosp,3,2026-09-19,44,quantile,0.9,0.0
2026-08-29,wk inc covid hosp,3,2026-09-19,44,quantile,0.95,0.0
2026-08-29,wk inc covid hosp,3,2026-09-19,44,quantile,0.975,0.0
2026-08-29,wk inc covid hosp,3,2026-09-19,44,quantile,0.99,0.0
2026-08-29,wk inc covid hosp,3,2026-09-19,45,quantile,0.01,0.0
2026-08-29,wk inc covid hosp,3,2026-09-19,45,quantile,0.025,0.0
2026-08-29,wk inc covid hosp,3,2026-09-19,45,quantile,0.05,0.0
2026-08-29,wk inc covid hosp,3,2026-09-19,45,quantile,0.1,1.0
2026-08-29,wk inc covid hosp,3,2026-09-19,45,quantile,0.15,2.0
2026-08-29,wk inc covid hosp,3,2026-09-19,45,quantile,0.2,4.0
2026-08-29,wk inc covid hosp,3,2026-09-19,45,quantile,0.25,6.0
2026-08-29,wk inc covid hosp,3,2026-09-19,45,quantile,0.3,8.0
2026-08-29,wk inc covid hosp,3,2026-09-19,45,quantile,0.35,10.0
2026-08-29,wk inc covid hosp,3,2026-09-19,45,quantile,0.4,13.0
2026-08-29,wk inc covid hosp,3,2026-09-19,45,quantile,0.45,17.0
2026-08-29,wk inc covid hosp,3,2026-09-19,45,quantile,0.5,21.0
2026-08-29,wk inc covid hosp,3,2026-09-19,45,quantile,0.55,25.0
2026-08-29,wk inc covid hosp,3,2026-09-19,45,quantile,0.6,30.0
2026-08-29,wk inc covid hosp,3,2026-09-19,45,quantile,0.65,36.0
2026-08-29,wk inc covid hosp,3,2026-09-19,45,quantile,0.7,44.0
2026-08-29,wk inc covid hosp,3,2026-09-19,45,quantile,0.75,52.0
2026-08-29,wk inc covid hosp,3,2026-09-19,45,quantile,0.8,64.0
2026-08-29,wk inc covid hosp,3,2026-09-19,45,quantile,0.85,78.0
2026-08-29,wk inc covid hosp,3,2026-09-19,45,quantile,0.9,100.0
2026-08-29,wk inc covid hosp,3,2026-09-19,45,quantile,0.95,137.0
2026-08-29,wk inc covid hosp,3,2026-09-19,45,quantile,0.975,176.0
2026-08-29,wk inc covid hosp,3,2026-09-19,45,quantile,0.99,228.0
2026-08-29,wk inc covid hosp,3,2026-09-19,46,quantile,0.01,0.0
2026-08-29,wk inc covid hosp,3,2026-09-19,46,quantile,0.025,0.0
2026-08-29,wk inc covid hosp,3,2026-09-19,46,quantile,0.05,0.0
2026-08-29,wk inc covid hosp,3,2026-09-19,46,quantile,0.1,0.0
2026-08-29,wk inc covid hosp,3,2026-09-19,46,quantile,0.15,0.0
2026-08-29,wk inc covid hosp,3,2026-09-19,46,quantile,0.2,0.0
2026-08-29,wk inc covid hosp,3,2026-09-19,46,quantile,0.25,0.0
2026-08-29,wk inc covid hosp,3,2026-09-19,46,quantile,0.3,0.0
2026-08-29,wk inc covid hosp,3,2026-09-19,46,quantile,0.35,0.0
2026-08-29,wk inc covid hosp,3,2026-09-19,46,quantile,0.4,0.0
2026-08-29,wk inc covid hosp,3,2026-09-19,46,quantile,0.45,0.0
2026-08-29,wk inc covid hosp,3,2026-09-19,46,quantile,0.5,0.0
2026-08-29,wk inc covid hosp,3,2026-09-19,46,quantile,0.55,0.0
2026-08-29,wk inc covid hosp,3,2026-09-19,46,quantile,0.6,0.0
2026-08-29,wk inc covid hosp,3,2026-09-19,46,quantile,0.65,1.0
2026-08-29,wk inc covid hosp,3,2026-09-19,46,quantile,0.7,2.0
2026-08-29,wk inc covid hosp,3,2026-09-19,46,quantile,0.75,3.0
2026-08-29,wk inc covid hosp,3,2026-09-19,46,quantile,0.8,7.0
2026-08-29,wk inc covid hosp,3,2026-09-19,46,quantile,0.85,13.0
2026-08-29,wk inc covid hosp,3,2026-09-19,46,quantile,0.9,26.0
2026-08-29,wk inc covid hosp,3,2026-09-19,46,quantile,0.95,56.0
2026-08-29,wk inc covid hosp,3,2026-09-19,46,quantile,0.975,94.0
2026-08-29,wk inc covid hosp,3,2026-09-19,46,quantile,0.99,153.0
2026-08-29,wk inc covid hosp,3,2026-09-19,47,quantile,0.01,0.0
2026-08-29,wk inc covid hosp,3,2026-09-19,47,quantile,0.025,0.0
2026-08-29,wk inc covid hosp,3,2026-09-19,47,quantile,0.05,0.0
2026-08-29,wk inc covid hosp,3,2026-09-19,47,quantile,0.1,1.0
2026-08-29,wk inc covid hosp,3,2026-09-19,47,quantile,0.15,3.0
2026-08-29,wk inc covid hosp,3,2026-09-19,47,quantile,0.2,5.0
2026-08-29,wk inc covid hosp,3,2026-09-19,47,quantile,0.25,7.0
2026-08-29,wk inc covid hosp,3,2026-09-19,47,quantile,0.3,10.0
2026-08-29,wk inc covid hosp,3,2026-09-19,47,quantile,0.35,14.0
2026-08-29,wk inc covid hosp,3,2026-09-19,47,quantile,0.4,17.0
2026-08-29,wk inc covid hosp,3,2026-09-19,47,quantile,0.45,22.0
2026-08-29,wk inc covid hosp,3,2026-09-19,47,quantile,0.5,27.0
2026-08-29,wk inc covid hosp,3,2026-09-19,47,quantile,0.55,33.0
2026-08-29,wk inc covid hosp,3,2026-09-19,47,quantile,0.6,40.0
2026-08-29,wk inc covid hosp,3,2026-09-19,47,quantile,0.65,48.0
2026-08-29,wk inc covid hosp,3,2026-09-19,47,quantile,0.7,57.0
2026-08-29,wk inc covid hosp,3,2026-09-19,47,quantile,0.75,69.0
2026-08-29,wk inc covid hosp,3,2026-09-19,47,quantile,0.8,84.0
2026-08-29,wk inc covid hosp,3,2026-09-19,47,quantile,0.85,103.0
2026-08-29,wk inc covid hosp,3,2026-09-19,47,quantile,0.9,132.0
2026-08-29,wk inc covid hosp,3,2026-09-19,47,quantile,0.95,182.0
2026-08-29,wk inc covid hosp,3,2026-09-19,47,quantile,0.975,234.0
2026-08-29,wk inc covid hosp,3,2026-09-19,47,quantile,0.99,303.0
2026-08-29,wk inc covid hosp,3,2026-09-19,48,quantile,0.01,6.0
2026-08-29,wk inc covid hosp,3,2026-09-19,48,quantile,0.025,13.0
2026-08-29,wk inc covid hosp,3,2026-09-19,48,quantile,0.05,24.0
2026-08-29,wk inc covid hosp,3,2026-09-19,48,quantile,0.1,45.0
2026-08-29,wk inc covid hosp,3,2026-09-19,48,quantile,0.15,64.0
2026-08-29,wk inc covid hosp,3,2026-09-19,48,quantile,0.2,85.0
2026-08-29,wk inc covid hosp,3,2026-09-19,48,quantile,0.25,105.0
2026-08-29,wk inc covid hosp,3,2026-09-19,48,quantile,0.3,127.0
2026-08-29,wk inc covid hosp,3,2026-09-19,48,quantile,0.35,150.0
2026-08-29,wk inc covid hosp,3,2026-09-19,48,quantile,0.4,174.0
2026-08-29,wk inc covid hosp,3,2026-09-19,48,quantile,0.45,200.0
2026-08-29,wk inc covid hosp,3,2026-09-19,48,quantile,0.5,227.0
2026-08-29,wk inc covid hosp,3,2026-09-19,48,quantile,0.55,258.0
2026-08-29,wk inc covid hosp,3,2026-09-19,48,quantile,0.6,291.0
2026-08-29,wk inc covid hosp,3,2026-09-19,48,quantile,0.65,329.0
2026-08-29,wk inc covid hosp,3,2026-09-19,48,quantile,0.7,372.0
2026-08-29,wk inc covid hosp,3,2026-09-19,48,quantile,0.75,422.0
2026-08-29,wk inc covid hosp,3,2026-09-19,48,quantile,0.8,483.0
2026-08-29,wk inc covid hosp,3,2026-09-19,48,quantile,0.85,562.0
2026-08-29,wk inc covid hosp,3,2026-09-19,48,quantile,0.9,670.0
2026-08-29,wk inc covid hosp,3,2026-09-19,48,quantile,0.95,855.0
2026-08-29,wk inc covid hosp,3,2026-09-19,48,quantile,0.975,1037.0
2026-08-29,wk inc covid hosp,3,2026-09-19,48,quantile,0.99,1276.0
2026-08-29,wk inc covid hosp,3,2026-09-19,49,quantile,0.01,0.0
2026-08-29,wk inc covid hosp,3,2026-09-19,49,quantile,0.025,0.0
2026-08-29,wk inc covid hosp,3,2026-09-19,49,quantile,0.05,1.0
2026-08-29,wk inc covid hosp,3,2026-09-19,49,quantile,0.1,2.0
2026-08-29,wk inc covid hosp,3,2026-09-19,49,quantile,0.15,3.0
2026-08-29,wk inc covid hosp,3,2026-09-19,49,quantile,0.2,5.0
2026-08-29,wk inc covid hosp,3,2026-09-19,49,quantile,0.25,7.0
2026-08-29,wk inc covid hosp,3,2026-09-19,49,quantile,0.3,8.0
2026-08-29,wk inc covid hosp,3,2026-09-19,49,quantile,0.35,10.0
2026-08-29,wk inc covid hosp,3,2026-09-19,49,quantile,0.4,13.0
2026-08-29,wk inc covid hosp,3,2026-09-19,49,quantile,0.45,15.0
2026-08-29,wk inc covid hosp,3,2026-09-19,49,quantile,0.5,18.0
2026-08-29,wk inc covid hosp,3,2026-09-19,49,quantile,0.55,21.0
2026-08-29,wk inc covid hosp,3,2026-09-19,49,quantile,0.6,25.0
2026-08-29,wk inc covid hosp,3,2026-09-19,49,quantile,0.65,29.0
2026-08-29,wk inc covid hosp,3,2026-09-19,49,quantile,0.7,33.0
2026-08-29,wk inc covid hosp,3,2026-09-19,49,quantile,0.75,39.0
2026-08-29,wk inc covid hosp,3,2026-09-19,49,quantile,0.8,46.0
2026-08-29,wk inc covid hosp,3,2026-09-19,49,quantile,0.85,55.0
2026-08-29,wk inc covid hosp,3,2026-09-19,49,quantile,0.9,67.0
2026-08-29,wk inc covid hosp,3,2026-09-19,49,quantile,0.95,89.0
2026-08-29,wk inc covid hosp,3,2026-09-19,49,quantile,0.975,111.0
2026-08-29,wk inc covid hosp,3,2026-09-19,49,quantile,0.99,141.0
2026-08-29,wk inc covid hosp,3,2026-09-19,50,quantile,0.01,0.0
2026-08-29,wk inc covid hosp,3,2026-09-19,50,quantile,0.025,0.0
2026-08-29,wk inc covid hosp,3,2026-09-19,50,quantile,0.05,0.0
2026-08-29,wk inc covid hosp,3,2026-09-19,50,quantile,0.1,0.0
2026-08-29,wk inc covid hosp,3,2026-09-19,50,quantile,0.15,0.0
2026-08-29,wk inc covid hosp,3,2026-09-19,50,quantile,0.2,0.0
2026-08-29,wk inc covid hosp,3,2026-09-19,50,quantile,0.25,0.0
2026-08-29,wk inc covid hosp,3,2026-09-19,50,quantile,0.3,0.0
2026-08-29,wk inc covid hosp,3,2026-09-19,50,quantile,0.35,1.0
2026-08-29,wk inc covid hosp,3,2026-09-19,50,quantile,0.4,1.0
2026-08-29,wk inc covid hosp,3,2026-09-19,50,quantile,0.45,1.0
2026-08-29,wk inc covid hosp,3,2026-09-19,50,quantile,0.5,2.0
2026-08-29,wk inc covid hosp,3,2026-09-19,50,quantile,0.55,2.0
2026-08-29,wk inc covid hosp,3,2026-09-19,50,quantile,0.6,3.0
2026-08-29,wk inc covid hosp,3,2026-09-19,50,quantile,0.65,3.0
2026-08-29,wk inc covid hosp,3,2026-09-19,50,quantile,0.7,4.0
2026-08-29,wk inc covid hosp,3,2026-09-19,50,quantile,0.75,5.0
2026-08-29,wk inc covid hosp,3,2026-09-19,50,quantile,0.8,7.0
2026-08-29,wk inc covid hosp,3,2026-09-19,50,quantile,0.85,8.0
2026-08-29,wk inc covid hosp,3,2026-09-19,50,quantile,0.9,11.0
2026-08-29,wk inc covid hosp,3,2026-09-19,50,quantile,0.95,16.0
2026-08-29,wk inc covid hosp,3,2026-09-19,50,quantile,0.975,21.0
2026-08-29,wk inc covid hosp,3,2026-09-19,50,quantile,0.99,28.0
2026-08-29,wk inc covid hosp,3,2026-09-19,51,quantile,0.01,0.0
2026-08-29,wk inc covid hosp,3,2026-09-19,51,quantile,0.025,1.0
2026-08-29,wk inc covid hosp,3,2026-09-19,51,quantile,0.05,2.0
2026-08-29,wk inc covid hosp,3,2026-09-19,51,quantile,0.1,6.0
2026-08-29,wk inc covid hosp,3,2026-09-19,51,quantile,0.15,10.0
2026-08-29,wk inc covid hosp,3,2026-09-19,51,quantile,0.2,14.0
2026-08-29,wk inc covid hosp,3,2026-09-19,51,quantile,0.25,19.0
2026-08-29,wk inc covid hosp,3,2026-09-19,51,quantile,0.3,24.0
2026-08-29,wk inc covid hosp,3,2026-09-19,51,quantile,0.35,30.0
2026-08-29,wk inc covid hosp,3,2026-09-19,51,quantile,0.4,36.0
2026-08-29,wk inc covid hosp,3,2026-09-19,51,quantile,0.45,42.0
2026-08-29,wk inc covid hosp,3,2026-09-19,51,quantile,0.5,50.0
2026-08-29,wk inc covid hosp,3,2026-09-19,51,quantile,0.55,58.0
2026-08-29,wk inc covid hosp,3,2026-09-19,51,quantile,0.6,68.0
2026-08-29,wk inc covid hosp,3,2026-09-19,51,quantile,0.65,78.0
2026-08-29,wk inc covid hosp,3,2026-09-19,51,quantile,0.7,91.0
2026-08-29,wk inc covid hosp,3,2026-09-19,51,quantile,0.75,106.0
2026-08-29,wk inc covid hosp,3,2026-09-19,51,quantile,0.8,124.0
2026-08-29,wk inc covid hosp,3,2026-09-19,51,quantile,0.85,148.0
2026-08-29,wk inc covid hosp,3,2026-09-19,51,quantile,0.9,181.0
2026-08-29,wk inc covid hosp,3,2026-09-19,51,quantile,0.95,239.0
2026-08-29,wk inc covid hosp,3,2026-09-19,51,quantile,0.975,298.0
2026-08-29,wk inc covid hosp,3,2026-09-19,51,quantile,0.99,375.0
2026-08-29,wk inc covid hosp,3,2026-09-19,53,quantile,0.01,0.0
2026-08-29,wk inc covid hosp,3,2026-09-19,53,quantile,0.025,1.0
2026-08-29,wk inc covid hosp,3,2026-09-19,53,quantile,0.05,2.0
2026-08-29,wk inc covid hosp,3,2026-09-19,53,quantile,0.1,5.0
2026-08-29,wk inc covid hosp,3,2026-09-19,53,quantile,0.15,8.0
2026-08-29,wk inc covid hosp,3,2026-09-19,53,quantile,0.2,12.0
2026-08-29,wk inc covid hosp,3,2026-09-19,53,quantile,0.25,16.0
2026-08-29,wk inc covid hosp,3,2026-09-19,53,quantile,0.3,20.0
2026-08-29,wk inc covid hosp,3,2026-09-19,53,quantile,0.35,25.0
2026-08-29,wk inc covid hosp,3,2026-09-19,53,quantile,0.4,30.0
2026-08-29,wk inc covid hosp,3,2026-09-19,53,quantile,0.45,36.0
2026-08-29,wk inc covid hosp,3,2026-09-19,53,quantile,0.5,43.0
2026-08-29,wk inc covid hosp,3,2026-09-19,53,quantile,0.55,50.0
2026-08-29,wk inc covid hosp,3,2026-09-19,53,quantile,0.6,58.0
2026-08-29,wk inc covid hosp,3,2026-09-19,53,quantile,0.65,68.0
2026-08-29,wk inc covid hosp,3,2026-09-19,53,quantile,0.7,79.0
2026-08-29,wk inc covid hosp,3,2026-09-19,53,quantile,0.75,92.0
2026-08-29,wk inc covid hosp,3,2026-09-19,53,quantile,0.8,109.0
2026-08-29,wk inc covid hosp,3,2026-09-19,53,quantile,0.85,130.0
2026-08-29,wk inc covid hosp,3,2026-09-19,53,quantile,0.9,160.0
2026-08-29,wk inc covid hosp,3,2026-09-19,53,quantile,0.95,212.0
2026-08-29,wk inc covid hosp,3,2026-09-19,53,quantile,0.975,265.0
2026-08-29,wk inc covid hosp,3,2026-09-19,53,quantile,0.99,335.0
2026-08-29,wk inc covid hosp,3,2026-09-19,54,quantile,0.01,0.0
2026-08-29,wk inc covid hosp,3,2026-09-19,54,quantile,0.025,0.0
2026-08-29,wk inc covid hosp,3,2026-09-19,54,quantile,0.05,0.0
2026-08-29,wk inc covid hosp,3,2026-09-19,54,quantile,0.1,0.0
2026-08-29,wk inc covid hosp,3,2026-09-19,54,quantile,0.15,0.0
2026-08-29,wk inc covid hosp,3,2026-09-19,54,quantile,0.2,0.0
2026-08-29,wk inc covid hosp,3,2026-09-19,54,quantile,0.25,0.0
2026-08-29,wk inc covid hosp,3,2026-09-19,54,quantile,0.3,0.0
2026-08-29,wk inc covid hosp,3,2026-09-19,54,quantile,0.35,0.0
2026-08-29,wk inc covid hosp,3,2026-09-19,54,quantile,0.4,0.0
2026-08-29,wk inc covid hosp,3,2026-09-19,54,quantile,0.45,0.0
2026-08-29,wk inc covid hosp,3,2026-09-19,54,quantile,0.5,0.0
2026-08-29,wk inc covid hosp,3,2026-09-19,54,quantile,0.55,0.0
2026-08-29,wk inc covid hosp,3,2026-09-19,54,quantile,0.6,0.0
2026-08-29,wk inc covid hosp,3,2026-09-19,54,quantile,0.65,1.0
2026-08-29,wk inc covid hosp,3,2026-09-19,54,quantile,0.7,3.0
2026-08-29,wk inc covid hosp,3,2026-09-19,54,quantile,0.75,5.0
2026-08-29,wk inc covid hosp,3,2026-09-19,54,quantile,0.8,11.0
2026-08-29,wk inc covid hosp,3,2026-09-19,54,quantile,0.85,21.0
2026-08-29,wk inc covid hosp,3,2026-09-19,54,quantile,0.9,42.0
2026-08-29,wk inc covid hosp,3,2026-09-19,54,quantile,0.95,91.0
2026-08-29,wk inc covid hosp,3,2026-09-19,54,quantile,0.975,153.0
2026-08-29,wk inc covid hosp,3,2026-09-19,54,quantile,0.99,248.0
2026-08-29,wk inc covid hosp,3,2026-09-19,55,quantile,0.01,0.0
2026-08-29,wk inc covid hosp,3,2026-09-19,55,quantile,0.025,0.0
2026-08-29,wk inc covid hosp,3,2026-09-19,55,quantile,0.05,0.0
2026-08-29,wk inc covid hosp,3,2026-09-19,55,quantile,0.1,1.0
2026-08-29,wk inc covid hosp,3,2026-09-19,55,quantile,0.15,2.0
2026-08-29,wk inc covid hosp,3,2026-09-19,55,quantile,0.2,4.0
2026-08-29,wk inc covid hosp,3,2026-09-19,55,quantile,0.25,6.0
2026-08-29,wk inc covid hosp,3,2026-09-19,55,quantile,0.3,8.0
2026-08-29,wk inc covid hosp,3,2026-09-19,55,quantile,0.35,11.0
2026-08-29,wk inc covid hosp,3,2026-09-19,55,quantile,0.4,14.0
2026-08-29,wk inc covid hosp,3,2026-09-19,55,quantile,0.45,17.0
2026-08-29,wk inc covid hosp,3,2026-09-19,55,quantile,0.5,22.0
2026-08-29,wk inc covid hosp,3,2026-09-19,55,quantile,0.55,26.0
2026-08-29,wk inc covid hosp,3,2026-09-19,55,quantile,0.6,32.0
2026-08-29,wk inc covid hosp,3,2026-09-19,55,quantile,0.65,39.0
2026-08-29,wk inc covid hosp,3,2026-09-19,55,quantile,0.7,47.0
2026-08-29,wk inc covid hosp,3,2026-09-19,55,quantile,0.75,57.0
2026-08-29,wk inc covid hosp,3,2026-09-19,55,quantile,0.8,70.0
2026-08-29,wk inc covid hosp,3,2026-09-19,55,quantile,0.85,86.0
2026-08-29,wk inc covid hosp,3,2026-09-19,55,quantile,0.9,111.0
2026-08-29,wk inc covid hosp,3,2026-09-19,55,quantile,0.95,154.0
2026-08-29,wk inc covid hosp,3,2026-09-19,55,quantile,0.975,199.0
2026-08-29,wk inc covid hosp,3,2026-09-19,55,quantile,0.99,259.0
2026-08-29,wk inc covid hosp,3,2026-09-19,56,quantile,0.01,0.0
2026-08-29,wk inc covid hosp,3,2026-09-19,56,quantile,0.025,0.0
2026-08-29,wk inc covid hosp,3,2026-09-19,56,quantile,0.05,0.0
2026-08-29,wk inc covid hosp,3,2026-09-19,56,quantile,0.1,0.0
2026-08-29,wk inc covid hosp,3,2026-09-19,56,quantile,0.15,0.0
2026-08-29,wk inc covid hosp,3,2026-09-19,56,quantile,0.2,0.0
2026-08-29,wk inc covid hosp,3,2026-09-19,56,quantile,0.25,0.0
2026-08-29,wk inc covid hosp,3,2026-09-19,56,quantile,0.3,0.0
2026-08-29,wk inc covid hosp,3,2026-09-19,56,quantile,0.35,0.0
2026-08-29,wk inc covid hosp,3,2026-09-19,56,quantile,0.4,0.0
2026-08-29,wk inc covid hosp,3,2026-09-19,56,quantile,0.45,0.0
2026-08-29,wk inc covid hosp,3,2026-09-19,56,quantile,0.5,0.0
2026-08-29,wk inc covid hosp,3,2026-09-19,56,quantile,0.55,0.0
2026-08-29,wk inc covid hosp,3,2026-09-19,56,quantile,0.6,0.0
2026-08-29,wk inc covid hosp,3,2026-09-19,56,quantile,0.65,0.0
2026-08-29,wk inc covid hosp,3,2026-09-19,56,quantile,0.7,0.0
2026-08-29,wk inc covid hosp,3,2026-09-19,56,quantile,0.75,0.0
2026-08-29,wk inc covid hosp,3,2026-09-19,56,quantile,0.8,0.0
2026-08-29,wk inc covid hosp,3,2026-09-19,56,quantile,0.85,0.0
2026-08-29,wk inc covid hosp,3,2026-09-19,56,quantile,0.9,0.0
2026-08-29,wk inc covid hosp,3,2026-09-19,56,quantile,0.95,0.0
2026-08-29,wk inc covid hosp,3,2026-09-19,56,quantile,0.975,0.0
2026-08-29,wk inc covid hosp,3,2026-09-19,56,quantile,0.99,0.0
2026-08-29,wk inc covid hosp,3,2026-09-19,72,quantile,0.01,115.0
2026-08-29,wk inc covid hosp,3,2026-09-19,72,quantile,0.025,124.0
2026-08-29,wk inc covid hosp,3,2026-09-19,72,quantile,0.05,133.0
2026-08-29,wk inc covid hosp,3,2026-09-19,72,quantile,0.1,144.0
2026-08-29,wk inc covid hosp,3,2026-09-19,72,quantile,0.15,152.0
2026-08-29,wk inc covid hosp,3,2026-09-19,72,quantile,0.2,158.0
2026-08-29,wk inc covid hosp,3,2026-09-19,72,quantile,0.25,163.0
2026-08-29,wk inc covid hosp,3,2026-09-19,72,quantile,0.3,168.0
2026-08-29,wk inc covid hosp,3,2026-09-19,72,quantile,0.35,173.0
2026-08-29,wk inc covid hosp,3,2026-09-19,72,quantile,0.4,178.0
2026-08-29,wk inc covid hosp,3,2026-09-19,72,quantile,0.45,182.0
2026-08-29,wk inc covid hosp,3,2026-09-19,72,quantile,0.5,186.0
2026-08-29,wk inc covid hosp,3,2026-09-19,72,quantile,0.55,191.0
2026-08-29,wk inc covid hosp,3,2026-09-19,72,quantile,0.6,196.0
2026-08-29,wk inc covid hosp,3,2026-09-19,72,quantile,0.65,201.0
2026-08-29,wk inc covid hosp,3,2026-09-19,72,quantile,0.7,206.0
2026-08-29,wk inc covid hosp,3,2026-09-19,72,quantile,0.75,211.0
2026-08-29,wk inc covid hosp,3,2026-09-19,72,quantile,0.8,218.0
2026-08-29,wk inc covid hosp,3,2026-09-19,72,quantile,0.85,226.0
2026-08-29,wk inc covid hosp,3,2026-09-19,72,quantile,0.9,236.0
2026-08-29,wk inc covid hosp,3,2026-09-19,72,quantile,0.95,251.0
2026-08-29,wk inc covid hosp,3,2026-09-19,72,quantile,0.975,265.0
2026-08-29,wk inc covid hosp,3,2026-09-19,72,quantile,0.99,281.0
