reference_date,target,horizon,target_end_date,location,output_type,output_type_id,value
2026-08-29,wk inc covid hosp,0,2026-08-29,01,quantile,0.01,16.0
2026-08-29,wk inc covid hosp,0,2026-08-29,01,quantile,0.025,23.0
2026-08-29,wk inc covid hosp,0,2026-08-29,01,quantile,0.05,33.0
2026-08-29,wk inc covid hosp,0,2026-08-29,01,quantile,0.1,43.0
2026-08-29,wk inc covid hosp,0,2026-08-29,01,quantile,0.15,50.0
2026-08-29,wk inc covid hosp,0,2026-08-29,01,quantile,0.2,55.0
2026-08-29,wk inc covid hosp,0,2026-08-29,01,quantile,0.25,58.0
2026-08-29,wk inc covid hosp,0,2026-08-29,01,quantile,0.3,62.0
2026-08-29,wk inc covid hosp,0,2026-08-29,01,quantile,0.35,65.0
2026-08-29,wk inc covid hosp,0,2026-08-29,01,quantile,0.4,69.0
2026-08-29,wk inc covid hosp,0,2026-08-29,01,quantile,0.45,72.0
2026-08-29,wk inc covid hosp,0,2026-08-29,01,quantile,0.5,73.0
2026-08-29,wk inc covid hosp,0,2026-08-29,01,quantile,0.55,74.0
2026-08-29,wk inc covid hosp,0,2026-08-29,01,quantile,0.6,75.0
2026-08-29,wk inc covid hosp,0,2026-08-29,01,quantile,0.65,76.0
2026-08-29,wk inc covid hosp,0,2026-08-29,01,quantile,0.7,79.0
2026-08-29,wk inc covid hosp,0,2026-08-29,01,quantile,0.75,82.0
2026-08-29,wk inc covid hosp,0,2026-08-29,01,quantile,0.8,87.0
2026-08-29,wk inc covid hosp,0,2026-08-29,01,quantile,0.85,93.0
2026-08-29,wk inc covid hosp,0,2026-08-29,01,quantile,0.9,102.0
2026-08-29,wk inc covid hosp,0,2026-08-29,01,quantile,0.95,117.0
2026-08-29,wk inc covid hosp,0,2026-08-29,01,quantile,0.975,134.0
2026-08-29,wk inc covid hosp,0,2026-08-29,01,quantile,0.99,168.0
2026-08-29,wk inc covid hosp,0,2026-08-29,02,quantile,0.01,0.0
2026-08-29,wk inc covid hosp,0,2026-08-29,02,quantile,0.025,0.0
2026-08-29,wk inc covid hosp,0,2026-08-29,02,quantile,0.05,1.0
2026-08-29,wk inc covid hosp,0,2026-08-29,02,quantile,0.1,1.0
2026-08-29,wk inc covid hosp,0,2026-08-29,02,quantile,0.15,2.0
2026-08-29,wk inc covid hosp,0,2026-08-29,02,quantile,0.2,2.0
2026-08-29,wk inc covid hosp,0,2026-08-29,02,quantile,0.25,2.0
2026-08-29,wk inc covid hosp,0,2026-08-29,02,quantile,0.3,2.0
2026-08-29,wk inc covid hosp,0,2026-08-29,02,quantile,0.35,2.0
2026-08-29,wk inc covid hosp,0,2026-08-29,02,quantile,0.4,2.0
2026-08-29,wk inc covid hosp,0,2026-08-29,02,quantile,0.45,3.0
2026-08-29,wk inc covid hosp,0,2026-08-29,02,quantile,0.5,3.0
2026-08-29,wk inc covid hosp,0,2026-08-29,02,quantile,0.55,3.0
2026-08-29,wk inc covid hosp,0,2026-08-29,02,quantile,0.6,3.0
2026-08-29,wk inc covid hosp,0,2026-08-29,02,quantile,0.65,3.0
2026-08-29,wk inc covid hosp,0,2026-08-29,02,quantile,0.7,3.0
2026-08-29,wk inc covid hosp,0,2026-08-29,02,quantile,0.75,3.0
2026-08-29,wk inc covid hosp,0,2026-08-29,02,quantile,0.8,3.0
2026-08-29,wk inc covid hosp,0,2026-08-29,02,quantile,0.85,3.0
2026-08-29,wk inc covid hosp,0,2026-08-29,02,quantile,0.9,4.0
2026-08-29,wk inc covid hosp,0,2026-08-29,02,quantile,0.95,4.0
2026-08-29,wk inc covid hosp,0,2026-08-29,02,quantile,0.975,5.0
2026-08-29,wk inc covid hosp,0,2026-08-29,02,quantile,0.99,7.0
2026-08-29,wk inc covid hosp,0,2026-08-29,04,quantile,0.01,9.0
2026-08-29,wk inc covid hosp,0,2026-08-29,04,quantile,0.025,14.0
2026-08-29,wk inc covid hosp,0,2026-08-29,04,quantile,0.05,21.0
2026-08-29,wk inc covid hosp,0,2026-08-29,04,quantile,0.1,28.0
2026-08-29,wk inc covid hosp,0,2026-08-29,04,quantile,0.15,33.0
2026-08-29,wk inc covid hosp,0,2026-08-29,04,quantile,0.2,37.0
2026-08-29,wk inc covid hosp,0,2026-08-29,04,quantile,0.25,40.0
2026-08-29,wk inc covid hosp,0,2026-08-29,04,quantile,0.3,43.0
2026-08-29,wk inc covid hosp,0,2026-08-29,04,quantile,0.35,44.0
2026-08-29,wk inc covid hosp,0,2026-08-29,04,quantile,0.4,48.0
2026-08-29,wk inc covid hosp,0,2026-08-29,04,quantile,0.45,50.0
2026-08-29,wk inc covid hosp,0,2026-08-29,04,quantile,0.5,51.0
2026-08-29,wk inc covid hosp,0,2026-08-29,04,quantile,0.55,51.0
2026-08-29,wk inc covid hosp,0,2026-08-29,04,quantile,0.6,52.0
2026-08-29,wk inc covid hosp,0,2026-08-29,04,quantile,0.65,53.0
2026-08-29,wk inc covid hosp,0,2026-08-29,04,quantile,0.7,55.0
2026-08-29,wk inc covid hosp,0,2026-08-29,04,quantile,0.75,57.0
2026-08-29,wk inc covid hosp,0,2026-08-29,04,quantile,0.8,61.0
2026-08-29,wk inc covid hosp,0,2026-08-29,04,quantile,0.85,66.0
2026-08-29,wk inc covid hosp,0,2026-08-29,04,quantile,0.9,72.0
2026-08-29,wk inc covid hosp,0,2026-08-29,04,quantile,0.95,83.0
2026-08-29,wk inc covid hosp,0,2026-08-29,04,quantile,0.975,96.0
2026-08-29,wk inc covid hosp,0,2026-08-29,04,quantile,0.99,121.0
2026-08-29,wk inc covid hosp,0,2026-08-29,05,quantile,0.01,1.0
2026-08-29,wk inc covid hosp,0,2026-08-29,05,quantile,0.025,2.0
2026-08-29,wk inc covid hosp,0,2026-08-29,05,quantile,0.05,4.0
2026-08-29,wk inc covid hosp,0,2026-08-29,05,quantile,0.1,5.0
2026-08-29,wk inc covid hosp,0,2026-08-29,05,quantile,0.15,7.0
2026-08-29,wk inc covid hosp,0,2026-08-29,05,quantile,0.2,8.0
2026-08-29,wk inc covid hosp,0,2026-08-29,05,quantile,0.25,8.0
2026-08-29,wk inc covid hosp,0,2026-08-29,05,quantile,0.3,9.0
2026-08-29,wk inc covid hosp,0,2026-08-29,05,quantile,0.35,9.0
2026-08-29,wk inc covid hosp,0,2026-08-29,05,quantile,0.4,10.0
2026-08-29,wk inc covid hosp,0,2026-08-29,05,quantile,0.45,11.0
2026-08-29,wk inc covid hosp,0,2026-08-29,05,quantile,0.5,11.0
2026-08-29,wk inc covid hosp,0,2026-08-29,05,quantile,0.55,11.0
2026-08-29,wk inc covid hosp,0,2026-08-29,05,quantile,0.6,11.0
2026-08-29,wk inc covid hosp,0,2026-08-29,05,quantile,0.65,11.0
2026-08-29,wk inc covid hosp,0,2026-08-29,05,quantile,0.7,12.0
2026-08-29,wk inc covid hosp,0,2026-08-29,05,quantile,0.75,12.0
2026-08-29,wk inc covid hosp,0,2026-08-29,05,quantile,0.8,13.0
2026-08-29,wk inc covid hosp,0,2026-08-29,05,quantile,0.85,14.0
2026-08-29,wk inc covid hosp,0,2026-08-29,05,quantile,0.9,16.0
2026-08-29,wk inc covid hosp,0,2026-08-29,05,quantile,0.95,19.0
2026-08-29,wk inc covid hosp,0,2026-08-29,05,quantile,0.975,22.0
2026-08-29,wk inc covid hosp,0,2026-08-29,05,quantile,0.99,28.0
2026-08-29,wk inc covid hosp,0,2026-08-29,06,quantile,0.01,108.0
2026-08-29,wk inc covid hosp,0,2026-08-29,06,quantile,0.025,153.0
2026-08-29,wk inc covid hosp,0,2026-08-29,06,quantile,0.05,224.0
2026-08-29,wk inc covid hosp,0,2026-08-29,06,quantile,0.1,291.0
2026-08-29,wk inc covid hosp,0,2026-08-29,06,quantile,0.15,336.0
2026-08-29,wk inc covid hosp,0,2026-08-29,06,quantile,0.2,372.0
2026-08-29,wk inc covid hosp,0,2026-08-29,06,quantile,0.25,398.0
2026-08-29,wk inc covid hosp,0,2026-08-29,06,quantile,0.3,424.0
2026-08-29,wk inc covid hosp,0,2026-08-29,06,quantile,0.35,440.0
2026-08-29,wk inc covid hosp,0,2026-08-29,06,quantile,0.4,470.0
2026-08-29,wk inc covid hosp,0,2026-08-29,06,quantile,0.45,489.0
2026-08-29,wk inc covid hosp,0,2026-08-29,06,quantile,0.5,501.0
2026-08-29,wk inc covid hosp,0,2026-08-29,06,quantile,0.55,502.0
2026-08-29,wk inc covid hosp,0,2026-08-29,06,quantile,0.6,509.0
2026-08-29,wk inc covid hosp,0,2026-08-29,06,quantile,0.65,522.0
2026-08-29,wk inc covid hosp,0,2026-08-29,06,quantile,0.7,541.0
2026-08-29,wk inc covid hosp,0,2026-08-29,06,quantile,0.75,561.0
2026-08-29,wk inc covid hosp,0,2026-08-29,06,quantile,0.8,594.0
2026-08-29,wk inc covid hosp,0,2026-08-29,06,quantile,0.85,639.0
2026-08-29,wk inc covid hosp,0,2026-08-29,06,quantile,0.9,697.0
2026-08-29,wk inc covid hosp,0,2026-08-29,06,quantile,0.95,802.0
2026-08-29,wk inc covid hosp,0,2026-08-29,06,quantile,0.975,918.0
2026-08-29,wk inc covid hosp,0,2026-08-29,06,quantile,0.99,1152.0
2026-08-29,wk inc covid hosp,0,2026-08-29,08,quantile,0.01,2.0
2026-08-29,wk inc covid hosp,0,2026-08-29,08,quantile,0.025,5.0
2026-08-29,wk inc covid hosp,0,2026-08-29,08,quantile,0.05,8.0
2026-08-29,wk inc covid hosp,0,2026-08-29,08,quantile,0.1,12.0
2026-08-29,wk inc covid hosp,0,2026-08-29,08,quantile,0.15,15.0
2026-08-29,wk inc covid hosp,0,2026-08-29,08,quantile,0.2,16.0
2026-08-29,wk inc covid hosp,0,2026-08-29,08,quantile,0.25,18.0
2026-08-29,wk inc covid hosp,0,2026-08-29,08,quantile,0.3,19.0
2026-08-29,wk inc covid hosp,0,2026-08-29,08,quantile,0.35,20.0
2026-08-29,wk inc covid hosp,0,2026-08-29,08,quantile,0.4,22.0
2026-08-29,wk inc covid hosp,0,2026-08-29,08,quantile,0.45,23.0
2026-08-29,wk inc covid hosp,0,2026-08-29,08,quantile,0.5,23.0
2026-08-29,wk inc covid hosp,0,2026-08-29,08,quantile,0.55,23.0
2026-08-29,wk inc covid hosp,0,2026-08-29,08,quantile,0.6,24.0
2026-08-29,wk inc covid hosp,0,2026-08-29,08,quantile,0.65,25.0
2026-08-29,wk inc covid hosp,0,2026-08-29,08,quantile,0.7,26.0
2026-08-29,wk inc covid hosp,0,2026-08-29,08,quantile,0.75,27.0
2026-08-29,wk inc covid hosp,0,2026-08-29,08,quantile,0.8,28.0
2026-08-29,wk inc covid hosp,0,2026-08-29,08,quantile,0.85,31.0
2026-08-29,wk inc covid hosp,0,2026-08-29,08,quantile,0.9,34.0
2026-08-29,wk inc covid hosp,0,2026-08-29,08,quantile,0.95,40.0
2026-08-29,wk inc covid hosp,0,2026-08-29,08,quantile,0.975,46.0
2026-08-29,wk inc covid hosp,0,2026-08-29,08,quantile,0.99,59.0
2026-08-29,wk inc covid hosp,0,2026-08-29,09,quantile,0.01,0.0
2026-08-29,wk inc covid hosp,0,2026-08-29,09,quantile,0.025,2.0
2026-08-29,wk inc covid hosp,0,2026-08-29,09,quantile,0.05,4.0
2026-08-29,wk inc covid hosp,0,2026-08-29,09,quantile,0.1,6.0
2026-08-29,wk inc covid hosp,0,2026-08-29,09,quantile,0.15,7.0
2026-08-29,wk inc covid hosp,0,2026-08-29,09,quantile,0.2,8.0
2026-08-29,wk inc covid hosp,0,2026-08-29,09,quantile,0.25,8.0
2026-08-29,wk inc covid hosp,0,2026-08-29,09,quantile,0.3,9.0
2026-08-29,wk inc covid hosp,0,2026-08-29,09,quantile,0.35,10.0
2026-08-29,wk inc covid hosp,0,2026-08-29,09,quantile,0.4,10.0
2026-08-29,wk inc covid hosp,0,2026-08-29,09,quantile,0.45,11.0
2026-08-29,wk inc covid hosp,0,2026-08-29,09,quantile,0.5,11.0
2026-08-29,wk inc covid hosp,0,2026-08-29,09,quantile,0.55,11.0
2026-08-29,wk inc covid hosp,0,2026-08-29,09,quantile,0.6,12.0
2026-08-29,wk inc covid hosp,0,2026-08-29,09,quantile,0.65,12.0
2026-08-29,wk inc covid hosp,0,2026-08-29,09,quantile,0.7,12.0
2026-08-29,wk inc covid hosp,0,2026-08-29,09,quantile,0.75,13.0
2026-08-29,wk inc covid hosp,0,2026-08-29,09,quantile,0.8,14.0
2026-08-29,wk inc covid hosp,0,2026-08-29,09,quantile,0.85,15.0
2026-08-29,wk inc covid hosp,0,2026-08-29,09,quantile,0.9,17.0
2026-08-29,wk inc covid hosp,0,2026-08-29,09,quantile,0.95,20.0
2026-08-29,wk inc covid hosp,0,2026-08-29,09,quantile,0.975,23.0
2026-08-29,wk inc covid hosp,0,2026-08-29,09,quantile,0.99,29.0
2026-08-29,wk inc covid hosp,0,2026-08-29,10,quantile,0.01,0.0
2026-08-29,wk inc covid hosp,0,2026-08-29,10,quantile,0.025,0.0
2026-08-29,wk inc covid hosp,0,2026-08-29,10,quantile,0.05,1.0
2026-08-29,wk inc covid hosp,0,2026-08-29,10,quantile,0.1,1.0
2026-08-29,wk inc covid hosp,0,2026-08-29,10,quantile,0.15,2.0
2026-08-29,wk inc covid hosp,0,2026-08-29,10,quantile,0.2,2.0
2026-08-29,wk inc covid hosp,0,2026-08-29,10,quantile,0.25,2.0
2026-08-29,wk inc covid hosp,0,2026-08-29,10,quantile,0.3,2.0
2026-08-29,wk inc covid hosp,0,2026-08-29,10,quantile,0.35,2.0
2026-08-29,wk inc covid hosp,0,2026-08-29,10,quantile,0.4,3.0
2026-08-29,wk inc covid hosp,0,2026-08-29,10,quantile,0.45,3.0
2026-08-29,wk inc covid hosp,0,2026-08-29,10,quantile,0.5,3.0
2026-08-29,wk inc covid hosp,0,2026-08-29,10,quantile,0.55,3.0
2026-08-29,wk inc covid hosp,0,2026-08-29,10,quantile,0.6,3.0
2026-08-29,wk inc covid hosp,0,2026-08-29,10,quantile,0.65,3.0
2026-08-29,wk inc covid hosp,0,2026-08-29,10,quantile,0.7,3.0
2026-08-29,wk inc covid hosp,0,2026-08-29,10,quantile,0.75,3.0
2026-08-29,wk inc covid hosp,0,2026-08-29,10,quantile,0.8,3.0
2026-08-29,wk inc covid hosp,0,2026-08-29,10,quantile,0.85,4.0
2026-08-29,wk inc covid hosp,0,2026-08-29,10,quantile,0.9,4.0
2026-08-29,wk inc covid hosp,0,2026-08-29,10,quantile,0.95,5.0
2026-08-29,wk inc covid hosp,0,2026-08-29,10,quantile,0.975,6.0
2026-08-29,wk inc covid hosp,0,2026-08-29,10,quantile,0.99,7.0
2026-08-29,wk inc covid hosp,0,2026-08-29,11,quantile,0.01,0.0
2026-08-29,wk inc covid hosp,0,2026-08-29,11,quantile,0.025,1.0
2026-08-29,wk inc covid hosp,0,2026-08-29,11,quantile,0.05,1.0
2026-08-29,wk inc covid hosp,0,2026-08-29,11,quantile,0.1,2.0
2026-08-29,wk inc covid hosp,0,2026-08-29,11,quantile,0.15,2.0
2026-08-29,wk inc covid hosp,0,2026-08-29,11,quantile,0.2,3.0
2026-08-29,wk inc covid hosp,0,2026-08-29,11,quantile,0.25,3.0
2026-08-29,wk inc covid hosp,0,2026-08-29,11,quantile,0.3,3.0
2026-08-29,wk inc covid hosp,0,2026-08-29,11,quantile,0.35,3.0
2026-08-29,wk inc covid hosp,0,2026-08-29,11,quantile,0.4,3.0
2026-08-29,wk inc covid hosp,0,2026-08-29,11,quantile,0.45,4.0
2026-08-29,wk inc covid hosp,0,2026-08-29,11,quantile,0.5,4.0
2026-08-29,wk inc covid hosp,0,2026-08-29,11,quantile,0.55,4.0
2026-08-29,wk inc covid hosp,0,2026-08-29,11,quantile,0.6,4.0
2026-08-29,wk inc covid hosp,0,2026-08-29,11,quantile,0.65,4.0
2026-08-29,wk inc covid hosp,0,2026-08-29,11,quantile,0.7,4.0
2026-08-29,wk inc covid hosp,0,2026-08-29,11,quantile,0.75,4.0
2026-08-29,wk inc covid hosp,0,2026-08-29,11,quantile,0.8,4.0
2026-08-29,wk inc covid hosp,0,2026-08-29,11,quantile,0.85,5.0
2026-08-29,wk inc covid hosp,0,2026-08-29,11,quantile,0.9,5.0
2026-08-29,wk inc covid hosp,0,2026-08-29,11,quantile,0.95,6.0
2026-08-29,wk inc covid hosp,0,2026-08-29,11,quantile,0.975,7.0
2026-08-29,wk inc covid hosp,0,2026-08-29,11,quantile,0.99,9.0
2026-08-29,wk inc covid hosp,0,2026-08-29,12,quantile,0.01,81.0
2026-08-29,wk inc covid hosp,0,2026-08-29,12,quantile,0.025,113.0
2026-08-29,wk inc covid hosp,0,2026-08-29,12,quantile,0.05,161.0
2026-08-29,wk inc covid hosp,0,2026-08-29,12,quantile,0.1,208.0
2026-08-29,wk inc covid hosp,0,2026-08-29,12,quantile,0.15,240.0
2026-08-29,wk inc covid hosp,0,2026-08-29,12,quantile,0.2,265.0
2026-08-29,wk inc covid hosp,0,2026-08-29,12,quantile,0.25,282.0
2026-08-29,wk inc covid hosp,0,2026-08-29,12,quantile,0.3,301.0
2026-08-29,wk inc covid hosp,0,2026-08-29,12,quantile,0.35,312.0
2026-08-29,wk inc covid hosp,0,2026-08-29,12,quantile,0.4,332.0
2026-08-29,wk inc covid hosp,0,2026-08-29,12,quantile,0.45,346.0
2026-08-29,wk inc covid hosp,0,2026-08-29,12,quantile,0.5,354.0
2026-08-29,wk inc covid hosp,0,2026-08-29,12,quantile,0.55,355.0
2026-08-29,wk inc covid hosp,0,2026-08-29,12,quantile,0.6,359.0
2026-08-29,wk inc covid hosp,0,2026-08-29,12,quantile,0.65,368.0
2026-08-29,wk inc covid hosp,0,2026-08-29,12,quantile,0.7,382.0
2026-08-29,wk inc covid hosp,0,2026-08-29,12,quantile,0.75,396.0
2026-08-29,wk inc covid hosp,0,2026-08-29,12,quantile,0.8,419.0
2026-08-29,wk inc covid hosp,0,2026-08-29,12,quantile,0.85,450.0
2026-08-29,wk inc covid hosp,0,2026-08-29,12,quantile,0.9,490.0
2026-08-29,wk inc covid hosp,0,2026-08-29,12,quantile,0.95,563.0
2026-08-29,wk inc covid hosp,0,2026-08-29,12,quantile,0.975,644.0
2026-08-29,wk inc covid hosp,0,2026-08-29,12,quantile,0.99,807.0
2026-08-29,wk inc covid hosp,0,2026-08-29,13,quantile,0.01,18.0
2026-08-29,wk inc covid hosp,0,2026-08-29,13,quantile,0.025,27.0
2026-08-29,wk inc covid hosp,0,2026-08-29,13,quantile,0.05,41.0
2026-08-29,wk inc covid hosp,0,2026-08-29,13,quantile,0.1,54.0
2026-08-29,wk inc covid hosp,0,2026-08-29,13,quantile,0.15,62.0
2026-08-29,wk inc covid hosp,0,2026-08-29,13,quantile,0.2,69.0
2026-08-29,wk inc covid hosp,0,2026-08-29,13,quantile,0.25,74.0
2026-08-29,wk inc covid hosp,0,2026-08-29,13,quantile,0.3,80.0
2026-08-29,wk inc covid hosp,0,2026-08-29,13,quantile,0.35,83.0
2026-08-29,wk inc covid hosp,0,2026-08-29,13,quantile,0.4,88.0
2026-08-29,wk inc covid hosp,0,2026-08-29,13,quantile,0.45,92.0
2026-08-29,wk inc covid hosp,0,2026-08-29,13,quantile,0.5,94.0
2026-08-29,wk inc covid hosp,0,2026-08-29,13,quantile,0.55,95.0
2026-08-29,wk inc covid hosp,0,2026-08-29,13,quantile,0.6,96.0
2026-08-29,wk inc covid hosp,0,2026-08-29,13,quantile,0.65,98.0
2026-08-29,wk inc covid hosp,0,2026-08-29,13,quantile,0.7,102.0
2026-08-29,wk inc covid hosp,0,2026-08-29,13,quantile,0.75,106.0
2026-08-29,wk inc covid hosp,0,2026-08-29,13,quantile,0.8,113.0
2026-08-29,wk inc covid hosp,0,2026-08-29,13,quantile,0.85,121.0
2026-08-29,wk inc covid hosp,0,2026-08-29,13,quantile,0.9,133.0
2026-08-29,wk inc covid hosp,0,2026-08-29,13,quantile,0.95,153.0
2026-08-29,wk inc covid hosp,0,2026-08-29,13,quantile,0.975,176.0
2026-08-29,wk inc covid hosp,0,2026-08-29,13,quantile,0.99,221.0
2026-08-29,wk inc covid hosp,0,2026-08-29,15,quantile,0.01,4.0
2026-08-29,wk inc covid hosp,0,2026-08-29,15,quantile,0.025,6.0
2026-08-29,wk inc covid hosp,0,2026-08-29,15,quantile,0.05,8.0
2026-08-29,wk inc covid hosp,0,2026-08-29,15,quantile,0.1,10.0
2026-08-29,wk inc covid hosp,0,2026-08-29,15,quantile,0.15,12.0
2026-08-29,wk inc covid hosp,0,2026-08-29,15,quantile,0.2,13.0
2026-08-29,wk inc covid hosp,0,2026-08-29,15,quantile,0.25,14.0
2026-08-29,wk inc covid hosp,0,2026-08-29,15,quantile,0.3,15.0
2026-08-29,wk inc covid hosp,0,2026-08-29,15,quantile,0.35,16.0
2026-08-29,wk inc covid hosp,0,2026-08-29,15,quantile,0.4,17.0
2026-08-29,wk inc covid hosp,0,2026-08-29,15,quantile,0.45,18.0
2026-08-29,wk inc covid hosp,0,2026-08-29,15,quantile,0.5,18.0
2026-08-29,wk inc covid hosp,0,2026-08-29,15,quantile,0.55,18.0
2026-08-29,wk inc covid hosp,0,2026-08-29,15,quantile,0.6,18.0
2026-08-29,wk inc covid hosp,0,2026-08-29,15,quantile,0.65,19.0
2026-08-29,wk inc covid hosp,0,2026-08-29,15,quantile,0.7,19.0
2026-08-29,wk inc covid hosp,0,2026-08-29,15,quantile,0.75,20.0
2026-08-29,wk inc covid hosp,0,2026-08-29,15,quantile,0.8,21.0
2026-08-29,wk inc covid hosp,0,2026-08-29,15,quantile,0.85,23.0
2026-08-29,wk inc covid hosp,0,2026-08-29,15,quantile,0.9,25.0
2026-08-29,wk inc covid hosp,0,2026-08-29,15,quantile,0.95,29.0
2026-08-29,wk inc covid hosp,0,2026-08-29,15,quantile,0.975,33.0
2026-08-29,wk inc covid hosp,0,2026-08-29,15,quantile,0.99,41.0
2026-08-29,wk inc covid hosp,0,2026-08-29,16,quantile,0.01,0.0
2026-08-29,wk inc covid hosp,0,2026-08-29,16,quantile,0.025,0.0
2026-08-29,wk inc covid hosp,0,2026-08-29,16,quantile,0.05,1.0
2026-08-29,wk inc covid hosp,0,2026-08-29,16,quantile,0.1,2.0
2026-08-29,wk inc covid hosp,0,2026-08-29,16,quantile,0.15,2.0
2026-08-29,wk inc covid hosp,0,2026-08-29,16,quantile,0.2,3.0
2026-08-29,wk inc covid hosp,0,2026-08-29,16,quantile,0.25,3.0
2026-08-29,wk inc covid hosp,0,2026-08-29,16,quantile,0.3,3.0
2026-08-29,wk inc covid hosp,0,2026-08-29,16,quantile,0.35,4.0
2026-08-29,wk inc covid hosp,0,2026-08-29,16,quantile,0.4,4.0
2026-08-29,wk inc covid hosp,0,2026-08-29,16,quantile,0.45,4.0
2026-08-29,wk inc covid hosp,0,2026-08-29,16,quantile,0.5,4.0
2026-08-29,wk inc covid hosp,0,2026-08-29,16,quantile,0.55,4.0
2026-08-29,wk inc covid hosp,0,2026-08-29,16,quantile,0.6,4.0
2026-08-29,wk inc covid hosp,0,2026-08-29,16,quantile,0.65,5.0
2026-08-29,wk inc covid hosp,0,2026-08-29,16,quantile,0.7,5.0
2026-08-29,wk inc covid hosp,0,2026-08-29,16,quantile,0.75,5.0
2026-08-29,wk inc covid hosp,0,2026-08-29,16,quantile,0.8,5.0
2026-08-29,wk inc covid hosp,0,2026-08-29,16,quantile,0.85,6.0
2026-08-29,wk inc covid hosp,0,2026-08-29,16,quantile,0.9,6.0
2026-08-29,wk inc covid hosp,0,2026-08-29,16,quantile,0.95,8.0
2026-08-29,wk inc covid hosp,0,2026-08-29,16,quantile,0.975,9.0
2026-08-29,wk inc covid hosp,0,2026-08-29,16,quantile,0.99,12.0
2026-08-29,wk inc covid hosp,0,2026-08-29,17,quantile,0.01,1.0
2026-08-29,wk inc covid hosp,0,2026-08-29,17,quantile,0.025,5.0
2026-08-29,wk inc covid hosp,0,2026-08-29,17,quantile,0.05,11.0
2026-08-29,wk inc covid hosp,0,2026-08-29,17,quantile,0.1,18.0
2026-08-29,wk inc covid hosp,0,2026-08-29,17,quantile,0.15,22.0
2026-08-29,wk inc covid hosp,0,2026-08-29,17,quantile,0.2,25.0
2026-08-29,wk inc covid hosp,0,2026-08-29,17,quantile,0.25,27.0
2026-08-29,wk inc covid hosp,0,2026-08-29,17,quantile,0.3,30.0
2026-08-29,wk inc covid hosp,0,2026-08-29,17,quantile,0.35,31.0
2026-08-29,wk inc covid hosp,0,2026-08-29,17,quantile,0.4,34.0
2026-08-29,wk inc covid hosp,0,2026-08-29,17,quantile,0.45,36.0
2026-08-29,wk inc covid hosp,0,2026-08-29,17,quantile,0.5,37.0
2026-08-29,wk inc covid hosp,0,2026-08-29,17,quantile,0.55,37.0
2026-08-29,wk inc covid hosp,0,2026-08-29,17,quantile,0.6,38.0
2026-08-29,wk inc covid hosp,0,2026-08-29,17,quantile,0.65,39.0
2026-08-29,wk inc covid hosp,0,2026-08-29,17,quantile,0.7,40.0
2026-08-29,wk inc covid hosp,0,2026-08-29,17,quantile,0.75,42.0
2026-08-29,wk inc covid hosp,0,2026-08-29,17,quantile,0.8,45.0
2026-08-29,wk inc covid hosp,0,2026-08-29,17,quantile,0.85,49.0
2026-08-29,wk inc covid hosp,0,2026-08-29,17,quantile,0.9,55.0
2026-08-29,wk inc covid hosp,0,2026-08-29,17,quantile,0.95,64.0
2026-08-29,wk inc covid hosp,0,2026-08-29,17,quantile,0.975,75.0
2026-08-29,wk inc covid hosp,0,2026-08-29,17,quantile,0.99,96.0
2026-08-29,wk inc covid hosp,0,2026-08-29,18,quantile,0.01,0.0
2026-08-29,wk inc covid hosp,0,2026-08-29,18,quantile,0.025,2.0
2026-08-29,wk inc covid hosp,0,2026-08-29,18,quantile,0.05,6.0
2026-08-29,wk inc covid hosp,0,2026-08-29,18,quantile,0.1,9.0
2026-08-29,wk inc covid hosp,0,2026-08-29,18,quantile,0.15,11.0
2026-08-29,wk inc covid hosp,0,2026-08-29,18,quantile,0.2,13.0
2026-08-29,wk inc covid hosp,0,2026-08-29,18,quantile,0.25,14.0
2026-08-29,wk inc covid hosp,0,2026-08-29,18,quantile,0.3,15.0
2026-08-29,wk inc covid hosp,0,2026-08-29,18,quantile,0.35,16.0
2026-08-29,wk inc covid hosp,0,2026-08-29,18,quantile,0.4,17.0
2026-08-29,wk inc covid hosp,0,2026-08-29,18,quantile,0.45,18.0
2026-08-29,wk inc covid hosp,0,2026-08-29,18,quantile,0.5,19.0
2026-08-29,wk inc covid hosp,0,2026-08-29,18,quantile,0.55,19.0
2026-08-29,wk inc covid hosp,0,2026-08-29,18,quantile,0.6,19.0
2026-08-29,wk inc covid hosp,0,2026-08-29,18,quantile,0.65,20.0
2026-08-29,wk inc covid hosp,0,2026-08-29,18,quantile,0.7,20.0
2026-08-29,wk inc covid hosp,0,2026-08-29,18,quantile,0.75,21.0
2026-08-29,wk inc covid hosp,0,2026-08-29,18,quantile,0.8,23.0
2026-08-29,wk inc covid hosp,0,2026-08-29,18,quantile,0.85,25.0
2026-08-29,wk inc covid hosp,0,2026-08-29,18,quantile,0.9,28.0
2026-08-29,wk inc covid hosp,0,2026-08-29,18,quantile,0.95,33.0
2026-08-29,wk inc covid hosp,0,2026-08-29,18,quantile,0.975,38.0
2026-08-29,wk inc covid hosp,0,2026-08-29,18,quantile,0.99,49.0
2026-08-29,wk inc covid hosp,0,2026-08-29,19,quantile,0.01,0.0
2026-08-29,wk inc covid hosp,0,2026-08-29,19,quantile,0.025,0.0
2026-08-29,wk inc covid hosp,0,2026-08-29,19,quantile,0.05,1.0
2026-08-29,wk inc covid hosp,0,2026-08-29,19,quantile,0.1,2.0
2026-08-29,wk inc covid hosp,0,2026-08-29,19,quantile,0.15,3.0
2026-08-29,wk inc covid hosp,0,2026-08-29,19,quantile,0.2,3.0
2026-08-29,wk inc covid hosp,0,2026-08-29,19,quantile,0.25,4.0
2026-08-29,wk inc covid hosp,0,2026-08-29,19,quantile,0.3,4.0
2026-08-29,wk inc covid hosp,0,2026-08-29,19,quantile,0.35,4.0
2026-08-29,wk inc covid hosp,0,2026-08-29,19,quantile,0.4,5.0
2026-08-29,wk inc covid hosp,0,2026-08-29,19,quantile,0.45,5.0
2026-08-29,wk inc covid hosp,0,2026-08-29,19,quantile,0.5,5.0
2026-08-29,wk inc covid hosp,0,2026-08-29,19,quantile,0.55,5.0
2026-08-29,wk inc covid hosp,0,2026-08-29,19,quantile,0.6,5.0
2026-08-29,wk inc covid hosp,0,2026-08-29,19,quantile,0.65,6.0
2026-08-29,wk inc covid hosp,0,2026-08-29,19,quantile,0.7,6.0
2026-08-29,wk inc covid hosp,0,2026-08-29,19,quantile,0.75,6.0
2026-08-29,wk inc covid hosp,0,2026-08-29,19,quantile,0.8,7.0
2026-08-29,wk inc covid hosp,0,2026-08-29,19,quantile,0.85,7.0
2026-08-29,wk inc covid hosp,0,2026-08-29,19,quantile,0.9,8.0
2026-08-29,wk inc covid hosp,0,2026-08-29,19,quantile,0.95,10.0
2026-08-29,wk inc covid hosp,0,2026-08-29,19,quantile,0.975,12.0
2026-08-29,wk inc covid hosp,0,2026-08-29,19,quantile,0.99,15.0
2026-08-29,wk inc covid hosp,0,2026-08-29,20,quantile,0.01,0.0
2026-08-29,wk inc covid hosp,0,2026-08-29,20,quantile,0.025,1.0
2026-08-29,wk inc covid hosp,0,2026-08-29,20,quantile,0.05,2.0
2026-08-29,wk inc covid hosp,0,2026-08-29,20,quantile,0.1,3.0
2026-08-29,wk inc covid hosp,0,2026-08-29,20,quantile,0.15,4.0
2026-08-29,wk inc covid hosp,0,2026-08-29,20,quantile,0.2,5.0
2026-08-29,wk inc covid hosp,0,2026-08-29,20,quantile,0.25,5.0
2026-08-29,wk inc covid hosp,0,2026-08-29,20,quantile,0.3,6.0
2026-08-29,wk inc covid hosp,0,2026-08-29,20,quantile,0.35,6.0
2026-08-29,wk inc covid hosp,0,2026-08-29,20,quantile,0.4,7.0
2026-08-29,wk inc covid hosp,0,2026-08-29,20,quantile,0.45,7.0
2026-08-29,wk inc covid hosp,0,2026-08-29,20,quantile,0.5,7.0
2026-08-29,wk inc covid hosp,0,2026-08-29,20,quantile,0.55,7.0
2026-08-29,wk inc covid hosp,0,2026-08-29,20,quantile,0.6,7.0
2026-08-29,wk inc covid hosp,0,2026-08-29,20,quantile,0.65,8.0
2026-08-29,wk inc covid hosp,0,2026-08-29,20,quantile,0.7,8.0
2026-08-29,wk inc covid hosp,0,2026-08-29,20,quantile,0.75,8.0
2026-08-29,wk inc covid hosp,0,2026-08-29,20,quantile,0.8,9.0
2026-08-29,wk inc covid hosp,0,2026-08-29,20,quantile,0.85,10.0
2026-08-29,wk inc covid hosp,0,2026-08-29,20,quantile,0.9,11.0
2026-08-29,wk inc covid hosp,0,2026-08-29,20,quantile,0.95,13.0
2026-08-29,wk inc covid hosp,0,2026-08-29,20,quantile,0.975,15.0
2026-08-29,wk inc covid hosp,0,2026-08-29,20,quantile,0.99,20.0
2026-08-29,wk inc covid hosp,0,2026-08-29,21,quantile,0.01,1.0
2026-08-29,wk inc covid hosp,0,2026-08-29,21,quantile,0.025,2.0
2026-08-29,wk inc covid hosp,0,2026-08-29,21,quantile,0.05,5.0
2026-08-29,wk inc covid hosp,0,2026-08-29,21,quantile,0.1,7.0
2026-08-29,wk inc covid hosp,0,2026-08-29,21,quantile,0.15,8.0
2026-08-29,wk inc covid hosp,0,2026-08-29,21,quantile,0.2,10.0
2026-08-29,wk inc covid hosp,0,2026-08-29,21,quantile,0.25,10.0
2026-08-29,wk inc covid hosp,0,2026-08-29,21,quantile,0.3,11.0
2026-08-29,wk inc covid hosp,0,2026-08-29,21,quantile,0.35,12.0
2026-08-29,wk inc covid hosp,0,2026-08-29,21,quantile,0.4,13.0
2026-08-29,wk inc covid hosp,0,2026-08-29,21,quantile,0.45,14.0
2026-08-29,wk inc covid hosp,0,2026-08-29,21,quantile,0.5,14.0
2026-08-29,wk inc covid hosp,0,2026-08-29,21,quantile,0.55,14.0
2026-08-29,wk inc covid hosp,0,2026-08-29,21,quantile,0.6,14.0
2026-08-29,wk inc covid hosp,0,2026-08-29,21,quantile,0.65,15.0
2026-08-29,wk inc covid hosp,0,2026-08-29,21,quantile,0.7,15.0
2026-08-29,wk inc covid hosp,0,2026-08-29,21,quantile,0.75,16.0
2026-08-29,wk inc covid hosp,0,2026-08-29,21,quantile,0.8,17.0
2026-08-29,wk inc covid hosp,0,2026-08-29,21,quantile,0.85,19.0
2026-08-29,wk inc covid hosp,0,2026-08-29,21,quantile,0.9,21.0
2026-08-29,wk inc covid hosp,0,2026-08-29,21,quantile,0.95,24.0
2026-08-29,wk inc covid hosp,0,2026-08-29,21,quantile,0.975,28.0
2026-08-29,wk inc covid hosp,0,2026-08-29,21,quantile,0.99,36.0
2026-08-29,wk inc covid hosp,0,2026-08-29,22,quantile,0.01,16.0
2026-08-29,wk inc covid hosp,0,2026-08-29,22,quantile,0.025,22.0
2026-08-29,wk inc covid hosp,0,2026-08-29,22,quantile,0.05,32.0
2026-08-29,wk inc covid hosp,0,2026-08-29,22,quantile,0.1,41.0
2026-08-29,wk inc covid hosp,0,2026-08-29,22,quantile,0.15,47.0
2026-08-29,wk inc covid hosp,0,2026-08-29,22,quantile,0.2,52.0
2026-08-29,wk inc covid hosp,0,2026-08-29,22,quantile,0.25,56.0
2026-08-29,wk inc covid hosp,0,2026-08-29,22,quantile,0.3,59.0
2026-08-29,wk inc covid hosp,0,2026-08-29,22,quantile,0.35,62.0
2026-08-29,wk inc covid hosp,0,2026-08-29,22,quantile,0.4,66.0
2026-08-29,wk inc covid hosp,0,2026-08-29,22,quantile,0.45,68.0
2026-08-29,wk inc covid hosp,0,2026-08-29,22,quantile,0.5,70.0
2026-08-29,wk inc covid hosp,0,2026-08-29,22,quantile,0.55,70.0
2026-08-29,wk inc covid hosp,0,2026-08-29,22,quantile,0.6,71.0
2026-08-29,wk inc covid hosp,0,2026-08-29,22,quantile,0.65,73.0
2026-08-29,wk inc covid hosp,0,2026-08-29,22,quantile,0.7,75.0
2026-08-29,wk inc covid hosp,0,2026-08-29,22,quantile,0.75,78.0
2026-08-29,wk inc covid hosp,0,2026-08-29,22,quantile,0.8,83.0
2026-08-29,wk inc covid hosp,0,2026-08-29,22,quantile,0.85,89.0
2026-08-29,wk inc covid hosp,0,2026-08-29,22,quantile,0.9,97.0
2026-08-29,wk inc covid hosp,0,2026-08-29,22,quantile,0.95,111.0
2026-08-29,wk inc covid hosp,0,2026-08-29,22,quantile,0.975,127.0
2026-08-29,wk inc covid hosp,0,2026-08-29,22,quantile,0.99,160.0
2026-08-29,wk inc covid hosp,0,2026-08-29,23,quantile,0.01,0.0
2026-08-29,wk inc covid hosp,0,2026-08-29,23,quantile,0.025,0.0
2026-08-29,wk inc covid hosp,0,2026-08-29,23,quantile,0.05,0.0
2026-08-29,wk inc covid hosp,0,2026-08-29,23,quantile,0.1,0.0
2026-08-29,wk inc covid hosp,0,2026-08-29,23,quantile,0.15,1.0
2026-08-29,wk inc covid hosp,0,2026-08-29,23,quantile,0.2,1.0
2026-08-29,wk inc covid hosp,0,2026-08-29,23,quantile,0.25,1.0
2026-08-29,wk inc covid hosp,0,2026-08-29,23,quantile,0.3,1.0
2026-08-29,wk inc covid hosp,0,2026-08-29,23,quantile,0.35,1.0
2026-08-29,wk inc covid hosp,0,2026-08-29,23,quantile,0.4,1.0
2026-08-29,wk inc covid hosp,0,2026-08-29,23,quantile,0.45,1.0
2026-08-29,wk inc covid hosp,0,2026-08-29,23,quantile,0.5,1.0
2026-08-29,wk inc covid hosp,0,2026-08-29,23,quantile,0.55,1.0
2026-08-29,wk inc covid hosp,0,2026-08-29,23,quantile,0.6,1.0
2026-08-29,wk inc covid hosp,0,2026-08-29,23,quantile,0.65,1.0
2026-08-29,wk inc covid hosp,0,2026-08-29,23,quantile,0.7,2.0
2026-08-29,wk inc covid hosp,0,2026-08-29,23,quantile,0.75,2.0
2026-08-29,wk inc covid hosp,0,2026-08-29,23,quantile,0.8,2.0
2026-08-29,wk inc covid hosp,0,2026-08-29,23,quantile,0.85,2.0
2026-08-29,wk inc covid hosp,0,2026-08-29,23,quantile,0.9,2.0
2026-08-29,wk inc covid hosp,0,2026-08-29,23,quantile,0.95,3.0
2026-08-29,wk inc covid hosp,0,2026-08-29,23,quantile,0.975,3.0
2026-08-29,wk inc covid hosp,0,2026-08-29,23,quantile,0.99,5.0
2026-08-29,wk inc covid hosp,0,2026-08-29,24,quantile,0.01,0.0
2026-08-29,wk inc covid hosp,0,2026-08-29,24,quantile,0.025,1.0
2026-08-29,wk inc covid hosp,0,2026-08-29,24,quantile,0.05,3.0
2026-08-29,wk inc covid hosp,0,2026-08-29,24,quantile,0.1,6.0
2026-08-29,wk inc covid hosp,0,2026-08-29,24,quantile,0.15,7.0
2026-08-29,wk inc covid hosp,0,2026-08-29,24,quantile,0.2,8.0
2026-08-29,wk inc covid hosp,0,2026-08-29,24,quantile,0.25,9.0
2026-08-29,wk inc covid hosp,0,2026-08-29,24,quantile,0.3,10.0
2026-08-29,wk inc covid hosp,0,2026-08-29,24,quantile,0.35,11.0
2026-08-29,wk inc covid hosp,0,2026-08-29,24,quantile,0.4,12.0
2026-08-29,wk inc covid hosp,0,2026-08-29,24,quantile,0.45,13.0
2026-08-29,wk inc covid hosp,0,2026-08-29,24,quantile,0.5,13.0
2026-08-29,wk inc covid hosp,0,2026-08-29,24,quantile,0.55,13.0
2026-08-29,wk inc covid hosp,0,2026-08-29,24,quantile,0.6,13.0
2026-08-29,wk inc covid hosp,0,2026-08-29,24,quantile,0.65,14.0
2026-08-29,wk inc covid hosp,0,2026-08-29,24,quantile,0.7,14.0
2026-08-29,wk inc covid hosp,0,2026-08-29,24,quantile,0.75,15.0
2026-08-29,wk inc covid hosp,0,2026-08-29,24,quantile,0.8,16.0
2026-08-29,wk inc covid hosp,0,2026-08-29,24,quantile,0.85,18.0
2026-08-29,wk inc covid hosp,0,2026-08-29,24,quantile,0.9,20.0
2026-08-29,wk inc covid hosp,0,2026-08-29,24,quantile,0.95,24.0
2026-08-29,wk inc covid hosp,0,2026-08-29,24,quantile,0.975,28.0
2026-08-29,wk inc covid hosp,0,2026-08-29,24,quantile,0.99,36.0
2026-08-29,wk inc covid hosp,0,2026-08-29,25,quantile,0.01,1.0
2026-08-29,wk inc covid hosp,0,2026-08-29,25,quantile,0.025,4.0
2026-08-29,wk inc covid hosp,0,2026-08-29,25,quantile,0.05,8.0
2026-08-29,wk inc covid hosp,0,2026-08-29,25,quantile,0.1,12.0
2026-08-29,wk inc covid hosp,0,2026-08-29,25,quantile,0.15,15.0
2026-08-29,wk inc covid hosp,0,2026-08-29,25,quantile,0.2,17.0
2026-08-29,wk inc covid hosp,0,2026-08-29,25,quantile,0.25,18.0
2026-08-29,wk inc covid hosp,0,2026-08-29,25,quantile,0.3,19.0
2026-08-29,wk inc covid hosp,0,2026-08-29,25,quantile,0.35,20.0
2026-08-29,wk inc covid hosp,0,2026-08-29,25,quantile,0.4,22.0
2026-08-29,wk inc covid hosp,0,2026-08-29,25,quantile,0.45,23.0
2026-08-29,wk inc covid hosp,0,2026-08-29,25,quantile,0.5,24.0
2026-08-29,wk inc covid hosp,0,2026-08-29,25,quantile,0.55,24.0
2026-08-29,wk inc covid hosp,0,2026-08-29,25,quantile,0.6,24.0
2026-08-29,wk inc covid hosp,0,2026-08-29,25,quantile,0.65,25.0
2026-08-29,wk inc covid hosp,0,2026-08-29,25,quantile,0.7,26.0
2026-08-29,wk inc covid hosp,0,2026-08-29,25,quantile,0.75,27.0
2026-08-29,wk inc covid hosp,0,2026-08-29,25,quantile,0.8,29.0
2026-08-29,wk inc covid hosp,0,2026-08-29,25,quantile,0.85,32.0
2026-08-29,wk inc covid hosp,0,2026-08-29,25,quantile,0.9,35.0
2026-08-29,wk inc covid hosp,0,2026-08-29,25,quantile,0.95,41.0
2026-08-29,wk inc covid hosp,0,2026-08-29,25,quantile,0.975,48.0
2026-08-29,wk inc covid hosp,0,2026-08-29,25,quantile,0.99,61.0
2026-08-29,wk inc covid hosp,0,2026-08-29,26,quantile,0.01,11.0
2026-08-29,wk inc covid hosp,0,2026-08-29,26,quantile,0.025,17.0
2026-08-29,wk inc covid hosp,0,2026-08-29,26,quantile,0.05,27.0
2026-08-29,wk inc covid hosp,0,2026-08-29,26,quantile,0.1,36.0
2026-08-29,wk inc covid hosp,0,2026-08-29,26,quantile,0.15,43.0
2026-08-29,wk inc covid hosp,0,2026-08-29,26,quantile,0.2,48.0
2026-08-29,wk inc covid hosp,0,2026-08-29,26,quantile,0.25,51.0
2026-08-29,wk inc covid hosp,0,2026-08-29,26,quantile,0.3,55.0
2026-08-29,wk inc covid hosp,0,2026-08-29,26,quantile,0.35,57.0
2026-08-29,wk inc covid hosp,0,2026-08-29,26,quantile,0.4,61.0
2026-08-29,wk inc covid hosp,0,2026-08-29,26,quantile,0.45,64.0
2026-08-29,wk inc covid hosp,0,2026-08-29,26,quantile,0.5,66.0
2026-08-29,wk inc covid hosp,0,2026-08-29,26,quantile,0.55,66.0
2026-08-29,wk inc covid hosp,0,2026-08-29,26,quantile,0.6,67.0
2026-08-29,wk inc covid hosp,0,2026-08-29,26,quantile,0.65,69.0
2026-08-29,wk inc covid hosp,0,2026-08-29,26,quantile,0.7,71.0
2026-08-29,wk inc covid hosp,0,2026-08-29,26,quantile,0.75,74.0
2026-08-29,wk inc covid hosp,0,2026-08-29,26,quantile,0.8,79.0
2026-08-29,wk inc covid hosp,0,2026-08-29,26,quantile,0.85,85.0
2026-08-29,wk inc covid hosp,0,2026-08-29,26,quantile,0.9,93.0
2026-08-29,wk inc covid hosp,0,2026-08-29,26,quantile,0.95,108.0
2026-08-29,wk inc covid hosp,0,2026-08-29,26,quantile,0.975,124.0
2026-08-29,wk inc covid hosp,0,2026-08-29,26,quantile,0.99,157.0
2026-08-29,wk inc covid hosp,0,2026-08-29,27,quantile,0.01,0.0
2026-08-29,wk inc covid hosp,0,2026-08-29,27,quantile,0.025,0.0
2026-08-29,wk inc covid hosp,0,2026-08-29,27,quantile,0.05,3.0
2026-08-29,wk inc covid hosp,0,2026-08-29,27,quantile,0.1,5.0
2026-08-29,wk inc covid hosp,0,2026-08-29,27,quantile,0.15,6.0
2026-08-29,wk inc covid hosp,0,2026-08-29,27,quantile,0.2,7.0
2026-08-29,wk inc covid hosp,0,2026-08-29,27,quantile,0.25,8.0
2026-08-29,wk inc covid hosp,0,2026-08-29,27,quantile,0.3,9.0
2026-08-29,wk inc covid hosp,0,2026-08-29,27,quantile,0.35,9.0
2026-08-29,wk inc covid hosp,0,2026-08-29,27,quantile,0.4,10.0
2026-08-29,wk inc covid hosp,0,2026-08-29,27,quantile,0.45,11.0
2026-08-29,wk inc covid hosp,0,2026-08-29,27,quantile,0.5,11.0
2026-08-29,wk inc covid hosp,0,2026-08-29,27,quantile,0.55,11.0
2026-08-29,wk inc covid hosp,0,2026-08-29,27,quantile,0.6,11.0
2026-08-29,wk inc covid hosp,0,2026-08-29,27,quantile,0.65,12.0
2026-08-29,wk inc covid hosp,0,2026-08-29,27,quantile,0.7,12.0
2026-08-29,wk inc covid hosp,0,2026-08-29,27,quantile,0.75,13.0
2026-08-29,wk inc covid hosp,0,2026-08-29,27,quantile,0.8,14.0
2026-08-29,wk inc covid hosp,0,2026-08-29,27,quantile,0.85,15.0
2026-08-29,wk inc covid hosp,0,2026-08-29,27,quantile,0.9,17.0
2026-08-29,wk inc covid hosp,0,2026-08-29,27,quantile,0.95,20.0
2026-08-29,wk inc covid hosp,0,2026-08-29,27,quantile,0.975,24.0
2026-08-29,wk inc covid hosp,0,2026-08-29,27,quantile,0.99,31.0
2026-08-29,wk inc covid hosp,0,2026-08-29,28,quantile,0.01,8.0
2026-08-29,wk inc covid hosp,0,2026-08-29,28,quantile,0.025,12.0
2026-08-29,wk inc covid hosp,0,2026-08-29,28,quantile,0.05,17.0
2026-08-29,wk inc covid hosp,0,2026-08-29,28,quantile,0.1,23.0
2026-08-29,wk inc covid hosp,0,2026-08-29,28,quantile,0.15,26.0
2026-08-29,wk inc covid hosp,0,2026-08-29,28,quantile,0.2,29.0
2026-08-29,wk inc covid hosp,0,2026-08-29,28,quantile,0.25,31.0
2026-08-29,wk inc covid hosp,0,2026-08-29,28,quantile,0.3,33.0
2026-08-29,wk inc covid hosp,0,2026-08-29,28,quantile,0.35,34.0
2026-08-29,wk inc covid hosp,0,2026-08-29,28,quantile,0.4,37.0
2026-08-29,wk inc covid hosp,0,2026-08-29,28,quantile,0.45,38.0
2026-08-29,wk inc covid hosp,0,2026-08-29,28,quantile,0.5,39.0
2026-08-29,wk inc covid hosp,0,2026-08-29,28,quantile,0.55,39.0
2026-08-29,wk inc covid hosp,0,2026-08-29,28,quantile,0.6,40.0
2026-08-29,wk inc covid hosp,0,2026-08-29,28,quantile,0.65,41.0
2026-08-29,wk inc covid hosp,0,2026-08-29,28,quantile,0.7,42.0
2026-08-29,wk inc covid hosp,0,2026-08-29,28,quantile,0.75,44.0
2026-08-29,wk inc covid hosp,0,2026-08-29,28,quantile,0.8,46.0
2026-08-29,wk inc covid hosp,0,2026-08-29,28,quantile,0.85,50.0
2026-08-29,wk inc covid hosp,0,2026-08-29,28,quantile,0.9,54.0
2026-08-29,wk inc covid hosp,0,2026-08-29,28,quantile,0.95,62.0
2026-08-29,wk inc covid hosp,0,2026-08-29,28,quantile,0.975,71.0
2026-08-29,wk inc covid hosp,0,2026-08-29,28,quantile,0.99,90.0
2026-08-29,wk inc covid hosp,0,2026-08-29,29,quantile,0.01,0.0
2026-08-29,wk inc covid hosp,0,2026-08-29,29,quantile,0.025,2.0
2026-08-29,wk inc covid hosp,0,2026-08-29,29,quantile,0.05,6.0
2026-08-29,wk inc covid hosp,0,2026-08-29,29,quantile,0.1,9.0
2026-08-29,wk inc covid hosp,0,2026-08-29,29,quantile,0.15,11.0
2026-08-29,wk inc covid hosp,0,2026-08-29,29,quantile,0.2,13.0
2026-08-29,wk inc covid hosp,0,2026-08-29,29,quantile,0.25,14.0
2026-08-29,wk inc covid hosp,0,2026-08-29,29,quantile,0.3,15.0
2026-08-29,wk inc covid hosp,0,2026-08-29,29,quantile,0.35,16.0
2026-08-29,wk inc covid hosp,0,2026-08-29,29,quantile,0.4,17.0
2026-08-29,wk inc covid hosp,0,2026-08-29,29,quantile,0.45,18.0
2026-08-29,wk inc covid hosp,0,2026-08-29,29,quantile,0.5,19.0
2026-08-29,wk inc covid hosp,0,2026-08-29,29,quantile,0.55,19.0
2026-08-29,wk inc covid hosp,0,2026-08-29,29,quantile,0.6,19.0
2026-08-29,wk inc covid hosp,0,2026-08-29,29,quantile,0.65,20.0
2026-08-29,wk inc covid hosp,0,2026-08-29,29,quantile,0.7,21.0
2026-08-29,wk inc covid hosp,0,2026-08-29,29,quantile,0.75,21.0
2026-08-29,wk inc covid hosp,0,2026-08-29,29,quantile,0.8,23.0
2026-08-29,wk inc covid hosp,0,2026-08-29,29,quantile,0.85,25.0
2026-08-29,wk inc covid hosp,0,2026-08-29,29,quantile,0.9,28.0
2026-08-29,wk inc covid hosp,0,2026-08-29,29,quantile,0.95,33.0
2026-08-29,wk inc covid hosp,0,2026-08-29,29,quantile,0.975,38.0
2026-08-29,wk inc covid hosp,0,2026-08-29,29,quantile,0.99,49.0
2026-08-29,wk inc covid hosp,0,2026-08-29,30,quantile,0.01,0.0
2026-08-29,wk inc covid hosp,0,2026-08-29,30,quantile,0.025,0.0
2026-08-29,wk inc covid hosp,0,2026-08-29,30,quantile,0.05,0.0
2026-08-29,wk inc covid hosp,0,2026-08-29,30,quantile,0.1,1.0
2026-08-29,wk inc covid hosp,0,2026-08-29,30,quantile,0.15,1.0
2026-08-29,wk inc covid hosp,0,2026-08-29,30,quantile,0.2,1.0
2026-08-29,wk inc covid hosp,0,2026-08-29,30,quantile,0.25,2.0
2026-08-29,wk inc covid hosp,0,2026-08-29,30,quantile,0.3,2.0
2026-08-29,wk inc covid hosp,0,2026-08-29,30,quantile,0.35,2.0
2026-08-29,wk inc covid hosp,0,2026-08-29,30,quantile,0.4,2.0
2026-08-29,wk inc covid hosp,0,2026-08-29,30,quantile,0.45,2.0
2026-08-29,wk inc covid hosp,0,2026-08-29,30,quantile,0.5,2.0
2026-08-29,wk inc covid hosp,0,2026-08-29,30,quantile,0.55,2.0
2026-08-29,wk inc covid hosp,0,2026-08-29,30,quantile,0.6,2.0
2026-08-29,wk inc covid hosp,0,2026-08-29,30,quantile,0.65,2.0
2026-08-29,wk inc covid hosp,0,2026-08-29,30,quantile,0.7,2.0
2026-08-29,wk inc covid hosp,0,2026-08-29,30,quantile,0.75,2.0
2026-08-29,wk inc covid hosp,0,2026-08-29,30,quantile,0.8,3.0
2026-08-29,wk inc covid hosp,0,2026-08-29,30,quantile,0.85,3.0
2026-08-29,wk inc covid hosp,0,2026-08-29,30,quantile,0.9,3.0
2026-08-29,wk inc covid hosp,0,2026-08-29,30,quantile,0.95,4.0
2026-08-29,wk inc covid hosp,0,2026-08-29,30,quantile,0.975,5.0
2026-08-29,wk inc covid hosp,0,2026-08-29,30,quantile,0.99,6.0
2026-08-29,wk inc covid hosp,0,2026-08-29,31,quantile,0.01,0.0
2026-08-29,wk inc covid hosp,0,2026-08-29,31,quantile,0.025,0.0
2026-08-29,wk inc covid hosp,0,2026-08-29,31,quantile,0.05,1.0
2026-08-29,wk inc covid hosp,0,2026-08-29,31,quantile,0.1,1.0
2026-08-29,wk inc covid hosp,0,2026-08-29,31,quantile,0.15,2.0
2026-08-29,wk inc covid hosp,0,2026-08-29,31,quantile,0.2,2.0
2026-08-29,wk inc covid hosp,0,2026-08-29,31,quantile,0.25,2.0
2026-08-29,wk inc covid hosp,0,2026-08-29,31,quantile,0.3,3.0
2026-08-29,wk inc covid hosp,0,2026-08-29,31,quantile,0.35,3.0
2026-08-29,wk inc covid hosp,0,2026-08-29,31,quantile,0.4,3.0
2026-08-29,wk inc covid hosp,0,2026-08-29,31,quantile,0.45,3.0
2026-08-29,wk inc covid hosp,0,2026-08-29,31,quantile,0.5,3.0
2026-08-29,wk inc covid hosp,0,2026-08-29,31,quantile,0.55,3.0
2026-08-29,wk inc covid hosp,0,2026-08-29,31,quantile,0.6,3.0
2026-08-29,wk inc covid hosp,0,2026-08-29,31,quantile,0.65,4.0
2026-08-29,wk inc covid hosp,0,2026-08-29,31,quantile,0.7,4.0
2026-08-29,wk inc covid hosp,0,2026-08-29,31,quantile,0.75,4.0
2026-08-29,wk inc covid hosp,0,2026-08-29,31,quantile,0.8,4.0
2026-08-29,wk inc covid hosp,0,2026-08-29,31,quantile,0.85,5.0
2026-08-29,wk inc covid hosp,0,2026-08-29,31,quantile,0.9,5.0
2026-08-29,wk inc covid hosp,0,2026-08-29,31,quantile,0.95,6.0
2026-08-29,wk inc covid hosp,0,2026-08-29,31,quantile,0.975,7.0
2026-08-29,wk inc covid hosp,0,2026-08-29,31,quantile,0.99,10.0
2026-08-29,wk inc covid hosp,0,2026-08-29,32,quantile,0.01,2.0
2026-08-29,wk inc covid hosp,0,2026-08-29,32,quantile,0.025,4.0
2026-08-29,wk inc covid hosp,0,2026-08-29,32,quantile,0.05,6.0
2026-08-29,wk inc covid hosp,0,2026-08-29,32,quantile,0.1,8.0
2026-08-29,wk inc covid hosp,0,2026-08-29,32,quantile,0.15,10.0
2026-08-29,wk inc covid hosp,0,2026-08-29,32,quantile,0.2,11.0
2026-08-29,wk inc covid hosp,0,2026-08-29,32,quantile,0.25,12.0
2026-08-29,wk inc covid hosp,0,2026-08-29,32,quantile,0.3,13.0
2026-08-29,wk inc covid hosp,0,2026-08-29,32,quantile,0.35,13.0
2026-08-29,wk inc covid hosp,0,2026-08-29,32,quantile,0.4,14.0
2026-08-29,wk inc covid hosp,0,2026-08-29,32,quantile,0.45,15.0
2026-08-29,wk inc covid hosp,0,2026-08-29,32,quantile,0.5,15.0
2026-08-29,wk inc covid hosp,0,2026-08-29,32,quantile,0.55,16.0
2026-08-29,wk inc covid hosp,0,2026-08-29,32,quantile,0.6,16.0
2026-08-29,wk inc covid hosp,0,2026-08-29,32,quantile,0.65,16.0
2026-08-29,wk inc covid hosp,0,2026-08-29,32,quantile,0.7,17.0
2026-08-29,wk inc covid hosp,0,2026-08-29,32,quantile,0.75,18.0
2026-08-29,wk inc covid hosp,0,2026-08-29,32,quantile,0.8,19.0
2026-08-29,wk inc covid hosp,0,2026-08-29,32,quantile,0.85,20.0
2026-08-29,wk inc covid hosp,0,2026-08-29,32,quantile,0.9,22.0
2026-08-29,wk inc covid hosp,0,2026-08-29,32,quantile,0.95,26.0
2026-08-29,wk inc covid hosp,0,2026-08-29,32,quantile,0.975,30.0
2026-08-29,wk inc covid hosp,0,2026-08-29,32,quantile,0.99,38.0
2026-08-29,wk inc covid hosp,0,2026-08-29,33,quantile,0.01,0.0
2026-08-29,wk inc covid hosp,0,2026-08-29,33,quantile,0.025,1.0
2026-08-29,wk inc covid hosp,0,2026-08-29,33,quantile,0.05,2.0
2026-08-29,wk inc covid hosp,0,2026-08-29,33,quantile,0.1,3.0
2026-08-29,wk inc covid hosp,0,2026-08-29,33,quantile,0.15,3.0
2026-08-29,wk inc covid hosp,0,2026-08-29,33,quantile,0.2,4.0
2026-08-29,wk inc covid hosp,0,2026-08-29,33,quantile,0.25,4.0
2026-08-29,wk inc covid hosp,0,2026-08-29,33,quantile,0.3,4.0
2026-08-29,wk inc covid hosp,0,2026-08-29,33,quantile,0.35,4.0
2026-08-29,wk inc covid hosp,0,2026-08-29,33,quantile,0.4,5.0
2026-08-29,wk inc covid hosp,0,2026-08-29,33,quantile,0.45,5.0
2026-08-29,wk inc covid hosp,0,2026-08-29,33,quantile,0.5,5.0
2026-08-29,wk inc covid hosp,0,2026-08-29,33,quantile,0.55,5.0
2026-08-29,wk inc covid hosp,0,2026-08-29,33,quantile,0.6,5.0
2026-08-29,wk inc covid hosp,0,2026-08-29,33,quantile,0.65,5.0
2026-08-29,wk inc covid hosp,0,2026-08-29,33,quantile,0.7,6.0
2026-08-29,wk inc covid hosp,0,2026-08-29,33,quantile,0.75,6.0
2026-08-29,wk inc covid hosp,0,2026-08-29,33,quantile,0.8,6.0
2026-08-29,wk inc covid hosp,0,2026-08-29,33,quantile,0.85,7.0
2026-08-29,wk inc covid hosp,0,2026-08-29,33,quantile,0.9,8.0
2026-08-29,wk inc covid hosp,0,2026-08-29,33,quantile,0.95,9.0
2026-08-29,wk inc covid hosp,0,2026-08-29,33,quantile,0.975,10.0
2026-08-29,wk inc covid hosp,0,2026-08-29,33,quantile,0.99,13.0
2026-08-29,wk inc covid hosp,0,2026-08-29,34,quantile,0.01,14.0
2026-08-29,wk inc covid hosp,0,2026-08-29,34,quantile,0.025,21.0
2026-08-29,wk inc covid hosp,0,2026-08-29,34,quantile,0.05,32.0
2026-08-29,wk inc covid hosp,0,2026-08-29,34,quantile,0.1,42.0
2026-08-29,wk inc covid hosp,0,2026-08-29,34,quantile,0.15,49.0
2026-08-29,wk inc covid hosp,0,2026-08-29,34,quantile,0.2,55.0
2026-08-29,wk inc covid hosp,0,2026-08-29,34,quantile,0.25,59.0
2026-08-29,wk inc covid hosp,0,2026-08-29,34,quantile,0.3,63.0
2026-08-29,wk inc covid hosp,0,2026-08-29,34,quantile,0.35,66.0
2026-08-29,wk inc covid hosp,0,2026-08-29,34,quantile,0.4,70.0
2026-08-29,wk inc covid hosp,0,2026-08-29,34,quantile,0.45,73.0
2026-08-29,wk inc covid hosp,0,2026-08-29,34,quantile,0.5,75.0
2026-08-29,wk inc covid hosp,0,2026-08-29,34,quantile,0.55,75.0
2026-08-29,wk inc covid hosp,0,2026-08-29,34,quantile,0.6,76.0
2026-08-29,wk inc covid hosp,0,2026-08-29,34,quantile,0.65,78.0
2026-08-29,wk inc covid hosp,0,2026-08-29,34,quantile,0.7,81.0
2026-08-29,wk inc covid hosp,0,2026-08-29,34,quantile,0.75,84.0
2026-08-29,wk inc covid hosp,0,2026-08-29,34,quantile,0.8,89.0
2026-08-29,wk inc covid hosp,0,2026-08-29,34,quantile,0.85,96.0
2026-08-29,wk inc covid hosp,0,2026-08-29,34,quantile,0.9,105.0
2026-08-29,wk inc covid hosp,0,2026-08-29,34,quantile,0.95,122.0
2026-08-29,wk inc covid hosp,0,2026-08-29,34,quantile,0.975,140.0
2026-08-29,wk inc covid hosp,0,2026-08-29,34,quantile,0.99,176.0
2026-08-29,wk inc covid hosp,0,2026-08-29,35,quantile,0.01,1.0
2026-08-29,wk inc covid hosp,0,2026-08-29,35,quantile,0.025,2.0
2026-08-29,wk inc covid hosp,0,2026-08-29,35,quantile,0.05,3.0
2026-08-29,wk inc covid hosp,0,2026-08-29,35,quantile,0.1,4.0
2026-08-29,wk inc covid hosp,0,2026-08-29,35,quantile,0.15,5.0
2026-08-29,wk inc covid hosp,0,2026-08-29,35,quantile,0.2,6.0
2026-08-29,wk inc covid hosp,0,2026-08-29,35,quantile,0.25,6.0
2026-08-29,wk inc covid hosp,0,2026-08-29,35,quantile,0.3,7.0
2026-08-29,wk inc covid hosp,0,2026-08-29,35,quantile,0.35,7.0
2026-08-29,wk inc covid hosp,0,2026-08-29,35,quantile,0.4,8.0
2026-08-29,wk inc covid hosp,0,2026-08-29,35,quantile,0.45,8.0
2026-08-29,wk inc covid hosp,0,2026-08-29,35,quantile,0.5,8.0
2026-08-29,wk inc covid hosp,0,2026-08-29,35,quantile,0.55,8.0
2026-08-29,wk inc covid hosp,0,2026-08-29,35,quantile,0.6,8.0
2026-08-29,wk inc covid hosp,0,2026-08-29,35,quantile,0.65,9.0
2026-08-29,wk inc covid hosp,0,2026-08-29,35,quantile,0.7,9.0
2026-08-29,wk inc covid hosp,0,2026-08-29,35,quantile,0.75,9.0
2026-08-29,wk inc covid hosp,0,2026-08-29,35,quantile,0.8,10.0
2026-08-29,wk inc covid hosp,0,2026-08-29,35,quantile,0.85,11.0
2026-08-29,wk inc covid hosp,0,2026-08-29,35,quantile,0.9,12.0
2026-08-29,wk inc covid hosp,0,2026-08-29,35,quantile,0.95,14.0
2026-08-29,wk inc covid hosp,0,2026-08-29,35,quantile,0.975,16.0
2026-08-29,wk inc covid hosp,0,2026-08-29,35,quantile,0.99,21.0
2026-08-29,wk inc covid hosp,0,2026-08-29,36,quantile,0.01,23.0
2026-08-29,wk inc covid hosp,0,2026-08-29,36,quantile,0.025,36.0
2026-08-29,wk inc covid hosp,0,2026-08-29,36,quantile,0.05,57.0
2026-08-29,wk inc covid hosp,0,2026-08-29,36,quantile,0.1,76.0
2026-08-29,wk inc covid hosp,0,2026-08-29,36,quantile,0.15,89.0
2026-08-29,wk inc covid hosp,0,2026-08-29,36,quantile,0.2,99.0
2026-08-29,wk inc covid hosp,0,2026-08-29,36,quantile,0.25,107.0
2026-08-29,wk inc covid hosp,0,2026-08-29,36,quantile,0.3,114.0
2026-08-29,wk inc covid hosp,0,2026-08-29,36,quantile,0.35,119.0
2026-08-29,wk inc covid hosp,0,2026-08-29,36,quantile,0.4,127.0
2026-08-29,wk inc covid hosp,0,2026-08-29,36,quantile,0.45,133.0
2026-08-29,wk inc covid hosp,0,2026-08-29,36,quantile,0.5,136.0
2026-08-29,wk inc covid hosp,0,2026-08-29,36,quantile,0.55,137.0
2026-08-29,wk inc covid hosp,0,2026-08-29,36,quantile,0.6,139.0
2026-08-29,wk inc covid hosp,0,2026-08-29,36,quantile,0.65,142.0
2026-08-29,wk inc covid hosp,0,2026-08-29,36,quantile,0.7,148.0
2026-08-29,wk inc covid hosp,0,2026-08-29,36,quantile,0.75,154.0
2026-08-29,wk inc covid hosp,0,2026-08-29,36,quantile,0.8,163.0
2026-08-29,wk inc covid hosp,0,2026-08-29,36,quantile,0.85,176.0
2026-08-29,wk inc covid hosp,0,2026-08-29,36,quantile,0.9,193.0
2026-08-29,wk inc covid hosp,0,2026-08-29,36,quantile,0.95,223.0
2026-08-29,wk inc covid hosp,0,2026-08-29,36,quantile,0.975,257.0
2026-08-29,wk inc covid hosp,0,2026-08-29,36,quantile,0.99,325.0
2026-08-29,wk inc covid hosp,0,2026-08-29,37,quantile,0.01,29.0
2026-08-29,wk inc covid hosp,0,2026-08-29,37,quantile,0.025,42.0
2026-08-29,wk inc covid hosp,0,2026-08-29,37,quantile,0.05,61.0
2026-08-29,wk inc covid hosp,0,2026-08-29,37,quantile,0.1,79.0
2026-08-29,wk inc covid hosp,0,2026-08-29,37,quantile,0.15,91.0
2026-08-29,wk inc covid hosp,0,2026-08-29,37,quantile,0.2,101.0
2026-08-29,wk inc covid hosp,0,2026-08-29,37,quantile,0.25,108.0
2026-08-29,wk inc covid hosp,0,2026-08-29,37,quantile,0.3,115.0
2026-08-29,wk inc covid hosp,0,2026-08-29,37,quantile,0.35,119.0
2026-08-29,wk inc covid hosp,0,2026-08-29,37,quantile,0.4,127.0
2026-08-29,wk inc covid hosp,0,2026-08-29,37,quantile,0.45,133.0
2026-08-29,wk inc covid hosp,0,2026-08-29,37,quantile,0.5,136.0
2026-08-29,wk inc covid hosp,0,2026-08-29,37,quantile,0.55,136.0
2026-08-29,wk inc covid hosp,0,2026-08-29,37,quantile,0.6,138.0
2026-08-29,wk inc covid hosp,0,2026-08-29,37,quantile,0.65,142.0
2026-08-29,wk inc covid hosp,0,2026-08-29,37,quantile,0.7,147.0
2026-08-29,wk inc covid hosp,0,2026-08-29,37,quantile,0.75,152.0
2026-08-29,wk inc covid hosp,0,2026-08-29,37,quantile,0.8,161.0
2026-08-29,wk inc covid hosp,0,2026-08-29,37,quantile,0.85,173.0
2026-08-29,wk inc covid hosp,0,2026-08-29,37,quantile,0.9,189.0
2026-08-29,wk inc covid hosp,0,2026-08-29,37,quantile,0.95,217.0
2026-08-29,wk inc covid hosp,0,2026-08-29,37,quantile,0.975,249.0
2026-08-29,wk inc covid hosp,0,2026-08-29,37,quantile,0.99,312.0
2026-08-29,wk inc covid hosp,0,2026-08-29,38,quantile,0.01,0.0
2026-08-29,wk inc covid hosp,0,2026-08-29,38,quantile,0.025,0.0
2026-08-29,wk inc covid hosp,0,2026-08-29,38,quantile,0.05,0.0
2026-08-29,wk inc covid hosp,0,2026-08-29,38,quantile,0.1,0.0
2026-08-29,wk inc covid hosp,0,2026-08-29,38,quantile,0.15,0.0
2026-08-29,wk inc covid hosp,0,2026-08-29,38,quantile,0.2,1.0
2026-08-29,wk inc covid hosp,0,2026-08-29,38,quantile,0.25,1.0
2026-08-29,wk inc covid hosp,0,2026-08-29,38,quantile,0.3,1.0
2026-08-29,wk inc covid hosp,0,2026-08-29,38,quantile,0.35,1.0
2026-08-29,wk inc covid hosp,0,2026-08-29,38,quantile,0.4,1.0
2026-08-29,wk inc covid hosp,0,2026-08-29,38,quantile,0.45,1.0
2026-08-29,wk inc covid hosp,0,2026-08-29,38,quantile,0.5,1.0
2026-08-29,wk inc covid hosp,0,2026-08-29,38,quantile,0.55,1.0
2026-08-29,wk inc covid hosp,0,2026-08-29,38,quantile,0.6,1.0
2026-08-29,wk inc covid hosp,0,2026-08-29,38,quantile,0.65,1.0
2026-08-29,wk inc covid hosp,0,2026-08-29,38,quantile,0.7,1.0
2026-08-29,wk inc covid hosp,0,2026-08-29,38,quantile,0.75,1.0
2026-08-29,wk inc covid hosp,0,2026-08-29,38,quantile,0.8,1.0
2026-08-29,wk inc covid hosp,0,2026-08-29,38,quantile,0.85,1.0
2026-08-29,wk inc covid hosp,0,2026-08-29,38,quantile,0.9,2.0
2026-08-29,wk inc covid hosp,0,2026-08-29,38,quantile,0.95,2.0
2026-08-29,wk inc covid hosp,0,2026-08-29,38,quantile,0.975,2.0
2026-08-29,wk inc covid hosp,0,2026-08-29,38,quantile,0.99,3.0
2026-08-29,wk inc covid hosp,0,2026-08-29,39,quantile,0.01,2.0
2026-08-29,wk inc covid hosp,0,2026-08-29,39,quantile,0.025,7.0
2026-08-29,wk inc covid hosp,0,2026-08-29,39,quantile,0.05,14.0
2026-08-29,wk inc covid hosp,0,2026-08-29,39,quantile,0.1,20.0
2026-08-29,wk inc covid hosp,0,2026-08-29,39,quantile,0.15,24.0
2026-08-29,wk inc covid hosp,0,2026-08-29,39,quantile,0.2,28.0
2026-08-29,wk inc covid hosp,0,2026-08-29,39,quantile,0.25,30.0
2026-08-29,wk inc covid hosp,0,2026-08-29,39,quantile,0.3,33.0
2026-08-29,wk inc covid hosp,0,2026-08-29,39,quantile,0.35,34.0
2026-08-29,wk inc covid hosp,0,2026-08-29,39,quantile,0.4,37.0
2026-08-29,wk inc covid hosp,0,2026-08-29,39,quantile,0.45,39.0
2026-08-29,wk inc covid hosp,0,2026-08-29,39,quantile,0.5,40.0
2026-08-29,wk inc covid hosp,0,2026-08-29,39,quantile,0.55,40.0
2026-08-29,wk inc covid hosp,0,2026-08-29,39,quantile,0.6,41.0
2026-08-29,wk inc covid hosp,0,2026-08-29,39,quantile,0.65,42.0
2026-08-29,wk inc covid hosp,0,2026-08-29,39,quantile,0.7,44.0
2026-08-29,wk inc covid hosp,0,2026-08-29,39,quantile,0.75,46.0
2026-08-29,wk inc covid hosp,0,2026-08-29,39,quantile,0.8,49.0
2026-08-29,wk inc covid hosp,0,2026-08-29,39,quantile,0.85,53.0
2026-08-29,wk inc covid hosp,0,2026-08-29,39,quantile,0.9,59.0
2026-08-29,wk inc covid hosp,0,2026-08-29,39,quantile,0.95,69.0
2026-08-29,wk inc covid hosp,0,2026-08-29,39,quantile,0.975,80.0
2026-08-29,wk inc covid hosp,0,2026-08-29,39,quantile,0.99,103.0
2026-08-29,wk inc covid hosp,0,2026-08-29,40,quantile,0.01,1.0
2026-08-29,wk inc covid hosp,0,2026-08-29,40,quantile,0.025,2.0
2026-08-29,wk inc covid hosp,0,2026-08-29,40,quantile,0.05,5.0
2026-08-29,wk inc covid hosp,0,2026-08-29,40,quantile,0.1,7.0
2026-08-29,wk inc covid hosp,0,2026-08-29,40,quantile,0.15,8.0
2026-08-29,wk inc covid hosp,0,2026-08-29,40,quantile,0.2,10.0
2026-08-29,wk inc covid hosp,0,2026-08-29,40,quantile,0.25,10.0
2026-08-29,wk inc covid hosp,0,2026-08-29,40,quantile,0.3,11.0
2026-08-29,wk inc covid hosp,0,2026-08-29,40,quantile,0.35,12.0
2026-08-29,wk inc covid hosp,0,2026-08-29,40,quantile,0.4,13.0
2026-08-29,wk inc covid hosp,0,2026-08-29,40,quantile,0.45,13.0
2026-08-29,wk inc covid hosp,0,2026-08-29,40,quantile,0.5,14.0
2026-08-29,wk inc covid hosp,0,2026-08-29,40,quantile,0.55,14.0
2026-08-29,wk inc covid hosp,0,2026-08-29,40,quantile,0.6,14.0
2026-08-29,wk inc covid hosp,0,2026-08-29,40,quantile,0.65,14.0
2026-08-29,wk inc covid hosp,0,2026-08-29,40,quantile,0.7,15.0
2026-08-29,wk inc covid hosp,0,2026-08-29,40,quantile,0.75,16.0
2026-08-29,wk inc covid hosp,0,2026-08-29,40,quantile,0.8,17.0
2026-08-29,wk inc covid hosp,0,2026-08-29,40,quantile,0.85,18.0
2026-08-29,wk inc covid hosp,0,2026-08-29,40,quantile,0.9,20.0
2026-08-29,wk inc covid hosp,0,2026-08-29,40,quantile,0.95,24.0
2026-08-29,wk inc covid hosp,0,2026-08-29,40,quantile,0.975,27.0
2026-08-29,wk inc covid hosp,0,2026-08-29,40,quantile,0.99,35.0
2026-08-29,wk inc covid hosp,0,2026-08-29,41,quantile,0.01,0.0
2026-08-29,wk inc covid hosp,0,2026-08-29,41,quantile,0.025,2.0
2026-08-29,wk inc covid hosp,0,2026-08-29,41,quantile,0.05,4.0
2026-08-29,wk inc covid hosp,0,2026-08-29,41,quantile,0.1,6.0
2026-08-29,wk inc covid hosp,0,2026-08-29,41,quantile,0.15,7.0
2026-08-29,wk inc covid hosp,0,2026-08-29,41,quantile,0.2,9.0
2026-08-29,wk inc covid hosp,0,2026-08-29,41,quantile,0.25,9.0
2026-08-29,wk inc covid hosp,0,2026-08-29,41,quantile,0.3,10.0
2026-08-29,wk inc covid hosp,0,2026-08-29,41,quantile,0.35,11.0
2026-08-29,wk inc covid hosp,0,2026-08-29,41,quantile,0.4,12.0
2026-08-29,wk inc covid hosp,0,2026-08-29,41,quantile,0.45,12.0
2026-08-29,wk inc covid hosp,0,2026-08-29,41,quantile,0.5,13.0
2026-08-29,wk inc covid hosp,0,2026-08-29,41,quantile,0.55,13.0
2026-08-29,wk inc covid hosp,0,2026-08-29,41,quantile,0.6,13.0
2026-08-29,wk inc covid hosp,0,2026-08-29,41,quantile,0.65,13.0
2026-08-29,wk inc covid hosp,0,2026-08-29,41,quantile,0.7,14.0
2026-08-29,wk inc covid hosp,0,2026-08-29,41,quantile,0.75,14.0
2026-08-29,wk inc covid hosp,0,2026-08-29,41,quantile,0.8,15.0
2026-08-29,wk inc covid hosp,0,2026-08-29,41,quantile,0.85,17.0
2026-08-29,wk inc covid hosp,0,2026-08-29,41,quantile,0.9,19.0
2026-08-29,wk inc covid hosp,0,2026-08-29,41,quantile,0.95,22.0
2026-08-29,wk inc covid hosp,0,2026-08-29,41,quantile,0.975,25.0
2026-08-29,wk inc covid hosp,0,2026-08-29,41,quantile,0.99,33.0
2026-08-29,wk inc covid hosp,0,2026-08-29,42,quantile,0.01,7.0
2026-08-29,wk inc covid hosp,0,2026-08-29,42,quantile,0.025,13.0
2026-08-29,wk inc covid hosp,0,2026-08-29,42,quantile,0.05,22.0
2026-08-29,wk inc covid hosp,0,2026-08-29,42,quantile,0.1,31.0
2026-08-29,wk inc covid hosp,0,2026-08-29,42,quantile,0.15,37.0
2026-08-29,wk inc covid hosp,0,2026-08-29,42,quantile,0.2,42.0
2026-08-29,wk inc covid hosp,0,2026-08-29,42,quantile,0.25,45.0
2026-08-29,wk inc covid hosp,0,2026-08-29,42,quantile,0.3,49.0
2026-08-29,wk inc covid hosp,0,2026-08-29,42,quantile,0.35,51.0
2026-08-29,wk inc covid hosp,0,2026-08-29,42,quantile,0.4,55.0
2026-08-29,wk inc covid hosp,0,2026-08-29,42,quantile,0.45,57.0
2026-08-29,wk inc covid hosp,0,2026-08-29,42,quantile,0.5,59.0
2026-08-29,wk inc covid hosp,0,2026-08-29,42,quantile,0.55,59.0
2026-08-29,wk inc covid hosp,0,2026-08-29,42,quantile,0.6,60.0
2026-08-29,wk inc covid hosp,0,2026-08-29,42,quantile,0.65,61.0
2026-08-29,wk inc covid hosp,0,2026-08-29,42,quantile,0.7,64.0
2026-08-29,wk inc covid hosp,0,2026-08-29,42,quantile,0.75,67.0
2026-08-29,wk inc covid hosp,0,2026-08-29,42,quantile,0.8,71.0
2026-08-29,wk inc covid hosp,0,2026-08-29,42,quantile,0.85,77.0
2026-08-29,wk inc covid hosp,0,2026-08-29,42,quantile,0.9,85.0
2026-08-29,wk inc covid hosp,0,2026-08-29,42,quantile,0.95,99.0
2026-08-29,wk inc covid hosp,0,2026-08-29,42,quantile,0.975,114.0
2026-08-29,wk inc covid hosp,0,2026-08-29,42,quantile,0.99,145.0
2026-08-29,wk inc covid hosp,0,2026-08-29,44,quantile,0.01,1.0
2026-08-29,wk inc covid hosp,0,2026-08-29,44,quantile,0.025,1.0
2026-08-29,wk inc covid hosp,0,2026-08-29,44,quantile,0.05,2.0
2026-08-29,wk inc covid hosp,0,2026-08-29,44,quantile,0.1,3.0
2026-08-29,wk inc covid hosp,0,2026-08-29,44,quantile,0.15,3.0
2026-08-29,wk inc covid hosp,0,2026-08-29,44,quantile,0.2,3.0
2026-08-29,wk inc covid hosp,0,2026-08-29,44,quantile,0.25,4.0
2026-08-29,wk inc covid hosp,0,2026-08-29,44,quantile,0.3,4.0
2026-08-29,wk inc covid hosp,0,2026-08-29,44,quantile,0.35,4.0
2026-08-29,wk inc covid hosp,0,2026-08-29,44,quantile,0.4,4.0
2026-08-29,wk inc covid hosp,0,2026-08-29,44,quantile,0.45,5.0
2026-08-29,wk inc covid hosp,0,2026-08-29,44,quantile,0.5,5.0
2026-08-29,wk inc covid hosp,0,2026-08-29,44,quantile,0.55,5.0
2026-08-29,wk inc covid hosp,0,2026-08-29,44,quantile,0.6,5.0
2026-08-29,wk inc covid hosp,0,2026-08-29,44,quantile,0.65,5.0
2026-08-29,wk inc covid hosp,0,2026-08-29,44,quantile,0.7,5.0
2026-08-29,wk inc covid hosp,0,2026-08-29,44,quantile,0.75,5.0
2026-08-29,wk inc covid hosp,0,2026-08-29,44,quantile,0.8,6.0
2026-08-29,wk inc covid hosp,0,2026-08-29,44,quantile,0.85,6.0
2026-08-29,wk inc covid hosp,0,2026-08-29,44,quantile,0.9,7.0
2026-08-29,wk inc covid hosp,0,2026-08-29,44,quantile,0.95,8.0
2026-08-29,wk inc covid hosp,0,2026-08-29,44,quantile,0.975,9.0
2026-08-29,wk inc covid hosp,0,2026-08-29,44,quantile,0.99,12.0
2026-08-29,wk inc covid hosp,0,2026-08-29,45,quantile,0.01,5.0
2026-08-29,wk inc covid hosp,0,2026-08-29,45,quantile,0.025,9.0
2026-08-29,wk inc covid hosp,0,2026-08-29,45,quantile,0.05,14.0
2026-08-29,wk inc covid hosp,0,2026-08-29,45,quantile,0.1,19.0
2026-08-29,wk inc covid hosp,0,2026-08-29,45,quantile,0.15,22.0
2026-08-29,wk inc covid hosp,0,2026-08-29,45,quantile,0.2,25.0
2026-08-29,wk inc covid hosp,0,2026-08-29,45,quantile,0.25,26.0
2026-08-29,wk inc covid hosp,0,2026-08-29,45,quantile,0.3,28.0
2026-08-29,wk inc covid hosp,0,2026-08-29,45,quantile,0.35,29.0
2026-08-29,wk inc covid hosp,0,2026-08-29,45,quantile,0.4,32.0
2026-08-29,wk inc covid hosp,0,2026-08-29,45,quantile,0.45,33.0
2026-08-29,wk inc covid hosp,0,2026-08-29,45,quantile,0.5,34.0
2026-08-29,wk inc covid hosp,0,2026-08-29,45,quantile,0.55,34.0
2026-08-29,wk inc covid hosp,0,2026-08-29,45,quantile,0.6,34.0
2026-08-29,wk inc covid hosp,0,2026-08-29,45,quantile,0.65,35.0
2026-08-29,wk inc covid hosp,0,2026-08-29,45,quantile,0.7,37.0
2026-08-29,wk inc covid hosp,0,2026-08-29,45,quantile,0.75,38.0
2026-08-29,wk inc covid hosp,0,2026-08-29,45,quantile,0.8,41.0
2026-08-29,wk inc covid hosp,0,2026-08-29,45,quantile,0.85,44.0
2026-08-29,wk inc covid hosp,0,2026-08-29,45,quantile,0.9,48.0
2026-08-29,wk inc covid hosp,0,2026-08-29,45,quantile,0.95,56.0
2026-08-29,wk inc covid hosp,0,2026-08-29,45,quantile,0.975,64.0
2026-08-29,wk inc covid hosp,0,2026-08-29,45,quantile,0.99,81.0
2026-08-29,wk inc covid hosp,0,2026-08-29,46,quantile,0.01,0.0
2026-08-29,wk inc covid hosp,0,2026-08-29,46,quantile,0.025,0.0
2026-08-29,wk inc covid hosp,0,2026-08-29,46,quantile,0.05,0.0
2026-08-29,wk inc covid hosp,0,2026-08-29,46,quantile,0.1,0.0
2026-08-29,wk inc covid hosp,0,2026-08-29,46,quantile,0.15,1.0
2026-08-29,wk inc covid hosp,0,2026-08-29,46,quantile,0.2,1.0
2026-08-29,wk inc covid hosp,0,2026-08-29,46,quantile,0.25,1.0
2026-08-29,wk inc covid hosp,0,2026-08-29,46,quantile,0.3,1.0
2026-08-29,wk inc covid hosp,0,2026-08-29,46,quantile,0.35,1.0
2026-08-29,wk inc covid hosp,0,2026-08-29,46,quantile,0.4,1.0
2026-08-29,wk inc covid hosp,0,2026-08-29,46,quantile,0.45,1.0
2026-08-29,wk inc covid hosp,0,2026-08-29,46,quantile,0.5,1.0
2026-08-29,wk inc covid hosp,0,2026-08-29,46,quantile,0.55,1.0
2026-08-29,wk inc covid hosp,0,2026-08-29,46,quantile,0.6,1.0
2026-08-29,wk inc covid hosp,0,2026-08-29,46,quantile,0.65,1.0
2026-08-29,wk inc covid hosp,0,2026-08-29,46,quantile,0.7,1.0
2026-08-29,wk inc covid hosp,0,2026-08-29,46,quantile,0.75,1.0
2026-08-29,wk inc covid hosp,0,2026-08-29,46,quantile,0.8,1.0
2026-08-29,wk inc covid hosp,0,2026-08-29,46,quantile,0.85,2.0
2026-08-29,wk inc covid hosp,0,2026-08-29,46,quantile,0.9,2.0
2026-08-29,wk inc covid hosp,0,2026-08-29,46,quantile,0.95,2.0
2026-08-29,wk inc covid hosp,0,2026-08-29,46,quantile,0.975,3.0
2026-08-29,wk inc covid hosp,0,2026-08-29,46,quantile,0.99,4.0
2026-08-29,wk inc covid hosp,0,2026-08-29,47,quantile,0.01,9.0
2026-08-29,wk inc covid hosp,0,2026-08-29,47,quantile,0.025,14.0
2026-08-29,wk inc covid hosp,0,2026-08-29,47,quantile,0.05,21.0
2026-08-29,wk inc covid hosp,0,2026-08-29,47,quantile,0.1,29.0
2026-08-29,wk inc covid hosp,0,2026-08-29,47,quantile,0.15,33.0
2026-08-29,wk inc covid hosp,0,2026-08-29,47,quantile,0.2,37.0
2026-08-29,wk inc covid hosp,0,2026-08-29,47,quantile,0.25,40.0
2026-08-29,wk inc covid hosp,0,2026-08-29,47,quantile,0.3,43.0
2026-08-29,wk inc covid hosp,0,2026-08-29,47,quantile,0.35,44.0
2026-08-29,wk inc covid hosp,0,2026-08-29,47,quantile,0.4,48.0
2026-08-29,wk inc covid hosp,0,2026-08-29,47,quantile,0.45,50.0
2026-08-29,wk inc covid hosp,0,2026-08-29,47,quantile,0.5,51.0
2026-08-29,wk inc covid hosp,0,2026-08-29,47,quantile,0.55,51.0
2026-08-29,wk inc covid hosp,0,2026-08-29,47,quantile,0.6,52.0
2026-08-29,wk inc covid hosp,0,2026-08-29,47,quantile,0.65,53.0
2026-08-29,wk inc covid hosp,0,2026-08-29,47,quantile,0.7,55.0
2026-08-29,wk inc covid hosp,0,2026-08-29,47,quantile,0.75,57.0
2026-08-29,wk inc covid hosp,0,2026-08-29,47,quantile,0.8,61.0
2026-08-29,wk inc covid hosp,0,2026-08-29,47,quantile,0.85,66.0
2026-08-29,wk inc covid hosp,0,2026-08-29,47,quantile,0.9,72.0
2026-08-29,wk inc covid hosp,0,2026-08-29,47,quantile,0.95,83.0
2026-08-29,wk inc covid hosp,0,2026-08-29,47,quantile,0.975,96.0
2026-08-29,wk inc covid hosp,0,2026-08-29,47,quantile,0.99,121.0
2026-08-29,wk inc covid hosp,0,2026-08-29,48,quantile,0.01,73.0
2026-08-29,wk inc covid hosp,0,2026-08-29,48,quantile,0.025,105.0
2026-08-29,wk inc covid hosp,0,2026-08-29,48,quantile,0.05,153.0
2026-08-29,wk inc covid hosp,0,2026-08-29,48,quantile,0.1,200.0
2026-08-29,wk inc covid hosp,0,2026-08-29,48,quantile,0.15,232.0
2026-08-29,wk inc covid hosp,0,2026-08-29,48,quantile,0.2,257.0
2026-08-29,wk inc covid hosp,0,2026-08-29,48,quantile,0.25,274.0
2026-08-29,wk inc covid hosp,0,2026-08-29,48,quantile,0.3,292.0
2026-08-29,wk inc covid hosp,0,2026-08-29,48,quantile,0.35,304.0
2026-08-29,wk inc covid hosp,0,2026-08-29,48,quantile,0.4,324.0
2026-08-29,wk inc covid hosp,0,2026-08-29,48,quantile,0.45,338.0
2026-08-29,wk inc covid hosp,0,2026-08-29,48,quantile,0.5,345.0
2026-08-29,wk inc covid hosp,0,2026-08-29,48,quantile,0.55,346.0
2026-08-29,wk inc covid hosp,0,2026-08-29,48,quantile,0.6,351.0
2026-08-29,wk inc covid hosp,0,2026-08-29,48,quantile,0.65,360.0
2026-08-29,wk inc covid hosp,0,2026-08-29,48,quantile,0.7,373.0
2026-08-29,wk inc covid hosp,0,2026-08-29,48,quantile,0.75,387.0
2026-08-29,wk inc covid hosp,0,2026-08-29,48,quantile,0.8,410.0
2026-08-29,wk inc covid hosp,0,2026-08-29,48,quantile,0.85,441.0
2026-08-29,wk inc covid hosp,0,2026-08-29,48,quantile,0.9,481.0
2026-08-29,wk inc covid hosp,0,2026-08-29,48,quantile,0.95,554.0
2026-08-29,wk inc covid hosp,0,2026-08-29,48,quantile,0.975,635.0
2026-08-29,wk inc covid hosp,0,2026-08-29,48,quantile,0.99,797.0
2026-08-29,wk inc covid hosp,0,2026-08-29,49,quantile,0.01,0.0
2026-08-29,wk inc covid hosp,0,2026-08-29,49,quantile,0.025,1.0
2026-08-29,wk inc covid hosp,0,2026-08-29,49,quantile,0.05,3.0
2026-08-29,wk inc covid hosp,0,2026-08-29,49,quantile,0.1,4.0
2026-08-29,wk inc covid hosp,0,2026-08-29,49,quantile,0.15,5.0
2026-08-29,wk inc covid hosp,0,2026-08-29,49,quantile,0.2,6.0
2026-08-29,wk inc covid hosp,0,2026-08-29,49,quantile,0.25,6.0
2026-08-29,wk inc covid hosp,0,2026-08-29,49,quantile,0.3,7.0
2026-08-29,wk inc covid hosp,0,2026-08-29,49,quantile,0.35,7.0
2026-08-29,wk inc covid hosp,0,2026-08-29,49,quantile,0.4,8.0
2026-08-29,wk inc covid hosp,0,2026-08-29,49,quantile,0.45,8.0
2026-08-29,wk inc covid hosp,0,2026-08-29,49,quantile,0.5,9.0
2026-08-29,wk inc covid hosp,0,2026-08-29,49,quantile,0.55,9.0
2026-08-29,wk inc covid hosp,0,2026-08-29,49,quantile,0.6,9.0
2026-08-29,wk inc covid hosp,0,2026-08-29,49,quantile,0.65,9.0
2026-08-29,wk inc covid hosp,0,2026-08-29,49,quantile,0.7,10.0
2026-08-29,wk inc covid hosp,0,2026-08-29,49,quantile,0.75,10.0
2026-08-29,wk inc covid hosp,0,2026-08-29,49,quantile,0.8,11.0
2026-08-29,wk inc covid hosp,0,2026-08-29,49,quantile,0.85,12.0
2026-08-29,wk inc covid hosp,0,2026-08-29,49,quantile,0.9,13.0
2026-08-29,wk inc covid hosp,0,2026-08-29,49,quantile,0.95,15.0
2026-08-29,wk inc covid hosp,0,2026-08-29,49,quantile,0.975,18.0
2026-08-29,wk inc covid hosp,0,2026-08-29,49,quantile,0.99,23.0
2026-08-29,wk inc covid hosp,0,2026-08-29,50,quantile,0.01,0.0
2026-08-29,wk inc covid hosp,0,2026-08-29,50,quantile,0.025,0.0
2026-08-29,wk inc covid hosp,0,2026-08-29,50,quantile,0.05,0.0
2026-08-29,wk inc covid hosp,0,2026-08-29,50,quantile,0.1,0.0
2026-08-29,wk inc covid hosp,0,2026-08-29,50,quantile,0.15,1.0
2026-08-29,wk inc covid hosp,0,2026-08-29,50,quantile,0.2,1.0
2026-08-29,wk inc covid hosp,0,2026-08-29,50,quantile,0.25,1.0
2026-08-29,wk inc covid hosp,0,2026-08-29,50,quantile,0.3,1.0
2026-08-29,wk inc covid hosp,0,2026-08-29,50,quantile,0.35,1.0
2026-08-29,wk inc covid hosp,0,2026-08-29,50,quantile,0.4,1.0
2026-08-29,wk inc covid hosp,0,2026-08-29,50,quantile,0.45,1.0
2026-08-29,wk inc covid hosp,0,2026-08-29,50,quantile,0.5,1.0
2026-08-29,wk inc covid hosp,0,2026-08-29,50,quantile,0.55,1.0
2026-08-29,wk inc covid hosp,0,2026-08-29,50,quantile,0.6,1.0
2026-08-29,wk inc covid hosp,0,2026-08-29,50,quantile,0.65,1.0
2026-08-29,wk inc covid hosp,0,2026-08-29,50,quantile,0.7,1.0
2026-08-29,wk inc covid hosp,0,2026-08-29,50,quantile,0.75,1.0
2026-08-29,wk inc covid hosp,0,2026-08-29,50,quantile,0.8,1.0
2026-08-29,wk inc covid hosp,0,2026-08-29,50,quantile,0.85,2.0
2026-08-29,wk inc covid hosp,0,2026-08-29,50,quantile,0.9,2.0
2026-08-29,wk inc covid hosp,0,2026-08-29,50,quantile,0.95,2.0
2026-08-29,wk inc covid hosp,0,2026-08-29,50,quantile,0.975,2.0
2026-08-29,wk inc covid hosp,0,2026-08-29,50,quantile,0.99,3.0
2026-08-29,wk inc covid hosp,0,2026-08-29,51,quantile,0.01,3.0
2026-08-29,wk inc covid hosp,0,2026-08-29,51,quantile,0.025,6.0
2026-08-29,wk inc covid hosp,0,2026-08-29,51,quantile,0.05,12.0
2026-08-29,wk inc covid hosp,0,2026-08-29,51,quantile,0.1,17.0
2026-08-29,wk inc covid hosp,0,2026-08-29,51,quantile,0.15,20.0
2026-08-29,wk inc covid hosp,0,2026-08-29,51,quantile,0.2,23.0
2026-08-29,wk inc covid hosp,0,2026-08-29,51,quantile,0.25,25.0
2026-08-29,wk inc covid hosp,0,2026-08-29,51,quantile,0.3,27.0
2026-08-29,wk inc covid hosp,0,2026-08-29,51,quantile,0.35,28.0
2026-08-29,wk inc covid hosp,0,2026-08-29,51,quantile,0.4,30.0
2026-08-29,wk inc covid hosp,0,2026-08-29,51,quantile,0.45,32.0
2026-08-29,wk inc covid hosp,0,2026-08-29,51,quantile,0.5,33.0
2026-08-29,wk inc covid hosp,0,2026-08-29,51,quantile,0.55,33.0
2026-08-29,wk inc covid hosp,0,2026-08-29,51,quantile,0.6,33.0
2026-08-29,wk inc covid hosp,0,2026-08-29,51,quantile,0.65,34.0
2026-08-29,wk inc covid hosp,0,2026-08-29,51,quantile,0.7,36.0
2026-08-29,wk inc covid hosp,0,2026-08-29,51,quantile,0.75,37.0
2026-08-29,wk inc covid hosp,0,2026-08-29,51,quantile,0.8,40.0
2026-08-29,wk inc covid hosp,0,2026-08-29,51,quantile,0.85,43.0
2026-08-29,wk inc covid hosp,0,2026-08-29,51,quantile,0.9,48.0
2026-08-29,wk inc covid hosp,0,2026-08-29,51,quantile,0.95,56.0
2026-08-29,wk inc covid hosp,0,2026-08-29,51,quantile,0.975,64.0
2026-08-29,wk inc covid hosp,0,2026-08-29,51,quantile,0.99,82.0
2026-08-29,wk inc covid hosp,0,2026-08-29,53,quantile,0.01,10.0
2026-08-29,wk inc covid hosp,0,2026-08-29,53,quantile,0.025,16.0
2026-08-29,wk inc covid hosp,0,2026-08-29,53,quantile,0.05,25.0
2026-08-29,wk inc covid hosp,0,2026-08-29,53,quantile,0.1,33.0
2026-08-29,wk inc covid hosp,0,2026-08-29,53,quantile,0.15,38.0
2026-08-29,wk inc covid hosp,0,2026-08-29,53,quantile,0.2,43.0
2026-08-29,wk inc covid hosp,0,2026-08-29,53,quantile,0.25,46.0
2026-08-29,wk inc covid hosp,0,2026-08-29,53,quantile,0.3,49.0
2026-08-29,wk inc covid hosp,0,2026-08-29,53,quantile,0.35,51.0
2026-08-29,wk inc covid hosp,0,2026-08-29,53,quantile,0.4,55.0
2026-08-29,wk inc covid hosp,0,2026-08-29,53,quantile,0.45,57.0
2026-08-29,wk inc covid hosp,0,2026-08-29,53,quantile,0.5,58.0
2026-08-29,wk inc covid hosp,0,2026-08-29,53,quantile,0.55,58.0
2026-08-29,wk inc covid hosp,0,2026-08-29,53,quantile,0.6,59.0
2026-08-29,wk inc covid hosp,0,2026-08-29,53,quantile,0.65,61.0
2026-08-29,wk inc covid hosp,0,2026-08-29,53,quantile,0.7,63.0
2026-08-29,wk inc covid hosp,0,2026-08-29,53,quantile,0.75,66.0
2026-08-29,wk inc covid hosp,0,2026-08-29,53,quantile,0.8,70.0
2026-08-29,wk inc covid hosp,0,2026-08-29,53,quantile,0.85,75.0
2026-08-29,wk inc covid hosp,0,2026-08-29,53,quantile,0.9,82.0
2026-08-29,wk inc covid hosp,0,2026-08-29,53,quantile,0.95,95.0
2026-08-29,wk inc covid hosp,0,2026-08-29,53,quantile,0.975,109.0
2026-08-29,wk inc covid hosp,0,2026-08-29,53,quantile,0.99,138.0
2026-08-29,wk inc covid hosp,0,2026-08-29,54,quantile,0.01,0.0
2026-08-29,wk inc covid hosp,0,2026-08-29,54,quantile,0.025,0.0
2026-08-29,wk inc covid hosp,0,2026-08-29,54,quantile,0.05,1.0
2026-08-29,wk inc covid hosp,0,2026-08-29,54,quantile,0.1,1.0
2026-08-29,wk inc covid hosp,0,2026-08-29,54,quantile,0.15,2.0
2026-08-29,wk inc covid hosp,0,2026-08-29,54,quantile,0.2,2.0
2026-08-29,wk inc covid hosp,0,2026-08-29,54,quantile,0.25,3.0
2026-08-29,wk inc covid hosp,0,2026-08-29,54,quantile,0.3,3.0
2026-08-29,wk inc covid hosp,0,2026-08-29,54,quantile,0.35,3.0
2026-08-29,wk inc covid hosp,0,2026-08-29,54,quantile,0.4,3.0
2026-08-29,wk inc covid hosp,0,2026-08-29,54,quantile,0.45,3.0
2026-08-29,wk inc covid hosp,0,2026-08-29,54,quantile,0.5,4.0
2026-08-29,wk inc covid hosp,0,2026-08-29,54,quantile,0.55,4.0
2026-08-29,wk inc covid hosp,0,2026-08-29,54,quantile,0.6,4.0
2026-08-29,wk inc covid hosp,0,2026-08-29,54,quantile,0.65,4.0
2026-08-29,wk inc covid hosp,0,2026-08-29,54,quantile,0.7,4.0
2026-08-29,wk inc covid hosp,0,2026-08-29,54,quantile,0.75,4.0
2026-08-29,wk inc covid hosp,0,2026-08-29,54,quantile,0.8,5.0
2026-08-29,wk inc covid hosp,0,2026-08-29,54,quantile,0.85,5.0
2026-08-29,wk inc covid hosp,0,2026-08-29,54,quantile,0.9,6.0
2026-08-29,wk inc covid hosp,0,2026-08-29,54,quantile,0.95,7.0
2026-08-29,wk inc covid hosp,0,2026-08-29,54,quantile,0.975,8.0
2026-08-29,wk inc covid hosp,0,2026-08-29,54,quantile,0.99,10.0
2026-08-29,wk inc covid hosp,0,2026-08-29,55,quantile,0.01,0.0
2026-08-29,wk inc covid hosp,0,2026-08-29,55,quantile,0.025,1.0
2026-08-29,wk inc covid hosp,0,2026-08-29,55,quantile,0.05,3.0
2026-08-29,wk inc covid hosp,0,2026-08-29,55,quantile,0.1,5.0
2026-08-29,wk inc covid hosp,0,2026-08-29,55,quantile,0.15,7.0
2026-08-29,wk inc covid hosp,0,2026-08-29,55,quantile,0.2,8.0
2026-08-29,wk inc covid hosp,0,2026-08-29,55,quantile,0.25,9.0
2026-08-29,wk inc covid hosp,0,2026-08-29,55,quantile,0.3,10.0
2026-08-29,wk inc covid hosp,0,2026-08-29,55,quantile,0.35,10.0
2026-08-29,wk inc covid hosp,0,2026-08-29,55,quantile,0.4,11.0
2026-08-29,wk inc covid hosp,0,2026-08-29,55,quantile,0.45,12.0
2026-08-29,wk inc covid hosp,0,2026-08-29,55,quantile,0.5,12.0
2026-08-29,wk inc covid hosp,0,2026-08-29,55,quantile,0.55,12.0
2026-08-29,wk inc covid hosp,0,2026-08-29,55,quantile,0.6,13.0
2026-08-29,wk inc covid hosp,0,2026-08-29,55,quantile,0.65,13.0
2026-08-29,wk inc covid hosp,0,2026-08-29,55,quantile,0.7,14.0
2026-08-29,wk inc covid hosp,0,2026-08-29,55,quantile,0.75,14.0
2026-08-29,wk inc covid hosp,0,2026-08-29,55,quantile,0.8,16.0
2026-08-29,wk inc covid hosp,0,2026-08-29,55,quantile,0.85,17.0
2026-08-29,wk inc covid hosp,0,2026-08-29,55,quantile,0.9,19.0
2026-08-29,wk inc covid hosp,0,2026-08-29,55,quantile,0.95,23.0
2026-08-29,wk inc covid hosp,0,2026-08-29,55,quantile,0.975,27.0
2026-08-29,wk inc covid hosp,0,2026-08-29,55,quantile,0.99,34.0
2026-08-29,wk inc covid hosp,0,2026-08-29,56,quantile,0.01,0.0
2026-08-29,wk inc covid hosp,0,2026-08-29,56,quantile,0.025,0.0
2026-08-29,wk inc covid hosp,0,2026-08-29,56,quantile,0.05,0.0
2026-08-29,wk inc covid hosp,0,2026-08-29,56,quantile,0.1,0.0
2026-08-29,wk inc covid hosp,0,2026-08-29,56,quantile,0.15,0.0
2026-08-29,wk inc covid hosp,0,2026-08-29,56,quantile,0.2,0.0
2026-08-29,wk inc covid hosp,0,2026-08-29,56,quantile,0.25,0.0
2026-08-29,wk inc covid hosp,0,2026-08-29,56,quantile,0.3,0.0
2026-08-29,wk inc covid hosp,0,2026-08-29,56,quantile,0.35,0.0
2026-08-29,wk inc covid hosp,0,2026-08-29,56,quantile,0.4,0.0
2026-08-29,wk inc covid hosp,0,2026-08-29,56,quantile,0.45,1.0
2026-08-29,wk inc covid hosp,0,2026-08-29,56,quantile,0.5,1.0
2026-08-29,wk inc covid hosp,0,2026-08-29,56,quantile,0.55,1.0
2026-08-29,wk inc covid hosp,0,2026-08-29,56,quantile,0.6,1.0
2026-08-29,wk inc covid hosp,0,2026-08-29,56,quantile,0.65,1.0
2026-08-29,wk inc covid hosp,0,2026-08-29,56,quantile,0.7,1.0
2026-08-29,wk inc covid hosp,0,2026-08-29,56,quantile,0.75,1.0
2026-08-29,wk inc covid hosp,0,2026-08-29,56,quantile,0.8,1.0
2026-08-29,wk inc covid hosp,0,2026-08-29,56,quantile,0.85,1.0
2026-08-29,wk inc covid hosp,0,2026-08-29,56,quantile,0.9,1.0
2026-08-29,wk inc covid hosp,0,2026-08-29,56,quantile,0.95,1.0
2026-08-29,wk inc covid hosp,0,2026-08-29,56,quantile,0.975,1.0
2026-08-29,wk inc covid hosp,0,2026-08-29,56,quantile,0.99,2.0
2026-08-29,wk inc covid hosp,0,2026-08-29,72,quantile,0.01,34.0
2026-08-29,wk inc covid hosp,0,2026-08-29,72,quantile,0.025,46.0
2026-08-29,wk inc covid hosp,0,2026-08-29,72,quantile,0.05,64.0
2026-08-29,wk inc covid hosp,0,2026-08-29,72,quantile,0.1,82.0
2026-08-29,wk inc covid hosp,0,2026-08-29,72,quantile,0.15,93.0
2026-08-29,wk inc covid hosp,0,2026-08-29,72,quantile,0.2,103.0
2026-08-29,wk inc covid hosp,0,2026-08-29,72,quantile,0.25,109.0
2026-08-29,wk inc covid hosp,0,2026-08-29,72,quantile,0.3,116.0
2026-08-29,wk inc covid hosp,0,2026-08-29,72,quantile,0.35,120.0
2026-08-29,wk inc covid hosp,0,2026-08-29,72,quantile,0.4,128.0
2026-08-29,wk inc covid hosp,0,2026-08-29,72,quantile,0.45,133.0
2026-08-29,wk inc covid hosp,0,2026-08-29,72,quantile,0.5,136.0
2026-08-29,wk inc covid hosp,0,2026-08-29,72,quantile,0.55,136.0
2026-08-29,wk inc covid hosp,0,2026-08-29,72,quantile,0.6,138.0
2026-08-29,wk inc covid hosp,0,2026-08-29,72,quantile,0.65,141.0
2026-08-29,wk inc covid hosp,0,2026-08-29,72,quantile,0.7,146.0
2026-08-29,wk inc covid hosp,0,2026-08-29,72,quantile,0.75,151.0
2026-08-29,wk inc covid hosp,0,2026-08-29,72,quantile,0.8,160.0
2026-08-29,wk inc covid hosp,0,2026-08-29,72,quantile,0.85,171.0
2026-08-29,wk inc covid hosp,0,2026-08-29,72,quantile,0.9,186.0
2026-08-29,wk inc covid hosp,0,2026-08-29,72,quantile,0.95,213.0
2026-08-29,wk inc covid hosp,0,2026-08-29,72,quantile,0.975,243.0
2026-08-29,wk inc covid hosp,0,2026-08-29,72,quantile,0.99,304.0
2026-08-29,wk inc covid hosp,1,2026-09-05,01,quantile,0.01,18.0
2026-08-29,wk inc covid hosp,1,2026-09-05,01,quantile,0.025,25.0
2026-08-29,wk inc covid hosp,1,2026-09-05,01,quantile,0.05,34.0
2026-08-29,wk inc covid hosp,1,2026-09-05,01,quantile,0.1,43.0
2026-08-29,wk inc covid hosp,1,2026-09-05,01,quantile,0.15,51.0
2026-08-29,wk inc covid hosp,1,2026-09-05,01,quantile,0.2,57.0
2026-08-29,wk inc covid hosp,1,2026-09-05,01,quantile,0.25,62.0
2026-08-29,wk inc covid hosp,1,2026-09-05,01,quantile,0.3,66.0
2026-08-29,wk inc covid hosp,1,2026-09-05,01,quantile,0.35,69.0
2026-08-29,wk inc covid hosp,1,2026-09-05,01,quantile,0.4,72.0
2026-08-29,wk inc covid hosp,1,2026-09-05,01,quantile,0.45,74.0
2026-08-29,wk inc covid hosp,1,2026-09-05,01,quantile,0.5,77.0
2026-08-29,wk inc covid hosp,1,2026-09-05,01,quantile,0.55,79.0
2026-08-29,wk inc covid hosp,1,2026-09-05,01,quantile,0.6,81.0
2026-08-29,wk inc covid hosp,1,2026-09-05,01,quantile,0.65,84.0
2026-08-29,wk inc covid hosp,1,2026-09-05,01,quantile,0.7,86.0
2026-08-29,wk inc covid hosp,1,2026-09-05,01,quantile,0.75,90.0
2026-08-29,wk inc covid hosp,1,2026-09-05,01,quantile,0.8,95.0
2026-08-29,wk inc covid hosp,1,2026-09-05,01,quantile,0.85,103.0
2026-08-29,wk inc covid hosp,1,2026-09-05,01,quantile,0.9,113.0
2026-08-29,wk inc covid hosp,1,2026-09-05,01,quantile,0.95,136.0
2026-08-29,wk inc covid hosp,1,2026-09-05,01,quantile,0.975,161.0
2026-08-29,wk inc covid hosp,1,2026-09-05,01,quantile,0.99,221.0
2026-08-29,wk inc covid hosp,1,2026-09-05,02,quantile,0.01,0.0
2026-08-29,wk inc covid hosp,1,2026-09-05,02,quantile,0.025,1.0
2026-08-29,wk inc covid hosp,1,2026-09-05,02,quantile,0.05,1.0
2026-08-29,wk inc covid hosp,1,2026-09-05,02,quantile,0.1,1.0
2026-08-29,wk inc covid hosp,1,2026-09-05,02,quantile,0.15,2.0
2026-08-29,wk inc covid hosp,1,2026-09-05,02,quantile,0.2,2.0
2026-08-29,wk inc covid hosp,1,2026-09-05,02,quantile,0.25,2.0
2026-08-29,wk inc covid hosp,1,2026-09-05,02,quantile,0.3,2.0
2026-08-29,wk inc covid hosp,1,2026-09-05,02,quantile,0.35,2.0
2026-08-29,wk inc covid hosp,1,2026-09-05,02,quantile,0.4,3.0
2026-08-29,wk inc covid hosp,1,2026-09-05,02,quantile,0.45,3.0
2026-08-29,wk inc covid hosp,1,2026-09-05,02,quantile,0.5,3.0
2026-08-29,wk inc covid hosp,1,2026-09-05,02,quantile,0.55,3.0
2026-08-29,wk inc covid hosp,1,2026-09-05,02,quantile,0.6,3.0
2026-08-29,wk inc covid hosp,1,2026-09-05,02,quantile,0.65,3.0
2026-08-29,wk inc covid hosp,1,2026-09-05,02,quantile,0.7,3.0
2026-08-29,wk inc covid hosp,1,2026-09-05,02,quantile,0.75,3.0
2026-08-29,wk inc covid hosp,1,2026-09-05,02,quantile,0.8,4.0
2026-08-29,wk inc covid hosp,1,2026-09-05,02,quantile,0.85,4.0
2026-08-29,wk inc covid hosp,1,2026-09-05,02,quantile,0.9,4.0
2026-08-29,wk inc covid hosp,1,2026-09-05,02,quantile,0.95,5.0
2026-08-29,wk inc covid hosp,1,2026-09-05,02,quantile,0.975,6.0
2026-08-29,wk inc covid hosp,1,2026-09-05,02,quantile,0.99,9.0
2026-08-29,wk inc covid hosp,1,2026-09-05,04,quantile,0.01,9.0
2026-08-29,wk inc covid hosp,1,2026-09-05,04,quantile,0.025,13.0
2026-08-29,wk inc covid hosp,1,2026-09-05,04,quantile,0.05,20.0
2026-08-29,wk inc covid hosp,1,2026-09-05,04,quantile,0.1,26.0
2026-08-29,wk inc covid hosp,1,2026-09-05,04,quantile,0.15,32.0
2026-08-29,wk inc covid hosp,1,2026-09-05,04,quantile,0.2,36.0
2026-08-29,wk inc covid hosp,1,2026-09-05,04,quantile,0.25,40.0
2026-08-29,wk inc covid hosp,1,2026-09-05,04,quantile,0.3,42.0
2026-08-29,wk inc covid hosp,1,2026-09-05,04,quantile,0.35,44.0
2026-08-29,wk inc covid hosp,1,2026-09-05,04,quantile,0.4,46.0
2026-08-29,wk inc covid hosp,1,2026-09-05,04,quantile,0.45,48.0
2026-08-29,wk inc covid hosp,1,2026-09-05,04,quantile,0.5,50.0
2026-08-29,wk inc covid hosp,1,2026-09-05,04,quantile,0.55,51.0
2026-08-29,wk inc covid hosp,1,2026-09-05,04,quantile,0.6,53.0
2026-08-29,wk inc covid hosp,1,2026-09-05,04,quantile,0.65,55.0
2026-08-29,wk inc covid hosp,1,2026-09-05,04,quantile,0.7,56.0
2026-08-29,wk inc covid hosp,1,2026-09-05,04,quantile,0.75,59.0
2026-08-29,wk inc covid hosp,1,2026-09-05,04,quantile,0.8,63.0
2026-08-29,wk inc covid hosp,1,2026-09-05,04,quantile,0.85,69.0
2026-08-29,wk inc covid hosp,1,2026-09-05,04,quantile,0.9,76.0
2026-08-29,wk inc covid hosp,1,2026-09-05,04,quantile,0.95,91.0
2026-08-29,wk inc covid hosp,1,2026-09-05,04,quantile,0.975,109.0
2026-08-29,wk inc covid hosp,1,2026-09-05,04,quantile,0.99,151.0
2026-08-29,wk inc covid hosp,1,2026-09-05,05,quantile,0.01,1.0
2026-08-29,wk inc covid hosp,1,2026-09-05,05,quantile,0.025,2.0
2026-08-29,wk inc covid hosp,1,2026-09-05,05,quantile,0.05,4.0
2026-08-29,wk inc covid hosp,1,2026-09-05,05,quantile,0.1,5.0
2026-08-29,wk inc covid hosp,1,2026-09-05,05,quantile,0.15,7.0
2026-08-29,wk inc covid hosp,1,2026-09-05,05,quantile,0.2,8.0
2026-08-29,wk inc covid hosp,1,2026-09-05,05,quantile,0.25,8.0
2026-08-29,wk inc covid hosp,1,2026-09-05,05,quantile,0.3,9.0
2026-08-29,wk inc covid hosp,1,2026-09-05,05,quantile,0.35,10.0
2026-08-29,wk inc covid hosp,1,2026-09-05,05,quantile,0.4,10.0
2026-08-29,wk inc covid hosp,1,2026-09-05,05,quantile,0.45,11.0
2026-08-29,wk inc covid hosp,1,2026-09-05,05,quantile,0.5,11.0
2026-08-29,wk inc covid hosp,1,2026-09-05,05,quantile,0.55,11.0
2026-08-29,wk inc covid hosp,1,2026-09-05,05,quantile,0.6,12.0
2026-08-29,wk inc covid hosp,1,2026-09-05,05,quantile,0.65,12.0
2026-08-29,wk inc covid hosp,1,2026-09-05,05,quantile,0.7,13.0
2026-08-29,wk inc covid hosp,1,2026-09-05,05,quantile,0.75,13.0
2026-08-29,wk inc covid hosp,1,2026-09-05,05,quantile,0.8,14.0
2026-08-29,wk inc covid hosp,1,2026-09-05,05,quantile,0.85,15.0
2026-08-29,wk inc covid hosp,1,2026-09-05,05,quantile,0.9,17.0
2026-08-29,wk inc covid hosp,1,2026-09-05,05,quantile,0.95,21.0
2026-08-29,wk inc covid hosp,1,2026-09-05,05,quantile,0.975,25.0
2026-08-29,wk inc covid hosp,1,2026-09-05,05,quantile,0.99,36.0
2026-08-29,wk inc covid hosp,1,2026-09-05,06,quantile,0.01,110.0
2026-08-29,wk inc covid hosp,1,2026-09-05,06,quantile,0.025,155.0
2026-08-29,wk inc covid hosp,1,2026-09-05,06,quantile,0.05,215.0
2026-08-29,wk inc covid hosp,1,2026-09-05,06,quantile,0.1,274.0
2026-08-29,wk inc covid hosp,1,2026-09-05,06,quantile,0.15,326.0
2026-08-29,wk inc covid hosp,1,2026-09-05,06,quantile,0.2,369.0
2026-08-29,wk inc covid hosp,1,2026-09-05,06,quantile,0.25,401.0
2026-08-29,wk inc covid hosp,1,2026-09-05,06,quantile,0.3,424.0
2026-08-29,wk inc covid hosp,1,2026-09-05,06,quantile,0.35,445.0
2026-08-29,wk inc covid hosp,1,2026-09-05,06,quantile,0.4,463.0
2026-08-29,wk inc covid hosp,1,2026-09-05,06,quantile,0.45,481.0
2026-08-29,wk inc covid hosp,1,2026-09-05,06,quantile,0.5,498.0
2026-08-29,wk inc covid hosp,1,2026-09-05,06,quantile,0.55,511.0
2026-08-29,wk inc covid hosp,1,2026-09-05,06,quantile,0.6,525.0
2026-08-29,wk inc covid hosp,1,2026-09-05,06,quantile,0.65,542.0
2026-08-29,wk inc covid hosp,1,2026-09-05,06,quantile,0.7,558.0
2026-08-29,wk inc covid hosp,1,2026-09-05,06,quantile,0.75,586.0
2026-08-29,wk inc covid hosp,1,2026-09-05,06,quantile,0.8,620.0
2026-08-29,wk inc covid hosp,1,2026-09-05,06,quantile,0.85,672.0
2026-08-29,wk inc covid hosp,1,2026-09-05,06,quantile,0.9,736.0
2026-08-29,wk inc covid hosp,1,2026-09-05,06,quantile,0.95,885.0
2026-08-29,wk inc covid hosp,1,2026-09-05,06,quantile,0.975,1052.0
2026-08-29,wk inc covid hosp,1,2026-09-05,06,quantile,0.99,1441.0
2026-08-29,wk inc covid hosp,1,2026-09-05,08,quantile,0.01,2.0
2026-08-29,wk inc covid hosp,1,2026-09-05,08,quantile,0.025,5.0
2026-08-29,wk inc covid hosp,1,2026-09-05,08,quantile,0.05,8.0
2026-08-29,wk inc covid hosp,1,2026-09-05,08,quantile,0.1,11.0
2026-08-29,wk inc covid hosp,1,2026-09-05,08,quantile,0.15,14.0
2026-08-29,wk inc covid hosp,1,2026-09-05,08,quantile,0.2,16.0
2026-08-29,wk inc covid hosp,1,2026-09-05,08,quantile,0.25,18.0
2026-08-29,wk inc covid hosp,1,2026-09-05,08,quantile,0.3,19.0
2026-08-29,wk inc covid hosp,1,2026-09-05,08,quantile,0.35,20.0
2026-08-29,wk inc covid hosp,1,2026-09-05,08,quantile,0.4,21.0
2026-08-29,wk inc covid hosp,1,2026-09-05,08,quantile,0.45,22.0
2026-08-29,wk inc covid hosp,1,2026-09-05,08,quantile,0.5,23.0
2026-08-29,wk inc covid hosp,1,2026-09-05,08,quantile,0.55,24.0
2026-08-29,wk inc covid hosp,1,2026-09-05,08,quantile,0.6,24.0
2026-08-29,wk inc covid hosp,1,2026-09-05,08,quantile,0.65,25.0
2026-08-29,wk inc covid hosp,1,2026-09-05,08,quantile,0.7,26.0
2026-08-29,wk inc covid hosp,1,2026-09-05,08,quantile,0.75,28.0
2026-08-29,wk inc covid hosp,1,2026-09-05,08,quantile,0.8,29.0
2026-08-29,wk inc covid hosp,1,2026-09-05,08,quantile,0.85,32.0
2026-08-29,wk inc covid hosp,1,2026-09-05,08,quantile,0.9,36.0
2026-08-29,wk inc covid hosp,1,2026-09-05,08,quantile,0.95,44.0
2026-08-29,wk inc covid hosp,1,2026-09-05,08,quantile,0.975,52.0
2026-08-29,wk inc covid hosp,1,2026-09-05,08,quantile,0.99,73.0
2026-08-29,wk inc covid hosp,1,2026-09-05,09,quantile,0.01,0.0
2026-08-29,wk inc covid hosp,1,2026-09-05,09,quantile,0.025,2.0
2026-08-29,wk inc covid hosp,1,2026-09-05,09,quantile,0.05,3.0
2026-08-29,wk inc covid hosp,1,2026-09-05,09,quantile,0.1,5.0
2026-08-29,wk inc covid hosp,1,2026-09-05,09,quantile,0.15,6.0
2026-08-29,wk inc covid hosp,1,2026-09-05,09,quantile,0.2,8.0
2026-08-29,wk inc covid hosp,1,2026-09-05,09,quantile,0.25,8.0
2026-08-29,wk inc covid hosp,1,2026-09-05,09,quantile,0.3,9.0
2026-08-29,wk inc covid hosp,1,2026-09-05,09,quantile,0.35,10.0
2026-08-29,wk inc covid hosp,1,2026-09-05,09,quantile,0.4,10.0
2026-08-29,wk inc covid hosp,1,2026-09-05,09,quantile,0.45,11.0
2026-08-29,wk inc covid hosp,1,2026-09-05,09,quantile,0.5,11.0
2026-08-29,wk inc covid hosp,1,2026-09-05,09,quantile,0.55,11.0
2026-08-29,wk inc covid hosp,1,2026-09-05,09,quantile,0.6,12.0
2026-08-29,wk inc covid hosp,1,2026-09-05,09,quantile,0.65,12.0
2026-08-29,wk inc covid hosp,1,2026-09-05,09,quantile,0.7,13.0
2026-08-29,wk inc covid hosp,1,2026-09-05,09,quantile,0.75,13.0
2026-08-29,wk inc covid hosp,1,2026-09-05,09,quantile,0.8,14.0
2026-08-29,wk inc covid hosp,1,2026-09-05,09,quantile,0.85,16.0
2026-08-29,wk inc covid hosp,1,2026-09-05,09,quantile,0.9,18.0
2026-08-29,wk inc covid hosp,1,2026-09-05,09,quantile,0.95,22.0
2026-08-29,wk inc covid hosp,1,2026-09-05,09,quantile,0.975,26.0
2026-08-29,wk inc covid hosp,1,2026-09-05,09,quantile,0.99,37.0
2026-08-29,wk inc covid hosp,1,2026-09-05,10,quantile,0.01,0.0
2026-08-29,wk inc covid hosp,1,2026-09-05,10,quantile,0.025,0.0
2026-08-29,wk inc covid hosp,1,2026-09-05,10,quantile,0.05,1.0
2026-08-29,wk inc covid hosp,1,2026-09-05,10,quantile,0.1,1.0
2026-08-29,wk inc covid hosp,1,2026-09-05,10,quantile,0.15,1.0
2026-08-29,wk inc covid hosp,1,2026-09-05,10,quantile,0.2,2.0
2026-08-29,wk inc covid hosp,1,2026-09-05,10,quantile,0.25,2.0
2026-08-29,wk inc covid hosp,1,2026-09-05,10,quantile,0.3,2.0
2026-08-29,wk inc covid hosp,1,2026-09-05,10,quantile,0.35,2.0
2026-08-29,wk inc covid hosp,1,2026-09-05,10,quantile,0.4,2.0
2026-08-29,wk inc covid hosp,1,2026-09-05,10,quantile,0.45,2.0
2026-08-29,wk inc covid hosp,1,2026-09-05,10,quantile,0.5,3.0
2026-08-29,wk inc covid hosp,1,2026-09-05,10,quantile,0.55,3.0
2026-08-29,wk inc covid hosp,1,2026-09-05,10,quantile,0.6,3.0
2026-08-29,wk inc covid hosp,1,2026-09-05,10,quantile,0.65,3.0
2026-08-29,wk inc covid hosp,1,2026-09-05,10,quantile,0.7,3.0
2026-08-29,wk inc covid hosp,1,2026-09-05,10,quantile,0.75,3.0
2026-08-29,wk inc covid hosp,1,2026-09-05,10,quantile,0.8,3.0
2026-08-29,wk inc covid hosp,1,2026-09-05,10,quantile,0.85,4.0
2026-08-29,wk inc covid hosp,1,2026-09-05,10,quantile,0.9,4.0
2026-08-29,wk inc covid hosp,1,2026-09-05,10,quantile,0.95,5.0
2026-08-29,wk inc covid hosp,1,2026-09-05,10,quantile,0.975,6.0
2026-08-29,wk inc covid hosp,1,2026-09-05,10,quantile,0.99,9.0
2026-08-29,wk inc covid hosp,1,2026-09-05,11,quantile,0.01,0.0
2026-08-29,wk inc covid hosp,1,2026-09-05,11,quantile,0.025,1.0
2026-08-29,wk inc covid hosp,1,2026-09-05,11,quantile,0.05,1.0
2026-08-29,wk inc covid hosp,1,2026-09-05,11,quantile,0.1,2.0
2026-08-29,wk inc covid hosp,1,2026-09-05,11,quantile,0.15,2.0
2026-08-29,wk inc covid hosp,1,2026-09-05,11,quantile,0.2,2.0
2026-08-29,wk inc covid hosp,1,2026-09-05,11,quantile,0.25,2.0
2026-08-29,wk inc covid hosp,1,2026-09-05,11,quantile,0.3,3.0
2026-08-29,wk inc covid hosp,1,2026-09-05,11,quantile,0.35,3.0
2026-08-29,wk inc covid hosp,1,2026-09-05,11,quantile,0.4,3.0
2026-08-29,wk inc covid hosp,1,2026-09-05,11,quantile,0.45,3.0
2026-08-29,wk inc covid hosp,1,2026-09-05,11,quantile,0.5,3.0
2026-08-29,wk inc covid hosp,1,2026-09-05,11,quantile,0.55,3.0
2026-08-29,wk inc covid hosp,1,2026-09-05,11,quantile,0.6,3.0
2026-08-29,wk inc covid hosp,1,2026-09-05,11,quantile,0.65,3.0
2026-08-29,wk inc covid hosp,1,2026-09-05,11,quantile,0.7,4.0
2026-08-29,wk inc covid hosp,1,2026-09-05,11,quantile,0.75,4.0
2026-08-29,wk inc covid hosp,1,2026-09-05,11,quantile,0.8,4.0
2026-08-29,wk inc covid hosp,1,2026-09-05,11,quantile,0.85,4.0
2026-08-29,wk inc covid hosp,1,2026-09-05,11,quantile,0.9,5.0
2026-08-29,wk inc covid hosp,1,2026-09-05,11,quantile,0.95,6.0
2026-08-29,wk inc covid hosp,1,2026-09-05,11,quantile,0.975,7.0
2026-08-29,wk inc covid hosp,1,2026-09-05,11,quantile,0.99,10.0
2026-08-29,wk inc covid hosp,1,2026-09-05,12,quantile,0.01,79.0
2026-08-29,wk inc covid hosp,1,2026-09-05,12,quantile,0.025,109.0
2026-08-29,wk inc covid hosp,1,2026-09-05,12,quantile,0.05,150.0
2026-08-29,wk inc covid hosp,1,2026-09-05,12,quantile,0.1,189.0
2026-08-29,wk inc covid hosp,1,2026-09-05,12,quantile,0.15,225.0
2026-08-29,wk inc covid hosp,1,2026-09-05,12,quantile,0.2,254.0
2026-08-29,wk inc covid hosp,1,2026-09-05,12,quantile,0.25,275.0
2026-08-29,wk inc covid hosp,1,2026-09-05,12,quantile,0.3,290.0
2026-08-29,wk inc covid hosp,1,2026-09-05,12,quantile,0.35,304.0
2026-08-29,wk inc covid hosp,1,2026-09-05,12,quantile,0.4,317.0
2026-08-29,wk inc covid hosp,1,2026-09-05,12,quantile,0.45,329.0
2026-08-29,wk inc covid hosp,1,2026-09-05,12,quantile,0.5,340.0
2026-08-29,wk inc covid hosp,1,2026-09-05,12,quantile,0.55,349.0
2026-08-29,wk inc covid hosp,1,2026-09-05,12,quantile,0.6,359.0
2026-08-29,wk inc covid hosp,1,2026-09-05,12,quantile,0.65,370.0
2026-08-29,wk inc covid hosp,1,2026-09-05,12,quantile,0.7,381.0
2026-08-29,wk inc covid hosp,1,2026-09-05,12,quantile,0.75,399.0
2026-08-29,wk inc covid hosp,1,2026-09-05,12,quantile,0.8,422.0
2026-08-29,wk inc covid hosp,1,2026-09-05,12,quantile,0.85,457.0
2026-08-29,wk inc covid hosp,1,2026-09-05,12,quantile,0.9,501.0
2026-08-29,wk inc covid hosp,1,2026-09-05,12,quantile,0.95,601.0
2026-08-29,wk inc covid hosp,1,2026-09-05,12,quantile,0.975,713.0
2026-08-29,wk inc covid hosp,1,2026-09-05,12,quantile,0.99,975.0
2026-08-29,wk inc covid hosp,1,2026-09-05,13,quantile,0.01,16.0
2026-08-29,wk inc covid hosp,1,2026-09-05,13,quantile,0.025,24.0
2026-08-29,wk inc covid hosp,1,2026-09-05,13,quantile,0.05,34.0
2026-08-29,wk inc covid hosp,1,2026-09-05,13,quantile,0.1,45.0
2026-08-29,wk inc covid hosp,1,2026-09-05,13,quantile,0.15,54.0
2026-08-29,wk inc covid hosp,1,2026-09-05,13,quantile,0.2,62.0
2026-08-29,wk inc covid hosp,1,2026-09-05,13,quantile,0.25,67.0
2026-08-29,wk inc covid hosp,1,2026-09-05,13,quantile,0.3,71.0
2026-08-29,wk inc covid hosp,1,2026-09-05,13,quantile,0.35,75.0
2026-08-29,wk inc covid hosp,1,2026-09-05,13,quantile,0.4,78.0
2026-08-29,wk inc covid hosp,1,2026-09-05,13,quantile,0.45,81.0
2026-08-29,wk inc covid hosp,1,2026-09-05,13,quantile,0.5,84.0
2026-08-29,wk inc covid hosp,1,2026-09-05,13,quantile,0.55,87.0
2026-08-29,wk inc covid hosp,1,2026-09-05,13,quantile,0.6,89.0
2026-08-29,wk inc covid hosp,1,2026-09-05,13,quantile,0.65,92.0
2026-08-29,wk inc covid hosp,1,2026-09-05,13,quantile,0.7,95.0
2026-08-29,wk inc covid hosp,1,2026-09-05,13,quantile,0.75,100.0
2026-08-29,wk inc covid hosp,1,2026-09-05,13,quantile,0.8,106.0
2026-08-29,wk inc covid hosp,1,2026-09-05,13,quantile,0.85,115.0
2026-08-29,wk inc covid hosp,1,2026-09-05,13,quantile,0.9,126.0
2026-08-29,wk inc covid hosp,1,2026-09-05,13,quantile,0.95,153.0
2026-08-29,wk inc covid hosp,1,2026-09-05,13,quantile,0.975,182.0
2026-08-29,wk inc covid hosp,1,2026-09-05,13,quantile,0.99,251.0
2026-08-29,wk inc covid hosp,1,2026-09-05,15,quantile,0.01,4.0
2026-08-29,wk inc covid hosp,1,2026-09-05,15,quantile,0.025,5.0
2026-08-29,wk inc covid hosp,1,2026-09-05,15,quantile,0.05,7.0
2026-08-29,wk inc covid hosp,1,2026-09-05,15,quantile,0.1,9.0
2026-08-29,wk inc covid hosp,1,2026-09-05,15,quantile,0.15,11.0
2026-08-29,wk inc covid hosp,1,2026-09-05,15,quantile,0.2,13.0
2026-08-29,wk inc covid hosp,1,2026-09-05,15,quantile,0.25,14.0
2026-08-29,wk inc covid hosp,1,2026-09-05,15,quantile,0.3,15.0
2026-08-29,wk inc covid hosp,1,2026-09-05,15,quantile,0.35,15.0
2026-08-29,wk inc covid hosp,1,2026-09-05,15,quantile,0.4,16.0
2026-08-29,wk inc covid hosp,1,2026-09-05,15,quantile,0.45,17.0
2026-08-29,wk inc covid hosp,1,2026-09-05,15,quantile,0.5,17.0
2026-08-29,wk inc covid hosp,1,2026-09-05,15,quantile,0.55,18.0
2026-08-29,wk inc covid hosp,1,2026-09-05,15,quantile,0.6,18.0
2026-08-29,wk inc covid hosp,1,2026-09-05,15,quantile,0.65,19.0
2026-08-29,wk inc covid hosp,1,2026-09-05,15,quantile,0.7,19.0
2026-08-29,wk inc covid hosp,1,2026-09-05,15,quantile,0.75,20.0
2026-08-29,wk inc covid hosp,1,2026-09-05,15,quantile,0.8,21.0
2026-08-29,wk inc covid hosp,1,2026-09-05,15,quantile,0.85,23.0
2026-08-29,wk inc covid hosp,1,2026-09-05,15,quantile,0.9,25.0
2026-08-29,wk inc covid hosp,1,2026-09-05,15,quantile,0.95,31.0
2026-08-29,wk inc covid hosp,1,2026-09-05,15,quantile,0.975,36.0
2026-08-29,wk inc covid hosp,1,2026-09-05,15,quantile,0.99,50.0
2026-08-29,wk inc covid hosp,1,2026-09-05,16,quantile,0.01,0.0
2026-08-29,wk inc covid hosp,1,2026-09-05,16,quantile,0.025,1.0
2026-08-29,wk inc covid hosp,1,2026-09-05,16,quantile,0.05,1.0
2026-08-29,wk inc covid hosp,1,2026-09-05,16,quantile,0.1,2.0
2026-08-29,wk inc covid hosp,1,2026-09-05,16,quantile,0.15,3.0
2026-08-29,wk inc covid hosp,1,2026-09-05,16,quantile,0.2,3.0
2026-08-29,wk inc covid hosp,1,2026-09-05,16,quantile,0.25,3.0
2026-08-29,wk inc covid hosp,1,2026-09-05,16,quantile,0.3,4.0
2026-08-29,wk inc covid hosp,1,2026-09-05,16,quantile,0.35,4.0
2026-08-29,wk inc covid hosp,1,2026-09-05,16,quantile,0.4,4.0
2026-08-29,wk inc covid hosp,1,2026-09-05,16,quantile,0.45,4.0
2026-08-29,wk inc covid hosp,1,2026-09-05,16,quantile,0.5,5.0
2026-08-29,wk inc covid hosp,1,2026-09-05,16,quantile,0.55,5.0
2026-08-29,wk inc covid hosp,1,2026-09-05,16,quantile,0.6,5.0
2026-08-29,wk inc covid hosp,1,2026-09-05,16,quantile,0.65,5.0
2026-08-29,wk inc covid hosp,1,2026-09-05,16,quantile,0.7,5.0
2026-08-29,wk inc covid hosp,1,2026-09-05,16,quantile,0.75,6.0
2026-08-29,wk inc covid hosp,1,2026-09-05,16,quantile,0.8,6.0
2026-08-29,wk inc covid hosp,1,2026-09-05,16,quantile,0.85,7.0
2026-08-29,wk inc covid hosp,1,2026-09-05,16,quantile,0.9,7.0
2026-08-29,wk inc covid hosp,1,2026-09-05,16,quantile,0.95,9.0
2026-08-29,wk inc covid hosp,1,2026-09-05,16,quantile,0.975,11.0
2026-08-29,wk inc covid hosp,1,2026-09-05,16,quantile,0.99,16.0
2026-08-29,wk inc covid hosp,1,2026-09-05,17,quantile,0.01,1.0
2026-08-29,wk inc covid hosp,1,2026-09-05,17,quantile,0.025,5.0
2026-08-29,wk inc covid hosp,1,2026-09-05,17,quantile,0.05,10.0
2026-08-29,wk inc covid hosp,1,2026-09-05,17,quantile,0.1,15.0
2026-08-29,wk inc covid hosp,1,2026-09-05,17,quantile,0.15,20.0
2026-08-29,wk inc covid hosp,1,2026-09-05,17,quantile,0.2,24.0
2026-08-29,wk inc covid hosp,1,2026-09-05,17,quantile,0.25,27.0
2026-08-29,wk inc covid hosp,1,2026-09-05,17,quantile,0.3,29.0
2026-08-29,wk inc covid hosp,1,2026-09-05,17,quantile,0.35,30.0
2026-08-29,wk inc covid hosp,1,2026-09-05,17,quantile,0.4,32.0
2026-08-29,wk inc covid hosp,1,2026-09-05,17,quantile,0.45,34.0
2026-08-29,wk inc covid hosp,1,2026-09-05,17,quantile,0.5,35.0
2026-08-29,wk inc covid hosp,1,2026-09-05,17,quantile,0.55,36.0
2026-08-29,wk inc covid hosp,1,2026-09-05,17,quantile,0.6,38.0
2026-08-29,wk inc covid hosp,1,2026-09-05,17,quantile,0.65,39.0
2026-08-29,wk inc covid hosp,1,2026-09-05,17,quantile,0.7,40.0
2026-08-29,wk inc covid hosp,1,2026-09-05,17,quantile,0.75,43.0
2026-08-29,wk inc covid hosp,1,2026-09-05,17,quantile,0.8,46.0
2026-08-29,wk inc covid hosp,1,2026-09-05,17,quantile,0.85,51.0
2026-08-29,wk inc covid hosp,1,2026-09-05,17,quantile,0.9,56.0
2026-08-29,wk inc covid hosp,1,2026-09-05,17,quantile,0.95,70.0
2026-08-29,wk inc covid hosp,1,2026-09-05,17,quantile,0.975,84.0
2026-08-29,wk inc covid hosp,1,2026-09-05,17,quantile,0.99,119.0
2026-08-29,wk inc covid hosp,1,2026-09-05,18,quantile,0.01,0.0
2026-08-29,wk inc covid hosp,1,2026-09-05,18,quantile,0.025,1.0
2026-08-29,wk inc covid hosp,1,2026-09-05,18,quantile,0.05,4.0
2026-08-29,wk inc covid hosp,1,2026-09-05,18,quantile,0.1,6.0
2026-08-29,wk inc covid hosp,1,2026-09-05,18,quantile,0.15,9.0
2026-08-29,wk inc covid hosp,1,2026-09-05,18,quantile,0.2,10.0
2026-08-29,wk inc covid hosp,1,2026-09-05,18,quantile,0.25,12.0
2026-08-29,wk inc covid hosp,1,2026-09-05,18,quantile,0.3,13.0
2026-08-29,wk inc covid hosp,1,2026-09-05,18,quantile,0.35,14.0
2026-08-29,wk inc covid hosp,1,2026-09-05,18,quantile,0.4,14.0
2026-08-29,wk inc covid hosp,1,2026-09-05,18,quantile,0.45,15.0
2026-08-29,wk inc covid hosp,1,2026-09-05,18,quantile,0.5,16.0
2026-08-29,wk inc covid hosp,1,2026-09-05,18,quantile,0.55,16.0
2026-08-29,wk inc covid hosp,1,2026-09-05,18,quantile,0.6,17.0
2026-08-29,wk inc covid hosp,1,2026-09-05,18,quantile,0.65,18.0
2026-08-29,wk inc covid hosp,1,2026-09-05,18,quantile,0.7,18.0
2026-08-29,wk inc covid hosp,1,2026-09-05,18,quantile,0.75,19.0
2026-08-29,wk inc covid hosp,1,2026-09-05,18,quantile,0.8,21.0
2026-08-29,wk inc covid hosp,1,2026-09-05,18,quantile,0.85,23.0
2026-08-29,wk inc covid hosp,1,2026-09-05,18,quantile,0.9,26.0
2026-08-29,wk inc covid hosp,1,2026-09-05,18,quantile,0.95,32.0
2026-08-29,wk inc covid hosp,1,2026-09-05,18,quantile,0.975,39.0
2026-08-29,wk inc covid hosp,1,2026-09-05,18,quantile,0.99,55.0
2026-08-29,wk inc covid hosp,1,2026-09-05,19,quantile,0.01,0.0
2026-08-29,wk inc covid hosp,1,2026-09-05,19,quantile,0.025,0.0
2026-08-29,wk inc covid hosp,1,2026-09-05,19,quantile,0.05,1.0
2026-08-29,wk inc covid hosp,1,2026-09-05,19,quantile,0.1,1.0
2026-08-29,wk inc covid hosp,1,2026-09-05,19,quantile,0.15,2.0
2026-08-29,wk inc covid hosp,1,2026-09-05,19,quantile,0.2,3.0
2026-08-29,wk inc covid hosp,1,2026-09-05,19,quantile,0.25,3.0
2026-08-29,wk inc covid hosp,1,2026-09-05,19,quantile,0.3,4.0
2026-08-29,wk inc covid hosp,1,2026-09-05,19,quantile,0.35,4.0
2026-08-29,wk inc covid hosp,1,2026-09-05,19,quantile,0.4,4.0
2026-08-29,wk inc covid hosp,1,2026-09-05,19,quantile,0.45,4.0
2026-08-29,wk inc covid hosp,1,2026-09-05,19,quantile,0.5,5.0
2026-08-29,wk inc covid hosp,1,2026-09-05,19,quantile,0.55,5.0
2026-08-29,wk inc covid hosp,1,2026-09-05,19,quantile,0.6,5.0
2026-08-29,wk inc covid hosp,1,2026-09-05,19,quantile,0.65,5.0
2026-08-29,wk inc covid hosp,1,2026-09-05,19,quantile,0.7,6.0
2026-08-29,wk inc covid hosp,1,2026-09-05,19,quantile,0.75,6.0
2026-08-29,wk inc covid hosp,1,2026-09-05,19,quantile,0.8,6.0
2026-08-29,wk inc covid hosp,1,2026-09-05,19,quantile,0.85,7.0
2026-08-29,wk inc covid hosp,1,2026-09-05,19,quantile,0.9,8.0
2026-08-29,wk inc covid hosp,1,2026-09-05,19,quantile,0.95,10.0
2026-08-29,wk inc covid hosp,1,2026-09-05,19,quantile,0.975,13.0
2026-08-29,wk inc covid hosp,1,2026-09-05,19,quantile,0.99,18.0
2026-08-29,wk inc covid hosp,1,2026-09-05,20,quantile,0.01,0.0
2026-08-29,wk inc covid hosp,1,2026-09-05,20,quantile,0.025,1.0
2026-08-29,wk inc covid hosp,1,2026-09-05,20,quantile,0.05,2.0
2026-08-29,wk inc covid hosp,1,2026-09-05,20,quantile,0.1,3.0
2026-08-29,wk inc covid hosp,1,2026-09-05,20,quantile,0.15,4.0
2026-08-29,wk inc covid hosp,1,2026-09-05,20,quantile,0.2,5.0
2026-08-29,wk inc covid hosp,1,2026-09-05,20,quantile,0.25,6.0
2026-08-29,wk inc covid hosp,1,2026-09-05,20,quantile,0.3,6.0
2026-08-29,wk inc covid hosp,1,2026-09-05,20,quantile,0.35,7.0
2026-08-29,wk inc covid hosp,1,2026-09-05,20,quantile,0.4,7.0
2026-08-29,wk inc covid hosp,1,2026-09-05,20,quantile,0.45,7.0
2026-08-29,wk inc covid hosp,1,2026-09-05,20,quantile,0.5,8.0
2026-08-29,wk inc covid hosp,1,2026-09-05,20,quantile,0.55,8.0
2026-08-29,wk inc covid hosp,1,2026-09-05,20,quantile,0.6,8.0
2026-08-29,wk inc covid hosp,1,2026-09-05,20,quantile,0.65,8.0
2026-08-29,wk inc covid hosp,1,2026-09-05,20,quantile,0.7,9.0
2026-08-29,wk inc covid hosp,1,2026-09-05,20,quantile,0.75,9.0
2026-08-29,wk inc covid hosp,1,2026-09-05,20,quantile,0.8,10.0
2026-08-29,wk inc covid hosp,1,2026-09-05,20,quantile,0.85,11.0
2026-08-29,wk inc covid hosp,1,2026-09-05,20,quantile,0.9,12.0
2026-08-29,wk inc covid hosp,1,2026-09-05,20,quantile,0.95,15.0
2026-08-29,wk inc covid hosp,1,2026-09-05,20,quantile,0.975,18.0
2026-08-29,wk inc covid hosp,1,2026-09-05,20,quantile,0.99,26.0
2026-08-29,wk inc covid hosp,1,2026-09-05,21,quantile,0.01,1.0
2026-08-29,wk inc covid hosp,1,2026-09-05,21,quantile,0.025,3.0
2026-08-29,wk inc covid hosp,1,2026-09-05,21,quantile,0.05,5.0
2026-08-29,wk inc covid hosp,1,2026-09-05,21,quantile,0.1,7.0
2026-08-29,wk inc covid hosp,1,2026-09-05,21,quantile,0.15,9.0
2026-08-29,wk inc covid hosp,1,2026-09-05,21,quantile,0.2,10.0
2026-08-29,wk inc covid hosp,1,2026-09-05,21,quantile,0.25,11.0
2026-08-29,wk inc covid hosp,1,2026-09-05,21,quantile,0.3,12.0
2026-08-29,wk inc covid hosp,1,2026-09-05,21,quantile,0.35,13.0
2026-08-29,wk inc covid hosp,1,2026-09-05,21,quantile,0.4,14.0
2026-08-29,wk inc covid hosp,1,2026-09-05,21,quantile,0.45,14.0
2026-08-29,wk inc covid hosp,1,2026-09-05,21,quantile,0.5,15.0
2026-08-29,wk inc covid hosp,1,2026-09-05,21,quantile,0.55,15.0
2026-08-29,wk inc covid hosp,1,2026-09-05,21,quantile,0.6,16.0
2026-08-29,wk inc covid hosp,1,2026-09-05,21,quantile,0.65,17.0
2026-08-29,wk inc covid hosp,1,2026-09-05,21,quantile,0.7,17.0
2026-08-29,wk inc covid hosp,1,2026-09-05,21,quantile,0.75,18.0
2026-08-29,wk inc covid hosp,1,2026-09-05,21,quantile,0.8,19.0
2026-08-29,wk inc covid hosp,1,2026-09-05,21,quantile,0.85,21.0
2026-08-29,wk inc covid hosp,1,2026-09-05,21,quantile,0.9,24.0
2026-08-29,wk inc covid hosp,1,2026-09-05,21,quantile,0.95,29.0
2026-08-29,wk inc covid hosp,1,2026-09-05,21,quantile,0.975,35.0
2026-08-29,wk inc covid hosp,1,2026-09-05,21,quantile,0.99,49.0
2026-08-29,wk inc covid hosp,1,2026-09-05,22,quantile,0.01,16.0
2026-08-29,wk inc covid hosp,1,2026-09-05,22,quantile,0.025,22.0
2026-08-29,wk inc covid hosp,1,2026-09-05,22,quantile,0.05,30.0
2026-08-29,wk inc covid hosp,1,2026-09-05,22,quantile,0.1,38.0
2026-08-29,wk inc covid hosp,1,2026-09-05,22,quantile,0.15,45.0
2026-08-29,wk inc covid hosp,1,2026-09-05,22,quantile,0.2,51.0
2026-08-29,wk inc covid hosp,1,2026-09-05,22,quantile,0.25,55.0
2026-08-29,wk inc covid hosp,1,2026-09-05,22,quantile,0.3,58.0
2026-08-29,wk inc covid hosp,1,2026-09-05,22,quantile,0.35,61.0
2026-08-29,wk inc covid hosp,1,2026-09-05,22,quantile,0.4,63.0
2026-08-29,wk inc covid hosp,1,2026-09-05,22,quantile,0.45,66.0
2026-08-29,wk inc covid hosp,1,2026-09-05,22,quantile,0.5,68.0
2026-08-29,wk inc covid hosp,1,2026-09-05,22,quantile,0.55,70.0
2026-08-29,wk inc covid hosp,1,2026-09-05,22,quantile,0.6,72.0
2026-08-29,wk inc covid hosp,1,2026-09-05,22,quantile,0.65,74.0
2026-08-29,wk inc covid hosp,1,2026-09-05,22,quantile,0.7,76.0
2026-08-29,wk inc covid hosp,1,2026-09-05,22,quantile,0.75,80.0
2026-08-29,wk inc covid hosp,1,2026-09-05,22,quantile,0.8,85.0
2026-08-29,wk inc covid hosp,1,2026-09-05,22,quantile,0.85,92.0
2026-08-29,wk inc covid hosp,1,2026-09-05,22,quantile,0.9,100.0
2026-08-29,wk inc covid hosp,1,2026-09-05,22,quantile,0.95,121.0
2026-08-29,wk inc covid hosp,1,2026-09-05,22,quantile,0.975,143.0
2026-08-29,wk inc covid hosp,1,2026-09-05,22,quantile,0.99,196.0
2026-08-29,wk inc covid hosp,1,2026-09-05,23,quantile,0.01,0.0
2026-08-29,wk inc covid hosp,1,2026-09-05,23,quantile,0.025,0.0
2026-08-29,wk inc covid hosp,1,2026-09-05,23,quantile,0.05,0.0
2026-08-29,wk inc covid hosp,1,2026-09-05,23,quantile,0.1,0.0
2026-08-29,wk inc covid hosp,1,2026-09-05,23,quantile,0.15,1.0
2026-08-29,wk inc covid hosp,1,2026-09-05,23,quantile,0.2,1.0
2026-08-29,wk inc covid hosp,1,2026-09-05,23,quantile,0.25,1.0
2026-08-29,wk inc covid hosp,1,2026-09-05,23,quantile,0.3,1.0
2026-08-29,wk inc covid hosp,1,2026-09-05,23,quantile,0.35,1.0
2026-08-29,wk inc covid hosp,1,2026-09-05,23,quantile,0.4,2.0
2026-08-29,wk inc covid hosp,1,2026-09-05,23,quantile,0.45,2.0
2026-08-29,wk inc covid hosp,1,2026-09-05,23,quantile,0.5,2.0
2026-08-29,wk inc covid hosp,1,2026-09-05,23,quantile,0.55,2.0
2026-08-29,wk inc covid hosp,1,2026-09-05,23,quantile,0.6,2.0
2026-08-29,wk inc covid hosp,1,2026-09-05,23,quantile,0.65,2.0
2026-08-29,wk inc covid hosp,1,2026-09-05,23,quantile,0.7,2.0
2026-08-29,wk inc covid hosp,1,2026-09-05,23,quantile,0.75,2.0
2026-08-29,wk inc covid hosp,1,2026-09-05,23,quantile,0.8,2.0
2026-08-29,wk inc covid hosp,1,2026-09-05,23,quantile,0.85,3.0
2026-08-29,wk inc covid hosp,1,2026-09-05,23,quantile,0.9,3.0
2026-08-29,wk inc covid hosp,1,2026-09-05,23,quantile,0.95,4.0
2026-08-29,wk inc covid hosp,1,2026-09-05,23,quantile,0.975,5.0
2026-08-29,wk inc covid hosp,1,2026-09-05,23,quantile,0.99,7.0
2026-08-29,wk inc covid hosp,1,2026-09-05,24,quantile,0.01,0.0
2026-08-29,wk inc covid hosp,1,2026-09-05,24,quantile,0.025,1.0
2026-08-29,wk inc covid hosp,1,2026-09-05,24,quantile,0.05,3.0
2026-08-29,wk inc covid hosp,1,2026-09-05,24,quantile,0.1,5.0
2026-08-29,wk inc covid hosp,1,2026-09-05,24,quantile,0.15,6.0
2026-08-29,wk inc covid hosp,1,2026-09-05,24,quantile,0.2,8.0
2026-08-29,wk inc covid hosp,1,2026-09-05,24,quantile,0.25,9.0
2026-08-29,wk inc covid hosp,1,2026-09-05,24,quantile,0.3,10.0
2026-08-29,wk inc covid hosp,1,2026-09-05,24,quantile,0.35,10.0
2026-08-29,wk inc covid hosp,1,2026-09-05,24,quantile,0.4,11.0
2026-08-29,wk inc covid hosp,1,2026-09-05,24,quantile,0.45,12.0
2026-08-29,wk inc covid hosp,1,2026-09-05,24,quantile,0.5,12.0
2026-08-29,wk inc covid hosp,1,2026-09-05,24,quantile,0.55,13.0
2026-08-29,wk inc covid hosp,1,2026-09-05,24,quantile,0.6,13.0
2026-08-29,wk inc covid hosp,1,2026-09-05,24,quantile,0.65,14.0
2026-08-29,wk inc covid hosp,1,2026-09-05,24,quantile,0.7,14.0
2026-08-29,wk inc covid hosp,1,2026-09-05,24,quantile,0.75,15.0
2026-08-29,wk inc covid hosp,1,2026-09-05,24,quantile,0.8,16.0
2026-08-29,wk inc covid hosp,1,2026-09-05,24,quantile,0.85,18.0
2026-08-29,wk inc covid hosp,1,2026-09-05,24,quantile,0.9,20.0
2026-08-29,wk inc covid hosp,1,2026-09-05,24,quantile,0.95,25.0
2026-08-29,wk inc covid hosp,1,2026-09-05,24,quantile,0.975,31.0
2026-08-29,wk inc covid hosp,1,2026-09-05,24,quantile,0.99,44.0
2026-08-29,wk inc covid hosp,1,2026-09-05,25,quantile,0.01,1.0
2026-08-29,wk inc covid hosp,1,2026-09-05,25,quantile,0.025,3.0
2026-08-29,wk inc covid hosp,1,2026-09-05,25,quantile,0.05,7.0
2026-08-29,wk inc covid hosp,1,2026-09-05,25,quantile,0.1,10.0
2026-08-29,wk inc covid hosp,1,2026-09-05,25,quantile,0.15,13.0
2026-08-29,wk inc covid hosp,1,2026-09-05,25,quantile,0.2,15.0
2026-08-29,wk inc covid hosp,1,2026-09-05,25,quantile,0.25,17.0
2026-08-29,wk inc covid hosp,1,2026-09-05,25,quantile,0.3,18.0
2026-08-29,wk inc covid hosp,1,2026-09-05,25,quantile,0.35,19.0
2026-08-29,wk inc covid hosp,1,2026-09-05,25,quantile,0.4,20.0
2026-08-29,wk inc covid hosp,1,2026-09-05,25,quantile,0.45,21.0
2026-08-29,wk inc covid hosp,1,2026-09-05,25,quantile,0.5,22.0
2026-08-29,wk inc covid hosp,1,2026-09-05,25,quantile,0.55,23.0
2026-08-29,wk inc covid hosp,1,2026-09-05,25,quantile,0.6,23.0
2026-08-29,wk inc covid hosp,1,2026-09-05,25,quantile,0.65,24.0
2026-08-29,wk inc covid hosp,1,2026-09-05,25,quantile,0.7,25.0
2026-08-29,wk inc covid hosp,1,2026-09-05,25,quantile,0.75,27.0
2026-08-29,wk inc covid hosp,1,2026-09-05,25,quantile,0.8,28.0
2026-08-29,wk inc covid hosp,1,2026-09-05,25,quantile,0.85,31.0
2026-08-29,wk inc covid hosp,1,2026-09-05,25,quantile,0.9,35.0
2026-08-29,wk inc covid hosp,1,2026-09-05,25,quantile,0.95,42.0
2026-08-29,wk inc covid hosp,1,2026-09-05,25,quantile,0.975,51.0
2026-08-29,wk inc covid hosp,1,2026-09-05,25,quantile,0.99,72.0
2026-08-29,wk inc covid hosp,1,2026-09-05,26,quantile,0.01,11.0
2026-08-29,wk inc covid hosp,1,2026-09-05,26,quantile,0.025,18.0
2026-08-29,wk inc covid hosp,1,2026-09-05,26,quantile,0.05,26.0
2026-08-29,wk inc covid hosp,1,2026-09-05,26,quantile,0.1,35.0
2026-08-29,wk inc covid hosp,1,2026-09-05,26,quantile,0.15,42.0
2026-08-29,wk inc covid hosp,1,2026-09-05,26,quantile,0.2,48.0
2026-08-29,wk inc covid hosp,1,2026-09-05,26,quantile,0.25,53.0
2026-08-29,wk inc covid hosp,1,2026-09-05,26,quantile,0.3,56.0
2026-08-29,wk inc covid hosp,1,2026-09-05,26,quantile,0.35,59.0
2026-08-29,wk inc covid hosp,1,2026-09-05,26,quantile,0.4,62.0
2026-08-29,wk inc covid hosp,1,2026-09-05,26,quantile,0.45,65.0
2026-08-29,wk inc covid hosp,1,2026-09-05,26,quantile,0.5,67.0
2026-08-29,wk inc covid hosp,1,2026-09-05,26,quantile,0.55,69.0
2026-08-29,wk inc covid hosp,1,2026-09-05,26,quantile,0.6,71.0
2026-08-29,wk inc covid hosp,1,2026-09-05,26,quantile,0.65,73.0
2026-08-29,wk inc covid hosp,1,2026-09-05,26,quantile,0.7,75.0
2026-08-29,wk inc covid hosp,1,2026-09-05,26,quantile,0.75,79.0
2026-08-29,wk inc covid hosp,1,2026-09-05,26,quantile,0.8,84.0
2026-08-29,wk inc covid hosp,1,2026-09-05,26,quantile,0.85,92.0
2026-08-29,wk inc covid hosp,1,2026-09-05,26,quantile,0.9,101.0
2026-08-29,wk inc covid hosp,1,2026-09-05,26,quantile,0.95,122.0
2026-08-29,wk inc covid hosp,1,2026-09-05,26,quantile,0.975,146.0
2026-08-29,wk inc covid hosp,1,2026-09-05,26,quantile,0.99,202.0
2026-08-29,wk inc covid hosp,1,2026-09-05,27,quantile,0.01,0.0
2026-08-29,wk inc covid hosp,1,2026-09-05,27,quantile,0.025,0.0
2026-08-29,wk inc covid hosp,1,2026-09-05,27,quantile,0.05,2.0
2026-08-29,wk inc covid hosp,1,2026-09-05,27,quantile,0.1,4.0
2026-08-29,wk inc covid hosp,1,2026-09-05,27,quantile,0.15,5.0
2026-08-29,wk inc covid hosp,1,2026-09-05,27,quantile,0.2,7.0
2026-08-29,wk inc covid hosp,1,2026-09-05,27,quantile,0.25,8.0
2026-08-29,wk inc covid hosp,1,2026-09-05,27,quantile,0.3,8.0
2026-08-29,wk inc covid hosp,1,2026-09-05,27,quantile,0.35,9.0
2026-08-29,wk inc covid hosp,1,2026-09-05,27,quantile,0.4,10.0
2026-08-29,wk inc covid hosp,1,2026-09-05,27,quantile,0.45,10.0
2026-08-29,wk inc covid hosp,1,2026-09-05,27,quantile,0.5,11.0
2026-08-29,wk inc covid hosp,1,2026-09-05,27,quantile,0.55,11.0
2026-08-29,wk inc covid hosp,1,2026-09-05,27,quantile,0.6,11.0
2026-08-29,wk inc covid hosp,1,2026-09-05,27,quantile,0.65,12.0
2026-08-29,wk inc covid hosp,1,2026-09-05,27,quantile,0.7,12.0
2026-08-29,wk inc covid hosp,1,2026-09-05,27,quantile,0.75,13.0
2026-08-29,wk inc covid hosp,1,2026-09-05,27,quantile,0.8,14.0
2026-08-29,wk inc covid hosp,1,2026-09-05,27,quantile,0.85,16.0
2026-08-29,wk inc covid hosp,1,2026-09-05,27,quantile,0.9,18.0
2026-08-29,wk inc covid hosp,1,2026-09-05,27,quantile,0.95,22.0
2026-08-29,wk inc covid hosp,1,2026-09-05,27,quantile,0.975,27.0
2026-08-29,wk inc covid hosp,1,2026-09-05,27,quantile,0.99,39.0
2026-08-29,wk inc covid hosp,1,2026-09-05,28,quantile,0.01,8.0
2026-08-29,wk inc covid hosp,1,2026-09-05,28,quantile,0.025,12.0
2026-08-29,wk inc covid hosp,1,2026-09-05,28,quantile,0.05,16.0
2026-08-29,wk inc covid hosp,1,2026-09-05,28,quantile,0.1,21.0
2026-08-29,wk inc covid hosp,1,2026-09-05,28,quantile,0.15,25.0
2026-08-29,wk inc covid hosp,1,2026-09-05,28,quantile,0.2,28.0
2026-08-29,wk inc covid hosp,1,2026-09-05,28,quantile,0.25,31.0
2026-08-29,wk inc covid hosp,1,2026-09-05,28,quantile,0.3,32.0
2026-08-29,wk inc covid hosp,1,2026-09-05,28,quantile,0.35,34.0
2026-08-29,wk inc covid hosp,1,2026-09-05,28,quantile,0.4,35.0
2026-08-29,wk inc covid hosp,1,2026-09-05,28,quantile,0.45,37.0
2026-08-29,wk inc covid hosp,1,2026-09-05,28,quantile,0.5,38.0
2026-08-29,wk inc covid hosp,1,2026-09-05,28,quantile,0.55,39.0
2026-08-29,wk inc covid hosp,1,2026-09-05,28,quantile,0.6,40.0
2026-08-29,wk inc covid hosp,1,2026-09-05,28,quantile,0.65,42.0
2026-08-29,wk inc covid hosp,1,2026-09-05,28,quantile,0.7,43.0
2026-08-29,wk inc covid hosp,1,2026-09-05,28,quantile,0.75,45.0
2026-08-29,wk inc covid hosp,1,2026-09-05,28,quantile,0.8,47.0
2026-08-29,wk inc covid hosp,1,2026-09-05,28,quantile,0.85,51.0
2026-08-29,wk inc covid hosp,1,2026-09-05,28,quantile,0.9,56.0
2026-08-29,wk inc covid hosp,1,2026-09-05,28,quantile,0.95,68.0
2026-08-29,wk inc covid hosp,1,2026-09-05,28,quantile,0.975,81.0
2026-08-29,wk inc covid hosp,1,2026-09-05,28,quantile,0.99,110.0
2026-08-29,wk inc covid hosp,1,2026-09-05,29,quantile,0.01,0.0
2026-08-29,wk inc covid hosp,1,2026-09-05,29,quantile,0.025,1.0
2026-08-29,wk inc covid hosp,1,2026-09-05,29,quantile,0.05,4.0
2026-08-29,wk inc covid hosp,1,2026-09-05,29,quantile,0.1,6.0
2026-08-29,wk inc covid hosp,1,2026-09-05,29,quantile,0.15,9.0
2026-08-29,wk inc covid hosp,1,2026-09-05,29,quantile,0.2,10.0
2026-08-29,wk inc covid hosp,1,2026-09-05,29,quantile,0.25,12.0
2026-08-29,wk inc covid hosp,1,2026-09-05,29,quantile,0.3,13.0
2026-08-29,wk inc covid hosp,1,2026-09-05,29,quantile,0.35,13.0
2026-08-29,wk inc covid hosp,1,2026-09-05,29,quantile,0.4,14.0
2026-08-29,wk inc covid hosp,1,2026-09-05,29,quantile,0.45,15.0
2026-08-29,wk inc covid hosp,1,2026-09-05,29,quantile,0.5,16.0
2026-08-29,wk inc covid hosp,1,2026-09-05,29,quantile,0.55,16.0
2026-08-29,wk inc covid hosp,1,2026-09-05,29,quantile,0.6,17.0
2026-08-29,wk inc covid hosp,1,2026-09-05,29,quantile,0.65,17.0
2026-08-29,wk inc covid hosp,1,2026-09-05,29,quantile,0.7,18.0
2026-08-29,wk inc covid hosp,1,2026-09-05,29,quantile,0.75,19.0
2026-08-29,wk inc covid hosp,1,2026-09-05,29,quantile,0.8,21.0
2026-08-29,wk inc covid hosp,1,2026-09-05,29,quantile,0.85,23.0
2026-08-29,wk inc covid hosp,1,2026-09-05,29,quantile,0.9,25.0
2026-08-29,wk inc covid hosp,1,2026-09-05,29,quantile,0.95,32.0
2026-08-29,wk inc covid hosp,1,2026-09-05,29,quantile,0.975,39.0
2026-08-29,wk inc covid hosp,1,2026-09-05,29,quantile,0.99,55.0
2026-08-29,wk inc covid hosp,1,2026-09-05,30,quantile,0.01,0.0
2026-08-29,wk inc covid hosp,1,2026-09-05,30,quantile,0.025,0.0
2026-08-29,wk inc covid hosp,1,2026-09-05,30,quantile,0.05,0.0
2026-08-29,wk inc covid hosp,1,2026-09-05,30,quantile,0.1,1.0
2026-08-29,wk inc covid hosp,1,2026-09-05,30,quantile,0.15,1.0
2026-08-29,wk inc covid hosp,1,2026-09-05,30,quantile,0.2,1.0
2026-08-29,wk inc covid hosp,1,2026-09-05,30,quantile,0.25,1.0
2026-08-29,wk inc covid hosp,1,2026-09-05,30,quantile,0.3,2.0
2026-08-29,wk inc covid hosp,1,2026-09-05,30,quantile,0.35,2.0
2026-08-29,wk inc covid hosp,1,2026-09-05,30,quantile,0.4,2.0
2026-08-29,wk inc covid hosp,1,2026-09-05,30,quantile,0.45,2.0
2026-08-29,wk inc covid hosp,1,2026-09-05,30,quantile,0.5,2.0
2026-08-29,wk inc covid hosp,1,2026-09-05,30,quantile,0.55,2.0
2026-08-29,wk inc covid hosp,1,2026-09-05,30,quantile,0.6,2.0
2026-08-29,wk inc covid hosp,1,2026-09-05,30,quantile,0.65,2.0
2026-08-29,wk inc covid hosp,1,2026-09-05,30,quantile,0.7,2.0
2026-08-29,wk inc covid hosp,1,2026-09-05,30,quantile,0.75,2.0
2026-08-29,wk inc covid hosp,1,2026-09-05,30,quantile,0.8,3.0
2026-08-29,wk inc covid hosp,1,2026-09-05,30,quantile,0.85,3.0
2026-08-29,wk inc covid hosp,1,2026-09-05,30,quantile,0.9,3.0
2026-08-29,wk inc covid hosp,1,2026-09-05,30,quantile,0.95,4.0
2026-08-29,wk inc covid hosp,1,2026-09-05,30,quantile,0.975,5.0
2026-08-29,wk inc covid hosp,1,2026-09-05,30,quantile,0.99,7.0
2026-08-29,wk inc covid hosp,1,2026-09-05,31,quantile,0.01,0.0
2026-08-29,wk inc covid hosp,1,2026-09-05,31,quantile,0.025,0.0
2026-08-29,wk inc covid hosp,1,2026-09-05,31,quantile,0.05,1.0
2026-08-29,wk inc covid hosp,1,2026-09-05,31,quantile,0.1,2.0
2026-08-29,wk inc covid hosp,1,2026-09-05,31,quantile,0.15,2.0
2026-08-29,wk inc covid hosp,1,2026-09-05,31,quantile,0.2,3.0
2026-08-29,wk inc covid hosp,1,2026-09-05,31,quantile,0.25,3.0
2026-08-29,wk inc covid hosp,1,2026-09-05,31,quantile,0.3,3.0
2026-08-29,wk inc covid hosp,1,2026-09-05,31,quantile,0.35,4.0
2026-08-29,wk inc covid hosp,1,2026-09-05,31,quantile,0.4,4.0
2026-08-29,wk inc covid hosp,1,2026-09-05,31,quantile,0.45,4.0
2026-08-29,wk inc covid hosp,1,2026-09-05,31,quantile,0.5,4.0
2026-08-29,wk inc covid hosp,1,2026-09-05,31,quantile,0.55,4.0
2026-08-29,wk inc covid hosp,1,2026-09-05,31,quantile,0.6,5.0
2026-08-29,wk inc covid hosp,1,2026-09-05,31,quantile,0.65,5.0
2026-08-29,wk inc covid hosp,1,2026-09-05,31,quantile,0.7,5.0
2026-08-29,wk inc covid hosp,1,2026-09-05,31,quantile,0.75,5.0
2026-08-29,wk inc covid hosp,1,2026-09-05,31,quantile,0.8,6.0
2026-08-29,wk inc covid hosp,1,2026-09-05,31,quantile,0.85,6.0
2026-08-29,wk inc covid hosp,1,2026-09-05,31,quantile,0.9,7.0
2026-08-29,wk inc covid hosp,1,2026-09-05,31,quantile,0.95,9.0
2026-08-29,wk inc covid hosp,1,2026-09-05,31,quantile,0.975,11.0
2026-08-29,wk inc covid hosp,1,2026-09-05,31,quantile,0.99,15.0
2026-08-29,wk inc covid hosp,1,2026-09-05,32,quantile,0.01,2.0
2026-08-29,wk inc covid hosp,1,2026-09-05,32,quantile,0.025,4.0
2026-08-29,wk inc covid hosp,1,2026-09-05,32,quantile,0.05,6.0
2026-08-29,wk inc covid hosp,1,2026-09-05,32,quantile,0.1,8.0
2026-08-29,wk inc covid hosp,1,2026-09-05,32,quantile,0.15,10.0
2026-08-29,wk inc covid hosp,1,2026-09-05,32,quantile,0.2,11.0
2026-08-29,wk inc covid hosp,1,2026-09-05,32,quantile,0.25,13.0
2026-08-29,wk inc covid hosp,1,2026-09-05,32,quantile,0.3,13.0
2026-08-29,wk inc covid hosp,1,2026-09-05,32,quantile,0.35,14.0
2026-08-29,wk inc covid hosp,1,2026-09-05,32,quantile,0.4,15.0
2026-08-29,wk inc covid hosp,1,2026-09-05,32,quantile,0.45,15.0
2026-08-29,wk inc covid hosp,1,2026-09-05,32,quantile,0.5,16.0
2026-08-29,wk inc covid hosp,1,2026-09-05,32,quantile,0.55,17.0
2026-08-29,wk inc covid hosp,1,2026-09-05,32,quantile,0.6,17.0
2026-08-29,wk inc covid hosp,1,2026-09-05,32,quantile,0.65,18.0
2026-08-29,wk inc covid hosp,1,2026-09-05,32,quantile,0.7,18.0
2026-08-29,wk inc covid hosp,1,2026-09-05,32,quantile,0.75,19.0
2026-08-29,wk inc covid hosp,1,2026-09-05,32,quantile,0.8,20.0
2026-08-29,wk inc covid hosp,1,2026-09-05,32,quantile,0.85,22.0
2026-08-29,wk inc covid hosp,1,2026-09-05,32,quantile,0.9,25.0
2026-08-29,wk inc covid hosp,1,2026-09-05,32,quantile,0.95,30.0
2026-08-29,wk inc covid hosp,1,2026-09-05,32,quantile,0.975,36.0
2026-08-29,wk inc covid hosp,1,2026-09-05,32,quantile,0.99,50.0
2026-08-29,wk inc covid hosp,1,2026-09-05,33,quantile,0.01,0.0
2026-08-29,wk inc covid hosp,1,2026-09-05,33,quantile,0.025,1.0
2026-08-29,wk inc covid hosp,1,2026-09-05,33,quantile,0.05,2.0
2026-08-29,wk inc covid hosp,1,2026-09-05,33,quantile,0.1,2.0
2026-08-29,wk inc covid hosp,1,2026-09-05,33,quantile,0.15,3.0
2026-08-29,wk inc covid hosp,1,2026-09-05,33,quantile,0.2,4.0
2026-08-29,wk inc covid hosp,1,2026-09-05,33,quantile,0.25,4.0
2026-08-29,wk inc covid hosp,1,2026-09-05,33,quantile,0.3,4.0
2026-08-29,wk inc covid hosp,1,2026-09-05,33,quantile,0.35,4.0
2026-08-29,wk inc covid hosp,1,2026-09-05,33,quantile,0.4,5.0
2026-08-29,wk inc covid hosp,1,2026-09-05,33,quantile,0.45,5.0
2026-08-29,wk inc covid hosp,1,2026-09-05,33,quantile,0.5,5.0
2026-08-29,wk inc covid hosp,1,2026-09-05,33,quantile,0.55,5.0
2026-08-29,wk inc covid hosp,1,2026-09-05,33,quantile,0.6,5.0
2026-08-29,wk inc covid hosp,1,2026-09-05,33,quantile,0.65,6.0
2026-08-29,wk inc covid hosp,1,2026-09-05,33,quantile,0.7,6.0
2026-08-29,wk inc covid hosp,1,2026-09-05,33,quantile,0.75,6.0
2026-08-29,wk inc covid hosp,1,2026-09-05,33,quantile,0.8,7.0
2026-08-29,wk inc covid hosp,1,2026-09-05,33,quantile,0.85,7.0
2026-08-29,wk inc covid hosp,1,2026-09-05,33,quantile,0.9,8.0
2026-08-29,wk inc covid hosp,1,2026-09-05,33,quantile,0.95,10.0
2026-08-29,wk inc covid hosp,1,2026-09-05,33,quantile,0.975,12.0
2026-08-29,wk inc covid hosp,1,2026-09-05,33,quantile,0.99,16.0
2026-08-29,wk inc covid hosp,1,2026-09-05,34,quantile,0.01,14.0
2026-08-29,wk inc covid hosp,1,2026-09-05,34,quantile,0.025,21.0
2026-08-29,wk inc covid hosp,1,2026-09-05,34,quantile,0.05,30.0
2026-08-29,wk inc covid hosp,1,2026-09-05,34,quantile,0.1,40.0
2026-08-29,wk inc covid hosp,1,2026-09-05,34,quantile,0.15,48.0
2026-08-29,wk inc covid hosp,1,2026-09-05,34,quantile,0.2,54.0
2026-08-29,wk inc covid hosp,1,2026-09-05,34,quantile,0.25,59.0
2026-08-29,wk inc covid hosp,1,2026-09-05,34,quantile,0.3,63.0
2026-08-29,wk inc covid hosp,1,2026-09-05,34,quantile,0.35,66.0
2026-08-29,wk inc covid hosp,1,2026-09-05,34,quantile,0.4,69.0
2026-08-29,wk inc covid hosp,1,2026-09-05,34,quantile,0.45,72.0
2026-08-29,wk inc covid hosp,1,2026-09-05,34,quantile,0.5,74.0
2026-08-29,wk inc covid hosp,1,2026-09-05,34,quantile,0.55,76.0
2026-08-29,wk inc covid hosp,1,2026-09-05,34,quantile,0.6,78.0
2026-08-29,wk inc covid hosp,1,2026-09-05,34,quantile,0.65,81.0
2026-08-29,wk inc covid hosp,1,2026-09-05,34,quantile,0.7,84.0
2026-08-29,wk inc covid hosp,1,2026-09-05,34,quantile,0.75,88.0
2026-08-29,wk inc covid hosp,1,2026-09-05,34,quantile,0.8,93.0
2026-08-29,wk inc covid hosp,1,2026-09-05,34,quantile,0.85,101.0
2026-08-29,wk inc covid hosp,1,2026-09-05,34,quantile,0.9,111.0
2026-08-29,wk inc covid hosp,1,2026-09-05,34,quantile,0.95,134.0
2026-08-29,wk inc covid hosp,1,2026-09-05,34,quantile,0.975,160.0
2026-08-29,wk inc covid hosp,1,2026-09-05,34,quantile,0.99,220.0
2026-08-29,wk inc covid hosp,1,2026-09-05,35,quantile,0.01,1.0
2026-08-29,wk inc covid hosp,1,2026-09-05,35,quantile,0.025,2.0
2026-08-29,wk inc covid hosp,1,2026-09-05,35,quantile,0.05,3.0
2026-08-29,wk inc covid hosp,1,2026-09-05,35,quantile,0.1,4.0
2026-08-29,wk inc covid hosp,1,2026-09-05,35,quantile,0.15,5.0
2026-08-29,wk inc covid hosp,1,2026-09-05,35,quantile,0.2,6.0
2026-08-29,wk inc covid hosp,1,2026-09-05,35,quantile,0.25,7.0
2026-08-29,wk inc covid hosp,1,2026-09-05,35,quantile,0.3,7.0
2026-08-29,wk inc covid hosp,1,2026-09-05,35,quantile,0.35,8.0
2026-08-29,wk inc covid hosp,1,2026-09-05,35,quantile,0.4,8.0
2026-08-29,wk inc covid hosp,1,2026-09-05,35,quantile,0.45,8.0
2026-08-29,wk inc covid hosp,1,2026-09-05,35,quantile,0.5,9.0
2026-08-29,wk inc covid hosp,1,2026-09-05,35,quantile,0.55,9.0
2026-08-29,wk inc covid hosp,1,2026-09-05,35,quantile,0.6,9.0
2026-08-29,wk inc covid hosp,1,2026-09-05,35,quantile,0.65,9.0
2026-08-29,wk inc covid hosp,1,2026-09-05,35,quantile,0.7,10.0
2026-08-29,wk inc covid hosp,1,2026-09-05,35,quantile,0.75,10.0
2026-08-29,wk inc covid hosp,1,2026-09-05,35,quantile,0.8,11.0
2026-08-29,wk inc covid hosp,1,2026-09-05,35,quantile,0.85,12.0
2026-08-29,wk inc covid hosp,1,2026-09-05,35,quantile,0.9,13.0
2026-08-29,wk inc covid hosp,1,2026-09-05,35,quantile,0.95,16.0
2026-08-29,wk inc covid hosp,1,2026-09-05,35,quantile,0.975,20.0
2026-08-29,wk inc covid hosp,1,2026-09-05,35,quantile,0.99,27.0
2026-08-29,wk inc covid hosp,1,2026-09-05,36,quantile,0.01,24.0
2026-08-29,wk inc covid hosp,1,2026-09-05,36,quantile,0.025,37.0
2026-08-29,wk inc covid hosp,1,2026-09-05,36,quantile,0.05,54.0
2026-08-29,wk inc covid hosp,1,2026-09-05,36,quantile,0.1,71.0
2026-08-29,wk inc covid hosp,1,2026-09-05,36,quantile,0.15,86.0
2026-08-29,wk inc covid hosp,1,2026-09-05,36,quantile,0.2,98.0
2026-08-29,wk inc covid hosp,1,2026-09-05,36,quantile,0.25,108.0
2026-08-29,wk inc covid hosp,1,2026-09-05,36,quantile,0.3,114.0
2026-08-29,wk inc covid hosp,1,2026-09-05,36,quantile,0.35,120.0
2026-08-29,wk inc covid hosp,1,2026-09-05,36,quantile,0.4,125.0
2026-08-29,wk inc covid hosp,1,2026-09-05,36,quantile,0.45,131.0
2026-08-29,wk inc covid hosp,1,2026-09-05,36,quantile,0.5,135.0
2026-08-29,wk inc covid hosp,1,2026-09-05,36,quantile,0.55,139.0
2026-08-29,wk inc covid hosp,1,2026-09-05,36,quantile,0.6,143.0
2026-08-29,wk inc covid hosp,1,2026-09-05,36,quantile,0.65,148.0
2026-08-29,wk inc covid hosp,1,2026-09-05,36,quantile,0.7,153.0
2026-08-29,wk inc covid hosp,1,2026-09-05,36,quantile,0.75,161.0
2026-08-29,wk inc covid hosp,1,2026-09-05,36,quantile,0.8,171.0
2026-08-29,wk inc covid hosp,1,2026-09-05,36,quantile,0.85,186.0
2026-08-29,wk inc covid hosp,1,2026-09-05,36,quantile,0.9,204.0
2026-08-29,wk inc covid hosp,1,2026-09-05,36,quantile,0.95,247.0
2026-08-29,wk inc covid hosp,1,2026-09-05,36,quantile,0.975,295.0
2026-08-29,wk inc covid hosp,1,2026-09-05,36,quantile,0.99,407.0
2026-08-29,wk inc covid hosp,1,2026-09-05,37,quantile,0.01,31.0
2026-08-29,wk inc covid hosp,1,2026-09-05,37,quantile,0.025,44.0
2026-08-29,wk inc covid hosp,1,2026-09-05,37,quantile,0.05,61.0
2026-08-29,wk inc covid hosp,1,2026-09-05,37,quantile,0.1,78.0
2026-08-29,wk inc covid hosp,1,2026-09-05,37,quantile,0.15,92.0
2026-08-29,wk inc covid hosp,1,2026-09-05,37,quantile,0.2,104.0
2026-08-29,wk inc covid hosp,1,2026-09-05,37,quantile,0.25,113.0
2026-08-29,wk inc covid hosp,1,2026-09-05,37,quantile,0.3,120.0
2026-08-29,wk inc covid hosp,1,2026-09-05,37,quantile,0.35,126.0
2026-08-29,wk inc covid hosp,1,2026-09-05,37,quantile,0.4,131.0
2026-08-29,wk inc covid hosp,1,2026-09-05,37,quantile,0.45,136.0
2026-08-29,wk inc covid hosp,1,2026-09-05,37,quantile,0.5,141.0
2026-08-29,wk inc covid hosp,1,2026-09-05,37,quantile,0.55,144.0
2026-08-29,wk inc covid hosp,1,2026-09-05,37,quantile,0.6,148.0
2026-08-29,wk inc covid hosp,1,2026-09-05,37,quantile,0.65,153.0
2026-08-29,wk inc covid hosp,1,2026-09-05,37,quantile,0.7,158.0
2026-08-29,wk inc covid hosp,1,2026-09-05,37,quantile,0.75,165.0
2026-08-29,wk inc covid hosp,1,2026-09-05,37,quantile,0.8,175.0
2026-08-29,wk inc covid hosp,1,2026-09-05,37,quantile,0.85,190.0
2026-08-29,wk inc covid hosp,1,2026-09-05,37,quantile,0.9,208.0
2026-08-29,wk inc covid hosp,1,2026-09-05,37,quantile,0.95,250.0
2026-08-29,wk inc covid hosp,1,2026-09-05,37,quantile,0.975,297.0
2026-08-29,wk inc covid hosp,1,2026-09-05,37,quantile,0.99,406.0
2026-08-29,wk inc covid hosp,1,2026-09-05,38,quantile,0.01,0.0
2026-08-29,wk inc covid hosp,1,2026-09-05,38,quantile,0.025,0.0
2026-08-29,wk inc covid hosp,1,2026-09-05,38,quantile,0.05,0.0
2026-08-29,wk inc covid hosp,1,2026-09-05,38,quantile,0.1,0.0
2026-08-29,wk inc covid hosp,1,2026-09-05,38,quantile,0.15,0.0
2026-08-29,wk inc covid hosp,1,2026-09-05,38,quantile,0.2,1.0
2026-08-29,wk inc covid hosp,1,2026-09-05,38,quantile,0.25,1.0
2026-08-29,wk inc covid hosp,1,2026-09-05,38,quantile,0.3,1.0
2026-08-29,wk inc covid hosp,1,2026-09-05,38,quantile,0.35,1.0
2026-08-29,wk inc covid hosp,1,2026-09-05,38,quantile,0.4,1.0
2026-08-29,wk inc covid hosp,1,2026-09-05,38,quantile,0.45,1.0
2026-08-29,wk inc covid hosp,1,2026-09-05,38,quantile,0.5,1.0
2026-08-29,wk inc covid hosp,1,2026-09-05,38,quantile,0.55,1.0
2026-08-29,wk inc covid hosp,1,2026-09-05,38,quantile,0.6,1.0
2026-08-29,wk inc covid hosp,1,2026-09-05,38,quantile,0.65,1.0
2026-08-29,wk inc covid hosp,1,2026-09-05,38,quantile,0.7,1.0
2026-08-29,wk inc covid hosp,1,2026-09-05,38,quantile,0.75,1.0
2026-08-29,wk inc covid hosp,1,2026-09-05,38,quantile,0.8,1.0
2026-08-29,wk inc covid hosp,1,2026-09-05,38,quantile,0.85,1.0
2026-08-29,wk inc covid hosp,1,2026-09-05,38,quantile,0.9,2.0
2026-08-29,wk inc covid hosp,1,2026-09-05,38,quantile,0.95,2.0
2026-08-29,wk inc covid hosp,1,2026-09-05,38,quantile,0.975,3.0
2026-08-29,wk inc covid hosp,1,2026-09-05,38,quantile,0.99,4.0
2026-08-29,wk inc covid hosp,1,2026-09-05,39,quantile,0.01,3.0
2026-08-29,wk inc covid hosp,1,2026-09-05,39,quantile,0.025,7.0
2026-08-29,wk inc covid hosp,1,2026-09-05,39,quantile,0.05,13.0
2026-08-29,wk inc covid hosp,1,2026-09-05,39,quantile,0.1,19.0
2026-08-29,wk inc covid hosp,1,2026-09-05,39,quantile,0.15,24.0
2026-08-29,wk inc covid hosp,1,2026-09-05,39,quantile,0.2,28.0
2026-08-29,wk inc covid hosp,1,2026-09-05,39,quantile,0.25,31.0
2026-08-29,wk inc covid hosp,1,2026-09-05,39,quantile,0.3,33.0
2026-08-29,wk inc covid hosp,1,2026-09-05,39,quantile,0.35,35.0
2026-08-29,wk inc covid hosp,1,2026-09-05,39,quantile,0.4,37.0
2026-08-29,wk inc covid hosp,1,2026-09-05,39,quantile,0.45,39.0
2026-08-29,wk inc covid hosp,1,2026-09-05,39,quantile,0.5,40.0
2026-08-29,wk inc covid hosp,1,2026-09-05,39,quantile,0.55,42.0
2026-08-29,wk inc covid hosp,1,2026-09-05,39,quantile,0.6,43.0
2026-08-29,wk inc covid hosp,1,2026-09-05,39,quantile,0.65,45.0
2026-08-29,wk inc covid hosp,1,2026-09-05,39,quantile,0.7,46.0
2026-08-29,wk inc covid hosp,1,2026-09-05,39,quantile,0.75,49.0
2026-08-29,wk inc covid hosp,1,2026-09-05,39,quantile,0.8,52.0
2026-08-29,wk inc covid hosp,1,2026-09-05,39,quantile,0.85,57.0
2026-08-29,wk inc covid hosp,1,2026-09-05,39,quantile,0.9,64.0
2026-08-29,wk inc covid hosp,1,2026-09-05,39,quantile,0.95,78.0
2026-08-29,wk inc covid hosp,1,2026-09-05,39,quantile,0.975,94.0
2026-08-29,wk inc covid hosp,1,2026-09-05,39,quantile,0.99,132.0
2026-08-29,wk inc covid hosp,1,2026-09-05,40,quantile,0.01,1.0
2026-08-29,wk inc covid hosp,1,2026-09-05,40,quantile,0.025,3.0
2026-08-29,wk inc covid hosp,1,2026-09-05,40,quantile,0.05,5.0
2026-08-29,wk inc covid hosp,1,2026-09-05,40,quantile,0.1,7.0
2026-08-29,wk inc covid hosp,1,2026-09-05,40,quantile,0.15,9.0
2026-08-29,wk inc covid hosp,1,2026-09-05,40,quantile,0.2,10.0
2026-08-29,wk inc covid hosp,1,2026-09-05,40,quantile,0.25,12.0
2026-08-29,wk inc covid hosp,1,2026-09-05,40,quantile,0.3,12.0
2026-08-29,wk inc covid hosp,1,2026-09-05,40,quantile,0.35,13.0
2026-08-29,wk inc covid hosp,1,2026-09-05,40,quantile,0.4,14.0
2026-08-29,wk inc covid hosp,1,2026-09-05,40,quantile,0.45,14.0
2026-08-29,wk inc covid hosp,1,2026-09-05,40,quantile,0.5,15.0
2026-08-29,wk inc covid hosp,1,2026-09-05,40,quantile,0.55,15.0
2026-08-29,wk inc covid hosp,1,2026-09-05,40,quantile,0.6,16.0
2026-08-29,wk inc covid hosp,1,2026-09-05,40,quantile,0.65,16.0
2026-08-29,wk inc covid hosp,1,2026-09-05,40,quantile,0.7,17.0
2026-08-29,wk inc covid hosp,1,2026-09-05,40,quantile,0.75,18.0
2026-08-29,wk inc covid hosp,1,2026-09-05,40,quantile,0.8,19.0
2026-08-29,wk inc covid hosp,1,2026-09-05,40,quantile,0.85,21.0
2026-08-29,wk inc covid hosp,1,2026-09-05,40,quantile,0.9,23.0
2026-08-29,wk inc covid hosp,1,2026-09-05,40,quantile,0.95,28.0
2026-08-29,wk inc covid hosp,1,2026-09-05,40,quantile,0.975,34.0
2026-08-29,wk inc covid hosp,1,2026-09-05,40,quantile,0.99,48.0
2026-08-29,wk inc covid hosp,1,2026-09-05,41,quantile,0.01,1.0
2026-08-29,wk inc covid hosp,1,2026-09-05,41,quantile,0.025,2.0
2026-08-29,wk inc covid hosp,1,2026-09-05,41,quantile,0.05,4.0
2026-08-29,wk inc covid hosp,1,2026-09-05,41,quantile,0.1,6.0
2026-08-29,wk inc covid hosp,1,2026-09-05,41,quantile,0.15,8.0
2026-08-29,wk inc covid hosp,1,2026-09-05,41,quantile,0.2,9.0
2026-08-29,wk inc covid hosp,1,2026-09-05,41,quantile,0.25,10.0
2026-08-29,wk inc covid hosp,1,2026-09-05,41,quantile,0.3,11.0
2026-08-29,wk inc covid hosp,1,2026-09-05,41,quantile,0.35,12.0
2026-08-29,wk inc covid hosp,1,2026-09-05,41,quantile,0.4,12.0
2026-08-29,wk inc covid hosp,1,2026-09-05,41,quantile,0.45,13.0
2026-08-29,wk inc covid hosp,1,2026-09-05,41,quantile,0.5,14.0
2026-08-29,wk inc covid hosp,1,2026-09-05,41,quantile,0.55,14.0
2026-08-29,wk inc covid hosp,1,2026-09-05,41,quantile,0.6,15.0
2026-08-29,wk inc covid hosp,1,2026-09-05,41,quantile,0.65,15.0
2026-08-29,wk inc covid hosp,1,2026-09-05,41,quantile,0.7,16.0
2026-08-29,wk inc covid hosp,1,2026-09-05,41,quantile,0.75,17.0
2026-08-29,wk inc covid hosp,1,2026-09-05,41,quantile,0.8,18.0
2026-08-29,wk inc covid hosp,1,2026-09-05,41,quantile,0.85,19.0
2026-08-29,wk inc covid hosp,1,2026-09-05,41,quantile,0.9,22.0
2026-08-29,wk inc covid hosp,1,2026-09-05,41,quantile,0.95,27.0
2026-08-29,wk inc covid hosp,1,2026-09-05,41,quantile,0.975,32.0
2026-08-29,wk inc covid hosp,1,2026-09-05,41,quantile,0.99,45.0
2026-08-29,wk inc covid hosp,1,2026-09-05,42,quantile,0.01,7.0
2026-08-29,wk inc covid hosp,1,2026-09-05,42,quantile,0.025,13.0
2026-08-29,wk inc covid hosp,1,2026-09-05,42,quantile,0.05,21.0
2026-08-29,wk inc covid hosp,1,2026-09-05,42,quantile,0.1,29.0
2026-08-29,wk inc covid hosp,1,2026-09-05,42,quantile,0.15,36.0
2026-08-29,wk inc covid hosp,1,2026-09-05,42,quantile,0.2,41.0
2026-08-29,wk inc covid hosp,1,2026-09-05,42,quantile,0.25,46.0
2026-08-29,wk inc covid hosp,1,2026-09-05,42,quantile,0.3,49.0
2026-08-29,wk inc covid hosp,1,2026-09-05,42,quantile,0.35,51.0
2026-08-29,wk inc covid hosp,1,2026-09-05,42,quantile,0.4,54.0
2026-08-29,wk inc covid hosp,1,2026-09-05,42,quantile,0.45,56.0
2026-08-29,wk inc covid hosp,1,2026-09-05,42,quantile,0.5,58.0
2026-08-29,wk inc covid hosp,1,2026-09-05,42,quantile,0.55,60.0
2026-08-29,wk inc covid hosp,1,2026-09-05,42,quantile,0.6,62.0
2026-08-29,wk inc covid hosp,1,2026-09-05,42,quantile,0.65,64.0
2026-08-29,wk inc covid hosp,1,2026-09-05,42,quantile,0.7,66.0
2026-08-29,wk inc covid hosp,1,2026-09-05,42,quantile,0.75,70.0
2026-08-29,wk inc covid hosp,1,2026-09-05,42,quantile,0.8,75.0
2026-08-29,wk inc covid hosp,1,2026-09-05,42,quantile,0.85,81.0
2026-08-29,wk inc covid hosp,1,2026-09-05,42,quantile,0.9,90.0
2026-08-29,wk inc covid hosp,1,2026-09-05,42,quantile,0.95,110.0
2026-08-29,wk inc covid hosp,1,2026-09-05,42,quantile,0.975,132.0
2026-08-29,wk inc covid hosp,1,2026-09-05,42,quantile,0.99,184.0
2026-08-29,wk inc covid hosp,1,2026-09-05,44,quantile,0.01,1.0
2026-08-29,wk inc covid hosp,1,2026-09-05,44,quantile,0.025,1.0
2026-08-29,wk inc covid hosp,1,2026-09-05,44,quantile,0.05,2.0
2026-08-29,wk inc covid hosp,1,2026-09-05,44,quantile,0.1,2.0
2026-08-29,wk inc covid hosp,1,2026-09-05,44,quantile,0.15,3.0
2026-08-29,wk inc covid hosp,1,2026-09-05,44,quantile,0.2,3.0
2026-08-29,wk inc covid hosp,1,2026-09-05,44,quantile,0.25,4.0
2026-08-29,wk inc covid hosp,1,2026-09-05,44,quantile,0.3,4.0
2026-08-29,wk inc covid hosp,1,2026-09-05,44,quantile,0.35,4.0
2026-08-29,wk inc covid hosp,1,2026-09-05,44,quantile,0.4,4.0
2026-08-29,wk inc covid hosp,1,2026-09-05,44,quantile,0.45,4.0
2026-08-29,wk inc covid hosp,1,2026-09-05,44,quantile,0.5,5.0
2026-08-29,wk inc covid hosp,1,2026-09-05,44,quantile,0.55,5.0
2026-08-29,wk inc covid hosp,1,2026-09-05,44,quantile,0.6,5.0
2026-08-29,wk inc covid hosp,1,2026-09-05,44,quantile,0.65,5.0
2026-08-29,wk inc covid hosp,1,2026-09-05,44,quantile,0.7,5.0
2026-08-29,wk inc covid hosp,1,2026-09-05,44,quantile,0.75,6.0
2026-08-29,wk inc covid hosp,1,2026-09-05,44,quantile,0.8,6.0
2026-08-29,wk inc covid hosp,1,2026-09-05,44,quantile,0.85,6.0
2026-08-29,wk inc covid hosp,1,2026-09-05,44,quantile,0.9,7.0
2026-08-29,wk inc covid hosp,1,2026-09-05,44,quantile,0.95,9.0
2026-08-29,wk inc covid hosp,1,2026-09-05,44,quantile,0.975,10.0
2026-08-29,wk inc covid hosp,1,2026-09-05,44,quantile,0.99,15.0
2026-08-29,wk inc covid hosp,1,2026-09-05,45,quantile,0.01,6.0
2026-08-29,wk inc covid hosp,1,2026-09-05,45,quantile,0.025,9.0
2026-08-29,wk inc covid hosp,1,2026-09-05,45,quantile,0.05,14.0
2026-08-29,wk inc covid hosp,1,2026-09-05,45,quantile,0.1,18.0
2026-08-29,wk inc covid hosp,1,2026-09-05,45,quantile,0.15,22.0
2026-08-29,wk inc covid hosp,1,2026-09-05,45,quantile,0.2,25.0
2026-08-29,wk inc covid hosp,1,2026-09-05,45,quantile,0.25,28.0
2026-08-29,wk inc covid hosp,1,2026-09-05,45,quantile,0.3,29.0
2026-08-29,wk inc covid hosp,1,2026-09-05,45,quantile,0.35,31.0
2026-08-29,wk inc covid hosp,1,2026-09-05,45,quantile,0.4,32.0
2026-08-29,wk inc covid hosp,1,2026-09-05,45,quantile,0.45,34.0
2026-08-29,wk inc covid hosp,1,2026-09-05,45,quantile,0.5,35.0
2026-08-29,wk inc covid hosp,1,2026-09-05,45,quantile,0.55,36.0
2026-08-29,wk inc covid hosp,1,2026-09-05,45,quantile,0.6,37.0
2026-08-29,wk inc covid hosp,1,2026-09-05,45,quantile,0.65,38.0
2026-08-29,wk inc covid hosp,1,2026-09-05,45,quantile,0.7,39.0
2026-08-29,wk inc covid hosp,1,2026-09-05,45,quantile,0.75,42.0
2026-08-29,wk inc covid hosp,1,2026-09-05,45,quantile,0.8,44.0
2026-08-29,wk inc covid hosp,1,2026-09-05,45,quantile,0.85,48.0
2026-08-29,wk inc covid hosp,1,2026-09-05,45,quantile,0.9,53.0
2026-08-29,wk inc covid hosp,1,2026-09-05,45,quantile,0.95,64.0
2026-08-29,wk inc covid hosp,1,2026-09-05,45,quantile,0.975,76.0
2026-08-29,wk inc covid hosp,1,2026-09-05,45,quantile,0.99,105.0
2026-08-29,wk inc covid hosp,1,2026-09-05,46,quantile,0.01,0.0
2026-08-29,wk inc covid hosp,1,2026-09-05,46,quantile,0.025,0.0
2026-08-29,wk inc covid hosp,1,2026-09-05,46,quantile,0.05,0.0
2026-08-29,wk inc covid hosp,1,2026-09-05,46,quantile,0.1,0.0
2026-08-29,wk inc covid hosp,1,2026-09-05,46,quantile,0.15,1.0
2026-08-29,wk inc covid hosp,1,2026-09-05,46,quantile,0.2,1.0
2026-08-29,wk inc covid hosp,1,2026-09-05,46,quantile,0.25,1.0
2026-08-29,wk inc covid hosp,1,2026-09-05,46,quantile,0.3,1.0
2026-08-29,wk inc covid hosp,1,2026-09-05,46,quantile,0.35,1.0
2026-08-29,wk inc covid hosp,1,2026-09-05,46,quantile,0.4,1.0
2026-08-29,wk inc covid hosp,1,2026-09-05,46,quantile,0.45,1.0
2026-08-29,wk inc covid hosp,1,2026-09-05,46,quantile,0.5,1.0
2026-08-29,wk inc covid hosp,1,2026-09-05,46,quantile,0.55,2.0
2026-08-29,wk inc covid hosp,1,2026-09-05,46,quantile,0.6,2.0
2026-08-29,wk inc covid hosp,1,2026-09-05,46,quantile,0.65,2.0
2026-08-29,wk inc covid hosp,1,2026-09-05,46,quantile,0.7,2.0
2026-08-29,wk inc covid hosp,1,2026-09-05,46,quantile,0.75,2.0
2026-08-29,wk inc covid hosp,1,2026-09-05,46,quantile,0.8,2.0
2026-08-29,wk inc covid hosp,1,2026-09-05,46,quantile,0.85,2.0
2026-08-29,wk inc covid hosp,1,2026-09-05,46,quantile,0.9,2.0
2026-08-29,wk inc covid hosp,1,2026-09-05,46,quantile,0.95,3.0
2026-08-29,wk inc covid hosp,1,2026-09-05,46,quantile,0.975,4.0
2026-08-29,wk inc covid hosp,1,2026-09-05,46,quantile,0.99,6.0
2026-08-29,wk inc covid hosp,1,2026-09-05,47,quantile,0.01,9.0
2026-08-29,wk inc covid hosp,1,2026-09-05,47,quantile,0.025,13.0
2026-08-29,wk inc covid hosp,1,2026-09-05,47,quantile,0.05,19.0
2026-08-29,wk inc covid hosp,1,2026-09-05,47,quantile,0.1,26.0
2026-08-29,wk inc covid hosp,1,2026-09-05,47,quantile,0.15,31.0
2026-08-29,wk inc covid hosp,1,2026-09-05,47,quantile,0.2,35.0
2026-08-29,wk inc covid hosp,1,2026-09-05,47,quantile,0.25,39.0
2026-08-29,wk inc covid hosp,1,2026-09-05,47,quantile,0.3,41.0
2026-08-29,wk inc covid hosp,1,2026-09-05,47,quantile,0.35,43.0
2026-08-29,wk inc covid hosp,1,2026-09-05,47,quantile,0.4,45.0
2026-08-29,wk inc covid hosp,1,2026-09-05,47,quantile,0.45,47.0
2026-08-29,wk inc covid hosp,1,2026-09-05,47,quantile,0.5,49.0
2026-08-29,wk inc covid hosp,1,2026-09-05,47,quantile,0.55,50.0
2026-08-29,wk inc covid hosp,1,2026-09-05,47,quantile,0.6,52.0
2026-08-29,wk inc covid hosp,1,2026-09-05,47,quantile,0.65,53.0
2026-08-29,wk inc covid hosp,1,2026-09-05,47,quantile,0.7,55.0
2026-08-29,wk inc covid hosp,1,2026-09-05,47,quantile,0.75,58.0
2026-08-29,wk inc covid hosp,1,2026-09-05,47,quantile,0.8,61.0
2026-08-29,wk inc covid hosp,1,2026-09-05,47,quantile,0.85,67.0
2026-08-29,wk inc covid hosp,1,2026-09-05,47,quantile,0.9,73.0
2026-08-29,wk inc covid hosp,1,2026-09-05,47,quantile,0.95,89.0
2026-08-29,wk inc covid hosp,1,2026-09-05,47,quantile,0.975,106.0
2026-08-29,wk inc covid hosp,1,2026-09-05,47,quantile,0.99,146.0
2026-08-29,wk inc covid hosp,1,2026-09-05,48,quantile,0.01,72.0
2026-08-29,wk inc covid hosp,1,2026-09-05,48,quantile,0.025,103.0
2026-08-29,wk inc covid hosp,1,2026-09-05,48,quantile,0.05,144.0
2026-08-29,wk inc covid hosp,1,2026-09-05,48,quantile,0.1,184.0
2026-08-29,wk inc covid hosp,1,2026-09-05,48,quantile,0.15,220.0
2026-08-29,wk inc covid hosp,1,2026-09-05,48,quantile,0.2,249.0
2026-08-29,wk inc covid hosp,1,2026-09-05,48,quantile,0.25,270.0
2026-08-29,wk inc covid hosp,1,2026-09-05,48,quantile,0.3,286.0
2026-08-29,wk inc covid hosp,1,2026-09-05,48,quantile,0.35,300.0
2026-08-29,wk inc covid hosp,1,2026-09-05,48,quantile,0.4,313.0
2026-08-29,wk inc covid hosp,1,2026-09-05,48,quantile,0.45,325.0
2026-08-29,wk inc covid hosp,1,2026-09-05,48,quantile,0.5,336.0
2026-08-29,wk inc covid hosp,1,2026-09-05,48,quantile,0.55,345.0
2026-08-29,wk inc covid hosp,1,2026-09-05,48,quantile,0.6,355.0
2026-08-29,wk inc covid hosp,1,2026-09-05,48,quantile,0.65,366.0
2026-08-29,wk inc covid hosp,1,2026-09-05,48,quantile,0.7,377.0
2026-08-29,wk inc covid hosp,1,2026-09-05,48,quantile,0.75,396.0
2026-08-29,wk inc covid hosp,1,2026-09-05,48,quantile,0.8,419.0
2026-08-29,wk inc covid hosp,1,2026-09-05,48,quantile,0.85,454.0
2026-08-29,wk inc covid hosp,1,2026-09-05,48,quantile,0.9,498.0
2026-08-29,wk inc covid hosp,1,2026-09-05,48,quantile,0.95,600.0
2026-08-29,wk inc covid hosp,1,2026-09-05,48,quantile,0.975,713.0
2026-08-29,wk inc covid hosp,1,2026-09-05,48,quantile,0.99,977.0
2026-08-29,wk inc covid hosp,1,2026-09-05,49,quantile,0.01,0.0
2026-08-29,wk inc covid hosp,1,2026-09-05,49,quantile,0.025,1.0
2026-08-29,wk inc covid hosp,1,2026-09-05,49,quantile,0.05,2.0
2026-08-29,wk inc covid hosp,1,2026-09-05,49,quantile,0.1,3.0
2026-08-29,wk inc covid hosp,1,2026-09-05,49,quantile,0.15,4.0
2026-08-29,wk inc covid hosp,1,2026-09-05,49,quantile,0.2,5.0
2026-08-29,wk inc covid hosp,1,2026-09-05,49,quantile,0.25,6.0
2026-08-29,wk inc covid hosp,1,2026-09-05,49,quantile,0.3,6.0
2026-08-29,wk inc covid hosp,1,2026-09-05,49,quantile,0.35,7.0
2026-08-29,wk inc covid hosp,1,2026-09-05,49,quantile,0.4,7.0
2026-08-29,wk inc covid hosp,1,2026-09-05,49,quantile,0.45,7.0
2026-08-29,wk inc covid hosp,1,2026-09-05,49,quantile,0.5,8.0
2026-08-29,wk inc covid hosp,1,2026-09-05,49,quantile,0.55,8.0
2026-08-29,wk inc covid hosp,1,2026-09-05,49,quantile,0.6,8.0
2026-08-29,wk inc covid hosp,1,2026-09-05,49,quantile,0.65,9.0
2026-08-29,wk inc covid hosp,1,2026-09-05,49,quantile,0.7,9.0
2026-08-29,wk inc covid hosp,1,2026-09-05,49,quantile,0.75,10.0
2026-08-29,wk inc covid hosp,1,2026-09-05,49,quantile,0.8,10.0
2026-08-29,wk inc covid hosp,1,2026-09-05,49,quantile,0.85,11.0
2026-08-29,wk inc covid hosp,1,2026-09-05,49,quantile,0.9,13.0
2026-08-29,wk inc covid hosp,1,2026-09-05,49,quantile,0.95,16.0
2026-08-29,wk inc covid hosp,1,2026-09-05,49,quantile,0.975,19.0
2026-08-29,wk inc covid hosp,1,2026-09-05,49,quantile,0.99,27.0
2026-08-29,wk inc covid hosp,1,2026-09-05,50,quantile,0.01,0.0
2026-08-29,wk inc covid hosp,1,2026-09-05,50,quantile,0.025,0.0
2026-08-29,wk inc covid hosp,1,2026-09-05,50,quantile,0.05,0.0
2026-08-29,wk inc covid hosp,1,2026-09-05,50,quantile,0.1,0.0
2026-08-29,wk inc covid hosp,1,2026-09-05,50,quantile,0.15,1.0
2026-08-29,wk inc covid hosp,1,2026-09-05,50,quantile,0.2,1.0
2026-08-29,wk inc covid hosp,1,2026-09-05,50,quantile,0.25,1.0
2026-08-29,wk inc covid hosp,1,2026-09-05,50,quantile,0.3,1.0
2026-08-29,wk inc covid hosp,1,2026-09-05,50,quantile,0.35,1.0
2026-08-29,wk inc covid hosp,1,2026-09-05,50,quantile,0.4,1.0
2026-08-29,wk inc covid hosp,1,2026-09-05,50,quantile,0.45,1.0
2026-08-29,wk inc covid hosp,1,2026-09-05,50,quantile,0.5,1.0
2026-08-29,wk inc covid hosp,1,2026-09-05,50,quantile,0.55,1.0
2026-08-29,wk inc covid hosp,1,2026-09-05,50,quantile,0.6,1.0
2026-08-29,wk inc covid hosp,1,2026-09-05,50,quantile,0.65,1.0
2026-08-29,wk inc covid hosp,1,2026-09-05,50,quantile,0.7,1.0
2026-08-29,wk inc covid hosp,1,2026-09-05,50,quantile,0.75,2.0
2026-08-29,wk inc covid hosp,1,2026-09-05,50,quantile,0.8,2.0
2026-08-29,wk inc covid hosp,1,2026-09-05,50,quantile,0.85,2.0
2026-08-29,wk inc covid hosp,1,2026-09-05,50,quantile,0.9,2.0
2026-08-29,wk inc covid hosp,1,2026-09-05,50,quantile,0.95,3.0
2026-08-29,wk inc covid hosp,1,2026-09-05,50,quantile,0.975,3.0
2026-08-29,wk inc covid hosp,1,2026-09-05,50,quantile,0.99,4.0
2026-08-29,wk inc covid hosp,1,2026-09-05,51,quantile,0.01,3.0
2026-08-29,wk inc covid hosp,1,2026-09-05,51,quantile,0.025,6.0
2026-08-29,wk inc covid hosp,1,2026-09-05,51,quantile,0.05,10.0
2026-08-29,wk inc covid hosp,1,2026-09-05,51,quantile,0.1,15.0
2026-08-29,wk inc covid hosp,1,2026-09-05,51,quantile,0.15,19.0
2026-08-29,wk inc covid hosp,1,2026-09-05,51,quantile,0.2,22.0
2026-08-29,wk inc covid hosp,1,2026-09-05,51,quantile,0.25,24.0
2026-08-29,wk inc covid hosp,1,2026-09-05,51,quantile,0.3,26.0
2026-08-29,wk inc covid hosp,1,2026-09-05,51,quantile,0.35,28.0
2026-08-29,wk inc covid hosp,1,2026-09-05,51,quantile,0.4,29.0
2026-08-29,wk inc covid hosp,1,2026-09-05,51,quantile,0.45,30.0
2026-08-29,wk inc covid hosp,1,2026-09-05,51,quantile,0.5,31.0
2026-08-29,wk inc covid hosp,1,2026-09-05,51,quantile,0.55,32.0
2026-08-29,wk inc covid hosp,1,2026-09-05,51,quantile,0.6,33.0
2026-08-29,wk inc covid hosp,1,2026-09-05,51,quantile,0.65,35.0
2026-08-29,wk inc covid hosp,1,2026-09-05,51,quantile,0.7,36.0
2026-08-29,wk inc covid hosp,1,2026-09-05,51,quantile,0.75,38.0
2026-08-29,wk inc covid hosp,1,2026-09-05,51,quantile,0.8,41.0
2026-08-29,wk inc covid hosp,1,2026-09-05,51,quantile,0.85,44.0
2026-08-29,wk inc covid hosp,1,2026-09-05,51,quantile,0.9,49.0
2026-08-29,wk inc covid hosp,1,2026-09-05,51,quantile,0.95,60.0
2026-08-29,wk inc covid hosp,1,2026-09-05,51,quantile,0.975,73.0
2026-08-29,wk inc covid hosp,1,2026-09-05,51,quantile,0.99,102.0
2026-08-29,wk inc covid hosp,1,2026-09-05,53,quantile,0.01,11.0
2026-08-29,wk inc covid hosp,1,2026-09-05,53,quantile,0.025,17.0
2026-08-29,wk inc covid hosp,1,2026-09-05,53,quantile,0.05,24.0
2026-08-29,wk inc covid hosp,1,2026-09-05,53,quantile,0.1,31.0
2026-08-29,wk inc covid hosp,1,2026-09-05,53,quantile,0.15,38.0
2026-08-29,wk inc covid hosp,1,2026-09-05,53,quantile,0.2,43.0
2026-08-29,wk inc covid hosp,1,2026-09-05,53,quantile,0.25,47.0
2026-08-29,wk inc covid hosp,1,2026-09-05,53,quantile,0.3,50.0
2026-08-29,wk inc covid hosp,1,2026-09-05,53,quantile,0.35,52.0
2026-08-29,wk inc covid hosp,1,2026-09-05,53,quantile,0.4,55.0
2026-08-29,wk inc covid hosp,1,2026-09-05,53,quantile,0.45,57.0
2026-08-29,wk inc covid hosp,1,2026-09-05,53,quantile,0.5,59.0
2026-08-29,wk inc covid hosp,1,2026-09-05,53,quantile,0.55,61.0
2026-08-29,wk inc covid hosp,1,2026-09-05,53,quantile,0.6,62.0
2026-08-29,wk inc covid hosp,1,2026-09-05,53,quantile,0.65,65.0
2026-08-29,wk inc covid hosp,1,2026-09-05,53,quantile,0.7,66.0
2026-08-29,wk inc covid hosp,1,2026-09-05,53,quantile,0.75,70.0
2026-08-29,wk inc covid hosp,1,2026-09-05,53,quantile,0.8,74.0
2026-08-29,wk inc covid hosp,1,2026-09-05,53,quantile,0.85,81.0
2026-08-29,wk inc covid hosp,1,2026-09-05,53,quantile,0.9,89.0
2026-08-29,wk inc covid hosp,1,2026-09-05,53,quantile,0.95,107.0
2026-08-29,wk inc covid hosp,1,2026-09-05,53,quantile,0.975,128.0
2026-08-29,wk inc covid hosp,1,2026-09-05,53,quantile,0.99,176.0
2026-08-29,wk inc covid hosp,1,2026-09-05,54,quantile,0.01,0.0
2026-08-29,wk inc covid hosp,1,2026-09-05,54,quantile,0.025,0.0
2026-08-29,wk inc covid hosp,1,2026-09-05,54,quantile,0.05,1.0
2026-08-29,wk inc covid hosp,1,2026-09-05,54,quantile,0.1,2.0
2026-08-29,wk inc covid hosp,1,2026-09-05,54,quantile,0.15,2.0
2026-08-29,wk inc covid hosp,1,2026-09-05,54,quantile,0.2,3.0
2026-08-29,wk inc covid hosp,1,2026-09-05,54,quantile,0.25,3.0
2026-08-29,wk inc covid hosp,1,2026-09-05,54,quantile,0.3,3.0
2026-08-29,wk inc covid hosp,1,2026-09-05,54,quantile,0.35,4.0
2026-08-29,wk inc covid hosp,1,2026-09-05,54,quantile,0.4,4.0
2026-08-29,wk inc covid hosp,1,2026-09-05,54,quantile,0.45,4.0
2026-08-29,wk inc covid hosp,1,2026-09-05,54,quantile,0.5,4.0
2026-08-29,wk inc covid hosp,1,2026-09-05,54,quantile,0.55,4.0
2026-08-29,wk inc covid hosp,1,2026-09-05,54,quantile,0.6,5.0
2026-08-29,wk inc covid hosp,1,2026-09-05,54,quantile,0.65,5.0
2026-08-29,wk inc covid hosp,1,2026-09-05,54,quantile,0.7,5.0
2026-08-29,wk inc covid hosp,1,2026-09-05,54,quantile,0.75,5.0
2026-08-29,wk inc covid hosp,1,2026-09-05,54,quantile,0.8,6.0
2026-08-29,wk inc covid hosp,1,2026-09-05,54,quantile,0.85,6.0
2026-08-29,wk inc covid hosp,1,2026-09-05,54,quantile,0.9,7.0
2026-08-29,wk inc covid hosp,1,2026-09-05,54,quantile,0.95,9.0
2026-08-29,wk inc covid hosp,1,2026-09-05,54,quantile,0.975,11.0
2026-08-29,wk inc covid hosp,1,2026-09-05,54,quantile,0.99,15.0
2026-08-29,wk inc covid hosp,1,2026-09-05,55,quantile,0.01,0.0
2026-08-29,wk inc covid hosp,1,2026-09-05,55,quantile,0.025,1.0
2026-08-29,wk inc covid hosp,1,2026-09-05,55,quantile,0.05,4.0
2026-08-29,wk inc covid hosp,1,2026-09-05,55,quantile,0.1,6.0
2026-08-29,wk inc covid hosp,1,2026-09-05,55,quantile,0.15,8.0
2026-08-29,wk inc covid hosp,1,2026-09-05,55,quantile,0.2,10.0
2026-08-29,wk inc covid hosp,1,2026-09-05,55,quantile,0.25,11.0
2026-08-29,wk inc covid hosp,1,2026-09-05,55,quantile,0.3,12.0
2026-08-29,wk inc covid hosp,1,2026-09-05,55,quantile,0.35,12.0
2026-08-29,wk inc covid hosp,1,2026-09-05,55,quantile,0.4,13.0
2026-08-29,wk inc covid hosp,1,2026-09-05,55,quantile,0.45,14.0
2026-08-29,wk inc covid hosp,1,2026-09-05,55,quantile,0.5,14.0
2026-08-29,wk inc covid hosp,1,2026-09-05,55,quantile,0.55,15.0
2026-08-29,wk inc covid hosp,1,2026-09-05,55,quantile,0.6,15.0
2026-08-29,wk inc covid hosp,1,2026-09-05,55,quantile,0.65,16.0
2026-08-29,wk inc covid hosp,1,2026-09-05,55,quantile,0.7,17.0
2026-08-29,wk inc covid hosp,1,2026-09-05,55,quantile,0.75,18.0
2026-08-29,wk inc covid hosp,1,2026-09-05,55,quantile,0.8,19.0
2026-08-29,wk inc covid hosp,1,2026-09-05,55,quantile,0.85,21.0
2026-08-29,wk inc covid hosp,1,2026-09-05,55,quantile,0.9,23.0
2026-08-29,wk inc covid hosp,1,2026-09-05,55,quantile,0.95,29.0
2026-08-29,wk inc covid hosp,1,2026-09-05,55,quantile,0.975,35.0
2026-08-29,wk inc covid hosp,1,2026-09-05,55,quantile,0.99,50.0
2026-08-29,wk inc covid hosp,1,2026-09-05,56,quantile,0.01,0.0
2026-08-29,wk inc covid hosp,1,2026-09-05,56,quantile,0.025,0.0
2026-08-29,wk inc covid hosp,1,2026-09-05,56,quantile,0.05,0.0
2026-08-29,wk inc covid hosp,1,2026-09-05,56,quantile,0.1,0.0
2026-08-29,wk inc covid hosp,1,2026-09-05,56,quantile,0.15,0.0
2026-08-29,wk inc covid hosp,1,2026-09-05,56,quantile,0.2,0.0
2026-08-29,wk inc covid hosp,1,2026-09-05,56,quantile,0.25,1.0
2026-08-29,wk inc covid hosp,1,2026-09-05,56,quantile,0.3,1.0
2026-08-29,wk inc covid hosp,1,2026-09-05,56,quantile,0.35,1.0
2026-08-29,wk inc covid hosp,1,2026-09-05,56,quantile,0.4,1.0
2026-08-29,wk inc covid hosp,1,2026-09-05,56,quantile,0.45,1.0
2026-08-29,wk inc covid hosp,1,2026-09-05,56,quantile,0.5,1.0
2026-08-29,wk inc covid hosp,1,2026-09-05,56,quantile,0.55,1.0
2026-08-29,wk inc covid hosp,1,2026-09-05,56,quantile,0.6,1.0
2026-08-29,wk inc covid hosp,1,2026-09-05,56,quantile,0.65,1.0
2026-08-29,wk inc covid hosp,1,2026-09-05,56,quantile,0.7,1.0
2026-08-29,wk inc covid hosp,1,2026-09-05,56,quantile,0.75,1.0
2026-08-29,wk inc covid hosp,1,2026-09-05,56,quantile,0.8,1.0
2026-08-29,wk inc covid hosp,1,2026-09-05,56,quantile,0.85,1.0
2026-08-29,wk inc covid hosp,1,2026-09-05,56,quantile,0.9,1.0
2026-08-29,wk inc covid hosp,1,2026-09-05,56,quantile,0.95,2.0
2026-08-29,wk inc covid hosp,1,2026-09-05,56,quantile,0.975,2.0
2026-08-29,wk inc covid hosp,1,2026-09-05,56,quantile,0.99,3.0
2026-08-29,wk inc covid hosp,1,2026-09-05,72,quantile,0.01,33.0
2026-08-29,wk inc covid hosp,1,2026-09-05,72,quantile,0.025,44.0
2026-08-29,wk inc covid hosp,1,2026-09-05,72,quantile,0.05,59.0
2026-08-29,wk inc covid hosp,1,2026-09-05,72,quantile,0.1,74.0
2026-08-29,wk inc covid hosp,1,2026-09-05,72,quantile,0.15,87.0
2026-08-29,wk inc covid hosp,1,2026-09-05,72,quantile,0.2,97.0
2026-08-29,wk inc covid hosp,1,2026-09-05,72,quantile,0.25,105.0
2026-08-29,wk inc covid hosp,1,2026-09-05,72,quantile,0.3,111.0
2026-08-29,wk inc covid hosp,1,2026-09-05,72,quantile,0.35,116.0
2026-08-29,wk inc covid hosp,1,2026-09-05,72,quantile,0.4,121.0
2026-08-29,wk inc covid hosp,1,2026-09-05,72,quantile,0.45,125.0
2026-08-29,wk inc covid hosp,1,2026-09-05,72,quantile,0.5,129.0
2026-08-29,wk inc covid hosp,1,2026-09-05,72,quantile,0.55,133.0
2026-08-29,wk inc covid hosp,1,2026-09-05,72,quantile,0.6,136.0
2026-08-29,wk inc covid hosp,1,2026-09-05,72,quantile,0.65,140.0
2026-08-29,wk inc covid hosp,1,2026-09-05,72,quantile,0.7,144.0
2026-08-29,wk inc covid hosp,1,2026-09-05,72,quantile,0.75,151.0
2026-08-29,wk inc covid hosp,1,2026-09-05,72,quantile,0.8,160.0
2026-08-29,wk inc covid hosp,1,2026-09-05,72,quantile,0.85,172.0
2026-08-29,wk inc covid hosp,1,2026-09-05,72,quantile,0.9,188.0
2026-08-29,wk inc covid hosp,1,2026-09-05,72,quantile,0.95,225.0
2026-08-29,wk inc covid hosp,1,2026-09-05,72,quantile,0.975,267.0
2026-08-29,wk inc covid hosp,1,2026-09-05,72,quantile,0.99,363.0
2026-08-29,wk inc covid hosp,2,2026-09-12,01,quantile,0.01,16.0
2026-08-29,wk inc covid hosp,2,2026-09-12,01,quantile,0.025,26.0
2026-08-29,wk inc covid hosp,2,2026-09-12,01,quantile,0.05,32.0
2026-08-29,wk inc covid hosp,2,2026-09-12,01,quantile,0.1,40.0
2026-08-29,wk inc covid hosp,2,2026-09-12,01,quantile,0.15,48.0
2026-08-29,wk inc covid hosp,2,2026-09-12,01,quantile,0.2,55.0
2026-08-29,wk inc covid hosp,2,2026-09-12,01,quantile,0.25,59.0
2026-08-29,wk inc covid hosp,2,2026-09-12,01,quantile,0.3,62.0
2026-08-29,wk inc covid hosp,2,2026-09-12,01,quantile,0.35,65.0
2026-08-29,wk inc covid hosp,2,2026-09-12,01,quantile,0.4,68.0
2026-08-29,wk inc covid hosp,2,2026-09-12,01,quantile,0.45,72.0
2026-08-29,wk inc covid hosp,2,2026-09-12,01,quantile,0.5,74.0
2026-08-29,wk inc covid hosp,2,2026-09-12,01,quantile,0.55,76.0
2026-08-29,wk inc covid hosp,2,2026-09-12,01,quantile,0.6,79.0
2026-08-29,wk inc covid hosp,2,2026-09-12,01,quantile,0.65,81.0
2026-08-29,wk inc covid hosp,2,2026-09-12,01,quantile,0.7,85.0
2026-08-29,wk inc covid hosp,2,2026-09-12,01,quantile,0.75,89.0
2026-08-29,wk inc covid hosp,2,2026-09-12,01,quantile,0.8,94.0
2026-08-29,wk inc covid hosp,2,2026-09-12,01,quantile,0.85,100.0
2026-08-29,wk inc covid hosp,2,2026-09-12,01,quantile,0.9,111.0
2026-08-29,wk inc covid hosp,2,2026-09-12,01,quantile,0.95,132.0
2026-08-29,wk inc covid hosp,2,2026-09-12,01,quantile,0.975,158.0
2026-08-29,wk inc covid hosp,2,2026-09-12,01,quantile,0.99,202.0
2026-08-29,wk inc covid hosp,2,2026-09-12,02,quantile,0.01,0.0
2026-08-29,wk inc covid hosp,2,2026-09-12,02,quantile,0.025,1.0
2026-08-29,wk inc covid hosp,2,2026-09-12,02,quantile,0.05,1.0
2026-08-29,wk inc covid hosp,2,2026-09-12,02,quantile,0.1,1.0
2026-08-29,wk inc covid hosp,2,2026-09-12,02,quantile,0.15,1.0
2026-08-29,wk inc covid hosp,2,2026-09-12,02,quantile,0.2,2.0
2026-08-29,wk inc covid hosp,2,2026-09-12,02,quantile,0.25,2.0
2026-08-29,wk inc covid hosp,2,2026-09-12,02,quantile,0.3,2.0
2026-08-29,wk inc covid hosp,2,2026-09-12,02,quantile,0.35,2.0
2026-08-29,wk inc covid hosp,2,2026-09-12,02,quantile,0.4,2.0
2026-08-29,wk inc covid hosp,2,2026-09-12,02,quantile,0.45,2.0
2026-08-29,wk inc covid hosp,2,2026-09-12,02,quantile,0.5,2.0
2026-08-29,wk inc covid hosp,2,2026-09-12,02,quantile,0.55,3.0
2026-08-29,wk inc covid hosp,2,2026-09-12,02,quantile,0.6,3.0
2026-08-29,wk inc covid hosp,2,2026-09-12,02,quantile,0.65,3.0
2026-08-29,wk inc covid hosp,2,2026-09-12,02,quantile,0.7,3.0
2026-08-29,wk inc covid hosp,2,2026-09-12,02,quantile,0.75,3.0
2026-08-29,wk inc covid hosp,2,2026-09-12,02,quantile,0.8,3.0
2026-08-29,wk inc covid hosp,2,2026-09-12,02,quantile,0.85,4.0
2026-08-29,wk inc covid hosp,2,2026-09-12,02,quantile,0.9,4.0
2026-08-29,wk inc covid hosp,2,2026-09-12,02,quantile,0.95,5.0
2026-08-29,wk inc covid hosp,2,2026-09-12,02,quantile,0.975,6.0
2026-08-29,wk inc covid hosp,2,2026-09-12,02,quantile,0.99,8.0
2026-08-29,wk inc covid hosp,2,2026-09-12,04,quantile,0.01,8.0
2026-08-29,wk inc covid hosp,2,2026-09-12,04,quantile,0.025,15.0
2026-08-29,wk inc covid hosp,2,2026-09-12,04,quantile,0.05,20.0
2026-08-29,wk inc covid hosp,2,2026-09-12,04,quantile,0.1,25.0
2026-08-29,wk inc covid hosp,2,2026-09-12,04,quantile,0.15,31.0
2026-08-29,wk inc covid hosp,2,2026-09-12,04,quantile,0.2,36.0
2026-08-29,wk inc covid hosp,2,2026-09-12,04,quantile,0.25,39.0
2026-08-29,wk inc covid hosp,2,2026-09-12,04,quantile,0.3,41.0
2026-08-29,wk inc covid hosp,2,2026-09-12,04,quantile,0.35,43.0
2026-08-29,wk inc covid hosp,2,2026-09-12,04,quantile,0.4,45.0
2026-08-29,wk inc covid hosp,2,2026-09-12,04,quantile,0.45,48.0
2026-08-29,wk inc covid hosp,2,2026-09-12,04,quantile,0.5,49.0
2026-08-29,wk inc covid hosp,2,2026-09-12,04,quantile,0.55,51.0
2026-08-29,wk inc covid hosp,2,2026-09-12,04,quantile,0.6,53.0
2026-08-29,wk inc covid hosp,2,2026-09-12,04,quantile,0.65,54.0
2026-08-29,wk inc covid hosp,2,2026-09-12,04,quantile,0.7,57.0
2026-08-29,wk inc covid hosp,2,2026-09-12,04,quantile,0.75,60.0
2026-08-29,wk inc covid hosp,2,2026-09-12,04,quantile,0.8,64.0
2026-08-29,wk inc covid hosp,2,2026-09-12,04,quantile,0.85,68.0
2026-08-29,wk inc covid hosp,2,2026-09-12,04,quantile,0.9,76.0
2026-08-29,wk inc covid hosp,2,2026-09-12,04,quantile,0.95,91.0
2026-08-29,wk inc covid hosp,2,2026-09-12,04,quantile,0.975,110.0
2026-08-29,wk inc covid hosp,2,2026-09-12,04,quantile,0.99,142.0
2026-08-29,wk inc covid hosp,2,2026-09-12,05,quantile,0.01,1.0
2026-08-29,wk inc covid hosp,2,2026-09-12,05,quantile,0.025,2.0
2026-08-29,wk inc covid hosp,2,2026-09-12,05,quantile,0.05,3.0
2026-08-29,wk inc covid hosp,2,2026-09-12,05,quantile,0.1,5.0
2026-08-29,wk inc covid hosp,2,2026-09-12,05,quantile,0.15,6.0
2026-08-29,wk inc covid hosp,2,2026-09-12,05,quantile,0.2,7.0
2026-08-29,wk inc covid hosp,2,2026-09-12,05,quantile,0.25,8.0
2026-08-29,wk inc covid hosp,2,2026-09-12,05,quantile,0.3,8.0
2026-08-29,wk inc covid hosp,2,2026-09-12,05,quantile,0.35,9.0
2026-08-29,wk inc covid hosp,2,2026-09-12,05,quantile,0.4,9.0
2026-08-29,wk inc covid hosp,2,2026-09-12,05,quantile,0.45,10.0
2026-08-29,wk inc covid hosp,2,2026-09-12,05,quantile,0.5,10.0
2026-08-29,wk inc covid hosp,2,2026-09-12,05,quantile,0.55,11.0
2026-08-29,wk inc covid hosp,2,2026-09-12,05,quantile,0.6,11.0
2026-08-29,wk inc covid hosp,2,2026-09-12,05,quantile,0.65,11.0
2026-08-29,wk inc covid hosp,2,2026-09-12,05,quantile,0.7,12.0
2026-08-29,wk inc covid hosp,2,2026-09-12,05,quantile,0.75,13.0
2026-08-29,wk inc covid hosp,2,2026-09-12,05,quantile,0.8,14.0
2026-08-29,wk inc covid hosp,2,2026-09-12,05,quantile,0.85,15.0
2026-08-29,wk inc covid hosp,2,2026-09-12,05,quantile,0.9,17.0
2026-08-29,wk inc covid hosp,2,2026-09-12,05,quantile,0.95,20.0
2026-08-29,wk inc covid hosp,2,2026-09-12,05,quantile,0.975,25.0
2026-08-29,wk inc covid hosp,2,2026-09-12,05,quantile,0.99,32.0
2026-08-29,wk inc covid hosp,2,2026-09-12,06,quantile,0.01,101.0
2026-08-29,wk inc covid hosp,2,2026-09-12,06,quantile,0.025,167.0
2026-08-29,wk inc covid hosp,2,2026-09-12,06,quantile,0.05,211.0
2026-08-29,wk inc covid hosp,2,2026-09-12,06,quantile,0.1,263.0
2026-08-29,wk inc covid hosp,2,2026-09-12,06,quantile,0.15,316.0
2026-08-29,wk inc covid hosp,2,2026-09-12,06,quantile,0.2,360.0
2026-08-29,wk inc covid hosp,2,2026-09-12,06,quantile,0.25,388.0
2026-08-29,wk inc covid hosp,2,2026-09-12,06,quantile,0.3,412.0
2026-08-29,wk inc covid hosp,2,2026-09-12,06,quantile,0.35,432.0
2026-08-29,wk inc covid hosp,2,2026-09-12,06,quantile,0.4,452.0
2026-08-29,wk inc covid hosp,2,2026-09-12,06,quantile,0.45,475.0
2026-08-29,wk inc covid hosp,2,2026-09-12,06,quantile,0.5,489.0
2026-08-29,wk inc covid hosp,2,2026-09-12,06,quantile,0.55,507.0
2026-08-29,wk inc covid hosp,2,2026-09-12,06,quantile,0.6,521.0
2026-08-29,wk inc covid hosp,2,2026-09-12,06,quantile,0.65,537.0
2026-08-29,wk inc covid hosp,2,2026-09-12,06,quantile,0.7,562.0
2026-08-29,wk inc covid hosp,2,2026-09-12,06,quantile,0.75,588.0
2026-08-29,wk inc covid hosp,2,2026-09-12,06,quantile,0.8,622.0
2026-08-29,wk inc covid hosp,2,2026-09-12,06,quantile,0.85,666.0
2026-08-29,wk inc covid hosp,2,2026-09-12,06,quantile,0.9,736.0
2026-08-29,wk inc covid hosp,2,2026-09-12,06,quantile,0.95,878.0
2026-08-29,wk inc covid hosp,2,2026-09-12,06,quantile,0.975,1053.0
2026-08-29,wk inc covid hosp,2,2026-09-12,06,quantile,0.99,1353.0
2026-08-29,wk inc covid hosp,2,2026-09-12,08,quantile,0.01,1.0
2026-08-29,wk inc covid hosp,2,2026-09-12,08,quantile,0.025,5.0
2026-08-29,wk inc covid hosp,2,2026-09-12,08,quantile,0.05,7.0
2026-08-29,wk inc covid hosp,2,2026-09-12,08,quantile,0.1,10.0
2026-08-29,wk inc covid hosp,2,2026-09-12,08,quantile,0.15,12.0
2026-08-29,wk inc covid hosp,2,2026-09-12,08,quantile,0.2,14.0
2026-08-29,wk inc covid hosp,2,2026-09-12,08,quantile,0.25,16.0
2026-08-29,wk inc covid hosp,2,2026-09-12,08,quantile,0.3,17.0
2026-08-29,wk inc covid hosp,2,2026-09-12,08,quantile,0.35,18.0
2026-08-29,wk inc covid hosp,2,2026-09-12,08,quantile,0.4,19.0
2026-08-29,wk inc covid hosp,2,2026-09-12,08,quantile,0.45,20.0
2026-08-29,wk inc covid hosp,2,2026-09-12,08,quantile,0.5,21.0
2026-08-29,wk inc covid hosp,2,2026-09-12,08,quantile,0.55,22.0
2026-08-29,wk inc covid hosp,2,2026-09-12,08,quantile,0.6,23.0
2026-08-29,wk inc covid hosp,2,2026-09-12,08,quantile,0.65,23.0
2026-08-29,wk inc covid hosp,2,2026-09-12,08,quantile,0.7,25.0
2026-08-29,wk inc covid hosp,2,2026-09-12,08,quantile,0.75,26.0
2026-08-29,wk inc covid hosp,2,2026-09-12,08,quantile,0.8,28.0
2026-08-29,wk inc covid hosp,2,2026-09-12,08,quantile,0.85,30.0
2026-08-29,wk inc covid hosp,2,2026-09-12,08,quantile,0.9,34.0
2026-08-29,wk inc covid hosp,2,2026-09-12,08,quantile,0.95,41.0
2026-08-29,wk inc covid hosp,2,2026-09-12,08,quantile,0.975,50.0
2026-08-29,wk inc covid hosp,2,2026-09-12,08,quantile,0.99,65.0
2026-08-29,wk inc covid hosp,2,2026-09-12,09,quantile,0.01,0.0
2026-08-29,wk inc covid hosp,2,2026-09-12,09,quantile,0.025,2.0
2026-08-29,wk inc covid hosp,2,2026-09-12,09,quantile,0.05,4.0
2026-08-29,wk inc covid hosp,2,2026-09-12,09,quantile,0.1,5.0
2026-08-29,wk inc covid hosp,2,2026-09-12,09,quantile,0.15,7.0
2026-08-29,wk inc covid hosp,2,2026-09-12,09,quantile,0.2,8.0
2026-08-29,wk inc covid hosp,2,2026-09-12,09,quantile,0.25,9.0
2026-08-29,wk inc covid hosp,2,2026-09-12,09,quantile,0.3,9.0
2026-08-29,wk inc covid hosp,2,2026-09-12,09,quantile,0.35,10.0
2026-08-29,wk inc covid hosp,2,2026-09-12,09,quantile,0.4,10.0
2026-08-29,wk inc covid hosp,2,2026-09-12,09,quantile,0.45,11.0
2026-08-29,wk inc covid hosp,2,2026-09-12,09,quantile,0.5,11.0
2026-08-29,wk inc covid hosp,2,2026-09-12,09,quantile,0.55,12.0
2026-08-29,wk inc covid hosp,2,2026-09-12,09,quantile,0.6,12.0
2026-08-29,wk inc covid hosp,2,2026-09-12,09,quantile,0.65,13.0
2026-08-29,wk inc covid hosp,2,2026-09-12,09,quantile,0.7,14.0
2026-08-29,wk inc covid hosp,2,2026-09-12,09,quantile,0.75,14.0
2026-08-29,wk inc covid hosp,2,2026-09-12,09,quantile,0.8,15.0
2026-08-29,wk inc covid hosp,2,2026-09-12,09,quantile,0.85,17.0
2026-08-29,wk inc covid hosp,2,2026-09-12,09,quantile,0.9,19.0
2026-08-29,wk inc covid hosp,2,2026-09-12,09,quantile,0.95,23.0
2026-08-29,wk inc covid hosp,2,2026-09-12,09,quantile,0.975,28.0
2026-08-29,wk inc covid hosp,2,2026-09-12,09,quantile,0.99,36.0
2026-08-29,wk inc covid hosp,2,2026-09-12,10,quantile,0.01,0.0
2026-08-29,wk inc covid hosp,2,2026-09-12,10,quantile,0.025,1.0
2026-08-29,wk inc covid hosp,2,2026-09-12,10,quantile,0.05,1.0
2026-08-29,wk inc covid hosp,2,2026-09-12,10,quantile,0.1,1.0
2026-08-29,wk inc covid hosp,2,2026-09-12,10,quantile,0.15,2.0
2026-08-29,wk inc covid hosp,2,2026-09-12,10,quantile,0.2,2.0
2026-08-29,wk inc covid hosp,2,2026-09-12,10,quantile,0.25,2.0
2026-08-29,wk inc covid hosp,2,2026-09-12,10,quantile,0.3,2.0
2026-08-29,wk inc covid hosp,2,2026-09-12,10,quantile,0.35,2.0
2026-08-29,wk inc covid hosp,2,2026-09-12,10,quantile,0.4,3.0
2026-08-29,wk inc covid hosp,2,2026-09-12,10,quantile,0.45,3.0
2026-08-29,wk inc covid hosp,2,2026-09-12,10,quantile,0.5,3.0
2026-08-29,wk inc covid hosp,2,2026-09-12,10,quantile,0.55,3.0
2026-08-29,wk inc covid hosp,2,2026-09-12,10,quantile,0.6,3.0
2026-08-29,wk inc covid hosp,2,2026-09-12,10,quantile,0.65,3.0
2026-08-29,wk inc covid hosp,2,2026-09-12,10,quantile,0.7,3.0
2026-08-29,wk inc covid hosp,2,2026-09-12,10,quantile,0.75,4.0
2026-08-29,wk inc covid hosp,2,2026-09-12,10,quantile,0.8,4.0
2026-08-29,wk inc covid hosp,2,2026-09-12,10,quantile,0.85,4.0
2026-08-29,wk inc covid hosp,2,2026-09-12,10,quantile,0.9,5.0
2026-08-29,wk inc covid hosp,2,2026-09-12,10,quantile,0.95,6.0
2026-08-29,wk inc covid hosp,2,2026-09-12,10,quantile,0.975,7.0
2026-08-29,wk inc covid hosp,2,2026-09-12,10,quantile,0.99,9.0
2026-08-29,wk inc covid hosp,2,2026-09-12,11,quantile,0.01,0.0
2026-08-29,wk inc covid hosp,2,2026-09-12,11,quantile,0.025,1.0
2026-08-29,wk inc covid hosp,2,2026-09-12,11,quantile,0.05,1.0
2026-08-29,wk inc covid hosp,2,2026-09-12,11,quantile,0.1,1.0
2026-08-29,wk inc covid hosp,2,2026-09-12,11,quantile,0.15,2.0
2026-08-29,wk inc covid hosp,2,2026-09-12,11,quantile,0.2,2.0
2026-08-29,wk inc covid hosp,2,2026-09-12,11,quantile,0.25,2.0
2026-08-29,wk inc covid hosp,2,2026-09-12,11,quantile,0.3,2.0
2026-08-29,wk inc covid hosp,2,2026-09-12,11,quantile,0.35,3.0
2026-08-29,wk inc covid hosp,2,2026-09-12,11,quantile,0.4,3.0
2026-08-29,wk inc covid hosp,2,2026-09-12,11,quantile,0.45,3.0
2026-08-29,wk inc covid hosp,2,2026-09-12,11,quantile,0.5,3.0
2026-08-29,wk inc covid hosp,2,2026-09-12,11,quantile,0.55,3.0
2026-08-29,wk inc covid hosp,2,2026-09-12,11,quantile,0.6,3.0
2026-08-29,wk inc covid hosp,2,2026-09-12,11,quantile,0.65,3.0
2026-08-29,wk inc covid hosp,2,2026-09-12,11,quantile,0.7,3.0
2026-08-29,wk inc covid hosp,2,2026-09-12,11,quantile,0.75,4.0
2026-08-29,wk inc covid hosp,2,2026-09-12,11,quantile,0.8,4.0
2026-08-29,wk inc covid hosp,2,2026-09-12,11,quantile,0.85,4.0
2026-08-29,wk inc covid hosp,2,2026-09-12,11,quantile,0.9,5.0
2026-08-29,wk inc covid hosp,2,2026-09-12,11,quantile,0.95,6.0
2026-08-29,wk inc covid hosp,2,2026-09-12,11,quantile,0.975,7.0
2026-08-29,wk inc covid hosp,2,2026-09-12,11,quantile,0.99,9.0
2026-08-29,wk inc covid hosp,2,2026-09-12,12,quantile,0.01,70.0
2026-08-29,wk inc covid hosp,2,2026-09-12,12,quantile,0.025,112.0
2026-08-29,wk inc covid hosp,2,2026-09-12,12,quantile,0.05,141.0
2026-08-29,wk inc covid hosp,2,2026-09-12,12,quantile,0.1,175.0
2026-08-29,wk inc covid hosp,2,2026-09-12,12,quantile,0.15,209.0
2026-08-29,wk inc covid hosp,2,2026-09-12,12,quantile,0.2,238.0
2026-08-29,wk inc covid hosp,2,2026-09-12,12,quantile,0.25,256.0
2026-08-29,wk inc covid hosp,2,2026-09-12,12,quantile,0.3,271.0
2026-08-29,wk inc covid hosp,2,2026-09-12,12,quantile,0.35,285.0
2026-08-29,wk inc covid hosp,2,2026-09-12,12,quantile,0.4,297.0
2026-08-29,wk inc covid hosp,2,2026-09-12,12,quantile,0.45,312.0
2026-08-29,wk inc covid hosp,2,2026-09-12,12,quantile,0.5,321.0
2026-08-29,wk inc covid hosp,2,2026-09-12,12,quantile,0.55,333.0
2026-08-29,wk inc covid hosp,2,2026-09-12,12,quantile,0.6,342.0
2026-08-29,wk inc covid hosp,2,2026-09-12,12,quantile,0.65,352.0
2026-08-29,wk inc covid hosp,2,2026-09-12,12,quantile,0.7,369.0
2026-08-29,wk inc covid hosp,2,2026-09-12,12,quantile,0.75,386.0
2026-08-29,wk inc covid hosp,2,2026-09-12,12,quantile,0.8,408.0
2026-08-29,wk inc covid hosp,2,2026-09-12,12,quantile,0.85,437.0
2026-08-29,wk inc covid hosp,2,2026-09-12,12,quantile,0.9,482.0
2026-08-29,wk inc covid hosp,2,2026-09-12,12,quantile,0.95,574.0
2026-08-29,wk inc covid hosp,2,2026-09-12,12,quantile,0.975,688.0
2026-08-29,wk inc covid hosp,2,2026-09-12,12,quantile,0.99,882.0
2026-08-29,wk inc covid hosp,2,2026-09-12,13,quantile,0.01,14.0
2026-08-29,wk inc covid hosp,2,2026-09-12,13,quantile,0.025,26.0
2026-08-29,wk inc covid hosp,2,2026-09-12,13,quantile,0.05,34.0
2026-08-29,wk inc covid hosp,2,2026-09-12,13,quantile,0.1,43.0
2026-08-29,wk inc covid hosp,2,2026-09-12,13,quantile,0.15,53.0
2026-08-29,wk inc covid hosp,2,2026-09-12,13,quantile,0.2,61.0
2026-08-29,wk inc covid hosp,2,2026-09-12,13,quantile,0.25,66.0
2026-08-29,wk inc covid hosp,2,2026-09-12,13,quantile,0.3,70.0
2026-08-29,wk inc covid hosp,2,2026-09-12,13,quantile,0.35,73.0
2026-08-29,wk inc covid hosp,2,2026-09-12,13,quantile,0.4,77.0
2026-08-29,wk inc covid hosp,2,2026-09-12,13,quantile,0.45,81.0
2026-08-29,wk inc covid hosp,2,2026-09-12,13,quantile,0.5,84.0
2026-08-29,wk inc covid hosp,2,2026-09-12,13,quantile,0.55,87.0
2026-08-29,wk inc covid hosp,2,2026-09-12,13,quantile,0.6,89.0
2026-08-29,wk inc covid hosp,2,2026-09-12,13,quantile,0.65,92.0
2026-08-29,wk inc covid hosp,2,2026-09-12,13,quantile,0.7,97.0
2026-08-29,wk inc covid hosp,2,2026-09-12,13,quantile,0.75,101.0
2026-08-29,wk inc covid hosp,2,2026-09-12,13,quantile,0.8,107.0
2026-08-29,wk inc covid hosp,2,2026-09-12,13,quantile,0.85,115.0
2026-08-29,wk inc covid hosp,2,2026-09-12,13,quantile,0.9,128.0
2026-08-29,wk inc covid hosp,2,2026-09-12,13,quantile,0.95,153.0
2026-08-29,wk inc covid hosp,2,2026-09-12,13,quantile,0.975,184.0
2026-08-29,wk inc covid hosp,2,2026-09-12,13,quantile,0.99,237.0
2026-08-29,wk inc covid hosp,2,2026-09-12,15,quantile,0.01,3.0
2026-08-29,wk inc covid hosp,2,2026-09-12,15,quantile,0.025,5.0
2026-08-29,wk inc covid hosp,2,2026-09-12,15,quantile,0.05,7.0
2026-08-29,wk inc covid hosp,2,2026-09-12,15,quantile,0.1,9.0
2026-08-29,wk inc covid hosp,2,2026-09-12,15,quantile,0.15,10.0
2026-08-29,wk inc covid hosp,2,2026-09-12,15,quantile,0.2,12.0
2026-08-29,wk inc covid hosp,2,2026-09-12,15,quantile,0.25,13.0
2026-08-29,wk inc covid hosp,2,2026-09-12,15,quantile,0.3,14.0
2026-08-29,wk inc covid hosp,2,2026-09-12,15,quantile,0.35,14.0
2026-08-29,wk inc covid hosp,2,2026-09-12,15,quantile,0.4,15.0
2026-08-29,wk inc covid hosp,2,2026-09-12,15,quantile,0.45,16.0
2026-08-29,wk inc covid hosp,2,2026-09-12,15,quantile,0.5,16.0
2026-08-29,wk inc covid hosp,2,2026-09-12,15,quantile,0.55,17.0
2026-08-29,wk inc covid hosp,2,2026-09-12,15,quantile,0.6,17.0
2026-08-29,wk inc covid hosp,2,2026-09-12,15,quantile,0.65,18.0
2026-08-29,wk inc covid hosp,2,2026-09-12,15,quantile,0.7,18.0
2026-08-29,wk inc covid hosp,2,2026-09-12,15,quantile,0.75,19.0
2026-08-29,wk inc covid hosp,2,2026-09-12,15,quantile,0.8,20.0
2026-08-29,wk inc covid hosp,2,2026-09-12,15,quantile,0.85,22.0
2026-08-29,wk inc covid hosp,2,2026-09-12,15,quantile,0.9,24.0
2026-08-29,wk inc covid hosp,2,2026-09-12,15,quantile,0.95,29.0
2026-08-29,wk inc covid hosp,2,2026-09-12,15,quantile,0.975,35.0
2026-08-29,wk inc covid hosp,2,2026-09-12,15,quantile,0.99,45.0
2026-08-29,wk inc covid hosp,2,2026-09-12,16,quantile,0.01,0.0
2026-08-29,wk inc covid hosp,2,2026-09-12,16,quantile,0.025,1.0
2026-08-29,wk inc covid hosp,2,2026-09-12,16,quantile,0.05,1.0
2026-08-29,wk inc covid hosp,2,2026-09-12,16,quantile,0.1,2.0
2026-08-29,wk inc covid hosp,2,2026-09-12,16,quantile,0.15,2.0
2026-08-29,wk inc covid hosp,2,2026-09-12,16,quantile,0.2,3.0
2026-08-29,wk inc covid hosp,2,2026-09-12,16,quantile,0.25,3.0
2026-08-29,wk inc covid hosp,2,2026-09-12,16,quantile,0.3,3.0
2026-08-29,wk inc covid hosp,2,2026-09-12,16,quantile,0.35,4.0
2026-08-29,wk inc covid hosp,2,2026-09-12,16,quantile,0.4,4.0
2026-08-29,wk inc covid hosp,2,2026-09-12,16,quantile,0.45,4.0
2026-08-29,wk inc covid hosp,2,2026-09-12,16,quantile,0.5,4.0
2026-08-29,wk inc covid hosp,2,2026-09-12,16,quantile,0.55,5.0
2026-08-29,wk inc covid hosp,2,2026-09-12,16,quantile,0.6,5.0
2026-08-29,wk inc covid hosp,2,2026-09-12,16,quantile,0.65,5.0
2026-08-29,wk inc covid hosp,2,2026-09-12,16,quantile,0.7,5.0
2026-08-29,wk inc covid hosp,2,2026-09-12,16,quantile,0.75,5.0
2026-08-29,wk inc covid hosp,2,2026-09-12,16,quantile,0.8,6.0
2026-08-29,wk inc covid hosp,2,2026-09-12,16,quantile,0.85,6.0
2026-08-29,wk inc covid hosp,2,2026-09-12,16,quantile,0.9,7.0
2026-08-29,wk inc covid hosp,2,2026-09-12,16,quantile,0.95,9.0
2026-08-29,wk inc covid hosp,2,2026-09-12,16,quantile,0.975,11.0
2026-08-29,wk inc covid hosp,2,2026-09-12,16,quantile,0.99,14.0
2026-08-29,wk inc covid hosp,2,2026-09-12,17,quantile,0.01,0.0
2026-08-29,wk inc covid hosp,2,2026-09-12,17,quantile,0.025,7.0
2026-08-29,wk inc covid hosp,2,2026-09-12,17,quantile,0.05,11.0
2026-08-29,wk inc covid hosp,2,2026-09-12,17,quantile,0.1,16.0
2026-08-29,wk inc covid hosp,2,2026-09-12,17,quantile,0.15,21.0
2026-08-29,wk inc covid hosp,2,2026-09-12,17,quantile,0.2,25.0
2026-08-29,wk inc covid hosp,2,2026-09-12,17,quantile,0.25,27.0
2026-08-29,wk inc covid hosp,2,2026-09-12,17,quantile,0.3,29.0
2026-08-29,wk inc covid hosp,2,2026-09-12,17,quantile,0.35,31.0
2026-08-29,wk inc covid hosp,2,2026-09-12,17,quantile,0.4,33.0
2026-08-29,wk inc covid hosp,2,2026-09-12,17,quantile,0.45,35.0
2026-08-29,wk inc covid hosp,2,2026-09-12,17,quantile,0.5,37.0
2026-08-29,wk inc covid hosp,2,2026-09-12,17,quantile,0.55,38.0
2026-08-29,wk inc covid hosp,2,2026-09-12,17,quantile,0.6,40.0
2026-08-29,wk inc covid hosp,2,2026-09-12,17,quantile,0.65,41.0
2026-08-29,wk inc covid hosp,2,2026-09-12,17,quantile,0.7,44.0
2026-08-29,wk inc covid hosp,2,2026-09-12,17,quantile,0.75,46.0
2026-08-29,wk inc covid hosp,2,2026-09-12,17,quantile,0.8,49.0
2026-08-29,wk inc covid hosp,2,2026-09-12,17,quantile,0.85,53.0
2026-08-29,wk inc covid hosp,2,2026-09-12,17,quantile,0.9,60.0
2026-08-29,wk inc covid hosp,2,2026-09-12,17,quantile,0.95,73.0
2026-08-29,wk inc covid hosp,2,2026-09-12,17,quantile,0.975,89.0
2026-08-29,wk inc covid hosp,2,2026-09-12,17,quantile,0.99,117.0
2026-08-29,wk inc covid hosp,2,2026-09-12,18,quantile,0.01,0.0
2026-08-29,wk inc covid hosp,2,2026-09-12,18,quantile,0.025,2.0
2026-08-29,wk inc covid hosp,2,2026-09-12,18,quantile,0.05,4.0
2026-08-29,wk inc covid hosp,2,2026-09-12,18,quantile,0.1,7.0
2026-08-29,wk inc covid hosp,2,2026-09-12,18,quantile,0.15,9.0
2026-08-29,wk inc covid hosp,2,2026-09-12,18,quantile,0.2,11.0
2026-08-29,wk inc covid hosp,2,2026-09-12,18,quantile,0.25,12.0
2026-08-29,wk inc covid hosp,2,2026-09-12,18,quantile,0.3,13.0
2026-08-29,wk inc covid hosp,2,2026-09-12,18,quantile,0.35,14.0
2026-08-29,wk inc covid hosp,2,2026-09-12,18,quantile,0.4,15.0
2026-08-29,wk inc covid hosp,2,2026-09-12,18,quantile,0.45,16.0
2026-08-29,wk inc covid hosp,2,2026-09-12,18,quantile,0.5,17.0
2026-08-29,wk inc covid hosp,2,2026-09-12,18,quantile,0.55,17.0
2026-08-29,wk inc covid hosp,2,2026-09-12,18,quantile,0.6,18.0
2026-08-29,wk inc covid hosp,2,2026-09-12,18,quantile,0.65,19.0
2026-08-29,wk inc covid hosp,2,2026-09-12,18,quantile,0.7,20.0
2026-08-29,wk inc covid hosp,2,2026-09-12,18,quantile,0.75,21.0
2026-08-29,wk inc covid hosp,2,2026-09-12,18,quantile,0.8,22.0
2026-08-29,wk inc covid hosp,2,2026-09-12,18,quantile,0.85,24.0
2026-08-29,wk inc covid hosp,2,2026-09-12,18,quantile,0.9,27.0
2026-08-29,wk inc covid hosp,2,2026-09-12,18,quantile,0.95,34.0
2026-08-29,wk inc covid hosp,2,2026-09-12,18,quantile,0.975,41.0
2026-08-29,wk inc covid hosp,2,2026-09-12,18,quantile,0.99,55.0
2026-08-29,wk inc covid hosp,2,2026-09-12,19,quantile,0.01,0.0
2026-08-29,wk inc covid hosp,2,2026-09-12,19,quantile,0.025,0.0
2026-08-29,wk inc covid hosp,2,2026-09-12,19,quantile,0.05,1.0
2026-08-29,wk inc covid hosp,2,2026-09-12,19,quantile,0.1,2.0
2026-08-29,wk inc covid hosp,2,2026-09-12,19,quantile,0.15,2.0
2026-08-29,wk inc covid hosp,2,2026-09-12,19,quantile,0.2,3.0
2026-08-29,wk inc covid hosp,2,2026-09-12,19,quantile,0.25,4.0
2026-08-29,wk inc covid hosp,2,2026-09-12,19,quantile,0.3,4.0
2026-08-29,wk inc covid hosp,2,2026-09-12,19,quantile,0.35,4.0
2026-08-29,wk inc covid hosp,2,2026-09-12,19,quantile,0.4,5.0
2026-08-29,wk inc covid hosp,2,2026-09-12,19,quantile,0.45,5.0
2026-08-29,wk inc covid hosp,2,2026-09-12,19,quantile,0.5,5.0
2026-08-29,wk inc covid hosp,2,2026-09-12,19,quantile,0.55,6.0
2026-08-29,wk inc covid hosp,2,2026-09-12,19,quantile,0.6,6.0
2026-08-29,wk inc covid hosp,2,2026-09-12,19,quantile,0.65,6.0
2026-08-29,wk inc covid hosp,2,2026-09-12,19,quantile,0.7,6.0
2026-08-29,wk inc covid hosp,2,2026-09-12,19,quantile,0.75,7.0
2026-08-29,wk inc covid hosp,2,2026-09-12,19,quantile,0.8,7.0
2026-08-29,wk inc covid hosp,2,2026-09-12,19,quantile,0.85,8.0
2026-08-29,wk inc covid hosp,2,2026-09-12,19,quantile,0.9,9.0
2026-08-29,wk inc covid hosp,2,2026-09-12,19,quantile,0.95,11.0
2026-08-29,wk inc covid hosp,2,2026-09-12,19,quantile,0.975,14.0
2026-08-29,wk inc covid hosp,2,2026-09-12,19,quantile,0.99,19.0
2026-08-29,wk inc covid hosp,2,2026-09-12,20,quantile,0.01,0.0
2026-08-29,wk inc covid hosp,2,2026-09-12,20,quantile,0.025,1.0
2026-08-29,wk inc covid hosp,2,2026-09-12,20,quantile,0.05,2.0
2026-08-29,wk inc covid hosp,2,2026-09-12,20,quantile,0.1,3.0
2026-08-29,wk inc covid hosp,2,2026-09-12,20,quantile,0.15,4.0
2026-08-29,wk inc covid hosp,2,2026-09-12,20,quantile,0.2,5.0
2026-08-29,wk inc covid hosp,2,2026-09-12,20,quantile,0.25,6.0
2026-08-29,wk inc covid hosp,2,2026-09-12,20,quantile,0.3,6.0
2026-08-29,wk inc covid hosp,2,2026-09-12,20,quantile,0.35,7.0
2026-08-29,wk inc covid hosp,2,2026-09-12,20,quantile,0.4,7.0
2026-08-29,wk inc covid hosp,2,2026-09-12,20,quantile,0.45,7.0
2026-08-29,wk inc covid hosp,2,2026-09-12,20,quantile,0.5,8.0
2026-08-29,wk inc covid hosp,2,2026-09-12,20,quantile,0.55,8.0
2026-08-29,wk inc covid hosp,2,2026-09-12,20,quantile,0.6,8.0
2026-08-29,wk inc covid hosp,2,2026-09-12,20,quantile,0.65,9.0
2026-08-29,wk inc covid hosp,2,2026-09-12,20,quantile,0.7,9.0
2026-08-29,wk inc covid hosp,2,2026-09-12,20,quantile,0.75,10.0
2026-08-29,wk inc covid hosp,2,2026-09-12,20,quantile,0.8,10.0
2026-08-29,wk inc covid hosp,2,2026-09-12,20,quantile,0.85,11.0
2026-08-29,wk inc covid hosp,2,2026-09-12,20,quantile,0.9,13.0
2026-08-29,wk inc covid hosp,2,2026-09-12,20,quantile,0.95,16.0
2026-08-29,wk inc covid hosp,2,2026-09-12,20,quantile,0.975,19.0
2026-08-29,wk inc covid hosp,2,2026-09-12,20,quantile,0.99,25.0
2026-08-29,wk inc covid hosp,2,2026-09-12,21,quantile,0.01,1.0
2026-08-29,wk inc covid hosp,2,2026-09-12,21,quantile,0.025,3.0
2026-08-29,wk inc covid hosp,2,2026-09-12,21,quantile,0.05,5.0
2026-08-29,wk inc covid hosp,2,2026-09-12,21,quantile,0.1,7.0
2026-08-29,wk inc covid hosp,2,2026-09-12,21,quantile,0.15,9.0
2026-08-29,wk inc covid hosp,2,2026-09-12,21,quantile,0.2,11.0
2026-08-29,wk inc covid hosp,2,2026-09-12,21,quantile,0.25,12.0
2026-08-29,wk inc covid hosp,2,2026-09-12,21,quantile,0.3,13.0
2026-08-29,wk inc covid hosp,2,2026-09-12,21,quantile,0.35,13.0
2026-08-29,wk inc covid hosp,2,2026-09-12,21,quantile,0.4,14.0
2026-08-29,wk inc covid hosp,2,2026-09-12,21,quantile,0.45,15.0
2026-08-29,wk inc covid hosp,2,2026-09-12,21,quantile,0.5,16.0
2026-08-29,wk inc covid hosp,2,2026-09-12,21,quantile,0.55,16.0
2026-08-29,wk inc covid hosp,2,2026-09-12,21,quantile,0.6,17.0
2026-08-29,wk inc covid hosp,2,2026-09-12,21,quantile,0.65,17.0
2026-08-29,wk inc covid hosp,2,2026-09-12,21,quantile,0.7,18.0
2026-08-29,wk inc covid hosp,2,2026-09-12,21,quantile,0.75,19.0
2026-08-29,wk inc covid hosp,2,2026-09-12,21,quantile,0.8,21.0
2026-08-29,wk inc covid hosp,2,2026-09-12,21,quantile,0.85,22.0
2026-08-29,wk inc covid hosp,2,2026-09-12,21,quantile,0.9,25.0
2026-08-29,wk inc covid hosp,2,2026-09-12,21,quantile,0.95,30.0
2026-08-29,wk inc covid hosp,2,2026-09-12,21,quantile,0.975,37.0
2026-08-29,wk inc covid hosp,2,2026-09-12,21,quantile,0.99,48.0
2026-08-29,wk inc covid hosp,2,2026-09-12,22,quantile,0.01,14.0
2026-08-29,wk inc covid hosp,2,2026-09-12,22,quantile,0.025,23.0
2026-08-29,wk inc covid hosp,2,2026-09-12,22,quantile,0.05,29.0
2026-08-29,wk inc covid hosp,2,2026-09-12,22,quantile,0.1,35.0
2026-08-29,wk inc covid hosp,2,2026-09-12,22,quantile,0.15,43.0
2026-08-29,wk inc covid hosp,2,2026-09-12,22,quantile,0.2,48.0
2026-08-29,wk inc covid hosp,2,2026-09-12,22,quantile,0.25,52.0
2026-08-29,wk inc covid hosp,2,2026-09-12,22,quantile,0.3,55.0
2026-08-29,wk inc covid hosp,2,2026-09-12,22,quantile,0.35,58.0
2026-08-29,wk inc covid hosp,2,2026-09-12,22,quantile,0.4,61.0
2026-08-29,wk inc covid hosp,2,2026-09-12,22,quantile,0.45,64.0
2026-08-29,wk inc covid hosp,2,2026-09-12,22,quantile,0.5,65.0
2026-08-29,wk inc covid hosp,2,2026-09-12,22,quantile,0.55,68.0
2026-08-29,wk inc covid hosp,2,2026-09-12,22,quantile,0.6,70.0
2026-08-29,wk inc covid hosp,2,2026-09-12,22,quantile,0.65,72.0
2026-08-29,wk inc covid hosp,2,2026-09-12,22,quantile,0.7,75.0
2026-08-29,wk inc covid hosp,2,2026-09-12,22,quantile,0.75,79.0
2026-08-29,wk inc covid hosp,2,2026-09-12,22,quantile,0.8,83.0
2026-08-29,wk inc covid hosp,2,2026-09-12,22,quantile,0.85,89.0
2026-08-29,wk inc covid hosp,2,2026-09-12,22,quantile,0.9,98.0
2026-08-29,wk inc covid hosp,2,2026-09-12,22,quantile,0.95,117.0
2026-08-29,wk inc covid hosp,2,2026-09-12,22,quantile,0.975,140.0
2026-08-29,wk inc covid hosp,2,2026-09-12,22,quantile,0.99,180.0
2026-08-29,wk inc covid hosp,2,2026-09-12,23,quantile,0.01,0.0
2026-08-29,wk inc covid hosp,2,2026-09-12,23,quantile,0.025,0.0
2026-08-29,wk inc covid hosp,2,2026-09-12,23,quantile,0.05,0.0
2026-08-29,wk inc covid hosp,2,2026-09-12,23,quantile,0.1,1.0
2026-08-29,wk inc covid hosp,2,2026-09-12,23,quantile,0.15,1.0
2026-08-29,wk inc covid hosp,2,2026-09-12,23,quantile,0.2,1.0
2026-08-29,wk inc covid hosp,2,2026-09-12,23,quantile,0.25,1.0
2026-08-29,wk inc covid hosp,2,2026-09-12,23,quantile,0.3,1.0
2026-08-29,wk inc covid hosp,2,2026-09-12,23,quantile,0.35,2.0
2026-08-29,wk inc covid hosp,2,2026-09-12,23,quantile,0.4,2.0
2026-08-29,wk inc covid hosp,2,2026-09-12,23,quantile,0.45,2.0
2026-08-29,wk inc covid hosp,2,2026-09-12,23,quantile,0.5,2.0
2026-08-29,wk inc covid hosp,2,2026-09-12,23,quantile,0.55,2.0
2026-08-29,wk inc covid hosp,2,2026-09-12,23,quantile,0.6,2.0
2026-08-29,wk inc covid hosp,2,2026-09-12,23,quantile,0.65,2.0
2026-08-29,wk inc covid hosp,2,2026-09-12,23,quantile,0.7,2.0
2026-08-29,wk inc covid hosp,2,2026-09-12,23,quantile,0.75,3.0
2026-08-29,wk inc covid hosp,2,2026-09-12,23,quantile,0.8,3.0
2026-08-29,wk inc covid hosp,2,2026-09-12,23,quantile,0.85,3.0
2026-08-29,wk inc covid hosp,2,2026-09-12,23,quantile,0.9,3.0
2026-08-29,wk inc covid hosp,2,2026-09-12,23,quantile,0.95,4.0
2026-08-29,wk inc covid hosp,2,2026-09-12,23,quantile,0.975,5.0
2026-08-29,wk inc covid hosp,2,2026-09-12,23,quantile,0.99,7.0
2026-08-29,wk inc covid hosp,2,2026-09-12,24,quantile,0.01,0.0
2026-08-29,wk inc covid hosp,2,2026-09-12,24,quantile,0.025,2.0
2026-08-29,wk inc covid hosp,2,2026-09-12,24,quantile,0.05,4.0
2026-08-29,wk inc covid hosp,2,2026-09-12,24,quantile,0.1,6.0
2026-08-29,wk inc covid hosp,2,2026-09-12,24,quantile,0.15,8.0
2026-08-29,wk inc covid hosp,2,2026-09-12,24,quantile,0.2,9.0
2026-08-29,wk inc covid hosp,2,2026-09-12,24,quantile,0.25,11.0
2026-08-29,wk inc covid hosp,2,2026-09-12,24,quantile,0.3,11.0
2026-08-29,wk inc covid hosp,2,2026-09-12,24,quantile,0.35,12.0
2026-08-29,wk inc covid hosp,2,2026-09-12,24,quantile,0.4,13.0
2026-08-29,wk inc covid hosp,2,2026-09-12,24,quantile,0.45,14.0
2026-08-29,wk inc covid hosp,2,2026-09-12,24,quantile,0.5,14.0
2026-08-29,wk inc covid hosp,2,2026-09-12,24,quantile,0.55,15.0
2026-08-29,wk inc covid hosp,2,2026-09-12,24,quantile,0.6,16.0
2026-08-29,wk inc covid hosp,2,2026-09-12,24,quantile,0.65,16.0
2026-08-29,wk inc covid hosp,2,2026-09-12,24,quantile,0.7,17.0
2026-08-29,wk inc covid hosp,2,2026-09-12,24,quantile,0.75,18.0
2026-08-29,wk inc covid hosp,2,2026-09-12,24,quantile,0.8,20.0
2026-08-29,wk inc covid hosp,2,2026-09-12,24,quantile,0.85,21.0
2026-08-29,wk inc covid hosp,2,2026-09-12,24,quantile,0.9,24.0
2026-08-29,wk inc covid hosp,2,2026-09-12,24,quantile,0.95,30.0
2026-08-29,wk inc covid hosp,2,2026-09-12,24,quantile,0.975,36.0
2026-08-29,wk inc covid hosp,2,2026-09-12,24,quantile,0.99,48.0
2026-08-29,wk inc covid hosp,2,2026-09-12,25,quantile,0.01,0.0
2026-08-29,wk inc covid hosp,2,2026-09-12,25,quantile,0.025,4.0
2026-08-29,wk inc covid hosp,2,2026-09-12,25,quantile,0.05,6.0
2026-08-29,wk inc covid hosp,2,2026-09-12,25,quantile,0.1,9.0
2026-08-29,wk inc covid hosp,2,2026-09-12,25,quantile,0.15,12.0
2026-08-29,wk inc covid hosp,2,2026-09-12,25,quantile,0.2,14.0
2026-08-29,wk inc covid hosp,2,2026-09-12,25,quantile,0.25,15.0
2026-08-29,wk inc covid hosp,2,2026-09-12,25,quantile,0.3,17.0
2026-08-29,wk inc covid hosp,2,2026-09-12,25,quantile,0.35,18.0
2026-08-29,wk inc covid hosp,2,2026-09-12,25,quantile,0.4,19.0
2026-08-29,wk inc covid hosp,2,2026-09-12,25,quantile,0.45,20.0
2026-08-29,wk inc covid hosp,2,2026-09-12,25,quantile,0.5,21.0
2026-08-29,wk inc covid hosp,2,2026-09-12,25,quantile,0.55,22.0
2026-08-29,wk inc covid hosp,2,2026-09-12,25,quantile,0.6,22.0
2026-08-29,wk inc covid hosp,2,2026-09-12,25,quantile,0.65,23.0
2026-08-29,wk inc covid hosp,2,2026-09-12,25,quantile,0.7,24.0
2026-08-29,wk inc covid hosp,2,2026-09-12,25,quantile,0.75,26.0
2026-08-29,wk inc covid hosp,2,2026-09-12,25,quantile,0.8,28.0
2026-08-29,wk inc covid hosp,2,2026-09-12,25,quantile,0.85,30.0
2026-08-29,wk inc covid hosp,2,2026-09-12,25,quantile,0.9,34.0
2026-08-29,wk inc covid hosp,2,2026-09-12,25,quantile,0.95,41.0
2026-08-29,wk inc covid hosp,2,2026-09-12,25,quantile,0.975,50.0
2026-08-29,wk inc covid hosp,2,2026-09-12,25,quantile,0.99,66.0
2026-08-29,wk inc covid hosp,2,2026-09-12,26,quantile,0.01,10.0
2026-08-29,wk inc covid hosp,2,2026-09-12,26,quantile,0.025,20.0
2026-08-29,wk inc covid hosp,2,2026-09-12,26,quantile,0.05,26.0
2026-08-29,wk inc covid hosp,2,2026-09-12,26,quantile,0.1,34.0
2026-08-29,wk inc covid hosp,2,2026-09-12,26,quantile,0.15,42.0
2026-08-29,wk inc covid hosp,2,2026-09-12,26,quantile,0.2,48.0
2026-08-29,wk inc covid hosp,2,2026-09-12,26,quantile,0.25,52.0
2026-08-29,wk inc covid hosp,2,2026-09-12,26,quantile,0.3,55.0
2026-08-29,wk inc covid hosp,2,2026-09-12,26,quantile,0.35,58.0
2026-08-29,wk inc covid hosp,2,2026-09-12,26,quantile,0.4,61.0
2026-08-29,wk inc covid hosp,2,2026-09-12,26,quantile,0.45,65.0
2026-08-29,wk inc covid hosp,2,2026-09-12,26,quantile,0.5,67.0
2026-08-29,wk inc covid hosp,2,2026-09-12,26,quantile,0.55,69.0
2026-08-29,wk inc covid hosp,2,2026-09-12,26,quantile,0.6,71.0
2026-08-29,wk inc covid hosp,2,2026-09-12,26,quantile,0.65,74.0
2026-08-29,wk inc covid hosp,2,2026-09-12,26,quantile,0.7,77.0
2026-08-29,wk inc covid hosp,2,2026-09-12,26,quantile,0.75,81.0
2026-08-29,wk inc covid hosp,2,2026-09-12,26,quantile,0.8,86.0
2026-08-29,wk inc covid hosp,2,2026-09-12,26,quantile,0.85,92.0
2026-08-29,wk inc covid hosp,2,2026-09-12,26,quantile,0.9,102.0
2026-08-29,wk inc covid hosp,2,2026-09-12,26,quantile,0.95,123.0
2026-08-29,wk inc covid hosp,2,2026-09-12,26,quantile,0.975,148.0
2026-08-29,wk inc covid hosp,2,2026-09-12,26,quantile,0.99,192.0
2026-08-29,wk inc covid hosp,2,2026-09-12,27,quantile,0.01,0.0
2026-08-29,wk inc covid hosp,2,2026-09-12,27,quantile,0.025,1.0
2026-08-29,wk inc covid hosp,2,2026-09-12,27,quantile,0.05,2.0
2026-08-29,wk inc covid hosp,2,2026-09-12,27,quantile,0.1,4.0
2026-08-29,wk inc covid hosp,2,2026-09-12,27,quantile,0.15,6.0
2026-08-29,wk inc covid hosp,2,2026-09-12,27,quantile,0.2,7.0
2026-08-29,wk inc covid hosp,2,2026-09-12,27,quantile,0.25,8.0
2026-08-29,wk inc covid hosp,2,2026-09-12,27,quantile,0.3,9.0
2026-08-29,wk inc covid hosp,2,2026-09-12,27,quantile,0.35,10.0
2026-08-29,wk inc covid hosp,2,2026-09-12,27,quantile,0.4,10.0
2026-08-29,wk inc covid hosp,2,2026-09-12,27,quantile,0.45,11.0
2026-08-29,wk inc covid hosp,2,2026-09-12,27,quantile,0.5,11.0
2026-08-29,wk inc covid hosp,2,2026-09-12,27,quantile,0.55,12.0
2026-08-29,wk inc covid hosp,2,2026-09-12,27,quantile,0.6,13.0
2026-08-29,wk inc covid hosp,2,2026-09-12,27,quantile,0.65,13.0
2026-08-29,wk inc covid hosp,2,2026-09-12,27,quantile,0.7,14.0
2026-08-29,wk inc covid hosp,2,2026-09-12,27,quantile,0.75,15.0
2026-08-29,wk inc covid hosp,2,2026-09-12,27,quantile,0.8,16.0
2026-08-29,wk inc covid hosp,2,2026-09-12,27,quantile,0.85,17.0
2026-08-29,wk inc covid hosp,2,2026-09-12,27,quantile,0.9,19.0
2026-08-29,wk inc covid hosp,2,2026-09-12,27,quantile,0.95,24.0
2026-08-29,wk inc covid hosp,2,2026-09-12,27,quantile,0.975,30.0
2026-08-29,wk inc covid hosp,2,2026-09-12,27,quantile,0.99,39.0
2026-08-29,wk inc covid hosp,2,2026-09-12,28,quantile,0.01,8.0
2026-08-29,wk inc covid hosp,2,2026-09-12,28,quantile,0.025,13.0
2026-08-29,wk inc covid hosp,2,2026-09-12,28,quantile,0.05,17.0
2026-08-29,wk inc covid hosp,2,2026-09-12,28,quantile,0.1,21.0
2026-08-29,wk inc covid hosp,2,2026-09-12,28,quantile,0.15,25.0
2026-08-29,wk inc covid hosp,2,2026-09-12,28,quantile,0.2,29.0
2026-08-29,wk inc covid hosp,2,2026-09-12,28,quantile,0.25,31.0
2026-08-29,wk inc covid hosp,2,2026-09-12,28,quantile,0.3,33.0
2026-08-29,wk inc covid hosp,2,2026-09-12,28,quantile,0.35,34.0
2026-08-29,wk inc covid hosp,2,2026-09-12,28,quantile,0.4,36.0
2026-08-29,wk inc covid hosp,2,2026-09-12,28,quantile,0.45,38.0
2026-08-29,wk inc covid hosp,2,2026-09-12,28,quantile,0.5,39.0
2026-08-29,wk inc covid hosp,2,2026-09-12,28,quantile,0.55,40.0
2026-08-29,wk inc covid hosp,2,2026-09-12,28,quantile,0.6,41.0
2026-08-29,wk inc covid hosp,2,2026-09-12,28,quantile,0.65,43.0
2026-08-29,wk inc covid hosp,2,2026-09-12,28,quantile,0.7,45.0
2026-08-29,wk inc covid hosp,2,2026-09-12,28,quantile,0.75,47.0
2026-08-29,wk inc covid hosp,2,2026-09-12,28,quantile,0.8,49.0
2026-08-29,wk inc covid hosp,2,2026-09-12,28,quantile,0.85,53.0
2026-08-29,wk inc covid hosp,2,2026-09-12,28,quantile,0.9,58.0
2026-08-29,wk inc covid hosp,2,2026-09-12,28,quantile,0.95,69.0
2026-08-29,wk inc covid hosp,2,2026-09-12,28,quantile,0.975,83.0
2026-08-29,wk inc covid hosp,2,2026-09-12,28,quantile,0.99,107.0
2026-08-29,wk inc covid hosp,2,2026-09-12,29,quantile,0.01,0.0
2026-08-29,wk inc covid hosp,2,2026-09-12,29,quantile,0.025,3.0
2026-08-29,wk inc covid hosp,2,2026-09-12,29,quantile,0.05,5.0
2026-08-29,wk inc covid hosp,2,2026-09-12,29,quantile,0.1,7.0
2026-08-29,wk inc covid hosp,2,2026-09-12,29,quantile,0.15,10.0
2026-08-29,wk inc covid hosp,2,2026-09-12,29,quantile,0.2,12.0
2026-08-29,wk inc covid hosp,2,2026-09-12,29,quantile,0.25,13.0
2026-08-29,wk inc covid hosp,2,2026-09-12,29,quantile,0.3,14.0
2026-08-29,wk inc covid hosp,2,2026-09-12,29,quantile,0.35,15.0
2026-08-29,wk inc covid hosp,2,2026-09-12,29,quantile,0.4,16.0
2026-08-29,wk inc covid hosp,2,2026-09-12,29,quantile,0.45,17.0
2026-08-29,wk inc covid hosp,2,2026-09-12,29,quantile,0.5,18.0
2026-08-29,wk inc covid hosp,2,2026-09-12,29,quantile,0.55,19.0
2026-08-29,wk inc covid hosp,2,2026-09-12,29,quantile,0.6,19.0
2026-08-29,wk inc covid hosp,2,2026-09-12,29,quantile,0.65,20.0
2026-08-29,wk inc covid hosp,2,2026-09-12,29,quantile,0.7,21.0
2026-08-29,wk inc covid hosp,2,2026-09-12,29,quantile,0.75,22.0
2026-08-29,wk inc covid hosp,2,2026-09-12,29,quantile,0.8,24.0
2026-08-29,wk inc covid hosp,2,2026-09-12,29,quantile,0.85,26.0
2026-08-29,wk inc covid hosp,2,2026-09-12,29,quantile,0.9,29.0
2026-08-29,wk inc covid hosp,2,2026-09-12,29,quantile,0.95,36.0
2026-08-29,wk inc covid hosp,2,2026-09-12,29,quantile,0.975,44.0
2026-08-29,wk inc covid hosp,2,2026-09-12,29,quantile,0.99,58.0
2026-08-29,wk inc covid hosp,2,2026-09-12,30,quantile,0.01,0.0
2026-08-29,wk inc covid hosp,2,2026-09-12,30,quantile,0.025,0.0
2026-08-29,wk inc covid hosp,2,2026-09-12,30,quantile,0.05,0.0
2026-08-29,wk inc covid hosp,2,2026-09-12,30,quantile,0.1,1.0
2026-08-29,wk inc covid hosp,2,2026-09-12,30,quantile,0.15,1.0
2026-08-29,wk inc covid hosp,2,2026-09-12,30,quantile,0.2,1.0
2026-08-29,wk inc covid hosp,2,2026-09-12,30,quantile,0.25,1.0
2026-08-29,wk inc covid hosp,2,2026-09-12,30,quantile,0.3,1.0
2026-08-29,wk inc covid hosp,2,2026-09-12,30,quantile,0.35,2.0
2026-08-29,wk inc covid hosp,2,2026-09-12,30,quantile,0.4,2.0
2026-08-29,wk inc covid hosp,2,2026-09-12,30,quantile,0.45,2.0
2026-08-29,wk inc covid hosp,2,2026-09-12,30,quantile,0.5,2.0
2026-08-29,wk inc covid hosp,2,2026-09-12,30,quantile,0.55,2.0
2026-08-29,wk inc covid hosp,2,2026-09-12,30,quantile,0.6,2.0
2026-08-29,wk inc covid hosp,2,2026-09-12,30,quantile,0.65,2.0
2026-08-29,wk inc covid hosp,2,2026-09-12,30,quantile,0.7,2.0
2026-08-29,wk inc covid hosp,2,2026-09-12,30,quantile,0.75,2.0
2026-08-29,wk inc covid hosp,2,2026-09-12,30,quantile,0.8,3.0
2026-08-29,wk inc covid hosp,2,2026-09-12,30,quantile,0.85,3.0
2026-08-29,wk inc covid hosp,2,2026-09-12,30,quantile,0.9,3.0
2026-08-29,wk inc covid hosp,2,2026-09-12,30,quantile,0.95,4.0
2026-08-29,wk inc covid hosp,2,2026-09-12,30,quantile,0.975,5.0
2026-08-29,wk inc covid hosp,2,2026-09-12,30,quantile,0.99,7.0
2026-08-29,wk inc covid hosp,2,2026-09-12,31,quantile,0.01,0.0
2026-08-29,wk inc covid hosp,2,2026-09-12,31,quantile,0.025,0.0
2026-08-29,wk inc covid hosp,2,2026-09-12,31,quantile,0.05,1.0
2026-08-29,wk inc covid hosp,2,2026-09-12,31,quantile,0.1,1.0
2026-08-29,wk inc covid hosp,2,2026-09-12,31,quantile,0.15,2.0
2026-08-29,wk inc covid hosp,2,2026-09-12,31,quantile,0.2,2.0
2026-08-29,wk inc covid hosp,2,2026-09-12,31,quantile,0.25,3.0
2026-08-29,wk inc covid hosp,2,2026-09-12,31,quantile,0.3,3.0
2026-08-29,wk inc covid hosp,2,2026-09-12,31,quantile,0.35,3.0
2026-08-29,wk inc covid hosp,2,2026-09-12,31,quantile,0.4,3.0
2026-08-29,wk inc covid hosp,2,2026-09-12,31,quantile,0.45,4.0
2026-08-29,wk inc covid hosp,2,2026-09-12,31,quantile,0.5,4.0
2026-08-29,wk inc covid hosp,2,2026-09-12,31,quantile,0.55,4.0
2026-08-29,wk inc covid hosp,2,2026-09-12,31,quantile,0.6,4.0
2026-08-29,wk inc covid hosp,2,2026-09-12,31,quantile,0.65,4.0
2026-08-29,wk inc covid hosp,2,2026-09-12,31,quantile,0.7,5.0
2026-08-29,wk inc covid hosp,2,2026-09-12,31,quantile,0.75,5.0
2026-08-29,wk inc covid hosp,2,2026-09-12,31,quantile,0.8,5.0
2026-08-29,wk inc covid hosp,2,2026-09-12,31,quantile,0.85,6.0
2026-08-29,wk inc covid hosp,2,2026-09-12,31,quantile,0.9,7.0
2026-08-29,wk inc covid hosp,2,2026-09-12,31,quantile,0.95,8.0
2026-08-29,wk inc covid hosp,2,2026-09-12,31,quantile,0.975,10.0
2026-08-29,wk inc covid hosp,2,2026-09-12,31,quantile,0.99,13.0
2026-08-29,wk inc covid hosp,2,2026-09-12,32,quantile,0.01,2.0
2026-08-29,wk inc covid hosp,2,2026-09-12,32,quantile,0.025,4.0
2026-08-29,wk inc covid hosp,2,2026-09-12,32,quantile,0.05,6.0
2026-08-29,wk inc covid hosp,2,2026-09-12,32,quantile,0.1,8.0
2026-08-29,wk inc covid hosp,2,2026-09-12,32,quantile,0.15,10.0
2026-08-29,wk inc covid hosp,2,2026-09-12,32,quantile,0.2,11.0
2026-08-29,wk inc covid hosp,2,2026-09-12,32,quantile,0.25,12.0
2026-08-29,wk inc covid hosp,2,2026-09-12,32,quantile,0.3,13.0
2026-08-29,wk inc covid hosp,2,2026-09-12,32,quantile,0.35,14.0
2026-08-29,wk inc covid hosp,2,2026-09-12,32,quantile,0.4,15.0
2026-08-29,wk inc covid hosp,2,2026-09-12,32,quantile,0.45,15.0
2026-08-29,wk inc covid hosp,2,2026-09-12,32,quantile,0.5,16.0
2026-08-29,wk inc covid hosp,2,2026-09-12,32,quantile,0.55,17.0
2026-08-29,wk inc covid hosp,2,2026-09-12,32,quantile,0.6,17.0
2026-08-29,wk inc covid hosp,2,2026-09-12,32,quantile,0.65,18.0
2026-08-29,wk inc covid hosp,2,2026-09-12,32,quantile,0.7,19.0
2026-08-29,wk inc covid hosp,2,2026-09-12,32,quantile,0.75,20.0
2026-08-29,wk inc covid hosp,2,2026-09-12,32,quantile,0.8,21.0
2026-08-29,wk inc covid hosp,2,2026-09-12,32,quantile,0.85,22.0
2026-08-29,wk inc covid hosp,2,2026-09-12,32,quantile,0.9,25.0
2026-08-29,wk inc covid hosp,2,2026-09-12,32,quantile,0.95,30.0
2026-08-29,wk inc covid hosp,2,2026-09-12,32,quantile,0.975,36.0
2026-08-29,wk inc covid hosp,2,2026-09-12,32,quantile,0.99,47.0
2026-08-29,wk inc covid hosp,2,2026-09-12,33,quantile,0.01,0.0
2026-08-29,wk inc covid hosp,2,2026-09-12,33,quantile,0.025,1.0
2026-08-29,wk inc covid hosp,2,2026-09-12,33,quantile,0.05,2.0
2026-08-29,wk inc covid hosp,2,2026-09-12,33,quantile,0.1,2.0
2026-08-29,wk inc covid hosp,2,2026-09-12,33,quantile,0.15,3.0
2026-08-29,wk inc covid hosp,2,2026-09-12,33,quantile,0.2,4.0
2026-08-29,wk inc covid hosp,2,2026-09-12,33,quantile,0.25,4.0
2026-08-29,wk inc covid hosp,2,2026-09-12,33,quantile,0.3,4.0
2026-08-29,wk inc covid hosp,2,2026-09-12,33,quantile,0.35,4.0
2026-08-29,wk inc covid hosp,2,2026-09-12,33,quantile,0.4,5.0
2026-08-29,wk inc covid hosp,2,2026-09-12,33,quantile,0.45,5.0
2026-08-29,wk inc covid hosp,2,2026-09-12,33,quantile,0.5,5.0
2026-08-29,wk inc covid hosp,2,2026-09-12,33,quantile,0.55,5.0
2026-08-29,wk inc covid hosp,2,2026-09-12,33,quantile,0.6,6.0
2026-08-29,wk inc covid hosp,2,2026-09-12,33,quantile,0.65,6.0
2026-08-29,wk inc covid hosp,2,2026-09-12,33,quantile,0.7,6.0
2026-08-29,wk inc covid hosp,2,2026-09-12,33,quantile,0.75,6.0
2026-08-29,wk inc covid hosp,2,2026-09-12,33,quantile,0.8,7.0
2026-08-29,wk inc covid hosp,2,2026-09-12,33,quantile,0.85,7.0
2026-08-29,wk inc covid hosp,2,2026-09-12,33,quantile,0.9,8.0
2026-08-29,wk inc covid hosp,2,2026-09-12,33,quantile,0.95,10.0
2026-08-29,wk inc covid hosp,2,2026-09-12,33,quantile,0.975,12.0
2026-08-29,wk inc covid hosp,2,2026-09-12,33,quantile,0.99,16.0
2026-08-29,wk inc covid hosp,2,2026-09-12,34,quantile,0.01,14.0
2026-08-29,wk inc covid hosp,2,2026-09-12,34,quantile,0.025,24.0
2026-08-29,wk inc covid hosp,2,2026-09-12,34,quantile,0.05,31.0
2026-08-29,wk inc covid hosp,2,2026-09-12,34,quantile,0.1,39.0
2026-08-29,wk inc covid hosp,2,2026-09-12,34,quantile,0.15,48.0
2026-08-29,wk inc covid hosp,2,2026-09-12,34,quantile,0.2,55.0
2026-08-29,wk inc covid hosp,2,2026-09-12,34,quantile,0.25,59.0
2026-08-29,wk inc covid hosp,2,2026-09-12,34,quantile,0.3,63.0
2026-08-29,wk inc covid hosp,2,2026-09-12,34,quantile,0.35,66.0
2026-08-29,wk inc covid hosp,2,2026-09-12,34,quantile,0.4,70.0
2026-08-29,wk inc covid hosp,2,2026-09-12,34,quantile,0.45,73.0
2026-08-29,wk inc covid hosp,2,2026-09-12,34,quantile,0.5,75.0
2026-08-29,wk inc covid hosp,2,2026-09-12,34,quantile,0.55,78.0
2026-08-29,wk inc covid hosp,2,2026-09-12,34,quantile,0.6,81.0
2026-08-29,wk inc covid hosp,2,2026-09-12,34,quantile,0.65,83.0
2026-08-29,wk inc covid hosp,2,2026-09-12,34,quantile,0.7,87.0
2026-08-29,wk inc covid hosp,2,2026-09-12,34,quantile,0.75,91.0
2026-08-29,wk inc covid hosp,2,2026-09-12,34,quantile,0.8,97.0
2026-08-29,wk inc covid hosp,2,2026-09-12,34,quantile,0.85,104.0
2026-08-29,wk inc covid hosp,2,2026-09-12,34,quantile,0.9,115.0
2026-08-29,wk inc covid hosp,2,2026-09-12,34,quantile,0.95,138.0
2026-08-29,wk inc covid hosp,2,2026-09-12,34,quantile,0.975,166.0
2026-08-29,wk inc covid hosp,2,2026-09-12,34,quantile,0.99,213.0
2026-08-29,wk inc covid hosp,2,2026-09-12,35,quantile,0.01,1.0
2026-08-29,wk inc covid hosp,2,2026-09-12,35,quantile,0.025,2.0
2026-08-29,wk inc covid hosp,2,2026-09-12,35,quantile,0.05,3.0
2026-08-29,wk inc covid hosp,2,2026-09-12,35,quantile,0.1,4.0
2026-08-29,wk inc covid hosp,2,2026-09-12,35,quantile,0.15,5.0
2026-08-29,wk inc covid hosp,2,2026-09-12,35,quantile,0.2,6.0
2026-08-29,wk inc covid hosp,2,2026-09-12,35,quantile,0.25,7.0
2026-08-29,wk inc covid hosp,2,2026-09-12,35,quantile,0.3,7.0
2026-08-29,wk inc covid hosp,2,2026-09-12,35,quantile,0.35,7.0
2026-08-29,wk inc covid hosp,2,2026-09-12,35,quantile,0.4,8.0
2026-08-29,wk inc covid hosp,2,2026-09-12,35,quantile,0.45,8.0
2026-08-29,wk inc covid hosp,2,2026-09-12,35,quantile,0.5,9.0
2026-08-29,wk inc covid hosp,2,2026-09-12,35,quantile,0.55,9.0
2026-08-29,wk inc covid hosp,2,2026-09-12,35,quantile,0.6,9.0
2026-08-29,wk inc covid hosp,2,2026-09-12,35,quantile,0.65,10.0
2026-08-29,wk inc covid hosp,2,2026-09-12,35,quantile,0.7,10.0
2026-08-29,wk inc covid hosp,2,2026-09-12,35,quantile,0.75,11.0
2026-08-29,wk inc covid hosp,2,2026-09-12,35,quantile,0.8,11.0
2026-08-29,wk inc covid hosp,2,2026-09-12,35,quantile,0.85,12.0
2026-08-29,wk inc covid hosp,2,2026-09-12,35,quantile,0.9,14.0
2026-08-29,wk inc covid hosp,2,2026-09-12,35,quantile,0.95,16.0
2026-08-29,wk inc covid hosp,2,2026-09-12,35,quantile,0.975,20.0
2026-08-29,wk inc covid hosp,2,2026-09-12,35,quantile,0.99,26.0
2026-08-29,wk inc covid hosp,2,2026-09-12,36,quantile,0.01,21.0
2026-08-29,wk inc covid hosp,2,2026-09-12,36,quantile,0.025,40.0
2026-08-29,wk inc covid hosp,2,2026-09-12,36,quantile,0.05,53.0
2026-08-29,wk inc covid hosp,2,2026-09-12,36,quantile,0.1,68.0
2026-08-29,wk inc covid hosp,2,2026-09-12,36,quantile,0.15,83.0
2026-08-29,wk inc covid hosp,2,2026-09-12,36,quantile,0.2,96.0
2026-08-29,wk inc covid hosp,2,2026-09-12,36,quantile,0.25,104.0
2026-08-29,wk inc covid hosp,2,2026-09-12,36,quantile,0.3,111.0
2026-08-29,wk inc covid hosp,2,2026-09-12,36,quantile,0.35,117.0
2026-08-29,wk inc covid hosp,2,2026-09-12,36,quantile,0.4,123.0
2026-08-29,wk inc covid hosp,2,2026-09-12,36,quantile,0.45,129.0
2026-08-29,wk inc covid hosp,2,2026-09-12,36,quantile,0.5,133.0
2026-08-29,wk inc covid hosp,2,2026-09-12,36,quantile,0.55,139.0
2026-08-29,wk inc covid hosp,2,2026-09-12,36,quantile,0.6,143.0
2026-08-29,wk inc covid hosp,2,2026-09-12,36,quantile,0.65,147.0
2026-08-29,wk inc covid hosp,2,2026-09-12,36,quantile,0.7,155.0
2026-08-29,wk inc covid hosp,2,2026-09-12,36,quantile,0.75,162.0
2026-08-29,wk inc covid hosp,2,2026-09-12,36,quantile,0.8,172.0
2026-08-29,wk inc covid hosp,2,2026-09-12,36,quantile,0.85,185.0
2026-08-29,wk inc covid hosp,2,2026-09-12,36,quantile,0.9,205.0
2026-08-29,wk inc covid hosp,2,2026-09-12,36,quantile,0.95,246.0
2026-08-29,wk inc covid hosp,2,2026-09-12,36,quantile,0.975,297.0
2026-08-29,wk inc covid hosp,2,2026-09-12,36,quantile,0.99,383.0
2026-08-29,wk inc covid hosp,2,2026-09-12,37,quantile,0.01,33.0
2026-08-29,wk inc covid hosp,2,2026-09-12,37,quantile,0.025,54.0
2026-08-29,wk inc covid hosp,2,2026-09-12,37,quantile,0.05,68.0
2026-08-29,wk inc covid hosp,2,2026-09-12,37,quantile,0.1,84.0
2026-08-29,wk inc covid hosp,2,2026-09-12,37,quantile,0.15,100.0
2026-08-29,wk inc covid hosp,2,2026-09-12,37,quantile,0.2,114.0
2026-08-29,wk inc covid hosp,2,2026-09-12,37,quantile,0.25,123.0
2026-08-29,wk inc covid hosp,2,2026-09-12,37,quantile,0.3,130.0
2026-08-29,wk inc covid hosp,2,2026-09-12,37,quantile,0.35,137.0
2026-08-29,wk inc covid hosp,2,2026-09-12,37,quantile,0.4,143.0
2026-08-29,wk inc covid hosp,2,2026-09-12,37,quantile,0.45,150.0
2026-08-29,wk inc covid hosp,2,2026-09-12,37,quantile,0.5,154.0
2026-08-29,wk inc covid hosp,2,2026-09-12,37,quantile,0.55,160.0
2026-08-29,wk inc covid hosp,2,2026-09-12,37,quantile,0.6,164.0
2026-08-29,wk inc covid hosp,2,2026-09-12,37,quantile,0.65,169.0
2026-08-29,wk inc covid hosp,2,2026-09-12,37,quantile,0.7,177.0
2026-08-29,wk inc covid hosp,2,2026-09-12,37,quantile,0.75,185.0
2026-08-29,wk inc covid hosp,2,2026-09-12,37,quantile,0.8,196.0
2026-08-29,wk inc covid hosp,2,2026-09-12,37,quantile,0.85,210.0
2026-08-29,wk inc covid hosp,2,2026-09-12,37,quantile,0.9,231.0
2026-08-29,wk inc covid hosp,2,2026-09-12,37,quantile,0.95,275.0
2026-08-29,wk inc covid hosp,2,2026-09-12,37,quantile,0.975,330.0
2026-08-29,wk inc covid hosp,2,2026-09-12,37,quantile,0.99,423.0
2026-08-29,wk inc covid hosp,2,2026-09-12,38,quantile,0.01,0.0
2026-08-29,wk inc covid hosp,2,2026-09-12,38,quantile,0.025,0.0
2026-08-29,wk inc covid hosp,2,2026-09-12,38,quantile,0.05,0.0
2026-08-29,wk inc covid hosp,2,2026-09-12,38,quantile,0.1,0.0
2026-08-29,wk inc covid hosp,2,2026-09-12,38,quantile,0.15,0.0
2026-08-29,wk inc covid hosp,2,2026-09-12,38,quantile,0.2,1.0
2026-08-29,wk inc covid hosp,2,2026-09-12,38,quantile,0.25,1.0
2026-08-29,wk inc covid hosp,2,2026-09-12,38,quantile,0.3,1.0
2026-08-29,wk inc covid hosp,2,2026-09-12,38,quantile,0.35,1.0
2026-08-29,wk inc covid hosp,2,2026-09-12,38,quantile,0.4,1.0
2026-08-29,wk inc covid hosp,2,2026-09-12,38,quantile,0.45,1.0
2026-08-29,wk inc covid hosp,2,2026-09-12,38,quantile,0.5,1.0
2026-08-29,wk inc covid hosp,2,2026-09-12,38,quantile,0.55,1.0
2026-08-29,wk inc covid hosp,2,2026-09-12,38,quantile,0.6,1.0
2026-08-29,wk inc covid hosp,2,2026-09-12,38,quantile,0.65,1.0
2026-08-29,wk inc covid hosp,2,2026-09-12,38,quantile,0.7,1.0
2026-08-29,wk inc covid hosp,2,2026-09-12,38,quantile,0.75,1.0
2026-08-29,wk inc covid hosp,2,2026-09-12,38,quantile,0.8,2.0
2026-08-29,wk inc covid hosp,2,2026-09-12,38,quantile,0.85,2.0
2026-08-29,wk inc covid hosp,2,2026-09-12,38,quantile,0.9,2.0
2026-08-29,wk inc covid hosp,2,2026-09-12,38,quantile,0.95,2.0
2026-08-29,wk inc covid hosp,2,2026-09-12,38,quantile,0.975,3.0
2026-08-29,wk inc covid hosp,2,2026-09-12,38,quantile,0.99,4.0
2026-08-29,wk inc covid hosp,2,2026-09-12,39,quantile,0.01,3.0
2026-08-29,wk inc covid hosp,2,2026-09-12,39,quantile,0.025,9.0
2026-08-29,wk inc covid hosp,2,2026-09-12,39,quantile,0.05,14.0
2026-08-29,wk inc covid hosp,2,2026-09-12,39,quantile,0.1,19.0
2026-08-29,wk inc covid hosp,2,2026-09-12,39,quantile,0.15,25.0
2026-08-29,wk inc covid hosp,2,2026-09-12,39,quantile,0.2,29.0
2026-08-29,wk inc covid hosp,2,2026-09-12,39,quantile,0.25,32.0
2026-08-29,wk inc covid hosp,2,2026-09-12,39,quantile,0.3,34.0
2026-08-29,wk inc covid hosp,2,2026-09-12,39,quantile,0.35,37.0
2026-08-29,wk inc covid hosp,2,2026-09-12,39,quantile,0.4,39.0
2026-08-29,wk inc covid hosp,2,2026-09-12,39,quantile,0.45,41.0
2026-08-29,wk inc covid hosp,2,2026-09-12,39,quantile,0.5,42.0
2026-08-29,wk inc covid hosp,2,2026-09-12,39,quantile,0.55,44.0
2026-08-29,wk inc covid hosp,2,2026-09-12,39,quantile,0.6,46.0
2026-08-29,wk inc covid hosp,2,2026-09-12,39,quantile,0.65,47.0
2026-08-29,wk inc covid hosp,2,2026-09-12,39,quantile,0.7,50.0
2026-08-29,wk inc covid hosp,2,2026-09-12,39,quantile,0.75,52.0
2026-08-29,wk inc covid hosp,2,2026-09-12,39,quantile,0.8,56.0
2026-08-29,wk inc covid hosp,2,2026-09-12,39,quantile,0.85,61.0
2026-08-29,wk inc covid hosp,2,2026-09-12,39,quantile,0.9,68.0
2026-08-29,wk inc covid hosp,2,2026-09-12,39,quantile,0.95,82.0
2026-08-29,wk inc covid hosp,2,2026-09-12,39,quantile,0.975,100.0
2026-08-29,wk inc covid hosp,2,2026-09-12,39,quantile,0.99,131.0
2026-08-29,wk inc covid hosp,2,2026-09-12,40,quantile,0.01,1.0
2026-08-29,wk inc covid hosp,2,2026-09-12,40,quantile,0.025,3.0
2026-08-29,wk inc covid hosp,2,2026-09-12,40,quantile,0.05,5.0
2026-08-29,wk inc covid hosp,2,2026-09-12,40,quantile,0.1,6.0
2026-08-29,wk inc covid hosp,2,2026-09-12,40,quantile,0.15,8.0
2026-08-29,wk inc covid hosp,2,2026-09-12,40,quantile,0.2,10.0
2026-08-29,wk inc covid hosp,2,2026-09-12,40,quantile,0.25,11.0
2026-08-29,wk inc covid hosp,2,2026-09-12,40,quantile,0.3,11.0
2026-08-29,wk inc covid hosp,2,2026-09-12,40,quantile,0.35,12.0
2026-08-29,wk inc covid hosp,2,2026-09-12,40,quantile,0.4,13.0
2026-08-29,wk inc covid hosp,2,2026-09-12,40,quantile,0.45,14.0
2026-08-29,wk inc covid hosp,2,2026-09-12,40,quantile,0.5,14.0
2026-08-29,wk inc covid hosp,2,2026-09-12,40,quantile,0.55,15.0
2026-08-29,wk inc covid hosp,2,2026-09-12,40,quantile,0.6,15.0
2026-08-29,wk inc covid hosp,2,2026-09-12,40,quantile,0.65,16.0
2026-08-29,wk inc covid hosp,2,2026-09-12,40,quantile,0.7,17.0
2026-08-29,wk inc covid hosp,2,2026-09-12,40,quantile,0.75,17.0
2026-08-29,wk inc covid hosp,2,2026-09-12,40,quantile,0.8,19.0
2026-08-29,wk inc covid hosp,2,2026-09-12,40,quantile,0.85,20.0
2026-08-29,wk inc covid hosp,2,2026-09-12,40,quantile,0.9,23.0
2026-08-29,wk inc covid hosp,2,2026-09-12,40,quantile,0.95,27.0
2026-08-29,wk inc covid hosp,2,2026-09-12,40,quantile,0.975,33.0
2026-08-29,wk inc covid hosp,2,2026-09-12,40,quantile,0.99,44.0
2026-08-29,wk inc covid hosp,2,2026-09-12,41,quantile,0.01,0.0
2026-08-29,wk inc covid hosp,2,2026-09-12,41,quantile,0.025,3.0
2026-08-29,wk inc covid hosp,2,2026-09-12,41,quantile,0.05,4.0
2026-08-29,wk inc covid hosp,2,2026-09-12,41,quantile,0.1,6.0
2026-08-29,wk inc covid hosp,2,2026-09-12,41,quantile,0.15,8.0
2026-08-29,wk inc covid hosp,2,2026-09-12,41,quantile,0.2,9.0
2026-08-29,wk inc covid hosp,2,2026-09-12,41,quantile,0.25,10.0
2026-08-29,wk inc covid hosp,2,2026-09-12,41,quantile,0.3,11.0
2026-08-29,wk inc covid hosp,2,2026-09-12,41,quantile,0.35,12.0
2026-08-29,wk inc covid hosp,2,2026-09-12,41,quantile,0.4,12.0
2026-08-29,wk inc covid hosp,2,2026-09-12,41,quantile,0.45,13.0
2026-08-29,wk inc covid hosp,2,2026-09-12,41,quantile,0.5,13.0
2026-08-29,wk inc covid hosp,2,2026-09-12,41,quantile,0.55,14.0
2026-08-29,wk inc covid hosp,2,2026-09-12,41,quantile,0.6,15.0
2026-08-29,wk inc covid hosp,2,2026-09-12,41,quantile,0.65,15.0
2026-08-29,wk inc covid hosp,2,2026-09-12,41,quantile,0.7,16.0
2026-08-29,wk inc covid hosp,2,2026-09-12,41,quantile,0.75,17.0
2026-08-29,wk inc covid hosp,2,2026-09-12,41,quantile,0.8,18.0
2026-08-29,wk inc covid hosp,2,2026-09-12,41,quantile,0.85,19.0
2026-08-29,wk inc covid hosp,2,2026-09-12,41,quantile,0.9,22.0
2026-08-29,wk inc covid hosp,2,2026-09-12,41,quantile,0.95,26.0
2026-08-29,wk inc covid hosp,2,2026-09-12,41,quantile,0.975,32.0
2026-08-29,wk inc covid hosp,2,2026-09-12,41,quantile,0.99,42.0
2026-08-29,wk inc covid hosp,2,2026-09-12,42,quantile,0.01,6.0
2026-08-29,wk inc covid hosp,2,2026-09-12,42,quantile,0.025,15.0
2026-08-29,wk inc covid hosp,2,2026-09-12,42,quantile,0.05,21.0
2026-08-29,wk inc covid hosp,2,2026-09-12,42,quantile,0.1,28.0
2026-08-29,wk inc covid hosp,2,2026-09-12,42,quantile,0.15,36.0
2026-08-29,wk inc covid hosp,2,2026-09-12,42,quantile,0.2,42.0
2026-08-29,wk inc covid hosp,2,2026-09-12,42,quantile,0.25,46.0
2026-08-29,wk inc covid hosp,2,2026-09-12,42,quantile,0.3,49.0
2026-08-29,wk inc covid hosp,2,2026-09-12,42,quantile,0.35,52.0
2026-08-29,wk inc covid hosp,2,2026-09-12,42,quantile,0.4,54.0
2026-08-29,wk inc covid hosp,2,2026-09-12,42,quantile,0.45,57.0
2026-08-29,wk inc covid hosp,2,2026-09-12,42,quantile,0.5,59.0
2026-08-29,wk inc covid hosp,2,2026-09-12,42,quantile,0.55,62.0
2026-08-29,wk inc covid hosp,2,2026-09-12,42,quantile,0.6,64.0
2026-08-29,wk inc covid hosp,2,2026-09-12,42,quantile,0.65,66.0
2026-08-29,wk inc covid hosp,2,2026-09-12,42,quantile,0.7,69.0
2026-08-29,wk inc covid hosp,2,2026-09-12,42,quantile,0.75,73.0
2026-08-29,wk inc covid hosp,2,2026-09-12,42,quantile,0.8,77.0
2026-08-29,wk inc covid hosp,2,2026-09-12,42,quantile,0.85,83.0
2026-08-29,wk inc covid hosp,2,2026-09-12,42,quantile,0.9,93.0
2026-08-29,wk inc covid hosp,2,2026-09-12,42,quantile,0.95,112.0
2026-08-29,wk inc covid hosp,2,2026-09-12,42,quantile,0.975,136.0
2026-08-29,wk inc covid hosp,2,2026-09-12,42,quantile,0.99,177.0
2026-08-29,wk inc covid hosp,2,2026-09-12,44,quantile,0.01,0.0
2026-08-29,wk inc covid hosp,2,2026-09-12,44,quantile,0.025,1.0
2026-08-29,wk inc covid hosp,2,2026-09-12,44,quantile,0.05,2.0
2026-08-29,wk inc covid hosp,2,2026-09-12,44,quantile,0.1,2.0
2026-08-29,wk inc covid hosp,2,2026-09-12,44,quantile,0.15,3.0
2026-08-29,wk inc covid hosp,2,2026-09-12,44,quantile,0.2,3.0
2026-08-29,wk inc covid hosp,2,2026-09-12,44,quantile,0.25,3.0
2026-08-29,wk inc covid hosp,2,2026-09-12,44,quantile,0.3,4.0
2026-08-29,wk inc covid hosp,2,2026-09-12,44,quantile,0.35,4.0
2026-08-29,wk inc covid hosp,2,2026-09-12,44,quantile,0.4,4.0
2026-08-29,wk inc covid hosp,2,2026-09-12,44,quantile,0.45,4.0
2026-08-29,wk inc covid hosp,2,2026-09-12,44,quantile,0.5,5.0
2026-08-29,wk inc covid hosp,2,2026-09-12,44,quantile,0.55,5.0
2026-08-29,wk inc covid hosp,2,2026-09-12,44,quantile,0.6,5.0
2026-08-29,wk inc covid hosp,2,2026-09-12,44,quantile,0.65,5.0
2026-08-29,wk inc covid hosp,2,2026-09-12,44,quantile,0.7,5.0
2026-08-29,wk inc covid hosp,2,2026-09-12,44,quantile,0.75,6.0
2026-08-29,wk inc covid hosp,2,2026-09-12,44,quantile,0.8,6.0
2026-08-29,wk inc covid hosp,2,2026-09-12,44,quantile,0.85,6.0
2026-08-29,wk inc covid hosp,2,2026-09-12,44,quantile,0.9,7.0
2026-08-29,wk inc covid hosp,2,2026-09-12,44,quantile,0.95,9.0
2026-08-29,wk inc covid hosp,2,2026-09-12,44,quantile,0.975,10.0
2026-08-29,wk inc covid hosp,2,2026-09-12,44,quantile,0.99,14.0
2026-08-29,wk inc covid hosp,2,2026-09-12,45,quantile,0.01,6.0
2026-08-29,wk inc covid hosp,2,2026-09-12,45,quantile,0.025,11.0
2026-08-29,wk inc covid hosp,2,2026-09-12,45,quantile,0.05,14.0
2026-08-29,wk inc covid hosp,2,2026-09-12,45,quantile,0.1,18.0
2026-08-29,wk inc covid hosp,2,2026-09-12,45,quantile,0.15,22.0
2026-08-29,wk inc covid hosp,2,2026-09-12,45,quantile,0.2,26.0
2026-08-29,wk inc covid hosp,2,2026-09-12,45,quantile,0.25,28.0
2026-08-29,wk inc covid hosp,2,2026-09-12,45,quantile,0.3,30.0
2026-08-29,wk inc covid hosp,2,2026-09-12,45,quantile,0.35,31.0
2026-08-29,wk inc covid hosp,2,2026-09-12,45,quantile,0.4,33.0
2026-08-29,wk inc covid hosp,2,2026-09-12,45,quantile,0.45,34.0
2026-08-29,wk inc covid hosp,2,2026-09-12,45,quantile,0.5,36.0
2026-08-29,wk inc covid hosp,2,2026-09-12,45,quantile,0.55,37.0
2026-08-29,wk inc covid hosp,2,2026-09-12,45,quantile,0.6,38.0
2026-08-29,wk inc covid hosp,2,2026-09-12,45,quantile,0.65,39.0
2026-08-29,wk inc covid hosp,2,2026-09-12,45,quantile,0.7,41.0
2026-08-29,wk inc covid hosp,2,2026-09-12,45,quantile,0.75,43.0
2026-08-29,wk inc covid hosp,2,2026-09-12,45,quantile,0.8,46.0
2026-08-29,wk inc covid hosp,2,2026-09-12,45,quantile,0.85,49.0
2026-08-29,wk inc covid hosp,2,2026-09-12,45,quantile,0.9,55.0
2026-08-29,wk inc covid hosp,2,2026-09-12,45,quantile,0.95,66.0
2026-08-29,wk inc covid hosp,2,2026-09-12,45,quantile,0.975,79.0
2026-08-29,wk inc covid hosp,2,2026-09-12,45,quantile,0.99,102.0
2026-08-29,wk inc covid hosp,2,2026-09-12,46,quantile,0.01,0.0
2026-08-29,wk inc covid hosp,2,2026-09-12,46,quantile,0.025,0.0
2026-08-29,wk inc covid hosp,2,2026-09-12,46,quantile,0.05,0.0
2026-08-29,wk inc covid hosp,2,2026-09-12,46,quantile,0.1,0.0
2026-08-29,wk inc covid hosp,2,2026-09-12,46,quantile,0.15,1.0
2026-08-29,wk inc covid hosp,2,2026-09-12,46,quantile,0.2,1.0
2026-08-29,wk inc covid hosp,2,2026-09-12,46,quantile,0.25,1.0
2026-08-29,wk inc covid hosp,2,2026-09-12,46,quantile,0.3,1.0
2026-08-29,wk inc covid hosp,2,2026-09-12,46,quantile,0.35,1.0
2026-08-29,wk inc covid hosp,2,2026-09-12,46,quantile,0.4,1.0
2026-08-29,wk inc covid hosp,2,2026-09-12,46,quantile,0.45,1.0
2026-08-29,wk inc covid hosp,2,2026-09-12,46,quantile,0.5,1.0
2026-08-29,wk inc covid hosp,2,2026-09-12,46,quantile,0.55,1.0
2026-08-29,wk inc covid hosp,2,2026-09-12,46,quantile,0.6,1.0
2026-08-29,wk inc covid hosp,2,2026-09-12,46,quantile,0.65,1.0
2026-08-29,wk inc covid hosp,2,2026-09-12,46,quantile,0.7,1.0
2026-08-29,wk inc covid hosp,2,2026-09-12,46,quantile,0.75,2.0
2026-08-29,wk inc covid hosp,2,2026-09-12,46,quantile,0.8,2.0
2026-08-29,wk inc covid hosp,2,2026-09-12,46,quantile,0.85,2.0
2026-08-29,wk inc covid hosp,2,2026-09-12,46,quantile,0.9,2.0
2026-08-29,wk inc covid hosp,2,2026-09-12,46,quantile,0.95,3.0
2026-08-29,wk inc covid hosp,2,2026-09-12,46,quantile,0.975,3.0
2026-08-29,wk inc covid hosp,2,2026-09-12,46,quantile,0.99,5.0
2026-08-29,wk inc covid hosp,2,2026-09-12,47,quantile,0.01,8.0
2026-08-29,wk inc covid hosp,2,2026-09-12,47,quantile,0.025,15.0
2026-08-29,wk inc covid hosp,2,2026-09-12,47,quantile,0.05,20.0
2026-08-29,wk inc covid hosp,2,2026-09-12,47,quantile,0.1,25.0
2026-08-29,wk inc covid hosp,2,2026-09-12,47,quantile,0.15,31.0
2026-08-29,wk inc covid hosp,2,2026-09-12,47,quantile,0.2,35.0
2026-08-29,wk inc covid hosp,2,2026-09-12,47,quantile,0.25,39.0
2026-08-29,wk inc covid hosp,2,2026-09-12,47,quantile,0.3,41.0
2026-08-29,wk inc covid hosp,2,2026-09-12,47,quantile,0.35,43.0
2026-08-29,wk inc covid hosp,2,2026-09-12,47,quantile,0.4,45.0
2026-08-29,wk inc covid hosp,2,2026-09-12,47,quantile,0.45,48.0
2026-08-29,wk inc covid hosp,2,2026-09-12,47,quantile,0.5,49.0
2026-08-29,wk inc covid hosp,2,2026-09-12,47,quantile,0.55,51.0
2026-08-29,wk inc covid hosp,2,2026-09-12,47,quantile,0.6,53.0
2026-08-29,wk inc covid hosp,2,2026-09-12,47,quantile,0.65,54.0
2026-08-29,wk inc covid hosp,2,2026-09-12,47,quantile,0.7,57.0
2026-08-29,wk inc covid hosp,2,2026-09-12,47,quantile,0.75,60.0
2026-08-29,wk inc covid hosp,2,2026-09-12,47,quantile,0.8,63.0
2026-08-29,wk inc covid hosp,2,2026-09-12,47,quantile,0.85,68.0
2026-08-29,wk inc covid hosp,2,2026-09-12,47,quantile,0.9,75.0
2026-08-29,wk inc covid hosp,2,2026-09-12,47,quantile,0.95,90.0
2026-08-29,wk inc covid hosp,2,2026-09-12,47,quantile,0.975,109.0
2026-08-29,wk inc covid hosp,2,2026-09-12,47,quantile,0.99,141.0
2026-08-29,wk inc covid hosp,2,2026-09-12,48,quantile,0.01,70.0
2026-08-29,wk inc covid hosp,2,2026-09-12,48,quantile,0.025,116.0
2026-08-29,wk inc covid hosp,2,2026-09-12,48,quantile,0.05,147.0
2026-08-29,wk inc covid hosp,2,2026-09-12,48,quantile,0.1,184.0
2026-08-29,wk inc covid hosp,2,2026-09-12,48,quantile,0.15,221.0
2026-08-29,wk inc covid hosp,2,2026-09-12,48,quantile,0.2,252.0
2026-08-29,wk inc covid hosp,2,2026-09-12,48,quantile,0.25,272.0
2026-08-29,wk inc covid hosp,2,2026-09-12,48,quantile,0.3,289.0
2026-08-29,wk inc covid hosp,2,2026-09-12,48,quantile,0.35,303.0
2026-08-29,wk inc covid hosp,2,2026-09-12,48,quantile,0.4,317.0
2026-08-29,wk inc covid hosp,2,2026-09-12,48,quantile,0.45,333.0
2026-08-29,wk inc covid hosp,2,2026-09-12,48,quantile,0.5,343.0
2026-08-29,wk inc covid hosp,2,2026-09-12,48,quantile,0.55,356.0
2026-08-29,wk inc covid hosp,2,2026-09-12,48,quantile,0.6,366.0
2026-08-29,wk inc covid hosp,2,2026-09-12,48,quantile,0.65,377.0
2026-08-29,wk inc covid hosp,2,2026-09-12,48,quantile,0.7,395.0
2026-08-29,wk inc covid hosp,2,2026-09-12,48,quantile,0.75,413.0
2026-08-29,wk inc covid hosp,2,2026-09-12,48,quantile,0.8,437.0
2026-08-29,wk inc covid hosp,2,2026-09-12,48,quantile,0.85,468.0
2026-08-29,wk inc covid hosp,2,2026-09-12,48,quantile,0.9,517.0
2026-08-29,wk inc covid hosp,2,2026-09-12,48,quantile,0.95,617.0
2026-08-29,wk inc covid hosp,2,2026-09-12,48,quantile,0.975,740.0
2026-08-29,wk inc covid hosp,2,2026-09-12,48,quantile,0.99,951.0
2026-08-29,wk inc covid hosp,2,2026-09-12,49,quantile,0.01,0.0
2026-08-29,wk inc covid hosp,2,2026-09-12,49,quantile,0.025,1.0
2026-08-29,wk inc covid hosp,2,2026-09-12,49,quantile,0.05,2.0
2026-08-29,wk inc covid hosp,2,2026-09-12,49,quantile,0.1,3.0
2026-08-29,wk inc covid hosp,2,2026-09-12,49,quantile,0.15,4.0
2026-08-29,wk inc covid hosp,2,2026-09-12,49,quantile,0.2,5.0
2026-08-29,wk inc covid hosp,2,2026-09-12,49,quantile,0.25,5.0
2026-08-29,wk inc covid hosp,2,2026-09-12,49,quantile,0.3,6.0
2026-08-29,wk inc covid hosp,2,2026-09-12,49,quantile,0.35,6.0
2026-08-29,wk inc covid hosp,2,2026-09-12,49,quantile,0.4,6.0
2026-08-29,wk inc covid hosp,2,2026-09-12,49,quantile,0.45,7.0
2026-08-29,wk inc covid hosp,2,2026-09-12,49,quantile,0.5,7.0
2026-08-29,wk inc covid hosp,2,2026-09-12,49,quantile,0.55,7.0
2026-08-29,wk inc covid hosp,2,2026-09-12,49,quantile,0.6,8.0
2026-08-29,wk inc covid hosp,2,2026-09-12,49,quantile,0.65,8.0
2026-08-29,wk inc covid hosp,2,2026-09-12,49,quantile,0.7,9.0
2026-08-29,wk inc covid hosp,2,2026-09-12,49,quantile,0.75,9.0
2026-08-29,wk inc covid hosp,2,2026-09-12,49,quantile,0.8,10.0
2026-08-29,wk inc covid hosp,2,2026-09-12,49,quantile,0.85,11.0
2026-08-29,wk inc covid hosp,2,2026-09-12,49,quantile,0.9,12.0
2026-08-29,wk inc covid hosp,2,2026-09-12,49,quantile,0.95,15.0
2026-08-29,wk inc covid hosp,2,2026-09-12,49,quantile,0.975,18.0
2026-08-29,wk inc covid hosp,2,2026-09-12,49,quantile,0.99,24.0
2026-08-29,wk inc covid hosp,2,2026-09-12,50,quantile,0.01,0.0
2026-08-29,wk inc covid hosp,2,2026-09-12,50,quantile,0.025,0.0
2026-08-29,wk inc covid hosp,2,2026-09-12,50,quantile,0.05,0.0
2026-08-29,wk inc covid hosp,2,2026-09-12,50,quantile,0.1,0.0
2026-08-29,wk inc covid hosp,2,2026-09-12,50,quantile,0.15,1.0
2026-08-29,wk inc covid hosp,2,2026-09-12,50,quantile,0.2,1.0
2026-08-29,wk inc covid hosp,2,2026-09-12,50,quantile,0.25,1.0
2026-08-29,wk inc covid hosp,2,2026-09-12,50,quantile,0.3,1.0
2026-08-29,wk inc covid hosp,2,2026-09-12,50,quantile,0.35,1.0
2026-08-29,wk inc covid hosp,2,2026-09-12,50,quantile,0.4,1.0
2026-08-29,wk inc covid hosp,2,2026-09-12,50,quantile,0.45,1.0
2026-08-29,wk inc covid hosp,2,2026-09-12,50,quantile,0.5,1.0
2026-08-29,wk inc covid hosp,2,2026-09-12,50,quantile,0.55,1.0
2026-08-29,wk inc covid hosp,2,2026-09-12,50,quantile,0.6,1.0
2026-08-29,wk inc covid hosp,2,2026-09-12,50,quantile,0.65,1.0
2026-08-29,wk inc covid hosp,2,2026-09-12,50,quantile,0.7,1.0
2026-08-29,wk inc covid hosp,2,2026-09-12,50,quantile,0.75,2.0
2026-08-29,wk inc covid hosp,2,2026-09-12,50,quantile,0.8,2.0
2026-08-29,wk inc covid hosp,2,2026-09-12,50,quantile,0.85,2.0
2026-08-29,wk inc covid hosp,2,2026-09-12,50,quantile,0.9,2.0
2026-08-29,wk inc covid hosp,2,2026-09-12,50,quantile,0.95,3.0
2026-08-29,wk inc covid hosp,2,2026-09-12,50,quantile,0.975,3.0
2026-08-29,wk inc covid hosp,2,2026-09-12,50,quantile,0.99,4.0
2026-08-29,wk inc covid hosp,2,2026-09-12,51,quantile,0.01,2.0
2026-08-29,wk inc covid hosp,2,2026-09-12,51,quantile,0.025,6.0
2026-08-29,wk inc covid hosp,2,2026-09-12,51,quantile,0.05,9.0
2026-08-29,wk inc covid hosp,2,2026-09-12,51,quantile,0.1,13.0
2026-08-29,wk inc covid hosp,2,2026-09-12,51,quantile,0.15,17.0
2026-08-29,wk inc covid hosp,2,2026-09-12,51,quantile,0.2,20.0
2026-08-29,wk inc covid hosp,2,2026-09-12,51,quantile,0.25,22.0
2026-08-29,wk inc covid hosp,2,2026-09-12,51,quantile,0.3,24.0
2026-08-29,wk inc covid hosp,2,2026-09-12,51,quantile,0.35,25.0
2026-08-29,wk inc covid hosp,2,2026-09-12,51,quantile,0.4,27.0
2026-08-29,wk inc covid hosp,2,2026-09-12,51,quantile,0.45,28.0
2026-08-29,wk inc covid hosp,2,2026-09-12,51,quantile,0.5,29.0
2026-08-29,wk inc covid hosp,2,2026-09-12,51,quantile,0.55,31.0
2026-08-29,wk inc covid hosp,2,2026-09-12,51,quantile,0.6,32.0
2026-08-29,wk inc covid hosp,2,2026-09-12,51,quantile,0.65,33.0
2026-08-29,wk inc covid hosp,2,2026-09-12,51,quantile,0.7,35.0
2026-08-29,wk inc covid hosp,2,2026-09-12,51,quantile,0.75,36.0
2026-08-29,wk inc covid hosp,2,2026-09-12,51,quantile,0.8,39.0
2026-08-29,wk inc covid hosp,2,2026-09-12,51,quantile,0.85,42.0
2026-08-29,wk inc covid hosp,2,2026-09-12,51,quantile,0.9,47.0
2026-08-29,wk inc covid hosp,2,2026-09-12,51,quantile,0.95,57.0
2026-08-29,wk inc covid hosp,2,2026-09-12,51,quantile,0.975,70.0
2026-08-29,wk inc covid hosp,2,2026-09-12,51,quantile,0.99,91.0
2026-08-29,wk inc covid hosp,2,2026-09-12,53,quantile,0.01,10.0
2026-08-29,wk inc covid hosp,2,2026-09-12,53,quantile,0.025,18.0
2026-08-29,wk inc covid hosp,2,2026-09-12,53,quantile,0.05,24.0
2026-08-29,wk inc covid hosp,2,2026-09-12,53,quantile,0.1,30.0
2026-08-29,wk inc covid hosp,2,2026-09-12,53,quantile,0.15,37.0
2026-08-29,wk inc covid hosp,2,2026-09-12,53,quantile,0.2,43.0
2026-08-29,wk inc covid hosp,2,2026-09-12,53,quantile,0.25,46.0
2026-08-29,wk inc covid hosp,2,2026-09-12,53,quantile,0.3,49.0
2026-08-29,wk inc covid hosp,2,2026-09-12,53,quantile,0.35,52.0
2026-08-29,wk inc covid hosp,2,2026-09-12,53,quantile,0.4,54.0
2026-08-29,wk inc covid hosp,2,2026-09-12,53,quantile,0.45,57.0
2026-08-29,wk inc covid hosp,2,2026-09-12,53,quantile,0.5,59.0
2026-08-29,wk inc covid hosp,2,2026-09-12,53,quantile,0.55,61.0
2026-08-29,wk inc covid hosp,2,2026-09-12,53,quantile,0.6,63.0
2026-08-29,wk inc covid hosp,2,2026-09-12,53,quantile,0.65,65.0
2026-08-29,wk inc covid hosp,2,2026-09-12,53,quantile,0.7,68.0
2026-08-29,wk inc covid hosp,2,2026-09-12,53,quantile,0.75,71.0
2026-08-29,wk inc covid hosp,2,2026-09-12,53,quantile,0.8,76.0
2026-08-29,wk inc covid hosp,2,2026-09-12,53,quantile,0.85,81.0
2026-08-29,wk inc covid hosp,2,2026-09-12,53,quantile,0.9,90.0
2026-08-29,wk inc covid hosp,2,2026-09-12,53,quantile,0.95,108.0
2026-08-29,wk inc covid hosp,2,2026-09-12,53,quantile,0.975,130.0
2026-08-29,wk inc covid hosp,2,2026-09-12,53,quantile,0.99,168.0
2026-08-29,wk inc covid hosp,2,2026-09-12,54,quantile,0.01,0.0
2026-08-29,wk inc covid hosp,2,2026-09-12,54,quantile,0.025,1.0
2026-08-29,wk inc covid hosp,2,2026-09-12,54,quantile,0.05,1.0
2026-08-29,wk inc covid hosp,2,2026-09-12,54,quantile,0.1,2.0
2026-08-29,wk inc covid hosp,2,2026-09-12,54,quantile,0.15,3.0
2026-08-29,wk inc covid hosp,2,2026-09-12,54,quantile,0.2,3.0
2026-08-29,wk inc covid hosp,2,2026-09-12,54,quantile,0.25,4.0
2026-08-29,wk inc covid hosp,2,2026-09-12,54,quantile,0.3,4.0
2026-08-29,wk inc covid hosp,2,2026-09-12,54,quantile,0.35,4.0
2026-08-29,wk inc covid hosp,2,2026-09-12,54,quantile,0.4,4.0
2026-08-29,wk inc covid hosp,2,2026-09-12,54,quantile,0.45,5.0
2026-08-29,wk inc covid hosp,2,2026-09-12,54,quantile,0.5,5.0
2026-08-29,wk inc covid hosp,2,2026-09-12,54,quantile,0.55,5.0
2026-08-29,wk inc covid hosp,2,2026-09-12,54,quantile,0.6,5.0
2026-08-29,wk inc covid hosp,2,2026-09-12,54,quantile,0.65,5.0
2026-08-29,wk inc covid hosp,2,2026-09-12,54,quantile,0.7,6.0
2026-08-29,wk inc covid hosp,2,2026-09-12,54,quantile,0.75,6.0
2026-08-29,wk inc covid hosp,2,2026-09-12,54,quantile,0.8,6.0
2026-08-29,wk inc covid hosp,2,2026-09-12,54,quantile,0.85,7.0
2026-08-29,wk inc covid hosp,2,2026-09-12,54,quantile,0.9,8.0
2026-08-29,wk inc covid hosp,2,2026-09-12,54,quantile,0.95,10.0
2026-08-29,wk inc covid hosp,2,2026-09-12,54,quantile,0.975,12.0
2026-08-29,wk inc covid hosp,2,2026-09-12,54,quantile,0.99,16.0
2026-08-29,wk inc covid hosp,2,2026-09-12,55,quantile,0.01,0.0
2026-08-29,wk inc covid hosp,2,2026-09-12,55,quantile,0.025,2.0
2026-08-29,wk inc covid hosp,2,2026-09-12,55,quantile,0.05,4.0
2026-08-29,wk inc covid hosp,2,2026-09-12,55,quantile,0.1,5.0
2026-08-29,wk inc covid hosp,2,2026-09-12,55,quantile,0.15,7.0
2026-08-29,wk inc covid hosp,2,2026-09-12,55,quantile,0.2,9.0
2026-08-29,wk inc covid hosp,2,2026-09-12,55,quantile,0.25,10.0
2026-08-29,wk inc covid hosp,2,2026-09-12,55,quantile,0.3,11.0
2026-08-29,wk inc covid hosp,2,2026-09-12,55,quantile,0.35,12.0
2026-08-29,wk inc covid hosp,2,2026-09-12,55,quantile,0.4,13.0
2026-08-29,wk inc covid hosp,2,2026-09-12,55,quantile,0.45,13.0
2026-08-29,wk inc covid hosp,2,2026-09-12,55,quantile,0.5,14.0
2026-08-29,wk inc covid hosp,2,2026-09-12,55,quantile,0.55,15.0
2026-08-29,wk inc covid hosp,2,2026-09-12,55,quantile,0.6,15.0
2026-08-29,wk inc covid hosp,2,2026-09-12,55,quantile,0.65,16.0
2026-08-29,wk inc covid hosp,2,2026-09-12,55,quantile,0.7,17.0
2026-08-29,wk inc covid hosp,2,2026-09-12,55,quantile,0.75,18.0
2026-08-29,wk inc covid hosp,2,2026-09-12,55,quantile,0.8,19.0
2026-08-29,wk inc covid hosp,2,2026-09-12,55,quantile,0.85,21.0
2026-08-29,wk inc covid hosp,2,2026-09-12,55,quantile,0.9,23.0
2026-08-29,wk inc covid hosp,2,2026-09-12,55,quantile,0.95,28.0
2026-08-29,wk inc covid hosp,2,2026-09-12,55,quantile,0.975,35.0
2026-08-29,wk inc covid hosp,2,2026-09-12,55,quantile,0.99,46.0
2026-08-29,wk inc covid hosp,2,2026-09-12,56,quantile,0.01,0.0
2026-08-29,wk inc covid hosp,2,2026-09-12,56,quantile,0.025,0.0
2026-08-29,wk inc covid hosp,2,2026-09-12,56,quantile,0.05,0.0
2026-08-29,wk inc covid hosp,2,2026-09-12,56,quantile,0.1,0.0
2026-08-29,wk inc covid hosp,2,2026-09-12,56,quantile,0.15,0.0
2026-08-29,wk inc covid hosp,2,2026-09-12,56,quantile,0.2,1.0
2026-08-29,wk inc covid hosp,2,2026-09-12,56,quantile,0.25,1.0
2026-08-29,wk inc covid hosp,2,2026-09-12,56,quantile,0.3,1.0
2026-08-29,wk inc covid hosp,2,2026-09-12,56,quantile,0.35,1.0
2026-08-29,wk inc covid hosp,2,2026-09-12,56,quantile,0.4,1.0
2026-08-29,wk inc covid hosp,2,2026-09-12,56,quantile,0.45,1.0
2026-08-29,wk inc covid hosp,2,2026-09-12,56,quantile,0.5,1.0
2026-08-29,wk inc covid hosp,2,2026-09-12,56,quantile,0.55,1.0
2026-08-29,wk inc covid hosp,2,2026-09-12,56,quantile,0.6,1.0
2026-08-29,wk inc covid hosp,2,2026-09-12,56,quantile,0.65,1.0
2026-08-29,wk inc covid hosp,2,2026-09-12,56,quantile,0.7,1.0
2026-08-29,wk inc covid hosp,2,2026-09-12,56,quantile,0.75,1.0
2026-08-29,wk inc covid hosp,2,2026-09-12,56,quantile,0.8,1.0
2026-08-29,wk inc covid hosp,2,2026-09-12,56,quantile,0.85,1.0
2026-08-29,wk inc covid hosp,2,2026-09-12,56,quantile,0.9,2.0
2026-08-29,wk inc covid hosp,2,2026-09-12,56,quantile,0.95,2.0
2026-08-29,wk inc covid hosp,2,2026-09-12,56,quantile,0.975,3.0
2026-08-29,wk inc covid hosp,2,2026-09-12,56,quantile,0.99,4.0
2026-08-29,wk inc covid hosp,2,2026-09-12,72,quantile,0.01,29.0
2026-08-29,wk inc covid hosp,2,2026-09-12,72,quantile,0.025,44.0
2026-08-29,wk inc covid hosp,2,2026-09-12,72,quantile,0.05,55.0
2026-08-29,wk inc covid hosp,2,2026-09-12,72,quantile,0.1,67.0
2026-08-29,wk inc covid hosp,2,2026-09-12,72,quantile,0.15,79.0
2026-08-29,wk inc covid hosp,2,2026-09-12,72,quantile,0.2,89.0
2026-08-29,wk inc covid hosp,2,2026-09-12,72,quantile,0.25,96.0
2026-08-29,wk inc covid hosp,2,2026-09-12,72,quantile,0.3,102.0
2026-08-29,wk inc covid hosp,2,2026-09-12,72,quantile,0.35,106.0
2026-08-29,wk inc covid hosp,2,2026-09-12,72,quantile,0.4,111.0
2026-08-29,wk inc covid hosp,2,2026-09-12,72,quantile,0.45,116.0
2026-08-29,wk inc covid hosp,2,2026-09-12,72,quantile,0.5,120.0
2026-08-29,wk inc covid hosp,2,2026-09-12,72,quantile,0.55,124.0
2026-08-29,wk inc covid hosp,2,2026-09-12,72,quantile,0.6,127.0
2026-08-29,wk inc covid hosp,2,2026-09-12,72,quantile,0.65,131.0
2026-08-29,wk inc covid hosp,2,2026-09-12,72,quantile,0.7,137.0
2026-08-29,wk inc covid hosp,2,2026-09-12,72,quantile,0.75,143.0
2026-08-29,wk inc covid hosp,2,2026-09-12,72,quantile,0.8,151.0
2026-08-29,wk inc covid hosp,2,2026-09-12,72,quantile,0.85,161.0
2026-08-29,wk inc covid hosp,2,2026-09-12,72,quantile,0.9,177.0
2026-08-29,wk inc covid hosp,2,2026-09-12,72,quantile,0.95,210.0
2026-08-29,wk inc covid hosp,2,2026-09-12,72,quantile,0.975,251.0
2026-08-29,wk inc covid hosp,2,2026-09-12,72,quantile,0.99,321.0
2026-08-29,wk inc covid hosp,3,2026-09-19,01,quantile,0.01,15.0
2026-08-29,wk inc covid hosp,3,2026-09-19,01,quantile,0.025,25.0
2026-08-29,wk inc covid hosp,3,2026-09-19,01,quantile,0.05,31.0
2026-08-29,wk inc covid hosp,3,2026-09-19,01,quantile,0.1,40.0
2026-08-29,wk inc covid hosp,3,2026-09-19,01,quantile,0.15,47.0
2026-08-29,wk inc covid hosp,3,2026-09-19,01,quantile,0.2,53.0
2026-08-29,wk inc covid hosp,3,2026-09-19,01,quantile,0.25,57.0
2026-08-29,wk inc covid hosp,3,2026-09-19,01,quantile,0.3,61.0
2026-08-29,wk inc covid hosp,3,2026-09-19,01,quantile,0.35,64.0
2026-08-29,wk inc covid hosp,3,2026-09-19,01,quantile,0.4,66.0
2026-08-29,wk inc covid hosp,3,2026-09-19,01,quantile,0.45,70.0
2026-08-29,wk inc covid hosp,3,2026-09-19,01,quantile,0.5,73.0
2026-08-29,wk inc covid hosp,3,2026-09-19,01,quantile,0.55,75.0
2026-08-29,wk inc covid hosp,3,2026-09-19,01,quantile,0.6,78.0
2026-08-29,wk inc covid hosp,3,2026-09-19,01,quantile,0.65,81.0
2026-08-29,wk inc covid hosp,3,2026-09-19,01,quantile,0.7,85.0
2026-08-29,wk inc covid hosp,3,2026-09-19,01,quantile,0.75,89.0
2026-08-29,wk inc covid hosp,3,2026-09-19,01,quantile,0.8,95.0
2026-08-29,wk inc covid hosp,3,2026-09-19,01,quantile,0.85,102.0
2026-08-29,wk inc covid hosp,3,2026-09-19,01,quantile,0.9,111.0
2026-08-29,wk inc covid hosp,3,2026-09-19,01,quantile,0.95,132.0
2026-08-29,wk inc covid hosp,3,2026-09-19,01,quantile,0.975,154.0
2026-08-29,wk inc covid hosp,3,2026-09-19,01,quantile,0.99,191.0
2026-08-29,wk inc covid hosp,3,2026-09-19,02,quantile,0.01,0.0
2026-08-29,wk inc covid hosp,3,2026-09-19,02,quantile,0.025,0.0
2026-08-29,wk inc covid hosp,3,2026-09-19,02,quantile,0.05,1.0
2026-08-29,wk inc covid hosp,3,2026-09-19,02,quantile,0.1,1.0
2026-08-29,wk inc covid hosp,3,2026-09-19,02,quantile,0.15,1.0
2026-08-29,wk inc covid hosp,3,2026-09-19,02,quantile,0.2,2.0
2026-08-29,wk inc covid hosp,3,2026-09-19,02,quantile,0.25,2.0
2026-08-29,wk inc covid hosp,3,2026-09-19,02,quantile,0.3,2.0
2026-08-29,wk inc covid hosp,3,2026-09-19,02,quantile,0.35,2.0
2026-08-29,wk inc covid hosp,3,2026-09-19,02,quantile,0.4,2.0
2026-08-29,wk inc covid hosp,3,2026-09-19,02,quantile,0.45,2.0
2026-08-29,wk inc covid hosp,3,2026-09-19,02,quantile,0.5,2.0
2026-08-29,wk inc covid hosp,3,2026-09-19,02,quantile,0.55,3.0
2026-08-29,wk inc covid hosp,3,2026-09-19,02,quantile,0.6,3.0
2026-08-29,wk inc covid hosp,3,2026-09-19,02,quantile,0.65,3.0
2026-08-29,wk inc covid hosp,3,2026-09-19,02,quantile,0.7,3.0
2026-08-29,wk inc covid hosp,3,2026-09-19,02,quantile,0.75,3.0
2026-08-29,wk inc covid hosp,3,2026-09-19,02,quantile,0.8,3.0
2026-08-29,wk inc covid hosp,3,2026-09-19,02,quantile,0.85,4.0
2026-08-29,wk inc covid hosp,3,2026-09-19,02,quantile,0.9,4.0
2026-08-29,wk inc covid hosp,3,2026-09-19,02,quantile,0.95,5.0
2026-08-29,wk inc covid hosp,3,2026-09-19,02,quantile,0.975,6.0
2026-08-29,wk inc covid hosp,3,2026-09-19,02,quantile,0.99,7.0
2026-08-29,wk inc covid hosp,3,2026-09-19,04,quantile,0.01,7.0
2026-08-29,wk inc covid hosp,3,2026-09-19,04,quantile,0.025,14.0
2026-08-29,wk inc covid hosp,3,2026-09-19,04,quantile,0.05,19.0
2026-08-29,wk inc covid hosp,3,2026-09-19,04,quantile,0.1,26.0
2026-08-29,wk inc covid hosp,3,2026-09-19,04,quantile,0.15,31.0
2026-08-29,wk inc covid hosp,3,2026-09-19,04,quantile,0.2,35.0
2026-08-29,wk inc covid hosp,3,2026-09-19,04,quantile,0.25,38.0
2026-08-29,wk inc covid hosp,3,2026-09-19,04,quantile,0.3,41.0
2026-08-29,wk inc covid hosp,3,2026-09-19,04,quantile,0.35,43.0
2026-08-29,wk inc covid hosp,3,2026-09-19,04,quantile,0.4,45.0
2026-08-29,wk inc covid hosp,3,2026-09-19,04,quantile,0.45,48.0
2026-08-29,wk inc covid hosp,3,2026-09-19,04,quantile,0.5,50.0
2026-08-29,wk inc covid hosp,3,2026-09-19,04,quantile,0.55,51.0
2026-08-29,wk inc covid hosp,3,2026-09-19,04,quantile,0.6,54.0
2026-08-29,wk inc covid hosp,3,2026-09-19,04,quantile,0.65,56.0
2026-08-29,wk inc covid hosp,3,2026-09-19,04,quantile,0.7,59.0
2026-08-29,wk inc covid hosp,3,2026-09-19,04,quantile,0.75,61.0
2026-08-29,wk inc covid hosp,3,2026-09-19,04,quantile,0.8,66.0
2026-08-29,wk inc covid hosp,3,2026-09-19,04,quantile,0.85,71.0
2026-08-29,wk inc covid hosp,3,2026-09-19,04,quantile,0.9,78.0
2026-08-29,wk inc covid hosp,3,2026-09-19,04,quantile,0.95,93.0
2026-08-29,wk inc covid hosp,3,2026-09-19,04,quantile,0.975,110.0
2026-08-29,wk inc covid hosp,3,2026-09-19,04,quantile,0.99,136.0
2026-08-29,wk inc covid hosp,3,2026-09-19,05,quantile,0.01,0.0
2026-08-29,wk inc covid hosp,3,2026-09-19,05,quantile,0.025,2.0
2026-08-29,wk inc covid hosp,3,2026-09-19,05,quantile,0.05,3.0
2026-08-29,wk inc covid hosp,3,2026-09-19,05,quantile,0.1,4.0
2026-08-29,wk inc covid hosp,3,2026-09-19,05,quantile,0.15,5.0
2026-08-29,wk inc covid hosp,3,2026-09-19,05,quantile,0.2,6.0
2026-08-29,wk inc covid hosp,3,2026-09-19,05,quantile,0.25,7.0
2026-08-29,wk inc covid hosp,3,2026-09-19,05,quantile,0.3,8.0
2026-08-29,wk inc covid hosp,3,2026-09-19,05,quantile,0.35,8.0
2026-08-29,wk inc covid hosp,3,2026-09-19,05,quantile,0.4,9.0
2026-08-29,wk inc covid hosp,3,2026-09-19,05,quantile,0.45,9.0
2026-08-29,wk inc covid hosp,3,2026-09-19,05,quantile,0.5,10.0
2026-08-29,wk inc covid hosp,3,2026-09-19,05,quantile,0.55,10.0
2026-08-29,wk inc covid hosp,3,2026-09-19,05,quantile,0.6,10.0
2026-08-29,wk inc covid hosp,3,2026-09-19,05,quantile,0.65,11.0
2026-08-29,wk inc covid hosp,3,2026-09-19,05,quantile,0.7,12.0
2026-08-29,wk inc covid hosp,3,2026-09-19,05,quantile,0.75,12.0
2026-08-29,wk inc covid hosp,3,2026-09-19,05,quantile,0.8,13.0
2026-08-29,wk inc covid hosp,3,2026-09-19,05,quantile,0.85,14.0
2026-08-29,wk inc covid hosp,3,2026-09-19,05,quantile,0.9,16.0
2026-08-29,wk inc covid hosp,3,2026-09-19,05,quantile,0.95,19.0
2026-08-29,wk inc covid hosp,3,2026-09-19,05,quantile,0.975,23.0
2026-08-29,wk inc covid hosp,3,2026-09-19,05,quantile,0.99,29.0
2026-08-29,wk inc covid hosp,3,2026-09-19,06,quantile,0.01,94.0
2026-08-29,wk inc covid hosp,3,2026-09-19,06,quantile,0.025,158.0
2026-08-29,wk inc covid hosp,3,2026-09-19,06,quantile,0.05,199.0
2026-08-29,wk inc covid hosp,3,2026-09-19,06,quantile,0.1,258.0
2026-08-29,wk inc covid hosp,3,2026-09-19,06,quantile,0.15,304.0
2026-08-29,wk inc covid hosp,3,2026-09-19,06,quantile,0.2,345.0
2026-08-29,wk inc covid hosp,3,2026-09-19,06,quantile,0.25,371.0
2026-08-29,wk inc covid hosp,3,2026-09-19,06,quantile,0.3,398.0
2026-08-29,wk inc covid hosp,3,2026-09-19,06,quantile,0.35,416.0
2026-08-29,wk inc covid hosp,3,2026-09-19,06,quantile,0.4,434.0
2026-08-29,wk inc covid hosp,3,2026-09-19,06,quantile,0.45,461.0
2026-08-29,wk inc covid hosp,3,2026-09-19,06,quantile,0.5,476.0
2026-08-29,wk inc covid hosp,3,2026-09-19,06,quantile,0.55,493.0
2026-08-29,wk inc covid hosp,3,2026-09-19,06,quantile,0.6,512.0
2026-08-29,wk inc covid hosp,3,2026-09-19,06,quantile,0.65,532.0
2026-08-29,wk inc covid hosp,3,2026-09-19,06,quantile,0.7,559.0
2026-08-29,wk inc covid hosp,3,2026-09-19,06,quantile,0.75,583.0
2026-08-29,wk inc covid hosp,3,2026-09-19,06,quantile,0.8,624.0
2026-08-29,wk inc covid hosp,3,2026-09-19,06,quantile,0.85,673.0
2026-08-29,wk inc covid hosp,3,2026-09-19,06,quantile,0.9,731.0
2026-08-29,wk inc covid hosp,3,2026-09-19,06,quantile,0.95,871.0
2026-08-29,wk inc covid hosp,3,2026-09-19,06,quantile,0.975,1020.0
2026-08-29,wk inc covid hosp,3,2026-09-19,06,quantile,0.99,1265.0
2026-08-29,wk inc covid hosp,3,2026-09-19,08,quantile,0.01,2.0
2026-08-29,wk inc covid hosp,3,2026-09-19,08,quantile,0.025,5.0
2026-08-29,wk inc covid hosp,3,2026-09-19,08,quantile,0.05,7.0
2026-08-29,wk inc covid hosp,3,2026-09-19,08,quantile,0.1,11.0
2026-08-29,wk inc covid hosp,3,2026-09-19,08,quantile,0.15,13.0
2026-08-29,wk inc covid hosp,3,2026-09-19,08,quantile,0.2,15.0
2026-08-29,wk inc covid hosp,3,2026-09-19,08,quantile,0.25,17.0
2026-08-29,wk inc covid hosp,3,2026-09-19,08,quantile,0.3,18.0
2026-08-29,wk inc covid hosp,3,2026-09-19,08,quantile,0.35,19.0
2026-08-29,wk inc covid hosp,3,2026-09-19,08,quantile,0.4,20.0
2026-08-29,wk inc covid hosp,3,2026-09-19,08,quantile,0.45,22.0
2026-08-29,wk inc covid hosp,3,2026-09-19,08,quantile,0.5,23.0
2026-08-29,wk inc covid hosp,3,2026-09-19,08,quantile,0.55,24.0
2026-08-29,wk inc covid hosp,3,2026-09-19,08,quantile,0.6,25.0
2026-08-29,wk inc covid hosp,3,2026-09-19,08,quantile,0.65,26.0
2026-08-29,wk inc covid hosp,3,2026-09-19,08,quantile,0.7,27.0
2026-08-29,wk inc covid hosp,3,2026-09-19,08,quantile,0.75,28.0
2026-08-29,wk inc covid hosp,3,2026-09-19,08,quantile,0.8,31.0
2026-08-29,wk inc covid hosp,3,2026-09-19,08,quantile,0.85,33.0
2026-08-29,wk inc covid hosp,3,2026-09-19,08,quantile,0.9,37.0
2026-08-29,wk inc covid hosp,3,2026-09-19,08,quantile,0.95,44.0
2026-08-29,wk inc covid hosp,3,2026-09-19,08,quantile,0.975,53.0
2026-08-29,wk inc covid hosp,3,2026-09-19,08,quantile,0.99,66.0
2026-08-29,wk inc covid hosp,3,2026-09-19,09,quantile,0.01,0.0
2026-08-29,wk inc covid hosp,3,2026-09-19,09,quantile,0.025,2.0
2026-08-29,wk inc covid hosp,3,2026-09-19,09,quantile,0.05,3.0
2026-08-29,wk inc covid hosp,3,2026-09-19,09,quantile,0.1,5.0
2026-08-29,wk inc covid hosp,3,2026-09-19,09,quantile,0.15,7.0
2026-08-29,wk inc covid hosp,3,2026-09-19,09,quantile,0.2,8.0
2026-08-29,wk inc covid hosp,3,2026-09-19,09,quantile,0.25,9.0
2026-08-29,wk inc covid hosp,3,2026-09-19,09,quantile,0.3,9.0
2026-08-29,wk inc covid hosp,3,2026-09-19,09,quantile,0.35,10.0
2026-08-29,wk inc covid hosp,3,2026-09-19,09,quantile,0.4,10.0
2026-08-29,wk inc covid hosp,3,2026-09-19,09,quantile,0.45,11.0
2026-08-29,wk inc covid hosp,3,2026-09-19,09,quantile,0.5,12.0
2026-08-29,wk inc covid hosp,3,2026-09-19,09,quantile,0.55,12.0
2026-08-29,wk inc covid hosp,3,2026-09-19,09,quantile,0.6,13.0
2026-08-29,wk inc covid hosp,3,2026-09-19,09,quantile,0.65,13.0
2026-08-29,wk inc covid hosp,3,2026-09-19,09,quantile,0.7,14.0
2026-08-29,wk inc covid hosp,3,2026-09-19,09,quantile,0.75,15.0
2026-08-29,wk inc covid hosp,3,2026-09-19,09,quantile,0.8,16.0
2026-08-29,wk inc covid hosp,3,2026-09-19,09,quantile,0.85,18.0
2026-08-29,wk inc covid hosp,3,2026-09-19,09,quantile,0.9,19.0
2026-08-29,wk inc covid hosp,3,2026-09-19,09,quantile,0.95,23.0
2026-08-29,wk inc covid hosp,3,2026-09-19,09,quantile,0.975,28.0
2026-08-29,wk inc covid hosp,3,2026-09-19,09,quantile,0.99,35.0
2026-08-29,wk inc covid hosp,3,2026-09-19,10,quantile,0.01,0.0
2026-08-29,wk inc covid hosp,3,2026-09-19,10,quantile,0.025,1.0
2026-08-29,wk inc covid hosp,3,2026-09-19,10,quantile,0.05,1.0
2026-08-29,wk inc covid hosp,3,2026-09-19,10,quantile,0.1,1.0
2026-08-29,wk inc covid hosp,3,2026-09-19,10,quantile,0.15,2.0
2026-08-29,wk inc covid hosp,3,2026-09-19,10,quantile,0.2,2.0
2026-08-29,wk inc covid hosp,3,2026-09-19,10,quantile,0.25,2.0
2026-08-29,wk inc covid hosp,3,2026-09-19,10,quantile,0.3,2.0
2026-08-29,wk inc covid hosp,3,2026-09-19,10,quantile,0.35,2.0
2026-08-29,wk inc covid hosp,3,2026-09-19,10,quantile,0.4,3.0
2026-08-29,wk inc covid hosp,3,2026-09-19,10,quantile,0.45,3.0
2026-08-29,wk inc covid hosp,3,2026-09-19,10,quantile,0.5,3.0
2026-08-29,wk inc covid hosp,3,2026-09-19,10,quantile,0.55,3.0
2026-08-29,wk inc covid hosp,3,2026-09-19,10,quantile,0.6,3.0
2026-08-29,wk inc covid hosp,3,2026-09-19,10,quantile,0.65,3.0
2026-08-29,wk inc covid hosp,3,2026-09-19,10,quantile,0.7,4.0
2026-08-29,wk inc covid hosp,3,2026-09-19,10,quantile,0.75,4.0
2026-08-29,wk inc covid hosp,3,2026-09-19,10,quantile,0.8,4.0
2026-08-29,wk inc covid hosp,3,2026-09-19,10,quantile,0.85,4.0
2026-08-29,wk inc covid hosp,3,2026-09-19,10,quantile,0.9,5.0
2026-08-29,wk inc covid hosp,3,2026-09-19,10,quantile,0.95,6.0
2026-08-29,wk inc covid hosp,3,2026-09-19,10,quantile,0.975,7.0
2026-08-29,wk inc covid hosp,3,2026-09-19,10,quantile,0.99,9.0
2026-08-29,wk inc covid hosp,3,2026-09-19,11,quantile,0.01,0.0
2026-08-29,wk inc covid hosp,3,2026-09-19,11,quantile,0.025,1.0
2026-08-29,wk inc covid hosp,3,2026-09-19,11,quantile,0.05,1.0
2026-08-29,wk inc covid hosp,3,2026-09-19,11,quantile,0.1,1.0
2026-08-29,wk inc covid hosp,3,2026-09-19,11,quantile,0.15,2.0
2026-08-29,wk inc covid hosp,3,2026-09-19,11,quantile,0.2,2.0
2026-08-29,wk inc covid hosp,3,2026-09-19,11,quantile,0.25,2.0
2026-08-29,wk inc covid hosp,3,2026-09-19,11,quantile,0.3,2.0
2026-08-29,wk inc covid hosp,3,2026-09-19,11,quantile,0.35,2.0
2026-08-29,wk inc covid hosp,3,2026-09-19,11,quantile,0.4,3.0
2026-08-29,wk inc covid hosp,3,2026-09-19,11,quantile,0.45,3.0
2026-08-29,wk inc covid hosp,3,2026-09-19,11,quantile,0.5,3.0
2026-08-29,wk inc covid hosp,3,2026-09-19,11,quantile,0.55,3.0
2026-08-29,wk inc covid hosp,3,2026-09-19,11,quantile,0.6,3.0
2026-08-29,wk inc covid hosp,3,2026-09-19,11,quantile,0.65,3.0
2026-08-29,wk inc covid hosp,3,2026-09-19,11,quantile,0.7,3.0
2026-08-29,wk inc covid hosp,3,2026-09-19,11,quantile,0.75,4.0
2026-08-29,wk inc covid hosp,3,2026-09-19,11,quantile,0.8,4.0
2026-08-29,wk inc covid hosp,3,2026-09-19,11,quantile,0.85,4.0
2026-08-29,wk inc covid hosp,3,2026-09-19,11,quantile,0.9,5.0
2026-08-29,wk inc covid hosp,3,2026-09-19,11,quantile,0.95,6.0
2026-08-29,wk inc covid hosp,3,2026-09-19,11,quantile,0.975,7.0
2026-08-29,wk inc covid hosp,3,2026-09-19,11,quantile,0.99,8.0
2026-08-29,wk inc covid hosp,3,2026-09-19,12,quantile,0.01,60.0
2026-08-29,wk inc covid hosp,3,2026-09-19,12,quantile,0.025,99.0
2026-08-29,wk inc covid hosp,3,2026-09-19,12,quantile,0.05,123.0
2026-08-29,wk inc covid hosp,3,2026-09-19,12,quantile,0.1,160.0
2026-08-29,wk inc covid hosp,3,2026-09-19,12,quantile,0.15,187.0
2026-08-29,wk inc covid hosp,3,2026-09-19,12,quantile,0.2,213.0
2026-08-29,wk inc covid hosp,3,2026-09-19,12,quantile,0.25,228.0
2026-08-29,wk inc covid hosp,3,2026-09-19,12,quantile,0.3,245.0
2026-08-29,wk inc covid hosp,3,2026-09-19,12,quantile,0.35,256.0
2026-08-29,wk inc covid hosp,3,2026-09-19,12,quantile,0.4,267.0
2026-08-29,wk inc covid hosp,3,2026-09-19,12,quantile,0.45,283.0
2026-08-29,wk inc covid hosp,3,2026-09-19,12,quantile,0.5,292.0
2026-08-29,wk inc covid hosp,3,2026-09-19,12,quantile,0.55,303.0
2026-08-29,wk inc covid hosp,3,2026-09-19,12,quantile,0.6,314.0
2026-08-29,wk inc covid hosp,3,2026-09-19,12,quantile,0.65,326.0
2026-08-29,wk inc covid hosp,3,2026-09-19,12,quantile,0.7,343.0
2026-08-29,wk inc covid hosp,3,2026-09-19,12,quantile,0.75,357.0
2026-08-29,wk inc covid hosp,3,2026-09-19,12,quantile,0.8,382.0
2026-08-29,wk inc covid hosp,3,2026-09-19,12,quantile,0.85,412.0
2026-08-29,wk inc covid hosp,3,2026-09-19,12,quantile,0.9,447.0
2026-08-29,wk inc covid hosp,3,2026-09-19,12,quantile,0.95,533.0
2026-08-29,wk inc covid hosp,3,2026-09-19,12,quantile,0.975,623.0
2026-08-29,wk inc covid hosp,3,2026-09-19,12,quantile,0.99,772.0
2026-08-29,wk inc covid hosp,3,2026-09-19,13,quantile,0.01,13.0
2026-08-29,wk inc covid hosp,3,2026-09-19,13,quantile,0.025,25.0
2026-08-29,wk inc covid hosp,3,2026-09-19,13,quantile,0.05,32.0
2026-08-29,wk inc covid hosp,3,2026-09-19,13,quantile,0.1,43.0
2026-08-29,wk inc covid hosp,3,2026-09-19,13,quantile,0.15,51.0
2026-08-29,wk inc covid hosp,3,2026-09-19,13,quantile,0.2,58.0
2026-08-29,wk inc covid hosp,3,2026-09-19,13,quantile,0.25,63.0
2026-08-29,wk inc covid hosp,3,2026-09-19,13,quantile,0.3,68.0
2026-08-29,wk inc covid hosp,3,2026-09-19,13,quantile,0.35,71.0
2026-08-29,wk inc covid hosp,3,2026-09-19,13,quantile,0.4,74.0
2026-08-29,wk inc covid hosp,3,2026-09-19,13,quantile,0.45,79.0
2026-08-29,wk inc covid hosp,3,2026-09-19,13,quantile,0.5,82.0
2026-08-29,wk inc covid hosp,3,2026-09-19,13,quantile,0.55,85.0
2026-08-29,wk inc covid hosp,3,2026-09-19,13,quantile,0.6,88.0
2026-08-29,wk inc covid hosp,3,2026-09-19,13,quantile,0.65,92.0
2026-08-29,wk inc covid hosp,3,2026-09-19,13,quantile,0.7,97.0
2026-08-29,wk inc covid hosp,3,2026-09-19,13,quantile,0.75,101.0
2026-08-29,wk inc covid hosp,3,2026-09-19,13,quantile,0.8,108.0
2026-08-29,wk inc covid hosp,3,2026-09-19,13,quantile,0.85,117.0
2026-08-29,wk inc covid hosp,3,2026-09-19,13,quantile,0.9,127.0
2026-08-29,wk inc covid hosp,3,2026-09-19,13,quantile,0.95,153.0
2026-08-29,wk inc covid hosp,3,2026-09-19,13,quantile,0.975,179.0
2026-08-29,wk inc covid hosp,3,2026-09-19,13,quantile,0.99,223.0
2026-08-29,wk inc covid hosp,3,2026-09-19,15,quantile,0.01,3.0
2026-08-29,wk inc covid hosp,3,2026-09-19,15,quantile,0.025,5.0
2026-08-29,wk inc covid hosp,3,2026-09-19,15,quantile,0.05,7.0
2026-08-29,wk inc covid hosp,3,2026-09-19,15,quantile,0.1,9.0
2026-08-29,wk inc covid hosp,3,2026-09-19,15,quantile,0.15,10.0
2026-08-29,wk inc covid hosp,3,2026-09-19,15,quantile,0.2,11.0
2026-08-29,wk inc covid hosp,3,2026-09-19,15,quantile,0.25,12.0
2026-08-29,wk inc covid hosp,3,2026-09-19,15,quantile,0.3,13.0
2026-08-29,wk inc covid hosp,3,2026-09-19,15,quantile,0.35,14.0
2026-08-29,wk inc covid hosp,3,2026-09-19,15,quantile,0.4,14.0
2026-08-29,wk inc covid hosp,3,2026-09-19,15,quantile,0.45,15.0
2026-08-29,wk inc covid hosp,3,2026-09-19,15,quantile,0.5,16.0
2026-08-29,wk inc covid hosp,3,2026-09-19,15,quantile,0.55,16.0
2026-08-29,wk inc covid hosp,3,2026-09-19,15,quantile,0.6,17.0
2026-08-29,wk inc covid hosp,3,2026-09-19,15,quantile,0.65,18.0
2026-08-29,wk inc covid hosp,3,2026-09-19,15,quantile,0.7,19.0
2026-08-29,wk inc covid hosp,3,2026-09-19,15,quantile,0.75,19.0
2026-08-29,wk inc covid hosp,3,2026-09-19,15,quantile,0.8,21.0
2026-08-29,wk inc covid hosp,3,2026-09-19,15,quantile,0.85,22.0
2026-08-29,wk inc covid hosp,3,2026-09-19,15,quantile,0.9,24.0
2026-08-29,wk inc covid hosp,3,2026-09-19,15,quantile,0.95,29.0
2026-08-29,wk inc covid hosp,3,2026-09-19,15,quantile,0.975,34.0
2026-08-29,wk inc covid hosp,3,2026-09-19,15,quantile,0.99,42.0
2026-08-29,wk inc covid hosp,3,2026-09-19,16,quantile,0.01,0.0
2026-08-29,wk inc covid hosp,3,2026-09-19,16,quantile,0.025,1.0
2026-08-29,wk inc covid hosp,3,2026-09-19,16,quantile,0.05,1.0
2026-08-29,wk inc covid hosp,3,2026-09-19,16,quantile,0.1,2.0
2026-08-29,wk inc covid hosp,3,2026-09-19,16,quantile,0.15,2.0
2026-08-29,wk inc covid hosp,3,2026-09-19,16,quantile,0.2,3.0
2026-08-29,wk inc covid hosp,3,2026-09-19,16,quantile,0.25,3.0
2026-08-29,wk inc covid hosp,3,2026-09-19,16,quantile,0.3,3.0
2026-08-29,wk inc covid hosp,3,2026-09-19,16,quantile,0.35,4.0
2026-08-29,wk inc covid hosp,3,2026-09-19,16,quantile,0.4,4.0
2026-08-29,wk inc covid hosp,3,2026-09-19,16,quantile,0.45,4.0
2026-08-29,wk inc covid hosp,3,2026-09-19,16,quantile,0.5,4.0
2026-08-29,wk inc covid hosp,3,2026-09-19,16,quantile,0.55,5.0
2026-08-29,wk inc covid hosp,3,2026-09-19,16,quantile,0.6,5.0
2026-08-29,wk inc covid hosp,3,2026-09-19,16,quantile,0.65,5.0
2026-08-29,wk inc covid hosp,3,2026-09-19,16,quantile,0.7,5.0
2026-08-29,wk inc covid hosp,3,2026-09-19,16,quantile,0.75,6.0
2026-08-29,wk inc covid hosp,3,2026-09-19,16,quantile,0.8,6.0
2026-08-29,wk inc covid hosp,3,2026-09-19,16,quantile,0.85,7.0
2026-08-29,wk inc covid hosp,3,2026-09-19,16,quantile,0.9,7.0
2026-08-29,wk inc covid hosp,3,2026-09-19,16,quantile,0.95,9.0
2026-08-29,wk inc covid hosp,3,2026-09-19,16,quantile,0.975,11.0
2026-08-29,wk inc covid hosp,3,2026-09-19,16,quantile,0.99,14.0
2026-08-29,wk inc covid hosp,3,2026-09-19,17,quantile,0.01,0.0
2026-08-29,wk inc covid hosp,3,2026-09-19,17,quantile,0.025,6.0
2026-08-29,wk inc covid hosp,3,2026-09-19,17,quantile,0.05,10.0
2026-08-29,wk inc covid hosp,3,2026-09-19,17,quantile,0.1,16.0
2026-08-29,wk inc covid hosp,3,2026-09-19,17,quantile,0.15,21.0
2026-08-29,wk inc covid hosp,3,2026-09-19,17,quantile,0.2,25.0
2026-08-29,wk inc covid hosp,3,2026-09-19,17,quantile,0.25,27.0
2026-08-29,wk inc covid hosp,3,2026-09-19,17,quantile,0.3,30.0
2026-08-29,wk inc covid hosp,3,2026-09-19,17,quantile,0.35,31.0
2026-08-29,wk inc covid hosp,3,2026-09-19,17,quantile,0.4,33.0
2026-08-29,wk inc covid hosp,3,2026-09-19,17,quantile,0.45,36.0
2026-08-29,wk inc covid hosp,3,2026-09-19,17,quantile,0.5,37.0
2026-08-29,wk inc covid hosp,3,2026-09-19,17,quantile,0.55,39.0
2026-08-29,wk inc covid hosp,3,2026-09-19,17,quantile,0.6,41.0
2026-08-29,wk inc covid hosp,3,2026-09-19,17,quantile,0.65,43.0
2026-08-29,wk inc covid hosp,3,2026-09-19,17,quantile,0.7,45.0
2026-08-29,wk inc covid hosp,3,2026-09-19,17,quantile,0.75,48.0
2026-08-29,wk inc covid hosp,3,2026-09-19,17,quantile,0.8,52.0
2026-08-29,wk inc covid hosp,3,2026-09-19,17,quantile,0.85,56.0
2026-08-29,wk inc covid hosp,3,2026-09-19,17,quantile,0.9,62.0
2026-08-29,wk inc covid hosp,3,2026-09-19,17,quantile,0.95,75.0
2026-08-29,wk inc covid hosp,3,2026-09-19,17,quantile,0.975,90.0
2026-08-29,wk inc covid hosp,3,2026-09-19,17,quantile,0.99,113.0
2026-08-29,wk inc covid hosp,3,2026-09-19,18,quantile,0.01,0.0
2026-08-29,wk inc covid hosp,3,2026-09-19,18,quantile,0.025,2.0
2026-08-29,wk inc covid hosp,3,2026-09-19,18,quantile,0.05,4.0
2026-08-29,wk inc covid hosp,3,2026-09-19,18,quantile,0.1,7.0
2026-08-29,wk inc covid hosp,3,2026-09-19,18,quantile,0.15,9.0
2026-08-29,wk inc covid hosp,3,2026-09-19,18,quantile,0.2,11.0
2026-08-29,wk inc covid hosp,3,2026-09-19,18,quantile,0.25,12.0
2026-08-29,wk inc covid hosp,3,2026-09-19,18,quantile,0.3,13.0
2026-08-29,wk inc covid hosp,3,2026-09-19,18,quantile,0.35,14.0
2026-08-29,wk inc covid hosp,3,2026-09-19,18,quantile,0.4,15.0
2026-08-29,wk inc covid hosp,3,2026-09-19,18,quantile,0.45,16.0
2026-08-29,wk inc covid hosp,3,2026-09-19,18,quantile,0.5,17.0
2026-08-29,wk inc covid hosp,3,2026-09-19,18,quantile,0.55,18.0
2026-08-29,wk inc covid hosp,3,2026-09-19,18,quantile,0.6,18.0
2026-08-29,wk inc covid hosp,3,2026-09-19,18,quantile,0.65,19.0
2026-08-29,wk inc covid hosp,3,2026-09-19,18,quantile,0.7,21.0
2026-08-29,wk inc covid hosp,3,2026-09-19,18,quantile,0.75,22.0
2026-08-29,wk inc covid hosp,3,2026-09-19,18,quantile,0.8,24.0
2026-08-29,wk inc covid hosp,3,2026-09-19,18,quantile,0.85,26.0
2026-08-29,wk inc covid hosp,3,2026-09-19,18,quantile,0.9,28.0
2026-08-29,wk inc covid hosp,3,2026-09-19,18,quantile,0.95,35.0
2026-08-29,wk inc covid hosp,3,2026-09-19,18,quantile,0.975,42.0
2026-08-29,wk inc covid hosp,3,2026-09-19,18,quantile,0.99,53.0
2026-08-29,wk inc covid hosp,3,2026-09-19,19,quantile,0.01,0.0
2026-08-29,wk inc covid hosp,3,2026-09-19,19,quantile,0.025,0.0
2026-08-29,wk inc covid hosp,3,2026-09-19,19,quantile,0.05,1.0
2026-08-29,wk inc covid hosp,3,2026-09-19,19,quantile,0.1,2.0
2026-08-29,wk inc covid hosp,3,2026-09-19,19,quantile,0.15,2.0
2026-08-29,wk inc covid hosp,3,2026-09-19,19,quantile,0.2,3.0
2026-08-29,wk inc covid hosp,3,2026-09-19,19,quantile,0.25,3.0
2026-08-29,wk inc covid hosp,3,2026-09-19,19,quantile,0.3,4.0
2026-08-29,wk inc covid hosp,3,2026-09-19,19,quantile,0.35,4.0
2026-08-29,wk inc covid hosp,3,2026-09-19,19,quantile,0.4,4.0
2026-08-29,wk inc covid hosp,3,2026-09-19,19,quantile,0.45,5.0
2026-08-29,wk inc covid hosp,3,2026-09-19,19,quantile,0.5,5.0
2026-08-29,wk inc covid hosp,3,2026-09-19,19,quantile,0.55,5.0
2026-08-29,wk inc covid hosp,3,2026-09-19,19,quantile,0.6,6.0
2026-08-29,wk inc covid hosp,3,2026-09-19,19,quantile,0.65,6.0
2026-08-29,wk inc covid hosp,3,2026-09-19,19,quantile,0.7,6.0
2026-08-29,wk inc covid hosp,3,2026-09-19,19,quantile,0.75,7.0
2026-08-29,wk inc covid hosp,3,2026-09-19,19,quantile,0.8,8.0
2026-08-29,wk inc covid hosp,3,2026-09-19,19,quantile,0.85,8.0
2026-08-29,wk inc covid hosp,3,2026-09-19,19,quantile,0.9,9.0
2026-08-29,wk inc covid hosp,3,2026-09-19,19,quantile,0.95,11.0
2026-08-29,wk inc covid hosp,3,2026-09-19,19,quantile,0.975,14.0
2026-08-29,wk inc covid hosp,3,2026-09-19,19,quantile,0.99,18.0
2026-08-29,wk inc covid hosp,3,2026-09-19,20,quantile,0.01,0.0
2026-08-29,wk inc covid hosp,3,2026-09-19,20,quantile,0.025,1.0
2026-08-29,wk inc covid hosp,3,2026-09-19,20,quantile,0.05,2.0
2026-08-29,wk inc covid hosp,3,2026-09-19,20,quantile,0.1,3.0
2026-08-29,wk inc covid hosp,3,2026-09-19,20,quantile,0.15,4.0
2026-08-29,wk inc covid hosp,3,2026-09-19,20,quantile,0.2,5.0
2026-08-29,wk inc covid hosp,3,2026-09-19,20,quantile,0.25,6.0
2026-08-29,wk inc covid hosp,3,2026-09-19,20,quantile,0.3,6.0
2026-08-29,wk inc covid hosp,3,2026-09-19,20,quantile,0.35,7.0
2026-08-29,wk inc covid hosp,3,2026-09-19,20,quantile,0.4,7.0
2026-08-29,wk inc covid hosp,3,2026-09-19,20,quantile,0.45,8.0
2026-08-29,wk inc covid hosp,3,2026-09-19,20,quantile,0.5,8.0
2026-08-29,wk inc covid hosp,3,2026-09-19,20,quantile,0.55,9.0
2026-08-29,wk inc covid hosp,3,2026-09-19,20,quantile,0.6,9.0
2026-08-29,wk inc covid hosp,3,2026-09-19,20,quantile,0.65,9.0
2026-08-29,wk inc covid hosp,3,2026-09-19,20,quantile,0.7,10.0
2026-08-29,wk inc covid hosp,3,2026-09-19,20,quantile,0.75,10.0
2026-08-29,wk inc covid hosp,3,2026-09-19,20,quantile,0.8,11.0
2026-08-29,wk inc covid hosp,3,2026-09-19,20,quantile,0.85,12.0
2026-08-29,wk inc covid hosp,3,2026-09-19,20,quantile,0.9,14.0
2026-08-29,wk inc covid hosp,3,2026-09-19,20,quantile,0.95,17.0
2026-08-29,wk inc covid hosp,3,2026-09-19,20,quantile,0.975,20.0
2026-08-29,wk inc covid hosp,3,2026-09-19,20,quantile,0.99,25.0
2026-08-29,wk inc covid hosp,3,2026-09-19,21,quantile,0.01,1.0
2026-08-29,wk inc covid hosp,3,2026-09-19,21,quantile,0.025,3.0
2026-08-29,wk inc covid hosp,3,2026-09-19,21,quantile,0.05,5.0
2026-08-29,wk inc covid hosp,3,2026-09-19,21,quantile,0.1,7.0
2026-08-29,wk inc covid hosp,3,2026-09-19,21,quantile,0.15,9.0
2026-08-29,wk inc covid hosp,3,2026-09-19,21,quantile,0.2,10.0
2026-08-29,wk inc covid hosp,3,2026-09-19,21,quantile,0.25,11.0
2026-08-29,wk inc covid hosp,3,2026-09-19,21,quantile,0.3,12.0
2026-08-29,wk inc covid hosp,3,2026-09-19,21,quantile,0.35,13.0
2026-08-29,wk inc covid hosp,3,2026-09-19,21,quantile,0.4,14.0
2026-08-29,wk inc covid hosp,3,2026-09-19,21,quantile,0.45,15.0
2026-08-29,wk inc covid hosp,3,2026-09-19,21,quantile,0.5,15.0
2026-08-29,wk inc covid hosp,3,2026-09-19,21,quantile,0.55,16.0
2026-08-29,wk inc covid hosp,3,2026-09-19,21,quantile,0.6,17.0
2026-08-29,wk inc covid hosp,3,2026-09-19,21,quantile,0.65,18.0
2026-08-29,wk inc covid hosp,3,2026-09-19,21,quantile,0.7,19.0
2026-08-29,wk inc covid hosp,3,2026-09-19,21,quantile,0.75,19.0
2026-08-29,wk inc covid hosp,3,2026-09-19,21,quantile,0.8,21.0
2026-08-29,wk inc covid hosp,3,2026-09-19,21,quantile,0.85,23.0
2026-08-29,wk inc covid hosp,3,2026-09-19,21,quantile,0.9,25.0
2026-08-29,wk inc covid hosp,3,2026-09-19,21,quantile,0.95,31.0
2026-08-29,wk inc covid hosp,3,2026-09-19,21,quantile,0.975,36.0
2026-08-29,wk inc covid hosp,3,2026-09-19,21,quantile,0.99,46.0
2026-08-29,wk inc covid hosp,3,2026-09-19,22,quantile,0.01,13.0
2026-08-29,wk inc covid hosp,3,2026-09-19,22,quantile,0.025,22.0
2026-08-29,wk inc covid hosp,3,2026-09-19,22,quantile,0.05,27.0
2026-08-29,wk inc covid hosp,3,2026-09-19,22,quantile,0.1,35.0
2026-08-29,wk inc covid hosp,3,2026-09-19,22,quantile,0.15,41.0
2026-08-29,wk inc covid hosp,3,2026-09-19,22,quantile,0.2,47.0
2026-08-29,wk inc covid hosp,3,2026-09-19,22,quantile,0.25,50.0
2026-08-29,wk inc covid hosp,3,2026-09-19,22,quantile,0.3,54.0
2026-08-29,wk inc covid hosp,3,2026-09-19,22,quantile,0.35,56.0
2026-08-29,wk inc covid hosp,3,2026-09-19,22,quantile,0.4,58.0
2026-08-29,wk inc covid hosp,3,2026-09-19,22,quantile,0.45,62.0
2026-08-29,wk inc covid hosp,3,2026-09-19,22,quantile,0.5,64.0
2026-08-29,wk inc covid hosp,3,2026-09-19,22,quantile,0.55,66.0
2026-08-29,wk inc covid hosp,3,2026-09-19,22,quantile,0.6,69.0
2026-08-29,wk inc covid hosp,3,2026-09-19,22,quantile,0.65,71.0
2026-08-29,wk inc covid hosp,3,2026-09-19,22,quantile,0.7,75.0
2026-08-29,wk inc covid hosp,3,2026-09-19,22,quantile,0.75,78.0
2026-08-29,wk inc covid hosp,3,2026-09-19,22,quantile,0.8,84.0
2026-08-29,wk inc covid hosp,3,2026-09-19,22,quantile,0.85,90.0
2026-08-29,wk inc covid hosp,3,2026-09-19,22,quantile,0.9,98.0
2026-08-29,wk inc covid hosp,3,2026-09-19,22,quantile,0.95,117.0
2026-08-29,wk inc covid hosp,3,2026-09-19,22,quantile,0.975,137.0
2026-08-29,wk inc covid hosp,3,2026-09-19,22,quantile,0.99,169.0
2026-08-29,wk inc covid hosp,3,2026-09-19,23,quantile,0.01,0.0
2026-08-29,wk inc covid hosp,3,2026-09-19,23,quantile,0.025,0.0
2026-08-29,wk inc covid hosp,3,2026-09-19,23,quantile,0.05,0.0
2026-08-29,wk inc covid hosp,3,2026-09-19,23,quantile,0.1,1.0
2026-08-29,wk inc covid hosp,3,2026-09-19,23,quantile,0.15,1.0
2026-08-29,wk inc covid hosp,3,2026-09-19,23,quantile,0.2,1.0
2026-08-29,wk inc covid hosp,3,2026-09-19,23,quantile,0.25,1.0
2026-08-29,wk inc covid hosp,3,2026-09-19,23,quantile,0.3,2.0
2026-08-29,wk inc covid hosp,3,2026-09-19,23,quantile,0.35,2.0
2026-08-29,wk inc covid hosp,3,2026-09-19,23,quantile,0.4,2.0
2026-08-29,wk inc covid hosp,3,2026-09-19,23,quantile,0.45,2.0
2026-08-29,wk inc covid hosp,3,2026-09-19,23,quantile,0.5,2.0
2026-08-29,wk inc covid hosp,3,2026-09-19,23,quantile,0.55,2.0
2026-08-29,wk inc covid hosp,3,2026-09-19,23,quantile,0.6,2.0
2026-08-29,wk inc covid hosp,3,2026-09-19,23,quantile,0.65,3.0
2026-08-29,wk inc covid hosp,3,2026-09-19,23,quantile,0.7,3.0
2026-08-29,wk inc covid hosp,3,2026-09-19,23,quantile,0.75,3.0
2026-08-29,wk inc covid hosp,3,2026-09-19,23,quantile,0.8,3.0
2026-08-29,wk inc covid hosp,3,2026-09-19,23,quantile,0.85,3.0
2026-08-29,wk inc covid hosp,3,2026-09-19,23,quantile,0.9,4.0
2026-08-29,wk inc covid hosp,3,2026-09-19,23,quantile,0.95,5.0
2026-08-29,wk inc covid hosp,3,2026-09-19,23,quantile,0.975,6.0
2026-08-29,wk inc covid hosp,3,2026-09-19,23,quantile,0.99,8.0
2026-08-29,wk inc covid hosp,3,2026-09-19,24,quantile,0.01,0.0
2026-08-29,wk inc covid hosp,3,2026-09-19,24,quantile,0.025,2.0
2026-08-29,wk inc covid hosp,3,2026-09-19,24,quantile,0.05,4.0
2026-08-29,wk inc covid hosp,3,2026-09-19,24,quantile,0.1,6.0
2026-08-29,wk inc covid hosp,3,2026-09-19,24,quantile,0.15,8.0
2026-08-29,wk inc covid hosp,3,2026-09-19,24,quantile,0.2,10.0
2026-08-29,wk inc covid hosp,3,2026-09-19,24,quantile,0.25,11.0
2026-08-29,wk inc covid hosp,3,2026-09-19,24,quantile,0.3,12.0
2026-08-29,wk inc covid hosp,3,2026-09-19,24,quantile,0.35,13.0
2026-08-29,wk inc covid hosp,3,2026-09-19,24,quantile,0.4,14.0
2026-08-29,wk inc covid hosp,3,2026-09-19,24,quantile,0.45,15.0
2026-08-29,wk inc covid hosp,3,2026-09-19,24,quantile,0.5,16.0
2026-08-29,wk inc covid hosp,3,2026-09-19,24,quantile,0.55,16.0
2026-08-29,wk inc covid hosp,3,2026-09-19,24,quantile,0.6,17.0
2026-08-29,wk inc covid hosp,3,2026-09-19,24,quantile,0.65,18.0
2026-08-29,wk inc covid hosp,3,2026-09-19,24,quantile,0.7,19.0
2026-08-29,wk inc covid hosp,3,2026-09-19,24,quantile,0.75,20.0
2026-08-29,wk inc covid hosp,3,2026-09-19,24,quantile,0.8,22.0
2026-08-29,wk inc covid hosp,3,2026-09-19,24,quantile,0.85,24.0
2026-08-29,wk inc covid hosp,3,2026-09-19,24,quantile,0.9,26.0
2026-08-29,wk inc covid hosp,3,2026-09-19,24,quantile,0.95,32.0
2026-08-29,wk inc covid hosp,3,2026-09-19,24,quantile,0.975,38.0
2026-08-29,wk inc covid hosp,3,2026-09-19,24,quantile,0.99,48.0
2026-08-29,wk inc covid hosp,3,2026-09-19,25,quantile,0.01,0.0
2026-08-29,wk inc covid hosp,3,2026-09-19,25,quantile,0.025,4.0
2026-08-29,wk inc covid hosp,3,2026-09-19,25,quantile,0.05,6.0
2026-08-29,wk inc covid hosp,3,2026-09-19,25,quantile,0.1,9.0
2026-08-29,wk inc covid hosp,3,2026-09-19,25,quantile,0.15,11.0
2026-08-29,wk inc covid hosp,3,2026-09-19,25,quantile,0.2,13.0
2026-08-29,wk inc covid hosp,3,2026-09-19,25,quantile,0.25,15.0
2026-08-29,wk inc covid hosp,3,2026-09-19,25,quantile,0.3,16.0
2026-08-29,wk inc covid hosp,3,2026-09-19,25,quantile,0.35,17.0
2026-08-29,wk inc covid hosp,3,2026-09-19,25,quantile,0.4,18.0
2026-08-29,wk inc covid hosp,3,2026-09-19,25,quantile,0.45,20.0
2026-08-29,wk inc covid hosp,3,2026-09-19,25,quantile,0.5,20.0
2026-08-29,wk inc covid hosp,3,2026-09-19,25,quantile,0.55,21.0
2026-08-29,wk inc covid hosp,3,2026-09-19,25,quantile,0.6,22.0
2026-08-29,wk inc covid hosp,3,2026-09-19,25,quantile,0.65,23.0
2026-08-29,wk inc covid hosp,3,2026-09-19,25,quantile,0.7,25.0
2026-08-29,wk inc covid hosp,3,2026-09-19,25,quantile,0.75,26.0
2026-08-29,wk inc covid hosp,3,2026-09-19,25,quantile,0.8,28.0
2026-08-29,wk inc covid hosp,3,2026-09-19,25,quantile,0.85,31.0
2026-08-29,wk inc covid hosp,3,2026-09-19,25,quantile,0.9,34.0
2026-08-29,wk inc covid hosp,3,2026-09-19,25,quantile,0.95,41.0
2026-08-29,wk inc covid hosp,3,2026-09-19,25,quantile,0.975,49.0
2026-08-29,wk inc covid hosp,3,2026-09-19,25,quantile,0.99,62.0
2026-08-29,wk inc covid hosp,3,2026-09-19,26,quantile,0.01,10.0
2026-08-29,wk inc covid hosp,3,2026-09-19,26,quantile,0.025,19.0
2026-08-29,wk inc covid hosp,3,2026-09-19,26,quantile,0.05,25.0
2026-08-29,wk inc covid hosp,3,2026-09-19,26,quantile,0.1,34.0
2026-08-29,wk inc covid hosp,3,2026-09-19,26,quantile,0.15,41.0
2026-08-29,wk inc covid hosp,3,2026-09-19,26,quantile,0.2,47.0
2026-08-29,wk inc covid hosp,3,2026-09-19,26,quantile,0.25,51.0
2026-08-29,wk inc covid hosp,3,2026-09-19,26,quantile,0.3,55.0
2026-08-29,wk inc covid hosp,3,2026-09-19,26,quantile,0.35,58.0
2026-08-29,wk inc covid hosp,3,2026-09-19,26,quantile,0.4,61.0
2026-08-29,wk inc covid hosp,3,2026-09-19,26,quantile,0.45,65.0
2026-08-29,wk inc covid hosp,3,2026-09-19,26,quantile,0.5,67.0
2026-08-29,wk inc covid hosp,3,2026-09-19,26,quantile,0.55,69.0
2026-08-29,wk inc covid hosp,3,2026-09-19,26,quantile,0.6,72.0
2026-08-29,wk inc covid hosp,3,2026-09-19,26,quantile,0.65,75.0
2026-08-29,wk inc covid hosp,3,2026-09-19,26,quantile,0.7,79.0
2026-08-29,wk inc covid hosp,3,2026-09-19,26,quantile,0.75,83.0
2026-08-29,wk inc covid hosp,3,2026-09-19,26,quantile,0.8,89.0
2026-08-29,wk inc covid hosp,3,2026-09-19,26,quantile,0.85,96.0
2026-08-29,wk inc covid hosp,3,2026-09-19,26,quantile,0.9,105.0
2026-08-29,wk inc covid hosp,3,2026-09-19,26,quantile,0.95,126.0
2026-08-29,wk inc covid hosp,3,2026-09-19,26,quantile,0.975,148.0
2026-08-29,wk inc covid hosp,3,2026-09-19,26,quantile,0.99,184.0
2026-08-29,wk inc covid hosp,3,2026-09-19,27,quantile,0.01,0.0
2026-08-29,wk inc covid hosp,3,2026-09-19,27,quantile,0.025,1.0
2026-08-29,wk inc covid hosp,3,2026-09-19,27,quantile,0.05,2.0
2026-08-29,wk inc covid hosp,3,2026-09-19,27,quantile,0.1,4.0
2026-08-29,wk inc covid hosp,3,2026-09-19,27,quantile,0.15,6.0
2026-08-29,wk inc covid hosp,3,2026-09-19,27,quantile,0.2,7.0
2026-08-29,wk inc covid hosp,3,2026-09-19,27,quantile,0.25,8.0
2026-08-29,wk inc covid hosp,3,2026-09-19,27,quantile,0.3,9.0
2026-08-29,wk inc covid hosp,3,2026-09-19,27,quantile,0.35,10.0
2026-08-29,wk inc covid hosp,3,2026-09-19,27,quantile,0.4,10.0
2026-08-29,wk inc covid hosp,3,2026-09-19,27,quantile,0.45,11.0
2026-08-29,wk inc covid hosp,3,2026-09-19,27,quantile,0.5,12.0
2026-08-29,wk inc covid hosp,3,2026-09-19,27,quantile,0.55,12.0
2026-08-29,wk inc covid hosp,3,2026-09-19,27,quantile,0.6,13.0
2026-08-29,wk inc covid hosp,3,2026-09-19,27,quantile,0.65,13.0
2026-08-29,wk inc covid hosp,3,2026-09-19,27,quantile,0.7,14.0
2026-08-29,wk inc covid hosp,3,2026-09-19,27,quantile,0.75,15.0
2026-08-29,wk inc covid hosp,3,2026-09-19,27,quantile,0.8,16.0
2026-08-29,wk inc covid hosp,3,2026-09-19,27,quantile,0.85,18.0
2026-08-29,wk inc covid hosp,3,2026-09-19,27,quantile,0.9,20.0
2026-08-29,wk inc covid hosp,3,2026-09-19,27,quantile,0.95,25.0
2026-08-29,wk inc covid hosp,3,2026-09-19,27,quantile,0.975,30.0
2026-08-29,wk inc covid hosp,3,2026-09-19,27,quantile,0.99,38.0
2026-08-29,wk inc covid hosp,3,2026-09-19,28,quantile,0.01,7.0
2026-08-29,wk inc covid hosp,3,2026-09-19,28,quantile,0.025,12.0
2026-08-29,wk inc covid hosp,3,2026-09-19,28,quantile,0.05,15.0
2026-08-29,wk inc covid hosp,3,2026-09-19,28,quantile,0.1,20.0
2026-08-29,wk inc covid hosp,3,2026-09-19,28,quantile,0.15,23.0
2026-08-29,wk inc covid hosp,3,2026-09-19,28,quantile,0.2,26.0
2026-08-29,wk inc covid hosp,3,2026-09-19,28,quantile,0.25,28.0
2026-08-29,wk inc covid hosp,3,2026-09-19,28,quantile,0.3,30.0
2026-08-29,wk inc covid hosp,3,2026-09-19,28,quantile,0.35,32.0
2026-08-29,wk inc covid hosp,3,2026-09-19,28,quantile,0.4,33.0
2026-08-29,wk inc covid hosp,3,2026-09-19,28,quantile,0.45,35.0
2026-08-29,wk inc covid hosp,3,2026-09-19,28,quantile,0.5,36.0
2026-08-29,wk inc covid hosp,3,2026-09-19,28,quantile,0.55,38.0
2026-08-29,wk inc covid hosp,3,2026-09-19,28,quantile,0.6,39.0
2026-08-29,wk inc covid hosp,3,2026-09-19,28,quantile,0.65,41.0
2026-08-29,wk inc covid hosp,3,2026-09-19,28,quantile,0.7,43.0
2026-08-29,wk inc covid hosp,3,2026-09-19,28,quantile,0.75,45.0
2026-08-29,wk inc covid hosp,3,2026-09-19,28,quantile,0.8,48.0
2026-08-29,wk inc covid hosp,3,2026-09-19,28,quantile,0.85,51.0
2026-08-29,wk inc covid hosp,3,2026-09-19,28,quantile,0.9,56.0
2026-08-29,wk inc covid hosp,3,2026-09-19,28,quantile,0.95,67.0
2026-08-29,wk inc covid hosp,3,2026-09-19,28,quantile,0.975,78.0
2026-08-29,wk inc covid hosp,3,2026-09-19,28,quantile,0.99,97.0
2026-08-29,wk inc covid hosp,3,2026-09-19,29,quantile,0.01,0.0
2026-08-29,wk inc covid hosp,3,2026-09-19,29,quantile,0.025,2.0
2026-08-29,wk inc covid hosp,3,2026-09-19,29,quantile,0.05,4.0
2026-08-29,wk inc covid hosp,3,2026-09-19,29,quantile,0.1,7.0
2026-08-29,wk inc covid hosp,3,2026-09-19,29,quantile,0.15,9.0
2026-08-29,wk inc covid hosp,3,2026-09-19,29,quantile,0.2,11.0
2026-08-29,wk inc covid hosp,3,2026-09-19,29,quantile,0.25,12.0
2026-08-29,wk inc covid hosp,3,2026-09-19,29,quantile,0.3,13.0
2026-08-29,wk inc covid hosp,3,2026-09-19,29,quantile,0.35,14.0
2026-08-29,wk inc covid hosp,3,2026-09-19,29,quantile,0.4,15.0
2026-08-29,wk inc covid hosp,3,2026-09-19,29,quantile,0.45,16.0
2026-08-29,wk inc covid hosp,3,2026-09-19,29,quantile,0.5,17.0
2026-08-29,wk inc covid hosp,3,2026-09-19,29,quantile,0.55,18.0
2026-08-29,wk inc covid hosp,3,2026-09-19,29,quantile,0.6,19.0
2026-08-29,wk inc covid hosp,3,2026-09-19,29,quantile,0.65,20.0
2026-08-29,wk inc covid hosp,3,2026-09-19,29,quantile,0.7,21.0
2026-08-29,wk inc covid hosp,3,2026-09-19,29,quantile,0.75,22.0
2026-08-29,wk inc covid hosp,3,2026-09-19,29,quantile,0.8,24.0
2026-08-29,wk inc covid hosp,3,2026-09-19,29,quantile,0.85,26.0
2026-08-29,wk inc covid hosp,3,2026-09-19,29,quantile,0.9,29.0
2026-08-29,wk inc covid hosp,3,2026-09-19,29,quantile,0.95,35.0
2026-08-29,wk inc covid hosp,3,2026-09-19,29,quantile,0.975,42.0
2026-08-29,wk inc covid hosp,3,2026-09-19,29,quantile,0.99,53.0
2026-08-29,wk inc covid hosp,3,2026-09-19,30,quantile,0.01,0.0
2026-08-29,wk inc covid hosp,3,2026-09-19,30,quantile,0.025,0.0
2026-08-29,wk inc covid hosp,3,2026-09-19,30,quantile,0.05,0.0
2026-08-29,wk inc covid hosp,3,2026-09-19,30,quantile,0.1,1.0
2026-08-29,wk inc covid hosp,3,2026-09-19,30,quantile,0.15,1.0
2026-08-29,wk inc covid hosp,3,2026-09-19,30,quantile,0.2,1.0
2026-08-29,wk inc covid hosp,3,2026-09-19,30,quantile,0.25,1.0
2026-08-29,wk inc covid hosp,3,2026-09-19,30,quantile,0.3,2.0
2026-08-29,wk inc covid hosp,3,2026-09-19,30,quantile,0.35,2.0
2026-08-29,wk inc covid hosp,3,2026-09-19,30,quantile,0.4,2.0
2026-08-29,wk inc covid hosp,3,2026-09-19,30,quantile,0.45,2.0
2026-08-29,wk inc covid hosp,3,2026-09-19,30,quantile,0.5,2.0
2026-08-29,wk inc covid hosp,3,2026-09-19,30,quantile,0.55,2.0
2026-08-29,wk inc covid hosp,3,2026-09-19,30,quantile,0.6,2.0
2026-08-29,wk inc covid hosp,3,2026-09-19,30,quantile,0.65,2.0
2026-08-29,wk inc covid hosp,3,2026-09-19,30,quantile,0.7,2.0
2026-08-29,wk inc covid hosp,3,2026-09-19,30,quantile,0.75,3.0
2026-08-29,wk inc covid hosp,3,2026-09-19,30,quantile,0.8,3.0
2026-08-29,wk inc covid hosp,3,2026-09-19,30,quantile,0.85,3.0
2026-08-29,wk inc covid hosp,3,2026-09-19,30,quantile,0.9,3.0
2026-08-29,wk inc covid hosp,3,2026-09-19,30,quantile,0.95,4.0
2026-08-29,wk inc covid hosp,3,2026-09-19,30,quantile,0.975,5.0
2026-08-29,wk inc covid hosp,3,2026-09-19,30,quantile,0.99,7.0
2026-08-29,wk inc covid hosp,3,2026-09-19,31,quantile,0.01,0.0
2026-08-29,wk inc covid hosp,3,2026-09-19,31,quantile,0.025,0.0
2026-08-29,wk inc covid hosp,3,2026-09-19,31,quantile,0.05,1.0
2026-08-29,wk inc covid hosp,3,2026-09-19,31,quantile,0.1,1.0
2026-08-29,wk inc covid hosp,3,2026-09-19,31,quantile,0.15,2.0
2026-08-29,wk inc covid hosp,3,2026-09-19,31,quantile,0.2,2.0
2026-08-29,wk inc covid hosp,3,2026-09-19,31,quantile,0.25,3.0
2026-08-29,wk inc covid hosp,3,2026-09-19,31,quantile,0.3,3.0
2026-08-29,wk inc covid hosp,3,2026-09-19,31,quantile,0.35,3.0
2026-08-29,wk inc covid hosp,3,2026-09-19,31,quantile,0.4,3.0
2026-08-29,wk inc covid hosp,3,2026-09-19,31,quantile,0.45,4.0
2026-08-29,wk inc covid hosp,3,2026-09-19,31,quantile,0.5,4.0
2026-08-29,wk inc covid hosp,3,2026-09-19,31,quantile,0.55,4.0
2026-08-29,wk inc covid hosp,3,2026-09-19,31,quantile,0.6,4.0
2026-08-29,wk inc covid hosp,3,2026-09-19,31,quantile,0.65,4.0
2026-08-29,wk inc covid hosp,3,2026-09-19,31,quantile,0.7,5.0
2026-08-29,wk inc covid hosp,3,2026-09-19,31,quantile,0.75,5.0
2026-08-29,wk inc covid hosp,3,2026-09-19,31,quantile,0.8,5.0
2026-08-29,wk inc covid hosp,3,2026-09-19,31,quantile,0.85,6.0
2026-08-29,wk inc covid hosp,3,2026-09-19,31,quantile,0.9,6.0
2026-08-29,wk inc covid hosp,3,2026-09-19,31,quantile,0.95,8.0
2026-08-29,wk inc covid hosp,3,2026-09-19,31,quantile,0.975,10.0
2026-08-29,wk inc covid hosp,3,2026-09-19,31,quantile,0.99,12.0
2026-08-29,wk inc covid hosp,3,2026-09-19,32,quantile,0.01,2.0
2026-08-29,wk inc covid hosp,3,2026-09-19,32,quantile,0.025,4.0
2026-08-29,wk inc covid hosp,3,2026-09-19,32,quantile,0.05,5.0
2026-08-29,wk inc covid hosp,3,2026-09-19,32,quantile,0.1,8.0
2026-08-29,wk inc covid hosp,3,2026-09-19,32,quantile,0.15,9.0
2026-08-29,wk inc covid hosp,3,2026-09-19,32,quantile,0.2,11.0
2026-08-29,wk inc covid hosp,3,2026-09-19,32,quantile,0.25,12.0
2026-08-29,wk inc covid hosp,3,2026-09-19,32,quantile,0.3,13.0
2026-08-29,wk inc covid hosp,3,2026-09-19,32,quantile,0.35,13.0
2026-08-29,wk inc covid hosp,3,2026-09-19,32,quantile,0.4,14.0
2026-08-29,wk inc covid hosp,3,2026-09-19,32,quantile,0.45,15.0
2026-08-29,wk inc covid hosp,3,2026-09-19,32,quantile,0.5,15.0
2026-08-29,wk inc covid hosp,3,2026-09-19,32,quantile,0.55,16.0
2026-08-29,wk inc covid hosp,3,2026-09-19,32,quantile,0.6,17.0
2026-08-29,wk inc covid hosp,3,2026-09-19,32,quantile,0.65,17.0
2026-08-29,wk inc covid hosp,3,2026-09-19,32,quantile,0.7,18.0
2026-08-29,wk inc covid hosp,3,2026-09-19,32,quantile,0.75,19.0
2026-08-29,wk inc covid hosp,3,2026-09-19,32,quantile,0.8,21.0
2026-08-29,wk inc covid hosp,3,2026-09-19,32,quantile,0.85,22.0
2026-08-29,wk inc covid hosp,3,2026-09-19,32,quantile,0.9,24.0
2026-08-29,wk inc covid hosp,3,2026-09-19,32,quantile,0.95,29.0
2026-08-29,wk inc covid hosp,3,2026-09-19,32,quantile,0.975,35.0
2026-08-29,wk inc covid hosp,3,2026-09-19,32,quantile,0.99,43.0
2026-08-29,wk inc covid hosp,3,2026-09-19,33,quantile,0.01,0.0
2026-08-29,wk inc covid hosp,3,2026-09-19,33,quantile,0.025,1.0
2026-08-29,wk inc covid hosp,3,2026-09-19,33,quantile,0.05,2.0
2026-08-29,wk inc covid hosp,3,2026-09-19,33,quantile,0.1,2.0
2026-08-29,wk inc covid hosp,3,2026-09-19,33,quantile,0.15,3.0
2026-08-29,wk inc covid hosp,3,2026-09-19,33,quantile,0.2,3.0
2026-08-29,wk inc covid hosp,3,2026-09-19,33,quantile,0.25,4.0
2026-08-29,wk inc covid hosp,3,2026-09-19,33,quantile,0.3,4.0
2026-08-29,wk inc covid hosp,3,2026-09-19,33,quantile,0.35,4.0
2026-08-29,wk inc covid hosp,3,2026-09-19,33,quantile,0.4,5.0
2026-08-29,wk inc covid hosp,3,2026-09-19,33,quantile,0.45,5.0
2026-08-29,wk inc covid hosp,3,2026-09-19,33,quantile,0.5,5.0
2026-08-29,wk inc covid hosp,3,2026-09-19,33,quantile,0.55,5.0
2026-08-29,wk inc covid hosp,3,2026-09-19,33,quantile,0.6,6.0
2026-08-29,wk inc covid hosp,3,2026-09-19,33,quantile,0.65,6.0
2026-08-29,wk inc covid hosp,3,2026-09-19,33,quantile,0.7,6.0
2026-08-29,wk inc covid hosp,3,2026-09-19,33,quantile,0.75,6.0
2026-08-29,wk inc covid hosp,3,2026-09-19,33,quantile,0.8,7.0
2026-08-29,wk inc covid hosp,3,2026-09-19,33,quantile,0.85,8.0
2026-08-29,wk inc covid hosp,3,2026-09-19,33,quantile,0.9,8.0
2026-08-29,wk inc covid hosp,3,2026-09-19,33,quantile,0.95,10.0
2026-08-29,wk inc covid hosp,3,2026-09-19,33,quantile,0.975,12.0
2026-08-29,wk inc covid hosp,3,2026-09-19,33,quantile,0.99,15.0
2026-08-29,wk inc covid hosp,3,2026-09-19,34,quantile,0.01,13.0
2026-08-29,wk inc covid hosp,3,2026-09-19,34,quantile,0.025,24.0
2026-08-29,wk inc covid hosp,3,2026-09-19,34,quantile,0.05,31.0
2026-08-29,wk inc covid hosp,3,2026-09-19,34,quantile,0.1,41.0
2026-08-29,wk inc covid hosp,3,2026-09-19,34,quantile,0.15,48.0
2026-08-29,wk inc covid hosp,3,2026-09-19,34,quantile,0.2,55.0
2026-08-29,wk inc covid hosp,3,2026-09-19,34,quantile,0.25,60.0
2026-08-29,wk inc covid hosp,3,2026-09-19,34,quantile,0.3,64.0
2026-08-29,wk inc covid hosp,3,2026-09-19,34,quantile,0.35,67.0
2026-08-29,wk inc covid hosp,3,2026-09-19,34,quantile,0.4,70.0
2026-08-29,wk inc covid hosp,3,2026-09-19,34,quantile,0.45,75.0
2026-08-29,wk inc covid hosp,3,2026-09-19,34,quantile,0.5,77.0
2026-08-29,wk inc covid hosp,3,2026-09-19,34,quantile,0.55,80.0
2026-08-29,wk inc covid hosp,3,2026-09-19,34,quantile,0.6,83.0
2026-08-29,wk inc covid hosp,3,2026-09-19,34,quantile,0.65,86.0
2026-08-29,wk inc covid hosp,3,2026-09-19,34,quantile,0.7,91.0
2026-08-29,wk inc covid hosp,3,2026-09-19,34,quantile,0.75,95.0
2026-08-29,wk inc covid hosp,3,2026-09-19,34,quantile,0.8,102.0
2026-08-29,wk inc covid hosp,3,2026-09-19,34,quantile,0.85,110.0
2026-08-29,wk inc covid hosp,3,2026-09-19,34,quantile,0.9,120.0
2026-08-29,wk inc covid hosp,3,2026-09-19,34,quantile,0.95,143.0
2026-08-29,wk inc covid hosp,3,2026-09-19,34,quantile,0.975,168.0
2026-08-29,wk inc covid hosp,3,2026-09-19,34,quantile,0.99,209.0
2026-08-29,wk inc covid hosp,3,2026-09-19,35,quantile,0.01,1.0
2026-08-29,wk inc covid hosp,3,2026-09-19,35,quantile,0.025,2.0
2026-08-29,wk inc covid hosp,3,2026-09-19,35,quantile,0.05,3.0
2026-08-29,wk inc covid hosp,3,2026-09-19,35,quantile,0.1,4.0
2026-08-29,wk inc covid hosp,3,2026-09-19,35,quantile,0.15,5.0
2026-08-29,wk inc covid hosp,3,2026-09-19,35,quantile,0.2,6.0
2026-08-29,wk inc covid hosp,3,2026-09-19,35,quantile,0.25,7.0
2026-08-29,wk inc covid hosp,3,2026-09-19,35,quantile,0.3,7.0
2026-08-29,wk inc covid hosp,3,2026-09-19,35,quantile,0.35,7.0
2026-08-29,wk inc covid hosp,3,2026-09-19,35,quantile,0.4,8.0
2026-08-29,wk inc covid hosp,3,2026-09-19,35,quantile,0.45,8.0
2026-08-29,wk inc covid hosp,3,2026-09-19,35,quantile,0.5,9.0
2026-08-29,wk inc covid hosp,3,2026-09-19,35,quantile,0.55,9.0
2026-08-29,wk inc covid hosp,3,2026-09-19,35,quantile,0.6,10.0
2026-08-29,wk inc covid hosp,3,2026-09-19,35,quantile,0.65,10.0
2026-08-29,wk inc covid hosp,3,2026-09-19,35,quantile,0.7,10.0
2026-08-29,wk inc covid hosp,3,2026-09-19,35,quantile,0.75,11.0
2026-08-29,wk inc covid hosp,3,2026-09-19,35,quantile,0.8,12.0
2026-08-29,wk inc covid hosp,3,2026-09-19,35,quantile,0.85,13.0
2026-08-29,wk inc covid hosp,3,2026-09-19,35,quantile,0.9,14.0
2026-08-29,wk inc covid hosp,3,2026-09-19,35,quantile,0.95,17.0
2026-08-29,wk inc covid hosp,3,2026-09-19,35,quantile,0.975,20.0
2026-08-29,wk inc covid hosp,3,2026-09-19,35,quantile,0.99,25.0
2026-08-29,wk inc covid hosp,3,2026-09-19,36,quantile,0.01,20.0
2026-08-29,wk inc covid hosp,3,2026-09-19,36,quantile,0.025,38.0
2026-08-29,wk inc covid hosp,3,2026-09-19,36,quantile,0.05,50.0
2026-08-29,wk inc covid hosp,3,2026-09-19,36,quantile,0.1,68.0
2026-08-29,wk inc covid hosp,3,2026-09-19,36,quantile,0.15,81.0
2026-08-29,wk inc covid hosp,3,2026-09-19,36,quantile,0.2,93.0
2026-08-29,wk inc covid hosp,3,2026-09-19,36,quantile,0.25,101.0
2026-08-29,wk inc covid hosp,3,2026-09-19,36,quantile,0.3,109.0
2026-08-29,wk inc covid hosp,3,2026-09-19,36,quantile,0.35,114.0
2026-08-29,wk inc covid hosp,3,2026-09-19,36,quantile,0.4,120.0
2026-08-29,wk inc covid hosp,3,2026-09-19,36,quantile,0.45,127.0
2026-08-29,wk inc covid hosp,3,2026-09-19,36,quantile,0.5,132.0
2026-08-29,wk inc covid hosp,3,2026-09-19,36,quantile,0.55,137.0
2026-08-29,wk inc covid hosp,3,2026-09-19,36,quantile,0.6,142.0
2026-08-29,wk inc covid hosp,3,2026-09-19,36,quantile,0.65,148.0
2026-08-29,wk inc covid hosp,3,2026-09-19,36,quantile,0.7,156.0
2026-08-29,wk inc covid hosp,3,2026-09-19,36,quantile,0.75,163.0
2026-08-29,wk inc covid hosp,3,2026-09-19,36,quantile,0.8,175.0
2026-08-29,wk inc covid hosp,3,2026-09-19,36,quantile,0.85,189.0
2026-08-29,wk inc covid hosp,3,2026-09-19,36,quantile,0.9,206.0
2026-08-29,wk inc covid hosp,3,2026-09-19,36,quantile,0.95,248.0
2026-08-29,wk inc covid hosp,3,2026-09-19,36,quantile,0.975,291.0
2026-08-29,wk inc covid hosp,3,2026-09-19,36,quantile,0.99,363.0
2026-08-29,wk inc covid hosp,3,2026-09-19,37,quantile,0.01,33.0
2026-08-29,wk inc covid hosp,3,2026-09-19,37,quantile,0.025,53.0
2026-08-29,wk inc covid hosp,3,2026-09-19,37,quantile,0.05,67.0
2026-08-29,wk inc covid hosp,3,2026-09-19,37,quantile,0.1,86.0
2026-08-29,wk inc covid hosp,3,2026-09-19,37,quantile,0.15,101.0
2026-08-29,wk inc covid hosp,3,2026-09-19,37,quantile,0.2,114.0
2026-08-29,wk inc covid hosp,3,2026-09-19,37,quantile,0.25,123.0
2026-08-29,wk inc covid hosp,3,2026-09-19,37,quantile,0.3,131.0
2026-08-29,wk inc covid hosp,3,2026-09-19,37,quantile,0.35,137.0
2026-08-29,wk inc covid hosp,3,2026-09-19,37,quantile,0.4,143.0
2026-08-29,wk inc covid hosp,3,2026-09-19,37,quantile,0.45,152.0
2026-08-29,wk inc covid hosp,3,2026-09-19,37,quantile,0.5,156.0
2026-08-29,wk inc covid hosp,3,2026-09-19,37,quantile,0.55,162.0
2026-08-29,wk inc covid hosp,3,2026-09-19,37,quantile,0.6,168.0
2026-08-29,wk inc covid hosp,3,2026-09-19,37,quantile,0.65,174.0
2026-08-29,wk inc covid hosp,3,2026-09-19,37,quantile,0.7,183.0
2026-08-29,wk inc covid hosp,3,2026-09-19,37,quantile,0.75,191.0
2026-08-29,wk inc covid hosp,3,2026-09-19,37,quantile,0.8,204.0
2026-08-29,wk inc covid hosp,3,2026-09-19,37,quantile,0.85,220.0
2026-08-29,wk inc covid hosp,3,2026-09-19,37,quantile,0.9,239.0
2026-08-29,wk inc covid hosp,3,2026-09-19,37,quantile,0.95,284.0
2026-08-29,wk inc covid hosp,3,2026-09-19,37,quantile,0.975,333.0
2026-08-29,wk inc covid hosp,3,2026-09-19,37,quantile,0.99,412.0
2026-08-29,wk inc covid hosp,3,2026-09-19,38,quantile,0.01,0.0
2026-08-29,wk inc covid hosp,3,2026-09-19,38,quantile,0.025,0.0
2026-08-29,wk inc covid hosp,3,2026-09-19,38,quantile,0.05,0.0
2026-08-29,wk inc covid hosp,3,2026-09-19,38,quantile,0.1,0.0
2026-08-29,wk inc covid hosp,3,2026-09-19,38,quantile,0.15,1.0
2026-08-29,wk inc covid hosp,3,2026-09-19,38,quantile,0.2,1.0
2026-08-29,wk inc covid hosp,3,2026-09-19,38,quantile,0.25,1.0
2026-08-29,wk inc covid hosp,3,2026-09-19,38,quantile,0.3,1.0
2026-08-29,wk inc covid hosp,3,2026-09-19,38,quantile,0.35,1.0
2026-08-29,wk inc covid hosp,3,2026-09-19,38,quantile,0.4,1.0
2026-08-29,wk inc covid hosp,3,2026-09-19,38,quantile,0.45,1.0
2026-08-29,wk inc covid hosp,3,2026-09-19,38,quantile,0.5,1.0
2026-08-29,wk inc covid hosp,3,2026-09-19,38,quantile,0.55,1.0
2026-08-29,wk inc covid hosp,3,2026-09-19,38,quantile,0.6,1.0
2026-08-29,wk inc covid hosp,3,2026-09-19,38,quantile,0.65,1.0
2026-08-29,wk inc covid hosp,3,2026-09-19,38,quantile,0.7,2.0
2026-08-29,wk inc covid hosp,3,2026-09-19,38,quantile,0.75,2.0
2026-08-29,wk inc covid hosp,3,2026-09-19,38,quantile,0.8,2.0
2026-08-29,wk inc covid hosp,3,2026-09-19,38,quantile,0.85,2.0
2026-08-29,wk inc covid hosp,3,2026-09-19,38,quantile,0.9,2.0
2026-08-29,wk inc covid hosp,3,2026-09-19,38,quantile,0.95,3.0
2026-08-29,wk inc covid hosp,3,2026-09-19,38,quantile,0.975,3.0
2026-08-29,wk inc covid hosp,3,2026-09-19,38,quantile,0.99,4.0
2026-08-29,wk inc covid hosp,3,2026-09-19,39,quantile,0.01,2.0
2026-08-29,wk inc covid hosp,3,2026-09-19,39,quantile,0.025,8.0
2026-08-29,wk inc covid hosp,3,2026-09-19,39,quantile,0.05,12.0
2026-08-29,wk inc covid hosp,3,2026-09-19,39,quantile,0.1,18.0
2026-08-29,wk inc covid hosp,3,2026-09-19,39,quantile,0.15,23.0
2026-08-29,wk inc covid hosp,3,2026-09-19,39,quantile,0.2,27.0
2026-08-29,wk inc covid hosp,3,2026-09-19,39,quantile,0.25,30.0
2026-08-29,wk inc covid hosp,3,2026-09-19,39,quantile,0.3,32.0
2026-08-29,wk inc covid hosp,3,2026-09-19,39,quantile,0.35,34.0
2026-08-29,wk inc covid hosp,3,2026-09-19,39,quantile,0.4,36.0
2026-08-29,wk inc covid hosp,3,2026-09-19,39,quantile,0.45,39.0
2026-08-29,wk inc covid hosp,3,2026-09-19,39,quantile,0.5,40.0
2026-08-29,wk inc covid hosp,3,2026-09-19,39,quantile,0.55,42.0
2026-08-29,wk inc covid hosp,3,2026-09-19,39,quantile,0.6,44.0
2026-08-29,wk inc covid hosp,3,2026-09-19,39,quantile,0.65,46.0
2026-08-29,wk inc covid hosp,3,2026-09-19,39,quantile,0.7,48.0
2026-08-29,wk inc covid hosp,3,2026-09-19,39,quantile,0.75,51.0
2026-08-29,wk inc covid hosp,3,2026-09-19,39,quantile,0.8,55.0
2026-08-29,wk inc covid hosp,3,2026-09-19,39,quantile,0.85,60.0
2026-08-29,wk inc covid hosp,3,2026-09-19,39,quantile,0.9,66.0
2026-08-29,wk inc covid hosp,3,2026-09-19,39,quantile,0.95,80.0
2026-08-29,wk inc covid hosp,3,2026-09-19,39,quantile,0.975,95.0
2026-08-29,wk inc covid hosp,3,2026-09-19,39,quantile,0.99,119.0
2026-08-29,wk inc covid hosp,3,2026-09-19,40,quantile,0.01,1.0
2026-08-29,wk inc covid hosp,3,2026-09-19,40,quantile,0.025,3.0
2026-08-29,wk inc covid hosp,3,2026-09-19,40,quantile,0.05,5.0
2026-08-29,wk inc covid hosp,3,2026-09-19,40,quantile,0.1,7.0
2026-08-29,wk inc covid hosp,3,2026-09-19,40,quantile,0.15,9.0
2026-08-29,wk inc covid hosp,3,2026-09-19,40,quantile,0.2,11.0
2026-08-29,wk inc covid hosp,3,2026-09-19,40,quantile,0.25,12.0
2026-08-29,wk inc covid hosp,3,2026-09-19,40,quantile,0.3,13.0
2026-08-29,wk inc covid hosp,3,2026-09-19,40,quantile,0.35,13.0
2026-08-29,wk inc covid hosp,3,2026-09-19,40,quantile,0.4,14.0
2026-08-29,wk inc covid hosp,3,2026-09-19,40,quantile,0.45,15.0
2026-08-29,wk inc covid hosp,3,2026-09-19,40,quantile,0.5,16.0
2026-08-29,wk inc covid hosp,3,2026-09-19,40,quantile,0.55,16.0
2026-08-29,wk inc covid hosp,3,2026-09-19,40,quantile,0.6,17.0
2026-08-29,wk inc covid hosp,3,2026-09-19,40,quantile,0.65,18.0
2026-08-29,wk inc covid hosp,3,2026-09-19,40,quantile,0.7,19.0
2026-08-29,wk inc covid hosp,3,2026-09-19,40,quantile,0.75,20.0
2026-08-29,wk inc covid hosp,3,2026-09-19,40,quantile,0.8,21.0
2026-08-29,wk inc covid hosp,3,2026-09-19,40,quantile,0.85,23.0
2026-08-29,wk inc covid hosp,3,2026-09-19,40,quantile,0.9,25.0
2026-08-29,wk inc covid hosp,3,2026-09-19,40,quantile,0.95,30.0
2026-08-29,wk inc covid hosp,3,2026-09-19,40,quantile,0.975,36.0
2026-08-29,wk inc covid hosp,3,2026-09-19,40,quantile,0.99,45.0
2026-08-29,wk inc covid hosp,3,2026-09-19,41,quantile,0.01,0.0
2026-08-29,wk inc covid hosp,3,2026-09-19,41,quantile,0.025,3.0
2026-08-29,wk inc covid hosp,3,2026-09-19,41,quantile,0.05,4.0
2026-08-29,wk inc covid hosp,3,2026-09-19,41,quantile,0.1,6.0
2026-08-29,wk inc covid hosp,3,2026-09-19,41,quantile,0.15,8.0
2026-08-29,wk inc covid hosp,3,2026-09-19,41,quantile,0.2,9.0
2026-08-29,wk inc covid hosp,3,2026-09-19,41,quantile,0.25,10.0
2026-08-29,wk inc covid hosp,3,2026-09-19,41,quantile,0.3,11.0
2026-08-29,wk inc covid hosp,3,2026-09-19,41,quantile,0.35,11.0
2026-08-29,wk inc covid hosp,3,2026-09-19,41,quantile,0.4,12.0
2026-08-29,wk inc covid hosp,3,2026-09-19,41,quantile,0.45,13.0
2026-08-29,wk inc covid hosp,3,2026-09-19,41,quantile,0.5,13.0
2026-08-29,wk inc covid hosp,3,2026-09-19,41,quantile,0.55,14.0
2026-08-29,wk inc covid hosp,3,2026-09-19,41,quantile,0.6,15.0
2026-08-29,wk inc covid hosp,3,2026-09-19,41,quantile,0.65,15.0
2026-08-29,wk inc covid hosp,3,2026-09-19,41,quantile,0.7,16.0
2026-08-29,wk inc covid hosp,3,2026-09-19,41,quantile,0.75,17.0
2026-08-29,wk inc covid hosp,3,2026-09-19,41,quantile,0.8,19.0
2026-08-29,wk inc covid hosp,3,2026-09-19,41,quantile,0.85,20.0
2026-08-29,wk inc covid hosp,3,2026-09-19,41,quantile,0.9,22.0
2026-08-29,wk inc covid hosp,3,2026-09-19,41,quantile,0.95,27.0
2026-08-29,wk inc covid hosp,3,2026-09-19,41,quantile,0.975,32.0
2026-08-29,wk inc covid hosp,3,2026-09-19,41,quantile,0.99,41.0
2026-08-29,wk inc covid hosp,3,2026-09-19,42,quantile,0.01,5.0
2026-08-29,wk inc covid hosp,3,2026-09-19,42,quantile,0.025,14.0
2026-08-29,wk inc covid hosp,3,2026-09-19,42,quantile,0.05,19.0
2026-08-29,wk inc covid hosp,3,2026-09-19,42,quantile,0.1,27.0
2026-08-29,wk inc covid hosp,3,2026-09-19,42,quantile,0.15,34.0
2026-08-29,wk inc covid hosp,3,2026-09-19,42,quantile,0.2,39.0
2026-08-29,wk inc covid hosp,3,2026-09-19,42,quantile,0.25,43.0
2026-08-29,wk inc covid hosp,3,2026-09-19,42,quantile,0.3,46.0
2026-08-29,wk inc covid hosp,3,2026-09-19,42,quantile,0.35,49.0
2026-08-29,wk inc covid hosp,3,2026-09-19,42,quantile,0.4,51.0
2026-08-29,wk inc covid hosp,3,2026-09-19,42,quantile,0.45,55.0
2026-08-29,wk inc covid hosp,3,2026-09-19,42,quantile,0.5,57.0
2026-08-29,wk inc covid hosp,3,2026-09-19,42,quantile,0.55,59.0
2026-08-29,wk inc covid hosp,3,2026-09-19,42,quantile,0.6,62.0
2026-08-29,wk inc covid hosp,3,2026-09-19,42,quantile,0.65,64.0
2026-08-29,wk inc covid hosp,3,2026-09-19,42,quantile,0.7,68.0
2026-08-29,wk inc covid hosp,3,2026-09-19,42,quantile,0.75,71.0
2026-08-29,wk inc covid hosp,3,2026-09-19,42,quantile,0.8,77.0
2026-08-29,wk inc covid hosp,3,2026-09-19,42,quantile,0.85,83.0
2026-08-29,wk inc covid hosp,3,2026-09-19,42,quantile,0.9,91.0
2026-08-29,wk inc covid hosp,3,2026-09-19,42,quantile,0.95,110.0
2026-08-29,wk inc covid hosp,3,2026-09-19,42,quantile,0.975,130.0
2026-08-29,wk inc covid hosp,3,2026-09-19,42,quantile,0.99,163.0
2026-08-29,wk inc covid hosp,3,2026-09-19,44,quantile,0.01,0.0
2026-08-29,wk inc covid hosp,3,2026-09-19,44,quantile,0.025,1.0
2026-08-29,wk inc covid hosp,3,2026-09-19,44,quantile,0.05,1.0
2026-08-29,wk inc covid hosp,3,2026-09-19,44,quantile,0.1,2.0
2026-08-29,wk inc covid hosp,3,2026-09-19,44,quantile,0.15,2.0
2026-08-29,wk inc covid hosp,3,2026-09-19,44,quantile,0.2,3.0
2026-08-29,wk inc covid hosp,3,2026-09-19,44,quantile,0.25,3.0
2026-08-29,wk inc covid hosp,3,2026-09-19,44,quantile,0.3,3.0
2026-08-29,wk inc covid hosp,3,2026-09-19,44,quantile,0.35,4.0
2026-08-29,wk inc covid hosp,3,2026-09-19,44,quantile,0.4,4.0
2026-08-29,wk inc covid hosp,3,2026-09-19,44,quantile,0.45,4.0
2026-08-29,wk inc covid hosp,3,2026-09-19,44,quantile,0.5,4.0
2026-08-29,wk inc covid hosp,3,2026-09-19,44,quantile,0.55,4.0
2026-08-29,wk inc covid hosp,3,2026-09-19,44,quantile,0.6,5.0
2026-08-29,wk inc covid hosp,3,2026-09-19,44,quantile,0.65,5.0
2026-08-29,wk inc covid hosp,3,2026-09-19,44,quantile,0.7,5.0
2026-08-29,wk inc covid hosp,3,2026-09-19,44,quantile,0.75,5.0
2026-08-29,wk inc covid hosp,3,2026-09-19,44,quantile,0.8,6.0
2026-08-29,wk inc covid hosp,3,2026-09-19,44,quantile,0.85,6.0
2026-08-29,wk inc covid hosp,3,2026-09-19,44,quantile,0.9,7.0
2026-08-29,wk inc covid hosp,3,2026-09-19,44,quantile,0.95,8.0
2026-08-29,wk inc covid hosp,3,2026-09-19,44,quantile,0.975,10.0
2026-08-29,wk inc covid hosp,3,2026-09-19,44,quantile,0.99,12.0
2026-08-29,wk inc covid hosp,3,2026-09-19,45,quantile,0.01,6.0
2026-08-29,wk inc covid hosp,3,2026-09-19,45,quantile,0.025,11.0
2026-08-29,wk inc covid hosp,3,2026-09-19,45,quantile,0.05,14.0
2026-08-29,wk inc covid hosp,3,2026-09-19,45,quantile,0.1,19.0
2026-08-29,wk inc covid hosp,3,2026-09-19,45,quantile,0.15,23.0
2026-08-29,wk inc covid hosp,3,2026-09-19,45,quantile,0.2,26.0
2026-08-29,wk inc covid hosp,3,2026-09-19,45,quantile,0.25,28.0
2026-08-29,wk inc covid hosp,3,2026-09-19,45,quantile,0.3,30.0
2026-08-29,wk inc covid hosp,3,2026-09-19,45,quantile,0.35,32.0
2026-08-29,wk inc covid hosp,3,2026-09-19,45,quantile,0.4,33.0
2026-08-29,wk inc covid hosp,3,2026-09-19,45,quantile,0.45,35.0
2026-08-29,wk inc covid hosp,3,2026-09-19,45,quantile,0.5,37.0
2026-08-29,wk inc covid hosp,3,2026-09-19,45,quantile,0.55,38.0
2026-08-29,wk inc covid hosp,3,2026-09-19,45,quantile,0.6,40.0
2026-08-29,wk inc covid hosp,3,2026-09-19,45,quantile,0.65,41.0
2026-08-29,wk inc covid hosp,3,2026-09-19,45,quantile,0.7,43.0
2026-08-29,wk inc covid hosp,3,2026-09-19,45,quantile,0.75,45.0
2026-08-29,wk inc covid hosp,3,2026-09-19,45,quantile,0.8,49.0
2026-08-29,wk inc covid hosp,3,2026-09-19,45,quantile,0.85,53.0
2026-08-29,wk inc covid hosp,3,2026-09-19,45,quantile,0.9,57.0
2026-08-29,wk inc covid hosp,3,2026-09-19,45,quantile,0.95,69.0
2026-08-29,wk inc covid hosp,3,2026-09-19,45,quantile,0.975,81.0
2026-08-29,wk inc covid hosp,3,2026-09-19,45,quantile,0.99,100.0
2026-08-29,wk inc covid hosp,3,2026-09-19,46,quantile,0.01,0.0
2026-08-29,wk inc covid hosp,3,2026-09-19,46,quantile,0.025,0.0
2026-08-29,wk inc covid hosp,3,2026-09-19,46,quantile,0.05,0.0
2026-08-29,wk inc covid hosp,3,2026-09-19,46,quantile,0.1,1.0
2026-08-29,wk inc covid hosp,3,2026-09-19,46,quantile,0.15,1.0
2026-08-29,wk inc covid hosp,3,2026-09-19,46,quantile,0.2,1.0
2026-08-29,wk inc covid hosp,3,2026-09-19,46,quantile,0.25,1.0
2026-08-29,wk inc covid hosp,3,2026-09-19,46,quantile,0.3,1.0
2026-08-29,wk inc covid hosp,3,2026-09-19,46,quantile,0.35,1.0
2026-08-29,wk inc covid hosp,3,2026-09-19,46,quantile,0.4,2.0
2026-08-29,wk inc covid hosp,3,2026-09-19,46,quantile,0.45,2.0
2026-08-29,wk inc covid hosp,3,2026-09-19,46,quantile,0.5,2.0
2026-08-29,wk inc covid hosp,3,2026-09-19,46,quantile,0.55,2.0
2026-08-29,wk inc covid hosp,3,2026-09-19,46,quantile,0.6,2.0
2026-08-29,wk inc covid hosp,3,2026-09-19,46,quantile,0.65,2.0
2026-08-29,wk inc covid hosp,3,2026-09-19,46,quantile,0.7,2.0
2026-08-29,wk inc covid hosp,3,2026-09-19,46,quantile,0.75,2.0
2026-08-29,wk inc covid hosp,3,2026-09-19,46,quantile,0.8,2.0
2026-08-29,wk inc covid hosp,3,2026-09-19,46,quantile,0.85,3.0
2026-08-29,wk inc covid hosp,3,2026-09-19,46,quantile,0.9,3.0
2026-08-29,wk inc covid hosp,3,2026-09-19,46,quantile,0.95,4.0
2026-08-29,wk inc covid hosp,3,2026-09-19,46,quantile,0.975,5.0
2026-08-29,wk inc covid hosp,3,2026-09-19,46,quantile,0.99,6.0
2026-08-29,wk inc covid hosp,3,2026-09-19,47,quantile,0.01,8.0
2026-08-29,wk inc covid hosp,3,2026-09-19,47,quantile,0.025,14.0
2026-08-29,wk inc covid hosp,3,2026-09-19,47,quantile,0.05,19.0
2026-08-29,wk inc covid hosp,3,2026-09-19,47,quantile,0.1,25.0
2026-08-29,wk inc covid hosp,3,2026-09-19,47,quantile,0.15,30.0
2026-08-29,wk inc covid hosp,3,2026-09-19,47,quantile,0.2,35.0
2026-08-29,wk inc covid hosp,3,2026-09-19,47,quantile,0.25,37.0
2026-08-29,wk inc covid hosp,3,2026-09-19,47,quantile,0.3,40.0
2026-08-29,wk inc covid hosp,3,2026-09-19,47,quantile,0.35,42.0
2026-08-29,wk inc covid hosp,3,2026-09-19,47,quantile,0.4,44.0
2026-08-29,wk inc covid hosp,3,2026-09-19,47,quantile,0.45,47.0
2026-08-29,wk inc covid hosp,3,2026-09-19,47,quantile,0.5,49.0
2026-08-29,wk inc covid hosp,3,2026-09-19,47,quantile,0.55,50.0
2026-08-29,wk inc covid hosp,3,2026-09-19,47,quantile,0.6,52.0
2026-08-29,wk inc covid hosp,3,2026-09-19,47,quantile,0.65,55.0
2026-08-29,wk inc covid hosp,3,2026-09-19,47,quantile,0.7,57.0
2026-08-29,wk inc covid hosp,3,2026-09-19,47,quantile,0.75,60.0
2026-08-29,wk inc covid hosp,3,2026-09-19,47,quantile,0.8,65.0
2026-08-29,wk inc covid hosp,3,2026-09-19,47,quantile,0.85,70.0
2026-08-29,wk inc covid hosp,3,2026-09-19,47,quantile,0.9,76.0
2026-08-29,wk inc covid hosp,3,2026-09-19,47,quantile,0.95,91.0
2026-08-29,wk inc covid hosp,3,2026-09-19,47,quantile,0.975,107.0
2026-08-29,wk inc covid hosp,3,2026-09-19,47,quantile,0.99,133.0
2026-08-29,wk inc covid hosp,3,2026-09-19,48,quantile,0.01,63.0
2026-08-29,wk inc covid hosp,3,2026-09-19,48,quantile,0.025,108.0
2026-08-29,wk inc covid hosp,3,2026-09-19,48,quantile,0.05,136.0
2026-08-29,wk inc covid hosp,3,2026-09-19,48,quantile,0.1,177.0
2026-08-29,wk inc covid hosp,3,2026-09-19,48,quantile,0.15,209.0
2026-08-29,wk inc covid hosp,3,2026-09-19,48,quantile,0.2,237.0
2026-08-29,wk inc covid hosp,3,2026-09-19,48,quantile,0.25,255.0
2026-08-29,wk inc covid hosp,3,2026-09-19,48,quantile,0.3,274.0
2026-08-29,wk inc covid hosp,3,2026-09-19,48,quantile,0.35,286.0
2026-08-29,wk inc covid hosp,3,2026-09-19,48,quantile,0.4,299.0
2026-08-29,wk inc covid hosp,3,2026-09-19,48,quantile,0.45,318.0
2026-08-29,wk inc covid hosp,3,2026-09-19,48,quantile,0.5,328.0
2026-08-29,wk inc covid hosp,3,2026-09-19,48,quantile,0.55,340.0
2026-08-29,wk inc covid hosp,3,2026-09-19,48,quantile,0.6,353.0
2026-08-29,wk inc covid hosp,3,2026-09-19,48,quantile,0.65,366.0
2026-08-29,wk inc covid hosp,3,2026-09-19,48,quantile,0.7,385.0
2026-08-29,wk inc covid hosp,3,2026-09-19,48,quantile,0.75,402.0
2026-08-29,wk inc covid hosp,3,2026-09-19,48,quantile,0.8,430.0
2026-08-29,wk inc covid hosp,3,2026-09-19,48,quantile,0.85,464.0
2026-08-29,wk inc covid hosp,3,2026-09-19,48,quantile,0.9,504.0
2026-08-29,wk inc covid hosp,3,2026-09-19,48,quantile,0.95,601.0
2026-08-29,wk inc covid hosp,3,2026-09-19,48,quantile,0.975,705.0
2026-08-29,wk inc covid hosp,3,2026-09-19,48,quantile,0.99,873.0
2026-08-29,wk inc covid hosp,3,2026-09-19,49,quantile,0.01,0.0
2026-08-29,wk inc covid hosp,3,2026-09-19,49,quantile,0.025,1.0
2026-08-29,wk inc covid hosp,3,2026-09-19,49,quantile,0.05,2.0
2026-08-29,wk inc covid hosp,3,2026-09-19,49,quantile,0.1,3.0
2026-08-29,wk inc covid hosp,3,2026-09-19,49,quantile,0.15,4.0
2026-08-29,wk inc covid hosp,3,2026-09-19,49,quantile,0.2,5.0
2026-08-29,wk inc covid hosp,3,2026-09-19,49,quantile,0.25,5.0
2026-08-29,wk inc covid hosp,3,2026-09-19,49,quantile,0.3,6.0
2026-08-29,wk inc covid hosp,3,2026-09-19,49,quantile,0.35,6.0
2026-08-29,wk inc covid hosp,3,2026-09-19,49,quantile,0.4,7.0
2026-08-29,wk inc covid hosp,3,2026-09-19,49,quantile,0.45,7.0
2026-08-29,wk inc covid hosp,3,2026-09-19,49,quantile,0.5,8.0
2026-08-29,wk inc covid hosp,3,2026-09-19,49,quantile,0.55,8.0
2026-08-29,wk inc covid hosp,3,2026-09-19,49,quantile,0.6,8.0
2026-08-29,wk inc covid hosp,3,2026-09-19,49,quantile,0.65,9.0
2026-08-29,wk inc covid hosp,3,2026-09-19,49,quantile,0.7,9.0
2026-08-29,wk inc covid hosp,3,2026-09-19,49,quantile,0.75,10.0
2026-08-29,wk inc covid hosp,3,2026-09-19,49,quantile,0.8,11.0
2026-08-29,wk inc covid hosp,3,2026-09-19,49,quantile,0.85,12.0
2026-08-29,wk inc covid hosp,3,2026-09-19,49,quantile,0.9,13.0
2026-08-29,wk inc covid hosp,3,2026-09-19,49,quantile,0.95,16.0
2026-08-29,wk inc covid hosp,3,2026-09-19,49,quantile,0.975,19.0
2026-08-29,wk inc covid hosp,3,2026-09-19,49,quantile,0.99,24.0
2026-08-29,wk inc covid hosp,3,2026-09-19,50,quantile,0.01,0.0
2026-08-29,wk inc covid hosp,3,2026-09-19,50,quantile,0.025,0.0
2026-08-29,wk inc covid hosp,3,2026-09-19,50,quantile,0.05,0.0
2026-08-29,wk inc covid hosp,3,2026-09-19,50,quantile,0.1,0.0
2026-08-29,wk inc covid hosp,3,2026-09-19,50,quantile,0.15,1.0
2026-08-29,wk inc covid hosp,3,2026-09-19,50,quantile,0.2,1.0
2026-08-29,wk inc covid hosp,3,2026-09-19,50,quantile,0.25,1.0
2026-08-29,wk inc covid hosp,3,2026-09-19,50,quantile,0.3,1.0
2026-08-29,wk inc covid hosp,3,2026-09-19,50,quantile,0.35,1.0
2026-08-29,wk inc covid hosp,3,2026-09-19,50,quantile,0.4,1.0
2026-08-29,wk inc covid hosp,3,2026-09-19,50,quantile,0.45,1.0
2026-08-29,wk inc covid hosp,3,2026-09-19,50,quantile,0.5,1.0
2026-08-29,wk inc covid hosp,3,2026-09-19,50,quantile,0.55,1.0
2026-08-29,wk inc covid hosp,3,2026-09-19,50,quantile,0.6,1.0
2026-08-29,wk inc covid hosp,3,2026-09-19,50,quantile,0.65,1.0
2026-08-29,wk inc covid hosp,3,2026-09-19,50,quantile,0.7,1.0
2026-08-29,wk inc covid hosp,3,2026-09-19,50,quantile,0.75,2.0
2026-08-29,wk inc covid hosp,3,2026-09-19,50,quantile,0.8,2.0
2026-08-29,wk inc covid hosp,3,2026-09-19,50,quantile,0.85,2.0
2026-08-29,wk inc covid hosp,3,2026-09-19,50,quantile,0.9,2.0
2026-08-29,wk inc covid hosp,3,2026-09-19,50,quantile,0.95,3.0
2026-08-29,wk inc covid hosp,3,2026-09-19,50,quantile,0.975,3.0
2026-08-29,wk inc covid hosp,3,2026-09-19,50,quantile,0.99,4.0
2026-08-29,wk inc covid hosp,3,2026-09-19,51,quantile,0.01,2.0
2026-08-29,wk inc covid hosp,3,2026-09-19,51,quantile,0.025,7.0
2026-08-29,wk inc covid hosp,3,2026-09-19,51,quantile,0.05,10.0
2026-08-29,wk inc covid hosp,3,2026-09-19,51,quantile,0.1,14.0
2026-08-29,wk inc covid hosp,3,2026-09-19,51,quantile,0.15,18.0
2026-08-29,wk inc covid hosp,3,2026-09-19,51,quantile,0.2,21.0
2026-08-29,wk inc covid hosp,3,2026-09-19,51,quantile,0.25,23.0
2026-08-29,wk inc covid hosp,3,2026-09-19,51,quantile,0.3,25.0
2026-08-29,wk inc covid hosp,3,2026-09-19,51,quantile,0.35,26.0
2026-08-29,wk inc covid hosp,3,2026-09-19,51,quantile,0.4,28.0
2026-08-29,wk inc covid hosp,3,2026-09-19,51,quantile,0.45,30.0
2026-08-29,wk inc covid hosp,3,2026-09-19,51,quantile,0.5,31.0
2026-08-29,wk inc covid hosp,3,2026-09-19,51,quantile,0.55,32.0
2026-08-29,wk inc covid hosp,3,2026-09-19,51,quantile,0.6,34.0
2026-08-29,wk inc covid hosp,3,2026-09-19,51,quantile,0.65,35.0
2026-08-29,wk inc covid hosp,3,2026-09-19,51,quantile,0.7,37.0
2026-08-29,wk inc covid hosp,3,2026-09-19,51,quantile,0.75,39.0
2026-08-29,wk inc covid hosp,3,2026-09-19,51,quantile,0.8,42.0
2026-08-29,wk inc covid hosp,3,2026-09-19,51,quantile,0.85,46.0
2026-08-29,wk inc covid hosp,3,2026-09-19,51,quantile,0.9,50.0
2026-08-29,wk inc covid hosp,3,2026-09-19,51,quantile,0.95,61.0
2026-08-29,wk inc covid hosp,3,2026-09-19,51,quantile,0.975,72.0
2026-08-29,wk inc covid hosp,3,2026-09-19,51,quantile,0.99,91.0
2026-08-29,wk inc covid hosp,3,2026-09-19,53,quantile,0.01,10.0
2026-08-29,wk inc covid hosp,3,2026-09-19,53,quantile,0.025,18.0
2026-08-29,wk inc covid hosp,3,2026-09-19,53,quantile,0.05,23.0
2026-08-29,wk inc covid hosp,3,2026-09-19,53,quantile,0.1,31.0
2026-08-29,wk inc covid hosp,3,2026-09-19,53,quantile,0.15,37.0
2026-08-29,wk inc covid hosp,3,2026-09-19,53,quantile,0.2,42.0
2026-08-29,wk inc covid hosp,3,2026-09-19,53,quantile,0.25,46.0
2026-08-29,wk inc covid hosp,3,2026-09-19,53,quantile,0.3,49.0
2026-08-29,wk inc covid hosp,3,2026-09-19,53,quantile,0.35,51.0
2026-08-29,wk inc covid hosp,3,2026-09-19,53,quantile,0.4,54.0
2026-08-29,wk inc covid hosp,3,2026-09-19,53,quantile,0.45,57.0
2026-08-29,wk inc covid hosp,3,2026-09-19,53,quantile,0.5,59.0
2026-08-29,wk inc covid hosp,3,2026-09-19,53,quantile,0.55,62.0
2026-08-29,wk inc covid hosp,3,2026-09-19,53,quantile,0.6,64.0
2026-08-29,wk inc covid hosp,3,2026-09-19,53,quantile,0.65,66.0
2026-08-29,wk inc covid hosp,3,2026-09-19,53,quantile,0.7,70.0
2026-08-29,wk inc covid hosp,3,2026-09-19,53,quantile,0.75,73.0
2026-08-29,wk inc covid hosp,3,2026-09-19,53,quantile,0.8,79.0
2026-08-29,wk inc covid hosp,3,2026-09-19,53,quantile,0.85,85.0
2026-08-29,wk inc covid hosp,3,2026-09-19,53,quantile,0.9,92.0
2026-08-29,wk inc covid hosp,3,2026-09-19,53,quantile,0.95,111.0
2026-08-29,wk inc covid hosp,3,2026-09-19,53,quantile,0.975,130.0
2026-08-29,wk inc covid hosp,3,2026-09-19,53,quantile,0.99,162.0
2026-08-29,wk inc covid hosp,3,2026-09-19,54,quantile,0.01,0.0
2026-08-29,wk inc covid hosp,3,2026-09-19,54,quantile,0.025,1.0
2026-08-29,wk inc covid hosp,3,2026-09-19,54,quantile,0.05,1.0
2026-08-29,wk inc covid hosp,3,2026-09-19,54,quantile,0.1,2.0
2026-08-29,wk inc covid hosp,3,2026-09-19,54,quantile,0.15,3.0
2026-08-29,wk inc covid hosp,3,2026-09-19,54,quantile,0.2,3.0
2026-08-29,wk inc covid hosp,3,2026-09-19,54,quantile,0.25,4.0
2026-08-29,wk inc covid hosp,3,2026-09-19,54,quantile,0.3,4.0
2026-08-29,wk inc covid hosp,3,2026-09-19,54,quantile,0.35,4.0
2026-08-29,wk inc covid hosp,3,2026-09-19,54,quantile,0.4,4.0
2026-08-29,wk inc covid hosp,3,2026-09-19,54,quantile,0.45,5.0
2026-08-29,wk inc covid hosp,3,2026-09-19,54,quantile,0.5,5.0
2026-08-29,wk inc covid hosp,3,2026-09-19,54,quantile,0.55,5.0
2026-08-29,wk inc covid hosp,3,2026-09-19,54,quantile,0.6,5.0
2026-08-29,wk inc covid hosp,3,2026-09-19,54,quantile,0.65,6.0
2026-08-29,wk inc covid hosp,3,2026-09-19,54,quantile,0.7,6.0
2026-08-29,wk inc covid hosp,3,2026-09-19,54,quantile,0.75,6.0
2026-08-29,wk inc covid hosp,3,2026-09-19,54,quantile,0.8,7.0
2026-08-29,wk inc covid hosp,3,2026-09-19,54,quantile,0.85,7.0
2026-08-29,wk inc covid hosp,3,2026-09-19,54,quantile,0.9,8.0
2026-08-29,wk inc covid hosp,3,2026-09-19,54,quantile,0.95,10.0
2026-08-29,wk inc covid hosp,3,2026-09-19,54,quantile,0.975,12.0
2026-08-29,wk inc covid hosp,3,2026-09-19,54,quantile,0.99,15.0
2026-08-29,wk inc covid hosp,3,2026-09-19,55,quantile,0.01,0.0
2026-08-29,wk inc covid hosp,3,2026-09-19,55,quantile,0.025,3.0
2026-08-29,wk inc covid hosp,3,2026-09-19,55,quantile,0.05,4.0
2026-08-29,wk inc covid hosp,3,2026-09-19,55,quantile,0.1,7.0
2026-08-29,wk inc covid hosp,3,2026-09-19,55,quantile,0.15,9.0
2026-08-29,wk inc covid hosp,3,2026-09-19,55,quantile,0.2,11.0
2026-08-29,wk inc covid hosp,3,2026-09-19,55,quantile,0.25,12.0
2026-08-29,wk inc covid hosp,3,2026-09-19,55,quantile,0.3,13.0
2026-08-29,wk inc covid hosp,3,2026-09-19,55,quantile,0.35,14.0
2026-08-29,wk inc covid hosp,3,2026-09-19,55,quantile,0.4,14.0
2026-08-29,wk inc covid hosp,3,2026-09-19,55,quantile,0.45,16.0
2026-08-29,wk inc covid hosp,3,2026-09-19,55,quantile,0.5,16.0
2026-08-29,wk inc covid hosp,3,2026-09-19,55,quantile,0.55,17.0
2026-08-29,wk inc covid hosp,3,2026-09-19,55,quantile,0.6,18.0
2026-08-29,wk inc covid hosp,3,2026-09-19,55,quantile,0.65,18.0
2026-08-29,wk inc covid hosp,3,2026-09-19,55,quantile,0.7,20.0
2026-08-29,wk inc covid hosp,3,2026-09-19,55,quantile,0.75,21.0
2026-08-29,wk inc covid hosp,3,2026-09-19,55,quantile,0.8,22.0
2026-08-29,wk inc covid hosp,3,2026-09-19,55,quantile,0.85,25.0
2026-08-29,wk inc covid hosp,3,2026-09-19,55,quantile,0.9,27.0
2026-08-29,wk inc covid hosp,3,2026-09-19,55,quantile,0.95,33.0
2026-08-29,wk inc covid hosp,3,2026-09-19,55,quantile,0.975,39.0
2026-08-29,wk inc covid hosp,3,2026-09-19,55,quantile,0.99,50.0
2026-08-29,wk inc covid hosp,3,2026-09-19,56,quantile,0.01,0.0
2026-08-29,wk inc covid hosp,3,2026-09-19,56,quantile,0.025,0.0
2026-08-29,wk inc covid hosp,3,2026-09-19,56,quantile,0.05,0.0
2026-08-29,wk inc covid hosp,3,2026-09-19,56,quantile,0.1,0.0
2026-08-29,wk inc covid hosp,3,2026-09-19,56,quantile,0.15,0.0
2026-08-29,wk inc covid hosp,3,2026-09-19,56,quantile,0.2,1.0
2026-08-29,wk inc covid hosp,3,2026-09-19,56,quantile,0.25,1.0
2026-08-29,wk inc covid hosp,3,2026-09-19,56,quantile,0.3,1.0
2026-08-29,wk inc covid hosp,3,2026-09-19,56,quantile,0.35,1.0
2026-08-29,wk inc covid hosp,3,2026-09-19,56,quantile,0.4,1.0
2026-08-29,wk inc covid hosp,3,2026-09-19,56,quantile,0.45,1.0
2026-08-29,wk inc covid hosp,3,2026-09-19,56,quantile,0.5,1.0
2026-08-29,wk inc covid hosp,3,2026-09-19,56,quantile,0.55,1.0
2026-08-29,wk inc covid hosp,3,2026-09-19,56,quantile,0.6,1.0
2026-08-29,wk inc covid hosp,3,2026-09-19,56,quantile,0.65,1.0
2026-08-29,wk inc covid hosp,3,2026-09-19,56,quantile,0.7,1.0
2026-08-29,wk inc covid hosp,3,2026-09-19,56,quantile,0.75,1.0
2026-08-29,wk inc covid hosp,3,2026-09-19,56,quantile,0.8,1.0
2026-08-29,wk inc covid hosp,3,2026-09-19,56,quantile,0.85,2.0
2026-08-29,wk inc covid hosp,3,2026-09-19,56,quantile,0.9,2.0
2026-08-29,wk inc covid hosp,3,2026-09-19,56,quantile,0.95,2.0
2026-08-29,wk inc covid hosp,3,2026-09-19,56,quantile,0.975,3.0
2026-08-29,wk inc covid hosp,3,2026-09-19,56,quantile,0.99,3.0
2026-08-29,wk inc covid hosp,3,2026-09-19,72,quantile,0.01,25.0
2026-08-29,wk inc covid hosp,3,2026-09-19,72,quantile,0.025,39.0
2026-08-29,wk inc covid hosp,3,2026-09-19,72,quantile,0.05,48.0
2026-08-29,wk inc covid hosp,3,2026-09-19,72,quantile,0.1,61.0
2026-08-29,wk inc covid hosp,3,2026-09-19,72,quantile,0.15,70.0
2026-08-29,wk inc covid hosp,3,2026-09-19,72,quantile,0.2,79.0
2026-08-29,wk inc covid hosp,3,2026-09-19,72,quantile,0.25,85.0
2026-08-29,wk inc covid hosp,3,2026-09-19,72,quantile,0.3,91.0
2026-08-29,wk inc covid hosp,3,2026-09-19,72,quantile,0.35,95.0
2026-08-29,wk inc covid hosp,3,2026-09-19,72,quantile,0.4,99.0
2026-08-29,wk inc covid hosp,3,2026-09-19,72,quantile,0.45,104.0
2026-08-29,wk inc covid hosp,3,2026-09-19,72,quantile,0.5,108.0
2026-08-29,wk inc covid hosp,3,2026-09-19,72,quantile,0.55,111.0
2026-08-29,wk inc covid hosp,3,2026-09-19,72,quantile,0.6,115.0
2026-08-29,wk inc covid hosp,3,2026-09-19,72,quantile,0.65,120.0
2026-08-29,wk inc covid hosp,3,2026-09-19,72,quantile,0.7,126.0
2026-08-29,wk inc covid hosp,3,2026-09-19,72,quantile,0.75,131.0
2026-08-29,wk inc covid hosp,3,2026-09-19,72,quantile,0.8,140.0
2026-08-29,wk inc covid hosp,3,2026-09-19,72,quantile,0.85,150.0
2026-08-29,wk inc covid hosp,3,2026-09-19,72,quantile,0.9,163.0
2026-08-29,wk inc covid hosp,3,2026-09-19,72,quantile,0.95,193.0
2026-08-29,wk inc covid hosp,3,2026-09-19,72,quantile,0.975,225.0
2026-08-29,wk inc covid hosp,3,2026-09-19,72,quantile,0.99,278.0
