reference_date,target,horizon,target_end_date,location,output_type,output_type_id,value
2026-08-22,wk inc covid hosp,0,2026-08-22,01,quantile,0.01,26.0
2026-08-22,wk inc covid hosp,0,2026-08-22,01,quantile,0.025,33.0
2026-08-22,wk inc covid hosp,0,2026-08-22,01,quantile,0.05,40.0
2026-08-22,wk inc covid hosp,0,2026-08-22,01,quantile,0.1,48.0
2026-08-22,wk inc covid hosp,0,2026-08-22,01,quantile,0.15,55.0
2026-08-22,wk inc covid hosp,0,2026-08-22,01,quantile,0.2,59.0
2026-08-22,wk inc covid hosp,0,2026-08-22,01,quantile,0.25,63.0
2026-08-22,wk inc covid hosp,0,2026-08-22,01,quantile,0.3,64.0
2026-08-22,wk inc covid hosp,0,2026-08-22,01,quantile,0.35,65.0
2026-08-22,wk inc covid hosp,0,2026-08-22,01,quantile,0.4,70.0
2026-08-22,wk inc covid hosp,0,2026-08-22,01,quantile,0.45,70.0
2026-08-22,wk inc covid hosp,0,2026-08-22,01,quantile,0.5,70.0
2026-08-22,wk inc covid hosp,0,2026-08-22,01,quantile,0.55,70.0
2026-08-22,wk inc covid hosp,0,2026-08-22,01,quantile,0.6,72.0
2026-08-22,wk inc covid hosp,0,2026-08-22,01,quantile,0.65,76.0
2026-08-22,wk inc covid hosp,0,2026-08-22,01,quantile,0.7,76.0
2026-08-22,wk inc covid hosp,0,2026-08-22,01,quantile,0.75,77.0
2026-08-22,wk inc covid hosp,0,2026-08-22,01,quantile,0.8,81.0
2026-08-22,wk inc covid hosp,0,2026-08-22,01,quantile,0.85,84.0
2026-08-22,wk inc covid hosp,0,2026-08-22,01,quantile,0.9,88.0
2026-08-22,wk inc covid hosp,0,2026-08-22,01,quantile,0.95,93.0
2026-08-22,wk inc covid hosp,0,2026-08-22,01,quantile,0.975,95.0
2026-08-22,wk inc covid hosp,0,2026-08-22,01,quantile,0.99,99.0
2026-08-22,wk inc covid hosp,0,2026-08-22,02,quantile,0.01,1.0
2026-08-22,wk inc covid hosp,0,2026-08-22,02,quantile,0.025,2.0
2026-08-22,wk inc covid hosp,0,2026-08-22,02,quantile,0.05,2.0
2026-08-22,wk inc covid hosp,0,2026-08-22,02,quantile,0.1,2.0
2026-08-22,wk inc covid hosp,0,2026-08-22,02,quantile,0.15,3.0
2026-08-22,wk inc covid hosp,0,2026-08-22,02,quantile,0.2,3.0
2026-08-22,wk inc covid hosp,0,2026-08-22,02,quantile,0.25,3.0
2026-08-22,wk inc covid hosp,0,2026-08-22,02,quantile,0.3,4.0
2026-08-22,wk inc covid hosp,0,2026-08-22,02,quantile,0.35,4.0
2026-08-22,wk inc covid hosp,0,2026-08-22,02,quantile,0.4,4.0
2026-08-22,wk inc covid hosp,0,2026-08-22,02,quantile,0.45,4.0
2026-08-22,wk inc covid hosp,0,2026-08-22,02,quantile,0.5,4.0
2026-08-22,wk inc covid hosp,0,2026-08-22,02,quantile,0.55,5.0
2026-08-22,wk inc covid hosp,0,2026-08-22,02,quantile,0.6,5.0
2026-08-22,wk inc covid hosp,0,2026-08-22,02,quantile,0.65,5.0
2026-08-22,wk inc covid hosp,0,2026-08-22,02,quantile,0.7,6.0
2026-08-22,wk inc covid hosp,0,2026-08-22,02,quantile,0.75,6.0
2026-08-22,wk inc covid hosp,0,2026-08-22,02,quantile,0.8,6.0
2026-08-22,wk inc covid hosp,0,2026-08-22,02,quantile,0.85,6.0
2026-08-22,wk inc covid hosp,0,2026-08-22,02,quantile,0.9,6.0
2026-08-22,wk inc covid hosp,0,2026-08-22,02,quantile,0.95,7.0
2026-08-22,wk inc covid hosp,0,2026-08-22,02,quantile,0.975,7.0
2026-08-22,wk inc covid hosp,0,2026-08-22,02,quantile,0.99,8.0
2026-08-22,wk inc covid hosp,0,2026-08-22,04,quantile,0.01,18.0
2026-08-22,wk inc covid hosp,0,2026-08-22,04,quantile,0.025,23.0
2026-08-22,wk inc covid hosp,0,2026-08-22,04,quantile,0.05,29.0
2026-08-22,wk inc covid hosp,0,2026-08-22,04,quantile,0.1,37.0
2026-08-22,wk inc covid hosp,0,2026-08-22,04,quantile,0.15,41.0
2026-08-22,wk inc covid hosp,0,2026-08-22,04,quantile,0.2,44.0
2026-08-22,wk inc covid hosp,0,2026-08-22,04,quantile,0.25,46.0
2026-08-22,wk inc covid hosp,0,2026-08-22,04,quantile,0.3,47.0
2026-08-22,wk inc covid hosp,0,2026-08-22,04,quantile,0.35,47.0
2026-08-22,wk inc covid hosp,0,2026-08-22,04,quantile,0.4,49.0
2026-08-22,wk inc covid hosp,0,2026-08-22,04,quantile,0.45,49.0
2026-08-22,wk inc covid hosp,0,2026-08-22,04,quantile,0.5,49.0
2026-08-22,wk inc covid hosp,0,2026-08-22,04,quantile,0.55,49.0
2026-08-22,wk inc covid hosp,0,2026-08-22,04,quantile,0.6,52.0
2026-08-22,wk inc covid hosp,0,2026-08-22,04,quantile,0.65,52.0
2026-08-22,wk inc covid hosp,0,2026-08-22,04,quantile,0.7,53.0
2026-08-22,wk inc covid hosp,0,2026-08-22,04,quantile,0.75,53.0
2026-08-22,wk inc covid hosp,0,2026-08-22,04,quantile,0.8,55.0
2026-08-22,wk inc covid hosp,0,2026-08-22,04,quantile,0.85,55.0
2026-08-22,wk inc covid hosp,0,2026-08-22,04,quantile,0.9,60.0
2026-08-22,wk inc covid hosp,0,2026-08-22,04,quantile,0.95,65.0
2026-08-22,wk inc covid hosp,0,2026-08-22,04,quantile,0.975,74.0
2026-08-22,wk inc covid hosp,0,2026-08-22,04,quantile,0.99,84.0
2026-08-22,wk inc covid hosp,0,2026-08-22,05,quantile,0.01,4.0
2026-08-22,wk inc covid hosp,0,2026-08-22,05,quantile,0.025,6.0
2026-08-22,wk inc covid hosp,0,2026-08-22,05,quantile,0.05,7.0
2026-08-22,wk inc covid hosp,0,2026-08-22,05,quantile,0.1,8.0
2026-08-22,wk inc covid hosp,0,2026-08-22,05,quantile,0.15,9.0
2026-08-22,wk inc covid hosp,0,2026-08-22,05,quantile,0.2,10.0
2026-08-22,wk inc covid hosp,0,2026-08-22,05,quantile,0.25,11.0
2026-08-22,wk inc covid hosp,0,2026-08-22,05,quantile,0.3,11.0
2026-08-22,wk inc covid hosp,0,2026-08-22,05,quantile,0.35,12.0
2026-08-22,wk inc covid hosp,0,2026-08-22,05,quantile,0.4,12.0
2026-08-22,wk inc covid hosp,0,2026-08-22,05,quantile,0.45,12.0
2026-08-22,wk inc covid hosp,0,2026-08-22,05,quantile,0.5,12.0
2026-08-22,wk inc covid hosp,0,2026-08-22,05,quantile,0.55,12.0
2026-08-22,wk inc covid hosp,0,2026-08-22,05,quantile,0.6,12.0
2026-08-22,wk inc covid hosp,0,2026-08-22,05,quantile,0.65,12.0
2026-08-22,wk inc covid hosp,0,2026-08-22,05,quantile,0.7,13.0
2026-08-22,wk inc covid hosp,0,2026-08-22,05,quantile,0.75,13.0
2026-08-22,wk inc covid hosp,0,2026-08-22,05,quantile,0.8,13.0
2026-08-22,wk inc covid hosp,0,2026-08-22,05,quantile,0.85,15.0
2026-08-22,wk inc covid hosp,0,2026-08-22,05,quantile,0.9,15.0
2026-08-22,wk inc covid hosp,0,2026-08-22,05,quantile,0.95,18.0
2026-08-22,wk inc covid hosp,0,2026-08-22,05,quantile,0.975,24.0
2026-08-22,wk inc covid hosp,0,2026-08-22,05,quantile,0.99,32.0
2026-08-22,wk inc covid hosp,0,2026-08-22,06,quantile,0.01,192.0
2026-08-22,wk inc covid hosp,0,2026-08-22,06,quantile,0.025,264.0
2026-08-22,wk inc covid hosp,0,2026-08-22,06,quantile,0.05,315.0
2026-08-22,wk inc covid hosp,0,2026-08-22,06,quantile,0.1,365.0
2026-08-22,wk inc covid hosp,0,2026-08-22,06,quantile,0.15,368.0
2026-08-22,wk inc covid hosp,0,2026-08-22,06,quantile,0.2,368.0
2026-08-22,wk inc covid hosp,0,2026-08-22,06,quantile,0.25,368.0
2026-08-22,wk inc covid hosp,0,2026-08-22,06,quantile,0.3,373.0
2026-08-22,wk inc covid hosp,0,2026-08-22,06,quantile,0.35,389.0
2026-08-22,wk inc covid hosp,0,2026-08-22,06,quantile,0.4,407.0
2026-08-22,wk inc covid hosp,0,2026-08-22,06,quantile,0.45,417.0
2026-08-22,wk inc covid hosp,0,2026-08-22,06,quantile,0.5,427.0
2026-08-22,wk inc covid hosp,0,2026-08-22,06,quantile,0.55,457.0
2026-08-22,wk inc covid hosp,0,2026-08-22,06,quantile,0.6,476.0
2026-08-22,wk inc covid hosp,0,2026-08-22,06,quantile,0.65,481.0
2026-08-22,wk inc covid hosp,0,2026-08-22,06,quantile,0.7,481.0
2026-08-22,wk inc covid hosp,0,2026-08-22,06,quantile,0.75,481.0
2026-08-22,wk inc covid hosp,0,2026-08-22,06,quantile,0.8,481.0
2026-08-22,wk inc covid hosp,0,2026-08-22,06,quantile,0.85,481.0
2026-08-22,wk inc covid hosp,0,2026-08-22,06,quantile,0.9,504.0
2026-08-22,wk inc covid hosp,0,2026-08-22,06,quantile,0.95,563.0
2026-08-22,wk inc covid hosp,0,2026-08-22,06,quantile,0.975,587.0
2026-08-22,wk inc covid hosp,0,2026-08-22,06,quantile,0.99,706.0
2026-08-22,wk inc covid hosp,0,2026-08-22,08,quantile,0.01,5.0
2026-08-22,wk inc covid hosp,0,2026-08-22,08,quantile,0.025,7.0
2026-08-22,wk inc covid hosp,0,2026-08-22,08,quantile,0.05,8.0
2026-08-22,wk inc covid hosp,0,2026-08-22,08,quantile,0.1,10.0
2026-08-22,wk inc covid hosp,0,2026-08-22,08,quantile,0.15,12.0
2026-08-22,wk inc covid hosp,0,2026-08-22,08,quantile,0.2,14.0
2026-08-22,wk inc covid hosp,0,2026-08-22,08,quantile,0.25,15.0
2026-08-22,wk inc covid hosp,0,2026-08-22,08,quantile,0.3,15.0
2026-08-22,wk inc covid hosp,0,2026-08-22,08,quantile,0.35,16.0
2026-08-22,wk inc covid hosp,0,2026-08-22,08,quantile,0.4,17.0
2026-08-22,wk inc covid hosp,0,2026-08-22,08,quantile,0.45,18.0
2026-08-22,wk inc covid hosp,0,2026-08-22,08,quantile,0.5,18.0
2026-08-22,wk inc covid hosp,0,2026-08-22,08,quantile,0.55,19.0
2026-08-22,wk inc covid hosp,0,2026-08-22,08,quantile,0.6,19.0
2026-08-22,wk inc covid hosp,0,2026-08-22,08,quantile,0.65,19.0
2026-08-22,wk inc covid hosp,0,2026-08-22,08,quantile,0.7,19.0
2026-08-22,wk inc covid hosp,0,2026-08-22,08,quantile,0.75,20.0
2026-08-22,wk inc covid hosp,0,2026-08-22,08,quantile,0.8,21.0
2026-08-22,wk inc covid hosp,0,2026-08-22,08,quantile,0.85,23.0
2026-08-22,wk inc covid hosp,0,2026-08-22,08,quantile,0.9,24.0
2026-08-22,wk inc covid hosp,0,2026-08-22,08,quantile,0.95,26.0
2026-08-22,wk inc covid hosp,0,2026-08-22,08,quantile,0.975,26.0
2026-08-22,wk inc covid hosp,0,2026-08-22,08,quantile,0.99,49.0
2026-08-22,wk inc covid hosp,0,2026-08-22,09,quantile,0.01,3.0
2026-08-22,wk inc covid hosp,0,2026-08-22,09,quantile,0.025,4.0
2026-08-22,wk inc covid hosp,0,2026-08-22,09,quantile,0.05,5.0
2026-08-22,wk inc covid hosp,0,2026-08-22,09,quantile,0.1,6.0
2026-08-22,wk inc covid hosp,0,2026-08-22,09,quantile,0.15,8.0
2026-08-22,wk inc covid hosp,0,2026-08-22,09,quantile,0.2,8.0
2026-08-22,wk inc covid hosp,0,2026-08-22,09,quantile,0.25,9.0
2026-08-22,wk inc covid hosp,0,2026-08-22,09,quantile,0.3,10.0
2026-08-22,wk inc covid hosp,0,2026-08-22,09,quantile,0.35,10.0
2026-08-22,wk inc covid hosp,0,2026-08-22,09,quantile,0.4,11.0
2026-08-22,wk inc covid hosp,0,2026-08-22,09,quantile,0.45,11.0
2026-08-22,wk inc covid hosp,0,2026-08-22,09,quantile,0.5,11.0
2026-08-22,wk inc covid hosp,0,2026-08-22,09,quantile,0.55,11.0
2026-08-22,wk inc covid hosp,0,2026-08-22,09,quantile,0.6,11.0
2026-08-22,wk inc covid hosp,0,2026-08-22,09,quantile,0.65,11.0
2026-08-22,wk inc covid hosp,0,2026-08-22,09,quantile,0.7,11.0
2026-08-22,wk inc covid hosp,0,2026-08-22,09,quantile,0.75,11.0
2026-08-22,wk inc covid hosp,0,2026-08-22,09,quantile,0.8,13.0
2026-08-22,wk inc covid hosp,0,2026-08-22,09,quantile,0.85,13.0
2026-08-22,wk inc covid hosp,0,2026-08-22,09,quantile,0.9,15.0
2026-08-22,wk inc covid hosp,0,2026-08-22,09,quantile,0.95,16.0
2026-08-22,wk inc covid hosp,0,2026-08-22,09,quantile,0.975,23.0
2026-08-22,wk inc covid hosp,0,2026-08-22,09,quantile,0.99,39.0
2026-08-22,wk inc covid hosp,0,2026-08-22,10,quantile,0.01,0.0
2026-08-22,wk inc covid hosp,0,2026-08-22,10,quantile,0.025,1.0
2026-08-22,wk inc covid hosp,0,2026-08-22,10,quantile,0.05,1.0
2026-08-22,wk inc covid hosp,0,2026-08-22,10,quantile,0.1,1.0
2026-08-22,wk inc covid hosp,0,2026-08-22,10,quantile,0.15,1.0
2026-08-22,wk inc covid hosp,0,2026-08-22,10,quantile,0.2,1.0
2026-08-22,wk inc covid hosp,0,2026-08-22,10,quantile,0.25,2.0
2026-08-22,wk inc covid hosp,0,2026-08-22,10,quantile,0.3,2.0
2026-08-22,wk inc covid hosp,0,2026-08-22,10,quantile,0.35,2.0
2026-08-22,wk inc covid hosp,0,2026-08-22,10,quantile,0.4,2.0
2026-08-22,wk inc covid hosp,0,2026-08-22,10,quantile,0.45,2.0
2026-08-22,wk inc covid hosp,0,2026-08-22,10,quantile,0.5,2.0
2026-08-22,wk inc covid hosp,0,2026-08-22,10,quantile,0.55,2.0
2026-08-22,wk inc covid hosp,0,2026-08-22,10,quantile,0.6,3.0
2026-08-22,wk inc covid hosp,0,2026-08-22,10,quantile,0.65,3.0
2026-08-22,wk inc covid hosp,0,2026-08-22,10,quantile,0.7,3.0
2026-08-22,wk inc covid hosp,0,2026-08-22,10,quantile,0.75,3.0
2026-08-22,wk inc covid hosp,0,2026-08-22,10,quantile,0.8,3.0
2026-08-22,wk inc covid hosp,0,2026-08-22,10,quantile,0.85,4.0
2026-08-22,wk inc covid hosp,0,2026-08-22,10,quantile,0.9,4.0
2026-08-22,wk inc covid hosp,0,2026-08-22,10,quantile,0.95,5.0
2026-08-22,wk inc covid hosp,0,2026-08-22,10,quantile,0.975,7.0
2026-08-22,wk inc covid hosp,0,2026-08-22,10,quantile,0.99,11.0
2026-08-22,wk inc covid hosp,0,2026-08-22,11,quantile,0.01,1.0
2026-08-22,wk inc covid hosp,0,2026-08-22,11,quantile,0.025,1.0
2026-08-22,wk inc covid hosp,0,2026-08-22,11,quantile,0.05,1.0
2026-08-22,wk inc covid hosp,0,2026-08-22,11,quantile,0.1,2.0
2026-08-22,wk inc covid hosp,0,2026-08-22,11,quantile,0.15,2.0
2026-08-22,wk inc covid hosp,0,2026-08-22,11,quantile,0.2,2.0
2026-08-22,wk inc covid hosp,0,2026-08-22,11,quantile,0.25,3.0
2026-08-22,wk inc covid hosp,0,2026-08-22,11,quantile,0.3,3.0
2026-08-22,wk inc covid hosp,0,2026-08-22,11,quantile,0.35,4.0
2026-08-22,wk inc covid hosp,0,2026-08-22,11,quantile,0.4,4.0
2026-08-22,wk inc covid hosp,0,2026-08-22,11,quantile,0.45,4.0
2026-08-22,wk inc covid hosp,0,2026-08-22,11,quantile,0.5,5.0
2026-08-22,wk inc covid hosp,0,2026-08-22,11,quantile,0.55,6.0
2026-08-22,wk inc covid hosp,0,2026-08-22,11,quantile,0.6,6.0
2026-08-22,wk inc covid hosp,0,2026-08-22,11,quantile,0.65,6.0
2026-08-22,wk inc covid hosp,0,2026-08-22,11,quantile,0.7,6.0
2026-08-22,wk inc covid hosp,0,2026-08-22,11,quantile,0.75,6.0
2026-08-22,wk inc covid hosp,0,2026-08-22,11,quantile,0.8,7.0
2026-08-22,wk inc covid hosp,0,2026-08-22,11,quantile,0.85,7.0
2026-08-22,wk inc covid hosp,0,2026-08-22,11,quantile,0.9,7.0
2026-08-22,wk inc covid hosp,0,2026-08-22,11,quantile,0.95,8.0
2026-08-22,wk inc covid hosp,0,2026-08-22,11,quantile,0.975,9.0
2026-08-22,wk inc covid hosp,0,2026-08-22,11,quantile,0.99,10.0
2026-08-22,wk inc covid hosp,0,2026-08-22,12,quantile,0.01,153.0
2026-08-22,wk inc covid hosp,0,2026-08-22,12,quantile,0.025,195.0
2026-08-22,wk inc covid hosp,0,2026-08-22,12,quantile,0.05,233.0
2026-08-22,wk inc covid hosp,0,2026-08-22,12,quantile,0.1,265.0
2026-08-22,wk inc covid hosp,0,2026-08-22,12,quantile,0.15,286.0
2026-08-22,wk inc covid hosp,0,2026-08-22,12,quantile,0.2,297.0
2026-08-22,wk inc covid hosp,0,2026-08-22,12,quantile,0.25,317.0
2026-08-22,wk inc covid hosp,0,2026-08-22,12,quantile,0.3,331.0
2026-08-22,wk inc covid hosp,0,2026-08-22,12,quantile,0.35,331.0
2026-08-22,wk inc covid hosp,0,2026-08-22,12,quantile,0.4,336.0
2026-08-22,wk inc covid hosp,0,2026-08-22,12,quantile,0.45,336.0
2026-08-22,wk inc covid hosp,0,2026-08-22,12,quantile,0.5,336.0
2026-08-22,wk inc covid hosp,0,2026-08-22,12,quantile,0.55,336.0
2026-08-22,wk inc covid hosp,0,2026-08-22,12,quantile,0.6,341.0
2026-08-22,wk inc covid hosp,0,2026-08-22,12,quantile,0.65,347.0
2026-08-22,wk inc covid hosp,0,2026-08-22,12,quantile,0.7,361.0
2026-08-22,wk inc covid hosp,0,2026-08-22,12,quantile,0.75,369.0
2026-08-22,wk inc covid hosp,0,2026-08-22,12,quantile,0.8,384.0
2026-08-22,wk inc covid hosp,0,2026-08-22,12,quantile,0.85,410.0
2026-08-22,wk inc covid hosp,0,2026-08-22,12,quantile,0.9,435.0
2026-08-22,wk inc covid hosp,0,2026-08-22,12,quantile,0.95,483.0
2026-08-22,wk inc covid hosp,0,2026-08-22,12,quantile,0.975,512.0
2026-08-22,wk inc covid hosp,0,2026-08-22,12,quantile,0.99,546.0
2026-08-22,wk inc covid hosp,0,2026-08-22,13,quantile,0.01,36.0
2026-08-22,wk inc covid hosp,0,2026-08-22,13,quantile,0.025,47.0
2026-08-22,wk inc covid hosp,0,2026-08-22,13,quantile,0.05,56.0
2026-08-22,wk inc covid hosp,0,2026-08-22,13,quantile,0.1,68.0
2026-08-22,wk inc covid hosp,0,2026-08-22,13,quantile,0.15,79.0
2026-08-22,wk inc covid hosp,0,2026-08-22,13,quantile,0.2,82.0
2026-08-22,wk inc covid hosp,0,2026-08-22,13,quantile,0.25,82.0
2026-08-22,wk inc covid hosp,0,2026-08-22,13,quantile,0.3,82.0
2026-08-22,wk inc covid hosp,0,2026-08-22,13,quantile,0.35,82.0
2026-08-22,wk inc covid hosp,0,2026-08-22,13,quantile,0.4,85.0
2026-08-22,wk inc covid hosp,0,2026-08-22,13,quantile,0.45,89.0
2026-08-22,wk inc covid hosp,0,2026-08-22,13,quantile,0.5,91.0
2026-08-22,wk inc covid hosp,0,2026-08-22,13,quantile,0.55,96.0
2026-08-22,wk inc covid hosp,0,2026-08-22,13,quantile,0.6,96.0
2026-08-22,wk inc covid hosp,0,2026-08-22,13,quantile,0.65,99.0
2026-08-22,wk inc covid hosp,0,2026-08-22,13,quantile,0.7,100.0
2026-08-22,wk inc covid hosp,0,2026-08-22,13,quantile,0.75,101.0
2026-08-22,wk inc covid hosp,0,2026-08-22,13,quantile,0.8,108.0
2026-08-22,wk inc covid hosp,0,2026-08-22,13,quantile,0.85,108.0
2026-08-22,wk inc covid hosp,0,2026-08-22,13,quantile,0.9,112.0
2026-08-22,wk inc covid hosp,0,2026-08-22,13,quantile,0.95,116.0
2026-08-22,wk inc covid hosp,0,2026-08-22,13,quantile,0.975,123.0
2026-08-22,wk inc covid hosp,0,2026-08-22,13,quantile,0.99,143.0
2026-08-22,wk inc covid hosp,0,2026-08-22,15,quantile,0.01,6.0
2026-08-22,wk inc covid hosp,0,2026-08-22,15,quantile,0.025,8.0
2026-08-22,wk inc covid hosp,0,2026-08-22,15,quantile,0.05,9.0
2026-08-22,wk inc covid hosp,0,2026-08-22,15,quantile,0.1,11.0
2026-08-22,wk inc covid hosp,0,2026-08-22,15,quantile,0.15,13.0
2026-08-22,wk inc covid hosp,0,2026-08-22,15,quantile,0.2,15.0
2026-08-22,wk inc covid hosp,0,2026-08-22,15,quantile,0.25,16.0
2026-08-22,wk inc covid hosp,0,2026-08-22,15,quantile,0.3,17.0
2026-08-22,wk inc covid hosp,0,2026-08-22,15,quantile,0.35,19.0
2026-08-22,wk inc covid hosp,0,2026-08-22,15,quantile,0.4,20.0
2026-08-22,wk inc covid hosp,0,2026-08-22,15,quantile,0.45,21.0
2026-08-22,wk inc covid hosp,0,2026-08-22,15,quantile,0.5,21.0
2026-08-22,wk inc covid hosp,0,2026-08-22,15,quantile,0.55,21.0
2026-08-22,wk inc covid hosp,0,2026-08-22,15,quantile,0.6,22.0
2026-08-22,wk inc covid hosp,0,2026-08-22,15,quantile,0.65,23.0
2026-08-22,wk inc covid hosp,0,2026-08-22,15,quantile,0.7,24.0
2026-08-22,wk inc covid hosp,0,2026-08-22,15,quantile,0.75,25.0
2026-08-22,wk inc covid hosp,0,2026-08-22,15,quantile,0.8,27.0
2026-08-22,wk inc covid hosp,0,2026-08-22,15,quantile,0.85,30.0
2026-08-22,wk inc covid hosp,0,2026-08-22,15,quantile,0.9,32.0
2026-08-22,wk inc covid hosp,0,2026-08-22,15,quantile,0.95,35.0
2026-08-22,wk inc covid hosp,0,2026-08-22,15,quantile,0.975,36.0
2026-08-22,wk inc covid hosp,0,2026-08-22,15,quantile,0.99,36.0
2026-08-22,wk inc covid hosp,0,2026-08-22,16,quantile,0.01,0.0
2026-08-22,wk inc covid hosp,0,2026-08-22,16,quantile,0.025,2.0
2026-08-22,wk inc covid hosp,0,2026-08-22,16,quantile,0.05,2.0
2026-08-22,wk inc covid hosp,0,2026-08-22,16,quantile,0.1,2.0
2026-08-22,wk inc covid hosp,0,2026-08-22,16,quantile,0.15,3.0
2026-08-22,wk inc covid hosp,0,2026-08-22,16,quantile,0.2,3.0
2026-08-22,wk inc covid hosp,0,2026-08-22,16,quantile,0.25,3.0
2026-08-22,wk inc covid hosp,0,2026-08-22,16,quantile,0.3,3.0
2026-08-22,wk inc covid hosp,0,2026-08-22,16,quantile,0.35,3.0
2026-08-22,wk inc covid hosp,0,2026-08-22,16,quantile,0.4,3.0
2026-08-22,wk inc covid hosp,0,2026-08-22,16,quantile,0.45,3.0
2026-08-22,wk inc covid hosp,0,2026-08-22,16,quantile,0.5,3.0
2026-08-22,wk inc covid hosp,0,2026-08-22,16,quantile,0.55,4.0
2026-08-22,wk inc covid hosp,0,2026-08-22,16,quantile,0.6,4.0
2026-08-22,wk inc covid hosp,0,2026-08-22,16,quantile,0.65,4.0
2026-08-22,wk inc covid hosp,0,2026-08-22,16,quantile,0.7,4.0
2026-08-22,wk inc covid hosp,0,2026-08-22,16,quantile,0.75,4.0
2026-08-22,wk inc covid hosp,0,2026-08-22,16,quantile,0.8,4.0
2026-08-22,wk inc covid hosp,0,2026-08-22,16,quantile,0.85,5.0
2026-08-22,wk inc covid hosp,0,2026-08-22,16,quantile,0.9,6.0
2026-08-22,wk inc covid hosp,0,2026-08-22,16,quantile,0.95,7.0
2026-08-22,wk inc covid hosp,0,2026-08-22,16,quantile,0.975,10.0
2026-08-22,wk inc covid hosp,0,2026-08-22,16,quantile,0.99,19.0
2026-08-22,wk inc covid hosp,0,2026-08-22,17,quantile,0.01,17.0
2026-08-22,wk inc covid hosp,0,2026-08-22,17,quantile,0.025,23.0
2026-08-22,wk inc covid hosp,0,2026-08-22,17,quantile,0.05,27.0
2026-08-22,wk inc covid hosp,0,2026-08-22,17,quantile,0.1,31.0
2026-08-22,wk inc covid hosp,0,2026-08-22,17,quantile,0.15,32.0
2026-08-22,wk inc covid hosp,0,2026-08-22,17,quantile,0.2,35.0
2026-08-22,wk inc covid hosp,0,2026-08-22,17,quantile,0.25,35.0
2026-08-22,wk inc covid hosp,0,2026-08-22,17,quantile,0.3,39.0
2026-08-22,wk inc covid hosp,0,2026-08-22,17,quantile,0.35,40.0
2026-08-22,wk inc covid hosp,0,2026-08-22,17,quantile,0.4,40.0
2026-08-22,wk inc covid hosp,0,2026-08-22,17,quantile,0.45,40.0
2026-08-22,wk inc covid hosp,0,2026-08-22,17,quantile,0.5,40.0
2026-08-22,wk inc covid hosp,0,2026-08-22,17,quantile,0.55,40.0
2026-08-22,wk inc covid hosp,0,2026-08-22,17,quantile,0.6,40.0
2026-08-22,wk inc covid hosp,0,2026-08-22,17,quantile,0.65,40.0
2026-08-22,wk inc covid hosp,0,2026-08-22,17,quantile,0.7,42.0
2026-08-22,wk inc covid hosp,0,2026-08-22,17,quantile,0.75,44.0
2026-08-22,wk inc covid hosp,0,2026-08-22,17,quantile,0.8,47.0
2026-08-22,wk inc covid hosp,0,2026-08-22,17,quantile,0.85,48.0
2026-08-22,wk inc covid hosp,0,2026-08-22,17,quantile,0.9,49.0
2026-08-22,wk inc covid hosp,0,2026-08-22,17,quantile,0.95,61.0
2026-08-22,wk inc covid hosp,0,2026-08-22,17,quantile,0.975,61.0
2026-08-22,wk inc covid hosp,0,2026-08-22,17,quantile,0.99,102.0
2026-08-22,wk inc covid hosp,0,2026-08-22,18,quantile,0.01,7.0
2026-08-22,wk inc covid hosp,0,2026-08-22,18,quantile,0.025,10.0
2026-08-22,wk inc covid hosp,0,2026-08-22,18,quantile,0.05,13.0
2026-08-22,wk inc covid hosp,0,2026-08-22,18,quantile,0.1,17.0
2026-08-22,wk inc covid hosp,0,2026-08-22,18,quantile,0.15,17.0
2026-08-22,wk inc covid hosp,0,2026-08-22,18,quantile,0.2,22.0
2026-08-22,wk inc covid hosp,0,2026-08-22,18,quantile,0.25,22.0
2026-08-22,wk inc covid hosp,0,2026-08-22,18,quantile,0.3,22.0
2026-08-22,wk inc covid hosp,0,2026-08-22,18,quantile,0.35,22.0
2026-08-22,wk inc covid hosp,0,2026-08-22,18,quantile,0.4,24.0
2026-08-22,wk inc covid hosp,0,2026-08-22,18,quantile,0.45,24.0
2026-08-22,wk inc covid hosp,0,2026-08-22,18,quantile,0.5,24.0
2026-08-22,wk inc covid hosp,0,2026-08-22,18,quantile,0.55,24.0
2026-08-22,wk inc covid hosp,0,2026-08-22,18,quantile,0.6,24.0
2026-08-22,wk inc covid hosp,0,2026-08-22,18,quantile,0.65,24.0
2026-08-22,wk inc covid hosp,0,2026-08-22,18,quantile,0.7,25.0
2026-08-22,wk inc covid hosp,0,2026-08-22,18,quantile,0.75,26.0
2026-08-22,wk inc covid hosp,0,2026-08-22,18,quantile,0.8,28.0
2026-08-22,wk inc covid hosp,0,2026-08-22,18,quantile,0.85,28.0
2026-08-22,wk inc covid hosp,0,2026-08-22,18,quantile,0.9,28.0
2026-08-22,wk inc covid hosp,0,2026-08-22,18,quantile,0.95,31.0
2026-08-22,wk inc covid hosp,0,2026-08-22,18,quantile,0.975,41.0
2026-08-22,wk inc covid hosp,0,2026-08-22,18,quantile,0.99,74.0
2026-08-22,wk inc covid hosp,0,2026-08-22,19,quantile,0.01,1.0
2026-08-22,wk inc covid hosp,0,2026-08-22,19,quantile,0.025,2.0
2026-08-22,wk inc covid hosp,0,2026-08-22,19,quantile,0.05,3.0
2026-08-22,wk inc covid hosp,0,2026-08-22,19,quantile,0.1,4.0
2026-08-22,wk inc covid hosp,0,2026-08-22,19,quantile,0.15,5.0
2026-08-22,wk inc covid hosp,0,2026-08-22,19,quantile,0.2,5.0
2026-08-22,wk inc covid hosp,0,2026-08-22,19,quantile,0.25,6.0
2026-08-22,wk inc covid hosp,0,2026-08-22,19,quantile,0.3,6.0
2026-08-22,wk inc covid hosp,0,2026-08-22,19,quantile,0.35,7.0
2026-08-22,wk inc covid hosp,0,2026-08-22,19,quantile,0.4,7.0
2026-08-22,wk inc covid hosp,0,2026-08-22,19,quantile,0.45,7.0
2026-08-22,wk inc covid hosp,0,2026-08-22,19,quantile,0.5,9.0
2026-08-22,wk inc covid hosp,0,2026-08-22,19,quantile,0.55,9.0
2026-08-22,wk inc covid hosp,0,2026-08-22,19,quantile,0.6,9.0
2026-08-22,wk inc covid hosp,0,2026-08-22,19,quantile,0.65,9.0
2026-08-22,wk inc covid hosp,0,2026-08-22,19,quantile,0.7,9.0
2026-08-22,wk inc covid hosp,0,2026-08-22,19,quantile,0.75,10.0
2026-08-22,wk inc covid hosp,0,2026-08-22,19,quantile,0.8,11.0
2026-08-22,wk inc covid hosp,0,2026-08-22,19,quantile,0.85,11.0
2026-08-22,wk inc covid hosp,0,2026-08-22,19,quantile,0.9,11.0
2026-08-22,wk inc covid hosp,0,2026-08-22,19,quantile,0.95,13.0
2026-08-22,wk inc covid hosp,0,2026-08-22,19,quantile,0.975,13.0
2026-08-22,wk inc covid hosp,0,2026-08-22,19,quantile,0.99,26.0
2026-08-22,wk inc covid hosp,0,2026-08-22,20,quantile,0.01,1.0
2026-08-22,wk inc covid hosp,0,2026-08-22,20,quantile,0.025,2.0
2026-08-22,wk inc covid hosp,0,2026-08-22,20,quantile,0.05,3.0
2026-08-22,wk inc covid hosp,0,2026-08-22,20,quantile,0.1,4.0
2026-08-22,wk inc covid hosp,0,2026-08-22,20,quantile,0.15,5.0
2026-08-22,wk inc covid hosp,0,2026-08-22,20,quantile,0.2,6.0
2026-08-22,wk inc covid hosp,0,2026-08-22,20,quantile,0.25,6.0
2026-08-22,wk inc covid hosp,0,2026-08-22,20,quantile,0.3,7.0
2026-08-22,wk inc covid hosp,0,2026-08-22,20,quantile,0.35,7.0
2026-08-22,wk inc covid hosp,0,2026-08-22,20,quantile,0.4,8.0
2026-08-22,wk inc covid hosp,0,2026-08-22,20,quantile,0.45,8.0
2026-08-22,wk inc covid hosp,0,2026-08-22,20,quantile,0.5,8.0
2026-08-22,wk inc covid hosp,0,2026-08-22,20,quantile,0.55,8.0
2026-08-22,wk inc covid hosp,0,2026-08-22,20,quantile,0.6,9.0
2026-08-22,wk inc covid hosp,0,2026-08-22,20,quantile,0.65,9.0
2026-08-22,wk inc covid hosp,0,2026-08-22,20,quantile,0.7,9.0
2026-08-22,wk inc covid hosp,0,2026-08-22,20,quantile,0.75,9.0
2026-08-22,wk inc covid hosp,0,2026-08-22,20,quantile,0.8,10.0
2026-08-22,wk inc covid hosp,0,2026-08-22,20,quantile,0.85,11.0
2026-08-22,wk inc covid hosp,0,2026-08-22,20,quantile,0.9,12.0
2026-08-22,wk inc covid hosp,0,2026-08-22,20,quantile,0.95,13.0
2026-08-22,wk inc covid hosp,0,2026-08-22,20,quantile,0.975,18.0
2026-08-22,wk inc covid hosp,0,2026-08-22,20,quantile,0.99,30.0
2026-08-22,wk inc covid hosp,0,2026-08-22,21,quantile,0.01,5.0
2026-08-22,wk inc covid hosp,0,2026-08-22,21,quantile,0.025,6.0
2026-08-22,wk inc covid hosp,0,2026-08-22,21,quantile,0.05,8.0
2026-08-22,wk inc covid hosp,0,2026-08-22,21,quantile,0.1,12.0
2026-08-22,wk inc covid hosp,0,2026-08-22,21,quantile,0.15,12.0
2026-08-22,wk inc covid hosp,0,2026-08-22,21,quantile,0.2,13.0
2026-08-22,wk inc covid hosp,0,2026-08-22,21,quantile,0.25,15.0
2026-08-22,wk inc covid hosp,0,2026-08-22,21,quantile,0.3,15.0
2026-08-22,wk inc covid hosp,0,2026-08-22,21,quantile,0.35,15.0
2026-08-22,wk inc covid hosp,0,2026-08-22,21,quantile,0.4,15.0
2026-08-22,wk inc covid hosp,0,2026-08-22,21,quantile,0.45,15.0
2026-08-22,wk inc covid hosp,0,2026-08-22,21,quantile,0.5,16.0
2026-08-22,wk inc covid hosp,0,2026-08-22,21,quantile,0.55,16.0
2026-08-22,wk inc covid hosp,0,2026-08-22,21,quantile,0.6,16.0
2026-08-22,wk inc covid hosp,0,2026-08-22,21,quantile,0.65,16.0
2026-08-22,wk inc covid hosp,0,2026-08-22,21,quantile,0.7,17.0
2026-08-22,wk inc covid hosp,0,2026-08-22,21,quantile,0.75,17.0
2026-08-22,wk inc covid hosp,0,2026-08-22,21,quantile,0.8,19.0
2026-08-22,wk inc covid hosp,0,2026-08-22,21,quantile,0.85,20.0
2026-08-22,wk inc covid hosp,0,2026-08-22,21,quantile,0.9,20.0
2026-08-22,wk inc covid hosp,0,2026-08-22,21,quantile,0.95,23.0
2026-08-22,wk inc covid hosp,0,2026-08-22,21,quantile,0.975,30.0
2026-08-22,wk inc covid hosp,0,2026-08-22,21,quantile,0.99,48.0
2026-08-22,wk inc covid hosp,0,2026-08-22,22,quantile,0.01,27.0
2026-08-22,wk inc covid hosp,0,2026-08-22,22,quantile,0.025,35.0
2026-08-22,wk inc covid hosp,0,2026-08-22,22,quantile,0.05,38.0
2026-08-22,wk inc covid hosp,0,2026-08-22,22,quantile,0.1,43.0
2026-08-22,wk inc covid hosp,0,2026-08-22,22,quantile,0.15,49.0
2026-08-22,wk inc covid hosp,0,2026-08-22,22,quantile,0.2,51.0
2026-08-22,wk inc covid hosp,0,2026-08-22,22,quantile,0.25,55.0
2026-08-22,wk inc covid hosp,0,2026-08-22,22,quantile,0.3,55.0
2026-08-22,wk inc covid hosp,0,2026-08-22,22,quantile,0.35,57.0
2026-08-22,wk inc covid hosp,0,2026-08-22,22,quantile,0.4,57.0
2026-08-22,wk inc covid hosp,0,2026-08-22,22,quantile,0.45,60.0
2026-08-22,wk inc covid hosp,0,2026-08-22,22,quantile,0.5,61.0
2026-08-22,wk inc covid hosp,0,2026-08-22,22,quantile,0.55,63.0
2026-08-22,wk inc covid hosp,0,2026-08-22,22,quantile,0.6,65.0
2026-08-22,wk inc covid hosp,0,2026-08-22,22,quantile,0.65,65.0
2026-08-22,wk inc covid hosp,0,2026-08-22,22,quantile,0.7,67.0
2026-08-22,wk inc covid hosp,0,2026-08-22,22,quantile,0.75,69.0
2026-08-22,wk inc covid hosp,0,2026-08-22,22,quantile,0.8,69.0
2026-08-22,wk inc covid hosp,0,2026-08-22,22,quantile,0.85,69.0
2026-08-22,wk inc covid hosp,0,2026-08-22,22,quantile,0.9,71.0
2026-08-22,wk inc covid hosp,0,2026-08-22,22,quantile,0.95,76.0
2026-08-22,wk inc covid hosp,0,2026-08-22,22,quantile,0.975,80.0
2026-08-22,wk inc covid hosp,0,2026-08-22,22,quantile,0.99,87.0
2026-08-22,wk inc covid hosp,0,2026-08-22,23,quantile,0.01,0.0
2026-08-22,wk inc covid hosp,0,2026-08-22,23,quantile,0.025,1.0
2026-08-22,wk inc covid hosp,0,2026-08-22,23,quantile,0.05,1.0
2026-08-22,wk inc covid hosp,0,2026-08-22,23,quantile,0.1,1.0
2026-08-22,wk inc covid hosp,0,2026-08-22,23,quantile,0.15,1.0
2026-08-22,wk inc covid hosp,0,2026-08-22,23,quantile,0.2,1.0
2026-08-22,wk inc covid hosp,0,2026-08-22,23,quantile,0.25,1.0
2026-08-22,wk inc covid hosp,0,2026-08-22,23,quantile,0.3,2.0
2026-08-22,wk inc covid hosp,0,2026-08-22,23,quantile,0.35,2.0
2026-08-22,wk inc covid hosp,0,2026-08-22,23,quantile,0.4,2.0
2026-08-22,wk inc covid hosp,0,2026-08-22,23,quantile,0.45,2.0
2026-08-22,wk inc covid hosp,0,2026-08-22,23,quantile,0.5,2.0
2026-08-22,wk inc covid hosp,0,2026-08-22,23,quantile,0.55,2.0
2026-08-22,wk inc covid hosp,0,2026-08-22,23,quantile,0.6,2.0
2026-08-22,wk inc covid hosp,0,2026-08-22,23,quantile,0.65,2.0
2026-08-22,wk inc covid hosp,0,2026-08-22,23,quantile,0.7,2.0
2026-08-22,wk inc covid hosp,0,2026-08-22,23,quantile,0.75,2.0
2026-08-22,wk inc covid hosp,0,2026-08-22,23,quantile,0.8,2.0
2026-08-22,wk inc covid hosp,0,2026-08-22,23,quantile,0.85,3.0
2026-08-22,wk inc covid hosp,0,2026-08-22,23,quantile,0.9,4.0
2026-08-22,wk inc covid hosp,0,2026-08-22,23,quantile,0.95,5.0
2026-08-22,wk inc covid hosp,0,2026-08-22,23,quantile,0.975,5.0
2026-08-22,wk inc covid hosp,0,2026-08-22,23,quantile,0.99,12.0
2026-08-22,wk inc covid hosp,0,2026-08-22,24,quantile,0.01,5.0
2026-08-22,wk inc covid hosp,0,2026-08-22,24,quantile,0.025,6.0
2026-08-22,wk inc covid hosp,0,2026-08-22,24,quantile,0.05,8.0
2026-08-22,wk inc covid hosp,0,2026-08-22,24,quantile,0.1,11.0
2026-08-22,wk inc covid hosp,0,2026-08-22,24,quantile,0.15,12.0
2026-08-22,wk inc covid hosp,0,2026-08-22,24,quantile,0.2,12.0
2026-08-22,wk inc covid hosp,0,2026-08-22,24,quantile,0.25,13.0
2026-08-22,wk inc covid hosp,0,2026-08-22,24,quantile,0.3,13.0
2026-08-22,wk inc covid hosp,0,2026-08-22,24,quantile,0.35,13.0
2026-08-22,wk inc covid hosp,0,2026-08-22,24,quantile,0.4,13.0
2026-08-22,wk inc covid hosp,0,2026-08-22,24,quantile,0.45,13.0
2026-08-22,wk inc covid hosp,0,2026-08-22,24,quantile,0.5,13.0
2026-08-22,wk inc covid hosp,0,2026-08-22,24,quantile,0.55,14.0
2026-08-22,wk inc covid hosp,0,2026-08-22,24,quantile,0.6,14.0
2026-08-22,wk inc covid hosp,0,2026-08-22,24,quantile,0.65,14.0
2026-08-22,wk inc covid hosp,0,2026-08-22,24,quantile,0.7,14.0
2026-08-22,wk inc covid hosp,0,2026-08-22,24,quantile,0.75,15.0
2026-08-22,wk inc covid hosp,0,2026-08-22,24,quantile,0.8,17.0
2026-08-22,wk inc covid hosp,0,2026-08-22,24,quantile,0.85,19.0
2026-08-22,wk inc covid hosp,0,2026-08-22,24,quantile,0.9,22.0
2026-08-22,wk inc covid hosp,0,2026-08-22,24,quantile,0.95,25.0
2026-08-22,wk inc covid hosp,0,2026-08-22,24,quantile,0.975,26.0
2026-08-22,wk inc covid hosp,0,2026-08-22,24,quantile,0.99,50.0
2026-08-22,wk inc covid hosp,0,2026-08-22,25,quantile,0.01,8.0
2026-08-22,wk inc covid hosp,0,2026-08-22,25,quantile,0.025,11.0
2026-08-22,wk inc covid hosp,0,2026-08-22,25,quantile,0.05,13.0
2026-08-22,wk inc covid hosp,0,2026-08-22,25,quantile,0.1,17.0
2026-08-22,wk inc covid hosp,0,2026-08-22,25,quantile,0.15,18.0
2026-08-22,wk inc covid hosp,0,2026-08-22,25,quantile,0.2,24.0
2026-08-22,wk inc covid hosp,0,2026-08-22,25,quantile,0.25,27.0
2026-08-22,wk inc covid hosp,0,2026-08-22,25,quantile,0.3,27.0
2026-08-22,wk inc covid hosp,0,2026-08-22,25,quantile,0.35,27.0
2026-08-22,wk inc covid hosp,0,2026-08-22,25,quantile,0.4,27.0
2026-08-22,wk inc covid hosp,0,2026-08-22,25,quantile,0.45,27.0
2026-08-22,wk inc covid hosp,0,2026-08-22,25,quantile,0.5,27.0
2026-08-22,wk inc covid hosp,0,2026-08-22,25,quantile,0.55,27.0
2026-08-22,wk inc covid hosp,0,2026-08-22,25,quantile,0.6,27.0
2026-08-22,wk inc covid hosp,0,2026-08-22,25,quantile,0.65,27.0
2026-08-22,wk inc covid hosp,0,2026-08-22,25,quantile,0.7,30.0
2026-08-22,wk inc covid hosp,0,2026-08-22,25,quantile,0.75,30.0
2026-08-22,wk inc covid hosp,0,2026-08-22,25,quantile,0.8,31.0
2026-08-22,wk inc covid hosp,0,2026-08-22,25,quantile,0.85,33.0
2026-08-22,wk inc covid hosp,0,2026-08-22,25,quantile,0.9,37.0
2026-08-22,wk inc covid hosp,0,2026-08-22,25,quantile,0.95,37.0
2026-08-22,wk inc covid hosp,0,2026-08-22,25,quantile,0.975,47.0
2026-08-22,wk inc covid hosp,0,2026-08-22,25,quantile,0.99,75.0
2026-08-22,wk inc covid hosp,0,2026-08-22,26,quantile,0.01,6.0
2026-08-22,wk inc covid hosp,0,2026-08-22,26,quantile,0.025,9.0
2026-08-22,wk inc covid hosp,0,2026-08-22,26,quantile,0.05,11.0
2026-08-22,wk inc covid hosp,0,2026-08-22,26,quantile,0.1,16.0
2026-08-22,wk inc covid hosp,0,2026-08-22,26,quantile,0.15,16.0
2026-08-22,wk inc covid hosp,0,2026-08-22,26,quantile,0.2,17.0
2026-08-22,wk inc covid hosp,0,2026-08-22,26,quantile,0.25,17.0
2026-08-22,wk inc covid hosp,0,2026-08-22,26,quantile,0.3,17.0
2026-08-22,wk inc covid hosp,0,2026-08-22,26,quantile,0.35,18.0
2026-08-22,wk inc covid hosp,0,2026-08-22,26,quantile,0.4,18.0
2026-08-22,wk inc covid hosp,0,2026-08-22,26,quantile,0.45,18.0
2026-08-22,wk inc covid hosp,0,2026-08-22,26,quantile,0.5,19.0
2026-08-22,wk inc covid hosp,0,2026-08-22,26,quantile,0.55,20.0
2026-08-22,wk inc covid hosp,0,2026-08-22,26,quantile,0.6,20.0
2026-08-22,wk inc covid hosp,0,2026-08-22,26,quantile,0.65,22.0
2026-08-22,wk inc covid hosp,0,2026-08-22,26,quantile,0.7,22.0
2026-08-22,wk inc covid hosp,0,2026-08-22,26,quantile,0.75,22.0
2026-08-22,wk inc covid hosp,0,2026-08-22,26,quantile,0.8,26.0
2026-08-22,wk inc covid hosp,0,2026-08-22,26,quantile,0.85,30.0
2026-08-22,wk inc covid hosp,0,2026-08-22,26,quantile,0.9,35.0
2026-08-22,wk inc covid hosp,0,2026-08-22,26,quantile,0.95,42.0
2026-08-22,wk inc covid hosp,0,2026-08-22,26,quantile,0.975,42.0
2026-08-22,wk inc covid hosp,0,2026-08-22,26,quantile,0.99,82.0
2026-08-22,wk inc covid hosp,0,2026-08-22,27,quantile,0.01,4.0
2026-08-22,wk inc covid hosp,0,2026-08-22,27,quantile,0.025,4.0
2026-08-22,wk inc covid hosp,0,2026-08-22,27,quantile,0.05,5.0
2026-08-22,wk inc covid hosp,0,2026-08-22,27,quantile,0.1,8.0
2026-08-22,wk inc covid hosp,0,2026-08-22,27,quantile,0.15,9.0
2026-08-22,wk inc covid hosp,0,2026-08-22,27,quantile,0.2,10.0
2026-08-22,wk inc covid hosp,0,2026-08-22,27,quantile,0.25,11.0
2026-08-22,wk inc covid hosp,0,2026-08-22,27,quantile,0.3,12.0
2026-08-22,wk inc covid hosp,0,2026-08-22,27,quantile,0.35,12.0
2026-08-22,wk inc covid hosp,0,2026-08-22,27,quantile,0.4,13.0
2026-08-22,wk inc covid hosp,0,2026-08-22,27,quantile,0.45,13.0
2026-08-22,wk inc covid hosp,0,2026-08-22,27,quantile,0.5,13.0
2026-08-22,wk inc covid hosp,0,2026-08-22,27,quantile,0.55,14.0
2026-08-22,wk inc covid hosp,0,2026-08-22,27,quantile,0.6,14.0
2026-08-22,wk inc covid hosp,0,2026-08-22,27,quantile,0.65,15.0
2026-08-22,wk inc covid hosp,0,2026-08-22,27,quantile,0.7,16.0
2026-08-22,wk inc covid hosp,0,2026-08-22,27,quantile,0.75,16.0
2026-08-22,wk inc covid hosp,0,2026-08-22,27,quantile,0.8,18.0
2026-08-22,wk inc covid hosp,0,2026-08-22,27,quantile,0.85,19.0
2026-08-22,wk inc covid hosp,0,2026-08-22,27,quantile,0.9,22.0
2026-08-22,wk inc covid hosp,0,2026-08-22,27,quantile,0.95,23.0
2026-08-22,wk inc covid hosp,0,2026-08-22,27,quantile,0.975,23.0
2026-08-22,wk inc covid hosp,0,2026-08-22,27,quantile,0.99,53.0
2026-08-22,wk inc covid hosp,0,2026-08-22,28,quantile,0.01,15.0
2026-08-22,wk inc covid hosp,0,2026-08-22,28,quantile,0.025,21.0
2026-08-22,wk inc covid hosp,0,2026-08-22,28,quantile,0.05,23.0
2026-08-22,wk inc covid hosp,0,2026-08-22,28,quantile,0.1,25.0
2026-08-22,wk inc covid hosp,0,2026-08-22,28,quantile,0.15,27.0
2026-08-22,wk inc covid hosp,0,2026-08-22,28,quantile,0.2,30.0
2026-08-22,wk inc covid hosp,0,2026-08-22,28,quantile,0.25,31.0
2026-08-22,wk inc covid hosp,0,2026-08-22,28,quantile,0.3,31.0
2026-08-22,wk inc covid hosp,0,2026-08-22,28,quantile,0.35,32.0
2026-08-22,wk inc covid hosp,0,2026-08-22,28,quantile,0.4,33.0
2026-08-22,wk inc covid hosp,0,2026-08-22,28,quantile,0.45,36.0
2026-08-22,wk inc covid hosp,0,2026-08-22,28,quantile,0.5,36.0
2026-08-22,wk inc covid hosp,0,2026-08-22,28,quantile,0.55,38.0
2026-08-22,wk inc covid hosp,0,2026-08-22,28,quantile,0.6,41.0
2026-08-22,wk inc covid hosp,0,2026-08-22,28,quantile,0.65,43.0
2026-08-22,wk inc covid hosp,0,2026-08-22,28,quantile,0.7,45.0
2026-08-22,wk inc covid hosp,0,2026-08-22,28,quantile,0.75,49.0
2026-08-22,wk inc covid hosp,0,2026-08-22,28,quantile,0.8,51.0
2026-08-22,wk inc covid hosp,0,2026-08-22,28,quantile,0.85,52.0
2026-08-22,wk inc covid hosp,0,2026-08-22,28,quantile,0.9,55.0
2026-08-22,wk inc covid hosp,0,2026-08-22,28,quantile,0.95,57.0
2026-08-22,wk inc covid hosp,0,2026-08-22,28,quantile,0.975,60.0
2026-08-22,wk inc covid hosp,0,2026-08-22,28,quantile,0.99,62.0
2026-08-22,wk inc covid hosp,0,2026-08-22,29,quantile,0.01,7.0
2026-08-22,wk inc covid hosp,0,2026-08-22,29,quantile,0.025,8.0
2026-08-22,wk inc covid hosp,0,2026-08-22,29,quantile,0.05,9.0
2026-08-22,wk inc covid hosp,0,2026-08-22,29,quantile,0.1,11.0
2026-08-22,wk inc covid hosp,0,2026-08-22,29,quantile,0.15,13.0
2026-08-22,wk inc covid hosp,0,2026-08-22,29,quantile,0.2,13.0
2026-08-22,wk inc covid hosp,0,2026-08-22,29,quantile,0.25,14.0
2026-08-22,wk inc covid hosp,0,2026-08-22,29,quantile,0.3,16.0
2026-08-22,wk inc covid hosp,0,2026-08-22,29,quantile,0.35,16.0
2026-08-22,wk inc covid hosp,0,2026-08-22,29,quantile,0.4,16.0
2026-08-22,wk inc covid hosp,0,2026-08-22,29,quantile,0.45,17.0
2026-08-22,wk inc covid hosp,0,2026-08-22,29,quantile,0.5,17.0
2026-08-22,wk inc covid hosp,0,2026-08-22,29,quantile,0.55,18.0
2026-08-22,wk inc covid hosp,0,2026-08-22,29,quantile,0.6,18.0
2026-08-22,wk inc covid hosp,0,2026-08-22,29,quantile,0.65,19.0
2026-08-22,wk inc covid hosp,0,2026-08-22,29,quantile,0.7,19.0
2026-08-22,wk inc covid hosp,0,2026-08-22,29,quantile,0.75,19.0
2026-08-22,wk inc covid hosp,0,2026-08-22,29,quantile,0.8,23.0
2026-08-22,wk inc covid hosp,0,2026-08-22,29,quantile,0.85,25.0
2026-08-22,wk inc covid hosp,0,2026-08-22,29,quantile,0.9,27.0
2026-08-22,wk inc covid hosp,0,2026-08-22,29,quantile,0.95,28.0
2026-08-22,wk inc covid hosp,0,2026-08-22,29,quantile,0.975,28.0
2026-08-22,wk inc covid hosp,0,2026-08-22,29,quantile,0.99,54.0
2026-08-22,wk inc covid hosp,0,2026-08-22,30,quantile,0.01,0.0
2026-08-22,wk inc covid hosp,0,2026-08-22,30,quantile,0.025,1.0
2026-08-22,wk inc covid hosp,0,2026-08-22,30,quantile,0.05,1.0
2026-08-22,wk inc covid hosp,0,2026-08-22,30,quantile,0.1,1.0
2026-08-22,wk inc covid hosp,0,2026-08-22,30,quantile,0.15,1.0
2026-08-22,wk inc covid hosp,0,2026-08-22,30,quantile,0.2,1.0
2026-08-22,wk inc covid hosp,0,2026-08-22,30,quantile,0.25,2.0
2026-08-22,wk inc covid hosp,0,2026-08-22,30,quantile,0.3,2.0
2026-08-22,wk inc covid hosp,0,2026-08-22,30,quantile,0.35,2.0
2026-08-22,wk inc covid hosp,0,2026-08-22,30,quantile,0.4,2.0
2026-08-22,wk inc covid hosp,0,2026-08-22,30,quantile,0.45,2.0
2026-08-22,wk inc covid hosp,0,2026-08-22,30,quantile,0.5,3.0
2026-08-22,wk inc covid hosp,0,2026-08-22,30,quantile,0.55,3.0
2026-08-22,wk inc covid hosp,0,2026-08-22,30,quantile,0.6,3.0
2026-08-22,wk inc covid hosp,0,2026-08-22,30,quantile,0.65,3.0
2026-08-22,wk inc covid hosp,0,2026-08-22,30,quantile,0.7,4.0
2026-08-22,wk inc covid hosp,0,2026-08-22,30,quantile,0.75,4.0
2026-08-22,wk inc covid hosp,0,2026-08-22,30,quantile,0.8,5.0
2026-08-22,wk inc covid hosp,0,2026-08-22,30,quantile,0.85,5.0
2026-08-22,wk inc covid hosp,0,2026-08-22,30,quantile,0.9,6.0
2026-08-22,wk inc covid hosp,0,2026-08-22,30,quantile,0.95,7.0
2026-08-22,wk inc covid hosp,0,2026-08-22,30,quantile,0.975,7.0
2026-08-22,wk inc covid hosp,0,2026-08-22,30,quantile,0.99,12.0
2026-08-22,wk inc covid hosp,0,2026-08-22,31,quantile,0.01,0.0
2026-08-22,wk inc covid hosp,0,2026-08-22,31,quantile,0.025,1.0
2026-08-22,wk inc covid hosp,0,2026-08-22,31,quantile,0.05,1.0
2026-08-22,wk inc covid hosp,0,2026-08-22,31,quantile,0.1,2.0
2026-08-22,wk inc covid hosp,0,2026-08-22,31,quantile,0.15,2.0
2026-08-22,wk inc covid hosp,0,2026-08-22,31,quantile,0.2,2.0
2026-08-22,wk inc covid hosp,0,2026-08-22,31,quantile,0.25,2.0
2026-08-22,wk inc covid hosp,0,2026-08-22,31,quantile,0.3,2.0
2026-08-22,wk inc covid hosp,0,2026-08-22,31,quantile,0.35,2.0
2026-08-22,wk inc covid hosp,0,2026-08-22,31,quantile,0.4,2.0
2026-08-22,wk inc covid hosp,0,2026-08-22,31,quantile,0.45,2.0
2026-08-22,wk inc covid hosp,0,2026-08-22,31,quantile,0.5,2.0
2026-08-22,wk inc covid hosp,0,2026-08-22,31,quantile,0.55,3.0
2026-08-22,wk inc covid hosp,0,2026-08-22,31,quantile,0.6,3.0
2026-08-22,wk inc covid hosp,0,2026-08-22,31,quantile,0.65,3.0
2026-08-22,wk inc covid hosp,0,2026-08-22,31,quantile,0.7,3.0
2026-08-22,wk inc covid hosp,0,2026-08-22,31,quantile,0.75,3.0
2026-08-22,wk inc covid hosp,0,2026-08-22,31,quantile,0.8,4.0
2026-08-22,wk inc covid hosp,0,2026-08-22,31,quantile,0.85,4.0
2026-08-22,wk inc covid hosp,0,2026-08-22,31,quantile,0.9,5.0
2026-08-22,wk inc covid hosp,0,2026-08-22,31,quantile,0.95,8.0
2026-08-22,wk inc covid hosp,0,2026-08-22,31,quantile,0.975,8.0
2026-08-22,wk inc covid hosp,0,2026-08-22,31,quantile,0.99,16.0
2026-08-22,wk inc covid hosp,0,2026-08-22,32,quantile,0.01,5.0
2026-08-22,wk inc covid hosp,0,2026-08-22,32,quantile,0.025,7.0
2026-08-22,wk inc covid hosp,0,2026-08-22,32,quantile,0.05,10.0
2026-08-22,wk inc covid hosp,0,2026-08-22,32,quantile,0.1,13.0
2026-08-22,wk inc covid hosp,0,2026-08-22,32,quantile,0.15,15.0
2026-08-22,wk inc covid hosp,0,2026-08-22,32,quantile,0.2,16.0
2026-08-22,wk inc covid hosp,0,2026-08-22,32,quantile,0.25,17.0
2026-08-22,wk inc covid hosp,0,2026-08-22,32,quantile,0.3,17.0
2026-08-22,wk inc covid hosp,0,2026-08-22,32,quantile,0.35,18.0
2026-08-22,wk inc covid hosp,0,2026-08-22,32,quantile,0.4,19.0
2026-08-22,wk inc covid hosp,0,2026-08-22,32,quantile,0.45,20.0
2026-08-22,wk inc covid hosp,0,2026-08-22,32,quantile,0.5,20.0
2026-08-22,wk inc covid hosp,0,2026-08-22,32,quantile,0.55,20.0
2026-08-22,wk inc covid hosp,0,2026-08-22,32,quantile,0.6,22.0
2026-08-22,wk inc covid hosp,0,2026-08-22,32,quantile,0.65,22.0
2026-08-22,wk inc covid hosp,0,2026-08-22,32,quantile,0.7,23.0
2026-08-22,wk inc covid hosp,0,2026-08-22,32,quantile,0.75,23.0
2026-08-22,wk inc covid hosp,0,2026-08-22,32,quantile,0.8,24.0
2026-08-22,wk inc covid hosp,0,2026-08-22,32,quantile,0.85,25.0
2026-08-22,wk inc covid hosp,0,2026-08-22,32,quantile,0.9,26.0
2026-08-22,wk inc covid hosp,0,2026-08-22,32,quantile,0.95,28.0
2026-08-22,wk inc covid hosp,0,2026-08-22,32,quantile,0.975,30.0
2026-08-22,wk inc covid hosp,0,2026-08-22,32,quantile,0.99,37.0
2026-08-22,wk inc covid hosp,0,2026-08-22,33,quantile,0.01,0.0
2026-08-22,wk inc covid hosp,0,2026-08-22,33,quantile,0.025,1.0
2026-08-22,wk inc covid hosp,0,2026-08-22,33,quantile,0.05,2.0
2026-08-22,wk inc covid hosp,0,2026-08-22,33,quantile,0.1,2.0
2026-08-22,wk inc covid hosp,0,2026-08-22,33,quantile,0.15,2.0
2026-08-22,wk inc covid hosp,0,2026-08-22,33,quantile,0.2,3.0
2026-08-22,wk inc covid hosp,0,2026-08-22,33,quantile,0.25,3.0
2026-08-22,wk inc covid hosp,0,2026-08-22,33,quantile,0.3,3.0
2026-08-22,wk inc covid hosp,0,2026-08-22,33,quantile,0.35,4.0
2026-08-22,wk inc covid hosp,0,2026-08-22,33,quantile,0.4,4.0
2026-08-22,wk inc covid hosp,0,2026-08-22,33,quantile,0.45,4.0
2026-08-22,wk inc covid hosp,0,2026-08-22,33,quantile,0.5,4.0
2026-08-22,wk inc covid hosp,0,2026-08-22,33,quantile,0.55,5.0
2026-08-22,wk inc covid hosp,0,2026-08-22,33,quantile,0.6,5.0
2026-08-22,wk inc covid hosp,0,2026-08-22,33,quantile,0.65,5.0
2026-08-22,wk inc covid hosp,0,2026-08-22,33,quantile,0.7,5.0
2026-08-22,wk inc covid hosp,0,2026-08-22,33,quantile,0.75,6.0
2026-08-22,wk inc covid hosp,0,2026-08-22,33,quantile,0.8,6.0
2026-08-22,wk inc covid hosp,0,2026-08-22,33,quantile,0.85,6.0
2026-08-22,wk inc covid hosp,0,2026-08-22,33,quantile,0.9,6.0
2026-08-22,wk inc covid hosp,0,2026-08-22,33,quantile,0.95,7.0
2026-08-22,wk inc covid hosp,0,2026-08-22,33,quantile,0.975,9.0
2026-08-22,wk inc covid hosp,0,2026-08-22,33,quantile,0.99,15.0
2026-08-22,wk inc covid hosp,0,2026-08-22,34,quantile,0.01,22.0
2026-08-22,wk inc covid hosp,0,2026-08-22,34,quantile,0.025,27.0
2026-08-22,wk inc covid hosp,0,2026-08-22,34,quantile,0.05,35.0
2026-08-22,wk inc covid hosp,0,2026-08-22,34,quantile,0.1,42.0
2026-08-22,wk inc covid hosp,0,2026-08-22,34,quantile,0.15,46.0
2026-08-22,wk inc covid hosp,0,2026-08-22,34,quantile,0.2,51.0
2026-08-22,wk inc covid hosp,0,2026-08-22,34,quantile,0.25,54.0
2026-08-22,wk inc covid hosp,0,2026-08-22,34,quantile,0.3,55.0
2026-08-22,wk inc covid hosp,0,2026-08-22,34,quantile,0.35,55.0
2026-08-22,wk inc covid hosp,0,2026-08-22,34,quantile,0.4,55.0
2026-08-22,wk inc covid hosp,0,2026-08-22,34,quantile,0.45,55.0
2026-08-22,wk inc covid hosp,0,2026-08-22,34,quantile,0.5,55.0
2026-08-22,wk inc covid hosp,0,2026-08-22,34,quantile,0.55,55.0
2026-08-22,wk inc covid hosp,0,2026-08-22,34,quantile,0.6,55.0
2026-08-22,wk inc covid hosp,0,2026-08-22,34,quantile,0.65,55.0
2026-08-22,wk inc covid hosp,0,2026-08-22,34,quantile,0.7,55.0
2026-08-22,wk inc covid hosp,0,2026-08-22,34,quantile,0.75,55.0
2026-08-22,wk inc covid hosp,0,2026-08-22,34,quantile,0.8,57.0
2026-08-22,wk inc covid hosp,0,2026-08-22,34,quantile,0.85,60.0
2026-08-22,wk inc covid hosp,0,2026-08-22,34,quantile,0.9,65.0
2026-08-22,wk inc covid hosp,0,2026-08-22,34,quantile,0.95,70.0
2026-08-22,wk inc covid hosp,0,2026-08-22,34,quantile,0.975,84.0
2026-08-22,wk inc covid hosp,0,2026-08-22,34,quantile,0.99,103.0
2026-08-22,wk inc covid hosp,0,2026-08-22,35,quantile,0.01,1.0
2026-08-22,wk inc covid hosp,0,2026-08-22,35,quantile,0.025,3.0
2026-08-22,wk inc covid hosp,0,2026-08-22,35,quantile,0.05,3.0
2026-08-22,wk inc covid hosp,0,2026-08-22,35,quantile,0.1,4.0
2026-08-22,wk inc covid hosp,0,2026-08-22,35,quantile,0.15,4.0
2026-08-22,wk inc covid hosp,0,2026-08-22,35,quantile,0.2,6.0
2026-08-22,wk inc covid hosp,0,2026-08-22,35,quantile,0.25,6.0
2026-08-22,wk inc covid hosp,0,2026-08-22,35,quantile,0.3,6.0
2026-08-22,wk inc covid hosp,0,2026-08-22,35,quantile,0.35,6.0
2026-08-22,wk inc covid hosp,0,2026-08-22,35,quantile,0.4,6.0
2026-08-22,wk inc covid hosp,0,2026-08-22,35,quantile,0.45,7.0
2026-08-22,wk inc covid hosp,0,2026-08-22,35,quantile,0.5,8.0
2026-08-22,wk inc covid hosp,0,2026-08-22,35,quantile,0.55,8.0
2026-08-22,wk inc covid hosp,0,2026-08-22,35,quantile,0.6,9.0
2026-08-22,wk inc covid hosp,0,2026-08-22,35,quantile,0.65,9.0
2026-08-22,wk inc covid hosp,0,2026-08-22,35,quantile,0.7,9.0
2026-08-22,wk inc covid hosp,0,2026-08-22,35,quantile,0.75,10.0
2026-08-22,wk inc covid hosp,0,2026-08-22,35,quantile,0.8,11.0
2026-08-22,wk inc covid hosp,0,2026-08-22,35,quantile,0.85,11.0
2026-08-22,wk inc covid hosp,0,2026-08-22,35,quantile,0.9,12.0
2026-08-22,wk inc covid hosp,0,2026-08-22,35,quantile,0.95,13.0
2026-08-22,wk inc covid hosp,0,2026-08-22,35,quantile,0.975,15.0
2026-08-22,wk inc covid hosp,0,2026-08-22,35,quantile,0.99,24.0
2026-08-22,wk inc covid hosp,0,2026-08-22,36,quantile,0.01,55.0
2026-08-22,wk inc covid hosp,0,2026-08-22,36,quantile,0.025,78.0
2026-08-22,wk inc covid hosp,0,2026-08-22,36,quantile,0.05,94.0
2026-08-22,wk inc covid hosp,0,2026-08-22,36,quantile,0.1,108.0
2026-08-22,wk inc covid hosp,0,2026-08-22,36,quantile,0.15,118.0
2026-08-22,wk inc covid hosp,0,2026-08-22,36,quantile,0.2,122.0
2026-08-22,wk inc covid hosp,0,2026-08-22,36,quantile,0.25,125.0
2026-08-22,wk inc covid hosp,0,2026-08-22,36,quantile,0.3,131.0
2026-08-22,wk inc covid hosp,0,2026-08-22,36,quantile,0.35,131.0
2026-08-22,wk inc covid hosp,0,2026-08-22,36,quantile,0.4,131.0
2026-08-22,wk inc covid hosp,0,2026-08-22,36,quantile,0.45,133.0
2026-08-22,wk inc covid hosp,0,2026-08-22,36,quantile,0.5,139.0
2026-08-22,wk inc covid hosp,0,2026-08-22,36,quantile,0.55,139.0
2026-08-22,wk inc covid hosp,0,2026-08-22,36,quantile,0.6,147.0
2026-08-22,wk inc covid hosp,0,2026-08-22,36,quantile,0.65,147.0
2026-08-22,wk inc covid hosp,0,2026-08-22,36,quantile,0.7,147.0
2026-08-22,wk inc covid hosp,0,2026-08-22,36,quantile,0.75,147.0
2026-08-22,wk inc covid hosp,0,2026-08-22,36,quantile,0.8,151.0
2026-08-22,wk inc covid hosp,0,2026-08-22,36,quantile,0.85,153.0
2026-08-22,wk inc covid hosp,0,2026-08-22,36,quantile,0.9,163.0
2026-08-22,wk inc covid hosp,0,2026-08-22,36,quantile,0.95,172.0
2026-08-22,wk inc covid hosp,0,2026-08-22,36,quantile,0.975,195.0
2026-08-22,wk inc covid hosp,0,2026-08-22,36,quantile,0.99,226.0
2026-08-22,wk inc covid hosp,0,2026-08-22,37,quantile,0.01,39.0
2026-08-22,wk inc covid hosp,0,2026-08-22,37,quantile,0.025,52.0
2026-08-22,wk inc covid hosp,0,2026-08-22,37,quantile,0.05,65.0
2026-08-22,wk inc covid hosp,0,2026-08-22,37,quantile,0.1,79.0
2026-08-22,wk inc covid hosp,0,2026-08-22,37,quantile,0.15,90.0
2026-08-22,wk inc covid hosp,0,2026-08-22,37,quantile,0.2,93.0
2026-08-22,wk inc covid hosp,0,2026-08-22,37,quantile,0.25,96.0
2026-08-22,wk inc covid hosp,0,2026-08-22,37,quantile,0.3,99.0
2026-08-22,wk inc covid hosp,0,2026-08-22,37,quantile,0.35,103.0
2026-08-22,wk inc covid hosp,0,2026-08-22,37,quantile,0.4,103.0
2026-08-22,wk inc covid hosp,0,2026-08-22,37,quantile,0.45,103.0
2026-08-22,wk inc covid hosp,0,2026-08-22,37,quantile,0.5,106.0
2026-08-22,wk inc covid hosp,0,2026-08-22,37,quantile,0.55,113.0
2026-08-22,wk inc covid hosp,0,2026-08-22,37,quantile,0.6,114.0
2026-08-22,wk inc covid hosp,0,2026-08-22,37,quantile,0.65,117.0
2026-08-22,wk inc covid hosp,0,2026-08-22,37,quantile,0.7,121.0
2026-08-22,wk inc covid hosp,0,2026-08-22,37,quantile,0.75,121.0
2026-08-22,wk inc covid hosp,0,2026-08-22,37,quantile,0.8,124.0
2026-08-22,wk inc covid hosp,0,2026-08-22,37,quantile,0.85,125.0
2026-08-22,wk inc covid hosp,0,2026-08-22,37,quantile,0.9,125.0
2026-08-22,wk inc covid hosp,0,2026-08-22,37,quantile,0.95,126.0
2026-08-22,wk inc covid hosp,0,2026-08-22,37,quantile,0.975,133.0
2026-08-22,wk inc covid hosp,0,2026-08-22,37,quantile,0.99,178.0
2026-08-22,wk inc covid hosp,0,2026-08-22,38,quantile,0.01,0.0
2026-08-22,wk inc covid hosp,0,2026-08-22,38,quantile,0.025,0.0
2026-08-22,wk inc covid hosp,0,2026-08-22,38,quantile,0.05,0.0
2026-08-22,wk inc covid hosp,0,2026-08-22,38,quantile,0.1,0.0
2026-08-22,wk inc covid hosp,0,2026-08-22,38,quantile,0.15,0.0
2026-08-22,wk inc covid hosp,0,2026-08-22,38,quantile,0.2,1.0
2026-08-22,wk inc covid hosp,0,2026-08-22,38,quantile,0.25,1.0
2026-08-22,wk inc covid hosp,0,2026-08-22,38,quantile,0.3,1.0
2026-08-22,wk inc covid hosp,0,2026-08-22,38,quantile,0.35,1.0
2026-08-22,wk inc covid hosp,0,2026-08-22,38,quantile,0.4,1.0
2026-08-22,wk inc covid hosp,0,2026-08-22,38,quantile,0.45,1.0
2026-08-22,wk inc covid hosp,0,2026-08-22,38,quantile,0.5,1.0
2026-08-22,wk inc covid hosp,0,2026-08-22,38,quantile,0.55,2.0
2026-08-22,wk inc covid hosp,0,2026-08-22,38,quantile,0.6,2.0
2026-08-22,wk inc covid hosp,0,2026-08-22,38,quantile,0.65,2.0
2026-08-22,wk inc covid hosp,0,2026-08-22,38,quantile,0.7,2.0
2026-08-22,wk inc covid hosp,0,2026-08-22,38,quantile,0.75,2.0
2026-08-22,wk inc covid hosp,0,2026-08-22,38,quantile,0.8,2.0
2026-08-22,wk inc covid hosp,0,2026-08-22,38,quantile,0.85,2.0
2026-08-22,wk inc covid hosp,0,2026-08-22,38,quantile,0.9,2.0
2026-08-22,wk inc covid hosp,0,2026-08-22,38,quantile,0.95,3.0
2026-08-22,wk inc covid hosp,0,2026-08-22,38,quantile,0.975,4.0
2026-08-22,wk inc covid hosp,0,2026-08-22,38,quantile,0.99,8.0
2026-08-22,wk inc covid hosp,0,2026-08-22,39,quantile,0.01,16.0
2026-08-22,wk inc covid hosp,0,2026-08-22,39,quantile,0.025,20.0
2026-08-22,wk inc covid hosp,0,2026-08-22,39,quantile,0.05,23.0
2026-08-22,wk inc covid hosp,0,2026-08-22,39,quantile,0.1,27.0
2026-08-22,wk inc covid hosp,0,2026-08-22,39,quantile,0.15,29.0
2026-08-22,wk inc covid hosp,0,2026-08-22,39,quantile,0.2,32.0
2026-08-22,wk inc covid hosp,0,2026-08-22,39,quantile,0.25,35.0
2026-08-22,wk inc covid hosp,0,2026-08-22,39,quantile,0.3,39.0
2026-08-22,wk inc covid hosp,0,2026-08-22,39,quantile,0.35,39.0
2026-08-22,wk inc covid hosp,0,2026-08-22,39,quantile,0.4,40.0
2026-08-22,wk inc covid hosp,0,2026-08-22,39,quantile,0.45,40.0
2026-08-22,wk inc covid hosp,0,2026-08-22,39,quantile,0.5,40.0
2026-08-22,wk inc covid hosp,0,2026-08-22,39,quantile,0.55,40.0
2026-08-22,wk inc covid hosp,0,2026-08-22,39,quantile,0.6,40.0
2026-08-22,wk inc covid hosp,0,2026-08-22,39,quantile,0.65,40.0
2026-08-22,wk inc covid hosp,0,2026-08-22,39,quantile,0.7,42.0
2026-08-22,wk inc covid hosp,0,2026-08-22,39,quantile,0.75,43.0
2026-08-22,wk inc covid hosp,0,2026-08-22,39,quantile,0.8,46.0
2026-08-22,wk inc covid hosp,0,2026-08-22,39,quantile,0.85,47.0
2026-08-22,wk inc covid hosp,0,2026-08-22,39,quantile,0.9,47.0
2026-08-22,wk inc covid hosp,0,2026-08-22,39,quantile,0.95,52.0
2026-08-22,wk inc covid hosp,0,2026-08-22,39,quantile,0.975,52.0
2026-08-22,wk inc covid hosp,0,2026-08-22,39,quantile,0.99,95.0
2026-08-22,wk inc covid hosp,0,2026-08-22,40,quantile,0.01,2.0
2026-08-22,wk inc covid hosp,0,2026-08-22,40,quantile,0.025,3.0
2026-08-22,wk inc covid hosp,0,2026-08-22,40,quantile,0.05,4.0
2026-08-22,wk inc covid hosp,0,2026-08-22,40,quantile,0.1,5.0
2026-08-22,wk inc covid hosp,0,2026-08-22,40,quantile,0.15,6.0
2026-08-22,wk inc covid hosp,0,2026-08-22,40,quantile,0.2,7.0
2026-08-22,wk inc covid hosp,0,2026-08-22,40,quantile,0.25,7.0
2026-08-22,wk inc covid hosp,0,2026-08-22,40,quantile,0.3,8.0
2026-08-22,wk inc covid hosp,0,2026-08-22,40,quantile,0.35,8.0
2026-08-22,wk inc covid hosp,0,2026-08-22,40,quantile,0.4,9.0
2026-08-22,wk inc covid hosp,0,2026-08-22,40,quantile,0.45,9.0
2026-08-22,wk inc covid hosp,0,2026-08-22,40,quantile,0.5,10.0
2026-08-22,wk inc covid hosp,0,2026-08-22,40,quantile,0.55,10.0
2026-08-22,wk inc covid hosp,0,2026-08-22,40,quantile,0.6,11.0
2026-08-22,wk inc covid hosp,0,2026-08-22,40,quantile,0.65,11.0
2026-08-22,wk inc covid hosp,0,2026-08-22,40,quantile,0.7,11.0
2026-08-22,wk inc covid hosp,0,2026-08-22,40,quantile,0.75,11.0
2026-08-22,wk inc covid hosp,0,2026-08-22,40,quantile,0.8,12.0
2026-08-22,wk inc covid hosp,0,2026-08-22,40,quantile,0.85,13.0
2026-08-22,wk inc covid hosp,0,2026-08-22,40,quantile,0.9,15.0
2026-08-22,wk inc covid hosp,0,2026-08-22,40,quantile,0.95,17.0
2026-08-22,wk inc covid hosp,0,2026-08-22,40,quantile,0.975,17.0
2026-08-22,wk inc covid hosp,0,2026-08-22,40,quantile,0.99,32.0
2026-08-22,wk inc covid hosp,0,2026-08-22,41,quantile,0.01,4.0
2026-08-22,wk inc covid hosp,0,2026-08-22,41,quantile,0.025,5.0
2026-08-22,wk inc covid hosp,0,2026-08-22,41,quantile,0.05,6.0
2026-08-22,wk inc covid hosp,0,2026-08-22,41,quantile,0.1,8.0
2026-08-22,wk inc covid hosp,0,2026-08-22,41,quantile,0.15,9.0
2026-08-22,wk inc covid hosp,0,2026-08-22,41,quantile,0.2,10.0
2026-08-22,wk inc covid hosp,0,2026-08-22,41,quantile,0.25,10.0
2026-08-22,wk inc covid hosp,0,2026-08-22,41,quantile,0.3,10.0
2026-08-22,wk inc covid hosp,0,2026-08-22,41,quantile,0.35,10.0
2026-08-22,wk inc covid hosp,0,2026-08-22,41,quantile,0.4,11.0
2026-08-22,wk inc covid hosp,0,2026-08-22,41,quantile,0.45,11.0
2026-08-22,wk inc covid hosp,0,2026-08-22,41,quantile,0.5,12.0
2026-08-22,wk inc covid hosp,0,2026-08-22,41,quantile,0.55,12.0
2026-08-22,wk inc covid hosp,0,2026-08-22,41,quantile,0.6,13.0
2026-08-22,wk inc covid hosp,0,2026-08-22,41,quantile,0.65,14.0
2026-08-22,wk inc covid hosp,0,2026-08-22,41,quantile,0.7,16.0
2026-08-22,wk inc covid hosp,0,2026-08-22,41,quantile,0.75,16.0
2026-08-22,wk inc covid hosp,0,2026-08-22,41,quantile,0.8,17.0
2026-08-22,wk inc covid hosp,0,2026-08-22,41,quantile,0.85,17.0
2026-08-22,wk inc covid hosp,0,2026-08-22,41,quantile,0.9,18.0
2026-08-22,wk inc covid hosp,0,2026-08-22,41,quantile,0.95,23.0
2026-08-22,wk inc covid hosp,0,2026-08-22,41,quantile,0.975,28.0
2026-08-22,wk inc covid hosp,0,2026-08-22,41,quantile,0.99,42.0
2026-08-22,wk inc covid hosp,0,2026-08-22,42,quantile,0.01,22.0
2026-08-22,wk inc covid hosp,0,2026-08-22,42,quantile,0.025,28.0
2026-08-22,wk inc covid hosp,0,2026-08-22,42,quantile,0.05,39.0
2026-08-22,wk inc covid hosp,0,2026-08-22,42,quantile,0.1,48.0
2026-08-22,wk inc covid hosp,0,2026-08-22,42,quantile,0.15,53.0
2026-08-22,wk inc covid hosp,0,2026-08-22,42,quantile,0.2,59.0
2026-08-22,wk inc covid hosp,0,2026-08-22,42,quantile,0.25,59.0
2026-08-22,wk inc covid hosp,0,2026-08-22,42,quantile,0.3,62.0
2026-08-22,wk inc covid hosp,0,2026-08-22,42,quantile,0.35,64.0
2026-08-22,wk inc covid hosp,0,2026-08-22,42,quantile,0.4,64.0
2026-08-22,wk inc covid hosp,0,2026-08-22,42,quantile,0.45,65.0
2026-08-22,wk inc covid hosp,0,2026-08-22,42,quantile,0.5,69.0
2026-08-22,wk inc covid hosp,0,2026-08-22,42,quantile,0.55,69.0
2026-08-22,wk inc covid hosp,0,2026-08-22,42,quantile,0.6,70.0
2026-08-22,wk inc covid hosp,0,2026-08-22,42,quantile,0.65,73.0
2026-08-22,wk inc covid hosp,0,2026-08-22,42,quantile,0.7,73.0
2026-08-22,wk inc covid hosp,0,2026-08-22,42,quantile,0.75,73.0
2026-08-22,wk inc covid hosp,0,2026-08-22,42,quantile,0.8,81.0
2026-08-22,wk inc covid hosp,0,2026-08-22,42,quantile,0.85,81.0
2026-08-22,wk inc covid hosp,0,2026-08-22,42,quantile,0.9,83.0
2026-08-22,wk inc covid hosp,0,2026-08-22,42,quantile,0.95,93.0
2026-08-22,wk inc covid hosp,0,2026-08-22,42,quantile,0.975,119.0
2026-08-22,wk inc covid hosp,0,2026-08-22,42,quantile,0.99,149.0
2026-08-22,wk inc covid hosp,0,2026-08-22,44,quantile,0.01,2.0
2026-08-22,wk inc covid hosp,0,2026-08-22,44,quantile,0.025,3.0
2026-08-22,wk inc covid hosp,0,2026-08-22,44,quantile,0.05,3.0
2026-08-22,wk inc covid hosp,0,2026-08-22,44,quantile,0.1,4.0
2026-08-22,wk inc covid hosp,0,2026-08-22,44,quantile,0.15,5.0
2026-08-22,wk inc covid hosp,0,2026-08-22,44,quantile,0.2,5.0
2026-08-22,wk inc covid hosp,0,2026-08-22,44,quantile,0.25,6.0
2026-08-22,wk inc covid hosp,0,2026-08-22,44,quantile,0.3,6.0
2026-08-22,wk inc covid hosp,0,2026-08-22,44,quantile,0.35,6.0
2026-08-22,wk inc covid hosp,0,2026-08-22,44,quantile,0.4,7.0
2026-08-22,wk inc covid hosp,0,2026-08-22,44,quantile,0.45,7.0
2026-08-22,wk inc covid hosp,0,2026-08-22,44,quantile,0.5,8.0
2026-08-22,wk inc covid hosp,0,2026-08-22,44,quantile,0.55,9.0
2026-08-22,wk inc covid hosp,0,2026-08-22,44,quantile,0.6,10.0
2026-08-22,wk inc covid hosp,0,2026-08-22,44,quantile,0.65,10.0
2026-08-22,wk inc covid hosp,0,2026-08-22,44,quantile,0.7,10.0
2026-08-22,wk inc covid hosp,0,2026-08-22,44,quantile,0.75,11.0
2026-08-22,wk inc covid hosp,0,2026-08-22,44,quantile,0.8,11.0
2026-08-22,wk inc covid hosp,0,2026-08-22,44,quantile,0.85,11.0
2026-08-22,wk inc covid hosp,0,2026-08-22,44,quantile,0.9,12.0
2026-08-22,wk inc covid hosp,0,2026-08-22,44,quantile,0.95,12.0
2026-08-22,wk inc covid hosp,0,2026-08-22,44,quantile,0.975,14.0
2026-08-22,wk inc covid hosp,0,2026-08-22,44,quantile,0.99,17.0
2026-08-22,wk inc covid hosp,0,2026-08-22,45,quantile,0.01,10.0
2026-08-22,wk inc covid hosp,0,2026-08-22,45,quantile,0.025,14.0
2026-08-22,wk inc covid hosp,0,2026-08-22,45,quantile,0.05,15.0
2026-08-22,wk inc covid hosp,0,2026-08-22,45,quantile,0.1,20.0
2026-08-22,wk inc covid hosp,0,2026-08-22,45,quantile,0.15,22.0
2026-08-22,wk inc covid hosp,0,2026-08-22,45,quantile,0.2,23.0
2026-08-22,wk inc covid hosp,0,2026-08-22,45,quantile,0.25,25.0
2026-08-22,wk inc covid hosp,0,2026-08-22,45,quantile,0.3,25.0
2026-08-22,wk inc covid hosp,0,2026-08-22,45,quantile,0.35,26.0
2026-08-22,wk inc covid hosp,0,2026-08-22,45,quantile,0.4,27.0
2026-08-22,wk inc covid hosp,0,2026-08-22,45,quantile,0.45,30.0
2026-08-22,wk inc covid hosp,0,2026-08-22,45,quantile,0.5,30.0
2026-08-22,wk inc covid hosp,0,2026-08-22,45,quantile,0.55,30.0
2026-08-22,wk inc covid hosp,0,2026-08-22,45,quantile,0.6,32.0
2026-08-22,wk inc covid hosp,0,2026-08-22,45,quantile,0.65,32.0
2026-08-22,wk inc covid hosp,0,2026-08-22,45,quantile,0.7,33.0
2026-08-22,wk inc covid hosp,0,2026-08-22,45,quantile,0.75,34.0
2026-08-22,wk inc covid hosp,0,2026-08-22,45,quantile,0.8,35.0
2026-08-22,wk inc covid hosp,0,2026-08-22,45,quantile,0.85,36.0
2026-08-22,wk inc covid hosp,0,2026-08-22,45,quantile,0.9,39.0
2026-08-22,wk inc covid hosp,0,2026-08-22,45,quantile,0.95,43.0
2026-08-22,wk inc covid hosp,0,2026-08-22,45,quantile,0.975,47.0
2026-08-22,wk inc covid hosp,0,2026-08-22,45,quantile,0.99,59.0
2026-08-22,wk inc covid hosp,0,2026-08-22,46,quantile,0.01,0.0
2026-08-22,wk inc covid hosp,0,2026-08-22,46,quantile,0.025,0.0
2026-08-22,wk inc covid hosp,0,2026-08-22,46,quantile,0.05,0.0
2026-08-22,wk inc covid hosp,0,2026-08-22,46,quantile,0.1,0.0
2026-08-22,wk inc covid hosp,0,2026-08-22,46,quantile,0.15,1.0
2026-08-22,wk inc covid hosp,0,2026-08-22,46,quantile,0.2,1.0
2026-08-22,wk inc covid hosp,0,2026-08-22,46,quantile,0.25,1.0
2026-08-22,wk inc covid hosp,0,2026-08-22,46,quantile,0.3,1.0
2026-08-22,wk inc covid hosp,0,2026-08-22,46,quantile,0.35,1.0
2026-08-22,wk inc covid hosp,0,2026-08-22,46,quantile,0.4,1.0
2026-08-22,wk inc covid hosp,0,2026-08-22,46,quantile,0.45,1.0
2026-08-22,wk inc covid hosp,0,2026-08-22,46,quantile,0.5,1.0
2026-08-22,wk inc covid hosp,0,2026-08-22,46,quantile,0.55,1.0
2026-08-22,wk inc covid hosp,0,2026-08-22,46,quantile,0.6,1.0
2026-08-22,wk inc covid hosp,0,2026-08-22,46,quantile,0.65,1.0
2026-08-22,wk inc covid hosp,0,2026-08-22,46,quantile,0.7,1.0
2026-08-22,wk inc covid hosp,0,2026-08-22,46,quantile,0.75,2.0
2026-08-22,wk inc covid hosp,0,2026-08-22,46,quantile,0.8,2.0
2026-08-22,wk inc covid hosp,0,2026-08-22,46,quantile,0.85,2.0
2026-08-22,wk inc covid hosp,0,2026-08-22,46,quantile,0.9,3.0
2026-08-22,wk inc covid hosp,0,2026-08-22,46,quantile,0.95,4.0
2026-08-22,wk inc covid hosp,0,2026-08-22,46,quantile,0.975,6.0
2026-08-22,wk inc covid hosp,0,2026-08-22,46,quantile,0.99,10.0
2026-08-22,wk inc covid hosp,0,2026-08-22,47,quantile,0.01,16.0
2026-08-22,wk inc covid hosp,0,2026-08-22,47,quantile,0.025,20.0
2026-08-22,wk inc covid hosp,0,2026-08-22,47,quantile,0.05,25.0
2026-08-22,wk inc covid hosp,0,2026-08-22,47,quantile,0.1,34.0
2026-08-22,wk inc covid hosp,0,2026-08-22,47,quantile,0.15,37.0
2026-08-22,wk inc covid hosp,0,2026-08-22,47,quantile,0.2,41.0
2026-08-22,wk inc covid hosp,0,2026-08-22,47,quantile,0.25,43.0
2026-08-22,wk inc covid hosp,0,2026-08-22,47,quantile,0.3,44.0
2026-08-22,wk inc covid hosp,0,2026-08-22,47,quantile,0.35,44.0
2026-08-22,wk inc covid hosp,0,2026-08-22,47,quantile,0.4,46.0
2026-08-22,wk inc covid hosp,0,2026-08-22,47,quantile,0.45,46.0
2026-08-22,wk inc covid hosp,0,2026-08-22,47,quantile,0.5,46.0
2026-08-22,wk inc covid hosp,0,2026-08-22,47,quantile,0.55,46.0
2026-08-22,wk inc covid hosp,0,2026-08-22,47,quantile,0.6,47.0
2026-08-22,wk inc covid hosp,0,2026-08-22,47,quantile,0.65,47.0
2026-08-22,wk inc covid hosp,0,2026-08-22,47,quantile,0.7,49.0
2026-08-22,wk inc covid hosp,0,2026-08-22,47,quantile,0.75,50.0
2026-08-22,wk inc covid hosp,0,2026-08-22,47,quantile,0.8,50.0
2026-08-22,wk inc covid hosp,0,2026-08-22,47,quantile,0.85,52.0
2026-08-22,wk inc covid hosp,0,2026-08-22,47,quantile,0.9,53.0
2026-08-22,wk inc covid hosp,0,2026-08-22,47,quantile,0.95,58.0
2026-08-22,wk inc covid hosp,0,2026-08-22,47,quantile,0.975,66.0
2026-08-22,wk inc covid hosp,0,2026-08-22,47,quantile,0.99,78.0
2026-08-22,wk inc covid hosp,0,2026-08-22,48,quantile,0.01,114.0
2026-08-22,wk inc covid hosp,0,2026-08-22,48,quantile,0.025,150.0
2026-08-22,wk inc covid hosp,0,2026-08-22,48,quantile,0.05,181.0
2026-08-22,wk inc covid hosp,0,2026-08-22,48,quantile,0.1,204.0
2026-08-22,wk inc covid hosp,0,2026-08-22,48,quantile,0.15,224.0
2026-08-22,wk inc covid hosp,0,2026-08-22,48,quantile,0.2,242.0
2026-08-22,wk inc covid hosp,0,2026-08-22,48,quantile,0.25,246.0
2026-08-22,wk inc covid hosp,0,2026-08-22,48,quantile,0.3,259.0
2026-08-22,wk inc covid hosp,0,2026-08-22,48,quantile,0.35,269.0
2026-08-22,wk inc covid hosp,0,2026-08-22,48,quantile,0.4,286.0
2026-08-22,wk inc covid hosp,0,2026-08-22,48,quantile,0.45,290.0
2026-08-22,wk inc covid hosp,0,2026-08-22,48,quantile,0.5,294.0
2026-08-22,wk inc covid hosp,0,2026-08-22,48,quantile,0.55,316.0
2026-08-22,wk inc covid hosp,0,2026-08-22,48,quantile,0.6,316.0
2026-08-22,wk inc covid hosp,0,2026-08-22,48,quantile,0.65,333.0
2026-08-22,wk inc covid hosp,0,2026-08-22,48,quantile,0.7,333.0
2026-08-22,wk inc covid hosp,0,2026-08-22,48,quantile,0.75,333.0
2026-08-22,wk inc covid hosp,0,2026-08-22,48,quantile,0.8,333.0
2026-08-22,wk inc covid hosp,0,2026-08-22,48,quantile,0.85,333.0
2026-08-22,wk inc covid hosp,0,2026-08-22,48,quantile,0.9,355.0
2026-08-22,wk inc covid hosp,0,2026-08-22,48,quantile,0.95,394.0
2026-08-22,wk inc covid hosp,0,2026-08-22,48,quantile,0.975,406.0
2026-08-22,wk inc covid hosp,0,2026-08-22,48,quantile,0.99,507.0
2026-08-22,wk inc covid hosp,0,2026-08-22,49,quantile,0.01,1.0
2026-08-22,wk inc covid hosp,0,2026-08-22,49,quantile,0.025,2.0
2026-08-22,wk inc covid hosp,0,2026-08-22,49,quantile,0.05,2.0
2026-08-22,wk inc covid hosp,0,2026-08-22,49,quantile,0.1,3.0
2026-08-22,wk inc covid hosp,0,2026-08-22,49,quantile,0.15,3.0
2026-08-22,wk inc covid hosp,0,2026-08-22,49,quantile,0.2,4.0
2026-08-22,wk inc covid hosp,0,2026-08-22,49,quantile,0.25,4.0
2026-08-22,wk inc covid hosp,0,2026-08-22,49,quantile,0.3,5.0
2026-08-22,wk inc covid hosp,0,2026-08-22,49,quantile,0.35,5.0
2026-08-22,wk inc covid hosp,0,2026-08-22,49,quantile,0.4,5.0
2026-08-22,wk inc covid hosp,0,2026-08-22,49,quantile,0.45,6.0
2026-08-22,wk inc covid hosp,0,2026-08-22,49,quantile,0.5,6.0
2026-08-22,wk inc covid hosp,0,2026-08-22,49,quantile,0.55,6.0
2026-08-22,wk inc covid hosp,0,2026-08-22,49,quantile,0.6,6.0
2026-08-22,wk inc covid hosp,0,2026-08-22,49,quantile,0.65,6.0
2026-08-22,wk inc covid hosp,0,2026-08-22,49,quantile,0.7,8.0
2026-08-22,wk inc covid hosp,0,2026-08-22,49,quantile,0.75,8.0
2026-08-22,wk inc covid hosp,0,2026-08-22,49,quantile,0.8,10.0
2026-08-22,wk inc covid hosp,0,2026-08-22,49,quantile,0.85,10.0
2026-08-22,wk inc covid hosp,0,2026-08-22,49,quantile,0.9,13.0
2026-08-22,wk inc covid hosp,0,2026-08-22,49,quantile,0.95,15.0
2026-08-22,wk inc covid hosp,0,2026-08-22,49,quantile,0.975,16.0
2026-08-22,wk inc covid hosp,0,2026-08-22,49,quantile,0.99,32.0
2026-08-22,wk inc covid hosp,0,2026-08-22,50,quantile,0.01,0.0
2026-08-22,wk inc covid hosp,0,2026-08-22,50,quantile,0.025,1.0
2026-08-22,wk inc covid hosp,0,2026-08-22,50,quantile,0.05,1.0
2026-08-22,wk inc covid hosp,0,2026-08-22,50,quantile,0.1,1.0
2026-08-22,wk inc covid hosp,0,2026-08-22,50,quantile,0.15,1.0
2026-08-22,wk inc covid hosp,0,2026-08-22,50,quantile,0.2,1.0
2026-08-22,wk inc covid hosp,0,2026-08-22,50,quantile,0.25,1.0
2026-08-22,wk inc covid hosp,0,2026-08-22,50,quantile,0.3,1.0
2026-08-22,wk inc covid hosp,0,2026-08-22,50,quantile,0.35,1.0
2026-08-22,wk inc covid hosp,0,2026-08-22,50,quantile,0.4,1.0
2026-08-22,wk inc covid hosp,0,2026-08-22,50,quantile,0.45,1.0
2026-08-22,wk inc covid hosp,0,2026-08-22,50,quantile,0.5,1.0
2026-08-22,wk inc covid hosp,0,2026-08-22,50,quantile,0.55,1.0
2026-08-22,wk inc covid hosp,0,2026-08-22,50,quantile,0.6,1.0
2026-08-22,wk inc covid hosp,0,2026-08-22,50,quantile,0.65,2.0
2026-08-22,wk inc covid hosp,0,2026-08-22,50,quantile,0.7,2.0
2026-08-22,wk inc covid hosp,0,2026-08-22,50,quantile,0.75,2.0
2026-08-22,wk inc covid hosp,0,2026-08-22,50,quantile,0.8,2.0
2026-08-22,wk inc covid hosp,0,2026-08-22,50,quantile,0.85,2.0
2026-08-22,wk inc covid hosp,0,2026-08-22,50,quantile,0.9,3.0
2026-08-22,wk inc covid hosp,0,2026-08-22,50,quantile,0.95,4.0
2026-08-22,wk inc covid hosp,0,2026-08-22,50,quantile,0.975,5.0
2026-08-22,wk inc covid hosp,0,2026-08-22,50,quantile,0.99,9.0
2026-08-22,wk inc covid hosp,0,2026-08-22,51,quantile,0.01,7.0
2026-08-22,wk inc covid hosp,0,2026-08-22,51,quantile,0.025,10.0
2026-08-22,wk inc covid hosp,0,2026-08-22,51,quantile,0.05,12.0
2026-08-22,wk inc covid hosp,0,2026-08-22,51,quantile,0.1,17.0
2026-08-22,wk inc covid hosp,0,2026-08-22,51,quantile,0.15,19.0
2026-08-22,wk inc covid hosp,0,2026-08-22,51,quantile,0.2,20.0
2026-08-22,wk inc covid hosp,0,2026-08-22,51,quantile,0.25,21.0
2026-08-22,wk inc covid hosp,0,2026-08-22,51,quantile,0.3,21.0
2026-08-22,wk inc covid hosp,0,2026-08-22,51,quantile,0.35,21.0
2026-08-22,wk inc covid hosp,0,2026-08-22,51,quantile,0.4,21.0
2026-08-22,wk inc covid hosp,0,2026-08-22,51,quantile,0.45,21.0
2026-08-22,wk inc covid hosp,0,2026-08-22,51,quantile,0.5,21.0
2026-08-22,wk inc covid hosp,0,2026-08-22,51,quantile,0.55,22.0
2026-08-22,wk inc covid hosp,0,2026-08-22,51,quantile,0.6,23.0
2026-08-22,wk inc covid hosp,0,2026-08-22,51,quantile,0.65,23.0
2026-08-22,wk inc covid hosp,0,2026-08-22,51,quantile,0.7,23.0
2026-08-22,wk inc covid hosp,0,2026-08-22,51,quantile,0.75,26.0
2026-08-22,wk inc covid hosp,0,2026-08-22,51,quantile,0.8,26.0
2026-08-22,wk inc covid hosp,0,2026-08-22,51,quantile,0.85,29.0
2026-08-22,wk inc covid hosp,0,2026-08-22,51,quantile,0.9,31.0
2026-08-22,wk inc covid hosp,0,2026-08-22,51,quantile,0.95,37.0
2026-08-22,wk inc covid hosp,0,2026-08-22,51,quantile,0.975,37.0
2026-08-22,wk inc covid hosp,0,2026-08-22,51,quantile,0.99,66.0
2026-08-22,wk inc covid hosp,0,2026-08-22,53,quantile,0.01,18.0
2026-08-22,wk inc covid hosp,0,2026-08-22,53,quantile,0.025,22.0
2026-08-22,wk inc covid hosp,0,2026-08-22,53,quantile,0.05,27.0
2026-08-22,wk inc covid hosp,0,2026-08-22,53,quantile,0.1,32.0
2026-08-22,wk inc covid hosp,0,2026-08-22,53,quantile,0.15,35.0
2026-08-22,wk inc covid hosp,0,2026-08-22,53,quantile,0.2,38.0
2026-08-22,wk inc covid hosp,0,2026-08-22,53,quantile,0.25,42.0
2026-08-22,wk inc covid hosp,0,2026-08-22,53,quantile,0.3,42.0
2026-08-22,wk inc covid hosp,0,2026-08-22,53,quantile,0.35,43.0
2026-08-22,wk inc covid hosp,0,2026-08-22,53,quantile,0.4,44.0
2026-08-22,wk inc covid hosp,0,2026-08-22,53,quantile,0.45,44.0
2026-08-22,wk inc covid hosp,0,2026-08-22,53,quantile,0.5,45.0
2026-08-22,wk inc covid hosp,0,2026-08-22,53,quantile,0.55,47.0
2026-08-22,wk inc covid hosp,0,2026-08-22,53,quantile,0.6,47.0
2026-08-22,wk inc covid hosp,0,2026-08-22,53,quantile,0.65,53.0
2026-08-22,wk inc covid hosp,0,2026-08-22,53,quantile,0.7,57.0
2026-08-22,wk inc covid hosp,0,2026-08-22,53,quantile,0.75,57.0
2026-08-22,wk inc covid hosp,0,2026-08-22,53,quantile,0.8,57.0
2026-08-22,wk inc covid hosp,0,2026-08-22,53,quantile,0.85,57.0
2026-08-22,wk inc covid hosp,0,2026-08-22,53,quantile,0.9,64.0
2026-08-22,wk inc covid hosp,0,2026-08-22,53,quantile,0.95,65.0
2026-08-22,wk inc covid hosp,0,2026-08-22,53,quantile,0.975,76.0
2026-08-22,wk inc covid hosp,0,2026-08-22,53,quantile,0.99,95.0
2026-08-22,wk inc covid hosp,0,2026-08-22,54,quantile,0.01,0.0
2026-08-22,wk inc covid hosp,0,2026-08-22,54,quantile,0.025,1.0
2026-08-22,wk inc covid hosp,0,2026-08-22,54,quantile,0.05,1.0
2026-08-22,wk inc covid hosp,0,2026-08-22,54,quantile,0.1,2.0
2026-08-22,wk inc covid hosp,0,2026-08-22,54,quantile,0.15,2.0
2026-08-22,wk inc covid hosp,0,2026-08-22,54,quantile,0.2,2.0
2026-08-22,wk inc covid hosp,0,2026-08-22,54,quantile,0.25,2.0
2026-08-22,wk inc covid hosp,0,2026-08-22,54,quantile,0.3,2.0
2026-08-22,wk inc covid hosp,0,2026-08-22,54,quantile,0.35,2.0
2026-08-22,wk inc covid hosp,0,2026-08-22,54,quantile,0.4,3.0
2026-08-22,wk inc covid hosp,0,2026-08-22,54,quantile,0.45,3.0
2026-08-22,wk inc covid hosp,0,2026-08-22,54,quantile,0.5,3.0
2026-08-22,wk inc covid hosp,0,2026-08-22,54,quantile,0.55,4.0
2026-08-22,wk inc covid hosp,0,2026-08-22,54,quantile,0.6,4.0
2026-08-22,wk inc covid hosp,0,2026-08-22,54,quantile,0.65,4.0
2026-08-22,wk inc covid hosp,0,2026-08-22,54,quantile,0.7,4.0
2026-08-22,wk inc covid hosp,0,2026-08-22,54,quantile,0.75,4.0
2026-08-22,wk inc covid hosp,0,2026-08-22,54,quantile,0.8,5.0
2026-08-22,wk inc covid hosp,0,2026-08-22,54,quantile,0.85,5.0
2026-08-22,wk inc covid hosp,0,2026-08-22,54,quantile,0.9,6.0
2026-08-22,wk inc covid hosp,0,2026-08-22,54,quantile,0.95,7.0
2026-08-22,wk inc covid hosp,0,2026-08-22,54,quantile,0.975,10.0
2026-08-22,wk inc covid hosp,0,2026-08-22,54,quantile,0.99,19.0
2026-08-22,wk inc covid hosp,0,2026-08-22,55,quantile,0.01,2.0
2026-08-22,wk inc covid hosp,0,2026-08-22,55,quantile,0.025,3.0
2026-08-22,wk inc covid hosp,0,2026-08-22,55,quantile,0.05,4.0
2026-08-22,wk inc covid hosp,0,2026-08-22,55,quantile,0.1,5.0
2026-08-22,wk inc covid hosp,0,2026-08-22,55,quantile,0.15,5.0
2026-08-22,wk inc covid hosp,0,2026-08-22,55,quantile,0.2,6.0
2026-08-22,wk inc covid hosp,0,2026-08-22,55,quantile,0.25,7.0
2026-08-22,wk inc covid hosp,0,2026-08-22,55,quantile,0.3,7.0
2026-08-22,wk inc covid hosp,0,2026-08-22,55,quantile,0.35,7.0
2026-08-22,wk inc covid hosp,0,2026-08-22,55,quantile,0.4,7.0
2026-08-22,wk inc covid hosp,0,2026-08-22,55,quantile,0.45,8.0
2026-08-22,wk inc covid hosp,0,2026-08-22,55,quantile,0.5,8.0
2026-08-22,wk inc covid hosp,0,2026-08-22,55,quantile,0.55,9.0
2026-08-22,wk inc covid hosp,0,2026-08-22,55,quantile,0.6,9.0
2026-08-22,wk inc covid hosp,0,2026-08-22,55,quantile,0.65,9.0
2026-08-22,wk inc covid hosp,0,2026-08-22,55,quantile,0.7,10.0
2026-08-22,wk inc covid hosp,0,2026-08-22,55,quantile,0.75,12.0
2026-08-22,wk inc covid hosp,0,2026-08-22,55,quantile,0.8,14.0
2026-08-22,wk inc covid hosp,0,2026-08-22,55,quantile,0.85,16.0
2026-08-22,wk inc covid hosp,0,2026-08-22,55,quantile,0.9,19.0
2026-08-22,wk inc covid hosp,0,2026-08-22,55,quantile,0.95,23.0
2026-08-22,wk inc covid hosp,0,2026-08-22,55,quantile,0.975,37.0
2026-08-22,wk inc covid hosp,0,2026-08-22,55,quantile,0.99,63.0
2026-08-22,wk inc covid hosp,0,2026-08-22,56,quantile,0.01,0.0
2026-08-22,wk inc covid hosp,0,2026-08-22,56,quantile,0.025,0.0
2026-08-22,wk inc covid hosp,0,2026-08-22,56,quantile,0.05,0.0
2026-08-22,wk inc covid hosp,0,2026-08-22,56,quantile,0.1,1.0
2026-08-22,wk inc covid hosp,0,2026-08-22,56,quantile,0.15,1.0
2026-08-22,wk inc covid hosp,0,2026-08-22,56,quantile,0.2,1.0
2026-08-22,wk inc covid hosp,0,2026-08-22,56,quantile,0.25,1.0
2026-08-22,wk inc covid hosp,0,2026-08-22,56,quantile,0.3,1.0
2026-08-22,wk inc covid hosp,0,2026-08-22,56,quantile,0.35,1.0
2026-08-22,wk inc covid hosp,0,2026-08-22,56,quantile,0.4,1.0
2026-08-22,wk inc covid hosp,0,2026-08-22,56,quantile,0.45,1.0
2026-08-22,wk inc covid hosp,0,2026-08-22,56,quantile,0.5,2.0
2026-08-22,wk inc covid hosp,0,2026-08-22,56,quantile,0.55,2.0
2026-08-22,wk inc covid hosp,0,2026-08-22,56,quantile,0.6,2.0
2026-08-22,wk inc covid hosp,0,2026-08-22,56,quantile,0.65,2.0
2026-08-22,wk inc covid hosp,0,2026-08-22,56,quantile,0.7,2.0
2026-08-22,wk inc covid hosp,0,2026-08-22,56,quantile,0.75,2.0
2026-08-22,wk inc covid hosp,0,2026-08-22,56,quantile,0.8,2.0
2026-08-22,wk inc covid hosp,0,2026-08-22,56,quantile,0.85,3.0
2026-08-22,wk inc covid hosp,0,2026-08-22,56,quantile,0.9,3.0
2026-08-22,wk inc covid hosp,0,2026-08-22,56,quantile,0.95,4.0
2026-08-22,wk inc covid hosp,0,2026-08-22,56,quantile,0.975,5.0
2026-08-22,wk inc covid hosp,0,2026-08-22,56,quantile,0.99,8.0
2026-08-22,wk inc covid hosp,0,2026-08-22,72,quantile,0.01,32.0
2026-08-22,wk inc covid hosp,0,2026-08-22,72,quantile,0.025,34.0
2026-08-22,wk inc covid hosp,0,2026-08-22,72,quantile,0.05,40.0
2026-08-22,wk inc covid hosp,0,2026-08-22,72,quantile,0.1,45.0
2026-08-22,wk inc covid hosp,0,2026-08-22,72,quantile,0.15,52.0
2026-08-22,wk inc covid hosp,0,2026-08-22,72,quantile,0.2,59.0
2026-08-22,wk inc covid hosp,0,2026-08-22,72,quantile,0.25,63.0
2026-08-22,wk inc covid hosp,0,2026-08-22,72,quantile,0.3,65.0
2026-08-22,wk inc covid hosp,0,2026-08-22,72,quantile,0.35,70.0
2026-08-22,wk inc covid hosp,0,2026-08-22,72,quantile,0.4,74.0
2026-08-22,wk inc covid hosp,0,2026-08-22,72,quantile,0.45,74.0
2026-08-22,wk inc covid hosp,0,2026-08-22,72,quantile,0.5,74.0
2026-08-22,wk inc covid hosp,0,2026-08-22,72,quantile,0.55,74.0
2026-08-22,wk inc covid hosp,0,2026-08-22,72,quantile,0.6,78.0
2026-08-22,wk inc covid hosp,0,2026-08-22,72,quantile,0.65,80.0
2026-08-22,wk inc covid hosp,0,2026-08-22,72,quantile,0.7,81.0
2026-08-22,wk inc covid hosp,0,2026-08-22,72,quantile,0.75,89.0
2026-08-22,wk inc covid hosp,0,2026-08-22,72,quantile,0.8,103.0
2026-08-22,wk inc covid hosp,0,2026-08-22,72,quantile,0.85,105.0
2026-08-22,wk inc covid hosp,0,2026-08-22,72,quantile,0.9,115.0
2026-08-22,wk inc covid hosp,0,2026-08-22,72,quantile,0.95,123.0
2026-08-22,wk inc covid hosp,0,2026-08-22,72,quantile,0.975,123.0
2026-08-22,wk inc covid hosp,0,2026-08-22,72,quantile,0.99,123.0
2026-08-22,wk inc covid hosp,1,2026-08-29,01,quantile,0.01,27.0
2026-08-22,wk inc covid hosp,1,2026-08-29,01,quantile,0.025,34.0
2026-08-22,wk inc covid hosp,1,2026-08-29,01,quantile,0.05,40.0
2026-08-22,wk inc covid hosp,1,2026-08-29,01,quantile,0.1,46.0
2026-08-22,wk inc covid hosp,1,2026-08-29,01,quantile,0.15,53.0
2026-08-22,wk inc covid hosp,1,2026-08-29,01,quantile,0.2,60.0
2026-08-22,wk inc covid hosp,1,2026-08-29,01,quantile,0.25,66.0
2026-08-22,wk inc covid hosp,1,2026-08-29,01,quantile,0.3,68.0
2026-08-22,wk inc covid hosp,1,2026-08-29,01,quantile,0.35,72.0
2026-08-22,wk inc covid hosp,1,2026-08-29,01,quantile,0.4,73.0
2026-08-22,wk inc covid hosp,1,2026-08-29,01,quantile,0.45,73.0
2026-08-22,wk inc covid hosp,1,2026-08-29,01,quantile,0.5,73.0
2026-08-22,wk inc covid hosp,1,2026-08-29,01,quantile,0.55,76.0
2026-08-22,wk inc covid hosp,1,2026-08-29,01,quantile,0.6,80.0
2026-08-22,wk inc covid hosp,1,2026-08-29,01,quantile,0.65,84.0
2026-08-22,wk inc covid hosp,1,2026-08-29,01,quantile,0.7,89.0
2026-08-22,wk inc covid hosp,1,2026-08-29,01,quantile,0.75,89.0
2026-08-22,wk inc covid hosp,1,2026-08-29,01,quantile,0.8,90.0
2026-08-22,wk inc covid hosp,1,2026-08-29,01,quantile,0.85,91.0
2026-08-22,wk inc covid hosp,1,2026-08-29,01,quantile,0.9,91.0
2026-08-22,wk inc covid hosp,1,2026-08-29,01,quantile,0.95,99.0
2026-08-22,wk inc covid hosp,1,2026-08-29,01,quantile,0.975,99.0
2026-08-22,wk inc covid hosp,1,2026-08-29,01,quantile,0.99,100.0
2026-08-22,wk inc covid hosp,1,2026-08-29,02,quantile,0.01,1.0
2026-08-22,wk inc covid hosp,1,2026-08-29,02,quantile,0.025,1.0
2026-08-22,wk inc covid hosp,1,2026-08-29,02,quantile,0.05,2.0
2026-08-22,wk inc covid hosp,1,2026-08-29,02,quantile,0.1,2.0
2026-08-22,wk inc covid hosp,1,2026-08-29,02,quantile,0.15,3.0
2026-08-22,wk inc covid hosp,1,2026-08-29,02,quantile,0.2,3.0
2026-08-22,wk inc covid hosp,1,2026-08-29,02,quantile,0.25,3.0
2026-08-22,wk inc covid hosp,1,2026-08-29,02,quantile,0.3,4.0
2026-08-22,wk inc covid hosp,1,2026-08-29,02,quantile,0.35,4.0
2026-08-22,wk inc covid hosp,1,2026-08-29,02,quantile,0.4,4.0
2026-08-22,wk inc covid hosp,1,2026-08-29,02,quantile,0.45,5.0
2026-08-22,wk inc covid hosp,1,2026-08-29,02,quantile,0.5,5.0
2026-08-22,wk inc covid hosp,1,2026-08-29,02,quantile,0.55,5.0
2026-08-22,wk inc covid hosp,1,2026-08-29,02,quantile,0.6,5.0
2026-08-22,wk inc covid hosp,1,2026-08-29,02,quantile,0.65,5.0
2026-08-22,wk inc covid hosp,1,2026-08-29,02,quantile,0.7,5.0
2026-08-22,wk inc covid hosp,1,2026-08-29,02,quantile,0.75,5.0
2026-08-22,wk inc covid hosp,1,2026-08-29,02,quantile,0.8,6.0
2026-08-22,wk inc covid hosp,1,2026-08-29,02,quantile,0.85,6.0
2026-08-22,wk inc covid hosp,1,2026-08-29,02,quantile,0.9,7.0
2026-08-22,wk inc covid hosp,1,2026-08-29,02,quantile,0.95,7.0
2026-08-22,wk inc covid hosp,1,2026-08-29,02,quantile,0.975,7.0
2026-08-22,wk inc covid hosp,1,2026-08-29,02,quantile,0.99,9.0
2026-08-22,wk inc covid hosp,1,2026-08-29,04,quantile,0.01,24.0
2026-08-22,wk inc covid hosp,1,2026-08-29,04,quantile,0.025,30.0
2026-08-22,wk inc covid hosp,1,2026-08-29,04,quantile,0.05,35.0
2026-08-22,wk inc covid hosp,1,2026-08-29,04,quantile,0.1,41.0
2026-08-22,wk inc covid hosp,1,2026-08-29,04,quantile,0.15,46.0
2026-08-22,wk inc covid hosp,1,2026-08-29,04,quantile,0.2,46.0
2026-08-22,wk inc covid hosp,1,2026-08-29,04,quantile,0.25,48.0
2026-08-22,wk inc covid hosp,1,2026-08-29,04,quantile,0.3,49.0
2026-08-22,wk inc covid hosp,1,2026-08-29,04,quantile,0.35,50.0
2026-08-22,wk inc covid hosp,1,2026-08-29,04,quantile,0.4,52.0
2026-08-22,wk inc covid hosp,1,2026-08-29,04,quantile,0.45,55.0
2026-08-22,wk inc covid hosp,1,2026-08-29,04,quantile,0.5,60.0
2026-08-22,wk inc covid hosp,1,2026-08-29,04,quantile,0.55,60.0
2026-08-22,wk inc covid hosp,1,2026-08-29,04,quantile,0.6,63.0
2026-08-22,wk inc covid hosp,1,2026-08-29,04,quantile,0.65,63.0
2026-08-22,wk inc covid hosp,1,2026-08-29,04,quantile,0.7,63.0
2026-08-22,wk inc covid hosp,1,2026-08-29,04,quantile,0.75,63.0
2026-08-22,wk inc covid hosp,1,2026-08-29,04,quantile,0.8,64.0
2026-08-22,wk inc covid hosp,1,2026-08-29,04,quantile,0.85,64.0
2026-08-22,wk inc covid hosp,1,2026-08-29,04,quantile,0.9,71.0
2026-08-22,wk inc covid hosp,1,2026-08-29,04,quantile,0.95,73.0
2026-08-22,wk inc covid hosp,1,2026-08-29,04,quantile,0.975,78.0
2026-08-22,wk inc covid hosp,1,2026-08-29,04,quantile,0.99,91.0
2026-08-22,wk inc covid hosp,1,2026-08-29,05,quantile,0.01,4.0
2026-08-22,wk inc covid hosp,1,2026-08-29,05,quantile,0.025,7.0
2026-08-22,wk inc covid hosp,1,2026-08-29,05,quantile,0.05,7.0
2026-08-22,wk inc covid hosp,1,2026-08-29,05,quantile,0.1,9.0
2026-08-22,wk inc covid hosp,1,2026-08-29,05,quantile,0.15,10.0
2026-08-22,wk inc covid hosp,1,2026-08-29,05,quantile,0.2,11.0
2026-08-22,wk inc covid hosp,1,2026-08-29,05,quantile,0.25,12.0
2026-08-22,wk inc covid hosp,1,2026-08-29,05,quantile,0.3,14.0
2026-08-22,wk inc covid hosp,1,2026-08-29,05,quantile,0.35,14.0
2026-08-22,wk inc covid hosp,1,2026-08-29,05,quantile,0.4,15.0
2026-08-22,wk inc covid hosp,1,2026-08-29,05,quantile,0.45,15.0
2026-08-22,wk inc covid hosp,1,2026-08-29,05,quantile,0.5,17.0
2026-08-22,wk inc covid hosp,1,2026-08-29,05,quantile,0.55,17.0
2026-08-22,wk inc covid hosp,1,2026-08-29,05,quantile,0.6,17.0
2026-08-22,wk inc covid hosp,1,2026-08-29,05,quantile,0.65,17.0
2026-08-22,wk inc covid hosp,1,2026-08-29,05,quantile,0.7,17.0
2026-08-22,wk inc covid hosp,1,2026-08-29,05,quantile,0.75,17.0
2026-08-22,wk inc covid hosp,1,2026-08-29,05,quantile,0.8,18.0
2026-08-22,wk inc covid hosp,1,2026-08-29,05,quantile,0.85,20.0
2026-08-22,wk inc covid hosp,1,2026-08-29,05,quantile,0.9,22.0
2026-08-22,wk inc covid hosp,1,2026-08-29,05,quantile,0.95,22.0
2026-08-22,wk inc covid hosp,1,2026-08-29,05,quantile,0.975,26.0
2026-08-22,wk inc covid hosp,1,2026-08-29,05,quantile,0.99,32.0
2026-08-22,wk inc covid hosp,1,2026-08-29,06,quantile,0.01,207.0
2026-08-22,wk inc covid hosp,1,2026-08-29,06,quantile,0.025,280.0
2026-08-22,wk inc covid hosp,1,2026-08-29,06,quantile,0.05,328.0
2026-08-22,wk inc covid hosp,1,2026-08-29,06,quantile,0.1,371.0
2026-08-22,wk inc covid hosp,1,2026-08-29,06,quantile,0.15,407.0
2026-08-22,wk inc covid hosp,1,2026-08-29,06,quantile,0.2,411.0
2026-08-22,wk inc covid hosp,1,2026-08-29,06,quantile,0.25,424.0
2026-08-22,wk inc covid hosp,1,2026-08-29,06,quantile,0.3,435.0
2026-08-22,wk inc covid hosp,1,2026-08-29,06,quantile,0.35,442.0
2026-08-22,wk inc covid hosp,1,2026-08-29,06,quantile,0.4,452.0
2026-08-22,wk inc covid hosp,1,2026-08-29,06,quantile,0.45,466.0
2026-08-22,wk inc covid hosp,1,2026-08-29,06,quantile,0.5,492.0
2026-08-22,wk inc covid hosp,1,2026-08-29,06,quantile,0.55,499.0
2026-08-22,wk inc covid hosp,1,2026-08-29,06,quantile,0.6,530.0
2026-08-22,wk inc covid hosp,1,2026-08-29,06,quantile,0.65,530.0
2026-08-22,wk inc covid hosp,1,2026-08-29,06,quantile,0.7,530.0
2026-08-22,wk inc covid hosp,1,2026-08-29,06,quantile,0.75,530.0
2026-08-22,wk inc covid hosp,1,2026-08-29,06,quantile,0.8,533.0
2026-08-22,wk inc covid hosp,1,2026-08-29,06,quantile,0.85,537.0
2026-08-22,wk inc covid hosp,1,2026-08-29,06,quantile,0.9,563.0
2026-08-22,wk inc covid hosp,1,2026-08-29,06,quantile,0.95,586.0
2026-08-22,wk inc covid hosp,1,2026-08-29,06,quantile,0.975,613.0
2026-08-22,wk inc covid hosp,1,2026-08-29,06,quantile,0.99,727.0
2026-08-22,wk inc covid hosp,1,2026-08-29,08,quantile,0.01,7.0
2026-08-22,wk inc covid hosp,1,2026-08-29,08,quantile,0.025,9.0
2026-08-22,wk inc covid hosp,1,2026-08-29,08,quantile,0.05,10.0
2026-08-22,wk inc covid hosp,1,2026-08-29,08,quantile,0.1,12.0
2026-08-22,wk inc covid hosp,1,2026-08-29,08,quantile,0.15,14.0
2026-08-22,wk inc covid hosp,1,2026-08-29,08,quantile,0.2,14.0
2026-08-22,wk inc covid hosp,1,2026-08-29,08,quantile,0.25,15.0
2026-08-22,wk inc covid hosp,1,2026-08-29,08,quantile,0.3,16.0
2026-08-22,wk inc covid hosp,1,2026-08-29,08,quantile,0.35,17.0
2026-08-22,wk inc covid hosp,1,2026-08-29,08,quantile,0.4,17.0
2026-08-22,wk inc covid hosp,1,2026-08-29,08,quantile,0.45,18.0
2026-08-22,wk inc covid hosp,1,2026-08-29,08,quantile,0.5,18.0
2026-08-22,wk inc covid hosp,1,2026-08-29,08,quantile,0.55,18.0
2026-08-22,wk inc covid hosp,1,2026-08-29,08,quantile,0.6,18.0
2026-08-22,wk inc covid hosp,1,2026-08-29,08,quantile,0.65,18.0
2026-08-22,wk inc covid hosp,1,2026-08-29,08,quantile,0.7,20.0
2026-08-22,wk inc covid hosp,1,2026-08-29,08,quantile,0.75,21.0
2026-08-22,wk inc covid hosp,1,2026-08-29,08,quantile,0.8,22.0
2026-08-22,wk inc covid hosp,1,2026-08-29,08,quantile,0.85,25.0
2026-08-22,wk inc covid hosp,1,2026-08-29,08,quantile,0.9,25.0
2026-08-22,wk inc covid hosp,1,2026-08-29,08,quantile,0.95,26.0
2026-08-22,wk inc covid hosp,1,2026-08-29,08,quantile,0.975,37.0
2026-08-22,wk inc covid hosp,1,2026-08-29,08,quantile,0.99,63.0
2026-08-22,wk inc covid hosp,1,2026-08-29,09,quantile,0.01,4.0
2026-08-22,wk inc covid hosp,1,2026-08-29,09,quantile,0.025,6.0
2026-08-22,wk inc covid hosp,1,2026-08-29,09,quantile,0.05,7.0
2026-08-22,wk inc covid hosp,1,2026-08-29,09,quantile,0.1,7.0
2026-08-22,wk inc covid hosp,1,2026-08-29,09,quantile,0.15,8.0
2026-08-22,wk inc covid hosp,1,2026-08-29,09,quantile,0.2,8.0
2026-08-22,wk inc covid hosp,1,2026-08-29,09,quantile,0.25,10.0
2026-08-22,wk inc covid hosp,1,2026-08-29,09,quantile,0.3,10.0
2026-08-22,wk inc covid hosp,1,2026-08-29,09,quantile,0.35,11.0
2026-08-22,wk inc covid hosp,1,2026-08-29,09,quantile,0.4,11.0
2026-08-22,wk inc covid hosp,1,2026-08-29,09,quantile,0.45,11.0
2026-08-22,wk inc covid hosp,1,2026-08-29,09,quantile,0.5,11.0
2026-08-22,wk inc covid hosp,1,2026-08-29,09,quantile,0.55,11.0
2026-08-22,wk inc covid hosp,1,2026-08-29,09,quantile,0.6,12.0
2026-08-22,wk inc covid hosp,1,2026-08-29,09,quantile,0.65,12.0
2026-08-22,wk inc covid hosp,1,2026-08-29,09,quantile,0.7,12.0
2026-08-22,wk inc covid hosp,1,2026-08-29,09,quantile,0.75,13.0
2026-08-22,wk inc covid hosp,1,2026-08-29,09,quantile,0.8,14.0
2026-08-22,wk inc covid hosp,1,2026-08-29,09,quantile,0.85,15.0
2026-08-22,wk inc covid hosp,1,2026-08-29,09,quantile,0.9,16.0
2026-08-22,wk inc covid hosp,1,2026-08-29,09,quantile,0.95,17.0
2026-08-22,wk inc covid hosp,1,2026-08-29,09,quantile,0.975,26.0
2026-08-22,wk inc covid hosp,1,2026-08-29,09,quantile,0.99,39.0
2026-08-22,wk inc covid hosp,1,2026-08-29,10,quantile,0.01,0.0
2026-08-22,wk inc covid hosp,1,2026-08-29,10,quantile,0.025,1.0
2026-08-22,wk inc covid hosp,1,2026-08-29,10,quantile,0.05,1.0
2026-08-22,wk inc covid hosp,1,2026-08-29,10,quantile,0.1,1.0
2026-08-22,wk inc covid hosp,1,2026-08-29,10,quantile,0.15,2.0
2026-08-22,wk inc covid hosp,1,2026-08-29,10,quantile,0.2,2.0
2026-08-22,wk inc covid hosp,1,2026-08-29,10,quantile,0.25,2.0
2026-08-22,wk inc covid hosp,1,2026-08-29,10,quantile,0.3,2.0
2026-08-22,wk inc covid hosp,1,2026-08-29,10,quantile,0.35,2.0
2026-08-22,wk inc covid hosp,1,2026-08-29,10,quantile,0.4,2.0
2026-08-22,wk inc covid hosp,1,2026-08-29,10,quantile,0.45,2.0
2026-08-22,wk inc covid hosp,1,2026-08-29,10,quantile,0.5,2.0
2026-08-22,wk inc covid hosp,1,2026-08-29,10,quantile,0.55,2.0
2026-08-22,wk inc covid hosp,1,2026-08-29,10,quantile,0.6,2.0
2026-08-22,wk inc covid hosp,1,2026-08-29,10,quantile,0.65,2.0
2026-08-22,wk inc covid hosp,1,2026-08-29,10,quantile,0.7,3.0
2026-08-22,wk inc covid hosp,1,2026-08-29,10,quantile,0.75,3.0
2026-08-22,wk inc covid hosp,1,2026-08-29,10,quantile,0.8,4.0
2026-08-22,wk inc covid hosp,1,2026-08-29,10,quantile,0.85,4.0
2026-08-22,wk inc covid hosp,1,2026-08-29,10,quantile,0.9,4.0
2026-08-22,wk inc covid hosp,1,2026-08-29,10,quantile,0.95,5.0
2026-08-22,wk inc covid hosp,1,2026-08-29,10,quantile,0.975,7.0
2026-08-22,wk inc covid hosp,1,2026-08-29,10,quantile,0.99,11.0
2026-08-22,wk inc covid hosp,1,2026-08-29,11,quantile,0.01,1.0
2026-08-22,wk inc covid hosp,1,2026-08-29,11,quantile,0.025,2.0
2026-08-22,wk inc covid hosp,1,2026-08-29,11,quantile,0.05,2.0
2026-08-22,wk inc covid hosp,1,2026-08-29,11,quantile,0.1,2.0
2026-08-22,wk inc covid hosp,1,2026-08-29,11,quantile,0.15,3.0
2026-08-22,wk inc covid hosp,1,2026-08-29,11,quantile,0.2,3.0
2026-08-22,wk inc covid hosp,1,2026-08-29,11,quantile,0.25,4.0
2026-08-22,wk inc covid hosp,1,2026-08-29,11,quantile,0.3,4.0
2026-08-22,wk inc covid hosp,1,2026-08-29,11,quantile,0.35,4.0
2026-08-22,wk inc covid hosp,1,2026-08-29,11,quantile,0.4,5.0
2026-08-22,wk inc covid hosp,1,2026-08-29,11,quantile,0.45,5.0
2026-08-22,wk inc covid hosp,1,2026-08-29,11,quantile,0.5,6.0
2026-08-22,wk inc covid hosp,1,2026-08-29,11,quantile,0.55,6.0
2026-08-22,wk inc covid hosp,1,2026-08-29,11,quantile,0.6,7.0
2026-08-22,wk inc covid hosp,1,2026-08-29,11,quantile,0.65,7.0
2026-08-22,wk inc covid hosp,1,2026-08-29,11,quantile,0.7,7.0
2026-08-22,wk inc covid hosp,1,2026-08-29,11,quantile,0.75,8.0
2026-08-22,wk inc covid hosp,1,2026-08-29,11,quantile,0.8,8.0
2026-08-22,wk inc covid hosp,1,2026-08-29,11,quantile,0.85,8.0
2026-08-22,wk inc covid hosp,1,2026-08-29,11,quantile,0.9,10.0
2026-08-22,wk inc covid hosp,1,2026-08-29,11,quantile,0.95,12.0
2026-08-22,wk inc covid hosp,1,2026-08-29,11,quantile,0.975,12.0
2026-08-22,wk inc covid hosp,1,2026-08-29,11,quantile,0.99,12.0
2026-08-22,wk inc covid hosp,1,2026-08-29,12,quantile,0.01,138.0
2026-08-22,wk inc covid hosp,1,2026-08-29,12,quantile,0.025,182.0
2026-08-22,wk inc covid hosp,1,2026-08-29,12,quantile,0.05,224.0
2026-08-22,wk inc covid hosp,1,2026-08-29,12,quantile,0.1,260.0
2026-08-22,wk inc covid hosp,1,2026-08-29,12,quantile,0.15,280.0
2026-08-22,wk inc covid hosp,1,2026-08-29,12,quantile,0.2,298.0
2026-08-22,wk inc covid hosp,1,2026-08-29,12,quantile,0.25,310.0
2026-08-22,wk inc covid hosp,1,2026-08-29,12,quantile,0.3,322.0
2026-08-22,wk inc covid hosp,1,2026-08-29,12,quantile,0.35,329.0
2026-08-22,wk inc covid hosp,1,2026-08-29,12,quantile,0.4,347.0
2026-08-22,wk inc covid hosp,1,2026-08-29,12,quantile,0.45,348.0
2026-08-22,wk inc covid hosp,1,2026-08-29,12,quantile,0.5,349.0
2026-08-22,wk inc covid hosp,1,2026-08-29,12,quantile,0.55,364.0
2026-08-22,wk inc covid hosp,1,2026-08-29,12,quantile,0.6,381.0
2026-08-22,wk inc covid hosp,1,2026-08-29,12,quantile,0.65,381.0
2026-08-22,wk inc covid hosp,1,2026-08-29,12,quantile,0.7,394.0
2026-08-22,wk inc covid hosp,1,2026-08-29,12,quantile,0.75,396.0
2026-08-22,wk inc covid hosp,1,2026-08-29,12,quantile,0.8,401.0
2026-08-22,wk inc covid hosp,1,2026-08-29,12,quantile,0.85,442.0
2026-08-22,wk inc covid hosp,1,2026-08-29,12,quantile,0.9,484.0
2026-08-22,wk inc covid hosp,1,2026-08-29,12,quantile,0.95,504.0
2026-08-22,wk inc covid hosp,1,2026-08-29,12,quantile,0.975,521.0
2026-08-22,wk inc covid hosp,1,2026-08-29,12,quantile,0.99,565.0
2026-08-22,wk inc covid hosp,1,2026-08-29,13,quantile,0.01,38.0
2026-08-22,wk inc covid hosp,1,2026-08-29,13,quantile,0.025,50.0
2026-08-22,wk inc covid hosp,1,2026-08-29,13,quantile,0.05,60.0
2026-08-22,wk inc covid hosp,1,2026-08-29,13,quantile,0.1,73.0
2026-08-22,wk inc covid hosp,1,2026-08-29,13,quantile,0.15,84.0
2026-08-22,wk inc covid hosp,1,2026-08-29,13,quantile,0.2,88.0
2026-08-22,wk inc covid hosp,1,2026-08-29,13,quantile,0.25,88.0
2026-08-22,wk inc covid hosp,1,2026-08-29,13,quantile,0.3,89.0
2026-08-22,wk inc covid hosp,1,2026-08-29,13,quantile,0.35,91.0
2026-08-22,wk inc covid hosp,1,2026-08-29,13,quantile,0.4,92.0
2026-08-22,wk inc covid hosp,1,2026-08-29,13,quantile,0.45,95.0
2026-08-22,wk inc covid hosp,1,2026-08-29,13,quantile,0.5,95.0
2026-08-22,wk inc covid hosp,1,2026-08-29,13,quantile,0.55,95.0
2026-08-22,wk inc covid hosp,1,2026-08-29,13,quantile,0.6,97.0
2026-08-22,wk inc covid hosp,1,2026-08-29,13,quantile,0.65,100.0
2026-08-22,wk inc covid hosp,1,2026-08-29,13,quantile,0.7,101.0
2026-08-22,wk inc covid hosp,1,2026-08-29,13,quantile,0.75,102.0
2026-08-22,wk inc covid hosp,1,2026-08-29,13,quantile,0.8,106.0
2026-08-22,wk inc covid hosp,1,2026-08-29,13,quantile,0.85,108.0
2026-08-22,wk inc covid hosp,1,2026-08-29,13,quantile,0.9,115.0
2026-08-22,wk inc covid hosp,1,2026-08-29,13,quantile,0.95,124.0
2026-08-22,wk inc covid hosp,1,2026-08-29,13,quantile,0.975,131.0
2026-08-22,wk inc covid hosp,1,2026-08-29,13,quantile,0.99,172.0
2026-08-22,wk inc covid hosp,1,2026-08-29,15,quantile,0.01,6.0
2026-08-22,wk inc covid hosp,1,2026-08-29,15,quantile,0.025,8.0
2026-08-22,wk inc covid hosp,1,2026-08-29,15,quantile,0.05,9.0
2026-08-22,wk inc covid hosp,1,2026-08-29,15,quantile,0.1,12.0
2026-08-22,wk inc covid hosp,1,2026-08-29,15,quantile,0.15,12.0
2026-08-22,wk inc covid hosp,1,2026-08-29,15,quantile,0.2,15.0
2026-08-22,wk inc covid hosp,1,2026-08-29,15,quantile,0.25,16.0
2026-08-22,wk inc covid hosp,1,2026-08-29,15,quantile,0.3,17.0
2026-08-22,wk inc covid hosp,1,2026-08-29,15,quantile,0.35,19.0
2026-08-22,wk inc covid hosp,1,2026-08-29,15,quantile,0.4,20.0
2026-08-22,wk inc covid hosp,1,2026-08-29,15,quantile,0.45,21.0
2026-08-22,wk inc covid hosp,1,2026-08-29,15,quantile,0.5,21.0
2026-08-22,wk inc covid hosp,1,2026-08-29,15,quantile,0.55,22.0
2026-08-22,wk inc covid hosp,1,2026-08-29,15,quantile,0.6,23.0
2026-08-22,wk inc covid hosp,1,2026-08-29,15,quantile,0.65,24.0
2026-08-22,wk inc covid hosp,1,2026-08-29,15,quantile,0.7,24.0
2026-08-22,wk inc covid hosp,1,2026-08-29,15,quantile,0.75,25.0
2026-08-22,wk inc covid hosp,1,2026-08-29,15,quantile,0.8,27.0
2026-08-22,wk inc covid hosp,1,2026-08-29,15,quantile,0.85,32.0
2026-08-22,wk inc covid hosp,1,2026-08-29,15,quantile,0.9,33.0
2026-08-22,wk inc covid hosp,1,2026-08-29,15,quantile,0.95,38.0
2026-08-22,wk inc covid hosp,1,2026-08-29,15,quantile,0.975,39.0
2026-08-22,wk inc covid hosp,1,2026-08-29,15,quantile,0.99,41.0
2026-08-22,wk inc covid hosp,1,2026-08-29,16,quantile,0.01,0.0
2026-08-22,wk inc covid hosp,1,2026-08-29,16,quantile,0.025,1.0
2026-08-22,wk inc covid hosp,1,2026-08-29,16,quantile,0.05,1.0
2026-08-22,wk inc covid hosp,1,2026-08-29,16,quantile,0.1,2.0
2026-08-22,wk inc covid hosp,1,2026-08-29,16,quantile,0.15,3.0
2026-08-22,wk inc covid hosp,1,2026-08-29,16,quantile,0.2,3.0
2026-08-22,wk inc covid hosp,1,2026-08-29,16,quantile,0.25,3.0
2026-08-22,wk inc covid hosp,1,2026-08-29,16,quantile,0.3,3.0
2026-08-22,wk inc covid hosp,1,2026-08-29,16,quantile,0.35,4.0
2026-08-22,wk inc covid hosp,1,2026-08-29,16,quantile,0.4,4.0
2026-08-22,wk inc covid hosp,1,2026-08-29,16,quantile,0.45,4.0
2026-08-22,wk inc covid hosp,1,2026-08-29,16,quantile,0.5,4.0
2026-08-22,wk inc covid hosp,1,2026-08-29,16,quantile,0.55,4.0
2026-08-22,wk inc covid hosp,1,2026-08-29,16,quantile,0.6,4.0
2026-08-22,wk inc covid hosp,1,2026-08-29,16,quantile,0.65,4.0
2026-08-22,wk inc covid hosp,1,2026-08-29,16,quantile,0.7,4.0
2026-08-22,wk inc covid hosp,1,2026-08-29,16,quantile,0.75,5.0
2026-08-22,wk inc covid hosp,1,2026-08-29,16,quantile,0.8,5.0
2026-08-22,wk inc covid hosp,1,2026-08-29,16,quantile,0.85,6.0
2026-08-22,wk inc covid hosp,1,2026-08-29,16,quantile,0.9,6.0
2026-08-22,wk inc covid hosp,1,2026-08-29,16,quantile,0.95,8.0
2026-08-22,wk inc covid hosp,1,2026-08-29,16,quantile,0.975,11.0
2026-08-22,wk inc covid hosp,1,2026-08-29,16,quantile,0.99,19.0
2026-08-22,wk inc covid hosp,1,2026-08-29,17,quantile,0.01,20.0
2026-08-22,wk inc covid hosp,1,2026-08-29,17,quantile,0.025,26.0
2026-08-22,wk inc covid hosp,1,2026-08-29,17,quantile,0.05,29.0
2026-08-22,wk inc covid hosp,1,2026-08-29,17,quantile,0.1,31.0
2026-08-22,wk inc covid hosp,1,2026-08-29,17,quantile,0.15,34.0
2026-08-22,wk inc covid hosp,1,2026-08-29,17,quantile,0.2,36.0
2026-08-22,wk inc covid hosp,1,2026-08-29,17,quantile,0.25,36.0
2026-08-22,wk inc covid hosp,1,2026-08-29,17,quantile,0.3,40.0
2026-08-22,wk inc covid hosp,1,2026-08-29,17,quantile,0.35,41.0
2026-08-22,wk inc covid hosp,1,2026-08-29,17,quantile,0.4,41.0
2026-08-22,wk inc covid hosp,1,2026-08-29,17,quantile,0.45,41.0
2026-08-22,wk inc covid hosp,1,2026-08-29,17,quantile,0.5,42.0
2026-08-22,wk inc covid hosp,1,2026-08-29,17,quantile,0.55,43.0
2026-08-22,wk inc covid hosp,1,2026-08-29,17,quantile,0.6,43.0
2026-08-22,wk inc covid hosp,1,2026-08-29,17,quantile,0.65,43.0
2026-08-22,wk inc covid hosp,1,2026-08-29,17,quantile,0.7,44.0
2026-08-22,wk inc covid hosp,1,2026-08-29,17,quantile,0.75,48.0
2026-08-22,wk inc covid hosp,1,2026-08-29,17,quantile,0.8,53.0
2026-08-22,wk inc covid hosp,1,2026-08-29,17,quantile,0.85,55.0
2026-08-22,wk inc covid hosp,1,2026-08-29,17,quantile,0.9,56.0
2026-08-22,wk inc covid hosp,1,2026-08-29,17,quantile,0.95,66.0
2026-08-22,wk inc covid hosp,1,2026-08-29,17,quantile,0.975,90.0
2026-08-22,wk inc covid hosp,1,2026-08-29,17,quantile,0.99,139.0
2026-08-22,wk inc covid hosp,1,2026-08-29,18,quantile,0.01,10.0
2026-08-22,wk inc covid hosp,1,2026-08-29,18,quantile,0.025,14.0
2026-08-22,wk inc covid hosp,1,2026-08-29,18,quantile,0.05,16.0
2026-08-22,wk inc covid hosp,1,2026-08-29,18,quantile,0.1,19.0
2026-08-22,wk inc covid hosp,1,2026-08-29,18,quantile,0.15,19.0
2026-08-22,wk inc covid hosp,1,2026-08-29,18,quantile,0.2,22.0
2026-08-22,wk inc covid hosp,1,2026-08-29,18,quantile,0.25,22.0
2026-08-22,wk inc covid hosp,1,2026-08-29,18,quantile,0.3,22.0
2026-08-22,wk inc covid hosp,1,2026-08-29,18,quantile,0.35,22.0
2026-08-22,wk inc covid hosp,1,2026-08-29,18,quantile,0.4,23.0
2026-08-22,wk inc covid hosp,1,2026-08-29,18,quantile,0.45,23.0
2026-08-22,wk inc covid hosp,1,2026-08-29,18,quantile,0.5,23.0
2026-08-22,wk inc covid hosp,1,2026-08-29,18,quantile,0.55,24.0
2026-08-22,wk inc covid hosp,1,2026-08-29,18,quantile,0.6,24.0
2026-08-22,wk inc covid hosp,1,2026-08-29,18,quantile,0.65,24.0
2026-08-22,wk inc covid hosp,1,2026-08-29,18,quantile,0.7,27.0
2026-08-22,wk inc covid hosp,1,2026-08-29,18,quantile,0.75,29.0
2026-08-22,wk inc covid hosp,1,2026-08-29,18,quantile,0.8,31.0
2026-08-22,wk inc covid hosp,1,2026-08-29,18,quantile,0.85,32.0
2026-08-22,wk inc covid hosp,1,2026-08-29,18,quantile,0.9,33.0
2026-08-22,wk inc covid hosp,1,2026-08-29,18,quantile,0.95,36.0
2026-08-22,wk inc covid hosp,1,2026-08-29,18,quantile,0.975,48.0
2026-08-22,wk inc covid hosp,1,2026-08-29,18,quantile,0.99,76.0
2026-08-22,wk inc covid hosp,1,2026-08-29,19,quantile,0.01,2.0
2026-08-22,wk inc covid hosp,1,2026-08-29,19,quantile,0.025,4.0
2026-08-22,wk inc covid hosp,1,2026-08-29,19,quantile,0.05,4.0
2026-08-22,wk inc covid hosp,1,2026-08-29,19,quantile,0.1,5.0
2026-08-22,wk inc covid hosp,1,2026-08-29,19,quantile,0.15,6.0
2026-08-22,wk inc covid hosp,1,2026-08-29,19,quantile,0.2,6.0
2026-08-22,wk inc covid hosp,1,2026-08-29,19,quantile,0.25,6.0
2026-08-22,wk inc covid hosp,1,2026-08-29,19,quantile,0.3,7.0
2026-08-22,wk inc covid hosp,1,2026-08-29,19,quantile,0.35,7.0
2026-08-22,wk inc covid hosp,1,2026-08-29,19,quantile,0.4,7.0
2026-08-22,wk inc covid hosp,1,2026-08-29,19,quantile,0.45,8.0
2026-08-22,wk inc covid hosp,1,2026-08-29,19,quantile,0.5,8.0
2026-08-22,wk inc covid hosp,1,2026-08-29,19,quantile,0.55,8.0
2026-08-22,wk inc covid hosp,1,2026-08-29,19,quantile,0.6,8.0
2026-08-22,wk inc covid hosp,1,2026-08-29,19,quantile,0.65,8.0
2026-08-22,wk inc covid hosp,1,2026-08-29,19,quantile,0.7,8.0
2026-08-22,wk inc covid hosp,1,2026-08-29,19,quantile,0.75,9.0
2026-08-22,wk inc covid hosp,1,2026-08-29,19,quantile,0.8,9.0
2026-08-22,wk inc covid hosp,1,2026-08-29,19,quantile,0.85,10.0
2026-08-22,wk inc covid hosp,1,2026-08-29,19,quantile,0.9,11.0
2026-08-22,wk inc covid hosp,1,2026-08-29,19,quantile,0.95,14.0
2026-08-22,wk inc covid hosp,1,2026-08-29,19,quantile,0.975,14.0
2026-08-22,wk inc covid hosp,1,2026-08-29,19,quantile,0.99,26.0
2026-08-22,wk inc covid hosp,1,2026-08-29,20,quantile,0.01,2.0
2026-08-22,wk inc covid hosp,1,2026-08-29,20,quantile,0.025,3.0
2026-08-22,wk inc covid hosp,1,2026-08-29,20,quantile,0.05,4.0
2026-08-22,wk inc covid hosp,1,2026-08-29,20,quantile,0.1,5.0
2026-08-22,wk inc covid hosp,1,2026-08-29,20,quantile,0.15,5.0
2026-08-22,wk inc covid hosp,1,2026-08-29,20,quantile,0.2,7.0
2026-08-22,wk inc covid hosp,1,2026-08-29,20,quantile,0.25,7.0
2026-08-22,wk inc covid hosp,1,2026-08-29,20,quantile,0.3,8.0
2026-08-22,wk inc covid hosp,1,2026-08-29,20,quantile,0.35,8.0
2026-08-22,wk inc covid hosp,1,2026-08-29,20,quantile,0.4,9.0
2026-08-22,wk inc covid hosp,1,2026-08-29,20,quantile,0.45,10.0
2026-08-22,wk inc covid hosp,1,2026-08-29,20,quantile,0.5,10.0
2026-08-22,wk inc covid hosp,1,2026-08-29,20,quantile,0.55,10.0
2026-08-22,wk inc covid hosp,1,2026-08-29,20,quantile,0.6,10.0
2026-08-22,wk inc covid hosp,1,2026-08-29,20,quantile,0.65,10.0
2026-08-22,wk inc covid hosp,1,2026-08-29,20,quantile,0.7,10.0
2026-08-22,wk inc covid hosp,1,2026-08-29,20,quantile,0.75,10.0
2026-08-22,wk inc covid hosp,1,2026-08-29,20,quantile,0.8,11.0
2026-08-22,wk inc covid hosp,1,2026-08-29,20,quantile,0.85,11.0
2026-08-22,wk inc covid hosp,1,2026-08-29,20,quantile,0.9,13.0
2026-08-22,wk inc covid hosp,1,2026-08-29,20,quantile,0.95,14.0
2026-08-22,wk inc covid hosp,1,2026-08-29,20,quantile,0.975,17.0
2026-08-22,wk inc covid hosp,1,2026-08-29,20,quantile,0.99,31.0
2026-08-22,wk inc covid hosp,1,2026-08-29,21,quantile,0.01,6.0
2026-08-22,wk inc covid hosp,1,2026-08-29,21,quantile,0.025,9.0
2026-08-22,wk inc covid hosp,1,2026-08-29,21,quantile,0.05,10.0
2026-08-22,wk inc covid hosp,1,2026-08-29,21,quantile,0.1,12.0
2026-08-22,wk inc covid hosp,1,2026-08-29,21,quantile,0.15,13.0
2026-08-22,wk inc covid hosp,1,2026-08-29,21,quantile,0.2,14.0
2026-08-22,wk inc covid hosp,1,2026-08-29,21,quantile,0.25,14.0
2026-08-22,wk inc covid hosp,1,2026-08-29,21,quantile,0.3,14.0
2026-08-22,wk inc covid hosp,1,2026-08-29,21,quantile,0.35,15.0
2026-08-22,wk inc covid hosp,1,2026-08-29,21,quantile,0.4,17.0
2026-08-22,wk inc covid hosp,1,2026-08-29,21,quantile,0.45,17.0
2026-08-22,wk inc covid hosp,1,2026-08-29,21,quantile,0.5,18.0
2026-08-22,wk inc covid hosp,1,2026-08-29,21,quantile,0.55,18.0
2026-08-22,wk inc covid hosp,1,2026-08-29,21,quantile,0.6,18.0
2026-08-22,wk inc covid hosp,1,2026-08-29,21,quantile,0.65,18.0
2026-08-22,wk inc covid hosp,1,2026-08-29,21,quantile,0.7,20.0
2026-08-22,wk inc covid hosp,1,2026-08-29,21,quantile,0.75,20.0
2026-08-22,wk inc covid hosp,1,2026-08-29,21,quantile,0.8,20.0
2026-08-22,wk inc covid hosp,1,2026-08-29,21,quantile,0.85,22.0
2026-08-22,wk inc covid hosp,1,2026-08-29,21,quantile,0.9,24.0
2026-08-22,wk inc covid hosp,1,2026-08-29,21,quantile,0.95,27.0
2026-08-22,wk inc covid hosp,1,2026-08-29,21,quantile,0.975,33.0
2026-08-22,wk inc covid hosp,1,2026-08-29,21,quantile,0.99,51.0
2026-08-22,wk inc covid hosp,1,2026-08-29,22,quantile,0.01,30.0
2026-08-22,wk inc covid hosp,1,2026-08-29,22,quantile,0.025,38.0
2026-08-22,wk inc covid hosp,1,2026-08-29,22,quantile,0.05,42.0
2026-08-22,wk inc covid hosp,1,2026-08-29,22,quantile,0.1,49.0
2026-08-22,wk inc covid hosp,1,2026-08-29,22,quantile,0.15,52.0
2026-08-22,wk inc covid hosp,1,2026-08-29,22,quantile,0.2,53.0
2026-08-22,wk inc covid hosp,1,2026-08-29,22,quantile,0.25,56.0
2026-08-22,wk inc covid hosp,1,2026-08-29,22,quantile,0.3,58.0
2026-08-22,wk inc covid hosp,1,2026-08-29,22,quantile,0.35,58.0
2026-08-22,wk inc covid hosp,1,2026-08-29,22,quantile,0.4,61.0
2026-08-22,wk inc covid hosp,1,2026-08-29,22,quantile,0.45,61.0
2026-08-22,wk inc covid hosp,1,2026-08-29,22,quantile,0.5,61.0
2026-08-22,wk inc covid hosp,1,2026-08-29,22,quantile,0.55,61.0
2026-08-22,wk inc covid hosp,1,2026-08-29,22,quantile,0.6,62.0
2026-08-22,wk inc covid hosp,1,2026-08-29,22,quantile,0.65,66.0
2026-08-22,wk inc covid hosp,1,2026-08-29,22,quantile,0.7,70.0
2026-08-22,wk inc covid hosp,1,2026-08-29,22,quantile,0.75,73.0
2026-08-22,wk inc covid hosp,1,2026-08-29,22,quantile,0.8,73.0
2026-08-22,wk inc covid hosp,1,2026-08-29,22,quantile,0.85,78.0
2026-08-22,wk inc covid hosp,1,2026-08-29,22,quantile,0.9,83.0
2026-08-22,wk inc covid hosp,1,2026-08-29,22,quantile,0.95,91.0
2026-08-22,wk inc covid hosp,1,2026-08-29,22,quantile,0.975,91.0
2026-08-22,wk inc covid hosp,1,2026-08-29,22,quantile,0.99,93.0
2026-08-22,wk inc covid hosp,1,2026-08-29,23,quantile,0.01,0.0
2026-08-22,wk inc covid hosp,1,2026-08-29,23,quantile,0.025,0.0
2026-08-22,wk inc covid hosp,1,2026-08-29,23,quantile,0.05,0.0
2026-08-22,wk inc covid hosp,1,2026-08-29,23,quantile,0.1,1.0
2026-08-22,wk inc covid hosp,1,2026-08-29,23,quantile,0.15,1.0
2026-08-22,wk inc covid hosp,1,2026-08-29,23,quantile,0.2,2.0
2026-08-22,wk inc covid hosp,1,2026-08-29,23,quantile,0.25,2.0
2026-08-22,wk inc covid hosp,1,2026-08-29,23,quantile,0.3,2.0
2026-08-22,wk inc covid hosp,1,2026-08-29,23,quantile,0.35,2.0
2026-08-22,wk inc covid hosp,1,2026-08-29,23,quantile,0.4,2.0
2026-08-22,wk inc covid hosp,1,2026-08-29,23,quantile,0.45,3.0
2026-08-22,wk inc covid hosp,1,2026-08-29,23,quantile,0.5,3.0
2026-08-22,wk inc covid hosp,1,2026-08-29,23,quantile,0.55,3.0
2026-08-22,wk inc covid hosp,1,2026-08-29,23,quantile,0.6,3.0
2026-08-22,wk inc covid hosp,1,2026-08-29,23,quantile,0.65,3.0
2026-08-22,wk inc covid hosp,1,2026-08-29,23,quantile,0.7,3.0
2026-08-22,wk inc covid hosp,1,2026-08-29,23,quantile,0.75,3.0
2026-08-22,wk inc covid hosp,1,2026-08-29,23,quantile,0.8,3.0
2026-08-22,wk inc covid hosp,1,2026-08-29,23,quantile,0.85,4.0
2026-08-22,wk inc covid hosp,1,2026-08-29,23,quantile,0.9,5.0
2026-08-22,wk inc covid hosp,1,2026-08-29,23,quantile,0.95,6.0
2026-08-22,wk inc covid hosp,1,2026-08-29,23,quantile,0.975,6.0
2026-08-22,wk inc covid hosp,1,2026-08-29,23,quantile,0.99,14.0
2026-08-22,wk inc covid hosp,1,2026-08-29,24,quantile,0.01,4.0
2026-08-22,wk inc covid hosp,1,2026-08-29,24,quantile,0.025,7.0
2026-08-22,wk inc covid hosp,1,2026-08-29,24,quantile,0.05,8.0
2026-08-22,wk inc covid hosp,1,2026-08-29,24,quantile,0.1,11.0
2026-08-22,wk inc covid hosp,1,2026-08-29,24,quantile,0.15,11.0
2026-08-22,wk inc covid hosp,1,2026-08-29,24,quantile,0.2,11.0
2026-08-22,wk inc covid hosp,1,2026-08-29,24,quantile,0.25,12.0
2026-08-22,wk inc covid hosp,1,2026-08-29,24,quantile,0.3,12.0
2026-08-22,wk inc covid hosp,1,2026-08-29,24,quantile,0.35,13.0
2026-08-22,wk inc covid hosp,1,2026-08-29,24,quantile,0.4,13.0
2026-08-22,wk inc covid hosp,1,2026-08-29,24,quantile,0.45,13.0
2026-08-22,wk inc covid hosp,1,2026-08-29,24,quantile,0.5,13.0
2026-08-22,wk inc covid hosp,1,2026-08-29,24,quantile,0.55,13.0
2026-08-22,wk inc covid hosp,1,2026-08-29,24,quantile,0.6,14.0
2026-08-22,wk inc covid hosp,1,2026-08-29,24,quantile,0.65,14.0
2026-08-22,wk inc covid hosp,1,2026-08-29,24,quantile,0.7,16.0
2026-08-22,wk inc covid hosp,1,2026-08-29,24,quantile,0.75,17.0
2026-08-22,wk inc covid hosp,1,2026-08-29,24,quantile,0.8,18.0
2026-08-22,wk inc covid hosp,1,2026-08-29,24,quantile,0.85,21.0
2026-08-22,wk inc covid hosp,1,2026-08-29,24,quantile,0.9,25.0
2026-08-22,wk inc covid hosp,1,2026-08-29,24,quantile,0.95,29.0
2026-08-22,wk inc covid hosp,1,2026-08-29,24,quantile,0.975,35.0
2026-08-22,wk inc covid hosp,1,2026-08-29,24,quantile,0.99,53.0
2026-08-22,wk inc covid hosp,1,2026-08-29,25,quantile,0.01,10.0
2026-08-22,wk inc covid hosp,1,2026-08-29,25,quantile,0.025,15.0
2026-08-22,wk inc covid hosp,1,2026-08-29,25,quantile,0.05,17.0
2026-08-22,wk inc covid hosp,1,2026-08-29,25,quantile,0.1,22.0
2026-08-22,wk inc covid hosp,1,2026-08-29,25,quantile,0.15,25.0
2026-08-22,wk inc covid hosp,1,2026-08-29,25,quantile,0.2,25.0
2026-08-22,wk inc covid hosp,1,2026-08-29,25,quantile,0.25,31.0
2026-08-22,wk inc covid hosp,1,2026-08-29,25,quantile,0.3,31.0
2026-08-22,wk inc covid hosp,1,2026-08-29,25,quantile,0.35,32.0
2026-08-22,wk inc covid hosp,1,2026-08-29,25,quantile,0.4,32.0
2026-08-22,wk inc covid hosp,1,2026-08-29,25,quantile,0.45,32.0
2026-08-22,wk inc covid hosp,1,2026-08-29,25,quantile,0.5,33.0
2026-08-22,wk inc covid hosp,1,2026-08-29,25,quantile,0.55,33.0
2026-08-22,wk inc covid hosp,1,2026-08-29,25,quantile,0.6,33.0
2026-08-22,wk inc covid hosp,1,2026-08-29,25,quantile,0.65,33.0
2026-08-22,wk inc covid hosp,1,2026-08-29,25,quantile,0.7,35.0
2026-08-22,wk inc covid hosp,1,2026-08-29,25,quantile,0.75,35.0
2026-08-22,wk inc covid hosp,1,2026-08-29,25,quantile,0.8,36.0
2026-08-22,wk inc covid hosp,1,2026-08-29,25,quantile,0.85,38.0
2026-08-22,wk inc covid hosp,1,2026-08-29,25,quantile,0.9,44.0
2026-08-22,wk inc covid hosp,1,2026-08-29,25,quantile,0.95,45.0
2026-08-22,wk inc covid hosp,1,2026-08-29,25,quantile,0.975,53.0
2026-08-22,wk inc covid hosp,1,2026-08-29,25,quantile,0.99,76.0
2026-08-22,wk inc covid hosp,1,2026-08-29,26,quantile,0.01,6.0
2026-08-22,wk inc covid hosp,1,2026-08-29,26,quantile,0.025,9.0
2026-08-22,wk inc covid hosp,1,2026-08-29,26,quantile,0.05,11.0
2026-08-22,wk inc covid hosp,1,2026-08-29,26,quantile,0.1,13.0
2026-08-22,wk inc covid hosp,1,2026-08-29,26,quantile,0.15,17.0
2026-08-22,wk inc covid hosp,1,2026-08-29,26,quantile,0.2,17.0
2026-08-22,wk inc covid hosp,1,2026-08-29,26,quantile,0.25,20.0
2026-08-22,wk inc covid hosp,1,2026-08-29,26,quantile,0.3,20.0
2026-08-22,wk inc covid hosp,1,2026-08-29,26,quantile,0.35,23.0
2026-08-22,wk inc covid hosp,1,2026-08-29,26,quantile,0.4,23.0
2026-08-22,wk inc covid hosp,1,2026-08-29,26,quantile,0.45,23.0
2026-08-22,wk inc covid hosp,1,2026-08-29,26,quantile,0.5,23.0
2026-08-22,wk inc covid hosp,1,2026-08-29,26,quantile,0.55,23.0
2026-08-22,wk inc covid hosp,1,2026-08-29,26,quantile,0.6,24.0
2026-08-22,wk inc covid hosp,1,2026-08-29,26,quantile,0.65,24.0
2026-08-22,wk inc covid hosp,1,2026-08-29,26,quantile,0.7,24.0
2026-08-22,wk inc covid hosp,1,2026-08-29,26,quantile,0.75,25.0
2026-08-22,wk inc covid hosp,1,2026-08-29,26,quantile,0.8,30.0
2026-08-22,wk inc covid hosp,1,2026-08-29,26,quantile,0.85,31.0
2026-08-22,wk inc covid hosp,1,2026-08-29,26,quantile,0.9,37.0
2026-08-22,wk inc covid hosp,1,2026-08-29,26,quantile,0.95,43.0
2026-08-22,wk inc covid hosp,1,2026-08-29,26,quantile,0.975,43.0
2026-08-22,wk inc covid hosp,1,2026-08-29,26,quantile,0.99,81.0
2026-08-22,wk inc covid hosp,1,2026-08-29,27,quantile,0.01,4.0
2026-08-22,wk inc covid hosp,1,2026-08-29,27,quantile,0.025,5.0
2026-08-22,wk inc covid hosp,1,2026-08-29,27,quantile,0.05,6.0
2026-08-22,wk inc covid hosp,1,2026-08-29,27,quantile,0.1,9.0
2026-08-22,wk inc covid hosp,1,2026-08-29,27,quantile,0.15,11.0
2026-08-22,wk inc covid hosp,1,2026-08-29,27,quantile,0.2,13.0
2026-08-22,wk inc covid hosp,1,2026-08-29,27,quantile,0.25,14.0
2026-08-22,wk inc covid hosp,1,2026-08-29,27,quantile,0.3,14.0
2026-08-22,wk inc covid hosp,1,2026-08-29,27,quantile,0.35,15.0
2026-08-22,wk inc covid hosp,1,2026-08-29,27,quantile,0.4,15.0
2026-08-22,wk inc covid hosp,1,2026-08-29,27,quantile,0.45,15.0
2026-08-22,wk inc covid hosp,1,2026-08-29,27,quantile,0.5,15.0
2026-08-22,wk inc covid hosp,1,2026-08-29,27,quantile,0.55,17.0
2026-08-22,wk inc covid hosp,1,2026-08-29,27,quantile,0.6,17.0
2026-08-22,wk inc covid hosp,1,2026-08-29,27,quantile,0.65,17.0
2026-08-22,wk inc covid hosp,1,2026-08-29,27,quantile,0.7,17.0
2026-08-22,wk inc covid hosp,1,2026-08-29,27,quantile,0.75,18.0
2026-08-22,wk inc covid hosp,1,2026-08-29,27,quantile,0.8,19.0
2026-08-22,wk inc covid hosp,1,2026-08-29,27,quantile,0.85,21.0
2026-08-22,wk inc covid hosp,1,2026-08-29,27,quantile,0.9,24.0
2026-08-22,wk inc covid hosp,1,2026-08-29,27,quantile,0.95,24.0
2026-08-22,wk inc covid hosp,1,2026-08-29,27,quantile,0.975,24.0
2026-08-22,wk inc covid hosp,1,2026-08-29,27,quantile,0.99,53.0
2026-08-22,wk inc covid hosp,1,2026-08-29,28,quantile,0.01,13.0
2026-08-22,wk inc covid hosp,1,2026-08-29,28,quantile,0.025,18.0
2026-08-22,wk inc covid hosp,1,2026-08-29,28,quantile,0.05,23.0
2026-08-22,wk inc covid hosp,1,2026-08-29,28,quantile,0.1,26.0
2026-08-22,wk inc covid hosp,1,2026-08-29,28,quantile,0.15,29.0
2026-08-22,wk inc covid hosp,1,2026-08-29,28,quantile,0.2,31.0
2026-08-22,wk inc covid hosp,1,2026-08-29,28,quantile,0.25,33.0
2026-08-22,wk inc covid hosp,1,2026-08-29,28,quantile,0.3,36.0
2026-08-22,wk inc covid hosp,1,2026-08-29,28,quantile,0.35,38.0
2026-08-22,wk inc covid hosp,1,2026-08-29,28,quantile,0.4,38.0
2026-08-22,wk inc covid hosp,1,2026-08-29,28,quantile,0.45,41.0
2026-08-22,wk inc covid hosp,1,2026-08-29,28,quantile,0.5,41.0
2026-08-22,wk inc covid hosp,1,2026-08-29,28,quantile,0.55,41.0
2026-08-22,wk inc covid hosp,1,2026-08-29,28,quantile,0.6,41.0
2026-08-22,wk inc covid hosp,1,2026-08-29,28,quantile,0.65,43.0
2026-08-22,wk inc covid hosp,1,2026-08-29,28,quantile,0.7,48.0
2026-08-22,wk inc covid hosp,1,2026-08-29,28,quantile,0.75,49.0
2026-08-22,wk inc covid hosp,1,2026-08-29,28,quantile,0.8,49.0
2026-08-22,wk inc covid hosp,1,2026-08-29,28,quantile,0.85,51.0
2026-08-22,wk inc covid hosp,1,2026-08-29,28,quantile,0.9,54.0
2026-08-22,wk inc covid hosp,1,2026-08-29,28,quantile,0.95,56.0
2026-08-22,wk inc covid hosp,1,2026-08-29,28,quantile,0.975,61.0
2026-08-22,wk inc covid hosp,1,2026-08-29,28,quantile,0.99,63.0
2026-08-22,wk inc covid hosp,1,2026-08-29,29,quantile,0.01,7.0
2026-08-22,wk inc covid hosp,1,2026-08-29,29,quantile,0.025,8.0
2026-08-22,wk inc covid hosp,1,2026-08-29,29,quantile,0.05,10.0
2026-08-22,wk inc covid hosp,1,2026-08-29,29,quantile,0.1,13.0
2026-08-22,wk inc covid hosp,1,2026-08-29,29,quantile,0.15,14.0
2026-08-22,wk inc covid hosp,1,2026-08-29,29,quantile,0.2,16.0
2026-08-22,wk inc covid hosp,1,2026-08-29,29,quantile,0.25,16.0
2026-08-22,wk inc covid hosp,1,2026-08-29,29,quantile,0.3,17.0
2026-08-22,wk inc covid hosp,1,2026-08-29,29,quantile,0.35,18.0
2026-08-22,wk inc covid hosp,1,2026-08-29,29,quantile,0.4,19.0
2026-08-22,wk inc covid hosp,1,2026-08-29,29,quantile,0.45,19.0
2026-08-22,wk inc covid hosp,1,2026-08-29,29,quantile,0.5,19.0
2026-08-22,wk inc covid hosp,1,2026-08-29,29,quantile,0.55,19.0
2026-08-22,wk inc covid hosp,1,2026-08-29,29,quantile,0.6,19.0
2026-08-22,wk inc covid hosp,1,2026-08-29,29,quantile,0.65,19.0
2026-08-22,wk inc covid hosp,1,2026-08-29,29,quantile,0.7,20.0
2026-08-22,wk inc covid hosp,1,2026-08-29,29,quantile,0.75,21.0
2026-08-22,wk inc covid hosp,1,2026-08-29,29,quantile,0.8,24.0
2026-08-22,wk inc covid hosp,1,2026-08-29,29,quantile,0.85,24.0
2026-08-22,wk inc covid hosp,1,2026-08-29,29,quantile,0.9,27.0
2026-08-22,wk inc covid hosp,1,2026-08-29,29,quantile,0.95,31.0
2026-08-22,wk inc covid hosp,1,2026-08-29,29,quantile,0.975,43.0
2026-08-22,wk inc covid hosp,1,2026-08-29,29,quantile,0.99,71.0
2026-08-22,wk inc covid hosp,1,2026-08-29,30,quantile,0.01,0.0
2026-08-22,wk inc covid hosp,1,2026-08-29,30,quantile,0.025,0.0
2026-08-22,wk inc covid hosp,1,2026-08-29,30,quantile,0.05,1.0
2026-08-22,wk inc covid hosp,1,2026-08-29,30,quantile,0.1,1.0
2026-08-22,wk inc covid hosp,1,2026-08-29,30,quantile,0.15,2.0
2026-08-22,wk inc covid hosp,1,2026-08-29,30,quantile,0.2,2.0
2026-08-22,wk inc covid hosp,1,2026-08-29,30,quantile,0.25,2.0
2026-08-22,wk inc covid hosp,1,2026-08-29,30,quantile,0.3,3.0
2026-08-22,wk inc covid hosp,1,2026-08-29,30,quantile,0.35,3.0
2026-08-22,wk inc covid hosp,1,2026-08-29,30,quantile,0.4,3.0
2026-08-22,wk inc covid hosp,1,2026-08-29,30,quantile,0.45,3.0
2026-08-22,wk inc covid hosp,1,2026-08-29,30,quantile,0.5,3.0
2026-08-22,wk inc covid hosp,1,2026-08-29,30,quantile,0.55,3.0
2026-08-22,wk inc covid hosp,1,2026-08-29,30,quantile,0.6,4.0
2026-08-22,wk inc covid hosp,1,2026-08-29,30,quantile,0.65,4.0
2026-08-22,wk inc covid hosp,1,2026-08-29,30,quantile,0.7,4.0
2026-08-22,wk inc covid hosp,1,2026-08-29,30,quantile,0.75,4.0
2026-08-22,wk inc covid hosp,1,2026-08-29,30,quantile,0.8,5.0
2026-08-22,wk inc covid hosp,1,2026-08-29,30,quantile,0.85,5.0
2026-08-22,wk inc covid hosp,1,2026-08-29,30,quantile,0.9,5.0
2026-08-22,wk inc covid hosp,1,2026-08-29,30,quantile,0.95,6.0
2026-08-22,wk inc covid hosp,1,2026-08-29,30,quantile,0.975,8.0
2026-08-22,wk inc covid hosp,1,2026-08-29,30,quantile,0.99,12.0
2026-08-22,wk inc covid hosp,1,2026-08-29,31,quantile,0.01,0.0
2026-08-22,wk inc covid hosp,1,2026-08-29,31,quantile,0.025,1.0
2026-08-22,wk inc covid hosp,1,2026-08-29,31,quantile,0.05,1.0
2026-08-22,wk inc covid hosp,1,2026-08-29,31,quantile,0.1,1.0
2026-08-22,wk inc covid hosp,1,2026-08-29,31,quantile,0.15,1.0
2026-08-22,wk inc covid hosp,1,2026-08-29,31,quantile,0.2,2.0
2026-08-22,wk inc covid hosp,1,2026-08-29,31,quantile,0.25,2.0
2026-08-22,wk inc covid hosp,1,2026-08-29,31,quantile,0.3,2.0
2026-08-22,wk inc covid hosp,1,2026-08-29,31,quantile,0.35,2.0
2026-08-22,wk inc covid hosp,1,2026-08-29,31,quantile,0.4,2.0
2026-08-22,wk inc covid hosp,1,2026-08-29,31,quantile,0.45,3.0
2026-08-22,wk inc covid hosp,1,2026-08-29,31,quantile,0.5,3.0
2026-08-22,wk inc covid hosp,1,2026-08-29,31,quantile,0.55,3.0
2026-08-22,wk inc covid hosp,1,2026-08-29,31,quantile,0.6,3.0
2026-08-22,wk inc covid hosp,1,2026-08-29,31,quantile,0.65,3.0
2026-08-22,wk inc covid hosp,1,2026-08-29,31,quantile,0.7,3.0
2026-08-22,wk inc covid hosp,1,2026-08-29,31,quantile,0.75,4.0
2026-08-22,wk inc covid hosp,1,2026-08-29,31,quantile,0.8,4.0
2026-08-22,wk inc covid hosp,1,2026-08-29,31,quantile,0.85,5.0
2026-08-22,wk inc covid hosp,1,2026-08-29,31,quantile,0.9,5.0
2026-08-22,wk inc covid hosp,1,2026-08-29,31,quantile,0.95,7.0
2026-08-22,wk inc covid hosp,1,2026-08-29,31,quantile,0.975,8.0
2026-08-22,wk inc covid hosp,1,2026-08-29,31,quantile,0.99,16.0
2026-08-22,wk inc covid hosp,1,2026-08-29,32,quantile,0.01,7.0
2026-08-22,wk inc covid hosp,1,2026-08-29,32,quantile,0.025,10.0
2026-08-22,wk inc covid hosp,1,2026-08-29,32,quantile,0.05,11.0
2026-08-22,wk inc covid hosp,1,2026-08-29,32,quantile,0.1,15.0
2026-08-22,wk inc covid hosp,1,2026-08-29,32,quantile,0.15,17.0
2026-08-22,wk inc covid hosp,1,2026-08-29,32,quantile,0.2,18.0
2026-08-22,wk inc covid hosp,1,2026-08-29,32,quantile,0.25,20.0
2026-08-22,wk inc covid hosp,1,2026-08-29,32,quantile,0.3,20.0
2026-08-22,wk inc covid hosp,1,2026-08-29,32,quantile,0.35,21.0
2026-08-22,wk inc covid hosp,1,2026-08-29,32,quantile,0.4,22.0
2026-08-22,wk inc covid hosp,1,2026-08-29,32,quantile,0.45,23.0
2026-08-22,wk inc covid hosp,1,2026-08-29,32,quantile,0.5,23.0
2026-08-22,wk inc covid hosp,1,2026-08-29,32,quantile,0.55,24.0
2026-08-22,wk inc covid hosp,1,2026-08-29,32,quantile,0.6,25.0
2026-08-22,wk inc covid hosp,1,2026-08-29,32,quantile,0.65,25.0
2026-08-22,wk inc covid hosp,1,2026-08-29,32,quantile,0.7,25.0
2026-08-22,wk inc covid hosp,1,2026-08-29,32,quantile,0.75,26.0
2026-08-22,wk inc covid hosp,1,2026-08-29,32,quantile,0.8,27.0
2026-08-22,wk inc covid hosp,1,2026-08-29,32,quantile,0.85,27.0
2026-08-22,wk inc covid hosp,1,2026-08-29,32,quantile,0.9,29.0
2026-08-22,wk inc covid hosp,1,2026-08-29,32,quantile,0.95,30.0
2026-08-22,wk inc covid hosp,1,2026-08-29,32,quantile,0.975,31.0
2026-08-22,wk inc covid hosp,1,2026-08-29,32,quantile,0.99,40.0
2026-08-22,wk inc covid hosp,1,2026-08-29,33,quantile,0.01,1.0
2026-08-22,wk inc covid hosp,1,2026-08-29,33,quantile,0.025,2.0
2026-08-22,wk inc covid hosp,1,2026-08-29,33,quantile,0.05,2.0
2026-08-22,wk inc covid hosp,1,2026-08-29,33,quantile,0.1,2.0
2026-08-22,wk inc covid hosp,1,2026-08-29,33,quantile,0.15,3.0
2026-08-22,wk inc covid hosp,1,2026-08-29,33,quantile,0.2,4.0
2026-08-22,wk inc covid hosp,1,2026-08-29,33,quantile,0.25,4.0
2026-08-22,wk inc covid hosp,1,2026-08-29,33,quantile,0.3,4.0
2026-08-22,wk inc covid hosp,1,2026-08-29,33,quantile,0.35,4.0
2026-08-22,wk inc covid hosp,1,2026-08-29,33,quantile,0.4,4.0
2026-08-22,wk inc covid hosp,1,2026-08-29,33,quantile,0.45,5.0
2026-08-22,wk inc covid hosp,1,2026-08-29,33,quantile,0.5,5.0
2026-08-22,wk inc covid hosp,1,2026-08-29,33,quantile,0.55,6.0
2026-08-22,wk inc covid hosp,1,2026-08-29,33,quantile,0.6,6.0
2026-08-22,wk inc covid hosp,1,2026-08-29,33,quantile,0.65,6.0
2026-08-22,wk inc covid hosp,1,2026-08-29,33,quantile,0.7,6.0
2026-08-22,wk inc covid hosp,1,2026-08-29,33,quantile,0.75,6.0
2026-08-22,wk inc covid hosp,1,2026-08-29,33,quantile,0.8,7.0
2026-08-22,wk inc covid hosp,1,2026-08-29,33,quantile,0.85,7.0
2026-08-22,wk inc covid hosp,1,2026-08-29,33,quantile,0.9,7.0
2026-08-22,wk inc covid hosp,1,2026-08-29,33,quantile,0.95,8.0
2026-08-22,wk inc covid hosp,1,2026-08-29,33,quantile,0.975,9.0
2026-08-22,wk inc covid hosp,1,2026-08-29,33,quantile,0.99,15.0
2026-08-22,wk inc covid hosp,1,2026-08-29,34,quantile,0.01,28.0
2026-08-22,wk inc covid hosp,1,2026-08-29,34,quantile,0.025,35.0
2026-08-22,wk inc covid hosp,1,2026-08-29,34,quantile,0.05,40.0
2026-08-22,wk inc covid hosp,1,2026-08-29,34,quantile,0.1,46.0
2026-08-22,wk inc covid hosp,1,2026-08-29,34,quantile,0.15,49.0
2026-08-22,wk inc covid hosp,1,2026-08-29,34,quantile,0.2,53.0
2026-08-22,wk inc covid hosp,1,2026-08-29,34,quantile,0.25,57.0
2026-08-22,wk inc covid hosp,1,2026-08-29,34,quantile,0.3,59.0
2026-08-22,wk inc covid hosp,1,2026-08-29,34,quantile,0.35,59.0
2026-08-22,wk inc covid hosp,1,2026-08-29,34,quantile,0.4,60.0
2026-08-22,wk inc covid hosp,1,2026-08-29,34,quantile,0.45,65.0
2026-08-22,wk inc covid hosp,1,2026-08-29,34,quantile,0.5,69.0
2026-08-22,wk inc covid hosp,1,2026-08-29,34,quantile,0.55,69.0
2026-08-22,wk inc covid hosp,1,2026-08-29,34,quantile,0.6,69.0
2026-08-22,wk inc covid hosp,1,2026-08-29,34,quantile,0.65,70.0
2026-08-22,wk inc covid hosp,1,2026-08-29,34,quantile,0.7,72.0
2026-08-22,wk inc covid hosp,1,2026-08-29,34,quantile,0.75,72.0
2026-08-22,wk inc covid hosp,1,2026-08-29,34,quantile,0.8,73.0
2026-08-22,wk inc covid hosp,1,2026-08-29,34,quantile,0.85,78.0
2026-08-22,wk inc covid hosp,1,2026-08-29,34,quantile,0.9,78.0
2026-08-22,wk inc covid hosp,1,2026-08-29,34,quantile,0.95,82.0
2026-08-22,wk inc covid hosp,1,2026-08-29,34,quantile,0.975,96.0
2026-08-22,wk inc covid hosp,1,2026-08-29,34,quantile,0.99,107.0
2026-08-22,wk inc covid hosp,1,2026-08-29,35,quantile,0.01,1.0
2026-08-22,wk inc covid hosp,1,2026-08-29,35,quantile,0.025,3.0
2026-08-22,wk inc covid hosp,1,2026-08-29,35,quantile,0.05,3.0
2026-08-22,wk inc covid hosp,1,2026-08-29,35,quantile,0.1,6.0
2026-08-22,wk inc covid hosp,1,2026-08-29,35,quantile,0.15,6.0
2026-08-22,wk inc covid hosp,1,2026-08-29,35,quantile,0.2,6.0
2026-08-22,wk inc covid hosp,1,2026-08-29,35,quantile,0.25,7.0
2026-08-22,wk inc covid hosp,1,2026-08-29,35,quantile,0.3,7.0
2026-08-22,wk inc covid hosp,1,2026-08-29,35,quantile,0.35,8.0
2026-08-22,wk inc covid hosp,1,2026-08-29,35,quantile,0.4,8.0
2026-08-22,wk inc covid hosp,1,2026-08-29,35,quantile,0.45,9.0
2026-08-22,wk inc covid hosp,1,2026-08-29,35,quantile,0.5,9.0
2026-08-22,wk inc covid hosp,1,2026-08-29,35,quantile,0.55,9.0
2026-08-22,wk inc covid hosp,1,2026-08-29,35,quantile,0.6,10.0
2026-08-22,wk inc covid hosp,1,2026-08-29,35,quantile,0.65,10.0
2026-08-22,wk inc covid hosp,1,2026-08-29,35,quantile,0.7,11.0
2026-08-22,wk inc covid hosp,1,2026-08-29,35,quantile,0.75,11.0
2026-08-22,wk inc covid hosp,1,2026-08-29,35,quantile,0.8,13.0
2026-08-22,wk inc covid hosp,1,2026-08-29,35,quantile,0.85,13.0
2026-08-22,wk inc covid hosp,1,2026-08-29,35,quantile,0.9,13.0
2026-08-22,wk inc covid hosp,1,2026-08-29,35,quantile,0.95,15.0
2026-08-22,wk inc covid hosp,1,2026-08-29,35,quantile,0.975,17.0
2026-08-22,wk inc covid hosp,1,2026-08-29,35,quantile,0.99,23.0
2026-08-22,wk inc covid hosp,1,2026-08-29,36,quantile,0.01,67.0
2026-08-22,wk inc covid hosp,1,2026-08-29,36,quantile,0.025,85.0
2026-08-22,wk inc covid hosp,1,2026-08-29,36,quantile,0.05,100.0
2026-08-22,wk inc covid hosp,1,2026-08-29,36,quantile,0.1,122.0
2026-08-22,wk inc covid hosp,1,2026-08-29,36,quantile,0.15,136.0
2026-08-22,wk inc covid hosp,1,2026-08-29,36,quantile,0.2,144.0
2026-08-22,wk inc covid hosp,1,2026-08-29,36,quantile,0.25,144.0
2026-08-22,wk inc covid hosp,1,2026-08-29,36,quantile,0.3,144.0
2026-08-22,wk inc covid hosp,1,2026-08-29,36,quantile,0.35,148.0
2026-08-22,wk inc covid hosp,1,2026-08-29,36,quantile,0.4,160.0
2026-08-22,wk inc covid hosp,1,2026-08-29,36,quantile,0.45,161.0
2026-08-22,wk inc covid hosp,1,2026-08-29,36,quantile,0.5,167.0
2026-08-22,wk inc covid hosp,1,2026-08-29,36,quantile,0.55,178.0
2026-08-22,wk inc covid hosp,1,2026-08-29,36,quantile,0.6,178.0
2026-08-22,wk inc covid hosp,1,2026-08-29,36,quantile,0.65,178.0
2026-08-22,wk inc covid hosp,1,2026-08-29,36,quantile,0.7,178.0
2026-08-22,wk inc covid hosp,1,2026-08-29,36,quantile,0.75,179.0
2026-08-22,wk inc covid hosp,1,2026-08-29,36,quantile,0.8,189.0
2026-08-22,wk inc covid hosp,1,2026-08-29,36,quantile,0.85,189.0
2026-08-22,wk inc covid hosp,1,2026-08-29,36,quantile,0.9,197.0
2026-08-22,wk inc covid hosp,1,2026-08-29,36,quantile,0.95,204.0
2026-08-22,wk inc covid hosp,1,2026-08-29,36,quantile,0.975,220.0
2026-08-22,wk inc covid hosp,1,2026-08-29,36,quantile,0.99,258.0
2026-08-22,wk inc covid hosp,1,2026-08-29,37,quantile,0.01,42.0
2026-08-22,wk inc covid hosp,1,2026-08-29,37,quantile,0.025,57.0
2026-08-22,wk inc covid hosp,1,2026-08-29,37,quantile,0.05,73.0
2026-08-22,wk inc covid hosp,1,2026-08-29,37,quantile,0.1,84.0
2026-08-22,wk inc covid hosp,1,2026-08-29,37,quantile,0.15,94.0
2026-08-22,wk inc covid hosp,1,2026-08-29,37,quantile,0.2,101.0
2026-08-22,wk inc covid hosp,1,2026-08-29,37,quantile,0.25,106.0
2026-08-22,wk inc covid hosp,1,2026-08-29,37,quantile,0.3,106.0
2026-08-22,wk inc covid hosp,1,2026-08-29,37,quantile,0.35,109.0
2026-08-22,wk inc covid hosp,1,2026-08-29,37,quantile,0.4,112.0
2026-08-22,wk inc covid hosp,1,2026-08-29,37,quantile,0.45,113.0
2026-08-22,wk inc covid hosp,1,2026-08-29,37,quantile,0.5,116.0
2026-08-22,wk inc covid hosp,1,2026-08-29,37,quantile,0.55,122.0
2026-08-22,wk inc covid hosp,1,2026-08-29,37,quantile,0.6,127.0
2026-08-22,wk inc covid hosp,1,2026-08-29,37,quantile,0.65,128.0
2026-08-22,wk inc covid hosp,1,2026-08-29,37,quantile,0.7,131.0
2026-08-22,wk inc covid hosp,1,2026-08-29,37,quantile,0.75,131.0
2026-08-22,wk inc covid hosp,1,2026-08-29,37,quantile,0.8,134.0
2026-08-22,wk inc covid hosp,1,2026-08-29,37,quantile,0.85,134.0
2026-08-22,wk inc covid hosp,1,2026-08-29,37,quantile,0.9,140.0
2026-08-22,wk inc covid hosp,1,2026-08-29,37,quantile,0.95,143.0
2026-08-22,wk inc covid hosp,1,2026-08-29,37,quantile,0.975,153.0
2026-08-22,wk inc covid hosp,1,2026-08-29,37,quantile,0.99,184.0
2026-08-22,wk inc covid hosp,1,2026-08-29,38,quantile,0.01,0.0
2026-08-22,wk inc covid hosp,1,2026-08-29,38,quantile,0.025,0.0
2026-08-22,wk inc covid hosp,1,2026-08-29,38,quantile,0.05,0.0
2026-08-22,wk inc covid hosp,1,2026-08-29,38,quantile,0.1,0.0
2026-08-22,wk inc covid hosp,1,2026-08-29,38,quantile,0.15,0.0
2026-08-22,wk inc covid hosp,1,2026-08-29,38,quantile,0.2,0.0
2026-08-22,wk inc covid hosp,1,2026-08-29,38,quantile,0.25,0.0
2026-08-22,wk inc covid hosp,1,2026-08-29,38,quantile,0.3,1.0
2026-08-22,wk inc covid hosp,1,2026-08-29,38,quantile,0.35,1.0
2026-08-22,wk inc covid hosp,1,2026-08-29,38,quantile,0.4,1.0
2026-08-22,wk inc covid hosp,1,2026-08-29,38,quantile,0.45,1.0
2026-08-22,wk inc covid hosp,1,2026-08-29,38,quantile,0.5,1.0
2026-08-22,wk inc covid hosp,1,2026-08-29,38,quantile,0.55,1.0
2026-08-22,wk inc covid hosp,1,2026-08-29,38,quantile,0.6,1.0
2026-08-22,wk inc covid hosp,1,2026-08-29,38,quantile,0.65,1.0
2026-08-22,wk inc covid hosp,1,2026-08-29,38,quantile,0.7,2.0
2026-08-22,wk inc covid hosp,1,2026-08-29,38,quantile,0.75,2.0
2026-08-22,wk inc covid hosp,1,2026-08-29,38,quantile,0.8,2.0
2026-08-22,wk inc covid hosp,1,2026-08-29,38,quantile,0.85,2.0
2026-08-22,wk inc covid hosp,1,2026-08-29,38,quantile,0.9,2.0
2026-08-22,wk inc covid hosp,1,2026-08-29,38,quantile,0.95,3.0
2026-08-22,wk inc covid hosp,1,2026-08-29,38,quantile,0.975,5.0
2026-08-22,wk inc covid hosp,1,2026-08-29,38,quantile,0.99,8.0
2026-08-22,wk inc covid hosp,1,2026-08-29,39,quantile,0.01,18.0
2026-08-22,wk inc covid hosp,1,2026-08-29,39,quantile,0.025,24.0
2026-08-22,wk inc covid hosp,1,2026-08-29,39,quantile,0.05,27.0
2026-08-22,wk inc covid hosp,1,2026-08-29,39,quantile,0.1,33.0
2026-08-22,wk inc covid hosp,1,2026-08-29,39,quantile,0.15,34.0
2026-08-22,wk inc covid hosp,1,2026-08-29,39,quantile,0.2,42.0
2026-08-22,wk inc covid hosp,1,2026-08-29,39,quantile,0.25,42.0
2026-08-22,wk inc covid hosp,1,2026-08-29,39,quantile,0.3,42.0
2026-08-22,wk inc covid hosp,1,2026-08-29,39,quantile,0.35,44.0
2026-08-22,wk inc covid hosp,1,2026-08-29,39,quantile,0.4,44.0
2026-08-22,wk inc covid hosp,1,2026-08-29,39,quantile,0.45,46.0
2026-08-22,wk inc covid hosp,1,2026-08-29,39,quantile,0.5,46.0
2026-08-22,wk inc covid hosp,1,2026-08-29,39,quantile,0.55,46.0
2026-08-22,wk inc covid hosp,1,2026-08-29,39,quantile,0.6,47.0
2026-08-22,wk inc covid hosp,1,2026-08-29,39,quantile,0.65,47.0
2026-08-22,wk inc covid hosp,1,2026-08-29,39,quantile,0.7,47.0
2026-08-22,wk inc covid hosp,1,2026-08-29,39,quantile,0.75,54.0
2026-08-22,wk inc covid hosp,1,2026-08-29,39,quantile,0.8,56.0
2026-08-22,wk inc covid hosp,1,2026-08-29,39,quantile,0.85,57.0
2026-08-22,wk inc covid hosp,1,2026-08-29,39,quantile,0.9,58.0
2026-08-22,wk inc covid hosp,1,2026-08-29,39,quantile,0.95,60.0
2026-08-22,wk inc covid hosp,1,2026-08-29,39,quantile,0.975,79.0
2026-08-22,wk inc covid hosp,1,2026-08-29,39,quantile,0.99,126.0
2026-08-22,wk inc covid hosp,1,2026-08-29,40,quantile,0.01,3.0
2026-08-22,wk inc covid hosp,1,2026-08-29,40,quantile,0.025,4.0
2026-08-22,wk inc covid hosp,1,2026-08-29,40,quantile,0.05,4.0
2026-08-22,wk inc covid hosp,1,2026-08-29,40,quantile,0.1,6.0
2026-08-22,wk inc covid hosp,1,2026-08-29,40,quantile,0.15,7.0
2026-08-22,wk inc covid hosp,1,2026-08-29,40,quantile,0.2,8.0
2026-08-22,wk inc covid hosp,1,2026-08-29,40,quantile,0.25,8.0
2026-08-22,wk inc covid hosp,1,2026-08-29,40,quantile,0.3,8.0
2026-08-22,wk inc covid hosp,1,2026-08-29,40,quantile,0.35,9.0
2026-08-22,wk inc covid hosp,1,2026-08-29,40,quantile,0.4,10.0
2026-08-22,wk inc covid hosp,1,2026-08-29,40,quantile,0.45,10.0
2026-08-22,wk inc covid hosp,1,2026-08-29,40,quantile,0.5,10.0
2026-08-22,wk inc covid hosp,1,2026-08-29,40,quantile,0.55,11.0
2026-08-22,wk inc covid hosp,1,2026-08-29,40,quantile,0.6,11.0
2026-08-22,wk inc covid hosp,1,2026-08-29,40,quantile,0.65,11.0
2026-08-22,wk inc covid hosp,1,2026-08-29,40,quantile,0.7,11.0
2026-08-22,wk inc covid hosp,1,2026-08-29,40,quantile,0.75,12.0
2026-08-22,wk inc covid hosp,1,2026-08-29,40,quantile,0.8,12.0
2026-08-22,wk inc covid hosp,1,2026-08-29,40,quantile,0.85,14.0
2026-08-22,wk inc covid hosp,1,2026-08-29,40,quantile,0.9,15.0
2026-08-22,wk inc covid hosp,1,2026-08-29,40,quantile,0.95,17.0
2026-08-22,wk inc covid hosp,1,2026-08-29,40,quantile,0.975,17.0
2026-08-22,wk inc covid hosp,1,2026-08-29,40,quantile,0.99,31.0
2026-08-22,wk inc covid hosp,1,2026-08-29,41,quantile,0.01,5.0
2026-08-22,wk inc covid hosp,1,2026-08-29,41,quantile,0.025,6.0
2026-08-22,wk inc covid hosp,1,2026-08-29,41,quantile,0.05,6.0
2026-08-22,wk inc covid hosp,1,2026-08-29,41,quantile,0.1,8.0
2026-08-22,wk inc covid hosp,1,2026-08-29,41,quantile,0.15,9.0
2026-08-22,wk inc covid hosp,1,2026-08-29,41,quantile,0.2,11.0
2026-08-22,wk inc covid hosp,1,2026-08-29,41,quantile,0.25,13.0
2026-08-22,wk inc covid hosp,1,2026-08-29,41,quantile,0.3,13.0
2026-08-22,wk inc covid hosp,1,2026-08-29,41,quantile,0.35,13.0
2026-08-22,wk inc covid hosp,1,2026-08-29,41,quantile,0.4,13.0
2026-08-22,wk inc covid hosp,1,2026-08-29,41,quantile,0.45,14.0
2026-08-22,wk inc covid hosp,1,2026-08-29,41,quantile,0.5,14.0
2026-08-22,wk inc covid hosp,1,2026-08-29,41,quantile,0.55,14.0
2026-08-22,wk inc covid hosp,1,2026-08-29,41,quantile,0.6,15.0
2026-08-22,wk inc covid hosp,1,2026-08-29,41,quantile,0.65,15.0
2026-08-22,wk inc covid hosp,1,2026-08-29,41,quantile,0.7,17.0
2026-08-22,wk inc covid hosp,1,2026-08-29,41,quantile,0.75,18.0
2026-08-22,wk inc covid hosp,1,2026-08-29,41,quantile,0.8,18.0
2026-08-22,wk inc covid hosp,1,2026-08-29,41,quantile,0.85,18.0
2026-08-22,wk inc covid hosp,1,2026-08-29,41,quantile,0.9,21.0
2026-08-22,wk inc covid hosp,1,2026-08-29,41,quantile,0.95,25.0
2026-08-22,wk inc covid hosp,1,2026-08-29,41,quantile,0.975,31.0
2026-08-22,wk inc covid hosp,1,2026-08-29,41,quantile,0.99,48.0
2026-08-22,wk inc covid hosp,1,2026-08-29,42,quantile,0.01,29.0
2026-08-22,wk inc covid hosp,1,2026-08-29,42,quantile,0.025,38.0
2026-08-22,wk inc covid hosp,1,2026-08-29,42,quantile,0.05,47.0
2026-08-22,wk inc covid hosp,1,2026-08-29,42,quantile,0.1,59.0
2026-08-22,wk inc covid hosp,1,2026-08-29,42,quantile,0.15,63.0
2026-08-22,wk inc covid hosp,1,2026-08-29,42,quantile,0.2,71.0
2026-08-22,wk inc covid hosp,1,2026-08-29,42,quantile,0.25,78.0
2026-08-22,wk inc covid hosp,1,2026-08-29,42,quantile,0.3,78.0
2026-08-22,wk inc covid hosp,1,2026-08-29,42,quantile,0.35,78.0
2026-08-22,wk inc covid hosp,1,2026-08-29,42,quantile,0.4,79.0
2026-08-22,wk inc covid hosp,1,2026-08-29,42,quantile,0.45,84.0
2026-08-22,wk inc covid hosp,1,2026-08-29,42,quantile,0.5,85.0
2026-08-22,wk inc covid hosp,1,2026-08-29,42,quantile,0.55,90.0
2026-08-22,wk inc covid hosp,1,2026-08-29,42,quantile,0.6,93.0
2026-08-22,wk inc covid hosp,1,2026-08-29,42,quantile,0.65,93.0
2026-08-22,wk inc covid hosp,1,2026-08-29,42,quantile,0.7,95.0
2026-08-22,wk inc covid hosp,1,2026-08-29,42,quantile,0.75,96.0
2026-08-22,wk inc covid hosp,1,2026-08-29,42,quantile,0.8,98.0
2026-08-22,wk inc covid hosp,1,2026-08-29,42,quantile,0.85,100.0
2026-08-22,wk inc covid hosp,1,2026-08-29,42,quantile,0.9,105.0
2026-08-22,wk inc covid hosp,1,2026-08-29,42,quantile,0.95,115.0
2026-08-22,wk inc covid hosp,1,2026-08-29,42,quantile,0.975,128.0
2026-08-22,wk inc covid hosp,1,2026-08-29,42,quantile,0.99,151.0
2026-08-22,wk inc covid hosp,1,2026-08-29,44,quantile,0.01,3.0
2026-08-22,wk inc covid hosp,1,2026-08-29,44,quantile,0.025,4.0
2026-08-22,wk inc covid hosp,1,2026-08-29,44,quantile,0.05,4.0
2026-08-22,wk inc covid hosp,1,2026-08-29,44,quantile,0.1,6.0
2026-08-22,wk inc covid hosp,1,2026-08-29,44,quantile,0.15,6.0
2026-08-22,wk inc covid hosp,1,2026-08-29,44,quantile,0.2,7.0
2026-08-22,wk inc covid hosp,1,2026-08-29,44,quantile,0.25,7.0
2026-08-22,wk inc covid hosp,1,2026-08-29,44,quantile,0.3,7.0
2026-08-22,wk inc covid hosp,1,2026-08-29,44,quantile,0.35,7.0
2026-08-22,wk inc covid hosp,1,2026-08-29,44,quantile,0.4,7.0
2026-08-22,wk inc covid hosp,1,2026-08-29,44,quantile,0.45,8.0
2026-08-22,wk inc covid hosp,1,2026-08-29,44,quantile,0.5,9.0
2026-08-22,wk inc covid hosp,1,2026-08-29,44,quantile,0.55,10.0
2026-08-22,wk inc covid hosp,1,2026-08-29,44,quantile,0.6,10.0
2026-08-22,wk inc covid hosp,1,2026-08-29,44,quantile,0.65,11.0
2026-08-22,wk inc covid hosp,1,2026-08-29,44,quantile,0.7,11.0
2026-08-22,wk inc covid hosp,1,2026-08-29,44,quantile,0.75,11.0
2026-08-22,wk inc covid hosp,1,2026-08-29,44,quantile,0.8,11.0
2026-08-22,wk inc covid hosp,1,2026-08-29,44,quantile,0.85,12.0
2026-08-22,wk inc covid hosp,1,2026-08-29,44,quantile,0.9,13.0
2026-08-22,wk inc covid hosp,1,2026-08-29,44,quantile,0.95,14.0
2026-08-22,wk inc covid hosp,1,2026-08-29,44,quantile,0.975,16.0
2026-08-22,wk inc covid hosp,1,2026-08-29,44,quantile,0.99,19.0
2026-08-22,wk inc covid hosp,1,2026-08-29,45,quantile,0.01,13.0
2026-08-22,wk inc covid hosp,1,2026-08-29,45,quantile,0.025,16.0
2026-08-22,wk inc covid hosp,1,2026-08-29,45,quantile,0.05,19.0
2026-08-22,wk inc covid hosp,1,2026-08-29,45,quantile,0.1,24.0
2026-08-22,wk inc covid hosp,1,2026-08-29,45,quantile,0.15,27.0
2026-08-22,wk inc covid hosp,1,2026-08-29,45,quantile,0.2,29.0
2026-08-22,wk inc covid hosp,1,2026-08-29,45,quantile,0.25,32.0
2026-08-22,wk inc covid hosp,1,2026-08-29,45,quantile,0.3,32.0
2026-08-22,wk inc covid hosp,1,2026-08-29,45,quantile,0.35,33.0
2026-08-22,wk inc covid hosp,1,2026-08-29,45,quantile,0.4,33.0
2026-08-22,wk inc covid hosp,1,2026-08-29,45,quantile,0.45,34.0
2026-08-22,wk inc covid hosp,1,2026-08-29,45,quantile,0.5,36.0
2026-08-22,wk inc covid hosp,1,2026-08-29,45,quantile,0.55,37.0
2026-08-22,wk inc covid hosp,1,2026-08-29,45,quantile,0.6,37.0
2026-08-22,wk inc covid hosp,1,2026-08-29,45,quantile,0.65,38.0
2026-08-22,wk inc covid hosp,1,2026-08-29,45,quantile,0.7,42.0
2026-08-22,wk inc covid hosp,1,2026-08-29,45,quantile,0.75,42.0
2026-08-22,wk inc covid hosp,1,2026-08-29,45,quantile,0.8,42.0
2026-08-22,wk inc covid hosp,1,2026-08-29,45,quantile,0.85,44.0
2026-08-22,wk inc covid hosp,1,2026-08-29,45,quantile,0.9,46.0
2026-08-22,wk inc covid hosp,1,2026-08-29,45,quantile,0.95,47.0
2026-08-22,wk inc covid hosp,1,2026-08-29,45,quantile,0.975,51.0
2026-08-22,wk inc covid hosp,1,2026-08-29,45,quantile,0.99,61.0
2026-08-22,wk inc covid hosp,1,2026-08-29,46,quantile,0.01,0.0
2026-08-22,wk inc covid hosp,1,2026-08-29,46,quantile,0.025,0.0
2026-08-22,wk inc covid hosp,1,2026-08-29,46,quantile,0.05,0.0
2026-08-22,wk inc covid hosp,1,2026-08-29,46,quantile,0.1,1.0
2026-08-22,wk inc covid hosp,1,2026-08-29,46,quantile,0.15,1.0
2026-08-22,wk inc covid hosp,1,2026-08-29,46,quantile,0.2,1.0
2026-08-22,wk inc covid hosp,1,2026-08-29,46,quantile,0.25,1.0
2026-08-22,wk inc covid hosp,1,2026-08-29,46,quantile,0.3,1.0
2026-08-22,wk inc covid hosp,1,2026-08-29,46,quantile,0.35,1.0
2026-08-22,wk inc covid hosp,1,2026-08-29,46,quantile,0.4,1.0
2026-08-22,wk inc covid hosp,1,2026-08-29,46,quantile,0.45,1.0
2026-08-22,wk inc covid hosp,1,2026-08-29,46,quantile,0.5,1.0
2026-08-22,wk inc covid hosp,1,2026-08-29,46,quantile,0.55,1.0
2026-08-22,wk inc covid hosp,1,2026-08-29,46,quantile,0.6,1.0
2026-08-22,wk inc covid hosp,1,2026-08-29,46,quantile,0.65,1.0
2026-08-22,wk inc covid hosp,1,2026-08-29,46,quantile,0.7,1.0
2026-08-22,wk inc covid hosp,1,2026-08-29,46,quantile,0.75,2.0
2026-08-22,wk inc covid hosp,1,2026-08-29,46,quantile,0.8,2.0
2026-08-22,wk inc covid hosp,1,2026-08-29,46,quantile,0.85,2.0
2026-08-22,wk inc covid hosp,1,2026-08-29,46,quantile,0.9,3.0
2026-08-22,wk inc covid hosp,1,2026-08-29,46,quantile,0.95,4.0
2026-08-22,wk inc covid hosp,1,2026-08-29,46,quantile,0.975,5.0
2026-08-22,wk inc covid hosp,1,2026-08-29,46,quantile,0.99,10.0
2026-08-22,wk inc covid hosp,1,2026-08-29,47,quantile,0.01,21.0
2026-08-22,wk inc covid hosp,1,2026-08-29,47,quantile,0.025,27.0
2026-08-22,wk inc covid hosp,1,2026-08-29,47,quantile,0.05,31.0
2026-08-22,wk inc covid hosp,1,2026-08-29,47,quantile,0.1,38.0
2026-08-22,wk inc covid hosp,1,2026-08-29,47,quantile,0.15,44.0
2026-08-22,wk inc covid hosp,1,2026-08-29,47,quantile,0.2,47.0
2026-08-22,wk inc covid hosp,1,2026-08-29,47,quantile,0.25,48.0
2026-08-22,wk inc covid hosp,1,2026-08-29,47,quantile,0.3,50.0
2026-08-22,wk inc covid hosp,1,2026-08-29,47,quantile,0.35,50.0
2026-08-22,wk inc covid hosp,1,2026-08-29,47,quantile,0.4,50.0
2026-08-22,wk inc covid hosp,1,2026-08-29,47,quantile,0.45,53.0
2026-08-22,wk inc covid hosp,1,2026-08-29,47,quantile,0.5,54.0
2026-08-22,wk inc covid hosp,1,2026-08-29,47,quantile,0.55,54.0
2026-08-22,wk inc covid hosp,1,2026-08-29,47,quantile,0.6,56.0
2026-08-22,wk inc covid hosp,1,2026-08-29,47,quantile,0.65,56.0
2026-08-22,wk inc covid hosp,1,2026-08-29,47,quantile,0.7,56.0
2026-08-22,wk inc covid hosp,1,2026-08-29,47,quantile,0.75,56.0
2026-08-22,wk inc covid hosp,1,2026-08-29,47,quantile,0.8,58.0
2026-08-22,wk inc covid hosp,1,2026-08-29,47,quantile,0.85,58.0
2026-08-22,wk inc covid hosp,1,2026-08-29,47,quantile,0.9,61.0
2026-08-22,wk inc covid hosp,1,2026-08-29,47,quantile,0.95,65.0
2026-08-22,wk inc covid hosp,1,2026-08-29,47,quantile,0.975,69.0
2026-08-22,wk inc covid hosp,1,2026-08-29,47,quantile,0.99,85.0
2026-08-22,wk inc covid hosp,1,2026-08-29,48,quantile,0.01,122.0
2026-08-22,wk inc covid hosp,1,2026-08-29,48,quantile,0.025,156.0
2026-08-22,wk inc covid hosp,1,2026-08-29,48,quantile,0.05,189.0
2026-08-22,wk inc covid hosp,1,2026-08-29,48,quantile,0.1,221.0
2026-08-22,wk inc covid hosp,1,2026-08-29,48,quantile,0.15,241.0
2026-08-22,wk inc covid hosp,1,2026-08-29,48,quantile,0.2,261.0
2026-08-22,wk inc covid hosp,1,2026-08-29,48,quantile,0.25,261.0
2026-08-22,wk inc covid hosp,1,2026-08-29,48,quantile,0.3,268.0
2026-08-22,wk inc covid hosp,1,2026-08-29,48,quantile,0.35,291.0
2026-08-22,wk inc covid hosp,1,2026-08-29,48,quantile,0.4,303.0
2026-08-22,wk inc covid hosp,1,2026-08-29,48,quantile,0.45,316.0
2026-08-22,wk inc covid hosp,1,2026-08-29,48,quantile,0.5,333.0
2026-08-22,wk inc covid hosp,1,2026-08-29,48,quantile,0.55,337.0
2026-08-22,wk inc covid hosp,1,2026-08-29,48,quantile,0.6,361.0
2026-08-22,wk inc covid hosp,1,2026-08-29,48,quantile,0.65,369.0
2026-08-22,wk inc covid hosp,1,2026-08-29,48,quantile,0.7,374.0
2026-08-22,wk inc covid hosp,1,2026-08-29,48,quantile,0.75,380.0
2026-08-22,wk inc covid hosp,1,2026-08-29,48,quantile,0.8,380.0
2026-08-22,wk inc covid hosp,1,2026-08-29,48,quantile,0.85,380.0
2026-08-22,wk inc covid hosp,1,2026-08-29,48,quantile,0.9,389.0
2026-08-22,wk inc covid hosp,1,2026-08-29,48,quantile,0.95,412.0
2026-08-22,wk inc covid hosp,1,2026-08-29,48,quantile,0.975,417.0
2026-08-22,wk inc covid hosp,1,2026-08-29,48,quantile,0.99,510.0
2026-08-22,wk inc covid hosp,1,2026-08-29,49,quantile,0.01,1.0
2026-08-22,wk inc covid hosp,1,2026-08-29,49,quantile,0.025,2.0
2026-08-22,wk inc covid hosp,1,2026-08-29,49,quantile,0.05,3.0
2026-08-22,wk inc covid hosp,1,2026-08-29,49,quantile,0.1,4.0
2026-08-22,wk inc covid hosp,1,2026-08-29,49,quantile,0.15,5.0
2026-08-22,wk inc covid hosp,1,2026-08-29,49,quantile,0.2,5.0
2026-08-22,wk inc covid hosp,1,2026-08-29,49,quantile,0.25,6.0
2026-08-22,wk inc covid hosp,1,2026-08-29,49,quantile,0.3,6.0
2026-08-22,wk inc covid hosp,1,2026-08-29,49,quantile,0.35,6.0
2026-08-22,wk inc covid hosp,1,2026-08-29,49,quantile,0.4,6.0
2026-08-22,wk inc covid hosp,1,2026-08-29,49,quantile,0.45,7.0
2026-08-22,wk inc covid hosp,1,2026-08-29,49,quantile,0.5,7.0
2026-08-22,wk inc covid hosp,1,2026-08-29,49,quantile,0.55,8.0
2026-08-22,wk inc covid hosp,1,2026-08-29,49,quantile,0.6,8.0
2026-08-22,wk inc covid hosp,1,2026-08-29,49,quantile,0.65,8.0
2026-08-22,wk inc covid hosp,1,2026-08-29,49,quantile,0.7,9.0
2026-08-22,wk inc covid hosp,1,2026-08-29,49,quantile,0.75,9.0
2026-08-22,wk inc covid hosp,1,2026-08-29,49,quantile,0.8,10.0
2026-08-22,wk inc covid hosp,1,2026-08-29,49,quantile,0.85,11.0
2026-08-22,wk inc covid hosp,1,2026-08-29,49,quantile,0.9,13.0
2026-08-22,wk inc covid hosp,1,2026-08-29,49,quantile,0.95,17.0
2026-08-22,wk inc covid hosp,1,2026-08-29,49,quantile,0.975,17.0
2026-08-22,wk inc covid hosp,1,2026-08-29,49,quantile,0.99,31.0
2026-08-22,wk inc covid hosp,1,2026-08-29,50,quantile,0.01,0.0
2026-08-22,wk inc covid hosp,1,2026-08-29,50,quantile,0.025,0.0
2026-08-22,wk inc covid hosp,1,2026-08-29,50,quantile,0.05,0.0
2026-08-22,wk inc covid hosp,1,2026-08-29,50,quantile,0.1,0.0
2026-08-22,wk inc covid hosp,1,2026-08-29,50,quantile,0.15,0.0
2026-08-22,wk inc covid hosp,1,2026-08-29,50,quantile,0.2,1.0
2026-08-22,wk inc covid hosp,1,2026-08-29,50,quantile,0.25,1.0
2026-08-22,wk inc covid hosp,1,2026-08-29,50,quantile,0.3,1.0
2026-08-22,wk inc covid hosp,1,2026-08-29,50,quantile,0.35,1.0
2026-08-22,wk inc covid hosp,1,2026-08-29,50,quantile,0.4,1.0
2026-08-22,wk inc covid hosp,1,2026-08-29,50,quantile,0.45,1.0
2026-08-22,wk inc covid hosp,1,2026-08-29,50,quantile,0.5,1.0
2026-08-22,wk inc covid hosp,1,2026-08-29,50,quantile,0.55,2.0
2026-08-22,wk inc covid hosp,1,2026-08-29,50,quantile,0.6,2.0
2026-08-22,wk inc covid hosp,1,2026-08-29,50,quantile,0.65,2.0
2026-08-22,wk inc covid hosp,1,2026-08-29,50,quantile,0.7,2.0
2026-08-22,wk inc covid hosp,1,2026-08-29,50,quantile,0.75,3.0
2026-08-22,wk inc covid hosp,1,2026-08-29,50,quantile,0.8,3.0
2026-08-22,wk inc covid hosp,1,2026-08-29,50,quantile,0.85,3.0
2026-08-22,wk inc covid hosp,1,2026-08-29,50,quantile,0.9,4.0
2026-08-22,wk inc covid hosp,1,2026-08-29,50,quantile,0.95,4.0
2026-08-22,wk inc covid hosp,1,2026-08-29,50,quantile,0.975,4.0
2026-08-22,wk inc covid hosp,1,2026-08-29,50,quantile,0.99,7.0
2026-08-22,wk inc covid hosp,1,2026-08-29,51,quantile,0.01,9.0
2026-08-22,wk inc covid hosp,1,2026-08-29,51,quantile,0.025,11.0
2026-08-22,wk inc covid hosp,1,2026-08-29,51,quantile,0.05,13.0
2026-08-22,wk inc covid hosp,1,2026-08-29,51,quantile,0.1,16.0
2026-08-22,wk inc covid hosp,1,2026-08-29,51,quantile,0.15,20.0
2026-08-22,wk inc covid hosp,1,2026-08-29,51,quantile,0.2,23.0
2026-08-22,wk inc covid hosp,1,2026-08-29,51,quantile,0.25,24.0
2026-08-22,wk inc covid hosp,1,2026-08-29,51,quantile,0.3,24.0
2026-08-22,wk inc covid hosp,1,2026-08-29,51,quantile,0.35,24.0
2026-08-22,wk inc covid hosp,1,2026-08-29,51,quantile,0.4,25.0
2026-08-22,wk inc covid hosp,1,2026-08-29,51,quantile,0.45,26.0
2026-08-22,wk inc covid hosp,1,2026-08-29,51,quantile,0.5,27.0
2026-08-22,wk inc covid hosp,1,2026-08-29,51,quantile,0.55,27.0
2026-08-22,wk inc covid hosp,1,2026-08-29,51,quantile,0.6,27.0
2026-08-22,wk inc covid hosp,1,2026-08-29,51,quantile,0.65,27.0
2026-08-22,wk inc covid hosp,1,2026-08-29,51,quantile,0.7,27.0
2026-08-22,wk inc covid hosp,1,2026-08-29,51,quantile,0.75,29.0
2026-08-22,wk inc covid hosp,1,2026-08-29,51,quantile,0.8,31.0
2026-08-22,wk inc covid hosp,1,2026-08-29,51,quantile,0.85,32.0
2026-08-22,wk inc covid hosp,1,2026-08-29,51,quantile,0.9,37.0
2026-08-22,wk inc covid hosp,1,2026-08-29,51,quantile,0.95,42.0
2026-08-22,wk inc covid hosp,1,2026-08-29,51,quantile,0.975,44.0
2026-08-22,wk inc covid hosp,1,2026-08-29,51,quantile,0.99,72.0
2026-08-22,wk inc covid hosp,1,2026-08-29,53,quantile,0.01,22.0
2026-08-22,wk inc covid hosp,1,2026-08-29,53,quantile,0.025,26.0
2026-08-22,wk inc covid hosp,1,2026-08-29,53,quantile,0.05,30.0
2026-08-22,wk inc covid hosp,1,2026-08-29,53,quantile,0.1,37.0
2026-08-22,wk inc covid hosp,1,2026-08-29,53,quantile,0.15,39.0
2026-08-22,wk inc covid hosp,1,2026-08-29,53,quantile,0.2,45.0
2026-08-22,wk inc covid hosp,1,2026-08-29,53,quantile,0.25,47.0
2026-08-22,wk inc covid hosp,1,2026-08-29,53,quantile,0.3,47.0
2026-08-22,wk inc covid hosp,1,2026-08-29,53,quantile,0.35,47.0
2026-08-22,wk inc covid hosp,1,2026-08-29,53,quantile,0.4,49.0
2026-08-22,wk inc covid hosp,1,2026-08-29,53,quantile,0.45,50.0
2026-08-22,wk inc covid hosp,1,2026-08-29,53,quantile,0.5,52.0
2026-08-22,wk inc covid hosp,1,2026-08-29,53,quantile,0.55,53.0
2026-08-22,wk inc covid hosp,1,2026-08-29,53,quantile,0.6,54.0
2026-08-22,wk inc covid hosp,1,2026-08-29,53,quantile,0.65,54.0
2026-08-22,wk inc covid hosp,1,2026-08-29,53,quantile,0.7,57.0
2026-08-22,wk inc covid hosp,1,2026-08-29,53,quantile,0.75,58.0
2026-08-22,wk inc covid hosp,1,2026-08-29,53,quantile,0.8,59.0
2026-08-22,wk inc covid hosp,1,2026-08-29,53,quantile,0.85,59.0
2026-08-22,wk inc covid hosp,1,2026-08-29,53,quantile,0.9,63.0
2026-08-22,wk inc covid hosp,1,2026-08-29,53,quantile,0.95,69.0
2026-08-22,wk inc covid hosp,1,2026-08-29,53,quantile,0.975,76.0
2026-08-22,wk inc covid hosp,1,2026-08-29,53,quantile,0.99,89.0
2026-08-22,wk inc covid hosp,1,2026-08-29,54,quantile,0.01,0.0
2026-08-22,wk inc covid hosp,1,2026-08-29,54,quantile,0.025,1.0
2026-08-22,wk inc covid hosp,1,2026-08-29,54,quantile,0.05,1.0
2026-08-22,wk inc covid hosp,1,2026-08-29,54,quantile,0.1,2.0
2026-08-22,wk inc covid hosp,1,2026-08-29,54,quantile,0.15,2.0
2026-08-22,wk inc covid hosp,1,2026-08-29,54,quantile,0.2,2.0
2026-08-22,wk inc covid hosp,1,2026-08-29,54,quantile,0.25,2.0
2026-08-22,wk inc covid hosp,1,2026-08-29,54,quantile,0.3,2.0
2026-08-22,wk inc covid hosp,1,2026-08-29,54,quantile,0.35,2.0
2026-08-22,wk inc covid hosp,1,2026-08-29,54,quantile,0.4,2.0
2026-08-22,wk inc covid hosp,1,2026-08-29,54,quantile,0.45,3.0
2026-08-22,wk inc covid hosp,1,2026-08-29,54,quantile,0.5,3.0
2026-08-22,wk inc covid hosp,1,2026-08-29,54,quantile,0.55,3.0
2026-08-22,wk inc covid hosp,1,2026-08-29,54,quantile,0.6,4.0
2026-08-22,wk inc covid hosp,1,2026-08-29,54,quantile,0.65,4.0
2026-08-22,wk inc covid hosp,1,2026-08-29,54,quantile,0.7,4.0
2026-08-22,wk inc covid hosp,1,2026-08-29,54,quantile,0.75,4.0
2026-08-22,wk inc covid hosp,1,2026-08-29,54,quantile,0.8,5.0
2026-08-22,wk inc covid hosp,1,2026-08-29,54,quantile,0.85,6.0
2026-08-22,wk inc covid hosp,1,2026-08-29,54,quantile,0.9,7.0
2026-08-22,wk inc covid hosp,1,2026-08-29,54,quantile,0.95,8.0
2026-08-22,wk inc covid hosp,1,2026-08-29,54,quantile,0.975,11.0
2026-08-22,wk inc covid hosp,1,2026-08-29,54,quantile,0.99,20.0
2026-08-22,wk inc covid hosp,1,2026-08-29,55,quantile,0.01,3.0
2026-08-22,wk inc covid hosp,1,2026-08-29,55,quantile,0.025,3.0
2026-08-22,wk inc covid hosp,1,2026-08-29,55,quantile,0.05,5.0
2026-08-22,wk inc covid hosp,1,2026-08-29,55,quantile,0.1,7.0
2026-08-22,wk inc covid hosp,1,2026-08-29,55,quantile,0.15,8.0
2026-08-22,wk inc covid hosp,1,2026-08-29,55,quantile,0.2,8.0
2026-08-22,wk inc covid hosp,1,2026-08-29,55,quantile,0.25,9.0
2026-08-22,wk inc covid hosp,1,2026-08-29,55,quantile,0.3,9.0
2026-08-22,wk inc covid hosp,1,2026-08-29,55,quantile,0.35,10.0
2026-08-22,wk inc covid hosp,1,2026-08-29,55,quantile,0.4,10.0
2026-08-22,wk inc covid hosp,1,2026-08-29,55,quantile,0.45,11.0
2026-08-22,wk inc covid hosp,1,2026-08-29,55,quantile,0.5,12.0
2026-08-22,wk inc covid hosp,1,2026-08-29,55,quantile,0.55,12.0
2026-08-22,wk inc covid hosp,1,2026-08-29,55,quantile,0.6,12.0
2026-08-22,wk inc covid hosp,1,2026-08-29,55,quantile,0.65,12.0
2026-08-22,wk inc covid hosp,1,2026-08-29,55,quantile,0.7,12.0
2026-08-22,wk inc covid hosp,1,2026-08-29,55,quantile,0.75,14.0
2026-08-22,wk inc covid hosp,1,2026-08-29,55,quantile,0.8,16.0
2026-08-22,wk inc covid hosp,1,2026-08-29,55,quantile,0.85,18.0
2026-08-22,wk inc covid hosp,1,2026-08-29,55,quantile,0.9,22.0
2026-08-22,wk inc covid hosp,1,2026-08-29,55,quantile,0.95,25.0
2026-08-22,wk inc covid hosp,1,2026-08-29,55,quantile,0.975,35.0
2026-08-22,wk inc covid hosp,1,2026-08-29,55,quantile,0.99,64.0
2026-08-22,wk inc covid hosp,1,2026-08-29,56,quantile,0.01,0.0
2026-08-22,wk inc covid hosp,1,2026-08-29,56,quantile,0.025,1.0
2026-08-22,wk inc covid hosp,1,2026-08-29,56,quantile,0.05,1.0
2026-08-22,wk inc covid hosp,1,2026-08-29,56,quantile,0.1,1.0
2026-08-22,wk inc covid hosp,1,2026-08-29,56,quantile,0.15,1.0
2026-08-22,wk inc covid hosp,1,2026-08-29,56,quantile,0.2,1.0
2026-08-22,wk inc covid hosp,1,2026-08-29,56,quantile,0.25,1.0
2026-08-22,wk inc covid hosp,1,2026-08-29,56,quantile,0.3,2.0
2026-08-22,wk inc covid hosp,1,2026-08-29,56,quantile,0.35,2.0
2026-08-22,wk inc covid hosp,1,2026-08-29,56,quantile,0.4,2.0
2026-08-22,wk inc covid hosp,1,2026-08-29,56,quantile,0.45,2.0
2026-08-22,wk inc covid hosp,1,2026-08-29,56,quantile,0.5,2.0
2026-08-22,wk inc covid hosp,1,2026-08-29,56,quantile,0.55,2.0
2026-08-22,wk inc covid hosp,1,2026-08-29,56,quantile,0.6,2.0
2026-08-22,wk inc covid hosp,1,2026-08-29,56,quantile,0.65,2.0
2026-08-22,wk inc covid hosp,1,2026-08-29,56,quantile,0.7,2.0
2026-08-22,wk inc covid hosp,1,2026-08-29,56,quantile,0.75,2.0
2026-08-22,wk inc covid hosp,1,2026-08-29,56,quantile,0.8,2.0
2026-08-22,wk inc covid hosp,1,2026-08-29,56,quantile,0.85,3.0
2026-08-22,wk inc covid hosp,1,2026-08-29,56,quantile,0.9,3.0
2026-08-22,wk inc covid hosp,1,2026-08-29,56,quantile,0.95,4.0
2026-08-22,wk inc covid hosp,1,2026-08-29,56,quantile,0.975,5.0
2026-08-22,wk inc covid hosp,1,2026-08-29,56,quantile,0.99,8.0
2026-08-22,wk inc covid hosp,1,2026-08-29,72,quantile,0.01,27.0
2026-08-22,wk inc covid hosp,1,2026-08-29,72,quantile,0.025,34.0
2026-08-22,wk inc covid hosp,1,2026-08-29,72,quantile,0.05,41.0
2026-08-22,wk inc covid hosp,1,2026-08-29,72,quantile,0.1,49.0
2026-08-22,wk inc covid hosp,1,2026-08-29,72,quantile,0.15,56.0
2026-08-22,wk inc covid hosp,1,2026-08-29,72,quantile,0.2,60.0
2026-08-22,wk inc covid hosp,1,2026-08-29,72,quantile,0.25,66.0
2026-08-22,wk inc covid hosp,1,2026-08-29,72,quantile,0.3,66.0
2026-08-22,wk inc covid hosp,1,2026-08-29,72,quantile,0.35,72.0
2026-08-22,wk inc covid hosp,1,2026-08-29,72,quantile,0.4,76.0
2026-08-22,wk inc covid hosp,1,2026-08-29,72,quantile,0.45,76.0
2026-08-22,wk inc covid hosp,1,2026-08-29,72,quantile,0.5,81.0
2026-08-22,wk inc covid hosp,1,2026-08-29,72,quantile,0.55,87.0
2026-08-22,wk inc covid hosp,1,2026-08-29,72,quantile,0.6,93.0
2026-08-22,wk inc covid hosp,1,2026-08-29,72,quantile,0.65,93.0
2026-08-22,wk inc covid hosp,1,2026-08-29,72,quantile,0.7,93.0
2026-08-22,wk inc covid hosp,1,2026-08-29,72,quantile,0.75,93.0
2026-08-22,wk inc covid hosp,1,2026-08-29,72,quantile,0.8,98.0
2026-08-22,wk inc covid hosp,1,2026-08-29,72,quantile,0.85,98.0
2026-08-22,wk inc covid hosp,1,2026-08-29,72,quantile,0.9,107.0
2026-08-22,wk inc covid hosp,1,2026-08-29,72,quantile,0.95,115.0
2026-08-22,wk inc covid hosp,1,2026-08-29,72,quantile,0.975,115.0
2026-08-22,wk inc covid hosp,1,2026-08-29,72,quantile,0.99,116.0
2026-08-22,wk inc covid hosp,2,2026-09-05,01,quantile,0.01,27.0
2026-08-22,wk inc covid hosp,2,2026-09-05,01,quantile,0.025,33.0
2026-08-22,wk inc covid hosp,2,2026-09-05,01,quantile,0.05,37.0
2026-08-22,wk inc covid hosp,2,2026-09-05,01,quantile,0.1,46.0
2026-08-22,wk inc covid hosp,2,2026-09-05,01,quantile,0.15,56.0
2026-08-22,wk inc covid hosp,2,2026-09-05,01,quantile,0.2,64.0
2026-08-22,wk inc covid hosp,2,2026-09-05,01,quantile,0.25,68.0
2026-08-22,wk inc covid hosp,2,2026-09-05,01,quantile,0.3,69.0
2026-08-22,wk inc covid hosp,2,2026-09-05,01,quantile,0.35,73.0
2026-08-22,wk inc covid hosp,2,2026-09-05,01,quantile,0.4,76.0
2026-08-22,wk inc covid hosp,2,2026-09-05,01,quantile,0.45,76.0
2026-08-22,wk inc covid hosp,2,2026-09-05,01,quantile,0.5,76.0
2026-08-22,wk inc covid hosp,2,2026-09-05,01,quantile,0.55,78.0
2026-08-22,wk inc covid hosp,2,2026-09-05,01,quantile,0.6,81.0
2026-08-22,wk inc covid hosp,2,2026-09-05,01,quantile,0.65,83.0
2026-08-22,wk inc covid hosp,2,2026-09-05,01,quantile,0.7,86.0
2026-08-22,wk inc covid hosp,2,2026-09-05,01,quantile,0.75,91.0
2026-08-22,wk inc covid hosp,2,2026-09-05,01,quantile,0.8,92.0
2026-08-22,wk inc covid hosp,2,2026-09-05,01,quantile,0.85,95.0
2026-08-22,wk inc covid hosp,2,2026-09-05,01,quantile,0.9,102.0
2026-08-22,wk inc covid hosp,2,2026-09-05,01,quantile,0.95,105.0
2026-08-22,wk inc covid hosp,2,2026-09-05,01,quantile,0.975,107.0
2026-08-22,wk inc covid hosp,2,2026-09-05,01,quantile,0.99,109.0
2026-08-22,wk inc covid hosp,2,2026-09-05,02,quantile,0.01,1.0
2026-08-22,wk inc covid hosp,2,2026-09-05,02,quantile,0.025,2.0
2026-08-22,wk inc covid hosp,2,2026-09-05,02,quantile,0.05,2.0
2026-08-22,wk inc covid hosp,2,2026-09-05,02,quantile,0.1,3.0
2026-08-22,wk inc covid hosp,2,2026-09-05,02,quantile,0.15,3.0
2026-08-22,wk inc covid hosp,2,2026-09-05,02,quantile,0.2,3.0
2026-08-22,wk inc covid hosp,2,2026-09-05,02,quantile,0.25,4.0
2026-08-22,wk inc covid hosp,2,2026-09-05,02,quantile,0.3,4.0
2026-08-22,wk inc covid hosp,2,2026-09-05,02,quantile,0.35,5.0
2026-08-22,wk inc covid hosp,2,2026-09-05,02,quantile,0.4,5.0
2026-08-22,wk inc covid hosp,2,2026-09-05,02,quantile,0.45,5.0
2026-08-22,wk inc covid hosp,2,2026-09-05,02,quantile,0.5,5.0
2026-08-22,wk inc covid hosp,2,2026-09-05,02,quantile,0.55,5.0
2026-08-22,wk inc covid hosp,2,2026-09-05,02,quantile,0.6,5.0
2026-08-22,wk inc covid hosp,2,2026-09-05,02,quantile,0.65,6.0
2026-08-22,wk inc covid hosp,2,2026-09-05,02,quantile,0.7,6.0
2026-08-22,wk inc covid hosp,2,2026-09-05,02,quantile,0.75,6.0
2026-08-22,wk inc covid hosp,2,2026-09-05,02,quantile,0.8,6.0
2026-08-22,wk inc covid hosp,2,2026-09-05,02,quantile,0.85,7.0
2026-08-22,wk inc covid hosp,2,2026-09-05,02,quantile,0.9,7.0
2026-08-22,wk inc covid hosp,2,2026-09-05,02,quantile,0.95,8.0
2026-08-22,wk inc covid hosp,2,2026-09-05,02,quantile,0.975,8.0
2026-08-22,wk inc covid hosp,2,2026-09-05,02,quantile,0.99,10.0
2026-08-22,wk inc covid hosp,2,2026-09-05,04,quantile,0.01,25.0
2026-08-22,wk inc covid hosp,2,2026-09-05,04,quantile,0.025,31.0
2026-08-22,wk inc covid hosp,2,2026-09-05,04,quantile,0.05,36.0
2026-08-22,wk inc covid hosp,2,2026-09-05,04,quantile,0.1,45.0
2026-08-22,wk inc covid hosp,2,2026-09-05,04,quantile,0.15,52.0
2026-08-22,wk inc covid hosp,2,2026-09-05,04,quantile,0.2,54.0
2026-08-22,wk inc covid hosp,2,2026-09-05,04,quantile,0.25,54.0
2026-08-22,wk inc covid hosp,2,2026-09-05,04,quantile,0.3,54.0
2026-08-22,wk inc covid hosp,2,2026-09-05,04,quantile,0.35,60.0
2026-08-22,wk inc covid hosp,2,2026-09-05,04,quantile,0.4,60.0
2026-08-22,wk inc covid hosp,2,2026-09-05,04,quantile,0.45,61.0
2026-08-22,wk inc covid hosp,2,2026-09-05,04,quantile,0.5,61.0
2026-08-22,wk inc covid hosp,2,2026-09-05,04,quantile,0.55,65.0
2026-08-22,wk inc covid hosp,2,2026-09-05,04,quantile,0.6,65.0
2026-08-22,wk inc covid hosp,2,2026-09-05,04,quantile,0.65,65.0
2026-08-22,wk inc covid hosp,2,2026-09-05,04,quantile,0.7,65.0
2026-08-22,wk inc covid hosp,2,2026-09-05,04,quantile,0.75,67.0
2026-08-22,wk inc covid hosp,2,2026-09-05,04,quantile,0.8,69.0
2026-08-22,wk inc covid hosp,2,2026-09-05,04,quantile,0.85,72.0
2026-08-22,wk inc covid hosp,2,2026-09-05,04,quantile,0.9,79.0
2026-08-22,wk inc covid hosp,2,2026-09-05,04,quantile,0.95,83.0
2026-08-22,wk inc covid hosp,2,2026-09-05,04,quantile,0.975,87.0
2026-08-22,wk inc covid hosp,2,2026-09-05,04,quantile,0.99,113.0
2026-08-22,wk inc covid hosp,2,2026-09-05,05,quantile,0.01,5.0
2026-08-22,wk inc covid hosp,2,2026-09-05,05,quantile,0.025,7.0
2026-08-22,wk inc covid hosp,2,2026-09-05,05,quantile,0.05,9.0
2026-08-22,wk inc covid hosp,2,2026-09-05,05,quantile,0.1,11.0
2026-08-22,wk inc covid hosp,2,2026-09-05,05,quantile,0.15,12.0
2026-08-22,wk inc covid hosp,2,2026-09-05,05,quantile,0.2,14.0
2026-08-22,wk inc covid hosp,2,2026-09-05,05,quantile,0.25,15.0
2026-08-22,wk inc covid hosp,2,2026-09-05,05,quantile,0.3,15.0
2026-08-22,wk inc covid hosp,2,2026-09-05,05,quantile,0.35,16.0
2026-08-22,wk inc covid hosp,2,2026-09-05,05,quantile,0.4,16.0
2026-08-22,wk inc covid hosp,2,2026-09-05,05,quantile,0.45,18.0
2026-08-22,wk inc covid hosp,2,2026-09-05,05,quantile,0.5,18.0
2026-08-22,wk inc covid hosp,2,2026-09-05,05,quantile,0.55,19.0
2026-08-22,wk inc covid hosp,2,2026-09-05,05,quantile,0.6,19.0
2026-08-22,wk inc covid hosp,2,2026-09-05,05,quantile,0.65,19.0
2026-08-22,wk inc covid hosp,2,2026-09-05,05,quantile,0.7,21.0
2026-08-22,wk inc covid hosp,2,2026-09-05,05,quantile,0.75,21.0
2026-08-22,wk inc covid hosp,2,2026-09-05,05,quantile,0.8,22.0
2026-08-22,wk inc covid hosp,2,2026-09-05,05,quantile,0.85,23.0
2026-08-22,wk inc covid hosp,2,2026-09-05,05,quantile,0.9,25.0
2026-08-22,wk inc covid hosp,2,2026-09-05,05,quantile,0.95,26.0
2026-08-22,wk inc covid hosp,2,2026-09-05,05,quantile,0.975,28.0
2026-08-22,wk inc covid hosp,2,2026-09-05,05,quantile,0.99,32.0
2026-08-22,wk inc covid hosp,2,2026-09-05,06,quantile,0.01,232.0
2026-08-22,wk inc covid hosp,2,2026-09-05,06,quantile,0.025,304.0
2026-08-22,wk inc covid hosp,2,2026-09-05,06,quantile,0.05,359.0
2026-08-22,wk inc covid hosp,2,2026-09-05,06,quantile,0.1,430.0
2026-08-22,wk inc covid hosp,2,2026-09-05,06,quantile,0.15,476.0
2026-08-22,wk inc covid hosp,2,2026-09-05,06,quantile,0.2,487.0
2026-08-22,wk inc covid hosp,2,2026-09-05,06,quantile,0.25,490.0
2026-08-22,wk inc covid hosp,2,2026-09-05,06,quantile,0.3,500.0
2026-08-22,wk inc covid hosp,2,2026-09-05,06,quantile,0.35,500.0
2026-08-22,wk inc covid hosp,2,2026-09-05,06,quantile,0.4,529.0
2026-08-22,wk inc covid hosp,2,2026-09-05,06,quantile,0.45,529.0
2026-08-22,wk inc covid hosp,2,2026-09-05,06,quantile,0.5,529.0
2026-08-22,wk inc covid hosp,2,2026-09-05,06,quantile,0.55,544.0
2026-08-22,wk inc covid hosp,2,2026-09-05,06,quantile,0.6,544.0
2026-08-22,wk inc covid hosp,2,2026-09-05,06,quantile,0.65,557.0
2026-08-22,wk inc covid hosp,2,2026-09-05,06,quantile,0.7,557.0
2026-08-22,wk inc covid hosp,2,2026-09-05,06,quantile,0.75,563.0
2026-08-22,wk inc covid hosp,2,2026-09-05,06,quantile,0.8,595.0
2026-08-22,wk inc covid hosp,2,2026-09-05,06,quantile,0.85,610.0
2026-08-22,wk inc covid hosp,2,2026-09-05,06,quantile,0.9,642.0
2026-08-22,wk inc covid hosp,2,2026-09-05,06,quantile,0.95,731.0
2026-08-22,wk inc covid hosp,2,2026-09-05,06,quantile,0.975,751.0
2026-08-22,wk inc covid hosp,2,2026-09-05,06,quantile,0.99,800.0
2026-08-22,wk inc covid hosp,2,2026-09-05,08,quantile,0.01,8.0
2026-08-22,wk inc covid hosp,2,2026-09-05,08,quantile,0.025,11.0
2026-08-22,wk inc covid hosp,2,2026-09-05,08,quantile,0.05,11.0
2026-08-22,wk inc covid hosp,2,2026-09-05,08,quantile,0.1,12.0
2026-08-22,wk inc covid hosp,2,2026-09-05,08,quantile,0.15,14.0
2026-08-22,wk inc covid hosp,2,2026-09-05,08,quantile,0.2,16.0
2026-08-22,wk inc covid hosp,2,2026-09-05,08,quantile,0.25,18.0
2026-08-22,wk inc covid hosp,2,2026-09-05,08,quantile,0.3,19.0
2026-08-22,wk inc covid hosp,2,2026-09-05,08,quantile,0.35,19.0
2026-08-22,wk inc covid hosp,2,2026-09-05,08,quantile,0.4,19.0
2026-08-22,wk inc covid hosp,2,2026-09-05,08,quantile,0.45,20.0
2026-08-22,wk inc covid hosp,2,2026-09-05,08,quantile,0.5,20.0
2026-08-22,wk inc covid hosp,2,2026-09-05,08,quantile,0.55,20.0
2026-08-22,wk inc covid hosp,2,2026-09-05,08,quantile,0.6,21.0
2026-08-22,wk inc covid hosp,2,2026-09-05,08,quantile,0.65,21.0
2026-08-22,wk inc covid hosp,2,2026-09-05,08,quantile,0.7,22.0
2026-08-22,wk inc covid hosp,2,2026-09-05,08,quantile,0.75,23.0
2026-08-22,wk inc covid hosp,2,2026-09-05,08,quantile,0.8,23.0
2026-08-22,wk inc covid hosp,2,2026-09-05,08,quantile,0.85,25.0
2026-08-22,wk inc covid hosp,2,2026-09-05,08,quantile,0.9,28.0
2026-08-22,wk inc covid hosp,2,2026-09-05,08,quantile,0.95,30.0
2026-08-22,wk inc covid hosp,2,2026-09-05,08,quantile,0.975,39.0
2026-08-22,wk inc covid hosp,2,2026-09-05,08,quantile,0.99,63.0
2026-08-22,wk inc covid hosp,2,2026-09-05,09,quantile,0.01,4.0
2026-08-22,wk inc covid hosp,2,2026-09-05,09,quantile,0.025,6.0
2026-08-22,wk inc covid hosp,2,2026-09-05,09,quantile,0.05,7.0
2026-08-22,wk inc covid hosp,2,2026-09-05,09,quantile,0.1,7.0
2026-08-22,wk inc covid hosp,2,2026-09-05,09,quantile,0.15,8.0
2026-08-22,wk inc covid hosp,2,2026-09-05,09,quantile,0.2,8.0
2026-08-22,wk inc covid hosp,2,2026-09-05,09,quantile,0.25,9.0
2026-08-22,wk inc covid hosp,2,2026-09-05,09,quantile,0.3,10.0
2026-08-22,wk inc covid hosp,2,2026-09-05,09,quantile,0.35,10.0
2026-08-22,wk inc covid hosp,2,2026-09-05,09,quantile,0.4,10.0
2026-08-22,wk inc covid hosp,2,2026-09-05,09,quantile,0.45,11.0
2026-08-22,wk inc covid hosp,2,2026-09-05,09,quantile,0.5,11.0
2026-08-22,wk inc covid hosp,2,2026-09-05,09,quantile,0.55,11.0
2026-08-22,wk inc covid hosp,2,2026-09-05,09,quantile,0.6,11.0
2026-08-22,wk inc covid hosp,2,2026-09-05,09,quantile,0.65,11.0
2026-08-22,wk inc covid hosp,2,2026-09-05,09,quantile,0.7,13.0
2026-08-22,wk inc covid hosp,2,2026-09-05,09,quantile,0.75,13.0
2026-08-22,wk inc covid hosp,2,2026-09-05,09,quantile,0.8,14.0
2026-08-22,wk inc covid hosp,2,2026-09-05,09,quantile,0.85,15.0
2026-08-22,wk inc covid hosp,2,2026-09-05,09,quantile,0.9,15.0
2026-08-22,wk inc covid hosp,2,2026-09-05,09,quantile,0.95,18.0
2026-08-22,wk inc covid hosp,2,2026-09-05,09,quantile,0.975,25.0
2026-08-22,wk inc covid hosp,2,2026-09-05,09,quantile,0.99,39.0
2026-08-22,wk inc covid hosp,2,2026-09-05,10,quantile,0.01,0.0
2026-08-22,wk inc covid hosp,2,2026-09-05,10,quantile,0.025,1.0
2026-08-22,wk inc covid hosp,2,2026-09-05,10,quantile,0.05,1.0
2026-08-22,wk inc covid hosp,2,2026-09-05,10,quantile,0.1,1.0
2026-08-22,wk inc covid hosp,2,2026-09-05,10,quantile,0.15,1.0
2026-08-22,wk inc covid hosp,2,2026-09-05,10,quantile,0.2,1.0
2026-08-22,wk inc covid hosp,2,2026-09-05,10,quantile,0.25,2.0
2026-08-22,wk inc covid hosp,2,2026-09-05,10,quantile,0.3,2.0
2026-08-22,wk inc covid hosp,2,2026-09-05,10,quantile,0.35,2.0
2026-08-22,wk inc covid hosp,2,2026-09-05,10,quantile,0.4,2.0
2026-08-22,wk inc covid hosp,2,2026-09-05,10,quantile,0.45,3.0
2026-08-22,wk inc covid hosp,2,2026-09-05,10,quantile,0.5,3.0
2026-08-22,wk inc covid hosp,2,2026-09-05,10,quantile,0.55,3.0
2026-08-22,wk inc covid hosp,2,2026-09-05,10,quantile,0.6,3.0
2026-08-22,wk inc covid hosp,2,2026-09-05,10,quantile,0.65,3.0
2026-08-22,wk inc covid hosp,2,2026-09-05,10,quantile,0.7,3.0
2026-08-22,wk inc covid hosp,2,2026-09-05,10,quantile,0.75,3.0
2026-08-22,wk inc covid hosp,2,2026-09-05,10,quantile,0.8,4.0
2026-08-22,wk inc covid hosp,2,2026-09-05,10,quantile,0.85,4.0
2026-08-22,wk inc covid hosp,2,2026-09-05,10,quantile,0.9,5.0
2026-08-22,wk inc covid hosp,2,2026-09-05,10,quantile,0.95,5.0
2026-08-22,wk inc covid hosp,2,2026-09-05,10,quantile,0.975,7.0
2026-08-22,wk inc covid hosp,2,2026-09-05,10,quantile,0.99,11.0
2026-08-22,wk inc covid hosp,2,2026-09-05,11,quantile,0.01,1.0
2026-08-22,wk inc covid hosp,2,2026-09-05,11,quantile,0.025,2.0
2026-08-22,wk inc covid hosp,2,2026-09-05,11,quantile,0.05,2.0
2026-08-22,wk inc covid hosp,2,2026-09-05,11,quantile,0.1,3.0
2026-08-22,wk inc covid hosp,2,2026-09-05,11,quantile,0.15,4.0
2026-08-22,wk inc covid hosp,2,2026-09-05,11,quantile,0.2,4.0
2026-08-22,wk inc covid hosp,2,2026-09-05,11,quantile,0.25,5.0
2026-08-22,wk inc covid hosp,2,2026-09-05,11,quantile,0.3,5.0
2026-08-22,wk inc covid hosp,2,2026-09-05,11,quantile,0.35,5.0
2026-08-22,wk inc covid hosp,2,2026-09-05,11,quantile,0.4,6.0
2026-08-22,wk inc covid hosp,2,2026-09-05,11,quantile,0.45,6.0
2026-08-22,wk inc covid hosp,2,2026-09-05,11,quantile,0.5,6.0
2026-08-22,wk inc covid hosp,2,2026-09-05,11,quantile,0.55,6.0
2026-08-22,wk inc covid hosp,2,2026-09-05,11,quantile,0.6,7.0
2026-08-22,wk inc covid hosp,2,2026-09-05,11,quantile,0.65,7.0
2026-08-22,wk inc covid hosp,2,2026-09-05,11,quantile,0.7,7.0
2026-08-22,wk inc covid hosp,2,2026-09-05,11,quantile,0.75,7.0
2026-08-22,wk inc covid hosp,2,2026-09-05,11,quantile,0.8,8.0
2026-08-22,wk inc covid hosp,2,2026-09-05,11,quantile,0.85,8.0
2026-08-22,wk inc covid hosp,2,2026-09-05,11,quantile,0.9,10.0
2026-08-22,wk inc covid hosp,2,2026-09-05,11,quantile,0.95,11.0
2026-08-22,wk inc covid hosp,2,2026-09-05,11,quantile,0.975,12.0
2026-08-22,wk inc covid hosp,2,2026-09-05,11,quantile,0.99,13.0
2026-08-22,wk inc covid hosp,2,2026-09-05,12,quantile,0.01,123.0
2026-08-22,wk inc covid hosp,2,2026-09-05,12,quantile,0.025,167.0
2026-08-22,wk inc covid hosp,2,2026-09-05,12,quantile,0.05,202.0
2026-08-22,wk inc covid hosp,2,2026-09-05,12,quantile,0.1,239.0
2026-08-22,wk inc covid hosp,2,2026-09-05,12,quantile,0.15,268.0
2026-08-22,wk inc covid hosp,2,2026-09-05,12,quantile,0.2,289.0
2026-08-22,wk inc covid hosp,2,2026-09-05,12,quantile,0.25,302.0
2026-08-22,wk inc covid hosp,2,2026-09-05,12,quantile,0.3,306.0
2026-08-22,wk inc covid hosp,2,2026-09-05,12,quantile,0.35,322.0
2026-08-22,wk inc covid hosp,2,2026-09-05,12,quantile,0.4,339.0
2026-08-22,wk inc covid hosp,2,2026-09-05,12,quantile,0.45,347.0
2026-08-22,wk inc covid hosp,2,2026-09-05,12,quantile,0.5,349.0
2026-08-22,wk inc covid hosp,2,2026-09-05,12,quantile,0.55,369.0
2026-08-22,wk inc covid hosp,2,2026-09-05,12,quantile,0.6,373.0
2026-08-22,wk inc covid hosp,2,2026-09-05,12,quantile,0.65,373.0
2026-08-22,wk inc covid hosp,2,2026-09-05,12,quantile,0.7,394.0
2026-08-22,wk inc covid hosp,2,2026-09-05,12,quantile,0.75,394.0
2026-08-22,wk inc covid hosp,2,2026-09-05,12,quantile,0.8,413.0
2026-08-22,wk inc covid hosp,2,2026-09-05,12,quantile,0.85,448.0
2026-08-22,wk inc covid hosp,2,2026-09-05,12,quantile,0.9,487.0
2026-08-22,wk inc covid hosp,2,2026-09-05,12,quantile,0.95,508.0
2026-08-22,wk inc covid hosp,2,2026-09-05,12,quantile,0.975,519.0
2026-08-22,wk inc covid hosp,2,2026-09-05,12,quantile,0.99,566.0
2026-08-22,wk inc covid hosp,2,2026-09-05,13,quantile,0.01,40.0
2026-08-22,wk inc covid hosp,2,2026-09-05,13,quantile,0.025,50.0
2026-08-22,wk inc covid hosp,2,2026-09-05,13,quantile,0.05,58.0
2026-08-22,wk inc covid hosp,2,2026-09-05,13,quantile,0.1,71.0
2026-08-22,wk inc covid hosp,2,2026-09-05,13,quantile,0.15,82.0
2026-08-22,wk inc covid hosp,2,2026-09-05,13,quantile,0.2,88.0
2026-08-22,wk inc covid hosp,2,2026-09-05,13,quantile,0.25,88.0
2026-08-22,wk inc covid hosp,2,2026-09-05,13,quantile,0.3,90.0
2026-08-22,wk inc covid hosp,2,2026-09-05,13,quantile,0.35,93.0
2026-08-22,wk inc covid hosp,2,2026-09-05,13,quantile,0.4,93.0
2026-08-22,wk inc covid hosp,2,2026-09-05,13,quantile,0.45,97.0
2026-08-22,wk inc covid hosp,2,2026-09-05,13,quantile,0.5,98.0
2026-08-22,wk inc covid hosp,2,2026-09-05,13,quantile,0.55,99.0
2026-08-22,wk inc covid hosp,2,2026-09-05,13,quantile,0.6,102.0
2026-08-22,wk inc covid hosp,2,2026-09-05,13,quantile,0.65,107.0
2026-08-22,wk inc covid hosp,2,2026-09-05,13,quantile,0.7,109.0
2026-08-22,wk inc covid hosp,2,2026-09-05,13,quantile,0.75,113.0
2026-08-22,wk inc covid hosp,2,2026-09-05,13,quantile,0.8,118.0
2026-08-22,wk inc covid hosp,2,2026-09-05,13,quantile,0.85,118.0
2026-08-22,wk inc covid hosp,2,2026-09-05,13,quantile,0.9,125.0
2026-08-22,wk inc covid hosp,2,2026-09-05,13,quantile,0.95,141.0
2026-08-22,wk inc covid hosp,2,2026-09-05,13,quantile,0.975,145.0
2026-08-22,wk inc covid hosp,2,2026-09-05,13,quantile,0.99,185.0
2026-08-22,wk inc covid hosp,2,2026-09-05,15,quantile,0.01,6.0
2026-08-22,wk inc covid hosp,2,2026-09-05,15,quantile,0.025,7.0
2026-08-22,wk inc covid hosp,2,2026-09-05,15,quantile,0.05,8.0
2026-08-22,wk inc covid hosp,2,2026-09-05,15,quantile,0.1,11.0
2026-08-22,wk inc covid hosp,2,2026-09-05,15,quantile,0.15,12.0
2026-08-22,wk inc covid hosp,2,2026-09-05,15,quantile,0.2,15.0
2026-08-22,wk inc covid hosp,2,2026-09-05,15,quantile,0.25,16.0
2026-08-22,wk inc covid hosp,2,2026-09-05,15,quantile,0.3,17.0
2026-08-22,wk inc covid hosp,2,2026-09-05,15,quantile,0.35,18.0
2026-08-22,wk inc covid hosp,2,2026-09-05,15,quantile,0.4,19.0
2026-08-22,wk inc covid hosp,2,2026-09-05,15,quantile,0.45,20.0
2026-08-22,wk inc covid hosp,2,2026-09-05,15,quantile,0.5,20.0
2026-08-22,wk inc covid hosp,2,2026-09-05,15,quantile,0.55,20.0
2026-08-22,wk inc covid hosp,2,2026-09-05,15,quantile,0.6,22.0
2026-08-22,wk inc covid hosp,2,2026-09-05,15,quantile,0.65,23.0
2026-08-22,wk inc covid hosp,2,2026-09-05,15,quantile,0.7,25.0
2026-08-22,wk inc covid hosp,2,2026-09-05,15,quantile,0.75,27.0
2026-08-22,wk inc covid hosp,2,2026-09-05,15,quantile,0.8,29.0
2026-08-22,wk inc covid hosp,2,2026-09-05,15,quantile,0.85,30.0
2026-08-22,wk inc covid hosp,2,2026-09-05,15,quantile,0.9,30.0
2026-08-22,wk inc covid hosp,2,2026-09-05,15,quantile,0.95,35.0
2026-08-22,wk inc covid hosp,2,2026-09-05,15,quantile,0.975,35.0
2026-08-22,wk inc covid hosp,2,2026-09-05,15,quantile,0.99,36.0
2026-08-22,wk inc covid hosp,2,2026-09-05,16,quantile,0.01,0.0
2026-08-22,wk inc covid hosp,2,2026-09-05,16,quantile,0.025,1.0
2026-08-22,wk inc covid hosp,2,2026-09-05,16,quantile,0.05,1.0
2026-08-22,wk inc covid hosp,2,2026-09-05,16,quantile,0.1,2.0
2026-08-22,wk inc covid hosp,2,2026-09-05,16,quantile,0.15,3.0
2026-08-22,wk inc covid hosp,2,2026-09-05,16,quantile,0.2,3.0
2026-08-22,wk inc covid hosp,2,2026-09-05,16,quantile,0.25,4.0
2026-08-22,wk inc covid hosp,2,2026-09-05,16,quantile,0.3,4.0
2026-08-22,wk inc covid hosp,2,2026-09-05,16,quantile,0.35,4.0
2026-08-22,wk inc covid hosp,2,2026-09-05,16,quantile,0.4,4.0
2026-08-22,wk inc covid hosp,2,2026-09-05,16,quantile,0.45,4.0
2026-08-22,wk inc covid hosp,2,2026-09-05,16,quantile,0.5,5.0
2026-08-22,wk inc covid hosp,2,2026-09-05,16,quantile,0.55,5.0
2026-08-22,wk inc covid hosp,2,2026-09-05,16,quantile,0.6,5.0
2026-08-22,wk inc covid hosp,2,2026-09-05,16,quantile,0.65,5.0
2026-08-22,wk inc covid hosp,2,2026-09-05,16,quantile,0.7,6.0
2026-08-22,wk inc covid hosp,2,2026-09-05,16,quantile,0.75,6.0
2026-08-22,wk inc covid hosp,2,2026-09-05,16,quantile,0.8,6.0
2026-08-22,wk inc covid hosp,2,2026-09-05,16,quantile,0.85,6.0
2026-08-22,wk inc covid hosp,2,2026-09-05,16,quantile,0.9,7.0
2026-08-22,wk inc covid hosp,2,2026-09-05,16,quantile,0.95,9.0
2026-08-22,wk inc covid hosp,2,2026-09-05,16,quantile,0.975,11.0
2026-08-22,wk inc covid hosp,2,2026-09-05,16,quantile,0.99,20.0
2026-08-22,wk inc covid hosp,2,2026-09-05,17,quantile,0.01,20.0
2026-08-22,wk inc covid hosp,2,2026-09-05,17,quantile,0.025,26.0
2026-08-22,wk inc covid hosp,2,2026-09-05,17,quantile,0.05,27.0
2026-08-22,wk inc covid hosp,2,2026-09-05,17,quantile,0.1,30.0
2026-08-22,wk inc covid hosp,2,2026-09-05,17,quantile,0.15,34.0
2026-08-22,wk inc covid hosp,2,2026-09-05,17,quantile,0.2,39.0
2026-08-22,wk inc covid hosp,2,2026-09-05,17,quantile,0.25,40.0
2026-08-22,wk inc covid hosp,2,2026-09-05,17,quantile,0.3,48.0
2026-08-22,wk inc covid hosp,2,2026-09-05,17,quantile,0.35,49.0
2026-08-22,wk inc covid hosp,2,2026-09-05,17,quantile,0.4,49.0
2026-08-22,wk inc covid hosp,2,2026-09-05,17,quantile,0.45,49.0
2026-08-22,wk inc covid hosp,2,2026-09-05,17,quantile,0.5,49.0
2026-08-22,wk inc covid hosp,2,2026-09-05,17,quantile,0.55,49.0
2026-08-22,wk inc covid hosp,2,2026-09-05,17,quantile,0.6,49.0
2026-08-22,wk inc covid hosp,2,2026-09-05,17,quantile,0.65,49.0
2026-08-22,wk inc covid hosp,2,2026-09-05,17,quantile,0.7,49.0
2026-08-22,wk inc covid hosp,2,2026-09-05,17,quantile,0.75,53.0
2026-08-22,wk inc covid hosp,2,2026-09-05,17,quantile,0.8,56.0
2026-08-22,wk inc covid hosp,2,2026-09-05,17,quantile,0.85,60.0
2026-08-22,wk inc covid hosp,2,2026-09-05,17,quantile,0.9,65.0
2026-08-22,wk inc covid hosp,2,2026-09-05,17,quantile,0.95,74.0
2026-08-22,wk inc covid hosp,2,2026-09-05,17,quantile,0.975,91.0
2026-08-22,wk inc covid hosp,2,2026-09-05,17,quantile,0.99,140.0
2026-08-22,wk inc covid hosp,2,2026-09-05,18,quantile,0.01,10.0
2026-08-22,wk inc covid hosp,2,2026-09-05,18,quantile,0.025,14.0
2026-08-22,wk inc covid hosp,2,2026-09-05,18,quantile,0.05,15.0
2026-08-22,wk inc covid hosp,2,2026-09-05,18,quantile,0.1,17.0
2026-08-22,wk inc covid hosp,2,2026-09-05,18,quantile,0.15,18.0
2026-08-22,wk inc covid hosp,2,2026-09-05,18,quantile,0.2,23.0
2026-08-22,wk inc covid hosp,2,2026-09-05,18,quantile,0.25,23.0
2026-08-22,wk inc covid hosp,2,2026-09-05,18,quantile,0.3,25.0
2026-08-22,wk inc covid hosp,2,2026-09-05,18,quantile,0.35,25.0
2026-08-22,wk inc covid hosp,2,2026-09-05,18,quantile,0.4,25.0
2026-08-22,wk inc covid hosp,2,2026-09-05,18,quantile,0.45,25.0
2026-08-22,wk inc covid hosp,2,2026-09-05,18,quantile,0.5,25.0
2026-08-22,wk inc covid hosp,2,2026-09-05,18,quantile,0.55,26.0
2026-08-22,wk inc covid hosp,2,2026-09-05,18,quantile,0.6,26.0
2026-08-22,wk inc covid hosp,2,2026-09-05,18,quantile,0.65,26.0
2026-08-22,wk inc covid hosp,2,2026-09-05,18,quantile,0.7,28.0
2026-08-22,wk inc covid hosp,2,2026-09-05,18,quantile,0.75,31.0
2026-08-22,wk inc covid hosp,2,2026-09-05,18,quantile,0.8,31.0
2026-08-22,wk inc covid hosp,2,2026-09-05,18,quantile,0.85,34.0
2026-08-22,wk inc covid hosp,2,2026-09-05,18,quantile,0.9,36.0
2026-08-22,wk inc covid hosp,2,2026-09-05,18,quantile,0.95,42.0
2026-08-22,wk inc covid hosp,2,2026-09-05,18,quantile,0.975,51.0
2026-08-22,wk inc covid hosp,2,2026-09-05,18,quantile,0.99,76.0
2026-08-22,wk inc covid hosp,2,2026-09-05,19,quantile,0.01,2.0
2026-08-22,wk inc covid hosp,2,2026-09-05,19,quantile,0.025,4.0
2026-08-22,wk inc covid hosp,2,2026-09-05,19,quantile,0.05,4.0
2026-08-22,wk inc covid hosp,2,2026-09-05,19,quantile,0.1,5.0
2026-08-22,wk inc covid hosp,2,2026-09-05,19,quantile,0.15,6.0
2026-08-22,wk inc covid hosp,2,2026-09-05,19,quantile,0.2,6.0
2026-08-22,wk inc covid hosp,2,2026-09-05,19,quantile,0.25,7.0
2026-08-22,wk inc covid hosp,2,2026-09-05,19,quantile,0.3,7.0
2026-08-22,wk inc covid hosp,2,2026-09-05,19,quantile,0.35,7.0
2026-08-22,wk inc covid hosp,2,2026-09-05,19,quantile,0.4,8.0
2026-08-22,wk inc covid hosp,2,2026-09-05,19,quantile,0.45,8.0
2026-08-22,wk inc covid hosp,2,2026-09-05,19,quantile,0.5,8.0
2026-08-22,wk inc covid hosp,2,2026-09-05,19,quantile,0.55,8.0
2026-08-22,wk inc covid hosp,2,2026-09-05,19,quantile,0.6,8.0
2026-08-22,wk inc covid hosp,2,2026-09-05,19,quantile,0.65,8.0
2026-08-22,wk inc covid hosp,2,2026-09-05,19,quantile,0.7,9.0
2026-08-22,wk inc covid hosp,2,2026-09-05,19,quantile,0.75,9.0
2026-08-22,wk inc covid hosp,2,2026-09-05,19,quantile,0.8,10.0
2026-08-22,wk inc covid hosp,2,2026-09-05,19,quantile,0.85,11.0
2026-08-22,wk inc covid hosp,2,2026-09-05,19,quantile,0.9,13.0
2026-08-22,wk inc covid hosp,2,2026-09-05,19,quantile,0.95,15.0
2026-08-22,wk inc covid hosp,2,2026-09-05,19,quantile,0.975,16.0
2026-08-22,wk inc covid hosp,2,2026-09-05,19,quantile,0.99,27.0
2026-08-22,wk inc covid hosp,2,2026-09-05,20,quantile,0.01,2.0
2026-08-22,wk inc covid hosp,2,2026-09-05,20,quantile,0.025,4.0
2026-08-22,wk inc covid hosp,2,2026-09-05,20,quantile,0.05,4.0
2026-08-22,wk inc covid hosp,2,2026-09-05,20,quantile,0.1,5.0
2026-08-22,wk inc covid hosp,2,2026-09-05,20,quantile,0.15,6.0
2026-08-22,wk inc covid hosp,2,2026-09-05,20,quantile,0.2,6.0
2026-08-22,wk inc covid hosp,2,2026-09-05,20,quantile,0.25,7.0
2026-08-22,wk inc covid hosp,2,2026-09-05,20,quantile,0.3,8.0
2026-08-22,wk inc covid hosp,2,2026-09-05,20,quantile,0.35,8.0
2026-08-22,wk inc covid hosp,2,2026-09-05,20,quantile,0.4,8.0
2026-08-22,wk inc covid hosp,2,2026-09-05,20,quantile,0.45,9.0
2026-08-22,wk inc covid hosp,2,2026-09-05,20,quantile,0.5,9.0
2026-08-22,wk inc covid hosp,2,2026-09-05,20,quantile,0.55,10.0
2026-08-22,wk inc covid hosp,2,2026-09-05,20,quantile,0.6,10.0
2026-08-22,wk inc covid hosp,2,2026-09-05,20,quantile,0.65,10.0
2026-08-22,wk inc covid hosp,2,2026-09-05,20,quantile,0.7,11.0
2026-08-22,wk inc covid hosp,2,2026-09-05,20,quantile,0.75,12.0
2026-08-22,wk inc covid hosp,2,2026-09-05,20,quantile,0.8,12.0
2026-08-22,wk inc covid hosp,2,2026-09-05,20,quantile,0.85,14.0
2026-08-22,wk inc covid hosp,2,2026-09-05,20,quantile,0.9,14.0
2026-08-22,wk inc covid hosp,2,2026-09-05,20,quantile,0.95,15.0
2026-08-22,wk inc covid hosp,2,2026-09-05,20,quantile,0.975,19.0
2026-08-22,wk inc covid hosp,2,2026-09-05,20,quantile,0.99,30.0
2026-08-22,wk inc covid hosp,2,2026-09-05,21,quantile,0.01,7.0
2026-08-22,wk inc covid hosp,2,2026-09-05,21,quantile,0.025,10.0
2026-08-22,wk inc covid hosp,2,2026-09-05,21,quantile,0.05,11.0
2026-08-22,wk inc covid hosp,2,2026-09-05,21,quantile,0.1,13.0
2026-08-22,wk inc covid hosp,2,2026-09-05,21,quantile,0.15,14.0
2026-08-22,wk inc covid hosp,2,2026-09-05,21,quantile,0.2,16.0
2026-08-22,wk inc covid hosp,2,2026-09-05,21,quantile,0.25,18.0
2026-08-22,wk inc covid hosp,2,2026-09-05,21,quantile,0.3,18.0
2026-08-22,wk inc covid hosp,2,2026-09-05,21,quantile,0.35,19.0
2026-08-22,wk inc covid hosp,2,2026-09-05,21,quantile,0.4,19.0
2026-08-22,wk inc covid hosp,2,2026-09-05,21,quantile,0.45,21.0
2026-08-22,wk inc covid hosp,2,2026-09-05,21,quantile,0.5,21.0
2026-08-22,wk inc covid hosp,2,2026-09-05,21,quantile,0.55,21.0
2026-08-22,wk inc covid hosp,2,2026-09-05,21,quantile,0.6,21.0
2026-08-22,wk inc covid hosp,2,2026-09-05,21,quantile,0.65,22.0
2026-08-22,wk inc covid hosp,2,2026-09-05,21,quantile,0.7,24.0
2026-08-22,wk inc covid hosp,2,2026-09-05,21,quantile,0.75,24.0
2026-08-22,wk inc covid hosp,2,2026-09-05,21,quantile,0.8,25.0
2026-08-22,wk inc covid hosp,2,2026-09-05,21,quantile,0.85,27.0
2026-08-22,wk inc covid hosp,2,2026-09-05,21,quantile,0.9,30.0
2026-08-22,wk inc covid hosp,2,2026-09-05,21,quantile,0.95,34.0
2026-08-22,wk inc covid hosp,2,2026-09-05,21,quantile,0.975,36.0
2026-08-22,wk inc covid hosp,2,2026-09-05,21,quantile,0.99,51.0
2026-08-22,wk inc covid hosp,2,2026-09-05,22,quantile,0.01,26.0
2026-08-22,wk inc covid hosp,2,2026-09-05,22,quantile,0.025,32.0
2026-08-22,wk inc covid hosp,2,2026-09-05,22,quantile,0.05,38.0
2026-08-22,wk inc covid hosp,2,2026-09-05,22,quantile,0.1,46.0
2026-08-22,wk inc covid hosp,2,2026-09-05,22,quantile,0.15,52.0
2026-08-22,wk inc covid hosp,2,2026-09-05,22,quantile,0.2,53.0
2026-08-22,wk inc covid hosp,2,2026-09-05,22,quantile,0.25,56.0
2026-08-22,wk inc covid hosp,2,2026-09-05,22,quantile,0.3,60.0
2026-08-22,wk inc covid hosp,2,2026-09-05,22,quantile,0.35,61.0
2026-08-22,wk inc covid hosp,2,2026-09-05,22,quantile,0.4,63.0
2026-08-22,wk inc covid hosp,2,2026-09-05,22,quantile,0.45,64.0
2026-08-22,wk inc covid hosp,2,2026-09-05,22,quantile,0.5,64.0
2026-08-22,wk inc covid hosp,2,2026-09-05,22,quantile,0.55,67.0
2026-08-22,wk inc covid hosp,2,2026-09-05,22,quantile,0.6,67.0
2026-08-22,wk inc covid hosp,2,2026-09-05,22,quantile,0.65,69.0
2026-08-22,wk inc covid hosp,2,2026-09-05,22,quantile,0.7,70.0
2026-08-22,wk inc covid hosp,2,2026-09-05,22,quantile,0.75,74.0
2026-08-22,wk inc covid hosp,2,2026-09-05,22,quantile,0.8,75.0
2026-08-22,wk inc covid hosp,2,2026-09-05,22,quantile,0.85,81.0
2026-08-22,wk inc covid hosp,2,2026-09-05,22,quantile,0.9,90.0
2026-08-22,wk inc covid hosp,2,2026-09-05,22,quantile,0.95,96.0
2026-08-22,wk inc covid hosp,2,2026-09-05,22,quantile,0.975,97.0
2026-08-22,wk inc covid hosp,2,2026-09-05,22,quantile,0.99,97.0
2026-08-22,wk inc covid hosp,2,2026-09-05,23,quantile,0.01,0.0
2026-08-22,wk inc covid hosp,2,2026-09-05,23,quantile,0.025,1.0
2026-08-22,wk inc covid hosp,2,2026-09-05,23,quantile,0.05,1.0
2026-08-22,wk inc covid hosp,2,2026-09-05,23,quantile,0.1,1.0
2026-08-22,wk inc covid hosp,2,2026-09-05,23,quantile,0.15,2.0
2026-08-22,wk inc covid hosp,2,2026-09-05,23,quantile,0.2,2.0
2026-08-22,wk inc covid hosp,2,2026-09-05,23,quantile,0.25,2.0
2026-08-22,wk inc covid hosp,2,2026-09-05,23,quantile,0.3,2.0
2026-08-22,wk inc covid hosp,2,2026-09-05,23,quantile,0.35,2.0
2026-08-22,wk inc covid hosp,2,2026-09-05,23,quantile,0.4,2.0
2026-08-22,wk inc covid hosp,2,2026-09-05,23,quantile,0.45,3.0
2026-08-22,wk inc covid hosp,2,2026-09-05,23,quantile,0.5,3.0
2026-08-22,wk inc covid hosp,2,2026-09-05,23,quantile,0.55,3.0
2026-08-22,wk inc covid hosp,2,2026-09-05,23,quantile,0.6,3.0
2026-08-22,wk inc covid hosp,2,2026-09-05,23,quantile,0.65,3.0
2026-08-22,wk inc covid hosp,2,2026-09-05,23,quantile,0.7,4.0
2026-08-22,wk inc covid hosp,2,2026-09-05,23,quantile,0.75,4.0
2026-08-22,wk inc covid hosp,2,2026-09-05,23,quantile,0.8,4.0
2026-08-22,wk inc covid hosp,2,2026-09-05,23,quantile,0.85,4.0
2026-08-22,wk inc covid hosp,2,2026-09-05,23,quantile,0.9,5.0
2026-08-22,wk inc covid hosp,2,2026-09-05,23,quantile,0.95,6.0
2026-08-22,wk inc covid hosp,2,2026-09-05,23,quantile,0.975,9.0
2026-08-22,wk inc covid hosp,2,2026-09-05,23,quantile,0.99,17.0
2026-08-22,wk inc covid hosp,2,2026-09-05,24,quantile,0.01,5.0
2026-08-22,wk inc covid hosp,2,2026-09-05,24,quantile,0.025,6.0
2026-08-22,wk inc covid hosp,2,2026-09-05,24,quantile,0.05,8.0
2026-08-22,wk inc covid hosp,2,2026-09-05,24,quantile,0.1,10.0
2026-08-22,wk inc covid hosp,2,2026-09-05,24,quantile,0.15,13.0
2026-08-22,wk inc covid hosp,2,2026-09-05,24,quantile,0.2,13.0
2026-08-22,wk inc covid hosp,2,2026-09-05,24,quantile,0.25,14.0
2026-08-22,wk inc covid hosp,2,2026-09-05,24,quantile,0.3,14.0
2026-08-22,wk inc covid hosp,2,2026-09-05,24,quantile,0.35,15.0
2026-08-22,wk inc covid hosp,2,2026-09-05,24,quantile,0.4,15.0
2026-08-22,wk inc covid hosp,2,2026-09-05,24,quantile,0.45,16.0
2026-08-22,wk inc covid hosp,2,2026-09-05,24,quantile,0.5,16.0
2026-08-22,wk inc covid hosp,2,2026-09-05,24,quantile,0.55,16.0
2026-08-22,wk inc covid hosp,2,2026-09-05,24,quantile,0.6,16.0
2026-08-22,wk inc covid hosp,2,2026-09-05,24,quantile,0.65,16.0
2026-08-22,wk inc covid hosp,2,2026-09-05,24,quantile,0.7,18.0
2026-08-22,wk inc covid hosp,2,2026-09-05,24,quantile,0.75,18.0
2026-08-22,wk inc covid hosp,2,2026-09-05,24,quantile,0.8,18.0
2026-08-22,wk inc covid hosp,2,2026-09-05,24,quantile,0.85,22.0
2026-08-22,wk inc covid hosp,2,2026-09-05,24,quantile,0.9,25.0
2026-08-22,wk inc covid hosp,2,2026-09-05,24,quantile,0.95,29.0
2026-08-22,wk inc covid hosp,2,2026-09-05,24,quantile,0.975,32.0
2026-08-22,wk inc covid hosp,2,2026-09-05,24,quantile,0.99,52.0
2026-08-22,wk inc covid hosp,2,2026-09-05,25,quantile,0.01,12.0
2026-08-22,wk inc covid hosp,2,2026-09-05,25,quantile,0.025,17.0
2026-08-22,wk inc covid hosp,2,2026-09-05,25,quantile,0.05,17.0
2026-08-22,wk inc covid hosp,2,2026-09-05,25,quantile,0.1,23.0
2026-08-22,wk inc covid hosp,2,2026-09-05,25,quantile,0.15,26.0
2026-08-22,wk inc covid hosp,2,2026-09-05,25,quantile,0.2,30.0
2026-08-22,wk inc covid hosp,2,2026-09-05,25,quantile,0.25,31.0
2026-08-22,wk inc covid hosp,2,2026-09-05,25,quantile,0.3,31.0
2026-08-22,wk inc covid hosp,2,2026-09-05,25,quantile,0.35,32.0
2026-08-22,wk inc covid hosp,2,2026-09-05,25,quantile,0.4,36.0
2026-08-22,wk inc covid hosp,2,2026-09-05,25,quantile,0.45,37.0
2026-08-22,wk inc covid hosp,2,2026-09-05,25,quantile,0.5,37.0
2026-08-22,wk inc covid hosp,2,2026-09-05,25,quantile,0.55,37.0
2026-08-22,wk inc covid hosp,2,2026-09-05,25,quantile,0.6,38.0
2026-08-22,wk inc covid hosp,2,2026-09-05,25,quantile,0.65,38.0
2026-08-22,wk inc covid hosp,2,2026-09-05,25,quantile,0.7,41.0
2026-08-22,wk inc covid hosp,2,2026-09-05,25,quantile,0.75,44.0
2026-08-22,wk inc covid hosp,2,2026-09-05,25,quantile,0.8,47.0
2026-08-22,wk inc covid hosp,2,2026-09-05,25,quantile,0.85,47.0
2026-08-22,wk inc covid hosp,2,2026-09-05,25,quantile,0.9,50.0
2026-08-22,wk inc covid hosp,2,2026-09-05,25,quantile,0.95,53.0
2026-08-22,wk inc covid hosp,2,2026-09-05,25,quantile,0.975,61.0
2026-08-22,wk inc covid hosp,2,2026-09-05,25,quantile,0.99,78.0
2026-08-22,wk inc covid hosp,2,2026-09-05,26,quantile,0.01,9.0
2026-08-22,wk inc covid hosp,2,2026-09-05,26,quantile,0.025,12.0
2026-08-22,wk inc covid hosp,2,2026-09-05,26,quantile,0.05,14.0
2026-08-22,wk inc covid hosp,2,2026-09-05,26,quantile,0.1,18.0
2026-08-22,wk inc covid hosp,2,2026-09-05,26,quantile,0.15,22.0
2026-08-22,wk inc covid hosp,2,2026-09-05,26,quantile,0.2,23.0
2026-08-22,wk inc covid hosp,2,2026-09-05,26,quantile,0.25,25.0
2026-08-22,wk inc covid hosp,2,2026-09-05,26,quantile,0.3,25.0
2026-08-22,wk inc covid hosp,2,2026-09-05,26,quantile,0.35,26.0
2026-08-22,wk inc covid hosp,2,2026-09-05,26,quantile,0.4,26.0
2026-08-22,wk inc covid hosp,2,2026-09-05,26,quantile,0.45,27.0
2026-08-22,wk inc covid hosp,2,2026-09-05,26,quantile,0.5,27.0
2026-08-22,wk inc covid hosp,2,2026-09-05,26,quantile,0.55,29.0
2026-08-22,wk inc covid hosp,2,2026-09-05,26,quantile,0.6,29.0
2026-08-22,wk inc covid hosp,2,2026-09-05,26,quantile,0.65,29.0
2026-08-22,wk inc covid hosp,2,2026-09-05,26,quantile,0.7,29.0
2026-08-22,wk inc covid hosp,2,2026-09-05,26,quantile,0.75,29.0
2026-08-22,wk inc covid hosp,2,2026-09-05,26,quantile,0.8,30.0
2026-08-22,wk inc covid hosp,2,2026-09-05,26,quantile,0.85,34.0
2026-08-22,wk inc covid hosp,2,2026-09-05,26,quantile,0.9,39.0
2026-08-22,wk inc covid hosp,2,2026-09-05,26,quantile,0.95,46.0
2026-08-22,wk inc covid hosp,2,2026-09-05,26,quantile,0.975,46.0
2026-08-22,wk inc covid hosp,2,2026-09-05,26,quantile,0.99,82.0
2026-08-22,wk inc covid hosp,2,2026-09-05,27,quantile,0.01,5.0
2026-08-22,wk inc covid hosp,2,2026-09-05,27,quantile,0.025,6.0
2026-08-22,wk inc covid hosp,2,2026-09-05,27,quantile,0.05,7.0
2026-08-22,wk inc covid hosp,2,2026-09-05,27,quantile,0.1,10.0
2026-08-22,wk inc covid hosp,2,2026-09-05,27,quantile,0.15,12.0
2026-08-22,wk inc covid hosp,2,2026-09-05,27,quantile,0.2,14.0
2026-08-22,wk inc covid hosp,2,2026-09-05,27,quantile,0.25,14.0
2026-08-22,wk inc covid hosp,2,2026-09-05,27,quantile,0.3,14.0
2026-08-22,wk inc covid hosp,2,2026-09-05,27,quantile,0.35,16.0
2026-08-22,wk inc covid hosp,2,2026-09-05,27,quantile,0.4,16.0
2026-08-22,wk inc covid hosp,2,2026-09-05,27,quantile,0.45,16.0
2026-08-22,wk inc covid hosp,2,2026-09-05,27,quantile,0.5,16.0
2026-08-22,wk inc covid hosp,2,2026-09-05,27,quantile,0.55,16.0
2026-08-22,wk inc covid hosp,2,2026-09-05,27,quantile,0.6,16.0
2026-08-22,wk inc covid hosp,2,2026-09-05,27,quantile,0.65,16.0
2026-08-22,wk inc covid hosp,2,2026-09-05,27,quantile,0.7,17.0
2026-08-22,wk inc covid hosp,2,2026-09-05,27,quantile,0.75,19.0
2026-08-22,wk inc covid hosp,2,2026-09-05,27,quantile,0.8,21.0
2026-08-22,wk inc covid hosp,2,2026-09-05,27,quantile,0.85,23.0
2026-08-22,wk inc covid hosp,2,2026-09-05,27,quantile,0.9,26.0
2026-08-22,wk inc covid hosp,2,2026-09-05,27,quantile,0.95,26.0
2026-08-22,wk inc covid hosp,2,2026-09-05,27,quantile,0.975,35.0
2026-08-22,wk inc covid hosp,2,2026-09-05,27,quantile,0.99,61.0
2026-08-22,wk inc covid hosp,2,2026-09-05,28,quantile,0.01,12.0
2026-08-22,wk inc covid hosp,2,2026-09-05,28,quantile,0.025,16.0
2026-08-22,wk inc covid hosp,2,2026-09-05,28,quantile,0.05,19.0
2026-08-22,wk inc covid hosp,2,2026-09-05,28,quantile,0.1,22.0
2026-08-22,wk inc covid hosp,2,2026-09-05,28,quantile,0.15,26.0
2026-08-22,wk inc covid hosp,2,2026-09-05,28,quantile,0.2,32.0
2026-08-22,wk inc covid hosp,2,2026-09-05,28,quantile,0.25,34.0
2026-08-22,wk inc covid hosp,2,2026-09-05,28,quantile,0.3,34.0
2026-08-22,wk inc covid hosp,2,2026-09-05,28,quantile,0.35,39.0
2026-08-22,wk inc covid hosp,2,2026-09-05,28,quantile,0.4,39.0
2026-08-22,wk inc covid hosp,2,2026-09-05,28,quantile,0.45,40.0
2026-08-22,wk inc covid hosp,2,2026-09-05,28,quantile,0.5,40.0
2026-08-22,wk inc covid hosp,2,2026-09-05,28,quantile,0.55,40.0
2026-08-22,wk inc covid hosp,2,2026-09-05,28,quantile,0.6,40.0
2026-08-22,wk inc covid hosp,2,2026-09-05,28,quantile,0.65,43.0
2026-08-22,wk inc covid hosp,2,2026-09-05,28,quantile,0.7,45.0
2026-08-22,wk inc covid hosp,2,2026-09-05,28,quantile,0.75,46.0
2026-08-22,wk inc covid hosp,2,2026-09-05,28,quantile,0.8,49.0
2026-08-22,wk inc covid hosp,2,2026-09-05,28,quantile,0.85,51.0
2026-08-22,wk inc covid hosp,2,2026-09-05,28,quantile,0.9,55.0
2026-08-22,wk inc covid hosp,2,2026-09-05,28,quantile,0.95,63.0
2026-08-22,wk inc covid hosp,2,2026-09-05,28,quantile,0.975,65.0
2026-08-22,wk inc covid hosp,2,2026-09-05,28,quantile,0.99,66.0
2026-08-22,wk inc covid hosp,2,2026-09-05,29,quantile,0.01,8.0
2026-08-22,wk inc covid hosp,2,2026-09-05,29,quantile,0.025,10.0
2026-08-22,wk inc covid hosp,2,2026-09-05,29,quantile,0.05,11.0
2026-08-22,wk inc covid hosp,2,2026-09-05,29,quantile,0.1,13.0
2026-08-22,wk inc covid hosp,2,2026-09-05,29,quantile,0.15,15.0
2026-08-22,wk inc covid hosp,2,2026-09-05,29,quantile,0.2,17.0
2026-08-22,wk inc covid hosp,2,2026-09-05,29,quantile,0.25,19.0
2026-08-22,wk inc covid hosp,2,2026-09-05,29,quantile,0.3,19.0
2026-08-22,wk inc covid hosp,2,2026-09-05,29,quantile,0.35,19.0
2026-08-22,wk inc covid hosp,2,2026-09-05,29,quantile,0.4,20.0
2026-08-22,wk inc covid hosp,2,2026-09-05,29,quantile,0.45,20.0
2026-08-22,wk inc covid hosp,2,2026-09-05,29,quantile,0.5,20.0
2026-08-22,wk inc covid hosp,2,2026-09-05,29,quantile,0.55,20.0
2026-08-22,wk inc covid hosp,2,2026-09-05,29,quantile,0.6,20.0
2026-08-22,wk inc covid hosp,2,2026-09-05,29,quantile,0.65,20.0
2026-08-22,wk inc covid hosp,2,2026-09-05,29,quantile,0.7,21.0
2026-08-22,wk inc covid hosp,2,2026-09-05,29,quantile,0.75,22.0
2026-08-22,wk inc covid hosp,2,2026-09-05,29,quantile,0.8,25.0
2026-08-22,wk inc covid hosp,2,2026-09-05,29,quantile,0.85,25.0
2026-08-22,wk inc covid hosp,2,2026-09-05,29,quantile,0.9,28.0
2026-08-22,wk inc covid hosp,2,2026-09-05,29,quantile,0.95,31.0
2026-08-22,wk inc covid hosp,2,2026-09-05,29,quantile,0.975,41.0
2026-08-22,wk inc covid hosp,2,2026-09-05,29,quantile,0.99,73.0
2026-08-22,wk inc covid hosp,2,2026-09-05,30,quantile,0.01,0.0
2026-08-22,wk inc covid hosp,2,2026-09-05,30,quantile,0.025,1.0
2026-08-22,wk inc covid hosp,2,2026-09-05,30,quantile,0.05,1.0
2026-08-22,wk inc covid hosp,2,2026-09-05,30,quantile,0.1,1.0
2026-08-22,wk inc covid hosp,2,2026-09-05,30,quantile,0.15,1.0
2026-08-22,wk inc covid hosp,2,2026-09-05,30,quantile,0.2,2.0
2026-08-22,wk inc covid hosp,2,2026-09-05,30,quantile,0.25,2.0
2026-08-22,wk inc covid hosp,2,2026-09-05,30,quantile,0.3,2.0
2026-08-22,wk inc covid hosp,2,2026-09-05,30,quantile,0.35,2.0
2026-08-22,wk inc covid hosp,2,2026-09-05,30,quantile,0.4,2.0
2026-08-22,wk inc covid hosp,2,2026-09-05,30,quantile,0.45,3.0
2026-08-22,wk inc covid hosp,2,2026-09-05,30,quantile,0.5,3.0
2026-08-22,wk inc covid hosp,2,2026-09-05,30,quantile,0.55,3.0
2026-08-22,wk inc covid hosp,2,2026-09-05,30,quantile,0.6,3.0
2026-08-22,wk inc covid hosp,2,2026-09-05,30,quantile,0.65,3.0
2026-08-22,wk inc covid hosp,2,2026-09-05,30,quantile,0.7,3.0
2026-08-22,wk inc covid hosp,2,2026-09-05,30,quantile,0.75,4.0
2026-08-22,wk inc covid hosp,2,2026-09-05,30,quantile,0.8,4.0
2026-08-22,wk inc covid hosp,2,2026-09-05,30,quantile,0.85,4.0
2026-08-22,wk inc covid hosp,2,2026-09-05,30,quantile,0.9,5.0
2026-08-22,wk inc covid hosp,2,2026-09-05,30,quantile,0.95,5.0
2026-08-22,wk inc covid hosp,2,2026-09-05,30,quantile,0.975,7.0
2026-08-22,wk inc covid hosp,2,2026-09-05,30,quantile,0.99,12.0
2026-08-22,wk inc covid hosp,2,2026-09-05,31,quantile,0.01,0.0
2026-08-22,wk inc covid hosp,2,2026-09-05,31,quantile,0.025,1.0
2026-08-22,wk inc covid hosp,2,2026-09-05,31,quantile,0.05,1.0
2026-08-22,wk inc covid hosp,2,2026-09-05,31,quantile,0.1,2.0
2026-08-22,wk inc covid hosp,2,2026-09-05,31,quantile,0.15,3.0
2026-08-22,wk inc covid hosp,2,2026-09-05,31,quantile,0.2,3.0
2026-08-22,wk inc covid hosp,2,2026-09-05,31,quantile,0.25,3.0
2026-08-22,wk inc covid hosp,2,2026-09-05,31,quantile,0.3,3.0
2026-08-22,wk inc covid hosp,2,2026-09-05,31,quantile,0.35,3.0
2026-08-22,wk inc covid hosp,2,2026-09-05,31,quantile,0.4,3.0
2026-08-22,wk inc covid hosp,2,2026-09-05,31,quantile,0.45,3.0
2026-08-22,wk inc covid hosp,2,2026-09-05,31,quantile,0.5,3.0
2026-08-22,wk inc covid hosp,2,2026-09-05,31,quantile,0.55,3.0
2026-08-22,wk inc covid hosp,2,2026-09-05,31,quantile,0.6,3.0
2026-08-22,wk inc covid hosp,2,2026-09-05,31,quantile,0.65,3.0
2026-08-22,wk inc covid hosp,2,2026-09-05,31,quantile,0.7,4.0
2026-08-22,wk inc covid hosp,2,2026-09-05,31,quantile,0.75,4.0
2026-08-22,wk inc covid hosp,2,2026-09-05,31,quantile,0.8,4.0
2026-08-22,wk inc covid hosp,2,2026-09-05,31,quantile,0.85,6.0
2026-08-22,wk inc covid hosp,2,2026-09-05,31,quantile,0.9,7.0
2026-08-22,wk inc covid hosp,2,2026-09-05,31,quantile,0.95,9.0
2026-08-22,wk inc covid hosp,2,2026-09-05,31,quantile,0.975,11.0
2026-08-22,wk inc covid hosp,2,2026-09-05,31,quantile,0.99,17.0
2026-08-22,wk inc covid hosp,2,2026-09-05,32,quantile,0.01,8.0
2026-08-22,wk inc covid hosp,2,2026-09-05,32,quantile,0.025,10.0
2026-08-22,wk inc covid hosp,2,2026-09-05,32,quantile,0.05,11.0
2026-08-22,wk inc covid hosp,2,2026-09-05,32,quantile,0.1,16.0
2026-08-22,wk inc covid hosp,2,2026-09-05,32,quantile,0.15,18.0
2026-08-22,wk inc covid hosp,2,2026-09-05,32,quantile,0.2,20.0
2026-08-22,wk inc covid hosp,2,2026-09-05,32,quantile,0.25,21.0
2026-08-22,wk inc covid hosp,2,2026-09-05,32,quantile,0.3,22.0
2026-08-22,wk inc covid hosp,2,2026-09-05,32,quantile,0.35,22.0
2026-08-22,wk inc covid hosp,2,2026-09-05,32,quantile,0.4,24.0
2026-08-22,wk inc covid hosp,2,2026-09-05,32,quantile,0.45,25.0
2026-08-22,wk inc covid hosp,2,2026-09-05,32,quantile,0.5,25.0
2026-08-22,wk inc covid hosp,2,2026-09-05,32,quantile,0.55,28.0
2026-08-22,wk inc covid hosp,2,2026-09-05,32,quantile,0.6,28.0
2026-08-22,wk inc covid hosp,2,2026-09-05,32,quantile,0.65,28.0
2026-08-22,wk inc covid hosp,2,2026-09-05,32,quantile,0.7,28.0
2026-08-22,wk inc covid hosp,2,2026-09-05,32,quantile,0.75,31.0
2026-08-22,wk inc covid hosp,2,2026-09-05,32,quantile,0.8,31.0
2026-08-22,wk inc covid hosp,2,2026-09-05,32,quantile,0.85,32.0
2026-08-22,wk inc covid hosp,2,2026-09-05,32,quantile,0.9,35.0
2026-08-22,wk inc covid hosp,2,2026-09-05,32,quantile,0.95,35.0
2026-08-22,wk inc covid hosp,2,2026-09-05,32,quantile,0.975,36.0
2026-08-22,wk inc covid hosp,2,2026-09-05,32,quantile,0.99,44.0
2026-08-22,wk inc covid hosp,2,2026-09-05,33,quantile,0.01,1.0
2026-08-22,wk inc covid hosp,2,2026-09-05,33,quantile,0.025,2.0
2026-08-22,wk inc covid hosp,2,2026-09-05,33,quantile,0.05,2.0
2026-08-22,wk inc covid hosp,2,2026-09-05,33,quantile,0.1,3.0
2026-08-22,wk inc covid hosp,2,2026-09-05,33,quantile,0.15,3.0
2026-08-22,wk inc covid hosp,2,2026-09-05,33,quantile,0.2,4.0
2026-08-22,wk inc covid hosp,2,2026-09-05,33,quantile,0.25,5.0
2026-08-22,wk inc covid hosp,2,2026-09-05,33,quantile,0.3,5.0
2026-08-22,wk inc covid hosp,2,2026-09-05,33,quantile,0.35,5.0
2026-08-22,wk inc covid hosp,2,2026-09-05,33,quantile,0.4,5.0
2026-08-22,wk inc covid hosp,2,2026-09-05,33,quantile,0.45,6.0
2026-08-22,wk inc covid hosp,2,2026-09-05,33,quantile,0.5,6.0
2026-08-22,wk inc covid hosp,2,2026-09-05,33,quantile,0.55,6.0
2026-08-22,wk inc covid hosp,2,2026-09-05,33,quantile,0.6,6.0
2026-08-22,wk inc covid hosp,2,2026-09-05,33,quantile,0.65,6.0
2026-08-22,wk inc covid hosp,2,2026-09-05,33,quantile,0.7,7.0
2026-08-22,wk inc covid hosp,2,2026-09-05,33,quantile,0.75,7.0
2026-08-22,wk inc covid hosp,2,2026-09-05,33,quantile,0.8,7.0
2026-08-22,wk inc covid hosp,2,2026-09-05,33,quantile,0.85,8.0
2026-08-22,wk inc covid hosp,2,2026-09-05,33,quantile,0.9,8.0
2026-08-22,wk inc covid hosp,2,2026-09-05,33,quantile,0.95,9.0
2026-08-22,wk inc covid hosp,2,2026-09-05,33,quantile,0.975,10.0
2026-08-22,wk inc covid hosp,2,2026-09-05,33,quantile,0.99,15.0
2026-08-22,wk inc covid hosp,2,2026-09-05,34,quantile,0.01,35.0
2026-08-22,wk inc covid hosp,2,2026-09-05,34,quantile,0.025,45.0
2026-08-22,wk inc covid hosp,2,2026-09-05,34,quantile,0.05,50.0
2026-08-22,wk inc covid hosp,2,2026-09-05,34,quantile,0.1,57.0
2026-08-22,wk inc covid hosp,2,2026-09-05,34,quantile,0.15,67.0
2026-08-22,wk inc covid hosp,2,2026-09-05,34,quantile,0.2,67.0
2026-08-22,wk inc covid hosp,2,2026-09-05,34,quantile,0.25,67.0
2026-08-22,wk inc covid hosp,2,2026-09-05,34,quantile,0.3,69.0
2026-08-22,wk inc covid hosp,2,2026-09-05,34,quantile,0.35,75.0
2026-08-22,wk inc covid hosp,2,2026-09-05,34,quantile,0.4,75.0
2026-08-22,wk inc covid hosp,2,2026-09-05,34,quantile,0.45,77.0
2026-08-22,wk inc covid hosp,2,2026-09-05,34,quantile,0.5,79.0
2026-08-22,wk inc covid hosp,2,2026-09-05,34,quantile,0.55,81.0
2026-08-22,wk inc covid hosp,2,2026-09-05,34,quantile,0.6,81.0
2026-08-22,wk inc covid hosp,2,2026-09-05,34,quantile,0.65,81.0
2026-08-22,wk inc covid hosp,2,2026-09-05,34,quantile,0.7,81.0
2026-08-22,wk inc covid hosp,2,2026-09-05,34,quantile,0.75,84.0
2026-08-22,wk inc covid hosp,2,2026-09-05,34,quantile,0.8,86.0
2026-08-22,wk inc covid hosp,2,2026-09-05,34,quantile,0.85,87.0
2026-08-22,wk inc covid hosp,2,2026-09-05,34,quantile,0.9,95.0
2026-08-22,wk inc covid hosp,2,2026-09-05,34,quantile,0.95,102.0
2026-08-22,wk inc covid hosp,2,2026-09-05,34,quantile,0.975,111.0
2026-08-22,wk inc covid hosp,2,2026-09-05,34,quantile,0.99,134.0
2026-08-22,wk inc covid hosp,2,2026-09-05,35,quantile,0.01,2.0
2026-08-22,wk inc covid hosp,2,2026-09-05,35,quantile,0.025,3.0
2026-08-22,wk inc covid hosp,2,2026-09-05,35,quantile,0.05,4.0
2026-08-22,wk inc covid hosp,2,2026-09-05,35,quantile,0.1,6.0
2026-08-22,wk inc covid hosp,2,2026-09-05,35,quantile,0.15,6.0
2026-08-22,wk inc covid hosp,2,2026-09-05,35,quantile,0.2,7.0
2026-08-22,wk inc covid hosp,2,2026-09-05,35,quantile,0.25,7.0
2026-08-22,wk inc covid hosp,2,2026-09-05,35,quantile,0.3,9.0
2026-08-22,wk inc covid hosp,2,2026-09-05,35,quantile,0.35,10.0
2026-08-22,wk inc covid hosp,2,2026-09-05,35,quantile,0.4,10.0
2026-08-22,wk inc covid hosp,2,2026-09-05,35,quantile,0.45,11.0
2026-08-22,wk inc covid hosp,2,2026-09-05,35,quantile,0.5,11.0
2026-08-22,wk inc covid hosp,2,2026-09-05,35,quantile,0.55,11.0
2026-08-22,wk inc covid hosp,2,2026-09-05,35,quantile,0.6,11.0
2026-08-22,wk inc covid hosp,2,2026-09-05,35,quantile,0.65,12.0
2026-08-22,wk inc covid hosp,2,2026-09-05,35,quantile,0.7,12.0
2026-08-22,wk inc covid hosp,2,2026-09-05,35,quantile,0.75,13.0
2026-08-22,wk inc covid hosp,2,2026-09-05,35,quantile,0.8,15.0
2026-08-22,wk inc covid hosp,2,2026-09-05,35,quantile,0.85,15.0
2026-08-22,wk inc covid hosp,2,2026-09-05,35,quantile,0.9,15.0
2026-08-22,wk inc covid hosp,2,2026-09-05,35,quantile,0.95,17.0
2026-08-22,wk inc covid hosp,2,2026-09-05,35,quantile,0.975,19.0
2026-08-22,wk inc covid hosp,2,2026-09-05,35,quantile,0.99,24.0
2026-08-22,wk inc covid hosp,2,2026-09-05,36,quantile,0.01,71.0
2026-08-22,wk inc covid hosp,2,2026-09-05,36,quantile,0.025,88.0
2026-08-22,wk inc covid hosp,2,2026-09-05,36,quantile,0.05,104.0
2026-08-22,wk inc covid hosp,2,2026-09-05,36,quantile,0.1,131.0
2026-08-22,wk inc covid hosp,2,2026-09-05,36,quantile,0.15,147.0
2026-08-22,wk inc covid hosp,2,2026-09-05,36,quantile,0.2,153.0
2026-08-22,wk inc covid hosp,2,2026-09-05,36,quantile,0.25,153.0
2026-08-22,wk inc covid hosp,2,2026-09-05,36,quantile,0.3,161.0
2026-08-22,wk inc covid hosp,2,2026-09-05,36,quantile,0.35,169.0
2026-08-22,wk inc covid hosp,2,2026-09-05,36,quantile,0.4,169.0
2026-08-22,wk inc covid hosp,2,2026-09-05,36,quantile,0.45,169.0
2026-08-22,wk inc covid hosp,2,2026-09-05,36,quantile,0.5,169.0
2026-08-22,wk inc covid hosp,2,2026-09-05,36,quantile,0.55,173.0
2026-08-22,wk inc covid hosp,2,2026-09-05,36,quantile,0.6,173.0
2026-08-22,wk inc covid hosp,2,2026-09-05,36,quantile,0.65,173.0
2026-08-22,wk inc covid hosp,2,2026-09-05,36,quantile,0.7,174.0
2026-08-22,wk inc covid hosp,2,2026-09-05,36,quantile,0.75,177.0
2026-08-22,wk inc covid hosp,2,2026-09-05,36,quantile,0.8,183.0
2026-08-22,wk inc covid hosp,2,2026-09-05,36,quantile,0.85,188.0
2026-08-22,wk inc covid hosp,2,2026-09-05,36,quantile,0.9,202.0
2026-08-22,wk inc covid hosp,2,2026-09-05,36,quantile,0.95,216.0
2026-08-22,wk inc covid hosp,2,2026-09-05,36,quantile,0.975,233.0
2026-08-22,wk inc covid hosp,2,2026-09-05,36,quantile,0.99,310.0
2026-08-22,wk inc covid hosp,2,2026-09-05,37,quantile,0.01,44.0
2026-08-22,wk inc covid hosp,2,2026-09-05,37,quantile,0.025,56.0
2026-08-22,wk inc covid hosp,2,2026-09-05,37,quantile,0.05,65.0
2026-08-22,wk inc covid hosp,2,2026-09-05,37,quantile,0.1,76.0
2026-08-22,wk inc covid hosp,2,2026-09-05,37,quantile,0.15,93.0
2026-08-22,wk inc covid hosp,2,2026-09-05,37,quantile,0.2,103.0
2026-08-22,wk inc covid hosp,2,2026-09-05,37,quantile,0.25,108.0
2026-08-22,wk inc covid hosp,2,2026-09-05,37,quantile,0.3,109.0
2026-08-22,wk inc covid hosp,2,2026-09-05,37,quantile,0.35,117.0
2026-08-22,wk inc covid hosp,2,2026-09-05,37,quantile,0.4,117.0
2026-08-22,wk inc covid hosp,2,2026-09-05,37,quantile,0.45,120.0
2026-08-22,wk inc covid hosp,2,2026-09-05,37,quantile,0.5,122.0
2026-08-22,wk inc covid hosp,2,2026-09-05,37,quantile,0.55,124.0
2026-08-22,wk inc covid hosp,2,2026-09-05,37,quantile,0.6,139.0
2026-08-22,wk inc covid hosp,2,2026-09-05,37,quantile,0.65,139.0
2026-08-22,wk inc covid hosp,2,2026-09-05,37,quantile,0.7,139.0
2026-08-22,wk inc covid hosp,2,2026-09-05,37,quantile,0.75,139.0
2026-08-22,wk inc covid hosp,2,2026-09-05,37,quantile,0.8,144.0
2026-08-22,wk inc covid hosp,2,2026-09-05,37,quantile,0.85,146.0
2026-08-22,wk inc covid hosp,2,2026-09-05,37,quantile,0.9,158.0
2026-08-22,wk inc covid hosp,2,2026-09-05,37,quantile,0.95,161.0
2026-08-22,wk inc covid hosp,2,2026-09-05,37,quantile,0.975,164.0
2026-08-22,wk inc covid hosp,2,2026-09-05,37,quantile,0.99,187.0
2026-08-22,wk inc covid hosp,2,2026-09-05,38,quantile,0.01,0.0
2026-08-22,wk inc covid hosp,2,2026-09-05,38,quantile,0.025,0.0
2026-08-22,wk inc covid hosp,2,2026-09-05,38,quantile,0.05,0.0
2026-08-22,wk inc covid hosp,2,2026-09-05,38,quantile,0.1,0.0
2026-08-22,wk inc covid hosp,2,2026-09-05,38,quantile,0.15,0.0
2026-08-22,wk inc covid hosp,2,2026-09-05,38,quantile,0.2,0.0
2026-08-22,wk inc covid hosp,2,2026-09-05,38,quantile,0.25,0.0
2026-08-22,wk inc covid hosp,2,2026-09-05,38,quantile,0.3,0.0
2026-08-22,wk inc covid hosp,2,2026-09-05,38,quantile,0.35,0.0
2026-08-22,wk inc covid hosp,2,2026-09-05,38,quantile,0.4,1.0
2026-08-22,wk inc covid hosp,2,2026-09-05,38,quantile,0.45,1.0
2026-08-22,wk inc covid hosp,2,2026-09-05,38,quantile,0.5,1.0
2026-08-22,wk inc covid hosp,2,2026-09-05,38,quantile,0.55,1.0
2026-08-22,wk inc covid hosp,2,2026-09-05,38,quantile,0.6,1.0
2026-08-22,wk inc covid hosp,2,2026-09-05,38,quantile,0.65,1.0
2026-08-22,wk inc covid hosp,2,2026-09-05,38,quantile,0.7,2.0
2026-08-22,wk inc covid hosp,2,2026-09-05,38,quantile,0.75,2.0
2026-08-22,wk inc covid hosp,2,2026-09-05,38,quantile,0.8,2.0
2026-08-22,wk inc covid hosp,2,2026-09-05,38,quantile,0.85,2.0
2026-08-22,wk inc covid hosp,2,2026-09-05,38,quantile,0.9,2.0
2026-08-22,wk inc covid hosp,2,2026-09-05,38,quantile,0.95,4.0
2026-08-22,wk inc covid hosp,2,2026-09-05,38,quantile,0.975,5.0
2026-08-22,wk inc covid hosp,2,2026-09-05,38,quantile,0.99,9.0
2026-08-22,wk inc covid hosp,2,2026-09-05,39,quantile,0.01,20.0
2026-08-22,wk inc covid hosp,2,2026-09-05,39,quantile,0.025,27.0
2026-08-22,wk inc covid hosp,2,2026-09-05,39,quantile,0.05,27.0
2026-08-22,wk inc covid hosp,2,2026-09-05,39,quantile,0.1,37.0
2026-08-22,wk inc covid hosp,2,2026-09-05,39,quantile,0.15,39.0
2026-08-22,wk inc covid hosp,2,2026-09-05,39,quantile,0.2,44.0
2026-08-22,wk inc covid hosp,2,2026-09-05,39,quantile,0.25,49.0
2026-08-22,wk inc covid hosp,2,2026-09-05,39,quantile,0.3,49.0
2026-08-22,wk inc covid hosp,2,2026-09-05,39,quantile,0.35,52.0
2026-08-22,wk inc covid hosp,2,2026-09-05,39,quantile,0.4,52.0
2026-08-22,wk inc covid hosp,2,2026-09-05,39,quantile,0.45,52.0
2026-08-22,wk inc covid hosp,2,2026-09-05,39,quantile,0.5,52.0
2026-08-22,wk inc covid hosp,2,2026-09-05,39,quantile,0.55,52.0
2026-08-22,wk inc covid hosp,2,2026-09-05,39,quantile,0.6,52.0
2026-08-22,wk inc covid hosp,2,2026-09-05,39,quantile,0.65,52.0
2026-08-22,wk inc covid hosp,2,2026-09-05,39,quantile,0.7,54.0
2026-08-22,wk inc covid hosp,2,2026-09-05,39,quantile,0.75,57.0
2026-08-22,wk inc covid hosp,2,2026-09-05,39,quantile,0.8,59.0
2026-08-22,wk inc covid hosp,2,2026-09-05,39,quantile,0.85,61.0
2026-08-22,wk inc covid hosp,2,2026-09-05,39,quantile,0.9,66.0
2026-08-22,wk inc covid hosp,2,2026-09-05,39,quantile,0.95,77.0
2026-08-22,wk inc covid hosp,2,2026-09-05,39,quantile,0.975,94.0
2026-08-22,wk inc covid hosp,2,2026-09-05,39,quantile,0.99,133.0
2026-08-22,wk inc covid hosp,2,2026-09-05,40,quantile,0.01,3.0
2026-08-22,wk inc covid hosp,2,2026-09-05,40,quantile,0.025,4.0
2026-08-22,wk inc covid hosp,2,2026-09-05,40,quantile,0.05,5.0
2026-08-22,wk inc covid hosp,2,2026-09-05,40,quantile,0.1,6.0
2026-08-22,wk inc covid hosp,2,2026-09-05,40,quantile,0.15,8.0
2026-08-22,wk inc covid hosp,2,2026-09-05,40,quantile,0.2,8.0
2026-08-22,wk inc covid hosp,2,2026-09-05,40,quantile,0.25,9.0
2026-08-22,wk inc covid hosp,2,2026-09-05,40,quantile,0.3,9.0
2026-08-22,wk inc covid hosp,2,2026-09-05,40,quantile,0.35,9.0
2026-08-22,wk inc covid hosp,2,2026-09-05,40,quantile,0.4,10.0
2026-08-22,wk inc covid hosp,2,2026-09-05,40,quantile,0.45,10.0
2026-08-22,wk inc covid hosp,2,2026-09-05,40,quantile,0.5,10.0
2026-08-22,wk inc covid hosp,2,2026-09-05,40,quantile,0.55,10.0
2026-08-22,wk inc covid hosp,2,2026-09-05,40,quantile,0.6,10.0
2026-08-22,wk inc covid hosp,2,2026-09-05,40,quantile,0.65,10.0
2026-08-22,wk inc covid hosp,2,2026-09-05,40,quantile,0.7,11.0
2026-08-22,wk inc covid hosp,2,2026-09-05,40,quantile,0.75,12.0
2026-08-22,wk inc covid hosp,2,2026-09-05,40,quantile,0.8,14.0
2026-08-22,wk inc covid hosp,2,2026-09-05,40,quantile,0.85,14.0
2026-08-22,wk inc covid hosp,2,2026-09-05,40,quantile,0.9,16.0
2026-08-22,wk inc covid hosp,2,2026-09-05,40,quantile,0.95,19.0
2026-08-22,wk inc covid hosp,2,2026-09-05,40,quantile,0.975,19.0
2026-08-22,wk inc covid hosp,2,2026-09-05,40,quantile,0.99,32.0
2026-08-22,wk inc covid hosp,2,2026-09-05,41,quantile,0.01,5.0
2026-08-22,wk inc covid hosp,2,2026-09-05,41,quantile,0.025,7.0
2026-08-22,wk inc covid hosp,2,2026-09-05,41,quantile,0.05,7.0
2026-08-22,wk inc covid hosp,2,2026-09-05,41,quantile,0.1,9.0
2026-08-22,wk inc covid hosp,2,2026-09-05,41,quantile,0.15,10.0
2026-08-22,wk inc covid hosp,2,2026-09-05,41,quantile,0.2,10.0
2026-08-22,wk inc covid hosp,2,2026-09-05,41,quantile,0.25,11.0
2026-08-22,wk inc covid hosp,2,2026-09-05,41,quantile,0.3,13.0
2026-08-22,wk inc covid hosp,2,2026-09-05,41,quantile,0.35,13.0
2026-08-22,wk inc covid hosp,2,2026-09-05,41,quantile,0.4,13.0
2026-08-22,wk inc covid hosp,2,2026-09-05,41,quantile,0.45,15.0
2026-08-22,wk inc covid hosp,2,2026-09-05,41,quantile,0.5,16.0
2026-08-22,wk inc covid hosp,2,2026-09-05,41,quantile,0.55,18.0
2026-08-22,wk inc covid hosp,2,2026-09-05,41,quantile,0.6,19.0
2026-08-22,wk inc covid hosp,2,2026-09-05,41,quantile,0.65,21.0
2026-08-22,wk inc covid hosp,2,2026-09-05,41,quantile,0.7,24.0
2026-08-22,wk inc covid hosp,2,2026-09-05,41,quantile,0.75,26.0
2026-08-22,wk inc covid hosp,2,2026-09-05,41,quantile,0.8,28.0
2026-08-22,wk inc covid hosp,2,2026-09-05,41,quantile,0.85,28.0
2026-08-22,wk inc covid hosp,2,2026-09-05,41,quantile,0.9,28.0
2026-08-22,wk inc covid hosp,2,2026-09-05,41,quantile,0.95,32.0
2026-08-22,wk inc covid hosp,2,2026-09-05,41,quantile,0.975,38.0
2026-08-22,wk inc covid hosp,2,2026-09-05,41,quantile,0.99,54.0
2026-08-22,wk inc covid hosp,2,2026-09-05,42,quantile,0.01,44.0
2026-08-22,wk inc covid hosp,2,2026-09-05,42,quantile,0.025,54.0
2026-08-22,wk inc covid hosp,2,2026-09-05,42,quantile,0.05,56.0
2026-08-22,wk inc covid hosp,2,2026-09-05,42,quantile,0.1,65.0
2026-08-22,wk inc covid hosp,2,2026-09-05,42,quantile,0.15,71.0
2026-08-22,wk inc covid hosp,2,2026-09-05,42,quantile,0.2,71.0
2026-08-22,wk inc covid hosp,2,2026-09-05,42,quantile,0.25,85.0
2026-08-22,wk inc covid hosp,2,2026-09-05,42,quantile,0.3,86.0
2026-08-22,wk inc covid hosp,2,2026-09-05,42,quantile,0.35,87.0
2026-08-22,wk inc covid hosp,2,2026-09-05,42,quantile,0.4,87.0
2026-08-22,wk inc covid hosp,2,2026-09-05,42,quantile,0.45,91.0
2026-08-22,wk inc covid hosp,2,2026-09-05,42,quantile,0.5,92.0
2026-08-22,wk inc covid hosp,2,2026-09-05,42,quantile,0.55,94.0
2026-08-22,wk inc covid hosp,2,2026-09-05,42,quantile,0.6,100.0
2026-08-22,wk inc covid hosp,2,2026-09-05,42,quantile,0.65,106.0
2026-08-22,wk inc covid hosp,2,2026-09-05,42,quantile,0.7,113.0
2026-08-22,wk inc covid hosp,2,2026-09-05,42,quantile,0.75,113.0
2026-08-22,wk inc covid hosp,2,2026-09-05,42,quantile,0.8,118.0
2026-08-22,wk inc covid hosp,2,2026-09-05,42,quantile,0.85,124.0
2026-08-22,wk inc covid hosp,2,2026-09-05,42,quantile,0.9,128.0
2026-08-22,wk inc covid hosp,2,2026-09-05,42,quantile,0.95,137.0
2026-08-22,wk inc covid hosp,2,2026-09-05,42,quantile,0.975,155.0
2026-08-22,wk inc covid hosp,2,2026-09-05,42,quantile,0.99,170.0
2026-08-22,wk inc covid hosp,2,2026-09-05,44,quantile,0.01,2.0
2026-08-22,wk inc covid hosp,2,2026-09-05,44,quantile,0.025,3.0
2026-08-22,wk inc covid hosp,2,2026-09-05,44,quantile,0.05,4.0
2026-08-22,wk inc covid hosp,2,2026-09-05,44,quantile,0.1,5.0
2026-08-22,wk inc covid hosp,2,2026-09-05,44,quantile,0.15,6.0
2026-08-22,wk inc covid hosp,2,2026-09-05,44,quantile,0.2,6.0
2026-08-22,wk inc covid hosp,2,2026-09-05,44,quantile,0.25,7.0
2026-08-22,wk inc covid hosp,2,2026-09-05,44,quantile,0.3,7.0
2026-08-22,wk inc covid hosp,2,2026-09-05,44,quantile,0.35,8.0
2026-08-22,wk inc covid hosp,2,2026-09-05,44,quantile,0.4,8.0
2026-08-22,wk inc covid hosp,2,2026-09-05,44,quantile,0.45,9.0
2026-08-22,wk inc covid hosp,2,2026-09-05,44,quantile,0.5,10.0
2026-08-22,wk inc covid hosp,2,2026-09-05,44,quantile,0.55,10.0
2026-08-22,wk inc covid hosp,2,2026-09-05,44,quantile,0.6,10.0
2026-08-22,wk inc covid hosp,2,2026-09-05,44,quantile,0.65,11.0
2026-08-22,wk inc covid hosp,2,2026-09-05,44,quantile,0.7,11.0
2026-08-22,wk inc covid hosp,2,2026-09-05,44,quantile,0.75,11.0
2026-08-22,wk inc covid hosp,2,2026-09-05,44,quantile,0.8,12.0
2026-08-22,wk inc covid hosp,2,2026-09-05,44,quantile,0.85,13.0
2026-08-22,wk inc covid hosp,2,2026-09-05,44,quantile,0.9,13.0
2026-08-22,wk inc covid hosp,2,2026-09-05,44,quantile,0.95,16.0
2026-08-22,wk inc covid hosp,2,2026-09-05,44,quantile,0.975,16.0
2026-08-22,wk inc covid hosp,2,2026-09-05,44,quantile,0.99,22.0
2026-08-22,wk inc covid hosp,2,2026-09-05,45,quantile,0.01,17.0
2026-08-22,wk inc covid hosp,2,2026-09-05,45,quantile,0.025,20.0
2026-08-22,wk inc covid hosp,2,2026-09-05,45,quantile,0.05,22.0
2026-08-22,wk inc covid hosp,2,2026-09-05,45,quantile,0.1,27.0
2026-08-22,wk inc covid hosp,2,2026-09-05,45,quantile,0.15,32.0
2026-08-22,wk inc covid hosp,2,2026-09-05,45,quantile,0.2,32.0
2026-08-22,wk inc covid hosp,2,2026-09-05,45,quantile,0.25,35.0
2026-08-22,wk inc covid hosp,2,2026-09-05,45,quantile,0.3,35.0
2026-08-22,wk inc covid hosp,2,2026-09-05,45,quantile,0.35,37.0
2026-08-22,wk inc covid hosp,2,2026-09-05,45,quantile,0.4,37.0
2026-08-22,wk inc covid hosp,2,2026-09-05,45,quantile,0.45,38.0
2026-08-22,wk inc covid hosp,2,2026-09-05,45,quantile,0.5,38.0
2026-08-22,wk inc covid hosp,2,2026-09-05,45,quantile,0.55,39.0
2026-08-22,wk inc covid hosp,2,2026-09-05,45,quantile,0.6,41.0
2026-08-22,wk inc covid hosp,2,2026-09-05,45,quantile,0.65,43.0
2026-08-22,wk inc covid hosp,2,2026-09-05,45,quantile,0.7,47.0
2026-08-22,wk inc covid hosp,2,2026-09-05,45,quantile,0.75,47.0
2026-08-22,wk inc covid hosp,2,2026-09-05,45,quantile,0.8,47.0
2026-08-22,wk inc covid hosp,2,2026-09-05,45,quantile,0.85,49.0
2026-08-22,wk inc covid hosp,2,2026-09-05,45,quantile,0.9,58.0
2026-08-22,wk inc covid hosp,2,2026-09-05,45,quantile,0.95,58.0
2026-08-22,wk inc covid hosp,2,2026-09-05,45,quantile,0.975,60.0
2026-08-22,wk inc covid hosp,2,2026-09-05,45,quantile,0.99,68.0
2026-08-22,wk inc covid hosp,2,2026-09-05,46,quantile,0.01,0.0
2026-08-22,wk inc covid hosp,2,2026-09-05,46,quantile,0.025,0.0
2026-08-22,wk inc covid hosp,2,2026-09-05,46,quantile,0.05,0.0
2026-08-22,wk inc covid hosp,2,2026-09-05,46,quantile,0.1,0.0
2026-08-22,wk inc covid hosp,2,2026-09-05,46,quantile,0.15,0.0
2026-08-22,wk inc covid hosp,2,2026-09-05,46,quantile,0.2,0.0
2026-08-22,wk inc covid hosp,2,2026-09-05,46,quantile,0.25,1.0
2026-08-22,wk inc covid hosp,2,2026-09-05,46,quantile,0.3,1.0
2026-08-22,wk inc covid hosp,2,2026-09-05,46,quantile,0.35,1.0
2026-08-22,wk inc covid hosp,2,2026-09-05,46,quantile,0.4,1.0
2026-08-22,wk inc covid hosp,2,2026-09-05,46,quantile,0.45,1.0
2026-08-22,wk inc covid hosp,2,2026-09-05,46,quantile,0.5,1.0
2026-08-22,wk inc covid hosp,2,2026-09-05,46,quantile,0.55,1.0
2026-08-22,wk inc covid hosp,2,2026-09-05,46,quantile,0.6,1.0
2026-08-22,wk inc covid hosp,2,2026-09-05,46,quantile,0.65,1.0
2026-08-22,wk inc covid hosp,2,2026-09-05,46,quantile,0.7,2.0
2026-08-22,wk inc covid hosp,2,2026-09-05,46,quantile,0.75,2.0
2026-08-22,wk inc covid hosp,2,2026-09-05,46,quantile,0.8,2.0
2026-08-22,wk inc covid hosp,2,2026-09-05,46,quantile,0.85,2.0
2026-08-22,wk inc covid hosp,2,2026-09-05,46,quantile,0.9,3.0
2026-08-22,wk inc covid hosp,2,2026-09-05,46,quantile,0.95,4.0
2026-08-22,wk inc covid hosp,2,2026-09-05,46,quantile,0.975,6.0
2026-08-22,wk inc covid hosp,2,2026-09-05,46,quantile,0.99,10.0
2026-08-22,wk inc covid hosp,2,2026-09-05,47,quantile,0.01,23.0
2026-08-22,wk inc covid hosp,2,2026-09-05,47,quantile,0.025,28.0
2026-08-22,wk inc covid hosp,2,2026-09-05,47,quantile,0.05,32.0
2026-08-22,wk inc covid hosp,2,2026-09-05,47,quantile,0.1,41.0
2026-08-22,wk inc covid hosp,2,2026-09-05,47,quantile,0.15,48.0
2026-08-22,wk inc covid hosp,2,2026-09-05,47,quantile,0.2,50.0
2026-08-22,wk inc covid hosp,2,2026-09-05,47,quantile,0.25,50.0
2026-08-22,wk inc covid hosp,2,2026-09-05,47,quantile,0.3,53.0
2026-08-22,wk inc covid hosp,2,2026-09-05,47,quantile,0.35,57.0
2026-08-22,wk inc covid hosp,2,2026-09-05,47,quantile,0.4,57.0
2026-08-22,wk inc covid hosp,2,2026-09-05,47,quantile,0.45,59.0
2026-08-22,wk inc covid hosp,2,2026-09-05,47,quantile,0.5,59.0
2026-08-22,wk inc covid hosp,2,2026-09-05,47,quantile,0.55,59.0
2026-08-22,wk inc covid hosp,2,2026-09-05,47,quantile,0.6,59.0
2026-08-22,wk inc covid hosp,2,2026-09-05,47,quantile,0.65,59.0
2026-08-22,wk inc covid hosp,2,2026-09-05,47,quantile,0.7,59.0
2026-08-22,wk inc covid hosp,2,2026-09-05,47,quantile,0.75,60.0
2026-08-22,wk inc covid hosp,2,2026-09-05,47,quantile,0.8,63.0
2026-08-22,wk inc covid hosp,2,2026-09-05,47,quantile,0.85,65.0
2026-08-22,wk inc covid hosp,2,2026-09-05,47,quantile,0.9,72.0
2026-08-22,wk inc covid hosp,2,2026-09-05,47,quantile,0.95,76.0
2026-08-22,wk inc covid hosp,2,2026-09-05,47,quantile,0.975,81.0
2026-08-22,wk inc covid hosp,2,2026-09-05,47,quantile,0.99,100.0
2026-08-22,wk inc covid hosp,2,2026-09-05,48,quantile,0.01,124.0
2026-08-22,wk inc covid hosp,2,2026-09-05,48,quantile,0.025,162.0
2026-08-22,wk inc covid hosp,2,2026-09-05,48,quantile,0.05,190.0
2026-08-22,wk inc covid hosp,2,2026-09-05,48,quantile,0.1,236.0
2026-08-22,wk inc covid hosp,2,2026-09-05,48,quantile,0.15,276.0
2026-08-22,wk inc covid hosp,2,2026-09-05,48,quantile,0.2,303.0
2026-08-22,wk inc covid hosp,2,2026-09-05,48,quantile,0.25,314.0
2026-08-22,wk inc covid hosp,2,2026-09-05,48,quantile,0.3,340.0
2026-08-22,wk inc covid hosp,2,2026-09-05,48,quantile,0.35,344.0
2026-08-22,wk inc covid hosp,2,2026-09-05,48,quantile,0.4,360.0
2026-08-22,wk inc covid hosp,2,2026-09-05,48,quantile,0.45,360.0
2026-08-22,wk inc covid hosp,2,2026-09-05,48,quantile,0.5,371.0
2026-08-22,wk inc covid hosp,2,2026-09-05,48,quantile,0.55,371.0
2026-08-22,wk inc covid hosp,2,2026-09-05,48,quantile,0.6,411.0
2026-08-22,wk inc covid hosp,2,2026-09-05,48,quantile,0.65,411.0
2026-08-22,wk inc covid hosp,2,2026-09-05,48,quantile,0.7,411.0
2026-08-22,wk inc covid hosp,2,2026-09-05,48,quantile,0.75,411.0
2026-08-22,wk inc covid hosp,2,2026-09-05,48,quantile,0.8,418.0
2026-08-22,wk inc covid hosp,2,2026-09-05,48,quantile,0.85,418.0
2026-08-22,wk inc covid hosp,2,2026-09-05,48,quantile,0.9,421.0
2026-08-22,wk inc covid hosp,2,2026-09-05,48,quantile,0.95,442.0
2026-08-22,wk inc covid hosp,2,2026-09-05,48,quantile,0.975,443.0
2026-08-22,wk inc covid hosp,2,2026-09-05,48,quantile,0.99,528.0
2026-08-22,wk inc covid hosp,2,2026-09-05,49,quantile,0.01,2.0
2026-08-22,wk inc covid hosp,2,2026-09-05,49,quantile,0.025,3.0
2026-08-22,wk inc covid hosp,2,2026-09-05,49,quantile,0.05,3.0
2026-08-22,wk inc covid hosp,2,2026-09-05,49,quantile,0.1,5.0
2026-08-22,wk inc covid hosp,2,2026-09-05,49,quantile,0.15,6.0
2026-08-22,wk inc covid hosp,2,2026-09-05,49,quantile,0.2,6.0
2026-08-22,wk inc covid hosp,2,2026-09-05,49,quantile,0.25,6.0
2026-08-22,wk inc covid hosp,2,2026-09-05,49,quantile,0.3,6.0
2026-08-22,wk inc covid hosp,2,2026-09-05,49,quantile,0.35,6.0
2026-08-22,wk inc covid hosp,2,2026-09-05,49,quantile,0.4,6.0
2026-08-22,wk inc covid hosp,2,2026-09-05,49,quantile,0.45,6.0
2026-08-22,wk inc covid hosp,2,2026-09-05,49,quantile,0.5,7.0
2026-08-22,wk inc covid hosp,2,2026-09-05,49,quantile,0.55,8.0
2026-08-22,wk inc covid hosp,2,2026-09-05,49,quantile,0.6,8.0
2026-08-22,wk inc covid hosp,2,2026-09-05,49,quantile,0.65,8.0
2026-08-22,wk inc covid hosp,2,2026-09-05,49,quantile,0.7,9.0
2026-08-22,wk inc covid hosp,2,2026-09-05,49,quantile,0.75,9.0
2026-08-22,wk inc covid hosp,2,2026-09-05,49,quantile,0.8,10.0
2026-08-22,wk inc covid hosp,2,2026-09-05,49,quantile,0.85,11.0
2026-08-22,wk inc covid hosp,2,2026-09-05,49,quantile,0.9,13.0
2026-08-22,wk inc covid hosp,2,2026-09-05,49,quantile,0.95,18.0
2026-08-22,wk inc covid hosp,2,2026-09-05,49,quantile,0.975,21.0
2026-08-22,wk inc covid hosp,2,2026-09-05,49,quantile,0.99,45.0
2026-08-22,wk inc covid hosp,2,2026-09-05,50,quantile,0.01,0.0
2026-08-22,wk inc covid hosp,2,2026-09-05,50,quantile,0.025,0.0
2026-08-22,wk inc covid hosp,2,2026-09-05,50,quantile,0.05,0.0
2026-08-22,wk inc covid hosp,2,2026-09-05,50,quantile,0.1,1.0
2026-08-22,wk inc covid hosp,2,2026-09-05,50,quantile,0.15,1.0
2026-08-22,wk inc covid hosp,2,2026-09-05,50,quantile,0.2,1.0
2026-08-22,wk inc covid hosp,2,2026-09-05,50,quantile,0.25,1.0
2026-08-22,wk inc covid hosp,2,2026-09-05,50,quantile,0.3,1.0
2026-08-22,wk inc covid hosp,2,2026-09-05,50,quantile,0.35,1.0
2026-08-22,wk inc covid hosp,2,2026-09-05,50,quantile,0.4,1.0
2026-08-22,wk inc covid hosp,2,2026-09-05,50,quantile,0.45,1.0
2026-08-22,wk inc covid hosp,2,2026-09-05,50,quantile,0.5,1.0
2026-08-22,wk inc covid hosp,2,2026-09-05,50,quantile,0.55,1.0
2026-08-22,wk inc covid hosp,2,2026-09-05,50,quantile,0.6,1.0
2026-08-22,wk inc covid hosp,2,2026-09-05,50,quantile,0.65,2.0
2026-08-22,wk inc covid hosp,2,2026-09-05,50,quantile,0.7,2.0
2026-08-22,wk inc covid hosp,2,2026-09-05,50,quantile,0.75,2.0
2026-08-22,wk inc covid hosp,2,2026-09-05,50,quantile,0.8,3.0
2026-08-22,wk inc covid hosp,2,2026-09-05,50,quantile,0.85,3.0
2026-08-22,wk inc covid hosp,2,2026-09-05,50,quantile,0.9,3.0
2026-08-22,wk inc covid hosp,2,2026-09-05,50,quantile,0.95,4.0
2026-08-22,wk inc covid hosp,2,2026-09-05,50,quantile,0.975,5.0
2026-08-22,wk inc covid hosp,2,2026-09-05,50,quantile,0.99,7.0
2026-08-22,wk inc covid hosp,2,2026-09-05,51,quantile,0.01,12.0
2026-08-22,wk inc covid hosp,2,2026-09-05,51,quantile,0.025,14.0
2026-08-22,wk inc covid hosp,2,2026-09-05,51,quantile,0.05,17.0
2026-08-22,wk inc covid hosp,2,2026-09-05,51,quantile,0.1,19.0
2026-08-22,wk inc covid hosp,2,2026-09-05,51,quantile,0.15,21.0
2026-08-22,wk inc covid hosp,2,2026-09-05,51,quantile,0.2,25.0
2026-08-22,wk inc covid hosp,2,2026-09-05,51,quantile,0.25,25.0
2026-08-22,wk inc covid hosp,2,2026-09-05,51,quantile,0.3,27.0
2026-08-22,wk inc covid hosp,2,2026-09-05,51,quantile,0.35,28.0
2026-08-22,wk inc covid hosp,2,2026-09-05,51,quantile,0.4,28.0
2026-08-22,wk inc covid hosp,2,2026-09-05,51,quantile,0.45,28.0
2026-08-22,wk inc covid hosp,2,2026-09-05,51,quantile,0.5,28.0
2026-08-22,wk inc covid hosp,2,2026-09-05,51,quantile,0.55,28.0
2026-08-22,wk inc covid hosp,2,2026-09-05,51,quantile,0.6,31.0
2026-08-22,wk inc covid hosp,2,2026-09-05,51,quantile,0.65,31.0
2026-08-22,wk inc covid hosp,2,2026-09-05,51,quantile,0.7,35.0
2026-08-22,wk inc covid hosp,2,2026-09-05,51,quantile,0.75,35.0
2026-08-22,wk inc covid hosp,2,2026-09-05,51,quantile,0.8,39.0
2026-08-22,wk inc covid hosp,2,2026-09-05,51,quantile,0.85,40.0
2026-08-22,wk inc covid hosp,2,2026-09-05,51,quantile,0.9,42.0
2026-08-22,wk inc covid hosp,2,2026-09-05,51,quantile,0.95,47.0
2026-08-22,wk inc covid hosp,2,2026-09-05,51,quantile,0.975,49.0
2026-08-22,wk inc covid hosp,2,2026-09-05,51,quantile,0.99,75.0
2026-08-22,wk inc covid hosp,2,2026-09-05,53,quantile,0.01,28.0
2026-08-22,wk inc covid hosp,2,2026-09-05,53,quantile,0.025,34.0
2026-08-22,wk inc covid hosp,2,2026-09-05,53,quantile,0.05,34.0
2026-08-22,wk inc covid hosp,2,2026-09-05,53,quantile,0.1,39.0
2026-08-22,wk inc covid hosp,2,2026-09-05,53,quantile,0.15,47.0
2026-08-22,wk inc covid hosp,2,2026-09-05,53,quantile,0.2,47.0
2026-08-22,wk inc covid hosp,2,2026-09-05,53,quantile,0.25,49.0
2026-08-22,wk inc covid hosp,2,2026-09-05,53,quantile,0.3,50.0
2026-08-22,wk inc covid hosp,2,2026-09-05,53,quantile,0.35,52.0
2026-08-22,wk inc covid hosp,2,2026-09-05,53,quantile,0.4,54.0
2026-08-22,wk inc covid hosp,2,2026-09-05,53,quantile,0.45,54.0
2026-08-22,wk inc covid hosp,2,2026-09-05,53,quantile,0.5,55.0
2026-08-22,wk inc covid hosp,2,2026-09-05,53,quantile,0.55,59.0
2026-08-22,wk inc covid hosp,2,2026-09-05,53,quantile,0.6,60.0
2026-08-22,wk inc covid hosp,2,2026-09-05,53,quantile,0.65,60.0
2026-08-22,wk inc covid hosp,2,2026-09-05,53,quantile,0.7,64.0
2026-08-22,wk inc covid hosp,2,2026-09-05,53,quantile,0.75,66.0
2026-08-22,wk inc covid hosp,2,2026-09-05,53,quantile,0.8,68.0
2026-08-22,wk inc covid hosp,2,2026-09-05,53,quantile,0.85,68.0
2026-08-22,wk inc covid hosp,2,2026-09-05,53,quantile,0.9,72.0
2026-08-22,wk inc covid hosp,2,2026-09-05,53,quantile,0.95,77.0
2026-08-22,wk inc covid hosp,2,2026-09-05,53,quantile,0.975,82.0
2026-08-22,wk inc covid hosp,2,2026-09-05,53,quantile,0.99,97.0
2026-08-22,wk inc covid hosp,2,2026-09-05,54,quantile,0.01,0.0
2026-08-22,wk inc covid hosp,2,2026-09-05,54,quantile,0.025,1.0
2026-08-22,wk inc covid hosp,2,2026-09-05,54,quantile,0.05,1.0
2026-08-22,wk inc covid hosp,2,2026-09-05,54,quantile,0.1,1.0
2026-08-22,wk inc covid hosp,2,2026-09-05,54,quantile,0.15,2.0
2026-08-22,wk inc covid hosp,2,2026-09-05,54,quantile,0.2,2.0
2026-08-22,wk inc covid hosp,2,2026-09-05,54,quantile,0.25,3.0
2026-08-22,wk inc covid hosp,2,2026-09-05,54,quantile,0.3,3.0
2026-08-22,wk inc covid hosp,2,2026-09-05,54,quantile,0.35,3.0
2026-08-22,wk inc covid hosp,2,2026-09-05,54,quantile,0.4,3.0
2026-08-22,wk inc covid hosp,2,2026-09-05,54,quantile,0.45,3.0
2026-08-22,wk inc covid hosp,2,2026-09-05,54,quantile,0.5,4.0
2026-08-22,wk inc covid hosp,2,2026-09-05,54,quantile,0.55,4.0
2026-08-22,wk inc covid hosp,2,2026-09-05,54,quantile,0.6,5.0
2026-08-22,wk inc covid hosp,2,2026-09-05,54,quantile,0.65,5.0
2026-08-22,wk inc covid hosp,2,2026-09-05,54,quantile,0.7,6.0
2026-08-22,wk inc covid hosp,2,2026-09-05,54,quantile,0.75,6.0
2026-08-22,wk inc covid hosp,2,2026-09-05,54,quantile,0.8,6.0
2026-08-22,wk inc covid hosp,2,2026-09-05,54,quantile,0.85,6.0
2026-08-22,wk inc covid hosp,2,2026-09-05,54,quantile,0.9,8.0
2026-08-22,wk inc covid hosp,2,2026-09-05,54,quantile,0.95,9.0
2026-08-22,wk inc covid hosp,2,2026-09-05,54,quantile,0.975,11.0
2026-08-22,wk inc covid hosp,2,2026-09-05,54,quantile,0.99,21.0
2026-08-22,wk inc covid hosp,2,2026-09-05,55,quantile,0.01,3.0
2026-08-22,wk inc covid hosp,2,2026-09-05,55,quantile,0.025,5.0
2026-08-22,wk inc covid hosp,2,2026-09-05,55,quantile,0.05,5.0
2026-08-22,wk inc covid hosp,2,2026-09-05,55,quantile,0.1,8.0
2026-08-22,wk inc covid hosp,2,2026-09-05,55,quantile,0.15,10.0
2026-08-22,wk inc covid hosp,2,2026-09-05,55,quantile,0.2,11.0
2026-08-22,wk inc covid hosp,2,2026-09-05,55,quantile,0.25,11.0
2026-08-22,wk inc covid hosp,2,2026-09-05,55,quantile,0.3,11.0
2026-08-22,wk inc covid hosp,2,2026-09-05,55,quantile,0.35,11.0
2026-08-22,wk inc covid hosp,2,2026-09-05,55,quantile,0.4,11.0
2026-08-22,wk inc covid hosp,2,2026-09-05,55,quantile,0.45,11.0
2026-08-22,wk inc covid hosp,2,2026-09-05,55,quantile,0.5,11.0
2026-08-22,wk inc covid hosp,2,2026-09-05,55,quantile,0.55,12.0
2026-08-22,wk inc covid hosp,2,2026-09-05,55,quantile,0.6,12.0
2026-08-22,wk inc covid hosp,2,2026-09-05,55,quantile,0.65,12.0
2026-08-22,wk inc covid hosp,2,2026-09-05,55,quantile,0.7,12.0
2026-08-22,wk inc covid hosp,2,2026-09-05,55,quantile,0.75,13.0
2026-08-22,wk inc covid hosp,2,2026-09-05,55,quantile,0.8,16.0
2026-08-22,wk inc covid hosp,2,2026-09-05,55,quantile,0.85,18.0
2026-08-22,wk inc covid hosp,2,2026-09-05,55,quantile,0.9,21.0
2026-08-22,wk inc covid hosp,2,2026-09-05,55,quantile,0.95,28.0
2026-08-22,wk inc covid hosp,2,2026-09-05,55,quantile,0.975,39.0
2026-08-22,wk inc covid hosp,2,2026-09-05,55,quantile,0.99,65.0
2026-08-22,wk inc covid hosp,2,2026-09-05,56,quantile,0.01,0.0
2026-08-22,wk inc covid hosp,2,2026-09-05,56,quantile,0.025,1.0
2026-08-22,wk inc covid hosp,2,2026-09-05,56,quantile,0.05,1.0
2026-08-22,wk inc covid hosp,2,2026-09-05,56,quantile,0.1,1.0
2026-08-22,wk inc covid hosp,2,2026-09-05,56,quantile,0.15,1.0
2026-08-22,wk inc covid hosp,2,2026-09-05,56,quantile,0.2,2.0
2026-08-22,wk inc covid hosp,2,2026-09-05,56,quantile,0.25,2.0
2026-08-22,wk inc covid hosp,2,2026-09-05,56,quantile,0.3,2.0
2026-08-22,wk inc covid hosp,2,2026-09-05,56,quantile,0.35,2.0
2026-08-22,wk inc covid hosp,2,2026-09-05,56,quantile,0.4,2.0
2026-08-22,wk inc covid hosp,2,2026-09-05,56,quantile,0.45,2.0
2026-08-22,wk inc covid hosp,2,2026-09-05,56,quantile,0.5,3.0
2026-08-22,wk inc covid hosp,2,2026-09-05,56,quantile,0.55,3.0
2026-08-22,wk inc covid hosp,2,2026-09-05,56,quantile,0.6,3.0
2026-08-22,wk inc covid hosp,2,2026-09-05,56,quantile,0.65,3.0
2026-08-22,wk inc covid hosp,2,2026-09-05,56,quantile,0.7,3.0
2026-08-22,wk inc covid hosp,2,2026-09-05,56,quantile,0.75,3.0
2026-08-22,wk inc covid hosp,2,2026-09-05,56,quantile,0.8,4.0
2026-08-22,wk inc covid hosp,2,2026-09-05,56,quantile,0.85,4.0
2026-08-22,wk inc covid hosp,2,2026-09-05,56,quantile,0.9,4.0
2026-08-22,wk inc covid hosp,2,2026-09-05,56,quantile,0.95,5.0
2026-08-22,wk inc covid hosp,2,2026-09-05,56,quantile,0.975,6.0
2026-08-22,wk inc covid hosp,2,2026-09-05,56,quantile,0.99,8.0
2026-08-22,wk inc covid hosp,2,2026-09-05,72,quantile,0.01,33.0
2026-08-22,wk inc covid hosp,2,2026-09-05,72,quantile,0.025,37.0
2026-08-22,wk inc covid hosp,2,2026-09-05,72,quantile,0.05,42.0
2026-08-22,wk inc covid hosp,2,2026-09-05,72,quantile,0.1,52.0
2026-08-22,wk inc covid hosp,2,2026-09-05,72,quantile,0.15,59.0
2026-08-22,wk inc covid hosp,2,2026-09-05,72,quantile,0.2,64.0
2026-08-22,wk inc covid hosp,2,2026-09-05,72,quantile,0.25,69.0
2026-08-22,wk inc covid hosp,2,2026-09-05,72,quantile,0.3,70.0
2026-08-22,wk inc covid hosp,2,2026-09-05,72,quantile,0.35,76.0
2026-08-22,wk inc covid hosp,2,2026-09-05,72,quantile,0.4,78.0
2026-08-22,wk inc covid hosp,2,2026-09-05,72,quantile,0.45,82.0
2026-08-22,wk inc covid hosp,2,2026-09-05,72,quantile,0.5,86.0
2026-08-22,wk inc covid hosp,2,2026-09-05,72,quantile,0.55,87.0
2026-08-22,wk inc covid hosp,2,2026-09-05,72,quantile,0.6,96.0
2026-08-22,wk inc covid hosp,2,2026-09-05,72,quantile,0.65,96.0
2026-08-22,wk inc covid hosp,2,2026-09-05,72,quantile,0.7,96.0
2026-08-22,wk inc covid hosp,2,2026-09-05,72,quantile,0.75,97.0
2026-08-22,wk inc covid hosp,2,2026-09-05,72,quantile,0.8,106.0
2026-08-22,wk inc covid hosp,2,2026-09-05,72,quantile,0.85,106.0
2026-08-22,wk inc covid hosp,2,2026-09-05,72,quantile,0.9,107.0
2026-08-22,wk inc covid hosp,2,2026-09-05,72,quantile,0.95,112.0
2026-08-22,wk inc covid hosp,2,2026-09-05,72,quantile,0.975,114.0
2026-08-22,wk inc covid hosp,2,2026-09-05,72,quantile,0.99,114.0
2026-08-22,wk inc covid hosp,3,2026-09-12,01,quantile,0.01,31.0
2026-08-22,wk inc covid hosp,3,2026-09-12,01,quantile,0.025,33.0
2026-08-22,wk inc covid hosp,3,2026-09-12,01,quantile,0.05,41.0
2026-08-22,wk inc covid hosp,3,2026-09-12,01,quantile,0.1,48.0
2026-08-22,wk inc covid hosp,3,2026-09-12,01,quantile,0.15,53.0
2026-08-22,wk inc covid hosp,3,2026-09-12,01,quantile,0.2,61.0
2026-08-22,wk inc covid hosp,3,2026-09-12,01,quantile,0.25,65.0
2026-08-22,wk inc covid hosp,3,2026-09-12,01,quantile,0.3,65.0
2026-08-22,wk inc covid hosp,3,2026-09-12,01,quantile,0.35,71.0
2026-08-22,wk inc covid hosp,3,2026-09-12,01,quantile,0.4,75.0
2026-08-22,wk inc covid hosp,3,2026-09-12,01,quantile,0.45,76.0
2026-08-22,wk inc covid hosp,3,2026-09-12,01,quantile,0.5,80.0
2026-08-22,wk inc covid hosp,3,2026-09-12,01,quantile,0.55,82.0
2026-08-22,wk inc covid hosp,3,2026-09-12,01,quantile,0.6,86.0
2026-08-22,wk inc covid hosp,3,2026-09-12,01,quantile,0.65,86.0
2026-08-22,wk inc covid hosp,3,2026-09-12,01,quantile,0.7,88.0
2026-08-22,wk inc covid hosp,3,2026-09-12,01,quantile,0.75,93.0
2026-08-22,wk inc covid hosp,3,2026-09-12,01,quantile,0.8,95.0
2026-08-22,wk inc covid hosp,3,2026-09-12,01,quantile,0.85,95.0
2026-08-22,wk inc covid hosp,3,2026-09-12,01,quantile,0.9,100.0
2026-08-22,wk inc covid hosp,3,2026-09-12,01,quantile,0.95,102.0
2026-08-22,wk inc covid hosp,3,2026-09-12,01,quantile,0.975,104.0
2026-08-22,wk inc covid hosp,3,2026-09-12,01,quantile,0.99,110.0
2026-08-22,wk inc covid hosp,3,2026-09-12,02,quantile,0.01,1.0
2026-08-22,wk inc covid hosp,3,2026-09-12,02,quantile,0.025,2.0
2026-08-22,wk inc covid hosp,3,2026-09-12,02,quantile,0.05,2.0
2026-08-22,wk inc covid hosp,3,2026-09-12,02,quantile,0.1,3.0
2026-08-22,wk inc covid hosp,3,2026-09-12,02,quantile,0.15,3.0
2026-08-22,wk inc covid hosp,3,2026-09-12,02,quantile,0.2,3.0
2026-08-22,wk inc covid hosp,3,2026-09-12,02,quantile,0.25,4.0
2026-08-22,wk inc covid hosp,3,2026-09-12,02,quantile,0.3,5.0
2026-08-22,wk inc covid hosp,3,2026-09-12,02,quantile,0.35,5.0
2026-08-22,wk inc covid hosp,3,2026-09-12,02,quantile,0.4,5.0
2026-08-22,wk inc covid hosp,3,2026-09-12,02,quantile,0.45,5.0
2026-08-22,wk inc covid hosp,3,2026-09-12,02,quantile,0.5,5.0
2026-08-22,wk inc covid hosp,3,2026-09-12,02,quantile,0.55,6.0
2026-08-22,wk inc covid hosp,3,2026-09-12,02,quantile,0.6,6.0
2026-08-22,wk inc covid hosp,3,2026-09-12,02,quantile,0.65,7.0
2026-08-22,wk inc covid hosp,3,2026-09-12,02,quantile,0.7,8.0
2026-08-22,wk inc covid hosp,3,2026-09-12,02,quantile,0.75,8.0
2026-08-22,wk inc covid hosp,3,2026-09-12,02,quantile,0.8,8.0
2026-08-22,wk inc covid hosp,3,2026-09-12,02,quantile,0.85,8.0
2026-08-22,wk inc covid hosp,3,2026-09-12,02,quantile,0.9,9.0
2026-08-22,wk inc covid hosp,3,2026-09-12,02,quantile,0.95,9.0
2026-08-22,wk inc covid hosp,3,2026-09-12,02,quantile,0.975,10.0
2026-08-22,wk inc covid hosp,3,2026-09-12,02,quantile,0.99,12.0
2026-08-22,wk inc covid hosp,3,2026-09-12,04,quantile,0.01,24.0
2026-08-22,wk inc covid hosp,3,2026-09-12,04,quantile,0.025,28.0
2026-08-22,wk inc covid hosp,3,2026-09-12,04,quantile,0.05,36.0
2026-08-22,wk inc covid hosp,3,2026-09-12,04,quantile,0.1,48.0
2026-08-22,wk inc covid hosp,3,2026-09-12,04,quantile,0.15,52.0
2026-08-22,wk inc covid hosp,3,2026-09-12,04,quantile,0.2,55.0
2026-08-22,wk inc covid hosp,3,2026-09-12,04,quantile,0.25,55.0
2026-08-22,wk inc covid hosp,3,2026-09-12,04,quantile,0.3,55.0
2026-08-22,wk inc covid hosp,3,2026-09-12,04,quantile,0.35,57.0
2026-08-22,wk inc covid hosp,3,2026-09-12,04,quantile,0.4,57.0
2026-08-22,wk inc covid hosp,3,2026-09-12,04,quantile,0.45,61.0
2026-08-22,wk inc covid hosp,3,2026-09-12,04,quantile,0.5,61.0
2026-08-22,wk inc covid hosp,3,2026-09-12,04,quantile,0.55,67.0
2026-08-22,wk inc covid hosp,3,2026-09-12,04,quantile,0.6,67.0
2026-08-22,wk inc covid hosp,3,2026-09-12,04,quantile,0.65,67.0
2026-08-22,wk inc covid hosp,3,2026-09-12,04,quantile,0.7,68.0
2026-08-22,wk inc covid hosp,3,2026-09-12,04,quantile,0.75,70.0
2026-08-22,wk inc covid hosp,3,2026-09-12,04,quantile,0.8,72.0
2026-08-22,wk inc covid hosp,3,2026-09-12,04,quantile,0.85,73.0
2026-08-22,wk inc covid hosp,3,2026-09-12,04,quantile,0.9,79.0
2026-08-22,wk inc covid hosp,3,2026-09-12,04,quantile,0.95,82.0
2026-08-22,wk inc covid hosp,3,2026-09-12,04,quantile,0.975,86.0
2026-08-22,wk inc covid hosp,3,2026-09-12,04,quantile,0.99,121.0
2026-08-22,wk inc covid hosp,3,2026-09-12,05,quantile,0.01,4.0
2026-08-22,wk inc covid hosp,3,2026-09-12,05,quantile,0.025,5.0
2026-08-22,wk inc covid hosp,3,2026-09-12,05,quantile,0.05,7.0
2026-08-22,wk inc covid hosp,3,2026-09-12,05,quantile,0.1,10.0
2026-08-22,wk inc covid hosp,3,2026-09-12,05,quantile,0.15,11.0
2026-08-22,wk inc covid hosp,3,2026-09-12,05,quantile,0.2,12.0
2026-08-22,wk inc covid hosp,3,2026-09-12,05,quantile,0.25,13.0
2026-08-22,wk inc covid hosp,3,2026-09-12,05,quantile,0.3,15.0
2026-08-22,wk inc covid hosp,3,2026-09-12,05,quantile,0.35,16.0
2026-08-22,wk inc covid hosp,3,2026-09-12,05,quantile,0.4,17.0
2026-08-22,wk inc covid hosp,3,2026-09-12,05,quantile,0.45,17.0
2026-08-22,wk inc covid hosp,3,2026-09-12,05,quantile,0.5,17.0
2026-08-22,wk inc covid hosp,3,2026-09-12,05,quantile,0.55,17.0
2026-08-22,wk inc covid hosp,3,2026-09-12,05,quantile,0.6,18.0
2026-08-22,wk inc covid hosp,3,2026-09-12,05,quantile,0.65,20.0
2026-08-22,wk inc covid hosp,3,2026-09-12,05,quantile,0.7,21.0
2026-08-22,wk inc covid hosp,3,2026-09-12,05,quantile,0.75,21.0
2026-08-22,wk inc covid hosp,3,2026-09-12,05,quantile,0.8,23.0
2026-08-22,wk inc covid hosp,3,2026-09-12,05,quantile,0.85,23.0
2026-08-22,wk inc covid hosp,3,2026-09-12,05,quantile,0.9,26.0
2026-08-22,wk inc covid hosp,3,2026-09-12,05,quantile,0.95,29.0
2026-08-22,wk inc covid hosp,3,2026-09-12,05,quantile,0.975,33.0
2026-08-22,wk inc covid hosp,3,2026-09-12,05,quantile,0.99,38.0
2026-08-22,wk inc covid hosp,3,2026-09-12,06,quantile,0.01,259.0
2026-08-22,wk inc covid hosp,3,2026-09-12,06,quantile,0.025,301.0
2026-08-22,wk inc covid hosp,3,2026-09-12,06,quantile,0.05,385.0
2026-08-22,wk inc covid hosp,3,2026-09-12,06,quantile,0.1,441.0
2026-08-22,wk inc covid hosp,3,2026-09-12,06,quantile,0.15,488.0
2026-08-22,wk inc covid hosp,3,2026-09-12,06,quantile,0.2,521.0
2026-08-22,wk inc covid hosp,3,2026-09-12,06,quantile,0.25,527.0
2026-08-22,wk inc covid hosp,3,2026-09-12,06,quantile,0.3,537.0
2026-08-22,wk inc covid hosp,3,2026-09-12,06,quantile,0.35,554.0
2026-08-22,wk inc covid hosp,3,2026-09-12,06,quantile,0.4,554.0
2026-08-22,wk inc covid hosp,3,2026-09-12,06,quantile,0.45,561.0
2026-08-22,wk inc covid hosp,3,2026-09-12,06,quantile,0.5,565.0
2026-08-22,wk inc covid hosp,3,2026-09-12,06,quantile,0.55,588.0
2026-08-22,wk inc covid hosp,3,2026-09-12,06,quantile,0.6,588.0
2026-08-22,wk inc covid hosp,3,2026-09-12,06,quantile,0.65,588.0
2026-08-22,wk inc covid hosp,3,2026-09-12,06,quantile,0.7,588.0
2026-08-22,wk inc covid hosp,3,2026-09-12,06,quantile,0.75,588.0
2026-08-22,wk inc covid hosp,3,2026-09-12,06,quantile,0.8,617.0
2026-08-22,wk inc covid hosp,3,2026-09-12,06,quantile,0.85,621.0
2026-08-22,wk inc covid hosp,3,2026-09-12,06,quantile,0.9,663.0
2026-08-22,wk inc covid hosp,3,2026-09-12,06,quantile,0.95,746.0
2026-08-22,wk inc covid hosp,3,2026-09-12,06,quantile,0.975,771.0
2026-08-22,wk inc covid hosp,3,2026-09-12,06,quantile,0.99,829.0
2026-08-22,wk inc covid hosp,3,2026-09-12,08,quantile,0.01,10.0
2026-08-22,wk inc covid hosp,3,2026-09-12,08,quantile,0.025,12.0
2026-08-22,wk inc covid hosp,3,2026-09-12,08,quantile,0.05,12.0
2026-08-22,wk inc covid hosp,3,2026-09-12,08,quantile,0.1,15.0
2026-08-22,wk inc covid hosp,3,2026-09-12,08,quantile,0.15,16.0
2026-08-22,wk inc covid hosp,3,2026-09-12,08,quantile,0.2,20.0
2026-08-22,wk inc covid hosp,3,2026-09-12,08,quantile,0.25,21.0
2026-08-22,wk inc covid hosp,3,2026-09-12,08,quantile,0.3,22.0
2026-08-22,wk inc covid hosp,3,2026-09-12,08,quantile,0.35,23.0
2026-08-22,wk inc covid hosp,3,2026-09-12,08,quantile,0.4,23.0
2026-08-22,wk inc covid hosp,3,2026-09-12,08,quantile,0.45,24.0
2026-08-22,wk inc covid hosp,3,2026-09-12,08,quantile,0.5,24.0
2026-08-22,wk inc covid hosp,3,2026-09-12,08,quantile,0.55,24.0
2026-08-22,wk inc covid hosp,3,2026-09-12,08,quantile,0.6,24.0
2026-08-22,wk inc covid hosp,3,2026-09-12,08,quantile,0.65,24.0
2026-08-22,wk inc covid hosp,3,2026-09-12,08,quantile,0.7,26.0
2026-08-22,wk inc covid hosp,3,2026-09-12,08,quantile,0.75,27.0
2026-08-22,wk inc covid hosp,3,2026-09-12,08,quantile,0.8,29.0
2026-08-22,wk inc covid hosp,3,2026-09-12,08,quantile,0.85,29.0
2026-08-22,wk inc covid hosp,3,2026-09-12,08,quantile,0.9,31.0
2026-08-22,wk inc covid hosp,3,2026-09-12,08,quantile,0.95,37.0
2026-08-22,wk inc covid hosp,3,2026-09-12,08,quantile,0.975,46.0
2026-08-22,wk inc covid hosp,3,2026-09-12,08,quantile,0.99,70.0
2026-08-22,wk inc covid hosp,3,2026-09-12,09,quantile,0.01,4.0
2026-08-22,wk inc covid hosp,3,2026-09-12,09,quantile,0.025,6.0
2026-08-22,wk inc covid hosp,3,2026-09-12,09,quantile,0.05,6.0
2026-08-22,wk inc covid hosp,3,2026-09-12,09,quantile,0.1,7.0
2026-08-22,wk inc covid hosp,3,2026-09-12,09,quantile,0.15,7.0
2026-08-22,wk inc covid hosp,3,2026-09-12,09,quantile,0.2,9.0
2026-08-22,wk inc covid hosp,3,2026-09-12,09,quantile,0.25,10.0
2026-08-22,wk inc covid hosp,3,2026-09-12,09,quantile,0.3,12.0
2026-08-22,wk inc covid hosp,3,2026-09-12,09,quantile,0.35,12.0
2026-08-22,wk inc covid hosp,3,2026-09-12,09,quantile,0.4,12.0
2026-08-22,wk inc covid hosp,3,2026-09-12,09,quantile,0.45,12.0
2026-08-22,wk inc covid hosp,3,2026-09-12,09,quantile,0.5,12.0
2026-08-22,wk inc covid hosp,3,2026-09-12,09,quantile,0.55,13.0
2026-08-22,wk inc covid hosp,3,2026-09-12,09,quantile,0.6,13.0
2026-08-22,wk inc covid hosp,3,2026-09-12,09,quantile,0.65,13.0
2026-08-22,wk inc covid hosp,3,2026-09-12,09,quantile,0.7,14.0
2026-08-22,wk inc covid hosp,3,2026-09-12,09,quantile,0.75,15.0
2026-08-22,wk inc covid hosp,3,2026-09-12,09,quantile,0.8,16.0
2026-08-22,wk inc covid hosp,3,2026-09-12,09,quantile,0.85,16.0
2026-08-22,wk inc covid hosp,3,2026-09-12,09,quantile,0.9,17.0
2026-08-22,wk inc covid hosp,3,2026-09-12,09,quantile,0.95,19.0
2026-08-22,wk inc covid hosp,3,2026-09-12,09,quantile,0.975,25.0
2026-08-22,wk inc covid hosp,3,2026-09-12,09,quantile,0.99,40.0
2026-08-22,wk inc covid hosp,3,2026-09-12,10,quantile,0.01,0.0
2026-08-22,wk inc covid hosp,3,2026-09-12,10,quantile,0.025,1.0
2026-08-22,wk inc covid hosp,3,2026-09-12,10,quantile,0.05,1.0
2026-08-22,wk inc covid hosp,3,2026-09-12,10,quantile,0.1,1.0
2026-08-22,wk inc covid hosp,3,2026-09-12,10,quantile,0.15,1.0
2026-08-22,wk inc covid hosp,3,2026-09-12,10,quantile,0.2,2.0
2026-08-22,wk inc covid hosp,3,2026-09-12,10,quantile,0.25,2.0
2026-08-22,wk inc covid hosp,3,2026-09-12,10,quantile,0.3,3.0
2026-08-22,wk inc covid hosp,3,2026-09-12,10,quantile,0.35,3.0
2026-08-22,wk inc covid hosp,3,2026-09-12,10,quantile,0.4,3.0
2026-08-22,wk inc covid hosp,3,2026-09-12,10,quantile,0.45,3.0
2026-08-22,wk inc covid hosp,3,2026-09-12,10,quantile,0.5,3.0
2026-08-22,wk inc covid hosp,3,2026-09-12,10,quantile,0.55,3.0
2026-08-22,wk inc covid hosp,3,2026-09-12,10,quantile,0.6,3.0
2026-08-22,wk inc covid hosp,3,2026-09-12,10,quantile,0.65,3.0
2026-08-22,wk inc covid hosp,3,2026-09-12,10,quantile,0.7,3.0
2026-08-22,wk inc covid hosp,3,2026-09-12,10,quantile,0.75,4.0
2026-08-22,wk inc covid hosp,3,2026-09-12,10,quantile,0.8,4.0
2026-08-22,wk inc covid hosp,3,2026-09-12,10,quantile,0.85,5.0
2026-08-22,wk inc covid hosp,3,2026-09-12,10,quantile,0.9,5.0
2026-08-22,wk inc covid hosp,3,2026-09-12,10,quantile,0.95,5.0
2026-08-22,wk inc covid hosp,3,2026-09-12,10,quantile,0.975,7.0
2026-08-22,wk inc covid hosp,3,2026-09-12,10,quantile,0.99,11.0
2026-08-22,wk inc covid hosp,3,2026-09-12,11,quantile,0.01,2.0
2026-08-22,wk inc covid hosp,3,2026-09-12,11,quantile,0.025,2.0
2026-08-22,wk inc covid hosp,3,2026-09-12,11,quantile,0.05,2.0
2026-08-22,wk inc covid hosp,3,2026-09-12,11,quantile,0.1,3.0
2026-08-22,wk inc covid hosp,3,2026-09-12,11,quantile,0.15,4.0
2026-08-22,wk inc covid hosp,3,2026-09-12,11,quantile,0.2,4.0
2026-08-22,wk inc covid hosp,3,2026-09-12,11,quantile,0.25,4.0
2026-08-22,wk inc covid hosp,3,2026-09-12,11,quantile,0.3,5.0
2026-08-22,wk inc covid hosp,3,2026-09-12,11,quantile,0.35,5.0
2026-08-22,wk inc covid hosp,3,2026-09-12,11,quantile,0.4,5.0
2026-08-22,wk inc covid hosp,3,2026-09-12,11,quantile,0.45,5.0
2026-08-22,wk inc covid hosp,3,2026-09-12,11,quantile,0.5,6.0
2026-08-22,wk inc covid hosp,3,2026-09-12,11,quantile,0.55,6.0
2026-08-22,wk inc covid hosp,3,2026-09-12,11,quantile,0.6,6.0
2026-08-22,wk inc covid hosp,3,2026-09-12,11,quantile,0.65,7.0
2026-08-22,wk inc covid hosp,3,2026-09-12,11,quantile,0.7,7.0
2026-08-22,wk inc covid hosp,3,2026-09-12,11,quantile,0.75,8.0
2026-08-22,wk inc covid hosp,3,2026-09-12,11,quantile,0.8,8.0
2026-08-22,wk inc covid hosp,3,2026-09-12,11,quantile,0.85,9.0
2026-08-22,wk inc covid hosp,3,2026-09-12,11,quantile,0.9,10.0
2026-08-22,wk inc covid hosp,3,2026-09-12,11,quantile,0.95,11.0
2026-08-22,wk inc covid hosp,3,2026-09-12,11,quantile,0.975,12.0
2026-08-22,wk inc covid hosp,3,2026-09-12,11,quantile,0.99,15.0
2026-08-22,wk inc covid hosp,3,2026-09-12,12,quantile,0.01,139.0
2026-08-22,wk inc covid hosp,3,2026-09-12,12,quantile,0.025,139.0
2026-08-22,wk inc covid hosp,3,2026-09-12,12,quantile,0.05,171.0
2026-08-22,wk inc covid hosp,3,2026-09-12,12,quantile,0.1,214.0
2026-08-22,wk inc covid hosp,3,2026-09-12,12,quantile,0.15,238.0
2026-08-22,wk inc covid hosp,3,2026-09-12,12,quantile,0.2,277.0
2026-08-22,wk inc covid hosp,3,2026-09-12,12,quantile,0.25,284.0
2026-08-22,wk inc covid hosp,3,2026-09-12,12,quantile,0.3,285.0
2026-08-22,wk inc covid hosp,3,2026-09-12,12,quantile,0.35,303.0
2026-08-22,wk inc covid hosp,3,2026-09-12,12,quantile,0.4,317.0
2026-08-22,wk inc covid hosp,3,2026-09-12,12,quantile,0.45,330.0
2026-08-22,wk inc covid hosp,3,2026-09-12,12,quantile,0.5,344.0
2026-08-22,wk inc covid hosp,3,2026-09-12,12,quantile,0.55,360.0
2026-08-22,wk inc covid hosp,3,2026-09-12,12,quantile,0.6,373.0
2026-08-22,wk inc covid hosp,3,2026-09-12,12,quantile,0.65,373.0
2026-08-22,wk inc covid hosp,3,2026-09-12,12,quantile,0.7,377.0
2026-08-22,wk inc covid hosp,3,2026-09-12,12,quantile,0.75,377.0
2026-08-22,wk inc covid hosp,3,2026-09-12,12,quantile,0.8,386.0
2026-08-22,wk inc covid hosp,3,2026-09-12,12,quantile,0.85,402.0
2026-08-22,wk inc covid hosp,3,2026-09-12,12,quantile,0.9,442.0
2026-08-22,wk inc covid hosp,3,2026-09-12,12,quantile,0.95,467.0
2026-08-22,wk inc covid hosp,3,2026-09-12,12,quantile,0.975,493.0
2026-08-22,wk inc covid hosp,3,2026-09-12,12,quantile,0.99,536.0
2026-08-22,wk inc covid hosp,3,2026-09-12,13,quantile,0.01,38.0
2026-08-22,wk inc covid hosp,3,2026-09-12,13,quantile,0.025,43.0
2026-08-22,wk inc covid hosp,3,2026-09-12,13,quantile,0.05,55.0
2026-08-22,wk inc covid hosp,3,2026-09-12,13,quantile,0.1,70.0
2026-08-22,wk inc covid hosp,3,2026-09-12,13,quantile,0.15,74.0
2026-08-22,wk inc covid hosp,3,2026-09-12,13,quantile,0.2,81.0
2026-08-22,wk inc covid hosp,3,2026-09-12,13,quantile,0.25,81.0
2026-08-22,wk inc covid hosp,3,2026-09-12,13,quantile,0.3,87.0
2026-08-22,wk inc covid hosp,3,2026-09-12,13,quantile,0.35,91.0
2026-08-22,wk inc covid hosp,3,2026-09-12,13,quantile,0.4,94.0
2026-08-22,wk inc covid hosp,3,2026-09-12,13,quantile,0.45,101.0
2026-08-22,wk inc covid hosp,3,2026-09-12,13,quantile,0.5,101.0
2026-08-22,wk inc covid hosp,3,2026-09-12,13,quantile,0.55,110.0
2026-08-22,wk inc covid hosp,3,2026-09-12,13,quantile,0.6,112.0
2026-08-22,wk inc covid hosp,3,2026-09-12,13,quantile,0.65,118.0
2026-08-22,wk inc covid hosp,3,2026-09-12,13,quantile,0.7,118.0
2026-08-22,wk inc covid hosp,3,2026-09-12,13,quantile,0.75,122.0
2026-08-22,wk inc covid hosp,3,2026-09-12,13,quantile,0.8,133.0
2026-08-22,wk inc covid hosp,3,2026-09-12,13,quantile,0.85,133.0
2026-08-22,wk inc covid hosp,3,2026-09-12,13,quantile,0.9,134.0
2026-08-22,wk inc covid hosp,3,2026-09-12,13,quantile,0.95,144.0
2026-08-22,wk inc covid hosp,3,2026-09-12,13,quantile,0.975,148.0
2026-08-22,wk inc covid hosp,3,2026-09-12,13,quantile,0.99,189.0
2026-08-22,wk inc covid hosp,3,2026-09-12,15,quantile,0.01,6.0
2026-08-22,wk inc covid hosp,3,2026-09-12,15,quantile,0.025,6.0
2026-08-22,wk inc covid hosp,3,2026-09-12,15,quantile,0.05,7.0
2026-08-22,wk inc covid hosp,3,2026-09-12,15,quantile,0.1,10.0
2026-08-22,wk inc covid hosp,3,2026-09-12,15,quantile,0.15,10.0
2026-08-22,wk inc covid hosp,3,2026-09-12,15,quantile,0.2,13.0
2026-08-22,wk inc covid hosp,3,2026-09-12,15,quantile,0.25,15.0
2026-08-22,wk inc covid hosp,3,2026-09-12,15,quantile,0.3,15.0
2026-08-22,wk inc covid hosp,3,2026-09-12,15,quantile,0.35,17.0
2026-08-22,wk inc covid hosp,3,2026-09-12,15,quantile,0.4,18.0
2026-08-22,wk inc covid hosp,3,2026-09-12,15,quantile,0.45,19.0
2026-08-22,wk inc covid hosp,3,2026-09-12,15,quantile,0.5,19.0
2026-08-22,wk inc covid hosp,3,2026-09-12,15,quantile,0.55,20.0
2026-08-22,wk inc covid hosp,3,2026-09-12,15,quantile,0.6,21.0
2026-08-22,wk inc covid hosp,3,2026-09-12,15,quantile,0.65,22.0
2026-08-22,wk inc covid hosp,3,2026-09-12,15,quantile,0.7,24.0
2026-08-22,wk inc covid hosp,3,2026-09-12,15,quantile,0.75,25.0
2026-08-22,wk inc covid hosp,3,2026-09-12,15,quantile,0.8,26.0
2026-08-22,wk inc covid hosp,3,2026-09-12,15,quantile,0.85,28.0
2026-08-22,wk inc covid hosp,3,2026-09-12,15,quantile,0.9,29.0
2026-08-22,wk inc covid hosp,3,2026-09-12,15,quantile,0.95,32.0
2026-08-22,wk inc covid hosp,3,2026-09-12,15,quantile,0.975,33.0
2026-08-22,wk inc covid hosp,3,2026-09-12,15,quantile,0.99,37.0
2026-08-22,wk inc covid hosp,3,2026-09-12,16,quantile,0.01,1.0
2026-08-22,wk inc covid hosp,3,2026-09-12,16,quantile,0.025,2.0
2026-08-22,wk inc covid hosp,3,2026-09-12,16,quantile,0.05,2.0
2026-08-22,wk inc covid hosp,3,2026-09-12,16,quantile,0.1,2.0
2026-08-22,wk inc covid hosp,3,2026-09-12,16,quantile,0.15,3.0
2026-08-22,wk inc covid hosp,3,2026-09-12,16,quantile,0.2,4.0
2026-08-22,wk inc covid hosp,3,2026-09-12,16,quantile,0.25,4.0
2026-08-22,wk inc covid hosp,3,2026-09-12,16,quantile,0.3,4.0
2026-08-22,wk inc covid hosp,3,2026-09-12,16,quantile,0.35,4.0
2026-08-22,wk inc covid hosp,3,2026-09-12,16,quantile,0.4,4.0
2026-08-22,wk inc covid hosp,3,2026-09-12,16,quantile,0.45,4.0
2026-08-22,wk inc covid hosp,3,2026-09-12,16,quantile,0.5,5.0
2026-08-22,wk inc covid hosp,3,2026-09-12,16,quantile,0.55,5.0
2026-08-22,wk inc covid hosp,3,2026-09-12,16,quantile,0.6,5.0
2026-08-22,wk inc covid hosp,3,2026-09-12,16,quantile,0.65,5.0
2026-08-22,wk inc covid hosp,3,2026-09-12,16,quantile,0.7,6.0
2026-08-22,wk inc covid hosp,3,2026-09-12,16,quantile,0.75,6.0
2026-08-22,wk inc covid hosp,3,2026-09-12,16,quantile,0.8,6.0
2026-08-22,wk inc covid hosp,3,2026-09-12,16,quantile,0.85,7.0
2026-08-22,wk inc covid hosp,3,2026-09-12,16,quantile,0.9,8.0
2026-08-22,wk inc covid hosp,3,2026-09-12,16,quantile,0.95,9.0
2026-08-22,wk inc covid hosp,3,2026-09-12,16,quantile,0.975,11.0
2026-08-22,wk inc covid hosp,3,2026-09-12,16,quantile,0.99,19.0
2026-08-22,wk inc covid hosp,3,2026-09-12,17,quantile,0.01,24.0
2026-08-22,wk inc covid hosp,3,2026-09-12,17,quantile,0.025,29.0
2026-08-22,wk inc covid hosp,3,2026-09-12,17,quantile,0.05,29.0
2026-08-22,wk inc covid hosp,3,2026-09-12,17,quantile,0.1,40.0
2026-08-22,wk inc covid hosp,3,2026-09-12,17,quantile,0.15,43.0
2026-08-22,wk inc covid hosp,3,2026-09-12,17,quantile,0.2,49.0
2026-08-22,wk inc covid hosp,3,2026-09-12,17,quantile,0.25,51.0
2026-08-22,wk inc covid hosp,3,2026-09-12,17,quantile,0.3,56.0
2026-08-22,wk inc covid hosp,3,2026-09-12,17,quantile,0.35,58.0
2026-08-22,wk inc covid hosp,3,2026-09-12,17,quantile,0.4,61.0
2026-08-22,wk inc covid hosp,3,2026-09-12,17,quantile,0.45,61.0
2026-08-22,wk inc covid hosp,3,2026-09-12,17,quantile,0.5,61.0
2026-08-22,wk inc covid hosp,3,2026-09-12,17,quantile,0.55,61.0
2026-08-22,wk inc covid hosp,3,2026-09-12,17,quantile,0.6,61.0
2026-08-22,wk inc covid hosp,3,2026-09-12,17,quantile,0.65,61.0
2026-08-22,wk inc covid hosp,3,2026-09-12,17,quantile,0.7,65.0
2026-08-22,wk inc covid hosp,3,2026-09-12,17,quantile,0.75,70.0
2026-08-22,wk inc covid hosp,3,2026-09-12,17,quantile,0.8,78.0
2026-08-22,wk inc covid hosp,3,2026-09-12,17,quantile,0.85,78.0
2026-08-22,wk inc covid hosp,3,2026-09-12,17,quantile,0.9,86.0
2026-08-22,wk inc covid hosp,3,2026-09-12,17,quantile,0.95,100.0
2026-08-22,wk inc covid hosp,3,2026-09-12,17,quantile,0.975,116.0
2026-08-22,wk inc covid hosp,3,2026-09-12,17,quantile,0.99,146.0
2026-08-22,wk inc covid hosp,3,2026-09-12,18,quantile,0.01,12.0
2026-08-22,wk inc covid hosp,3,2026-09-12,18,quantile,0.025,14.0
2026-08-22,wk inc covid hosp,3,2026-09-12,18,quantile,0.05,14.0
2026-08-22,wk inc covid hosp,3,2026-09-12,18,quantile,0.1,17.0
2026-08-22,wk inc covid hosp,3,2026-09-12,18,quantile,0.15,20.0
2026-08-22,wk inc covid hosp,3,2026-09-12,18,quantile,0.2,23.0
2026-08-22,wk inc covid hosp,3,2026-09-12,18,quantile,0.25,23.0
2026-08-22,wk inc covid hosp,3,2026-09-12,18,quantile,0.3,27.0
2026-08-22,wk inc covid hosp,3,2026-09-12,18,quantile,0.35,29.0
2026-08-22,wk inc covid hosp,3,2026-09-12,18,quantile,0.4,30.0
2026-08-22,wk inc covid hosp,3,2026-09-12,18,quantile,0.45,30.0
2026-08-22,wk inc covid hosp,3,2026-09-12,18,quantile,0.5,30.0
2026-08-22,wk inc covid hosp,3,2026-09-12,18,quantile,0.55,30.0
2026-08-22,wk inc covid hosp,3,2026-09-12,18,quantile,0.6,30.0
2026-08-22,wk inc covid hosp,3,2026-09-12,18,quantile,0.65,31.0
2026-08-22,wk inc covid hosp,3,2026-09-12,18,quantile,0.7,36.0
2026-08-22,wk inc covid hosp,3,2026-09-12,18,quantile,0.75,37.0
2026-08-22,wk inc covid hosp,3,2026-09-12,18,quantile,0.8,42.0
2026-08-22,wk inc covid hosp,3,2026-09-12,18,quantile,0.85,42.0
2026-08-22,wk inc covid hosp,3,2026-09-12,18,quantile,0.9,46.0
2026-08-22,wk inc covid hosp,3,2026-09-12,18,quantile,0.95,52.0
2026-08-22,wk inc covid hosp,3,2026-09-12,18,quantile,0.975,61.0
2026-08-22,wk inc covid hosp,3,2026-09-12,18,quantile,0.99,77.0
2026-08-22,wk inc covid hosp,3,2026-09-12,19,quantile,0.01,2.0
2026-08-22,wk inc covid hosp,3,2026-09-12,19,quantile,0.025,3.0
2026-08-22,wk inc covid hosp,3,2026-09-12,19,quantile,0.05,4.0
2026-08-22,wk inc covid hosp,3,2026-09-12,19,quantile,0.1,5.0
2026-08-22,wk inc covid hosp,3,2026-09-12,19,quantile,0.15,6.0
2026-08-22,wk inc covid hosp,3,2026-09-12,19,quantile,0.2,7.0
2026-08-22,wk inc covid hosp,3,2026-09-12,19,quantile,0.25,7.0
2026-08-22,wk inc covid hosp,3,2026-09-12,19,quantile,0.3,8.0
2026-08-22,wk inc covid hosp,3,2026-09-12,19,quantile,0.35,8.0
2026-08-22,wk inc covid hosp,3,2026-09-12,19,quantile,0.4,9.0
2026-08-22,wk inc covid hosp,3,2026-09-12,19,quantile,0.45,9.0
2026-08-22,wk inc covid hosp,3,2026-09-12,19,quantile,0.5,9.0
2026-08-22,wk inc covid hosp,3,2026-09-12,19,quantile,0.55,9.0
2026-08-22,wk inc covid hosp,3,2026-09-12,19,quantile,0.6,9.0
2026-08-22,wk inc covid hosp,3,2026-09-12,19,quantile,0.65,9.0
2026-08-22,wk inc covid hosp,3,2026-09-12,19,quantile,0.7,10.0
2026-08-22,wk inc covid hosp,3,2026-09-12,19,quantile,0.75,10.0
2026-08-22,wk inc covid hosp,3,2026-09-12,19,quantile,0.8,12.0
2026-08-22,wk inc covid hosp,3,2026-09-12,19,quantile,0.85,13.0
2026-08-22,wk inc covid hosp,3,2026-09-12,19,quantile,0.9,14.0
2026-08-22,wk inc covid hosp,3,2026-09-12,19,quantile,0.95,16.0
2026-08-22,wk inc covid hosp,3,2026-09-12,19,quantile,0.975,19.0
2026-08-22,wk inc covid hosp,3,2026-09-12,19,quantile,0.99,29.0
2026-08-22,wk inc covid hosp,3,2026-09-12,20,quantile,0.01,2.0
2026-08-22,wk inc covid hosp,3,2026-09-12,20,quantile,0.025,4.0
2026-08-22,wk inc covid hosp,3,2026-09-12,20,quantile,0.05,4.0
2026-08-22,wk inc covid hosp,3,2026-09-12,20,quantile,0.1,5.0
2026-08-22,wk inc covid hosp,3,2026-09-12,20,quantile,0.15,5.0
2026-08-22,wk inc covid hosp,3,2026-09-12,20,quantile,0.2,7.0
2026-08-22,wk inc covid hosp,3,2026-09-12,20,quantile,0.25,7.0
2026-08-22,wk inc covid hosp,3,2026-09-12,20,quantile,0.3,8.0
2026-08-22,wk inc covid hosp,3,2026-09-12,20,quantile,0.35,8.0
2026-08-22,wk inc covid hosp,3,2026-09-12,20,quantile,0.4,8.0
2026-08-22,wk inc covid hosp,3,2026-09-12,20,quantile,0.45,9.0
2026-08-22,wk inc covid hosp,3,2026-09-12,20,quantile,0.5,9.0
2026-08-22,wk inc covid hosp,3,2026-09-12,20,quantile,0.55,9.0
2026-08-22,wk inc covid hosp,3,2026-09-12,20,quantile,0.6,10.0
2026-08-22,wk inc covid hosp,3,2026-09-12,20,quantile,0.65,10.0
2026-08-22,wk inc covid hosp,3,2026-09-12,20,quantile,0.7,11.0
2026-08-22,wk inc covid hosp,3,2026-09-12,20,quantile,0.75,11.0
2026-08-22,wk inc covid hosp,3,2026-09-12,20,quantile,0.8,12.0
2026-08-22,wk inc covid hosp,3,2026-09-12,20,quantile,0.85,12.0
2026-08-22,wk inc covid hosp,3,2026-09-12,20,quantile,0.9,15.0
2026-08-22,wk inc covid hosp,3,2026-09-12,20,quantile,0.95,16.0
2026-08-22,wk inc covid hosp,3,2026-09-12,20,quantile,0.975,21.0
2026-08-22,wk inc covid hosp,3,2026-09-12,20,quantile,0.99,32.0
2026-08-22,wk inc covid hosp,3,2026-09-12,21,quantile,0.01,9.0
2026-08-22,wk inc covid hosp,3,2026-09-12,21,quantile,0.025,11.0
2026-08-22,wk inc covid hosp,3,2026-09-12,21,quantile,0.05,12.0
2026-08-22,wk inc covid hosp,3,2026-09-12,21,quantile,0.1,14.0
2026-08-22,wk inc covid hosp,3,2026-09-12,21,quantile,0.15,16.0
2026-08-22,wk inc covid hosp,3,2026-09-12,21,quantile,0.2,18.0
2026-08-22,wk inc covid hosp,3,2026-09-12,21,quantile,0.25,20.0
2026-08-22,wk inc covid hosp,3,2026-09-12,21,quantile,0.3,21.0
2026-08-22,wk inc covid hosp,3,2026-09-12,21,quantile,0.35,23.0
2026-08-22,wk inc covid hosp,3,2026-09-12,21,quantile,0.4,23.0
2026-08-22,wk inc covid hosp,3,2026-09-12,21,quantile,0.45,23.0
2026-08-22,wk inc covid hosp,3,2026-09-12,21,quantile,0.5,23.0
2026-08-22,wk inc covid hosp,3,2026-09-12,21,quantile,0.55,24.0
2026-08-22,wk inc covid hosp,3,2026-09-12,21,quantile,0.6,24.0
2026-08-22,wk inc covid hosp,3,2026-09-12,21,quantile,0.65,24.0
2026-08-22,wk inc covid hosp,3,2026-09-12,21,quantile,0.7,26.0
2026-08-22,wk inc covid hosp,3,2026-09-12,21,quantile,0.75,28.0
2026-08-22,wk inc covid hosp,3,2026-09-12,21,quantile,0.8,30.0
2026-08-22,wk inc covid hosp,3,2026-09-12,21,quantile,0.85,30.0
2026-08-22,wk inc covid hosp,3,2026-09-12,21,quantile,0.9,32.0
2026-08-22,wk inc covid hosp,3,2026-09-12,21,quantile,0.95,36.0
2026-08-22,wk inc covid hosp,3,2026-09-12,21,quantile,0.975,40.0
2026-08-22,wk inc covid hosp,3,2026-09-12,21,quantile,0.99,50.0
2026-08-22,wk inc covid hosp,3,2026-09-12,22,quantile,0.01,27.0
2026-08-22,wk inc covid hosp,3,2026-09-12,22,quantile,0.025,27.0
2026-08-22,wk inc covid hosp,3,2026-09-12,22,quantile,0.05,33.0
2026-08-22,wk inc covid hosp,3,2026-09-12,22,quantile,0.1,38.0
2026-08-22,wk inc covid hosp,3,2026-09-12,22,quantile,0.15,44.0
2026-08-22,wk inc covid hosp,3,2026-09-12,22,quantile,0.2,50.0
2026-08-22,wk inc covid hosp,3,2026-09-12,22,quantile,0.25,53.0
2026-08-22,wk inc covid hosp,3,2026-09-12,22,quantile,0.3,55.0
2026-08-22,wk inc covid hosp,3,2026-09-12,22,quantile,0.35,61.0
2026-08-22,wk inc covid hosp,3,2026-09-12,22,quantile,0.4,61.0
2026-08-22,wk inc covid hosp,3,2026-09-12,22,quantile,0.45,62.0
2026-08-22,wk inc covid hosp,3,2026-09-12,22,quantile,0.5,62.0
2026-08-22,wk inc covid hosp,3,2026-09-12,22,quantile,0.55,63.0
2026-08-22,wk inc covid hosp,3,2026-09-12,22,quantile,0.6,63.0
2026-08-22,wk inc covid hosp,3,2026-09-12,22,quantile,0.65,67.0
2026-08-22,wk inc covid hosp,3,2026-09-12,22,quantile,0.7,70.0
2026-08-22,wk inc covid hosp,3,2026-09-12,22,quantile,0.75,74.0
2026-08-22,wk inc covid hosp,3,2026-09-12,22,quantile,0.8,74.0
2026-08-22,wk inc covid hosp,3,2026-09-12,22,quantile,0.85,78.0
2026-08-22,wk inc covid hosp,3,2026-09-12,22,quantile,0.9,82.0
2026-08-22,wk inc covid hosp,3,2026-09-12,22,quantile,0.95,89.0
2026-08-22,wk inc covid hosp,3,2026-09-12,22,quantile,0.975,93.0
2026-08-22,wk inc covid hosp,3,2026-09-12,22,quantile,0.99,96.0
2026-08-22,wk inc covid hosp,3,2026-09-12,23,quantile,0.01,0.0
2026-08-22,wk inc covid hosp,3,2026-09-12,23,quantile,0.025,1.0
2026-08-22,wk inc covid hosp,3,2026-09-12,23,quantile,0.05,1.0
2026-08-22,wk inc covid hosp,3,2026-09-12,23,quantile,0.1,1.0
2026-08-22,wk inc covid hosp,3,2026-09-12,23,quantile,0.15,2.0
2026-08-22,wk inc covid hosp,3,2026-09-12,23,quantile,0.2,2.0
2026-08-22,wk inc covid hosp,3,2026-09-12,23,quantile,0.25,2.0
2026-08-22,wk inc covid hosp,3,2026-09-12,23,quantile,0.3,2.0
2026-08-22,wk inc covid hosp,3,2026-09-12,23,quantile,0.35,3.0
2026-08-22,wk inc covid hosp,3,2026-09-12,23,quantile,0.4,3.0
2026-08-22,wk inc covid hosp,3,2026-09-12,23,quantile,0.45,3.0
2026-08-22,wk inc covid hosp,3,2026-09-12,23,quantile,0.5,3.0
2026-08-22,wk inc covid hosp,3,2026-09-12,23,quantile,0.55,3.0
2026-08-22,wk inc covid hosp,3,2026-09-12,23,quantile,0.6,3.0
2026-08-22,wk inc covid hosp,3,2026-09-12,23,quantile,0.65,3.0
2026-08-22,wk inc covid hosp,3,2026-09-12,23,quantile,0.7,4.0
2026-08-22,wk inc covid hosp,3,2026-09-12,23,quantile,0.75,4.0
2026-08-22,wk inc covid hosp,3,2026-09-12,23,quantile,0.8,5.0
2026-08-22,wk inc covid hosp,3,2026-09-12,23,quantile,0.85,5.0
2026-08-22,wk inc covid hosp,3,2026-09-12,23,quantile,0.9,6.0
2026-08-22,wk inc covid hosp,3,2026-09-12,23,quantile,0.95,7.0
2026-08-22,wk inc covid hosp,3,2026-09-12,23,quantile,0.975,9.0
2026-08-22,wk inc covid hosp,3,2026-09-12,23,quantile,0.99,17.0
2026-08-22,wk inc covid hosp,3,2026-09-12,24,quantile,0.01,7.0
2026-08-22,wk inc covid hosp,3,2026-09-12,24,quantile,0.025,8.0
2026-08-22,wk inc covid hosp,3,2026-09-12,24,quantile,0.05,8.0
2026-08-22,wk inc covid hosp,3,2026-09-12,24,quantile,0.1,10.0
2026-08-22,wk inc covid hosp,3,2026-09-12,24,quantile,0.15,13.0
2026-08-22,wk inc covid hosp,3,2026-09-12,24,quantile,0.2,14.0
2026-08-22,wk inc covid hosp,3,2026-09-12,24,quantile,0.25,16.0
2026-08-22,wk inc covid hosp,3,2026-09-12,24,quantile,0.3,16.0
2026-08-22,wk inc covid hosp,3,2026-09-12,24,quantile,0.35,17.0
2026-08-22,wk inc covid hosp,3,2026-09-12,24,quantile,0.4,17.0
2026-08-22,wk inc covid hosp,3,2026-09-12,24,quantile,0.45,18.0
2026-08-22,wk inc covid hosp,3,2026-09-12,24,quantile,0.5,18.0
2026-08-22,wk inc covid hosp,3,2026-09-12,24,quantile,0.55,18.0
2026-08-22,wk inc covid hosp,3,2026-09-12,24,quantile,0.6,18.0
2026-08-22,wk inc covid hosp,3,2026-09-12,24,quantile,0.65,18.0
2026-08-22,wk inc covid hosp,3,2026-09-12,24,quantile,0.7,19.0
2026-08-22,wk inc covid hosp,3,2026-09-12,24,quantile,0.75,21.0
2026-08-22,wk inc covid hosp,3,2026-09-12,24,quantile,0.8,24.0
2026-08-22,wk inc covid hosp,3,2026-09-12,24,quantile,0.85,24.0
2026-08-22,wk inc covid hosp,3,2026-09-12,24,quantile,0.9,27.0
2026-08-22,wk inc covid hosp,3,2026-09-12,24,quantile,0.95,28.0
2026-08-22,wk inc covid hosp,3,2026-09-12,24,quantile,0.975,28.0
2026-08-22,wk inc covid hosp,3,2026-09-12,24,quantile,0.99,52.0
2026-08-22,wk inc covid hosp,3,2026-09-12,25,quantile,0.01,14.0
2026-08-22,wk inc covid hosp,3,2026-09-12,25,quantile,0.025,19.0
2026-08-22,wk inc covid hosp,3,2026-09-12,25,quantile,0.05,20.0
2026-08-22,wk inc covid hosp,3,2026-09-12,25,quantile,0.1,28.0
2026-08-22,wk inc covid hosp,3,2026-09-12,25,quantile,0.15,30.0
2026-08-22,wk inc covid hosp,3,2026-09-12,25,quantile,0.2,34.0
2026-08-22,wk inc covid hosp,3,2026-09-12,25,quantile,0.25,36.0
2026-08-22,wk inc covid hosp,3,2026-09-12,25,quantile,0.3,36.0
2026-08-22,wk inc covid hosp,3,2026-09-12,25,quantile,0.35,37.0
2026-08-22,wk inc covid hosp,3,2026-09-12,25,quantile,0.4,37.0
2026-08-22,wk inc covid hosp,3,2026-09-12,25,quantile,0.45,37.0
2026-08-22,wk inc covid hosp,3,2026-09-12,25,quantile,0.5,37.0
2026-08-22,wk inc covid hosp,3,2026-09-12,25,quantile,0.55,40.0
2026-08-22,wk inc covid hosp,3,2026-09-12,25,quantile,0.6,41.0
2026-08-22,wk inc covid hosp,3,2026-09-12,25,quantile,0.65,46.0
2026-08-22,wk inc covid hosp,3,2026-09-12,25,quantile,0.7,48.0
2026-08-22,wk inc covid hosp,3,2026-09-12,25,quantile,0.75,49.0
2026-08-22,wk inc covid hosp,3,2026-09-12,25,quantile,0.8,54.0
2026-08-22,wk inc covid hosp,3,2026-09-12,25,quantile,0.85,55.0
2026-08-22,wk inc covid hosp,3,2026-09-12,25,quantile,0.9,59.0
2026-08-22,wk inc covid hosp,3,2026-09-12,25,quantile,0.95,64.0
2026-08-22,wk inc covid hosp,3,2026-09-12,25,quantile,0.975,67.0
2026-08-22,wk inc covid hosp,3,2026-09-12,25,quantile,0.99,82.0
2026-08-22,wk inc covid hosp,3,2026-09-12,26,quantile,0.01,12.0
2026-08-22,wk inc covid hosp,3,2026-09-12,26,quantile,0.025,13.0
2026-08-22,wk inc covid hosp,3,2026-09-12,26,quantile,0.05,14.0
2026-08-22,wk inc covid hosp,3,2026-09-12,26,quantile,0.1,19.0
2026-08-22,wk inc covid hosp,3,2026-09-12,26,quantile,0.15,22.0
2026-08-22,wk inc covid hosp,3,2026-09-12,26,quantile,0.2,26.0
2026-08-22,wk inc covid hosp,3,2026-09-12,26,quantile,0.25,28.0
2026-08-22,wk inc covid hosp,3,2026-09-12,26,quantile,0.3,28.0
2026-08-22,wk inc covid hosp,3,2026-09-12,26,quantile,0.35,28.0
2026-08-22,wk inc covid hosp,3,2026-09-12,26,quantile,0.4,28.0
2026-08-22,wk inc covid hosp,3,2026-09-12,26,quantile,0.45,28.0
2026-08-22,wk inc covid hosp,3,2026-09-12,26,quantile,0.5,28.0
2026-08-22,wk inc covid hosp,3,2026-09-12,26,quantile,0.55,28.0
2026-08-22,wk inc covid hosp,3,2026-09-12,26,quantile,0.6,28.0
2026-08-22,wk inc covid hosp,3,2026-09-12,26,quantile,0.65,28.0
2026-08-22,wk inc covid hosp,3,2026-09-12,26,quantile,0.7,30.0
2026-08-22,wk inc covid hosp,3,2026-09-12,26,quantile,0.75,32.0
2026-08-22,wk inc covid hosp,3,2026-09-12,26,quantile,0.8,35.0
2026-08-22,wk inc covid hosp,3,2026-09-12,26,quantile,0.85,38.0
2026-08-22,wk inc covid hosp,3,2026-09-12,26,quantile,0.9,42.0
2026-08-22,wk inc covid hosp,3,2026-09-12,26,quantile,0.95,50.0
2026-08-22,wk inc covid hosp,3,2026-09-12,26,quantile,0.975,50.0
2026-08-22,wk inc covid hosp,3,2026-09-12,26,quantile,0.99,85.0
2026-08-22,wk inc covid hosp,3,2026-09-12,27,quantile,0.01,7.0
2026-08-22,wk inc covid hosp,3,2026-09-12,27,quantile,0.025,8.0
2026-08-22,wk inc covid hosp,3,2026-09-12,27,quantile,0.05,8.0
2026-08-22,wk inc covid hosp,3,2026-09-12,27,quantile,0.1,10.0
2026-08-22,wk inc covid hosp,3,2026-09-12,27,quantile,0.15,12.0
2026-08-22,wk inc covid hosp,3,2026-09-12,27,quantile,0.2,13.0
2026-08-22,wk inc covid hosp,3,2026-09-12,27,quantile,0.25,13.0
2026-08-22,wk inc covid hosp,3,2026-09-12,27,quantile,0.3,13.0
2026-08-22,wk inc covid hosp,3,2026-09-12,27,quantile,0.35,15.0
2026-08-22,wk inc covid hosp,3,2026-09-12,27,quantile,0.4,15.0
2026-08-22,wk inc covid hosp,3,2026-09-12,27,quantile,0.45,15.0
2026-08-22,wk inc covid hosp,3,2026-09-12,27,quantile,0.5,15.0
2026-08-22,wk inc covid hosp,3,2026-09-12,27,quantile,0.55,16.0
2026-08-22,wk inc covid hosp,3,2026-09-12,27,quantile,0.6,16.0
2026-08-22,wk inc covid hosp,3,2026-09-12,27,quantile,0.65,16.0
2026-08-22,wk inc covid hosp,3,2026-09-12,27,quantile,0.7,18.0
2026-08-22,wk inc covid hosp,3,2026-09-12,27,quantile,0.75,18.0
2026-08-22,wk inc covid hosp,3,2026-09-12,27,quantile,0.8,20.0
2026-08-22,wk inc covid hosp,3,2026-09-12,27,quantile,0.85,21.0
2026-08-22,wk inc covid hosp,3,2026-09-12,27,quantile,0.9,26.0
2026-08-22,wk inc covid hosp,3,2026-09-12,27,quantile,0.95,27.0
2026-08-22,wk inc covid hosp,3,2026-09-12,27,quantile,0.975,42.0
2026-08-22,wk inc covid hosp,3,2026-09-12,27,quantile,0.99,72.0
2026-08-22,wk inc covid hosp,3,2026-09-12,28,quantile,0.01,12.0
2026-08-22,wk inc covid hosp,3,2026-09-12,28,quantile,0.025,13.0
2026-08-22,wk inc covid hosp,3,2026-09-12,28,quantile,0.05,17.0
2026-08-22,wk inc covid hosp,3,2026-09-12,28,quantile,0.1,22.0
2026-08-22,wk inc covid hosp,3,2026-09-12,28,quantile,0.15,26.0
2026-08-22,wk inc covid hosp,3,2026-09-12,28,quantile,0.2,31.0
2026-08-22,wk inc covid hosp,3,2026-09-12,28,quantile,0.25,33.0
2026-08-22,wk inc covid hosp,3,2026-09-12,28,quantile,0.3,33.0
2026-08-22,wk inc covid hosp,3,2026-09-12,28,quantile,0.35,38.0
2026-08-22,wk inc covid hosp,3,2026-09-12,28,quantile,0.4,38.0
2026-08-22,wk inc covid hosp,3,2026-09-12,28,quantile,0.45,39.0
2026-08-22,wk inc covid hosp,3,2026-09-12,28,quantile,0.5,39.0
2026-08-22,wk inc covid hosp,3,2026-09-12,28,quantile,0.55,40.0
2026-08-22,wk inc covid hosp,3,2026-09-12,28,quantile,0.6,40.0
2026-08-22,wk inc covid hosp,3,2026-09-12,28,quantile,0.65,43.0
2026-08-22,wk inc covid hosp,3,2026-09-12,28,quantile,0.7,47.0
2026-08-22,wk inc covid hosp,3,2026-09-12,28,quantile,0.75,51.0
2026-08-22,wk inc covid hosp,3,2026-09-12,28,quantile,0.8,51.0
2026-08-22,wk inc covid hosp,3,2026-09-12,28,quantile,0.85,53.0
2026-08-22,wk inc covid hosp,3,2026-09-12,28,quantile,0.9,59.0
2026-08-22,wk inc covid hosp,3,2026-09-12,28,quantile,0.95,63.0
2026-08-22,wk inc covid hosp,3,2026-09-12,28,quantile,0.975,65.0
2026-08-22,wk inc covid hosp,3,2026-09-12,28,quantile,0.99,67.0
2026-08-22,wk inc covid hosp,3,2026-09-12,29,quantile,0.01,11.0
2026-08-22,wk inc covid hosp,3,2026-09-12,29,quantile,0.025,12.0
2026-08-22,wk inc covid hosp,3,2026-09-12,29,quantile,0.05,12.0
2026-08-22,wk inc covid hosp,3,2026-09-12,29,quantile,0.1,16.0
2026-08-22,wk inc covid hosp,3,2026-09-12,29,quantile,0.15,16.0
2026-08-22,wk inc covid hosp,3,2026-09-12,29,quantile,0.2,18.0
2026-08-22,wk inc covid hosp,3,2026-09-12,29,quantile,0.25,21.0
2026-08-22,wk inc covid hosp,3,2026-09-12,29,quantile,0.3,24.0
2026-08-22,wk inc covid hosp,3,2026-09-12,29,quantile,0.35,24.0
2026-08-22,wk inc covid hosp,3,2026-09-12,29,quantile,0.4,24.0
2026-08-22,wk inc covid hosp,3,2026-09-12,29,quantile,0.45,24.0
2026-08-22,wk inc covid hosp,3,2026-09-12,29,quantile,0.5,24.0
2026-08-22,wk inc covid hosp,3,2026-09-12,29,quantile,0.55,24.0
2026-08-22,wk inc covid hosp,3,2026-09-12,29,quantile,0.6,24.0
2026-08-22,wk inc covid hosp,3,2026-09-12,29,quantile,0.65,24.0
2026-08-22,wk inc covid hosp,3,2026-09-12,29,quantile,0.7,26.0
2026-08-22,wk inc covid hosp,3,2026-09-12,29,quantile,0.75,27.0
2026-08-22,wk inc covid hosp,3,2026-09-12,29,quantile,0.8,29.0
2026-08-22,wk inc covid hosp,3,2026-09-12,29,quantile,0.85,29.0
2026-08-22,wk inc covid hosp,3,2026-09-12,29,quantile,0.9,34.0
2026-08-22,wk inc covid hosp,3,2026-09-12,29,quantile,0.95,44.0
2026-08-22,wk inc covid hosp,3,2026-09-12,29,quantile,0.975,53.0
2026-08-22,wk inc covid hosp,3,2026-09-12,29,quantile,0.99,74.0
2026-08-22,wk inc covid hosp,3,2026-09-12,30,quantile,0.01,0.0
2026-08-22,wk inc covid hosp,3,2026-09-12,30,quantile,0.025,1.0
2026-08-22,wk inc covid hosp,3,2026-09-12,30,quantile,0.05,1.0
2026-08-22,wk inc covid hosp,3,2026-09-12,30,quantile,0.1,1.0
2026-08-22,wk inc covid hosp,3,2026-09-12,30,quantile,0.15,1.0
2026-08-22,wk inc covid hosp,3,2026-09-12,30,quantile,0.2,2.0
2026-08-22,wk inc covid hosp,3,2026-09-12,30,quantile,0.25,2.0
2026-08-22,wk inc covid hosp,3,2026-09-12,30,quantile,0.3,3.0
2026-08-22,wk inc covid hosp,3,2026-09-12,30,quantile,0.35,3.0
2026-08-22,wk inc covid hosp,3,2026-09-12,30,quantile,0.4,3.0
2026-08-22,wk inc covid hosp,3,2026-09-12,30,quantile,0.45,3.0
2026-08-22,wk inc covid hosp,3,2026-09-12,30,quantile,0.5,3.0
2026-08-22,wk inc covid hosp,3,2026-09-12,30,quantile,0.55,3.0
2026-08-22,wk inc covid hosp,3,2026-09-12,30,quantile,0.6,3.0
2026-08-22,wk inc covid hosp,3,2026-09-12,30,quantile,0.65,3.0
2026-08-22,wk inc covid hosp,3,2026-09-12,30,quantile,0.7,4.0
2026-08-22,wk inc covid hosp,3,2026-09-12,30,quantile,0.75,4.0
2026-08-22,wk inc covid hosp,3,2026-09-12,30,quantile,0.8,4.0
2026-08-22,wk inc covid hosp,3,2026-09-12,30,quantile,0.85,5.0
2026-08-22,wk inc covid hosp,3,2026-09-12,30,quantile,0.9,5.0
2026-08-22,wk inc covid hosp,3,2026-09-12,30,quantile,0.95,5.0
2026-08-22,wk inc covid hosp,3,2026-09-12,30,quantile,0.975,7.0
2026-08-22,wk inc covid hosp,3,2026-09-12,30,quantile,0.99,12.0
2026-08-22,wk inc covid hosp,3,2026-09-12,31,quantile,0.01,0.0
2026-08-22,wk inc covid hosp,3,2026-09-12,31,quantile,0.025,1.0
2026-08-22,wk inc covid hosp,3,2026-09-12,31,quantile,0.05,1.0
2026-08-22,wk inc covid hosp,3,2026-09-12,31,quantile,0.1,1.0
2026-08-22,wk inc covid hosp,3,2026-09-12,31,quantile,0.15,2.0
2026-08-22,wk inc covid hosp,3,2026-09-12,31,quantile,0.2,3.0
2026-08-22,wk inc covid hosp,3,2026-09-12,31,quantile,0.25,3.0
2026-08-22,wk inc covid hosp,3,2026-09-12,31,quantile,0.3,3.0
2026-08-22,wk inc covid hosp,3,2026-09-12,31,quantile,0.35,3.0
2026-08-22,wk inc covid hosp,3,2026-09-12,31,quantile,0.4,4.0
2026-08-22,wk inc covid hosp,3,2026-09-12,31,quantile,0.45,4.0
2026-08-22,wk inc covid hosp,3,2026-09-12,31,quantile,0.5,4.0
2026-08-22,wk inc covid hosp,3,2026-09-12,31,quantile,0.55,4.0
2026-08-22,wk inc covid hosp,3,2026-09-12,31,quantile,0.6,5.0
2026-08-22,wk inc covid hosp,3,2026-09-12,31,quantile,0.65,5.0
2026-08-22,wk inc covid hosp,3,2026-09-12,31,quantile,0.7,5.0
2026-08-22,wk inc covid hosp,3,2026-09-12,31,quantile,0.75,5.0
2026-08-22,wk inc covid hosp,3,2026-09-12,31,quantile,0.8,6.0
2026-08-22,wk inc covid hosp,3,2026-09-12,31,quantile,0.85,6.0
2026-08-22,wk inc covid hosp,3,2026-09-12,31,quantile,0.9,7.0
2026-08-22,wk inc covid hosp,3,2026-09-12,31,quantile,0.95,9.0
2026-08-22,wk inc covid hosp,3,2026-09-12,31,quantile,0.975,13.0
2026-08-22,wk inc covid hosp,3,2026-09-12,31,quantile,0.99,20.0
2026-08-22,wk inc covid hosp,3,2026-09-12,32,quantile,0.01,8.0
2026-08-22,wk inc covid hosp,3,2026-09-12,32,quantile,0.025,8.0
2026-08-22,wk inc covid hosp,3,2026-09-12,32,quantile,0.05,10.0
2026-08-22,wk inc covid hosp,3,2026-09-12,32,quantile,0.1,16.0
2026-08-22,wk inc covid hosp,3,2026-09-12,32,quantile,0.15,17.0
2026-08-22,wk inc covid hosp,3,2026-09-12,32,quantile,0.2,19.0
2026-08-22,wk inc covid hosp,3,2026-09-12,32,quantile,0.25,19.0
2026-08-22,wk inc covid hosp,3,2026-09-12,32,quantile,0.3,21.0
2026-08-22,wk inc covid hosp,3,2026-09-12,32,quantile,0.35,23.0
2026-08-22,wk inc covid hosp,3,2026-09-12,32,quantile,0.4,23.0
2026-08-22,wk inc covid hosp,3,2026-09-12,32,quantile,0.45,25.0
2026-08-22,wk inc covid hosp,3,2026-09-12,32,quantile,0.5,25.0
2026-08-22,wk inc covid hosp,3,2026-09-12,32,quantile,0.55,27.0
2026-08-22,wk inc covid hosp,3,2026-09-12,32,quantile,0.6,27.0
2026-08-22,wk inc covid hosp,3,2026-09-12,32,quantile,0.65,27.0
2026-08-22,wk inc covid hosp,3,2026-09-12,32,quantile,0.7,28.0
2026-08-22,wk inc covid hosp,3,2026-09-12,32,quantile,0.75,29.0
2026-08-22,wk inc covid hosp,3,2026-09-12,32,quantile,0.8,30.0
2026-08-22,wk inc covid hosp,3,2026-09-12,32,quantile,0.85,32.0
2026-08-22,wk inc covid hosp,3,2026-09-12,32,quantile,0.9,34.0
2026-08-22,wk inc covid hosp,3,2026-09-12,32,quantile,0.95,36.0
2026-08-22,wk inc covid hosp,3,2026-09-12,32,quantile,0.975,37.0
2026-08-22,wk inc covid hosp,3,2026-09-12,32,quantile,0.99,56.0
2026-08-22,wk inc covid hosp,3,2026-09-12,33,quantile,0.01,1.0
2026-08-22,wk inc covid hosp,3,2026-09-12,33,quantile,0.025,2.0
2026-08-22,wk inc covid hosp,3,2026-09-12,33,quantile,0.05,2.0
2026-08-22,wk inc covid hosp,3,2026-09-12,33,quantile,0.1,3.0
2026-08-22,wk inc covid hosp,3,2026-09-12,33,quantile,0.15,4.0
2026-08-22,wk inc covid hosp,3,2026-09-12,33,quantile,0.2,5.0
2026-08-22,wk inc covid hosp,3,2026-09-12,33,quantile,0.25,5.0
2026-08-22,wk inc covid hosp,3,2026-09-12,33,quantile,0.3,5.0
2026-08-22,wk inc covid hosp,3,2026-09-12,33,quantile,0.35,5.0
2026-08-22,wk inc covid hosp,3,2026-09-12,33,quantile,0.4,5.0
2026-08-22,wk inc covid hosp,3,2026-09-12,33,quantile,0.45,5.0
2026-08-22,wk inc covid hosp,3,2026-09-12,33,quantile,0.5,5.0
2026-08-22,wk inc covid hosp,3,2026-09-12,33,quantile,0.55,6.0
2026-08-22,wk inc covid hosp,3,2026-09-12,33,quantile,0.6,6.0
2026-08-22,wk inc covid hosp,3,2026-09-12,33,quantile,0.65,6.0
2026-08-22,wk inc covid hosp,3,2026-09-12,33,quantile,0.7,7.0
2026-08-22,wk inc covid hosp,3,2026-09-12,33,quantile,0.75,8.0
2026-08-22,wk inc covid hosp,3,2026-09-12,33,quantile,0.8,8.0
2026-08-22,wk inc covid hosp,3,2026-09-12,33,quantile,0.85,8.0
2026-08-22,wk inc covid hosp,3,2026-09-12,33,quantile,0.9,9.0
2026-08-22,wk inc covid hosp,3,2026-09-12,33,quantile,0.95,10.0
2026-08-22,wk inc covid hosp,3,2026-09-12,33,quantile,0.975,11.0
2026-08-22,wk inc covid hosp,3,2026-09-12,33,quantile,0.99,15.0
2026-08-22,wk inc covid hosp,3,2026-09-12,34,quantile,0.01,33.0
2026-08-22,wk inc covid hosp,3,2026-09-12,34,quantile,0.025,37.0
2026-08-22,wk inc covid hosp,3,2026-09-12,34,quantile,0.05,47.0
2026-08-22,wk inc covid hosp,3,2026-09-12,34,quantile,0.1,62.0
2026-08-22,wk inc covid hosp,3,2026-09-12,34,quantile,0.15,69.0
2026-08-22,wk inc covid hosp,3,2026-09-12,34,quantile,0.2,73.0
2026-08-22,wk inc covid hosp,3,2026-09-12,34,quantile,0.25,73.0
2026-08-22,wk inc covid hosp,3,2026-09-12,34,quantile,0.3,76.0
2026-08-22,wk inc covid hosp,3,2026-09-12,34,quantile,0.35,76.0
2026-08-22,wk inc covid hosp,3,2026-09-12,34,quantile,0.4,76.0
2026-08-22,wk inc covid hosp,3,2026-09-12,34,quantile,0.45,76.0
2026-08-22,wk inc covid hosp,3,2026-09-12,34,quantile,0.5,76.0
2026-08-22,wk inc covid hosp,3,2026-09-12,34,quantile,0.55,76.0
2026-08-22,wk inc covid hosp,3,2026-09-12,34,quantile,0.6,76.0
2026-08-22,wk inc covid hosp,3,2026-09-12,34,quantile,0.65,81.0
2026-08-22,wk inc covid hosp,3,2026-09-12,34,quantile,0.7,85.0
2026-08-22,wk inc covid hosp,3,2026-09-12,34,quantile,0.75,86.0
2026-08-22,wk inc covid hosp,3,2026-09-12,34,quantile,0.8,90.0
2026-08-22,wk inc covid hosp,3,2026-09-12,34,quantile,0.85,92.0
2026-08-22,wk inc covid hosp,3,2026-09-12,34,quantile,0.9,96.0
2026-08-22,wk inc covid hosp,3,2026-09-12,34,quantile,0.95,103.0
2026-08-22,wk inc covid hosp,3,2026-09-12,34,quantile,0.975,112.0
2026-08-22,wk inc covid hosp,3,2026-09-12,34,quantile,0.99,152.0
2026-08-22,wk inc covid hosp,3,2026-09-12,35,quantile,0.01,2.0
2026-08-22,wk inc covid hosp,3,2026-09-12,35,quantile,0.025,4.0
2026-08-22,wk inc covid hosp,3,2026-09-12,35,quantile,0.05,5.0
2026-08-22,wk inc covid hosp,3,2026-09-12,35,quantile,0.1,7.0
2026-08-22,wk inc covid hosp,3,2026-09-12,35,quantile,0.15,7.0
2026-08-22,wk inc covid hosp,3,2026-09-12,35,quantile,0.2,8.0
2026-08-22,wk inc covid hosp,3,2026-09-12,35,quantile,0.25,8.0
2026-08-22,wk inc covid hosp,3,2026-09-12,35,quantile,0.3,9.0
2026-08-22,wk inc covid hosp,3,2026-09-12,35,quantile,0.35,10.0
2026-08-22,wk inc covid hosp,3,2026-09-12,35,quantile,0.4,10.0
2026-08-22,wk inc covid hosp,3,2026-09-12,35,quantile,0.45,10.0
2026-08-22,wk inc covid hosp,3,2026-09-12,35,quantile,0.5,10.0
2026-08-22,wk inc covid hosp,3,2026-09-12,35,quantile,0.55,11.0
2026-08-22,wk inc covid hosp,3,2026-09-12,35,quantile,0.6,11.0
2026-08-22,wk inc covid hosp,3,2026-09-12,35,quantile,0.65,11.0
2026-08-22,wk inc covid hosp,3,2026-09-12,35,quantile,0.7,11.0
2026-08-22,wk inc covid hosp,3,2026-09-12,35,quantile,0.75,12.0
2026-08-22,wk inc covid hosp,3,2026-09-12,35,quantile,0.8,13.0
2026-08-22,wk inc covid hosp,3,2026-09-12,35,quantile,0.85,14.0
2026-08-22,wk inc covid hosp,3,2026-09-12,35,quantile,0.9,15.0
2026-08-22,wk inc covid hosp,3,2026-09-12,35,quantile,0.95,15.0
2026-08-22,wk inc covid hosp,3,2026-09-12,35,quantile,0.975,18.0
2026-08-22,wk inc covid hosp,3,2026-09-12,35,quantile,0.99,23.0
2026-08-22,wk inc covid hosp,3,2026-09-12,36,quantile,0.01,71.0
2026-08-22,wk inc covid hosp,3,2026-09-12,36,quantile,0.025,75.0
2026-08-22,wk inc covid hosp,3,2026-09-12,36,quantile,0.05,92.0
2026-08-22,wk inc covid hosp,3,2026-09-12,36,quantile,0.1,124.0
2026-08-22,wk inc covid hosp,3,2026-09-12,36,quantile,0.15,138.0
2026-08-22,wk inc covid hosp,3,2026-09-12,36,quantile,0.2,150.0
2026-08-22,wk inc covid hosp,3,2026-09-12,36,quantile,0.25,150.0
2026-08-22,wk inc covid hosp,3,2026-09-12,36,quantile,0.3,157.0
2026-08-22,wk inc covid hosp,3,2026-09-12,36,quantile,0.35,157.0
2026-08-22,wk inc covid hosp,3,2026-09-12,36,quantile,0.4,161.0
2026-08-22,wk inc covid hosp,3,2026-09-12,36,quantile,0.45,164.0
2026-08-22,wk inc covid hosp,3,2026-09-12,36,quantile,0.5,164.0
2026-08-22,wk inc covid hosp,3,2026-09-12,36,quantile,0.55,181.0
2026-08-22,wk inc covid hosp,3,2026-09-12,36,quantile,0.6,181.0
2026-08-22,wk inc covid hosp,3,2026-09-12,36,quantile,0.65,182.0
2026-08-22,wk inc covid hosp,3,2026-09-12,36,quantile,0.7,191.0
2026-08-22,wk inc covid hosp,3,2026-09-12,36,quantile,0.75,193.0
2026-08-22,wk inc covid hosp,3,2026-09-12,36,quantile,0.8,201.0
2026-08-22,wk inc covid hosp,3,2026-09-12,36,quantile,0.85,201.0
2026-08-22,wk inc covid hosp,3,2026-09-12,36,quantile,0.9,216.0
2026-08-22,wk inc covid hosp,3,2026-09-12,36,quantile,0.95,236.0
2026-08-22,wk inc covid hosp,3,2026-09-12,36,quantile,0.975,264.0
2026-08-22,wk inc covid hosp,3,2026-09-12,36,quantile,0.99,342.0
2026-08-22,wk inc covid hosp,3,2026-09-12,37,quantile,0.01,45.0
2026-08-22,wk inc covid hosp,3,2026-09-12,37,quantile,0.025,50.0
2026-08-22,wk inc covid hosp,3,2026-09-12,37,quantile,0.05,61.0
2026-08-22,wk inc covid hosp,3,2026-09-12,37,quantile,0.1,73.0
2026-08-22,wk inc covid hosp,3,2026-09-12,37,quantile,0.15,90.0
2026-08-22,wk inc covid hosp,3,2026-09-12,37,quantile,0.2,100.0
2026-08-22,wk inc covid hosp,3,2026-09-12,37,quantile,0.25,109.0
2026-08-22,wk inc covid hosp,3,2026-09-12,37,quantile,0.3,112.0
2026-08-22,wk inc covid hosp,3,2026-09-12,37,quantile,0.35,120.0
2026-08-22,wk inc covid hosp,3,2026-09-12,37,quantile,0.4,122.0
2026-08-22,wk inc covid hosp,3,2026-09-12,37,quantile,0.45,123.0
2026-08-22,wk inc covid hosp,3,2026-09-12,37,quantile,0.5,126.0
2026-08-22,wk inc covid hosp,3,2026-09-12,37,quantile,0.55,127.0
2026-08-22,wk inc covid hosp,3,2026-09-12,37,quantile,0.6,134.0
2026-08-22,wk inc covid hosp,3,2026-09-12,37,quantile,0.65,138.0
2026-08-22,wk inc covid hosp,3,2026-09-12,37,quantile,0.7,140.0
2026-08-22,wk inc covid hosp,3,2026-09-12,37,quantile,0.75,142.0
2026-08-22,wk inc covid hosp,3,2026-09-12,37,quantile,0.8,147.0
2026-08-22,wk inc covid hosp,3,2026-09-12,37,quantile,0.85,150.0
2026-08-22,wk inc covid hosp,3,2026-09-12,37,quantile,0.9,158.0
2026-08-22,wk inc covid hosp,3,2026-09-12,37,quantile,0.95,162.0
2026-08-22,wk inc covid hosp,3,2026-09-12,37,quantile,0.975,162.0
2026-08-22,wk inc covid hosp,3,2026-09-12,37,quantile,0.99,192.0
2026-08-22,wk inc covid hosp,3,2026-09-12,38,quantile,0.01,0.0
2026-08-22,wk inc covid hosp,3,2026-09-12,38,quantile,0.025,0.0
2026-08-22,wk inc covid hosp,3,2026-09-12,38,quantile,0.05,0.0
2026-08-22,wk inc covid hosp,3,2026-09-12,38,quantile,0.1,0.0
2026-08-22,wk inc covid hosp,3,2026-09-12,38,quantile,0.15,0.0
2026-08-22,wk inc covid hosp,3,2026-09-12,38,quantile,0.2,0.0
2026-08-22,wk inc covid hosp,3,2026-09-12,38,quantile,0.25,0.0
2026-08-22,wk inc covid hosp,3,2026-09-12,38,quantile,0.3,0.0
2026-08-22,wk inc covid hosp,3,2026-09-12,38,quantile,0.35,1.0
2026-08-22,wk inc covid hosp,3,2026-09-12,38,quantile,0.4,1.0
2026-08-22,wk inc covid hosp,3,2026-09-12,38,quantile,0.45,1.0
2026-08-22,wk inc covid hosp,3,2026-09-12,38,quantile,0.5,1.0
2026-08-22,wk inc covid hosp,3,2026-09-12,38,quantile,0.55,1.0
2026-08-22,wk inc covid hosp,3,2026-09-12,38,quantile,0.6,1.0
2026-08-22,wk inc covid hosp,3,2026-09-12,38,quantile,0.65,1.0
2026-08-22,wk inc covid hosp,3,2026-09-12,38,quantile,0.7,2.0
2026-08-22,wk inc covid hosp,3,2026-09-12,38,quantile,0.75,2.0
2026-08-22,wk inc covid hosp,3,2026-09-12,38,quantile,0.8,2.0
2026-08-22,wk inc covid hosp,3,2026-09-12,38,quantile,0.85,2.0
2026-08-22,wk inc covid hosp,3,2026-09-12,38,quantile,0.9,2.0
2026-08-22,wk inc covid hosp,3,2026-09-12,38,quantile,0.95,3.0
2026-08-22,wk inc covid hosp,3,2026-09-12,38,quantile,0.975,4.0
2026-08-22,wk inc covid hosp,3,2026-09-12,38,quantile,0.99,8.0
2026-08-22,wk inc covid hosp,3,2026-09-12,39,quantile,0.01,23.0
2026-08-22,wk inc covid hosp,3,2026-09-12,39,quantile,0.025,27.0
2026-08-22,wk inc covid hosp,3,2026-09-12,39,quantile,0.05,27.0
2026-08-22,wk inc covid hosp,3,2026-09-12,39,quantile,0.1,38.0
2026-08-22,wk inc covid hosp,3,2026-09-12,39,quantile,0.15,43.0
2026-08-22,wk inc covid hosp,3,2026-09-12,39,quantile,0.2,50.0
2026-08-22,wk inc covid hosp,3,2026-09-12,39,quantile,0.25,54.0
2026-08-22,wk inc covid hosp,3,2026-09-12,39,quantile,0.3,55.0
2026-08-22,wk inc covid hosp,3,2026-09-12,39,quantile,0.35,58.0
2026-08-22,wk inc covid hosp,3,2026-09-12,39,quantile,0.4,58.0
2026-08-22,wk inc covid hosp,3,2026-09-12,39,quantile,0.45,58.0
2026-08-22,wk inc covid hosp,3,2026-09-12,39,quantile,0.5,58.0
2026-08-22,wk inc covid hosp,3,2026-09-12,39,quantile,0.55,58.0
2026-08-22,wk inc covid hosp,3,2026-09-12,39,quantile,0.6,58.0
2026-08-22,wk inc covid hosp,3,2026-09-12,39,quantile,0.65,59.0
2026-08-22,wk inc covid hosp,3,2026-09-12,39,quantile,0.7,68.0
2026-08-22,wk inc covid hosp,3,2026-09-12,39,quantile,0.75,69.0
2026-08-22,wk inc covid hosp,3,2026-09-12,39,quantile,0.8,75.0
2026-08-22,wk inc covid hosp,3,2026-09-12,39,quantile,0.85,75.0
2026-08-22,wk inc covid hosp,3,2026-09-12,39,quantile,0.9,81.0
2026-08-22,wk inc covid hosp,3,2026-09-12,39,quantile,0.95,90.0
2026-08-22,wk inc covid hosp,3,2026-09-12,39,quantile,0.975,105.0
2026-08-22,wk inc covid hosp,3,2026-09-12,39,quantile,0.99,133.0
2026-08-22,wk inc covid hosp,3,2026-09-12,40,quantile,0.01,3.0
2026-08-22,wk inc covid hosp,3,2026-09-12,40,quantile,0.025,4.0
2026-08-22,wk inc covid hosp,3,2026-09-12,40,quantile,0.05,5.0
2026-08-22,wk inc covid hosp,3,2026-09-12,40,quantile,0.1,7.0
2026-08-22,wk inc covid hosp,3,2026-09-12,40,quantile,0.15,7.0
2026-08-22,wk inc covid hosp,3,2026-09-12,40,quantile,0.2,9.0
2026-08-22,wk inc covid hosp,3,2026-09-12,40,quantile,0.25,9.0
2026-08-22,wk inc covid hosp,3,2026-09-12,40,quantile,0.3,9.0
2026-08-22,wk inc covid hosp,3,2026-09-12,40,quantile,0.35,10.0
2026-08-22,wk inc covid hosp,3,2026-09-12,40,quantile,0.4,10.0
2026-08-22,wk inc covid hosp,3,2026-09-12,40,quantile,0.45,10.0
2026-08-22,wk inc covid hosp,3,2026-09-12,40,quantile,0.5,10.0
2026-08-22,wk inc covid hosp,3,2026-09-12,40,quantile,0.55,11.0
2026-08-22,wk inc covid hosp,3,2026-09-12,40,quantile,0.6,11.0
2026-08-22,wk inc covid hosp,3,2026-09-12,40,quantile,0.65,11.0
2026-08-22,wk inc covid hosp,3,2026-09-12,40,quantile,0.7,12.0
2026-08-22,wk inc covid hosp,3,2026-09-12,40,quantile,0.75,13.0
2026-08-22,wk inc covid hosp,3,2026-09-12,40,quantile,0.8,15.0
2026-08-22,wk inc covid hosp,3,2026-09-12,40,quantile,0.85,15.0
2026-08-22,wk inc covid hosp,3,2026-09-12,40,quantile,0.9,17.0
2026-08-22,wk inc covid hosp,3,2026-09-12,40,quantile,0.95,19.0
2026-08-22,wk inc covid hosp,3,2026-09-12,40,quantile,0.975,21.0
2026-08-22,wk inc covid hosp,3,2026-09-12,40,quantile,0.99,34.0
2026-08-22,wk inc covid hosp,3,2026-09-12,41,quantile,0.01,6.0
2026-08-22,wk inc covid hosp,3,2026-09-12,41,quantile,0.025,9.0
2026-08-22,wk inc covid hosp,3,2026-09-12,41,quantile,0.05,9.0
2026-08-22,wk inc covid hosp,3,2026-09-12,41,quantile,0.1,11.0
2026-08-22,wk inc covid hosp,3,2026-09-12,41,quantile,0.15,12.0
2026-08-22,wk inc covid hosp,3,2026-09-12,41,quantile,0.2,14.0
2026-08-22,wk inc covid hosp,3,2026-09-12,41,quantile,0.25,15.0
2026-08-22,wk inc covid hosp,3,2026-09-12,41,quantile,0.3,15.0
2026-08-22,wk inc covid hosp,3,2026-09-12,41,quantile,0.35,16.0
2026-08-22,wk inc covid hosp,3,2026-09-12,41,quantile,0.4,16.0
2026-08-22,wk inc covid hosp,3,2026-09-12,41,quantile,0.45,16.0
2026-08-22,wk inc covid hosp,3,2026-09-12,41,quantile,0.5,18.0
2026-08-22,wk inc covid hosp,3,2026-09-12,41,quantile,0.55,20.0
2026-08-22,wk inc covid hosp,3,2026-09-12,41,quantile,0.6,21.0
2026-08-22,wk inc covid hosp,3,2026-09-12,41,quantile,0.65,23.0
2026-08-22,wk inc covid hosp,3,2026-09-12,41,quantile,0.7,26.0
2026-08-22,wk inc covid hosp,3,2026-09-12,41,quantile,0.75,28.0
2026-08-22,wk inc covid hosp,3,2026-09-12,41,quantile,0.8,30.0
2026-08-22,wk inc covid hosp,3,2026-09-12,41,quantile,0.85,30.0
2026-08-22,wk inc covid hosp,3,2026-09-12,41,quantile,0.9,30.0
2026-08-22,wk inc covid hosp,3,2026-09-12,41,quantile,0.95,36.0
2026-08-22,wk inc covid hosp,3,2026-09-12,41,quantile,0.975,36.0
2026-08-22,wk inc covid hosp,3,2026-09-12,41,quantile,0.99,46.0
2026-08-22,wk inc covid hosp,3,2026-09-12,42,quantile,0.01,45.0
2026-08-22,wk inc covid hosp,3,2026-09-12,42,quantile,0.025,47.0
2026-08-22,wk inc covid hosp,3,2026-09-12,42,quantile,0.05,49.0
2026-08-22,wk inc covid hosp,3,2026-09-12,42,quantile,0.1,65.0
2026-08-22,wk inc covid hosp,3,2026-09-12,42,quantile,0.15,83.0
2026-08-22,wk inc covid hosp,3,2026-09-12,42,quantile,0.2,85.0
2026-08-22,wk inc covid hosp,3,2026-09-12,42,quantile,0.25,85.0
2026-08-22,wk inc covid hosp,3,2026-09-12,42,quantile,0.3,90.0
2026-08-22,wk inc covid hosp,3,2026-09-12,42,quantile,0.35,93.0
2026-08-22,wk inc covid hosp,3,2026-09-12,42,quantile,0.4,94.0
2026-08-22,wk inc covid hosp,3,2026-09-12,42,quantile,0.45,94.0
2026-08-22,wk inc covid hosp,3,2026-09-12,42,quantile,0.5,94.0
2026-08-22,wk inc covid hosp,3,2026-09-12,42,quantile,0.55,96.0
2026-08-22,wk inc covid hosp,3,2026-09-12,42,quantile,0.6,99.0
2026-08-22,wk inc covid hosp,3,2026-09-12,42,quantile,0.65,116.0
2026-08-22,wk inc covid hosp,3,2026-09-12,42,quantile,0.7,118.0
2026-08-22,wk inc covid hosp,3,2026-09-12,42,quantile,0.75,123.0
2026-08-22,wk inc covid hosp,3,2026-09-12,42,quantile,0.8,133.0
2026-08-22,wk inc covid hosp,3,2026-09-12,42,quantile,0.85,135.0
2026-08-22,wk inc covid hosp,3,2026-09-12,42,quantile,0.9,141.0
2026-08-22,wk inc covid hosp,3,2026-09-12,42,quantile,0.95,153.0
2026-08-22,wk inc covid hosp,3,2026-09-12,42,quantile,0.975,162.0
2026-08-22,wk inc covid hosp,3,2026-09-12,42,quantile,0.99,183.0
2026-08-22,wk inc covid hosp,3,2026-09-12,44,quantile,0.01,3.0
2026-08-22,wk inc covid hosp,3,2026-09-12,44,quantile,0.025,3.0
2026-08-22,wk inc covid hosp,3,2026-09-12,44,quantile,0.05,4.0
2026-08-22,wk inc covid hosp,3,2026-09-12,44,quantile,0.1,6.0
2026-08-22,wk inc covid hosp,3,2026-09-12,44,quantile,0.15,7.0
2026-08-22,wk inc covid hosp,3,2026-09-12,44,quantile,0.2,7.0
2026-08-22,wk inc covid hosp,3,2026-09-12,44,quantile,0.25,7.0
2026-08-22,wk inc covid hosp,3,2026-09-12,44,quantile,0.3,8.0
2026-08-22,wk inc covid hosp,3,2026-09-12,44,quantile,0.35,8.0
2026-08-22,wk inc covid hosp,3,2026-09-12,44,quantile,0.4,9.0
2026-08-22,wk inc covid hosp,3,2026-09-12,44,quantile,0.45,9.0
2026-08-22,wk inc covid hosp,3,2026-09-12,44,quantile,0.5,9.0
2026-08-22,wk inc covid hosp,3,2026-09-12,44,quantile,0.55,10.0
2026-08-22,wk inc covid hosp,3,2026-09-12,44,quantile,0.6,11.0
2026-08-22,wk inc covid hosp,3,2026-09-12,44,quantile,0.65,12.0
2026-08-22,wk inc covid hosp,3,2026-09-12,44,quantile,0.7,12.0
2026-08-22,wk inc covid hosp,3,2026-09-12,44,quantile,0.75,13.0
2026-08-22,wk inc covid hosp,3,2026-09-12,44,quantile,0.8,14.0
2026-08-22,wk inc covid hosp,3,2026-09-12,44,quantile,0.85,15.0
2026-08-22,wk inc covid hosp,3,2026-09-12,44,quantile,0.9,15.0
2026-08-22,wk inc covid hosp,3,2026-09-12,44,quantile,0.95,16.0
2026-08-22,wk inc covid hosp,3,2026-09-12,44,quantile,0.975,18.0
2026-08-22,wk inc covid hosp,3,2026-09-12,44,quantile,0.99,23.0
2026-08-22,wk inc covid hosp,3,2026-09-12,45,quantile,0.01,16.0
2026-08-22,wk inc covid hosp,3,2026-09-12,45,quantile,0.025,17.0
2026-08-22,wk inc covid hosp,3,2026-09-12,45,quantile,0.05,20.0
2026-08-22,wk inc covid hosp,3,2026-09-12,45,quantile,0.1,27.0
2026-08-22,wk inc covid hosp,3,2026-09-12,45,quantile,0.15,32.0
2026-08-22,wk inc covid hosp,3,2026-09-12,45,quantile,0.2,34.0
2026-08-22,wk inc covid hosp,3,2026-09-12,45,quantile,0.25,34.0
2026-08-22,wk inc covid hosp,3,2026-09-12,45,quantile,0.3,35.0
2026-08-22,wk inc covid hosp,3,2026-09-12,45,quantile,0.35,38.0
2026-08-22,wk inc covid hosp,3,2026-09-12,45,quantile,0.4,38.0
2026-08-22,wk inc covid hosp,3,2026-09-12,45,quantile,0.45,38.0
2026-08-22,wk inc covid hosp,3,2026-09-12,45,quantile,0.5,38.0
2026-08-22,wk inc covid hosp,3,2026-09-12,45,quantile,0.55,41.0
2026-08-22,wk inc covid hosp,3,2026-09-12,45,quantile,0.6,41.0
2026-08-22,wk inc covid hosp,3,2026-09-12,45,quantile,0.65,46.0
2026-08-22,wk inc covid hosp,3,2026-09-12,45,quantile,0.7,48.0
2026-08-22,wk inc covid hosp,3,2026-09-12,45,quantile,0.75,50.0
2026-08-22,wk inc covid hosp,3,2026-09-12,45,quantile,0.8,53.0
2026-08-22,wk inc covid hosp,3,2026-09-12,45,quantile,0.85,53.0
2026-08-22,wk inc covid hosp,3,2026-09-12,45,quantile,0.9,58.0
2026-08-22,wk inc covid hosp,3,2026-09-12,45,quantile,0.95,62.0
2026-08-22,wk inc covid hosp,3,2026-09-12,45,quantile,0.975,63.0
2026-08-22,wk inc covid hosp,3,2026-09-12,45,quantile,0.99,73.0
2026-08-22,wk inc covid hosp,3,2026-09-12,46,quantile,0.01,0.0
2026-08-22,wk inc covid hosp,3,2026-09-12,46,quantile,0.025,0.0
2026-08-22,wk inc covid hosp,3,2026-09-12,46,quantile,0.05,0.0
2026-08-22,wk inc covid hosp,3,2026-09-12,46,quantile,0.1,0.0
2026-08-22,wk inc covid hosp,3,2026-09-12,46,quantile,0.15,0.0
2026-08-22,wk inc covid hosp,3,2026-09-12,46,quantile,0.2,1.0
2026-08-22,wk inc covid hosp,3,2026-09-12,46,quantile,0.25,1.0
2026-08-22,wk inc covid hosp,3,2026-09-12,46,quantile,0.3,1.0
2026-08-22,wk inc covid hosp,3,2026-09-12,46,quantile,0.35,1.0
2026-08-22,wk inc covid hosp,3,2026-09-12,46,quantile,0.4,1.0
2026-08-22,wk inc covid hosp,3,2026-09-12,46,quantile,0.45,1.0
2026-08-22,wk inc covid hosp,3,2026-09-12,46,quantile,0.5,1.0
2026-08-22,wk inc covid hosp,3,2026-09-12,46,quantile,0.55,1.0
2026-08-22,wk inc covid hosp,3,2026-09-12,46,quantile,0.6,2.0
2026-08-22,wk inc covid hosp,3,2026-09-12,46,quantile,0.65,2.0
2026-08-22,wk inc covid hosp,3,2026-09-12,46,quantile,0.7,2.0
2026-08-22,wk inc covid hosp,3,2026-09-12,46,quantile,0.75,2.0
2026-08-22,wk inc covid hosp,3,2026-09-12,46,quantile,0.8,3.0
2026-08-22,wk inc covid hosp,3,2026-09-12,46,quantile,0.85,3.0
2026-08-22,wk inc covid hosp,3,2026-09-12,46,quantile,0.9,4.0
2026-08-22,wk inc covid hosp,3,2026-09-12,46,quantile,0.95,5.0
2026-08-22,wk inc covid hosp,3,2026-09-12,46,quantile,0.975,6.0
2026-08-22,wk inc covid hosp,3,2026-09-12,46,quantile,0.99,11.0
2026-08-22,wk inc covid hosp,3,2026-09-12,47,quantile,0.01,22.0
2026-08-22,wk inc covid hosp,3,2026-09-12,47,quantile,0.025,24.0
2026-08-22,wk inc covid hosp,3,2026-09-12,47,quantile,0.05,30.0
2026-08-22,wk inc covid hosp,3,2026-09-12,47,quantile,0.1,41.0
2026-08-22,wk inc covid hosp,3,2026-09-12,47,quantile,0.15,47.0
2026-08-22,wk inc covid hosp,3,2026-09-12,47,quantile,0.2,51.0
2026-08-22,wk inc covid hosp,3,2026-09-12,47,quantile,0.25,51.0
2026-08-22,wk inc covid hosp,3,2026-09-12,47,quantile,0.3,56.0
2026-08-22,wk inc covid hosp,3,2026-09-12,47,quantile,0.35,57.0
2026-08-22,wk inc covid hosp,3,2026-09-12,47,quantile,0.4,57.0
2026-08-22,wk inc covid hosp,3,2026-09-12,47,quantile,0.45,57.0
2026-08-22,wk inc covid hosp,3,2026-09-12,47,quantile,0.5,57.0
2026-08-22,wk inc covid hosp,3,2026-09-12,47,quantile,0.55,60.0
2026-08-22,wk inc covid hosp,3,2026-09-12,47,quantile,0.6,60.0
2026-08-22,wk inc covid hosp,3,2026-09-12,47,quantile,0.65,60.0
2026-08-22,wk inc covid hosp,3,2026-09-12,47,quantile,0.7,62.0
2026-08-22,wk inc covid hosp,3,2026-09-12,47,quantile,0.75,63.0
2026-08-22,wk inc covid hosp,3,2026-09-12,47,quantile,0.8,67.0
2026-08-22,wk inc covid hosp,3,2026-09-12,47,quantile,0.85,67.0
2026-08-22,wk inc covid hosp,3,2026-09-12,47,quantile,0.9,74.0
2026-08-22,wk inc covid hosp,3,2026-09-12,47,quantile,0.95,76.0
2026-08-22,wk inc covid hosp,3,2026-09-12,47,quantile,0.975,82.0
2026-08-22,wk inc covid hosp,3,2026-09-12,47,quantile,0.99,115.0
2026-08-22,wk inc covid hosp,3,2026-09-12,48,quantile,0.01,149.0
2026-08-22,wk inc covid hosp,3,2026-09-12,48,quantile,0.025,151.0
2026-08-22,wk inc covid hosp,3,2026-09-12,48,quantile,0.05,207.0
2026-08-22,wk inc covid hosp,3,2026-09-12,48,quantile,0.1,252.0
2026-08-22,wk inc covid hosp,3,2026-09-12,48,quantile,0.15,287.0
2026-08-22,wk inc covid hosp,3,2026-09-12,48,quantile,0.2,319.0
2026-08-22,wk inc covid hosp,3,2026-09-12,48,quantile,0.25,332.0
2026-08-22,wk inc covid hosp,3,2026-09-12,48,quantile,0.3,335.0
2026-08-22,wk inc covid hosp,3,2026-09-12,48,quantile,0.35,360.0
2026-08-22,wk inc covid hosp,3,2026-09-12,48,quantile,0.4,381.0
2026-08-22,wk inc covid hosp,3,2026-09-12,48,quantile,0.45,381.0
2026-08-22,wk inc covid hosp,3,2026-09-12,48,quantile,0.5,395.0
2026-08-22,wk inc covid hosp,3,2026-09-12,48,quantile,0.55,395.0
2026-08-22,wk inc covid hosp,3,2026-09-12,48,quantile,0.6,431.0
2026-08-22,wk inc covid hosp,3,2026-09-12,48,quantile,0.65,431.0
2026-08-22,wk inc covid hosp,3,2026-09-12,48,quantile,0.7,431.0
2026-08-22,wk inc covid hosp,3,2026-09-12,48,quantile,0.75,440.0
2026-08-22,wk inc covid hosp,3,2026-09-12,48,quantile,0.8,460.0
2026-08-22,wk inc covid hosp,3,2026-09-12,48,quantile,0.85,476.0
2026-08-22,wk inc covid hosp,3,2026-09-12,48,quantile,0.9,492.0
2026-08-22,wk inc covid hosp,3,2026-09-12,48,quantile,0.95,551.0
2026-08-22,wk inc covid hosp,3,2026-09-12,48,quantile,0.975,557.0
2026-08-22,wk inc covid hosp,3,2026-09-12,48,quantile,0.99,591.0
2026-08-22,wk inc covid hosp,3,2026-09-12,49,quantile,0.01,2.0
2026-08-22,wk inc covid hosp,3,2026-09-12,49,quantile,0.025,3.0
2026-08-22,wk inc covid hosp,3,2026-09-12,49,quantile,0.05,3.0
2026-08-22,wk inc covid hosp,3,2026-09-12,49,quantile,0.1,4.0
2026-08-22,wk inc covid hosp,3,2026-09-12,49,quantile,0.15,5.0
2026-08-22,wk inc covid hosp,3,2026-09-12,49,quantile,0.2,5.0
2026-08-22,wk inc covid hosp,3,2026-09-12,49,quantile,0.25,6.0
2026-08-22,wk inc covid hosp,3,2026-09-12,49,quantile,0.3,6.0
2026-08-22,wk inc covid hosp,3,2026-09-12,49,quantile,0.35,6.0
2026-08-22,wk inc covid hosp,3,2026-09-12,49,quantile,0.4,6.0
2026-08-22,wk inc covid hosp,3,2026-09-12,49,quantile,0.45,6.0
2026-08-22,wk inc covid hosp,3,2026-09-12,49,quantile,0.5,7.0
2026-08-22,wk inc covid hosp,3,2026-09-12,49,quantile,0.55,8.0
2026-08-22,wk inc covid hosp,3,2026-09-12,49,quantile,0.6,8.0
2026-08-22,wk inc covid hosp,3,2026-09-12,49,quantile,0.65,8.0
2026-08-22,wk inc covid hosp,3,2026-09-12,49,quantile,0.7,9.0
2026-08-22,wk inc covid hosp,3,2026-09-12,49,quantile,0.75,9.0
2026-08-22,wk inc covid hosp,3,2026-09-12,49,quantile,0.8,9.0
2026-08-22,wk inc covid hosp,3,2026-09-12,49,quantile,0.85,10.0
2026-08-22,wk inc covid hosp,3,2026-09-12,49,quantile,0.9,12.0
2026-08-22,wk inc covid hosp,3,2026-09-12,49,quantile,0.95,16.0
2026-08-22,wk inc covid hosp,3,2026-09-12,49,quantile,0.975,18.0
2026-08-22,wk inc covid hosp,3,2026-09-12,49,quantile,0.99,46.0
2026-08-22,wk inc covid hosp,3,2026-09-12,50,quantile,0.01,0.0
2026-08-22,wk inc covid hosp,3,2026-09-12,50,quantile,0.025,0.0
2026-08-22,wk inc covid hosp,3,2026-09-12,50,quantile,0.05,0.0
2026-08-22,wk inc covid hosp,3,2026-09-12,50,quantile,0.1,0.0
2026-08-22,wk inc covid hosp,3,2026-09-12,50,quantile,0.15,1.0
2026-08-22,wk inc covid hosp,3,2026-09-12,50,quantile,0.2,1.0
2026-08-22,wk inc covid hosp,3,2026-09-12,50,quantile,0.25,1.0
2026-08-22,wk inc covid hosp,3,2026-09-12,50,quantile,0.3,1.0
2026-08-22,wk inc covid hosp,3,2026-09-12,50,quantile,0.35,1.0
2026-08-22,wk inc covid hosp,3,2026-09-12,50,quantile,0.4,1.0
2026-08-22,wk inc covid hosp,3,2026-09-12,50,quantile,0.45,1.0
2026-08-22,wk inc covid hosp,3,2026-09-12,50,quantile,0.5,1.0
2026-08-22,wk inc covid hosp,3,2026-09-12,50,quantile,0.55,1.0
2026-08-22,wk inc covid hosp,3,2026-09-12,50,quantile,0.6,2.0
2026-08-22,wk inc covid hosp,3,2026-09-12,50,quantile,0.65,2.0
2026-08-22,wk inc covid hosp,3,2026-09-12,50,quantile,0.7,2.0
2026-08-22,wk inc covid hosp,3,2026-09-12,50,quantile,0.75,2.0
2026-08-22,wk inc covid hosp,3,2026-09-12,50,quantile,0.8,2.0
2026-08-22,wk inc covid hosp,3,2026-09-12,50,quantile,0.85,2.0
2026-08-22,wk inc covid hosp,3,2026-09-12,50,quantile,0.9,3.0
2026-08-22,wk inc covid hosp,3,2026-09-12,50,quantile,0.95,3.0
2026-08-22,wk inc covid hosp,3,2026-09-12,50,quantile,0.975,4.0
2026-08-22,wk inc covid hosp,3,2026-09-12,50,quantile,0.99,7.0
2026-08-22,wk inc covid hosp,3,2026-09-12,51,quantile,0.01,14.0
2026-08-22,wk inc covid hosp,3,2026-09-12,51,quantile,0.025,16.0
2026-08-22,wk inc covid hosp,3,2026-09-12,51,quantile,0.05,16.0
2026-08-22,wk inc covid hosp,3,2026-09-12,51,quantile,0.1,18.0
2026-08-22,wk inc covid hosp,3,2026-09-12,51,quantile,0.15,19.0
2026-08-22,wk inc covid hosp,3,2026-09-12,51,quantile,0.2,24.0
2026-08-22,wk inc covid hosp,3,2026-09-12,51,quantile,0.25,24.0
2026-08-22,wk inc covid hosp,3,2026-09-12,51,quantile,0.3,28.0
2026-08-22,wk inc covid hosp,3,2026-09-12,51,quantile,0.35,28.0
2026-08-22,wk inc covid hosp,3,2026-09-12,51,quantile,0.4,28.0
2026-08-22,wk inc covid hosp,3,2026-09-12,51,quantile,0.45,28.0
2026-08-22,wk inc covid hosp,3,2026-09-12,51,quantile,0.5,28.0
2026-08-22,wk inc covid hosp,3,2026-09-12,51,quantile,0.55,28.0
2026-08-22,wk inc covid hosp,3,2026-09-12,51,quantile,0.6,28.0
2026-08-22,wk inc covid hosp,3,2026-09-12,51,quantile,0.65,28.0
2026-08-22,wk inc covid hosp,3,2026-09-12,51,quantile,0.7,33.0
2026-08-22,wk inc covid hosp,3,2026-09-12,51,quantile,0.75,34.0
2026-08-22,wk inc covid hosp,3,2026-09-12,51,quantile,0.8,38.0
2026-08-22,wk inc covid hosp,3,2026-09-12,51,quantile,0.85,40.0
2026-08-22,wk inc covid hosp,3,2026-09-12,51,quantile,0.9,46.0
2026-08-22,wk inc covid hosp,3,2026-09-12,51,quantile,0.95,49.0
2026-08-22,wk inc covid hosp,3,2026-09-12,51,quantile,0.975,56.0
2026-08-22,wk inc covid hosp,3,2026-09-12,51,quantile,0.99,79.0
2026-08-22,wk inc covid hosp,3,2026-09-12,53,quantile,0.01,27.0
2026-08-22,wk inc covid hosp,3,2026-09-12,53,quantile,0.025,27.0
2026-08-22,wk inc covid hosp,3,2026-09-12,53,quantile,0.05,28.0
2026-08-22,wk inc covid hosp,3,2026-09-12,53,quantile,0.1,37.0
2026-08-22,wk inc covid hosp,3,2026-09-12,53,quantile,0.15,45.0
2026-08-22,wk inc covid hosp,3,2026-09-12,53,quantile,0.2,49.0
2026-08-22,wk inc covid hosp,3,2026-09-12,53,quantile,0.25,49.0
2026-08-22,wk inc covid hosp,3,2026-09-12,53,quantile,0.3,50.0
2026-08-22,wk inc covid hosp,3,2026-09-12,53,quantile,0.35,54.0
2026-08-22,wk inc covid hosp,3,2026-09-12,53,quantile,0.4,57.0
2026-08-22,wk inc covid hosp,3,2026-09-12,53,quantile,0.45,57.0
2026-08-22,wk inc covid hosp,3,2026-09-12,53,quantile,0.5,57.0
2026-08-22,wk inc covid hosp,3,2026-09-12,53,quantile,0.55,63.0
2026-08-22,wk inc covid hosp,3,2026-09-12,53,quantile,0.6,63.0
2026-08-22,wk inc covid hosp,3,2026-09-12,53,quantile,0.65,68.0
2026-08-22,wk inc covid hosp,3,2026-09-12,53,quantile,0.7,70.0
2026-08-22,wk inc covid hosp,3,2026-09-12,53,quantile,0.75,72.0
2026-08-22,wk inc covid hosp,3,2026-09-12,53,quantile,0.8,75.0
2026-08-22,wk inc covid hosp,3,2026-09-12,53,quantile,0.85,76.0
2026-08-22,wk inc covid hosp,3,2026-09-12,53,quantile,0.9,83.0
2026-08-22,wk inc covid hosp,3,2026-09-12,53,quantile,0.95,87.0
2026-08-22,wk inc covid hosp,3,2026-09-12,53,quantile,0.975,90.0
2026-08-22,wk inc covid hosp,3,2026-09-12,53,quantile,0.99,113.0
2026-08-22,wk inc covid hosp,3,2026-09-12,54,quantile,0.01,0.0
2026-08-22,wk inc covid hosp,3,2026-09-12,54,quantile,0.025,1.0
2026-08-22,wk inc covid hosp,3,2026-09-12,54,quantile,0.05,1.0
2026-08-22,wk inc covid hosp,3,2026-09-12,54,quantile,0.1,2.0
2026-08-22,wk inc covid hosp,3,2026-09-12,54,quantile,0.15,2.0
2026-08-22,wk inc covid hosp,3,2026-09-12,54,quantile,0.2,3.0
2026-08-22,wk inc covid hosp,3,2026-09-12,54,quantile,0.25,3.0
2026-08-22,wk inc covid hosp,3,2026-09-12,54,quantile,0.3,3.0
2026-08-22,wk inc covid hosp,3,2026-09-12,54,quantile,0.35,3.0
2026-08-22,wk inc covid hosp,3,2026-09-12,54,quantile,0.4,3.0
2026-08-22,wk inc covid hosp,3,2026-09-12,54,quantile,0.45,3.0
2026-08-22,wk inc covid hosp,3,2026-09-12,54,quantile,0.5,4.0
2026-08-22,wk inc covid hosp,3,2026-09-12,54,quantile,0.55,4.0
2026-08-22,wk inc covid hosp,3,2026-09-12,54,quantile,0.6,5.0
2026-08-22,wk inc covid hosp,3,2026-09-12,54,quantile,0.65,5.0
2026-08-22,wk inc covid hosp,3,2026-09-12,54,quantile,0.7,6.0
2026-08-22,wk inc covid hosp,3,2026-09-12,54,quantile,0.75,6.0
2026-08-22,wk inc covid hosp,3,2026-09-12,54,quantile,0.8,8.0
2026-08-22,wk inc covid hosp,3,2026-09-12,54,quantile,0.85,8.0
2026-08-22,wk inc covid hosp,3,2026-09-12,54,quantile,0.9,9.0
2026-08-22,wk inc covid hosp,3,2026-09-12,54,quantile,0.95,10.0
2026-08-22,wk inc covid hosp,3,2026-09-12,54,quantile,0.975,13.0
2026-08-22,wk inc covid hosp,3,2026-09-12,54,quantile,0.99,23.0
2026-08-22,wk inc covid hosp,3,2026-09-12,55,quantile,0.01,3.0
2026-08-22,wk inc covid hosp,3,2026-09-12,55,quantile,0.025,5.0
2026-08-22,wk inc covid hosp,3,2026-09-12,55,quantile,0.05,5.0
2026-08-22,wk inc covid hosp,3,2026-09-12,55,quantile,0.1,7.0
2026-08-22,wk inc covid hosp,3,2026-09-12,55,quantile,0.15,9.0
2026-08-22,wk inc covid hosp,3,2026-09-12,55,quantile,0.2,10.0
2026-08-22,wk inc covid hosp,3,2026-09-12,55,quantile,0.25,10.0
2026-08-22,wk inc covid hosp,3,2026-09-12,55,quantile,0.3,10.0
2026-08-22,wk inc covid hosp,3,2026-09-12,55,quantile,0.35,11.0
2026-08-22,wk inc covid hosp,3,2026-09-12,55,quantile,0.4,11.0
2026-08-22,wk inc covid hosp,3,2026-09-12,55,quantile,0.45,11.0
2026-08-22,wk inc covid hosp,3,2026-09-12,55,quantile,0.5,13.0
2026-08-22,wk inc covid hosp,3,2026-09-12,55,quantile,0.55,13.0
2026-08-22,wk inc covid hosp,3,2026-09-12,55,quantile,0.6,14.0
2026-08-22,wk inc covid hosp,3,2026-09-12,55,quantile,0.65,14.0
2026-08-22,wk inc covid hosp,3,2026-09-12,55,quantile,0.7,15.0
2026-08-22,wk inc covid hosp,3,2026-09-12,55,quantile,0.75,17.0
2026-08-22,wk inc covid hosp,3,2026-09-12,55,quantile,0.8,19.0
2026-08-22,wk inc covid hosp,3,2026-09-12,55,quantile,0.85,21.0
2026-08-22,wk inc covid hosp,3,2026-09-12,55,quantile,0.9,24.0
2026-08-22,wk inc covid hosp,3,2026-09-12,55,quantile,0.95,30.0
2026-08-22,wk inc covid hosp,3,2026-09-12,55,quantile,0.975,41.0
2026-08-22,wk inc covid hosp,3,2026-09-12,55,quantile,0.99,67.0
2026-08-22,wk inc covid hosp,3,2026-09-12,56,quantile,0.01,0.0
2026-08-22,wk inc covid hosp,3,2026-09-12,56,quantile,0.025,1.0
2026-08-22,wk inc covid hosp,3,2026-09-12,56,quantile,0.05,1.0
2026-08-22,wk inc covid hosp,3,2026-09-12,56,quantile,0.1,1.0
2026-08-22,wk inc covid hosp,3,2026-09-12,56,quantile,0.15,2.0
2026-08-22,wk inc covid hosp,3,2026-09-12,56,quantile,0.2,2.0
2026-08-22,wk inc covid hosp,3,2026-09-12,56,quantile,0.25,2.0
2026-08-22,wk inc covid hosp,3,2026-09-12,56,quantile,0.3,2.0
2026-08-22,wk inc covid hosp,3,2026-09-12,56,quantile,0.35,2.0
2026-08-22,wk inc covid hosp,3,2026-09-12,56,quantile,0.4,2.0
2026-08-22,wk inc covid hosp,3,2026-09-12,56,quantile,0.45,2.0
2026-08-22,wk inc covid hosp,3,2026-09-12,56,quantile,0.5,2.0
2026-08-22,wk inc covid hosp,3,2026-09-12,56,quantile,0.55,3.0
2026-08-22,wk inc covid hosp,3,2026-09-12,56,quantile,0.6,3.0
2026-08-22,wk inc covid hosp,3,2026-09-12,56,quantile,0.65,3.0
2026-08-22,wk inc covid hosp,3,2026-09-12,56,quantile,0.7,4.0
2026-08-22,wk inc covid hosp,3,2026-09-12,56,quantile,0.75,4.0
2026-08-22,wk inc covid hosp,3,2026-09-12,56,quantile,0.8,4.0
2026-08-22,wk inc covid hosp,3,2026-09-12,56,quantile,0.85,4.0
2026-08-22,wk inc covid hosp,3,2026-09-12,56,quantile,0.9,5.0
2026-08-22,wk inc covid hosp,3,2026-09-12,56,quantile,0.95,5.0
2026-08-22,wk inc covid hosp,3,2026-09-12,56,quantile,0.975,6.0
2026-08-22,wk inc covid hosp,3,2026-09-12,56,quantile,0.99,8.0
2026-08-22,wk inc covid hosp,3,2026-09-12,72,quantile,0.01,33.0
2026-08-22,wk inc covid hosp,3,2026-09-12,72,quantile,0.025,33.0
2026-08-22,wk inc covid hosp,3,2026-09-12,72,quantile,0.05,39.0
2026-08-22,wk inc covid hosp,3,2026-09-12,72,quantile,0.1,49.0
2026-08-22,wk inc covid hosp,3,2026-09-12,72,quantile,0.15,55.0
2026-08-22,wk inc covid hosp,3,2026-09-12,72,quantile,0.2,63.0
2026-08-22,wk inc covid hosp,3,2026-09-12,72,quantile,0.25,70.0
2026-08-22,wk inc covid hosp,3,2026-09-12,72,quantile,0.3,71.0
2026-08-22,wk inc covid hosp,3,2026-09-12,72,quantile,0.35,76.0
2026-08-22,wk inc covid hosp,3,2026-09-12,72,quantile,0.4,78.0
2026-08-22,wk inc covid hosp,3,2026-09-12,72,quantile,0.45,80.0
2026-08-22,wk inc covid hosp,3,2026-09-12,72,quantile,0.5,83.0
2026-08-22,wk inc covid hosp,3,2026-09-12,72,quantile,0.55,86.0
2026-08-22,wk inc covid hosp,3,2026-09-12,72,quantile,0.6,94.0
2026-08-22,wk inc covid hosp,3,2026-09-12,72,quantile,0.65,94.0
2026-08-22,wk inc covid hosp,3,2026-09-12,72,quantile,0.7,94.0
2026-08-22,wk inc covid hosp,3,2026-09-12,72,quantile,0.75,96.0
2026-08-22,wk inc covid hosp,3,2026-09-12,72,quantile,0.8,100.0
2026-08-22,wk inc covid hosp,3,2026-09-12,72,quantile,0.85,103.0
2026-08-22,wk inc covid hosp,3,2026-09-12,72,quantile,0.9,103.0
2026-08-22,wk inc covid hosp,3,2026-09-12,72,quantile,0.95,111.0
2026-08-22,wk inc covid hosp,3,2026-09-12,72,quantile,0.975,114.0
2026-08-22,wk inc covid hosp,3,2026-09-12,72,quantile,0.99,126.0
