reference_date,target,horizon,target_end_date,location,output_type,output_type_id,value
2026-08-15,wk inc covid hosp,0,2026-08-15,01,quantile,0.01,22.98
2026-08-15,wk inc covid hosp,0,2026-08-15,01,quantile,0.025,29.0
2026-08-15,wk inc covid hosp,0,2026-08-15,01,quantile,0.05,34.0
2026-08-15,wk inc covid hosp,0,2026-08-15,01,quantile,0.1,39.0
2026-08-15,wk inc covid hosp,0,2026-08-15,01,quantile,0.15,43.0
2026-08-15,wk inc covid hosp,0,2026-08-15,01,quantile,0.2,46.0
2026-08-15,wk inc covid hosp,0,2026-08-15,01,quantile,0.25,49.0
2026-08-15,wk inc covid hosp,0,2026-08-15,01,quantile,0.3,51.0
2026-08-15,wk inc covid hosp,0,2026-08-15,01,quantile,0.35,52.0
2026-08-15,wk inc covid hosp,0,2026-08-15,01,quantile,0.4,54.0
2026-08-15,wk inc covid hosp,0,2026-08-15,01,quantile,0.45,56.0
2026-08-15,wk inc covid hosp,0,2026-08-15,01,quantile,0.5,57.0
2026-08-15,wk inc covid hosp,0,2026-08-15,01,quantile,0.55,57.0
2026-08-15,wk inc covid hosp,0,2026-08-15,01,quantile,0.6,59.0
2026-08-15,wk inc covid hosp,0,2026-08-15,01,quantile,0.65,60.35000000000002
2026-08-15,wk inc covid hosp,0,2026-08-15,01,quantile,0.7,62.0
2026-08-15,wk inc covid hosp,0,2026-08-15,01,quantile,0.75,65.0
2026-08-15,wk inc covid hosp,0,2026-08-15,01,quantile,0.8,66.0
2026-08-15,wk inc covid hosp,0,2026-08-15,01,quantile,0.85,70.0
2026-08-15,wk inc covid hosp,0,2026-08-15,01,quantile,0.9,74.0
2026-08-15,wk inc covid hosp,0,2026-08-15,01,quantile,0.95,83.04999999999995
2026-08-15,wk inc covid hosp,0,2026-08-15,01,quantile,0.975,95.04999999999995
2026-08-15,wk inc covid hosp,0,2026-08-15,01,quantile,0.99,109.02999999999997
2026-08-15,wk inc covid hosp,0,2026-08-15,02,quantile,0.01,0.0
2026-08-15,wk inc covid hosp,0,2026-08-15,02,quantile,0.025,0.0
2026-08-15,wk inc covid hosp,0,2026-08-15,02,quantile,0.05,0.0
2026-08-15,wk inc covid hosp,0,2026-08-15,02,quantile,0.1,0.0
2026-08-15,wk inc covid hosp,0,2026-08-15,02,quantile,0.15,0.0
2026-08-15,wk inc covid hosp,0,2026-08-15,02,quantile,0.2,0.0
2026-08-15,wk inc covid hosp,0,2026-08-15,02,quantile,0.25,0.0
2026-08-15,wk inc covid hosp,0,2026-08-15,02,quantile,0.3,0.0
2026-08-15,wk inc covid hosp,0,2026-08-15,02,quantile,0.35,1.0
2026-08-15,wk inc covid hosp,0,2026-08-15,02,quantile,0.4,1.0
2026-08-15,wk inc covid hosp,0,2026-08-15,02,quantile,0.45,1.0
2026-08-15,wk inc covid hosp,0,2026-08-15,02,quantile,0.5,1.0
2026-08-15,wk inc covid hosp,0,2026-08-15,02,quantile,0.55,1.0
2026-08-15,wk inc covid hosp,0,2026-08-15,02,quantile,0.6,1.0
2026-08-15,wk inc covid hosp,0,2026-08-15,02,quantile,0.65,2.0
2026-08-15,wk inc covid hosp,0,2026-08-15,02,quantile,0.7,2.0
2026-08-15,wk inc covid hosp,0,2026-08-15,02,quantile,0.75,2.0
2026-08-15,wk inc covid hosp,0,2026-08-15,02,quantile,0.8,3.0
2026-08-15,wk inc covid hosp,0,2026-08-15,02,quantile,0.85,3.0
2026-08-15,wk inc covid hosp,0,2026-08-15,02,quantile,0.9,3.0
2026-08-15,wk inc covid hosp,0,2026-08-15,02,quantile,0.95,4.0499999999999545
2026-08-15,wk inc covid hosp,0,2026-08-15,02,quantile,0.975,6.0
2026-08-15,wk inc covid hosp,0,2026-08-15,02,quantile,0.99,8.0
2026-08-15,wk inc covid hosp,0,2026-08-15,04,quantile,0.01,0.0
2026-08-15,wk inc covid hosp,0,2026-08-15,04,quantile,0.025,5.0
2026-08-15,wk inc covid hosp,0,2026-08-15,04,quantile,0.05,15.0
2026-08-15,wk inc covid hosp,0,2026-08-15,04,quantile,0.1,22.0
2026-08-15,wk inc covid hosp,0,2026-08-15,04,quantile,0.15,28.0
2026-08-15,wk inc covid hosp,0,2026-08-15,04,quantile,0.2,32.0
2026-08-15,wk inc covid hosp,0,2026-08-15,04,quantile,0.25,34.0
2026-08-15,wk inc covid hosp,0,2026-08-15,04,quantile,0.3,36.0
2026-08-15,wk inc covid hosp,0,2026-08-15,04,quantile,0.35,37.0
2026-08-15,wk inc covid hosp,0,2026-08-15,04,quantile,0.4,39.0
2026-08-15,wk inc covid hosp,0,2026-08-15,04,quantile,0.45,41.0
2026-08-15,wk inc covid hosp,0,2026-08-15,04,quantile,0.5,42.0
2026-08-15,wk inc covid hosp,0,2026-08-15,04,quantile,0.55,42.0
2026-08-15,wk inc covid hosp,0,2026-08-15,04,quantile,0.6,43.0
2026-08-15,wk inc covid hosp,0,2026-08-15,04,quantile,0.65,45.0
2026-08-15,wk inc covid hosp,0,2026-08-15,04,quantile,0.7,47.0
2026-08-15,wk inc covid hosp,0,2026-08-15,04,quantile,0.75,49.0
2026-08-15,wk inc covid hosp,0,2026-08-15,04,quantile,0.8,51.0
2026-08-15,wk inc covid hosp,0,2026-08-15,04,quantile,0.85,54.0
2026-08-15,wk inc covid hosp,0,2026-08-15,04,quantile,0.9,58.10000000000002
2026-08-15,wk inc covid hosp,0,2026-08-15,04,quantile,0.95,70.0
2026-08-15,wk inc covid hosp,0,2026-08-15,04,quantile,0.975,79.04999999999995
2026-08-15,wk inc covid hosp,0,2026-08-15,04,quantile,0.99,118.00999999999999
2026-08-15,wk inc covid hosp,0,2026-08-15,05,quantile,0.01,0.0
2026-08-15,wk inc covid hosp,0,2026-08-15,05,quantile,0.025,0.0
2026-08-15,wk inc covid hosp,0,2026-08-15,05,quantile,0.05,0.0
2026-08-15,wk inc covid hosp,0,2026-08-15,05,quantile,0.1,0.0
2026-08-15,wk inc covid hosp,0,2026-08-15,05,quantile,0.15,2.0
2026-08-15,wk inc covid hosp,0,2026-08-15,05,quantile,0.2,3.0
2026-08-15,wk inc covid hosp,0,2026-08-15,05,quantile,0.25,4.0
2026-08-15,wk inc covid hosp,0,2026-08-15,05,quantile,0.3,4.0
2026-08-15,wk inc covid hosp,0,2026-08-15,05,quantile,0.35,5.0
2026-08-15,wk inc covid hosp,0,2026-08-15,05,quantile,0.4,6.0
2026-08-15,wk inc covid hosp,0,2026-08-15,05,quantile,0.45,7.0
2026-08-15,wk inc covid hosp,0,2026-08-15,05,quantile,0.5,7.0
2026-08-15,wk inc covid hosp,0,2026-08-15,05,quantile,0.55,8.0
2026-08-15,wk inc covid hosp,0,2026-08-15,05,quantile,0.6,8.0
2026-08-15,wk inc covid hosp,0,2026-08-15,05,quantile,0.65,9.0
2026-08-15,wk inc covid hosp,0,2026-08-15,05,quantile,0.7,9.0
2026-08-15,wk inc covid hosp,0,2026-08-15,05,quantile,0.75,10.0
2026-08-15,wk inc covid hosp,0,2026-08-15,05,quantile,0.8,11.0
2026-08-15,wk inc covid hosp,0,2026-08-15,05,quantile,0.85,13.0
2026-08-15,wk inc covid hosp,0,2026-08-15,05,quantile,0.9,15.0
2026-08-15,wk inc covid hosp,0,2026-08-15,05,quantile,0.95,18.0
2026-08-15,wk inc covid hosp,0,2026-08-15,05,quantile,0.975,20.0
2026-08-15,wk inc covid hosp,0,2026-08-15,05,quantile,0.99,39.01999999999998
2026-08-15,wk inc covid hosp,0,2026-08-15,06,quantile,0.01,16.990000000000002
2026-08-15,wk inc covid hosp,0,2026-08-15,06,quantile,0.025,107.95
2026-08-15,wk inc covid hosp,0,2026-08-15,06,quantile,0.05,176.70000000000002
2026-08-15,wk inc covid hosp,0,2026-08-15,06,quantile,0.1,211.8
2026-08-15,wk inc covid hosp,0,2026-08-15,06,quantile,0.15,252.85
2026-08-15,wk inc covid hosp,0,2026-08-15,06,quantile,0.2,276.8
2026-08-15,wk inc covid hosp,0,2026-08-15,06,quantile,0.25,290.75
2026-08-15,wk inc covid hosp,0,2026-08-15,06,quantile,0.3,305.7
2026-08-15,wk inc covid hosp,0,2026-08-15,06,quantile,0.35,317.0
2026-08-15,wk inc covid hosp,0,2026-08-15,06,quantile,0.4,330.6
2026-08-15,wk inc covid hosp,0,2026-08-15,06,quantile,0.45,337.55
2026-08-15,wk inc covid hosp,0,2026-08-15,06,quantile,0.5,344.0
2026-08-15,wk inc covid hosp,0,2026-08-15,06,quantile,0.55,348.0
2026-08-15,wk inc covid hosp,0,2026-08-15,06,quantile,0.6,356.0
2026-08-15,wk inc covid hosp,0,2026-08-15,06,quantile,0.65,362.35
2026-08-15,wk inc covid hosp,0,2026-08-15,06,quantile,0.7,372.29999999999995
2026-08-15,wk inc covid hosp,0,2026-08-15,06,quantile,0.75,387.0
2026-08-15,wk inc covid hosp,0,2026-08-15,06,quantile,0.8,404.4000000000001
2026-08-15,wk inc covid hosp,0,2026-08-15,06,quantile,0.85,431.15
2026-08-15,wk inc covid hosp,0,2026-08-15,06,quantile,0.9,466.1
2026-08-15,wk inc covid hosp,0,2026-08-15,06,quantile,0.95,516.0
2026-08-15,wk inc covid hosp,0,2026-08-15,06,quantile,0.975,576.525
2026-08-15,wk inc covid hosp,0,2026-08-15,06,quantile,0.99,753.1499999999999
2026-08-15,wk inc covid hosp,0,2026-08-15,08,quantile,0.01,0.0
2026-08-15,wk inc covid hosp,0,2026-08-15,08,quantile,0.025,0.0
2026-08-15,wk inc covid hosp,0,2026-08-15,08,quantile,0.05,0.0
2026-08-15,wk inc covid hosp,0,2026-08-15,08,quantile,0.1,0.0
2026-08-15,wk inc covid hosp,0,2026-08-15,08,quantile,0.15,0.0
2026-08-15,wk inc covid hosp,0,2026-08-15,08,quantile,0.2,3.0
2026-08-15,wk inc covid hosp,0,2026-08-15,08,quantile,0.25,5.0
2026-08-15,wk inc covid hosp,0,2026-08-15,08,quantile,0.3,6.0
2026-08-15,wk inc covid hosp,0,2026-08-15,08,quantile,0.35,7.0
2026-08-15,wk inc covid hosp,0,2026-08-15,08,quantile,0.4,9.0
2026-08-15,wk inc covid hosp,0,2026-08-15,08,quantile,0.45,10.0
2026-08-15,wk inc covid hosp,0,2026-08-15,08,quantile,0.5,11.0
2026-08-15,wk inc covid hosp,0,2026-08-15,08,quantile,0.55,11.0
2026-08-15,wk inc covid hosp,0,2026-08-15,08,quantile,0.6,12.0
2026-08-15,wk inc covid hosp,0,2026-08-15,08,quantile,0.65,13.0
2026-08-15,wk inc covid hosp,0,2026-08-15,08,quantile,0.7,15.0
2026-08-15,wk inc covid hosp,0,2026-08-15,08,quantile,0.75,16.0
2026-08-15,wk inc covid hosp,0,2026-08-15,08,quantile,0.8,19.0
2026-08-15,wk inc covid hosp,0,2026-08-15,08,quantile,0.85,20.0
2026-08-15,wk inc covid hosp,0,2026-08-15,08,quantile,0.9,24.0
2026-08-15,wk inc covid hosp,0,2026-08-15,08,quantile,0.95,35.09999999999991
2026-08-15,wk inc covid hosp,0,2026-08-15,08,quantile,0.975,49.57499999999993
2026-08-15,wk inc covid hosp,0,2026-08-15,08,quantile,0.99,72.07999999999993
2026-08-15,wk inc covid hosp,0,2026-08-15,09,quantile,0.01,0.0
2026-08-15,wk inc covid hosp,0,2026-08-15,09,quantile,0.025,0.0
2026-08-15,wk inc covid hosp,0,2026-08-15,09,quantile,0.05,0.0
2026-08-15,wk inc covid hosp,0,2026-08-15,09,quantile,0.1,0.0
2026-08-15,wk inc covid hosp,0,2026-08-15,09,quantile,0.15,0.0
2026-08-15,wk inc covid hosp,0,2026-08-15,09,quantile,0.2,1.0
2026-08-15,wk inc covid hosp,0,2026-08-15,09,quantile,0.25,2.0
2026-08-15,wk inc covid hosp,0,2026-08-15,09,quantile,0.3,3.0
2026-08-15,wk inc covid hosp,0,2026-08-15,09,quantile,0.35,4.0
2026-08-15,wk inc covid hosp,0,2026-08-15,09,quantile,0.4,5.0
2026-08-15,wk inc covid hosp,0,2026-08-15,09,quantile,0.45,5.0
2026-08-15,wk inc covid hosp,0,2026-08-15,09,quantile,0.5,6.0
2026-08-15,wk inc covid hosp,0,2026-08-15,09,quantile,0.55,6.0
2026-08-15,wk inc covid hosp,0,2026-08-15,09,quantile,0.6,7.0
2026-08-15,wk inc covid hosp,0,2026-08-15,09,quantile,0.65,7.0
2026-08-15,wk inc covid hosp,0,2026-08-15,09,quantile,0.7,8.0
2026-08-15,wk inc covid hosp,0,2026-08-15,09,quantile,0.75,9.0
2026-08-15,wk inc covid hosp,0,2026-08-15,09,quantile,0.8,10.0
2026-08-15,wk inc covid hosp,0,2026-08-15,09,quantile,0.85,11.149999999999977
2026-08-15,wk inc covid hosp,0,2026-08-15,09,quantile,0.9,13.0
2026-08-15,wk inc covid hosp,0,2026-08-15,09,quantile,0.95,17.0
2026-08-15,wk inc covid hosp,0,2026-08-15,09,quantile,0.975,23.574999999999932
2026-08-15,wk inc covid hosp,0,2026-08-15,09,quantile,0.99,31.00999999999999
2026-08-15,wk inc covid hosp,0,2026-08-15,10,quantile,0.01,0.0
2026-08-15,wk inc covid hosp,0,2026-08-15,10,quantile,0.025,0.0
2026-08-15,wk inc covid hosp,0,2026-08-15,10,quantile,0.05,0.0
2026-08-15,wk inc covid hosp,0,2026-08-15,10,quantile,0.1,0.0
2026-08-15,wk inc covid hosp,0,2026-08-15,10,quantile,0.15,0.0
2026-08-15,wk inc covid hosp,0,2026-08-15,10,quantile,0.2,0.0
2026-08-15,wk inc covid hosp,0,2026-08-15,10,quantile,0.25,0.0
2026-08-15,wk inc covid hosp,0,2026-08-15,10,quantile,0.3,0.0
2026-08-15,wk inc covid hosp,0,2026-08-15,10,quantile,0.35,0.0
2026-08-15,wk inc covid hosp,0,2026-08-15,10,quantile,0.4,1.0
2026-08-15,wk inc covid hosp,0,2026-08-15,10,quantile,0.45,1.0
2026-08-15,wk inc covid hosp,0,2026-08-15,10,quantile,0.5,1.0
2026-08-15,wk inc covid hosp,0,2026-08-15,10,quantile,0.55,1.0
2026-08-15,wk inc covid hosp,0,2026-08-15,10,quantile,0.6,1.0
2026-08-15,wk inc covid hosp,0,2026-08-15,10,quantile,0.65,2.0
2026-08-15,wk inc covid hosp,0,2026-08-15,10,quantile,0.7,2.0
2026-08-15,wk inc covid hosp,0,2026-08-15,10,quantile,0.75,2.0
2026-08-15,wk inc covid hosp,0,2026-08-15,10,quantile,0.8,3.0
2026-08-15,wk inc covid hosp,0,2026-08-15,10,quantile,0.85,3.0
2026-08-15,wk inc covid hosp,0,2026-08-15,10,quantile,0.9,4.0
2026-08-15,wk inc covid hosp,0,2026-08-15,10,quantile,0.95,5.0
2026-08-15,wk inc covid hosp,0,2026-08-15,10,quantile,0.975,6.0
2026-08-15,wk inc covid hosp,0,2026-08-15,10,quantile,0.99,11.0
2026-08-15,wk inc covid hosp,0,2026-08-15,11,quantile,0.01,0.0
2026-08-15,wk inc covid hosp,0,2026-08-15,11,quantile,0.025,0.0
2026-08-15,wk inc covid hosp,0,2026-08-15,11,quantile,0.05,0.0
2026-08-15,wk inc covid hosp,0,2026-08-15,11,quantile,0.1,0.0
2026-08-15,wk inc covid hosp,0,2026-08-15,11,quantile,0.15,0.0
2026-08-15,wk inc covid hosp,0,2026-08-15,11,quantile,0.2,0.0
2026-08-15,wk inc covid hosp,0,2026-08-15,11,quantile,0.25,1.0
2026-08-15,wk inc covid hosp,0,2026-08-15,11,quantile,0.3,1.0
2026-08-15,wk inc covid hosp,0,2026-08-15,11,quantile,0.35,1.0
2026-08-15,wk inc covid hosp,0,2026-08-15,11,quantile,0.4,1.0
2026-08-15,wk inc covid hosp,0,2026-08-15,11,quantile,0.45,1.0
2026-08-15,wk inc covid hosp,0,2026-08-15,11,quantile,0.5,2.0
2026-08-15,wk inc covid hosp,0,2026-08-15,11,quantile,0.55,2.0
2026-08-15,wk inc covid hosp,0,2026-08-15,11,quantile,0.6,2.0
2026-08-15,wk inc covid hosp,0,2026-08-15,11,quantile,0.65,2.0
2026-08-15,wk inc covid hosp,0,2026-08-15,11,quantile,0.7,2.0
2026-08-15,wk inc covid hosp,0,2026-08-15,11,quantile,0.75,2.0
2026-08-15,wk inc covid hosp,0,2026-08-15,11,quantile,0.8,3.0
2026-08-15,wk inc covid hosp,0,2026-08-15,11,quantile,0.85,3.0
2026-08-15,wk inc covid hosp,0,2026-08-15,11,quantile,0.9,4.0
2026-08-15,wk inc covid hosp,0,2026-08-15,11,quantile,0.95,5.0
2026-08-15,wk inc covid hosp,0,2026-08-15,11,quantile,0.975,7.0
2026-08-15,wk inc covid hosp,0,2026-08-15,11,quantile,0.99,11.009999999999991
2026-08-15,wk inc covid hosp,0,2026-08-15,12,quantile,0.01,114.98
2026-08-15,wk inc covid hosp,0,2026-08-15,12,quantile,0.025,141.95
2026-08-15,wk inc covid hosp,0,2026-08-15,12,quantile,0.05,166.95
2026-08-15,wk inc covid hosp,0,2026-08-15,12,quantile,0.1,191.0
2026-08-15,wk inc covid hosp,0,2026-08-15,12,quantile,0.15,208.0
2026-08-15,wk inc covid hosp,0,2026-08-15,12,quantile,0.2,218.8
2026-08-15,wk inc covid hosp,0,2026-08-15,12,quantile,0.25,229.75
2026-08-15,wk inc covid hosp,0,2026-08-15,12,quantile,0.3,237.7
2026-08-15,wk inc covid hosp,0,2026-08-15,12,quantile,0.35,246.64999999999998
2026-08-15,wk inc covid hosp,0,2026-08-15,12,quantile,0.4,256.0
2026-08-15,wk inc covid hosp,0,2026-08-15,12,quantile,0.45,262.0
2026-08-15,wk inc covid hosp,0,2026-08-15,12,quantile,0.5,265.0
2026-08-15,wk inc covid hosp,0,2026-08-15,12,quantile,0.55,269.0
2026-08-15,wk inc covid hosp,0,2026-08-15,12,quantile,0.6,275.4
2026-08-15,wk inc covid hosp,0,2026-08-15,12,quantile,0.65,282.0
2026-08-15,wk inc covid hosp,0,2026-08-15,12,quantile,0.7,289.0
2026-08-15,wk inc covid hosp,0,2026-08-15,12,quantile,0.75,302.0
2026-08-15,wk inc covid hosp,0,2026-08-15,12,quantile,0.8,311.0
2026-08-15,wk inc covid hosp,0,2026-08-15,12,quantile,0.85,327.0
2026-08-15,wk inc covid hosp,0,2026-08-15,12,quantile,0.9,350.1
2026-08-15,wk inc covid hosp,0,2026-08-15,12,quantile,0.95,395.3499999999997
2026-08-15,wk inc covid hosp,0,2026-08-15,12,quantile,0.975,483.1999999999998
2026-08-15,wk inc covid hosp,0,2026-08-15,12,quantile,0.99,524.1099999999999
2026-08-15,wk inc covid hosp,0,2026-08-15,13,quantile,0.01,1.9800000000000004
2026-08-15,wk inc covid hosp,0,2026-08-15,13,quantile,0.025,14.900000000000006
2026-08-15,wk inc covid hosp,0,2026-08-15,13,quantile,0.05,26.950000000000003
2026-08-15,wk inc covid hosp,0,2026-08-15,13,quantile,0.1,35.900000000000006
2026-08-15,wk inc covid hosp,0,2026-08-15,13,quantile,0.15,44.0
2026-08-15,wk inc covid hosp,0,2026-08-15,13,quantile,0.2,49.0
2026-08-15,wk inc covid hosp,0,2026-08-15,13,quantile,0.25,53.0
2026-08-15,wk inc covid hosp,0,2026-08-15,13,quantile,0.3,56.0
2026-08-15,wk inc covid hosp,0,2026-08-15,13,quantile,0.35,59.0
2026-08-15,wk inc covid hosp,0,2026-08-15,13,quantile,0.4,62.0
2026-08-15,wk inc covid hosp,0,2026-08-15,13,quantile,0.45,65.0
2026-08-15,wk inc covid hosp,0,2026-08-15,13,quantile,0.5,66.0
2026-08-15,wk inc covid hosp,0,2026-08-15,13,quantile,0.55,67.0
2026-08-15,wk inc covid hosp,0,2026-08-15,13,quantile,0.6,69.0
2026-08-15,wk inc covid hosp,0,2026-08-15,13,quantile,0.65,71.0
2026-08-15,wk inc covid hosp,0,2026-08-15,13,quantile,0.7,74.0
2026-08-15,wk inc covid hosp,0,2026-08-15,13,quantile,0.75,77.0
2026-08-15,wk inc covid hosp,0,2026-08-15,13,quantile,0.8,79.0
2026-08-15,wk inc covid hosp,0,2026-08-15,13,quantile,0.85,83.0
2026-08-15,wk inc covid hosp,0,2026-08-15,13,quantile,0.9,89.0
2026-08-15,wk inc covid hosp,0,2026-08-15,13,quantile,0.95,101.0
2026-08-15,wk inc covid hosp,0,2026-08-15,13,quantile,0.975,119.24999999999977
2026-08-15,wk inc covid hosp,0,2026-08-15,13,quantile,0.99,154.16999999999985
2026-08-15,wk inc covid hosp,0,2026-08-15,15,quantile,0.01,0.0
2026-08-15,wk inc covid hosp,0,2026-08-15,15,quantile,0.025,3.0
2026-08-15,wk inc covid hosp,0,2026-08-15,15,quantile,0.05,5.0
2026-08-15,wk inc covid hosp,0,2026-08-15,15,quantile,0.1,7.0
2026-08-15,wk inc covid hosp,0,2026-08-15,15,quantile,0.15,8.0
2026-08-15,wk inc covid hosp,0,2026-08-15,15,quantile,0.2,9.0
2026-08-15,wk inc covid hosp,0,2026-08-15,15,quantile,0.25,10.0
2026-08-15,wk inc covid hosp,0,2026-08-15,15,quantile,0.3,11.0
2026-08-15,wk inc covid hosp,0,2026-08-15,15,quantile,0.35,12.0
2026-08-15,wk inc covid hosp,0,2026-08-15,15,quantile,0.4,13.0
2026-08-15,wk inc covid hosp,0,2026-08-15,15,quantile,0.45,13.0
2026-08-15,wk inc covid hosp,0,2026-08-15,15,quantile,0.5,14.0
2026-08-15,wk inc covid hosp,0,2026-08-15,15,quantile,0.55,14.0
2026-08-15,wk inc covid hosp,0,2026-08-15,15,quantile,0.6,15.0
2026-08-15,wk inc covid hosp,0,2026-08-15,15,quantile,0.65,15.0
2026-08-15,wk inc covid hosp,0,2026-08-15,15,quantile,0.7,16.0
2026-08-15,wk inc covid hosp,0,2026-08-15,15,quantile,0.75,17.0
2026-08-15,wk inc covid hosp,0,2026-08-15,15,quantile,0.8,19.0
2026-08-15,wk inc covid hosp,0,2026-08-15,15,quantile,0.85,21.0
2026-08-15,wk inc covid hosp,0,2026-08-15,15,quantile,0.9,22.0
2026-08-15,wk inc covid hosp,0,2026-08-15,15,quantile,0.95,27.0
2026-08-15,wk inc covid hosp,0,2026-08-15,15,quantile,0.975,32.0
2026-08-15,wk inc covid hosp,0,2026-08-15,15,quantile,0.99,52.02999999999997
2026-08-15,wk inc covid hosp,0,2026-08-15,16,quantile,0.01,0.0
2026-08-15,wk inc covid hosp,0,2026-08-15,16,quantile,0.025,0.0
2026-08-15,wk inc covid hosp,0,2026-08-15,16,quantile,0.05,0.0
2026-08-15,wk inc covid hosp,0,2026-08-15,16,quantile,0.1,0.0
2026-08-15,wk inc covid hosp,0,2026-08-15,16,quantile,0.15,0.0
2026-08-15,wk inc covid hosp,0,2026-08-15,16,quantile,0.2,0.0
2026-08-15,wk inc covid hosp,0,2026-08-15,16,quantile,0.25,0.0
2026-08-15,wk inc covid hosp,0,2026-08-15,16,quantile,0.3,1.0
2026-08-15,wk inc covid hosp,0,2026-08-15,16,quantile,0.35,1.0
2026-08-15,wk inc covid hosp,0,2026-08-15,16,quantile,0.4,2.0
2026-08-15,wk inc covid hosp,0,2026-08-15,16,quantile,0.45,2.0
2026-08-15,wk inc covid hosp,0,2026-08-15,16,quantile,0.5,2.0
2026-08-15,wk inc covid hosp,0,2026-08-15,16,quantile,0.55,3.0
2026-08-15,wk inc covid hosp,0,2026-08-15,16,quantile,0.6,3.0
2026-08-15,wk inc covid hosp,0,2026-08-15,16,quantile,0.65,4.0
2026-08-15,wk inc covid hosp,0,2026-08-15,16,quantile,0.7,4.0
2026-08-15,wk inc covid hosp,0,2026-08-15,16,quantile,0.75,5.0
2026-08-15,wk inc covid hosp,0,2026-08-15,16,quantile,0.8,5.0
2026-08-15,wk inc covid hosp,0,2026-08-15,16,quantile,0.85,6.0
2026-08-15,wk inc covid hosp,0,2026-08-15,16,quantile,0.9,8.0
2026-08-15,wk inc covid hosp,0,2026-08-15,16,quantile,0.95,13.0
2026-08-15,wk inc covid hosp,0,2026-08-15,16,quantile,0.975,15.049999999999955
2026-08-15,wk inc covid hosp,0,2026-08-15,16,quantile,0.99,25.00999999999999
2026-08-15,wk inc covid hosp,0,2026-08-15,17,quantile,0.01,0.0
2026-08-15,wk inc covid hosp,0,2026-08-15,17,quantile,0.025,0.0
2026-08-15,wk inc covid hosp,0,2026-08-15,17,quantile,0.05,0.0
2026-08-15,wk inc covid hosp,0,2026-08-15,17,quantile,0.1,0.0
2026-08-15,wk inc covid hosp,0,2026-08-15,17,quantile,0.15,0.0
2026-08-15,wk inc covid hosp,0,2026-08-15,17,quantile,0.2,5.0
2026-08-15,wk inc covid hosp,0,2026-08-15,17,quantile,0.25,9.75
2026-08-15,wk inc covid hosp,0,2026-08-15,17,quantile,0.3,12.0
2026-08-15,wk inc covid hosp,0,2026-08-15,17,quantile,0.35,14.0
2026-08-15,wk inc covid hosp,0,2026-08-15,17,quantile,0.4,17.0
2026-08-15,wk inc covid hosp,0,2026-08-15,17,quantile,0.45,19.0
2026-08-15,wk inc covid hosp,0,2026-08-15,17,quantile,0.5,21.0
2026-08-15,wk inc covid hosp,0,2026-08-15,17,quantile,0.55,22.0
2026-08-15,wk inc covid hosp,0,2026-08-15,17,quantile,0.6,24.0
2026-08-15,wk inc covid hosp,0,2026-08-15,17,quantile,0.65,25.350000000000023
2026-08-15,wk inc covid hosp,0,2026-08-15,17,quantile,0.7,27.0
2026-08-15,wk inc covid hosp,0,2026-08-15,17,quantile,0.75,29.25
2026-08-15,wk inc covid hosp,0,2026-08-15,17,quantile,0.8,34.0
2026-08-15,wk inc covid hosp,0,2026-08-15,17,quantile,0.85,39.0
2026-08-15,wk inc covid hosp,0,2026-08-15,17,quantile,0.9,45.0
2026-08-15,wk inc covid hosp,0,2026-08-15,17,quantile,0.95,63.049999999999955
2026-08-15,wk inc covid hosp,0,2026-08-15,17,quantile,0.975,92.52499999999998
2026-08-15,wk inc covid hosp,0,2026-08-15,17,quantile,0.99,109.02999999999997
2026-08-15,wk inc covid hosp,0,2026-08-15,18,quantile,0.01,0.0
2026-08-15,wk inc covid hosp,0,2026-08-15,18,quantile,0.025,0.0
2026-08-15,wk inc covid hosp,0,2026-08-15,18,quantile,0.05,0.0
2026-08-15,wk inc covid hosp,0,2026-08-15,18,quantile,0.1,0.0
2026-08-15,wk inc covid hosp,0,2026-08-15,18,quantile,0.15,0.0
2026-08-15,wk inc covid hosp,0,2026-08-15,18,quantile,0.2,2.0
2026-08-15,wk inc covid hosp,0,2026-08-15,18,quantile,0.25,4.0
2026-08-15,wk inc covid hosp,0,2026-08-15,18,quantile,0.3,5.0
2026-08-15,wk inc covid hosp,0,2026-08-15,18,quantile,0.35,7.0
2026-08-15,wk inc covid hosp,0,2026-08-15,18,quantile,0.4,8.0
2026-08-15,wk inc covid hosp,0,2026-08-15,18,quantile,0.45,9.550000000000011
2026-08-15,wk inc covid hosp,0,2026-08-15,18,quantile,0.5,11.0
2026-08-15,wk inc covid hosp,0,2026-08-15,18,quantile,0.55,11.0
2026-08-15,wk inc covid hosp,0,2026-08-15,18,quantile,0.6,12.0
2026-08-15,wk inc covid hosp,0,2026-08-15,18,quantile,0.65,13.0
2026-08-15,wk inc covid hosp,0,2026-08-15,18,quantile,0.7,14.0
2026-08-15,wk inc covid hosp,0,2026-08-15,18,quantile,0.75,15.0
2026-08-15,wk inc covid hosp,0,2026-08-15,18,quantile,0.8,17.0
2026-08-15,wk inc covid hosp,0,2026-08-15,18,quantile,0.85,20.0
2026-08-15,wk inc covid hosp,0,2026-08-15,18,quantile,0.9,24.0
2026-08-15,wk inc covid hosp,0,2026-08-15,18,quantile,0.95,42.049999999999955
2026-08-15,wk inc covid hosp,0,2026-08-15,18,quantile,0.975,65.0
2026-08-15,wk inc covid hosp,0,2026-08-15,18,quantile,0.99,77.05999999999995
2026-08-15,wk inc covid hosp,0,2026-08-15,19,quantile,0.01,0.0
2026-08-15,wk inc covid hosp,0,2026-08-15,19,quantile,0.025,0.0
2026-08-15,wk inc covid hosp,0,2026-08-15,19,quantile,0.05,0.0
2026-08-15,wk inc covid hosp,0,2026-08-15,19,quantile,0.1,0.0
2026-08-15,wk inc covid hosp,0,2026-08-15,19,quantile,0.15,1.0
2026-08-15,wk inc covid hosp,0,2026-08-15,19,quantile,0.2,2.0
2026-08-15,wk inc covid hosp,0,2026-08-15,19,quantile,0.25,3.0
2026-08-15,wk inc covid hosp,0,2026-08-15,19,quantile,0.3,3.0
2026-08-15,wk inc covid hosp,0,2026-08-15,19,quantile,0.35,4.0
2026-08-15,wk inc covid hosp,0,2026-08-15,19,quantile,0.4,4.0
2026-08-15,wk inc covid hosp,0,2026-08-15,19,quantile,0.45,5.0
2026-08-15,wk inc covid hosp,0,2026-08-15,19,quantile,0.5,5.0
2026-08-15,wk inc covid hosp,0,2026-08-15,19,quantile,0.55,6.0
2026-08-15,wk inc covid hosp,0,2026-08-15,19,quantile,0.6,6.0
2026-08-15,wk inc covid hosp,0,2026-08-15,19,quantile,0.65,6.0
2026-08-15,wk inc covid hosp,0,2026-08-15,19,quantile,0.7,7.0
2026-08-15,wk inc covid hosp,0,2026-08-15,19,quantile,0.75,8.0
2026-08-15,wk inc covid hosp,0,2026-08-15,19,quantile,0.8,8.0
2026-08-15,wk inc covid hosp,0,2026-08-15,19,quantile,0.85,9.0
2026-08-15,wk inc covid hosp,0,2026-08-15,19,quantile,0.9,11.0
2026-08-15,wk inc covid hosp,0,2026-08-15,19,quantile,0.95,13.0
2026-08-15,wk inc covid hosp,0,2026-08-15,19,quantile,0.975,18.524999999999977
2026-08-15,wk inc covid hosp,0,2026-08-15,19,quantile,0.99,26.00999999999999
2026-08-15,wk inc covid hosp,0,2026-08-15,20,quantile,0.01,0.0
2026-08-15,wk inc covid hosp,0,2026-08-15,20,quantile,0.025,0.0
2026-08-15,wk inc covid hosp,0,2026-08-15,20,quantile,0.05,0.0
2026-08-15,wk inc covid hosp,0,2026-08-15,20,quantile,0.1,0.0
2026-08-15,wk inc covid hosp,0,2026-08-15,20,quantile,0.15,0.0
2026-08-15,wk inc covid hosp,0,2026-08-15,20,quantile,0.2,2.0
2026-08-15,wk inc covid hosp,0,2026-08-15,20,quantile,0.25,3.0
2026-08-15,wk inc covid hosp,0,2026-08-15,20,quantile,0.3,4.0
2026-08-15,wk inc covid hosp,0,2026-08-15,20,quantile,0.35,4.0
2026-08-15,wk inc covid hosp,0,2026-08-15,20,quantile,0.4,5.0
2026-08-15,wk inc covid hosp,0,2026-08-15,20,quantile,0.45,6.0
2026-08-15,wk inc covid hosp,0,2026-08-15,20,quantile,0.5,6.0
2026-08-15,wk inc covid hosp,0,2026-08-15,20,quantile,0.55,6.0
2026-08-15,wk inc covid hosp,0,2026-08-15,20,quantile,0.6,7.0
2026-08-15,wk inc covid hosp,0,2026-08-15,20,quantile,0.65,7.0
2026-08-15,wk inc covid hosp,0,2026-08-15,20,quantile,0.7,8.0
2026-08-15,wk inc covid hosp,0,2026-08-15,20,quantile,0.75,9.0
2026-08-15,wk inc covid hosp,0,2026-08-15,20,quantile,0.8,10.0
2026-08-15,wk inc covid hosp,0,2026-08-15,20,quantile,0.85,12.0
2026-08-15,wk inc covid hosp,0,2026-08-15,20,quantile,0.9,14.0
2026-08-15,wk inc covid hosp,0,2026-08-15,20,quantile,0.95,18.0
2026-08-15,wk inc covid hosp,0,2026-08-15,20,quantile,0.975,28.524999999999977
2026-08-15,wk inc covid hosp,0,2026-08-15,20,quantile,0.99,43.01999999999998
2026-08-15,wk inc covid hosp,0,2026-08-15,21,quantile,0.01,0.0
2026-08-15,wk inc covid hosp,0,2026-08-15,21,quantile,0.025,0.0
2026-08-15,wk inc covid hosp,0,2026-08-15,21,quantile,0.05,0.0
2026-08-15,wk inc covid hosp,0,2026-08-15,21,quantile,0.1,0.0
2026-08-15,wk inc covid hosp,0,2026-08-15,21,quantile,0.15,0.0
2026-08-15,wk inc covid hosp,0,2026-08-15,21,quantile,0.2,1.0
2026-08-15,wk inc covid hosp,0,2026-08-15,21,quantile,0.25,3.0
2026-08-15,wk inc covid hosp,0,2026-08-15,21,quantile,0.3,4.0
2026-08-15,wk inc covid hosp,0,2026-08-15,21,quantile,0.35,5.0
2026-08-15,wk inc covid hosp,0,2026-08-15,21,quantile,0.4,6.0
2026-08-15,wk inc covid hosp,0,2026-08-15,21,quantile,0.45,7.0
2026-08-15,wk inc covid hosp,0,2026-08-15,21,quantile,0.5,8.0
2026-08-15,wk inc covid hosp,0,2026-08-15,21,quantile,0.55,8.0
2026-08-15,wk inc covid hosp,0,2026-08-15,21,quantile,0.6,9.0
2026-08-15,wk inc covid hosp,0,2026-08-15,21,quantile,0.65,10.0
2026-08-15,wk inc covid hosp,0,2026-08-15,21,quantile,0.7,10.0
2026-08-15,wk inc covid hosp,0,2026-08-15,21,quantile,0.75,12.0
2026-08-15,wk inc covid hosp,0,2026-08-15,21,quantile,0.8,13.0
2026-08-15,wk inc covid hosp,0,2026-08-15,21,quantile,0.85,14.0
2026-08-15,wk inc covid hosp,0,2026-08-15,21,quantile,0.9,17.0
2026-08-15,wk inc covid hosp,0,2026-08-15,21,quantile,0.95,23.0
2026-08-15,wk inc covid hosp,0,2026-08-15,21,quantile,0.975,31.524999999999977
2026-08-15,wk inc covid hosp,0,2026-08-15,21,quantile,0.99,46.039999999999964
2026-08-15,wk inc covid hosp,0,2026-08-15,22,quantile,0.01,12.0
2026-08-15,wk inc covid hosp,0,2026-08-15,22,quantile,0.025,21.0
2026-08-15,wk inc covid hosp,0,2026-08-15,22,quantile,0.05,33.0
2026-08-15,wk inc covid hosp,0,2026-08-15,22,quantile,0.1,39.0
2026-08-15,wk inc covid hosp,0,2026-08-15,22,quantile,0.15,43.0
2026-08-15,wk inc covid hosp,0,2026-08-15,22,quantile,0.2,46.0
2026-08-15,wk inc covid hosp,0,2026-08-15,22,quantile,0.25,48.0
2026-08-15,wk inc covid hosp,0,2026-08-15,22,quantile,0.3,51.0
2026-08-15,wk inc covid hosp,0,2026-08-15,22,quantile,0.35,53.0
2026-08-15,wk inc covid hosp,0,2026-08-15,22,quantile,0.4,55.0
2026-08-15,wk inc covid hosp,0,2026-08-15,22,quantile,0.45,57.0
2026-08-15,wk inc covid hosp,0,2026-08-15,22,quantile,0.5,58.0
2026-08-15,wk inc covid hosp,0,2026-08-15,22,quantile,0.55,59.450000000000045
2026-08-15,wk inc covid hosp,0,2026-08-15,22,quantile,0.6,61.0
2026-08-15,wk inc covid hosp,0,2026-08-15,22,quantile,0.65,63.0
2026-08-15,wk inc covid hosp,0,2026-08-15,22,quantile,0.7,66.0
2026-08-15,wk inc covid hosp,0,2026-08-15,22,quantile,0.75,69.25
2026-08-15,wk inc covid hosp,0,2026-08-15,22,quantile,0.8,72.0
2026-08-15,wk inc covid hosp,0,2026-08-15,22,quantile,0.85,77.0
2026-08-15,wk inc covid hosp,0,2026-08-15,22,quantile,0.9,82.10000000000002
2026-08-15,wk inc covid hosp,0,2026-08-15,22,quantile,0.95,96.04999999999995
2026-08-15,wk inc covid hosp,0,2026-08-15,22,quantile,0.975,115.14999999999986
2026-08-15,wk inc covid hosp,0,2026-08-15,22,quantile,0.99,149.15999999999985
2026-08-15,wk inc covid hosp,0,2026-08-15,23,quantile,0.01,0.0
2026-08-15,wk inc covid hosp,0,2026-08-15,23,quantile,0.025,0.0
2026-08-15,wk inc covid hosp,0,2026-08-15,23,quantile,0.05,0.0
2026-08-15,wk inc covid hosp,0,2026-08-15,23,quantile,0.1,0.0
2026-08-15,wk inc covid hosp,0,2026-08-15,23,quantile,0.15,0.0
2026-08-15,wk inc covid hosp,0,2026-08-15,23,quantile,0.2,0.0
2026-08-15,wk inc covid hosp,0,2026-08-15,23,quantile,0.25,0.0
2026-08-15,wk inc covid hosp,0,2026-08-15,23,quantile,0.3,0.0
2026-08-15,wk inc covid hosp,0,2026-08-15,23,quantile,0.35,1.0
2026-08-15,wk inc covid hosp,0,2026-08-15,23,quantile,0.4,1.0
2026-08-15,wk inc covid hosp,0,2026-08-15,23,quantile,0.45,1.0
2026-08-15,wk inc covid hosp,0,2026-08-15,23,quantile,0.5,2.0
2026-08-15,wk inc covid hosp,0,2026-08-15,23,quantile,0.55,2.0
2026-08-15,wk inc covid hosp,0,2026-08-15,23,quantile,0.6,2.0
2026-08-15,wk inc covid hosp,0,2026-08-15,23,quantile,0.65,2.0
2026-08-15,wk inc covid hosp,0,2026-08-15,23,quantile,0.7,2.0
2026-08-15,wk inc covid hosp,0,2026-08-15,23,quantile,0.75,3.0
2026-08-15,wk inc covid hosp,0,2026-08-15,23,quantile,0.8,3.0
2026-08-15,wk inc covid hosp,0,2026-08-15,23,quantile,0.85,4.0
2026-08-15,wk inc covid hosp,0,2026-08-15,23,quantile,0.9,5.0
2026-08-15,wk inc covid hosp,0,2026-08-15,23,quantile,0.95,7.0
2026-08-15,wk inc covid hosp,0,2026-08-15,23,quantile,0.975,9.524999999999977
2026-08-15,wk inc covid hosp,0,2026-08-15,23,quantile,0.99,22.019999999999982
2026-08-15,wk inc covid hosp,0,2026-08-15,24,quantile,0.01,0.0
2026-08-15,wk inc covid hosp,0,2026-08-15,24,quantile,0.025,0.0
2026-08-15,wk inc covid hosp,0,2026-08-15,24,quantile,0.05,0.0
2026-08-15,wk inc covid hosp,0,2026-08-15,24,quantile,0.1,0.0
2026-08-15,wk inc covid hosp,0,2026-08-15,24,quantile,0.15,2.0
2026-08-15,wk inc covid hosp,0,2026-08-15,24,quantile,0.2,4.0
2026-08-15,wk inc covid hosp,0,2026-08-15,24,quantile,0.25,6.0
2026-08-15,wk inc covid hosp,0,2026-08-15,24,quantile,0.3,7.0
2026-08-15,wk inc covid hosp,0,2026-08-15,24,quantile,0.35,8.0
2026-08-15,wk inc covid hosp,0,2026-08-15,24,quantile,0.4,9.0
2026-08-15,wk inc covid hosp,0,2026-08-15,24,quantile,0.45,9.0
2026-08-15,wk inc covid hosp,0,2026-08-15,24,quantile,0.5,10.0
2026-08-15,wk inc covid hosp,0,2026-08-15,24,quantile,0.55,11.0
2026-08-15,wk inc covid hosp,0,2026-08-15,24,quantile,0.6,11.0
2026-08-15,wk inc covid hosp,0,2026-08-15,24,quantile,0.65,12.0
2026-08-15,wk inc covid hosp,0,2026-08-15,24,quantile,0.7,13.0
2026-08-15,wk inc covid hosp,0,2026-08-15,24,quantile,0.75,15.0
2026-08-15,wk inc covid hosp,0,2026-08-15,24,quantile,0.8,16.0
2026-08-15,wk inc covid hosp,0,2026-08-15,24,quantile,0.85,18.0
2026-08-15,wk inc covid hosp,0,2026-08-15,24,quantile,0.9,21.100000000000023
2026-08-15,wk inc covid hosp,0,2026-08-15,24,quantile,0.95,25.09999999999991
2026-08-15,wk inc covid hosp,0,2026-08-15,24,quantile,0.975,36.0
2026-08-15,wk inc covid hosp,0,2026-08-15,24,quantile,0.99,51.0
2026-08-15,wk inc covid hosp,0,2026-08-15,25,quantile,0.01,0.0
2026-08-15,wk inc covid hosp,0,2026-08-15,25,quantile,0.025,0.0
2026-08-15,wk inc covid hosp,0,2026-08-15,25,quantile,0.05,0.0
2026-08-15,wk inc covid hosp,0,2026-08-15,25,quantile,0.1,0.0
2026-08-15,wk inc covid hosp,0,2026-08-15,25,quantile,0.15,0.0
2026-08-15,wk inc covid hosp,0,2026-08-15,25,quantile,0.2,2.0
2026-08-15,wk inc covid hosp,0,2026-08-15,25,quantile,0.25,4.0
2026-08-15,wk inc covid hosp,0,2026-08-15,25,quantile,0.3,6.0
2026-08-15,wk inc covid hosp,0,2026-08-15,25,quantile,0.35,7.0
2026-08-15,wk inc covid hosp,0,2026-08-15,25,quantile,0.4,9.0
2026-08-15,wk inc covid hosp,0,2026-08-15,25,quantile,0.45,10.0
2026-08-15,wk inc covid hosp,0,2026-08-15,25,quantile,0.5,11.0
2026-08-15,wk inc covid hosp,0,2026-08-15,25,quantile,0.55,11.450000000000045
2026-08-15,wk inc covid hosp,0,2026-08-15,25,quantile,0.6,12.0
2026-08-15,wk inc covid hosp,0,2026-08-15,25,quantile,0.65,13.0
2026-08-15,wk inc covid hosp,0,2026-08-15,25,quantile,0.7,14.0
2026-08-15,wk inc covid hosp,0,2026-08-15,25,quantile,0.75,16.0
2026-08-15,wk inc covid hosp,0,2026-08-15,25,quantile,0.8,18.0
2026-08-15,wk inc covid hosp,0,2026-08-15,25,quantile,0.85,21.0
2026-08-15,wk inc covid hosp,0,2026-08-15,25,quantile,0.9,26.0
2026-08-15,wk inc covid hosp,0,2026-08-15,25,quantile,0.95,33.0
2026-08-15,wk inc covid hosp,0,2026-08-15,25,quantile,0.975,41.52499999999998
2026-08-15,wk inc covid hosp,0,2026-08-15,25,quantile,0.99,58.02999999999997
2026-08-15,wk inc covid hosp,0,2026-08-15,26,quantile,0.01,0.0
2026-08-15,wk inc covid hosp,0,2026-08-15,26,quantile,0.025,0.0
2026-08-15,wk inc covid hosp,0,2026-08-15,26,quantile,0.05,0.0
2026-08-15,wk inc covid hosp,0,2026-08-15,26,quantile,0.1,0.0
2026-08-15,wk inc covid hosp,0,2026-08-15,26,quantile,0.15,0.0
2026-08-15,wk inc covid hosp,0,2026-08-15,26,quantile,0.2,4.0
2026-08-15,wk inc covid hosp,0,2026-08-15,26,quantile,0.25,7.0
2026-08-15,wk inc covid hosp,0,2026-08-15,26,quantile,0.3,9.0
2026-08-15,wk inc covid hosp,0,2026-08-15,26,quantile,0.35,11.0
2026-08-15,wk inc covid hosp,0,2026-08-15,26,quantile,0.4,12.0
2026-08-15,wk inc covid hosp,0,2026-08-15,26,quantile,0.45,14.0
2026-08-15,wk inc covid hosp,0,2026-08-15,26,quantile,0.5,15.0
2026-08-15,wk inc covid hosp,0,2026-08-15,26,quantile,0.55,16.0
2026-08-15,wk inc covid hosp,0,2026-08-15,26,quantile,0.6,18.0
2026-08-15,wk inc covid hosp,0,2026-08-15,26,quantile,0.65,20.0
2026-08-15,wk inc covid hosp,0,2026-08-15,26,quantile,0.7,22.0
2026-08-15,wk inc covid hosp,0,2026-08-15,26,quantile,0.75,26.0
2026-08-15,wk inc covid hosp,0,2026-08-15,26,quantile,0.8,29.0
2026-08-15,wk inc covid hosp,0,2026-08-15,26,quantile,0.85,33.0
2026-08-15,wk inc covid hosp,0,2026-08-15,26,quantile,0.9,38.0
2026-08-15,wk inc covid hosp,0,2026-08-15,26,quantile,0.95,49.049999999999955
2026-08-15,wk inc covid hosp,0,2026-08-15,26,quantile,0.975,68.57499999999993
2026-08-15,wk inc covid hosp,0,2026-08-15,26,quantile,0.99,94.13999999999987
2026-08-15,wk inc covid hosp,0,2026-08-15,27,quantile,0.01,0.0
2026-08-15,wk inc covid hosp,0,2026-08-15,27,quantile,0.025,0.0
2026-08-15,wk inc covid hosp,0,2026-08-15,27,quantile,0.05,0.0
2026-08-15,wk inc covid hosp,0,2026-08-15,27,quantile,0.1,0.0
2026-08-15,wk inc covid hosp,0,2026-08-15,27,quantile,0.15,2.0
2026-08-15,wk inc covid hosp,0,2026-08-15,27,quantile,0.2,4.0
2026-08-15,wk inc covid hosp,0,2026-08-15,27,quantile,0.25,5.0
2026-08-15,wk inc covid hosp,0,2026-08-15,27,quantile,0.3,6.699999999999989
2026-08-15,wk inc covid hosp,0,2026-08-15,27,quantile,0.35,8.0
2026-08-15,wk inc covid hosp,0,2026-08-15,27,quantile,0.4,9.0
2026-08-15,wk inc covid hosp,0,2026-08-15,27,quantile,0.45,10.0
2026-08-15,wk inc covid hosp,0,2026-08-15,27,quantile,0.5,10.0
2026-08-15,wk inc covid hosp,0,2026-08-15,27,quantile,0.55,11.0
2026-08-15,wk inc covid hosp,0,2026-08-15,27,quantile,0.6,11.0
2026-08-15,wk inc covid hosp,0,2026-08-15,27,quantile,0.65,12.0
2026-08-15,wk inc covid hosp,0,2026-08-15,27,quantile,0.7,14.0
2026-08-15,wk inc covid hosp,0,2026-08-15,27,quantile,0.75,15.0
2026-08-15,wk inc covid hosp,0,2026-08-15,27,quantile,0.8,17.0
2026-08-15,wk inc covid hosp,0,2026-08-15,27,quantile,0.85,20.0
2026-08-15,wk inc covid hosp,0,2026-08-15,27,quantile,0.9,22.0
2026-08-15,wk inc covid hosp,0,2026-08-15,27,quantile,0.95,27.09999999999991
2026-08-15,wk inc covid hosp,0,2026-08-15,27,quantile,0.975,37.0
2026-08-15,wk inc covid hosp,0,2026-08-15,27,quantile,0.99,53.039999999999964
2026-08-15,wk inc covid hosp,0,2026-08-15,28,quantile,0.01,5.99
2026-08-15,wk inc covid hosp,0,2026-08-15,28,quantile,0.025,8.0
2026-08-15,wk inc covid hosp,0,2026-08-15,28,quantile,0.05,12.0
2026-08-15,wk inc covid hosp,0,2026-08-15,28,quantile,0.1,15.0
2026-08-15,wk inc covid hosp,0,2026-08-15,28,quantile,0.15,17.0
2026-08-15,wk inc covid hosp,0,2026-08-15,28,quantile,0.2,18.80000000000001
2026-08-15,wk inc covid hosp,0,2026-08-15,28,quantile,0.25,20.0
2026-08-15,wk inc covid hosp,0,2026-08-15,28,quantile,0.3,21.0
2026-08-15,wk inc covid hosp,0,2026-08-15,28,quantile,0.35,22.0
2026-08-15,wk inc covid hosp,0,2026-08-15,28,quantile,0.4,22.0
2026-08-15,wk inc covid hosp,0,2026-08-15,28,quantile,0.45,23.0
2026-08-15,wk inc covid hosp,0,2026-08-15,28,quantile,0.5,24.0
2026-08-15,wk inc covid hosp,0,2026-08-15,28,quantile,0.55,24.0
2026-08-15,wk inc covid hosp,0,2026-08-15,28,quantile,0.6,25.0
2026-08-15,wk inc covid hosp,0,2026-08-15,28,quantile,0.65,25.350000000000023
2026-08-15,wk inc covid hosp,0,2026-08-15,28,quantile,0.7,27.0
2026-08-15,wk inc covid hosp,0,2026-08-15,28,quantile,0.75,27.25
2026-08-15,wk inc covid hosp,0,2026-08-15,28,quantile,0.8,29.0
2026-08-15,wk inc covid hosp,0,2026-08-15,28,quantile,0.85,30.0
2026-08-15,wk inc covid hosp,0,2026-08-15,28,quantile,0.9,33.0
2026-08-15,wk inc covid hosp,0,2026-08-15,28,quantile,0.95,38.049999999999955
2026-08-15,wk inc covid hosp,0,2026-08-15,28,quantile,0.975,52.52499999999998
2026-08-15,wk inc covid hosp,0,2026-08-15,28,quantile,0.99,62.00999999999999
2026-08-15,wk inc covid hosp,0,2026-08-15,29,quantile,0.01,0.0
2026-08-15,wk inc covid hosp,0,2026-08-15,29,quantile,0.025,0.0
2026-08-15,wk inc covid hosp,0,2026-08-15,29,quantile,0.05,0.0
2026-08-15,wk inc covid hosp,0,2026-08-15,29,quantile,0.1,0.0
2026-08-15,wk inc covid hosp,0,2026-08-15,29,quantile,0.15,1.0
2026-08-15,wk inc covid hosp,0,2026-08-15,29,quantile,0.2,3.0
2026-08-15,wk inc covid hosp,0,2026-08-15,29,quantile,0.25,5.0
2026-08-15,wk inc covid hosp,0,2026-08-15,29,quantile,0.3,6.0
2026-08-15,wk inc covid hosp,0,2026-08-15,29,quantile,0.35,8.0
2026-08-15,wk inc covid hosp,0,2026-08-15,29,quantile,0.4,9.0
2026-08-15,wk inc covid hosp,0,2026-08-15,29,quantile,0.45,10.0
2026-08-15,wk inc covid hosp,0,2026-08-15,29,quantile,0.5,11.0
2026-08-15,wk inc covid hosp,0,2026-08-15,29,quantile,0.55,11.0
2026-08-15,wk inc covid hosp,0,2026-08-15,29,quantile,0.6,12.0
2026-08-15,wk inc covid hosp,0,2026-08-15,29,quantile,0.65,13.0
2026-08-15,wk inc covid hosp,0,2026-08-15,29,quantile,0.7,15.0
2026-08-15,wk inc covid hosp,0,2026-08-15,29,quantile,0.75,16.0
2026-08-15,wk inc covid hosp,0,2026-08-15,29,quantile,0.8,17.200000000000045
2026-08-15,wk inc covid hosp,0,2026-08-15,29,quantile,0.85,20.0
2026-08-15,wk inc covid hosp,0,2026-08-15,29,quantile,0.9,23.100000000000023
2026-08-15,wk inc covid hosp,0,2026-08-15,29,quantile,0.95,27.0
2026-08-15,wk inc covid hosp,0,2026-08-15,29,quantile,0.975,37.0
2026-08-15,wk inc covid hosp,0,2026-08-15,29,quantile,0.99,51.049999999999955
2026-08-15,wk inc covid hosp,0,2026-08-15,30,quantile,0.01,0.0
2026-08-15,wk inc covid hosp,0,2026-08-15,30,quantile,0.025,0.0
2026-08-15,wk inc covid hosp,0,2026-08-15,30,quantile,0.05,0.0
2026-08-15,wk inc covid hosp,0,2026-08-15,30,quantile,0.1,0.0
2026-08-15,wk inc covid hosp,0,2026-08-15,30,quantile,0.15,0.0
2026-08-15,wk inc covid hosp,0,2026-08-15,30,quantile,0.2,0.0
2026-08-15,wk inc covid hosp,0,2026-08-15,30,quantile,0.25,0.0
2026-08-15,wk inc covid hosp,0,2026-08-15,30,quantile,0.3,0.0
2026-08-15,wk inc covid hosp,0,2026-08-15,30,quantile,0.35,1.0
2026-08-15,wk inc covid hosp,0,2026-08-15,30,quantile,0.4,1.0
2026-08-15,wk inc covid hosp,0,2026-08-15,30,quantile,0.45,2.0
2026-08-15,wk inc covid hosp,0,2026-08-15,30,quantile,0.5,2.0
2026-08-15,wk inc covid hosp,0,2026-08-15,30,quantile,0.55,2.0
2026-08-15,wk inc covid hosp,0,2026-08-15,30,quantile,0.6,2.0
2026-08-15,wk inc covid hosp,0,2026-08-15,30,quantile,0.65,3.0
2026-08-15,wk inc covid hosp,0,2026-08-15,30,quantile,0.7,3.0
2026-08-15,wk inc covid hosp,0,2026-08-15,30,quantile,0.75,4.0
2026-08-15,wk inc covid hosp,0,2026-08-15,30,quantile,0.8,5.0
2026-08-15,wk inc covid hosp,0,2026-08-15,30,quantile,0.85,6.0
2026-08-15,wk inc covid hosp,0,2026-08-15,30,quantile,0.9,8.0
2026-08-15,wk inc covid hosp,0,2026-08-15,30,quantile,0.95,12.049999999999955
2026-08-15,wk inc covid hosp,0,2026-08-15,30,quantile,0.975,18.049999999999955
2026-08-15,wk inc covid hosp,0,2026-08-15,30,quantile,0.99,23.0
2026-08-15,wk inc covid hosp,0,2026-08-15,31,quantile,0.01,0.0
2026-08-15,wk inc covid hosp,0,2026-08-15,31,quantile,0.025,0.0
2026-08-15,wk inc covid hosp,0,2026-08-15,31,quantile,0.05,0.0
2026-08-15,wk inc covid hosp,0,2026-08-15,31,quantile,0.1,0.0
2026-08-15,wk inc covid hosp,0,2026-08-15,31,quantile,0.15,0.0
2026-08-15,wk inc covid hosp,0,2026-08-15,31,quantile,0.2,0.0
2026-08-15,wk inc covid hosp,0,2026-08-15,31,quantile,0.25,0.0
2026-08-15,wk inc covid hosp,0,2026-08-15,31,quantile,0.3,1.0
2026-08-15,wk inc covid hosp,0,2026-08-15,31,quantile,0.35,1.0
2026-08-15,wk inc covid hosp,0,2026-08-15,31,quantile,0.4,2.0
2026-08-15,wk inc covid hosp,0,2026-08-15,31,quantile,0.45,2.0
2026-08-15,wk inc covid hosp,0,2026-08-15,31,quantile,0.5,2.0
2026-08-15,wk inc covid hosp,0,2026-08-15,31,quantile,0.55,3.0
2026-08-15,wk inc covid hosp,0,2026-08-15,31,quantile,0.6,3.0
2026-08-15,wk inc covid hosp,0,2026-08-15,31,quantile,0.65,3.0
2026-08-15,wk inc covid hosp,0,2026-08-15,31,quantile,0.7,4.0
2026-08-15,wk inc covid hosp,0,2026-08-15,31,quantile,0.75,5.0
2026-08-15,wk inc covid hosp,0,2026-08-15,31,quantile,0.8,5.0
2026-08-15,wk inc covid hosp,0,2026-08-15,31,quantile,0.85,6.0
2026-08-15,wk inc covid hosp,0,2026-08-15,31,quantile,0.9,8.0
2026-08-15,wk inc covid hosp,0,2026-08-15,31,quantile,0.95,12.0
2026-08-15,wk inc covid hosp,0,2026-08-15,31,quantile,0.975,14.0
2026-08-15,wk inc covid hosp,0,2026-08-15,31,quantile,0.99,22.0
2026-08-15,wk inc covid hosp,0,2026-08-15,32,quantile,0.01,0.0
2026-08-15,wk inc covid hosp,0,2026-08-15,32,quantile,0.025,2.4750000000000014
2026-08-15,wk inc covid hosp,0,2026-08-15,32,quantile,0.05,6.0
2026-08-15,wk inc covid hosp,0,2026-08-15,32,quantile,0.1,11.0
2026-08-15,wk inc covid hosp,0,2026-08-15,32,quantile,0.15,13.0
2026-08-15,wk inc covid hosp,0,2026-08-15,32,quantile,0.2,14.0
2026-08-15,wk inc covid hosp,0,2026-08-15,32,quantile,0.25,15.0
2026-08-15,wk inc covid hosp,0,2026-08-15,32,quantile,0.3,16.0
2026-08-15,wk inc covid hosp,0,2026-08-15,32,quantile,0.35,17.0
2026-08-15,wk inc covid hosp,0,2026-08-15,32,quantile,0.4,18.0
2026-08-15,wk inc covid hosp,0,2026-08-15,32,quantile,0.45,18.0
2026-08-15,wk inc covid hosp,0,2026-08-15,32,quantile,0.5,19.0
2026-08-15,wk inc covid hosp,0,2026-08-15,32,quantile,0.55,19.0
2026-08-15,wk inc covid hosp,0,2026-08-15,32,quantile,0.6,20.0
2026-08-15,wk inc covid hosp,0,2026-08-15,32,quantile,0.65,20.0
2026-08-15,wk inc covid hosp,0,2026-08-15,32,quantile,0.7,21.0
2026-08-15,wk inc covid hosp,0,2026-08-15,32,quantile,0.75,22.25
2026-08-15,wk inc covid hosp,0,2026-08-15,32,quantile,0.8,24.0
2026-08-15,wk inc covid hosp,0,2026-08-15,32,quantile,0.85,25.0
2026-08-15,wk inc covid hosp,0,2026-08-15,32,quantile,0.9,27.0
2026-08-15,wk inc covid hosp,0,2026-08-15,32,quantile,0.95,33.0
2026-08-15,wk inc covid hosp,0,2026-08-15,32,quantile,0.975,40.049999999999955
2026-08-15,wk inc covid hosp,0,2026-08-15,32,quantile,0.99,48.02999999999997
2026-08-15,wk inc covid hosp,0,2026-08-15,33,quantile,0.01,0.0
2026-08-15,wk inc covid hosp,0,2026-08-15,33,quantile,0.025,0.0
2026-08-15,wk inc covid hosp,0,2026-08-15,33,quantile,0.05,0.0
2026-08-15,wk inc covid hosp,0,2026-08-15,33,quantile,0.1,0.0
2026-08-15,wk inc covid hosp,0,2026-08-15,33,quantile,0.15,0.0
2026-08-15,wk inc covid hosp,0,2026-08-15,33,quantile,0.2,0.0
2026-08-15,wk inc covid hosp,0,2026-08-15,33,quantile,0.25,1.0
2026-08-15,wk inc covid hosp,0,2026-08-15,33,quantile,0.3,1.0
2026-08-15,wk inc covid hosp,0,2026-08-15,33,quantile,0.35,1.0
2026-08-15,wk inc covid hosp,0,2026-08-15,33,quantile,0.4,2.0
2026-08-15,wk inc covid hosp,0,2026-08-15,33,quantile,0.45,2.0
2026-08-15,wk inc covid hosp,0,2026-08-15,33,quantile,0.5,2.0
2026-08-15,wk inc covid hosp,0,2026-08-15,33,quantile,0.55,2.0
2026-08-15,wk inc covid hosp,0,2026-08-15,33,quantile,0.6,3.0
2026-08-15,wk inc covid hosp,0,2026-08-15,33,quantile,0.65,3.0
2026-08-15,wk inc covid hosp,0,2026-08-15,33,quantile,0.7,3.0
2026-08-15,wk inc covid hosp,0,2026-08-15,33,quantile,0.75,4.0
2026-08-15,wk inc covid hosp,0,2026-08-15,33,quantile,0.8,4.0
2026-08-15,wk inc covid hosp,0,2026-08-15,33,quantile,0.85,5.0
2026-08-15,wk inc covid hosp,0,2026-08-15,33,quantile,0.9,5.100000000000023
2026-08-15,wk inc covid hosp,0,2026-08-15,33,quantile,0.95,7.0
2026-08-15,wk inc covid hosp,0,2026-08-15,33,quantile,0.975,10.0
2026-08-15,wk inc covid hosp,0,2026-08-15,33,quantile,0.99,16.0
2026-08-15,wk inc covid hosp,0,2026-08-15,34,quantile,0.01,0.0
2026-08-15,wk inc covid hosp,0,2026-08-15,34,quantile,0.025,3.0
2026-08-15,wk inc covid hosp,0,2026-08-15,34,quantile,0.05,10.0
2026-08-15,wk inc covid hosp,0,2026-08-15,34,quantile,0.1,17.900000000000006
2026-08-15,wk inc covid hosp,0,2026-08-15,34,quantile,0.15,22.0
2026-08-15,wk inc covid hosp,0,2026-08-15,34,quantile,0.2,24.0
2026-08-15,wk inc covid hosp,0,2026-08-15,34,quantile,0.25,28.0
2026-08-15,wk inc covid hosp,0,2026-08-15,34,quantile,0.3,31.0
2026-08-15,wk inc covid hosp,0,2026-08-15,34,quantile,0.35,33.0
2026-08-15,wk inc covid hosp,0,2026-08-15,34,quantile,0.4,35.0
2026-08-15,wk inc covid hosp,0,2026-08-15,34,quantile,0.45,36.0
2026-08-15,wk inc covid hosp,0,2026-08-15,34,quantile,0.5,38.0
2026-08-15,wk inc covid hosp,0,2026-08-15,34,quantile,0.55,38.0
2026-08-15,wk inc covid hosp,0,2026-08-15,34,quantile,0.6,40.0
2026-08-15,wk inc covid hosp,0,2026-08-15,34,quantile,0.65,42.0
2026-08-15,wk inc covid hosp,0,2026-08-15,34,quantile,0.7,44.0
2026-08-15,wk inc covid hosp,0,2026-08-15,34,quantile,0.75,46.0
2026-08-15,wk inc covid hosp,0,2026-08-15,34,quantile,0.8,49.0
2026-08-15,wk inc covid hosp,0,2026-08-15,34,quantile,0.85,54.0
2026-08-15,wk inc covid hosp,0,2026-08-15,34,quantile,0.9,60.0
2026-08-15,wk inc covid hosp,0,2026-08-15,34,quantile,0.95,72.14999999999986
2026-08-15,wk inc covid hosp,0,2026-08-15,34,quantile,0.975,94.67499999999984
2026-08-15,wk inc covid hosp,0,2026-08-15,34,quantile,0.99,129.03999999999996
2026-08-15,wk inc covid hosp,0,2026-08-15,35,quantile,0.01,0.0
2026-08-15,wk inc covid hosp,0,2026-08-15,35,quantile,0.025,0.0
2026-08-15,wk inc covid hosp,0,2026-08-15,35,quantile,0.05,0.0
2026-08-15,wk inc covid hosp,0,2026-08-15,35,quantile,0.1,0.0
2026-08-15,wk inc covid hosp,0,2026-08-15,35,quantile,0.15,1.0
2026-08-15,wk inc covid hosp,0,2026-08-15,35,quantile,0.2,1.0
2026-08-15,wk inc covid hosp,0,2026-08-15,35,quantile,0.25,2.0
2026-08-15,wk inc covid hosp,0,2026-08-15,35,quantile,0.3,3.0
2026-08-15,wk inc covid hosp,0,2026-08-15,35,quantile,0.35,3.0
2026-08-15,wk inc covid hosp,0,2026-08-15,35,quantile,0.4,4.0
2026-08-15,wk inc covid hosp,0,2026-08-15,35,quantile,0.45,4.0
2026-08-15,wk inc covid hosp,0,2026-08-15,35,quantile,0.5,4.0
2026-08-15,wk inc covid hosp,0,2026-08-15,35,quantile,0.55,4.0
2026-08-15,wk inc covid hosp,0,2026-08-15,35,quantile,0.6,5.0
2026-08-15,wk inc covid hosp,0,2026-08-15,35,quantile,0.65,5.0
2026-08-15,wk inc covid hosp,0,2026-08-15,35,quantile,0.7,6.0
2026-08-15,wk inc covid hosp,0,2026-08-15,35,quantile,0.75,6.0
2026-08-15,wk inc covid hosp,0,2026-08-15,35,quantile,0.8,7.0
2026-08-15,wk inc covid hosp,0,2026-08-15,35,quantile,0.85,8.0
2026-08-15,wk inc covid hosp,0,2026-08-15,35,quantile,0.9,9.0
2026-08-15,wk inc covid hosp,0,2026-08-15,35,quantile,0.95,12.0
2026-08-15,wk inc covid hosp,0,2026-08-15,35,quantile,0.975,16.0
2026-08-15,wk inc covid hosp,0,2026-08-15,35,quantile,0.99,20.00999999999999
2026-08-15,wk inc covid hosp,0,2026-08-15,36,quantile,0.01,0.0
2026-08-15,wk inc covid hosp,0,2026-08-15,36,quantile,0.025,22.750000000000014
2026-08-15,wk inc covid hosp,0,2026-08-15,36,quantile,0.05,48.900000000000006
2026-08-15,wk inc covid hosp,0,2026-08-15,36,quantile,0.1,71.0
2026-08-15,wk inc covid hosp,0,2026-08-15,36,quantile,0.15,78.0
2026-08-15,wk inc covid hosp,0,2026-08-15,36,quantile,0.2,86.0
2026-08-15,wk inc covid hosp,0,2026-08-15,36,quantile,0.25,91.0
2026-08-15,wk inc covid hosp,0,2026-08-15,36,quantile,0.3,99.0
2026-08-15,wk inc covid hosp,0,2026-08-15,36,quantile,0.35,102.0
2026-08-15,wk inc covid hosp,0,2026-08-15,36,quantile,0.4,107.0
2026-08-15,wk inc covid hosp,0,2026-08-15,36,quantile,0.45,112.0
2026-08-15,wk inc covid hosp,0,2026-08-15,36,quantile,0.5,116.0
2026-08-15,wk inc covid hosp,0,2026-08-15,36,quantile,0.55,118.0
2026-08-15,wk inc covid hosp,0,2026-08-15,36,quantile,0.6,121.39999999999998
2026-08-15,wk inc covid hosp,0,2026-08-15,36,quantile,0.65,126.0
2026-08-15,wk inc covid hosp,0,2026-08-15,36,quantile,0.7,133.0
2026-08-15,wk inc covid hosp,0,2026-08-15,36,quantile,0.75,139.0
2026-08-15,wk inc covid hosp,0,2026-08-15,36,quantile,0.8,147.20000000000005
2026-08-15,wk inc covid hosp,0,2026-08-15,36,quantile,0.85,157.0
2026-08-15,wk inc covid hosp,0,2026-08-15,36,quantile,0.9,164.10000000000002
2026-08-15,wk inc covid hosp,0,2026-08-15,36,quantile,0.95,186.04999999999995
2026-08-15,wk inc covid hosp,0,2026-08-15,36,quantile,0.975,229.6499999999994
2026-08-15,wk inc covid hosp,0,2026-08-15,36,quantile,0.99,282.03
2026-08-15,wk inc covid hosp,0,2026-08-15,37,quantile,0.01,17.990000000000002
2026-08-15,wk inc covid hosp,0,2026-08-15,37,quantile,0.025,25.0
2026-08-15,wk inc covid hosp,0,2026-08-15,37,quantile,0.05,35.900000000000006
2026-08-15,wk inc covid hosp,0,2026-08-15,37,quantile,0.1,47.80000000000001
2026-08-15,wk inc covid hosp,0,2026-08-15,37,quantile,0.15,54.0
2026-08-15,wk inc covid hosp,0,2026-08-15,37,quantile,0.2,59.0
2026-08-15,wk inc covid hosp,0,2026-08-15,37,quantile,0.25,63.75
2026-08-15,wk inc covid hosp,0,2026-08-15,37,quantile,0.3,67.0
2026-08-15,wk inc covid hosp,0,2026-08-15,37,quantile,0.35,70.0
2026-08-15,wk inc covid hosp,0,2026-08-15,37,quantile,0.4,73.0
2026-08-15,wk inc covid hosp,0,2026-08-15,37,quantile,0.45,76.55000000000001
2026-08-15,wk inc covid hosp,0,2026-08-15,37,quantile,0.5,79.5
2026-08-15,wk inc covid hosp,0,2026-08-15,37,quantile,0.55,81.0
2026-08-15,wk inc covid hosp,0,2026-08-15,37,quantile,0.6,83.0
2026-08-15,wk inc covid hosp,0,2026-08-15,37,quantile,0.65,85.0
2026-08-15,wk inc covid hosp,0,2026-08-15,37,quantile,0.7,88.0
2026-08-15,wk inc covid hosp,0,2026-08-15,37,quantile,0.75,92.25
2026-08-15,wk inc covid hosp,0,2026-08-15,37,quantile,0.8,97.0
2026-08-15,wk inc covid hosp,0,2026-08-15,37,quantile,0.85,104.0
2026-08-15,wk inc covid hosp,0,2026-08-15,37,quantile,0.9,111.0
2026-08-15,wk inc covid hosp,0,2026-08-15,37,quantile,0.95,126.0
2026-08-15,wk inc covid hosp,0,2026-08-15,37,quantile,0.975,139.0
2026-08-15,wk inc covid hosp,0,2026-08-15,37,quantile,0.99,169.01999999999998
2026-08-15,wk inc covid hosp,0,2026-08-15,38,quantile,0.01,0.0
2026-08-15,wk inc covid hosp,0,2026-08-15,38,quantile,0.025,0.0
2026-08-15,wk inc covid hosp,0,2026-08-15,38,quantile,0.05,0.0
2026-08-15,wk inc covid hosp,0,2026-08-15,38,quantile,0.1,0.0
2026-08-15,wk inc covid hosp,0,2026-08-15,38,quantile,0.15,0.0
2026-08-15,wk inc covid hosp,0,2026-08-15,38,quantile,0.2,0.0
2026-08-15,wk inc covid hosp,0,2026-08-15,38,quantile,0.25,0.0
2026-08-15,wk inc covid hosp,0,2026-08-15,38,quantile,0.3,0.0
2026-08-15,wk inc covid hosp,0,2026-08-15,38,quantile,0.35,1.0
2026-08-15,wk inc covid hosp,0,2026-08-15,38,quantile,0.4,1.0
2026-08-15,wk inc covid hosp,0,2026-08-15,38,quantile,0.45,1.0
2026-08-15,wk inc covid hosp,0,2026-08-15,38,quantile,0.5,1.0
2026-08-15,wk inc covid hosp,0,2026-08-15,38,quantile,0.55,1.0
2026-08-15,wk inc covid hosp,0,2026-08-15,38,quantile,0.6,1.0
2026-08-15,wk inc covid hosp,0,2026-08-15,38,quantile,0.65,2.0
2026-08-15,wk inc covid hosp,0,2026-08-15,38,quantile,0.7,2.0
2026-08-15,wk inc covid hosp,0,2026-08-15,38,quantile,0.75,2.0
2026-08-15,wk inc covid hosp,0,2026-08-15,38,quantile,0.8,2.0
2026-08-15,wk inc covid hosp,0,2026-08-15,38,quantile,0.85,3.0
2026-08-15,wk inc covid hosp,0,2026-08-15,38,quantile,0.9,3.0
2026-08-15,wk inc covid hosp,0,2026-08-15,38,quantile,0.95,4.0
2026-08-15,wk inc covid hosp,0,2026-08-15,38,quantile,0.975,6.0
2026-08-15,wk inc covid hosp,0,2026-08-15,38,quantile,0.99,9.0
2026-08-15,wk inc covid hosp,0,2026-08-15,39,quantile,0.01,0.0
2026-08-15,wk inc covid hosp,0,2026-08-15,39,quantile,0.025,0.0
2026-08-15,wk inc covid hosp,0,2026-08-15,39,quantile,0.05,0.0
2026-08-15,wk inc covid hosp,0,2026-08-15,39,quantile,0.1,0.0
2026-08-15,wk inc covid hosp,0,2026-08-15,39,quantile,0.15,4.0
2026-08-15,wk inc covid hosp,0,2026-08-15,39,quantile,0.2,8.0
2026-08-15,wk inc covid hosp,0,2026-08-15,39,quantile,0.25,11.0
2026-08-15,wk inc covid hosp,0,2026-08-15,39,quantile,0.3,14.0
2026-08-15,wk inc covid hosp,0,2026-08-15,39,quantile,0.35,16.0
2026-08-15,wk inc covid hosp,0,2026-08-15,39,quantile,0.4,18.0
2026-08-15,wk inc covid hosp,0,2026-08-15,39,quantile,0.45,20.0
2026-08-15,wk inc covid hosp,0,2026-08-15,39,quantile,0.5,22.0
2026-08-15,wk inc covid hosp,0,2026-08-15,39,quantile,0.55,23.0
2026-08-15,wk inc covid hosp,0,2026-08-15,39,quantile,0.6,24.0
2026-08-15,wk inc covid hosp,0,2026-08-15,39,quantile,0.65,25.350000000000023
2026-08-15,wk inc covid hosp,0,2026-08-15,39,quantile,0.7,29.0
2026-08-15,wk inc covid hosp,0,2026-08-15,39,quantile,0.75,31.0
2026-08-15,wk inc covid hosp,0,2026-08-15,39,quantile,0.8,34.0
2026-08-15,wk inc covid hosp,0,2026-08-15,39,quantile,0.85,39.14999999999998
2026-08-15,wk inc covid hosp,0,2026-08-15,39,quantile,0.9,43.10000000000002
2026-08-15,wk inc covid hosp,0,2026-08-15,39,quantile,0.95,52.049999999999955
2026-08-15,wk inc covid hosp,0,2026-08-15,39,quantile,0.975,65.0
2026-08-15,wk inc covid hosp,0,2026-08-15,39,quantile,0.99,77.1099999999999
2026-08-15,wk inc covid hosp,0,2026-08-15,40,quantile,0.01,0.0
2026-08-15,wk inc covid hosp,0,2026-08-15,40,quantile,0.025,0.0
2026-08-15,wk inc covid hosp,0,2026-08-15,40,quantile,0.05,0.0
2026-08-15,wk inc covid hosp,0,2026-08-15,40,quantile,0.1,3.9000000000000057
2026-08-15,wk inc covid hosp,0,2026-08-15,40,quantile,0.15,5.0
2026-08-15,wk inc covid hosp,0,2026-08-15,40,quantile,0.2,7.0
2026-08-15,wk inc covid hosp,0,2026-08-15,40,quantile,0.25,8.0
2026-08-15,wk inc covid hosp,0,2026-08-15,40,quantile,0.3,9.0
2026-08-15,wk inc covid hosp,0,2026-08-15,40,quantile,0.35,10.0
2026-08-15,wk inc covid hosp,0,2026-08-15,40,quantile,0.4,11.0
2026-08-15,wk inc covid hosp,0,2026-08-15,40,quantile,0.45,12.0
2026-08-15,wk inc covid hosp,0,2026-08-15,40,quantile,0.5,12.0
2026-08-15,wk inc covid hosp,0,2026-08-15,40,quantile,0.55,12.450000000000045
2026-08-15,wk inc covid hosp,0,2026-08-15,40,quantile,0.6,13.0
2026-08-15,wk inc covid hosp,0,2026-08-15,40,quantile,0.65,14.0
2026-08-15,wk inc covid hosp,0,2026-08-15,40,quantile,0.7,15.0
2026-08-15,wk inc covid hosp,0,2026-08-15,40,quantile,0.75,16.0
2026-08-15,wk inc covid hosp,0,2026-08-15,40,quantile,0.8,17.0
2026-08-15,wk inc covid hosp,0,2026-08-15,40,quantile,0.85,19.0
2026-08-15,wk inc covid hosp,0,2026-08-15,40,quantile,0.9,21.0
2026-08-15,wk inc covid hosp,0,2026-08-15,40,quantile,0.95,25.049999999999955
2026-08-15,wk inc covid hosp,0,2026-08-15,40,quantile,0.975,28.524999999999977
2026-08-15,wk inc covid hosp,0,2026-08-15,40,quantile,0.99,35.02999999999997
2026-08-15,wk inc covid hosp,0,2026-08-15,41,quantile,0.01,0.0
2026-08-15,wk inc covid hosp,0,2026-08-15,41,quantile,0.025,0.0
2026-08-15,wk inc covid hosp,0,2026-08-15,41,quantile,0.05,0.0
2026-08-15,wk inc covid hosp,0,2026-08-15,41,quantile,0.1,0.0
2026-08-15,wk inc covid hosp,0,2026-08-15,41,quantile,0.15,1.0
2026-08-15,wk inc covid hosp,0,2026-08-15,41,quantile,0.2,2.0
2026-08-15,wk inc covid hosp,0,2026-08-15,41,quantile,0.25,3.0
2026-08-15,wk inc covid hosp,0,2026-08-15,41,quantile,0.3,4.0
2026-08-15,wk inc covid hosp,0,2026-08-15,41,quantile,0.35,5.0
2026-08-15,wk inc covid hosp,0,2026-08-15,41,quantile,0.4,6.0
2026-08-15,wk inc covid hosp,0,2026-08-15,41,quantile,0.45,7.0
2026-08-15,wk inc covid hosp,0,2026-08-15,41,quantile,0.5,8.0
2026-08-15,wk inc covid hosp,0,2026-08-15,41,quantile,0.55,8.0
2026-08-15,wk inc covid hosp,0,2026-08-15,41,quantile,0.6,8.0
2026-08-15,wk inc covid hosp,0,2026-08-15,41,quantile,0.65,9.0
2026-08-15,wk inc covid hosp,0,2026-08-15,41,quantile,0.7,10.0
2026-08-15,wk inc covid hosp,0,2026-08-15,41,quantile,0.75,11.0
2026-08-15,wk inc covid hosp,0,2026-08-15,41,quantile,0.8,12.0
2026-08-15,wk inc covid hosp,0,2026-08-15,41,quantile,0.85,13.0
2026-08-15,wk inc covid hosp,0,2026-08-15,41,quantile,0.9,15.100000000000023
2026-08-15,wk inc covid hosp,0,2026-08-15,41,quantile,0.95,22.0
2026-08-15,wk inc covid hosp,0,2026-08-15,41,quantile,0.975,30.0
2026-08-15,wk inc covid hosp,0,2026-08-15,41,quantile,0.99,34.069999999999936
2026-08-15,wk inc covid hosp,0,2026-08-15,42,quantile,0.01,0.0
2026-08-15,wk inc covid hosp,0,2026-08-15,42,quantile,0.025,0.0
2026-08-15,wk inc covid hosp,0,2026-08-15,42,quantile,0.05,0.0
2026-08-15,wk inc covid hosp,0,2026-08-15,42,quantile,0.1,10.0
2026-08-15,wk inc covid hosp,0,2026-08-15,42,quantile,0.15,15.0
2026-08-15,wk inc covid hosp,0,2026-08-15,42,quantile,0.2,20.0
2026-08-15,wk inc covid hosp,0,2026-08-15,42,quantile,0.25,23.0
2026-08-15,wk inc covid hosp,0,2026-08-15,42,quantile,0.3,27.0
2026-08-15,wk inc covid hosp,0,2026-08-15,42,quantile,0.35,29.0
2026-08-15,wk inc covid hosp,0,2026-08-15,42,quantile,0.4,31.0
2026-08-15,wk inc covid hosp,0,2026-08-15,42,quantile,0.45,35.0
2026-08-15,wk inc covid hosp,0,2026-08-15,42,quantile,0.5,38.0
2026-08-15,wk inc covid hosp,0,2026-08-15,42,quantile,0.55,39.0
2026-08-15,wk inc covid hosp,0,2026-08-15,42,quantile,0.6,40.0
2026-08-15,wk inc covid hosp,0,2026-08-15,42,quantile,0.65,42.0
2026-08-15,wk inc covid hosp,0,2026-08-15,42,quantile,0.7,45.0
2026-08-15,wk inc covid hosp,0,2026-08-15,42,quantile,0.75,47.0
2026-08-15,wk inc covid hosp,0,2026-08-15,42,quantile,0.8,50.0
2026-08-15,wk inc covid hosp,0,2026-08-15,42,quantile,0.85,56.0
2026-08-15,wk inc covid hosp,0,2026-08-15,42,quantile,0.9,62.0
2026-08-15,wk inc covid hosp,0,2026-08-15,42,quantile,0.95,73.14999999999986
2026-08-15,wk inc covid hosp,0,2026-08-15,42,quantile,0.975,92.0
2026-08-15,wk inc covid hosp,0,2026-08-15,42,quantile,0.99,129.01999999999998
2026-08-15,wk inc covid hosp,0,2026-08-15,44,quantile,0.01,0.0
2026-08-15,wk inc covid hosp,0,2026-08-15,44,quantile,0.025,0.0
2026-08-15,wk inc covid hosp,0,2026-08-15,44,quantile,0.05,0.0
2026-08-15,wk inc covid hosp,0,2026-08-15,44,quantile,0.1,1.0
2026-08-15,wk inc covid hosp,0,2026-08-15,44,quantile,0.15,2.0
2026-08-15,wk inc covid hosp,0,2026-08-15,44,quantile,0.2,2.0
2026-08-15,wk inc covid hosp,0,2026-08-15,44,quantile,0.25,3.0
2026-08-15,wk inc covid hosp,0,2026-08-15,44,quantile,0.3,3.0
2026-08-15,wk inc covid hosp,0,2026-08-15,44,quantile,0.35,3.0
2026-08-15,wk inc covid hosp,0,2026-08-15,44,quantile,0.4,4.0
2026-08-15,wk inc covid hosp,0,2026-08-15,44,quantile,0.45,4.0
2026-08-15,wk inc covid hosp,0,2026-08-15,44,quantile,0.5,4.0
2026-08-15,wk inc covid hosp,0,2026-08-15,44,quantile,0.55,4.0
2026-08-15,wk inc covid hosp,0,2026-08-15,44,quantile,0.6,4.0
2026-08-15,wk inc covid hosp,0,2026-08-15,44,quantile,0.65,5.0
2026-08-15,wk inc covid hosp,0,2026-08-15,44,quantile,0.7,5.0
2026-08-15,wk inc covid hosp,0,2026-08-15,44,quantile,0.75,5.0
2026-08-15,wk inc covid hosp,0,2026-08-15,44,quantile,0.8,5.2000000000000455
2026-08-15,wk inc covid hosp,0,2026-08-15,44,quantile,0.85,6.0
2026-08-15,wk inc covid hosp,0,2026-08-15,44,quantile,0.9,7.0
2026-08-15,wk inc covid hosp,0,2026-08-15,44,quantile,0.95,8.0
2026-08-15,wk inc covid hosp,0,2026-08-15,44,quantile,0.975,10.524999999999977
2026-08-15,wk inc covid hosp,0,2026-08-15,44,quantile,0.99,13.019999999999982
2026-08-15,wk inc covid hosp,0,2026-08-15,45,quantile,0.01,0.0
2026-08-15,wk inc covid hosp,0,2026-08-15,45,quantile,0.025,0.0
2026-08-15,wk inc covid hosp,0,2026-08-15,45,quantile,0.05,4.0
2026-08-15,wk inc covid hosp,0,2026-08-15,45,quantile,0.1,7.0
2026-08-15,wk inc covid hosp,0,2026-08-15,45,quantile,0.15,10.849999999999994
2026-08-15,wk inc covid hosp,0,2026-08-15,45,quantile,0.2,13.0
2026-08-15,wk inc covid hosp,0,2026-08-15,45,quantile,0.25,15.0
2026-08-15,wk inc covid hosp,0,2026-08-15,45,quantile,0.3,16.0
2026-08-15,wk inc covid hosp,0,2026-08-15,45,quantile,0.35,17.0
2026-08-15,wk inc covid hosp,0,2026-08-15,45,quantile,0.4,19.0
2026-08-15,wk inc covid hosp,0,2026-08-15,45,quantile,0.45,20.0
2026-08-15,wk inc covid hosp,0,2026-08-15,45,quantile,0.5,21.0
2026-08-15,wk inc covid hosp,0,2026-08-15,45,quantile,0.55,21.0
2026-08-15,wk inc covid hosp,0,2026-08-15,45,quantile,0.6,22.0
2026-08-15,wk inc covid hosp,0,2026-08-15,45,quantile,0.65,22.0
2026-08-15,wk inc covid hosp,0,2026-08-15,45,quantile,0.7,23.0
2026-08-15,wk inc covid hosp,0,2026-08-15,45,quantile,0.75,25.0
2026-08-15,wk inc covid hosp,0,2026-08-15,45,quantile,0.8,26.0
2026-08-15,wk inc covid hosp,0,2026-08-15,45,quantile,0.85,28.0
2026-08-15,wk inc covid hosp,0,2026-08-15,45,quantile,0.9,31.0
2026-08-15,wk inc covid hosp,0,2026-08-15,45,quantile,0.95,34.0
2026-08-15,wk inc covid hosp,0,2026-08-15,45,quantile,0.975,38.52499999999998
2026-08-15,wk inc covid hosp,0,2026-08-15,45,quantile,0.99,51.039999999999964
2026-08-15,wk inc covid hosp,0,2026-08-15,46,quantile,0.01,0.0
2026-08-15,wk inc covid hosp,0,2026-08-15,46,quantile,0.025,0.0
2026-08-15,wk inc covid hosp,0,2026-08-15,46,quantile,0.05,0.0
2026-08-15,wk inc covid hosp,0,2026-08-15,46,quantile,0.1,0.0
2026-08-15,wk inc covid hosp,0,2026-08-15,46,quantile,0.15,0.0
2026-08-15,wk inc covid hosp,0,2026-08-15,46,quantile,0.2,0.0
2026-08-15,wk inc covid hosp,0,2026-08-15,46,quantile,0.25,0.0
2026-08-15,wk inc covid hosp,0,2026-08-15,46,quantile,0.3,0.0
2026-08-15,wk inc covid hosp,0,2026-08-15,46,quantile,0.35,0.0
2026-08-15,wk inc covid hosp,0,2026-08-15,46,quantile,0.4,0.0
2026-08-15,wk inc covid hosp,0,2026-08-15,46,quantile,0.45,1.0
2026-08-15,wk inc covid hosp,0,2026-08-15,46,quantile,0.5,1.0
2026-08-15,wk inc covid hosp,0,2026-08-15,46,quantile,0.55,1.0
2026-08-15,wk inc covid hosp,0,2026-08-15,46,quantile,0.6,1.0
2026-08-15,wk inc covid hosp,0,2026-08-15,46,quantile,0.65,1.0
2026-08-15,wk inc covid hosp,0,2026-08-15,46,quantile,0.7,2.0
2026-08-15,wk inc covid hosp,0,2026-08-15,46,quantile,0.75,2.0
2026-08-15,wk inc covid hosp,0,2026-08-15,46,quantile,0.8,3.0
2026-08-15,wk inc covid hosp,0,2026-08-15,46,quantile,0.85,3.0
2026-08-15,wk inc covid hosp,0,2026-08-15,46,quantile,0.9,4.0
2026-08-15,wk inc covid hosp,0,2026-08-15,46,quantile,0.95,5.0
2026-08-15,wk inc covid hosp,0,2026-08-15,46,quantile,0.975,8.0
2026-08-15,wk inc covid hosp,0,2026-08-15,46,quantile,0.99,11.019999999999982
2026-08-15,wk inc covid hosp,0,2026-08-15,47,quantile,0.01,0.0
2026-08-15,wk inc covid hosp,0,2026-08-15,47,quantile,0.025,7.0
2026-08-15,wk inc covid hosp,0,2026-08-15,47,quantile,0.05,13.0
2026-08-15,wk inc covid hosp,0,2026-08-15,47,quantile,0.1,20.0
2026-08-15,wk inc covid hosp,0,2026-08-15,47,quantile,0.15,24.0
2026-08-15,wk inc covid hosp,0,2026-08-15,47,quantile,0.2,27.0
2026-08-15,wk inc covid hosp,0,2026-08-15,47,quantile,0.25,29.0
2026-08-15,wk inc covid hosp,0,2026-08-15,47,quantile,0.3,31.0
2026-08-15,wk inc covid hosp,0,2026-08-15,47,quantile,0.35,33.0
2026-08-15,wk inc covid hosp,0,2026-08-15,47,quantile,0.4,34.0
2026-08-15,wk inc covid hosp,0,2026-08-15,47,quantile,0.45,35.0
2026-08-15,wk inc covid hosp,0,2026-08-15,47,quantile,0.5,37.0
2026-08-15,wk inc covid hosp,0,2026-08-15,47,quantile,0.55,38.0
2026-08-15,wk inc covid hosp,0,2026-08-15,47,quantile,0.6,38.39999999999998
2026-08-15,wk inc covid hosp,0,2026-08-15,47,quantile,0.65,40.0
2026-08-15,wk inc covid hosp,0,2026-08-15,47,quantile,0.7,42.0
2026-08-15,wk inc covid hosp,0,2026-08-15,47,quantile,0.75,43.0
2026-08-15,wk inc covid hosp,0,2026-08-15,47,quantile,0.8,45.0
2026-08-15,wk inc covid hosp,0,2026-08-15,47,quantile,0.85,48.0
2026-08-15,wk inc covid hosp,0,2026-08-15,47,quantile,0.9,52.0
2026-08-15,wk inc covid hosp,0,2026-08-15,47,quantile,0.95,61.0
2026-08-15,wk inc covid hosp,0,2026-08-15,47,quantile,0.975,77.52499999999998
2026-08-15,wk inc covid hosp,0,2026-08-15,47,quantile,0.99,94.03999999999996
2026-08-15,wk inc covid hosp,0,2026-08-15,48,quantile,0.01,64.95
2026-08-15,wk inc covid hosp,0,2026-08-15,48,quantile,0.025,104.95
2026-08-15,wk inc covid hosp,0,2026-08-15,48,quantile,0.05,139.0
2026-08-15,wk inc covid hosp,0,2026-08-15,48,quantile,0.1,178.0
2026-08-15,wk inc covid hosp,0,2026-08-15,48,quantile,0.15,195.0
2026-08-15,wk inc covid hosp,0,2026-08-15,48,quantile,0.2,211.8
2026-08-15,wk inc covid hosp,0,2026-08-15,48,quantile,0.25,221.0
2026-08-15,wk inc covid hosp,0,2026-08-15,48,quantile,0.3,232.0
2026-08-15,wk inc covid hosp,0,2026-08-15,48,quantile,0.35,246.0
2026-08-15,wk inc covid hosp,0,2026-08-15,48,quantile,0.4,252.0
2026-08-15,wk inc covid hosp,0,2026-08-15,48,quantile,0.45,259.0
2026-08-15,wk inc covid hosp,0,2026-08-15,48,quantile,0.5,263.0
2026-08-15,wk inc covid hosp,0,2026-08-15,48,quantile,0.55,266.0
2026-08-15,wk inc covid hosp,0,2026-08-15,48,quantile,0.6,271.0
2026-08-15,wk inc covid hosp,0,2026-08-15,48,quantile,0.65,278.0
2026-08-15,wk inc covid hosp,0,2026-08-15,48,quantile,0.7,288.0
2026-08-15,wk inc covid hosp,0,2026-08-15,48,quantile,0.75,300.0
2026-08-15,wk inc covid hosp,0,2026-08-15,48,quantile,0.8,313.20000000000005
2026-08-15,wk inc covid hosp,0,2026-08-15,48,quantile,0.85,329.15
2026-08-15,wk inc covid hosp,0,2026-08-15,48,quantile,0.9,347.20000000000005
2026-08-15,wk inc covid hosp,0,2026-08-15,48,quantile,0.95,375.4499999999996
2026-08-15,wk inc covid hosp,0,2026-08-15,48,quantile,0.975,419.525
2026-08-15,wk inc covid hosp,0,2026-08-15,48,quantile,0.99,495.2299999999998
2026-08-15,wk inc covid hosp,0,2026-08-15,49,quantile,0.01,0.0
2026-08-15,wk inc covid hosp,0,2026-08-15,49,quantile,0.025,0.0
2026-08-15,wk inc covid hosp,0,2026-08-15,49,quantile,0.05,0.0
2026-08-15,wk inc covid hosp,0,2026-08-15,49,quantile,0.1,0.0
2026-08-15,wk inc covid hosp,0,2026-08-15,49,quantile,0.15,0.0
2026-08-15,wk inc covid hosp,0,2026-08-15,49,quantile,0.2,1.0
2026-08-15,wk inc covid hosp,0,2026-08-15,49,quantile,0.25,2.0
2026-08-15,wk inc covid hosp,0,2026-08-15,49,quantile,0.3,2.0
2026-08-15,wk inc covid hosp,0,2026-08-15,49,quantile,0.35,3.0
2026-08-15,wk inc covid hosp,0,2026-08-15,49,quantile,0.4,3.0
2026-08-15,wk inc covid hosp,0,2026-08-15,49,quantile,0.45,4.0
2026-08-15,wk inc covid hosp,0,2026-08-15,49,quantile,0.5,4.0
2026-08-15,wk inc covid hosp,0,2026-08-15,49,quantile,0.55,5.0
2026-08-15,wk inc covid hosp,0,2026-08-15,49,quantile,0.6,5.0
2026-08-15,wk inc covid hosp,0,2026-08-15,49,quantile,0.65,6.0
2026-08-15,wk inc covid hosp,0,2026-08-15,49,quantile,0.7,6.0
2026-08-15,wk inc covid hosp,0,2026-08-15,49,quantile,0.75,7.0
2026-08-15,wk inc covid hosp,0,2026-08-15,49,quantile,0.8,8.0
2026-08-15,wk inc covid hosp,0,2026-08-15,49,quantile,0.85,10.0
2026-08-15,wk inc covid hosp,0,2026-08-15,49,quantile,0.9,12.0
2026-08-15,wk inc covid hosp,0,2026-08-15,49,quantile,0.95,19.0
2026-08-15,wk inc covid hosp,0,2026-08-15,49,quantile,0.975,26.0
2026-08-15,wk inc covid hosp,0,2026-08-15,49,quantile,0.99,34.00999999999999
2026-08-15,wk inc covid hosp,0,2026-08-15,50,quantile,0.01,0.0
2026-08-15,wk inc covid hosp,0,2026-08-15,50,quantile,0.025,0.0
2026-08-15,wk inc covid hosp,0,2026-08-15,50,quantile,0.05,0.0
2026-08-15,wk inc covid hosp,0,2026-08-15,50,quantile,0.1,0.0
2026-08-15,wk inc covid hosp,0,2026-08-15,50,quantile,0.15,1.0
2026-08-15,wk inc covid hosp,0,2026-08-15,50,quantile,0.2,1.0
2026-08-15,wk inc covid hosp,0,2026-08-15,50,quantile,0.25,1.75
2026-08-15,wk inc covid hosp,0,2026-08-15,50,quantile,0.3,2.0
2026-08-15,wk inc covid hosp,0,2026-08-15,50,quantile,0.35,2.0
2026-08-15,wk inc covid hosp,0,2026-08-15,50,quantile,0.4,2.0
2026-08-15,wk inc covid hosp,0,2026-08-15,50,quantile,0.45,2.5500000000000114
2026-08-15,wk inc covid hosp,0,2026-08-15,50,quantile,0.5,3.0
2026-08-15,wk inc covid hosp,0,2026-08-15,50,quantile,0.55,3.0
2026-08-15,wk inc covid hosp,0,2026-08-15,50,quantile,0.6,3.0
2026-08-15,wk inc covid hosp,0,2026-08-15,50,quantile,0.65,3.0
2026-08-15,wk inc covid hosp,0,2026-08-15,50,quantile,0.7,3.0
2026-08-15,wk inc covid hosp,0,2026-08-15,50,quantile,0.75,4.0
2026-08-15,wk inc covid hosp,0,2026-08-15,50,quantile,0.8,4.0
2026-08-15,wk inc covid hosp,0,2026-08-15,50,quantile,0.85,4.0
2026-08-15,wk inc covid hosp,0,2026-08-15,50,quantile,0.9,5.0
2026-08-15,wk inc covid hosp,0,2026-08-15,50,quantile,0.95,6.0
2026-08-15,wk inc covid hosp,0,2026-08-15,50,quantile,0.975,8.0
2026-08-15,wk inc covid hosp,0,2026-08-15,50,quantile,0.99,10.049999999999955
2026-08-15,wk inc covid hosp,0,2026-08-15,51,quantile,0.01,0.0
2026-08-15,wk inc covid hosp,0,2026-08-15,51,quantile,0.025,0.0
2026-08-15,wk inc covid hosp,0,2026-08-15,51,quantile,0.05,0.0
2026-08-15,wk inc covid hosp,0,2026-08-15,51,quantile,0.1,0.0
2026-08-15,wk inc covid hosp,0,2026-08-15,51,quantile,0.15,3.0
2026-08-15,wk inc covid hosp,0,2026-08-15,51,quantile,0.2,6.0
2026-08-15,wk inc covid hosp,0,2026-08-15,51,quantile,0.25,8.0
2026-08-15,wk inc covid hosp,0,2026-08-15,51,quantile,0.3,10.0
2026-08-15,wk inc covid hosp,0,2026-08-15,51,quantile,0.35,11.0
2026-08-15,wk inc covid hosp,0,2026-08-15,51,quantile,0.4,12.0
2026-08-15,wk inc covid hosp,0,2026-08-15,51,quantile,0.45,13.0
2026-08-15,wk inc covid hosp,0,2026-08-15,51,quantile,0.5,14.0
2026-08-15,wk inc covid hosp,0,2026-08-15,51,quantile,0.55,15.0
2026-08-15,wk inc covid hosp,0,2026-08-15,51,quantile,0.6,16.0
2026-08-15,wk inc covid hosp,0,2026-08-15,51,quantile,0.65,17.0
2026-08-15,wk inc covid hosp,0,2026-08-15,51,quantile,0.7,19.0
2026-08-15,wk inc covid hosp,0,2026-08-15,51,quantile,0.75,21.0
2026-08-15,wk inc covid hosp,0,2026-08-15,51,quantile,0.8,24.0
2026-08-15,wk inc covid hosp,0,2026-08-15,51,quantile,0.85,26.0
2026-08-15,wk inc covid hosp,0,2026-08-15,51,quantile,0.9,31.0
2026-08-15,wk inc covid hosp,0,2026-08-15,51,quantile,0.95,37.049999999999955
2026-08-15,wk inc covid hosp,0,2026-08-15,51,quantile,0.975,44.52499999999998
2026-08-15,wk inc covid hosp,0,2026-08-15,51,quantile,0.99,65.05999999999995
2026-08-15,wk inc covid hosp,0,2026-08-15,53,quantile,0.01,0.0
2026-08-15,wk inc covid hosp,0,2026-08-15,53,quantile,0.025,0.0
2026-08-15,wk inc covid hosp,0,2026-08-15,53,quantile,0.05,0.0
2026-08-15,wk inc covid hosp,0,2026-08-15,53,quantile,0.1,0.0
2026-08-15,wk inc covid hosp,0,2026-08-15,53,quantile,0.15,4.0
2026-08-15,wk inc covid hosp,0,2026-08-15,53,quantile,0.2,8.0
2026-08-15,wk inc covid hosp,0,2026-08-15,53,quantile,0.25,11.0
2026-08-15,wk inc covid hosp,0,2026-08-15,53,quantile,0.3,14.0
2026-08-15,wk inc covid hosp,0,2026-08-15,53,quantile,0.35,15.0
2026-08-15,wk inc covid hosp,0,2026-08-15,53,quantile,0.4,17.0
2026-08-15,wk inc covid hosp,0,2026-08-15,53,quantile,0.45,19.0
2026-08-15,wk inc covid hosp,0,2026-08-15,53,quantile,0.5,20.0
2026-08-15,wk inc covid hosp,0,2026-08-15,53,quantile,0.55,21.0
2026-08-15,wk inc covid hosp,0,2026-08-15,53,quantile,0.6,22.0
2026-08-15,wk inc covid hosp,0,2026-08-15,53,quantile,0.65,24.0
2026-08-15,wk inc covid hosp,0,2026-08-15,53,quantile,0.7,25.0
2026-08-15,wk inc covid hosp,0,2026-08-15,53,quantile,0.75,27.0
2026-08-15,wk inc covid hosp,0,2026-08-15,53,quantile,0.8,30.0
2026-08-15,wk inc covid hosp,0,2026-08-15,53,quantile,0.85,34.0
2026-08-15,wk inc covid hosp,0,2026-08-15,53,quantile,0.9,41.0
2026-08-15,wk inc covid hosp,0,2026-08-15,53,quantile,0.95,53.049999999999955
2026-08-15,wk inc covid hosp,0,2026-08-15,53,quantile,0.975,71.0
2026-08-15,wk inc covid hosp,0,2026-08-15,53,quantile,0.99,89.27999999999975
2026-08-15,wk inc covid hosp,0,2026-08-15,54,quantile,0.01,0.0
2026-08-15,wk inc covid hosp,0,2026-08-15,54,quantile,0.025,0.0
2026-08-15,wk inc covid hosp,0,2026-08-15,54,quantile,0.05,0.0
2026-08-15,wk inc covid hosp,0,2026-08-15,54,quantile,0.1,0.0
2026-08-15,wk inc covid hosp,0,2026-08-15,54,quantile,0.15,0.0
2026-08-15,wk inc covid hosp,0,2026-08-15,54,quantile,0.2,0.0
2026-08-15,wk inc covid hosp,0,2026-08-15,54,quantile,0.25,1.0
2026-08-15,wk inc covid hosp,0,2026-08-15,54,quantile,0.3,1.0
2026-08-15,wk inc covid hosp,0,2026-08-15,54,quantile,0.35,1.0
2026-08-15,wk inc covid hosp,0,2026-08-15,54,quantile,0.4,2.0
2026-08-15,wk inc covid hosp,0,2026-08-15,54,quantile,0.45,2.0
2026-08-15,wk inc covid hosp,0,2026-08-15,54,quantile,0.5,2.0
2026-08-15,wk inc covid hosp,0,2026-08-15,54,quantile,0.55,2.0
2026-08-15,wk inc covid hosp,0,2026-08-15,54,quantile,0.6,3.0
2026-08-15,wk inc covid hosp,0,2026-08-15,54,quantile,0.65,3.0
2026-08-15,wk inc covid hosp,0,2026-08-15,54,quantile,0.7,3.0
2026-08-15,wk inc covid hosp,0,2026-08-15,54,quantile,0.75,4.0
2026-08-15,wk inc covid hosp,0,2026-08-15,54,quantile,0.8,4.0
2026-08-15,wk inc covid hosp,0,2026-08-15,54,quantile,0.85,5.0
2026-08-15,wk inc covid hosp,0,2026-08-15,54,quantile,0.9,6.0
2026-08-15,wk inc covid hosp,0,2026-08-15,54,quantile,0.95,7.0
2026-08-15,wk inc covid hosp,0,2026-08-15,54,quantile,0.975,9.0
2026-08-15,wk inc covid hosp,0,2026-08-15,54,quantile,0.99,16.00999999999999
2026-08-15,wk inc covid hosp,0,2026-08-15,55,quantile,0.01,0.0
2026-08-15,wk inc covid hosp,0,2026-08-15,55,quantile,0.025,0.0
2026-08-15,wk inc covid hosp,0,2026-08-15,55,quantile,0.05,0.0
2026-08-15,wk inc covid hosp,0,2026-08-15,55,quantile,0.1,0.0
2026-08-15,wk inc covid hosp,0,2026-08-15,55,quantile,0.15,0.0
2026-08-15,wk inc covid hosp,0,2026-08-15,55,quantile,0.2,0.0
2026-08-15,wk inc covid hosp,0,2026-08-15,55,quantile,0.25,3.0
2026-08-15,wk inc covid hosp,0,2026-08-15,55,quantile,0.3,4.0
2026-08-15,wk inc covid hosp,0,2026-08-15,55,quantile,0.35,5.0
2026-08-15,wk inc covid hosp,0,2026-08-15,55,quantile,0.4,6.0
2026-08-15,wk inc covid hosp,0,2026-08-15,55,quantile,0.45,7.0
2026-08-15,wk inc covid hosp,0,2026-08-15,55,quantile,0.5,8.0
2026-08-15,wk inc covid hosp,0,2026-08-15,55,quantile,0.55,9.0
2026-08-15,wk inc covid hosp,0,2026-08-15,55,quantile,0.6,10.0
2026-08-15,wk inc covid hosp,0,2026-08-15,55,quantile,0.65,11.0
2026-08-15,wk inc covid hosp,0,2026-08-15,55,quantile,0.7,12.0
2026-08-15,wk inc covid hosp,0,2026-08-15,55,quantile,0.75,14.0
2026-08-15,wk inc covid hosp,0,2026-08-15,55,quantile,0.8,16.0
2026-08-15,wk inc covid hosp,0,2026-08-15,55,quantile,0.85,18.0
2026-08-15,wk inc covid hosp,0,2026-08-15,55,quantile,0.9,22.0
2026-08-15,wk inc covid hosp,0,2026-08-15,55,quantile,0.95,30.0
2026-08-15,wk inc covid hosp,0,2026-08-15,55,quantile,0.975,36.52499999999998
2026-08-15,wk inc covid hosp,0,2026-08-15,55,quantile,0.99,49.00999999999999
2026-08-15,wk inc covid hosp,0,2026-08-15,56,quantile,0.01,0.0
2026-08-15,wk inc covid hosp,0,2026-08-15,56,quantile,0.025,0.0
2026-08-15,wk inc covid hosp,0,2026-08-15,56,quantile,0.05,0.0
2026-08-15,wk inc covid hosp,0,2026-08-15,56,quantile,0.1,0.0
2026-08-15,wk inc covid hosp,0,2026-08-15,56,quantile,0.15,0.0
2026-08-15,wk inc covid hosp,0,2026-08-15,56,quantile,0.2,0.0
2026-08-15,wk inc covid hosp,0,2026-08-15,56,quantile,0.25,0.0
2026-08-15,wk inc covid hosp,0,2026-08-15,56,quantile,0.3,0.0
2026-08-15,wk inc covid hosp,0,2026-08-15,56,quantile,0.35,1.0
2026-08-15,wk inc covid hosp,0,2026-08-15,56,quantile,0.4,1.0
2026-08-15,wk inc covid hosp,0,2026-08-15,56,quantile,0.45,1.0
2026-08-15,wk inc covid hosp,0,2026-08-15,56,quantile,0.5,1.0
2026-08-15,wk inc covid hosp,0,2026-08-15,56,quantile,0.55,1.0
2026-08-15,wk inc covid hosp,0,2026-08-15,56,quantile,0.6,1.0
2026-08-15,wk inc covid hosp,0,2026-08-15,56,quantile,0.65,1.0
2026-08-15,wk inc covid hosp,0,2026-08-15,56,quantile,0.7,2.0
2026-08-15,wk inc covid hosp,0,2026-08-15,56,quantile,0.75,2.0
2026-08-15,wk inc covid hosp,0,2026-08-15,56,quantile,0.8,2.0
2026-08-15,wk inc covid hosp,0,2026-08-15,56,quantile,0.85,3.0
2026-08-15,wk inc covid hosp,0,2026-08-15,56,quantile,0.9,3.0
2026-08-15,wk inc covid hosp,0,2026-08-15,56,quantile,0.95,4.0
2026-08-15,wk inc covid hosp,0,2026-08-15,56,quantile,0.975,6.0
2026-08-15,wk inc covid hosp,0,2026-08-15,56,quantile,0.99,7.009999999999991
2026-08-15,wk inc covid hosp,0,2026-08-15,72,quantile,0.01,0.0
2026-08-15,wk inc covid hosp,0,2026-08-15,72,quantile,0.025,8.475000000000001
2026-08-15,wk inc covid hosp,0,2026-08-15,72,quantile,0.05,13.0
2026-08-15,wk inc covid hosp,0,2026-08-15,72,quantile,0.1,21.0
2026-08-15,wk inc covid hosp,0,2026-08-15,72,quantile,0.15,26.0
2026-08-15,wk inc covid hosp,0,2026-08-15,72,quantile,0.2,29.0
2026-08-15,wk inc covid hosp,0,2026-08-15,72,quantile,0.25,32.0
2026-08-15,wk inc covid hosp,0,2026-08-15,72,quantile,0.3,34.0
2026-08-15,wk inc covid hosp,0,2026-08-15,72,quantile,0.35,37.0
2026-08-15,wk inc covid hosp,0,2026-08-15,72,quantile,0.4,39.0
2026-08-15,wk inc covid hosp,0,2026-08-15,72,quantile,0.45,41.0
2026-08-15,wk inc covid hosp,0,2026-08-15,72,quantile,0.5,42.0
2026-08-15,wk inc covid hosp,0,2026-08-15,72,quantile,0.55,43.450000000000045
2026-08-15,wk inc covid hosp,0,2026-08-15,72,quantile,0.6,45.0
2026-08-15,wk inc covid hosp,0,2026-08-15,72,quantile,0.65,48.0
2026-08-15,wk inc covid hosp,0,2026-08-15,72,quantile,0.7,50.0
2026-08-15,wk inc covid hosp,0,2026-08-15,72,quantile,0.75,54.0
2026-08-15,wk inc covid hosp,0,2026-08-15,72,quantile,0.8,58.200000000000045
2026-08-15,wk inc covid hosp,0,2026-08-15,72,quantile,0.85,65.0
2026-08-15,wk inc covid hosp,0,2026-08-15,72,quantile,0.9,72.0
2026-08-15,wk inc covid hosp,0,2026-08-15,72,quantile,0.95,90.19999999999982
2026-08-15,wk inc covid hosp,0,2026-08-15,72,quantile,0.975,116.62499999999989
2026-08-15,wk inc covid hosp,0,2026-08-15,72,quantile,0.99,177.06999999999994
2026-08-15,wk inc covid hosp,1,2026-08-22,01,quantile,0.01,15.940000000000001
2026-08-15,wk inc covid hosp,1,2026-08-22,01,quantile,0.025,21.950000000000003
2026-08-15,wk inc covid hosp,1,2026-08-22,01,quantile,0.05,29.950000000000003
2026-08-15,wk inc covid hosp,1,2026-08-22,01,quantile,0.1,40.0
2026-08-15,wk inc covid hosp,1,2026-08-22,01,quantile,0.15,42.849999999999994
2026-08-15,wk inc covid hosp,1,2026-08-22,01,quantile,0.2,46.0
2026-08-15,wk inc covid hosp,1,2026-08-22,01,quantile,0.25,49.0
2026-08-15,wk inc covid hosp,1,2026-08-22,01,quantile,0.3,52.0
2026-08-15,wk inc covid hosp,1,2026-08-22,01,quantile,0.35,54.0
2026-08-15,wk inc covid hosp,1,2026-08-22,01,quantile,0.4,56.0
2026-08-15,wk inc covid hosp,1,2026-08-22,01,quantile,0.45,58.0
2026-08-15,wk inc covid hosp,1,2026-08-22,01,quantile,0.5,59.0
2026-08-15,wk inc covid hosp,1,2026-08-22,01,quantile,0.55,60.0
2026-08-15,wk inc covid hosp,1,2026-08-22,01,quantile,0.6,61.0
2026-08-15,wk inc covid hosp,1,2026-08-22,01,quantile,0.65,63.0
2026-08-15,wk inc covid hosp,1,2026-08-22,01,quantile,0.7,65.0
2026-08-15,wk inc covid hosp,1,2026-08-22,01,quantile,0.75,68.0
2026-08-15,wk inc covid hosp,1,2026-08-22,01,quantile,0.8,71.0
2026-08-15,wk inc covid hosp,1,2026-08-22,01,quantile,0.85,75.0
2026-08-15,wk inc covid hosp,1,2026-08-22,01,quantile,0.9,81.0
2026-08-15,wk inc covid hosp,1,2026-08-22,01,quantile,0.95,92.09999999999991
2026-08-15,wk inc covid hosp,1,2026-08-22,01,quantile,0.975,114.57499999999993
2026-08-15,wk inc covid hosp,1,2026-08-22,01,quantile,0.99,132.02999999999997
2026-08-15,wk inc covid hosp,1,2026-08-22,02,quantile,0.01,0.0
2026-08-15,wk inc covid hosp,1,2026-08-22,02,quantile,0.025,0.0
2026-08-15,wk inc covid hosp,1,2026-08-22,02,quantile,0.05,0.0
2026-08-15,wk inc covid hosp,1,2026-08-22,02,quantile,0.1,0.0
2026-08-15,wk inc covid hosp,1,2026-08-22,02,quantile,0.15,0.0
2026-08-15,wk inc covid hosp,1,2026-08-22,02,quantile,0.2,0.0
2026-08-15,wk inc covid hosp,1,2026-08-22,02,quantile,0.25,0.0
2026-08-15,wk inc covid hosp,1,2026-08-22,02,quantile,0.3,1.0
2026-08-15,wk inc covid hosp,1,2026-08-22,02,quantile,0.35,1.0
2026-08-15,wk inc covid hosp,1,2026-08-22,02,quantile,0.4,1.0
2026-08-15,wk inc covid hosp,1,2026-08-22,02,quantile,0.45,1.0
2026-08-15,wk inc covid hosp,1,2026-08-22,02,quantile,0.5,1.0
2026-08-15,wk inc covid hosp,1,2026-08-22,02,quantile,0.55,1.0
2026-08-15,wk inc covid hosp,1,2026-08-22,02,quantile,0.6,2.0
2026-08-15,wk inc covid hosp,1,2026-08-22,02,quantile,0.65,2.0
2026-08-15,wk inc covid hosp,1,2026-08-22,02,quantile,0.7,2.0
2026-08-15,wk inc covid hosp,1,2026-08-22,02,quantile,0.75,2.0
2026-08-15,wk inc covid hosp,1,2026-08-22,02,quantile,0.8,2.0
2026-08-15,wk inc covid hosp,1,2026-08-22,02,quantile,0.85,2.1499999999999773
2026-08-15,wk inc covid hosp,1,2026-08-22,02,quantile,0.9,3.0
2026-08-15,wk inc covid hosp,1,2026-08-22,02,quantile,0.95,4.0
2026-08-15,wk inc covid hosp,1,2026-08-22,02,quantile,0.975,5.524999999999977
2026-08-15,wk inc covid hosp,1,2026-08-22,02,quantile,0.99,9.0
2026-08-15,wk inc covid hosp,1,2026-08-22,04,quantile,0.01,2.9700000000000006
2026-08-15,wk inc covid hosp,1,2026-08-22,04,quantile,0.025,11.950000000000003
2026-08-15,wk inc covid hosp,1,2026-08-22,04,quantile,0.05,17.0
2026-08-15,wk inc covid hosp,1,2026-08-22,04,quantile,0.1,24.900000000000006
2026-08-15,wk inc covid hosp,1,2026-08-22,04,quantile,0.15,29.849999999999994
2026-08-15,wk inc covid hosp,1,2026-08-22,04,quantile,0.2,32.0
2026-08-15,wk inc covid hosp,1,2026-08-22,04,quantile,0.25,34.0
2026-08-15,wk inc covid hosp,1,2026-08-22,04,quantile,0.3,37.0
2026-08-15,wk inc covid hosp,1,2026-08-22,04,quantile,0.35,38.64999999999998
2026-08-15,wk inc covid hosp,1,2026-08-22,04,quantile,0.4,40.0
2026-08-15,wk inc covid hosp,1,2026-08-22,04,quantile,0.45,42.55000000000001
2026-08-15,wk inc covid hosp,1,2026-08-22,04,quantile,0.5,44.0
2026-08-15,wk inc covid hosp,1,2026-08-22,04,quantile,0.55,45.0
2026-08-15,wk inc covid hosp,1,2026-08-22,04,quantile,0.6,45.0
2026-08-15,wk inc covid hosp,1,2026-08-22,04,quantile,0.65,46.0
2026-08-15,wk inc covid hosp,1,2026-08-22,04,quantile,0.7,49.0
2026-08-15,wk inc covid hosp,1,2026-08-22,04,quantile,0.75,51.0
2026-08-15,wk inc covid hosp,1,2026-08-22,04,quantile,0.8,53.200000000000045
2026-08-15,wk inc covid hosp,1,2026-08-22,04,quantile,0.85,56.0
2026-08-15,wk inc covid hosp,1,2026-08-22,04,quantile,0.9,61.0
2026-08-15,wk inc covid hosp,1,2026-08-22,04,quantile,0.95,69.0
2026-08-15,wk inc covid hosp,1,2026-08-22,04,quantile,0.975,84.04999999999995
2026-08-15,wk inc covid hosp,1,2026-08-22,04,quantile,0.99,114.00999999999999
2026-08-15,wk inc covid hosp,1,2026-08-22,05,quantile,0.01,0.0
2026-08-15,wk inc covid hosp,1,2026-08-22,05,quantile,0.025,0.0
2026-08-15,wk inc covid hosp,1,2026-08-22,05,quantile,0.05,0.0
2026-08-15,wk inc covid hosp,1,2026-08-22,05,quantile,0.1,0.0
2026-08-15,wk inc covid hosp,1,2026-08-22,05,quantile,0.15,1.0
2026-08-15,wk inc covid hosp,1,2026-08-22,05,quantile,0.2,3.0
2026-08-15,wk inc covid hosp,1,2026-08-22,05,quantile,0.25,3.75
2026-08-15,wk inc covid hosp,1,2026-08-22,05,quantile,0.3,4.0
2026-08-15,wk inc covid hosp,1,2026-08-22,05,quantile,0.35,5.0
2026-08-15,wk inc covid hosp,1,2026-08-22,05,quantile,0.4,6.0
2026-08-15,wk inc covid hosp,1,2026-08-22,05,quantile,0.45,6.0
2026-08-15,wk inc covid hosp,1,2026-08-22,05,quantile,0.5,7.0
2026-08-15,wk inc covid hosp,1,2026-08-22,05,quantile,0.55,7.0
2026-08-15,wk inc covid hosp,1,2026-08-22,05,quantile,0.6,8.0
2026-08-15,wk inc covid hosp,1,2026-08-22,05,quantile,0.65,8.0
2026-08-15,wk inc covid hosp,1,2026-08-22,05,quantile,0.7,9.0
2026-08-15,wk inc covid hosp,1,2026-08-22,05,quantile,0.75,10.0
2026-08-15,wk inc covid hosp,1,2026-08-22,05,quantile,0.8,11.0
2026-08-15,wk inc covid hosp,1,2026-08-22,05,quantile,0.85,13.0
2026-08-15,wk inc covid hosp,1,2026-08-22,05,quantile,0.9,14.0
2026-08-15,wk inc covid hosp,1,2026-08-22,05,quantile,0.95,18.049999999999955
2026-08-15,wk inc covid hosp,1,2026-08-22,05,quantile,0.975,26.0
2026-08-15,wk inc covid hosp,1,2026-08-22,05,quantile,0.99,34.00999999999999
2026-08-15,wk inc covid hosp,1,2026-08-22,06,quantile,0.01,60.0
2026-08-15,wk inc covid hosp,1,2026-08-22,06,quantile,0.025,117.92500000000004
2026-08-15,wk inc covid hosp,1,2026-08-22,06,quantile,0.05,169.95
2026-08-15,wk inc covid hosp,1,2026-08-22,06,quantile,0.1,224.9
2026-08-15,wk inc covid hosp,1,2026-08-22,06,quantile,0.15,254.85
2026-08-15,wk inc covid hosp,1,2026-08-22,06,quantile,0.2,279.8
2026-08-15,wk inc covid hosp,1,2026-08-22,06,quantile,0.25,296.0
2026-08-15,wk inc covid hosp,1,2026-08-22,06,quantile,0.3,313.7
2026-08-15,wk inc covid hosp,1,2026-08-22,06,quantile,0.35,327.0
2026-08-15,wk inc covid hosp,1,2026-08-22,06,quantile,0.4,336.0
2026-08-15,wk inc covid hosp,1,2026-08-22,06,quantile,0.45,346.55
2026-08-15,wk inc covid hosp,1,2026-08-22,06,quantile,0.5,355.5
2026-08-15,wk inc covid hosp,1,2026-08-22,06,quantile,0.55,361.45000000000005
2026-08-15,wk inc covid hosp,1,2026-08-22,06,quantile,0.6,374.0
2026-08-15,wk inc covid hosp,1,2026-08-22,06,quantile,0.65,388.0
2026-08-15,wk inc covid hosp,1,2026-08-22,06,quantile,0.7,399.0
2026-08-15,wk inc covid hosp,1,2026-08-22,06,quantile,0.75,412.0
2026-08-15,wk inc covid hosp,1,2026-08-22,06,quantile,0.8,432.20000000000005
2026-08-15,wk inc covid hosp,1,2026-08-22,06,quantile,0.85,468.15
2026-08-15,wk inc covid hosp,1,2026-08-22,06,quantile,0.9,491.30000000000007
2026-08-15,wk inc covid hosp,1,2026-08-22,06,quantile,0.95,569.1499999999999
2026-08-15,wk inc covid hosp,1,2026-08-22,06,quantile,0.975,636.0249999999995
2026-08-15,wk inc covid hosp,1,2026-08-22,06,quantile,0.99,927.03
2026-08-15,wk inc covid hosp,1,2026-08-22,08,quantile,0.01,0.0
2026-08-15,wk inc covid hosp,1,2026-08-22,08,quantile,0.025,0.0
2026-08-15,wk inc covid hosp,1,2026-08-22,08,quantile,0.05,0.0
2026-08-15,wk inc covid hosp,1,2026-08-22,08,quantile,0.1,0.0
2026-08-15,wk inc covid hosp,1,2026-08-22,08,quantile,0.15,1.0
2026-08-15,wk inc covid hosp,1,2026-08-22,08,quantile,0.2,3.0
2026-08-15,wk inc covid hosp,1,2026-08-22,08,quantile,0.25,4.75
2026-08-15,wk inc covid hosp,1,2026-08-22,08,quantile,0.3,6.0
2026-08-15,wk inc covid hosp,1,2026-08-22,08,quantile,0.35,7.0
2026-08-15,wk inc covid hosp,1,2026-08-22,08,quantile,0.4,8.0
2026-08-15,wk inc covid hosp,1,2026-08-22,08,quantile,0.45,9.0
2026-08-15,wk inc covid hosp,1,2026-08-22,08,quantile,0.5,9.0
2026-08-15,wk inc covid hosp,1,2026-08-22,08,quantile,0.55,10.0
2026-08-15,wk inc covid hosp,1,2026-08-22,08,quantile,0.6,10.0
2026-08-15,wk inc covid hosp,1,2026-08-22,08,quantile,0.65,12.0
2026-08-15,wk inc covid hosp,1,2026-08-22,08,quantile,0.7,13.0
2026-08-15,wk inc covid hosp,1,2026-08-22,08,quantile,0.75,14.0
2026-08-15,wk inc covid hosp,1,2026-08-22,08,quantile,0.8,15.200000000000045
2026-08-15,wk inc covid hosp,1,2026-08-22,08,quantile,0.85,18.0
2026-08-15,wk inc covid hosp,1,2026-08-22,08,quantile,0.9,20.0
2026-08-15,wk inc covid hosp,1,2026-08-22,08,quantile,0.95,27.0
2026-08-15,wk inc covid hosp,1,2026-08-22,08,quantile,0.975,32.52499999999998
2026-08-15,wk inc covid hosp,1,2026-08-22,08,quantile,0.99,47.049999999999955
2026-08-15,wk inc covid hosp,1,2026-08-22,09,quantile,0.01,0.0
2026-08-15,wk inc covid hosp,1,2026-08-22,09,quantile,0.025,0.0
2026-08-15,wk inc covid hosp,1,2026-08-22,09,quantile,0.05,0.0
2026-08-15,wk inc covid hosp,1,2026-08-22,09,quantile,0.1,0.0
2026-08-15,wk inc covid hosp,1,2026-08-22,09,quantile,0.15,1.0
2026-08-15,wk inc covid hosp,1,2026-08-22,09,quantile,0.2,2.0
2026-08-15,wk inc covid hosp,1,2026-08-22,09,quantile,0.25,3.0
2026-08-15,wk inc covid hosp,1,2026-08-22,09,quantile,0.3,3.0
2026-08-15,wk inc covid hosp,1,2026-08-22,09,quantile,0.35,4.0
2026-08-15,wk inc covid hosp,1,2026-08-22,09,quantile,0.4,5.0
2026-08-15,wk inc covid hosp,1,2026-08-22,09,quantile,0.45,5.0
2026-08-15,wk inc covid hosp,1,2026-08-22,09,quantile,0.5,6.0
2026-08-15,wk inc covid hosp,1,2026-08-22,09,quantile,0.55,6.0
2026-08-15,wk inc covid hosp,1,2026-08-22,09,quantile,0.6,6.0
2026-08-15,wk inc covid hosp,1,2026-08-22,09,quantile,0.65,7.0
2026-08-15,wk inc covid hosp,1,2026-08-22,09,quantile,0.7,8.0
2026-08-15,wk inc covid hosp,1,2026-08-22,09,quantile,0.75,8.0
2026-08-15,wk inc covid hosp,1,2026-08-22,09,quantile,0.8,9.0
2026-08-15,wk inc covid hosp,1,2026-08-22,09,quantile,0.85,10.0
2026-08-15,wk inc covid hosp,1,2026-08-22,09,quantile,0.9,13.0
2026-08-15,wk inc covid hosp,1,2026-08-22,09,quantile,0.95,16.0
2026-08-15,wk inc covid hosp,1,2026-08-22,09,quantile,0.975,20.0
2026-08-15,wk inc covid hosp,1,2026-08-22,09,quantile,0.99,33.0
2026-08-15,wk inc covid hosp,1,2026-08-22,10,quantile,0.01,0.0
2026-08-15,wk inc covid hosp,1,2026-08-22,10,quantile,0.025,0.0
2026-08-15,wk inc covid hosp,1,2026-08-22,10,quantile,0.05,0.0
2026-08-15,wk inc covid hosp,1,2026-08-22,10,quantile,0.1,0.0
2026-08-15,wk inc covid hosp,1,2026-08-22,10,quantile,0.15,0.0
2026-08-15,wk inc covid hosp,1,2026-08-22,10,quantile,0.2,0.0
2026-08-15,wk inc covid hosp,1,2026-08-22,10,quantile,0.25,0.0
2026-08-15,wk inc covid hosp,1,2026-08-22,10,quantile,0.3,1.0
2026-08-15,wk inc covid hosp,1,2026-08-22,10,quantile,0.35,1.0
2026-08-15,wk inc covid hosp,1,2026-08-22,10,quantile,0.4,1.0
2026-08-15,wk inc covid hosp,1,2026-08-22,10,quantile,0.45,1.0
2026-08-15,wk inc covid hosp,1,2026-08-22,10,quantile,0.5,1.0
2026-08-15,wk inc covid hosp,1,2026-08-22,10,quantile,0.55,1.0
2026-08-15,wk inc covid hosp,1,2026-08-22,10,quantile,0.6,2.0
2026-08-15,wk inc covid hosp,1,2026-08-22,10,quantile,0.65,2.0
2026-08-15,wk inc covid hosp,1,2026-08-22,10,quantile,0.7,2.0
2026-08-15,wk inc covid hosp,1,2026-08-22,10,quantile,0.75,2.0
2026-08-15,wk inc covid hosp,1,2026-08-22,10,quantile,0.8,2.0
2026-08-15,wk inc covid hosp,1,2026-08-22,10,quantile,0.85,3.0
2026-08-15,wk inc covid hosp,1,2026-08-22,10,quantile,0.9,3.0
2026-08-15,wk inc covid hosp,1,2026-08-22,10,quantile,0.95,5.0
2026-08-15,wk inc covid hosp,1,2026-08-22,10,quantile,0.975,6.0
2026-08-15,wk inc covid hosp,1,2026-08-22,10,quantile,0.99,10.0
2026-08-15,wk inc covid hosp,1,2026-08-22,11,quantile,0.01,0.0
2026-08-15,wk inc covid hosp,1,2026-08-22,11,quantile,0.025,0.0
2026-08-15,wk inc covid hosp,1,2026-08-22,11,quantile,0.05,0.0
2026-08-15,wk inc covid hosp,1,2026-08-22,11,quantile,0.1,0.0
2026-08-15,wk inc covid hosp,1,2026-08-22,11,quantile,0.15,0.0
2026-08-15,wk inc covid hosp,1,2026-08-22,11,quantile,0.2,0.0
2026-08-15,wk inc covid hosp,1,2026-08-22,11,quantile,0.25,1.0
2026-08-15,wk inc covid hosp,1,2026-08-22,11,quantile,0.3,1.0
2026-08-15,wk inc covid hosp,1,2026-08-22,11,quantile,0.35,1.0
2026-08-15,wk inc covid hosp,1,2026-08-22,11,quantile,0.4,1.0
2026-08-15,wk inc covid hosp,1,2026-08-22,11,quantile,0.45,1.0
2026-08-15,wk inc covid hosp,1,2026-08-22,11,quantile,0.5,1.0
2026-08-15,wk inc covid hosp,1,2026-08-22,11,quantile,0.55,1.0
2026-08-15,wk inc covid hosp,1,2026-08-22,11,quantile,0.6,2.0
2026-08-15,wk inc covid hosp,1,2026-08-22,11,quantile,0.65,2.0
2026-08-15,wk inc covid hosp,1,2026-08-22,11,quantile,0.7,2.0
2026-08-15,wk inc covid hosp,1,2026-08-22,11,quantile,0.75,2.0
2026-08-15,wk inc covid hosp,1,2026-08-22,11,quantile,0.8,2.0
2026-08-15,wk inc covid hosp,1,2026-08-22,11,quantile,0.85,3.0
2026-08-15,wk inc covid hosp,1,2026-08-22,11,quantile,0.9,3.0
2026-08-15,wk inc covid hosp,1,2026-08-22,11,quantile,0.95,4.0
2026-08-15,wk inc covid hosp,1,2026-08-22,11,quantile,0.975,5.0
2026-08-15,wk inc covid hosp,1,2026-08-22,11,quantile,0.99,7.009999999999991
2026-08-15,wk inc covid hosp,1,2026-08-22,12,quantile,0.01,94.87
2026-08-15,wk inc covid hosp,1,2026-08-22,12,quantile,0.025,128.12500000000003
2026-08-15,wk inc covid hosp,1,2026-08-22,12,quantile,0.05,149.95
2026-08-15,wk inc covid hosp,1,2026-08-22,12,quantile,0.1,180.0
2026-08-15,wk inc covid hosp,1,2026-08-22,12,quantile,0.15,197.0
2026-08-15,wk inc covid hosp,1,2026-08-22,12,quantile,0.2,208.0
2026-08-15,wk inc covid hosp,1,2026-08-22,12,quantile,0.25,220.0
2026-08-15,wk inc covid hosp,1,2026-08-22,12,quantile,0.3,227.7
2026-08-15,wk inc covid hosp,1,2026-08-22,12,quantile,0.35,236.0
2026-08-15,wk inc covid hosp,1,2026-08-22,12,quantile,0.4,245.0
2026-08-15,wk inc covid hosp,1,2026-08-22,12,quantile,0.45,255.0
2026-08-15,wk inc covid hosp,1,2026-08-22,12,quantile,0.5,259.0
2026-08-15,wk inc covid hosp,1,2026-08-22,12,quantile,0.55,264.0
2026-08-15,wk inc covid hosp,1,2026-08-22,12,quantile,0.6,271.0
2026-08-15,wk inc covid hosp,1,2026-08-22,12,quantile,0.65,278.0
2026-08-15,wk inc covid hosp,1,2026-08-22,12,quantile,0.7,285.29999999999995
2026-08-15,wk inc covid hosp,1,2026-08-22,12,quantile,0.75,295.0
2026-08-15,wk inc covid hosp,1,2026-08-22,12,quantile,0.8,306.0
2026-08-15,wk inc covid hosp,1,2026-08-22,12,quantile,0.85,318.15
2026-08-15,wk inc covid hosp,1,2026-08-22,12,quantile,0.9,341.1
2026-08-15,wk inc covid hosp,1,2026-08-22,12,quantile,0.95,383.14999999999986
2026-08-15,wk inc covid hosp,1,2026-08-22,12,quantile,0.975,434.04999999999995
2026-08-15,wk inc covid hosp,1,2026-08-22,12,quantile,0.99,546.0899999999999
2026-08-15,wk inc covid hosp,1,2026-08-22,13,quantile,0.01,0.0
2026-08-15,wk inc covid hosp,1,2026-08-22,13,quantile,0.025,19.900000000000006
2026-08-15,wk inc covid hosp,1,2026-08-22,13,quantile,0.05,27.950000000000003
2026-08-15,wk inc covid hosp,1,2026-08-22,13,quantile,0.1,39.0
2026-08-15,wk inc covid hosp,1,2026-08-22,13,quantile,0.15,46.0
2026-08-15,wk inc covid hosp,1,2026-08-22,13,quantile,0.2,52.0
2026-08-15,wk inc covid hosp,1,2026-08-22,13,quantile,0.25,56.0
2026-08-15,wk inc covid hosp,1,2026-08-22,13,quantile,0.3,59.69999999999999
2026-08-15,wk inc covid hosp,1,2026-08-22,13,quantile,0.35,62.0
2026-08-15,wk inc covid hosp,1,2026-08-22,13,quantile,0.4,64.0
2026-08-15,wk inc covid hosp,1,2026-08-22,13,quantile,0.45,67.0
2026-08-15,wk inc covid hosp,1,2026-08-22,13,quantile,0.5,68.0
2026-08-15,wk inc covid hosp,1,2026-08-22,13,quantile,0.55,69.0
2026-08-15,wk inc covid hosp,1,2026-08-22,13,quantile,0.6,71.0
2026-08-15,wk inc covid hosp,1,2026-08-22,13,quantile,0.65,74.0
2026-08-15,wk inc covid hosp,1,2026-08-22,13,quantile,0.7,77.0
2026-08-15,wk inc covid hosp,1,2026-08-22,13,quantile,0.75,80.0
2026-08-15,wk inc covid hosp,1,2026-08-22,13,quantile,0.8,86.0
2026-08-15,wk inc covid hosp,1,2026-08-22,13,quantile,0.85,93.0
2026-08-15,wk inc covid hosp,1,2026-08-22,13,quantile,0.9,100.10000000000002
2026-08-15,wk inc covid hosp,1,2026-08-22,13,quantile,0.95,129.14999999999986
2026-08-15,wk inc covid hosp,1,2026-08-22,13,quantile,0.975,162.57499999999993
2026-08-15,wk inc covid hosp,1,2026-08-22,13,quantile,0.99,231.35999999999967
2026-08-15,wk inc covid hosp,1,2026-08-22,15,quantile,0.01,0.0
2026-08-15,wk inc covid hosp,1,2026-08-22,15,quantile,0.025,1.0
2026-08-15,wk inc covid hosp,1,2026-08-22,15,quantile,0.05,4.0
2026-08-15,wk inc covid hosp,1,2026-08-22,15,quantile,0.1,6.0
2026-08-15,wk inc covid hosp,1,2026-08-22,15,quantile,0.15,8.0
2026-08-15,wk inc covid hosp,1,2026-08-22,15,quantile,0.2,9.0
2026-08-15,wk inc covid hosp,1,2026-08-22,15,quantile,0.25,10.0
2026-08-15,wk inc covid hosp,1,2026-08-22,15,quantile,0.3,11.0
2026-08-15,wk inc covid hosp,1,2026-08-22,15,quantile,0.35,12.0
2026-08-15,wk inc covid hosp,1,2026-08-22,15,quantile,0.4,13.0
2026-08-15,wk inc covid hosp,1,2026-08-22,15,quantile,0.45,13.0
2026-08-15,wk inc covid hosp,1,2026-08-22,15,quantile,0.5,14.0
2026-08-15,wk inc covid hosp,1,2026-08-22,15,quantile,0.55,14.0
2026-08-15,wk inc covid hosp,1,2026-08-22,15,quantile,0.6,14.0
2026-08-15,wk inc covid hosp,1,2026-08-22,15,quantile,0.65,15.0
2026-08-15,wk inc covid hosp,1,2026-08-22,15,quantile,0.7,16.0
2026-08-15,wk inc covid hosp,1,2026-08-22,15,quantile,0.75,17.0
2026-08-15,wk inc covid hosp,1,2026-08-22,15,quantile,0.8,18.0
2026-08-15,wk inc covid hosp,1,2026-08-22,15,quantile,0.85,20.0
2026-08-15,wk inc covid hosp,1,2026-08-22,15,quantile,0.9,22.0
2026-08-15,wk inc covid hosp,1,2026-08-22,15,quantile,0.95,26.049999999999955
2026-08-15,wk inc covid hosp,1,2026-08-22,15,quantile,0.975,31.0
2026-08-15,wk inc covid hosp,1,2026-08-22,15,quantile,0.99,47.049999999999955
2026-08-15,wk inc covid hosp,1,2026-08-22,16,quantile,0.01,0.0
2026-08-15,wk inc covid hosp,1,2026-08-22,16,quantile,0.025,0.0
2026-08-15,wk inc covid hosp,1,2026-08-22,16,quantile,0.05,0.0
2026-08-15,wk inc covid hosp,1,2026-08-22,16,quantile,0.1,0.0
2026-08-15,wk inc covid hosp,1,2026-08-22,16,quantile,0.15,0.0
2026-08-15,wk inc covid hosp,1,2026-08-22,16,quantile,0.2,0.0
2026-08-15,wk inc covid hosp,1,2026-08-22,16,quantile,0.25,0.75
2026-08-15,wk inc covid hosp,1,2026-08-22,16,quantile,0.3,1.0
2026-08-15,wk inc covid hosp,1,2026-08-22,16,quantile,0.35,1.0
2026-08-15,wk inc covid hosp,1,2026-08-22,16,quantile,0.4,2.0
2026-08-15,wk inc covid hosp,1,2026-08-22,16,quantile,0.45,2.0
2026-08-15,wk inc covid hosp,1,2026-08-22,16,quantile,0.5,3.0
2026-08-15,wk inc covid hosp,1,2026-08-22,16,quantile,0.55,3.0
2026-08-15,wk inc covid hosp,1,2026-08-22,16,quantile,0.6,3.0
2026-08-15,wk inc covid hosp,1,2026-08-22,16,quantile,0.65,3.0
2026-08-15,wk inc covid hosp,1,2026-08-22,16,quantile,0.7,4.0
2026-08-15,wk inc covid hosp,1,2026-08-22,16,quantile,0.75,4.0
2026-08-15,wk inc covid hosp,1,2026-08-22,16,quantile,0.8,5.0
2026-08-15,wk inc covid hosp,1,2026-08-22,16,quantile,0.85,6.0
2026-08-15,wk inc covid hosp,1,2026-08-22,16,quantile,0.9,7.0
2026-08-15,wk inc covid hosp,1,2026-08-22,16,quantile,0.95,9.0
2026-08-15,wk inc covid hosp,1,2026-08-22,16,quantile,0.975,12.0
2026-08-15,wk inc covid hosp,1,2026-08-22,16,quantile,0.99,17.019999999999982
2026-08-15,wk inc covid hosp,1,2026-08-22,17,quantile,0.01,0.0
2026-08-15,wk inc covid hosp,1,2026-08-22,17,quantile,0.025,0.0
2026-08-15,wk inc covid hosp,1,2026-08-22,17,quantile,0.05,0.0
2026-08-15,wk inc covid hosp,1,2026-08-22,17,quantile,0.1,0.0
2026-08-15,wk inc covid hosp,1,2026-08-22,17,quantile,0.15,4.0
2026-08-15,wk inc covid hosp,1,2026-08-22,17,quantile,0.2,8.0
2026-08-15,wk inc covid hosp,1,2026-08-22,17,quantile,0.25,11.0
2026-08-15,wk inc covid hosp,1,2026-08-22,17,quantile,0.3,14.0
2026-08-15,wk inc covid hosp,1,2026-08-22,17,quantile,0.35,16.0
2026-08-15,wk inc covid hosp,1,2026-08-22,17,quantile,0.4,19.0
2026-08-15,wk inc covid hosp,1,2026-08-22,17,quantile,0.45,21.0
2026-08-15,wk inc covid hosp,1,2026-08-22,17,quantile,0.5,23.0
2026-08-15,wk inc covid hosp,1,2026-08-22,17,quantile,0.55,23.0
2026-08-15,wk inc covid hosp,1,2026-08-22,17,quantile,0.6,25.399999999999977
2026-08-15,wk inc covid hosp,1,2026-08-22,17,quantile,0.65,28.0
2026-08-15,wk inc covid hosp,1,2026-08-22,17,quantile,0.7,31.0
2026-08-15,wk inc covid hosp,1,2026-08-22,17,quantile,0.75,34.0
2026-08-15,wk inc covid hosp,1,2026-08-22,17,quantile,0.8,38.0
2026-08-15,wk inc covid hosp,1,2026-08-22,17,quantile,0.85,42.0
2026-08-15,wk inc covid hosp,1,2026-08-22,17,quantile,0.9,50.10000000000002
2026-08-15,wk inc covid hosp,1,2026-08-22,17,quantile,0.95,70.04999999999995
2026-08-15,wk inc covid hosp,1,2026-08-22,17,quantile,0.975,84.04999999999995
2026-08-15,wk inc covid hosp,1,2026-08-22,17,quantile,0.99,98.08999999999992
2026-08-15,wk inc covid hosp,1,2026-08-22,18,quantile,0.01,0.0
2026-08-15,wk inc covid hosp,1,2026-08-22,18,quantile,0.025,0.0
2026-08-15,wk inc covid hosp,1,2026-08-22,18,quantile,0.05,0.0
2026-08-15,wk inc covid hosp,1,2026-08-22,18,quantile,0.1,0.0
2026-08-15,wk inc covid hosp,1,2026-08-22,18,quantile,0.15,0.0
2026-08-15,wk inc covid hosp,1,2026-08-22,18,quantile,0.2,3.0
2026-08-15,wk inc covid hosp,1,2026-08-22,18,quantile,0.25,4.0
2026-08-15,wk inc covid hosp,1,2026-08-22,18,quantile,0.3,6.0
2026-08-15,wk inc covid hosp,1,2026-08-22,18,quantile,0.35,7.0
2026-08-15,wk inc covid hosp,1,2026-08-22,18,quantile,0.4,9.0
2026-08-15,wk inc covid hosp,1,2026-08-22,18,quantile,0.45,10.0
2026-08-15,wk inc covid hosp,1,2026-08-22,18,quantile,0.5,10.0
2026-08-15,wk inc covid hosp,1,2026-08-22,18,quantile,0.55,11.0
2026-08-15,wk inc covid hosp,1,2026-08-22,18,quantile,0.6,11.0
2026-08-15,wk inc covid hosp,1,2026-08-22,18,quantile,0.65,12.0
2026-08-15,wk inc covid hosp,1,2026-08-22,18,quantile,0.7,14.0
2026-08-15,wk inc covid hosp,1,2026-08-22,18,quantile,0.75,15.0
2026-08-15,wk inc covid hosp,1,2026-08-22,18,quantile,0.8,17.0
2026-08-15,wk inc covid hosp,1,2026-08-22,18,quantile,0.85,19.0
2026-08-15,wk inc covid hosp,1,2026-08-22,18,quantile,0.9,22.0
2026-08-15,wk inc covid hosp,1,2026-08-22,18,quantile,0.95,27.0
2026-08-15,wk inc covid hosp,1,2026-08-22,18,quantile,0.975,34.0
2026-08-15,wk inc covid hosp,1,2026-08-22,18,quantile,0.99,50.08999999999992
2026-08-15,wk inc covid hosp,1,2026-08-22,19,quantile,0.01,0.0
2026-08-15,wk inc covid hosp,1,2026-08-22,19,quantile,0.025,0.0
2026-08-15,wk inc covid hosp,1,2026-08-22,19,quantile,0.05,0.0
2026-08-15,wk inc covid hosp,1,2026-08-22,19,quantile,0.1,0.0
2026-08-15,wk inc covid hosp,1,2026-08-22,19,quantile,0.15,0.0
2026-08-15,wk inc covid hosp,1,2026-08-22,19,quantile,0.2,1.0
2026-08-15,wk inc covid hosp,1,2026-08-22,19,quantile,0.25,2.0
2026-08-15,wk inc covid hosp,1,2026-08-22,19,quantile,0.3,3.0
2026-08-15,wk inc covid hosp,1,2026-08-22,19,quantile,0.35,3.0
2026-08-15,wk inc covid hosp,1,2026-08-22,19,quantile,0.4,4.0
2026-08-15,wk inc covid hosp,1,2026-08-22,19,quantile,0.45,4.0
2026-08-15,wk inc covid hosp,1,2026-08-22,19,quantile,0.5,5.0
2026-08-15,wk inc covid hosp,1,2026-08-22,19,quantile,0.55,5.0
2026-08-15,wk inc covid hosp,1,2026-08-22,19,quantile,0.6,5.0
2026-08-15,wk inc covid hosp,1,2026-08-22,19,quantile,0.65,6.0
2026-08-15,wk inc covid hosp,1,2026-08-22,19,quantile,0.7,6.0
2026-08-15,wk inc covid hosp,1,2026-08-22,19,quantile,0.75,7.0
2026-08-15,wk inc covid hosp,1,2026-08-22,19,quantile,0.8,8.0
2026-08-15,wk inc covid hosp,1,2026-08-22,19,quantile,0.85,8.0
2026-08-15,wk inc covid hosp,1,2026-08-22,19,quantile,0.9,10.0
2026-08-15,wk inc covid hosp,1,2026-08-22,19,quantile,0.95,11.0
2026-08-15,wk inc covid hosp,1,2026-08-22,19,quantile,0.975,14.0
2026-08-15,wk inc covid hosp,1,2026-08-22,19,quantile,0.99,20.029999999999973
2026-08-15,wk inc covid hosp,1,2026-08-22,20,quantile,0.01,0.0
2026-08-15,wk inc covid hosp,1,2026-08-22,20,quantile,0.025,0.0
2026-08-15,wk inc covid hosp,1,2026-08-22,20,quantile,0.05,0.0
2026-08-15,wk inc covid hosp,1,2026-08-22,20,quantile,0.1,0.0
2026-08-15,wk inc covid hosp,1,2026-08-22,20,quantile,0.15,1.0
2026-08-15,wk inc covid hosp,1,2026-08-22,20,quantile,0.2,2.0
2026-08-15,wk inc covid hosp,1,2026-08-22,20,quantile,0.25,3.0
2026-08-15,wk inc covid hosp,1,2026-08-22,20,quantile,0.3,4.0
2026-08-15,wk inc covid hosp,1,2026-08-22,20,quantile,0.35,4.0
2026-08-15,wk inc covid hosp,1,2026-08-22,20,quantile,0.4,5.0
2026-08-15,wk inc covid hosp,1,2026-08-22,20,quantile,0.45,5.0
2026-08-15,wk inc covid hosp,1,2026-08-22,20,quantile,0.5,6.0
2026-08-15,wk inc covid hosp,1,2026-08-22,20,quantile,0.55,6.0
2026-08-15,wk inc covid hosp,1,2026-08-22,20,quantile,0.6,7.0
2026-08-15,wk inc covid hosp,1,2026-08-22,20,quantile,0.65,7.0
2026-08-15,wk inc covid hosp,1,2026-08-22,20,quantile,0.7,8.0
2026-08-15,wk inc covid hosp,1,2026-08-22,20,quantile,0.75,9.0
2026-08-15,wk inc covid hosp,1,2026-08-22,20,quantile,0.8,10.0
2026-08-15,wk inc covid hosp,1,2026-08-22,20,quantile,0.85,11.0
2026-08-15,wk inc covid hosp,1,2026-08-22,20,quantile,0.9,12.0
2026-08-15,wk inc covid hosp,1,2026-08-22,20,quantile,0.95,15.0
2026-08-15,wk inc covid hosp,1,2026-08-22,20,quantile,0.975,19.0
2026-08-15,wk inc covid hosp,1,2026-08-22,20,quantile,0.99,29.0
2026-08-15,wk inc covid hosp,1,2026-08-22,21,quantile,0.01,0.0
2026-08-15,wk inc covid hosp,1,2026-08-22,21,quantile,0.025,0.0
2026-08-15,wk inc covid hosp,1,2026-08-22,21,quantile,0.05,0.0
2026-08-15,wk inc covid hosp,1,2026-08-22,21,quantile,0.1,0.0
2026-08-15,wk inc covid hosp,1,2026-08-22,21,quantile,0.15,0.0
2026-08-15,wk inc covid hosp,1,2026-08-22,21,quantile,0.2,2.0
2026-08-15,wk inc covid hosp,1,2026-08-22,21,quantile,0.25,3.0
2026-08-15,wk inc covid hosp,1,2026-08-22,21,quantile,0.3,5.0
2026-08-15,wk inc covid hosp,1,2026-08-22,21,quantile,0.35,6.0
2026-08-15,wk inc covid hosp,1,2026-08-22,21,quantile,0.4,6.0
2026-08-15,wk inc covid hosp,1,2026-08-22,21,quantile,0.45,7.0
2026-08-15,wk inc covid hosp,1,2026-08-22,21,quantile,0.5,7.0
2026-08-15,wk inc covid hosp,1,2026-08-22,21,quantile,0.55,8.0
2026-08-15,wk inc covid hosp,1,2026-08-22,21,quantile,0.6,8.0
2026-08-15,wk inc covid hosp,1,2026-08-22,21,quantile,0.65,9.0
2026-08-15,wk inc covid hosp,1,2026-08-22,21,quantile,0.7,10.0
2026-08-15,wk inc covid hosp,1,2026-08-22,21,quantile,0.75,11.0
2026-08-15,wk inc covid hosp,1,2026-08-22,21,quantile,0.8,12.0
2026-08-15,wk inc covid hosp,1,2026-08-22,21,quantile,0.85,14.0
2026-08-15,wk inc covid hosp,1,2026-08-22,21,quantile,0.9,15.0
2026-08-15,wk inc covid hosp,1,2026-08-22,21,quantile,0.95,17.0
2026-08-15,wk inc covid hosp,1,2026-08-22,21,quantile,0.975,21.524999999999977
2026-08-15,wk inc covid hosp,1,2026-08-22,21,quantile,0.99,28.039999999999964
2026-08-15,wk inc covid hosp,1,2026-08-22,22,quantile,0.01,20.0
2026-08-15,wk inc covid hosp,1,2026-08-22,22,quantile,0.025,29.0
2026-08-15,wk inc covid hosp,1,2026-08-22,22,quantile,0.05,34.0
2026-08-15,wk inc covid hosp,1,2026-08-22,22,quantile,0.1,40.0
2026-08-15,wk inc covid hosp,1,2026-08-22,22,quantile,0.15,44.0
2026-08-15,wk inc covid hosp,1,2026-08-22,22,quantile,0.2,48.0
2026-08-15,wk inc covid hosp,1,2026-08-22,22,quantile,0.25,50.0
2026-08-15,wk inc covid hosp,1,2026-08-22,22,quantile,0.3,52.0
2026-08-15,wk inc covid hosp,1,2026-08-22,22,quantile,0.35,54.0
2026-08-15,wk inc covid hosp,1,2026-08-22,22,quantile,0.4,55.60000000000002
2026-08-15,wk inc covid hosp,1,2026-08-22,22,quantile,0.45,57.0
2026-08-15,wk inc covid hosp,1,2026-08-22,22,quantile,0.5,59.0
2026-08-15,wk inc covid hosp,1,2026-08-22,22,quantile,0.55,60.0
2026-08-15,wk inc covid hosp,1,2026-08-22,22,quantile,0.6,61.0
2026-08-15,wk inc covid hosp,1,2026-08-22,22,quantile,0.65,62.0
2026-08-15,wk inc covid hosp,1,2026-08-22,22,quantile,0.7,64.0
2026-08-15,wk inc covid hosp,1,2026-08-22,22,quantile,0.75,67.0
2026-08-15,wk inc covid hosp,1,2026-08-22,22,quantile,0.8,70.0
2026-08-15,wk inc covid hosp,1,2026-08-22,22,quantile,0.85,76.0
2026-08-15,wk inc covid hosp,1,2026-08-22,22,quantile,0.9,81.10000000000002
2026-08-15,wk inc covid hosp,1,2026-08-22,22,quantile,0.95,96.29999999999973
2026-08-15,wk inc covid hosp,1,2026-08-22,22,quantile,0.975,122.52499999999998
2026-08-15,wk inc covid hosp,1,2026-08-22,22,quantile,0.99,145.12999999999988
2026-08-15,wk inc covid hosp,1,2026-08-22,23,quantile,0.01,0.0
2026-08-15,wk inc covid hosp,1,2026-08-22,23,quantile,0.025,0.0
2026-08-15,wk inc covid hosp,1,2026-08-22,23,quantile,0.05,0.0
2026-08-15,wk inc covid hosp,1,2026-08-22,23,quantile,0.1,0.0
2026-08-15,wk inc covid hosp,1,2026-08-22,23,quantile,0.15,0.0
2026-08-15,wk inc covid hosp,1,2026-08-22,23,quantile,0.2,0.0
2026-08-15,wk inc covid hosp,1,2026-08-22,23,quantile,0.25,0.0
2026-08-15,wk inc covid hosp,1,2026-08-22,23,quantile,0.3,1.0
2026-08-15,wk inc covid hosp,1,2026-08-22,23,quantile,0.35,1.0
2026-08-15,wk inc covid hosp,1,2026-08-22,23,quantile,0.4,1.0
2026-08-15,wk inc covid hosp,1,2026-08-22,23,quantile,0.45,1.0
2026-08-15,wk inc covid hosp,1,2026-08-22,23,quantile,0.5,1.5
2026-08-15,wk inc covid hosp,1,2026-08-22,23,quantile,0.55,2.0
2026-08-15,wk inc covid hosp,1,2026-08-22,23,quantile,0.6,2.0
2026-08-15,wk inc covid hosp,1,2026-08-22,23,quantile,0.65,2.0
2026-08-15,wk inc covid hosp,1,2026-08-22,23,quantile,0.7,2.0
2026-08-15,wk inc covid hosp,1,2026-08-22,23,quantile,0.75,3.0
2026-08-15,wk inc covid hosp,1,2026-08-22,23,quantile,0.8,3.0
2026-08-15,wk inc covid hosp,1,2026-08-22,23,quantile,0.85,4.0
2026-08-15,wk inc covid hosp,1,2026-08-22,23,quantile,0.9,4.0
2026-08-15,wk inc covid hosp,1,2026-08-22,23,quantile,0.95,5.0
2026-08-15,wk inc covid hosp,1,2026-08-22,23,quantile,0.975,7.0
2026-08-15,wk inc covid hosp,1,2026-08-22,23,quantile,0.99,10.0
2026-08-15,wk inc covid hosp,1,2026-08-22,24,quantile,0.01,0.0
2026-08-15,wk inc covid hosp,1,2026-08-22,24,quantile,0.025,0.0
2026-08-15,wk inc covid hosp,1,2026-08-22,24,quantile,0.05,0.0
2026-08-15,wk inc covid hosp,1,2026-08-22,24,quantile,0.1,0.0
2026-08-15,wk inc covid hosp,1,2026-08-22,24,quantile,0.15,1.0
2026-08-15,wk inc covid hosp,1,2026-08-22,24,quantile,0.2,3.0
2026-08-15,wk inc covid hosp,1,2026-08-22,24,quantile,0.25,4.0
2026-08-15,wk inc covid hosp,1,2026-08-22,24,quantile,0.3,5.0
2026-08-15,wk inc covid hosp,1,2026-08-22,24,quantile,0.35,7.0
2026-08-15,wk inc covid hosp,1,2026-08-22,24,quantile,0.4,8.0
2026-08-15,wk inc covid hosp,1,2026-08-22,24,quantile,0.45,9.0
2026-08-15,wk inc covid hosp,1,2026-08-22,24,quantile,0.5,9.0
2026-08-15,wk inc covid hosp,1,2026-08-22,24,quantile,0.55,10.0
2026-08-15,wk inc covid hosp,1,2026-08-22,24,quantile,0.6,10.0
2026-08-15,wk inc covid hosp,1,2026-08-22,24,quantile,0.65,11.0
2026-08-15,wk inc covid hosp,1,2026-08-22,24,quantile,0.7,12.0
2026-08-15,wk inc covid hosp,1,2026-08-22,24,quantile,0.75,14.0
2026-08-15,wk inc covid hosp,1,2026-08-22,24,quantile,0.8,15.0
2026-08-15,wk inc covid hosp,1,2026-08-22,24,quantile,0.85,18.0
2026-08-15,wk inc covid hosp,1,2026-08-22,24,quantile,0.9,21.0
2026-08-15,wk inc covid hosp,1,2026-08-22,24,quantile,0.95,26.0
2026-08-15,wk inc covid hosp,1,2026-08-22,24,quantile,0.975,33.0
2026-08-15,wk inc covid hosp,1,2026-08-22,24,quantile,0.99,49.169999999999845
2026-08-15,wk inc covid hosp,1,2026-08-22,25,quantile,0.01,0.0
2026-08-15,wk inc covid hosp,1,2026-08-22,25,quantile,0.025,0.0
2026-08-15,wk inc covid hosp,1,2026-08-22,25,quantile,0.05,0.0
2026-08-15,wk inc covid hosp,1,2026-08-22,25,quantile,0.1,0.0
2026-08-15,wk inc covid hosp,1,2026-08-22,25,quantile,0.15,0.0
2026-08-15,wk inc covid hosp,1,2026-08-22,25,quantile,0.2,1.0
2026-08-15,wk inc covid hosp,1,2026-08-22,25,quantile,0.25,3.0
2026-08-15,wk inc covid hosp,1,2026-08-22,25,quantile,0.3,4.0
2026-08-15,wk inc covid hosp,1,2026-08-22,25,quantile,0.35,6.0
2026-08-15,wk inc covid hosp,1,2026-08-22,25,quantile,0.4,7.0
2026-08-15,wk inc covid hosp,1,2026-08-22,25,quantile,0.45,8.0
2026-08-15,wk inc covid hosp,1,2026-08-22,25,quantile,0.5,9.0
2026-08-15,wk inc covid hosp,1,2026-08-22,25,quantile,0.55,9.0
2026-08-15,wk inc covid hosp,1,2026-08-22,25,quantile,0.6,10.0
2026-08-15,wk inc covid hosp,1,2026-08-22,25,quantile,0.65,11.0
2026-08-15,wk inc covid hosp,1,2026-08-22,25,quantile,0.7,12.0
2026-08-15,wk inc covid hosp,1,2026-08-22,25,quantile,0.75,13.0
2026-08-15,wk inc covid hosp,1,2026-08-22,25,quantile,0.8,15.0
2026-08-15,wk inc covid hosp,1,2026-08-22,25,quantile,0.85,17.0
2026-08-15,wk inc covid hosp,1,2026-08-22,25,quantile,0.9,20.0
2026-08-15,wk inc covid hosp,1,2026-08-22,25,quantile,0.95,26.0
2026-08-15,wk inc covid hosp,1,2026-08-22,25,quantile,0.975,38.0
2026-08-15,wk inc covid hosp,1,2026-08-22,25,quantile,0.99,48.08999999999992
2026-08-15,wk inc covid hosp,1,2026-08-22,26,quantile,0.01,0.0
2026-08-15,wk inc covid hosp,1,2026-08-22,26,quantile,0.025,0.0
2026-08-15,wk inc covid hosp,1,2026-08-22,26,quantile,0.05,0.0
2026-08-15,wk inc covid hosp,1,2026-08-22,26,quantile,0.1,0.0
2026-08-15,wk inc covid hosp,1,2026-08-22,26,quantile,0.15,0.0
2026-08-15,wk inc covid hosp,1,2026-08-22,26,quantile,0.2,1.0
2026-08-15,wk inc covid hosp,1,2026-08-22,26,quantile,0.25,4.0
2026-08-15,wk inc covid hosp,1,2026-08-22,26,quantile,0.3,6.0
2026-08-15,wk inc covid hosp,1,2026-08-22,26,quantile,0.35,8.0
2026-08-15,wk inc covid hosp,1,2026-08-22,26,quantile,0.4,10.0
2026-08-15,wk inc covid hosp,1,2026-08-22,26,quantile,0.45,11.0
2026-08-15,wk inc covid hosp,1,2026-08-22,26,quantile,0.5,13.0
2026-08-15,wk inc covid hosp,1,2026-08-22,26,quantile,0.55,14.0
2026-08-15,wk inc covid hosp,1,2026-08-22,26,quantile,0.6,15.0
2026-08-15,wk inc covid hosp,1,2026-08-22,26,quantile,0.65,16.0
2026-08-15,wk inc covid hosp,1,2026-08-22,26,quantile,0.7,17.0
2026-08-15,wk inc covid hosp,1,2026-08-22,26,quantile,0.75,19.0
2026-08-15,wk inc covid hosp,1,2026-08-22,26,quantile,0.8,22.200000000000045
2026-08-15,wk inc covid hosp,1,2026-08-22,26,quantile,0.85,26.0
2026-08-15,wk inc covid hosp,1,2026-08-22,26,quantile,0.9,31.0
2026-08-15,wk inc covid hosp,1,2026-08-22,26,quantile,0.95,38.049999999999955
2026-08-15,wk inc covid hosp,1,2026-08-22,26,quantile,0.975,48.52499999999998
2026-08-15,wk inc covid hosp,1,2026-08-22,26,quantile,0.99,67.00999999999999
2026-08-15,wk inc covid hosp,1,2026-08-22,27,quantile,0.01,0.0
2026-08-15,wk inc covid hosp,1,2026-08-22,27,quantile,0.025,0.0
2026-08-15,wk inc covid hosp,1,2026-08-22,27,quantile,0.05,0.0
2026-08-15,wk inc covid hosp,1,2026-08-22,27,quantile,0.1,0.0
2026-08-15,wk inc covid hosp,1,2026-08-22,27,quantile,0.15,0.0
2026-08-15,wk inc covid hosp,1,2026-08-22,27,quantile,0.2,1.0
2026-08-15,wk inc covid hosp,1,2026-08-22,27,quantile,0.25,3.0
2026-08-15,wk inc covid hosp,1,2026-08-22,27,quantile,0.3,5.0
2026-08-15,wk inc covid hosp,1,2026-08-22,27,quantile,0.35,6.0
2026-08-15,wk inc covid hosp,1,2026-08-22,27,quantile,0.4,7.0
2026-08-15,wk inc covid hosp,1,2026-08-22,27,quantile,0.45,7.0
2026-08-15,wk inc covid hosp,1,2026-08-22,27,quantile,0.5,8.0
2026-08-15,wk inc covid hosp,1,2026-08-22,27,quantile,0.55,9.0
2026-08-15,wk inc covid hosp,1,2026-08-22,27,quantile,0.6,10.0
2026-08-15,wk inc covid hosp,1,2026-08-22,27,quantile,0.65,11.0
2026-08-15,wk inc covid hosp,1,2026-08-22,27,quantile,0.7,12.0
2026-08-15,wk inc covid hosp,1,2026-08-22,27,quantile,0.75,13.0
2026-08-15,wk inc covid hosp,1,2026-08-22,27,quantile,0.8,14.0
2026-08-15,wk inc covid hosp,1,2026-08-22,27,quantile,0.85,17.0
2026-08-15,wk inc covid hosp,1,2026-08-22,27,quantile,0.9,21.0
2026-08-15,wk inc covid hosp,1,2026-08-22,27,quantile,0.95,25.049999999999955
2026-08-15,wk inc covid hosp,1,2026-08-22,27,quantile,0.975,32.049999999999955
2026-08-15,wk inc covid hosp,1,2026-08-22,27,quantile,0.99,52.07999999999993
2026-08-15,wk inc covid hosp,1,2026-08-22,28,quantile,0.01,6.0
2026-08-15,wk inc covid hosp,1,2026-08-22,28,quantile,0.025,10.475000000000001
2026-08-15,wk inc covid hosp,1,2026-08-22,28,quantile,0.05,13.0
2026-08-15,wk inc covid hosp,1,2026-08-22,28,quantile,0.1,16.0
2026-08-15,wk inc covid hosp,1,2026-08-22,28,quantile,0.15,18.0
2026-08-15,wk inc covid hosp,1,2026-08-22,28,quantile,0.2,19.0
2026-08-15,wk inc covid hosp,1,2026-08-22,28,quantile,0.25,20.0
2026-08-15,wk inc covid hosp,1,2026-08-22,28,quantile,0.3,21.0
2026-08-15,wk inc covid hosp,1,2026-08-22,28,quantile,0.35,23.0
2026-08-15,wk inc covid hosp,1,2026-08-22,28,quantile,0.4,24.0
2026-08-15,wk inc covid hosp,1,2026-08-22,28,quantile,0.45,24.0
2026-08-15,wk inc covid hosp,1,2026-08-22,28,quantile,0.5,25.0
2026-08-15,wk inc covid hosp,1,2026-08-22,28,quantile,0.55,25.0
2026-08-15,wk inc covid hosp,1,2026-08-22,28,quantile,0.6,26.0
2026-08-15,wk inc covid hosp,1,2026-08-22,28,quantile,0.65,27.0
2026-08-15,wk inc covid hosp,1,2026-08-22,28,quantile,0.7,28.0
2026-08-15,wk inc covid hosp,1,2026-08-22,28,quantile,0.75,28.25
2026-08-15,wk inc covid hosp,1,2026-08-22,28,quantile,0.8,30.0
2026-08-15,wk inc covid hosp,1,2026-08-22,28,quantile,0.85,31.0
2026-08-15,wk inc covid hosp,1,2026-08-22,28,quantile,0.9,34.10000000000002
2026-08-15,wk inc covid hosp,1,2026-08-22,28,quantile,0.95,39.0
2026-08-15,wk inc covid hosp,1,2026-08-22,28,quantile,0.975,48.52499999999998
2026-08-15,wk inc covid hosp,1,2026-08-22,28,quantile,0.99,69.00999999999999
2026-08-15,wk inc covid hosp,1,2026-08-22,29,quantile,0.01,0.0
2026-08-15,wk inc covid hosp,1,2026-08-22,29,quantile,0.025,0.0
2026-08-15,wk inc covid hosp,1,2026-08-22,29,quantile,0.05,0.0
2026-08-15,wk inc covid hosp,1,2026-08-22,29,quantile,0.1,0.0
2026-08-15,wk inc covid hosp,1,2026-08-22,29,quantile,0.15,0.0
2026-08-15,wk inc covid hosp,1,2026-08-22,29,quantile,0.2,1.0
2026-08-15,wk inc covid hosp,1,2026-08-22,29,quantile,0.25,4.0
2026-08-15,wk inc covid hosp,1,2026-08-22,29,quantile,0.3,5.0
2026-08-15,wk inc covid hosp,1,2026-08-22,29,quantile,0.35,6.0
2026-08-15,wk inc covid hosp,1,2026-08-22,29,quantile,0.4,7.0
2026-08-15,wk inc covid hosp,1,2026-08-22,29,quantile,0.45,8.550000000000011
2026-08-15,wk inc covid hosp,1,2026-08-22,29,quantile,0.5,9.0
2026-08-15,wk inc covid hosp,1,2026-08-22,29,quantile,0.55,10.0
2026-08-15,wk inc covid hosp,1,2026-08-22,29,quantile,0.6,11.0
2026-08-15,wk inc covid hosp,1,2026-08-22,29,quantile,0.65,12.0
2026-08-15,wk inc covid hosp,1,2026-08-22,29,quantile,0.7,13.0
2026-08-15,wk inc covid hosp,1,2026-08-22,29,quantile,0.75,14.0
2026-08-15,wk inc covid hosp,1,2026-08-22,29,quantile,0.8,16.0
2026-08-15,wk inc covid hosp,1,2026-08-22,29,quantile,0.85,19.149999999999977
2026-08-15,wk inc covid hosp,1,2026-08-22,29,quantile,0.9,24.0
2026-08-15,wk inc covid hosp,1,2026-08-22,29,quantile,0.95,31.049999999999955
2026-08-15,wk inc covid hosp,1,2026-08-22,29,quantile,0.975,41.52499999999998
2026-08-15,wk inc covid hosp,1,2026-08-22,29,quantile,0.99,57.0
2026-08-15,wk inc covid hosp,1,2026-08-22,30,quantile,0.01,0.0
2026-08-15,wk inc covid hosp,1,2026-08-22,30,quantile,0.025,0.0
2026-08-15,wk inc covid hosp,1,2026-08-22,30,quantile,0.05,0.0
2026-08-15,wk inc covid hosp,1,2026-08-22,30,quantile,0.1,0.0
2026-08-15,wk inc covid hosp,1,2026-08-22,30,quantile,0.15,0.0
2026-08-15,wk inc covid hosp,1,2026-08-22,30,quantile,0.2,0.0
2026-08-15,wk inc covid hosp,1,2026-08-22,30,quantile,0.25,0.75
2026-08-15,wk inc covid hosp,1,2026-08-22,30,quantile,0.3,1.0
2026-08-15,wk inc covid hosp,1,2026-08-22,30,quantile,0.35,1.0
2026-08-15,wk inc covid hosp,1,2026-08-22,30,quantile,0.4,2.0
2026-08-15,wk inc covid hosp,1,2026-08-22,30,quantile,0.45,2.0
2026-08-15,wk inc covid hosp,1,2026-08-22,30,quantile,0.5,2.0
2026-08-15,wk inc covid hosp,1,2026-08-22,30,quantile,0.55,2.0
2026-08-15,wk inc covid hosp,1,2026-08-22,30,quantile,0.6,2.0
2026-08-15,wk inc covid hosp,1,2026-08-22,30,quantile,0.65,3.0
2026-08-15,wk inc covid hosp,1,2026-08-22,30,quantile,0.7,3.0
2026-08-15,wk inc covid hosp,1,2026-08-22,30,quantile,0.75,3.0
2026-08-15,wk inc covid hosp,1,2026-08-22,30,quantile,0.8,4.0
2026-08-15,wk inc covid hosp,1,2026-08-22,30,quantile,0.85,4.0
2026-08-15,wk inc covid hosp,1,2026-08-22,30,quantile,0.9,5.0
2026-08-15,wk inc covid hosp,1,2026-08-22,30,quantile,0.95,7.0
2026-08-15,wk inc covid hosp,1,2026-08-22,30,quantile,0.975,9.0
2026-08-15,wk inc covid hosp,1,2026-08-22,30,quantile,0.99,12.019999999999982
2026-08-15,wk inc covid hosp,1,2026-08-22,31,quantile,0.01,0.0
2026-08-15,wk inc covid hosp,1,2026-08-22,31,quantile,0.025,0.0
2026-08-15,wk inc covid hosp,1,2026-08-22,31,quantile,0.05,0.0
2026-08-15,wk inc covid hosp,1,2026-08-22,31,quantile,0.1,0.0
2026-08-15,wk inc covid hosp,1,2026-08-22,31,quantile,0.15,0.0
2026-08-15,wk inc covid hosp,1,2026-08-22,31,quantile,0.2,0.0
2026-08-15,wk inc covid hosp,1,2026-08-22,31,quantile,0.25,0.0
2026-08-15,wk inc covid hosp,1,2026-08-22,31,quantile,0.3,1.0
2026-08-15,wk inc covid hosp,1,2026-08-22,31,quantile,0.35,1.0
2026-08-15,wk inc covid hosp,1,2026-08-22,31,quantile,0.4,2.0
2026-08-15,wk inc covid hosp,1,2026-08-22,31,quantile,0.45,2.0
2026-08-15,wk inc covid hosp,1,2026-08-22,31,quantile,0.5,2.0
2026-08-15,wk inc covid hosp,1,2026-08-22,31,quantile,0.55,3.0
2026-08-15,wk inc covid hosp,1,2026-08-22,31,quantile,0.6,3.0
2026-08-15,wk inc covid hosp,1,2026-08-22,31,quantile,0.65,3.0
2026-08-15,wk inc covid hosp,1,2026-08-22,31,quantile,0.7,4.0
2026-08-15,wk inc covid hosp,1,2026-08-22,31,quantile,0.75,4.25
2026-08-15,wk inc covid hosp,1,2026-08-22,31,quantile,0.8,5.0
2026-08-15,wk inc covid hosp,1,2026-08-22,31,quantile,0.85,6.0
2026-08-15,wk inc covid hosp,1,2026-08-22,31,quantile,0.9,7.0
2026-08-15,wk inc covid hosp,1,2026-08-22,31,quantile,0.95,11.0
2026-08-15,wk inc covid hosp,1,2026-08-22,31,quantile,0.975,16.0
2026-08-15,wk inc covid hosp,1,2026-08-22,31,quantile,0.99,23.0
2026-08-15,wk inc covid hosp,1,2026-08-22,32,quantile,0.01,0.0
2026-08-15,wk inc covid hosp,1,2026-08-22,32,quantile,0.025,2.4750000000000014
2026-08-15,wk inc covid hosp,1,2026-08-22,32,quantile,0.05,8.0
2026-08-15,wk inc covid hosp,1,2026-08-22,32,quantile,0.1,11.0
2026-08-15,wk inc covid hosp,1,2026-08-22,32,quantile,0.15,13.0
2026-08-15,wk inc covid hosp,1,2026-08-22,32,quantile,0.2,14.0
2026-08-15,wk inc covid hosp,1,2026-08-22,32,quantile,0.25,15.0
2026-08-15,wk inc covid hosp,1,2026-08-22,32,quantile,0.3,16.0
2026-08-15,wk inc covid hosp,1,2026-08-22,32,quantile,0.35,17.0
2026-08-15,wk inc covid hosp,1,2026-08-22,32,quantile,0.4,17.0
2026-08-15,wk inc covid hosp,1,2026-08-22,32,quantile,0.45,18.0
2026-08-15,wk inc covid hosp,1,2026-08-22,32,quantile,0.5,18.0
2026-08-15,wk inc covid hosp,1,2026-08-22,32,quantile,0.55,19.0
2026-08-15,wk inc covid hosp,1,2026-08-22,32,quantile,0.6,19.0
2026-08-15,wk inc covid hosp,1,2026-08-22,32,quantile,0.65,20.0
2026-08-15,wk inc covid hosp,1,2026-08-22,32,quantile,0.7,20.0
2026-08-15,wk inc covid hosp,1,2026-08-22,32,quantile,0.75,22.0
2026-08-15,wk inc covid hosp,1,2026-08-22,32,quantile,0.8,23.0
2026-08-15,wk inc covid hosp,1,2026-08-22,32,quantile,0.85,25.0
2026-08-15,wk inc covid hosp,1,2026-08-22,32,quantile,0.9,26.0
2026-08-15,wk inc covid hosp,1,2026-08-22,32,quantile,0.95,32.049999999999955
2026-08-15,wk inc covid hosp,1,2026-08-22,32,quantile,0.975,38.52499999999998
2026-08-15,wk inc covid hosp,1,2026-08-22,32,quantile,0.99,50.00999999999999
2026-08-15,wk inc covid hosp,1,2026-08-22,33,quantile,0.01,0.0
2026-08-15,wk inc covid hosp,1,2026-08-22,33,quantile,0.025,0.0
2026-08-15,wk inc covid hosp,1,2026-08-22,33,quantile,0.05,0.0
2026-08-15,wk inc covid hosp,1,2026-08-22,33,quantile,0.1,0.0
2026-08-15,wk inc covid hosp,1,2026-08-22,33,quantile,0.15,0.0
2026-08-15,wk inc covid hosp,1,2026-08-22,33,quantile,0.2,0.0
2026-08-15,wk inc covid hosp,1,2026-08-22,33,quantile,0.25,1.0
2026-08-15,wk inc covid hosp,1,2026-08-22,33,quantile,0.3,1.0
2026-08-15,wk inc covid hosp,1,2026-08-22,33,quantile,0.35,1.6499999999999773
2026-08-15,wk inc covid hosp,1,2026-08-22,33,quantile,0.4,2.0
2026-08-15,wk inc covid hosp,1,2026-08-22,33,quantile,0.45,2.0
2026-08-15,wk inc covid hosp,1,2026-08-22,33,quantile,0.5,2.0
2026-08-15,wk inc covid hosp,1,2026-08-22,33,quantile,0.55,2.0
2026-08-15,wk inc covid hosp,1,2026-08-22,33,quantile,0.6,2.0
2026-08-15,wk inc covid hosp,1,2026-08-22,33,quantile,0.65,3.0
2026-08-15,wk inc covid hosp,1,2026-08-22,33,quantile,0.7,3.0
2026-08-15,wk inc covid hosp,1,2026-08-22,33,quantile,0.75,3.0
2026-08-15,wk inc covid hosp,1,2026-08-22,33,quantile,0.8,4.0
2026-08-15,wk inc covid hosp,1,2026-08-22,33,quantile,0.85,4.149999999999977
2026-08-15,wk inc covid hosp,1,2026-08-22,33,quantile,0.9,5.0
2026-08-15,wk inc covid hosp,1,2026-08-22,33,quantile,0.95,7.0
2026-08-15,wk inc covid hosp,1,2026-08-22,33,quantile,0.975,8.524999999999977
2026-08-15,wk inc covid hosp,1,2026-08-22,33,quantile,0.99,12.0
2026-08-15,wk inc covid hosp,1,2026-08-22,34,quantile,0.01,0.0
2026-08-15,wk inc covid hosp,1,2026-08-22,34,quantile,0.025,6.475000000000001
2026-08-15,wk inc covid hosp,1,2026-08-22,34,quantile,0.05,16.950000000000003
2026-08-15,wk inc covid hosp,1,2026-08-22,34,quantile,0.1,23.0
2026-08-15,wk inc covid hosp,1,2026-08-22,34,quantile,0.15,26.0
2026-08-15,wk inc covid hosp,1,2026-08-22,34,quantile,0.2,30.0
2026-08-15,wk inc covid hosp,1,2026-08-22,34,quantile,0.25,32.0
2026-08-15,wk inc covid hosp,1,2026-08-22,34,quantile,0.3,35.69999999999999
2026-08-15,wk inc covid hosp,1,2026-08-22,34,quantile,0.35,37.0
2026-08-15,wk inc covid hosp,1,2026-08-22,34,quantile,0.4,39.0
2026-08-15,wk inc covid hosp,1,2026-08-22,34,quantile,0.45,40.0
2026-08-15,wk inc covid hosp,1,2026-08-22,34,quantile,0.5,41.0
2026-08-15,wk inc covid hosp,1,2026-08-22,34,quantile,0.55,42.0
2026-08-15,wk inc covid hosp,1,2026-08-22,34,quantile,0.6,44.0
2026-08-15,wk inc covid hosp,1,2026-08-22,34,quantile,0.65,46.0
2026-08-15,wk inc covid hosp,1,2026-08-22,34,quantile,0.7,47.0
2026-08-15,wk inc covid hosp,1,2026-08-22,34,quantile,0.75,50.0
2026-08-15,wk inc covid hosp,1,2026-08-22,34,quantile,0.8,53.0
2026-08-15,wk inc covid hosp,1,2026-08-22,34,quantile,0.85,57.0
2026-08-15,wk inc covid hosp,1,2026-08-22,34,quantile,0.9,62.0
2026-08-15,wk inc covid hosp,1,2026-08-22,34,quantile,0.95,77.04999999999995
2026-08-15,wk inc covid hosp,1,2026-08-22,34,quantile,0.975,104.0
2026-08-15,wk inc covid hosp,1,2026-08-22,34,quantile,0.99,127.07999999999993
2026-08-15,wk inc covid hosp,1,2026-08-22,35,quantile,0.01,0.0
2026-08-15,wk inc covid hosp,1,2026-08-22,35,quantile,0.025,0.0
2026-08-15,wk inc covid hosp,1,2026-08-22,35,quantile,0.05,0.0
2026-08-15,wk inc covid hosp,1,2026-08-22,35,quantile,0.1,1.0
2026-08-15,wk inc covid hosp,1,2026-08-22,35,quantile,0.15,1.0
2026-08-15,wk inc covid hosp,1,2026-08-22,35,quantile,0.2,2.0
2026-08-15,wk inc covid hosp,1,2026-08-22,35,quantile,0.25,2.0
2026-08-15,wk inc covid hosp,1,2026-08-22,35,quantile,0.3,3.0
2026-08-15,wk inc covid hosp,1,2026-08-22,35,quantile,0.35,3.0
2026-08-15,wk inc covid hosp,1,2026-08-22,35,quantile,0.4,3.0
2026-08-15,wk inc covid hosp,1,2026-08-22,35,quantile,0.45,4.0
2026-08-15,wk inc covid hosp,1,2026-08-22,35,quantile,0.5,4.0
2026-08-15,wk inc covid hosp,1,2026-08-22,35,quantile,0.55,4.0
2026-08-15,wk inc covid hosp,1,2026-08-22,35,quantile,0.6,4.0
2026-08-15,wk inc covid hosp,1,2026-08-22,35,quantile,0.65,4.350000000000023
2026-08-15,wk inc covid hosp,1,2026-08-22,35,quantile,0.7,5.0
2026-08-15,wk inc covid hosp,1,2026-08-22,35,quantile,0.75,5.0
2026-08-15,wk inc covid hosp,1,2026-08-22,35,quantile,0.8,6.0
2026-08-15,wk inc covid hosp,1,2026-08-22,35,quantile,0.85,6.0
2026-08-15,wk inc covid hosp,1,2026-08-22,35,quantile,0.9,7.0
2026-08-15,wk inc covid hosp,1,2026-08-22,35,quantile,0.95,9.049999999999955
2026-08-15,wk inc covid hosp,1,2026-08-22,35,quantile,0.975,12.524999999999977
2026-08-15,wk inc covid hosp,1,2026-08-22,35,quantile,0.99,17.019999999999982
2026-08-15,wk inc covid hosp,1,2026-08-22,36,quantile,0.01,5.970000000000001
2026-08-15,wk inc covid hosp,1,2026-08-22,36,quantile,0.025,28.0
2026-08-15,wk inc covid hosp,1,2026-08-22,36,quantile,0.05,52.900000000000006
2026-08-15,wk inc covid hosp,1,2026-08-22,36,quantile,0.1,69.9
2026-08-15,wk inc covid hosp,1,2026-08-22,36,quantile,0.15,80.0
2026-08-15,wk inc covid hosp,1,2026-08-22,36,quantile,0.2,88.80000000000001
2026-08-15,wk inc covid hosp,1,2026-08-22,36,quantile,0.25,95.75
2026-08-15,wk inc covid hosp,1,2026-08-22,36,quantile,0.3,102.0
2026-08-15,wk inc covid hosp,1,2026-08-22,36,quantile,0.35,105.64999999999998
2026-08-15,wk inc covid hosp,1,2026-08-22,36,quantile,0.4,112.0
2026-08-15,wk inc covid hosp,1,2026-08-22,36,quantile,0.45,116.0
2026-08-15,wk inc covid hosp,1,2026-08-22,36,quantile,0.5,118.0
2026-08-15,wk inc covid hosp,1,2026-08-22,36,quantile,0.55,121.0
2026-08-15,wk inc covid hosp,1,2026-08-22,36,quantile,0.6,124.39999999999998
2026-08-15,wk inc covid hosp,1,2026-08-22,36,quantile,0.65,129.0
2026-08-15,wk inc covid hosp,1,2026-08-22,36,quantile,0.7,133.0
2026-08-15,wk inc covid hosp,1,2026-08-22,36,quantile,0.75,141.0
2026-08-15,wk inc covid hosp,1,2026-08-22,36,quantile,0.8,151.0
2026-08-15,wk inc covid hosp,1,2026-08-22,36,quantile,0.85,157.0
2026-08-15,wk inc covid hosp,1,2026-08-22,36,quantile,0.9,166.10000000000002
2026-08-15,wk inc covid hosp,1,2026-08-22,36,quantile,0.95,194.0
2026-08-15,wk inc covid hosp,1,2026-08-22,36,quantile,0.975,220.57499999999993
2026-08-15,wk inc covid hosp,1,2026-08-22,36,quantile,0.99,281.01
2026-08-15,wk inc covid hosp,1,2026-08-22,37,quantile,0.01,20.96
2026-08-15,wk inc covid hosp,1,2026-08-22,37,quantile,0.025,32.95
2026-08-15,wk inc covid hosp,1,2026-08-22,37,quantile,0.05,45.0
2026-08-15,wk inc covid hosp,1,2026-08-22,37,quantile,0.1,52.0
2026-08-15,wk inc covid hosp,1,2026-08-22,37,quantile,0.15,60.0
2026-08-15,wk inc covid hosp,1,2026-08-22,37,quantile,0.2,65.0
2026-08-15,wk inc covid hosp,1,2026-08-22,37,quantile,0.25,69.0
2026-08-15,wk inc covid hosp,1,2026-08-22,37,quantile,0.3,72.69999999999999
2026-08-15,wk inc covid hosp,1,2026-08-22,37,quantile,0.35,75.0
2026-08-15,wk inc covid hosp,1,2026-08-22,37,quantile,0.4,78.0
2026-08-15,wk inc covid hosp,1,2026-08-22,37,quantile,0.45,80.0
2026-08-15,wk inc covid hosp,1,2026-08-22,37,quantile,0.5,82.0
2026-08-15,wk inc covid hosp,1,2026-08-22,37,quantile,0.55,83.0
2026-08-15,wk inc covid hosp,1,2026-08-22,37,quantile,0.6,84.0
2026-08-15,wk inc covid hosp,1,2026-08-22,37,quantile,0.65,86.0
2026-08-15,wk inc covid hosp,1,2026-08-22,37,quantile,0.7,89.29999999999995
2026-08-15,wk inc covid hosp,1,2026-08-22,37,quantile,0.75,94.0
2026-08-15,wk inc covid hosp,1,2026-08-22,37,quantile,0.8,98.0
2026-08-15,wk inc covid hosp,1,2026-08-22,37,quantile,0.85,105.0
2026-08-15,wk inc covid hosp,1,2026-08-22,37,quantile,0.9,110.0
2026-08-15,wk inc covid hosp,1,2026-08-22,37,quantile,0.95,129.04999999999995
2026-08-15,wk inc covid hosp,1,2026-08-22,37,quantile,0.975,142.57499999999993
2026-08-15,wk inc covid hosp,1,2026-08-22,37,quantile,0.99,202.01
2026-08-15,wk inc covid hosp,1,2026-08-22,38,quantile,0.01,0.0
2026-08-15,wk inc covid hosp,1,2026-08-22,38,quantile,0.025,0.0
2026-08-15,wk inc covid hosp,1,2026-08-22,38,quantile,0.05,0.0
2026-08-15,wk inc covid hosp,1,2026-08-22,38,quantile,0.1,0.0
2026-08-15,wk inc covid hosp,1,2026-08-22,38,quantile,0.15,0.0
2026-08-15,wk inc covid hosp,1,2026-08-22,38,quantile,0.2,0.0
2026-08-15,wk inc covid hosp,1,2026-08-22,38,quantile,0.25,0.0
2026-08-15,wk inc covid hosp,1,2026-08-22,38,quantile,0.3,0.0
2026-08-15,wk inc covid hosp,1,2026-08-22,38,quantile,0.35,1.0
2026-08-15,wk inc covid hosp,1,2026-08-22,38,quantile,0.4,1.0
2026-08-15,wk inc covid hosp,1,2026-08-22,38,quantile,0.45,1.0
2026-08-15,wk inc covid hosp,1,2026-08-22,38,quantile,0.5,1.0
2026-08-15,wk inc covid hosp,1,2026-08-22,38,quantile,0.55,1.0
2026-08-15,wk inc covid hosp,1,2026-08-22,38,quantile,0.6,1.0
2026-08-15,wk inc covid hosp,1,2026-08-22,38,quantile,0.65,1.0
2026-08-15,wk inc covid hosp,1,2026-08-22,38,quantile,0.7,1.0
2026-08-15,wk inc covid hosp,1,2026-08-22,38,quantile,0.75,2.0
2026-08-15,wk inc covid hosp,1,2026-08-22,38,quantile,0.8,2.0
2026-08-15,wk inc covid hosp,1,2026-08-22,38,quantile,0.85,2.0
2026-08-15,wk inc covid hosp,1,2026-08-22,38,quantile,0.9,3.0
2026-08-15,wk inc covid hosp,1,2026-08-22,38,quantile,0.95,4.0
2026-08-15,wk inc covid hosp,1,2026-08-22,38,quantile,0.975,5.0
2026-08-15,wk inc covid hosp,1,2026-08-22,38,quantile,0.99,7.009999999999991
2026-08-15,wk inc covid hosp,1,2026-08-22,39,quantile,0.01,0.0
2026-08-15,wk inc covid hosp,1,2026-08-22,39,quantile,0.025,0.0
2026-08-15,wk inc covid hosp,1,2026-08-22,39,quantile,0.05,0.0
2026-08-15,wk inc covid hosp,1,2026-08-22,39,quantile,0.1,0.0
2026-08-15,wk inc covid hosp,1,2026-08-22,39,quantile,0.15,3.0
2026-08-15,wk inc covid hosp,1,2026-08-22,39,quantile,0.2,7.0
2026-08-15,wk inc covid hosp,1,2026-08-22,39,quantile,0.25,10.0
2026-08-15,wk inc covid hosp,1,2026-08-22,39,quantile,0.3,14.0
2026-08-15,wk inc covid hosp,1,2026-08-22,39,quantile,0.35,16.0
2026-08-15,wk inc covid hosp,1,2026-08-22,39,quantile,0.4,18.0
2026-08-15,wk inc covid hosp,1,2026-08-22,39,quantile,0.45,20.0
2026-08-15,wk inc covid hosp,1,2026-08-22,39,quantile,0.5,21.0
2026-08-15,wk inc covid hosp,1,2026-08-22,39,quantile,0.55,22.0
2026-08-15,wk inc covid hosp,1,2026-08-22,39,quantile,0.6,23.0
2026-08-15,wk inc covid hosp,1,2026-08-22,39,quantile,0.65,25.0
2026-08-15,wk inc covid hosp,1,2026-08-22,39,quantile,0.7,28.0
2026-08-15,wk inc covid hosp,1,2026-08-22,39,quantile,0.75,30.0
2026-08-15,wk inc covid hosp,1,2026-08-22,39,quantile,0.8,33.0
2026-08-15,wk inc covid hosp,1,2026-08-22,39,quantile,0.85,38.0
2026-08-15,wk inc covid hosp,1,2026-08-22,39,quantile,0.9,44.0
2026-08-15,wk inc covid hosp,1,2026-08-22,39,quantile,0.95,55.0
2026-08-15,wk inc covid hosp,1,2026-08-22,39,quantile,0.975,63.52499999999998
2026-08-15,wk inc covid hosp,1,2026-08-22,39,quantile,0.99,90.0
2026-08-15,wk inc covid hosp,1,2026-08-22,40,quantile,0.01,0.0
2026-08-15,wk inc covid hosp,1,2026-08-22,40,quantile,0.025,0.0
2026-08-15,wk inc covid hosp,1,2026-08-22,40,quantile,0.05,0.0
2026-08-15,wk inc covid hosp,1,2026-08-22,40,quantile,0.1,3.0
2026-08-15,wk inc covid hosp,1,2026-08-22,40,quantile,0.15,5.0
2026-08-15,wk inc covid hosp,1,2026-08-22,40,quantile,0.2,6.0
2026-08-15,wk inc covid hosp,1,2026-08-22,40,quantile,0.25,7.0
2026-08-15,wk inc covid hosp,1,2026-08-22,40,quantile,0.3,8.0
2026-08-15,wk inc covid hosp,1,2026-08-22,40,quantile,0.35,9.0
2026-08-15,wk inc covid hosp,1,2026-08-22,40,quantile,0.4,10.0
2026-08-15,wk inc covid hosp,1,2026-08-22,40,quantile,0.45,11.0
2026-08-15,wk inc covid hosp,1,2026-08-22,40,quantile,0.5,12.0
2026-08-15,wk inc covid hosp,1,2026-08-22,40,quantile,0.55,12.0
2026-08-15,wk inc covid hosp,1,2026-08-22,40,quantile,0.6,13.0
2026-08-15,wk inc covid hosp,1,2026-08-22,40,quantile,0.65,14.0
2026-08-15,wk inc covid hosp,1,2026-08-22,40,quantile,0.7,14.0
2026-08-15,wk inc covid hosp,1,2026-08-22,40,quantile,0.75,15.0
2026-08-15,wk inc covid hosp,1,2026-08-22,40,quantile,0.8,16.0
2026-08-15,wk inc covid hosp,1,2026-08-22,40,quantile,0.85,17.149999999999977
2026-08-15,wk inc covid hosp,1,2026-08-22,40,quantile,0.9,20.0
2026-08-15,wk inc covid hosp,1,2026-08-22,40,quantile,0.95,26.0
2026-08-15,wk inc covid hosp,1,2026-08-22,40,quantile,0.975,33.0
2026-08-15,wk inc covid hosp,1,2026-08-22,40,quantile,0.99,49.01999999999998
2026-08-15,wk inc covid hosp,1,2026-08-22,41,quantile,0.01,0.0
2026-08-15,wk inc covid hosp,1,2026-08-22,41,quantile,0.025,0.0
2026-08-15,wk inc covid hosp,1,2026-08-22,41,quantile,0.05,0.0
2026-08-15,wk inc covid hosp,1,2026-08-22,41,quantile,0.1,0.0
2026-08-15,wk inc covid hosp,1,2026-08-22,41,quantile,0.15,1.0
2026-08-15,wk inc covid hosp,1,2026-08-22,41,quantile,0.2,2.0
2026-08-15,wk inc covid hosp,1,2026-08-22,41,quantile,0.25,3.0
2026-08-15,wk inc covid hosp,1,2026-08-22,41,quantile,0.3,4.0
2026-08-15,wk inc covid hosp,1,2026-08-22,41,quantile,0.35,4.0
2026-08-15,wk inc covid hosp,1,2026-08-22,41,quantile,0.4,5.0
2026-08-15,wk inc covid hosp,1,2026-08-22,41,quantile,0.45,6.0
2026-08-15,wk inc covid hosp,1,2026-08-22,41,quantile,0.5,6.0
2026-08-15,wk inc covid hosp,1,2026-08-22,41,quantile,0.55,7.0
2026-08-15,wk inc covid hosp,1,2026-08-22,41,quantile,0.6,7.0
2026-08-15,wk inc covid hosp,1,2026-08-22,41,quantile,0.65,8.0
2026-08-15,wk inc covid hosp,1,2026-08-22,41,quantile,0.7,9.0
2026-08-15,wk inc covid hosp,1,2026-08-22,41,quantile,0.75,10.0
2026-08-15,wk inc covid hosp,1,2026-08-22,41,quantile,0.8,11.0
2026-08-15,wk inc covid hosp,1,2026-08-22,41,quantile,0.85,12.149999999999977
2026-08-15,wk inc covid hosp,1,2026-08-22,41,quantile,0.9,15.0
2026-08-15,wk inc covid hosp,1,2026-08-22,41,quantile,0.95,20.0
2026-08-15,wk inc covid hosp,1,2026-08-22,41,quantile,0.975,25.524999999999977
2026-08-15,wk inc covid hosp,1,2026-08-22,41,quantile,0.99,37.00999999999999
2026-08-15,wk inc covid hosp,1,2026-08-22,42,quantile,0.01,0.0
2026-08-15,wk inc covid hosp,1,2026-08-22,42,quantile,0.025,0.0
2026-08-15,wk inc covid hosp,1,2026-08-22,42,quantile,0.05,0.0
2026-08-15,wk inc covid hosp,1,2026-08-22,42,quantile,0.1,11.0
2026-08-15,wk inc covid hosp,1,2026-08-22,42,quantile,0.15,17.0
2026-08-15,wk inc covid hosp,1,2026-08-22,42,quantile,0.2,21.0
2026-08-15,wk inc covid hosp,1,2026-08-22,42,quantile,0.25,25.0
2026-08-15,wk inc covid hosp,1,2026-08-22,42,quantile,0.3,28.0
2026-08-15,wk inc covid hosp,1,2026-08-22,42,quantile,0.35,31.0
2026-08-15,wk inc covid hosp,1,2026-08-22,42,quantile,0.4,33.60000000000002
2026-08-15,wk inc covid hosp,1,2026-08-22,42,quantile,0.45,35.55000000000001
2026-08-15,wk inc covid hosp,1,2026-08-22,42,quantile,0.5,38.0
2026-08-15,wk inc covid hosp,1,2026-08-22,42,quantile,0.55,38.0
2026-08-15,wk inc covid hosp,1,2026-08-22,42,quantile,0.6,40.0
2026-08-15,wk inc covid hosp,1,2026-08-22,42,quantile,0.65,41.35000000000002
2026-08-15,wk inc covid hosp,1,2026-08-22,42,quantile,0.7,45.0
2026-08-15,wk inc covid hosp,1,2026-08-22,42,quantile,0.75,47.0
2026-08-15,wk inc covid hosp,1,2026-08-22,42,quantile,0.8,51.200000000000045
2026-08-15,wk inc covid hosp,1,2026-08-22,42,quantile,0.85,56.14999999999998
2026-08-15,wk inc covid hosp,1,2026-08-22,42,quantile,0.9,63.10000000000002
2026-08-15,wk inc covid hosp,1,2026-08-22,42,quantile,0.95,77.0
2026-08-15,wk inc covid hosp,1,2026-08-22,42,quantile,0.975,89.0
2026-08-15,wk inc covid hosp,1,2026-08-22,42,quantile,0.99,112.05999999999995
2026-08-15,wk inc covid hosp,1,2026-08-22,44,quantile,0.01,0.0
2026-08-15,wk inc covid hosp,1,2026-08-22,44,quantile,0.025,0.0
2026-08-15,wk inc covid hosp,1,2026-08-22,44,quantile,0.05,0.0
2026-08-15,wk inc covid hosp,1,2026-08-22,44,quantile,0.1,1.0
2026-08-15,wk inc covid hosp,1,2026-08-22,44,quantile,0.15,2.0
2026-08-15,wk inc covid hosp,1,2026-08-22,44,quantile,0.2,2.0
2026-08-15,wk inc covid hosp,1,2026-08-22,44,quantile,0.25,3.0
2026-08-15,wk inc covid hosp,1,2026-08-22,44,quantile,0.3,3.0
2026-08-15,wk inc covid hosp,1,2026-08-22,44,quantile,0.35,3.0
2026-08-15,wk inc covid hosp,1,2026-08-22,44,quantile,0.4,4.0
2026-08-15,wk inc covid hosp,1,2026-08-22,44,quantile,0.45,4.0
2026-08-15,wk inc covid hosp,1,2026-08-22,44,quantile,0.5,4.0
2026-08-15,wk inc covid hosp,1,2026-08-22,44,quantile,0.55,4.0
2026-08-15,wk inc covid hosp,1,2026-08-22,44,quantile,0.6,4.0
2026-08-15,wk inc covid hosp,1,2026-08-22,44,quantile,0.65,4.0
2026-08-15,wk inc covid hosp,1,2026-08-22,44,quantile,0.7,5.0
2026-08-15,wk inc covid hosp,1,2026-08-22,44,quantile,0.75,5.0
2026-08-15,wk inc covid hosp,1,2026-08-22,44,quantile,0.8,5.0
2026-08-15,wk inc covid hosp,1,2026-08-22,44,quantile,0.85,6.0
2026-08-15,wk inc covid hosp,1,2026-08-22,44,quantile,0.9,6.0
2026-08-15,wk inc covid hosp,1,2026-08-22,44,quantile,0.95,8.0
2026-08-15,wk inc covid hosp,1,2026-08-22,44,quantile,0.975,9.0
2026-08-15,wk inc covid hosp,1,2026-08-22,44,quantile,0.99,12.009999999999991
2026-08-15,wk inc covid hosp,1,2026-08-22,45,quantile,0.01,0.0
2026-08-15,wk inc covid hosp,1,2026-08-22,45,quantile,0.025,1.4750000000000014
2026-08-15,wk inc covid hosp,1,2026-08-22,45,quantile,0.05,6.0
2026-08-15,wk inc covid hosp,1,2026-08-22,45,quantile,0.1,9.0
2026-08-15,wk inc covid hosp,1,2026-08-22,45,quantile,0.15,13.0
2026-08-15,wk inc covid hosp,1,2026-08-22,45,quantile,0.2,15.0
2026-08-15,wk inc covid hosp,1,2026-08-22,45,quantile,0.25,16.0
2026-08-15,wk inc covid hosp,1,2026-08-22,45,quantile,0.3,17.69999999999999
2026-08-15,wk inc covid hosp,1,2026-08-22,45,quantile,0.35,19.0
2026-08-15,wk inc covid hosp,1,2026-08-22,45,quantile,0.4,20.0
2026-08-15,wk inc covid hosp,1,2026-08-22,45,quantile,0.45,20.55000000000001
2026-08-15,wk inc covid hosp,1,2026-08-22,45,quantile,0.5,21.0
2026-08-15,wk inc covid hosp,1,2026-08-22,45,quantile,0.55,22.0
2026-08-15,wk inc covid hosp,1,2026-08-22,45,quantile,0.6,22.0
2026-08-15,wk inc covid hosp,1,2026-08-22,45,quantile,0.65,23.0
2026-08-15,wk inc covid hosp,1,2026-08-22,45,quantile,0.7,24.0
2026-08-15,wk inc covid hosp,1,2026-08-22,45,quantile,0.75,26.0
2026-08-15,wk inc covid hosp,1,2026-08-22,45,quantile,0.8,28.0
2026-08-15,wk inc covid hosp,1,2026-08-22,45,quantile,0.85,30.0
2026-08-15,wk inc covid hosp,1,2026-08-22,45,quantile,0.9,33.10000000000002
2026-08-15,wk inc covid hosp,1,2026-08-22,45,quantile,0.95,40.0
2026-08-15,wk inc covid hosp,1,2026-08-22,45,quantile,0.975,46.0
2026-08-15,wk inc covid hosp,1,2026-08-22,45,quantile,0.99,62.069999999999936
2026-08-15,wk inc covid hosp,1,2026-08-22,46,quantile,0.01,0.0
2026-08-15,wk inc covid hosp,1,2026-08-22,46,quantile,0.025,0.0
2026-08-15,wk inc covid hosp,1,2026-08-22,46,quantile,0.05,0.0
2026-08-15,wk inc covid hosp,1,2026-08-22,46,quantile,0.1,0.0
2026-08-15,wk inc covid hosp,1,2026-08-22,46,quantile,0.15,0.0
2026-08-15,wk inc covid hosp,1,2026-08-22,46,quantile,0.2,0.0
2026-08-15,wk inc covid hosp,1,2026-08-22,46,quantile,0.25,0.0
2026-08-15,wk inc covid hosp,1,2026-08-22,46,quantile,0.3,0.0
2026-08-15,wk inc covid hosp,1,2026-08-22,46,quantile,0.35,1.0
2026-08-15,wk inc covid hosp,1,2026-08-22,46,quantile,0.4,1.0
2026-08-15,wk inc covid hosp,1,2026-08-22,46,quantile,0.45,1.0
2026-08-15,wk inc covid hosp,1,2026-08-22,46,quantile,0.5,1.0
2026-08-15,wk inc covid hosp,1,2026-08-22,46,quantile,0.55,1.0
2026-08-15,wk inc covid hosp,1,2026-08-22,46,quantile,0.6,1.0
2026-08-15,wk inc covid hosp,1,2026-08-22,46,quantile,0.65,2.0
2026-08-15,wk inc covid hosp,1,2026-08-22,46,quantile,0.7,2.0
2026-08-15,wk inc covid hosp,1,2026-08-22,46,quantile,0.75,2.0
2026-08-15,wk inc covid hosp,1,2026-08-22,46,quantile,0.8,3.0
2026-08-15,wk inc covid hosp,1,2026-08-22,46,quantile,0.85,3.0
2026-08-15,wk inc covid hosp,1,2026-08-22,46,quantile,0.9,4.0
2026-08-15,wk inc covid hosp,1,2026-08-22,46,quantile,0.95,5.0
2026-08-15,wk inc covid hosp,1,2026-08-22,46,quantile,0.975,6.524999999999977
2026-08-15,wk inc covid hosp,1,2026-08-22,46,quantile,0.99,11.0
2026-08-15,wk inc covid hosp,1,2026-08-22,47,quantile,0.01,0.0
2026-08-15,wk inc covid hosp,1,2026-08-22,47,quantile,0.025,12.0
2026-08-15,wk inc covid hosp,1,2026-08-22,47,quantile,0.05,13.0
2026-08-15,wk inc covid hosp,1,2026-08-22,47,quantile,0.1,20.0
2026-08-15,wk inc covid hosp,1,2026-08-22,47,quantile,0.15,24.0
2026-08-15,wk inc covid hosp,1,2026-08-22,47,quantile,0.2,28.0
2026-08-15,wk inc covid hosp,1,2026-08-22,47,quantile,0.25,30.0
2026-08-15,wk inc covid hosp,1,2026-08-22,47,quantile,0.3,32.0
2026-08-15,wk inc covid hosp,1,2026-08-22,47,quantile,0.35,34.0
2026-08-15,wk inc covid hosp,1,2026-08-22,47,quantile,0.4,36.0
2026-08-15,wk inc covid hosp,1,2026-08-22,47,quantile,0.45,37.0
2026-08-15,wk inc covid hosp,1,2026-08-22,47,quantile,0.5,38.0
2026-08-15,wk inc covid hosp,1,2026-08-22,47,quantile,0.55,39.0
2026-08-15,wk inc covid hosp,1,2026-08-22,47,quantile,0.6,40.0
2026-08-15,wk inc covid hosp,1,2026-08-22,47,quantile,0.65,42.0
2026-08-15,wk inc covid hosp,1,2026-08-22,47,quantile,0.7,44.0
2026-08-15,wk inc covid hosp,1,2026-08-22,47,quantile,0.75,46.0
2026-08-15,wk inc covid hosp,1,2026-08-22,47,quantile,0.8,48.0
2026-08-15,wk inc covid hosp,1,2026-08-22,47,quantile,0.85,52.0
2026-08-15,wk inc covid hosp,1,2026-08-22,47,quantile,0.9,55.0
2026-08-15,wk inc covid hosp,1,2026-08-22,47,quantile,0.95,66.04999999999995
2026-08-15,wk inc covid hosp,1,2026-08-22,47,quantile,0.975,78.04999999999995
2026-08-15,wk inc covid hosp,1,2026-08-22,47,quantile,0.99,88.0
2026-08-15,wk inc covid hosp,1,2026-08-22,48,quantile,0.01,84.95
2026-08-15,wk inc covid hosp,1,2026-08-22,48,quantile,0.025,123.95
2026-08-15,wk inc covid hosp,1,2026-08-22,48,quantile,0.05,158.50000000000003
2026-08-15,wk inc covid hosp,1,2026-08-22,48,quantile,0.1,192.0
2026-08-15,wk inc covid hosp,1,2026-08-22,48,quantile,0.15,213.85
2026-08-15,wk inc covid hosp,1,2026-08-22,48,quantile,0.2,228.60000000000002
2026-08-15,wk inc covid hosp,1,2026-08-22,48,quantile,0.25,241.0
2026-08-15,wk inc covid hosp,1,2026-08-22,48,quantile,0.3,248.7
2026-08-15,wk inc covid hosp,1,2026-08-22,48,quantile,0.35,258.0
2026-08-15,wk inc covid hosp,1,2026-08-22,48,quantile,0.4,266.0
2026-08-15,wk inc covid hosp,1,2026-08-22,48,quantile,0.45,276.0
2026-08-15,wk inc covid hosp,1,2026-08-22,48,quantile,0.5,286.0
2026-08-15,wk inc covid hosp,1,2026-08-22,48,quantile,0.55,292.0
2026-08-15,wk inc covid hosp,1,2026-08-22,48,quantile,0.6,301.0
2026-08-15,wk inc covid hosp,1,2026-08-22,48,quantile,0.65,311.35
2026-08-15,wk inc covid hosp,1,2026-08-22,48,quantile,0.7,321.29999999999995
2026-08-15,wk inc covid hosp,1,2026-08-22,48,quantile,0.75,330.25
2026-08-15,wk inc covid hosp,1,2026-08-22,48,quantile,0.8,348.20000000000005
2026-08-15,wk inc covid hosp,1,2026-08-22,48,quantile,0.85,363.15
2026-08-15,wk inc covid hosp,1,2026-08-22,48,quantile,0.9,389.1
2026-08-15,wk inc covid hosp,1,2026-08-22,48,quantile,0.95,442.14999999999986
2026-08-15,wk inc covid hosp,1,2026-08-22,48,quantile,0.975,537.4499999999996
2026-08-15,wk inc covid hosp,1,2026-08-22,48,quantile,0.99,675.1299999999999
2026-08-15,wk inc covid hosp,1,2026-08-22,49,quantile,0.01,0.0
2026-08-15,wk inc covid hosp,1,2026-08-22,49,quantile,0.025,0.0
2026-08-15,wk inc covid hosp,1,2026-08-22,49,quantile,0.05,0.0
2026-08-15,wk inc covid hosp,1,2026-08-22,49,quantile,0.1,0.0
2026-08-15,wk inc covid hosp,1,2026-08-22,49,quantile,0.15,0.0
2026-08-15,wk inc covid hosp,1,2026-08-22,49,quantile,0.2,1.0
2026-08-15,wk inc covid hosp,1,2026-08-22,49,quantile,0.25,1.0
2026-08-15,wk inc covid hosp,1,2026-08-22,49,quantile,0.3,2.0
2026-08-15,wk inc covid hosp,1,2026-08-22,49,quantile,0.35,3.0
2026-08-15,wk inc covid hosp,1,2026-08-22,49,quantile,0.4,3.0
2026-08-15,wk inc covid hosp,1,2026-08-22,49,quantile,0.45,4.0
2026-08-15,wk inc covid hosp,1,2026-08-22,49,quantile,0.5,4.0
2026-08-15,wk inc covid hosp,1,2026-08-22,49,quantile,0.55,4.0
2026-08-15,wk inc covid hosp,1,2026-08-22,49,quantile,0.6,5.0
2026-08-15,wk inc covid hosp,1,2026-08-22,49,quantile,0.65,5.0
2026-08-15,wk inc covid hosp,1,2026-08-22,49,quantile,0.7,6.0
2026-08-15,wk inc covid hosp,1,2026-08-22,49,quantile,0.75,7.0
2026-08-15,wk inc covid hosp,1,2026-08-22,49,quantile,0.8,7.0
2026-08-15,wk inc covid hosp,1,2026-08-22,49,quantile,0.85,9.0
2026-08-15,wk inc covid hosp,1,2026-08-22,49,quantile,0.9,10.0
2026-08-15,wk inc covid hosp,1,2026-08-22,49,quantile,0.95,13.0
2026-08-15,wk inc covid hosp,1,2026-08-22,49,quantile,0.975,16.0
2026-08-15,wk inc covid hosp,1,2026-08-22,49,quantile,0.99,25.019999999999982
2026-08-15,wk inc covid hosp,1,2026-08-22,50,quantile,0.01,0.0
2026-08-15,wk inc covid hosp,1,2026-08-22,50,quantile,0.025,0.0
2026-08-15,wk inc covid hosp,1,2026-08-22,50,quantile,0.05,0.0
2026-08-15,wk inc covid hosp,1,2026-08-22,50,quantile,0.1,0.0
2026-08-15,wk inc covid hosp,1,2026-08-22,50,quantile,0.15,0.0
2026-08-15,wk inc covid hosp,1,2026-08-22,50,quantile,0.2,1.0
2026-08-15,wk inc covid hosp,1,2026-08-22,50,quantile,0.25,1.0
2026-08-15,wk inc covid hosp,1,2026-08-22,50,quantile,0.3,1.0
2026-08-15,wk inc covid hosp,1,2026-08-22,50,quantile,0.35,2.0
2026-08-15,wk inc covid hosp,1,2026-08-22,50,quantile,0.4,2.0
2026-08-15,wk inc covid hosp,1,2026-08-22,50,quantile,0.45,2.0
2026-08-15,wk inc covid hosp,1,2026-08-22,50,quantile,0.5,2.0
2026-08-15,wk inc covid hosp,1,2026-08-22,50,quantile,0.55,2.0
2026-08-15,wk inc covid hosp,1,2026-08-22,50,quantile,0.6,3.0
2026-08-15,wk inc covid hosp,1,2026-08-22,50,quantile,0.65,3.0
2026-08-15,wk inc covid hosp,1,2026-08-22,50,quantile,0.7,3.0
2026-08-15,wk inc covid hosp,1,2026-08-22,50,quantile,0.75,3.25
2026-08-15,wk inc covid hosp,1,2026-08-22,50,quantile,0.8,4.0
2026-08-15,wk inc covid hosp,1,2026-08-22,50,quantile,0.85,5.0
2026-08-15,wk inc covid hosp,1,2026-08-22,50,quantile,0.9,5.0
2026-08-15,wk inc covid hosp,1,2026-08-22,50,quantile,0.95,7.0
2026-08-15,wk inc covid hosp,1,2026-08-22,50,quantile,0.975,9.0
2026-08-15,wk inc covid hosp,1,2026-08-22,50,quantile,0.99,15.029999999999973
2026-08-15,wk inc covid hosp,1,2026-08-22,51,quantile,0.01,0.0
2026-08-15,wk inc covid hosp,1,2026-08-22,51,quantile,0.025,0.0
2026-08-15,wk inc covid hosp,1,2026-08-22,51,quantile,0.05,0.0
2026-08-15,wk inc covid hosp,1,2026-08-22,51,quantile,0.1,0.0
2026-08-15,wk inc covid hosp,1,2026-08-22,51,quantile,0.15,2.0
2026-08-15,wk inc covid hosp,1,2026-08-22,51,quantile,0.2,5.0
2026-08-15,wk inc covid hosp,1,2026-08-22,51,quantile,0.25,7.0
2026-08-15,wk inc covid hosp,1,2026-08-22,51,quantile,0.3,9.0
2026-08-15,wk inc covid hosp,1,2026-08-22,51,quantile,0.35,10.649999999999977
2026-08-15,wk inc covid hosp,1,2026-08-22,51,quantile,0.4,12.0
2026-08-15,wk inc covid hosp,1,2026-08-22,51,quantile,0.45,14.0
2026-08-15,wk inc covid hosp,1,2026-08-22,51,quantile,0.5,15.0
2026-08-15,wk inc covid hosp,1,2026-08-22,51,quantile,0.55,15.0
2026-08-15,wk inc covid hosp,1,2026-08-22,51,quantile,0.6,17.0
2026-08-15,wk inc covid hosp,1,2026-08-22,51,quantile,0.65,18.0
2026-08-15,wk inc covid hosp,1,2026-08-22,51,quantile,0.7,19.0
2026-08-15,wk inc covid hosp,1,2026-08-22,51,quantile,0.75,21.0
2026-08-15,wk inc covid hosp,1,2026-08-22,51,quantile,0.8,24.0
2026-08-15,wk inc covid hosp,1,2026-08-22,51,quantile,0.85,28.0
2026-08-15,wk inc covid hosp,1,2026-08-22,51,quantile,0.9,31.0
2026-08-15,wk inc covid hosp,1,2026-08-22,51,quantile,0.95,41.0
2026-08-15,wk inc covid hosp,1,2026-08-22,51,quantile,0.975,52.52499999999998
2026-08-15,wk inc covid hosp,1,2026-08-22,51,quantile,0.99,63.01999999999998
2026-08-15,wk inc covid hosp,1,2026-08-22,53,quantile,0.01,0.0
2026-08-15,wk inc covid hosp,1,2026-08-22,53,quantile,0.025,0.0
2026-08-15,wk inc covid hosp,1,2026-08-22,53,quantile,0.05,0.0
2026-08-15,wk inc covid hosp,1,2026-08-22,53,quantile,0.1,1.0
2026-08-15,wk inc covid hosp,1,2026-08-22,53,quantile,0.15,6.849999999999994
2026-08-15,wk inc covid hosp,1,2026-08-22,53,quantile,0.2,10.0
2026-08-15,wk inc covid hosp,1,2026-08-22,53,quantile,0.25,12.0
2026-08-15,wk inc covid hosp,1,2026-08-22,53,quantile,0.3,15.0
2026-08-15,wk inc covid hosp,1,2026-08-22,53,quantile,0.35,16.0
2026-08-15,wk inc covid hosp,1,2026-08-22,53,quantile,0.4,18.600000000000023
2026-08-15,wk inc covid hosp,1,2026-08-22,53,quantile,0.45,20.0
2026-08-15,wk inc covid hosp,1,2026-08-22,53,quantile,0.5,21.0
2026-08-15,wk inc covid hosp,1,2026-08-22,53,quantile,0.55,22.0
2026-08-15,wk inc covid hosp,1,2026-08-22,53,quantile,0.6,23.0
2026-08-15,wk inc covid hosp,1,2026-08-22,53,quantile,0.65,25.0
2026-08-15,wk inc covid hosp,1,2026-08-22,53,quantile,0.7,27.0
2026-08-15,wk inc covid hosp,1,2026-08-22,53,quantile,0.75,29.0
2026-08-15,wk inc covid hosp,1,2026-08-22,53,quantile,0.8,32.0
2026-08-15,wk inc covid hosp,1,2026-08-22,53,quantile,0.85,36.0
2026-08-15,wk inc covid hosp,1,2026-08-22,53,quantile,0.9,41.0
2026-08-15,wk inc covid hosp,1,2026-08-22,53,quantile,0.95,48.0
2026-08-15,wk inc covid hosp,1,2026-08-22,53,quantile,0.975,62.0
2026-08-15,wk inc covid hosp,1,2026-08-22,53,quantile,0.99,71.03999999999996
2026-08-15,wk inc covid hosp,1,2026-08-22,54,quantile,0.01,0.0
2026-08-15,wk inc covid hosp,1,2026-08-22,54,quantile,0.025,0.0
2026-08-15,wk inc covid hosp,1,2026-08-22,54,quantile,0.05,0.0
2026-08-15,wk inc covid hosp,1,2026-08-22,54,quantile,0.1,0.0
2026-08-15,wk inc covid hosp,1,2026-08-22,54,quantile,0.15,0.0
2026-08-15,wk inc covid hosp,1,2026-08-22,54,quantile,0.2,0.0
2026-08-15,wk inc covid hosp,1,2026-08-22,54,quantile,0.25,1.0
2026-08-15,wk inc covid hosp,1,2026-08-22,54,quantile,0.3,1.0
2026-08-15,wk inc covid hosp,1,2026-08-22,54,quantile,0.35,1.0
2026-08-15,wk inc covid hosp,1,2026-08-22,54,quantile,0.4,2.0
2026-08-15,wk inc covid hosp,1,2026-08-22,54,quantile,0.45,2.0
2026-08-15,wk inc covid hosp,1,2026-08-22,54,quantile,0.5,2.0
2026-08-15,wk inc covid hosp,1,2026-08-22,54,quantile,0.55,2.0
2026-08-15,wk inc covid hosp,1,2026-08-22,54,quantile,0.6,3.0
2026-08-15,wk inc covid hosp,1,2026-08-22,54,quantile,0.65,3.0
2026-08-15,wk inc covid hosp,1,2026-08-22,54,quantile,0.7,3.0
2026-08-15,wk inc covid hosp,1,2026-08-22,54,quantile,0.75,3.0
2026-08-15,wk inc covid hosp,1,2026-08-22,54,quantile,0.8,4.0
2026-08-15,wk inc covid hosp,1,2026-08-22,54,quantile,0.85,4.0
2026-08-15,wk inc covid hosp,1,2026-08-22,54,quantile,0.9,5.0
2026-08-15,wk inc covid hosp,1,2026-08-22,54,quantile,0.95,7.0
2026-08-15,wk inc covid hosp,1,2026-08-22,54,quantile,0.975,8.0
2026-08-15,wk inc covid hosp,1,2026-08-22,54,quantile,0.99,14.0
2026-08-15,wk inc covid hosp,1,2026-08-22,55,quantile,0.01,0.0
2026-08-15,wk inc covid hosp,1,2026-08-22,55,quantile,0.025,0.0
2026-08-15,wk inc covid hosp,1,2026-08-22,55,quantile,0.05,0.0
2026-08-15,wk inc covid hosp,1,2026-08-22,55,quantile,0.1,0.0
2026-08-15,wk inc covid hosp,1,2026-08-22,55,quantile,0.15,1.0
2026-08-15,wk inc covid hosp,1,2026-08-22,55,quantile,0.2,2.0
2026-08-15,wk inc covid hosp,1,2026-08-22,55,quantile,0.25,4.0
2026-08-15,wk inc covid hosp,1,2026-08-22,55,quantile,0.3,5.0
2026-08-15,wk inc covid hosp,1,2026-08-22,55,quantile,0.35,6.649999999999977
2026-08-15,wk inc covid hosp,1,2026-08-22,55,quantile,0.4,7.0
2026-08-15,wk inc covid hosp,1,2026-08-22,55,quantile,0.45,8.0
2026-08-15,wk inc covid hosp,1,2026-08-22,55,quantile,0.5,9.0
2026-08-15,wk inc covid hosp,1,2026-08-22,55,quantile,0.55,9.0
2026-08-15,wk inc covid hosp,1,2026-08-22,55,quantile,0.6,10.0
2026-08-15,wk inc covid hosp,1,2026-08-22,55,quantile,0.65,11.0
2026-08-15,wk inc covid hosp,1,2026-08-22,55,quantile,0.7,12.0
2026-08-15,wk inc covid hosp,1,2026-08-22,55,quantile,0.75,13.0
2026-08-15,wk inc covid hosp,1,2026-08-22,55,quantile,0.8,15.0
2026-08-15,wk inc covid hosp,1,2026-08-22,55,quantile,0.85,16.0
2026-08-15,wk inc covid hosp,1,2026-08-22,55,quantile,0.9,19.0
2026-08-15,wk inc covid hosp,1,2026-08-22,55,quantile,0.95,23.049999999999955
2026-08-15,wk inc covid hosp,1,2026-08-22,55,quantile,0.975,34.0
2026-08-15,wk inc covid hosp,1,2026-08-22,55,quantile,0.99,46.00999999999999
2026-08-15,wk inc covid hosp,1,2026-08-22,56,quantile,0.01,0.0
2026-08-15,wk inc covid hosp,1,2026-08-22,56,quantile,0.025,0.0
2026-08-15,wk inc covid hosp,1,2026-08-22,56,quantile,0.05,0.0
2026-08-15,wk inc covid hosp,1,2026-08-22,56,quantile,0.1,0.0
2026-08-15,wk inc covid hosp,1,2026-08-22,56,quantile,0.15,0.0
2026-08-15,wk inc covid hosp,1,2026-08-22,56,quantile,0.2,0.0
2026-08-15,wk inc covid hosp,1,2026-08-22,56,quantile,0.25,0.0
2026-08-15,wk inc covid hosp,1,2026-08-22,56,quantile,0.3,0.0
2026-08-15,wk inc covid hosp,1,2026-08-22,56,quantile,0.35,0.0
2026-08-15,wk inc covid hosp,1,2026-08-22,56,quantile,0.4,1.0
2026-08-15,wk inc covid hosp,1,2026-08-22,56,quantile,0.45,1.0
2026-08-15,wk inc covid hosp,1,2026-08-22,56,quantile,0.5,1.0
2026-08-15,wk inc covid hosp,1,2026-08-22,56,quantile,0.55,1.0
2026-08-15,wk inc covid hosp,1,2026-08-22,56,quantile,0.6,1.0
2026-08-15,wk inc covid hosp,1,2026-08-22,56,quantile,0.65,1.0
2026-08-15,wk inc covid hosp,1,2026-08-22,56,quantile,0.7,2.0
2026-08-15,wk inc covid hosp,1,2026-08-22,56,quantile,0.75,2.0
2026-08-15,wk inc covid hosp,1,2026-08-22,56,quantile,0.8,2.0
2026-08-15,wk inc covid hosp,1,2026-08-22,56,quantile,0.85,3.0
2026-08-15,wk inc covid hosp,1,2026-08-22,56,quantile,0.9,3.0
2026-08-15,wk inc covid hosp,1,2026-08-22,56,quantile,0.95,4.0499999999999545
2026-08-15,wk inc covid hosp,1,2026-08-22,56,quantile,0.975,7.0
2026-08-15,wk inc covid hosp,1,2026-08-22,56,quantile,0.99,10.009999999999991
2026-08-15,wk inc covid hosp,1,2026-08-22,72,quantile,0.01,0.0
2026-08-15,wk inc covid hosp,1,2026-08-22,72,quantile,0.025,2.0
2026-08-15,wk inc covid hosp,1,2026-08-22,72,quantile,0.05,8.0
2026-08-15,wk inc covid hosp,1,2026-08-22,72,quantile,0.1,18.0
2026-08-15,wk inc covid hosp,1,2026-08-22,72,quantile,0.15,23.0
2026-08-15,wk inc covid hosp,1,2026-08-22,72,quantile,0.2,28.0
2026-08-15,wk inc covid hosp,1,2026-08-22,72,quantile,0.25,31.0
2026-08-15,wk inc covid hosp,1,2026-08-22,72,quantile,0.3,34.0
2026-08-15,wk inc covid hosp,1,2026-08-22,72,quantile,0.35,36.0
2026-08-15,wk inc covid hosp,1,2026-08-22,72,quantile,0.4,39.0
2026-08-15,wk inc covid hosp,1,2026-08-22,72,quantile,0.45,41.0
2026-08-15,wk inc covid hosp,1,2026-08-22,72,quantile,0.5,43.0
2026-08-15,wk inc covid hosp,1,2026-08-22,72,quantile,0.55,44.0
2026-08-15,wk inc covid hosp,1,2026-08-22,72,quantile,0.6,46.0
2026-08-15,wk inc covid hosp,1,2026-08-22,72,quantile,0.65,47.0
2026-08-15,wk inc covid hosp,1,2026-08-22,72,quantile,0.7,49.0
2026-08-15,wk inc covid hosp,1,2026-08-22,72,quantile,0.75,52.0
2026-08-15,wk inc covid hosp,1,2026-08-22,72,quantile,0.8,58.0
2026-08-15,wk inc covid hosp,1,2026-08-22,72,quantile,0.85,63.0
2026-08-15,wk inc covid hosp,1,2026-08-22,72,quantile,0.9,70.10000000000002
2026-08-15,wk inc covid hosp,1,2026-08-22,72,quantile,0.95,89.04999999999995
2026-08-15,wk inc covid hosp,1,2026-08-22,72,quantile,0.975,129.67499999999984
2026-08-15,wk inc covid hosp,1,2026-08-22,72,quantile,0.99,218.04999999999995
2026-08-15,wk inc covid hosp,2,2026-08-29,01,quantile,0.01,11.99
2026-08-15,wk inc covid hosp,2,2026-08-29,01,quantile,0.025,21.475
2026-08-15,wk inc covid hosp,2,2026-08-29,01,quantile,0.05,29.0
2026-08-15,wk inc covid hosp,2,2026-08-29,01,quantile,0.1,35.0
2026-08-15,wk inc covid hosp,2,2026-08-29,01,quantile,0.15,42.0
2026-08-15,wk inc covid hosp,2,2026-08-29,01,quantile,0.2,47.0
2026-08-15,wk inc covid hosp,2,2026-08-29,01,quantile,0.25,49.75
2026-08-15,wk inc covid hosp,2,2026-08-29,01,quantile,0.3,51.0
2026-08-15,wk inc covid hosp,2,2026-08-29,01,quantile,0.35,54.0
2026-08-15,wk inc covid hosp,2,2026-08-29,01,quantile,0.4,55.0
2026-08-15,wk inc covid hosp,2,2026-08-29,01,quantile,0.45,57.0
2026-08-15,wk inc covid hosp,2,2026-08-29,01,quantile,0.5,58.0
2026-08-15,wk inc covid hosp,2,2026-08-29,01,quantile,0.55,58.0
2026-08-15,wk inc covid hosp,2,2026-08-29,01,quantile,0.6,59.0
2026-08-15,wk inc covid hosp,2,2026-08-29,01,quantile,0.65,60.0
2026-08-15,wk inc covid hosp,2,2026-08-29,01,quantile,0.7,62.0
2026-08-15,wk inc covid hosp,2,2026-08-29,01,quantile,0.75,65.0
2026-08-15,wk inc covid hosp,2,2026-08-29,01,quantile,0.8,67.0
2026-08-15,wk inc covid hosp,2,2026-08-29,01,quantile,0.85,72.0
2026-08-15,wk inc covid hosp,2,2026-08-29,01,quantile,0.9,75.10000000000002
2026-08-15,wk inc covid hosp,2,2026-08-29,01,quantile,0.95,85.09999999999991
2026-08-15,wk inc covid hosp,2,2026-08-29,01,quantile,0.975,96.52499999999998
2026-08-15,wk inc covid hosp,2,2026-08-29,01,quantile,0.99,120.0
2026-08-15,wk inc covid hosp,2,2026-08-29,02,quantile,0.01,0.0
2026-08-15,wk inc covid hosp,2,2026-08-29,02,quantile,0.025,0.0
2026-08-15,wk inc covid hosp,2,2026-08-29,02,quantile,0.05,0.0
2026-08-15,wk inc covid hosp,2,2026-08-29,02,quantile,0.1,0.0
2026-08-15,wk inc covid hosp,2,2026-08-29,02,quantile,0.15,0.0
2026-08-15,wk inc covid hosp,2,2026-08-29,02,quantile,0.2,0.0
2026-08-15,wk inc covid hosp,2,2026-08-29,02,quantile,0.25,0.0
2026-08-15,wk inc covid hosp,2,2026-08-29,02,quantile,0.3,0.6999999999999886
2026-08-15,wk inc covid hosp,2,2026-08-29,02,quantile,0.35,1.0
2026-08-15,wk inc covid hosp,2,2026-08-29,02,quantile,0.4,1.0
2026-08-15,wk inc covid hosp,2,2026-08-29,02,quantile,0.45,1.0
2026-08-15,wk inc covid hosp,2,2026-08-29,02,quantile,0.5,1.0
2026-08-15,wk inc covid hosp,2,2026-08-29,02,quantile,0.55,1.0
2026-08-15,wk inc covid hosp,2,2026-08-29,02,quantile,0.6,1.0
2026-08-15,wk inc covid hosp,2,2026-08-29,02,quantile,0.65,1.0
2026-08-15,wk inc covid hosp,2,2026-08-29,02,quantile,0.7,2.0
2026-08-15,wk inc covid hosp,2,2026-08-29,02,quantile,0.75,2.0
2026-08-15,wk inc covid hosp,2,2026-08-29,02,quantile,0.8,2.0
2026-08-15,wk inc covid hosp,2,2026-08-29,02,quantile,0.85,2.0
2026-08-15,wk inc covid hosp,2,2026-08-29,02,quantile,0.9,3.0
2026-08-15,wk inc covid hosp,2,2026-08-29,02,quantile,0.95,3.0
2026-08-15,wk inc covid hosp,2,2026-08-29,02,quantile,0.975,5.0
2026-08-15,wk inc covid hosp,2,2026-08-29,02,quantile,0.99,8.009999999999991
2026-08-15,wk inc covid hosp,2,2026-08-29,04,quantile,0.01,6.970000000000001
2026-08-15,wk inc covid hosp,2,2026-08-29,04,quantile,0.025,11.0
2026-08-15,wk inc covid hosp,2,2026-08-29,04,quantile,0.05,16.0
2026-08-15,wk inc covid hosp,2,2026-08-29,04,quantile,0.1,22.900000000000006
2026-08-15,wk inc covid hosp,2,2026-08-29,04,quantile,0.15,27.0
2026-08-15,wk inc covid hosp,2,2026-08-29,04,quantile,0.2,30.0
2026-08-15,wk inc covid hosp,2,2026-08-29,04,quantile,0.25,33.0
2026-08-15,wk inc covid hosp,2,2026-08-29,04,quantile,0.3,35.0
2026-08-15,wk inc covid hosp,2,2026-08-29,04,quantile,0.35,36.64999999999998
2026-08-15,wk inc covid hosp,2,2026-08-29,04,quantile,0.4,38.0
2026-08-15,wk inc covid hosp,2,2026-08-29,04,quantile,0.45,40.0
2026-08-15,wk inc covid hosp,2,2026-08-29,04,quantile,0.5,40.0
2026-08-15,wk inc covid hosp,2,2026-08-29,04,quantile,0.55,41.0
2026-08-15,wk inc covid hosp,2,2026-08-29,04,quantile,0.6,42.39999999999998
2026-08-15,wk inc covid hosp,2,2026-08-29,04,quantile,0.65,44.0
2026-08-15,wk inc covid hosp,2,2026-08-29,04,quantile,0.7,45.0
2026-08-15,wk inc covid hosp,2,2026-08-29,04,quantile,0.75,47.25
2026-08-15,wk inc covid hosp,2,2026-08-29,04,quantile,0.8,50.0
2026-08-15,wk inc covid hosp,2,2026-08-29,04,quantile,0.85,54.0
2026-08-15,wk inc covid hosp,2,2026-08-29,04,quantile,0.9,59.0
2026-08-15,wk inc covid hosp,2,2026-08-29,04,quantile,0.95,68.0
2026-08-15,wk inc covid hosp,2,2026-08-29,04,quantile,0.975,84.52499999999998
2026-08-15,wk inc covid hosp,2,2026-08-29,04,quantile,0.99,109.0
2026-08-15,wk inc covid hosp,2,2026-08-29,05,quantile,0.01,0.0
2026-08-15,wk inc covid hosp,2,2026-08-29,05,quantile,0.025,0.0
2026-08-15,wk inc covid hosp,2,2026-08-29,05,quantile,0.05,0.0
2026-08-15,wk inc covid hosp,2,2026-08-29,05,quantile,0.1,0.0
2026-08-15,wk inc covid hosp,2,2026-08-29,05,quantile,0.15,1.0
2026-08-15,wk inc covid hosp,2,2026-08-29,05,quantile,0.2,2.0
2026-08-15,wk inc covid hosp,2,2026-08-29,05,quantile,0.25,3.0
2026-08-15,wk inc covid hosp,2,2026-08-29,05,quantile,0.3,4.0
2026-08-15,wk inc covid hosp,2,2026-08-29,05,quantile,0.35,4.0
2026-08-15,wk inc covid hosp,2,2026-08-29,05,quantile,0.4,5.0
2026-08-15,wk inc covid hosp,2,2026-08-29,05,quantile,0.45,6.0
2026-08-15,wk inc covid hosp,2,2026-08-29,05,quantile,0.5,6.0
2026-08-15,wk inc covid hosp,2,2026-08-29,05,quantile,0.55,6.0
2026-08-15,wk inc covid hosp,2,2026-08-29,05,quantile,0.6,7.0
2026-08-15,wk inc covid hosp,2,2026-08-29,05,quantile,0.65,7.0
2026-08-15,wk inc covid hosp,2,2026-08-29,05,quantile,0.7,8.0
2026-08-15,wk inc covid hosp,2,2026-08-29,05,quantile,0.75,8.0
2026-08-15,wk inc covid hosp,2,2026-08-29,05,quantile,0.8,9.0
2026-08-15,wk inc covid hosp,2,2026-08-29,05,quantile,0.85,10.0
2026-08-15,wk inc covid hosp,2,2026-08-29,05,quantile,0.9,12.0
2026-08-15,wk inc covid hosp,2,2026-08-29,05,quantile,0.95,15.0
2026-08-15,wk inc covid hosp,2,2026-08-29,05,quantile,0.975,19.0
2026-08-15,wk inc covid hosp,2,2026-08-29,05,quantile,0.99,26.0
2026-08-15,wk inc covid hosp,2,2026-08-29,06,quantile,0.01,42.910000000000004
2026-08-15,wk inc covid hosp,2,2026-08-29,06,quantile,0.025,126.9
2026-08-15,wk inc covid hosp,2,2026-08-29,06,quantile,0.05,169.0
2026-08-15,wk inc covid hosp,2,2026-08-29,06,quantile,0.1,209.0
2026-08-15,wk inc covid hosp,2,2026-08-29,06,quantile,0.15,235.0
2026-08-15,wk inc covid hosp,2,2026-08-29,06,quantile,0.2,261.6
2026-08-15,wk inc covid hosp,2,2026-08-29,06,quantile,0.25,275.0
2026-08-15,wk inc covid hosp,2,2026-08-29,06,quantile,0.3,286.0
2026-08-15,wk inc covid hosp,2,2026-08-29,06,quantile,0.35,295.65
2026-08-15,wk inc covid hosp,2,2026-08-29,06,quantile,0.4,304.6
2026-08-15,wk inc covid hosp,2,2026-08-29,06,quantile,0.45,313.0
2026-08-15,wk inc covid hosp,2,2026-08-29,06,quantile,0.5,318.0
2026-08-15,wk inc covid hosp,2,2026-08-29,06,quantile,0.55,326.45000000000005
2026-08-15,wk inc covid hosp,2,2026-08-29,06,quantile,0.6,336.0
2026-08-15,wk inc covid hosp,2,2026-08-29,06,quantile,0.65,343.35
2026-08-15,wk inc covid hosp,2,2026-08-29,06,quantile,0.7,351.0
2026-08-15,wk inc covid hosp,2,2026-08-29,06,quantile,0.75,373.0
2026-08-15,wk inc covid hosp,2,2026-08-29,06,quantile,0.8,388.4000000000001
2026-08-15,wk inc covid hosp,2,2026-08-29,06,quantile,0.85,411.15
2026-08-15,wk inc covid hosp,2,2026-08-29,06,quantile,0.9,444.30000000000007
2026-08-15,wk inc covid hosp,2,2026-08-29,06,quantile,0.95,527.0999999999999
2026-08-15,wk inc covid hosp,2,2026-08-29,06,quantile,0.975,604.6249999999999
2026-08-15,wk inc covid hosp,2,2026-08-29,06,quantile,0.99,692.0
2026-08-15,wk inc covid hosp,2,2026-08-29,08,quantile,0.01,0.0
2026-08-15,wk inc covid hosp,2,2026-08-29,08,quantile,0.025,0.0
2026-08-15,wk inc covid hosp,2,2026-08-29,08,quantile,0.05,0.0
2026-08-15,wk inc covid hosp,2,2026-08-29,08,quantile,0.1,0.0
2026-08-15,wk inc covid hosp,2,2026-08-29,08,quantile,0.15,1.0
2026-08-15,wk inc covid hosp,2,2026-08-29,08,quantile,0.2,3.0
2026-08-15,wk inc covid hosp,2,2026-08-29,08,quantile,0.25,4.0
2026-08-15,wk inc covid hosp,2,2026-08-29,08,quantile,0.3,5.0
2026-08-15,wk inc covid hosp,2,2026-08-29,08,quantile,0.35,6.0
2026-08-15,wk inc covid hosp,2,2026-08-29,08,quantile,0.4,7.0
2026-08-15,wk inc covid hosp,2,2026-08-29,08,quantile,0.45,8.0
2026-08-15,wk inc covid hosp,2,2026-08-29,08,quantile,0.5,9.0
2026-08-15,wk inc covid hosp,2,2026-08-29,08,quantile,0.55,9.0
2026-08-15,wk inc covid hosp,2,2026-08-29,08,quantile,0.6,10.0
2026-08-15,wk inc covid hosp,2,2026-08-29,08,quantile,0.65,11.0
2026-08-15,wk inc covid hosp,2,2026-08-29,08,quantile,0.7,12.0
2026-08-15,wk inc covid hosp,2,2026-08-29,08,quantile,0.75,13.0
2026-08-15,wk inc covid hosp,2,2026-08-29,08,quantile,0.8,15.0
2026-08-15,wk inc covid hosp,2,2026-08-29,08,quantile,0.85,17.0
2026-08-15,wk inc covid hosp,2,2026-08-29,08,quantile,0.9,19.0
2026-08-15,wk inc covid hosp,2,2026-08-29,08,quantile,0.95,24.0
2026-08-15,wk inc covid hosp,2,2026-08-29,08,quantile,0.975,31.0
2026-08-15,wk inc covid hosp,2,2026-08-29,08,quantile,0.99,40.00999999999999
2026-08-15,wk inc covid hosp,2,2026-08-29,09,quantile,0.01,0.0
2026-08-15,wk inc covid hosp,2,2026-08-29,09,quantile,0.025,0.0
2026-08-15,wk inc covid hosp,2,2026-08-29,09,quantile,0.05,0.0
2026-08-15,wk inc covid hosp,2,2026-08-29,09,quantile,0.1,0.0
2026-08-15,wk inc covid hosp,2,2026-08-29,09,quantile,0.15,0.0
2026-08-15,wk inc covid hosp,2,2026-08-29,09,quantile,0.2,1.0
2026-08-15,wk inc covid hosp,2,2026-08-29,09,quantile,0.25,2.0
2026-08-15,wk inc covid hosp,2,2026-08-29,09,quantile,0.3,3.0
2026-08-15,wk inc covid hosp,2,2026-08-29,09,quantile,0.35,4.0
2026-08-15,wk inc covid hosp,2,2026-08-29,09,quantile,0.4,4.0
2026-08-15,wk inc covid hosp,2,2026-08-29,09,quantile,0.45,5.0
2026-08-15,wk inc covid hosp,2,2026-08-29,09,quantile,0.5,5.0
2026-08-15,wk inc covid hosp,2,2026-08-29,09,quantile,0.55,6.0
2026-08-15,wk inc covid hosp,2,2026-08-29,09,quantile,0.6,6.0
2026-08-15,wk inc covid hosp,2,2026-08-29,09,quantile,0.65,7.0
2026-08-15,wk inc covid hosp,2,2026-08-29,09,quantile,0.7,7.0
2026-08-15,wk inc covid hosp,2,2026-08-29,09,quantile,0.75,8.0
2026-08-15,wk inc covid hosp,2,2026-08-29,09,quantile,0.8,9.0
2026-08-15,wk inc covid hosp,2,2026-08-29,09,quantile,0.85,11.0
2026-08-15,wk inc covid hosp,2,2026-08-29,09,quantile,0.9,12.0
2026-08-15,wk inc covid hosp,2,2026-08-29,09,quantile,0.95,15.049999999999955
2026-08-15,wk inc covid hosp,2,2026-08-29,09,quantile,0.975,22.0
2026-08-15,wk inc covid hosp,2,2026-08-29,09,quantile,0.99,35.00999999999999
2026-08-15,wk inc covid hosp,2,2026-08-29,10,quantile,0.01,0.0
2026-08-15,wk inc covid hosp,2,2026-08-29,10,quantile,0.025,0.0
2026-08-15,wk inc covid hosp,2,2026-08-29,10,quantile,0.05,0.0
2026-08-15,wk inc covid hosp,2,2026-08-29,10,quantile,0.1,0.0
2026-08-15,wk inc covid hosp,2,2026-08-29,10,quantile,0.15,0.0
2026-08-15,wk inc covid hosp,2,2026-08-29,10,quantile,0.2,0.0
2026-08-15,wk inc covid hosp,2,2026-08-29,10,quantile,0.25,0.0
2026-08-15,wk inc covid hosp,2,2026-08-29,10,quantile,0.3,1.0
2026-08-15,wk inc covid hosp,2,2026-08-29,10,quantile,0.35,1.0
2026-08-15,wk inc covid hosp,2,2026-08-29,10,quantile,0.4,1.0
2026-08-15,wk inc covid hosp,2,2026-08-29,10,quantile,0.45,1.0
2026-08-15,wk inc covid hosp,2,2026-08-29,10,quantile,0.5,1.0
2026-08-15,wk inc covid hosp,2,2026-08-29,10,quantile,0.55,1.0
2026-08-15,wk inc covid hosp,2,2026-08-29,10,quantile,0.6,1.0
2026-08-15,wk inc covid hosp,2,2026-08-29,10,quantile,0.65,2.0
2026-08-15,wk inc covid hosp,2,2026-08-29,10,quantile,0.7,2.0
2026-08-15,wk inc covid hosp,2,2026-08-29,10,quantile,0.75,2.0
2026-08-15,wk inc covid hosp,2,2026-08-29,10,quantile,0.8,2.0
2026-08-15,wk inc covid hosp,2,2026-08-29,10,quantile,0.85,3.0
2026-08-15,wk inc covid hosp,2,2026-08-29,10,quantile,0.9,3.0
2026-08-15,wk inc covid hosp,2,2026-08-29,10,quantile,0.95,4.0
2026-08-15,wk inc covid hosp,2,2026-08-29,10,quantile,0.975,5.0
2026-08-15,wk inc covid hosp,2,2026-08-29,10,quantile,0.99,8.019999999999982
2026-08-15,wk inc covid hosp,2,2026-08-29,11,quantile,0.01,0.0
2026-08-15,wk inc covid hosp,2,2026-08-29,11,quantile,0.025,0.0
2026-08-15,wk inc covid hosp,2,2026-08-29,11,quantile,0.05,0.0
2026-08-15,wk inc covid hosp,2,2026-08-29,11,quantile,0.1,0.0
2026-08-15,wk inc covid hosp,2,2026-08-29,11,quantile,0.15,0.0
2026-08-15,wk inc covid hosp,2,2026-08-29,11,quantile,0.2,0.0
2026-08-15,wk inc covid hosp,2,2026-08-29,11,quantile,0.25,0.75
2026-08-15,wk inc covid hosp,2,2026-08-29,11,quantile,0.3,1.0
2026-08-15,wk inc covid hosp,2,2026-08-29,11,quantile,0.35,1.0
2026-08-15,wk inc covid hosp,2,2026-08-29,11,quantile,0.4,1.0
2026-08-15,wk inc covid hosp,2,2026-08-29,11,quantile,0.45,1.0
2026-08-15,wk inc covid hosp,2,2026-08-29,11,quantile,0.5,1.0
2026-08-15,wk inc covid hosp,2,2026-08-29,11,quantile,0.55,1.0
2026-08-15,wk inc covid hosp,2,2026-08-29,11,quantile,0.6,1.0
2026-08-15,wk inc covid hosp,2,2026-08-29,11,quantile,0.65,2.0
2026-08-15,wk inc covid hosp,2,2026-08-29,11,quantile,0.7,2.0
2026-08-15,wk inc covid hosp,2,2026-08-29,11,quantile,0.75,2.0
2026-08-15,wk inc covid hosp,2,2026-08-29,11,quantile,0.8,2.0
2026-08-15,wk inc covid hosp,2,2026-08-29,11,quantile,0.85,2.0
2026-08-15,wk inc covid hosp,2,2026-08-29,11,quantile,0.9,3.0
2026-08-15,wk inc covid hosp,2,2026-08-29,11,quantile,0.95,4.0
2026-08-15,wk inc covid hosp,2,2026-08-29,11,quantile,0.975,5.0
2026-08-15,wk inc covid hosp,2,2026-08-29,11,quantile,0.99,8.0
2026-08-15,wk inc covid hosp,2,2026-08-29,12,quantile,0.01,40.96
2026-08-15,wk inc covid hosp,2,2026-08-29,12,quantile,0.025,67.0
2026-08-15,wk inc covid hosp,2,2026-08-29,12,quantile,0.05,103.80000000000001
2026-08-15,wk inc covid hosp,2,2026-08-29,12,quantile,0.1,134.9
2026-08-15,wk inc covid hosp,2,2026-08-29,12,quantile,0.15,164.85
2026-08-15,wk inc covid hosp,2,2026-08-29,12,quantile,0.2,181.8
2026-08-15,wk inc covid hosp,2,2026-08-29,12,quantile,0.25,199.0
2026-08-15,wk inc covid hosp,2,2026-08-29,12,quantile,0.3,212.0
2026-08-15,wk inc covid hosp,2,2026-08-29,12,quantile,0.35,221.0
2026-08-15,wk inc covid hosp,2,2026-08-29,12,quantile,0.4,234.60000000000002
2026-08-15,wk inc covid hosp,2,2026-08-29,12,quantile,0.45,245.0
2026-08-15,wk inc covid hosp,2,2026-08-29,12,quantile,0.5,254.0
2026-08-15,wk inc covid hosp,2,2026-08-29,12,quantile,0.55,257.45000000000005
2026-08-15,wk inc covid hosp,2,2026-08-29,12,quantile,0.6,264.0
2026-08-15,wk inc covid hosp,2,2026-08-29,12,quantile,0.65,271.35
2026-08-15,wk inc covid hosp,2,2026-08-29,12,quantile,0.7,285.0
2026-08-15,wk inc covid hosp,2,2026-08-29,12,quantile,0.75,294.25
2026-08-15,wk inc covid hosp,2,2026-08-29,12,quantile,0.8,311.0
2026-08-15,wk inc covid hosp,2,2026-08-29,12,quantile,0.85,329.15
2026-08-15,wk inc covid hosp,2,2026-08-29,12,quantile,0.9,362.1
2026-08-15,wk inc covid hosp,2,2026-08-29,12,quantile,0.95,426.2499999999998
2026-08-15,wk inc covid hosp,2,2026-08-29,12,quantile,0.975,482.67499999999984
2026-08-15,wk inc covid hosp,2,2026-08-29,12,quantile,0.99,654.069999999999
2026-08-15,wk inc covid hosp,2,2026-08-29,13,quantile,0.01,0.0
2026-08-15,wk inc covid hosp,2,2026-08-29,13,quantile,0.025,7.0
2026-08-15,wk inc covid hosp,2,2026-08-29,13,quantile,0.05,20.0
2026-08-15,wk inc covid hosp,2,2026-08-29,13,quantile,0.1,32.900000000000006
2026-08-15,wk inc covid hosp,2,2026-08-29,13,quantile,0.15,39.0
2026-08-15,wk inc covid hosp,2,2026-08-29,13,quantile,0.2,43.0
2026-08-15,wk inc covid hosp,2,2026-08-29,13,quantile,0.25,47.0
2026-08-15,wk inc covid hosp,2,2026-08-29,13,quantile,0.3,50.0
2026-08-15,wk inc covid hosp,2,2026-08-29,13,quantile,0.35,52.0
2026-08-15,wk inc covid hosp,2,2026-08-29,13,quantile,0.4,55.0
2026-08-15,wk inc covid hosp,2,2026-08-29,13,quantile,0.45,57.0
2026-08-15,wk inc covid hosp,2,2026-08-29,13,quantile,0.5,59.0
2026-08-15,wk inc covid hosp,2,2026-08-29,13,quantile,0.55,60.0
2026-08-15,wk inc covid hosp,2,2026-08-29,13,quantile,0.6,61.0
2026-08-15,wk inc covid hosp,2,2026-08-29,13,quantile,0.65,64.0
2026-08-15,wk inc covid hosp,2,2026-08-29,13,quantile,0.7,66.29999999999995
2026-08-15,wk inc covid hosp,2,2026-08-29,13,quantile,0.75,69.0
2026-08-15,wk inc covid hosp,2,2026-08-29,13,quantile,0.8,72.0
2026-08-15,wk inc covid hosp,2,2026-08-29,13,quantile,0.85,76.14999999999998
2026-08-15,wk inc covid hosp,2,2026-08-29,13,quantile,0.9,85.10000000000002
2026-08-15,wk inc covid hosp,2,2026-08-29,13,quantile,0.95,100.04999999999995
2026-08-15,wk inc covid hosp,2,2026-08-29,13,quantile,0.975,119.57499999999993
2026-08-15,wk inc covid hosp,2,2026-08-29,13,quantile,0.99,151.01999999999998
2026-08-15,wk inc covid hosp,2,2026-08-29,15,quantile,0.01,0.0
2026-08-15,wk inc covid hosp,2,2026-08-29,15,quantile,0.025,2.4750000000000014
2026-08-15,wk inc covid hosp,2,2026-08-29,15,quantile,0.05,4.0
2026-08-15,wk inc covid hosp,2,2026-08-29,15,quantile,0.1,6.0
2026-08-15,wk inc covid hosp,2,2026-08-29,15,quantile,0.15,8.0
2026-08-15,wk inc covid hosp,2,2026-08-29,15,quantile,0.2,9.0
2026-08-15,wk inc covid hosp,2,2026-08-29,15,quantile,0.25,10.0
2026-08-15,wk inc covid hosp,2,2026-08-29,15,quantile,0.3,11.0
2026-08-15,wk inc covid hosp,2,2026-08-29,15,quantile,0.35,12.0
2026-08-15,wk inc covid hosp,2,2026-08-29,15,quantile,0.4,12.0
2026-08-15,wk inc covid hosp,2,2026-08-29,15,quantile,0.45,13.0
2026-08-15,wk inc covid hosp,2,2026-08-29,15,quantile,0.5,13.0
2026-08-15,wk inc covid hosp,2,2026-08-29,15,quantile,0.55,13.0
2026-08-15,wk inc covid hosp,2,2026-08-29,15,quantile,0.6,14.0
2026-08-15,wk inc covid hosp,2,2026-08-29,15,quantile,0.65,14.0
2026-08-15,wk inc covid hosp,2,2026-08-29,15,quantile,0.7,15.0
2026-08-15,wk inc covid hosp,2,2026-08-29,15,quantile,0.75,16.0
2026-08-15,wk inc covid hosp,2,2026-08-29,15,quantile,0.8,17.0
2026-08-15,wk inc covid hosp,2,2026-08-29,15,quantile,0.85,18.0
2026-08-15,wk inc covid hosp,2,2026-08-29,15,quantile,0.9,20.0
2026-08-15,wk inc covid hosp,2,2026-08-29,15,quantile,0.95,24.0
2026-08-15,wk inc covid hosp,2,2026-08-29,15,quantile,0.975,29.524999999999977
2026-08-15,wk inc covid hosp,2,2026-08-29,15,quantile,0.99,37.02999999999997
2026-08-15,wk inc covid hosp,2,2026-08-29,16,quantile,0.01,0.0
2026-08-15,wk inc covid hosp,2,2026-08-29,16,quantile,0.025,0.0
2026-08-15,wk inc covid hosp,2,2026-08-29,16,quantile,0.05,0.0
2026-08-15,wk inc covid hosp,2,2026-08-29,16,quantile,0.1,0.0
2026-08-15,wk inc covid hosp,2,2026-08-29,16,quantile,0.15,0.0
2026-08-15,wk inc covid hosp,2,2026-08-29,16,quantile,0.2,0.0
2026-08-15,wk inc covid hosp,2,2026-08-29,16,quantile,0.25,1.0
2026-08-15,wk inc covid hosp,2,2026-08-29,16,quantile,0.3,1.0
2026-08-15,wk inc covid hosp,2,2026-08-29,16,quantile,0.35,2.0
2026-08-15,wk inc covid hosp,2,2026-08-29,16,quantile,0.4,2.0
2026-08-15,wk inc covid hosp,2,2026-08-29,16,quantile,0.45,2.0
2026-08-15,wk inc covid hosp,2,2026-08-29,16,quantile,0.5,3.0
2026-08-15,wk inc covid hosp,2,2026-08-29,16,quantile,0.55,3.0
2026-08-15,wk inc covid hosp,2,2026-08-29,16,quantile,0.6,3.0
2026-08-15,wk inc covid hosp,2,2026-08-29,16,quantile,0.65,3.0
2026-08-15,wk inc covid hosp,2,2026-08-29,16,quantile,0.7,4.0
2026-08-15,wk inc covid hosp,2,2026-08-29,16,quantile,0.75,4.0
2026-08-15,wk inc covid hosp,2,2026-08-29,16,quantile,0.8,5.0
2026-08-15,wk inc covid hosp,2,2026-08-29,16,quantile,0.85,5.0
2026-08-15,wk inc covid hosp,2,2026-08-29,16,quantile,0.9,6.0
2026-08-15,wk inc covid hosp,2,2026-08-29,16,quantile,0.95,7.0
2026-08-15,wk inc covid hosp,2,2026-08-29,16,quantile,0.975,10.0
2026-08-15,wk inc covid hosp,2,2026-08-29,16,quantile,0.99,12.009999999999991
2026-08-15,wk inc covid hosp,2,2026-08-29,17,quantile,0.01,0.0
2026-08-15,wk inc covid hosp,2,2026-08-29,17,quantile,0.025,0.0
2026-08-15,wk inc covid hosp,2,2026-08-29,17,quantile,0.05,0.0
2026-08-15,wk inc covid hosp,2,2026-08-29,17,quantile,0.1,0.0
2026-08-15,wk inc covid hosp,2,2026-08-29,17,quantile,0.15,2.8499999999999943
2026-08-15,wk inc covid hosp,2,2026-08-29,17,quantile,0.2,6.0
2026-08-15,wk inc covid hosp,2,2026-08-29,17,quantile,0.25,10.0
2026-08-15,wk inc covid hosp,2,2026-08-29,17,quantile,0.3,12.0
2026-08-15,wk inc covid hosp,2,2026-08-29,17,quantile,0.35,14.0
2026-08-15,wk inc covid hosp,2,2026-08-29,17,quantile,0.4,16.0
2026-08-15,wk inc covid hosp,2,2026-08-29,17,quantile,0.45,18.0
2026-08-15,wk inc covid hosp,2,2026-08-29,17,quantile,0.5,19.0
2026-08-15,wk inc covid hosp,2,2026-08-29,17,quantile,0.55,21.0
2026-08-15,wk inc covid hosp,2,2026-08-29,17,quantile,0.6,22.0
2026-08-15,wk inc covid hosp,2,2026-08-29,17,quantile,0.65,24.0
2026-08-15,wk inc covid hosp,2,2026-08-29,17,quantile,0.7,26.0
2026-08-15,wk inc covid hosp,2,2026-08-29,17,quantile,0.75,28.0
2026-08-15,wk inc covid hosp,2,2026-08-29,17,quantile,0.8,31.0
2026-08-15,wk inc covid hosp,2,2026-08-29,17,quantile,0.85,36.0
2026-08-15,wk inc covid hosp,2,2026-08-29,17,quantile,0.9,42.0
2026-08-15,wk inc covid hosp,2,2026-08-29,17,quantile,0.95,57.09999999999991
2026-08-15,wk inc covid hosp,2,2026-08-29,17,quantile,0.975,80.52499999999998
2026-08-15,wk inc covid hosp,2,2026-08-29,17,quantile,0.99,115.02999999999997
2026-08-15,wk inc covid hosp,2,2026-08-29,18,quantile,0.01,0.0
2026-08-15,wk inc covid hosp,2,2026-08-29,18,quantile,0.025,0.0
2026-08-15,wk inc covid hosp,2,2026-08-29,18,quantile,0.05,0.0
2026-08-15,wk inc covid hosp,2,2026-08-29,18,quantile,0.1,0.0
2026-08-15,wk inc covid hosp,2,2026-08-29,18,quantile,0.15,1.0
2026-08-15,wk inc covid hosp,2,2026-08-29,18,quantile,0.2,3.0
2026-08-15,wk inc covid hosp,2,2026-08-29,18,quantile,0.25,4.0
2026-08-15,wk inc covid hosp,2,2026-08-29,18,quantile,0.3,6.0
2026-08-15,wk inc covid hosp,2,2026-08-29,18,quantile,0.35,7.649999999999977
2026-08-15,wk inc covid hosp,2,2026-08-29,18,quantile,0.4,9.0
2026-08-15,wk inc covid hosp,2,2026-08-29,18,quantile,0.45,10.0
2026-08-15,wk inc covid hosp,2,2026-08-29,18,quantile,0.5,10.0
2026-08-15,wk inc covid hosp,2,2026-08-29,18,quantile,0.55,11.0
2026-08-15,wk inc covid hosp,2,2026-08-29,18,quantile,0.6,12.0
2026-08-15,wk inc covid hosp,2,2026-08-29,18,quantile,0.65,14.0
2026-08-15,wk inc covid hosp,2,2026-08-29,18,quantile,0.7,15.0
2026-08-15,wk inc covid hosp,2,2026-08-29,18,quantile,0.75,17.0
2026-08-15,wk inc covid hosp,2,2026-08-29,18,quantile,0.8,18.0
2026-08-15,wk inc covid hosp,2,2026-08-29,18,quantile,0.85,21.0
2026-08-15,wk inc covid hosp,2,2026-08-29,18,quantile,0.9,25.0
2026-08-15,wk inc covid hosp,2,2026-08-29,18,quantile,0.95,29.0
2026-08-15,wk inc covid hosp,2,2026-08-29,18,quantile,0.975,35.52499999999998
2026-08-15,wk inc covid hosp,2,2026-08-29,18,quantile,0.99,41.00999999999999
2026-08-15,wk inc covid hosp,2,2026-08-29,19,quantile,0.01,0.0
2026-08-15,wk inc covid hosp,2,2026-08-29,19,quantile,0.025,0.0
2026-08-15,wk inc covid hosp,2,2026-08-29,19,quantile,0.05,0.0
2026-08-15,wk inc covid hosp,2,2026-08-29,19,quantile,0.1,0.0
2026-08-15,wk inc covid hosp,2,2026-08-29,19,quantile,0.15,0.0
2026-08-15,wk inc covid hosp,2,2026-08-29,19,quantile,0.2,2.0
2026-08-15,wk inc covid hosp,2,2026-08-29,19,quantile,0.25,2.0
2026-08-15,wk inc covid hosp,2,2026-08-29,19,quantile,0.3,3.0
2026-08-15,wk inc covid hosp,2,2026-08-29,19,quantile,0.35,3.0
2026-08-15,wk inc covid hosp,2,2026-08-29,19,quantile,0.4,4.0
2026-08-15,wk inc covid hosp,2,2026-08-29,19,quantile,0.45,4.0
2026-08-15,wk inc covid hosp,2,2026-08-29,19,quantile,0.5,4.0
2026-08-15,wk inc covid hosp,2,2026-08-29,19,quantile,0.55,5.0
2026-08-15,wk inc covid hosp,2,2026-08-29,19,quantile,0.6,5.0
2026-08-15,wk inc covid hosp,2,2026-08-29,19,quantile,0.65,6.0
2026-08-15,wk inc covid hosp,2,2026-08-29,19,quantile,0.7,7.0
2026-08-15,wk inc covid hosp,2,2026-08-29,19,quantile,0.75,7.0
2026-08-15,wk inc covid hosp,2,2026-08-29,19,quantile,0.8,8.0
2026-08-15,wk inc covid hosp,2,2026-08-29,19,quantile,0.85,9.0
2026-08-15,wk inc covid hosp,2,2026-08-29,19,quantile,0.9,11.0
2026-08-15,wk inc covid hosp,2,2026-08-29,19,quantile,0.95,13.0
2026-08-15,wk inc covid hosp,2,2026-08-29,19,quantile,0.975,17.0
2026-08-15,wk inc covid hosp,2,2026-08-29,19,quantile,0.99,24.049999999999955
2026-08-15,wk inc covid hosp,2,2026-08-29,20,quantile,0.01,0.0
2026-08-15,wk inc covid hosp,2,2026-08-29,20,quantile,0.025,0.0
2026-08-15,wk inc covid hosp,2,2026-08-29,20,quantile,0.05,0.0
2026-08-15,wk inc covid hosp,2,2026-08-29,20,quantile,0.1,0.0
2026-08-15,wk inc covid hosp,2,2026-08-29,20,quantile,0.15,1.0
2026-08-15,wk inc covid hosp,2,2026-08-29,20,quantile,0.2,2.0
2026-08-15,wk inc covid hosp,2,2026-08-29,20,quantile,0.25,3.0
2026-08-15,wk inc covid hosp,2,2026-08-29,20,quantile,0.3,3.0
2026-08-15,wk inc covid hosp,2,2026-08-29,20,quantile,0.35,4.0
2026-08-15,wk inc covid hosp,2,2026-08-29,20,quantile,0.4,4.0
2026-08-15,wk inc covid hosp,2,2026-08-29,20,quantile,0.45,5.0
2026-08-15,wk inc covid hosp,2,2026-08-29,20,quantile,0.5,5.0
2026-08-15,wk inc covid hosp,2,2026-08-29,20,quantile,0.55,5.0
2026-08-15,wk inc covid hosp,2,2026-08-29,20,quantile,0.6,6.0
2026-08-15,wk inc covid hosp,2,2026-08-29,20,quantile,0.65,6.0
2026-08-15,wk inc covid hosp,2,2026-08-29,20,quantile,0.7,6.2999999999999545
2026-08-15,wk inc covid hosp,2,2026-08-29,20,quantile,0.75,7.0
2026-08-15,wk inc covid hosp,2,2026-08-29,20,quantile,0.8,8.0
2026-08-15,wk inc covid hosp,2,2026-08-29,20,quantile,0.85,9.0
2026-08-15,wk inc covid hosp,2,2026-08-29,20,quantile,0.9,12.0
2026-08-15,wk inc covid hosp,2,2026-08-29,20,quantile,0.95,14.0
2026-08-15,wk inc covid hosp,2,2026-08-29,20,quantile,0.975,17.0
2026-08-15,wk inc covid hosp,2,2026-08-29,20,quantile,0.99,23.0
2026-08-15,wk inc covid hosp,2,2026-08-29,21,quantile,0.01,0.0
2026-08-15,wk inc covid hosp,2,2026-08-29,21,quantile,0.025,0.0
2026-08-15,wk inc covid hosp,2,2026-08-29,21,quantile,0.05,0.0
2026-08-15,wk inc covid hosp,2,2026-08-29,21,quantile,0.1,0.0
2026-08-15,wk inc covid hosp,2,2026-08-29,21,quantile,0.15,1.0
2026-08-15,wk inc covid hosp,2,2026-08-29,21,quantile,0.2,2.0
2026-08-15,wk inc covid hosp,2,2026-08-29,21,quantile,0.25,4.0
2026-08-15,wk inc covid hosp,2,2026-08-29,21,quantile,0.3,5.0
2026-08-15,wk inc covid hosp,2,2026-08-29,21,quantile,0.35,6.0
2026-08-15,wk inc covid hosp,2,2026-08-29,21,quantile,0.4,7.0
2026-08-15,wk inc covid hosp,2,2026-08-29,21,quantile,0.45,7.0
2026-08-15,wk inc covid hosp,2,2026-08-29,21,quantile,0.5,8.0
2026-08-15,wk inc covid hosp,2,2026-08-29,21,quantile,0.55,8.0
2026-08-15,wk inc covid hosp,2,2026-08-29,21,quantile,0.6,9.0
2026-08-15,wk inc covid hosp,2,2026-08-29,21,quantile,0.65,9.0
2026-08-15,wk inc covid hosp,2,2026-08-29,21,quantile,0.7,10.0
2026-08-15,wk inc covid hosp,2,2026-08-29,21,quantile,0.75,12.0
2026-08-15,wk inc covid hosp,2,2026-08-29,21,quantile,0.8,13.0
2026-08-15,wk inc covid hosp,2,2026-08-29,21,quantile,0.85,14.149999999999977
2026-08-15,wk inc covid hosp,2,2026-08-29,21,quantile,0.9,17.0
2026-08-15,wk inc covid hosp,2,2026-08-29,21,quantile,0.95,21.0
2026-08-15,wk inc covid hosp,2,2026-08-29,21,quantile,0.975,25.524999999999977
2026-08-15,wk inc covid hosp,2,2026-08-29,21,quantile,0.99,33.01999999999998
2026-08-15,wk inc covid hosp,2,2026-08-29,22,quantile,0.01,21.98
2026-08-15,wk inc covid hosp,2,2026-08-29,22,quantile,0.025,28.0
2026-08-15,wk inc covid hosp,2,2026-08-29,22,quantile,0.05,34.0
2026-08-15,wk inc covid hosp,2,2026-08-29,22,quantile,0.1,39.900000000000006
2026-08-15,wk inc covid hosp,2,2026-08-29,22,quantile,0.15,44.0
2026-08-15,wk inc covid hosp,2,2026-08-29,22,quantile,0.2,46.80000000000001
2026-08-15,wk inc covid hosp,2,2026-08-29,22,quantile,0.25,49.0
2026-08-15,wk inc covid hosp,2,2026-08-29,22,quantile,0.3,51.0
2026-08-15,wk inc covid hosp,2,2026-08-29,22,quantile,0.35,53.0
2026-08-15,wk inc covid hosp,2,2026-08-29,22,quantile,0.4,54.0
2026-08-15,wk inc covid hosp,2,2026-08-29,22,quantile,0.45,56.0
2026-08-15,wk inc covid hosp,2,2026-08-29,22,quantile,0.5,57.0
2026-08-15,wk inc covid hosp,2,2026-08-29,22,quantile,0.55,58.0
2026-08-15,wk inc covid hosp,2,2026-08-29,22,quantile,0.6,60.0
2026-08-15,wk inc covid hosp,2,2026-08-29,22,quantile,0.65,62.0
2026-08-15,wk inc covid hosp,2,2026-08-29,22,quantile,0.7,63.0
2026-08-15,wk inc covid hosp,2,2026-08-29,22,quantile,0.75,66.0
2026-08-15,wk inc covid hosp,2,2026-08-29,22,quantile,0.8,69.0
2026-08-15,wk inc covid hosp,2,2026-08-29,22,quantile,0.85,71.0
2026-08-15,wk inc covid hosp,2,2026-08-29,22,quantile,0.9,76.10000000000002
2026-08-15,wk inc covid hosp,2,2026-08-29,22,quantile,0.95,87.0
2026-08-15,wk inc covid hosp,2,2026-08-29,22,quantile,0.975,100.04999999999995
2026-08-15,wk inc covid hosp,2,2026-08-29,22,quantile,0.99,117.06999999999994
2026-08-15,wk inc covid hosp,2,2026-08-29,23,quantile,0.01,0.0
2026-08-15,wk inc covid hosp,2,2026-08-29,23,quantile,0.025,0.0
2026-08-15,wk inc covid hosp,2,2026-08-29,23,quantile,0.05,0.0
2026-08-15,wk inc covid hosp,2,2026-08-29,23,quantile,0.1,0.0
2026-08-15,wk inc covid hosp,2,2026-08-29,23,quantile,0.15,0.0
2026-08-15,wk inc covid hosp,2,2026-08-29,23,quantile,0.2,0.0
2026-08-15,wk inc covid hosp,2,2026-08-29,23,quantile,0.25,1.0
2026-08-15,wk inc covid hosp,2,2026-08-29,23,quantile,0.3,1.0
2026-08-15,wk inc covid hosp,2,2026-08-29,23,quantile,0.35,1.0
2026-08-15,wk inc covid hosp,2,2026-08-29,23,quantile,0.4,1.0
2026-08-15,wk inc covid hosp,2,2026-08-29,23,quantile,0.45,2.0
2026-08-15,wk inc covid hosp,2,2026-08-29,23,quantile,0.5,2.0
2026-08-15,wk inc covid hosp,2,2026-08-29,23,quantile,0.55,2.0
2026-08-15,wk inc covid hosp,2,2026-08-29,23,quantile,0.6,2.0
2026-08-15,wk inc covid hosp,2,2026-08-29,23,quantile,0.65,2.0
2026-08-15,wk inc covid hosp,2,2026-08-29,23,quantile,0.7,3.0
2026-08-15,wk inc covid hosp,2,2026-08-29,23,quantile,0.75,3.0
2026-08-15,wk inc covid hosp,2,2026-08-29,23,quantile,0.8,3.0
2026-08-15,wk inc covid hosp,2,2026-08-29,23,quantile,0.85,4.0
2026-08-15,wk inc covid hosp,2,2026-08-29,23,quantile,0.9,5.0
2026-08-15,wk inc covid hosp,2,2026-08-29,23,quantile,0.95,6.0
2026-08-15,wk inc covid hosp,2,2026-08-29,23,quantile,0.975,8.0
2026-08-15,wk inc covid hosp,2,2026-08-29,23,quantile,0.99,10.0
2026-08-15,wk inc covid hosp,2,2026-08-29,24,quantile,0.01,0.0
2026-08-15,wk inc covid hosp,2,2026-08-29,24,quantile,0.025,0.0
2026-08-15,wk inc covid hosp,2,2026-08-29,24,quantile,0.05,0.0
2026-08-15,wk inc covid hosp,2,2026-08-29,24,quantile,0.1,0.0
2026-08-15,wk inc covid hosp,2,2026-08-29,24,quantile,0.15,2.0
2026-08-15,wk inc covid hosp,2,2026-08-29,24,quantile,0.2,3.0
2026-08-15,wk inc covid hosp,2,2026-08-29,24,quantile,0.25,4.0
2026-08-15,wk inc covid hosp,2,2026-08-29,24,quantile,0.3,6.0
2026-08-15,wk inc covid hosp,2,2026-08-29,24,quantile,0.35,6.649999999999977
2026-08-15,wk inc covid hosp,2,2026-08-29,24,quantile,0.4,8.0
2026-08-15,wk inc covid hosp,2,2026-08-29,24,quantile,0.45,8.0
2026-08-15,wk inc covid hosp,2,2026-08-29,24,quantile,0.5,9.0
2026-08-15,wk inc covid hosp,2,2026-08-29,24,quantile,0.55,9.0
2026-08-15,wk inc covid hosp,2,2026-08-29,24,quantile,0.6,10.0
2026-08-15,wk inc covid hosp,2,2026-08-29,24,quantile,0.65,11.0
2026-08-15,wk inc covid hosp,2,2026-08-29,24,quantile,0.7,12.0
2026-08-15,wk inc covid hosp,2,2026-08-29,24,quantile,0.75,13.0
2026-08-15,wk inc covid hosp,2,2026-08-29,24,quantile,0.8,15.0
2026-08-15,wk inc covid hosp,2,2026-08-29,24,quantile,0.85,17.0
2026-08-15,wk inc covid hosp,2,2026-08-29,24,quantile,0.9,19.0
2026-08-15,wk inc covid hosp,2,2026-08-29,24,quantile,0.95,23.0
2026-08-15,wk inc covid hosp,2,2026-08-29,24,quantile,0.975,32.0
2026-08-15,wk inc covid hosp,2,2026-08-29,24,quantile,0.99,54.00999999999999
2026-08-15,wk inc covid hosp,2,2026-08-29,25,quantile,0.01,0.0
2026-08-15,wk inc covid hosp,2,2026-08-29,25,quantile,0.025,0.0
2026-08-15,wk inc covid hosp,2,2026-08-29,25,quantile,0.05,0.0
2026-08-15,wk inc covid hosp,2,2026-08-29,25,quantile,0.1,0.0
2026-08-15,wk inc covid hosp,2,2026-08-29,25,quantile,0.15,0.0
2026-08-15,wk inc covid hosp,2,2026-08-29,25,quantile,0.2,2.0
2026-08-15,wk inc covid hosp,2,2026-08-29,25,quantile,0.25,3.0
2026-08-15,wk inc covid hosp,2,2026-08-29,25,quantile,0.3,5.0
2026-08-15,wk inc covid hosp,2,2026-08-29,25,quantile,0.35,7.0
2026-08-15,wk inc covid hosp,2,2026-08-29,25,quantile,0.4,8.0
2026-08-15,wk inc covid hosp,2,2026-08-29,25,quantile,0.45,9.0
2026-08-15,wk inc covid hosp,2,2026-08-29,25,quantile,0.5,9.0
2026-08-15,wk inc covid hosp,2,2026-08-29,25,quantile,0.55,10.0
2026-08-15,wk inc covid hosp,2,2026-08-29,25,quantile,0.6,11.0
2026-08-15,wk inc covid hosp,2,2026-08-29,25,quantile,0.65,12.0
2026-08-15,wk inc covid hosp,2,2026-08-29,25,quantile,0.7,13.0
2026-08-15,wk inc covid hosp,2,2026-08-29,25,quantile,0.75,14.0
2026-08-15,wk inc covid hosp,2,2026-08-29,25,quantile,0.8,17.0
2026-08-15,wk inc covid hosp,2,2026-08-29,25,quantile,0.85,19.0
2026-08-15,wk inc covid hosp,2,2026-08-29,25,quantile,0.9,22.0
2026-08-15,wk inc covid hosp,2,2026-08-29,25,quantile,0.95,28.09999999999991
2026-08-15,wk inc covid hosp,2,2026-08-29,25,quantile,0.975,43.52499999999998
2026-08-15,wk inc covid hosp,2,2026-08-29,25,quantile,0.99,51.08999999999992
2026-08-15,wk inc covid hosp,2,2026-08-29,26,quantile,0.01,0.0
2026-08-15,wk inc covid hosp,2,2026-08-29,26,quantile,0.025,0.0
2026-08-15,wk inc covid hosp,2,2026-08-29,26,quantile,0.05,0.0
2026-08-15,wk inc covid hosp,2,2026-08-29,26,quantile,0.1,0.0
2026-08-15,wk inc covid hosp,2,2026-08-29,26,quantile,0.15,0.0
2026-08-15,wk inc covid hosp,2,2026-08-29,26,quantile,0.2,2.0
2026-08-15,wk inc covid hosp,2,2026-08-29,26,quantile,0.25,5.0
2026-08-15,wk inc covid hosp,2,2026-08-29,26,quantile,0.3,7.0
2026-08-15,wk inc covid hosp,2,2026-08-29,26,quantile,0.35,9.0
2026-08-15,wk inc covid hosp,2,2026-08-29,26,quantile,0.4,10.600000000000023
2026-08-15,wk inc covid hosp,2,2026-08-29,26,quantile,0.45,11.550000000000011
2026-08-15,wk inc covid hosp,2,2026-08-29,26,quantile,0.5,13.0
2026-08-15,wk inc covid hosp,2,2026-08-29,26,quantile,0.55,14.0
2026-08-15,wk inc covid hosp,2,2026-08-29,26,quantile,0.6,15.0
2026-08-15,wk inc covid hosp,2,2026-08-29,26,quantile,0.65,16.0
2026-08-15,wk inc covid hosp,2,2026-08-29,26,quantile,0.7,18.0
2026-08-15,wk inc covid hosp,2,2026-08-29,26,quantile,0.75,21.0
2026-08-15,wk inc covid hosp,2,2026-08-29,26,quantile,0.8,23.200000000000045
2026-08-15,wk inc covid hosp,2,2026-08-29,26,quantile,0.85,28.0
2026-08-15,wk inc covid hosp,2,2026-08-29,26,quantile,0.9,32.0
2026-08-15,wk inc covid hosp,2,2026-08-29,26,quantile,0.95,41.0
2026-08-15,wk inc covid hosp,2,2026-08-29,26,quantile,0.975,52.0
2026-08-15,wk inc covid hosp,2,2026-08-29,26,quantile,0.99,66.01999999999998
2026-08-15,wk inc covid hosp,2,2026-08-29,27,quantile,0.01,0.0
2026-08-15,wk inc covid hosp,2,2026-08-29,27,quantile,0.025,0.0
2026-08-15,wk inc covid hosp,2,2026-08-29,27,quantile,0.05,0.0
2026-08-15,wk inc covid hosp,2,2026-08-29,27,quantile,0.1,0.0
2026-08-15,wk inc covid hosp,2,2026-08-29,27,quantile,0.15,0.0
2026-08-15,wk inc covid hosp,2,2026-08-29,27,quantile,0.2,1.0
2026-08-15,wk inc covid hosp,2,2026-08-29,27,quantile,0.25,3.0
2026-08-15,wk inc covid hosp,2,2026-08-29,27,quantile,0.3,4.0
2026-08-15,wk inc covid hosp,2,2026-08-29,27,quantile,0.35,5.0
2026-08-15,wk inc covid hosp,2,2026-08-29,27,quantile,0.4,6.0
2026-08-15,wk inc covid hosp,2,2026-08-29,27,quantile,0.45,7.0
2026-08-15,wk inc covid hosp,2,2026-08-29,27,quantile,0.5,7.0
2026-08-15,wk inc covid hosp,2,2026-08-29,27,quantile,0.55,8.0
2026-08-15,wk inc covid hosp,2,2026-08-29,27,quantile,0.6,9.0
2026-08-15,wk inc covid hosp,2,2026-08-29,27,quantile,0.65,10.0
2026-08-15,wk inc covid hosp,2,2026-08-29,27,quantile,0.7,11.0
2026-08-15,wk inc covid hosp,2,2026-08-29,27,quantile,0.75,12.0
2026-08-15,wk inc covid hosp,2,2026-08-29,27,quantile,0.8,14.0
2026-08-15,wk inc covid hosp,2,2026-08-29,27,quantile,0.85,16.0
2026-08-15,wk inc covid hosp,2,2026-08-29,27,quantile,0.9,18.100000000000023
2026-08-15,wk inc covid hosp,2,2026-08-29,27,quantile,0.95,27.049999999999955
2026-08-15,wk inc covid hosp,2,2026-08-29,27,quantile,0.975,39.52499999999998
2026-08-15,wk inc covid hosp,2,2026-08-29,27,quantile,0.99,50.02999999999997
2026-08-15,wk inc covid hosp,2,2026-08-29,28,quantile,0.01,7.0
2026-08-15,wk inc covid hosp,2,2026-08-29,28,quantile,0.025,9.0
2026-08-15,wk inc covid hosp,2,2026-08-29,28,quantile,0.05,11.0
2026-08-15,wk inc covid hosp,2,2026-08-29,28,quantile,0.1,15.0
2026-08-15,wk inc covid hosp,2,2026-08-29,28,quantile,0.15,16.849999999999994
2026-08-15,wk inc covid hosp,2,2026-08-29,28,quantile,0.2,17.0
2026-08-15,wk inc covid hosp,2,2026-08-29,28,quantile,0.25,19.0
2026-08-15,wk inc covid hosp,2,2026-08-29,28,quantile,0.3,20.0
2026-08-15,wk inc covid hosp,2,2026-08-29,28,quantile,0.35,21.0
2026-08-15,wk inc covid hosp,2,2026-08-29,28,quantile,0.4,21.0
2026-08-15,wk inc covid hosp,2,2026-08-29,28,quantile,0.45,22.0
2026-08-15,wk inc covid hosp,2,2026-08-29,28,quantile,0.5,23.0
2026-08-15,wk inc covid hosp,2,2026-08-29,28,quantile,0.55,23.0
2026-08-15,wk inc covid hosp,2,2026-08-29,28,quantile,0.6,24.0
2026-08-15,wk inc covid hosp,2,2026-08-29,28,quantile,0.65,25.0
2026-08-15,wk inc covid hosp,2,2026-08-29,28,quantile,0.7,25.299999999999955
2026-08-15,wk inc covid hosp,2,2026-08-29,28,quantile,0.75,27.0
2026-08-15,wk inc covid hosp,2,2026-08-29,28,quantile,0.8,27.0
2026-08-15,wk inc covid hosp,2,2026-08-29,28,quantile,0.85,29.0
2026-08-15,wk inc covid hosp,2,2026-08-29,28,quantile,0.9,32.0
2026-08-15,wk inc covid hosp,2,2026-08-29,28,quantile,0.95,35.0
2026-08-15,wk inc covid hosp,2,2026-08-29,28,quantile,0.975,38.0
2026-08-15,wk inc covid hosp,2,2026-08-29,28,quantile,0.99,44.0
2026-08-15,wk inc covid hosp,2,2026-08-29,29,quantile,0.01,0.0
2026-08-15,wk inc covid hosp,2,2026-08-29,29,quantile,0.025,0.0
2026-08-15,wk inc covid hosp,2,2026-08-29,29,quantile,0.05,0.0
2026-08-15,wk inc covid hosp,2,2026-08-29,29,quantile,0.1,0.0
2026-08-15,wk inc covid hosp,2,2026-08-29,29,quantile,0.15,1.0
2026-08-15,wk inc covid hosp,2,2026-08-29,29,quantile,0.2,3.0
2026-08-15,wk inc covid hosp,2,2026-08-29,29,quantile,0.25,5.0
2026-08-15,wk inc covid hosp,2,2026-08-29,29,quantile,0.3,6.0
2026-08-15,wk inc covid hosp,2,2026-08-29,29,quantile,0.35,7.0
2026-08-15,wk inc covid hosp,2,2026-08-29,29,quantile,0.4,8.0
2026-08-15,wk inc covid hosp,2,2026-08-29,29,quantile,0.45,9.0
2026-08-15,wk inc covid hosp,2,2026-08-29,29,quantile,0.5,9.0
2026-08-15,wk inc covid hosp,2,2026-08-29,29,quantile,0.55,10.0
2026-08-15,wk inc covid hosp,2,2026-08-29,29,quantile,0.6,11.0
2026-08-15,wk inc covid hosp,2,2026-08-29,29,quantile,0.65,12.0
2026-08-15,wk inc covid hosp,2,2026-08-29,29,quantile,0.7,13.0
2026-08-15,wk inc covid hosp,2,2026-08-29,29,quantile,0.75,14.25
2026-08-15,wk inc covid hosp,2,2026-08-29,29,quantile,0.8,16.200000000000045
2026-08-15,wk inc covid hosp,2,2026-08-29,29,quantile,0.85,19.149999999999977
2026-08-15,wk inc covid hosp,2,2026-08-29,29,quantile,0.9,23.0
2026-08-15,wk inc covid hosp,2,2026-08-29,29,quantile,0.95,30.049999999999955
2026-08-15,wk inc covid hosp,2,2026-08-29,29,quantile,0.975,40.52499999999998
2026-08-15,wk inc covid hosp,2,2026-08-29,29,quantile,0.99,69.00999999999999
2026-08-15,wk inc covid hosp,2,2026-08-29,30,quantile,0.01,0.0
2026-08-15,wk inc covid hosp,2,2026-08-29,30,quantile,0.025,0.0
2026-08-15,wk inc covid hosp,2,2026-08-29,30,quantile,0.05,0.0
2026-08-15,wk inc covid hosp,2,2026-08-29,30,quantile,0.1,0.0
2026-08-15,wk inc covid hosp,2,2026-08-29,30,quantile,0.15,0.0
2026-08-15,wk inc covid hosp,2,2026-08-29,30,quantile,0.2,0.0
2026-08-15,wk inc covid hosp,2,2026-08-29,30,quantile,0.25,1.0
2026-08-15,wk inc covid hosp,2,2026-08-29,30,quantile,0.3,1.0
2026-08-15,wk inc covid hosp,2,2026-08-29,30,quantile,0.35,1.0
2026-08-15,wk inc covid hosp,2,2026-08-29,30,quantile,0.4,2.0
2026-08-15,wk inc covid hosp,2,2026-08-29,30,quantile,0.45,2.0
2026-08-15,wk inc covid hosp,2,2026-08-29,30,quantile,0.5,2.0
2026-08-15,wk inc covid hosp,2,2026-08-29,30,quantile,0.55,2.0
2026-08-15,wk inc covid hosp,2,2026-08-29,30,quantile,0.6,2.0
2026-08-15,wk inc covid hosp,2,2026-08-29,30,quantile,0.65,3.0
2026-08-15,wk inc covid hosp,2,2026-08-29,30,quantile,0.7,3.0
2026-08-15,wk inc covid hosp,2,2026-08-29,30,quantile,0.75,3.0
2026-08-15,wk inc covid hosp,2,2026-08-29,30,quantile,0.8,3.0
2026-08-15,wk inc covid hosp,2,2026-08-29,30,quantile,0.85,4.0
2026-08-15,wk inc covid hosp,2,2026-08-29,30,quantile,0.9,5.0
2026-08-15,wk inc covid hosp,2,2026-08-29,30,quantile,0.95,7.0
2026-08-15,wk inc covid hosp,2,2026-08-29,30,quantile,0.975,9.0
2026-08-15,wk inc covid hosp,2,2026-08-29,30,quantile,0.99,12.009999999999991
2026-08-15,wk inc covid hosp,2,2026-08-29,31,quantile,0.01,0.0
2026-08-15,wk inc covid hosp,2,2026-08-29,31,quantile,0.025,0.0
2026-08-15,wk inc covid hosp,2,2026-08-29,31,quantile,0.05,0.0
2026-08-15,wk inc covid hosp,2,2026-08-29,31,quantile,0.1,0.0
2026-08-15,wk inc covid hosp,2,2026-08-29,31,quantile,0.15,0.0
2026-08-15,wk inc covid hosp,2,2026-08-29,31,quantile,0.2,0.0
2026-08-15,wk inc covid hosp,2,2026-08-29,31,quantile,0.25,1.0
2026-08-15,wk inc covid hosp,2,2026-08-29,31,quantile,0.3,1.0
2026-08-15,wk inc covid hosp,2,2026-08-29,31,quantile,0.35,2.0
2026-08-15,wk inc covid hosp,2,2026-08-29,31,quantile,0.4,2.0
2026-08-15,wk inc covid hosp,2,2026-08-29,31,quantile,0.45,2.0
2026-08-15,wk inc covid hosp,2,2026-08-29,31,quantile,0.5,3.0
2026-08-15,wk inc covid hosp,2,2026-08-29,31,quantile,0.55,3.0
2026-08-15,wk inc covid hosp,2,2026-08-29,31,quantile,0.6,3.0
2026-08-15,wk inc covid hosp,2,2026-08-29,31,quantile,0.65,3.0
2026-08-15,wk inc covid hosp,2,2026-08-29,31,quantile,0.7,4.0
2026-08-15,wk inc covid hosp,2,2026-08-29,31,quantile,0.75,4.0
2026-08-15,wk inc covid hosp,2,2026-08-29,31,quantile,0.8,5.0
2026-08-15,wk inc covid hosp,2,2026-08-29,31,quantile,0.85,5.0
2026-08-15,wk inc covid hosp,2,2026-08-29,31,quantile,0.9,7.0
2026-08-15,wk inc covid hosp,2,2026-08-29,31,quantile,0.95,9.0
2026-08-15,wk inc covid hosp,2,2026-08-29,31,quantile,0.975,12.524999999999977
2026-08-15,wk inc covid hosp,2,2026-08-29,31,quantile,0.99,20.0
2026-08-15,wk inc covid hosp,2,2026-08-29,32,quantile,0.01,0.0
2026-08-15,wk inc covid hosp,2,2026-08-29,32,quantile,0.025,1.0
2026-08-15,wk inc covid hosp,2,2026-08-29,32,quantile,0.05,5.0
2026-08-15,wk inc covid hosp,2,2026-08-29,32,quantile,0.1,8.0
2026-08-15,wk inc covid hosp,2,2026-08-29,32,quantile,0.15,10.0
2026-08-15,wk inc covid hosp,2,2026-08-29,32,quantile,0.2,12.0
2026-08-15,wk inc covid hosp,2,2026-08-29,32,quantile,0.25,13.0
2026-08-15,wk inc covid hosp,2,2026-08-29,32,quantile,0.3,14.0
2026-08-15,wk inc covid hosp,2,2026-08-29,32,quantile,0.35,14.0
2026-08-15,wk inc covid hosp,2,2026-08-29,32,quantile,0.4,15.0
2026-08-15,wk inc covid hosp,2,2026-08-29,32,quantile,0.45,16.0
2026-08-15,wk inc covid hosp,2,2026-08-29,32,quantile,0.5,16.0
2026-08-15,wk inc covid hosp,2,2026-08-29,32,quantile,0.55,17.0
2026-08-15,wk inc covid hosp,2,2026-08-29,32,quantile,0.6,17.0
2026-08-15,wk inc covid hosp,2,2026-08-29,32,quantile,0.65,18.0
2026-08-15,wk inc covid hosp,2,2026-08-29,32,quantile,0.7,18.0
2026-08-15,wk inc covid hosp,2,2026-08-29,32,quantile,0.75,19.0
2026-08-15,wk inc covid hosp,2,2026-08-29,32,quantile,0.8,21.0
2026-08-15,wk inc covid hosp,2,2026-08-29,32,quantile,0.85,23.0
2026-08-15,wk inc covid hosp,2,2026-08-29,32,quantile,0.9,24.0
2026-08-15,wk inc covid hosp,2,2026-08-29,32,quantile,0.95,29.049999999999955
2026-08-15,wk inc covid hosp,2,2026-08-29,32,quantile,0.975,36.049999999999955
2026-08-15,wk inc covid hosp,2,2026-08-29,32,quantile,0.99,48.00999999999999
2026-08-15,wk inc covid hosp,2,2026-08-29,33,quantile,0.01,0.0
2026-08-15,wk inc covid hosp,2,2026-08-29,33,quantile,0.025,0.0
2026-08-15,wk inc covid hosp,2,2026-08-29,33,quantile,0.05,0.0
2026-08-15,wk inc covid hosp,2,2026-08-29,33,quantile,0.1,0.0
2026-08-15,wk inc covid hosp,2,2026-08-29,33,quantile,0.15,0.0
2026-08-15,wk inc covid hosp,2,2026-08-29,33,quantile,0.2,0.0
2026-08-15,wk inc covid hosp,2,2026-08-29,33,quantile,0.25,1.0
2026-08-15,wk inc covid hosp,2,2026-08-29,33,quantile,0.3,1.0
2026-08-15,wk inc covid hosp,2,2026-08-29,33,quantile,0.35,1.0
2026-08-15,wk inc covid hosp,2,2026-08-29,33,quantile,0.4,2.0
2026-08-15,wk inc covid hosp,2,2026-08-29,33,quantile,0.45,2.0
2026-08-15,wk inc covid hosp,2,2026-08-29,33,quantile,0.5,2.0
2026-08-15,wk inc covid hosp,2,2026-08-29,33,quantile,0.55,2.0
2026-08-15,wk inc covid hosp,2,2026-08-29,33,quantile,0.6,2.0
2026-08-15,wk inc covid hosp,2,2026-08-29,33,quantile,0.65,2.0
2026-08-15,wk inc covid hosp,2,2026-08-29,33,quantile,0.7,3.0
2026-08-15,wk inc covid hosp,2,2026-08-29,33,quantile,0.75,3.0
2026-08-15,wk inc covid hosp,2,2026-08-29,33,quantile,0.8,3.0
2026-08-15,wk inc covid hosp,2,2026-08-29,33,quantile,0.85,4.0
2026-08-15,wk inc covid hosp,2,2026-08-29,33,quantile,0.9,4.0
2026-08-15,wk inc covid hosp,2,2026-08-29,33,quantile,0.95,5.0
2026-08-15,wk inc covid hosp,2,2026-08-29,33,quantile,0.975,7.0
2026-08-15,wk inc covid hosp,2,2026-08-29,33,quantile,0.99,10.0
2026-08-15,wk inc covid hosp,2,2026-08-29,34,quantile,0.01,0.0
2026-08-15,wk inc covid hosp,2,2026-08-29,34,quantile,0.025,0.0
2026-08-15,wk inc covid hosp,2,2026-08-29,34,quantile,0.05,9.950000000000003
2026-08-15,wk inc covid hosp,2,2026-08-29,34,quantile,0.1,21.0
2026-08-15,wk inc covid hosp,2,2026-08-29,34,quantile,0.15,25.0
2026-08-15,wk inc covid hosp,2,2026-08-29,34,quantile,0.2,29.0
2026-08-15,wk inc covid hosp,2,2026-08-29,34,quantile,0.25,31.75
2026-08-15,wk inc covid hosp,2,2026-08-29,34,quantile,0.3,34.0
2026-08-15,wk inc covid hosp,2,2026-08-29,34,quantile,0.35,35.0
2026-08-15,wk inc covid hosp,2,2026-08-29,34,quantile,0.4,37.0
2026-08-15,wk inc covid hosp,2,2026-08-29,34,quantile,0.45,39.0
2026-08-15,wk inc covid hosp,2,2026-08-29,34,quantile,0.5,40.0
2026-08-15,wk inc covid hosp,2,2026-08-29,34,quantile,0.55,41.0
2026-08-15,wk inc covid hosp,2,2026-08-29,34,quantile,0.6,43.0
2026-08-15,wk inc covid hosp,2,2026-08-29,34,quantile,0.65,44.0
2026-08-15,wk inc covid hosp,2,2026-08-29,34,quantile,0.7,46.0
2026-08-15,wk inc covid hosp,2,2026-08-29,34,quantile,0.75,48.25
2026-08-15,wk inc covid hosp,2,2026-08-29,34,quantile,0.8,51.0
2026-08-15,wk inc covid hosp,2,2026-08-29,34,quantile,0.85,56.0
2026-08-15,wk inc covid hosp,2,2026-08-29,34,quantile,0.9,60.0
2026-08-15,wk inc covid hosp,2,2026-08-29,34,quantile,0.95,73.04999999999995
2026-08-15,wk inc covid hosp,2,2026-08-29,34,quantile,0.975,86.0
2026-08-15,wk inc covid hosp,2,2026-08-29,34,quantile,0.99,99.0
2026-08-15,wk inc covid hosp,2,2026-08-29,35,quantile,0.01,0.0
2026-08-15,wk inc covid hosp,2,2026-08-29,35,quantile,0.025,0.0
2026-08-15,wk inc covid hosp,2,2026-08-29,35,quantile,0.05,0.0
2026-08-15,wk inc covid hosp,2,2026-08-29,35,quantile,0.1,0.0
2026-08-15,wk inc covid hosp,2,2026-08-29,35,quantile,0.15,1.0
2026-08-15,wk inc covid hosp,2,2026-08-29,35,quantile,0.2,1.0
2026-08-15,wk inc covid hosp,2,2026-08-29,35,quantile,0.25,2.0
2026-08-15,wk inc covid hosp,2,2026-08-29,35,quantile,0.3,2.0
2026-08-15,wk inc covid hosp,2,2026-08-29,35,quantile,0.35,3.0
2026-08-15,wk inc covid hosp,2,2026-08-29,35,quantile,0.4,3.0
2026-08-15,wk inc covid hosp,2,2026-08-29,35,quantile,0.45,3.0
2026-08-15,wk inc covid hosp,2,2026-08-29,35,quantile,0.5,4.0
2026-08-15,wk inc covid hosp,2,2026-08-29,35,quantile,0.55,4.0
2026-08-15,wk inc covid hosp,2,2026-08-29,35,quantile,0.6,4.0
2026-08-15,wk inc covid hosp,2,2026-08-29,35,quantile,0.65,4.0
2026-08-15,wk inc covid hosp,2,2026-08-29,35,quantile,0.7,5.0
2026-08-15,wk inc covid hosp,2,2026-08-29,35,quantile,0.75,5.0
2026-08-15,wk inc covid hosp,2,2026-08-29,35,quantile,0.8,6.0
2026-08-15,wk inc covid hosp,2,2026-08-29,35,quantile,0.85,6.0
2026-08-15,wk inc covid hosp,2,2026-08-29,35,quantile,0.9,7.0
2026-08-15,wk inc covid hosp,2,2026-08-29,35,quantile,0.95,9.0
2026-08-15,wk inc covid hosp,2,2026-08-29,35,quantile,0.975,12.0
2026-08-15,wk inc covid hosp,2,2026-08-29,35,quantile,0.99,16.00999999999999
2026-08-15,wk inc covid hosp,2,2026-08-29,36,quantile,0.01,13.96
2026-08-15,wk inc covid hosp,2,2026-08-29,36,quantile,0.025,31.475
2026-08-15,wk inc covid hosp,2,2026-08-29,36,quantile,0.05,41.95
2026-08-15,wk inc covid hosp,2,2026-08-29,36,quantile,0.1,59.900000000000006
2026-08-15,wk inc covid hosp,2,2026-08-29,36,quantile,0.15,69.85
2026-08-15,wk inc covid hosp,2,2026-08-29,36,quantile,0.2,75.80000000000001
2026-08-15,wk inc covid hosp,2,2026-08-29,36,quantile,0.25,81.0
2026-08-15,wk inc covid hosp,2,2026-08-29,36,quantile,0.3,85.69999999999999
2026-08-15,wk inc covid hosp,2,2026-08-29,36,quantile,0.35,89.64999999999998
2026-08-15,wk inc covid hosp,2,2026-08-29,36,quantile,0.4,94.0
2026-08-15,wk inc covid hosp,2,2026-08-29,36,quantile,0.45,100.0
2026-08-15,wk inc covid hosp,2,2026-08-29,36,quantile,0.5,104.0
2026-08-15,wk inc covid hosp,2,2026-08-29,36,quantile,0.55,106.0
2026-08-15,wk inc covid hosp,2,2026-08-29,36,quantile,0.6,108.0
2026-08-15,wk inc covid hosp,2,2026-08-29,36,quantile,0.65,113.35000000000002
2026-08-15,wk inc covid hosp,2,2026-08-29,36,quantile,0.7,118.0
2026-08-15,wk inc covid hosp,2,2026-08-29,36,quantile,0.75,124.25
2026-08-15,wk inc covid hosp,2,2026-08-29,36,quantile,0.8,131.0
2026-08-15,wk inc covid hosp,2,2026-08-29,36,quantile,0.85,139.14999999999998
2026-08-15,wk inc covid hosp,2,2026-08-29,36,quantile,0.9,151.10000000000002
2026-08-15,wk inc covid hosp,2,2026-08-29,36,quantile,0.95,172.04999999999995
2026-08-15,wk inc covid hosp,2,2026-08-29,36,quantile,0.975,203.6249999999999
2026-08-15,wk inc covid hosp,2,2026-08-29,36,quantile,0.99,224.06999999999994
2026-08-15,wk inc covid hosp,2,2026-08-29,37,quantile,0.01,17.990000000000002
2026-08-15,wk inc covid hosp,2,2026-08-29,37,quantile,0.025,29.475
2026-08-15,wk inc covid hosp,2,2026-08-29,37,quantile,0.05,40.95
2026-08-15,wk inc covid hosp,2,2026-08-29,37,quantile,0.1,50.0
2026-08-15,wk inc covid hosp,2,2026-08-29,37,quantile,0.15,55.0
2026-08-15,wk inc covid hosp,2,2026-08-29,37,quantile,0.2,60.0
2026-08-15,wk inc covid hosp,2,2026-08-29,37,quantile,0.25,63.75
2026-08-15,wk inc covid hosp,2,2026-08-29,37,quantile,0.3,67.0
2026-08-15,wk inc covid hosp,2,2026-08-29,37,quantile,0.35,70.0
2026-08-15,wk inc covid hosp,2,2026-08-29,37,quantile,0.4,73.0
2026-08-15,wk inc covid hosp,2,2026-08-29,37,quantile,0.45,76.0
2026-08-15,wk inc covid hosp,2,2026-08-29,37,quantile,0.5,77.0
2026-08-15,wk inc covid hosp,2,2026-08-29,37,quantile,0.55,78.0
2026-08-15,wk inc covid hosp,2,2026-08-29,37,quantile,0.6,80.0
2026-08-15,wk inc covid hosp,2,2026-08-29,37,quantile,0.65,82.0
2026-08-15,wk inc covid hosp,2,2026-08-29,37,quantile,0.7,85.0
2026-08-15,wk inc covid hosp,2,2026-08-29,37,quantile,0.75,88.0
2026-08-15,wk inc covid hosp,2,2026-08-29,37,quantile,0.8,93.20000000000005
2026-08-15,wk inc covid hosp,2,2026-08-29,37,quantile,0.85,100.0
2026-08-15,wk inc covid hosp,2,2026-08-29,37,quantile,0.9,109.0
2026-08-15,wk inc covid hosp,2,2026-08-29,37,quantile,0.95,123.04999999999995
2026-08-15,wk inc covid hosp,2,2026-08-29,37,quantile,0.975,156.57499999999993
2026-08-15,wk inc covid hosp,2,2026-08-29,37,quantile,0.99,195.01999999999998
2026-08-15,wk inc covid hosp,2,2026-08-29,38,quantile,0.01,0.0
2026-08-15,wk inc covid hosp,2,2026-08-29,38,quantile,0.025,0.0
2026-08-15,wk inc covid hosp,2,2026-08-29,38,quantile,0.05,0.0
2026-08-15,wk inc covid hosp,2,2026-08-29,38,quantile,0.1,0.0
2026-08-15,wk inc covid hosp,2,2026-08-29,38,quantile,0.15,0.0
2026-08-15,wk inc covid hosp,2,2026-08-29,38,quantile,0.2,0.0
2026-08-15,wk inc covid hosp,2,2026-08-29,38,quantile,0.25,0.0
2026-08-15,wk inc covid hosp,2,2026-08-29,38,quantile,0.3,0.0
2026-08-15,wk inc covid hosp,2,2026-08-29,38,quantile,0.35,1.0
2026-08-15,wk inc covid hosp,2,2026-08-29,38,quantile,0.4,1.0
2026-08-15,wk inc covid hosp,2,2026-08-29,38,quantile,0.45,1.0
2026-08-15,wk inc covid hosp,2,2026-08-29,38,quantile,0.5,1.0
2026-08-15,wk inc covid hosp,2,2026-08-29,38,quantile,0.55,1.0
2026-08-15,wk inc covid hosp,2,2026-08-29,38,quantile,0.6,1.0
2026-08-15,wk inc covid hosp,2,2026-08-29,38,quantile,0.65,1.0
2026-08-15,wk inc covid hosp,2,2026-08-29,38,quantile,0.7,2.0
2026-08-15,wk inc covid hosp,2,2026-08-29,38,quantile,0.75,2.0
2026-08-15,wk inc covid hosp,2,2026-08-29,38,quantile,0.8,2.0
2026-08-15,wk inc covid hosp,2,2026-08-29,38,quantile,0.85,3.0
2026-08-15,wk inc covid hosp,2,2026-08-29,38,quantile,0.9,3.0
2026-08-15,wk inc covid hosp,2,2026-08-29,38,quantile,0.95,4.0499999999999545
2026-08-15,wk inc covid hosp,2,2026-08-29,38,quantile,0.975,6.0
2026-08-15,wk inc covid hosp,2,2026-08-29,38,quantile,0.99,7.009999999999991
2026-08-15,wk inc covid hosp,2,2026-08-29,39,quantile,0.01,0.0
2026-08-15,wk inc covid hosp,2,2026-08-29,39,quantile,0.025,0.0
2026-08-15,wk inc covid hosp,2,2026-08-29,39,quantile,0.05,0.0
2026-08-15,wk inc covid hosp,2,2026-08-29,39,quantile,0.1,0.0
2026-08-15,wk inc covid hosp,2,2026-08-29,39,quantile,0.15,2.0
2026-08-15,wk inc covid hosp,2,2026-08-29,39,quantile,0.2,7.0
2026-08-15,wk inc covid hosp,2,2026-08-29,39,quantile,0.25,9.0
2026-08-15,wk inc covid hosp,2,2026-08-29,39,quantile,0.3,11.0
2026-08-15,wk inc covid hosp,2,2026-08-29,39,quantile,0.35,14.0
2026-08-15,wk inc covid hosp,2,2026-08-29,39,quantile,0.4,16.0
2026-08-15,wk inc covid hosp,2,2026-08-29,39,quantile,0.45,18.0
2026-08-15,wk inc covid hosp,2,2026-08-29,39,quantile,0.5,18.0
2026-08-15,wk inc covid hosp,2,2026-08-29,39,quantile,0.55,20.0
2026-08-15,wk inc covid hosp,2,2026-08-29,39,quantile,0.6,22.0
2026-08-15,wk inc covid hosp,2,2026-08-29,39,quantile,0.65,23.350000000000023
2026-08-15,wk inc covid hosp,2,2026-08-29,39,quantile,0.7,25.0
2026-08-15,wk inc covid hosp,2,2026-08-29,39,quantile,0.75,28.0
2026-08-15,wk inc covid hosp,2,2026-08-29,39,quantile,0.8,33.0
2026-08-15,wk inc covid hosp,2,2026-08-29,39,quantile,0.85,37.0
2026-08-15,wk inc covid hosp,2,2026-08-29,39,quantile,0.9,42.0
2026-08-15,wk inc covid hosp,2,2026-08-29,39,quantile,0.95,54.149999999999864
2026-08-15,wk inc covid hosp,2,2026-08-29,39,quantile,0.975,71.04999999999995
2026-08-15,wk inc covid hosp,2,2026-08-29,39,quantile,0.99,97.09999999999991
2026-08-15,wk inc covid hosp,2,2026-08-29,40,quantile,0.01,0.0
2026-08-15,wk inc covid hosp,2,2026-08-29,40,quantile,0.025,0.0
2026-08-15,wk inc covid hosp,2,2026-08-29,40,quantile,0.05,0.0
2026-08-15,wk inc covid hosp,2,2026-08-29,40,quantile,0.1,4.0
2026-08-15,wk inc covid hosp,2,2026-08-29,40,quantile,0.15,6.0
2026-08-15,wk inc covid hosp,2,2026-08-29,40,quantile,0.2,7.0
2026-08-15,wk inc covid hosp,2,2026-08-29,40,quantile,0.25,8.0
2026-08-15,wk inc covid hosp,2,2026-08-29,40,quantile,0.3,9.0
2026-08-15,wk inc covid hosp,2,2026-08-29,40,quantile,0.35,10.0
2026-08-15,wk inc covid hosp,2,2026-08-29,40,quantile,0.4,11.0
2026-08-15,wk inc covid hosp,2,2026-08-29,40,quantile,0.45,11.0
2026-08-15,wk inc covid hosp,2,2026-08-29,40,quantile,0.5,11.0
2026-08-15,wk inc covid hosp,2,2026-08-29,40,quantile,0.55,12.0
2026-08-15,wk inc covid hosp,2,2026-08-29,40,quantile,0.6,12.0
2026-08-15,wk inc covid hosp,2,2026-08-29,40,quantile,0.65,13.0
2026-08-15,wk inc covid hosp,2,2026-08-29,40,quantile,0.7,14.0
2026-08-15,wk inc covid hosp,2,2026-08-29,40,quantile,0.75,15.0
2026-08-15,wk inc covid hosp,2,2026-08-29,40,quantile,0.8,16.0
2026-08-15,wk inc covid hosp,2,2026-08-29,40,quantile,0.85,18.0
2026-08-15,wk inc covid hosp,2,2026-08-29,40,quantile,0.9,20.100000000000023
2026-08-15,wk inc covid hosp,2,2026-08-29,40,quantile,0.95,24.0
2026-08-15,wk inc covid hosp,2,2026-08-29,40,quantile,0.975,29.0
2026-08-15,wk inc covid hosp,2,2026-08-29,40,quantile,0.99,43.00999999999999
2026-08-15,wk inc covid hosp,2,2026-08-29,41,quantile,0.01,0.0
2026-08-15,wk inc covid hosp,2,2026-08-29,41,quantile,0.025,0.0
2026-08-15,wk inc covid hosp,2,2026-08-29,41,quantile,0.05,0.0
2026-08-15,wk inc covid hosp,2,2026-08-29,41,quantile,0.1,0.0
2026-08-15,wk inc covid hosp,2,2026-08-29,41,quantile,0.15,1.0
2026-08-15,wk inc covid hosp,2,2026-08-29,41,quantile,0.2,2.0
2026-08-15,wk inc covid hosp,2,2026-08-29,41,quantile,0.25,3.0
2026-08-15,wk inc covid hosp,2,2026-08-29,41,quantile,0.3,4.0
2026-08-15,wk inc covid hosp,2,2026-08-29,41,quantile,0.35,5.0
2026-08-15,wk inc covid hosp,2,2026-08-29,41,quantile,0.4,5.0
2026-08-15,wk inc covid hosp,2,2026-08-29,41,quantile,0.45,6.0
2026-08-15,wk inc covid hosp,2,2026-08-29,41,quantile,0.5,6.0
2026-08-15,wk inc covid hosp,2,2026-08-29,41,quantile,0.55,7.0
2026-08-15,wk inc covid hosp,2,2026-08-29,41,quantile,0.6,7.0
2026-08-15,wk inc covid hosp,2,2026-08-29,41,quantile,0.65,8.0
2026-08-15,wk inc covid hosp,2,2026-08-29,41,quantile,0.7,8.0
2026-08-15,wk inc covid hosp,2,2026-08-29,41,quantile,0.75,9.0
2026-08-15,wk inc covid hosp,2,2026-08-29,41,quantile,0.8,11.0
2026-08-15,wk inc covid hosp,2,2026-08-29,41,quantile,0.85,12.0
2026-08-15,wk inc covid hosp,2,2026-08-29,41,quantile,0.9,14.0
2026-08-15,wk inc covid hosp,2,2026-08-29,41,quantile,0.95,17.0
2026-08-15,wk inc covid hosp,2,2026-08-29,41,quantile,0.975,20.524999999999977
2026-08-15,wk inc covid hosp,2,2026-08-29,41,quantile,0.99,24.059999999999945
2026-08-15,wk inc covid hosp,2,2026-08-29,42,quantile,0.01,0.0
2026-08-15,wk inc covid hosp,2,2026-08-29,42,quantile,0.025,0.0
2026-08-15,wk inc covid hosp,2,2026-08-29,42,quantile,0.05,1.0
2026-08-15,wk inc covid hosp,2,2026-08-29,42,quantile,0.1,11.900000000000006
2026-08-15,wk inc covid hosp,2,2026-08-29,42,quantile,0.15,19.0
2026-08-15,wk inc covid hosp,2,2026-08-29,42,quantile,0.2,23.0
2026-08-15,wk inc covid hosp,2,2026-08-29,42,quantile,0.25,26.0
2026-08-15,wk inc covid hosp,2,2026-08-29,42,quantile,0.3,30.0
2026-08-15,wk inc covid hosp,2,2026-08-29,42,quantile,0.35,33.0
2026-08-15,wk inc covid hosp,2,2026-08-29,42,quantile,0.4,35.0
2026-08-15,wk inc covid hosp,2,2026-08-29,42,quantile,0.45,37.0
2026-08-15,wk inc covid hosp,2,2026-08-29,42,quantile,0.5,39.0
2026-08-15,wk inc covid hosp,2,2026-08-29,42,quantile,0.55,40.0
2026-08-15,wk inc covid hosp,2,2026-08-29,42,quantile,0.6,41.0
2026-08-15,wk inc covid hosp,2,2026-08-29,42,quantile,0.65,43.0
2026-08-15,wk inc covid hosp,2,2026-08-29,42,quantile,0.7,46.0
2026-08-15,wk inc covid hosp,2,2026-08-29,42,quantile,0.75,49.25
2026-08-15,wk inc covid hosp,2,2026-08-29,42,quantile,0.8,53.0
2026-08-15,wk inc covid hosp,2,2026-08-29,42,quantile,0.85,59.0
2026-08-15,wk inc covid hosp,2,2026-08-29,42,quantile,0.9,64.0
2026-08-15,wk inc covid hosp,2,2026-08-29,42,quantile,0.95,78.0
2026-08-15,wk inc covid hosp,2,2026-08-29,42,quantile,0.975,97.7249999999998
2026-08-15,wk inc covid hosp,2,2026-08-29,42,quantile,0.99,113.06999999999994
2026-08-15,wk inc covid hosp,2,2026-08-29,44,quantile,0.01,0.0
2026-08-15,wk inc covid hosp,2,2026-08-29,44,quantile,0.025,0.0
2026-08-15,wk inc covid hosp,2,2026-08-29,44,quantile,0.05,0.0
2026-08-15,wk inc covid hosp,2,2026-08-29,44,quantile,0.1,1.0
2026-08-15,wk inc covid hosp,2,2026-08-29,44,quantile,0.15,2.0
2026-08-15,wk inc covid hosp,2,2026-08-29,44,quantile,0.2,2.8000000000000114
2026-08-15,wk inc covid hosp,2,2026-08-29,44,quantile,0.25,3.0
2026-08-15,wk inc covid hosp,2,2026-08-29,44,quantile,0.3,3.0
2026-08-15,wk inc covid hosp,2,2026-08-29,44,quantile,0.35,3.0
2026-08-15,wk inc covid hosp,2,2026-08-29,44,quantile,0.4,4.0
2026-08-15,wk inc covid hosp,2,2026-08-29,44,quantile,0.45,4.0
2026-08-15,wk inc covid hosp,2,2026-08-29,44,quantile,0.5,4.0
2026-08-15,wk inc covid hosp,2,2026-08-29,44,quantile,0.55,4.0
2026-08-15,wk inc covid hosp,2,2026-08-29,44,quantile,0.6,4.0
2026-08-15,wk inc covid hosp,2,2026-08-29,44,quantile,0.65,4.0
2026-08-15,wk inc covid hosp,2,2026-08-29,44,quantile,0.7,5.0
2026-08-15,wk inc covid hosp,2,2026-08-29,44,quantile,0.75,5.0
2026-08-15,wk inc covid hosp,2,2026-08-29,44,quantile,0.8,5.0
2026-08-15,wk inc covid hosp,2,2026-08-29,44,quantile,0.85,6.0
2026-08-15,wk inc covid hosp,2,2026-08-29,44,quantile,0.9,6.0
2026-08-15,wk inc covid hosp,2,2026-08-29,44,quantile,0.95,7.0
2026-08-15,wk inc covid hosp,2,2026-08-29,44,quantile,0.975,9.0
2026-08-15,wk inc covid hosp,2,2026-08-29,44,quantile,0.99,12.019999999999982
2026-08-15,wk inc covid hosp,2,2026-08-29,45,quantile,0.01,0.0
2026-08-15,wk inc covid hosp,2,2026-08-29,45,quantile,0.025,2.4750000000000014
2026-08-15,wk inc covid hosp,2,2026-08-29,45,quantile,0.05,7.950000000000003
2026-08-15,wk inc covid hosp,2,2026-08-29,45,quantile,0.1,10.0
2026-08-15,wk inc covid hosp,2,2026-08-29,45,quantile,0.15,13.0
2026-08-15,wk inc covid hosp,2,2026-08-29,45,quantile,0.2,14.0
2026-08-15,wk inc covid hosp,2,2026-08-29,45,quantile,0.25,16.0
2026-08-15,wk inc covid hosp,2,2026-08-29,45,quantile,0.3,17.0
2026-08-15,wk inc covid hosp,2,2026-08-29,45,quantile,0.35,18.0
2026-08-15,wk inc covid hosp,2,2026-08-29,45,quantile,0.4,19.0
2026-08-15,wk inc covid hosp,2,2026-08-29,45,quantile,0.45,20.0
2026-08-15,wk inc covid hosp,2,2026-08-29,45,quantile,0.5,21.0
2026-08-15,wk inc covid hosp,2,2026-08-29,45,quantile,0.55,21.0
2026-08-15,wk inc covid hosp,2,2026-08-29,45,quantile,0.6,22.0
2026-08-15,wk inc covid hosp,2,2026-08-29,45,quantile,0.65,23.0
2026-08-15,wk inc covid hosp,2,2026-08-29,45,quantile,0.7,25.0
2026-08-15,wk inc covid hosp,2,2026-08-29,45,quantile,0.75,26.0
2026-08-15,wk inc covid hosp,2,2026-08-29,45,quantile,0.8,27.0
2026-08-15,wk inc covid hosp,2,2026-08-29,45,quantile,0.85,29.0
2026-08-15,wk inc covid hosp,2,2026-08-29,45,quantile,0.9,34.0
2026-08-15,wk inc covid hosp,2,2026-08-29,45,quantile,0.95,41.0
2026-08-15,wk inc covid hosp,2,2026-08-29,45,quantile,0.975,49.0
2026-08-15,wk inc covid hosp,2,2026-08-29,45,quantile,0.99,58.039999999999964
2026-08-15,wk inc covid hosp,2,2026-08-29,46,quantile,0.01,0.0
2026-08-15,wk inc covid hosp,2,2026-08-29,46,quantile,0.025,0.0
2026-08-15,wk inc covid hosp,2,2026-08-29,46,quantile,0.05,0.0
2026-08-15,wk inc covid hosp,2,2026-08-29,46,quantile,0.1,0.0
2026-08-15,wk inc covid hosp,2,2026-08-29,46,quantile,0.15,0.0
2026-08-15,wk inc covid hosp,2,2026-08-29,46,quantile,0.2,0.0
2026-08-15,wk inc covid hosp,2,2026-08-29,46,quantile,0.25,0.0
2026-08-15,wk inc covid hosp,2,2026-08-29,46,quantile,0.3,0.0
2026-08-15,wk inc covid hosp,2,2026-08-29,46,quantile,0.35,0.0
2026-08-15,wk inc covid hosp,2,2026-08-29,46,quantile,0.4,1.0
2026-08-15,wk inc covid hosp,2,2026-08-29,46,quantile,0.45,1.0
2026-08-15,wk inc covid hosp,2,2026-08-29,46,quantile,0.5,1.0
2026-08-15,wk inc covid hosp,2,2026-08-29,46,quantile,0.55,1.0
2026-08-15,wk inc covid hosp,2,2026-08-29,46,quantile,0.6,1.0
2026-08-15,wk inc covid hosp,2,2026-08-29,46,quantile,0.65,2.0
2026-08-15,wk inc covid hosp,2,2026-08-29,46,quantile,0.7,2.0
2026-08-15,wk inc covid hosp,2,2026-08-29,46,quantile,0.75,2.0
2026-08-15,wk inc covid hosp,2,2026-08-29,46,quantile,0.8,2.0
2026-08-15,wk inc covid hosp,2,2026-08-29,46,quantile,0.85,3.0
2026-08-15,wk inc covid hosp,2,2026-08-29,46,quantile,0.9,3.0
2026-08-15,wk inc covid hosp,2,2026-08-29,46,quantile,0.95,5.0
2026-08-15,wk inc covid hosp,2,2026-08-29,46,quantile,0.975,7.0
2026-08-15,wk inc covid hosp,2,2026-08-29,46,quantile,0.99,10.0
2026-08-15,wk inc covid hosp,2,2026-08-29,47,quantile,0.01,3.0
2026-08-15,wk inc covid hosp,2,2026-08-29,47,quantile,0.025,9.0
2026-08-15,wk inc covid hosp,2,2026-08-29,47,quantile,0.05,12.0
2026-08-15,wk inc covid hosp,2,2026-08-29,47,quantile,0.1,22.0
2026-08-15,wk inc covid hosp,2,2026-08-29,47,quantile,0.15,26.0
2026-08-15,wk inc covid hosp,2,2026-08-29,47,quantile,0.2,28.0
2026-08-15,wk inc covid hosp,2,2026-08-29,47,quantile,0.25,30.0
2026-08-15,wk inc covid hosp,2,2026-08-29,47,quantile,0.3,31.0
2026-08-15,wk inc covid hosp,2,2026-08-29,47,quantile,0.35,33.0
2026-08-15,wk inc covid hosp,2,2026-08-29,47,quantile,0.4,35.0
2026-08-15,wk inc covid hosp,2,2026-08-29,47,quantile,0.45,36.0
2026-08-15,wk inc covid hosp,2,2026-08-29,47,quantile,0.5,37.0
2026-08-15,wk inc covid hosp,2,2026-08-29,47,quantile,0.55,38.0
2026-08-15,wk inc covid hosp,2,2026-08-29,47,quantile,0.6,39.39999999999998
2026-08-15,wk inc covid hosp,2,2026-08-29,47,quantile,0.65,41.0
2026-08-15,wk inc covid hosp,2,2026-08-29,47,quantile,0.7,43.0
2026-08-15,wk inc covid hosp,2,2026-08-29,47,quantile,0.75,45.0
2026-08-15,wk inc covid hosp,2,2026-08-29,47,quantile,0.8,48.0
2026-08-15,wk inc covid hosp,2,2026-08-29,47,quantile,0.85,51.0
2026-08-15,wk inc covid hosp,2,2026-08-29,47,quantile,0.9,57.0
2026-08-15,wk inc covid hosp,2,2026-08-29,47,quantile,0.95,68.09999999999991
2026-08-15,wk inc covid hosp,2,2026-08-29,47,quantile,0.975,78.0
2026-08-15,wk inc covid hosp,2,2026-08-29,47,quantile,0.99,89.12999999999988
2026-08-15,wk inc covid hosp,2,2026-08-29,48,quantile,0.01,68.89
2026-08-15,wk inc covid hosp,2,2026-08-29,48,quantile,0.025,114.475
2026-08-15,wk inc covid hosp,2,2026-08-29,48,quantile,0.05,151.95
2026-08-15,wk inc covid hosp,2,2026-08-29,48,quantile,0.1,182.9
2026-08-15,wk inc covid hosp,2,2026-08-29,48,quantile,0.15,204.0
2026-08-15,wk inc covid hosp,2,2026-08-29,48,quantile,0.2,216.8
2026-08-15,wk inc covid hosp,2,2026-08-29,48,quantile,0.25,228.75
2026-08-15,wk inc covid hosp,2,2026-08-29,48,quantile,0.3,241.7
2026-08-15,wk inc covid hosp,2,2026-08-29,48,quantile,0.35,249.0
2026-08-15,wk inc covid hosp,2,2026-08-29,48,quantile,0.4,258.6
2026-08-15,wk inc covid hosp,2,2026-08-29,48,quantile,0.45,265.55
2026-08-15,wk inc covid hosp,2,2026-08-29,48,quantile,0.5,270.5
2026-08-15,wk inc covid hosp,2,2026-08-29,48,quantile,0.55,276.0
2026-08-15,wk inc covid hosp,2,2026-08-29,48,quantile,0.6,279.0
2026-08-15,wk inc covid hosp,2,2026-08-29,48,quantile,0.65,284.35
2026-08-15,wk inc covid hosp,2,2026-08-29,48,quantile,0.7,294.29999999999995
2026-08-15,wk inc covid hosp,2,2026-08-29,48,quantile,0.75,308.0
2026-08-15,wk inc covid hosp,2,2026-08-29,48,quantile,0.8,317.20000000000005
2026-08-15,wk inc covid hosp,2,2026-08-29,48,quantile,0.85,336.44999999999993
2026-08-15,wk inc covid hosp,2,2026-08-29,48,quantile,0.9,366.20000000000005
2026-08-15,wk inc covid hosp,2,2026-08-29,48,quantile,0.95,415.2499999999998
2026-08-15,wk inc covid hosp,2,2026-08-29,48,quantile,0.975,518.7249999999998
2026-08-15,wk inc covid hosp,2,2026-08-29,48,quantile,0.99,636.0999999999999
2026-08-15,wk inc covid hosp,2,2026-08-29,49,quantile,0.01,0.0
2026-08-15,wk inc covid hosp,2,2026-08-29,49,quantile,0.025,0.0
2026-08-15,wk inc covid hosp,2,2026-08-29,49,quantile,0.05,0.0
2026-08-15,wk inc covid hosp,2,2026-08-29,49,quantile,0.1,0.0
2026-08-15,wk inc covid hosp,2,2026-08-29,49,quantile,0.15,0.0
2026-08-15,wk inc covid hosp,2,2026-08-29,49,quantile,0.2,1.0
2026-08-15,wk inc covid hosp,2,2026-08-29,49,quantile,0.25,2.0
2026-08-15,wk inc covid hosp,2,2026-08-29,49,quantile,0.3,2.0
2026-08-15,wk inc covid hosp,2,2026-08-29,49,quantile,0.35,3.0
2026-08-15,wk inc covid hosp,2,2026-08-29,49,quantile,0.4,3.6000000000000227
2026-08-15,wk inc covid hosp,2,2026-08-29,49,quantile,0.45,4.0
2026-08-15,wk inc covid hosp,2,2026-08-29,49,quantile,0.5,4.0
2026-08-15,wk inc covid hosp,2,2026-08-29,49,quantile,0.55,5.0
2026-08-15,wk inc covid hosp,2,2026-08-29,49,quantile,0.6,5.0
2026-08-15,wk inc covid hosp,2,2026-08-29,49,quantile,0.65,5.0
2026-08-15,wk inc covid hosp,2,2026-08-29,49,quantile,0.7,6.0
2026-08-15,wk inc covid hosp,2,2026-08-29,49,quantile,0.75,6.0
2026-08-15,wk inc covid hosp,2,2026-08-29,49,quantile,0.8,7.0
2026-08-15,wk inc covid hosp,2,2026-08-29,49,quantile,0.85,8.0
2026-08-15,wk inc covid hosp,2,2026-08-29,49,quantile,0.9,10.0
2026-08-15,wk inc covid hosp,2,2026-08-29,49,quantile,0.95,14.0
2026-08-15,wk inc covid hosp,2,2026-08-29,49,quantile,0.975,17.0
2026-08-15,wk inc covid hosp,2,2026-08-29,49,quantile,0.99,27.00999999999999
2026-08-15,wk inc covid hosp,2,2026-08-29,50,quantile,0.01,0.0
2026-08-15,wk inc covid hosp,2,2026-08-29,50,quantile,0.025,0.0
2026-08-15,wk inc covid hosp,2,2026-08-29,50,quantile,0.05,0.0
2026-08-15,wk inc covid hosp,2,2026-08-29,50,quantile,0.1,1.0
2026-08-15,wk inc covid hosp,2,2026-08-29,50,quantile,0.15,1.0
2026-08-15,wk inc covid hosp,2,2026-08-29,50,quantile,0.2,1.0
2026-08-15,wk inc covid hosp,2,2026-08-29,50,quantile,0.25,1.0
2026-08-15,wk inc covid hosp,2,2026-08-29,50,quantile,0.3,2.0
2026-08-15,wk inc covid hosp,2,2026-08-29,50,quantile,0.35,2.0
2026-08-15,wk inc covid hosp,2,2026-08-29,50,quantile,0.4,2.0
2026-08-15,wk inc covid hosp,2,2026-08-29,50,quantile,0.45,2.0
2026-08-15,wk inc covid hosp,2,2026-08-29,50,quantile,0.5,2.0
2026-08-15,wk inc covid hosp,2,2026-08-29,50,quantile,0.55,2.0
2026-08-15,wk inc covid hosp,2,2026-08-29,50,quantile,0.6,3.0
2026-08-15,wk inc covid hosp,2,2026-08-29,50,quantile,0.65,3.0
2026-08-15,wk inc covid hosp,2,2026-08-29,50,quantile,0.7,3.0
2026-08-15,wk inc covid hosp,2,2026-08-29,50,quantile,0.75,3.0
2026-08-15,wk inc covid hosp,2,2026-08-29,50,quantile,0.8,3.0
2026-08-15,wk inc covid hosp,2,2026-08-29,50,quantile,0.85,4.0
2026-08-15,wk inc covid hosp,2,2026-08-29,50,quantile,0.9,4.0
2026-08-15,wk inc covid hosp,2,2026-08-29,50,quantile,0.95,5.0
2026-08-15,wk inc covid hosp,2,2026-08-29,50,quantile,0.975,6.0
2026-08-15,wk inc covid hosp,2,2026-08-29,50,quantile,0.99,7.0
2026-08-15,wk inc covid hosp,2,2026-08-29,51,quantile,0.01,0.0
2026-08-15,wk inc covid hosp,2,2026-08-29,51,quantile,0.025,0.0
2026-08-15,wk inc covid hosp,2,2026-08-29,51,quantile,0.05,0.0
2026-08-15,wk inc covid hosp,2,2026-08-29,51,quantile,0.1,0.0
2026-08-15,wk inc covid hosp,2,2026-08-29,51,quantile,0.15,2.0
2026-08-15,wk inc covid hosp,2,2026-08-29,51,quantile,0.2,5.0
2026-08-15,wk inc covid hosp,2,2026-08-29,51,quantile,0.25,6.0
2026-08-15,wk inc covid hosp,2,2026-08-29,51,quantile,0.3,7.0
2026-08-15,wk inc covid hosp,2,2026-08-29,51,quantile,0.35,9.0
2026-08-15,wk inc covid hosp,2,2026-08-29,51,quantile,0.4,10.0
2026-08-15,wk inc covid hosp,2,2026-08-29,51,quantile,0.45,12.0
2026-08-15,wk inc covid hosp,2,2026-08-29,51,quantile,0.5,13.0
2026-08-15,wk inc covid hosp,2,2026-08-29,51,quantile,0.55,14.0
2026-08-15,wk inc covid hosp,2,2026-08-29,51,quantile,0.6,15.0
2026-08-15,wk inc covid hosp,2,2026-08-29,51,quantile,0.65,16.0
2026-08-15,wk inc covid hosp,2,2026-08-29,51,quantile,0.7,17.0
2026-08-15,wk inc covid hosp,2,2026-08-29,51,quantile,0.75,18.0
2026-08-15,wk inc covid hosp,2,2026-08-29,51,quantile,0.8,21.0
2026-08-15,wk inc covid hosp,2,2026-08-29,51,quantile,0.85,24.0
2026-08-15,wk inc covid hosp,2,2026-08-29,51,quantile,0.9,27.0
2026-08-15,wk inc covid hosp,2,2026-08-29,51,quantile,0.95,33.0
2026-08-15,wk inc covid hosp,2,2026-08-29,51,quantile,0.975,42.52499999999998
2026-08-15,wk inc covid hosp,2,2026-08-29,51,quantile,0.99,62.0
2026-08-15,wk inc covid hosp,2,2026-08-29,53,quantile,0.01,0.0
2026-08-15,wk inc covid hosp,2,2026-08-29,53,quantile,0.025,0.0
2026-08-15,wk inc covid hosp,2,2026-08-29,53,quantile,0.05,2.0
2026-08-15,wk inc covid hosp,2,2026-08-29,53,quantile,0.1,7.0
2026-08-15,wk inc covid hosp,2,2026-08-29,53,quantile,0.15,12.0
2026-08-15,wk inc covid hosp,2,2026-08-29,53,quantile,0.2,14.0
2026-08-15,wk inc covid hosp,2,2026-08-29,53,quantile,0.25,16.0
2026-08-15,wk inc covid hosp,2,2026-08-29,53,quantile,0.3,18.0
2026-08-15,wk inc covid hosp,2,2026-08-29,53,quantile,0.35,19.0
2026-08-15,wk inc covid hosp,2,2026-08-29,53,quantile,0.4,20.600000000000023
2026-08-15,wk inc covid hosp,2,2026-08-29,53,quantile,0.45,22.0
2026-08-15,wk inc covid hosp,2,2026-08-29,53,quantile,0.5,23.0
2026-08-15,wk inc covid hosp,2,2026-08-29,53,quantile,0.55,24.0
2026-08-15,wk inc covid hosp,2,2026-08-29,53,quantile,0.6,25.0
2026-08-15,wk inc covid hosp,2,2026-08-29,53,quantile,0.65,26.0
2026-08-15,wk inc covid hosp,2,2026-08-29,53,quantile,0.7,27.0
2026-08-15,wk inc covid hosp,2,2026-08-29,53,quantile,0.75,29.0
2026-08-15,wk inc covid hosp,2,2026-08-29,53,quantile,0.8,32.0
2026-08-15,wk inc covid hosp,2,2026-08-29,53,quantile,0.85,35.0
2026-08-15,wk inc covid hosp,2,2026-08-29,53,quantile,0.9,40.0
2026-08-15,wk inc covid hosp,2,2026-08-29,53,quantile,0.95,49.0
2026-08-15,wk inc covid hosp,2,2026-08-29,53,quantile,0.975,65.04999999999995
2026-08-15,wk inc covid hosp,2,2026-08-29,53,quantile,0.99,73.00999999999999
2026-08-15,wk inc covid hosp,2,2026-08-29,54,quantile,0.01,0.0
2026-08-15,wk inc covid hosp,2,2026-08-29,54,quantile,0.025,0.0
2026-08-15,wk inc covid hosp,2,2026-08-29,54,quantile,0.05,0.0
2026-08-15,wk inc covid hosp,2,2026-08-29,54,quantile,0.1,0.0
2026-08-15,wk inc covid hosp,2,2026-08-29,54,quantile,0.15,0.0
2026-08-15,wk inc covid hosp,2,2026-08-29,54,quantile,0.2,0.0
2026-08-15,wk inc covid hosp,2,2026-08-29,54,quantile,0.25,1.0
2026-08-15,wk inc covid hosp,2,2026-08-29,54,quantile,0.3,1.0
2026-08-15,wk inc covid hosp,2,2026-08-29,54,quantile,0.35,1.0
2026-08-15,wk inc covid hosp,2,2026-08-29,54,quantile,0.4,2.0
2026-08-15,wk inc covid hosp,2,2026-08-29,54,quantile,0.45,2.0
2026-08-15,wk inc covid hosp,2,2026-08-29,54,quantile,0.5,2.0
2026-08-15,wk inc covid hosp,2,2026-08-29,54,quantile,0.55,2.0
2026-08-15,wk inc covid hosp,2,2026-08-29,54,quantile,0.6,3.0
2026-08-15,wk inc covid hosp,2,2026-08-29,54,quantile,0.65,3.0
2026-08-15,wk inc covid hosp,2,2026-08-29,54,quantile,0.7,3.0
2026-08-15,wk inc covid hosp,2,2026-08-29,54,quantile,0.75,3.25
2026-08-15,wk inc covid hosp,2,2026-08-29,54,quantile,0.8,4.0
2026-08-15,wk inc covid hosp,2,2026-08-29,54,quantile,0.85,5.0
2026-08-15,wk inc covid hosp,2,2026-08-29,54,quantile,0.9,5.0
2026-08-15,wk inc covid hosp,2,2026-08-29,54,quantile,0.95,7.0
2026-08-15,wk inc covid hosp,2,2026-08-29,54,quantile,0.975,9.0
2026-08-15,wk inc covid hosp,2,2026-08-29,54,quantile,0.99,13.009999999999991
2026-08-15,wk inc covid hosp,2,2026-08-29,55,quantile,0.01,0.0
2026-08-15,wk inc covid hosp,2,2026-08-29,55,quantile,0.025,0.0
2026-08-15,wk inc covid hosp,2,2026-08-29,55,quantile,0.05,0.0
2026-08-15,wk inc covid hosp,2,2026-08-29,55,quantile,0.1,0.0
2026-08-15,wk inc covid hosp,2,2026-08-29,55,quantile,0.15,1.0
2026-08-15,wk inc covid hosp,2,2026-08-29,55,quantile,0.2,3.0
2026-08-15,wk inc covid hosp,2,2026-08-29,55,quantile,0.25,4.0
2026-08-15,wk inc covid hosp,2,2026-08-29,55,quantile,0.3,5.0
2026-08-15,wk inc covid hosp,2,2026-08-29,55,quantile,0.35,6.0
2026-08-15,wk inc covid hosp,2,2026-08-29,55,quantile,0.4,7.0
2026-08-15,wk inc covid hosp,2,2026-08-29,55,quantile,0.45,8.0
2026-08-15,wk inc covid hosp,2,2026-08-29,55,quantile,0.5,9.0
2026-08-15,wk inc covid hosp,2,2026-08-29,55,quantile,0.55,9.0
2026-08-15,wk inc covid hosp,2,2026-08-29,55,quantile,0.6,10.0
2026-08-15,wk inc covid hosp,2,2026-08-29,55,quantile,0.65,11.0
2026-08-15,wk inc covid hosp,2,2026-08-29,55,quantile,0.7,12.0
2026-08-15,wk inc covid hosp,2,2026-08-29,55,quantile,0.75,13.0
2026-08-15,wk inc covid hosp,2,2026-08-29,55,quantile,0.8,15.0
2026-08-15,wk inc covid hosp,2,2026-08-29,55,quantile,0.85,16.0
2026-08-15,wk inc covid hosp,2,2026-08-29,55,quantile,0.9,19.0
2026-08-15,wk inc covid hosp,2,2026-08-29,55,quantile,0.95,22.049999999999955
2026-08-15,wk inc covid hosp,2,2026-08-29,55,quantile,0.975,29.524999999999977
2026-08-15,wk inc covid hosp,2,2026-08-29,55,quantile,0.99,47.01999999999998
2026-08-15,wk inc covid hosp,2,2026-08-29,56,quantile,0.01,0.0
2026-08-15,wk inc covid hosp,2,2026-08-29,56,quantile,0.025,0.0
2026-08-15,wk inc covid hosp,2,2026-08-29,56,quantile,0.05,0.0
2026-08-15,wk inc covid hosp,2,2026-08-29,56,quantile,0.1,0.0
2026-08-15,wk inc covid hosp,2,2026-08-29,56,quantile,0.15,0.0
2026-08-15,wk inc covid hosp,2,2026-08-29,56,quantile,0.2,0.0
2026-08-15,wk inc covid hosp,2,2026-08-29,56,quantile,0.25,0.0
2026-08-15,wk inc covid hosp,2,2026-08-29,56,quantile,0.3,0.0
2026-08-15,wk inc covid hosp,2,2026-08-29,56,quantile,0.35,1.0
2026-08-15,wk inc covid hosp,2,2026-08-29,56,quantile,0.4,1.0
2026-08-15,wk inc covid hosp,2,2026-08-29,56,quantile,0.45,1.0
2026-08-15,wk inc covid hosp,2,2026-08-29,56,quantile,0.5,1.0
2026-08-15,wk inc covid hosp,2,2026-08-29,56,quantile,0.55,1.0
2026-08-15,wk inc covid hosp,2,2026-08-29,56,quantile,0.6,1.0
2026-08-15,wk inc covid hosp,2,2026-08-29,56,quantile,0.65,1.0
2026-08-15,wk inc covid hosp,2,2026-08-29,56,quantile,0.7,1.0
2026-08-15,wk inc covid hosp,2,2026-08-29,56,quantile,0.75,2.0
2026-08-15,wk inc covid hosp,2,2026-08-29,56,quantile,0.8,2.0
2026-08-15,wk inc covid hosp,2,2026-08-29,56,quantile,0.85,2.0
2026-08-15,wk inc covid hosp,2,2026-08-29,56,quantile,0.9,3.0
2026-08-15,wk inc covid hosp,2,2026-08-29,56,quantile,0.95,3.0
2026-08-15,wk inc covid hosp,2,2026-08-29,56,quantile,0.975,5.524999999999977
2026-08-15,wk inc covid hosp,2,2026-08-29,56,quantile,0.99,10.009999999999991
2026-08-15,wk inc covid hosp,2,2026-08-29,72,quantile,0.01,0.0
2026-08-15,wk inc covid hosp,2,2026-08-29,72,quantile,0.025,0.9500000000000028
2026-08-15,wk inc covid hosp,2,2026-08-29,72,quantile,0.05,9.0
2026-08-15,wk inc covid hosp,2,2026-08-29,72,quantile,0.1,18.0
2026-08-15,wk inc covid hosp,2,2026-08-29,72,quantile,0.15,23.0
2026-08-15,wk inc covid hosp,2,2026-08-29,72,quantile,0.2,28.0
2026-08-15,wk inc covid hosp,2,2026-08-29,72,quantile,0.25,31.0
2026-08-15,wk inc covid hosp,2,2026-08-29,72,quantile,0.3,33.0
2026-08-15,wk inc covid hosp,2,2026-08-29,72,quantile,0.35,35.0
2026-08-15,wk inc covid hosp,2,2026-08-29,72,quantile,0.4,37.60000000000002
2026-08-15,wk inc covid hosp,2,2026-08-29,72,quantile,0.45,39.0
2026-08-15,wk inc covid hosp,2,2026-08-29,72,quantile,0.5,41.0
2026-08-15,wk inc covid hosp,2,2026-08-29,72,quantile,0.55,42.0
2026-08-15,wk inc covid hosp,2,2026-08-29,72,quantile,0.6,43.0
2026-08-15,wk inc covid hosp,2,2026-08-29,72,quantile,0.65,45.0
2026-08-15,wk inc covid hosp,2,2026-08-29,72,quantile,0.7,48.0
2026-08-15,wk inc covid hosp,2,2026-08-29,72,quantile,0.75,50.25
2026-08-15,wk inc covid hosp,2,2026-08-29,72,quantile,0.8,55.0
2026-08-15,wk inc covid hosp,2,2026-08-29,72,quantile,0.85,61.0
2026-08-15,wk inc covid hosp,2,2026-08-29,72,quantile,0.9,70.0
2026-08-15,wk inc covid hosp,2,2026-08-29,72,quantile,0.95,85.04999999999995
2026-08-15,wk inc covid hosp,2,2026-08-29,72,quantile,0.975,114.67499999999984
2026-08-15,wk inc covid hosp,2,2026-08-29,72,quantile,0.99,146.01999999999998
2026-08-15,wk inc covid hosp,3,2026-09-05,01,quantile,0.01,15.0
2026-08-15,wk inc covid hosp,3,2026-09-05,01,quantile,0.025,23.475
2026-08-15,wk inc covid hosp,3,2026-09-05,01,quantile,0.05,28.0
2026-08-15,wk inc covid hosp,3,2026-09-05,01,quantile,0.1,34.900000000000006
2026-08-15,wk inc covid hosp,3,2026-09-05,01,quantile,0.15,41.0
2026-08-15,wk inc covid hosp,3,2026-09-05,01,quantile,0.2,43.0
2026-08-15,wk inc covid hosp,3,2026-09-05,01,quantile,0.25,46.0
2026-08-15,wk inc covid hosp,3,2026-09-05,01,quantile,0.3,48.0
2026-08-15,wk inc covid hosp,3,2026-09-05,01,quantile,0.35,50.0
2026-08-15,wk inc covid hosp,3,2026-09-05,01,quantile,0.4,52.0
2026-08-15,wk inc covid hosp,3,2026-09-05,01,quantile,0.45,54.0
2026-08-15,wk inc covid hosp,3,2026-09-05,01,quantile,0.5,56.0
2026-08-15,wk inc covid hosp,3,2026-09-05,01,quantile,0.55,57.450000000000045
2026-08-15,wk inc covid hosp,3,2026-09-05,01,quantile,0.6,58.39999999999998
2026-08-15,wk inc covid hosp,3,2026-09-05,01,quantile,0.65,60.0
2026-08-15,wk inc covid hosp,3,2026-09-05,01,quantile,0.7,61.0
2026-08-15,wk inc covid hosp,3,2026-09-05,01,quantile,0.75,63.0
2026-08-15,wk inc covid hosp,3,2026-09-05,01,quantile,0.8,66.0
2026-08-15,wk inc covid hosp,3,2026-09-05,01,quantile,0.85,69.0
2026-08-15,wk inc covid hosp,3,2026-09-05,01,quantile,0.9,73.0
2026-08-15,wk inc covid hosp,3,2026-09-05,01,quantile,0.95,83.0
2026-08-15,wk inc covid hosp,3,2026-09-05,01,quantile,0.975,88.52499999999998
2026-08-15,wk inc covid hosp,3,2026-09-05,01,quantile,0.99,134.02999999999997
2026-08-15,wk inc covid hosp,3,2026-09-05,02,quantile,0.01,0.0
2026-08-15,wk inc covid hosp,3,2026-09-05,02,quantile,0.025,0.0
2026-08-15,wk inc covid hosp,3,2026-09-05,02,quantile,0.05,0.0
2026-08-15,wk inc covid hosp,3,2026-09-05,02,quantile,0.1,0.0
2026-08-15,wk inc covid hosp,3,2026-09-05,02,quantile,0.15,0.0
2026-08-15,wk inc covid hosp,3,2026-09-05,02,quantile,0.2,0.0
2026-08-15,wk inc covid hosp,3,2026-09-05,02,quantile,0.25,0.0
2026-08-15,wk inc covid hosp,3,2026-09-05,02,quantile,0.3,0.0
2026-08-15,wk inc covid hosp,3,2026-09-05,02,quantile,0.35,1.0
2026-08-15,wk inc covid hosp,3,2026-09-05,02,quantile,0.4,1.0
2026-08-15,wk inc covid hosp,3,2026-09-05,02,quantile,0.45,1.0
2026-08-15,wk inc covid hosp,3,2026-09-05,02,quantile,0.5,1.0
2026-08-15,wk inc covid hosp,3,2026-09-05,02,quantile,0.55,1.0
2026-08-15,wk inc covid hosp,3,2026-09-05,02,quantile,0.6,1.0
2026-08-15,wk inc covid hosp,3,2026-09-05,02,quantile,0.65,1.0
2026-08-15,wk inc covid hosp,3,2026-09-05,02,quantile,0.7,2.0
2026-08-15,wk inc covid hosp,3,2026-09-05,02,quantile,0.75,2.0
2026-08-15,wk inc covid hosp,3,2026-09-05,02,quantile,0.8,2.0
2026-08-15,wk inc covid hosp,3,2026-09-05,02,quantile,0.85,2.0
2026-08-15,wk inc covid hosp,3,2026-09-05,02,quantile,0.9,3.0
2026-08-15,wk inc covid hosp,3,2026-09-05,02,quantile,0.95,4.0
2026-08-15,wk inc covid hosp,3,2026-09-05,02,quantile,0.975,5.0
2026-08-15,wk inc covid hosp,3,2026-09-05,02,quantile,0.99,7.0
2026-08-15,wk inc covid hosp,3,2026-09-05,04,quantile,0.01,0.0
2026-08-15,wk inc covid hosp,3,2026-09-05,04,quantile,0.025,10.475000000000001
2026-08-15,wk inc covid hosp,3,2026-09-05,04,quantile,0.05,15.0
2026-08-15,wk inc covid hosp,3,2026-09-05,04,quantile,0.1,24.0
2026-08-15,wk inc covid hosp,3,2026-09-05,04,quantile,0.15,29.0
2026-08-15,wk inc covid hosp,3,2026-09-05,04,quantile,0.2,33.0
2026-08-15,wk inc covid hosp,3,2026-09-05,04,quantile,0.25,35.0
2026-08-15,wk inc covid hosp,3,2026-09-05,04,quantile,0.3,37.0
2026-08-15,wk inc covid hosp,3,2026-09-05,04,quantile,0.35,40.0
2026-08-15,wk inc covid hosp,3,2026-09-05,04,quantile,0.4,42.0
2026-08-15,wk inc covid hosp,3,2026-09-05,04,quantile,0.45,43.0
2026-08-15,wk inc covid hosp,3,2026-09-05,04,quantile,0.5,44.0
2026-08-15,wk inc covid hosp,3,2026-09-05,04,quantile,0.55,45.0
2026-08-15,wk inc covid hosp,3,2026-09-05,04,quantile,0.6,46.0
2026-08-15,wk inc covid hosp,3,2026-09-05,04,quantile,0.65,48.0
2026-08-15,wk inc covid hosp,3,2026-09-05,04,quantile,0.7,50.0
2026-08-15,wk inc covid hosp,3,2026-09-05,04,quantile,0.75,52.0
2026-08-15,wk inc covid hosp,3,2026-09-05,04,quantile,0.8,55.0
2026-08-15,wk inc covid hosp,3,2026-09-05,04,quantile,0.85,59.0
2026-08-15,wk inc covid hosp,3,2026-09-05,04,quantile,0.9,64.20000000000005
2026-08-15,wk inc covid hosp,3,2026-09-05,04,quantile,0.95,75.0
2026-08-15,wk inc covid hosp,3,2026-09-05,04,quantile,0.975,85.04999999999995
2026-08-15,wk inc covid hosp,3,2026-09-05,04,quantile,0.99,115.09999999999991
2026-08-15,wk inc covid hosp,3,2026-09-05,05,quantile,0.01,0.0
2026-08-15,wk inc covid hosp,3,2026-09-05,05,quantile,0.025,0.0
2026-08-15,wk inc covid hosp,3,2026-09-05,05,quantile,0.05,0.0
2026-08-15,wk inc covid hosp,3,2026-09-05,05,quantile,0.1,0.0
2026-08-15,wk inc covid hosp,3,2026-09-05,05,quantile,0.15,0.0
2026-08-15,wk inc covid hosp,3,2026-09-05,05,quantile,0.2,2.0
2026-08-15,wk inc covid hosp,3,2026-09-05,05,quantile,0.25,3.0
2026-08-15,wk inc covid hosp,3,2026-09-05,05,quantile,0.3,3.0
2026-08-15,wk inc covid hosp,3,2026-09-05,05,quantile,0.35,4.0
2026-08-15,wk inc covid hosp,3,2026-09-05,05,quantile,0.4,4.0
2026-08-15,wk inc covid hosp,3,2026-09-05,05,quantile,0.45,5.0
2026-08-15,wk inc covid hosp,3,2026-09-05,05,quantile,0.5,6.0
2026-08-15,wk inc covid hosp,3,2026-09-05,05,quantile,0.55,6.0
2026-08-15,wk inc covid hosp,3,2026-09-05,05,quantile,0.6,7.0
2026-08-15,wk inc covid hosp,3,2026-09-05,05,quantile,0.65,7.0
2026-08-15,wk inc covid hosp,3,2026-09-05,05,quantile,0.7,8.0
2026-08-15,wk inc covid hosp,3,2026-09-05,05,quantile,0.75,9.0
2026-08-15,wk inc covid hosp,3,2026-09-05,05,quantile,0.8,10.0
2026-08-15,wk inc covid hosp,3,2026-09-05,05,quantile,0.85,11.0
2026-08-15,wk inc covid hosp,3,2026-09-05,05,quantile,0.9,13.100000000000023
2026-08-15,wk inc covid hosp,3,2026-09-05,05,quantile,0.95,16.0
2026-08-15,wk inc covid hosp,3,2026-09-05,05,quantile,0.975,22.524999999999977
2026-08-15,wk inc covid hosp,3,2026-09-05,05,quantile,0.99,27.029999999999973
2026-08-15,wk inc covid hosp,3,2026-09-05,06,quantile,0.01,103.95
2026-08-15,wk inc covid hosp,3,2026-09-05,06,quantile,0.025,136.0
2026-08-15,wk inc covid hosp,3,2026-09-05,06,quantile,0.05,182.75
2026-08-15,wk inc covid hosp,3,2026-09-05,06,quantile,0.1,222.9
2026-08-15,wk inc covid hosp,3,2026-09-05,06,quantile,0.15,248.85
2026-08-15,wk inc covid hosp,3,2026-09-05,06,quantile,0.2,270.8
2026-08-15,wk inc covid hosp,3,2026-09-05,06,quantile,0.25,287.75
2026-08-15,wk inc covid hosp,3,2026-09-05,06,quantile,0.3,300.0
2026-08-15,wk inc covid hosp,3,2026-09-05,06,quantile,0.35,312.0
2026-08-15,wk inc covid hosp,3,2026-09-05,06,quantile,0.4,323.6
2026-08-15,wk inc covid hosp,3,2026-09-05,06,quantile,0.45,327.55
2026-08-15,wk inc covid hosp,3,2026-09-05,06,quantile,0.5,333.0
2026-08-15,wk inc covid hosp,3,2026-09-05,06,quantile,0.55,338.0
2026-08-15,wk inc covid hosp,3,2026-09-05,06,quantile,0.6,344.0
2026-08-15,wk inc covid hosp,3,2026-09-05,06,quantile,0.65,355.0
2026-08-15,wk inc covid hosp,3,2026-09-05,06,quantile,0.7,367.0
2026-08-15,wk inc covid hosp,3,2026-09-05,06,quantile,0.75,383.0
2026-08-15,wk inc covid hosp,3,2026-09-05,06,quantile,0.8,393.20000000000005
2026-08-15,wk inc covid hosp,3,2026-09-05,06,quantile,0.85,422.15
2026-08-15,wk inc covid hosp,3,2026-09-05,06,quantile,0.9,449.20000000000005
2026-08-15,wk inc covid hosp,3,2026-09-05,06,quantile,0.95,505.1999999999998
2026-08-15,wk inc covid hosp,3,2026-09-05,06,quantile,0.975,640.05
2026-08-15,wk inc covid hosp,3,2026-09-05,06,quantile,0.99,820.1199999999999
2026-08-15,wk inc covid hosp,3,2026-09-05,08,quantile,0.01,0.0
2026-08-15,wk inc covid hosp,3,2026-09-05,08,quantile,0.025,0.0
2026-08-15,wk inc covid hosp,3,2026-09-05,08,quantile,0.05,0.0
2026-08-15,wk inc covid hosp,3,2026-09-05,08,quantile,0.1,0.0
2026-08-15,wk inc covid hosp,3,2026-09-05,08,quantile,0.15,0.0
2026-08-15,wk inc covid hosp,3,2026-09-05,08,quantile,0.2,1.0
2026-08-15,wk inc covid hosp,3,2026-09-05,08,quantile,0.25,3.0
2026-08-15,wk inc covid hosp,3,2026-09-05,08,quantile,0.3,4.0
2026-08-15,wk inc covid hosp,3,2026-09-05,08,quantile,0.35,5.0
2026-08-15,wk inc covid hosp,3,2026-09-05,08,quantile,0.4,7.0
2026-08-15,wk inc covid hosp,3,2026-09-05,08,quantile,0.45,8.0
2026-08-15,wk inc covid hosp,3,2026-09-05,08,quantile,0.5,9.0
2026-08-15,wk inc covid hosp,3,2026-09-05,08,quantile,0.55,9.0
2026-08-15,wk inc covid hosp,3,2026-09-05,08,quantile,0.6,10.0
2026-08-15,wk inc covid hosp,3,2026-09-05,08,quantile,0.65,11.0
2026-08-15,wk inc covid hosp,3,2026-09-05,08,quantile,0.7,12.0
2026-08-15,wk inc covid hosp,3,2026-09-05,08,quantile,0.75,13.0
2026-08-15,wk inc covid hosp,3,2026-09-05,08,quantile,0.8,15.0
2026-08-15,wk inc covid hosp,3,2026-09-05,08,quantile,0.85,17.149999999999977
2026-08-15,wk inc covid hosp,3,2026-09-05,08,quantile,0.9,22.0
2026-08-15,wk inc covid hosp,3,2026-09-05,08,quantile,0.95,27.0
2026-08-15,wk inc covid hosp,3,2026-09-05,08,quantile,0.975,33.0
2026-08-15,wk inc covid hosp,3,2026-09-05,08,quantile,0.99,59.01999999999998
2026-08-15,wk inc covid hosp,3,2026-09-05,09,quantile,0.01,0.0
2026-08-15,wk inc covid hosp,3,2026-09-05,09,quantile,0.025,0.0
2026-08-15,wk inc covid hosp,3,2026-09-05,09,quantile,0.05,0.0
2026-08-15,wk inc covid hosp,3,2026-09-05,09,quantile,0.1,0.0
2026-08-15,wk inc covid hosp,3,2026-09-05,09,quantile,0.15,0.0
2026-08-15,wk inc covid hosp,3,2026-09-05,09,quantile,0.2,1.0
2026-08-15,wk inc covid hosp,3,2026-09-05,09,quantile,0.25,2.0
2026-08-15,wk inc covid hosp,3,2026-09-05,09,quantile,0.3,3.0
2026-08-15,wk inc covid hosp,3,2026-09-05,09,quantile,0.35,4.0
2026-08-15,wk inc covid hosp,3,2026-09-05,09,quantile,0.4,4.0
2026-08-15,wk inc covid hosp,3,2026-09-05,09,quantile,0.45,5.0
2026-08-15,wk inc covid hosp,3,2026-09-05,09,quantile,0.5,5.0
2026-08-15,wk inc covid hosp,3,2026-09-05,09,quantile,0.55,6.0
2026-08-15,wk inc covid hosp,3,2026-09-05,09,quantile,0.6,6.0
2026-08-15,wk inc covid hosp,3,2026-09-05,09,quantile,0.65,7.0
2026-08-15,wk inc covid hosp,3,2026-09-05,09,quantile,0.7,8.0
2026-08-15,wk inc covid hosp,3,2026-09-05,09,quantile,0.75,9.0
2026-08-15,wk inc covid hosp,3,2026-09-05,09,quantile,0.8,10.0
2026-08-15,wk inc covid hosp,3,2026-09-05,09,quantile,0.85,12.0
2026-08-15,wk inc covid hosp,3,2026-09-05,09,quantile,0.9,14.0
2026-08-15,wk inc covid hosp,3,2026-09-05,09,quantile,0.95,19.0
2026-08-15,wk inc covid hosp,3,2026-09-05,09,quantile,0.975,23.0
2026-08-15,wk inc covid hosp,3,2026-09-05,09,quantile,0.99,40.00999999999999
2026-08-15,wk inc covid hosp,3,2026-09-05,10,quantile,0.01,0.0
2026-08-15,wk inc covid hosp,3,2026-09-05,10,quantile,0.025,0.0
2026-08-15,wk inc covid hosp,3,2026-09-05,10,quantile,0.05,0.0
2026-08-15,wk inc covid hosp,3,2026-09-05,10,quantile,0.1,0.0
2026-08-15,wk inc covid hosp,3,2026-09-05,10,quantile,0.15,0.0
2026-08-15,wk inc covid hosp,3,2026-09-05,10,quantile,0.2,0.0
2026-08-15,wk inc covid hosp,3,2026-09-05,10,quantile,0.25,0.0
2026-08-15,wk inc covid hosp,3,2026-09-05,10,quantile,0.3,1.0
2026-08-15,wk inc covid hosp,3,2026-09-05,10,quantile,0.35,1.0
2026-08-15,wk inc covid hosp,3,2026-09-05,10,quantile,0.4,1.0
2026-08-15,wk inc covid hosp,3,2026-09-05,10,quantile,0.45,1.0
2026-08-15,wk inc covid hosp,3,2026-09-05,10,quantile,0.5,1.0
2026-08-15,wk inc covid hosp,3,2026-09-05,10,quantile,0.55,1.0
2026-08-15,wk inc covid hosp,3,2026-09-05,10,quantile,0.6,2.0
2026-08-15,wk inc covid hosp,3,2026-09-05,10,quantile,0.65,2.0
2026-08-15,wk inc covid hosp,3,2026-09-05,10,quantile,0.7,2.0
2026-08-15,wk inc covid hosp,3,2026-09-05,10,quantile,0.75,2.0
2026-08-15,wk inc covid hosp,3,2026-09-05,10,quantile,0.8,3.0
2026-08-15,wk inc covid hosp,3,2026-09-05,10,quantile,0.85,3.0
2026-08-15,wk inc covid hosp,3,2026-09-05,10,quantile,0.9,4.0
2026-08-15,wk inc covid hosp,3,2026-09-05,10,quantile,0.95,5.0
2026-08-15,wk inc covid hosp,3,2026-09-05,10,quantile,0.975,7.524999999999977
2026-08-15,wk inc covid hosp,3,2026-09-05,10,quantile,0.99,9.009999999999991
2026-08-15,wk inc covid hosp,3,2026-09-05,11,quantile,0.01,0.0
2026-08-15,wk inc covid hosp,3,2026-09-05,11,quantile,0.025,0.0
2026-08-15,wk inc covid hosp,3,2026-09-05,11,quantile,0.05,0.0
2026-08-15,wk inc covid hosp,3,2026-09-05,11,quantile,0.1,0.0
2026-08-15,wk inc covid hosp,3,2026-09-05,11,quantile,0.15,0.0
2026-08-15,wk inc covid hosp,3,2026-09-05,11,quantile,0.2,0.0
2026-08-15,wk inc covid hosp,3,2026-09-05,11,quantile,0.25,0.0
2026-08-15,wk inc covid hosp,3,2026-09-05,11,quantile,0.3,0.0
2026-08-15,wk inc covid hosp,3,2026-09-05,11,quantile,0.35,1.0
2026-08-15,wk inc covid hosp,3,2026-09-05,11,quantile,0.4,1.0
2026-08-15,wk inc covid hosp,3,2026-09-05,11,quantile,0.45,1.0
2026-08-15,wk inc covid hosp,3,2026-09-05,11,quantile,0.5,1.0
2026-08-15,wk inc covid hosp,3,2026-09-05,11,quantile,0.55,1.0
2026-08-15,wk inc covid hosp,3,2026-09-05,11,quantile,0.6,1.0
2026-08-15,wk inc covid hosp,3,2026-09-05,11,quantile,0.65,2.0
2026-08-15,wk inc covid hosp,3,2026-09-05,11,quantile,0.7,2.0
2026-08-15,wk inc covid hosp,3,2026-09-05,11,quantile,0.75,2.0
2026-08-15,wk inc covid hosp,3,2026-09-05,11,quantile,0.8,2.0
2026-08-15,wk inc covid hosp,3,2026-09-05,11,quantile,0.85,3.0
2026-08-15,wk inc covid hosp,3,2026-09-05,11,quantile,0.9,3.1000000000000227
2026-08-15,wk inc covid hosp,3,2026-09-05,11,quantile,0.95,4.0
2026-08-15,wk inc covid hosp,3,2026-09-05,11,quantile,0.975,6.524999999999977
2026-08-15,wk inc covid hosp,3,2026-09-05,11,quantile,0.99,10.009999999999991
2026-08-15,wk inc covid hosp,3,2026-09-05,12,quantile,0.01,73.97
2026-08-15,wk inc covid hosp,3,2026-09-05,12,quantile,0.025,108.0
2026-08-15,wk inc covid hosp,3,2026-09-05,12,quantile,0.05,129.0
2026-08-15,wk inc covid hosp,3,2026-09-05,12,quantile,0.1,158.0
2026-08-15,wk inc covid hosp,3,2026-09-05,12,quantile,0.15,177.7
2026-08-15,wk inc covid hosp,3,2026-09-05,12,quantile,0.2,191.0
2026-08-15,wk inc covid hosp,3,2026-09-05,12,quantile,0.25,201.0
2026-08-15,wk inc covid hosp,3,2026-09-05,12,quantile,0.3,210.7
2026-08-15,wk inc covid hosp,3,2026-09-05,12,quantile,0.35,218.64999999999998
2026-08-15,wk inc covid hosp,3,2026-09-05,12,quantile,0.4,227.60000000000002
2026-08-15,wk inc covid hosp,3,2026-09-05,12,quantile,0.45,234.0
2026-08-15,wk inc covid hosp,3,2026-09-05,12,quantile,0.5,242.0
2026-08-15,wk inc covid hosp,3,2026-09-05,12,quantile,0.55,245.0
2026-08-15,wk inc covid hosp,3,2026-09-05,12,quantile,0.6,250.0
2026-08-15,wk inc covid hosp,3,2026-09-05,12,quantile,0.65,257.0
2026-08-15,wk inc covid hosp,3,2026-09-05,12,quantile,0.7,265.0
2026-08-15,wk inc covid hosp,3,2026-09-05,12,quantile,0.75,274.0
2026-08-15,wk inc covid hosp,3,2026-09-05,12,quantile,0.8,290.0
2026-08-15,wk inc covid hosp,3,2026-09-05,12,quantile,0.85,301.0
2026-08-15,wk inc covid hosp,3,2026-09-05,12,quantile,0.9,312.0
2026-08-15,wk inc covid hosp,3,2026-09-05,12,quantile,0.95,341.14999999999986
2026-08-15,wk inc covid hosp,3,2026-09-05,12,quantile,0.975,393.0999999999999
2026-08-15,wk inc covid hosp,3,2026-09-05,12,quantile,0.99,499.0799999999999
2026-08-15,wk inc covid hosp,3,2026-09-05,13,quantile,0.01,3.9800000000000004
2026-08-15,wk inc covid hosp,3,2026-09-05,13,quantile,0.025,13.0
2026-08-15,wk inc covid hosp,3,2026-09-05,13,quantile,0.05,22.950000000000003
2026-08-15,wk inc covid hosp,3,2026-09-05,13,quantile,0.1,35.900000000000006
2026-08-15,wk inc covid hosp,3,2026-09-05,13,quantile,0.15,42.849999999999994
2026-08-15,wk inc covid hosp,3,2026-09-05,13,quantile,0.2,47.0
2026-08-15,wk inc covid hosp,3,2026-09-05,13,quantile,0.25,52.0
2026-08-15,wk inc covid hosp,3,2026-09-05,13,quantile,0.3,54.0
2026-08-15,wk inc covid hosp,3,2026-09-05,13,quantile,0.35,56.0
2026-08-15,wk inc covid hosp,3,2026-09-05,13,quantile,0.4,59.0
2026-08-15,wk inc covid hosp,3,2026-09-05,13,quantile,0.45,61.0
2026-08-15,wk inc covid hosp,3,2026-09-05,13,quantile,0.5,63.0
2026-08-15,wk inc covid hosp,3,2026-09-05,13,quantile,0.55,64.0
2026-08-15,wk inc covid hosp,3,2026-09-05,13,quantile,0.6,66.0
2026-08-15,wk inc covid hosp,3,2026-09-05,13,quantile,0.65,69.0
2026-08-15,wk inc covid hosp,3,2026-09-05,13,quantile,0.7,71.29999999999995
2026-08-15,wk inc covid hosp,3,2026-09-05,13,quantile,0.75,74.25
2026-08-15,wk inc covid hosp,3,2026-09-05,13,quantile,0.8,80.20000000000005
2026-08-15,wk inc covid hosp,3,2026-09-05,13,quantile,0.85,86.0
2026-08-15,wk inc covid hosp,3,2026-09-05,13,quantile,0.9,90.0
2026-08-15,wk inc covid hosp,3,2026-09-05,13,quantile,0.95,102.04999999999995
2026-08-15,wk inc covid hosp,3,2026-09-05,13,quantile,0.975,120.52499999999998
2026-08-15,wk inc covid hosp,3,2026-09-05,13,quantile,0.99,144.05999999999995
2026-08-15,wk inc covid hosp,3,2026-09-05,15,quantile,0.01,0.0
2026-08-15,wk inc covid hosp,3,2026-09-05,15,quantile,0.025,0.0
2026-08-15,wk inc covid hosp,3,2026-09-05,15,quantile,0.05,2.0
2026-08-15,wk inc covid hosp,3,2026-09-05,15,quantile,0.1,5.0
2026-08-15,wk inc covid hosp,3,2026-09-05,15,quantile,0.15,7.0
2026-08-15,wk inc covid hosp,3,2026-09-05,15,quantile,0.2,8.0
2026-08-15,wk inc covid hosp,3,2026-09-05,15,quantile,0.25,9.0
2026-08-15,wk inc covid hosp,3,2026-09-05,15,quantile,0.3,10.0
2026-08-15,wk inc covid hosp,3,2026-09-05,15,quantile,0.35,11.0
2026-08-15,wk inc covid hosp,3,2026-09-05,15,quantile,0.4,11.0
2026-08-15,wk inc covid hosp,3,2026-09-05,15,quantile,0.45,12.0
2026-08-15,wk inc covid hosp,3,2026-09-05,15,quantile,0.5,12.0
2026-08-15,wk inc covid hosp,3,2026-09-05,15,quantile,0.55,12.0
2026-08-15,wk inc covid hosp,3,2026-09-05,15,quantile,0.6,13.0
2026-08-15,wk inc covid hosp,3,2026-09-05,15,quantile,0.65,14.0
2026-08-15,wk inc covid hosp,3,2026-09-05,15,quantile,0.7,14.0
2026-08-15,wk inc covid hosp,3,2026-09-05,15,quantile,0.75,15.0
2026-08-15,wk inc covid hosp,3,2026-09-05,15,quantile,0.8,16.0
2026-08-15,wk inc covid hosp,3,2026-09-05,15,quantile,0.85,18.0
2026-08-15,wk inc covid hosp,3,2026-09-05,15,quantile,0.9,20.0
2026-08-15,wk inc covid hosp,3,2026-09-05,15,quantile,0.95,24.0
2026-08-15,wk inc covid hosp,3,2026-09-05,15,quantile,0.975,31.0
2026-08-15,wk inc covid hosp,3,2026-09-05,15,quantile,0.99,39.01999999999998
2026-08-15,wk inc covid hosp,3,2026-09-05,16,quantile,0.01,0.0
2026-08-15,wk inc covid hosp,3,2026-09-05,16,quantile,0.025,0.0
2026-08-15,wk inc covid hosp,3,2026-09-05,16,quantile,0.05,0.0
2026-08-15,wk inc covid hosp,3,2026-09-05,16,quantile,0.1,0.0
2026-08-15,wk inc covid hosp,3,2026-09-05,16,quantile,0.15,0.0
2026-08-15,wk inc covid hosp,3,2026-09-05,16,quantile,0.2,0.0
2026-08-15,wk inc covid hosp,3,2026-09-05,16,quantile,0.25,1.0
2026-08-15,wk inc covid hosp,3,2026-09-05,16,quantile,0.3,1.0
2026-08-15,wk inc covid hosp,3,2026-09-05,16,quantile,0.35,2.0
2026-08-15,wk inc covid hosp,3,2026-09-05,16,quantile,0.4,2.0
2026-08-15,wk inc covid hosp,3,2026-09-05,16,quantile,0.45,3.0
2026-08-15,wk inc covid hosp,3,2026-09-05,16,quantile,0.5,3.0
2026-08-15,wk inc covid hosp,3,2026-09-05,16,quantile,0.55,3.0
2026-08-15,wk inc covid hosp,3,2026-09-05,16,quantile,0.6,3.0
2026-08-15,wk inc covid hosp,3,2026-09-05,16,quantile,0.65,4.0
2026-08-15,wk inc covid hosp,3,2026-09-05,16,quantile,0.7,4.0
2026-08-15,wk inc covid hosp,3,2026-09-05,16,quantile,0.75,5.0
2026-08-15,wk inc covid hosp,3,2026-09-05,16,quantile,0.8,5.0
2026-08-15,wk inc covid hosp,3,2026-09-05,16,quantile,0.85,6.0
2026-08-15,wk inc covid hosp,3,2026-09-05,16,quantile,0.9,7.0
2026-08-15,wk inc covid hosp,3,2026-09-05,16,quantile,0.95,11.0
2026-08-15,wk inc covid hosp,3,2026-09-05,16,quantile,0.975,16.0
2026-08-15,wk inc covid hosp,3,2026-09-05,16,quantile,0.99,21.0
2026-08-15,wk inc covid hosp,3,2026-09-05,17,quantile,0.01,0.0
2026-08-15,wk inc covid hosp,3,2026-09-05,17,quantile,0.025,0.0
2026-08-15,wk inc covid hosp,3,2026-09-05,17,quantile,0.05,0.0
2026-08-15,wk inc covid hosp,3,2026-09-05,17,quantile,0.1,0.0
2026-08-15,wk inc covid hosp,3,2026-09-05,17,quantile,0.15,2.8499999999999943
2026-08-15,wk inc covid hosp,3,2026-09-05,17,quantile,0.2,6.0
2026-08-15,wk inc covid hosp,3,2026-09-05,17,quantile,0.25,10.75
2026-08-15,wk inc covid hosp,3,2026-09-05,17,quantile,0.3,13.0
2026-08-15,wk inc covid hosp,3,2026-09-05,17,quantile,0.35,15.0
2026-08-15,wk inc covid hosp,3,2026-09-05,17,quantile,0.4,18.0
2026-08-15,wk inc covid hosp,3,2026-09-05,17,quantile,0.45,20.0
2026-08-15,wk inc covid hosp,3,2026-09-05,17,quantile,0.5,21.0
2026-08-15,wk inc covid hosp,3,2026-09-05,17,quantile,0.55,23.0
2026-08-15,wk inc covid hosp,3,2026-09-05,17,quantile,0.6,24.0
2026-08-15,wk inc covid hosp,3,2026-09-05,17,quantile,0.65,26.0
2026-08-15,wk inc covid hosp,3,2026-09-05,17,quantile,0.7,29.0
2026-08-15,wk inc covid hosp,3,2026-09-05,17,quantile,0.75,32.0
2026-08-15,wk inc covid hosp,3,2026-09-05,17,quantile,0.8,37.0
2026-08-15,wk inc covid hosp,3,2026-09-05,17,quantile,0.85,41.0
2026-08-15,wk inc covid hosp,3,2026-09-05,17,quantile,0.9,49.0
2026-08-15,wk inc covid hosp,3,2026-09-05,17,quantile,0.95,65.09999999999991
2026-08-15,wk inc covid hosp,3,2026-09-05,17,quantile,0.975,98.14999999999986
2026-08-15,wk inc covid hosp,3,2026-09-05,17,quantile,0.99,132.16999999999985
2026-08-15,wk inc covid hosp,3,2026-09-05,18,quantile,0.01,0.0
2026-08-15,wk inc covid hosp,3,2026-09-05,18,quantile,0.025,0.0
2026-08-15,wk inc covid hosp,3,2026-09-05,18,quantile,0.05,0.0
2026-08-15,wk inc covid hosp,3,2026-09-05,18,quantile,0.1,0.0
2026-08-15,wk inc covid hosp,3,2026-09-05,18,quantile,0.15,0.0
2026-08-15,wk inc covid hosp,3,2026-09-05,18,quantile,0.2,2.8000000000000114
2026-08-15,wk inc covid hosp,3,2026-09-05,18,quantile,0.25,4.0
2026-08-15,wk inc covid hosp,3,2026-09-05,18,quantile,0.3,6.0
2026-08-15,wk inc covid hosp,3,2026-09-05,18,quantile,0.35,7.0
2026-08-15,wk inc covid hosp,3,2026-09-05,18,quantile,0.4,9.0
2026-08-15,wk inc covid hosp,3,2026-09-05,18,quantile,0.45,10.0
2026-08-15,wk inc covid hosp,3,2026-09-05,18,quantile,0.5,10.0
2026-08-15,wk inc covid hosp,3,2026-09-05,18,quantile,0.55,11.0
2026-08-15,wk inc covid hosp,3,2026-09-05,18,quantile,0.6,12.0
2026-08-15,wk inc covid hosp,3,2026-09-05,18,quantile,0.65,13.0
2026-08-15,wk inc covid hosp,3,2026-09-05,18,quantile,0.7,14.0
2026-08-15,wk inc covid hosp,3,2026-09-05,18,quantile,0.75,16.0
2026-08-15,wk inc covid hosp,3,2026-09-05,18,quantile,0.8,17.0
2026-08-15,wk inc covid hosp,3,2026-09-05,18,quantile,0.85,19.0
2026-08-15,wk inc covid hosp,3,2026-09-05,18,quantile,0.9,23.0
2026-08-15,wk inc covid hosp,3,2026-09-05,18,quantile,0.95,29.0
2026-08-15,wk inc covid hosp,3,2026-09-05,18,quantile,0.975,37.57499999999993
2026-08-15,wk inc covid hosp,3,2026-09-05,18,quantile,0.99,58.059999999999945
2026-08-15,wk inc covid hosp,3,2026-09-05,19,quantile,0.01,0.0
2026-08-15,wk inc covid hosp,3,2026-09-05,19,quantile,0.025,0.0
2026-08-15,wk inc covid hosp,3,2026-09-05,19,quantile,0.05,0.0
2026-08-15,wk inc covid hosp,3,2026-09-05,19,quantile,0.1,0.0
2026-08-15,wk inc covid hosp,3,2026-09-05,19,quantile,0.15,0.0
2026-08-15,wk inc covid hosp,3,2026-09-05,19,quantile,0.2,1.0
2026-08-15,wk inc covid hosp,3,2026-09-05,19,quantile,0.25,2.0
2026-08-15,wk inc covid hosp,3,2026-09-05,19,quantile,0.3,3.0
2026-08-15,wk inc covid hosp,3,2026-09-05,19,quantile,0.35,4.0
2026-08-15,wk inc covid hosp,3,2026-09-05,19,quantile,0.4,4.0
2026-08-15,wk inc covid hosp,3,2026-09-05,19,quantile,0.45,4.0
2026-08-15,wk inc covid hosp,3,2026-09-05,19,quantile,0.5,5.0
2026-08-15,wk inc covid hosp,3,2026-09-05,19,quantile,0.55,5.0
2026-08-15,wk inc covid hosp,3,2026-09-05,19,quantile,0.6,5.0
2026-08-15,wk inc covid hosp,3,2026-09-05,19,quantile,0.65,6.0
2026-08-15,wk inc covid hosp,3,2026-09-05,19,quantile,0.7,7.0
2026-08-15,wk inc covid hosp,3,2026-09-05,19,quantile,0.75,8.0
2026-08-15,wk inc covid hosp,3,2026-09-05,19,quantile,0.8,8.0
2026-08-15,wk inc covid hosp,3,2026-09-05,19,quantile,0.85,9.0
2026-08-15,wk inc covid hosp,3,2026-09-05,19,quantile,0.9,12.0
2026-08-15,wk inc covid hosp,3,2026-09-05,19,quantile,0.95,17.049999999999955
2026-08-15,wk inc covid hosp,3,2026-09-05,19,quantile,0.975,20.524999999999977
2026-08-15,wk inc covid hosp,3,2026-09-05,19,quantile,0.99,24.059999999999945
2026-08-15,wk inc covid hosp,3,2026-09-05,20,quantile,0.01,0.0
2026-08-15,wk inc covid hosp,3,2026-09-05,20,quantile,0.025,0.0
2026-08-15,wk inc covid hosp,3,2026-09-05,20,quantile,0.05,0.0
2026-08-15,wk inc covid hosp,3,2026-09-05,20,quantile,0.1,0.0
2026-08-15,wk inc covid hosp,3,2026-09-05,20,quantile,0.15,1.0
2026-08-15,wk inc covid hosp,3,2026-09-05,20,quantile,0.2,2.0
2026-08-15,wk inc covid hosp,3,2026-09-05,20,quantile,0.25,3.0
2026-08-15,wk inc covid hosp,3,2026-09-05,20,quantile,0.3,3.0
2026-08-15,wk inc covid hosp,3,2026-09-05,20,quantile,0.35,4.0
2026-08-15,wk inc covid hosp,3,2026-09-05,20,quantile,0.4,4.0
2026-08-15,wk inc covid hosp,3,2026-09-05,20,quantile,0.45,5.0
2026-08-15,wk inc covid hosp,3,2026-09-05,20,quantile,0.5,5.0
2026-08-15,wk inc covid hosp,3,2026-09-05,20,quantile,0.55,6.0
2026-08-15,wk inc covid hosp,3,2026-09-05,20,quantile,0.6,6.0
2026-08-15,wk inc covid hosp,3,2026-09-05,20,quantile,0.65,6.0
2026-08-15,wk inc covid hosp,3,2026-09-05,20,quantile,0.7,7.0
2026-08-15,wk inc covid hosp,3,2026-09-05,20,quantile,0.75,8.0
2026-08-15,wk inc covid hosp,3,2026-09-05,20,quantile,0.8,9.0
2026-08-15,wk inc covid hosp,3,2026-09-05,20,quantile,0.85,10.0
2026-08-15,wk inc covid hosp,3,2026-09-05,20,quantile,0.9,12.0
2026-08-15,wk inc covid hosp,3,2026-09-05,20,quantile,0.95,14.049999999999955
2026-08-15,wk inc covid hosp,3,2026-09-05,20,quantile,0.975,17.0
2026-08-15,wk inc covid hosp,3,2026-09-05,20,quantile,0.99,23.0
2026-08-15,wk inc covid hosp,3,2026-09-05,21,quantile,0.01,0.0
2026-08-15,wk inc covid hosp,3,2026-09-05,21,quantile,0.025,0.0
2026-08-15,wk inc covid hosp,3,2026-09-05,21,quantile,0.05,0.0
2026-08-15,wk inc covid hosp,3,2026-09-05,21,quantile,0.1,0.0
2026-08-15,wk inc covid hosp,3,2026-09-05,21,quantile,0.15,0.0
2026-08-15,wk inc covid hosp,3,2026-09-05,21,quantile,0.2,1.0
2026-08-15,wk inc covid hosp,3,2026-09-05,21,quantile,0.25,3.0
2026-08-15,wk inc covid hosp,3,2026-09-05,21,quantile,0.3,4.0
2026-08-15,wk inc covid hosp,3,2026-09-05,21,quantile,0.35,5.0
2026-08-15,wk inc covid hosp,3,2026-09-05,21,quantile,0.4,6.0
2026-08-15,wk inc covid hosp,3,2026-09-05,21,quantile,0.45,7.0
2026-08-15,wk inc covid hosp,3,2026-09-05,21,quantile,0.5,8.0
2026-08-15,wk inc covid hosp,3,2026-09-05,21,quantile,0.55,8.0
2026-08-15,wk inc covid hosp,3,2026-09-05,21,quantile,0.6,9.0
2026-08-15,wk inc covid hosp,3,2026-09-05,21,quantile,0.65,9.0
2026-08-15,wk inc covid hosp,3,2026-09-05,21,quantile,0.7,10.0
2026-08-15,wk inc covid hosp,3,2026-09-05,21,quantile,0.75,11.0
2026-08-15,wk inc covid hosp,3,2026-09-05,21,quantile,0.8,13.0
2026-08-15,wk inc covid hosp,3,2026-09-05,21,quantile,0.85,15.0
2026-08-15,wk inc covid hosp,3,2026-09-05,21,quantile,0.9,17.0
2026-08-15,wk inc covid hosp,3,2026-09-05,21,quantile,0.95,23.0
2026-08-15,wk inc covid hosp,3,2026-09-05,21,quantile,0.975,31.524999999999977
2026-08-15,wk inc covid hosp,3,2026-09-05,21,quantile,0.99,47.00999999999999
2026-08-15,wk inc covid hosp,3,2026-09-05,22,quantile,0.01,8.940000000000001
2026-08-15,wk inc covid hosp,3,2026-09-05,22,quantile,0.025,19.950000000000003
2026-08-15,wk inc covid hosp,3,2026-09-05,22,quantile,0.05,28.0
2026-08-15,wk inc covid hosp,3,2026-09-05,22,quantile,0.1,35.0
2026-08-15,wk inc covid hosp,3,2026-09-05,22,quantile,0.15,39.849999999999994
2026-08-15,wk inc covid hosp,3,2026-09-05,22,quantile,0.2,42.0
2026-08-15,wk inc covid hosp,3,2026-09-05,22,quantile,0.25,45.0
2026-08-15,wk inc covid hosp,3,2026-09-05,22,quantile,0.3,48.0
2026-08-15,wk inc covid hosp,3,2026-09-05,22,quantile,0.35,49.0
2026-08-15,wk inc covid hosp,3,2026-09-05,22,quantile,0.4,51.0
2026-08-15,wk inc covid hosp,3,2026-09-05,22,quantile,0.45,53.0
2026-08-15,wk inc covid hosp,3,2026-09-05,22,quantile,0.5,54.0
2026-08-15,wk inc covid hosp,3,2026-09-05,22,quantile,0.55,55.0
2026-08-15,wk inc covid hosp,3,2026-09-05,22,quantile,0.6,56.0
2026-08-15,wk inc covid hosp,3,2026-09-05,22,quantile,0.65,57.0
2026-08-15,wk inc covid hosp,3,2026-09-05,22,quantile,0.7,60.0
2026-08-15,wk inc covid hosp,3,2026-09-05,22,quantile,0.75,63.0
2026-08-15,wk inc covid hosp,3,2026-09-05,22,quantile,0.8,65.0
2026-08-15,wk inc covid hosp,3,2026-09-05,22,quantile,0.85,68.14999999999998
2026-08-15,wk inc covid hosp,3,2026-09-05,22,quantile,0.9,75.0
2026-08-15,wk inc covid hosp,3,2026-09-05,22,quantile,0.95,82.04999999999995
2026-08-15,wk inc covid hosp,3,2026-09-05,22,quantile,0.975,99.04999999999995
2026-08-15,wk inc covid hosp,3,2026-09-05,22,quantile,0.99,116.07999999999993
2026-08-15,wk inc covid hosp,3,2026-09-05,23,quantile,0.01,0.0
2026-08-15,wk inc covid hosp,3,2026-09-05,23,quantile,0.025,0.0
2026-08-15,wk inc covid hosp,3,2026-09-05,23,quantile,0.05,0.0
2026-08-15,wk inc covid hosp,3,2026-09-05,23,quantile,0.1,0.0
2026-08-15,wk inc covid hosp,3,2026-09-05,23,quantile,0.15,0.0
2026-08-15,wk inc covid hosp,3,2026-09-05,23,quantile,0.2,0.0
2026-08-15,wk inc covid hosp,3,2026-09-05,23,quantile,0.25,0.0
2026-08-15,wk inc covid hosp,3,2026-09-05,23,quantile,0.3,1.0
2026-08-15,wk inc covid hosp,3,2026-09-05,23,quantile,0.35,1.0
2026-08-15,wk inc covid hosp,3,2026-09-05,23,quantile,0.4,1.0
2026-08-15,wk inc covid hosp,3,2026-09-05,23,quantile,0.45,1.0
2026-08-15,wk inc covid hosp,3,2026-09-05,23,quantile,0.5,2.0
2026-08-15,wk inc covid hosp,3,2026-09-05,23,quantile,0.55,2.0
2026-08-15,wk inc covid hosp,3,2026-09-05,23,quantile,0.6,2.0
2026-08-15,wk inc covid hosp,3,2026-09-05,23,quantile,0.65,2.0
2026-08-15,wk inc covid hosp,3,2026-09-05,23,quantile,0.7,3.0
2026-08-15,wk inc covid hosp,3,2026-09-05,23,quantile,0.75,3.0
2026-08-15,wk inc covid hosp,3,2026-09-05,23,quantile,0.8,4.0
2026-08-15,wk inc covid hosp,3,2026-09-05,23,quantile,0.85,4.0
2026-08-15,wk inc covid hosp,3,2026-09-05,23,quantile,0.9,5.0
2026-08-15,wk inc covid hosp,3,2026-09-05,23,quantile,0.95,7.0
2026-08-15,wk inc covid hosp,3,2026-09-05,23,quantile,0.975,10.0
2026-08-15,wk inc covid hosp,3,2026-09-05,23,quantile,0.99,13.009999999999991
2026-08-15,wk inc covid hosp,3,2026-09-05,24,quantile,0.01,0.0
2026-08-15,wk inc covid hosp,3,2026-09-05,24,quantile,0.025,0.0
2026-08-15,wk inc covid hosp,3,2026-09-05,24,quantile,0.05,0.0
2026-08-15,wk inc covid hosp,3,2026-09-05,24,quantile,0.1,0.0
2026-08-15,wk inc covid hosp,3,2026-09-05,24,quantile,0.15,0.8499999999999943
2026-08-15,wk inc covid hosp,3,2026-09-05,24,quantile,0.2,3.0
2026-08-15,wk inc covid hosp,3,2026-09-05,24,quantile,0.25,4.0
2026-08-15,wk inc covid hosp,3,2026-09-05,24,quantile,0.3,5.0
2026-08-15,wk inc covid hosp,3,2026-09-05,24,quantile,0.35,6.0
2026-08-15,wk inc covid hosp,3,2026-09-05,24,quantile,0.4,7.0
2026-08-15,wk inc covid hosp,3,2026-09-05,24,quantile,0.45,8.0
2026-08-15,wk inc covid hosp,3,2026-09-05,24,quantile,0.5,9.0
2026-08-15,wk inc covid hosp,3,2026-09-05,24,quantile,0.55,10.0
2026-08-15,wk inc covid hosp,3,2026-09-05,24,quantile,0.6,11.0
2026-08-15,wk inc covid hosp,3,2026-09-05,24,quantile,0.65,12.0
2026-08-15,wk inc covid hosp,3,2026-09-05,24,quantile,0.7,13.0
2026-08-15,wk inc covid hosp,3,2026-09-05,24,quantile,0.75,14.0
2026-08-15,wk inc covid hosp,3,2026-09-05,24,quantile,0.8,16.0
2026-08-15,wk inc covid hosp,3,2026-09-05,24,quantile,0.85,18.0
2026-08-15,wk inc covid hosp,3,2026-09-05,24,quantile,0.9,22.0
2026-08-15,wk inc covid hosp,3,2026-09-05,24,quantile,0.95,32.0
2026-08-15,wk inc covid hosp,3,2026-09-05,24,quantile,0.975,43.52499999999998
2026-08-15,wk inc covid hosp,3,2026-09-05,24,quantile,0.99,50.08999999999992
2026-08-15,wk inc covid hosp,3,2026-09-05,25,quantile,0.01,0.0
2026-08-15,wk inc covid hosp,3,2026-09-05,25,quantile,0.025,0.0
2026-08-15,wk inc covid hosp,3,2026-09-05,25,quantile,0.05,0.0
2026-08-15,wk inc covid hosp,3,2026-09-05,25,quantile,0.1,0.0
2026-08-15,wk inc covid hosp,3,2026-09-05,25,quantile,0.15,0.0
2026-08-15,wk inc covid hosp,3,2026-09-05,25,quantile,0.2,0.0
2026-08-15,wk inc covid hosp,3,2026-09-05,25,quantile,0.25,2.0
2026-08-15,wk inc covid hosp,3,2026-09-05,25,quantile,0.3,3.0
2026-08-15,wk inc covid hosp,3,2026-09-05,25,quantile,0.35,5.0
2026-08-15,wk inc covid hosp,3,2026-09-05,25,quantile,0.4,7.0
2026-08-15,wk inc covid hosp,3,2026-09-05,25,quantile,0.45,8.0
2026-08-15,wk inc covid hosp,3,2026-09-05,25,quantile,0.5,9.0
2026-08-15,wk inc covid hosp,3,2026-09-05,25,quantile,0.55,9.0
2026-08-15,wk inc covid hosp,3,2026-09-05,25,quantile,0.6,10.0
2026-08-15,wk inc covid hosp,3,2026-09-05,25,quantile,0.65,12.0
2026-08-15,wk inc covid hosp,3,2026-09-05,25,quantile,0.7,13.0
2026-08-15,wk inc covid hosp,3,2026-09-05,25,quantile,0.75,14.0
2026-08-15,wk inc covid hosp,3,2026-09-05,25,quantile,0.8,16.0
2026-08-15,wk inc covid hosp,3,2026-09-05,25,quantile,0.85,20.0
2026-08-15,wk inc covid hosp,3,2026-09-05,25,quantile,0.9,23.100000000000023
2026-08-15,wk inc covid hosp,3,2026-09-05,25,quantile,0.95,31.0
2026-08-15,wk inc covid hosp,3,2026-09-05,25,quantile,0.975,38.52499999999998
2026-08-15,wk inc covid hosp,3,2026-09-05,25,quantile,0.99,48.00999999999999
2026-08-15,wk inc covid hosp,3,2026-09-05,26,quantile,0.01,0.0
2026-08-15,wk inc covid hosp,3,2026-09-05,26,quantile,0.025,0.0
2026-08-15,wk inc covid hosp,3,2026-09-05,26,quantile,0.05,0.0
2026-08-15,wk inc covid hosp,3,2026-09-05,26,quantile,0.1,0.0
2026-08-15,wk inc covid hosp,3,2026-09-05,26,quantile,0.15,0.0
2026-08-15,wk inc covid hosp,3,2026-09-05,26,quantile,0.2,1.0
2026-08-15,wk inc covid hosp,3,2026-09-05,26,quantile,0.25,5.0
2026-08-15,wk inc covid hosp,3,2026-09-05,26,quantile,0.3,6.699999999999989
2026-08-15,wk inc covid hosp,3,2026-09-05,26,quantile,0.35,9.0
2026-08-15,wk inc covid hosp,3,2026-09-05,26,quantile,0.4,11.0
2026-08-15,wk inc covid hosp,3,2026-09-05,26,quantile,0.45,12.0
2026-08-15,wk inc covid hosp,3,2026-09-05,26,quantile,0.5,13.0
2026-08-15,wk inc covid hosp,3,2026-09-05,26,quantile,0.55,14.450000000000045
2026-08-15,wk inc covid hosp,3,2026-09-05,26,quantile,0.6,16.0
2026-08-15,wk inc covid hosp,3,2026-09-05,26,quantile,0.65,18.0
2026-08-15,wk inc covid hosp,3,2026-09-05,26,quantile,0.7,21.0
2026-08-15,wk inc covid hosp,3,2026-09-05,26,quantile,0.75,23.0
2026-08-15,wk inc covid hosp,3,2026-09-05,26,quantile,0.8,27.0
2026-08-15,wk inc covid hosp,3,2026-09-05,26,quantile,0.85,32.0
2026-08-15,wk inc covid hosp,3,2026-09-05,26,quantile,0.9,41.0
2026-08-15,wk inc covid hosp,3,2026-09-05,26,quantile,0.95,52.0
2026-08-15,wk inc covid hosp,3,2026-09-05,26,quantile,0.975,77.57499999999993
2026-08-15,wk inc covid hosp,3,2026-09-05,26,quantile,0.99,102.16999999999985
2026-08-15,wk inc covid hosp,3,2026-09-05,27,quantile,0.01,0.0
2026-08-15,wk inc covid hosp,3,2026-09-05,27,quantile,0.025,0.0
2026-08-15,wk inc covid hosp,3,2026-09-05,27,quantile,0.05,0.0
2026-08-15,wk inc covid hosp,3,2026-09-05,27,quantile,0.1,0.0
2026-08-15,wk inc covid hosp,3,2026-09-05,27,quantile,0.15,0.0
2026-08-15,wk inc covid hosp,3,2026-09-05,27,quantile,0.2,1.0
2026-08-15,wk inc covid hosp,3,2026-09-05,27,quantile,0.25,3.0
2026-08-15,wk inc covid hosp,3,2026-09-05,27,quantile,0.3,4.0
2026-08-15,wk inc covid hosp,3,2026-09-05,27,quantile,0.35,5.0
2026-08-15,wk inc covid hosp,3,2026-09-05,27,quantile,0.4,6.0
2026-08-15,wk inc covid hosp,3,2026-09-05,27,quantile,0.45,7.0
2026-08-15,wk inc covid hosp,3,2026-09-05,27,quantile,0.5,8.0
2026-08-15,wk inc covid hosp,3,2026-09-05,27,quantile,0.55,8.0
2026-08-15,wk inc covid hosp,3,2026-09-05,27,quantile,0.6,9.0
2026-08-15,wk inc covid hosp,3,2026-09-05,27,quantile,0.65,10.0
2026-08-15,wk inc covid hosp,3,2026-09-05,27,quantile,0.7,11.0
2026-08-15,wk inc covid hosp,3,2026-09-05,27,quantile,0.75,13.0
2026-08-15,wk inc covid hosp,3,2026-09-05,27,quantile,0.8,14.0
2026-08-15,wk inc covid hosp,3,2026-09-05,27,quantile,0.85,17.0
2026-08-15,wk inc covid hosp,3,2026-09-05,27,quantile,0.9,20.0
2026-08-15,wk inc covid hosp,3,2026-09-05,27,quantile,0.95,25.0
2026-08-15,wk inc covid hosp,3,2026-09-05,27,quantile,0.975,33.0
2026-08-15,wk inc covid hosp,3,2026-09-05,27,quantile,0.99,43.00999999999999
2026-08-15,wk inc covid hosp,3,2026-09-05,28,quantile,0.01,6.0
2026-08-15,wk inc covid hosp,3,2026-09-05,28,quantile,0.025,8.475000000000001
2026-08-15,wk inc covid hosp,3,2026-09-05,28,quantile,0.05,12.0
2026-08-15,wk inc covid hosp,3,2026-09-05,28,quantile,0.1,16.0
2026-08-15,wk inc covid hosp,3,2026-09-05,28,quantile,0.15,18.0
2026-08-15,wk inc covid hosp,3,2026-09-05,28,quantile,0.2,19.0
2026-08-15,wk inc covid hosp,3,2026-09-05,28,quantile,0.25,20.0
2026-08-15,wk inc covid hosp,3,2026-09-05,28,quantile,0.3,21.0
2026-08-15,wk inc covid hosp,3,2026-09-05,28,quantile,0.35,22.0
2026-08-15,wk inc covid hosp,3,2026-09-05,28,quantile,0.4,23.0
2026-08-15,wk inc covid hosp,3,2026-09-05,28,quantile,0.45,24.0
2026-08-15,wk inc covid hosp,3,2026-09-05,28,quantile,0.5,24.0
2026-08-15,wk inc covid hosp,3,2026-09-05,28,quantile,0.55,25.0
2026-08-15,wk inc covid hosp,3,2026-09-05,28,quantile,0.6,25.0
2026-08-15,wk inc covid hosp,3,2026-09-05,28,quantile,0.65,26.0
2026-08-15,wk inc covid hosp,3,2026-09-05,28,quantile,0.7,27.0
2026-08-15,wk inc covid hosp,3,2026-09-05,28,quantile,0.75,28.0
2026-08-15,wk inc covid hosp,3,2026-09-05,28,quantile,0.8,29.0
2026-08-15,wk inc covid hosp,3,2026-09-05,28,quantile,0.85,31.0
2026-08-15,wk inc covid hosp,3,2026-09-05,28,quantile,0.9,34.0
2026-08-15,wk inc covid hosp,3,2026-09-05,28,quantile,0.95,38.0
2026-08-15,wk inc covid hosp,3,2026-09-05,28,quantile,0.975,42.52499999999998
2026-08-15,wk inc covid hosp,3,2026-09-05,28,quantile,0.99,53.00999999999999
2026-08-15,wk inc covid hosp,3,2026-09-05,29,quantile,0.01,0.0
2026-08-15,wk inc covid hosp,3,2026-09-05,29,quantile,0.025,0.0
2026-08-15,wk inc covid hosp,3,2026-09-05,29,quantile,0.05,0.0
2026-08-15,wk inc covid hosp,3,2026-09-05,29,quantile,0.1,0.0
2026-08-15,wk inc covid hosp,3,2026-09-05,29,quantile,0.15,0.0
2026-08-15,wk inc covid hosp,3,2026-09-05,29,quantile,0.2,2.0
2026-08-15,wk inc covid hosp,3,2026-09-05,29,quantile,0.25,3.0
2026-08-15,wk inc covid hosp,3,2026-09-05,29,quantile,0.3,5.0
2026-08-15,wk inc covid hosp,3,2026-09-05,29,quantile,0.35,6.0
2026-08-15,wk inc covid hosp,3,2026-09-05,29,quantile,0.4,8.0
2026-08-15,wk inc covid hosp,3,2026-09-05,29,quantile,0.45,8.550000000000011
2026-08-15,wk inc covid hosp,3,2026-09-05,29,quantile,0.5,9.0
2026-08-15,wk inc covid hosp,3,2026-09-05,29,quantile,0.55,10.0
2026-08-15,wk inc covid hosp,3,2026-09-05,29,quantile,0.6,11.0
2026-08-15,wk inc covid hosp,3,2026-09-05,29,quantile,0.65,12.0
2026-08-15,wk inc covid hosp,3,2026-09-05,29,quantile,0.7,13.0
2026-08-15,wk inc covid hosp,3,2026-09-05,29,quantile,0.75,15.0
2026-08-15,wk inc covid hosp,3,2026-09-05,29,quantile,0.8,16.0
2026-08-15,wk inc covid hosp,3,2026-09-05,29,quantile,0.85,19.0
2026-08-15,wk inc covid hosp,3,2026-09-05,29,quantile,0.9,22.0
2026-08-15,wk inc covid hosp,3,2026-09-05,29,quantile,0.95,31.0
2026-08-15,wk inc covid hosp,3,2026-09-05,29,quantile,0.975,49.149999999999864
2026-08-15,wk inc covid hosp,3,2026-09-05,29,quantile,0.99,60.01999999999998
2026-08-15,wk inc covid hosp,3,2026-09-05,30,quantile,0.01,0.0
2026-08-15,wk inc covid hosp,3,2026-09-05,30,quantile,0.025,0.0
2026-08-15,wk inc covid hosp,3,2026-09-05,30,quantile,0.05,0.0
2026-08-15,wk inc covid hosp,3,2026-09-05,30,quantile,0.1,0.0
2026-08-15,wk inc covid hosp,3,2026-09-05,30,quantile,0.15,0.0
2026-08-15,wk inc covid hosp,3,2026-09-05,30,quantile,0.2,0.0
2026-08-15,wk inc covid hosp,3,2026-09-05,30,quantile,0.25,0.0
2026-08-15,wk inc covid hosp,3,2026-09-05,30,quantile,0.3,1.0
2026-08-15,wk inc covid hosp,3,2026-09-05,30,quantile,0.35,1.0
2026-08-15,wk inc covid hosp,3,2026-09-05,30,quantile,0.4,1.0
2026-08-15,wk inc covid hosp,3,2026-09-05,30,quantile,0.45,2.0
2026-08-15,wk inc covid hosp,3,2026-09-05,30,quantile,0.5,2.0
2026-08-15,wk inc covid hosp,3,2026-09-05,30,quantile,0.55,2.0
2026-08-15,wk inc covid hosp,3,2026-09-05,30,quantile,0.6,2.0
2026-08-15,wk inc covid hosp,3,2026-09-05,30,quantile,0.65,3.0
2026-08-15,wk inc covid hosp,3,2026-09-05,30,quantile,0.7,3.0
2026-08-15,wk inc covid hosp,3,2026-09-05,30,quantile,0.75,3.0
2026-08-15,wk inc covid hosp,3,2026-09-05,30,quantile,0.8,4.0
2026-08-15,wk inc covid hosp,3,2026-09-05,30,quantile,0.85,5.0
2026-08-15,wk inc covid hosp,3,2026-09-05,30,quantile,0.9,6.0
2026-08-15,wk inc covid hosp,3,2026-09-05,30,quantile,0.95,8.0
2026-08-15,wk inc covid hosp,3,2026-09-05,30,quantile,0.975,11.049999999999955
2026-08-15,wk inc covid hosp,3,2026-09-05,30,quantile,0.99,19.0
2026-08-15,wk inc covid hosp,3,2026-09-05,31,quantile,0.01,0.0
2026-08-15,wk inc covid hosp,3,2026-09-05,31,quantile,0.025,0.0
2026-08-15,wk inc covid hosp,3,2026-09-05,31,quantile,0.05,0.0
2026-08-15,wk inc covid hosp,3,2026-09-05,31,quantile,0.1,0.0
2026-08-15,wk inc covid hosp,3,2026-09-05,31,quantile,0.15,0.0
2026-08-15,wk inc covid hosp,3,2026-09-05,31,quantile,0.2,0.0
2026-08-15,wk inc covid hosp,3,2026-09-05,31,quantile,0.25,1.0
2026-08-15,wk inc covid hosp,3,2026-09-05,31,quantile,0.3,1.0
2026-08-15,wk inc covid hosp,3,2026-09-05,31,quantile,0.35,1.0
2026-08-15,wk inc covid hosp,3,2026-09-05,31,quantile,0.4,2.0
2026-08-15,wk inc covid hosp,3,2026-09-05,31,quantile,0.45,2.0
2026-08-15,wk inc covid hosp,3,2026-09-05,31,quantile,0.5,3.0
2026-08-15,wk inc covid hosp,3,2026-09-05,31,quantile,0.55,3.0
2026-08-15,wk inc covid hosp,3,2026-09-05,31,quantile,0.6,3.0
2026-08-15,wk inc covid hosp,3,2026-09-05,31,quantile,0.65,3.0
2026-08-15,wk inc covid hosp,3,2026-09-05,31,quantile,0.7,4.0
2026-08-15,wk inc covid hosp,3,2026-09-05,31,quantile,0.75,4.0
2026-08-15,wk inc covid hosp,3,2026-09-05,31,quantile,0.8,5.0
2026-08-15,wk inc covid hosp,3,2026-09-05,31,quantile,0.85,6.0
2026-08-15,wk inc covid hosp,3,2026-09-05,31,quantile,0.9,7.0
2026-08-15,wk inc covid hosp,3,2026-09-05,31,quantile,0.95,9.0
2026-08-15,wk inc covid hosp,3,2026-09-05,31,quantile,0.975,11.0
2026-08-15,wk inc covid hosp,3,2026-09-05,31,quantile,0.99,16.019999999999982
2026-08-15,wk inc covid hosp,3,2026-09-05,32,quantile,0.01,0.0
2026-08-15,wk inc covid hosp,3,2026-09-05,32,quantile,0.025,3.0
2026-08-15,wk inc covid hosp,3,2026-09-05,32,quantile,0.05,6.0
2026-08-15,wk inc covid hosp,3,2026-09-05,32,quantile,0.1,9.0
2026-08-15,wk inc covid hosp,3,2026-09-05,32,quantile,0.15,11.0
2026-08-15,wk inc covid hosp,3,2026-09-05,32,quantile,0.2,12.0
2026-08-15,wk inc covid hosp,3,2026-09-05,32,quantile,0.25,13.0
2026-08-15,wk inc covid hosp,3,2026-09-05,32,quantile,0.3,14.0
2026-08-15,wk inc covid hosp,3,2026-09-05,32,quantile,0.35,15.0
2026-08-15,wk inc covid hosp,3,2026-09-05,32,quantile,0.4,16.0
2026-08-15,wk inc covid hosp,3,2026-09-05,32,quantile,0.45,16.0
2026-08-15,wk inc covid hosp,3,2026-09-05,32,quantile,0.5,17.0
2026-08-15,wk inc covid hosp,3,2026-09-05,32,quantile,0.55,17.0
2026-08-15,wk inc covid hosp,3,2026-09-05,32,quantile,0.6,18.0
2026-08-15,wk inc covid hosp,3,2026-09-05,32,quantile,0.65,18.0
2026-08-15,wk inc covid hosp,3,2026-09-05,32,quantile,0.7,19.0
2026-08-15,wk inc covid hosp,3,2026-09-05,32,quantile,0.75,20.0
2026-08-15,wk inc covid hosp,3,2026-09-05,32,quantile,0.8,21.0
2026-08-15,wk inc covid hosp,3,2026-09-05,32,quantile,0.85,23.0
2026-08-15,wk inc covid hosp,3,2026-09-05,32,quantile,0.9,24.100000000000023
2026-08-15,wk inc covid hosp,3,2026-09-05,32,quantile,0.95,28.0
2026-08-15,wk inc covid hosp,3,2026-09-05,32,quantile,0.975,32.0
2026-08-15,wk inc covid hosp,3,2026-09-05,32,quantile,0.99,40.049999999999955
2026-08-15,wk inc covid hosp,3,2026-09-05,33,quantile,0.01,0.0
2026-08-15,wk inc covid hosp,3,2026-09-05,33,quantile,0.025,0.0
2026-08-15,wk inc covid hosp,3,2026-09-05,33,quantile,0.05,0.0
2026-08-15,wk inc covid hosp,3,2026-09-05,33,quantile,0.1,0.0
2026-08-15,wk inc covid hosp,3,2026-09-05,33,quantile,0.15,0.0
2026-08-15,wk inc covid hosp,3,2026-09-05,33,quantile,0.2,0.0
2026-08-15,wk inc covid hosp,3,2026-09-05,33,quantile,0.25,1.0
2026-08-15,wk inc covid hosp,3,2026-09-05,33,quantile,0.3,1.0
2026-08-15,wk inc covid hosp,3,2026-09-05,33,quantile,0.35,1.0
2026-08-15,wk inc covid hosp,3,2026-09-05,33,quantile,0.4,2.0
2026-08-15,wk inc covid hosp,3,2026-09-05,33,quantile,0.45,2.0
2026-08-15,wk inc covid hosp,3,2026-09-05,33,quantile,0.5,2.0
2026-08-15,wk inc covid hosp,3,2026-09-05,33,quantile,0.55,2.0
2026-08-15,wk inc covid hosp,3,2026-09-05,33,quantile,0.6,3.0
2026-08-15,wk inc covid hosp,3,2026-09-05,33,quantile,0.65,3.0
2026-08-15,wk inc covid hosp,3,2026-09-05,33,quantile,0.7,3.0
2026-08-15,wk inc covid hosp,3,2026-09-05,33,quantile,0.75,4.0
2026-08-15,wk inc covid hosp,3,2026-09-05,33,quantile,0.8,4.0
2026-08-15,wk inc covid hosp,3,2026-09-05,33,quantile,0.85,5.0
2026-08-15,wk inc covid hosp,3,2026-09-05,33,quantile,0.9,6.0
2026-08-15,wk inc covid hosp,3,2026-09-05,33,quantile,0.95,9.0
2026-08-15,wk inc covid hosp,3,2026-09-05,33,quantile,0.975,14.049999999999955
2026-08-15,wk inc covid hosp,3,2026-09-05,33,quantile,0.99,17.039999999999964
2026-08-15,wk inc covid hosp,3,2026-09-05,34,quantile,0.01,2.99
2026-08-15,wk inc covid hosp,3,2026-09-05,34,quantile,0.025,5.0
2026-08-15,wk inc covid hosp,3,2026-09-05,34,quantile,0.05,10.950000000000003
2026-08-15,wk inc covid hosp,3,2026-09-05,34,quantile,0.1,20.0
2026-08-15,wk inc covid hosp,3,2026-09-05,34,quantile,0.15,24.0
2026-08-15,wk inc covid hosp,3,2026-09-05,34,quantile,0.2,28.0
2026-08-15,wk inc covid hosp,3,2026-09-05,34,quantile,0.25,32.0
2026-08-15,wk inc covid hosp,3,2026-09-05,34,quantile,0.3,35.0
2026-08-15,wk inc covid hosp,3,2026-09-05,34,quantile,0.35,38.0
2026-08-15,wk inc covid hosp,3,2026-09-05,34,quantile,0.4,39.60000000000002
2026-08-15,wk inc covid hosp,3,2026-09-05,34,quantile,0.45,41.0
2026-08-15,wk inc covid hosp,3,2026-09-05,34,quantile,0.5,42.0
2026-08-15,wk inc covid hosp,3,2026-09-05,34,quantile,0.55,43.0
2026-08-15,wk inc covid hosp,3,2026-09-05,34,quantile,0.6,44.0
2026-08-15,wk inc covid hosp,3,2026-09-05,34,quantile,0.65,45.0
2026-08-15,wk inc covid hosp,3,2026-09-05,34,quantile,0.7,48.0
2026-08-15,wk inc covid hosp,3,2026-09-05,34,quantile,0.75,50.25
2026-08-15,wk inc covid hosp,3,2026-09-05,34,quantile,0.8,55.0
2026-08-15,wk inc covid hosp,3,2026-09-05,34,quantile,0.85,58.14999999999998
2026-08-15,wk inc covid hosp,3,2026-09-05,34,quantile,0.9,66.0
2026-08-15,wk inc covid hosp,3,2026-09-05,34,quantile,0.95,75.0
2026-08-15,wk inc covid hosp,3,2026-09-05,34,quantile,0.975,90.57499999999993
2026-08-15,wk inc covid hosp,3,2026-09-05,34,quantile,0.99,122.0
2026-08-15,wk inc covid hosp,3,2026-09-05,35,quantile,0.01,0.0
2026-08-15,wk inc covid hosp,3,2026-09-05,35,quantile,0.025,0.0
2026-08-15,wk inc covid hosp,3,2026-09-05,35,quantile,0.05,0.0
2026-08-15,wk inc covid hosp,3,2026-09-05,35,quantile,0.1,0.0
2026-08-15,wk inc covid hosp,3,2026-09-05,35,quantile,0.15,0.0
2026-08-15,wk inc covid hosp,3,2026-09-05,35,quantile,0.2,1.0
2026-08-15,wk inc covid hosp,3,2026-09-05,35,quantile,0.25,2.0
2026-08-15,wk inc covid hosp,3,2026-09-05,35,quantile,0.3,2.0
2026-08-15,wk inc covid hosp,3,2026-09-05,35,quantile,0.35,3.0
2026-08-15,wk inc covid hosp,3,2026-09-05,35,quantile,0.4,3.0
2026-08-15,wk inc covid hosp,3,2026-09-05,35,quantile,0.45,3.0
2026-08-15,wk inc covid hosp,3,2026-09-05,35,quantile,0.5,4.0
2026-08-15,wk inc covid hosp,3,2026-09-05,35,quantile,0.55,4.0
2026-08-15,wk inc covid hosp,3,2026-09-05,35,quantile,0.6,4.0
2026-08-15,wk inc covid hosp,3,2026-09-05,35,quantile,0.65,5.0
2026-08-15,wk inc covid hosp,3,2026-09-05,35,quantile,0.7,5.0
2026-08-15,wk inc covid hosp,3,2026-09-05,35,quantile,0.75,5.0
2026-08-15,wk inc covid hosp,3,2026-09-05,35,quantile,0.8,6.0
2026-08-15,wk inc covid hosp,3,2026-09-05,35,quantile,0.85,7.0
2026-08-15,wk inc covid hosp,3,2026-09-05,35,quantile,0.9,8.0
2026-08-15,wk inc covid hosp,3,2026-09-05,35,quantile,0.95,11.0
2026-08-15,wk inc covid hosp,3,2026-09-05,35,quantile,0.975,15.0
2026-08-15,wk inc covid hosp,3,2026-09-05,35,quantile,0.99,23.0
2026-08-15,wk inc covid hosp,3,2026-09-05,36,quantile,0.01,0.0
2026-08-15,wk inc covid hosp,3,2026-09-05,36,quantile,0.025,16.32500000000001
2026-08-15,wk inc covid hosp,3,2026-09-05,36,quantile,0.05,42.0
2026-08-15,wk inc covid hosp,3,2026-09-05,36,quantile,0.1,53.900000000000006
2026-08-15,wk inc covid hosp,3,2026-09-05,36,quantile,0.15,70.0
2026-08-15,wk inc covid hosp,3,2026-09-05,36,quantile,0.2,78.0
2026-08-15,wk inc covid hosp,3,2026-09-05,36,quantile,0.25,86.0
2026-08-15,wk inc covid hosp,3,2026-09-05,36,quantile,0.3,91.0
2026-08-15,wk inc covid hosp,3,2026-09-05,36,quantile,0.35,98.0
2026-08-15,wk inc covid hosp,3,2026-09-05,36,quantile,0.4,103.0
2026-08-15,wk inc covid hosp,3,2026-09-05,36,quantile,0.45,105.55000000000001
2026-08-15,wk inc covid hosp,3,2026-09-05,36,quantile,0.5,107.0
2026-08-15,wk inc covid hosp,3,2026-09-05,36,quantile,0.55,111.0
2026-08-15,wk inc covid hosp,3,2026-09-05,36,quantile,0.6,115.0
2026-08-15,wk inc covid hosp,3,2026-09-05,36,quantile,0.65,121.0
2026-08-15,wk inc covid hosp,3,2026-09-05,36,quantile,0.7,125.0
2026-08-15,wk inc covid hosp,3,2026-09-05,36,quantile,0.75,130.25
2026-08-15,wk inc covid hosp,3,2026-09-05,36,quantile,0.8,135.0
2026-08-15,wk inc covid hosp,3,2026-09-05,36,quantile,0.85,145.14999999999998
2026-08-15,wk inc covid hosp,3,2026-09-05,36,quantile,0.9,158.0
2026-08-15,wk inc covid hosp,3,2026-09-05,36,quantile,0.95,180.0
2026-08-15,wk inc covid hosp,3,2026-09-05,36,quantile,0.975,206.0
2026-08-15,wk inc covid hosp,3,2026-09-05,36,quantile,0.99,271.04999999999995
2026-08-15,wk inc covid hosp,3,2026-09-05,37,quantile,0.01,9.0
2026-08-15,wk inc covid hosp,3,2026-09-05,37,quantile,0.025,23.950000000000003
2026-08-15,wk inc covid hosp,3,2026-09-05,37,quantile,0.05,38.95
2026-08-15,wk inc covid hosp,3,2026-09-05,37,quantile,0.1,49.0
2026-08-15,wk inc covid hosp,3,2026-09-05,37,quantile,0.15,57.0
2026-08-15,wk inc covid hosp,3,2026-09-05,37,quantile,0.2,61.80000000000001
2026-08-15,wk inc covid hosp,3,2026-09-05,37,quantile,0.25,65.75
2026-08-15,wk inc covid hosp,3,2026-09-05,37,quantile,0.3,68.69999999999999
2026-08-15,wk inc covid hosp,3,2026-09-05,37,quantile,0.35,71.0
2026-08-15,wk inc covid hosp,3,2026-09-05,37,quantile,0.4,74.0
2026-08-15,wk inc covid hosp,3,2026-09-05,37,quantile,0.45,77.0
2026-08-15,wk inc covid hosp,3,2026-09-05,37,quantile,0.5,80.0
2026-08-15,wk inc covid hosp,3,2026-09-05,37,quantile,0.55,81.0
2026-08-15,wk inc covid hosp,3,2026-09-05,37,quantile,0.6,83.0
2026-08-15,wk inc covid hosp,3,2026-09-05,37,quantile,0.65,85.0
2026-08-15,wk inc covid hosp,3,2026-09-05,37,quantile,0.7,88.0
2026-08-15,wk inc covid hosp,3,2026-09-05,37,quantile,0.75,91.0
2026-08-15,wk inc covid hosp,3,2026-09-05,37,quantile,0.8,97.0
2026-08-15,wk inc covid hosp,3,2026-09-05,37,quantile,0.85,102.14999999999998
2026-08-15,wk inc covid hosp,3,2026-09-05,37,quantile,0.9,111.10000000000002
2026-08-15,wk inc covid hosp,3,2026-09-05,37,quantile,0.95,126.0
2026-08-15,wk inc covid hosp,3,2026-09-05,37,quantile,0.975,137.0999999999999
2026-08-15,wk inc covid hosp,3,2026-09-05,37,quantile,0.99,197.02999999999997
2026-08-15,wk inc covid hosp,3,2026-09-05,38,quantile,0.01,0.0
2026-08-15,wk inc covid hosp,3,2026-09-05,38,quantile,0.025,0.0
2026-08-15,wk inc covid hosp,3,2026-09-05,38,quantile,0.05,0.0
2026-08-15,wk inc covid hosp,3,2026-09-05,38,quantile,0.1,0.0
2026-08-15,wk inc covid hosp,3,2026-09-05,38,quantile,0.15,0.0
2026-08-15,wk inc covid hosp,3,2026-09-05,38,quantile,0.2,0.0
2026-08-15,wk inc covid hosp,3,2026-09-05,38,quantile,0.25,0.0
2026-08-15,wk inc covid hosp,3,2026-09-05,38,quantile,0.3,0.0
2026-08-15,wk inc covid hosp,3,2026-09-05,38,quantile,0.35,1.0
2026-08-15,wk inc covid hosp,3,2026-09-05,38,quantile,0.4,1.0
2026-08-15,wk inc covid hosp,3,2026-09-05,38,quantile,0.45,1.0
2026-08-15,wk inc covid hosp,3,2026-09-05,38,quantile,0.5,1.0
2026-08-15,wk inc covid hosp,3,2026-09-05,38,quantile,0.55,1.0
2026-08-15,wk inc covid hosp,3,2026-09-05,38,quantile,0.6,1.0
2026-08-15,wk inc covid hosp,3,2026-09-05,38,quantile,0.65,1.0
2026-08-15,wk inc covid hosp,3,2026-09-05,38,quantile,0.7,2.0
2026-08-15,wk inc covid hosp,3,2026-09-05,38,quantile,0.75,2.0
2026-08-15,wk inc covid hosp,3,2026-09-05,38,quantile,0.8,2.0
2026-08-15,wk inc covid hosp,3,2026-09-05,38,quantile,0.85,3.0
2026-08-15,wk inc covid hosp,3,2026-09-05,38,quantile,0.9,3.0
2026-08-15,wk inc covid hosp,3,2026-09-05,38,quantile,0.95,4.0
2026-08-15,wk inc covid hosp,3,2026-09-05,38,quantile,0.975,6.0
2026-08-15,wk inc covid hosp,3,2026-09-05,38,quantile,0.99,7.009999999999991
2026-08-15,wk inc covid hosp,3,2026-09-05,39,quantile,0.01,0.0
2026-08-15,wk inc covid hosp,3,2026-09-05,39,quantile,0.025,0.0
2026-08-15,wk inc covid hosp,3,2026-09-05,39,quantile,0.05,0.0
2026-08-15,wk inc covid hosp,3,2026-09-05,39,quantile,0.1,0.0
2026-08-15,wk inc covid hosp,3,2026-09-05,39,quantile,0.15,1.0
2026-08-15,wk inc covid hosp,3,2026-09-05,39,quantile,0.2,5.800000000000011
2026-08-15,wk inc covid hosp,3,2026-09-05,39,quantile,0.25,9.0
2026-08-15,wk inc covid hosp,3,2026-09-05,39,quantile,0.3,11.0
2026-08-15,wk inc covid hosp,3,2026-09-05,39,quantile,0.35,13.0
2026-08-15,wk inc covid hosp,3,2026-09-05,39,quantile,0.4,15.0
2026-08-15,wk inc covid hosp,3,2026-09-05,39,quantile,0.45,17.0
2026-08-15,wk inc covid hosp,3,2026-09-05,39,quantile,0.5,19.0
2026-08-15,wk inc covid hosp,3,2026-09-05,39,quantile,0.55,20.0
2026-08-15,wk inc covid hosp,3,2026-09-05,39,quantile,0.6,22.0
2026-08-15,wk inc covid hosp,3,2026-09-05,39,quantile,0.65,24.0
2026-08-15,wk inc covid hosp,3,2026-09-05,39,quantile,0.7,27.0
2026-08-15,wk inc covid hosp,3,2026-09-05,39,quantile,0.75,29.0
2026-08-15,wk inc covid hosp,3,2026-09-05,39,quantile,0.8,32.0
2026-08-15,wk inc covid hosp,3,2026-09-05,39,quantile,0.85,38.0
2026-08-15,wk inc covid hosp,3,2026-09-05,39,quantile,0.9,46.10000000000002
2026-08-15,wk inc covid hosp,3,2026-09-05,39,quantile,0.95,64.04999999999995
2026-08-15,wk inc covid hosp,3,2026-09-05,39,quantile,0.975,89.04999999999995
2026-08-15,wk inc covid hosp,3,2026-09-05,39,quantile,0.99,111.02999999999997
2026-08-15,wk inc covid hosp,3,2026-09-05,40,quantile,0.01,0.0
2026-08-15,wk inc covid hosp,3,2026-09-05,40,quantile,0.025,0.0
2026-08-15,wk inc covid hosp,3,2026-09-05,40,quantile,0.05,0.0
2026-08-15,wk inc covid hosp,3,2026-09-05,40,quantile,0.1,2.0
2026-08-15,wk inc covid hosp,3,2026-09-05,40,quantile,0.15,4.0
2026-08-15,wk inc covid hosp,3,2026-09-05,40,quantile,0.2,6.0
2026-08-15,wk inc covid hosp,3,2026-09-05,40,quantile,0.25,7.0
2026-08-15,wk inc covid hosp,3,2026-09-05,40,quantile,0.3,8.0
2026-08-15,wk inc covid hosp,3,2026-09-05,40,quantile,0.35,9.0
2026-08-15,wk inc covid hosp,3,2026-09-05,40,quantile,0.4,10.0
2026-08-15,wk inc covid hosp,3,2026-09-05,40,quantile,0.45,11.0
2026-08-15,wk inc covid hosp,3,2026-09-05,40,quantile,0.5,11.0
2026-08-15,wk inc covid hosp,3,2026-09-05,40,quantile,0.55,12.0
2026-08-15,wk inc covid hosp,3,2026-09-05,40,quantile,0.6,13.0
2026-08-15,wk inc covid hosp,3,2026-09-05,40,quantile,0.65,13.0
2026-08-15,wk inc covid hosp,3,2026-09-05,40,quantile,0.7,14.0
2026-08-15,wk inc covid hosp,3,2026-09-05,40,quantile,0.75,16.0
2026-08-15,wk inc covid hosp,3,2026-09-05,40,quantile,0.8,17.0
2026-08-15,wk inc covid hosp,3,2026-09-05,40,quantile,0.85,18.0
2026-08-15,wk inc covid hosp,3,2026-09-05,40,quantile,0.9,21.0
2026-08-15,wk inc covid hosp,3,2026-09-05,40,quantile,0.95,26.049999999999955
2026-08-15,wk inc covid hosp,3,2026-09-05,40,quantile,0.975,32.0
2026-08-15,wk inc covid hosp,3,2026-09-05,40,quantile,0.99,42.09999999999991
2026-08-15,wk inc covid hosp,3,2026-09-05,41,quantile,0.01,0.0
2026-08-15,wk inc covid hosp,3,2026-09-05,41,quantile,0.025,0.0
2026-08-15,wk inc covid hosp,3,2026-09-05,41,quantile,0.05,0.0
2026-08-15,wk inc covid hosp,3,2026-09-05,41,quantile,0.1,0.0
2026-08-15,wk inc covid hosp,3,2026-09-05,41,quantile,0.15,1.0
2026-08-15,wk inc covid hosp,3,2026-09-05,41,quantile,0.2,2.0
2026-08-15,wk inc covid hosp,3,2026-09-05,41,quantile,0.25,3.0
2026-08-15,wk inc covid hosp,3,2026-09-05,41,quantile,0.3,4.0
2026-08-15,wk inc covid hosp,3,2026-09-05,41,quantile,0.35,5.0
2026-08-15,wk inc covid hosp,3,2026-09-05,41,quantile,0.4,6.0
2026-08-15,wk inc covid hosp,3,2026-09-05,41,quantile,0.45,6.0
2026-08-15,wk inc covid hosp,3,2026-09-05,41,quantile,0.5,7.0
2026-08-15,wk inc covid hosp,3,2026-09-05,41,quantile,0.55,7.0
2026-08-15,wk inc covid hosp,3,2026-09-05,41,quantile,0.6,7.0
2026-08-15,wk inc covid hosp,3,2026-09-05,41,quantile,0.65,8.0
2026-08-15,wk inc covid hosp,3,2026-09-05,41,quantile,0.7,9.0
2026-08-15,wk inc covid hosp,3,2026-09-05,41,quantile,0.75,10.0
2026-08-15,wk inc covid hosp,3,2026-09-05,41,quantile,0.8,11.0
2026-08-15,wk inc covid hosp,3,2026-09-05,41,quantile,0.85,12.149999999999977
2026-08-15,wk inc covid hosp,3,2026-09-05,41,quantile,0.9,14.0
2026-08-15,wk inc covid hosp,3,2026-09-05,41,quantile,0.95,18.0
2026-08-15,wk inc covid hosp,3,2026-09-05,41,quantile,0.975,23.524999999999977
2026-08-15,wk inc covid hosp,3,2026-09-05,41,quantile,0.99,31.00999999999999
2026-08-15,wk inc covid hosp,3,2026-09-05,42,quantile,0.01,0.0
2026-08-15,wk inc covid hosp,3,2026-09-05,42,quantile,0.025,0.0
2026-08-15,wk inc covid hosp,3,2026-09-05,42,quantile,0.05,0.0
2026-08-15,wk inc covid hosp,3,2026-09-05,42,quantile,0.1,7.0
2026-08-15,wk inc covid hosp,3,2026-09-05,42,quantile,0.15,15.0
2026-08-15,wk inc covid hosp,3,2026-09-05,42,quantile,0.2,19.0
2026-08-15,wk inc covid hosp,3,2026-09-05,42,quantile,0.25,24.75
2026-08-15,wk inc covid hosp,3,2026-09-05,42,quantile,0.3,28.69999999999999
2026-08-15,wk inc covid hosp,3,2026-09-05,42,quantile,0.35,31.0
2026-08-15,wk inc covid hosp,3,2026-09-05,42,quantile,0.4,34.0
2026-08-15,wk inc covid hosp,3,2026-09-05,42,quantile,0.45,37.0
2026-08-15,wk inc covid hosp,3,2026-09-05,42,quantile,0.5,39.0
2026-08-15,wk inc covid hosp,3,2026-09-05,42,quantile,0.55,40.0
2026-08-15,wk inc covid hosp,3,2026-09-05,42,quantile,0.6,41.39999999999998
2026-08-15,wk inc covid hosp,3,2026-09-05,42,quantile,0.65,44.0
2026-08-15,wk inc covid hosp,3,2026-09-05,42,quantile,0.7,46.0
2026-08-15,wk inc covid hosp,3,2026-09-05,42,quantile,0.75,49.0
2026-08-15,wk inc covid hosp,3,2026-09-05,42,quantile,0.8,53.0
2026-08-15,wk inc covid hosp,3,2026-09-05,42,quantile,0.85,60.14999999999998
2026-08-15,wk inc covid hosp,3,2026-09-05,42,quantile,0.9,66.0
2026-08-15,wk inc covid hosp,3,2026-09-05,42,quantile,0.95,75.04999999999995
2026-08-15,wk inc covid hosp,3,2026-09-05,42,quantile,0.975,83.52499999999998
2026-08-15,wk inc covid hosp,3,2026-09-05,42,quantile,0.99,111.0
2026-08-15,wk inc covid hosp,3,2026-09-05,44,quantile,0.01,0.0
2026-08-15,wk inc covid hosp,3,2026-09-05,44,quantile,0.025,0.0
2026-08-15,wk inc covid hosp,3,2026-09-05,44,quantile,0.05,0.0
2026-08-15,wk inc covid hosp,3,2026-09-05,44,quantile,0.1,1.0
2026-08-15,wk inc covid hosp,3,2026-09-05,44,quantile,0.15,2.0
2026-08-15,wk inc covid hosp,3,2026-09-05,44,quantile,0.2,2.0
2026-08-15,wk inc covid hosp,3,2026-09-05,44,quantile,0.25,3.0
2026-08-15,wk inc covid hosp,3,2026-09-05,44,quantile,0.3,3.0
2026-08-15,wk inc covid hosp,3,2026-09-05,44,quantile,0.35,3.0
2026-08-15,wk inc covid hosp,3,2026-09-05,44,quantile,0.4,4.0
2026-08-15,wk inc covid hosp,3,2026-09-05,44,quantile,0.45,4.0
2026-08-15,wk inc covid hosp,3,2026-09-05,44,quantile,0.5,4.0
2026-08-15,wk inc covid hosp,3,2026-09-05,44,quantile,0.55,4.0
2026-08-15,wk inc covid hosp,3,2026-09-05,44,quantile,0.6,4.0
2026-08-15,wk inc covid hosp,3,2026-09-05,44,quantile,0.65,5.0
2026-08-15,wk inc covid hosp,3,2026-09-05,44,quantile,0.7,5.0
2026-08-15,wk inc covid hosp,3,2026-09-05,44,quantile,0.75,5.0
2026-08-15,wk inc covid hosp,3,2026-09-05,44,quantile,0.8,5.0
2026-08-15,wk inc covid hosp,3,2026-09-05,44,quantile,0.85,6.0
2026-08-15,wk inc covid hosp,3,2026-09-05,44,quantile,0.9,7.0
2026-08-15,wk inc covid hosp,3,2026-09-05,44,quantile,0.95,8.0
2026-08-15,wk inc covid hosp,3,2026-09-05,44,quantile,0.975,9.0
2026-08-15,wk inc covid hosp,3,2026-09-05,44,quantile,0.99,12.009999999999991
2026-08-15,wk inc covid hosp,3,2026-09-05,45,quantile,0.01,0.0
2026-08-15,wk inc covid hosp,3,2026-09-05,45,quantile,0.025,1.4750000000000014
2026-08-15,wk inc covid hosp,3,2026-09-05,45,quantile,0.05,6.0
2026-08-15,wk inc covid hosp,3,2026-09-05,45,quantile,0.1,11.0
2026-08-15,wk inc covid hosp,3,2026-09-05,45,quantile,0.15,13.0
2026-08-15,wk inc covid hosp,3,2026-09-05,45,quantile,0.2,15.0
2026-08-15,wk inc covid hosp,3,2026-09-05,45,quantile,0.25,16.0
2026-08-15,wk inc covid hosp,3,2026-09-05,45,quantile,0.3,17.0
2026-08-15,wk inc covid hosp,3,2026-09-05,45,quantile,0.35,19.0
2026-08-15,wk inc covid hosp,3,2026-09-05,45,quantile,0.4,20.0
2026-08-15,wk inc covid hosp,3,2026-09-05,45,quantile,0.45,21.0
2026-08-15,wk inc covid hosp,3,2026-09-05,45,quantile,0.5,22.0
2026-08-15,wk inc covid hosp,3,2026-09-05,45,quantile,0.55,22.0
2026-08-15,wk inc covid hosp,3,2026-09-05,45,quantile,0.6,23.0
2026-08-15,wk inc covid hosp,3,2026-09-05,45,quantile,0.65,24.0
2026-08-15,wk inc covid hosp,3,2026-09-05,45,quantile,0.7,25.0
2026-08-15,wk inc covid hosp,3,2026-09-05,45,quantile,0.75,26.0
2026-08-15,wk inc covid hosp,3,2026-09-05,45,quantile,0.8,28.0
2026-08-15,wk inc covid hosp,3,2026-09-05,45,quantile,0.85,29.149999999999977
2026-08-15,wk inc covid hosp,3,2026-09-05,45,quantile,0.9,33.0
2026-08-15,wk inc covid hosp,3,2026-09-05,45,quantile,0.95,39.0
2026-08-15,wk inc covid hosp,3,2026-09-05,45,quantile,0.975,44.57499999999993
2026-08-15,wk inc covid hosp,3,2026-09-05,45,quantile,0.99,58.08999999999992
2026-08-15,wk inc covid hosp,3,2026-09-05,46,quantile,0.01,0.0
2026-08-15,wk inc covid hosp,3,2026-09-05,46,quantile,0.025,0.0
2026-08-15,wk inc covid hosp,3,2026-09-05,46,quantile,0.05,0.0
2026-08-15,wk inc covid hosp,3,2026-09-05,46,quantile,0.1,0.0
2026-08-15,wk inc covid hosp,3,2026-09-05,46,quantile,0.15,0.0
2026-08-15,wk inc covid hosp,3,2026-09-05,46,quantile,0.2,0.0
2026-08-15,wk inc covid hosp,3,2026-09-05,46,quantile,0.25,0.0
2026-08-15,wk inc covid hosp,3,2026-09-05,46,quantile,0.3,0.0
2026-08-15,wk inc covid hosp,3,2026-09-05,46,quantile,0.35,1.0
2026-08-15,wk inc covid hosp,3,2026-09-05,46,quantile,0.4,1.0
2026-08-15,wk inc covid hosp,3,2026-09-05,46,quantile,0.45,1.0
2026-08-15,wk inc covid hosp,3,2026-09-05,46,quantile,0.5,1.0
2026-08-15,wk inc covid hosp,3,2026-09-05,46,quantile,0.55,1.0
2026-08-15,wk inc covid hosp,3,2026-09-05,46,quantile,0.6,2.0
2026-08-15,wk inc covid hosp,3,2026-09-05,46,quantile,0.65,2.0
2026-08-15,wk inc covid hosp,3,2026-09-05,46,quantile,0.7,2.0
2026-08-15,wk inc covid hosp,3,2026-09-05,46,quantile,0.75,2.0
2026-08-15,wk inc covid hosp,3,2026-09-05,46,quantile,0.8,3.0
2026-08-15,wk inc covid hosp,3,2026-09-05,46,quantile,0.85,4.0
2026-08-15,wk inc covid hosp,3,2026-09-05,46,quantile,0.9,4.0
2026-08-15,wk inc covid hosp,3,2026-09-05,46,quantile,0.95,6.0
2026-08-15,wk inc covid hosp,3,2026-09-05,46,quantile,0.975,9.524999999999977
2026-08-15,wk inc covid hosp,3,2026-09-05,46,quantile,0.99,13.009999999999991
2026-08-15,wk inc covid hosp,3,2026-09-05,47,quantile,0.01,5.0
2026-08-15,wk inc covid hosp,3,2026-09-05,47,quantile,0.025,9.0
2026-08-15,wk inc covid hosp,3,2026-09-05,47,quantile,0.05,16.950000000000003
2026-08-15,wk inc covid hosp,3,2026-09-05,47,quantile,0.1,24.0
2026-08-15,wk inc covid hosp,3,2026-09-05,47,quantile,0.15,27.0
2026-08-15,wk inc covid hosp,3,2026-09-05,47,quantile,0.2,30.0
2026-08-15,wk inc covid hosp,3,2026-09-05,47,quantile,0.25,31.75
2026-08-15,wk inc covid hosp,3,2026-09-05,47,quantile,0.3,33.0
2026-08-15,wk inc covid hosp,3,2026-09-05,47,quantile,0.35,35.0
2026-08-15,wk inc covid hosp,3,2026-09-05,47,quantile,0.4,37.0
2026-08-15,wk inc covid hosp,3,2026-09-05,47,quantile,0.45,38.0
2026-08-15,wk inc covid hosp,3,2026-09-05,47,quantile,0.5,39.0
2026-08-15,wk inc covid hosp,3,2026-09-05,47,quantile,0.55,40.0
2026-08-15,wk inc covid hosp,3,2026-09-05,47,quantile,0.6,41.0
2026-08-15,wk inc covid hosp,3,2026-09-05,47,quantile,0.65,43.0
2026-08-15,wk inc covid hosp,3,2026-09-05,47,quantile,0.7,45.0
2026-08-15,wk inc covid hosp,3,2026-09-05,47,quantile,0.75,48.0
2026-08-15,wk inc covid hosp,3,2026-09-05,47,quantile,0.8,50.0
2026-08-15,wk inc covid hosp,3,2026-09-05,47,quantile,0.85,54.0
2026-08-15,wk inc covid hosp,3,2026-09-05,47,quantile,0.9,59.0
2026-08-15,wk inc covid hosp,3,2026-09-05,47,quantile,0.95,67.04999999999995
2026-08-15,wk inc covid hosp,3,2026-09-05,47,quantile,0.975,93.52499999999998
2026-08-15,wk inc covid hosp,3,2026-09-05,47,quantile,0.99,111.02999999999997
2026-08-15,wk inc covid hosp,3,2026-09-05,48,quantile,0.01,73.96000000000001
2026-08-15,wk inc covid hosp,3,2026-09-05,48,quantile,0.025,118.0
2026-08-15,wk inc covid hosp,3,2026-09-05,48,quantile,0.05,155.9
2026-08-15,wk inc covid hosp,3,2026-09-05,48,quantile,0.1,193.8
2026-08-15,wk inc covid hosp,3,2026-09-05,48,quantile,0.15,212.54999999999998
2026-08-15,wk inc covid hosp,3,2026-09-05,48,quantile,0.2,226.0
2026-08-15,wk inc covid hosp,3,2026-09-05,48,quantile,0.25,240.0
2026-08-15,wk inc covid hosp,3,2026-09-05,48,quantile,0.3,251.0
2026-08-15,wk inc covid hosp,3,2026-09-05,48,quantile,0.35,257.65
2026-08-15,wk inc covid hosp,3,2026-09-05,48,quantile,0.4,270.0
2026-08-15,wk inc covid hosp,3,2026-09-05,48,quantile,0.45,278.0
2026-08-15,wk inc covid hosp,3,2026-09-05,48,quantile,0.5,283.0
2026-08-15,wk inc covid hosp,3,2026-09-05,48,quantile,0.55,289.0
2026-08-15,wk inc covid hosp,3,2026-09-05,48,quantile,0.6,298.0
2026-08-15,wk inc covid hosp,3,2026-09-05,48,quantile,0.65,307.35
2026-08-15,wk inc covid hosp,3,2026-09-05,48,quantile,0.7,315.0
2026-08-15,wk inc covid hosp,3,2026-09-05,48,quantile,0.75,326.0
2026-08-15,wk inc covid hosp,3,2026-09-05,48,quantile,0.8,339.0
2026-08-15,wk inc covid hosp,3,2026-09-05,48,quantile,0.85,354.15
2026-08-15,wk inc covid hosp,3,2026-09-05,48,quantile,0.9,372.0
2026-08-15,wk inc covid hosp,3,2026-09-05,48,quantile,0.95,413.0999999999999
2026-08-15,wk inc covid hosp,3,2026-09-05,48,quantile,0.975,481.0
2026-08-15,wk inc covid hosp,3,2026-09-05,48,quantile,0.99,543.06
2026-08-15,wk inc covid hosp,3,2026-09-05,49,quantile,0.01,0.0
2026-08-15,wk inc covid hosp,3,2026-09-05,49,quantile,0.025,0.0
2026-08-15,wk inc covid hosp,3,2026-09-05,49,quantile,0.05,0.0
2026-08-15,wk inc covid hosp,3,2026-09-05,49,quantile,0.1,0.0
2026-08-15,wk inc covid hosp,3,2026-09-05,49,quantile,0.15,0.0
2026-08-15,wk inc covid hosp,3,2026-09-05,49,quantile,0.2,1.0
2026-08-15,wk inc covid hosp,3,2026-09-05,49,quantile,0.25,2.0
2026-08-15,wk inc covid hosp,3,2026-09-05,49,quantile,0.3,3.0
2026-08-15,wk inc covid hosp,3,2026-09-05,49,quantile,0.35,3.0
2026-08-15,wk inc covid hosp,3,2026-09-05,49,quantile,0.4,4.0
2026-08-15,wk inc covid hosp,3,2026-09-05,49,quantile,0.45,4.0
2026-08-15,wk inc covid hosp,3,2026-09-05,49,quantile,0.5,5.0
2026-08-15,wk inc covid hosp,3,2026-09-05,49,quantile,0.55,5.0
2026-08-15,wk inc covid hosp,3,2026-09-05,49,quantile,0.6,6.0
2026-08-15,wk inc covid hosp,3,2026-09-05,49,quantile,0.65,6.0
2026-08-15,wk inc covid hosp,3,2026-09-05,49,quantile,0.7,7.0
2026-08-15,wk inc covid hosp,3,2026-09-05,49,quantile,0.75,8.0
2026-08-15,wk inc covid hosp,3,2026-09-05,49,quantile,0.8,9.0
2026-08-15,wk inc covid hosp,3,2026-09-05,49,quantile,0.85,10.149999999999977
2026-08-15,wk inc covid hosp,3,2026-09-05,49,quantile,0.9,12.0
2026-08-15,wk inc covid hosp,3,2026-09-05,49,quantile,0.95,18.0
2026-08-15,wk inc covid hosp,3,2026-09-05,49,quantile,0.975,23.0
2026-08-15,wk inc covid hosp,3,2026-09-05,49,quantile,0.99,28.0
2026-08-15,wk inc covid hosp,3,2026-09-05,50,quantile,0.01,0.0
2026-08-15,wk inc covid hosp,3,2026-09-05,50,quantile,0.025,0.0
2026-08-15,wk inc covid hosp,3,2026-09-05,50,quantile,0.05,0.0
2026-08-15,wk inc covid hosp,3,2026-09-05,50,quantile,0.1,0.0
2026-08-15,wk inc covid hosp,3,2026-09-05,50,quantile,0.15,1.0
2026-08-15,wk inc covid hosp,3,2026-09-05,50,quantile,0.2,1.0
2026-08-15,wk inc covid hosp,3,2026-09-05,50,quantile,0.25,1.0
2026-08-15,wk inc covid hosp,3,2026-09-05,50,quantile,0.3,1.0
2026-08-15,wk inc covid hosp,3,2026-09-05,50,quantile,0.35,2.0
2026-08-15,wk inc covid hosp,3,2026-09-05,50,quantile,0.4,2.0
2026-08-15,wk inc covid hosp,3,2026-09-05,50,quantile,0.45,2.0
2026-08-15,wk inc covid hosp,3,2026-09-05,50,quantile,0.5,2.0
2026-08-15,wk inc covid hosp,3,2026-09-05,50,quantile,0.55,2.0
2026-08-15,wk inc covid hosp,3,2026-09-05,50,quantile,0.6,3.0
2026-08-15,wk inc covid hosp,3,2026-09-05,50,quantile,0.65,3.0
2026-08-15,wk inc covid hosp,3,2026-09-05,50,quantile,0.7,3.0
2026-08-15,wk inc covid hosp,3,2026-09-05,50,quantile,0.75,3.0
2026-08-15,wk inc covid hosp,3,2026-09-05,50,quantile,0.8,3.0
2026-08-15,wk inc covid hosp,3,2026-09-05,50,quantile,0.85,4.0
2026-08-15,wk inc covid hosp,3,2026-09-05,50,quantile,0.9,5.0
2026-08-15,wk inc covid hosp,3,2026-09-05,50,quantile,0.95,6.0
2026-08-15,wk inc covid hosp,3,2026-09-05,50,quantile,0.975,9.0
2026-08-15,wk inc covid hosp,3,2026-09-05,50,quantile,0.99,13.029999999999973
2026-08-15,wk inc covid hosp,3,2026-09-05,51,quantile,0.01,0.0
2026-08-15,wk inc covid hosp,3,2026-09-05,51,quantile,0.025,0.0
2026-08-15,wk inc covid hosp,3,2026-09-05,51,quantile,0.05,0.0
2026-08-15,wk inc covid hosp,3,2026-09-05,51,quantile,0.1,0.0
2026-08-15,wk inc covid hosp,3,2026-09-05,51,quantile,0.15,2.0
2026-08-15,wk inc covid hosp,3,2026-09-05,51,quantile,0.2,4.0
2026-08-15,wk inc covid hosp,3,2026-09-05,51,quantile,0.25,6.75
2026-08-15,wk inc covid hosp,3,2026-09-05,51,quantile,0.3,8.0
2026-08-15,wk inc covid hosp,3,2026-09-05,51,quantile,0.35,10.0
2026-08-15,wk inc covid hosp,3,2026-09-05,51,quantile,0.4,11.0
2026-08-15,wk inc covid hosp,3,2026-09-05,51,quantile,0.45,13.0
2026-08-15,wk inc covid hosp,3,2026-09-05,51,quantile,0.5,13.0
2026-08-15,wk inc covid hosp,3,2026-09-05,51,quantile,0.55,14.0
2026-08-15,wk inc covid hosp,3,2026-09-05,51,quantile,0.6,15.0
2026-08-15,wk inc covid hosp,3,2026-09-05,51,quantile,0.65,16.0
2026-08-15,wk inc covid hosp,3,2026-09-05,51,quantile,0.7,18.0
2026-08-15,wk inc covid hosp,3,2026-09-05,51,quantile,0.75,20.0
2026-08-15,wk inc covid hosp,3,2026-09-05,51,quantile,0.8,23.0
2026-08-15,wk inc covid hosp,3,2026-09-05,51,quantile,0.85,26.0
2026-08-15,wk inc covid hosp,3,2026-09-05,51,quantile,0.9,31.0
2026-08-15,wk inc covid hosp,3,2026-09-05,51,quantile,0.95,38.049999999999955
2026-08-15,wk inc covid hosp,3,2026-09-05,51,quantile,0.975,51.09999999999991
2026-08-15,wk inc covid hosp,3,2026-09-05,51,quantile,0.99,84.00999999999999
2026-08-15,wk inc covid hosp,3,2026-09-05,53,quantile,0.01,0.0
2026-08-15,wk inc covid hosp,3,2026-09-05,53,quantile,0.025,0.0
2026-08-15,wk inc covid hosp,3,2026-09-05,53,quantile,0.05,0.0
2026-08-15,wk inc covid hosp,3,2026-09-05,53,quantile,0.1,4.900000000000006
2026-08-15,wk inc covid hosp,3,2026-09-05,53,quantile,0.15,8.849999999999994
2026-08-15,wk inc covid hosp,3,2026-09-05,53,quantile,0.2,11.0
2026-08-15,wk inc covid hosp,3,2026-09-05,53,quantile,0.25,14.75
2026-08-15,wk inc covid hosp,3,2026-09-05,53,quantile,0.3,16.69999999999999
2026-08-15,wk inc covid hosp,3,2026-09-05,53,quantile,0.35,19.0
2026-08-15,wk inc covid hosp,3,2026-09-05,53,quantile,0.4,20.0
2026-08-15,wk inc covid hosp,3,2026-09-05,53,quantile,0.45,21.0
2026-08-15,wk inc covid hosp,3,2026-09-05,53,quantile,0.5,22.0
2026-08-15,wk inc covid hosp,3,2026-09-05,53,quantile,0.55,24.0
2026-08-15,wk inc covid hosp,3,2026-09-05,53,quantile,0.6,25.0
2026-08-15,wk inc covid hosp,3,2026-09-05,53,quantile,0.65,26.0
2026-08-15,wk inc covid hosp,3,2026-09-05,53,quantile,0.7,28.0
2026-08-15,wk inc covid hosp,3,2026-09-05,53,quantile,0.75,30.25
2026-08-15,wk inc covid hosp,3,2026-09-05,53,quantile,0.8,33.0
2026-08-15,wk inc covid hosp,3,2026-09-05,53,quantile,0.85,36.0
2026-08-15,wk inc covid hosp,3,2026-09-05,53,quantile,0.9,43.0
2026-08-15,wk inc covid hosp,3,2026-09-05,53,quantile,0.95,60.049999999999955
2026-08-15,wk inc covid hosp,3,2026-09-05,53,quantile,0.975,72.0
2026-08-15,wk inc covid hosp,3,2026-09-05,53,quantile,0.99,97.02999999999997
2026-08-15,wk inc covid hosp,3,2026-09-05,54,quantile,0.01,0.0
2026-08-15,wk inc covid hosp,3,2026-09-05,54,quantile,0.025,0.0
2026-08-15,wk inc covid hosp,3,2026-09-05,54,quantile,0.05,0.0
2026-08-15,wk inc covid hosp,3,2026-09-05,54,quantile,0.1,0.0
2026-08-15,wk inc covid hosp,3,2026-09-05,54,quantile,0.15,0.0
2026-08-15,wk inc covid hosp,3,2026-09-05,54,quantile,0.2,0.0
2026-08-15,wk inc covid hosp,3,2026-09-05,54,quantile,0.25,1.0
2026-08-15,wk inc covid hosp,3,2026-09-05,54,quantile,0.3,1.0
2026-08-15,wk inc covid hosp,3,2026-09-05,54,quantile,0.35,2.0
2026-08-15,wk inc covid hosp,3,2026-09-05,54,quantile,0.4,2.0
2026-08-15,wk inc covid hosp,3,2026-09-05,54,quantile,0.45,2.0
2026-08-15,wk inc covid hosp,3,2026-09-05,54,quantile,0.5,2.0
2026-08-15,wk inc covid hosp,3,2026-09-05,54,quantile,0.55,2.4500000000000455
2026-08-15,wk inc covid hosp,3,2026-09-05,54,quantile,0.6,3.0
2026-08-15,wk inc covid hosp,3,2026-09-05,54,quantile,0.65,3.0
2026-08-15,wk inc covid hosp,3,2026-09-05,54,quantile,0.7,3.0
2026-08-15,wk inc covid hosp,3,2026-09-05,54,quantile,0.75,4.0
2026-08-15,wk inc covid hosp,3,2026-09-05,54,quantile,0.8,4.0
2026-08-15,wk inc covid hosp,3,2026-09-05,54,quantile,0.85,5.0
2026-08-15,wk inc covid hosp,3,2026-09-05,54,quantile,0.9,6.0
2026-08-15,wk inc covid hosp,3,2026-09-05,54,quantile,0.95,8.049999999999955
2026-08-15,wk inc covid hosp,3,2026-09-05,54,quantile,0.975,11.524999999999977
2026-08-15,wk inc covid hosp,3,2026-09-05,54,quantile,0.99,18.00999999999999
2026-08-15,wk inc covid hosp,3,2026-09-05,55,quantile,0.01,0.0
2026-08-15,wk inc covid hosp,3,2026-09-05,55,quantile,0.025,0.0
2026-08-15,wk inc covid hosp,3,2026-09-05,55,quantile,0.05,0.0
2026-08-15,wk inc covid hosp,3,2026-09-05,55,quantile,0.1,0.0
2026-08-15,wk inc covid hosp,3,2026-09-05,55,quantile,0.15,0.0
2026-08-15,wk inc covid hosp,3,2026-09-05,55,quantile,0.2,1.0
2026-08-15,wk inc covid hosp,3,2026-09-05,55,quantile,0.25,3.0
2026-08-15,wk inc covid hosp,3,2026-09-05,55,quantile,0.3,4.0
2026-08-15,wk inc covid hosp,3,2026-09-05,55,quantile,0.35,6.0
2026-08-15,wk inc covid hosp,3,2026-09-05,55,quantile,0.4,7.0
2026-08-15,wk inc covid hosp,3,2026-09-05,55,quantile,0.45,8.0
2026-08-15,wk inc covid hosp,3,2026-09-05,55,quantile,0.5,9.0
2026-08-15,wk inc covid hosp,3,2026-09-05,55,quantile,0.55,9.450000000000045
2026-08-15,wk inc covid hosp,3,2026-09-05,55,quantile,0.6,10.0
2026-08-15,wk inc covid hosp,3,2026-09-05,55,quantile,0.65,12.0
2026-08-15,wk inc covid hosp,3,2026-09-05,55,quantile,0.7,13.0
2026-08-15,wk inc covid hosp,3,2026-09-05,55,quantile,0.75,14.0
2026-08-15,wk inc covid hosp,3,2026-09-05,55,quantile,0.8,15.0
2026-08-15,wk inc covid hosp,3,2026-09-05,55,quantile,0.85,18.0
2026-08-15,wk inc covid hosp,3,2026-09-05,55,quantile,0.9,20.100000000000023
2026-08-15,wk inc covid hosp,3,2026-09-05,55,quantile,0.95,28.0
2026-08-15,wk inc covid hosp,3,2026-09-05,55,quantile,0.975,36.049999999999955
2026-08-15,wk inc covid hosp,3,2026-09-05,55,quantile,0.99,42.049999999999955
2026-08-15,wk inc covid hosp,3,2026-09-05,56,quantile,0.01,0.0
2026-08-15,wk inc covid hosp,3,2026-09-05,56,quantile,0.025,0.0
2026-08-15,wk inc covid hosp,3,2026-09-05,56,quantile,0.05,0.0
2026-08-15,wk inc covid hosp,3,2026-09-05,56,quantile,0.1,0.0
2026-08-15,wk inc covid hosp,3,2026-09-05,56,quantile,0.15,0.0
2026-08-15,wk inc covid hosp,3,2026-09-05,56,quantile,0.2,0.0
2026-08-15,wk inc covid hosp,3,2026-09-05,56,quantile,0.25,0.0
2026-08-15,wk inc covid hosp,3,2026-09-05,56,quantile,0.3,0.0
2026-08-15,wk inc covid hosp,3,2026-09-05,56,quantile,0.35,1.0
2026-08-15,wk inc covid hosp,3,2026-09-05,56,quantile,0.4,1.0
2026-08-15,wk inc covid hosp,3,2026-09-05,56,quantile,0.45,1.0
2026-08-15,wk inc covid hosp,3,2026-09-05,56,quantile,0.5,1.0
2026-08-15,wk inc covid hosp,3,2026-09-05,56,quantile,0.55,1.0
2026-08-15,wk inc covid hosp,3,2026-09-05,56,quantile,0.6,1.0
2026-08-15,wk inc covid hosp,3,2026-09-05,56,quantile,0.65,1.0
2026-08-15,wk inc covid hosp,3,2026-09-05,56,quantile,0.7,2.0
2026-08-15,wk inc covid hosp,3,2026-09-05,56,quantile,0.75,2.0
2026-08-15,wk inc covid hosp,3,2026-09-05,56,quantile,0.8,2.0
2026-08-15,wk inc covid hosp,3,2026-09-05,56,quantile,0.85,3.0
2026-08-15,wk inc covid hosp,3,2026-09-05,56,quantile,0.9,3.0
2026-08-15,wk inc covid hosp,3,2026-09-05,56,quantile,0.95,4.0
2026-08-15,wk inc covid hosp,3,2026-09-05,56,quantile,0.975,6.0
2026-08-15,wk inc covid hosp,3,2026-09-05,56,quantile,0.99,8.009999999999991
2026-08-15,wk inc covid hosp,3,2026-09-05,72,quantile,0.01,1.0
2026-08-15,wk inc covid hosp,3,2026-09-05,72,quantile,0.025,6.0
2026-08-15,wk inc covid hosp,3,2026-09-05,72,quantile,0.05,12.0
2026-08-15,wk inc covid hosp,3,2026-09-05,72,quantile,0.1,21.0
2026-08-15,wk inc covid hosp,3,2026-09-05,72,quantile,0.15,27.0
2026-08-15,wk inc covid hosp,3,2026-09-05,72,quantile,0.2,29.0
2026-08-15,wk inc covid hosp,3,2026-09-05,72,quantile,0.25,31.0
2026-08-15,wk inc covid hosp,3,2026-09-05,72,quantile,0.3,33.69999999999999
2026-08-15,wk inc covid hosp,3,2026-09-05,72,quantile,0.35,35.64999999999998
2026-08-15,wk inc covid hosp,3,2026-09-05,72,quantile,0.4,38.0
2026-08-15,wk inc covid hosp,3,2026-09-05,72,quantile,0.45,39.0
2026-08-15,wk inc covid hosp,3,2026-09-05,72,quantile,0.5,41.0
2026-08-15,wk inc covid hosp,3,2026-09-05,72,quantile,0.55,42.0
2026-08-15,wk inc covid hosp,3,2026-09-05,72,quantile,0.6,43.0
2026-08-15,wk inc covid hosp,3,2026-09-05,72,quantile,0.65,46.0
2026-08-15,wk inc covid hosp,3,2026-09-05,72,quantile,0.7,47.0
2026-08-15,wk inc covid hosp,3,2026-09-05,72,quantile,0.75,50.0
2026-08-15,wk inc covid hosp,3,2026-09-05,72,quantile,0.8,54.0
2026-08-15,wk inc covid hosp,3,2026-09-05,72,quantile,0.85,59.0
2026-08-15,wk inc covid hosp,3,2026-09-05,72,quantile,0.9,64.0
2026-08-15,wk inc covid hosp,3,2026-09-05,72,quantile,0.95,75.04999999999995
2026-08-15,wk inc covid hosp,3,2026-09-05,72,quantile,0.975,100.09999999999991
2026-08-15,wk inc covid hosp,3,2026-09-05,72,quantile,0.99,141.07999999999993
