reference_date,target,horizon,target_end_date,location,output_type,output_type_id,value
2026-08-29,wk inc covid hosp,0,2026-08-29,01,quantile,0.01,28.98
2026-08-29,wk inc covid hosp,0,2026-08-29,01,quantile,0.025,35.0
2026-08-29,wk inc covid hosp,0,2026-08-29,01,quantile,0.05,41.0
2026-08-29,wk inc covid hosp,0,2026-08-29,01,quantile,0.1,48.0
2026-08-29,wk inc covid hosp,0,2026-08-29,01,quantile,0.15,53.0
2026-08-29,wk inc covid hosp,0,2026-08-29,01,quantile,0.2,56.0
2026-08-29,wk inc covid hosp,0,2026-08-29,01,quantile,0.25,59.0
2026-08-29,wk inc covid hosp,0,2026-08-29,01,quantile,0.3,61.0
2026-08-29,wk inc covid hosp,0,2026-08-29,01,quantile,0.35,63.0
2026-08-29,wk inc covid hosp,0,2026-08-29,01,quantile,0.4,65.0
2026-08-29,wk inc covid hosp,0,2026-08-29,01,quantile,0.45,67.0
2026-08-29,wk inc covid hosp,0,2026-08-29,01,quantile,0.5,67.5
2026-08-29,wk inc covid hosp,0,2026-08-29,01,quantile,0.55,68.0
2026-08-29,wk inc covid hosp,0,2026-08-29,01,quantile,0.6,70.0
2026-08-29,wk inc covid hosp,0,2026-08-29,01,quantile,0.65,71.0
2026-08-29,wk inc covid hosp,0,2026-08-29,01,quantile,0.7,72.0
2026-08-29,wk inc covid hosp,0,2026-08-29,01,quantile,0.75,75.0
2026-08-29,wk inc covid hosp,0,2026-08-29,01,quantile,0.8,77.0
2026-08-29,wk inc covid hosp,0,2026-08-29,01,quantile,0.85,79.14999999999998
2026-08-29,wk inc covid hosp,0,2026-08-29,01,quantile,0.9,86.0
2026-08-29,wk inc covid hosp,0,2026-08-29,01,quantile,0.95,95.0
2026-08-29,wk inc covid hosp,0,2026-08-29,01,quantile,0.975,103.52499999999998
2026-08-29,wk inc covid hosp,0,2026-08-29,01,quantile,0.99,151.05999999999995
2026-08-29,wk inc covid hosp,0,2026-08-29,02,quantile,0.01,0.0
2026-08-29,wk inc covid hosp,0,2026-08-29,02,quantile,0.025,0.0
2026-08-29,wk inc covid hosp,0,2026-08-29,02,quantile,0.05,0.0
2026-08-29,wk inc covid hosp,0,2026-08-29,02,quantile,0.1,1.0
2026-08-29,wk inc covid hosp,0,2026-08-29,02,quantile,0.15,1.0
2026-08-29,wk inc covid hosp,0,2026-08-29,02,quantile,0.2,1.0
2026-08-29,wk inc covid hosp,0,2026-08-29,02,quantile,0.25,2.0
2026-08-29,wk inc covid hosp,0,2026-08-29,02,quantile,0.3,2.0
2026-08-29,wk inc covid hosp,0,2026-08-29,02,quantile,0.35,2.0
2026-08-29,wk inc covid hosp,0,2026-08-29,02,quantile,0.4,2.0
2026-08-29,wk inc covid hosp,0,2026-08-29,02,quantile,0.45,2.0
2026-08-29,wk inc covid hosp,0,2026-08-29,02,quantile,0.5,2.0
2026-08-29,wk inc covid hosp,0,2026-08-29,02,quantile,0.55,3.0
2026-08-29,wk inc covid hosp,0,2026-08-29,02,quantile,0.6,3.0
2026-08-29,wk inc covid hosp,0,2026-08-29,02,quantile,0.65,3.0
2026-08-29,wk inc covid hosp,0,2026-08-29,02,quantile,0.7,3.0
2026-08-29,wk inc covid hosp,0,2026-08-29,02,quantile,0.75,3.0
2026-08-29,wk inc covid hosp,0,2026-08-29,02,quantile,0.8,3.0
2026-08-29,wk inc covid hosp,0,2026-08-29,02,quantile,0.85,4.0
2026-08-29,wk inc covid hosp,0,2026-08-29,02,quantile,0.9,4.0
2026-08-29,wk inc covid hosp,0,2026-08-29,02,quantile,0.95,5.0
2026-08-29,wk inc covid hosp,0,2026-08-29,02,quantile,0.975,6.0
2026-08-29,wk inc covid hosp,0,2026-08-29,02,quantile,0.99,9.0
2026-08-29,wk inc covid hosp,0,2026-08-29,04,quantile,0.01,8.97
2026-08-29,wk inc covid hosp,0,2026-08-29,04,quantile,0.025,14.0
2026-08-29,wk inc covid hosp,0,2026-08-29,04,quantile,0.05,20.0
2026-08-29,wk inc covid hosp,0,2026-08-29,04,quantile,0.1,26.0
2026-08-29,wk inc covid hosp,0,2026-08-29,04,quantile,0.15,31.0
2026-08-29,wk inc covid hosp,0,2026-08-29,04,quantile,0.2,34.0
2026-08-29,wk inc covid hosp,0,2026-08-29,04,quantile,0.25,37.0
2026-08-29,wk inc covid hosp,0,2026-08-29,04,quantile,0.3,39.0
2026-08-29,wk inc covid hosp,0,2026-08-29,04,quantile,0.35,41.0
2026-08-29,wk inc covid hosp,0,2026-08-29,04,quantile,0.4,43.0
2026-08-29,wk inc covid hosp,0,2026-08-29,04,quantile,0.45,45.0
2026-08-29,wk inc covid hosp,0,2026-08-29,04,quantile,0.5,46.0
2026-08-29,wk inc covid hosp,0,2026-08-29,04,quantile,0.55,46.0
2026-08-29,wk inc covid hosp,0,2026-08-29,04,quantile,0.6,48.0
2026-08-29,wk inc covid hosp,0,2026-08-29,04,quantile,0.65,49.0
2026-08-29,wk inc covid hosp,0,2026-08-29,04,quantile,0.7,51.0
2026-08-29,wk inc covid hosp,0,2026-08-29,04,quantile,0.75,52.25
2026-08-29,wk inc covid hosp,0,2026-08-29,04,quantile,0.8,55.0
2026-08-29,wk inc covid hosp,0,2026-08-29,04,quantile,0.85,58.0
2026-08-29,wk inc covid hosp,0,2026-08-29,04,quantile,0.9,63.0
2026-08-29,wk inc covid hosp,0,2026-08-29,04,quantile,0.95,71.0
2026-08-29,wk inc covid hosp,0,2026-08-29,04,quantile,0.975,87.0
2026-08-29,wk inc covid hosp,0,2026-08-29,04,quantile,0.99,101.05999999999995
2026-08-29,wk inc covid hosp,0,2026-08-29,05,quantile,0.01,0.0
2026-08-29,wk inc covid hosp,0,2026-08-29,05,quantile,0.025,0.0
2026-08-29,wk inc covid hosp,0,2026-08-29,05,quantile,0.05,1.0
2026-08-29,wk inc covid hosp,0,2026-08-29,05,quantile,0.1,5.0
2026-08-29,wk inc covid hosp,0,2026-08-29,05,quantile,0.15,6.0
2026-08-29,wk inc covid hosp,0,2026-08-29,05,quantile,0.2,7.0
2026-08-29,wk inc covid hosp,0,2026-08-29,05,quantile,0.25,8.0
2026-08-29,wk inc covid hosp,0,2026-08-29,05,quantile,0.3,9.0
2026-08-29,wk inc covid hosp,0,2026-08-29,05,quantile,0.35,9.0
2026-08-29,wk inc covid hosp,0,2026-08-29,05,quantile,0.4,10.0
2026-08-29,wk inc covid hosp,0,2026-08-29,05,quantile,0.45,10.0
2026-08-29,wk inc covid hosp,0,2026-08-29,05,quantile,0.5,11.0
2026-08-29,wk inc covid hosp,0,2026-08-29,05,quantile,0.55,11.0
2026-08-29,wk inc covid hosp,0,2026-08-29,05,quantile,0.6,11.0
2026-08-29,wk inc covid hosp,0,2026-08-29,05,quantile,0.65,12.0
2026-08-29,wk inc covid hosp,0,2026-08-29,05,quantile,0.7,13.0
2026-08-29,wk inc covid hosp,0,2026-08-29,05,quantile,0.75,14.0
2026-08-29,wk inc covid hosp,0,2026-08-29,05,quantile,0.8,15.0
2026-08-29,wk inc covid hosp,0,2026-08-29,05,quantile,0.85,16.0
2026-08-29,wk inc covid hosp,0,2026-08-29,05,quantile,0.9,18.0
2026-08-29,wk inc covid hosp,0,2026-08-29,05,quantile,0.95,19.049999999999955
2026-08-29,wk inc covid hosp,0,2026-08-29,05,quantile,0.975,26.049999999999955
2026-08-29,wk inc covid hosp,0,2026-08-29,05,quantile,0.99,39.00999999999999
2026-08-29,wk inc covid hosp,0,2026-08-29,06,quantile,0.01,146.89000000000001
2026-08-29,wk inc covid hosp,0,2026-08-29,06,quantile,0.025,214.0
2026-08-29,wk inc covid hosp,0,2026-08-29,06,quantile,0.05,256.95
2026-08-29,wk inc covid hosp,0,2026-08-29,06,quantile,0.1,310.9
2026-08-29,wk inc covid hosp,0,2026-08-29,06,quantile,0.15,338.85
2026-08-29,wk inc covid hosp,0,2026-08-29,06,quantile,0.2,361.8
2026-08-29,wk inc covid hosp,0,2026-08-29,06,quantile,0.25,376.0
2026-08-29,wk inc covid hosp,0,2026-08-29,06,quantile,0.3,392.7
2026-08-29,wk inc covid hosp,0,2026-08-29,06,quantile,0.35,404.0
2026-08-29,wk inc covid hosp,0,2026-08-29,06,quantile,0.4,416.0
2026-08-29,wk inc covid hosp,0,2026-08-29,06,quantile,0.45,428.55
2026-08-29,wk inc covid hosp,0,2026-08-29,06,quantile,0.5,439.0
2026-08-29,wk inc covid hosp,0,2026-08-29,06,quantile,0.55,447.0
2026-08-29,wk inc covid hosp,0,2026-08-29,06,quantile,0.6,456.4
2026-08-29,wk inc covid hosp,0,2026-08-29,06,quantile,0.65,468.0
2026-08-29,wk inc covid hosp,0,2026-08-29,06,quantile,0.7,486.0
2026-08-29,wk inc covid hosp,0,2026-08-29,06,quantile,0.75,502.0
2026-08-29,wk inc covid hosp,0,2026-08-29,06,quantile,0.8,524.0
2026-08-29,wk inc covid hosp,0,2026-08-29,06,quantile,0.85,544.0
2026-08-29,wk inc covid hosp,0,2026-08-29,06,quantile,0.9,583.1
2026-08-29,wk inc covid hosp,0,2026-08-29,06,quantile,0.95,652.1999999999998
2026-08-29,wk inc covid hosp,0,2026-08-29,06,quantile,0.975,772.3999999999987
2026-08-29,wk inc covid hosp,0,2026-08-29,06,quantile,0.99,959.5599999999995
2026-08-29,wk inc covid hosp,0,2026-08-29,08,quantile,0.01,0.0
2026-08-29,wk inc covid hosp,0,2026-08-29,08,quantile,0.025,1.4250000000000043
2026-08-29,wk inc covid hosp,0,2026-08-29,08,quantile,0.05,6.0
2026-08-29,wk inc covid hosp,0,2026-08-29,08,quantile,0.1,10.0
2026-08-29,wk inc covid hosp,0,2026-08-29,08,quantile,0.15,13.0
2026-08-29,wk inc covid hosp,0,2026-08-29,08,quantile,0.2,15.0
2026-08-29,wk inc covid hosp,0,2026-08-29,08,quantile,0.25,16.0
2026-08-29,wk inc covid hosp,0,2026-08-29,08,quantile,0.3,18.0
2026-08-29,wk inc covid hosp,0,2026-08-29,08,quantile,0.35,19.0
2026-08-29,wk inc covid hosp,0,2026-08-29,08,quantile,0.4,20.0
2026-08-29,wk inc covid hosp,0,2026-08-29,08,quantile,0.45,21.55000000000001
2026-08-29,wk inc covid hosp,0,2026-08-29,08,quantile,0.5,22.0
2026-08-29,wk inc covid hosp,0,2026-08-29,08,quantile,0.55,23.0
2026-08-29,wk inc covid hosp,0,2026-08-29,08,quantile,0.6,24.0
2026-08-29,wk inc covid hosp,0,2026-08-29,08,quantile,0.65,25.0
2026-08-29,wk inc covid hosp,0,2026-08-29,08,quantile,0.7,26.0
2026-08-29,wk inc covid hosp,0,2026-08-29,08,quantile,0.75,27.25
2026-08-29,wk inc covid hosp,0,2026-08-29,08,quantile,0.8,29.0
2026-08-29,wk inc covid hosp,0,2026-08-29,08,quantile,0.85,31.0
2026-08-29,wk inc covid hosp,0,2026-08-29,08,quantile,0.9,34.0
2026-08-29,wk inc covid hosp,0,2026-08-29,08,quantile,0.95,40.0
2026-08-29,wk inc covid hosp,0,2026-08-29,08,quantile,0.975,54.52499999999998
2026-08-29,wk inc covid hosp,0,2026-08-29,08,quantile,0.99,79.03999999999996
2026-08-29,wk inc covid hosp,0,2026-08-29,09,quantile,0.01,0.0
2026-08-29,wk inc covid hosp,0,2026-08-29,09,quantile,0.025,0.0
2026-08-29,wk inc covid hosp,0,2026-08-29,09,quantile,0.05,2.0
2026-08-29,wk inc covid hosp,0,2026-08-29,09,quantile,0.1,5.0
2026-08-29,wk inc covid hosp,0,2026-08-29,09,quantile,0.15,7.0
2026-08-29,wk inc covid hosp,0,2026-08-29,09,quantile,0.2,8.0
2026-08-29,wk inc covid hosp,0,2026-08-29,09,quantile,0.25,9.0
2026-08-29,wk inc covid hosp,0,2026-08-29,09,quantile,0.3,10.0
2026-08-29,wk inc covid hosp,0,2026-08-29,09,quantile,0.35,11.0
2026-08-29,wk inc covid hosp,0,2026-08-29,09,quantile,0.4,11.0
2026-08-29,wk inc covid hosp,0,2026-08-29,09,quantile,0.45,12.0
2026-08-29,wk inc covid hosp,0,2026-08-29,09,quantile,0.5,12.0
2026-08-29,wk inc covid hosp,0,2026-08-29,09,quantile,0.55,13.0
2026-08-29,wk inc covid hosp,0,2026-08-29,09,quantile,0.6,13.0
2026-08-29,wk inc covid hosp,0,2026-08-29,09,quantile,0.65,14.0
2026-08-29,wk inc covid hosp,0,2026-08-29,09,quantile,0.7,15.0
2026-08-29,wk inc covid hosp,0,2026-08-29,09,quantile,0.75,16.0
2026-08-29,wk inc covid hosp,0,2026-08-29,09,quantile,0.8,17.0
2026-08-29,wk inc covid hosp,0,2026-08-29,09,quantile,0.85,18.0
2026-08-29,wk inc covid hosp,0,2026-08-29,09,quantile,0.9,20.0
2026-08-29,wk inc covid hosp,0,2026-08-29,09,quantile,0.95,26.0
2026-08-29,wk inc covid hosp,0,2026-08-29,09,quantile,0.975,30.524999999999977
2026-08-29,wk inc covid hosp,0,2026-08-29,09,quantile,0.99,38.01999999999998
2026-08-29,wk inc covid hosp,0,2026-08-29,10,quantile,0.01,0.0
2026-08-29,wk inc covid hosp,0,2026-08-29,10,quantile,0.025,0.0
2026-08-29,wk inc covid hosp,0,2026-08-29,10,quantile,0.05,0.0
2026-08-29,wk inc covid hosp,0,2026-08-29,10,quantile,0.1,0.0
2026-08-29,wk inc covid hosp,0,2026-08-29,10,quantile,0.15,0.0
2026-08-29,wk inc covid hosp,0,2026-08-29,10,quantile,0.2,1.0
2026-08-29,wk inc covid hosp,0,2026-08-29,10,quantile,0.25,1.0
2026-08-29,wk inc covid hosp,0,2026-08-29,10,quantile,0.3,1.0
2026-08-29,wk inc covid hosp,0,2026-08-29,10,quantile,0.35,1.0
2026-08-29,wk inc covid hosp,0,2026-08-29,10,quantile,0.4,2.0
2026-08-29,wk inc covid hosp,0,2026-08-29,10,quantile,0.45,2.0
2026-08-29,wk inc covid hosp,0,2026-08-29,10,quantile,0.5,2.0
2026-08-29,wk inc covid hosp,0,2026-08-29,10,quantile,0.55,2.0
2026-08-29,wk inc covid hosp,0,2026-08-29,10,quantile,0.6,2.0
2026-08-29,wk inc covid hosp,0,2026-08-29,10,quantile,0.65,3.0
2026-08-29,wk inc covid hosp,0,2026-08-29,10,quantile,0.7,3.0
2026-08-29,wk inc covid hosp,0,2026-08-29,10,quantile,0.75,3.0
2026-08-29,wk inc covid hosp,0,2026-08-29,10,quantile,0.8,3.2000000000000455
2026-08-29,wk inc covid hosp,0,2026-08-29,10,quantile,0.85,4.0
2026-08-29,wk inc covid hosp,0,2026-08-29,10,quantile,0.9,4.0
2026-08-29,wk inc covid hosp,0,2026-08-29,10,quantile,0.95,6.0
2026-08-29,wk inc covid hosp,0,2026-08-29,10,quantile,0.975,9.0
2026-08-29,wk inc covid hosp,0,2026-08-29,10,quantile,0.99,13.0
2026-08-29,wk inc covid hosp,0,2026-08-29,11,quantile,0.01,0.0
2026-08-29,wk inc covid hosp,0,2026-08-29,11,quantile,0.025,0.0
2026-08-29,wk inc covid hosp,0,2026-08-29,11,quantile,0.05,0.0
2026-08-29,wk inc covid hosp,0,2026-08-29,11,quantile,0.1,1.0
2026-08-29,wk inc covid hosp,0,2026-08-29,11,quantile,0.15,2.0
2026-08-29,wk inc covid hosp,0,2026-08-29,11,quantile,0.2,2.0
2026-08-29,wk inc covid hosp,0,2026-08-29,11,quantile,0.25,2.0
2026-08-29,wk inc covid hosp,0,2026-08-29,11,quantile,0.3,2.0
2026-08-29,wk inc covid hosp,0,2026-08-29,11,quantile,0.35,3.0
2026-08-29,wk inc covid hosp,0,2026-08-29,11,quantile,0.4,3.0
2026-08-29,wk inc covid hosp,0,2026-08-29,11,quantile,0.45,3.0
2026-08-29,wk inc covid hosp,0,2026-08-29,11,quantile,0.5,3.0
2026-08-29,wk inc covid hosp,0,2026-08-29,11,quantile,0.55,3.0
2026-08-29,wk inc covid hosp,0,2026-08-29,11,quantile,0.6,3.0
2026-08-29,wk inc covid hosp,0,2026-08-29,11,quantile,0.65,3.0
2026-08-29,wk inc covid hosp,0,2026-08-29,11,quantile,0.7,4.0
2026-08-29,wk inc covid hosp,0,2026-08-29,11,quantile,0.75,4.0
2026-08-29,wk inc covid hosp,0,2026-08-29,11,quantile,0.8,4.0
2026-08-29,wk inc covid hosp,0,2026-08-29,11,quantile,0.85,5.0
2026-08-29,wk inc covid hosp,0,2026-08-29,11,quantile,0.9,5.0
2026-08-29,wk inc covid hosp,0,2026-08-29,11,quantile,0.95,6.0
2026-08-29,wk inc covid hosp,0,2026-08-29,11,quantile,0.975,7.0
2026-08-29,wk inc covid hosp,0,2026-08-29,11,quantile,0.99,11.0
2026-08-29,wk inc covid hosp,0,2026-08-29,12,quantile,0.01,75.84
2026-08-29,wk inc covid hosp,0,2026-08-29,12,quantile,0.025,128.0
2026-08-29,wk inc covid hosp,0,2026-08-29,12,quantile,0.05,168.0
2026-08-29,wk inc covid hosp,0,2026-08-29,12,quantile,0.1,218.0
2026-08-29,wk inc covid hosp,0,2026-08-29,12,quantile,0.15,248.7
2026-08-29,wk inc covid hosp,0,2026-08-29,12,quantile,0.2,269.0
2026-08-29,wk inc covid hosp,0,2026-08-29,12,quantile,0.25,282.0
2026-08-29,wk inc covid hosp,0,2026-08-29,12,quantile,0.3,297.0
2026-08-29,wk inc covid hosp,0,2026-08-29,12,quantile,0.35,307.65
2026-08-29,wk inc covid hosp,0,2026-08-29,12,quantile,0.4,319.0
2026-08-29,wk inc covid hosp,0,2026-08-29,12,quantile,0.45,329.55
2026-08-29,wk inc covid hosp,0,2026-08-29,12,quantile,0.5,336.0
2026-08-29,wk inc covid hosp,0,2026-08-29,12,quantile,0.55,341.0
2026-08-29,wk inc covid hosp,0,2026-08-29,12,quantile,0.6,349.4
2026-08-29,wk inc covid hosp,0,2026-08-29,12,quantile,0.65,359.0
2026-08-29,wk inc covid hosp,0,2026-08-29,12,quantile,0.7,371.0
2026-08-29,wk inc covid hosp,0,2026-08-29,12,quantile,0.75,386.25
2026-08-29,wk inc covid hosp,0,2026-08-29,12,quantile,0.8,408.20000000000005
2026-08-29,wk inc covid hosp,0,2026-08-29,12,quantile,0.85,432.15
2026-08-29,wk inc covid hosp,0,2026-08-29,12,quantile,0.9,472.1
2026-08-29,wk inc covid hosp,0,2026-08-29,12,quantile,0.95,519.1499999999999
2026-08-29,wk inc covid hosp,0,2026-08-29,12,quantile,0.975,582.0
2026-08-29,wk inc covid hosp,0,2026-08-29,12,quantile,0.99,711.01
2026-08-29,wk inc covid hosp,0,2026-08-29,13,quantile,0.01,5.98
2026-08-29,wk inc covid hosp,0,2026-08-29,13,quantile,0.025,22.950000000000003
2026-08-29,wk inc covid hosp,0,2026-08-29,13,quantile,0.05,30.950000000000003
2026-08-29,wk inc covid hosp,0,2026-08-29,13,quantile,0.1,47.0
2026-08-29,wk inc covid hosp,0,2026-08-29,13,quantile,0.15,57.0
2026-08-29,wk inc covid hosp,0,2026-08-29,13,quantile,0.2,61.0
2026-08-29,wk inc covid hosp,0,2026-08-29,13,quantile,0.25,68.0
2026-08-29,wk inc covid hosp,0,2026-08-29,13,quantile,0.3,70.0
2026-08-29,wk inc covid hosp,0,2026-08-29,13,quantile,0.35,74.64999999999998
2026-08-29,wk inc covid hosp,0,2026-08-29,13,quantile,0.4,77.0
2026-08-29,wk inc covid hosp,0,2026-08-29,13,quantile,0.45,80.0
2026-08-29,wk inc covid hosp,0,2026-08-29,13,quantile,0.5,81.0
2026-08-29,wk inc covid hosp,0,2026-08-29,13,quantile,0.55,83.0
2026-08-29,wk inc covid hosp,0,2026-08-29,13,quantile,0.6,85.0
2026-08-29,wk inc covid hosp,0,2026-08-29,13,quantile,0.65,88.0
2026-08-29,wk inc covid hosp,0,2026-08-29,13,quantile,0.7,91.0
2026-08-29,wk inc covid hosp,0,2026-08-29,13,quantile,0.75,94.0
2026-08-29,wk inc covid hosp,0,2026-08-29,13,quantile,0.8,98.0
2026-08-29,wk inc covid hosp,0,2026-08-29,13,quantile,0.85,102.0
2026-08-29,wk inc covid hosp,0,2026-08-29,13,quantile,0.9,109.0
2026-08-29,wk inc covid hosp,0,2026-08-29,13,quantile,0.95,122.04999999999995
2026-08-29,wk inc covid hosp,0,2026-08-29,13,quantile,0.975,133.0
2026-08-29,wk inc covid hosp,0,2026-08-29,13,quantile,0.99,172.06999999999994
2026-08-29,wk inc covid hosp,0,2026-08-29,15,quantile,0.01,0.0
2026-08-29,wk inc covid hosp,0,2026-08-29,15,quantile,0.025,4.0
2026-08-29,wk inc covid hosp,0,2026-08-29,15,quantile,0.05,6.0
2026-08-29,wk inc covid hosp,0,2026-08-29,15,quantile,0.1,9.0
2026-08-29,wk inc covid hosp,0,2026-08-29,15,quantile,0.15,11.0
2026-08-29,wk inc covid hosp,0,2026-08-29,15,quantile,0.2,12.0
2026-08-29,wk inc covid hosp,0,2026-08-29,15,quantile,0.25,13.0
2026-08-29,wk inc covid hosp,0,2026-08-29,15,quantile,0.3,14.0
2026-08-29,wk inc covid hosp,0,2026-08-29,15,quantile,0.35,15.0
2026-08-29,wk inc covid hosp,0,2026-08-29,15,quantile,0.4,16.0
2026-08-29,wk inc covid hosp,0,2026-08-29,15,quantile,0.45,16.0
2026-08-29,wk inc covid hosp,0,2026-08-29,15,quantile,0.5,17.0
2026-08-29,wk inc covid hosp,0,2026-08-29,15,quantile,0.55,17.0
2026-08-29,wk inc covid hosp,0,2026-08-29,15,quantile,0.6,18.0
2026-08-29,wk inc covid hosp,0,2026-08-29,15,quantile,0.65,18.0
2026-08-29,wk inc covid hosp,0,2026-08-29,15,quantile,0.7,19.0
2026-08-29,wk inc covid hosp,0,2026-08-29,15,quantile,0.75,20.0
2026-08-29,wk inc covid hosp,0,2026-08-29,15,quantile,0.8,21.0
2026-08-29,wk inc covid hosp,0,2026-08-29,15,quantile,0.85,22.0
2026-08-29,wk inc covid hosp,0,2026-08-29,15,quantile,0.9,24.100000000000023
2026-08-29,wk inc covid hosp,0,2026-08-29,15,quantile,0.95,28.0
2026-08-29,wk inc covid hosp,0,2026-08-29,15,quantile,0.975,31.0
2026-08-29,wk inc covid hosp,0,2026-08-29,15,quantile,0.99,36.13999999999987
2026-08-29,wk inc covid hosp,0,2026-08-29,16,quantile,0.01,0.0
2026-08-29,wk inc covid hosp,0,2026-08-29,16,quantile,0.025,0.0
2026-08-29,wk inc covid hosp,0,2026-08-29,16,quantile,0.05,0.0
2026-08-29,wk inc covid hosp,0,2026-08-29,16,quantile,0.1,0.0
2026-08-29,wk inc covid hosp,0,2026-08-29,16,quantile,0.15,1.0
2026-08-29,wk inc covid hosp,0,2026-08-29,16,quantile,0.2,2.0
2026-08-29,wk inc covid hosp,0,2026-08-29,16,quantile,0.25,3.0
2026-08-29,wk inc covid hosp,0,2026-08-29,16,quantile,0.3,3.0
2026-08-29,wk inc covid hosp,0,2026-08-29,16,quantile,0.35,3.0
2026-08-29,wk inc covid hosp,0,2026-08-29,16,quantile,0.4,4.0
2026-08-29,wk inc covid hosp,0,2026-08-29,16,quantile,0.45,4.0
2026-08-29,wk inc covid hosp,0,2026-08-29,16,quantile,0.5,5.0
2026-08-29,wk inc covid hosp,0,2026-08-29,16,quantile,0.55,5.0
2026-08-29,wk inc covid hosp,0,2026-08-29,16,quantile,0.6,5.0
2026-08-29,wk inc covid hosp,0,2026-08-29,16,quantile,0.65,5.0
2026-08-29,wk inc covid hosp,0,2026-08-29,16,quantile,0.7,6.0
2026-08-29,wk inc covid hosp,0,2026-08-29,16,quantile,0.75,6.0
2026-08-29,wk inc covid hosp,0,2026-08-29,16,quantile,0.8,7.0
2026-08-29,wk inc covid hosp,0,2026-08-29,16,quantile,0.85,8.0
2026-08-29,wk inc covid hosp,0,2026-08-29,16,quantile,0.9,9.0
2026-08-29,wk inc covid hosp,0,2026-08-29,16,quantile,0.95,11.0
2026-08-29,wk inc covid hosp,0,2026-08-29,16,quantile,0.975,15.524999999999977
2026-08-29,wk inc covid hosp,0,2026-08-29,16,quantile,0.99,28.00999999999999
2026-08-29,wk inc covid hosp,0,2026-08-29,17,quantile,0.01,0.0
2026-08-29,wk inc covid hosp,0,2026-08-29,17,quantile,0.025,0.0
2026-08-29,wk inc covid hosp,0,2026-08-29,17,quantile,0.05,0.0
2026-08-29,wk inc covid hosp,0,2026-08-29,17,quantile,0.1,6.0
2026-08-29,wk inc covid hosp,0,2026-08-29,17,quantile,0.15,12.0
2026-08-29,wk inc covid hosp,0,2026-08-29,17,quantile,0.2,17.0
2026-08-29,wk inc covid hosp,0,2026-08-29,17,quantile,0.25,21.75
2026-08-29,wk inc covid hosp,0,2026-08-29,17,quantile,0.3,25.0
2026-08-29,wk inc covid hosp,0,2026-08-29,17,quantile,0.35,27.0
2026-08-29,wk inc covid hosp,0,2026-08-29,17,quantile,0.4,29.0
2026-08-29,wk inc covid hosp,0,2026-08-29,17,quantile,0.45,31.0
2026-08-29,wk inc covid hosp,0,2026-08-29,17,quantile,0.5,33.0
2026-08-29,wk inc covid hosp,0,2026-08-29,17,quantile,0.55,34.0
2026-08-29,wk inc covid hosp,0,2026-08-29,17,quantile,0.6,35.39999999999998
2026-08-29,wk inc covid hosp,0,2026-08-29,17,quantile,0.65,38.0
2026-08-29,wk inc covid hosp,0,2026-08-29,17,quantile,0.7,41.0
2026-08-29,wk inc covid hosp,0,2026-08-29,17,quantile,0.75,45.0
2026-08-29,wk inc covid hosp,0,2026-08-29,17,quantile,0.8,48.0
2026-08-29,wk inc covid hosp,0,2026-08-29,17,quantile,0.85,52.14999999999998
2026-08-29,wk inc covid hosp,0,2026-08-29,17,quantile,0.9,58.0
2026-08-29,wk inc covid hosp,0,2026-08-29,17,quantile,0.95,71.04999999999995
2026-08-29,wk inc covid hosp,0,2026-08-29,17,quantile,0.975,84.57499999999993
2026-08-29,wk inc covid hosp,0,2026-08-29,17,quantile,0.99,132.01999999999998
2026-08-29,wk inc covid hosp,0,2026-08-29,18,quantile,0.01,0.0
2026-08-29,wk inc covid hosp,0,2026-08-29,18,quantile,0.025,0.0
2026-08-29,wk inc covid hosp,0,2026-08-29,18,quantile,0.05,0.0
2026-08-29,wk inc covid hosp,0,2026-08-29,18,quantile,0.1,4.0
2026-08-29,wk inc covid hosp,0,2026-08-29,18,quantile,0.15,6.0
2026-08-29,wk inc covid hosp,0,2026-08-29,18,quantile,0.2,9.0
2026-08-29,wk inc covid hosp,0,2026-08-29,18,quantile,0.25,10.0
2026-08-29,wk inc covid hosp,0,2026-08-29,18,quantile,0.3,11.0
2026-08-29,wk inc covid hosp,0,2026-08-29,18,quantile,0.35,13.0
2026-08-29,wk inc covid hosp,0,2026-08-29,18,quantile,0.4,14.0
2026-08-29,wk inc covid hosp,0,2026-08-29,18,quantile,0.45,15.0
2026-08-29,wk inc covid hosp,0,2026-08-29,18,quantile,0.5,16.0
2026-08-29,wk inc covid hosp,0,2026-08-29,18,quantile,0.55,16.0
2026-08-29,wk inc covid hosp,0,2026-08-29,18,quantile,0.6,17.0
2026-08-29,wk inc covid hosp,0,2026-08-29,18,quantile,0.65,18.0
2026-08-29,wk inc covid hosp,0,2026-08-29,18,quantile,0.7,19.0
2026-08-29,wk inc covid hosp,0,2026-08-29,18,quantile,0.75,21.0
2026-08-29,wk inc covid hosp,0,2026-08-29,18,quantile,0.8,23.0
2026-08-29,wk inc covid hosp,0,2026-08-29,18,quantile,0.85,25.0
2026-08-29,wk inc covid hosp,0,2026-08-29,18,quantile,0.9,28.0
2026-08-29,wk inc covid hosp,0,2026-08-29,18,quantile,0.95,34.049999999999955
2026-08-29,wk inc covid hosp,0,2026-08-29,18,quantile,0.975,43.0
2026-08-29,wk inc covid hosp,0,2026-08-29,18,quantile,0.99,55.039999999999964
2026-08-29,wk inc covid hosp,0,2026-08-29,19,quantile,0.01,0.0
2026-08-29,wk inc covid hosp,0,2026-08-29,19,quantile,0.025,0.0
2026-08-29,wk inc covid hosp,0,2026-08-29,19,quantile,0.05,0.0
2026-08-29,wk inc covid hosp,0,2026-08-29,19,quantile,0.1,0.0
2026-08-29,wk inc covid hosp,0,2026-08-29,19,quantile,0.15,1.0
2026-08-29,wk inc covid hosp,0,2026-08-29,19,quantile,0.2,2.0
2026-08-29,wk inc covid hosp,0,2026-08-29,19,quantile,0.25,2.0
2026-08-29,wk inc covid hosp,0,2026-08-29,19,quantile,0.3,3.0
2026-08-29,wk inc covid hosp,0,2026-08-29,19,quantile,0.35,4.0
2026-08-29,wk inc covid hosp,0,2026-08-29,19,quantile,0.4,4.0
2026-08-29,wk inc covid hosp,0,2026-08-29,19,quantile,0.45,5.0
2026-08-29,wk inc covid hosp,0,2026-08-29,19,quantile,0.5,5.0
2026-08-29,wk inc covid hosp,0,2026-08-29,19,quantile,0.55,5.0
2026-08-29,wk inc covid hosp,0,2026-08-29,19,quantile,0.6,6.0
2026-08-29,wk inc covid hosp,0,2026-08-29,19,quantile,0.65,6.0
2026-08-29,wk inc covid hosp,0,2026-08-29,19,quantile,0.7,7.0
2026-08-29,wk inc covid hosp,0,2026-08-29,19,quantile,0.75,7.0
2026-08-29,wk inc covid hosp,0,2026-08-29,19,quantile,0.8,8.0
2026-08-29,wk inc covid hosp,0,2026-08-29,19,quantile,0.85,9.0
2026-08-29,wk inc covid hosp,0,2026-08-29,19,quantile,0.9,11.0
2026-08-29,wk inc covid hosp,0,2026-08-29,19,quantile,0.95,13.0
2026-08-29,wk inc covid hosp,0,2026-08-29,19,quantile,0.975,16.0
2026-08-29,wk inc covid hosp,0,2026-08-29,19,quantile,0.99,23.00999999999999
2026-08-29,wk inc covid hosp,0,2026-08-29,20,quantile,0.01,0.0
2026-08-29,wk inc covid hosp,0,2026-08-29,20,quantile,0.025,0.0
2026-08-29,wk inc covid hosp,0,2026-08-29,20,quantile,0.05,0.0
2026-08-29,wk inc covid hosp,0,2026-08-29,20,quantile,0.1,1.0
2026-08-29,wk inc covid hosp,0,2026-08-29,20,quantile,0.15,2.0
2026-08-29,wk inc covid hosp,0,2026-08-29,20,quantile,0.2,3.0
2026-08-29,wk inc covid hosp,0,2026-08-29,20,quantile,0.25,4.0
2026-08-29,wk inc covid hosp,0,2026-08-29,20,quantile,0.3,4.0
2026-08-29,wk inc covid hosp,0,2026-08-29,20,quantile,0.35,5.0
2026-08-29,wk inc covid hosp,0,2026-08-29,20,quantile,0.4,5.0
2026-08-29,wk inc covid hosp,0,2026-08-29,20,quantile,0.45,6.0
2026-08-29,wk inc covid hosp,0,2026-08-29,20,quantile,0.5,6.0
2026-08-29,wk inc covid hosp,0,2026-08-29,20,quantile,0.55,7.0
2026-08-29,wk inc covid hosp,0,2026-08-29,20,quantile,0.6,7.0
2026-08-29,wk inc covid hosp,0,2026-08-29,20,quantile,0.65,8.0
2026-08-29,wk inc covid hosp,0,2026-08-29,20,quantile,0.7,8.0
2026-08-29,wk inc covid hosp,0,2026-08-29,20,quantile,0.75,9.0
2026-08-29,wk inc covid hosp,0,2026-08-29,20,quantile,0.8,10.0
2026-08-29,wk inc covid hosp,0,2026-08-29,20,quantile,0.85,11.0
2026-08-29,wk inc covid hosp,0,2026-08-29,20,quantile,0.9,12.0
2026-08-29,wk inc covid hosp,0,2026-08-29,20,quantile,0.95,17.0
2026-08-29,wk inc covid hosp,0,2026-08-29,20,quantile,0.975,24.049999999999955
2026-08-29,wk inc covid hosp,0,2026-08-29,20,quantile,0.99,34.0
2026-08-29,wk inc covid hosp,0,2026-08-29,21,quantile,0.01,0.0
2026-08-29,wk inc covid hosp,0,2026-08-29,21,quantile,0.025,0.0
2026-08-29,wk inc covid hosp,0,2026-08-29,21,quantile,0.05,2.0
2026-08-29,wk inc covid hosp,0,2026-08-29,21,quantile,0.1,5.0
2026-08-29,wk inc covid hosp,0,2026-08-29,21,quantile,0.15,7.0
2026-08-29,wk inc covid hosp,0,2026-08-29,21,quantile,0.2,9.0
2026-08-29,wk inc covid hosp,0,2026-08-29,21,quantile,0.25,10.0
2026-08-29,wk inc covid hosp,0,2026-08-29,21,quantile,0.3,11.0
2026-08-29,wk inc covid hosp,0,2026-08-29,21,quantile,0.35,12.0
2026-08-29,wk inc covid hosp,0,2026-08-29,21,quantile,0.4,13.0
2026-08-29,wk inc covid hosp,0,2026-08-29,21,quantile,0.45,14.0
2026-08-29,wk inc covid hosp,0,2026-08-29,21,quantile,0.5,15.0
2026-08-29,wk inc covid hosp,0,2026-08-29,21,quantile,0.55,15.0
2026-08-29,wk inc covid hosp,0,2026-08-29,21,quantile,0.6,16.0
2026-08-29,wk inc covid hosp,0,2026-08-29,21,quantile,0.65,17.0
2026-08-29,wk inc covid hosp,0,2026-08-29,21,quantile,0.7,18.0
2026-08-29,wk inc covid hosp,0,2026-08-29,21,quantile,0.75,19.0
2026-08-29,wk inc covid hosp,0,2026-08-29,21,quantile,0.8,20.0
2026-08-29,wk inc covid hosp,0,2026-08-29,21,quantile,0.85,22.0
2026-08-29,wk inc covid hosp,0,2026-08-29,21,quantile,0.9,25.0
2026-08-29,wk inc covid hosp,0,2026-08-29,21,quantile,0.95,29.0
2026-08-29,wk inc covid hosp,0,2026-08-29,21,quantile,0.975,34.57499999999993
2026-08-29,wk inc covid hosp,0,2026-08-29,21,quantile,0.99,44.0
2026-08-29,wk inc covid hosp,0,2026-08-29,22,quantile,0.01,18.990000000000002
2026-08-29,wk inc covid hosp,0,2026-08-29,22,quantile,0.025,25.0
2026-08-29,wk inc covid hosp,0,2026-08-29,22,quantile,0.05,31.950000000000003
2026-08-29,wk inc covid hosp,0,2026-08-29,22,quantile,0.1,40.0
2026-08-29,wk inc covid hosp,0,2026-08-29,22,quantile,0.15,47.0
2026-08-29,wk inc covid hosp,0,2026-08-29,22,quantile,0.2,51.0
2026-08-29,wk inc covid hosp,0,2026-08-29,22,quantile,0.25,54.0
2026-08-29,wk inc covid hosp,0,2026-08-29,22,quantile,0.3,56.0
2026-08-29,wk inc covid hosp,0,2026-08-29,22,quantile,0.35,60.0
2026-08-29,wk inc covid hosp,0,2026-08-29,22,quantile,0.4,62.0
2026-08-29,wk inc covid hosp,0,2026-08-29,22,quantile,0.45,63.0
2026-08-29,wk inc covid hosp,0,2026-08-29,22,quantile,0.5,65.0
2026-08-29,wk inc covid hosp,0,2026-08-29,22,quantile,0.55,66.0
2026-08-29,wk inc covid hosp,0,2026-08-29,22,quantile,0.6,67.0
2026-08-29,wk inc covid hosp,0,2026-08-29,22,quantile,0.65,69.0
2026-08-29,wk inc covid hosp,0,2026-08-29,22,quantile,0.7,72.0
2026-08-29,wk inc covid hosp,0,2026-08-29,22,quantile,0.75,74.0
2026-08-29,wk inc covid hosp,0,2026-08-29,22,quantile,0.8,78.0
2026-08-29,wk inc covid hosp,0,2026-08-29,22,quantile,0.85,82.14999999999998
2026-08-29,wk inc covid hosp,0,2026-08-29,22,quantile,0.9,87.10000000000002
2026-08-29,wk inc covid hosp,0,2026-08-29,22,quantile,0.95,101.04999999999995
2026-08-29,wk inc covid hosp,0,2026-08-29,22,quantile,0.975,117.0
2026-08-29,wk inc covid hosp,0,2026-08-29,22,quantile,0.99,152.02999999999997
2026-08-29,wk inc covid hosp,0,2026-08-29,23,quantile,0.01,0.0
2026-08-29,wk inc covid hosp,0,2026-08-29,23,quantile,0.025,0.0
2026-08-29,wk inc covid hosp,0,2026-08-29,23,quantile,0.05,0.0
2026-08-29,wk inc covid hosp,0,2026-08-29,23,quantile,0.1,0.0
2026-08-29,wk inc covid hosp,0,2026-08-29,23,quantile,0.15,0.0
2026-08-29,wk inc covid hosp,0,2026-08-29,23,quantile,0.2,1.0
2026-08-29,wk inc covid hosp,0,2026-08-29,23,quantile,0.25,1.0
2026-08-29,wk inc covid hosp,0,2026-08-29,23,quantile,0.3,1.0
2026-08-29,wk inc covid hosp,0,2026-08-29,23,quantile,0.35,1.0
2026-08-29,wk inc covid hosp,0,2026-08-29,23,quantile,0.4,2.0
2026-08-29,wk inc covid hosp,0,2026-08-29,23,quantile,0.45,2.0
2026-08-29,wk inc covid hosp,0,2026-08-29,23,quantile,0.5,2.0
2026-08-29,wk inc covid hosp,0,2026-08-29,23,quantile,0.55,2.0
2026-08-29,wk inc covid hosp,0,2026-08-29,23,quantile,0.6,2.0
2026-08-29,wk inc covid hosp,0,2026-08-29,23,quantile,0.65,3.0
2026-08-29,wk inc covid hosp,0,2026-08-29,23,quantile,0.7,3.0
2026-08-29,wk inc covid hosp,0,2026-08-29,23,quantile,0.75,3.0
2026-08-29,wk inc covid hosp,0,2026-08-29,23,quantile,0.8,3.0
2026-08-29,wk inc covid hosp,0,2026-08-29,23,quantile,0.85,4.0
2026-08-29,wk inc covid hosp,0,2026-08-29,23,quantile,0.9,5.0
2026-08-29,wk inc covid hosp,0,2026-08-29,23,quantile,0.95,6.0
2026-08-29,wk inc covid hosp,0,2026-08-29,23,quantile,0.975,7.524999999999977
2026-08-29,wk inc covid hosp,0,2026-08-29,23,quantile,0.99,10.009999999999991
2026-08-29,wk inc covid hosp,0,2026-08-29,24,quantile,0.01,0.0
2026-08-29,wk inc covid hosp,0,2026-08-29,24,quantile,0.025,0.0
2026-08-29,wk inc covid hosp,0,2026-08-29,24,quantile,0.05,0.0
2026-08-29,wk inc covid hosp,0,2026-08-29,24,quantile,0.1,1.0
2026-08-29,wk inc covid hosp,0,2026-08-29,24,quantile,0.15,3.0
2026-08-29,wk inc covid hosp,0,2026-08-29,24,quantile,0.2,6.0
2026-08-29,wk inc covid hosp,0,2026-08-29,24,quantile,0.25,8.0
2026-08-29,wk inc covid hosp,0,2026-08-29,24,quantile,0.3,8.0
2026-08-29,wk inc covid hosp,0,2026-08-29,24,quantile,0.35,10.0
2026-08-29,wk inc covid hosp,0,2026-08-29,24,quantile,0.4,11.0
2026-08-29,wk inc covid hosp,0,2026-08-29,24,quantile,0.45,12.0
2026-08-29,wk inc covid hosp,0,2026-08-29,24,quantile,0.5,13.0
2026-08-29,wk inc covid hosp,0,2026-08-29,24,quantile,0.55,13.0
2026-08-29,wk inc covid hosp,0,2026-08-29,24,quantile,0.6,14.0
2026-08-29,wk inc covid hosp,0,2026-08-29,24,quantile,0.65,15.0
2026-08-29,wk inc covid hosp,0,2026-08-29,24,quantile,0.7,16.0
2026-08-29,wk inc covid hosp,0,2026-08-29,24,quantile,0.75,17.0
2026-08-29,wk inc covid hosp,0,2026-08-29,24,quantile,0.8,19.0
2026-08-29,wk inc covid hosp,0,2026-08-29,24,quantile,0.85,22.0
2026-08-29,wk inc covid hosp,0,2026-08-29,24,quantile,0.9,25.100000000000023
2026-08-29,wk inc covid hosp,0,2026-08-29,24,quantile,0.95,37.049999999999955
2026-08-29,wk inc covid hosp,0,2026-08-29,24,quantile,0.975,51.624999999999886
2026-08-29,wk inc covid hosp,0,2026-08-29,24,quantile,0.99,72.03999999999996
2026-08-29,wk inc covid hosp,0,2026-08-29,25,quantile,0.01,0.0
2026-08-29,wk inc covid hosp,0,2026-08-29,25,quantile,0.025,0.0
2026-08-29,wk inc covid hosp,0,2026-08-29,25,quantile,0.05,3.0
2026-08-29,wk inc covid hosp,0,2026-08-29,25,quantile,0.1,10.0
2026-08-29,wk inc covid hosp,0,2026-08-29,25,quantile,0.15,14.0
2026-08-29,wk inc covid hosp,0,2026-08-29,25,quantile,0.2,16.0
2026-08-29,wk inc covid hosp,0,2026-08-29,25,quantile,0.25,18.0
2026-08-29,wk inc covid hosp,0,2026-08-29,25,quantile,0.3,20.0
2026-08-29,wk inc covid hosp,0,2026-08-29,25,quantile,0.35,22.0
2026-08-29,wk inc covid hosp,0,2026-08-29,25,quantile,0.4,23.0
2026-08-29,wk inc covid hosp,0,2026-08-29,25,quantile,0.45,25.0
2026-08-29,wk inc covid hosp,0,2026-08-29,25,quantile,0.5,26.0
2026-08-29,wk inc covid hosp,0,2026-08-29,25,quantile,0.55,26.450000000000045
2026-08-29,wk inc covid hosp,0,2026-08-29,25,quantile,0.6,28.0
2026-08-29,wk inc covid hosp,0,2026-08-29,25,quantile,0.65,29.0
2026-08-29,wk inc covid hosp,0,2026-08-29,25,quantile,0.7,30.0
2026-08-29,wk inc covid hosp,0,2026-08-29,25,quantile,0.75,31.0
2026-08-29,wk inc covid hosp,0,2026-08-29,25,quantile,0.8,34.0
2026-08-29,wk inc covid hosp,0,2026-08-29,25,quantile,0.85,37.0
2026-08-29,wk inc covid hosp,0,2026-08-29,25,quantile,0.9,41.0
2026-08-29,wk inc covid hosp,0,2026-08-29,25,quantile,0.95,47.0
2026-08-29,wk inc covid hosp,0,2026-08-29,25,quantile,0.975,54.57499999999993
2026-08-29,wk inc covid hosp,0,2026-08-29,25,quantile,0.99,70.00999999999999
2026-08-29,wk inc covid hosp,0,2026-08-29,26,quantile,0.01,0.0
2026-08-29,wk inc covid hosp,0,2026-08-29,26,quantile,0.025,0.0
2026-08-29,wk inc covid hosp,0,2026-08-29,26,quantile,0.05,13.0
2026-08-29,wk inc covid hosp,0,2026-08-29,26,quantile,0.1,28.900000000000006
2026-08-29,wk inc covid hosp,0,2026-08-29,26,quantile,0.15,37.0
2026-08-29,wk inc covid hosp,0,2026-08-29,26,quantile,0.2,43.80000000000001
2026-08-29,wk inc covid hosp,0,2026-08-29,26,quantile,0.25,48.0
2026-08-29,wk inc covid hosp,0,2026-08-29,26,quantile,0.3,51.0
2026-08-29,wk inc covid hosp,0,2026-08-29,26,quantile,0.35,55.0
2026-08-29,wk inc covid hosp,0,2026-08-29,26,quantile,0.4,58.0
2026-08-29,wk inc covid hosp,0,2026-08-29,26,quantile,0.45,60.0
2026-08-29,wk inc covid hosp,0,2026-08-29,26,quantile,0.5,62.0
2026-08-29,wk inc covid hosp,0,2026-08-29,26,quantile,0.55,64.0
2026-08-29,wk inc covid hosp,0,2026-08-29,26,quantile,0.6,67.0
2026-08-29,wk inc covid hosp,0,2026-08-29,26,quantile,0.65,69.0
2026-08-29,wk inc covid hosp,0,2026-08-29,26,quantile,0.7,73.0
2026-08-29,wk inc covid hosp,0,2026-08-29,26,quantile,0.75,77.0
2026-08-29,wk inc covid hosp,0,2026-08-29,26,quantile,0.8,84.0
2026-08-29,wk inc covid hosp,0,2026-08-29,26,quantile,0.85,94.0
2026-08-29,wk inc covid hosp,0,2026-08-29,26,quantile,0.9,108.10000000000002
2026-08-29,wk inc covid hosp,0,2026-08-29,26,quantile,0.95,130.19999999999982
2026-08-29,wk inc covid hosp,0,2026-08-29,26,quantile,0.975,195.0
2026-08-29,wk inc covid hosp,0,2026-08-29,26,quantile,0.99,269.01
2026-08-29,wk inc covid hosp,0,2026-08-29,27,quantile,0.01,0.0
2026-08-29,wk inc covid hosp,0,2026-08-29,27,quantile,0.025,0.0
2026-08-29,wk inc covid hosp,0,2026-08-29,27,quantile,0.05,0.0
2026-08-29,wk inc covid hosp,0,2026-08-29,27,quantile,0.1,0.0
2026-08-29,wk inc covid hosp,0,2026-08-29,27,quantile,0.15,2.0
2026-08-29,wk inc covid hosp,0,2026-08-29,27,quantile,0.2,4.0
2026-08-29,wk inc covid hosp,0,2026-08-29,27,quantile,0.25,5.0
2026-08-29,wk inc covid hosp,0,2026-08-29,27,quantile,0.3,6.0
2026-08-29,wk inc covid hosp,0,2026-08-29,27,quantile,0.35,7.0
2026-08-29,wk inc covid hosp,0,2026-08-29,27,quantile,0.4,8.600000000000023
2026-08-29,wk inc covid hosp,0,2026-08-29,27,quantile,0.45,9.0
2026-08-29,wk inc covid hosp,0,2026-08-29,27,quantile,0.5,10.0
2026-08-29,wk inc covid hosp,0,2026-08-29,27,quantile,0.55,11.0
2026-08-29,wk inc covid hosp,0,2026-08-29,27,quantile,0.6,11.0
2026-08-29,wk inc covid hosp,0,2026-08-29,27,quantile,0.65,12.0
2026-08-29,wk inc covid hosp,0,2026-08-29,27,quantile,0.7,13.0
2026-08-29,wk inc covid hosp,0,2026-08-29,27,quantile,0.75,14.0
2026-08-29,wk inc covid hosp,0,2026-08-29,27,quantile,0.8,16.0
2026-08-29,wk inc covid hosp,0,2026-08-29,27,quantile,0.85,18.0
2026-08-29,wk inc covid hosp,0,2026-08-29,27,quantile,0.9,21.0
2026-08-29,wk inc covid hosp,0,2026-08-29,27,quantile,0.95,26.0
2026-08-29,wk inc covid hosp,0,2026-08-29,27,quantile,0.975,37.049999999999955
2026-08-29,wk inc covid hosp,0,2026-08-29,27,quantile,0.99,46.00999999999999
2026-08-29,wk inc covid hosp,0,2026-08-29,28,quantile,0.01,13.99
2026-08-29,wk inc covid hosp,0,2026-08-29,28,quantile,0.025,19.0
2026-08-29,wk inc covid hosp,0,2026-08-29,28,quantile,0.05,21.0
2026-08-29,wk inc covid hosp,0,2026-08-29,28,quantile,0.1,25.900000000000006
2026-08-29,wk inc covid hosp,0,2026-08-29,28,quantile,0.15,28.0
2026-08-29,wk inc covid hosp,0,2026-08-29,28,quantile,0.2,30.0
2026-08-29,wk inc covid hosp,0,2026-08-29,28,quantile,0.25,31.0
2026-08-29,wk inc covid hosp,0,2026-08-29,28,quantile,0.3,32.0
2026-08-29,wk inc covid hosp,0,2026-08-29,28,quantile,0.35,33.0
2026-08-29,wk inc covid hosp,0,2026-08-29,28,quantile,0.4,34.0
2026-08-29,wk inc covid hosp,0,2026-08-29,28,quantile,0.45,35.0
2026-08-29,wk inc covid hosp,0,2026-08-29,28,quantile,0.5,36.0
2026-08-29,wk inc covid hosp,0,2026-08-29,28,quantile,0.55,36.0
2026-08-29,wk inc covid hosp,0,2026-08-29,28,quantile,0.6,37.0
2026-08-29,wk inc covid hosp,0,2026-08-29,28,quantile,0.65,38.0
2026-08-29,wk inc covid hosp,0,2026-08-29,28,quantile,0.7,39.0
2026-08-29,wk inc covid hosp,0,2026-08-29,28,quantile,0.75,41.0
2026-08-29,wk inc covid hosp,0,2026-08-29,28,quantile,0.8,42.0
2026-08-29,wk inc covid hosp,0,2026-08-29,28,quantile,0.85,44.0
2026-08-29,wk inc covid hosp,0,2026-08-29,28,quantile,0.9,47.0
2026-08-29,wk inc covid hosp,0,2026-08-29,28,quantile,0.95,57.0
2026-08-29,wk inc covid hosp,0,2026-08-29,28,quantile,0.975,67.0
2026-08-29,wk inc covid hosp,0,2026-08-29,28,quantile,0.99,73.05999999999995
2026-08-29,wk inc covid hosp,0,2026-08-29,29,quantile,0.01,0.0
2026-08-29,wk inc covid hosp,0,2026-08-29,29,quantile,0.025,0.0
2026-08-29,wk inc covid hosp,0,2026-08-29,29,quantile,0.05,0.0
2026-08-29,wk inc covid hosp,0,2026-08-29,29,quantile,0.1,1.0
2026-08-29,wk inc covid hosp,0,2026-08-29,29,quantile,0.15,4.0
2026-08-29,wk inc covid hosp,0,2026-08-29,29,quantile,0.2,6.0
2026-08-29,wk inc covid hosp,0,2026-08-29,29,quantile,0.25,8.0
2026-08-29,wk inc covid hosp,0,2026-08-29,29,quantile,0.3,9.0
2026-08-29,wk inc covid hosp,0,2026-08-29,29,quantile,0.35,11.0
2026-08-29,wk inc covid hosp,0,2026-08-29,29,quantile,0.4,12.0
2026-08-29,wk inc covid hosp,0,2026-08-29,29,quantile,0.45,13.0
2026-08-29,wk inc covid hosp,0,2026-08-29,29,quantile,0.5,13.0
2026-08-29,wk inc covid hosp,0,2026-08-29,29,quantile,0.55,14.0
2026-08-29,wk inc covid hosp,0,2026-08-29,29,quantile,0.6,14.399999999999977
2026-08-29,wk inc covid hosp,0,2026-08-29,29,quantile,0.65,15.0
2026-08-29,wk inc covid hosp,0,2026-08-29,29,quantile,0.7,16.0
2026-08-29,wk inc covid hosp,0,2026-08-29,29,quantile,0.75,18.0
2026-08-29,wk inc covid hosp,0,2026-08-29,29,quantile,0.8,20.0
2026-08-29,wk inc covid hosp,0,2026-08-29,29,quantile,0.85,22.0
2026-08-29,wk inc covid hosp,0,2026-08-29,29,quantile,0.9,25.0
2026-08-29,wk inc covid hosp,0,2026-08-29,29,quantile,0.95,32.0
2026-08-29,wk inc covid hosp,0,2026-08-29,29,quantile,0.975,37.0
2026-08-29,wk inc covid hosp,0,2026-08-29,29,quantile,0.99,48.00999999999999
2026-08-29,wk inc covid hosp,0,2026-08-29,30,quantile,0.01,0.0
2026-08-29,wk inc covid hosp,0,2026-08-29,30,quantile,0.025,0.0
2026-08-29,wk inc covid hosp,0,2026-08-29,30,quantile,0.05,0.0
2026-08-29,wk inc covid hosp,0,2026-08-29,30,quantile,0.1,0.0
2026-08-29,wk inc covid hosp,0,2026-08-29,30,quantile,0.15,0.0
2026-08-29,wk inc covid hosp,0,2026-08-29,30,quantile,0.2,1.0
2026-08-29,wk inc covid hosp,0,2026-08-29,30,quantile,0.25,1.0
2026-08-29,wk inc covid hosp,0,2026-08-29,30,quantile,0.3,1.0
2026-08-29,wk inc covid hosp,0,2026-08-29,30,quantile,0.35,1.0
2026-08-29,wk inc covid hosp,0,2026-08-29,30,quantile,0.4,1.0
2026-08-29,wk inc covid hosp,0,2026-08-29,30,quantile,0.45,2.0
2026-08-29,wk inc covid hosp,0,2026-08-29,30,quantile,0.5,2.0
2026-08-29,wk inc covid hosp,0,2026-08-29,30,quantile,0.55,2.0
2026-08-29,wk inc covid hosp,0,2026-08-29,30,quantile,0.6,2.0
2026-08-29,wk inc covid hosp,0,2026-08-29,30,quantile,0.65,2.0
2026-08-29,wk inc covid hosp,0,2026-08-29,30,quantile,0.7,3.0
2026-08-29,wk inc covid hosp,0,2026-08-29,30,quantile,0.75,3.0
2026-08-29,wk inc covid hosp,0,2026-08-29,30,quantile,0.8,3.0
2026-08-29,wk inc covid hosp,0,2026-08-29,30,quantile,0.85,4.0
2026-08-29,wk inc covid hosp,0,2026-08-29,30,quantile,0.9,4.0
2026-08-29,wk inc covid hosp,0,2026-08-29,30,quantile,0.95,5.0
2026-08-29,wk inc covid hosp,0,2026-08-29,30,quantile,0.975,7.0
2026-08-29,wk inc covid hosp,0,2026-08-29,30,quantile,0.99,10.009999999999991
2026-08-29,wk inc covid hosp,0,2026-08-29,31,quantile,0.01,0.0
2026-08-29,wk inc covid hosp,0,2026-08-29,31,quantile,0.025,0.0
2026-08-29,wk inc covid hosp,0,2026-08-29,31,quantile,0.05,0.0
2026-08-29,wk inc covid hosp,0,2026-08-29,31,quantile,0.1,0.0
2026-08-29,wk inc covid hosp,0,2026-08-29,31,quantile,0.15,2.0
2026-08-29,wk inc covid hosp,0,2026-08-29,31,quantile,0.2,2.0
2026-08-29,wk inc covid hosp,0,2026-08-29,31,quantile,0.25,3.0
2026-08-29,wk inc covid hosp,0,2026-08-29,31,quantile,0.3,3.0
2026-08-29,wk inc covid hosp,0,2026-08-29,31,quantile,0.35,4.0
2026-08-29,wk inc covid hosp,0,2026-08-29,31,quantile,0.4,4.0
2026-08-29,wk inc covid hosp,0,2026-08-29,31,quantile,0.45,4.0
2026-08-29,wk inc covid hosp,0,2026-08-29,31,quantile,0.5,5.0
2026-08-29,wk inc covid hosp,0,2026-08-29,31,quantile,0.55,5.0
2026-08-29,wk inc covid hosp,0,2026-08-29,31,quantile,0.6,5.0
2026-08-29,wk inc covid hosp,0,2026-08-29,31,quantile,0.65,5.0
2026-08-29,wk inc covid hosp,0,2026-08-29,31,quantile,0.7,6.0
2026-08-29,wk inc covid hosp,0,2026-08-29,31,quantile,0.75,6.0
2026-08-29,wk inc covid hosp,0,2026-08-29,31,quantile,0.8,7.0
2026-08-29,wk inc covid hosp,0,2026-08-29,31,quantile,0.85,7.0
2026-08-29,wk inc covid hosp,0,2026-08-29,31,quantile,0.9,9.0
2026-08-29,wk inc covid hosp,0,2026-08-29,31,quantile,0.95,12.0
2026-08-29,wk inc covid hosp,0,2026-08-29,31,quantile,0.975,14.0
2026-08-29,wk inc covid hosp,0,2026-08-29,31,quantile,0.99,20.059999999999945
2026-08-29,wk inc covid hosp,0,2026-08-29,32,quantile,0.01,0.0
2026-08-29,wk inc covid hosp,0,2026-08-29,32,quantile,0.025,1.0
2026-08-29,wk inc covid hosp,0,2026-08-29,32,quantile,0.05,3.0
2026-08-29,wk inc covid hosp,0,2026-08-29,32,quantile,0.1,6.0
2026-08-29,wk inc covid hosp,0,2026-08-29,32,quantile,0.15,8.0
2026-08-29,wk inc covid hosp,0,2026-08-29,32,quantile,0.2,9.0
2026-08-29,wk inc covid hosp,0,2026-08-29,32,quantile,0.25,10.0
2026-08-29,wk inc covid hosp,0,2026-08-29,32,quantile,0.3,11.0
2026-08-29,wk inc covid hosp,0,2026-08-29,32,quantile,0.35,12.0
2026-08-29,wk inc covid hosp,0,2026-08-29,32,quantile,0.4,12.0
2026-08-29,wk inc covid hosp,0,2026-08-29,32,quantile,0.45,13.0
2026-08-29,wk inc covid hosp,0,2026-08-29,32,quantile,0.5,13.0
2026-08-29,wk inc covid hosp,0,2026-08-29,32,quantile,0.55,14.0
2026-08-29,wk inc covid hosp,0,2026-08-29,32,quantile,0.6,14.0
2026-08-29,wk inc covid hosp,0,2026-08-29,32,quantile,0.65,15.0
2026-08-29,wk inc covid hosp,0,2026-08-29,32,quantile,0.7,15.0
2026-08-29,wk inc covid hosp,0,2026-08-29,32,quantile,0.75,16.0
2026-08-29,wk inc covid hosp,0,2026-08-29,32,quantile,0.8,17.0
2026-08-29,wk inc covid hosp,0,2026-08-29,32,quantile,0.85,18.0
2026-08-29,wk inc covid hosp,0,2026-08-29,32,quantile,0.9,20.0
2026-08-29,wk inc covid hosp,0,2026-08-29,32,quantile,0.95,24.0
2026-08-29,wk inc covid hosp,0,2026-08-29,32,quantile,0.975,29.0
2026-08-29,wk inc covid hosp,0,2026-08-29,32,quantile,0.99,35.0
2026-08-29,wk inc covid hosp,0,2026-08-29,33,quantile,0.01,0.0
2026-08-29,wk inc covid hosp,0,2026-08-29,33,quantile,0.025,0.0
2026-08-29,wk inc covid hosp,0,2026-08-29,33,quantile,0.05,0.0
2026-08-29,wk inc covid hosp,0,2026-08-29,33,quantile,0.1,1.9000000000000057
2026-08-29,wk inc covid hosp,0,2026-08-29,33,quantile,0.15,2.0
2026-08-29,wk inc covid hosp,0,2026-08-29,33,quantile,0.2,3.0
2026-08-29,wk inc covid hosp,0,2026-08-29,33,quantile,0.25,4.0
2026-08-29,wk inc covid hosp,0,2026-08-29,33,quantile,0.3,4.0
2026-08-29,wk inc covid hosp,0,2026-08-29,33,quantile,0.35,4.0
2026-08-29,wk inc covid hosp,0,2026-08-29,33,quantile,0.4,5.0
2026-08-29,wk inc covid hosp,0,2026-08-29,33,quantile,0.45,5.0
2026-08-29,wk inc covid hosp,0,2026-08-29,33,quantile,0.5,5.0
2026-08-29,wk inc covid hosp,0,2026-08-29,33,quantile,0.55,5.0
2026-08-29,wk inc covid hosp,0,2026-08-29,33,quantile,0.6,6.0
2026-08-29,wk inc covid hosp,0,2026-08-29,33,quantile,0.65,6.0
2026-08-29,wk inc covid hosp,0,2026-08-29,33,quantile,0.7,7.0
2026-08-29,wk inc covid hosp,0,2026-08-29,33,quantile,0.75,7.0
2026-08-29,wk inc covid hosp,0,2026-08-29,33,quantile,0.8,7.0
2026-08-29,wk inc covid hosp,0,2026-08-29,33,quantile,0.85,8.0
2026-08-29,wk inc covid hosp,0,2026-08-29,33,quantile,0.9,10.0
2026-08-29,wk inc covid hosp,0,2026-08-29,33,quantile,0.95,12.0
2026-08-29,wk inc covid hosp,0,2026-08-29,33,quantile,0.975,15.0
2026-08-29,wk inc covid hosp,0,2026-08-29,33,quantile,0.99,21.0
2026-08-29,wk inc covid hosp,0,2026-08-29,34,quantile,0.01,8.0
2026-08-29,wk inc covid hosp,0,2026-08-29,34,quantile,0.025,24.0
2026-08-29,wk inc covid hosp,0,2026-08-29,34,quantile,0.05,32.95
2026-08-29,wk inc covid hosp,0,2026-08-29,34,quantile,0.1,43.900000000000006
2026-08-29,wk inc covid hosp,0,2026-08-29,34,quantile,0.15,52.0
2026-08-29,wk inc covid hosp,0,2026-08-29,34,quantile,0.2,57.80000000000001
2026-08-29,wk inc covid hosp,0,2026-08-29,34,quantile,0.25,62.0
2026-08-29,wk inc covid hosp,0,2026-08-29,34,quantile,0.3,64.0
2026-08-29,wk inc covid hosp,0,2026-08-29,34,quantile,0.35,66.64999999999998
2026-08-29,wk inc covid hosp,0,2026-08-29,34,quantile,0.4,70.0
2026-08-29,wk inc covid hosp,0,2026-08-29,34,quantile,0.45,72.0
2026-08-29,wk inc covid hosp,0,2026-08-29,34,quantile,0.5,73.0
2026-08-29,wk inc covid hosp,0,2026-08-29,34,quantile,0.55,74.0
2026-08-29,wk inc covid hosp,0,2026-08-29,34,quantile,0.6,76.0
2026-08-29,wk inc covid hosp,0,2026-08-29,34,quantile,0.65,78.0
2026-08-29,wk inc covid hosp,0,2026-08-29,34,quantile,0.7,80.0
2026-08-29,wk inc covid hosp,0,2026-08-29,34,quantile,0.75,84.0
2026-08-29,wk inc covid hosp,0,2026-08-29,34,quantile,0.8,88.0
2026-08-29,wk inc covid hosp,0,2026-08-29,34,quantile,0.85,92.0
2026-08-29,wk inc covid hosp,0,2026-08-29,34,quantile,0.9,98.0
2026-08-29,wk inc covid hosp,0,2026-08-29,34,quantile,0.95,112.04999999999995
2026-08-29,wk inc covid hosp,0,2026-08-29,34,quantile,0.975,131.52499999999998
2026-08-29,wk inc covid hosp,0,2026-08-29,34,quantile,0.99,158.04999999999995
2026-08-29,wk inc covid hosp,0,2026-08-29,35,quantile,0.01,0.0
2026-08-29,wk inc covid hosp,0,2026-08-29,35,quantile,0.025,0.0
2026-08-29,wk inc covid hosp,0,2026-08-29,35,quantile,0.05,1.0
2026-08-29,wk inc covid hosp,0,2026-08-29,35,quantile,0.1,3.0
2026-08-29,wk inc covid hosp,0,2026-08-29,35,quantile,0.15,5.0
2026-08-29,wk inc covid hosp,0,2026-08-29,35,quantile,0.2,5.800000000000011
2026-08-29,wk inc covid hosp,0,2026-08-29,35,quantile,0.25,6.0
2026-08-29,wk inc covid hosp,0,2026-08-29,35,quantile,0.3,7.0
2026-08-29,wk inc covid hosp,0,2026-08-29,35,quantile,0.35,8.0
2026-08-29,wk inc covid hosp,0,2026-08-29,35,quantile,0.4,8.0
2026-08-29,wk inc covid hosp,0,2026-08-29,35,quantile,0.45,8.0
2026-08-29,wk inc covid hosp,0,2026-08-29,35,quantile,0.5,9.0
2026-08-29,wk inc covid hosp,0,2026-08-29,35,quantile,0.55,9.0
2026-08-29,wk inc covid hosp,0,2026-08-29,35,quantile,0.6,9.0
2026-08-29,wk inc covid hosp,0,2026-08-29,35,quantile,0.65,10.0
2026-08-29,wk inc covid hosp,0,2026-08-29,35,quantile,0.7,10.0
2026-08-29,wk inc covid hosp,0,2026-08-29,35,quantile,0.75,10.0
2026-08-29,wk inc covid hosp,0,2026-08-29,35,quantile,0.8,11.0
2026-08-29,wk inc covid hosp,0,2026-08-29,35,quantile,0.85,12.0
2026-08-29,wk inc covid hosp,0,2026-08-29,35,quantile,0.9,13.100000000000023
2026-08-29,wk inc covid hosp,0,2026-08-29,35,quantile,0.95,16.0
2026-08-29,wk inc covid hosp,0,2026-08-29,35,quantile,0.975,18.524999999999977
2026-08-29,wk inc covid hosp,0,2026-08-29,35,quantile,0.99,24.0
2026-08-29,wk inc covid hosp,0,2026-08-29,36,quantile,0.01,8.940000000000001
2026-08-29,wk inc covid hosp,0,2026-08-29,36,quantile,0.025,44.475
2026-08-29,wk inc covid hosp,0,2026-08-29,36,quantile,0.05,63.95
2026-08-29,wk inc covid hosp,0,2026-08-29,36,quantile,0.1,87.0
2026-08-29,wk inc covid hosp,0,2026-08-29,36,quantile,0.15,101.0
2026-08-29,wk inc covid hosp,0,2026-08-29,36,quantile,0.2,110.0
2026-08-29,wk inc covid hosp,0,2026-08-29,36,quantile,0.25,117.0
2026-08-29,wk inc covid hosp,0,2026-08-29,36,quantile,0.3,124.69999999999999
2026-08-29,wk inc covid hosp,0,2026-08-29,36,quantile,0.35,129.0
2026-08-29,wk inc covid hosp,0,2026-08-29,36,quantile,0.4,135.0
2026-08-29,wk inc covid hosp,0,2026-08-29,36,quantile,0.45,139.0
2026-08-29,wk inc covid hosp,0,2026-08-29,36,quantile,0.5,142.0
2026-08-29,wk inc covid hosp,0,2026-08-29,36,quantile,0.55,143.0
2026-08-29,wk inc covid hosp,0,2026-08-29,36,quantile,0.6,149.0
2026-08-29,wk inc covid hosp,0,2026-08-29,36,quantile,0.65,152.0
2026-08-29,wk inc covid hosp,0,2026-08-29,36,quantile,0.7,156.0
2026-08-29,wk inc covid hosp,0,2026-08-29,36,quantile,0.75,161.25
2026-08-29,wk inc covid hosp,0,2026-08-29,36,quantile,0.8,170.0
2026-08-29,wk inc covid hosp,0,2026-08-29,36,quantile,0.85,180.0
2026-08-29,wk inc covid hosp,0,2026-08-29,36,quantile,0.9,193.10000000000002
2026-08-29,wk inc covid hosp,0,2026-08-29,36,quantile,0.95,219.04999999999995
2026-08-29,wk inc covid hosp,0,2026-08-29,36,quantile,0.975,244.14999999999986
2026-08-29,wk inc covid hosp,0,2026-08-29,36,quantile,0.99,319.4499999999996
2026-08-29,wk inc covid hosp,0,2026-08-29,37,quantile,0.01,35.85
2026-08-29,wk inc covid hosp,0,2026-08-29,37,quantile,0.025,59.475
2026-08-29,wk inc covid hosp,0,2026-08-29,37,quantile,0.05,71.95
2026-08-29,wk inc covid hosp,0,2026-08-29,37,quantile,0.1,88.9
2026-08-29,wk inc covid hosp,0,2026-08-29,37,quantile,0.15,96.0
2026-08-29,wk inc covid hosp,0,2026-08-29,37,quantile,0.2,101.0
2026-08-29,wk inc covid hosp,0,2026-08-29,37,quantile,0.25,107.75
2026-08-29,wk inc covid hosp,0,2026-08-29,37,quantile,0.3,112.0
2026-08-29,wk inc covid hosp,0,2026-08-29,37,quantile,0.35,116.0
2026-08-29,wk inc covid hosp,0,2026-08-29,37,quantile,0.4,118.60000000000002
2026-08-29,wk inc covid hosp,0,2026-08-29,37,quantile,0.45,121.0
2026-08-29,wk inc covid hosp,0,2026-08-29,37,quantile,0.5,122.0
2026-08-29,wk inc covid hosp,0,2026-08-29,37,quantile,0.55,124.0
2026-08-29,wk inc covid hosp,0,2026-08-29,37,quantile,0.6,128.0
2026-08-29,wk inc covid hosp,0,2026-08-29,37,quantile,0.65,131.0
2026-08-29,wk inc covid hosp,0,2026-08-29,37,quantile,0.7,134.0
2026-08-29,wk inc covid hosp,0,2026-08-29,37,quantile,0.75,137.0
2026-08-29,wk inc covid hosp,0,2026-08-29,37,quantile,0.8,145.0
2026-08-29,wk inc covid hosp,0,2026-08-29,37,quantile,0.85,150.0
2026-08-29,wk inc covid hosp,0,2026-08-29,37,quantile,0.9,159.10000000000002
2026-08-29,wk inc covid hosp,0,2026-08-29,37,quantile,0.95,175.04999999999995
2026-08-29,wk inc covid hosp,0,2026-08-29,37,quantile,0.975,214.0999999999999
2026-08-29,wk inc covid hosp,0,2026-08-29,37,quantile,0.99,259.1199999999999
2026-08-29,wk inc covid hosp,0,2026-08-29,38,quantile,0.01,0.0
2026-08-29,wk inc covid hosp,0,2026-08-29,38,quantile,0.025,0.0
2026-08-29,wk inc covid hosp,0,2026-08-29,38,quantile,0.05,0.0
2026-08-29,wk inc covid hosp,0,2026-08-29,38,quantile,0.1,0.0
2026-08-29,wk inc covid hosp,0,2026-08-29,38,quantile,0.15,0.0
2026-08-29,wk inc covid hosp,0,2026-08-29,38,quantile,0.2,0.0
2026-08-29,wk inc covid hosp,0,2026-08-29,38,quantile,0.25,0.0
2026-08-29,wk inc covid hosp,0,2026-08-29,38,quantile,0.3,1.0
2026-08-29,wk inc covid hosp,0,2026-08-29,38,quantile,0.35,1.0
2026-08-29,wk inc covid hosp,0,2026-08-29,38,quantile,0.4,1.0
2026-08-29,wk inc covid hosp,0,2026-08-29,38,quantile,0.45,1.0
2026-08-29,wk inc covid hosp,0,2026-08-29,38,quantile,0.5,1.0
2026-08-29,wk inc covid hosp,0,2026-08-29,38,quantile,0.55,1.0
2026-08-29,wk inc covid hosp,0,2026-08-29,38,quantile,0.6,1.0
2026-08-29,wk inc covid hosp,0,2026-08-29,38,quantile,0.65,1.0
2026-08-29,wk inc covid hosp,0,2026-08-29,38,quantile,0.7,2.0
2026-08-29,wk inc covid hosp,0,2026-08-29,38,quantile,0.75,2.0
2026-08-29,wk inc covid hosp,0,2026-08-29,38,quantile,0.8,2.0
2026-08-29,wk inc covid hosp,0,2026-08-29,38,quantile,0.85,2.0
2026-08-29,wk inc covid hosp,0,2026-08-29,38,quantile,0.9,2.0
2026-08-29,wk inc covid hosp,0,2026-08-29,38,quantile,0.95,3.0
2026-08-29,wk inc covid hosp,0,2026-08-29,38,quantile,0.975,4.0
2026-08-29,wk inc covid hosp,0,2026-08-29,38,quantile,0.99,6.009999999999991
2026-08-29,wk inc covid hosp,0,2026-08-29,39,quantile,0.01,0.0
2026-08-29,wk inc covid hosp,0,2026-08-29,39,quantile,0.025,0.0
2026-08-29,wk inc covid hosp,0,2026-08-29,39,quantile,0.05,0.0
2026-08-29,wk inc covid hosp,0,2026-08-29,39,quantile,0.1,7.0
2026-08-29,wk inc covid hosp,0,2026-08-29,39,quantile,0.15,13.0
2026-08-29,wk inc covid hosp,0,2026-08-29,39,quantile,0.2,18.0
2026-08-29,wk inc covid hosp,0,2026-08-29,39,quantile,0.25,20.0
2026-08-29,wk inc covid hosp,0,2026-08-29,39,quantile,0.3,22.0
2026-08-29,wk inc covid hosp,0,2026-08-29,39,quantile,0.35,24.0
2026-08-29,wk inc covid hosp,0,2026-08-29,39,quantile,0.4,27.0
2026-08-29,wk inc covid hosp,0,2026-08-29,39,quantile,0.45,28.0
2026-08-29,wk inc covid hosp,0,2026-08-29,39,quantile,0.5,31.0
2026-08-29,wk inc covid hosp,0,2026-08-29,39,quantile,0.55,31.0
2026-08-29,wk inc covid hosp,0,2026-08-29,39,quantile,0.6,33.0
2026-08-29,wk inc covid hosp,0,2026-08-29,39,quantile,0.65,35.0
2026-08-29,wk inc covid hosp,0,2026-08-29,39,quantile,0.7,37.0
2026-08-29,wk inc covid hosp,0,2026-08-29,39,quantile,0.75,40.0
2026-08-29,wk inc covid hosp,0,2026-08-29,39,quantile,0.8,44.0
2026-08-29,wk inc covid hosp,0,2026-08-29,39,quantile,0.85,47.0
2026-08-29,wk inc covid hosp,0,2026-08-29,39,quantile,0.9,57.0
2026-08-29,wk inc covid hosp,0,2026-08-29,39,quantile,0.95,68.04999999999995
2026-08-29,wk inc covid hosp,0,2026-08-29,39,quantile,0.975,80.0
2026-08-29,wk inc covid hosp,0,2026-08-29,39,quantile,0.99,113.06999999999994
2026-08-29,wk inc covid hosp,0,2026-08-29,40,quantile,0.01,0.0
2026-08-29,wk inc covid hosp,0,2026-08-29,40,quantile,0.025,0.0
2026-08-29,wk inc covid hosp,0,2026-08-29,40,quantile,0.05,0.0
2026-08-29,wk inc covid hosp,0,2026-08-29,40,quantile,0.1,3.0
2026-08-29,wk inc covid hosp,0,2026-08-29,40,quantile,0.15,5.0
2026-08-29,wk inc covid hosp,0,2026-08-29,40,quantile,0.2,7.0
2026-08-29,wk inc covid hosp,0,2026-08-29,40,quantile,0.25,9.0
2026-08-29,wk inc covid hosp,0,2026-08-29,40,quantile,0.3,9.0
2026-08-29,wk inc covid hosp,0,2026-08-29,40,quantile,0.35,10.0
2026-08-29,wk inc covid hosp,0,2026-08-29,40,quantile,0.4,11.0
2026-08-29,wk inc covid hosp,0,2026-08-29,40,quantile,0.45,12.0
2026-08-29,wk inc covid hosp,0,2026-08-29,40,quantile,0.5,13.0
2026-08-29,wk inc covid hosp,0,2026-08-29,40,quantile,0.55,13.0
2026-08-29,wk inc covid hosp,0,2026-08-29,40,quantile,0.6,14.0
2026-08-29,wk inc covid hosp,0,2026-08-29,40,quantile,0.65,15.0
2026-08-29,wk inc covid hosp,0,2026-08-29,40,quantile,0.7,16.0
2026-08-29,wk inc covid hosp,0,2026-08-29,40,quantile,0.75,17.0
2026-08-29,wk inc covid hosp,0,2026-08-29,40,quantile,0.8,18.200000000000045
2026-08-29,wk inc covid hosp,0,2026-08-29,40,quantile,0.85,21.0
2026-08-29,wk inc covid hosp,0,2026-08-29,40,quantile,0.9,24.0
2026-08-29,wk inc covid hosp,0,2026-08-29,40,quantile,0.95,29.049999999999955
2026-08-29,wk inc covid hosp,0,2026-08-29,40,quantile,0.975,34.52499999999998
2026-08-29,wk inc covid hosp,0,2026-08-29,40,quantile,0.99,43.11999999999989
2026-08-29,wk inc covid hosp,0,2026-08-29,41,quantile,0.01,0.0
2026-08-29,wk inc covid hosp,0,2026-08-29,41,quantile,0.025,0.0
2026-08-29,wk inc covid hosp,0,2026-08-29,41,quantile,0.05,1.0
2026-08-29,wk inc covid hosp,0,2026-08-29,41,quantile,0.1,4.0
2026-08-29,wk inc covid hosp,0,2026-08-29,41,quantile,0.15,6.0
2026-08-29,wk inc covid hosp,0,2026-08-29,41,quantile,0.2,8.0
2026-08-29,wk inc covid hosp,0,2026-08-29,41,quantile,0.25,8.0
2026-08-29,wk inc covid hosp,0,2026-08-29,41,quantile,0.3,9.0
2026-08-29,wk inc covid hosp,0,2026-08-29,41,quantile,0.35,10.0
2026-08-29,wk inc covid hosp,0,2026-08-29,41,quantile,0.4,11.0
2026-08-29,wk inc covid hosp,0,2026-08-29,41,quantile,0.45,12.0
2026-08-29,wk inc covid hosp,0,2026-08-29,41,quantile,0.5,12.0
2026-08-29,wk inc covid hosp,0,2026-08-29,41,quantile,0.55,12.0
2026-08-29,wk inc covid hosp,0,2026-08-29,41,quantile,0.6,13.0
2026-08-29,wk inc covid hosp,0,2026-08-29,41,quantile,0.65,14.0
2026-08-29,wk inc covid hosp,0,2026-08-29,41,quantile,0.7,14.0
2026-08-29,wk inc covid hosp,0,2026-08-29,41,quantile,0.75,16.0
2026-08-29,wk inc covid hosp,0,2026-08-29,41,quantile,0.8,17.0
2026-08-29,wk inc covid hosp,0,2026-08-29,41,quantile,0.85,19.0
2026-08-29,wk inc covid hosp,0,2026-08-29,41,quantile,0.9,21.0
2026-08-29,wk inc covid hosp,0,2026-08-29,41,quantile,0.95,26.0
2026-08-29,wk inc covid hosp,0,2026-08-29,41,quantile,0.975,31.0
2026-08-29,wk inc covid hosp,0,2026-08-29,41,quantile,0.99,43.00999999999999
2026-08-29,wk inc covid hosp,0,2026-08-29,42,quantile,0.01,0.0
2026-08-29,wk inc covid hosp,0,2026-08-29,42,quantile,0.025,0.0
2026-08-29,wk inc covid hosp,0,2026-08-29,42,quantile,0.05,14.950000000000003
2026-08-29,wk inc covid hosp,0,2026-08-29,42,quantile,0.1,26.900000000000006
2026-08-29,wk inc covid hosp,0,2026-08-29,42,quantile,0.15,33.0
2026-08-29,wk inc covid hosp,0,2026-08-29,42,quantile,0.2,37.0
2026-08-29,wk inc covid hosp,0,2026-08-29,42,quantile,0.25,42.0
2026-08-29,wk inc covid hosp,0,2026-08-29,42,quantile,0.3,46.0
2026-08-29,wk inc covid hosp,0,2026-08-29,42,quantile,0.35,50.0
2026-08-29,wk inc covid hosp,0,2026-08-29,42,quantile,0.4,53.0
2026-08-29,wk inc covid hosp,0,2026-08-29,42,quantile,0.45,55.0
2026-08-29,wk inc covid hosp,0,2026-08-29,42,quantile,0.5,57.0
2026-08-29,wk inc covid hosp,0,2026-08-29,42,quantile,0.55,58.0
2026-08-29,wk inc covid hosp,0,2026-08-29,42,quantile,0.6,59.0
2026-08-29,wk inc covid hosp,0,2026-08-29,42,quantile,0.65,62.0
2026-08-29,wk inc covid hosp,0,2026-08-29,42,quantile,0.7,65.0
2026-08-29,wk inc covid hosp,0,2026-08-29,42,quantile,0.75,68.0
2026-08-29,wk inc covid hosp,0,2026-08-29,42,quantile,0.8,72.0
2026-08-29,wk inc covid hosp,0,2026-08-29,42,quantile,0.85,77.0
2026-08-29,wk inc covid hosp,0,2026-08-29,42,quantile,0.9,85.0
2026-08-29,wk inc covid hosp,0,2026-08-29,42,quantile,0.95,101.04999999999995
2026-08-29,wk inc covid hosp,0,2026-08-29,42,quantile,0.975,116.57499999999993
2026-08-29,wk inc covid hosp,0,2026-08-29,42,quantile,0.99,155.04999999999995
2026-08-29,wk inc covid hosp,0,2026-08-29,44,quantile,0.01,0.0
2026-08-29,wk inc covid hosp,0,2026-08-29,44,quantile,0.025,1.0
2026-08-29,wk inc covid hosp,0,2026-08-29,44,quantile,0.05,1.9500000000000028
2026-08-29,wk inc covid hosp,0,2026-08-29,44,quantile,0.1,2.0
2026-08-29,wk inc covid hosp,0,2026-08-29,44,quantile,0.15,3.0
2026-08-29,wk inc covid hosp,0,2026-08-29,44,quantile,0.2,3.0
2026-08-29,wk inc covid hosp,0,2026-08-29,44,quantile,0.25,4.0
2026-08-29,wk inc covid hosp,0,2026-08-29,44,quantile,0.3,4.0
2026-08-29,wk inc covid hosp,0,2026-08-29,44,quantile,0.35,4.0
2026-08-29,wk inc covid hosp,0,2026-08-29,44,quantile,0.4,4.0
2026-08-29,wk inc covid hosp,0,2026-08-29,44,quantile,0.45,5.0
2026-08-29,wk inc covid hosp,0,2026-08-29,44,quantile,0.5,5.0
2026-08-29,wk inc covid hosp,0,2026-08-29,44,quantile,0.55,5.0
2026-08-29,wk inc covid hosp,0,2026-08-29,44,quantile,0.6,5.0
2026-08-29,wk inc covid hosp,0,2026-08-29,44,quantile,0.65,5.0
2026-08-29,wk inc covid hosp,0,2026-08-29,44,quantile,0.7,5.0
2026-08-29,wk inc covid hosp,0,2026-08-29,44,quantile,0.75,6.0
2026-08-29,wk inc covid hosp,0,2026-08-29,44,quantile,0.8,6.0
2026-08-29,wk inc covid hosp,0,2026-08-29,44,quantile,0.85,6.0
2026-08-29,wk inc covid hosp,0,2026-08-29,44,quantile,0.9,7.0
2026-08-29,wk inc covid hosp,0,2026-08-29,44,quantile,0.95,8.0
2026-08-29,wk inc covid hosp,0,2026-08-29,44,quantile,0.975,10.524999999999977
2026-08-29,wk inc covid hosp,0,2026-08-29,44,quantile,0.99,16.0
2026-08-29,wk inc covid hosp,0,2026-08-29,45,quantile,0.01,0.0
2026-08-29,wk inc covid hosp,0,2026-08-29,45,quantile,0.025,6.0
2026-08-29,wk inc covid hosp,0,2026-08-29,45,quantile,0.05,13.0
2026-08-29,wk inc covid hosp,0,2026-08-29,45,quantile,0.1,19.900000000000006
2026-08-29,wk inc covid hosp,0,2026-08-29,45,quantile,0.15,22.0
2026-08-29,wk inc covid hosp,0,2026-08-29,45,quantile,0.2,24.80000000000001
2026-08-29,wk inc covid hosp,0,2026-08-29,45,quantile,0.25,27.0
2026-08-29,wk inc covid hosp,0,2026-08-29,45,quantile,0.3,28.0
2026-08-29,wk inc covid hosp,0,2026-08-29,45,quantile,0.35,29.0
2026-08-29,wk inc covid hosp,0,2026-08-29,45,quantile,0.4,30.0
2026-08-29,wk inc covid hosp,0,2026-08-29,45,quantile,0.45,31.0
2026-08-29,wk inc covid hosp,0,2026-08-29,45,quantile,0.5,32.0
2026-08-29,wk inc covid hosp,0,2026-08-29,45,quantile,0.55,33.0
2026-08-29,wk inc covid hosp,0,2026-08-29,45,quantile,0.6,33.0
2026-08-29,wk inc covid hosp,0,2026-08-29,45,quantile,0.65,34.0
2026-08-29,wk inc covid hosp,0,2026-08-29,45,quantile,0.7,36.0
2026-08-29,wk inc covid hosp,0,2026-08-29,45,quantile,0.75,38.0
2026-08-29,wk inc covid hosp,0,2026-08-29,45,quantile,0.8,40.0
2026-08-29,wk inc covid hosp,0,2026-08-29,45,quantile,0.85,42.0
2026-08-29,wk inc covid hosp,0,2026-08-29,45,quantile,0.9,46.10000000000002
2026-08-29,wk inc covid hosp,0,2026-08-29,45,quantile,0.95,54.0
2026-08-29,wk inc covid hosp,0,2026-08-29,45,quantile,0.975,62.0
2026-08-29,wk inc covid hosp,0,2026-08-29,45,quantile,0.99,82.00999999999999
2026-08-29,wk inc covid hosp,0,2026-08-29,46,quantile,0.01,0.0
2026-08-29,wk inc covid hosp,0,2026-08-29,46,quantile,0.025,0.0
2026-08-29,wk inc covid hosp,0,2026-08-29,46,quantile,0.05,0.0
2026-08-29,wk inc covid hosp,0,2026-08-29,46,quantile,0.1,0.0
2026-08-29,wk inc covid hosp,0,2026-08-29,46,quantile,0.15,0.0
2026-08-29,wk inc covid hosp,0,2026-08-29,46,quantile,0.2,0.0
2026-08-29,wk inc covid hosp,0,2026-08-29,46,quantile,0.25,0.0
2026-08-29,wk inc covid hosp,0,2026-08-29,46,quantile,0.3,1.0
2026-08-29,wk inc covid hosp,0,2026-08-29,46,quantile,0.35,1.0
2026-08-29,wk inc covid hosp,0,2026-08-29,46,quantile,0.4,1.0
2026-08-29,wk inc covid hosp,0,2026-08-29,46,quantile,0.45,1.0
2026-08-29,wk inc covid hosp,0,2026-08-29,46,quantile,0.5,1.0
2026-08-29,wk inc covid hosp,0,2026-08-29,46,quantile,0.55,1.0
2026-08-29,wk inc covid hosp,0,2026-08-29,46,quantile,0.6,2.0
2026-08-29,wk inc covid hosp,0,2026-08-29,46,quantile,0.65,2.0
2026-08-29,wk inc covid hosp,0,2026-08-29,46,quantile,0.7,2.0
2026-08-29,wk inc covid hosp,0,2026-08-29,46,quantile,0.75,2.0
2026-08-29,wk inc covid hosp,0,2026-08-29,46,quantile,0.8,2.0
2026-08-29,wk inc covid hosp,0,2026-08-29,46,quantile,0.85,3.0
2026-08-29,wk inc covid hosp,0,2026-08-29,46,quantile,0.9,3.0
2026-08-29,wk inc covid hosp,0,2026-08-29,46,quantile,0.95,4.0499999999999545
2026-08-29,wk inc covid hosp,0,2026-08-29,46,quantile,0.975,6.0
2026-08-29,wk inc covid hosp,0,2026-08-29,46,quantile,0.99,8.009999999999991
2026-08-29,wk inc covid hosp,0,2026-08-29,47,quantile,0.01,0.0
2026-08-29,wk inc covid hosp,0,2026-08-29,47,quantile,0.025,16.0
2026-08-29,wk inc covid hosp,0,2026-08-29,47,quantile,0.05,22.0
2026-08-29,wk inc covid hosp,0,2026-08-29,47,quantile,0.1,28.0
2026-08-29,wk inc covid hosp,0,2026-08-29,47,quantile,0.15,33.0
2026-08-29,wk inc covid hosp,0,2026-08-29,47,quantile,0.2,36.0
2026-08-29,wk inc covid hosp,0,2026-08-29,47,quantile,0.25,38.0
2026-08-29,wk inc covid hosp,0,2026-08-29,47,quantile,0.3,40.69999999999999
2026-08-29,wk inc covid hosp,0,2026-08-29,47,quantile,0.35,42.0
2026-08-29,wk inc covid hosp,0,2026-08-29,47,quantile,0.4,43.0
2026-08-29,wk inc covid hosp,0,2026-08-29,47,quantile,0.45,45.0
2026-08-29,wk inc covid hosp,0,2026-08-29,47,quantile,0.5,47.0
2026-08-29,wk inc covid hosp,0,2026-08-29,47,quantile,0.55,48.0
2026-08-29,wk inc covid hosp,0,2026-08-29,47,quantile,0.6,49.39999999999998
2026-08-29,wk inc covid hosp,0,2026-08-29,47,quantile,0.65,51.0
2026-08-29,wk inc covid hosp,0,2026-08-29,47,quantile,0.7,52.0
2026-08-29,wk inc covid hosp,0,2026-08-29,47,quantile,0.75,54.0
2026-08-29,wk inc covid hosp,0,2026-08-29,47,quantile,0.8,59.0
2026-08-29,wk inc covid hosp,0,2026-08-29,47,quantile,0.85,62.0
2026-08-29,wk inc covid hosp,0,2026-08-29,47,quantile,0.9,68.0
2026-08-29,wk inc covid hosp,0,2026-08-29,47,quantile,0.95,79.0
2026-08-29,wk inc covid hosp,0,2026-08-29,47,quantile,0.975,100.67499999999984
2026-08-29,wk inc covid hosp,0,2026-08-29,47,quantile,0.99,134.0
2026-08-29,wk inc covid hosp,0,2026-08-29,48,quantile,0.01,127.92
2026-08-29,wk inc covid hosp,0,2026-08-29,48,quantile,0.025,164.375
2026-08-29,wk inc covid hosp,0,2026-08-29,48,quantile,0.05,203.95
2026-08-29,wk inc covid hosp,0,2026-08-29,48,quantile,0.1,230.9
2026-08-29,wk inc covid hosp,0,2026-08-29,48,quantile,0.15,252.85
2026-08-29,wk inc covid hosp,0,2026-08-29,48,quantile,0.2,264.8
2026-08-29,wk inc covid hosp,0,2026-08-29,48,quantile,0.25,278.0
2026-08-29,wk inc covid hosp,0,2026-08-29,48,quantile,0.3,291.7
2026-08-29,wk inc covid hosp,0,2026-08-29,48,quantile,0.35,299.0
2026-08-29,wk inc covid hosp,0,2026-08-29,48,quantile,0.4,308.0
2026-08-29,wk inc covid hosp,0,2026-08-29,48,quantile,0.45,317.0
2026-08-29,wk inc covid hosp,0,2026-08-29,48,quantile,0.5,324.0
2026-08-29,wk inc covid hosp,0,2026-08-29,48,quantile,0.55,327.0
2026-08-29,wk inc covid hosp,0,2026-08-29,48,quantile,0.6,331.0
2026-08-29,wk inc covid hosp,0,2026-08-29,48,quantile,0.65,337.35
2026-08-29,wk inc covid hosp,0,2026-08-29,48,quantile,0.7,349.0
2026-08-29,wk inc covid hosp,0,2026-08-29,48,quantile,0.75,356.25
2026-08-29,wk inc covid hosp,0,2026-08-29,48,quantile,0.8,369.4000000000001
2026-08-29,wk inc covid hosp,0,2026-08-29,48,quantile,0.85,382.0
2026-08-29,wk inc covid hosp,0,2026-08-29,48,quantile,0.9,403.1
2026-08-29,wk inc covid hosp,0,2026-08-29,48,quantile,0.95,458.04999999999995
2026-08-29,wk inc covid hosp,0,2026-08-29,48,quantile,0.975,494.0
2026-08-29,wk inc covid hosp,0,2026-08-29,48,quantile,0.99,587.109999999999
2026-08-29,wk inc covid hosp,0,2026-08-29,49,quantile,0.01,0.0
2026-08-29,wk inc covid hosp,0,2026-08-29,49,quantile,0.025,0.0
2026-08-29,wk inc covid hosp,0,2026-08-29,49,quantile,0.05,0.0
2026-08-29,wk inc covid hosp,0,2026-08-29,49,quantile,0.1,2.9000000000000057
2026-08-29,wk inc covid hosp,0,2026-08-29,49,quantile,0.15,4.0
2026-08-29,wk inc covid hosp,0,2026-08-29,49,quantile,0.2,5.0
2026-08-29,wk inc covid hosp,0,2026-08-29,49,quantile,0.25,6.0
2026-08-29,wk inc covid hosp,0,2026-08-29,49,quantile,0.3,7.0
2026-08-29,wk inc covid hosp,0,2026-08-29,49,quantile,0.35,8.0
2026-08-29,wk inc covid hosp,0,2026-08-29,49,quantile,0.4,8.0
2026-08-29,wk inc covid hosp,0,2026-08-29,49,quantile,0.45,9.0
2026-08-29,wk inc covid hosp,0,2026-08-29,49,quantile,0.5,9.0
2026-08-29,wk inc covid hosp,0,2026-08-29,49,quantile,0.55,10.0
2026-08-29,wk inc covid hosp,0,2026-08-29,49,quantile,0.6,10.0
2026-08-29,wk inc covid hosp,0,2026-08-29,49,quantile,0.65,11.0
2026-08-29,wk inc covid hosp,0,2026-08-29,49,quantile,0.7,11.0
2026-08-29,wk inc covid hosp,0,2026-08-29,49,quantile,0.75,12.0
2026-08-29,wk inc covid hosp,0,2026-08-29,49,quantile,0.8,13.0
2026-08-29,wk inc covid hosp,0,2026-08-29,49,quantile,0.85,14.0
2026-08-29,wk inc covid hosp,0,2026-08-29,49,quantile,0.9,17.0
2026-08-29,wk inc covid hosp,0,2026-08-29,49,quantile,0.95,20.049999999999955
2026-08-29,wk inc covid hosp,0,2026-08-29,49,quantile,0.975,29.0
2026-08-29,wk inc covid hosp,0,2026-08-29,49,quantile,0.99,40.0
2026-08-29,wk inc covid hosp,0,2026-08-29,50,quantile,0.01,0.0
2026-08-29,wk inc covid hosp,0,2026-08-29,50,quantile,0.025,0.0
2026-08-29,wk inc covid hosp,0,2026-08-29,50,quantile,0.05,0.0
2026-08-29,wk inc covid hosp,0,2026-08-29,50,quantile,0.1,0.0
2026-08-29,wk inc covid hosp,0,2026-08-29,50,quantile,0.15,0.0
2026-08-29,wk inc covid hosp,0,2026-08-29,50,quantile,0.2,0.0
2026-08-29,wk inc covid hosp,0,2026-08-29,50,quantile,0.25,1.0
2026-08-29,wk inc covid hosp,0,2026-08-29,50,quantile,0.3,1.0
2026-08-29,wk inc covid hosp,0,2026-08-29,50,quantile,0.35,1.0
2026-08-29,wk inc covid hosp,0,2026-08-29,50,quantile,0.4,1.0
2026-08-29,wk inc covid hosp,0,2026-08-29,50,quantile,0.45,1.0
2026-08-29,wk inc covid hosp,0,2026-08-29,50,quantile,0.5,1.0
2026-08-29,wk inc covid hosp,0,2026-08-29,50,quantile,0.55,1.0
2026-08-29,wk inc covid hosp,0,2026-08-29,50,quantile,0.6,1.0
2026-08-29,wk inc covid hosp,0,2026-08-29,50,quantile,0.65,1.0
2026-08-29,wk inc covid hosp,0,2026-08-29,50,quantile,0.7,2.0
2026-08-29,wk inc covid hosp,0,2026-08-29,50,quantile,0.75,2.0
2026-08-29,wk inc covid hosp,0,2026-08-29,50,quantile,0.8,2.0
2026-08-29,wk inc covid hosp,0,2026-08-29,50,quantile,0.85,2.0
2026-08-29,wk inc covid hosp,0,2026-08-29,50,quantile,0.9,2.0
2026-08-29,wk inc covid hosp,0,2026-08-29,50,quantile,0.95,3.0
2026-08-29,wk inc covid hosp,0,2026-08-29,50,quantile,0.975,4.0
2026-08-29,wk inc covid hosp,0,2026-08-29,50,quantile,0.99,5.0
2026-08-29,wk inc covid hosp,0,2026-08-29,51,quantile,0.01,0.0
2026-08-29,wk inc covid hosp,0,2026-08-29,51,quantile,0.025,2.4750000000000014
2026-08-29,wk inc covid hosp,0,2026-08-29,51,quantile,0.05,9.0
2026-08-29,wk inc covid hosp,0,2026-08-29,51,quantile,0.1,16.0
2026-08-29,wk inc covid hosp,0,2026-08-29,51,quantile,0.15,20.0
2026-08-29,wk inc covid hosp,0,2026-08-29,51,quantile,0.2,23.0
2026-08-29,wk inc covid hosp,0,2026-08-29,51,quantile,0.25,25.0
2026-08-29,wk inc covid hosp,0,2026-08-29,51,quantile,0.3,27.0
2026-08-29,wk inc covid hosp,0,2026-08-29,51,quantile,0.35,29.0
2026-08-29,wk inc covid hosp,0,2026-08-29,51,quantile,0.4,31.0
2026-08-29,wk inc covid hosp,0,2026-08-29,51,quantile,0.45,32.0
2026-08-29,wk inc covid hosp,0,2026-08-29,51,quantile,0.5,33.0
2026-08-29,wk inc covid hosp,0,2026-08-29,51,quantile,0.55,34.0
2026-08-29,wk inc covid hosp,0,2026-08-29,51,quantile,0.6,35.0
2026-08-29,wk inc covid hosp,0,2026-08-29,51,quantile,0.65,37.35000000000002
2026-08-29,wk inc covid hosp,0,2026-08-29,51,quantile,0.7,39.0
2026-08-29,wk inc covid hosp,0,2026-08-29,51,quantile,0.75,41.0
2026-08-29,wk inc covid hosp,0,2026-08-29,51,quantile,0.8,43.0
2026-08-29,wk inc covid hosp,0,2026-08-29,51,quantile,0.85,45.14999999999998
2026-08-29,wk inc covid hosp,0,2026-08-29,51,quantile,0.9,50.10000000000002
2026-08-29,wk inc covid hosp,0,2026-08-29,51,quantile,0.95,57.049999999999955
2026-08-29,wk inc covid hosp,0,2026-08-29,51,quantile,0.975,71.0
2026-08-29,wk inc covid hosp,0,2026-08-29,51,quantile,0.99,83.02999999999997
2026-08-29,wk inc covid hosp,0,2026-08-29,53,quantile,0.01,1.9900000000000002
2026-08-29,wk inc covid hosp,0,2026-08-29,53,quantile,0.025,15.950000000000003
2026-08-29,wk inc covid hosp,0,2026-08-29,53,quantile,0.05,24.0
2026-08-29,wk inc covid hosp,0,2026-08-29,53,quantile,0.1,32.0
2026-08-29,wk inc covid hosp,0,2026-08-29,53,quantile,0.15,35.0
2026-08-29,wk inc covid hosp,0,2026-08-29,53,quantile,0.2,38.0
2026-08-29,wk inc covid hosp,0,2026-08-29,53,quantile,0.25,40.0
2026-08-29,wk inc covid hosp,0,2026-08-29,53,quantile,0.3,42.0
2026-08-29,wk inc covid hosp,0,2026-08-29,53,quantile,0.35,45.0
2026-08-29,wk inc covid hosp,0,2026-08-29,53,quantile,0.4,48.0
2026-08-29,wk inc covid hosp,0,2026-08-29,53,quantile,0.45,50.0
2026-08-29,wk inc covid hosp,0,2026-08-29,53,quantile,0.5,51.0
2026-08-29,wk inc covid hosp,0,2026-08-29,53,quantile,0.55,52.0
2026-08-29,wk inc covid hosp,0,2026-08-29,53,quantile,0.6,54.0
2026-08-29,wk inc covid hosp,0,2026-08-29,53,quantile,0.65,56.0
2026-08-29,wk inc covid hosp,0,2026-08-29,53,quantile,0.7,58.0
2026-08-29,wk inc covid hosp,0,2026-08-29,53,quantile,0.75,61.0
2026-08-29,wk inc covid hosp,0,2026-08-29,53,quantile,0.8,63.0
2026-08-29,wk inc covid hosp,0,2026-08-29,53,quantile,0.85,67.0
2026-08-29,wk inc covid hosp,0,2026-08-29,53,quantile,0.9,72.10000000000002
2026-08-29,wk inc covid hosp,0,2026-08-29,53,quantile,0.95,83.09999999999991
2026-08-29,wk inc covid hosp,0,2026-08-29,53,quantile,0.975,108.09999999999991
2026-08-29,wk inc covid hosp,0,2026-08-29,53,quantile,0.99,127.0
2026-08-29,wk inc covid hosp,0,2026-08-29,54,quantile,0.01,0.0
2026-08-29,wk inc covid hosp,0,2026-08-29,54,quantile,0.025,0.0
2026-08-29,wk inc covid hosp,0,2026-08-29,54,quantile,0.05,0.0
2026-08-29,wk inc covid hosp,0,2026-08-29,54,quantile,0.1,0.0
2026-08-29,wk inc covid hosp,0,2026-08-29,54,quantile,0.15,1.0
2026-08-29,wk inc covid hosp,0,2026-08-29,54,quantile,0.2,1.0
2026-08-29,wk inc covid hosp,0,2026-08-29,54,quantile,0.25,2.0
2026-08-29,wk inc covid hosp,0,2026-08-29,54,quantile,0.3,2.0
2026-08-29,wk inc covid hosp,0,2026-08-29,54,quantile,0.35,2.0
2026-08-29,wk inc covid hosp,0,2026-08-29,54,quantile,0.4,3.0
2026-08-29,wk inc covid hosp,0,2026-08-29,54,quantile,0.45,3.0
2026-08-29,wk inc covid hosp,0,2026-08-29,54,quantile,0.5,3.0
2026-08-29,wk inc covid hosp,0,2026-08-29,54,quantile,0.55,3.0
2026-08-29,wk inc covid hosp,0,2026-08-29,54,quantile,0.6,4.0
2026-08-29,wk inc covid hosp,0,2026-08-29,54,quantile,0.65,4.0
2026-08-29,wk inc covid hosp,0,2026-08-29,54,quantile,0.7,4.0
2026-08-29,wk inc covid hosp,0,2026-08-29,54,quantile,0.75,5.0
2026-08-29,wk inc covid hosp,0,2026-08-29,54,quantile,0.8,5.0
2026-08-29,wk inc covid hosp,0,2026-08-29,54,quantile,0.85,5.149999999999977
2026-08-29,wk inc covid hosp,0,2026-08-29,54,quantile,0.9,6.0
2026-08-29,wk inc covid hosp,0,2026-08-29,54,quantile,0.95,7.0
2026-08-29,wk inc covid hosp,0,2026-08-29,54,quantile,0.975,8.524999999999977
2026-08-29,wk inc covid hosp,0,2026-08-29,54,quantile,0.99,13.009999999999991
2026-08-29,wk inc covid hosp,0,2026-08-29,55,quantile,0.01,0.0
2026-08-29,wk inc covid hosp,0,2026-08-29,55,quantile,0.025,0.0
2026-08-29,wk inc covid hosp,0,2026-08-29,55,quantile,0.05,0.0
2026-08-29,wk inc covid hosp,0,2026-08-29,55,quantile,0.1,3.9000000000000057
2026-08-29,wk inc covid hosp,0,2026-08-29,55,quantile,0.15,6.0
2026-08-29,wk inc covid hosp,0,2026-08-29,55,quantile,0.2,8.0
2026-08-29,wk inc covid hosp,0,2026-08-29,55,quantile,0.25,9.0
2026-08-29,wk inc covid hosp,0,2026-08-29,55,quantile,0.3,11.0
2026-08-29,wk inc covid hosp,0,2026-08-29,55,quantile,0.35,11.649999999999977
2026-08-29,wk inc covid hosp,0,2026-08-29,55,quantile,0.4,13.0
2026-08-29,wk inc covid hosp,0,2026-08-29,55,quantile,0.45,14.0
2026-08-29,wk inc covid hosp,0,2026-08-29,55,quantile,0.5,14.0
2026-08-29,wk inc covid hosp,0,2026-08-29,55,quantile,0.55,14.0
2026-08-29,wk inc covid hosp,0,2026-08-29,55,quantile,0.6,15.0
2026-08-29,wk inc covid hosp,0,2026-08-29,55,quantile,0.65,16.0
2026-08-29,wk inc covid hosp,0,2026-08-29,55,quantile,0.7,17.0
2026-08-29,wk inc covid hosp,0,2026-08-29,55,quantile,0.75,18.0
2026-08-29,wk inc covid hosp,0,2026-08-29,55,quantile,0.8,21.0
2026-08-29,wk inc covid hosp,0,2026-08-29,55,quantile,0.85,22.0
2026-08-29,wk inc covid hosp,0,2026-08-29,55,quantile,0.9,24.0
2026-08-29,wk inc covid hosp,0,2026-08-29,55,quantile,0.95,30.0
2026-08-29,wk inc covid hosp,0,2026-08-29,55,quantile,0.975,35.0
2026-08-29,wk inc covid hosp,0,2026-08-29,55,quantile,0.99,51.039999999999964
2026-08-29,wk inc covid hosp,0,2026-08-29,56,quantile,0.01,0.0
2026-08-29,wk inc covid hosp,0,2026-08-29,56,quantile,0.025,0.0
2026-08-29,wk inc covid hosp,0,2026-08-29,56,quantile,0.05,0.0
2026-08-29,wk inc covid hosp,0,2026-08-29,56,quantile,0.1,0.0
2026-08-29,wk inc covid hosp,0,2026-08-29,56,quantile,0.15,0.0
2026-08-29,wk inc covid hosp,0,2026-08-29,56,quantile,0.2,0.0
2026-08-29,wk inc covid hosp,0,2026-08-29,56,quantile,0.25,0.0
2026-08-29,wk inc covid hosp,0,2026-08-29,56,quantile,0.3,0.0
2026-08-29,wk inc covid hosp,0,2026-08-29,56,quantile,0.35,1.0
2026-08-29,wk inc covid hosp,0,2026-08-29,56,quantile,0.4,1.0
2026-08-29,wk inc covid hosp,0,2026-08-29,56,quantile,0.45,1.0
2026-08-29,wk inc covid hosp,0,2026-08-29,56,quantile,0.5,1.0
2026-08-29,wk inc covid hosp,0,2026-08-29,56,quantile,0.55,1.0
2026-08-29,wk inc covid hosp,0,2026-08-29,56,quantile,0.6,1.0
2026-08-29,wk inc covid hosp,0,2026-08-29,56,quantile,0.65,1.0
2026-08-29,wk inc covid hosp,0,2026-08-29,56,quantile,0.7,1.0
2026-08-29,wk inc covid hosp,0,2026-08-29,56,quantile,0.75,2.0
2026-08-29,wk inc covid hosp,0,2026-08-29,56,quantile,0.8,2.0
2026-08-29,wk inc covid hosp,0,2026-08-29,56,quantile,0.85,2.0
2026-08-29,wk inc covid hosp,0,2026-08-29,56,quantile,0.9,3.0
2026-08-29,wk inc covid hosp,0,2026-08-29,56,quantile,0.95,4.0
2026-08-29,wk inc covid hosp,0,2026-08-29,56,quantile,0.975,6.0
2026-08-29,wk inc covid hosp,0,2026-08-29,56,quantile,0.99,9.0
2026-08-29,wk inc covid hosp,0,2026-08-29,72,quantile,0.01,9.0
2026-08-29,wk inc covid hosp,0,2026-08-29,72,quantile,0.025,21.0
2026-08-29,wk inc covid hosp,0,2026-08-29,72,quantile,0.05,41.900000000000006
2026-08-29,wk inc covid hosp,0,2026-08-29,72,quantile,0.1,58.0
2026-08-29,wk inc covid hosp,0,2026-08-29,72,quantile,0.15,71.85
2026-08-29,wk inc covid hosp,0,2026-08-29,72,quantile,0.2,86.80000000000001
2026-08-29,wk inc covid hosp,0,2026-08-29,72,quantile,0.25,95.0
2026-08-29,wk inc covid hosp,0,2026-08-29,72,quantile,0.3,105.0
2026-08-29,wk inc covid hosp,0,2026-08-29,72,quantile,0.35,113.0
2026-08-29,wk inc covid hosp,0,2026-08-29,72,quantile,0.4,121.0
2026-08-29,wk inc covid hosp,0,2026-08-29,72,quantile,0.45,125.0
2026-08-29,wk inc covid hosp,0,2026-08-29,72,quantile,0.5,129.0
2026-08-29,wk inc covid hosp,0,2026-08-29,72,quantile,0.55,131.0
2026-08-29,wk inc covid hosp,0,2026-08-29,72,quantile,0.6,135.0
2026-08-29,wk inc covid hosp,0,2026-08-29,72,quantile,0.65,141.0
2026-08-29,wk inc covid hosp,0,2026-08-29,72,quantile,0.7,150.29999999999995
2026-08-29,wk inc covid hosp,0,2026-08-29,72,quantile,0.75,160.25
2026-08-29,wk inc covid hosp,0,2026-08-29,72,quantile,0.8,172.20000000000005
2026-08-29,wk inc covid hosp,0,2026-08-29,72,quantile,0.85,196.0
2026-08-29,wk inc covid hosp,0,2026-08-29,72,quantile,0.9,230.0
2026-08-29,wk inc covid hosp,0,2026-08-29,72,quantile,0.95,296.39999999999964
2026-08-29,wk inc covid hosp,0,2026-08-29,72,quantile,0.975,407.4499999999996
2026-08-29,wk inc covid hosp,0,2026-08-29,72,quantile,0.99,583.7099999999994
2026-08-29,wk inc covid hosp,1,2026-09-05,01,quantile,0.01,26.990000000000002
2026-08-29,wk inc covid hosp,1,2026-09-05,01,quantile,0.025,35.475
2026-08-29,wk inc covid hosp,1,2026-09-05,01,quantile,0.05,43.0
2026-08-29,wk inc covid hosp,1,2026-09-05,01,quantile,0.1,52.0
2026-08-29,wk inc covid hosp,1,2026-09-05,01,quantile,0.15,55.849999999999994
2026-08-29,wk inc covid hosp,1,2026-09-05,01,quantile,0.2,58.0
2026-08-29,wk inc covid hosp,1,2026-09-05,01,quantile,0.25,61.0
2026-08-29,wk inc covid hosp,1,2026-09-05,01,quantile,0.3,63.0
2026-08-29,wk inc covid hosp,1,2026-09-05,01,quantile,0.35,64.0
2026-08-29,wk inc covid hosp,1,2026-09-05,01,quantile,0.4,66.0
2026-08-29,wk inc covid hosp,1,2026-09-05,01,quantile,0.45,67.0
2026-08-29,wk inc covid hosp,1,2026-09-05,01,quantile,0.5,69.0
2026-08-29,wk inc covid hosp,1,2026-09-05,01,quantile,0.55,69.0
2026-08-29,wk inc covid hosp,1,2026-09-05,01,quantile,0.6,71.0
2026-08-29,wk inc covid hosp,1,2026-09-05,01,quantile,0.65,73.0
2026-08-29,wk inc covid hosp,1,2026-09-05,01,quantile,0.7,75.0
2026-08-29,wk inc covid hosp,1,2026-09-05,01,quantile,0.75,77.0
2026-08-29,wk inc covid hosp,1,2026-09-05,01,quantile,0.8,80.0
2026-08-29,wk inc covid hosp,1,2026-09-05,01,quantile,0.85,82.0
2026-08-29,wk inc covid hosp,1,2026-09-05,01,quantile,0.9,87.10000000000002
2026-08-29,wk inc covid hosp,1,2026-09-05,01,quantile,0.95,96.09999999999991
2026-08-29,wk inc covid hosp,1,2026-09-05,01,quantile,0.975,117.57499999999993
2026-08-29,wk inc covid hosp,1,2026-09-05,01,quantile,0.99,133.07999999999993
2026-08-29,wk inc covid hosp,1,2026-09-05,02,quantile,0.01,0.0
2026-08-29,wk inc covid hosp,1,2026-09-05,02,quantile,0.025,0.0
2026-08-29,wk inc covid hosp,1,2026-09-05,02,quantile,0.05,0.0
2026-08-29,wk inc covid hosp,1,2026-09-05,02,quantile,0.1,1.0
2026-08-29,wk inc covid hosp,1,2026-09-05,02,quantile,0.15,1.0
2026-08-29,wk inc covid hosp,1,2026-09-05,02,quantile,0.2,1.8000000000000114
2026-08-29,wk inc covid hosp,1,2026-09-05,02,quantile,0.25,2.0
2026-08-29,wk inc covid hosp,1,2026-09-05,02,quantile,0.3,2.0
2026-08-29,wk inc covid hosp,1,2026-09-05,02,quantile,0.35,2.0
2026-08-29,wk inc covid hosp,1,2026-09-05,02,quantile,0.4,2.0
2026-08-29,wk inc covid hosp,1,2026-09-05,02,quantile,0.45,2.0
2026-08-29,wk inc covid hosp,1,2026-09-05,02,quantile,0.5,3.0
2026-08-29,wk inc covid hosp,1,2026-09-05,02,quantile,0.55,3.0
2026-08-29,wk inc covid hosp,1,2026-09-05,02,quantile,0.6,3.0
2026-08-29,wk inc covid hosp,1,2026-09-05,02,quantile,0.65,3.0
2026-08-29,wk inc covid hosp,1,2026-09-05,02,quantile,0.7,3.0
2026-08-29,wk inc covid hosp,1,2026-09-05,02,quantile,0.75,3.0
2026-08-29,wk inc covid hosp,1,2026-09-05,02,quantile,0.8,4.0
2026-08-29,wk inc covid hosp,1,2026-09-05,02,quantile,0.85,4.0
2026-08-29,wk inc covid hosp,1,2026-09-05,02,quantile,0.9,4.0
2026-08-29,wk inc covid hosp,1,2026-09-05,02,quantile,0.95,5.0
2026-08-29,wk inc covid hosp,1,2026-09-05,02,quantile,0.975,7.0
2026-08-29,wk inc covid hosp,1,2026-09-05,02,quantile,0.99,9.019999999999982
2026-08-29,wk inc covid hosp,1,2026-09-05,04,quantile,0.01,0.9900000000000002
2026-08-29,wk inc covid hosp,1,2026-09-05,04,quantile,0.025,11.950000000000003
2026-08-29,wk inc covid hosp,1,2026-09-05,04,quantile,0.05,19.950000000000003
2026-08-29,wk inc covid hosp,1,2026-09-05,04,quantile,0.1,24.900000000000006
2026-08-29,wk inc covid hosp,1,2026-09-05,04,quantile,0.15,30.0
2026-08-29,wk inc covid hosp,1,2026-09-05,04,quantile,0.2,35.0
2026-08-29,wk inc covid hosp,1,2026-09-05,04,quantile,0.25,37.75
2026-08-29,wk inc covid hosp,1,2026-09-05,04,quantile,0.3,40.69999999999999
2026-08-29,wk inc covid hosp,1,2026-09-05,04,quantile,0.35,42.0
2026-08-29,wk inc covid hosp,1,2026-09-05,04,quantile,0.4,45.0
2026-08-29,wk inc covid hosp,1,2026-09-05,04,quantile,0.45,47.0
2026-08-29,wk inc covid hosp,1,2026-09-05,04,quantile,0.5,48.0
2026-08-29,wk inc covid hosp,1,2026-09-05,04,quantile,0.55,49.0
2026-08-29,wk inc covid hosp,1,2026-09-05,04,quantile,0.6,50.39999999999998
2026-08-29,wk inc covid hosp,1,2026-09-05,04,quantile,0.65,53.0
2026-08-29,wk inc covid hosp,1,2026-09-05,04,quantile,0.7,54.0
2026-08-29,wk inc covid hosp,1,2026-09-05,04,quantile,0.75,57.0
2026-08-29,wk inc covid hosp,1,2026-09-05,04,quantile,0.8,60.0
2026-08-29,wk inc covid hosp,1,2026-09-05,04,quantile,0.85,65.0
2026-08-29,wk inc covid hosp,1,2026-09-05,04,quantile,0.9,73.0
2026-08-29,wk inc covid hosp,1,2026-09-05,04,quantile,0.95,83.09999999999991
2026-08-29,wk inc covid hosp,1,2026-09-05,04,quantile,0.975,94.52499999999998
2026-08-29,wk inc covid hosp,1,2026-09-05,04,quantile,0.99,132.0
2026-08-29,wk inc covid hosp,1,2026-09-05,05,quantile,0.01,0.0
2026-08-29,wk inc covid hosp,1,2026-09-05,05,quantile,0.025,0.0
2026-08-29,wk inc covid hosp,1,2026-09-05,05,quantile,0.05,2.0
2026-08-29,wk inc covid hosp,1,2026-09-05,05,quantile,0.1,4.0
2026-08-29,wk inc covid hosp,1,2026-09-05,05,quantile,0.15,6.0
2026-08-29,wk inc covid hosp,1,2026-09-05,05,quantile,0.2,7.0
2026-08-29,wk inc covid hosp,1,2026-09-05,05,quantile,0.25,8.0
2026-08-29,wk inc covid hosp,1,2026-09-05,05,quantile,0.3,8.0
2026-08-29,wk inc covid hosp,1,2026-09-05,05,quantile,0.35,9.0
2026-08-29,wk inc covid hosp,1,2026-09-05,05,quantile,0.4,10.0
2026-08-29,wk inc covid hosp,1,2026-09-05,05,quantile,0.45,10.0
2026-08-29,wk inc covid hosp,1,2026-09-05,05,quantile,0.5,11.0
2026-08-29,wk inc covid hosp,1,2026-09-05,05,quantile,0.55,11.0
2026-08-29,wk inc covid hosp,1,2026-09-05,05,quantile,0.6,12.0
2026-08-29,wk inc covid hosp,1,2026-09-05,05,quantile,0.65,12.0
2026-08-29,wk inc covid hosp,1,2026-09-05,05,quantile,0.7,13.0
2026-08-29,wk inc covid hosp,1,2026-09-05,05,quantile,0.75,14.0
2026-08-29,wk inc covid hosp,1,2026-09-05,05,quantile,0.8,15.0
2026-08-29,wk inc covid hosp,1,2026-09-05,05,quantile,0.85,16.0
2026-08-29,wk inc covid hosp,1,2026-09-05,05,quantile,0.9,17.0
2026-08-29,wk inc covid hosp,1,2026-09-05,05,quantile,0.95,20.049999999999955
2026-08-29,wk inc covid hosp,1,2026-09-05,05,quantile,0.975,25.0
2026-08-29,wk inc covid hosp,1,2026-09-05,05,quantile,0.99,31.00999999999999
2026-08-29,wk inc covid hosp,1,2026-09-05,06,quantile,0.01,212.99
2026-08-29,wk inc covid hosp,1,2026-09-05,06,quantile,0.025,238.8
2026-08-29,wk inc covid hosp,1,2026-09-05,06,quantile,0.05,276.95
2026-08-29,wk inc covid hosp,1,2026-09-05,06,quantile,0.1,338.8
2026-08-29,wk inc covid hosp,1,2026-09-05,06,quantile,0.15,362.0
2026-08-29,wk inc covid hosp,1,2026-09-05,06,quantile,0.2,380.0
2026-08-29,wk inc covid hosp,1,2026-09-05,06,quantile,0.25,398.75
2026-08-29,wk inc covid hosp,1,2026-09-05,06,quantile,0.3,410.0
2026-08-29,wk inc covid hosp,1,2026-09-05,06,quantile,0.35,422.0
2026-08-29,wk inc covid hosp,1,2026-09-05,06,quantile,0.4,433.6
2026-08-29,wk inc covid hosp,1,2026-09-05,06,quantile,0.45,445.0
2026-08-29,wk inc covid hosp,1,2026-09-05,06,quantile,0.5,456.0
2026-08-29,wk inc covid hosp,1,2026-09-05,06,quantile,0.55,462.0
2026-08-29,wk inc covid hosp,1,2026-09-05,06,quantile,0.6,474.0
2026-08-29,wk inc covid hosp,1,2026-09-05,06,quantile,0.65,488.0
2026-08-29,wk inc covid hosp,1,2026-09-05,06,quantile,0.7,498.5999999999999
2026-08-29,wk inc covid hosp,1,2026-09-05,06,quantile,0.75,513.0
2026-08-29,wk inc covid hosp,1,2026-09-05,06,quantile,0.8,530.0
2026-08-29,wk inc covid hosp,1,2026-09-05,06,quantile,0.85,549.0
2026-08-29,wk inc covid hosp,1,2026-09-05,06,quantile,0.9,587.1
2026-08-29,wk inc covid hosp,1,2026-09-05,06,quantile,0.95,650.4999999999995
2026-08-29,wk inc covid hosp,1,2026-09-05,06,quantile,0.975,731.0
2026-08-29,wk inc covid hosp,1,2026-09-05,06,quantile,0.99,816.1299999999999
2026-08-29,wk inc covid hosp,1,2026-09-05,08,quantile,0.01,0.0
2026-08-29,wk inc covid hosp,1,2026-09-05,08,quantile,0.025,0.0
2026-08-29,wk inc covid hosp,1,2026-09-05,08,quantile,0.05,3.0
2026-08-29,wk inc covid hosp,1,2026-09-05,08,quantile,0.1,10.0
2026-08-29,wk inc covid hosp,1,2026-09-05,08,quantile,0.15,13.0
2026-08-29,wk inc covid hosp,1,2026-09-05,08,quantile,0.2,15.0
2026-08-29,wk inc covid hosp,1,2026-09-05,08,quantile,0.25,17.0
2026-08-29,wk inc covid hosp,1,2026-09-05,08,quantile,0.3,18.69999999999999
2026-08-29,wk inc covid hosp,1,2026-09-05,08,quantile,0.35,20.0
2026-08-29,wk inc covid hosp,1,2026-09-05,08,quantile,0.4,21.0
2026-08-29,wk inc covid hosp,1,2026-09-05,08,quantile,0.45,22.0
2026-08-29,wk inc covid hosp,1,2026-09-05,08,quantile,0.5,24.0
2026-08-29,wk inc covid hosp,1,2026-09-05,08,quantile,0.55,24.0
2026-08-29,wk inc covid hosp,1,2026-09-05,08,quantile,0.6,25.0
2026-08-29,wk inc covid hosp,1,2026-09-05,08,quantile,0.65,26.0
2026-08-29,wk inc covid hosp,1,2026-09-05,08,quantile,0.7,27.0
2026-08-29,wk inc covid hosp,1,2026-09-05,08,quantile,0.75,29.0
2026-08-29,wk inc covid hosp,1,2026-09-05,08,quantile,0.8,31.0
2026-08-29,wk inc covid hosp,1,2026-09-05,08,quantile,0.85,35.0
2026-08-29,wk inc covid hosp,1,2026-09-05,08,quantile,0.9,40.0
2026-08-29,wk inc covid hosp,1,2026-09-05,08,quantile,0.95,50.0
2026-08-29,wk inc covid hosp,1,2026-09-05,08,quantile,0.975,57.57499999999993
2026-08-29,wk inc covid hosp,1,2026-09-05,08,quantile,0.99,96.00999999999999
2026-08-29,wk inc covid hosp,1,2026-09-05,09,quantile,0.01,0.0
2026-08-29,wk inc covid hosp,1,2026-09-05,09,quantile,0.025,0.0
2026-08-29,wk inc covid hosp,1,2026-09-05,09,quantile,0.05,1.0
2026-08-29,wk inc covid hosp,1,2026-09-05,09,quantile,0.1,4.0
2026-08-29,wk inc covid hosp,1,2026-09-05,09,quantile,0.15,5.0
2026-08-29,wk inc covid hosp,1,2026-09-05,09,quantile,0.2,7.0
2026-08-29,wk inc covid hosp,1,2026-09-05,09,quantile,0.25,8.0
2026-08-29,wk inc covid hosp,1,2026-09-05,09,quantile,0.3,9.0
2026-08-29,wk inc covid hosp,1,2026-09-05,09,quantile,0.35,10.0
2026-08-29,wk inc covid hosp,1,2026-09-05,09,quantile,0.4,11.0
2026-08-29,wk inc covid hosp,1,2026-09-05,09,quantile,0.45,12.0
2026-08-29,wk inc covid hosp,1,2026-09-05,09,quantile,0.5,12.0
2026-08-29,wk inc covid hosp,1,2026-09-05,09,quantile,0.55,12.0
2026-08-29,wk inc covid hosp,1,2026-09-05,09,quantile,0.6,13.0
2026-08-29,wk inc covid hosp,1,2026-09-05,09,quantile,0.65,13.0
2026-08-29,wk inc covid hosp,1,2026-09-05,09,quantile,0.7,14.0
2026-08-29,wk inc covid hosp,1,2026-09-05,09,quantile,0.75,15.0
2026-08-29,wk inc covid hosp,1,2026-09-05,09,quantile,0.8,16.0
2026-08-29,wk inc covid hosp,1,2026-09-05,09,quantile,0.85,17.0
2026-08-29,wk inc covid hosp,1,2026-09-05,09,quantile,0.9,19.0
2026-08-29,wk inc covid hosp,1,2026-09-05,09,quantile,0.95,22.0
2026-08-29,wk inc covid hosp,1,2026-09-05,09,quantile,0.975,27.0
2026-08-29,wk inc covid hosp,1,2026-09-05,09,quantile,0.99,32.02999999999997
2026-08-29,wk inc covid hosp,1,2026-09-05,10,quantile,0.01,0.0
2026-08-29,wk inc covid hosp,1,2026-09-05,10,quantile,0.025,0.0
2026-08-29,wk inc covid hosp,1,2026-09-05,10,quantile,0.05,0.0
2026-08-29,wk inc covid hosp,1,2026-09-05,10,quantile,0.1,0.0
2026-08-29,wk inc covid hosp,1,2026-09-05,10,quantile,0.15,1.0
2026-08-29,wk inc covid hosp,1,2026-09-05,10,quantile,0.2,1.0
2026-08-29,wk inc covid hosp,1,2026-09-05,10,quantile,0.25,1.0
2026-08-29,wk inc covid hosp,1,2026-09-05,10,quantile,0.3,1.0
2026-08-29,wk inc covid hosp,1,2026-09-05,10,quantile,0.35,2.0
2026-08-29,wk inc covid hosp,1,2026-09-05,10,quantile,0.4,2.0
2026-08-29,wk inc covid hosp,1,2026-09-05,10,quantile,0.45,2.0
2026-08-29,wk inc covid hosp,1,2026-09-05,10,quantile,0.5,2.0
2026-08-29,wk inc covid hosp,1,2026-09-05,10,quantile,0.55,2.0
2026-08-29,wk inc covid hosp,1,2026-09-05,10,quantile,0.6,2.0
2026-08-29,wk inc covid hosp,1,2026-09-05,10,quantile,0.65,2.3500000000000227
2026-08-29,wk inc covid hosp,1,2026-09-05,10,quantile,0.7,3.0
2026-08-29,wk inc covid hosp,1,2026-09-05,10,quantile,0.75,3.0
2026-08-29,wk inc covid hosp,1,2026-09-05,10,quantile,0.8,3.0
2026-08-29,wk inc covid hosp,1,2026-09-05,10,quantile,0.85,4.0
2026-08-29,wk inc covid hosp,1,2026-09-05,10,quantile,0.9,4.0
2026-08-29,wk inc covid hosp,1,2026-09-05,10,quantile,0.95,6.0
2026-08-29,wk inc covid hosp,1,2026-09-05,10,quantile,0.975,8.0
2026-08-29,wk inc covid hosp,1,2026-09-05,10,quantile,0.99,12.0
2026-08-29,wk inc covid hosp,1,2026-09-05,11,quantile,0.01,0.0
2026-08-29,wk inc covid hosp,1,2026-09-05,11,quantile,0.025,0.0
2026-08-29,wk inc covid hosp,1,2026-09-05,11,quantile,0.05,0.0
2026-08-29,wk inc covid hosp,1,2026-09-05,11,quantile,0.1,0.0
2026-08-29,wk inc covid hosp,1,2026-09-05,11,quantile,0.15,1.0
2026-08-29,wk inc covid hosp,1,2026-09-05,11,quantile,0.2,1.0
2026-08-29,wk inc covid hosp,1,2026-09-05,11,quantile,0.25,1.0
2026-08-29,wk inc covid hosp,1,2026-09-05,11,quantile,0.3,2.0
2026-08-29,wk inc covid hosp,1,2026-09-05,11,quantile,0.35,2.0
2026-08-29,wk inc covid hosp,1,2026-09-05,11,quantile,0.4,2.0
2026-08-29,wk inc covid hosp,1,2026-09-05,11,quantile,0.45,2.0
2026-08-29,wk inc covid hosp,1,2026-09-05,11,quantile,0.5,2.0
2026-08-29,wk inc covid hosp,1,2026-09-05,11,quantile,0.55,3.0
2026-08-29,wk inc covid hosp,1,2026-09-05,11,quantile,0.6,3.0
2026-08-29,wk inc covid hosp,1,2026-09-05,11,quantile,0.65,3.0
2026-08-29,wk inc covid hosp,1,2026-09-05,11,quantile,0.7,3.0
2026-08-29,wk inc covid hosp,1,2026-09-05,11,quantile,0.75,3.0
2026-08-29,wk inc covid hosp,1,2026-09-05,11,quantile,0.8,4.0
2026-08-29,wk inc covid hosp,1,2026-09-05,11,quantile,0.85,4.0
2026-08-29,wk inc covid hosp,1,2026-09-05,11,quantile,0.9,5.0
2026-08-29,wk inc covid hosp,1,2026-09-05,11,quantile,0.95,6.0
2026-08-29,wk inc covid hosp,1,2026-09-05,11,quantile,0.975,8.0
2026-08-29,wk inc covid hosp,1,2026-09-05,11,quantile,0.99,12.0
2026-08-29,wk inc covid hosp,1,2026-09-05,12,quantile,0.01,88.94
2026-08-29,wk inc covid hosp,1,2026-09-05,12,quantile,0.025,169.475
2026-08-29,wk inc covid hosp,1,2026-09-05,12,quantile,0.05,204.75
2026-08-29,wk inc covid hosp,1,2026-09-05,12,quantile,0.1,228.8
2026-08-29,wk inc covid hosp,1,2026-09-05,12,quantile,0.15,250.0
2026-08-29,wk inc covid hosp,1,2026-09-05,12,quantile,0.2,265.0
2026-08-29,wk inc covid hosp,1,2026-09-05,12,quantile,0.25,276.75
2026-08-29,wk inc covid hosp,1,2026-09-05,12,quantile,0.3,289.7
2026-08-29,wk inc covid hosp,1,2026-09-05,12,quantile,0.35,296.0
2026-08-29,wk inc covid hosp,1,2026-09-05,12,quantile,0.4,304.0
2026-08-29,wk inc covid hosp,1,2026-09-05,12,quantile,0.45,311.0
2026-08-29,wk inc covid hosp,1,2026-09-05,12,quantile,0.5,316.5
2026-08-29,wk inc covid hosp,1,2026-09-05,12,quantile,0.55,321.0
2026-08-29,wk inc covid hosp,1,2026-09-05,12,quantile,0.6,326.0
2026-08-29,wk inc covid hosp,1,2026-09-05,12,quantile,0.65,333.35
2026-08-29,wk inc covid hosp,1,2026-09-05,12,quantile,0.7,340.29999999999995
2026-08-29,wk inc covid hosp,1,2026-09-05,12,quantile,0.75,351.25
2026-08-29,wk inc covid hosp,1,2026-09-05,12,quantile,0.8,364.0
2026-08-29,wk inc covid hosp,1,2026-09-05,12,quantile,0.85,381.0
2026-08-29,wk inc covid hosp,1,2026-09-05,12,quantile,0.9,401.1
2026-08-29,wk inc covid hosp,1,2026-09-05,12,quantile,0.95,444.2999999999997
2026-08-29,wk inc covid hosp,1,2026-09-05,12,quantile,0.975,492.0999999999999
2026-08-29,wk inc covid hosp,1,2026-09-05,12,quantile,0.99,613.3699999999997
2026-08-29,wk inc covid hosp,1,2026-09-05,13,quantile,0.01,20.0
2026-08-29,wk inc covid hosp,1,2026-09-05,13,quantile,0.025,29.0
2026-08-29,wk inc covid hosp,1,2026-09-05,13,quantile,0.05,40.0
2026-08-29,wk inc covid hosp,1,2026-09-05,13,quantile,0.1,53.900000000000006
2026-08-29,wk inc covid hosp,1,2026-09-05,13,quantile,0.15,60.0
2026-08-29,wk inc covid hosp,1,2026-09-05,13,quantile,0.2,65.0
2026-08-29,wk inc covid hosp,1,2026-09-05,13,quantile,0.25,71.0
2026-08-29,wk inc covid hosp,1,2026-09-05,13,quantile,0.3,74.0
2026-08-29,wk inc covid hosp,1,2026-09-05,13,quantile,0.35,77.0
2026-08-29,wk inc covid hosp,1,2026-09-05,13,quantile,0.4,79.0
2026-08-29,wk inc covid hosp,1,2026-09-05,13,quantile,0.45,82.0
2026-08-29,wk inc covid hosp,1,2026-09-05,13,quantile,0.5,84.0
2026-08-29,wk inc covid hosp,1,2026-09-05,13,quantile,0.55,87.0
2026-08-29,wk inc covid hosp,1,2026-09-05,13,quantile,0.6,88.39999999999998
2026-08-29,wk inc covid hosp,1,2026-09-05,13,quantile,0.65,91.0
2026-08-29,wk inc covid hosp,1,2026-09-05,13,quantile,0.7,95.29999999999995
2026-08-29,wk inc covid hosp,1,2026-09-05,13,quantile,0.75,99.0
2026-08-29,wk inc covid hosp,1,2026-09-05,13,quantile,0.8,105.0
2026-08-29,wk inc covid hosp,1,2026-09-05,13,quantile,0.85,111.0
2026-08-29,wk inc covid hosp,1,2026-09-05,13,quantile,0.9,117.0
2026-08-29,wk inc covid hosp,1,2026-09-05,13,quantile,0.95,131.04999999999995
2026-08-29,wk inc covid hosp,1,2026-09-05,13,quantile,0.975,156.0
2026-08-29,wk inc covid hosp,1,2026-09-05,13,quantile,0.99,197.02999999999997
2026-08-29,wk inc covid hosp,1,2026-09-05,15,quantile,0.01,0.0
2026-08-29,wk inc covid hosp,1,2026-09-05,15,quantile,0.025,2.0
2026-08-29,wk inc covid hosp,1,2026-09-05,15,quantile,0.05,7.0
2026-08-29,wk inc covid hosp,1,2026-09-05,15,quantile,0.1,10.0
2026-08-29,wk inc covid hosp,1,2026-09-05,15,quantile,0.15,11.0
2026-08-29,wk inc covid hosp,1,2026-09-05,15,quantile,0.2,13.0
2026-08-29,wk inc covid hosp,1,2026-09-05,15,quantile,0.25,14.0
2026-08-29,wk inc covid hosp,1,2026-09-05,15,quantile,0.3,15.0
2026-08-29,wk inc covid hosp,1,2026-09-05,15,quantile,0.35,16.0
2026-08-29,wk inc covid hosp,1,2026-09-05,15,quantile,0.4,16.0
2026-08-29,wk inc covid hosp,1,2026-09-05,15,quantile,0.45,17.0
2026-08-29,wk inc covid hosp,1,2026-09-05,15,quantile,0.5,17.0
2026-08-29,wk inc covid hosp,1,2026-09-05,15,quantile,0.55,18.0
2026-08-29,wk inc covid hosp,1,2026-09-05,15,quantile,0.6,18.0
2026-08-29,wk inc covid hosp,1,2026-09-05,15,quantile,0.65,19.0
2026-08-29,wk inc covid hosp,1,2026-09-05,15,quantile,0.7,19.299999999999955
2026-08-29,wk inc covid hosp,1,2026-09-05,15,quantile,0.75,20.0
2026-08-29,wk inc covid hosp,1,2026-09-05,15,quantile,0.8,21.0
2026-08-29,wk inc covid hosp,1,2026-09-05,15,quantile,0.85,23.0
2026-08-29,wk inc covid hosp,1,2026-09-05,15,quantile,0.9,25.0
2026-08-29,wk inc covid hosp,1,2026-09-05,15,quantile,0.95,28.049999999999955
2026-08-29,wk inc covid hosp,1,2026-09-05,15,quantile,0.975,34.0
2026-08-29,wk inc covid hosp,1,2026-09-05,15,quantile,0.99,40.0
2026-08-29,wk inc covid hosp,1,2026-09-05,16,quantile,0.01,0.0
2026-08-29,wk inc covid hosp,1,2026-09-05,16,quantile,0.025,0.0
2026-08-29,wk inc covid hosp,1,2026-09-05,16,quantile,0.05,0.0
2026-08-29,wk inc covid hosp,1,2026-09-05,16,quantile,0.1,0.9000000000000057
2026-08-29,wk inc covid hosp,1,2026-09-05,16,quantile,0.15,1.0
2026-08-29,wk inc covid hosp,1,2026-09-05,16,quantile,0.2,2.0
2026-08-29,wk inc covid hosp,1,2026-09-05,16,quantile,0.25,3.0
2026-08-29,wk inc covid hosp,1,2026-09-05,16,quantile,0.3,3.0
2026-08-29,wk inc covid hosp,1,2026-09-05,16,quantile,0.35,3.0
2026-08-29,wk inc covid hosp,1,2026-09-05,16,quantile,0.4,4.0
2026-08-29,wk inc covid hosp,1,2026-09-05,16,quantile,0.45,4.0
2026-08-29,wk inc covid hosp,1,2026-09-05,16,quantile,0.5,5.0
2026-08-29,wk inc covid hosp,1,2026-09-05,16,quantile,0.55,5.0
2026-08-29,wk inc covid hosp,1,2026-09-05,16,quantile,0.6,5.0
2026-08-29,wk inc covid hosp,1,2026-09-05,16,quantile,0.65,5.0
2026-08-29,wk inc covid hosp,1,2026-09-05,16,quantile,0.7,6.0
2026-08-29,wk inc covid hosp,1,2026-09-05,16,quantile,0.75,6.0
2026-08-29,wk inc covid hosp,1,2026-09-05,16,quantile,0.8,7.0
2026-08-29,wk inc covid hosp,1,2026-09-05,16,quantile,0.85,7.0
2026-08-29,wk inc covid hosp,1,2026-09-05,16,quantile,0.9,8.0
2026-08-29,wk inc covid hosp,1,2026-09-05,16,quantile,0.95,13.0
2026-08-29,wk inc covid hosp,1,2026-09-05,16,quantile,0.975,18.0
2026-08-29,wk inc covid hosp,1,2026-09-05,16,quantile,0.99,27.00999999999999
2026-08-29,wk inc covid hosp,1,2026-09-05,17,quantile,0.01,0.0
2026-08-29,wk inc covid hosp,1,2026-09-05,17,quantile,0.025,0.0
2026-08-29,wk inc covid hosp,1,2026-09-05,17,quantile,0.05,0.0
2026-08-29,wk inc covid hosp,1,2026-09-05,17,quantile,0.1,1.9000000000000057
2026-08-29,wk inc covid hosp,1,2026-09-05,17,quantile,0.15,8.849999999999994
2026-08-29,wk inc covid hosp,1,2026-09-05,17,quantile,0.2,13.800000000000011
2026-08-29,wk inc covid hosp,1,2026-09-05,17,quantile,0.25,18.0
2026-08-29,wk inc covid hosp,1,2026-09-05,17,quantile,0.3,21.0
2026-08-29,wk inc covid hosp,1,2026-09-05,17,quantile,0.35,25.0
2026-08-29,wk inc covid hosp,1,2026-09-05,17,quantile,0.4,27.0
2026-08-29,wk inc covid hosp,1,2026-09-05,17,quantile,0.45,30.0
2026-08-29,wk inc covid hosp,1,2026-09-05,17,quantile,0.5,32.0
2026-08-29,wk inc covid hosp,1,2026-09-05,17,quantile,0.55,34.0
2026-08-29,wk inc covid hosp,1,2026-09-05,17,quantile,0.6,35.0
2026-08-29,wk inc covid hosp,1,2026-09-05,17,quantile,0.65,37.0
2026-08-29,wk inc covid hosp,1,2026-09-05,17,quantile,0.7,39.0
2026-08-29,wk inc covid hosp,1,2026-09-05,17,quantile,0.75,43.0
2026-08-29,wk inc covid hosp,1,2026-09-05,17,quantile,0.8,47.0
2026-08-29,wk inc covid hosp,1,2026-09-05,17,quantile,0.85,56.0
2026-08-29,wk inc covid hosp,1,2026-09-05,17,quantile,0.9,66.10000000000002
2026-08-29,wk inc covid hosp,1,2026-09-05,17,quantile,0.95,81.0
2026-08-29,wk inc covid hosp,1,2026-09-05,17,quantile,0.975,104.62499999999989
2026-08-29,wk inc covid hosp,1,2026-09-05,17,quantile,0.99,156.28999999999974
2026-08-29,wk inc covid hosp,1,2026-09-05,18,quantile,0.01,0.0
2026-08-29,wk inc covid hosp,1,2026-09-05,18,quantile,0.025,0.0
2026-08-29,wk inc covid hosp,1,2026-09-05,18,quantile,0.05,0.0
2026-08-29,wk inc covid hosp,1,2026-09-05,18,quantile,0.1,2.0
2026-08-29,wk inc covid hosp,1,2026-09-05,18,quantile,0.15,5.0
2026-08-29,wk inc covid hosp,1,2026-09-05,18,quantile,0.2,8.0
2026-08-29,wk inc covid hosp,1,2026-09-05,18,quantile,0.25,10.0
2026-08-29,wk inc covid hosp,1,2026-09-05,18,quantile,0.3,12.0
2026-08-29,wk inc covid hosp,1,2026-09-05,18,quantile,0.35,13.0
2026-08-29,wk inc covid hosp,1,2026-09-05,18,quantile,0.4,14.0
2026-08-29,wk inc covid hosp,1,2026-09-05,18,quantile,0.45,16.0
2026-08-29,wk inc covid hosp,1,2026-09-05,18,quantile,0.5,17.0
2026-08-29,wk inc covid hosp,1,2026-09-05,18,quantile,0.55,17.0
2026-08-29,wk inc covid hosp,1,2026-09-05,18,quantile,0.6,18.0
2026-08-29,wk inc covid hosp,1,2026-09-05,18,quantile,0.65,19.0
2026-08-29,wk inc covid hosp,1,2026-09-05,18,quantile,0.7,20.0
2026-08-29,wk inc covid hosp,1,2026-09-05,18,quantile,0.75,21.0
2026-08-29,wk inc covid hosp,1,2026-09-05,18,quantile,0.8,23.0
2026-08-29,wk inc covid hosp,1,2026-09-05,18,quantile,0.85,26.0
2026-08-29,wk inc covid hosp,1,2026-09-05,18,quantile,0.9,29.0
2026-08-29,wk inc covid hosp,1,2026-09-05,18,quantile,0.95,39.049999999999955
2026-08-29,wk inc covid hosp,1,2026-09-05,18,quantile,0.975,46.049999999999955
2026-08-29,wk inc covid hosp,1,2026-09-05,18,quantile,0.99,63.01999999999998
2026-08-29,wk inc covid hosp,1,2026-09-05,19,quantile,0.01,0.0
2026-08-29,wk inc covid hosp,1,2026-09-05,19,quantile,0.025,0.0
2026-08-29,wk inc covid hosp,1,2026-09-05,19,quantile,0.05,0.0
2026-08-29,wk inc covid hosp,1,2026-09-05,19,quantile,0.1,0.0
2026-08-29,wk inc covid hosp,1,2026-09-05,19,quantile,0.15,1.0
2026-08-29,wk inc covid hosp,1,2026-09-05,19,quantile,0.2,2.0
2026-08-29,wk inc covid hosp,1,2026-09-05,19,quantile,0.25,3.0
2026-08-29,wk inc covid hosp,1,2026-09-05,19,quantile,0.3,4.0
2026-08-29,wk inc covid hosp,1,2026-09-05,19,quantile,0.35,4.0
2026-08-29,wk inc covid hosp,1,2026-09-05,19,quantile,0.4,5.0
2026-08-29,wk inc covid hosp,1,2026-09-05,19,quantile,0.45,5.0
2026-08-29,wk inc covid hosp,1,2026-09-05,19,quantile,0.5,6.0
2026-08-29,wk inc covid hosp,1,2026-09-05,19,quantile,0.55,6.0
2026-08-29,wk inc covid hosp,1,2026-09-05,19,quantile,0.6,6.0
2026-08-29,wk inc covid hosp,1,2026-09-05,19,quantile,0.65,7.0
2026-08-29,wk inc covid hosp,1,2026-09-05,19,quantile,0.7,7.0
2026-08-29,wk inc covid hosp,1,2026-09-05,19,quantile,0.75,8.0
2026-08-29,wk inc covid hosp,1,2026-09-05,19,quantile,0.8,9.0
2026-08-29,wk inc covid hosp,1,2026-09-05,19,quantile,0.85,10.0
2026-08-29,wk inc covid hosp,1,2026-09-05,19,quantile,0.9,11.100000000000023
2026-08-29,wk inc covid hosp,1,2026-09-05,19,quantile,0.95,14.0
2026-08-29,wk inc covid hosp,1,2026-09-05,19,quantile,0.975,17.0
2026-08-29,wk inc covid hosp,1,2026-09-05,19,quantile,0.99,31.00999999999999
2026-08-29,wk inc covid hosp,1,2026-09-05,20,quantile,0.01,0.0
2026-08-29,wk inc covid hosp,1,2026-09-05,20,quantile,0.025,0.0
2026-08-29,wk inc covid hosp,1,2026-09-05,20,quantile,0.05,0.0
2026-08-29,wk inc covid hosp,1,2026-09-05,20,quantile,0.1,1.0
2026-08-29,wk inc covid hosp,1,2026-09-05,20,quantile,0.15,2.0
2026-08-29,wk inc covid hosp,1,2026-09-05,20,quantile,0.2,3.0
2026-08-29,wk inc covid hosp,1,2026-09-05,20,quantile,0.25,4.0
2026-08-29,wk inc covid hosp,1,2026-09-05,20,quantile,0.3,5.0
2026-08-29,wk inc covid hosp,1,2026-09-05,20,quantile,0.35,5.0
2026-08-29,wk inc covid hosp,1,2026-09-05,20,quantile,0.4,6.0
2026-08-29,wk inc covid hosp,1,2026-09-05,20,quantile,0.45,6.0
2026-08-29,wk inc covid hosp,1,2026-09-05,20,quantile,0.5,7.0
2026-08-29,wk inc covid hosp,1,2026-09-05,20,quantile,0.55,7.0
2026-08-29,wk inc covid hosp,1,2026-09-05,20,quantile,0.6,8.0
2026-08-29,wk inc covid hosp,1,2026-09-05,20,quantile,0.65,9.0
2026-08-29,wk inc covid hosp,1,2026-09-05,20,quantile,0.7,9.0
2026-08-29,wk inc covid hosp,1,2026-09-05,20,quantile,0.75,10.0
2026-08-29,wk inc covid hosp,1,2026-09-05,20,quantile,0.8,11.0
2026-08-29,wk inc covid hosp,1,2026-09-05,20,quantile,0.85,13.0
2026-08-29,wk inc covid hosp,1,2026-09-05,20,quantile,0.9,14.0
2026-08-29,wk inc covid hosp,1,2026-09-05,20,quantile,0.95,18.0
2026-08-29,wk inc covid hosp,1,2026-09-05,20,quantile,0.975,23.0
2026-08-29,wk inc covid hosp,1,2026-09-05,20,quantile,0.99,28.019999999999982
2026-08-29,wk inc covid hosp,1,2026-09-05,21,quantile,0.01,0.0
2026-08-29,wk inc covid hosp,1,2026-09-05,21,quantile,0.025,0.0
2026-08-29,wk inc covid hosp,1,2026-09-05,21,quantile,0.05,0.0
2026-08-29,wk inc covid hosp,1,2026-09-05,21,quantile,0.1,5.0
2026-08-29,wk inc covid hosp,1,2026-09-05,21,quantile,0.15,7.0
2026-08-29,wk inc covid hosp,1,2026-09-05,21,quantile,0.2,9.0
2026-08-29,wk inc covid hosp,1,2026-09-05,21,quantile,0.25,11.0
2026-08-29,wk inc covid hosp,1,2026-09-05,21,quantile,0.3,12.0
2026-08-29,wk inc covid hosp,1,2026-09-05,21,quantile,0.35,13.0
2026-08-29,wk inc covid hosp,1,2026-09-05,21,quantile,0.4,14.0
2026-08-29,wk inc covid hosp,1,2026-09-05,21,quantile,0.45,15.0
2026-08-29,wk inc covid hosp,1,2026-09-05,21,quantile,0.5,16.0
2026-08-29,wk inc covid hosp,1,2026-09-05,21,quantile,0.55,16.0
2026-08-29,wk inc covid hosp,1,2026-09-05,21,quantile,0.6,17.0
2026-08-29,wk inc covid hosp,1,2026-09-05,21,quantile,0.65,18.0
2026-08-29,wk inc covid hosp,1,2026-09-05,21,quantile,0.7,19.0
2026-08-29,wk inc covid hosp,1,2026-09-05,21,quantile,0.75,20.0
2026-08-29,wk inc covid hosp,1,2026-09-05,21,quantile,0.8,22.0
2026-08-29,wk inc covid hosp,1,2026-09-05,21,quantile,0.85,24.0
2026-08-29,wk inc covid hosp,1,2026-09-05,21,quantile,0.9,26.0
2026-08-29,wk inc covid hosp,1,2026-09-05,21,quantile,0.95,32.049999999999955
2026-08-29,wk inc covid hosp,1,2026-09-05,21,quantile,0.975,41.0
2026-08-29,wk inc covid hosp,1,2026-09-05,21,quantile,0.99,60.09999999999991
2026-08-29,wk inc covid hosp,1,2026-09-05,22,quantile,0.01,18.990000000000002
2026-08-29,wk inc covid hosp,1,2026-09-05,22,quantile,0.025,33.0
2026-08-29,wk inc covid hosp,1,2026-09-05,22,quantile,0.05,38.0
2026-08-29,wk inc covid hosp,1,2026-09-05,22,quantile,0.1,44.0
2026-08-29,wk inc covid hosp,1,2026-09-05,22,quantile,0.15,49.0
2026-08-29,wk inc covid hosp,1,2026-09-05,22,quantile,0.2,52.0
2026-08-29,wk inc covid hosp,1,2026-09-05,22,quantile,0.25,54.0
2026-08-29,wk inc covid hosp,1,2026-09-05,22,quantile,0.3,57.0
2026-08-29,wk inc covid hosp,1,2026-09-05,22,quantile,0.35,59.0
2026-08-29,wk inc covid hosp,1,2026-09-05,22,quantile,0.4,61.0
2026-08-29,wk inc covid hosp,1,2026-09-05,22,quantile,0.45,62.0
2026-08-29,wk inc covid hosp,1,2026-09-05,22,quantile,0.5,63.0
2026-08-29,wk inc covid hosp,1,2026-09-05,22,quantile,0.55,64.0
2026-08-29,wk inc covid hosp,1,2026-09-05,22,quantile,0.6,65.0
2026-08-29,wk inc covid hosp,1,2026-09-05,22,quantile,0.65,66.0
2026-08-29,wk inc covid hosp,1,2026-09-05,22,quantile,0.7,68.0
2026-08-29,wk inc covid hosp,1,2026-09-05,22,quantile,0.75,70.0
2026-08-29,wk inc covid hosp,1,2026-09-05,22,quantile,0.8,72.20000000000005
2026-08-29,wk inc covid hosp,1,2026-09-05,22,quantile,0.85,76.0
2026-08-29,wk inc covid hosp,1,2026-09-05,22,quantile,0.9,79.0
2026-08-29,wk inc covid hosp,1,2026-09-05,22,quantile,0.95,87.04999999999995
2026-08-29,wk inc covid hosp,1,2026-09-05,22,quantile,0.975,97.0
2026-08-29,wk inc covid hosp,1,2026-09-05,22,quantile,0.99,117.03999999999996
2026-08-29,wk inc covid hosp,1,2026-09-05,23,quantile,0.01,0.0
2026-08-29,wk inc covid hosp,1,2026-09-05,23,quantile,0.025,0.0
2026-08-29,wk inc covid hosp,1,2026-09-05,23,quantile,0.05,0.0
2026-08-29,wk inc covid hosp,1,2026-09-05,23,quantile,0.1,0.0
2026-08-29,wk inc covid hosp,1,2026-09-05,23,quantile,0.15,0.0
2026-08-29,wk inc covid hosp,1,2026-09-05,23,quantile,0.2,1.0
2026-08-29,wk inc covid hosp,1,2026-09-05,23,quantile,0.25,1.0
2026-08-29,wk inc covid hosp,1,2026-09-05,23,quantile,0.3,1.0
2026-08-29,wk inc covid hosp,1,2026-09-05,23,quantile,0.35,2.0
2026-08-29,wk inc covid hosp,1,2026-09-05,23,quantile,0.4,2.0
2026-08-29,wk inc covid hosp,1,2026-09-05,23,quantile,0.45,2.0
2026-08-29,wk inc covid hosp,1,2026-09-05,23,quantile,0.5,2.0
2026-08-29,wk inc covid hosp,1,2026-09-05,23,quantile,0.55,2.0
2026-08-29,wk inc covid hosp,1,2026-09-05,23,quantile,0.6,3.0
2026-08-29,wk inc covid hosp,1,2026-09-05,23,quantile,0.65,3.0
2026-08-29,wk inc covid hosp,1,2026-09-05,23,quantile,0.7,3.0
2026-08-29,wk inc covid hosp,1,2026-09-05,23,quantile,0.75,4.0
2026-08-29,wk inc covid hosp,1,2026-09-05,23,quantile,0.8,4.0
2026-08-29,wk inc covid hosp,1,2026-09-05,23,quantile,0.85,5.0
2026-08-29,wk inc covid hosp,1,2026-09-05,23,quantile,0.9,6.0
2026-08-29,wk inc covid hosp,1,2026-09-05,23,quantile,0.95,8.0
2026-08-29,wk inc covid hosp,1,2026-09-05,23,quantile,0.975,9.524999999999977
2026-08-29,wk inc covid hosp,1,2026-09-05,23,quantile,0.99,13.009999999999991
2026-08-29,wk inc covid hosp,1,2026-09-05,24,quantile,0.01,0.0
2026-08-29,wk inc covid hosp,1,2026-09-05,24,quantile,0.025,0.0
2026-08-29,wk inc covid hosp,1,2026-09-05,24,quantile,0.05,0.0
2026-08-29,wk inc covid hosp,1,2026-09-05,24,quantile,0.1,0.0
2026-08-29,wk inc covid hosp,1,2026-09-05,24,quantile,0.15,3.0
2026-08-29,wk inc covid hosp,1,2026-09-05,24,quantile,0.2,5.0
2026-08-29,wk inc covid hosp,1,2026-09-05,24,quantile,0.25,7.0
2026-08-29,wk inc covid hosp,1,2026-09-05,24,quantile,0.3,8.0
2026-08-29,wk inc covid hosp,1,2026-09-05,24,quantile,0.35,10.0
2026-08-29,wk inc covid hosp,1,2026-09-05,24,quantile,0.4,11.0
2026-08-29,wk inc covid hosp,1,2026-09-05,24,quantile,0.45,12.0
2026-08-29,wk inc covid hosp,1,2026-09-05,24,quantile,0.5,13.0
2026-08-29,wk inc covid hosp,1,2026-09-05,24,quantile,0.55,13.0
2026-08-29,wk inc covid hosp,1,2026-09-05,24,quantile,0.6,14.0
2026-08-29,wk inc covid hosp,1,2026-09-05,24,quantile,0.65,15.0
2026-08-29,wk inc covid hosp,1,2026-09-05,24,quantile,0.7,17.0
2026-08-29,wk inc covid hosp,1,2026-09-05,24,quantile,0.75,17.0
2026-08-29,wk inc covid hosp,1,2026-09-05,24,quantile,0.8,19.0
2026-08-29,wk inc covid hosp,1,2026-09-05,24,quantile,0.85,21.0
2026-08-29,wk inc covid hosp,1,2026-09-05,24,quantile,0.9,25.0
2026-08-29,wk inc covid hosp,1,2026-09-05,24,quantile,0.95,30.049999999999955
2026-08-29,wk inc covid hosp,1,2026-09-05,24,quantile,0.975,37.52499999999998
2026-08-29,wk inc covid hosp,1,2026-09-05,24,quantile,0.99,47.02999999999997
2026-08-29,wk inc covid hosp,1,2026-09-05,25,quantile,0.01,0.0
2026-08-29,wk inc covid hosp,1,2026-09-05,25,quantile,0.025,0.0
2026-08-29,wk inc covid hosp,1,2026-09-05,25,quantile,0.05,1.9500000000000028
2026-08-29,wk inc covid hosp,1,2026-09-05,25,quantile,0.1,8.0
2026-08-29,wk inc covid hosp,1,2026-09-05,25,quantile,0.15,11.849999999999994
2026-08-29,wk inc covid hosp,1,2026-09-05,25,quantile,0.2,14.0
2026-08-29,wk inc covid hosp,1,2026-09-05,25,quantile,0.25,17.0
2026-08-29,wk inc covid hosp,1,2026-09-05,25,quantile,0.3,19.0
2026-08-29,wk inc covid hosp,1,2026-09-05,25,quantile,0.35,20.0
2026-08-29,wk inc covid hosp,1,2026-09-05,25,quantile,0.4,22.0
2026-08-29,wk inc covid hosp,1,2026-09-05,25,quantile,0.45,24.0
2026-08-29,wk inc covid hosp,1,2026-09-05,25,quantile,0.5,25.0
2026-08-29,wk inc covid hosp,1,2026-09-05,25,quantile,0.55,25.0
2026-08-29,wk inc covid hosp,1,2026-09-05,25,quantile,0.6,26.0
2026-08-29,wk inc covid hosp,1,2026-09-05,25,quantile,0.65,27.350000000000023
2026-08-29,wk inc covid hosp,1,2026-09-05,25,quantile,0.7,30.0
2026-08-29,wk inc covid hosp,1,2026-09-05,25,quantile,0.75,32.0
2026-08-29,wk inc covid hosp,1,2026-09-05,25,quantile,0.8,34.0
2026-08-29,wk inc covid hosp,1,2026-09-05,25,quantile,0.85,37.14999999999998
2026-08-29,wk inc covid hosp,1,2026-09-05,25,quantile,0.9,43.0
2026-08-29,wk inc covid hosp,1,2026-09-05,25,quantile,0.95,55.0
2026-08-29,wk inc covid hosp,1,2026-09-05,25,quantile,0.975,62.52499999999998
2026-08-29,wk inc covid hosp,1,2026-09-05,25,quantile,0.99,77.0
2026-08-29,wk inc covid hosp,1,2026-09-05,26,quantile,0.01,4.98
2026-08-29,wk inc covid hosp,1,2026-09-05,26,quantile,0.025,18.0
2026-08-29,wk inc covid hosp,1,2026-09-05,26,quantile,0.05,31.0
2026-08-29,wk inc covid hosp,1,2026-09-05,26,quantile,0.1,39.0
2026-08-29,wk inc covid hosp,1,2026-09-05,26,quantile,0.15,44.0
2026-08-29,wk inc covid hosp,1,2026-09-05,26,quantile,0.2,50.0
2026-08-29,wk inc covid hosp,1,2026-09-05,26,quantile,0.25,53.0
2026-08-29,wk inc covid hosp,1,2026-09-05,26,quantile,0.3,56.69999999999999
2026-08-29,wk inc covid hosp,1,2026-09-05,26,quantile,0.35,59.0
2026-08-29,wk inc covid hosp,1,2026-09-05,26,quantile,0.4,62.0
2026-08-29,wk inc covid hosp,1,2026-09-05,26,quantile,0.45,64.0
2026-08-29,wk inc covid hosp,1,2026-09-05,26,quantile,0.5,65.0
2026-08-29,wk inc covid hosp,1,2026-09-05,26,quantile,0.55,67.0
2026-08-29,wk inc covid hosp,1,2026-09-05,26,quantile,0.6,69.0
2026-08-29,wk inc covid hosp,1,2026-09-05,26,quantile,0.65,71.0
2026-08-29,wk inc covid hosp,1,2026-09-05,26,quantile,0.7,73.29999999999995
2026-08-29,wk inc covid hosp,1,2026-09-05,26,quantile,0.75,77.0
2026-08-29,wk inc covid hosp,1,2026-09-05,26,quantile,0.8,80.0
2026-08-29,wk inc covid hosp,1,2026-09-05,26,quantile,0.85,87.0
2026-08-29,wk inc covid hosp,1,2026-09-05,26,quantile,0.9,94.0
2026-08-29,wk inc covid hosp,1,2026-09-05,26,quantile,0.95,102.04999999999995
2026-08-29,wk inc covid hosp,1,2026-09-05,26,quantile,0.975,123.7249999999998
2026-08-29,wk inc covid hosp,1,2026-09-05,26,quantile,0.99,154.13999999999987
2026-08-29,wk inc covid hosp,1,2026-09-05,27,quantile,0.01,0.0
2026-08-29,wk inc covid hosp,1,2026-09-05,27,quantile,0.025,0.0
2026-08-29,wk inc covid hosp,1,2026-09-05,27,quantile,0.05,0.0
2026-08-29,wk inc covid hosp,1,2026-09-05,27,quantile,0.1,0.0
2026-08-29,wk inc covid hosp,1,2026-09-05,27,quantile,0.15,1.0
2026-08-29,wk inc covid hosp,1,2026-09-05,27,quantile,0.2,3.0
2026-08-29,wk inc covid hosp,1,2026-09-05,27,quantile,0.25,4.0
2026-08-29,wk inc covid hosp,1,2026-09-05,27,quantile,0.3,6.0
2026-08-29,wk inc covid hosp,1,2026-09-05,27,quantile,0.35,7.0
2026-08-29,wk inc covid hosp,1,2026-09-05,27,quantile,0.4,8.0
2026-08-29,wk inc covid hosp,1,2026-09-05,27,quantile,0.45,9.0
2026-08-29,wk inc covid hosp,1,2026-09-05,27,quantile,0.5,10.0
2026-08-29,wk inc covid hosp,1,2026-09-05,27,quantile,0.55,10.0
2026-08-29,wk inc covid hosp,1,2026-09-05,27,quantile,0.6,11.0
2026-08-29,wk inc covid hosp,1,2026-09-05,27,quantile,0.65,12.0
2026-08-29,wk inc covid hosp,1,2026-09-05,27,quantile,0.7,13.0
2026-08-29,wk inc covid hosp,1,2026-09-05,27,quantile,0.75,15.0
2026-08-29,wk inc covid hosp,1,2026-09-05,27,quantile,0.8,16.0
2026-08-29,wk inc covid hosp,1,2026-09-05,27,quantile,0.85,17.0
2026-08-29,wk inc covid hosp,1,2026-09-05,27,quantile,0.9,20.0
2026-08-29,wk inc covid hosp,1,2026-09-05,27,quantile,0.95,27.0
2026-08-29,wk inc covid hosp,1,2026-09-05,27,quantile,0.975,35.049999999999955
2026-08-29,wk inc covid hosp,1,2026-09-05,27,quantile,0.99,44.01999999999998
2026-08-29,wk inc covid hosp,1,2026-09-05,28,quantile,0.01,11.97
2026-08-29,wk inc covid hosp,1,2026-09-05,28,quantile,0.025,17.0
2026-08-29,wk inc covid hosp,1,2026-09-05,28,quantile,0.05,21.900000000000006
2026-08-29,wk inc covid hosp,1,2026-09-05,28,quantile,0.1,26.0
2026-08-29,wk inc covid hosp,1,2026-09-05,28,quantile,0.15,28.0
2026-08-29,wk inc covid hosp,1,2026-09-05,28,quantile,0.2,30.0
2026-08-29,wk inc covid hosp,1,2026-09-05,28,quantile,0.25,31.0
2026-08-29,wk inc covid hosp,1,2026-09-05,28,quantile,0.3,32.0
2026-08-29,wk inc covid hosp,1,2026-09-05,28,quantile,0.35,33.0
2026-08-29,wk inc covid hosp,1,2026-09-05,28,quantile,0.4,34.0
2026-08-29,wk inc covid hosp,1,2026-09-05,28,quantile,0.45,35.0
2026-08-29,wk inc covid hosp,1,2026-09-05,28,quantile,0.5,36.0
2026-08-29,wk inc covid hosp,1,2026-09-05,28,quantile,0.55,36.0
2026-08-29,wk inc covid hosp,1,2026-09-05,28,quantile,0.6,37.0
2026-08-29,wk inc covid hosp,1,2026-09-05,28,quantile,0.65,38.0
2026-08-29,wk inc covid hosp,1,2026-09-05,28,quantile,0.7,38.0
2026-08-29,wk inc covid hosp,1,2026-09-05,28,quantile,0.75,39.0
2026-08-29,wk inc covid hosp,1,2026-09-05,28,quantile,0.8,41.0
2026-08-29,wk inc covid hosp,1,2026-09-05,28,quantile,0.85,42.14999999999998
2026-08-29,wk inc covid hosp,1,2026-09-05,28,quantile,0.9,45.0
2026-08-29,wk inc covid hosp,1,2026-09-05,28,quantile,0.95,49.049999999999955
2026-08-29,wk inc covid hosp,1,2026-09-05,28,quantile,0.975,56.0
2026-08-29,wk inc covid hosp,1,2026-09-05,28,quantile,0.99,66.0
2026-08-29,wk inc covid hosp,1,2026-09-05,29,quantile,0.01,0.0
2026-08-29,wk inc covid hosp,1,2026-09-05,29,quantile,0.025,0.0
2026-08-29,wk inc covid hosp,1,2026-09-05,29,quantile,0.05,0.0
2026-08-29,wk inc covid hosp,1,2026-09-05,29,quantile,0.1,1.9000000000000057
2026-08-29,wk inc covid hosp,1,2026-09-05,29,quantile,0.15,4.0
2026-08-29,wk inc covid hosp,1,2026-09-05,29,quantile,0.2,6.0
2026-08-29,wk inc covid hosp,1,2026-09-05,29,quantile,0.25,7.0
2026-08-29,wk inc covid hosp,1,2026-09-05,29,quantile,0.3,9.0
2026-08-29,wk inc covid hosp,1,2026-09-05,29,quantile,0.35,10.0
2026-08-29,wk inc covid hosp,1,2026-09-05,29,quantile,0.4,12.0
2026-08-29,wk inc covid hosp,1,2026-09-05,29,quantile,0.45,13.0
2026-08-29,wk inc covid hosp,1,2026-09-05,29,quantile,0.5,14.0
2026-08-29,wk inc covid hosp,1,2026-09-05,29,quantile,0.55,14.0
2026-08-29,wk inc covid hosp,1,2026-09-05,29,quantile,0.6,16.0
2026-08-29,wk inc covid hosp,1,2026-09-05,29,quantile,0.65,17.0
2026-08-29,wk inc covid hosp,1,2026-09-05,29,quantile,0.7,18.0
2026-08-29,wk inc covid hosp,1,2026-09-05,29,quantile,0.75,19.0
2026-08-29,wk inc covid hosp,1,2026-09-05,29,quantile,0.8,22.0
2026-08-29,wk inc covid hosp,1,2026-09-05,29,quantile,0.85,23.149999999999977
2026-08-29,wk inc covid hosp,1,2026-09-05,29,quantile,0.9,28.0
2026-08-29,wk inc covid hosp,1,2026-09-05,29,quantile,0.95,34.049999999999955
2026-08-29,wk inc covid hosp,1,2026-09-05,29,quantile,0.975,41.0
2026-08-29,wk inc covid hosp,1,2026-09-05,29,quantile,0.99,57.059999999999945
2026-08-29,wk inc covid hosp,1,2026-09-05,30,quantile,0.01,0.0
2026-08-29,wk inc covid hosp,1,2026-09-05,30,quantile,0.025,0.0
2026-08-29,wk inc covid hosp,1,2026-09-05,30,quantile,0.05,0.0
2026-08-29,wk inc covid hosp,1,2026-09-05,30,quantile,0.1,0.0
2026-08-29,wk inc covid hosp,1,2026-09-05,30,quantile,0.15,0.0
2026-08-29,wk inc covid hosp,1,2026-09-05,30,quantile,0.2,1.0
2026-08-29,wk inc covid hosp,1,2026-09-05,30,quantile,0.25,1.0
2026-08-29,wk inc covid hosp,1,2026-09-05,30,quantile,0.3,1.0
2026-08-29,wk inc covid hosp,1,2026-09-05,30,quantile,0.35,2.0
2026-08-29,wk inc covid hosp,1,2026-09-05,30,quantile,0.4,2.0
2026-08-29,wk inc covid hosp,1,2026-09-05,30,quantile,0.45,2.0
2026-08-29,wk inc covid hosp,1,2026-09-05,30,quantile,0.5,2.0
2026-08-29,wk inc covid hosp,1,2026-09-05,30,quantile,0.55,2.0
2026-08-29,wk inc covid hosp,1,2026-09-05,30,quantile,0.6,2.0
2026-08-29,wk inc covid hosp,1,2026-09-05,30,quantile,0.65,3.0
2026-08-29,wk inc covid hosp,1,2026-09-05,30,quantile,0.7,3.0
2026-08-29,wk inc covid hosp,1,2026-09-05,30,quantile,0.75,3.0
2026-08-29,wk inc covid hosp,1,2026-09-05,30,quantile,0.8,3.2000000000000455
2026-08-29,wk inc covid hosp,1,2026-09-05,30,quantile,0.85,4.0
2026-08-29,wk inc covid hosp,1,2026-09-05,30,quantile,0.9,5.0
2026-08-29,wk inc covid hosp,1,2026-09-05,30,quantile,0.95,6.0
2026-08-29,wk inc covid hosp,1,2026-09-05,30,quantile,0.975,8.0
2026-08-29,wk inc covid hosp,1,2026-09-05,30,quantile,0.99,11.009999999999991
2026-08-29,wk inc covid hosp,1,2026-09-05,31,quantile,0.01,0.0
2026-08-29,wk inc covid hosp,1,2026-09-05,31,quantile,0.025,0.0
2026-08-29,wk inc covid hosp,1,2026-09-05,31,quantile,0.05,0.0
2026-08-29,wk inc covid hosp,1,2026-09-05,31,quantile,0.1,0.0
2026-08-29,wk inc covid hosp,1,2026-09-05,31,quantile,0.15,1.0
2026-08-29,wk inc covid hosp,1,2026-09-05,31,quantile,0.2,2.0
2026-08-29,wk inc covid hosp,1,2026-09-05,31,quantile,0.25,2.0
2026-08-29,wk inc covid hosp,1,2026-09-05,31,quantile,0.3,3.0
2026-08-29,wk inc covid hosp,1,2026-09-05,31,quantile,0.35,3.0
2026-08-29,wk inc covid hosp,1,2026-09-05,31,quantile,0.4,4.0
2026-08-29,wk inc covid hosp,1,2026-09-05,31,quantile,0.45,4.0
2026-08-29,wk inc covid hosp,1,2026-09-05,31,quantile,0.5,4.0
2026-08-29,wk inc covid hosp,1,2026-09-05,31,quantile,0.55,4.0
2026-08-29,wk inc covid hosp,1,2026-09-05,31,quantile,0.6,5.0
2026-08-29,wk inc covid hosp,1,2026-09-05,31,quantile,0.65,5.0
2026-08-29,wk inc covid hosp,1,2026-09-05,31,quantile,0.7,6.0
2026-08-29,wk inc covid hosp,1,2026-09-05,31,quantile,0.75,6.0
2026-08-29,wk inc covid hosp,1,2026-09-05,31,quantile,0.8,7.0
2026-08-29,wk inc covid hosp,1,2026-09-05,31,quantile,0.85,8.0
2026-08-29,wk inc covid hosp,1,2026-09-05,31,quantile,0.9,9.0
2026-08-29,wk inc covid hosp,1,2026-09-05,31,quantile,0.95,12.0
2026-08-29,wk inc covid hosp,1,2026-09-05,31,quantile,0.975,15.524999999999977
2026-08-29,wk inc covid hosp,1,2026-09-05,31,quantile,0.99,19.00999999999999
2026-08-29,wk inc covid hosp,1,2026-09-05,32,quantile,0.01,0.0
2026-08-29,wk inc covid hosp,1,2026-09-05,32,quantile,0.025,0.0
2026-08-29,wk inc covid hosp,1,2026-09-05,32,quantile,0.05,3.0
2026-08-29,wk inc covid hosp,1,2026-09-05,32,quantile,0.1,6.0
2026-08-29,wk inc covid hosp,1,2026-09-05,32,quantile,0.15,8.0
2026-08-29,wk inc covid hosp,1,2026-09-05,32,quantile,0.2,9.0
2026-08-29,wk inc covid hosp,1,2026-09-05,32,quantile,0.25,10.0
2026-08-29,wk inc covid hosp,1,2026-09-05,32,quantile,0.3,11.0
2026-08-29,wk inc covid hosp,1,2026-09-05,32,quantile,0.35,11.0
2026-08-29,wk inc covid hosp,1,2026-09-05,32,quantile,0.4,12.0
2026-08-29,wk inc covid hosp,1,2026-09-05,32,quantile,0.45,13.0
2026-08-29,wk inc covid hosp,1,2026-09-05,32,quantile,0.5,14.0
2026-08-29,wk inc covid hosp,1,2026-09-05,32,quantile,0.55,14.0
2026-08-29,wk inc covid hosp,1,2026-09-05,32,quantile,0.6,14.0
2026-08-29,wk inc covid hosp,1,2026-09-05,32,quantile,0.65,15.0
2026-08-29,wk inc covid hosp,1,2026-09-05,32,quantile,0.7,16.0
2026-08-29,wk inc covid hosp,1,2026-09-05,32,quantile,0.75,17.0
2026-08-29,wk inc covid hosp,1,2026-09-05,32,quantile,0.8,18.0
2026-08-29,wk inc covid hosp,1,2026-09-05,32,quantile,0.85,20.0
2026-08-29,wk inc covid hosp,1,2026-09-05,32,quantile,0.9,23.0
2026-08-29,wk inc covid hosp,1,2026-09-05,32,quantile,0.95,27.0
2026-08-29,wk inc covid hosp,1,2026-09-05,32,quantile,0.975,31.0
2026-08-29,wk inc covid hosp,1,2026-09-05,32,quantile,0.99,37.02999999999997
2026-08-29,wk inc covid hosp,1,2026-09-05,33,quantile,0.01,0.0
2026-08-29,wk inc covid hosp,1,2026-09-05,33,quantile,0.025,0.0
2026-08-29,wk inc covid hosp,1,2026-09-05,33,quantile,0.05,0.0
2026-08-29,wk inc covid hosp,1,2026-09-05,33,quantile,0.1,2.0
2026-08-29,wk inc covid hosp,1,2026-09-05,33,quantile,0.15,2.0
2026-08-29,wk inc covid hosp,1,2026-09-05,33,quantile,0.2,3.0
2026-08-29,wk inc covid hosp,1,2026-09-05,33,quantile,0.25,3.0
2026-08-29,wk inc covid hosp,1,2026-09-05,33,quantile,0.3,4.0
2026-08-29,wk inc covid hosp,1,2026-09-05,33,quantile,0.35,4.0
2026-08-29,wk inc covid hosp,1,2026-09-05,33,quantile,0.4,4.0
2026-08-29,wk inc covid hosp,1,2026-09-05,33,quantile,0.45,5.0
2026-08-29,wk inc covid hosp,1,2026-09-05,33,quantile,0.5,5.0
2026-08-29,wk inc covid hosp,1,2026-09-05,33,quantile,0.55,5.0
2026-08-29,wk inc covid hosp,1,2026-09-05,33,quantile,0.6,5.0
2026-08-29,wk inc covid hosp,1,2026-09-05,33,quantile,0.65,6.0
2026-08-29,wk inc covid hosp,1,2026-09-05,33,quantile,0.7,6.0
2026-08-29,wk inc covid hosp,1,2026-09-05,33,quantile,0.75,6.0
2026-08-29,wk inc covid hosp,1,2026-09-05,33,quantile,0.8,7.0
2026-08-29,wk inc covid hosp,1,2026-09-05,33,quantile,0.85,8.0
2026-08-29,wk inc covid hosp,1,2026-09-05,33,quantile,0.9,9.0
2026-08-29,wk inc covid hosp,1,2026-09-05,33,quantile,0.95,11.0
2026-08-29,wk inc covid hosp,1,2026-09-05,33,quantile,0.975,13.0
2026-08-29,wk inc covid hosp,1,2026-09-05,33,quantile,0.99,16.019999999999982
2026-08-29,wk inc covid hosp,1,2026-09-05,34,quantile,0.01,10.96
2026-08-29,wk inc covid hosp,1,2026-09-05,34,quantile,0.025,22.0
2026-08-29,wk inc covid hosp,1,2026-09-05,34,quantile,0.05,29.950000000000003
2026-08-29,wk inc covid hosp,1,2026-09-05,34,quantile,0.1,49.900000000000006
2026-08-29,wk inc covid hosp,1,2026-09-05,34,quantile,0.15,56.0
2026-08-29,wk inc covid hosp,1,2026-09-05,34,quantile,0.2,59.0
2026-08-29,wk inc covid hosp,1,2026-09-05,34,quantile,0.25,61.75
2026-08-29,wk inc covid hosp,1,2026-09-05,34,quantile,0.3,65.0
2026-08-29,wk inc covid hosp,1,2026-09-05,34,quantile,0.35,67.0
2026-08-29,wk inc covid hosp,1,2026-09-05,34,quantile,0.4,69.0
2026-08-29,wk inc covid hosp,1,2026-09-05,34,quantile,0.45,72.0
2026-08-29,wk inc covid hosp,1,2026-09-05,34,quantile,0.5,74.0
2026-08-29,wk inc covid hosp,1,2026-09-05,34,quantile,0.55,75.0
2026-08-29,wk inc covid hosp,1,2026-09-05,34,quantile,0.6,76.0
2026-08-29,wk inc covid hosp,1,2026-09-05,34,quantile,0.65,78.0
2026-08-29,wk inc covid hosp,1,2026-09-05,34,quantile,0.7,81.0
2026-08-29,wk inc covid hosp,1,2026-09-05,34,quantile,0.75,84.0
2026-08-29,wk inc covid hosp,1,2026-09-05,34,quantile,0.8,87.0
2026-08-29,wk inc covid hosp,1,2026-09-05,34,quantile,0.85,91.14999999999998
2026-08-29,wk inc covid hosp,1,2026-09-05,34,quantile,0.9,99.10000000000002
2026-08-29,wk inc covid hosp,1,2026-09-05,34,quantile,0.95,115.04999999999995
2026-08-29,wk inc covid hosp,1,2026-09-05,34,quantile,0.975,136.7249999999998
2026-08-29,wk inc covid hosp,1,2026-09-05,34,quantile,0.99,183.08999999999992
2026-08-29,wk inc covid hosp,1,2026-09-05,35,quantile,0.01,0.0
2026-08-29,wk inc covid hosp,1,2026-09-05,35,quantile,0.025,0.0
2026-08-29,wk inc covid hosp,1,2026-09-05,35,quantile,0.05,1.0
2026-08-29,wk inc covid hosp,1,2026-09-05,35,quantile,0.1,4.0
2026-08-29,wk inc covid hosp,1,2026-09-05,35,quantile,0.15,5.0
2026-08-29,wk inc covid hosp,1,2026-09-05,35,quantile,0.2,6.0
2026-08-29,wk inc covid hosp,1,2026-09-05,35,quantile,0.25,6.0
2026-08-29,wk inc covid hosp,1,2026-09-05,35,quantile,0.3,7.0
2026-08-29,wk inc covid hosp,1,2026-09-05,35,quantile,0.35,8.0
2026-08-29,wk inc covid hosp,1,2026-09-05,35,quantile,0.4,8.0
2026-08-29,wk inc covid hosp,1,2026-09-05,35,quantile,0.45,8.0
2026-08-29,wk inc covid hosp,1,2026-09-05,35,quantile,0.5,9.0
2026-08-29,wk inc covid hosp,1,2026-09-05,35,quantile,0.55,9.0
2026-08-29,wk inc covid hosp,1,2026-09-05,35,quantile,0.6,9.0
2026-08-29,wk inc covid hosp,1,2026-09-05,35,quantile,0.65,9.0
2026-08-29,wk inc covid hosp,1,2026-09-05,35,quantile,0.7,10.0
2026-08-29,wk inc covid hosp,1,2026-09-05,35,quantile,0.75,10.0
2026-08-29,wk inc covid hosp,1,2026-09-05,35,quantile,0.8,11.0
2026-08-29,wk inc covid hosp,1,2026-09-05,35,quantile,0.85,12.0
2026-08-29,wk inc covid hosp,1,2026-09-05,35,quantile,0.9,14.0
2026-08-29,wk inc covid hosp,1,2026-09-05,35,quantile,0.95,15.049999999999955
2026-08-29,wk inc covid hosp,1,2026-09-05,35,quantile,0.975,18.524999999999977
2026-08-29,wk inc covid hosp,1,2026-09-05,35,quantile,0.99,22.019999999999982
2026-08-29,wk inc covid hosp,1,2026-09-05,36,quantile,0.01,27.97
2026-08-29,wk inc covid hosp,1,2026-09-05,36,quantile,0.025,47.0
2026-08-29,wk inc covid hosp,1,2026-09-05,36,quantile,0.05,63.95
2026-08-29,wk inc covid hosp,1,2026-09-05,36,quantile,0.1,91.9
2026-08-29,wk inc covid hosp,1,2026-09-05,36,quantile,0.15,104.0
2026-08-29,wk inc covid hosp,1,2026-09-05,36,quantile,0.2,110.80000000000001
2026-08-29,wk inc covid hosp,1,2026-09-05,36,quantile,0.25,117.0
2026-08-29,wk inc covid hosp,1,2026-09-05,36,quantile,0.3,124.0
2026-08-29,wk inc covid hosp,1,2026-09-05,36,quantile,0.35,129.0
2026-08-29,wk inc covid hosp,1,2026-09-05,36,quantile,0.4,133.0
2026-08-29,wk inc covid hosp,1,2026-09-05,36,quantile,0.45,138.0
2026-08-29,wk inc covid hosp,1,2026-09-05,36,quantile,0.5,142.0
2026-08-29,wk inc covid hosp,1,2026-09-05,36,quantile,0.55,144.0
2026-08-29,wk inc covid hosp,1,2026-09-05,36,quantile,0.6,147.39999999999998
2026-08-29,wk inc covid hosp,1,2026-09-05,36,quantile,0.65,152.0
2026-08-29,wk inc covid hosp,1,2026-09-05,36,quantile,0.7,157.0
2026-08-29,wk inc covid hosp,1,2026-09-05,36,quantile,0.75,162.0
2026-08-29,wk inc covid hosp,1,2026-09-05,36,quantile,0.8,168.4000000000001
2026-08-29,wk inc covid hosp,1,2026-09-05,36,quantile,0.85,178.0
2026-08-29,wk inc covid hosp,1,2026-09-05,36,quantile,0.9,198.30000000000007
2026-08-29,wk inc covid hosp,1,2026-09-05,36,quantile,0.95,219.0
2026-08-29,wk inc covid hosp,1,2026-09-05,36,quantile,0.975,284.8249999999997
2026-08-29,wk inc covid hosp,1,2026-09-05,36,quantile,0.99,389.2299999999998
2026-08-29,wk inc covid hosp,1,2026-09-05,37,quantile,0.01,61.97
2026-08-29,wk inc covid hosp,1,2026-09-05,37,quantile,0.025,66.475
2026-08-29,wk inc covid hosp,1,2026-09-05,37,quantile,0.05,79.0
2026-08-29,wk inc covid hosp,1,2026-09-05,37,quantile,0.1,90.9
2026-08-29,wk inc covid hosp,1,2026-09-05,37,quantile,0.15,97.85
2026-08-29,wk inc covid hosp,1,2026-09-05,37,quantile,0.2,106.0
2026-08-29,wk inc covid hosp,1,2026-09-05,37,quantile,0.25,112.0
2026-08-29,wk inc covid hosp,1,2026-09-05,37,quantile,0.3,117.0
2026-08-29,wk inc covid hosp,1,2026-09-05,37,quantile,0.35,120.0
2026-08-29,wk inc covid hosp,1,2026-09-05,37,quantile,0.4,123.0
2026-08-29,wk inc covid hosp,1,2026-09-05,37,quantile,0.45,125.55000000000001
2026-08-29,wk inc covid hosp,1,2026-09-05,37,quantile,0.5,127.0
2026-08-29,wk inc covid hosp,1,2026-09-05,37,quantile,0.55,129.0
2026-08-29,wk inc covid hosp,1,2026-09-05,37,quantile,0.6,133.0
2026-08-29,wk inc covid hosp,1,2026-09-05,37,quantile,0.65,137.0
2026-08-29,wk inc covid hosp,1,2026-09-05,37,quantile,0.7,139.0
2026-08-29,wk inc covid hosp,1,2026-09-05,37,quantile,0.75,144.0
2026-08-29,wk inc covid hosp,1,2026-09-05,37,quantile,0.8,150.20000000000005
2026-08-29,wk inc covid hosp,1,2026-09-05,37,quantile,0.85,157.0
2026-08-29,wk inc covid hosp,1,2026-09-05,37,quantile,0.9,168.10000000000002
2026-08-29,wk inc covid hosp,1,2026-09-05,37,quantile,0.95,181.0
2026-08-29,wk inc covid hosp,1,2026-09-05,37,quantile,0.975,209.7249999999998
2026-08-29,wk inc covid hosp,1,2026-09-05,37,quantile,0.99,264.03999999999996
2026-08-29,wk inc covid hosp,1,2026-09-05,38,quantile,0.01,0.0
2026-08-29,wk inc covid hosp,1,2026-09-05,38,quantile,0.025,0.0
2026-08-29,wk inc covid hosp,1,2026-09-05,38,quantile,0.05,0.0
2026-08-29,wk inc covid hosp,1,2026-09-05,38,quantile,0.1,0.0
2026-08-29,wk inc covid hosp,1,2026-09-05,38,quantile,0.15,0.0
2026-08-29,wk inc covid hosp,1,2026-09-05,38,quantile,0.2,0.0
2026-08-29,wk inc covid hosp,1,2026-09-05,38,quantile,0.25,0.0
2026-08-29,wk inc covid hosp,1,2026-09-05,38,quantile,0.3,1.0
2026-08-29,wk inc covid hosp,1,2026-09-05,38,quantile,0.35,1.0
2026-08-29,wk inc covid hosp,1,2026-09-05,38,quantile,0.4,1.0
2026-08-29,wk inc covid hosp,1,2026-09-05,38,quantile,0.45,1.0
2026-08-29,wk inc covid hosp,1,2026-09-05,38,quantile,0.5,1.0
2026-08-29,wk inc covid hosp,1,2026-09-05,38,quantile,0.55,1.0
2026-08-29,wk inc covid hosp,1,2026-09-05,38,quantile,0.6,1.0
2026-08-29,wk inc covid hosp,1,2026-09-05,38,quantile,0.65,2.0
2026-08-29,wk inc covid hosp,1,2026-09-05,38,quantile,0.7,2.0
2026-08-29,wk inc covid hosp,1,2026-09-05,38,quantile,0.75,2.0
2026-08-29,wk inc covid hosp,1,2026-09-05,38,quantile,0.8,2.0
2026-08-29,wk inc covid hosp,1,2026-09-05,38,quantile,0.85,3.0
2026-08-29,wk inc covid hosp,1,2026-09-05,38,quantile,0.9,3.0
2026-08-29,wk inc covid hosp,1,2026-09-05,38,quantile,0.95,4.0
2026-08-29,wk inc covid hosp,1,2026-09-05,38,quantile,0.975,6.0
2026-08-29,wk inc covid hosp,1,2026-09-05,38,quantile,0.99,12.0
2026-08-29,wk inc covid hosp,1,2026-09-05,39,quantile,0.01,0.0
2026-08-29,wk inc covid hosp,1,2026-09-05,39,quantile,0.025,0.0
2026-08-29,wk inc covid hosp,1,2026-09-05,39,quantile,0.05,0.0
2026-08-29,wk inc covid hosp,1,2026-09-05,39,quantile,0.1,2.9000000000000057
2026-08-29,wk inc covid hosp,1,2026-09-05,39,quantile,0.15,9.0
2026-08-29,wk inc covid hosp,1,2026-09-05,39,quantile,0.2,14.0
2026-08-29,wk inc covid hosp,1,2026-09-05,39,quantile,0.25,18.0
2026-08-29,wk inc covid hosp,1,2026-09-05,39,quantile,0.3,21.0
2026-08-29,wk inc covid hosp,1,2026-09-05,39,quantile,0.35,24.0
2026-08-29,wk inc covid hosp,1,2026-09-05,39,quantile,0.4,27.0
2026-08-29,wk inc covid hosp,1,2026-09-05,39,quantile,0.45,29.0
2026-08-29,wk inc covid hosp,1,2026-09-05,39,quantile,0.5,31.0
2026-08-29,wk inc covid hosp,1,2026-09-05,39,quantile,0.55,32.0
2026-08-29,wk inc covid hosp,1,2026-09-05,39,quantile,0.6,34.0
2026-08-29,wk inc covid hosp,1,2026-09-05,39,quantile,0.65,36.0
2026-08-29,wk inc covid hosp,1,2026-09-05,39,quantile,0.7,39.0
2026-08-29,wk inc covid hosp,1,2026-09-05,39,quantile,0.75,42.0
2026-08-29,wk inc covid hosp,1,2026-09-05,39,quantile,0.8,46.0
2026-08-29,wk inc covid hosp,1,2026-09-05,39,quantile,0.85,53.0
2026-08-29,wk inc covid hosp,1,2026-09-05,39,quantile,0.9,61.0
2026-08-29,wk inc covid hosp,1,2026-09-05,39,quantile,0.95,71.0
2026-08-29,wk inc covid hosp,1,2026-09-05,39,quantile,0.975,88.09999999999991
2026-08-29,wk inc covid hosp,1,2026-09-05,39,quantile,0.99,116.08999999999992
2026-08-29,wk inc covid hosp,1,2026-09-05,40,quantile,0.01,0.0
2026-08-29,wk inc covid hosp,1,2026-09-05,40,quantile,0.025,0.0
2026-08-29,wk inc covid hosp,1,2026-09-05,40,quantile,0.05,1.9500000000000028
2026-08-29,wk inc covid hosp,1,2026-09-05,40,quantile,0.1,5.0
2026-08-29,wk inc covid hosp,1,2026-09-05,40,quantile,0.15,7.0
2026-08-29,wk inc covid hosp,1,2026-09-05,40,quantile,0.2,8.0
2026-08-29,wk inc covid hosp,1,2026-09-05,40,quantile,0.25,10.0
2026-08-29,wk inc covid hosp,1,2026-09-05,40,quantile,0.3,10.0
2026-08-29,wk inc covid hosp,1,2026-09-05,40,quantile,0.35,11.0
2026-08-29,wk inc covid hosp,1,2026-09-05,40,quantile,0.4,12.0
2026-08-29,wk inc covid hosp,1,2026-09-05,40,quantile,0.45,13.0
2026-08-29,wk inc covid hosp,1,2026-09-05,40,quantile,0.5,13.0
2026-08-29,wk inc covid hosp,1,2026-09-05,40,quantile,0.55,13.0
2026-08-29,wk inc covid hosp,1,2026-09-05,40,quantile,0.6,14.0
2026-08-29,wk inc covid hosp,1,2026-09-05,40,quantile,0.65,15.0
2026-08-29,wk inc covid hosp,1,2026-09-05,40,quantile,0.7,16.0
2026-08-29,wk inc covid hosp,1,2026-09-05,40,quantile,0.75,17.0
2026-08-29,wk inc covid hosp,1,2026-09-05,40,quantile,0.8,19.0
2026-08-29,wk inc covid hosp,1,2026-09-05,40,quantile,0.85,20.0
2026-08-29,wk inc covid hosp,1,2026-09-05,40,quantile,0.9,23.0
2026-08-29,wk inc covid hosp,1,2026-09-05,40,quantile,0.95,30.049999999999955
2026-08-29,wk inc covid hosp,1,2026-09-05,40,quantile,0.975,40.049999999999955
2026-08-29,wk inc covid hosp,1,2026-09-05,40,quantile,0.99,50.01999999999998
2026-08-29,wk inc covid hosp,1,2026-09-05,41,quantile,0.01,0.0
2026-08-29,wk inc covid hosp,1,2026-09-05,41,quantile,0.025,0.0
2026-08-29,wk inc covid hosp,1,2026-09-05,41,quantile,0.05,0.0
2026-08-29,wk inc covid hosp,1,2026-09-05,41,quantile,0.1,3.0
2026-08-29,wk inc covid hosp,1,2026-09-05,41,quantile,0.15,5.0
2026-08-29,wk inc covid hosp,1,2026-09-05,41,quantile,0.2,7.0
2026-08-29,wk inc covid hosp,1,2026-09-05,41,quantile,0.25,8.0
2026-08-29,wk inc covid hosp,1,2026-09-05,41,quantile,0.3,10.0
2026-08-29,wk inc covid hosp,1,2026-09-05,41,quantile,0.35,10.0
2026-08-29,wk inc covid hosp,1,2026-09-05,41,quantile,0.4,11.0
2026-08-29,wk inc covid hosp,1,2026-09-05,41,quantile,0.45,12.0
2026-08-29,wk inc covid hosp,1,2026-09-05,41,quantile,0.5,13.0
2026-08-29,wk inc covid hosp,1,2026-09-05,41,quantile,0.55,13.0
2026-08-29,wk inc covid hosp,1,2026-09-05,41,quantile,0.6,13.0
2026-08-29,wk inc covid hosp,1,2026-09-05,41,quantile,0.65,14.350000000000023
2026-08-29,wk inc covid hosp,1,2026-09-05,41,quantile,0.7,15.0
2026-08-29,wk inc covid hosp,1,2026-09-05,41,quantile,0.75,16.0
2026-08-29,wk inc covid hosp,1,2026-09-05,41,quantile,0.8,17.0
2026-08-29,wk inc covid hosp,1,2026-09-05,41,quantile,0.85,19.0
2026-08-29,wk inc covid hosp,1,2026-09-05,41,quantile,0.9,21.0
2026-08-29,wk inc covid hosp,1,2026-09-05,41,quantile,0.95,25.0
2026-08-29,wk inc covid hosp,1,2026-09-05,41,quantile,0.975,30.524999999999977
2026-08-29,wk inc covid hosp,1,2026-09-05,41,quantile,0.99,43.0
2026-08-29,wk inc covid hosp,1,2026-09-05,42,quantile,0.01,0.0
2026-08-29,wk inc covid hosp,1,2026-09-05,42,quantile,0.025,0.0
2026-08-29,wk inc covid hosp,1,2026-09-05,42,quantile,0.05,13.900000000000006
2026-08-29,wk inc covid hosp,1,2026-09-05,42,quantile,0.1,26.0
2026-08-29,wk inc covid hosp,1,2026-09-05,42,quantile,0.15,34.0
2026-08-29,wk inc covid hosp,1,2026-09-05,42,quantile,0.2,38.80000000000001
2026-08-29,wk inc covid hosp,1,2026-09-05,42,quantile,0.25,43.0
2026-08-29,wk inc covid hosp,1,2026-09-05,42,quantile,0.3,46.0
2026-08-29,wk inc covid hosp,1,2026-09-05,42,quantile,0.35,49.64999999999998
2026-08-29,wk inc covid hosp,1,2026-09-05,42,quantile,0.4,53.0
2026-08-29,wk inc covid hosp,1,2026-09-05,42,quantile,0.45,56.0
2026-08-29,wk inc covid hosp,1,2026-09-05,42,quantile,0.5,58.0
2026-08-29,wk inc covid hosp,1,2026-09-05,42,quantile,0.55,60.0
2026-08-29,wk inc covid hosp,1,2026-09-05,42,quantile,0.6,63.0
2026-08-29,wk inc covid hosp,1,2026-09-05,42,quantile,0.65,66.0
2026-08-29,wk inc covid hosp,1,2026-09-05,42,quantile,0.7,68.0
2026-08-29,wk inc covid hosp,1,2026-09-05,42,quantile,0.75,72.0
2026-08-29,wk inc covid hosp,1,2026-09-05,42,quantile,0.8,77.0
2026-08-29,wk inc covid hosp,1,2026-09-05,42,quantile,0.85,82.0
2026-08-29,wk inc covid hosp,1,2026-09-05,42,quantile,0.9,91.0
2026-08-29,wk inc covid hosp,1,2026-09-05,42,quantile,0.95,107.0
2026-08-29,wk inc covid hosp,1,2026-09-05,42,quantile,0.975,129.0
2026-08-29,wk inc covid hosp,1,2026-09-05,42,quantile,0.99,166.0999999999999
2026-08-29,wk inc covid hosp,1,2026-09-05,44,quantile,0.01,0.0
2026-08-29,wk inc covid hosp,1,2026-09-05,44,quantile,0.025,0.0
2026-08-29,wk inc covid hosp,1,2026-09-05,44,quantile,0.05,1.0
2026-08-29,wk inc covid hosp,1,2026-09-05,44,quantile,0.1,2.0
2026-08-29,wk inc covid hosp,1,2026-09-05,44,quantile,0.15,2.0
2026-08-29,wk inc covid hosp,1,2026-09-05,44,quantile,0.2,3.0
2026-08-29,wk inc covid hosp,1,2026-09-05,44,quantile,0.25,3.0
2026-08-29,wk inc covid hosp,1,2026-09-05,44,quantile,0.3,4.0
2026-08-29,wk inc covid hosp,1,2026-09-05,44,quantile,0.35,4.0
2026-08-29,wk inc covid hosp,1,2026-09-05,44,quantile,0.4,4.0
2026-08-29,wk inc covid hosp,1,2026-09-05,44,quantile,0.45,5.0
2026-08-29,wk inc covid hosp,1,2026-09-05,44,quantile,0.5,5.0
2026-08-29,wk inc covid hosp,1,2026-09-05,44,quantile,0.55,5.0
2026-08-29,wk inc covid hosp,1,2026-09-05,44,quantile,0.6,5.0
2026-08-29,wk inc covid hosp,1,2026-09-05,44,quantile,0.65,5.0
2026-08-29,wk inc covid hosp,1,2026-09-05,44,quantile,0.7,6.0
2026-08-29,wk inc covid hosp,1,2026-09-05,44,quantile,0.75,6.0
2026-08-29,wk inc covid hosp,1,2026-09-05,44,quantile,0.8,6.0
2026-08-29,wk inc covid hosp,1,2026-09-05,44,quantile,0.85,7.0
2026-08-29,wk inc covid hosp,1,2026-09-05,44,quantile,0.9,7.0
2026-08-29,wk inc covid hosp,1,2026-09-05,44,quantile,0.95,8.0
2026-08-29,wk inc covid hosp,1,2026-09-05,44,quantile,0.975,9.0
2026-08-29,wk inc covid hosp,1,2026-09-05,44,quantile,0.99,11.019999999999982
2026-08-29,wk inc covid hosp,1,2026-09-05,45,quantile,0.01,0.9900000000000002
2026-08-29,wk inc covid hosp,1,2026-09-05,45,quantile,0.025,9.0
2026-08-29,wk inc covid hosp,1,2026-09-05,45,quantile,0.05,13.0
2026-08-29,wk inc covid hosp,1,2026-09-05,45,quantile,0.1,18.0
2026-08-29,wk inc covid hosp,1,2026-09-05,45,quantile,0.15,22.0
2026-08-29,wk inc covid hosp,1,2026-09-05,45,quantile,0.2,25.0
2026-08-29,wk inc covid hosp,1,2026-09-05,45,quantile,0.25,26.0
2026-08-29,wk inc covid hosp,1,2026-09-05,45,quantile,0.3,28.0
2026-08-29,wk inc covid hosp,1,2026-09-05,45,quantile,0.35,29.0
2026-08-29,wk inc covid hosp,1,2026-09-05,45,quantile,0.4,31.0
2026-08-29,wk inc covid hosp,1,2026-09-05,45,quantile,0.45,32.0
2026-08-29,wk inc covid hosp,1,2026-09-05,45,quantile,0.5,33.0
2026-08-29,wk inc covid hosp,1,2026-09-05,45,quantile,0.55,34.0
2026-08-29,wk inc covid hosp,1,2026-09-05,45,quantile,0.6,35.0
2026-08-29,wk inc covid hosp,1,2026-09-05,45,quantile,0.65,36.0
2026-08-29,wk inc covid hosp,1,2026-09-05,45,quantile,0.7,37.0
2026-08-29,wk inc covid hosp,1,2026-09-05,45,quantile,0.75,39.0
2026-08-29,wk inc covid hosp,1,2026-09-05,45,quantile,0.8,41.0
2026-08-29,wk inc covid hosp,1,2026-09-05,45,quantile,0.85,43.0
2026-08-29,wk inc covid hosp,1,2026-09-05,45,quantile,0.9,46.0
2026-08-29,wk inc covid hosp,1,2026-09-05,45,quantile,0.95,53.049999999999955
2026-08-29,wk inc covid hosp,1,2026-09-05,45,quantile,0.975,60.52499999999998
2026-08-29,wk inc covid hosp,1,2026-09-05,45,quantile,0.99,75.07999999999993
2026-08-29,wk inc covid hosp,1,2026-09-05,46,quantile,0.01,0.0
2026-08-29,wk inc covid hosp,1,2026-09-05,46,quantile,0.025,0.0
2026-08-29,wk inc covid hosp,1,2026-09-05,46,quantile,0.05,0.0
2026-08-29,wk inc covid hosp,1,2026-09-05,46,quantile,0.1,0.0
2026-08-29,wk inc covid hosp,1,2026-09-05,46,quantile,0.15,0.0
2026-08-29,wk inc covid hosp,1,2026-09-05,46,quantile,0.2,0.0
2026-08-29,wk inc covid hosp,1,2026-09-05,46,quantile,0.25,1.0
2026-08-29,wk inc covid hosp,1,2026-09-05,46,quantile,0.3,1.0
2026-08-29,wk inc covid hosp,1,2026-09-05,46,quantile,0.35,1.0
2026-08-29,wk inc covid hosp,1,2026-09-05,46,quantile,0.4,1.0
2026-08-29,wk inc covid hosp,1,2026-09-05,46,quantile,0.45,1.0
2026-08-29,wk inc covid hosp,1,2026-09-05,46,quantile,0.5,2.0
2026-08-29,wk inc covid hosp,1,2026-09-05,46,quantile,0.55,2.0
2026-08-29,wk inc covid hosp,1,2026-09-05,46,quantile,0.6,2.0
2026-08-29,wk inc covid hosp,1,2026-09-05,46,quantile,0.65,2.0
2026-08-29,wk inc covid hosp,1,2026-09-05,46,quantile,0.7,2.0
2026-08-29,wk inc covid hosp,1,2026-09-05,46,quantile,0.75,3.0
2026-08-29,wk inc covid hosp,1,2026-09-05,46,quantile,0.8,3.0
2026-08-29,wk inc covid hosp,1,2026-09-05,46,quantile,0.85,3.0
2026-08-29,wk inc covid hosp,1,2026-09-05,46,quantile,0.9,4.0
2026-08-29,wk inc covid hosp,1,2026-09-05,46,quantile,0.95,5.0
2026-08-29,wk inc covid hosp,1,2026-09-05,46,quantile,0.975,7.0
2026-08-29,wk inc covid hosp,1,2026-09-05,46,quantile,0.99,10.019999999999982
2026-08-29,wk inc covid hosp,1,2026-09-05,47,quantile,0.01,4.98
2026-08-29,wk inc covid hosp,1,2026-09-05,47,quantile,0.025,15.475000000000001
2026-08-29,wk inc covid hosp,1,2026-09-05,47,quantile,0.05,22.900000000000006
2026-08-29,wk inc covid hosp,1,2026-09-05,47,quantile,0.1,31.0
2026-08-29,wk inc covid hosp,1,2026-09-05,47,quantile,0.15,35.0
2026-08-29,wk inc covid hosp,1,2026-09-05,47,quantile,0.2,38.0
2026-08-29,wk inc covid hosp,1,2026-09-05,47,quantile,0.25,41.0
2026-08-29,wk inc covid hosp,1,2026-09-05,47,quantile,0.3,43.0
2026-08-29,wk inc covid hosp,1,2026-09-05,47,quantile,0.35,45.0
2026-08-29,wk inc covid hosp,1,2026-09-05,47,quantile,0.4,47.0
2026-08-29,wk inc covid hosp,1,2026-09-05,47,quantile,0.45,49.0
2026-08-29,wk inc covid hosp,1,2026-09-05,47,quantile,0.5,50.0
2026-08-29,wk inc covid hosp,1,2026-09-05,47,quantile,0.55,51.0
2026-08-29,wk inc covid hosp,1,2026-09-05,47,quantile,0.6,52.0
2026-08-29,wk inc covid hosp,1,2026-09-05,47,quantile,0.65,53.0
2026-08-29,wk inc covid hosp,1,2026-09-05,47,quantile,0.7,55.0
2026-08-29,wk inc covid hosp,1,2026-09-05,47,quantile,0.75,57.0
2026-08-29,wk inc covid hosp,1,2026-09-05,47,quantile,0.8,60.0
2026-08-29,wk inc covid hosp,1,2026-09-05,47,quantile,0.85,63.0
2026-08-29,wk inc covid hosp,1,2026-09-05,47,quantile,0.9,67.10000000000002
2026-08-29,wk inc covid hosp,1,2026-09-05,47,quantile,0.95,76.04999999999995
2026-08-29,wk inc covid hosp,1,2026-09-05,47,quantile,0.975,90.0
2026-08-29,wk inc covid hosp,1,2026-09-05,47,quantile,0.99,114.17999999999984
2026-08-29,wk inc covid hosp,1,2026-09-05,48,quantile,0.01,130.99
2026-08-29,wk inc covid hosp,1,2026-09-05,48,quantile,0.025,176.0
2026-08-29,wk inc covid hosp,1,2026-09-05,48,quantile,0.05,190.95
2026-08-29,wk inc covid hosp,1,2026-09-05,48,quantile,0.1,222.0
2026-08-29,wk inc covid hosp,1,2026-09-05,48,quantile,0.15,245.85
2026-08-29,wk inc covid hosp,1,2026-09-05,48,quantile,0.2,263.8
2026-08-29,wk inc covid hosp,1,2026-09-05,48,quantile,0.25,275.75
2026-08-29,wk inc covid hosp,1,2026-09-05,48,quantile,0.3,286.0
2026-08-29,wk inc covid hosp,1,2026-09-05,48,quantile,0.35,295.0
2026-08-29,wk inc covid hosp,1,2026-09-05,48,quantile,0.4,304.6
2026-08-29,wk inc covid hosp,1,2026-09-05,48,quantile,0.45,314.0
2026-08-29,wk inc covid hosp,1,2026-09-05,48,quantile,0.5,321.5
2026-08-29,wk inc covid hosp,1,2026-09-05,48,quantile,0.55,326.0
2026-08-29,wk inc covid hosp,1,2026-09-05,48,quantile,0.6,333.0
2026-08-29,wk inc covid hosp,1,2026-09-05,48,quantile,0.65,342.0
2026-08-29,wk inc covid hosp,1,2026-09-05,48,quantile,0.7,350.0
2026-08-29,wk inc covid hosp,1,2026-09-05,48,quantile,0.75,363.5
2026-08-29,wk inc covid hosp,1,2026-09-05,48,quantile,0.8,380.0
2026-08-29,wk inc covid hosp,1,2026-09-05,48,quantile,0.85,398.29999999999995
2026-08-29,wk inc covid hosp,1,2026-09-05,48,quantile,0.9,428.1
2026-08-29,wk inc covid hosp,1,2026-09-05,48,quantile,0.95,483.0
2026-08-29,wk inc covid hosp,1,2026-09-05,48,quantile,0.975,518.6249999999999
2026-08-29,wk inc covid hosp,1,2026-09-05,48,quantile,0.99,671.0799999999999
2026-08-29,wk inc covid hosp,1,2026-09-05,49,quantile,0.01,0.0
2026-08-29,wk inc covid hosp,1,2026-09-05,49,quantile,0.025,0.0
2026-08-29,wk inc covid hosp,1,2026-09-05,49,quantile,0.05,0.0
2026-08-29,wk inc covid hosp,1,2026-09-05,49,quantile,0.1,0.9000000000000057
2026-08-29,wk inc covid hosp,1,2026-09-05,49,quantile,0.15,2.0
2026-08-29,wk inc covid hosp,1,2026-09-05,49,quantile,0.2,3.0
2026-08-29,wk inc covid hosp,1,2026-09-05,49,quantile,0.25,4.0
2026-08-29,wk inc covid hosp,1,2026-09-05,49,quantile,0.3,5.0
2026-08-29,wk inc covid hosp,1,2026-09-05,49,quantile,0.35,6.0
2026-08-29,wk inc covid hosp,1,2026-09-05,49,quantile,0.4,7.0
2026-08-29,wk inc covid hosp,1,2026-09-05,49,quantile,0.45,7.0
2026-08-29,wk inc covid hosp,1,2026-09-05,49,quantile,0.5,8.0
2026-08-29,wk inc covid hosp,1,2026-09-05,49,quantile,0.55,8.0
2026-08-29,wk inc covid hosp,1,2026-09-05,49,quantile,0.6,9.0
2026-08-29,wk inc covid hosp,1,2026-09-05,49,quantile,0.65,9.0
2026-08-29,wk inc covid hosp,1,2026-09-05,49,quantile,0.7,10.0
2026-08-29,wk inc covid hosp,1,2026-09-05,49,quantile,0.75,10.0
2026-08-29,wk inc covid hosp,1,2026-09-05,49,quantile,0.8,12.0
2026-08-29,wk inc covid hosp,1,2026-09-05,49,quantile,0.85,13.149999999999977
2026-08-29,wk inc covid hosp,1,2026-09-05,49,quantile,0.9,15.0
2026-08-29,wk inc covid hosp,1,2026-09-05,49,quantile,0.95,19.0
2026-08-29,wk inc covid hosp,1,2026-09-05,49,quantile,0.975,26.524999999999977
2026-08-29,wk inc covid hosp,1,2026-09-05,49,quantile,0.99,36.039999999999964
2026-08-29,wk inc covid hosp,1,2026-09-05,50,quantile,0.01,0.0
2026-08-29,wk inc covid hosp,1,2026-09-05,50,quantile,0.025,0.0
2026-08-29,wk inc covid hosp,1,2026-09-05,50,quantile,0.05,0.0
2026-08-29,wk inc covid hosp,1,2026-09-05,50,quantile,0.1,0.0
2026-08-29,wk inc covid hosp,1,2026-09-05,50,quantile,0.15,0.0
2026-08-29,wk inc covid hosp,1,2026-09-05,50,quantile,0.2,0.0
2026-08-29,wk inc covid hosp,1,2026-09-05,50,quantile,0.25,0.0
2026-08-29,wk inc covid hosp,1,2026-09-05,50,quantile,0.3,0.0
2026-08-29,wk inc covid hosp,1,2026-09-05,50,quantile,0.35,1.0
2026-08-29,wk inc covid hosp,1,2026-09-05,50,quantile,0.4,1.0
2026-08-29,wk inc covid hosp,1,2026-09-05,50,quantile,0.45,1.0
2026-08-29,wk inc covid hosp,1,2026-09-05,50,quantile,0.5,1.0
2026-08-29,wk inc covid hosp,1,2026-09-05,50,quantile,0.55,1.0
2026-08-29,wk inc covid hosp,1,2026-09-05,50,quantile,0.6,1.0
2026-08-29,wk inc covid hosp,1,2026-09-05,50,quantile,0.65,1.0
2026-08-29,wk inc covid hosp,1,2026-09-05,50,quantile,0.7,2.0
2026-08-29,wk inc covid hosp,1,2026-09-05,50,quantile,0.75,2.0
2026-08-29,wk inc covid hosp,1,2026-09-05,50,quantile,0.8,2.0
2026-08-29,wk inc covid hosp,1,2026-09-05,50,quantile,0.85,2.1499999999999773
2026-08-29,wk inc covid hosp,1,2026-09-05,50,quantile,0.9,3.0
2026-08-29,wk inc covid hosp,1,2026-09-05,50,quantile,0.95,4.0
2026-08-29,wk inc covid hosp,1,2026-09-05,50,quantile,0.975,6.0
2026-08-29,wk inc covid hosp,1,2026-09-05,50,quantile,0.99,9.009999999999991
2026-08-29,wk inc covid hosp,1,2026-09-05,51,quantile,0.01,0.0
2026-08-29,wk inc covid hosp,1,2026-09-05,51,quantile,0.025,0.0
2026-08-29,wk inc covid hosp,1,2026-09-05,51,quantile,0.05,8.0
2026-08-29,wk inc covid hosp,1,2026-09-05,51,quantile,0.1,15.0
2026-08-29,wk inc covid hosp,1,2026-09-05,51,quantile,0.15,18.0
2026-08-29,wk inc covid hosp,1,2026-09-05,51,quantile,0.2,21.0
2026-08-29,wk inc covid hosp,1,2026-09-05,51,quantile,0.25,24.75
2026-08-29,wk inc covid hosp,1,2026-09-05,51,quantile,0.3,27.0
2026-08-29,wk inc covid hosp,1,2026-09-05,51,quantile,0.35,29.0
2026-08-29,wk inc covid hosp,1,2026-09-05,51,quantile,0.4,31.0
2026-08-29,wk inc covid hosp,1,2026-09-05,51,quantile,0.45,33.0
2026-08-29,wk inc covid hosp,1,2026-09-05,51,quantile,0.5,34.0
2026-08-29,wk inc covid hosp,1,2026-09-05,51,quantile,0.55,35.0
2026-08-29,wk inc covid hosp,1,2026-09-05,51,quantile,0.6,36.0
2026-08-29,wk inc covid hosp,1,2026-09-05,51,quantile,0.65,38.0
2026-08-29,wk inc covid hosp,1,2026-09-05,51,quantile,0.7,39.299999999999955
2026-08-29,wk inc covid hosp,1,2026-09-05,51,quantile,0.75,43.0
2026-08-29,wk inc covid hosp,1,2026-09-05,51,quantile,0.8,45.0
2026-08-29,wk inc covid hosp,1,2026-09-05,51,quantile,0.85,48.0
2026-08-29,wk inc covid hosp,1,2026-09-05,51,quantile,0.9,52.0
2026-08-29,wk inc covid hosp,1,2026-09-05,51,quantile,0.95,58.049999999999955
2026-08-29,wk inc covid hosp,1,2026-09-05,51,quantile,0.975,70.57499999999993
2026-08-29,wk inc covid hosp,1,2026-09-05,51,quantile,0.99,93.01999999999998
2026-08-29,wk inc covid hosp,1,2026-09-05,53,quantile,0.01,0.0
2026-08-29,wk inc covid hosp,1,2026-09-05,53,quantile,0.025,8.0
2026-08-29,wk inc covid hosp,1,2026-09-05,53,quantile,0.05,16.900000000000006
2026-08-29,wk inc covid hosp,1,2026-09-05,53,quantile,0.1,26.0
2026-08-29,wk inc covid hosp,1,2026-09-05,53,quantile,0.15,32.0
2026-08-29,wk inc covid hosp,1,2026-09-05,53,quantile,0.2,36.0
2026-08-29,wk inc covid hosp,1,2026-09-05,53,quantile,0.25,39.0
2026-08-29,wk inc covid hosp,1,2026-09-05,53,quantile,0.3,42.0
2026-08-29,wk inc covid hosp,1,2026-09-05,53,quantile,0.35,45.0
2026-08-29,wk inc covid hosp,1,2026-09-05,53,quantile,0.4,47.0
2026-08-29,wk inc covid hosp,1,2026-09-05,53,quantile,0.45,49.0
2026-08-29,wk inc covid hosp,1,2026-09-05,53,quantile,0.5,50.0
2026-08-29,wk inc covid hosp,1,2026-09-05,53,quantile,0.55,51.450000000000045
2026-08-29,wk inc covid hosp,1,2026-09-05,53,quantile,0.6,53.0
2026-08-29,wk inc covid hosp,1,2026-09-05,53,quantile,0.65,55.0
2026-08-29,wk inc covid hosp,1,2026-09-05,53,quantile,0.7,57.0
2026-08-29,wk inc covid hosp,1,2026-09-05,53,quantile,0.75,60.0
2026-08-29,wk inc covid hosp,1,2026-09-05,53,quantile,0.8,63.0
2026-08-29,wk inc covid hosp,1,2026-09-05,53,quantile,0.85,68.0
2026-08-29,wk inc covid hosp,1,2026-09-05,53,quantile,0.9,75.0
2026-08-29,wk inc covid hosp,1,2026-09-05,53,quantile,0.95,88.04999999999995
2026-08-29,wk inc covid hosp,1,2026-09-05,53,quantile,0.975,105.09999999999991
2026-08-29,wk inc covid hosp,1,2026-09-05,53,quantile,0.99,133.03999999999996
2026-08-29,wk inc covid hosp,1,2026-09-05,54,quantile,0.01,0.0
2026-08-29,wk inc covid hosp,1,2026-09-05,54,quantile,0.025,0.0
2026-08-29,wk inc covid hosp,1,2026-09-05,54,quantile,0.05,0.0
2026-08-29,wk inc covid hosp,1,2026-09-05,54,quantile,0.1,0.0
2026-08-29,wk inc covid hosp,1,2026-09-05,54,quantile,0.15,1.0
2026-08-29,wk inc covid hosp,1,2026-09-05,54,quantile,0.2,1.0
2026-08-29,wk inc covid hosp,1,2026-09-05,54,quantile,0.25,2.0
2026-08-29,wk inc covid hosp,1,2026-09-05,54,quantile,0.3,2.0
2026-08-29,wk inc covid hosp,1,2026-09-05,54,quantile,0.35,3.0
2026-08-29,wk inc covid hosp,1,2026-09-05,54,quantile,0.4,3.0
2026-08-29,wk inc covid hosp,1,2026-09-05,54,quantile,0.45,3.0
2026-08-29,wk inc covid hosp,1,2026-09-05,54,quantile,0.5,4.0
2026-08-29,wk inc covid hosp,1,2026-09-05,54,quantile,0.55,4.0
2026-08-29,wk inc covid hosp,1,2026-09-05,54,quantile,0.6,4.0
2026-08-29,wk inc covid hosp,1,2026-09-05,54,quantile,0.65,4.0
2026-08-29,wk inc covid hosp,1,2026-09-05,54,quantile,0.7,5.0
2026-08-29,wk inc covid hosp,1,2026-09-05,54,quantile,0.75,5.0
2026-08-29,wk inc covid hosp,1,2026-09-05,54,quantile,0.8,6.0
2026-08-29,wk inc covid hosp,1,2026-09-05,54,quantile,0.85,6.0
2026-08-29,wk inc covid hosp,1,2026-09-05,54,quantile,0.9,7.0
2026-08-29,wk inc covid hosp,1,2026-09-05,54,quantile,0.95,10.0
2026-08-29,wk inc covid hosp,1,2026-09-05,54,quantile,0.975,12.524999999999977
2026-08-29,wk inc covid hosp,1,2026-09-05,54,quantile,0.99,19.00999999999999
2026-08-29,wk inc covid hosp,1,2026-09-05,55,quantile,0.01,0.0
2026-08-29,wk inc covid hosp,1,2026-09-05,55,quantile,0.025,0.0
2026-08-29,wk inc covid hosp,1,2026-09-05,55,quantile,0.05,0.0
2026-08-29,wk inc covid hosp,1,2026-09-05,55,quantile,0.1,1.0
2026-08-29,wk inc covid hosp,1,2026-09-05,55,quantile,0.15,4.0
2026-08-29,wk inc covid hosp,1,2026-09-05,55,quantile,0.2,5.0
2026-08-29,wk inc covid hosp,1,2026-09-05,55,quantile,0.25,8.0
2026-08-29,wk inc covid hosp,1,2026-09-05,55,quantile,0.3,10.0
2026-08-29,wk inc covid hosp,1,2026-09-05,55,quantile,0.35,11.0
2026-08-29,wk inc covid hosp,1,2026-09-05,55,quantile,0.4,12.0
2026-08-29,wk inc covid hosp,1,2026-09-05,55,quantile,0.45,13.0
2026-08-29,wk inc covid hosp,1,2026-09-05,55,quantile,0.5,14.0
2026-08-29,wk inc covid hosp,1,2026-09-05,55,quantile,0.55,15.0
2026-08-29,wk inc covid hosp,1,2026-09-05,55,quantile,0.6,16.0
2026-08-29,wk inc covid hosp,1,2026-09-05,55,quantile,0.65,17.0
2026-08-29,wk inc covid hosp,1,2026-09-05,55,quantile,0.7,18.0
2026-08-29,wk inc covid hosp,1,2026-09-05,55,quantile,0.75,20.0
2026-08-29,wk inc covid hosp,1,2026-09-05,55,quantile,0.8,21.0
2026-08-29,wk inc covid hosp,1,2026-09-05,55,quantile,0.85,23.0
2026-08-29,wk inc covid hosp,1,2026-09-05,55,quantile,0.9,27.0
2026-08-29,wk inc covid hosp,1,2026-09-05,55,quantile,0.95,33.0
2026-08-29,wk inc covid hosp,1,2026-09-05,55,quantile,0.975,39.52499999999998
2026-08-29,wk inc covid hosp,1,2026-09-05,55,quantile,0.99,52.1099999999999
2026-08-29,wk inc covid hosp,1,2026-09-05,56,quantile,0.01,0.0
2026-08-29,wk inc covid hosp,1,2026-09-05,56,quantile,0.025,0.0
2026-08-29,wk inc covid hosp,1,2026-09-05,56,quantile,0.05,0.0
2026-08-29,wk inc covid hosp,1,2026-09-05,56,quantile,0.1,0.0
2026-08-29,wk inc covid hosp,1,2026-09-05,56,quantile,0.15,0.0
2026-08-29,wk inc covid hosp,1,2026-09-05,56,quantile,0.2,0.0
2026-08-29,wk inc covid hosp,1,2026-09-05,56,quantile,0.25,0.0
2026-08-29,wk inc covid hosp,1,2026-09-05,56,quantile,0.3,1.0
2026-08-29,wk inc covid hosp,1,2026-09-05,56,quantile,0.35,1.0
2026-08-29,wk inc covid hosp,1,2026-09-05,56,quantile,0.4,1.0
2026-08-29,wk inc covid hosp,1,2026-09-05,56,quantile,0.45,1.0
2026-08-29,wk inc covid hosp,1,2026-09-05,56,quantile,0.5,1.0
2026-08-29,wk inc covid hosp,1,2026-09-05,56,quantile,0.55,1.0
2026-08-29,wk inc covid hosp,1,2026-09-05,56,quantile,0.6,1.0
2026-08-29,wk inc covid hosp,1,2026-09-05,56,quantile,0.65,2.0
2026-08-29,wk inc covid hosp,1,2026-09-05,56,quantile,0.7,2.0
2026-08-29,wk inc covid hosp,1,2026-09-05,56,quantile,0.75,2.0
2026-08-29,wk inc covid hosp,1,2026-09-05,56,quantile,0.8,2.0
2026-08-29,wk inc covid hosp,1,2026-09-05,56,quantile,0.85,3.0
2026-08-29,wk inc covid hosp,1,2026-09-05,56,quantile,0.9,3.0
2026-08-29,wk inc covid hosp,1,2026-09-05,56,quantile,0.95,5.0
2026-08-29,wk inc covid hosp,1,2026-09-05,56,quantile,0.975,8.0
2026-08-29,wk inc covid hosp,1,2026-09-05,56,quantile,0.99,10.009999999999991
2026-08-29,wk inc covid hosp,1,2026-09-05,72,quantile,0.01,5.960000000000001
2026-08-29,wk inc covid hosp,1,2026-09-05,72,quantile,0.025,24.475
2026-08-29,wk inc covid hosp,1,2026-09-05,72,quantile,0.05,33.95
2026-08-29,wk inc covid hosp,1,2026-09-05,72,quantile,0.1,52.0
2026-08-29,wk inc covid hosp,1,2026-09-05,72,quantile,0.15,63.849999999999994
2026-08-29,wk inc covid hosp,1,2026-09-05,72,quantile,0.2,77.0
2026-08-29,wk inc covid hosp,1,2026-09-05,72,quantile,0.25,86.0
2026-08-29,wk inc covid hosp,1,2026-09-05,72,quantile,0.3,91.0
2026-08-29,wk inc covid hosp,1,2026-09-05,72,quantile,0.35,96.0
2026-08-29,wk inc covid hosp,1,2026-09-05,72,quantile,0.4,103.0
2026-08-29,wk inc covid hosp,1,2026-09-05,72,quantile,0.45,110.0
2026-08-29,wk inc covid hosp,1,2026-09-05,72,quantile,0.5,113.0
2026-08-29,wk inc covid hosp,1,2026-09-05,72,quantile,0.55,116.0
2026-08-29,wk inc covid hosp,1,2026-09-05,72,quantile,0.6,121.0
2026-08-29,wk inc covid hosp,1,2026-09-05,72,quantile,0.65,128.35000000000002
2026-08-29,wk inc covid hosp,1,2026-09-05,72,quantile,0.7,139.0
2026-08-29,wk inc covid hosp,1,2026-09-05,72,quantile,0.75,146.25
2026-08-29,wk inc covid hosp,1,2026-09-05,72,quantile,0.8,159.0
2026-08-29,wk inc covid hosp,1,2026-09-05,72,quantile,0.85,178.14999999999998
2026-08-29,wk inc covid hosp,1,2026-09-05,72,quantile,0.9,207.0
2026-08-29,wk inc covid hosp,1,2026-09-05,72,quantile,0.95,259.04999999999995
2026-08-29,wk inc covid hosp,1,2026-09-05,72,quantile,0.975,351.87499999999966
2026-08-29,wk inc covid hosp,1,2026-09-05,72,quantile,0.99,427.0
2026-08-29,wk inc covid hosp,2,2026-09-12,01,quantile,0.01,20.880000000000003
2026-08-29,wk inc covid hosp,2,2026-09-12,01,quantile,0.025,28.0
2026-08-29,wk inc covid hosp,2,2026-09-12,01,quantile,0.05,32.95
2026-08-29,wk inc covid hosp,2,2026-09-12,01,quantile,0.1,41.900000000000006
2026-08-29,wk inc covid hosp,2,2026-09-12,01,quantile,0.15,46.0
2026-08-29,wk inc covid hosp,2,2026-09-12,01,quantile,0.2,50.0
2026-08-29,wk inc covid hosp,2,2026-09-12,01,quantile,0.25,53.0
2026-08-29,wk inc covid hosp,2,2026-09-12,01,quantile,0.3,56.0
2026-08-29,wk inc covid hosp,2,2026-09-12,01,quantile,0.35,58.0
2026-08-29,wk inc covid hosp,2,2026-09-12,01,quantile,0.4,61.0
2026-08-29,wk inc covid hosp,2,2026-09-12,01,quantile,0.45,63.0
2026-08-29,wk inc covid hosp,2,2026-09-12,01,quantile,0.5,65.0
2026-08-29,wk inc covid hosp,2,2026-09-12,01,quantile,0.55,66.0
2026-08-29,wk inc covid hosp,2,2026-09-12,01,quantile,0.6,67.0
2026-08-29,wk inc covid hosp,2,2026-09-12,01,quantile,0.65,69.0
2026-08-29,wk inc covid hosp,2,2026-09-12,01,quantile,0.7,72.0
2026-08-29,wk inc covid hosp,2,2026-09-12,01,quantile,0.75,74.0
2026-08-29,wk inc covid hosp,2,2026-09-12,01,quantile,0.8,78.0
2026-08-29,wk inc covid hosp,2,2026-09-12,01,quantile,0.85,82.0
2026-08-29,wk inc covid hosp,2,2026-09-12,01,quantile,0.9,88.10000000000002
2026-08-29,wk inc covid hosp,2,2026-09-12,01,quantile,0.95,104.0
2026-08-29,wk inc covid hosp,2,2026-09-12,01,quantile,0.975,122.04999999999995
2026-08-29,wk inc covid hosp,2,2026-09-12,01,quantile,0.99,145.0
2026-08-29,wk inc covid hosp,2,2026-09-12,02,quantile,0.01,0.0
2026-08-29,wk inc covid hosp,2,2026-09-12,02,quantile,0.025,0.0
2026-08-29,wk inc covid hosp,2,2026-09-12,02,quantile,0.05,1.0
2026-08-29,wk inc covid hosp,2,2026-09-12,02,quantile,0.1,1.0
2026-08-29,wk inc covid hosp,2,2026-09-12,02,quantile,0.15,1.0
2026-08-29,wk inc covid hosp,2,2026-09-12,02,quantile,0.2,2.0
2026-08-29,wk inc covid hosp,2,2026-09-12,02,quantile,0.25,2.0
2026-08-29,wk inc covid hosp,2,2026-09-12,02,quantile,0.3,2.0
2026-08-29,wk inc covid hosp,2,2026-09-12,02,quantile,0.35,2.0
2026-08-29,wk inc covid hosp,2,2026-09-12,02,quantile,0.4,2.0
2026-08-29,wk inc covid hosp,2,2026-09-12,02,quantile,0.45,2.0
2026-08-29,wk inc covid hosp,2,2026-09-12,02,quantile,0.5,2.0
2026-08-29,wk inc covid hosp,2,2026-09-12,02,quantile,0.55,3.0
2026-08-29,wk inc covid hosp,2,2026-09-12,02,quantile,0.6,3.0
2026-08-29,wk inc covid hosp,2,2026-09-12,02,quantile,0.65,3.0
2026-08-29,wk inc covid hosp,2,2026-09-12,02,quantile,0.7,3.0
2026-08-29,wk inc covid hosp,2,2026-09-12,02,quantile,0.75,3.0
2026-08-29,wk inc covid hosp,2,2026-09-12,02,quantile,0.8,3.0
2026-08-29,wk inc covid hosp,2,2026-09-12,02,quantile,0.85,4.0
2026-08-29,wk inc covid hosp,2,2026-09-12,02,quantile,0.9,4.0
2026-08-29,wk inc covid hosp,2,2026-09-12,02,quantile,0.95,5.0
2026-08-29,wk inc covid hosp,2,2026-09-12,02,quantile,0.975,6.0
2026-08-29,wk inc covid hosp,2,2026-09-12,02,quantile,0.99,7.0
2026-08-29,wk inc covid hosp,2,2026-09-12,04,quantile,0.01,5.970000000000001
2026-08-29,wk inc covid hosp,2,2026-09-12,04,quantile,0.025,12.0
2026-08-29,wk inc covid hosp,2,2026-09-12,04,quantile,0.05,17.0
2026-08-29,wk inc covid hosp,2,2026-09-12,04,quantile,0.1,25.0
2026-08-29,wk inc covid hosp,2,2026-09-12,04,quantile,0.15,30.0
2026-08-29,wk inc covid hosp,2,2026-09-12,04,quantile,0.2,34.0
2026-08-29,wk inc covid hosp,2,2026-09-12,04,quantile,0.25,36.0
2026-08-29,wk inc covid hosp,2,2026-09-12,04,quantile,0.3,38.0
2026-08-29,wk inc covid hosp,2,2026-09-12,04,quantile,0.35,40.0
2026-08-29,wk inc covid hosp,2,2026-09-12,04,quantile,0.4,42.0
2026-08-29,wk inc covid hosp,2,2026-09-12,04,quantile,0.45,43.0
2026-08-29,wk inc covid hosp,2,2026-09-12,04,quantile,0.5,45.0
2026-08-29,wk inc covid hosp,2,2026-09-12,04,quantile,0.55,45.0
2026-08-29,wk inc covid hosp,2,2026-09-12,04,quantile,0.6,47.0
2026-08-29,wk inc covid hosp,2,2026-09-12,04,quantile,0.65,48.0
2026-08-29,wk inc covid hosp,2,2026-09-12,04,quantile,0.7,50.0
2026-08-29,wk inc covid hosp,2,2026-09-12,04,quantile,0.75,52.0
2026-08-29,wk inc covid hosp,2,2026-09-12,04,quantile,0.8,55.0
2026-08-29,wk inc covid hosp,2,2026-09-12,04,quantile,0.85,58.0
2026-08-29,wk inc covid hosp,2,2026-09-12,04,quantile,0.9,64.0
2026-08-29,wk inc covid hosp,2,2026-09-12,04,quantile,0.95,71.09999999999991
2026-08-29,wk inc covid hosp,2,2026-09-12,04,quantile,0.975,99.0
2026-08-29,wk inc covid hosp,2,2026-09-12,04,quantile,0.99,131.01
2026-08-29,wk inc covid hosp,2,2026-09-12,05,quantile,0.01,0.0
2026-08-29,wk inc covid hosp,2,2026-09-12,05,quantile,0.025,0.0
2026-08-29,wk inc covid hosp,2,2026-09-12,05,quantile,0.05,2.0
2026-08-29,wk inc covid hosp,2,2026-09-12,05,quantile,0.1,4.0
2026-08-29,wk inc covid hosp,2,2026-09-12,05,quantile,0.15,5.0
2026-08-29,wk inc covid hosp,2,2026-09-12,05,quantile,0.2,6.0
2026-08-29,wk inc covid hosp,2,2026-09-12,05,quantile,0.25,7.0
2026-08-29,wk inc covid hosp,2,2026-09-12,05,quantile,0.3,8.0
2026-08-29,wk inc covid hosp,2,2026-09-12,05,quantile,0.35,8.0
2026-08-29,wk inc covid hosp,2,2026-09-12,05,quantile,0.4,9.0
2026-08-29,wk inc covid hosp,2,2026-09-12,05,quantile,0.45,10.0
2026-08-29,wk inc covid hosp,2,2026-09-12,05,quantile,0.5,10.0
2026-08-29,wk inc covid hosp,2,2026-09-12,05,quantile,0.55,11.0
2026-08-29,wk inc covid hosp,2,2026-09-12,05,quantile,0.6,11.0
2026-08-29,wk inc covid hosp,2,2026-09-12,05,quantile,0.65,12.0
2026-08-29,wk inc covid hosp,2,2026-09-12,05,quantile,0.7,13.0
2026-08-29,wk inc covid hosp,2,2026-09-12,05,quantile,0.75,13.0
2026-08-29,wk inc covid hosp,2,2026-09-12,05,quantile,0.8,14.200000000000045
2026-08-29,wk inc covid hosp,2,2026-09-12,05,quantile,0.85,16.0
2026-08-29,wk inc covid hosp,2,2026-09-12,05,quantile,0.9,17.0
2026-08-29,wk inc covid hosp,2,2026-09-12,05,quantile,0.95,19.0
2026-08-29,wk inc covid hosp,2,2026-09-12,05,quantile,0.975,24.0
2026-08-29,wk inc covid hosp,2,2026-09-12,05,quantile,0.99,28.0
2026-08-29,wk inc covid hosp,2,2026-09-12,06,quantile,0.01,152.98
2026-08-29,wk inc covid hosp,2,2026-09-12,06,quantile,0.025,205.475
2026-08-29,wk inc covid hosp,2,2026-09-12,06,quantile,0.05,248.8
2026-08-29,wk inc covid hosp,2,2026-09-12,06,quantile,0.1,293.8
2026-08-29,wk inc covid hosp,2,2026-09-12,06,quantile,0.15,328.54999999999995
2026-08-29,wk inc covid hosp,2,2026-09-12,06,quantile,0.2,348.8
2026-08-29,wk inc covid hosp,2,2026-09-12,06,quantile,0.25,366.0
2026-08-29,wk inc covid hosp,2,2026-09-12,06,quantile,0.3,379.0
2026-08-29,wk inc covid hosp,2,2026-09-12,06,quantile,0.35,396.65
2026-08-29,wk inc covid hosp,2,2026-09-12,06,quantile,0.4,404.20000000000005
2026-08-29,wk inc covid hosp,2,2026-09-12,06,quantile,0.45,417.0
2026-08-29,wk inc covid hosp,2,2026-09-12,06,quantile,0.5,425.5
2026-08-29,wk inc covid hosp,2,2026-09-12,06,quantile,0.55,432.0
2026-08-29,wk inc covid hosp,2,2026-09-12,06,quantile,0.6,438.0
2026-08-29,wk inc covid hosp,2,2026-09-12,06,quantile,0.65,448.0
2026-08-29,wk inc covid hosp,2,2026-09-12,06,quantile,0.7,458.0
2026-08-29,wk inc covid hosp,2,2026-09-12,06,quantile,0.75,475.0
2026-08-29,wk inc covid hosp,2,2026-09-12,06,quantile,0.8,487.20000000000005
2026-08-29,wk inc covid hosp,2,2026-09-12,06,quantile,0.85,515.0
2026-08-29,wk inc covid hosp,2,2026-09-12,06,quantile,0.9,551.1
2026-08-29,wk inc covid hosp,2,2026-09-12,06,quantile,0.95,600.1999999999998
2026-08-29,wk inc covid hosp,2,2026-09-12,06,quantile,0.975,659.05
2026-08-29,wk inc covid hosp,2,2026-09-12,06,quantile,0.99,793.4899999999996
2026-08-29,wk inc covid hosp,2,2026-09-12,08,quantile,0.01,0.0
2026-08-29,wk inc covid hosp,2,2026-09-12,08,quantile,0.025,0.0
2026-08-29,wk inc covid hosp,2,2026-09-12,08,quantile,0.05,4.0
2026-08-29,wk inc covid hosp,2,2026-09-12,08,quantile,0.1,8.0
2026-08-29,wk inc covid hosp,2,2026-09-12,08,quantile,0.15,11.0
2026-08-29,wk inc covid hosp,2,2026-09-12,08,quantile,0.2,13.800000000000011
2026-08-29,wk inc covid hosp,2,2026-09-12,08,quantile,0.25,15.0
2026-08-29,wk inc covid hosp,2,2026-09-12,08,quantile,0.3,17.0
2026-08-29,wk inc covid hosp,2,2026-09-12,08,quantile,0.35,18.0
2026-08-29,wk inc covid hosp,2,2026-09-12,08,quantile,0.4,19.0
2026-08-29,wk inc covid hosp,2,2026-09-12,08,quantile,0.45,20.0
2026-08-29,wk inc covid hosp,2,2026-09-12,08,quantile,0.5,21.0
2026-08-29,wk inc covid hosp,2,2026-09-12,08,quantile,0.55,21.0
2026-08-29,wk inc covid hosp,2,2026-09-12,08,quantile,0.6,22.0
2026-08-29,wk inc covid hosp,2,2026-09-12,08,quantile,0.65,23.0
2026-08-29,wk inc covid hosp,2,2026-09-12,08,quantile,0.7,24.0
2026-08-29,wk inc covid hosp,2,2026-09-12,08,quantile,0.75,26.0
2026-08-29,wk inc covid hosp,2,2026-09-12,08,quantile,0.8,28.0
2026-08-29,wk inc covid hosp,2,2026-09-12,08,quantile,0.85,30.0
2026-08-29,wk inc covid hosp,2,2026-09-12,08,quantile,0.9,34.0
2026-08-29,wk inc covid hosp,2,2026-09-12,08,quantile,0.95,41.09999999999991
2026-08-29,wk inc covid hosp,2,2026-09-12,08,quantile,0.975,59.0
2026-08-29,wk inc covid hosp,2,2026-09-12,08,quantile,0.99,69.04999999999995
2026-08-29,wk inc covid hosp,2,2026-09-12,09,quantile,0.01,0.0
2026-08-29,wk inc covid hosp,2,2026-09-12,09,quantile,0.025,0.0
2026-08-29,wk inc covid hosp,2,2026-09-12,09,quantile,0.05,2.0
2026-08-29,wk inc covid hosp,2,2026-09-12,09,quantile,0.1,5.0
2026-08-29,wk inc covid hosp,2,2026-09-12,09,quantile,0.15,6.0
2026-08-29,wk inc covid hosp,2,2026-09-12,09,quantile,0.2,7.800000000000011
2026-08-29,wk inc covid hosp,2,2026-09-12,09,quantile,0.25,9.0
2026-08-29,wk inc covid hosp,2,2026-09-12,09,quantile,0.3,10.0
2026-08-29,wk inc covid hosp,2,2026-09-12,09,quantile,0.35,10.0
2026-08-29,wk inc covid hosp,2,2026-09-12,09,quantile,0.4,11.0
2026-08-29,wk inc covid hosp,2,2026-09-12,09,quantile,0.45,12.0
2026-08-29,wk inc covid hosp,2,2026-09-12,09,quantile,0.5,12.0
2026-08-29,wk inc covid hosp,2,2026-09-12,09,quantile,0.55,13.0
2026-08-29,wk inc covid hosp,2,2026-09-12,09,quantile,0.6,13.0
2026-08-29,wk inc covid hosp,2,2026-09-12,09,quantile,0.65,14.0
2026-08-29,wk inc covid hosp,2,2026-09-12,09,quantile,0.7,15.0
2026-08-29,wk inc covid hosp,2,2026-09-12,09,quantile,0.75,16.0
2026-08-29,wk inc covid hosp,2,2026-09-12,09,quantile,0.8,17.0
2026-08-29,wk inc covid hosp,2,2026-09-12,09,quantile,0.85,18.0
2026-08-29,wk inc covid hosp,2,2026-09-12,09,quantile,0.9,21.0
2026-08-29,wk inc covid hosp,2,2026-09-12,09,quantile,0.95,24.049999999999955
2026-08-29,wk inc covid hosp,2,2026-09-12,09,quantile,0.975,29.0
2026-08-29,wk inc covid hosp,2,2026-09-12,09,quantile,0.99,38.069999999999936
2026-08-29,wk inc covid hosp,2,2026-09-12,10,quantile,0.01,0.0
2026-08-29,wk inc covid hosp,2,2026-09-12,10,quantile,0.025,0.0
2026-08-29,wk inc covid hosp,2,2026-09-12,10,quantile,0.05,0.0
2026-08-29,wk inc covid hosp,2,2026-09-12,10,quantile,0.1,0.0
2026-08-29,wk inc covid hosp,2,2026-09-12,10,quantile,0.15,1.0
2026-08-29,wk inc covid hosp,2,2026-09-12,10,quantile,0.2,1.0
2026-08-29,wk inc covid hosp,2,2026-09-12,10,quantile,0.25,1.0
2026-08-29,wk inc covid hosp,2,2026-09-12,10,quantile,0.3,1.0
2026-08-29,wk inc covid hosp,2,2026-09-12,10,quantile,0.35,2.0
2026-08-29,wk inc covid hosp,2,2026-09-12,10,quantile,0.4,2.0
2026-08-29,wk inc covid hosp,2,2026-09-12,10,quantile,0.45,2.0
2026-08-29,wk inc covid hosp,2,2026-09-12,10,quantile,0.5,2.0
2026-08-29,wk inc covid hosp,2,2026-09-12,10,quantile,0.55,2.0
2026-08-29,wk inc covid hosp,2,2026-09-12,10,quantile,0.6,2.0
2026-08-29,wk inc covid hosp,2,2026-09-12,10,quantile,0.65,3.0
2026-08-29,wk inc covid hosp,2,2026-09-12,10,quantile,0.7,3.0
2026-08-29,wk inc covid hosp,2,2026-09-12,10,quantile,0.75,3.0
2026-08-29,wk inc covid hosp,2,2026-09-12,10,quantile,0.8,3.0
2026-08-29,wk inc covid hosp,2,2026-09-12,10,quantile,0.85,4.0
2026-08-29,wk inc covid hosp,2,2026-09-12,10,quantile,0.9,4.0
2026-08-29,wk inc covid hosp,2,2026-09-12,10,quantile,0.95,5.0
2026-08-29,wk inc covid hosp,2,2026-09-12,10,quantile,0.975,6.0
2026-08-29,wk inc covid hosp,2,2026-09-12,10,quantile,0.99,9.009999999999991
2026-08-29,wk inc covid hosp,2,2026-09-12,11,quantile,0.01,0.0
2026-08-29,wk inc covid hosp,2,2026-09-12,11,quantile,0.025,0.0
2026-08-29,wk inc covid hosp,2,2026-09-12,11,quantile,0.05,0.0
2026-08-29,wk inc covid hosp,2,2026-09-12,11,quantile,0.1,0.9000000000000057
2026-08-29,wk inc covid hosp,2,2026-09-12,11,quantile,0.15,1.0
2026-08-29,wk inc covid hosp,2,2026-09-12,11,quantile,0.2,1.0
2026-08-29,wk inc covid hosp,2,2026-09-12,11,quantile,0.25,2.0
2026-08-29,wk inc covid hosp,2,2026-09-12,11,quantile,0.3,2.0
2026-08-29,wk inc covid hosp,2,2026-09-12,11,quantile,0.35,2.0
2026-08-29,wk inc covid hosp,2,2026-09-12,11,quantile,0.4,2.0
2026-08-29,wk inc covid hosp,2,2026-09-12,11,quantile,0.45,2.0
2026-08-29,wk inc covid hosp,2,2026-09-12,11,quantile,0.5,3.0
2026-08-29,wk inc covid hosp,2,2026-09-12,11,quantile,0.55,3.0
2026-08-29,wk inc covid hosp,2,2026-09-12,11,quantile,0.6,3.0
2026-08-29,wk inc covid hosp,2,2026-09-12,11,quantile,0.65,3.0
2026-08-29,wk inc covid hosp,2,2026-09-12,11,quantile,0.7,3.0
2026-08-29,wk inc covid hosp,2,2026-09-12,11,quantile,0.75,3.0
2026-08-29,wk inc covid hosp,2,2026-09-12,11,quantile,0.8,4.0
2026-08-29,wk inc covid hosp,2,2026-09-12,11,quantile,0.85,4.0
2026-08-29,wk inc covid hosp,2,2026-09-12,11,quantile,0.9,5.0
2026-08-29,wk inc covid hosp,2,2026-09-12,11,quantile,0.95,6.0
2026-08-29,wk inc covid hosp,2,2026-09-12,11,quantile,0.975,7.0
2026-08-29,wk inc covid hosp,2,2026-09-12,11,quantile,0.99,10.009999999999991
2026-08-29,wk inc covid hosp,2,2026-09-12,12,quantile,0.01,106.89
2026-08-29,wk inc covid hosp,2,2026-09-12,12,quantile,0.025,140.95
2026-08-29,wk inc covid hosp,2,2026-09-12,12,quantile,0.05,166.95
2026-08-29,wk inc covid hosp,2,2026-09-12,12,quantile,0.1,198.9
2026-08-29,wk inc covid hosp,2,2026-09-12,12,quantile,0.15,224.85
2026-08-29,wk inc covid hosp,2,2026-09-12,12,quantile,0.2,238.8
2026-08-29,wk inc covid hosp,2,2026-09-12,12,quantile,0.25,253.0
2026-08-29,wk inc covid hosp,2,2026-09-12,12,quantile,0.3,265.0
2026-08-29,wk inc covid hosp,2,2026-09-12,12,quantile,0.35,276.65
2026-08-29,wk inc covid hosp,2,2026-09-12,12,quantile,0.4,283.0
2026-08-29,wk inc covid hosp,2,2026-09-12,12,quantile,0.45,289.0
2026-08-29,wk inc covid hosp,2,2026-09-12,12,quantile,0.5,296.0
2026-08-29,wk inc covid hosp,2,2026-09-12,12,quantile,0.55,301.0
2026-08-29,wk inc covid hosp,2,2026-09-12,12,quantile,0.6,309.0
2026-08-29,wk inc covid hosp,2,2026-09-12,12,quantile,0.65,317.35
2026-08-29,wk inc covid hosp,2,2026-09-12,12,quantile,0.7,325.29999999999995
2026-08-29,wk inc covid hosp,2,2026-09-12,12,quantile,0.75,336.25
2026-08-29,wk inc covid hosp,2,2026-09-12,12,quantile,0.8,349.20000000000005
2026-08-29,wk inc covid hosp,2,2026-09-12,12,quantile,0.85,375.0
2026-08-29,wk inc covid hosp,2,2026-09-12,12,quantile,0.9,401.0
2026-08-29,wk inc covid hosp,2,2026-09-12,12,quantile,0.95,446.04999999999995
2026-08-29,wk inc covid hosp,2,2026-09-12,12,quantile,0.975,491.2999999999997
2026-08-29,wk inc covid hosp,2,2026-09-12,12,quantile,0.99,676.2799999999997
2026-08-29,wk inc covid hosp,2,2026-09-12,13,quantile,0.01,14.0
2026-08-29,wk inc covid hosp,2,2026-09-12,13,quantile,0.025,26.0
2026-08-29,wk inc covid hosp,2,2026-09-12,13,quantile,0.05,36.900000000000006
2026-08-29,wk inc covid hosp,2,2026-09-12,13,quantile,0.1,46.0
2026-08-29,wk inc covid hosp,2,2026-09-12,13,quantile,0.15,55.0
2026-08-29,wk inc covid hosp,2,2026-09-12,13,quantile,0.2,60.0
2026-08-29,wk inc covid hosp,2,2026-09-12,13,quantile,0.25,64.0
2026-08-29,wk inc covid hosp,2,2026-09-12,13,quantile,0.3,67.69999999999999
2026-08-29,wk inc covid hosp,2,2026-09-12,13,quantile,0.35,70.0
2026-08-29,wk inc covid hosp,2,2026-09-12,13,quantile,0.4,73.60000000000002
2026-08-29,wk inc covid hosp,2,2026-09-12,13,quantile,0.45,75.0
2026-08-29,wk inc covid hosp,2,2026-09-12,13,quantile,0.5,77.0
2026-08-29,wk inc covid hosp,2,2026-09-12,13,quantile,0.55,79.0
2026-08-29,wk inc covid hosp,2,2026-09-12,13,quantile,0.6,81.0
2026-08-29,wk inc covid hosp,2,2026-09-12,13,quantile,0.65,84.0
2026-08-29,wk inc covid hosp,2,2026-09-12,13,quantile,0.7,86.0
2026-08-29,wk inc covid hosp,2,2026-09-12,13,quantile,0.75,88.0
2026-08-29,wk inc covid hosp,2,2026-09-12,13,quantile,0.8,93.0
2026-08-29,wk inc covid hosp,2,2026-09-12,13,quantile,0.85,98.0
2026-08-29,wk inc covid hosp,2,2026-09-12,13,quantile,0.9,103.10000000000002
2026-08-29,wk inc covid hosp,2,2026-09-12,13,quantile,0.95,117.0
2026-08-29,wk inc covid hosp,2,2026-09-12,13,quantile,0.975,134.57499999999993
2026-08-29,wk inc covid hosp,2,2026-09-12,13,quantile,0.99,164.01
2026-08-29,wk inc covid hosp,2,2026-09-12,15,quantile,0.01,0.9900000000000002
2026-08-29,wk inc covid hosp,2,2026-09-12,15,quantile,0.025,3.0
2026-08-29,wk inc covid hosp,2,2026-09-12,15,quantile,0.05,5.950000000000003
2026-08-29,wk inc covid hosp,2,2026-09-12,15,quantile,0.1,8.0
2026-08-29,wk inc covid hosp,2,2026-09-12,15,quantile,0.15,10.0
2026-08-29,wk inc covid hosp,2,2026-09-12,15,quantile,0.2,11.0
2026-08-29,wk inc covid hosp,2,2026-09-12,15,quantile,0.25,12.0
2026-08-29,wk inc covid hosp,2,2026-09-12,15,quantile,0.3,13.0
2026-08-29,wk inc covid hosp,2,2026-09-12,15,quantile,0.35,14.0
2026-08-29,wk inc covid hosp,2,2026-09-12,15,quantile,0.4,15.0
2026-08-29,wk inc covid hosp,2,2026-09-12,15,quantile,0.45,15.0
2026-08-29,wk inc covid hosp,2,2026-09-12,15,quantile,0.5,16.0
2026-08-29,wk inc covid hosp,2,2026-09-12,15,quantile,0.55,16.0
2026-08-29,wk inc covid hosp,2,2026-09-12,15,quantile,0.6,17.0
2026-08-29,wk inc covid hosp,2,2026-09-12,15,quantile,0.65,17.0
2026-08-29,wk inc covid hosp,2,2026-09-12,15,quantile,0.7,18.0
2026-08-29,wk inc covid hosp,2,2026-09-12,15,quantile,0.75,19.0
2026-08-29,wk inc covid hosp,2,2026-09-12,15,quantile,0.8,20.0
2026-08-29,wk inc covid hosp,2,2026-09-12,15,quantile,0.85,21.0
2026-08-29,wk inc covid hosp,2,2026-09-12,15,quantile,0.9,23.0
2026-08-29,wk inc covid hosp,2,2026-09-12,15,quantile,0.95,26.049999999999955
2026-08-29,wk inc covid hosp,2,2026-09-12,15,quantile,0.975,31.524999999999977
2026-08-29,wk inc covid hosp,2,2026-09-12,15,quantile,0.99,42.00999999999999
2026-08-29,wk inc covid hosp,2,2026-09-12,16,quantile,0.01,0.0
2026-08-29,wk inc covid hosp,2,2026-09-12,16,quantile,0.025,0.0
2026-08-29,wk inc covid hosp,2,2026-09-12,16,quantile,0.05,0.0
2026-08-29,wk inc covid hosp,2,2026-09-12,16,quantile,0.1,1.0
2026-08-29,wk inc covid hosp,2,2026-09-12,16,quantile,0.15,2.0
2026-08-29,wk inc covid hosp,2,2026-09-12,16,quantile,0.2,2.0
2026-08-29,wk inc covid hosp,2,2026-09-12,16,quantile,0.25,3.0
2026-08-29,wk inc covid hosp,2,2026-09-12,16,quantile,0.3,3.0
2026-08-29,wk inc covid hosp,2,2026-09-12,16,quantile,0.35,4.0
2026-08-29,wk inc covid hosp,2,2026-09-12,16,quantile,0.4,4.0
2026-08-29,wk inc covid hosp,2,2026-09-12,16,quantile,0.45,4.0
2026-08-29,wk inc covid hosp,2,2026-09-12,16,quantile,0.5,4.0
2026-08-29,wk inc covid hosp,2,2026-09-12,16,quantile,0.55,5.0
2026-08-29,wk inc covid hosp,2,2026-09-12,16,quantile,0.6,5.0
2026-08-29,wk inc covid hosp,2,2026-09-12,16,quantile,0.65,5.0
2026-08-29,wk inc covid hosp,2,2026-09-12,16,quantile,0.7,5.0
2026-08-29,wk inc covid hosp,2,2026-09-12,16,quantile,0.75,6.0
2026-08-29,wk inc covid hosp,2,2026-09-12,16,quantile,0.8,6.0
2026-08-29,wk inc covid hosp,2,2026-09-12,16,quantile,0.85,7.0
2026-08-29,wk inc covid hosp,2,2026-09-12,16,quantile,0.9,8.0
2026-08-29,wk inc covid hosp,2,2026-09-12,16,quantile,0.95,11.0
2026-08-29,wk inc covid hosp,2,2026-09-12,16,quantile,0.975,12.0
2026-08-29,wk inc covid hosp,2,2026-09-12,16,quantile,0.99,14.0
2026-08-29,wk inc covid hosp,2,2026-09-12,17,quantile,0.01,0.0
2026-08-29,wk inc covid hosp,2,2026-09-12,17,quantile,0.025,0.0
2026-08-29,wk inc covid hosp,2,2026-09-12,17,quantile,0.05,0.0
2026-08-29,wk inc covid hosp,2,2026-09-12,17,quantile,0.1,8.900000000000006
2026-08-29,wk inc covid hosp,2,2026-09-12,17,quantile,0.15,14.0
2026-08-29,wk inc covid hosp,2,2026-09-12,17,quantile,0.2,19.0
2026-08-29,wk inc covid hosp,2,2026-09-12,17,quantile,0.25,21.0
2026-08-29,wk inc covid hosp,2,2026-09-12,17,quantile,0.3,24.0
2026-08-29,wk inc covid hosp,2,2026-09-12,17,quantile,0.35,26.0
2026-08-29,wk inc covid hosp,2,2026-09-12,17,quantile,0.4,28.0
2026-08-29,wk inc covid hosp,2,2026-09-12,17,quantile,0.45,30.0
2026-08-29,wk inc covid hosp,2,2026-09-12,17,quantile,0.5,31.5
2026-08-29,wk inc covid hosp,2,2026-09-12,17,quantile,0.55,32.0
2026-08-29,wk inc covid hosp,2,2026-09-12,17,quantile,0.6,33.39999999999998
2026-08-29,wk inc covid hosp,2,2026-09-12,17,quantile,0.65,36.0
2026-08-29,wk inc covid hosp,2,2026-09-12,17,quantile,0.7,38.0
2026-08-29,wk inc covid hosp,2,2026-09-12,17,quantile,0.75,40.0
2026-08-29,wk inc covid hosp,2,2026-09-12,17,quantile,0.8,42.0
2026-08-29,wk inc covid hosp,2,2026-09-12,17,quantile,0.85,47.0
2026-08-29,wk inc covid hosp,2,2026-09-12,17,quantile,0.9,56.0
2026-08-29,wk inc covid hosp,2,2026-09-12,17,quantile,0.95,67.09999999999991
2026-08-29,wk inc covid hosp,2,2026-09-12,17,quantile,0.975,83.04999999999995
2026-08-29,wk inc covid hosp,2,2026-09-12,17,quantile,0.99,131.05999999999995
2026-08-29,wk inc covid hosp,2,2026-09-12,18,quantile,0.01,0.0
2026-08-29,wk inc covid hosp,2,2026-09-12,18,quantile,0.025,0.0
2026-08-29,wk inc covid hosp,2,2026-09-12,18,quantile,0.05,0.0
2026-08-29,wk inc covid hosp,2,2026-09-12,18,quantile,0.1,3.0
2026-08-29,wk inc covid hosp,2,2026-09-12,18,quantile,0.15,6.0
2026-08-29,wk inc covid hosp,2,2026-09-12,18,quantile,0.2,8.0
2026-08-29,wk inc covid hosp,2,2026-09-12,18,quantile,0.25,10.0
2026-08-29,wk inc covid hosp,2,2026-09-12,18,quantile,0.3,11.0
2026-08-29,wk inc covid hosp,2,2026-09-12,18,quantile,0.35,12.0
2026-08-29,wk inc covid hosp,2,2026-09-12,18,quantile,0.4,14.0
2026-08-29,wk inc covid hosp,2,2026-09-12,18,quantile,0.45,15.0
2026-08-29,wk inc covid hosp,2,2026-09-12,18,quantile,0.5,16.0
2026-08-29,wk inc covid hosp,2,2026-09-12,18,quantile,0.55,16.0
2026-08-29,wk inc covid hosp,2,2026-09-12,18,quantile,0.6,17.0
2026-08-29,wk inc covid hosp,2,2026-09-12,18,quantile,0.65,19.0
2026-08-29,wk inc covid hosp,2,2026-09-12,18,quantile,0.7,20.0
2026-08-29,wk inc covid hosp,2,2026-09-12,18,quantile,0.75,22.0
2026-08-29,wk inc covid hosp,2,2026-09-12,18,quantile,0.8,23.0
2026-08-29,wk inc covid hosp,2,2026-09-12,18,quantile,0.85,25.0
2026-08-29,wk inc covid hosp,2,2026-09-12,18,quantile,0.9,28.0
2026-08-29,wk inc covid hosp,2,2026-09-12,18,quantile,0.95,35.0
2026-08-29,wk inc covid hosp,2,2026-09-12,18,quantile,0.975,45.0
2026-08-29,wk inc covid hosp,2,2026-09-12,18,quantile,0.99,71.23999999999978
2026-08-29,wk inc covid hosp,2,2026-09-12,19,quantile,0.01,0.0
2026-08-29,wk inc covid hosp,2,2026-09-12,19,quantile,0.025,0.0
2026-08-29,wk inc covid hosp,2,2026-09-12,19,quantile,0.05,0.0
2026-08-29,wk inc covid hosp,2,2026-09-12,19,quantile,0.1,0.0
2026-08-29,wk inc covid hosp,2,2026-09-12,19,quantile,0.15,0.0
2026-08-29,wk inc covid hosp,2,2026-09-12,19,quantile,0.2,2.0
2026-08-29,wk inc covid hosp,2,2026-09-12,19,quantile,0.25,2.0
2026-08-29,wk inc covid hosp,2,2026-09-12,19,quantile,0.3,3.0
2026-08-29,wk inc covid hosp,2,2026-09-12,19,quantile,0.35,4.0
2026-08-29,wk inc covid hosp,2,2026-09-12,19,quantile,0.4,5.0
2026-08-29,wk inc covid hosp,2,2026-09-12,19,quantile,0.45,5.0
2026-08-29,wk inc covid hosp,2,2026-09-12,19,quantile,0.5,6.0
2026-08-29,wk inc covid hosp,2,2026-09-12,19,quantile,0.55,6.0
2026-08-29,wk inc covid hosp,2,2026-09-12,19,quantile,0.6,6.0
2026-08-29,wk inc covid hosp,2,2026-09-12,19,quantile,0.65,7.0
2026-08-29,wk inc covid hosp,2,2026-09-12,19,quantile,0.7,7.0
2026-08-29,wk inc covid hosp,2,2026-09-12,19,quantile,0.75,8.0
2026-08-29,wk inc covid hosp,2,2026-09-12,19,quantile,0.8,9.0
2026-08-29,wk inc covid hosp,2,2026-09-12,19,quantile,0.85,10.0
2026-08-29,wk inc covid hosp,2,2026-09-12,19,quantile,0.9,12.0
2026-08-29,wk inc covid hosp,2,2026-09-12,19,quantile,0.95,15.049999999999955
2026-08-29,wk inc covid hosp,2,2026-09-12,19,quantile,0.975,19.0
2026-08-29,wk inc covid hosp,2,2026-09-12,19,quantile,0.99,25.00999999999999
2026-08-29,wk inc covid hosp,2,2026-09-12,20,quantile,0.01,0.0
2026-08-29,wk inc covid hosp,2,2026-09-12,20,quantile,0.025,0.0
2026-08-29,wk inc covid hosp,2,2026-09-12,20,quantile,0.05,0.0
2026-08-29,wk inc covid hosp,2,2026-09-12,20,quantile,0.1,0.0
2026-08-29,wk inc covid hosp,2,2026-09-12,20,quantile,0.15,2.0
2026-08-29,wk inc covid hosp,2,2026-09-12,20,quantile,0.2,3.0
2026-08-29,wk inc covid hosp,2,2026-09-12,20,quantile,0.25,4.0
2026-08-29,wk inc covid hosp,2,2026-09-12,20,quantile,0.3,4.699999999999989
2026-08-29,wk inc covid hosp,2,2026-09-12,20,quantile,0.35,5.0
2026-08-29,wk inc covid hosp,2,2026-09-12,20,quantile,0.4,6.0
2026-08-29,wk inc covid hosp,2,2026-09-12,20,quantile,0.45,6.0
2026-08-29,wk inc covid hosp,2,2026-09-12,20,quantile,0.5,7.0
2026-08-29,wk inc covid hosp,2,2026-09-12,20,quantile,0.55,7.0
2026-08-29,wk inc covid hosp,2,2026-09-12,20,quantile,0.6,7.0
2026-08-29,wk inc covid hosp,2,2026-09-12,20,quantile,0.65,8.0
2026-08-29,wk inc covid hosp,2,2026-09-12,20,quantile,0.7,8.0
2026-08-29,wk inc covid hosp,2,2026-09-12,20,quantile,0.75,9.0
2026-08-29,wk inc covid hosp,2,2026-09-12,20,quantile,0.8,10.0
2026-08-29,wk inc covid hosp,2,2026-09-12,20,quantile,0.85,10.149999999999977
2026-08-29,wk inc covid hosp,2,2026-09-12,20,quantile,0.9,13.0
2026-08-29,wk inc covid hosp,2,2026-09-12,20,quantile,0.95,16.0
2026-08-29,wk inc covid hosp,2,2026-09-12,20,quantile,0.975,19.524999999999977
2026-08-29,wk inc covid hosp,2,2026-09-12,20,quantile,0.99,28.0
2026-08-29,wk inc covid hosp,2,2026-09-12,21,quantile,0.01,0.0
2026-08-29,wk inc covid hosp,2,2026-09-12,21,quantile,0.025,0.0
2026-08-29,wk inc covid hosp,2,2026-09-12,21,quantile,0.05,2.0
2026-08-29,wk inc covid hosp,2,2026-09-12,21,quantile,0.1,5.0
2026-08-29,wk inc covid hosp,2,2026-09-12,21,quantile,0.15,8.0
2026-08-29,wk inc covid hosp,2,2026-09-12,21,quantile,0.2,9.0
2026-08-29,wk inc covid hosp,2,2026-09-12,21,quantile,0.25,10.0
2026-08-29,wk inc covid hosp,2,2026-09-12,21,quantile,0.3,11.699999999999989
2026-08-29,wk inc covid hosp,2,2026-09-12,21,quantile,0.35,12.0
2026-08-29,wk inc covid hosp,2,2026-09-12,21,quantile,0.4,13.0
2026-08-29,wk inc covid hosp,2,2026-09-12,21,quantile,0.45,14.0
2026-08-29,wk inc covid hosp,2,2026-09-12,21,quantile,0.5,15.0
2026-08-29,wk inc covid hosp,2,2026-09-12,21,quantile,0.55,16.0
2026-08-29,wk inc covid hosp,2,2026-09-12,21,quantile,0.6,16.0
2026-08-29,wk inc covid hosp,2,2026-09-12,21,quantile,0.65,17.0
2026-08-29,wk inc covid hosp,2,2026-09-12,21,quantile,0.7,18.0
2026-08-29,wk inc covid hosp,2,2026-09-12,21,quantile,0.75,19.0
2026-08-29,wk inc covid hosp,2,2026-09-12,21,quantile,0.8,21.0
2026-08-29,wk inc covid hosp,2,2026-09-12,21,quantile,0.85,22.0
2026-08-29,wk inc covid hosp,2,2026-09-12,21,quantile,0.9,24.0
2026-08-29,wk inc covid hosp,2,2026-09-12,21,quantile,0.95,29.0
2026-08-29,wk inc covid hosp,2,2026-09-12,21,quantile,0.975,35.0
2026-08-29,wk inc covid hosp,2,2026-09-12,21,quantile,0.99,43.039999999999964
2026-08-29,wk inc covid hosp,2,2026-09-12,22,quantile,0.01,14.97
2026-08-29,wk inc covid hosp,2,2026-09-12,22,quantile,0.025,22.0
2026-08-29,wk inc covid hosp,2,2026-09-12,22,quantile,0.05,30.0
2026-08-29,wk inc covid hosp,2,2026-09-12,22,quantile,0.1,39.0
2026-08-29,wk inc covid hosp,2,2026-09-12,22,quantile,0.15,44.0
2026-08-29,wk inc covid hosp,2,2026-09-12,22,quantile,0.2,47.0
2026-08-29,wk inc covid hosp,2,2026-09-12,22,quantile,0.25,49.75
2026-08-29,wk inc covid hosp,2,2026-09-12,22,quantile,0.3,52.0
2026-08-29,wk inc covid hosp,2,2026-09-12,22,quantile,0.35,54.0
2026-08-29,wk inc covid hosp,2,2026-09-12,22,quantile,0.4,56.0
2026-08-29,wk inc covid hosp,2,2026-09-12,22,quantile,0.45,59.0
2026-08-29,wk inc covid hosp,2,2026-09-12,22,quantile,0.5,60.0
2026-08-29,wk inc covid hosp,2,2026-09-12,22,quantile,0.55,61.0
2026-08-29,wk inc covid hosp,2,2026-09-12,22,quantile,0.6,63.0
2026-08-29,wk inc covid hosp,2,2026-09-12,22,quantile,0.65,65.0
2026-08-29,wk inc covid hosp,2,2026-09-12,22,quantile,0.7,67.0
2026-08-29,wk inc covid hosp,2,2026-09-12,22,quantile,0.75,70.0
2026-08-29,wk inc covid hosp,2,2026-09-12,22,quantile,0.8,74.0
2026-08-29,wk inc covid hosp,2,2026-09-12,22,quantile,0.85,78.14999999999998
2026-08-29,wk inc covid hosp,2,2026-09-12,22,quantile,0.9,86.10000000000002
2026-08-29,wk inc covid hosp,2,2026-09-12,22,quantile,0.95,98.04999999999995
2026-08-29,wk inc covid hosp,2,2026-09-12,22,quantile,0.975,116.57499999999993
2026-08-29,wk inc covid hosp,2,2026-09-12,22,quantile,0.99,163.0999999999999
2026-08-29,wk inc covid hosp,2,2026-09-12,23,quantile,0.01,0.0
2026-08-29,wk inc covid hosp,2,2026-09-12,23,quantile,0.025,0.0
2026-08-29,wk inc covid hosp,2,2026-09-12,23,quantile,0.05,0.0
2026-08-29,wk inc covid hosp,2,2026-09-12,23,quantile,0.1,0.0
2026-08-29,wk inc covid hosp,2,2026-09-12,23,quantile,0.15,0.0
2026-08-29,wk inc covid hosp,2,2026-09-12,23,quantile,0.2,1.0
2026-08-29,wk inc covid hosp,2,2026-09-12,23,quantile,0.25,1.0
2026-08-29,wk inc covid hosp,2,2026-09-12,23,quantile,0.3,1.0
2026-08-29,wk inc covid hosp,2,2026-09-12,23,quantile,0.35,2.0
2026-08-29,wk inc covid hosp,2,2026-09-12,23,quantile,0.4,2.0
2026-08-29,wk inc covid hosp,2,2026-09-12,23,quantile,0.45,2.0
2026-08-29,wk inc covid hosp,2,2026-09-12,23,quantile,0.5,2.0
2026-08-29,wk inc covid hosp,2,2026-09-12,23,quantile,0.55,2.0
2026-08-29,wk inc covid hosp,2,2026-09-12,23,quantile,0.6,2.0
2026-08-29,wk inc covid hosp,2,2026-09-12,23,quantile,0.65,3.0
2026-08-29,wk inc covid hosp,2,2026-09-12,23,quantile,0.7,3.0
2026-08-29,wk inc covid hosp,2,2026-09-12,23,quantile,0.75,3.0
2026-08-29,wk inc covid hosp,2,2026-09-12,23,quantile,0.8,4.0
2026-08-29,wk inc covid hosp,2,2026-09-12,23,quantile,0.85,4.0
2026-08-29,wk inc covid hosp,2,2026-09-12,23,quantile,0.9,5.0
2026-08-29,wk inc covid hosp,2,2026-09-12,23,quantile,0.95,6.0
2026-08-29,wk inc covid hosp,2,2026-09-12,23,quantile,0.975,7.0
2026-08-29,wk inc covid hosp,2,2026-09-12,23,quantile,0.99,10.0
2026-08-29,wk inc covid hosp,2,2026-09-12,24,quantile,0.01,0.0
2026-08-29,wk inc covid hosp,2,2026-09-12,24,quantile,0.025,0.0
2026-08-29,wk inc covid hosp,2,2026-09-12,24,quantile,0.05,0.0
2026-08-29,wk inc covid hosp,2,2026-09-12,24,quantile,0.1,0.0
2026-08-29,wk inc covid hosp,2,2026-09-12,24,quantile,0.15,2.0
2026-08-29,wk inc covid hosp,2,2026-09-12,24,quantile,0.2,4.0
2026-08-29,wk inc covid hosp,2,2026-09-12,24,quantile,0.25,6.0
2026-08-29,wk inc covid hosp,2,2026-09-12,24,quantile,0.3,7.699999999999989
2026-08-29,wk inc covid hosp,2,2026-09-12,24,quantile,0.35,9.0
2026-08-29,wk inc covid hosp,2,2026-09-12,24,quantile,0.4,10.0
2026-08-29,wk inc covid hosp,2,2026-09-12,24,quantile,0.45,11.0
2026-08-29,wk inc covid hosp,2,2026-09-12,24,quantile,0.5,12.0
2026-08-29,wk inc covid hosp,2,2026-09-12,24,quantile,0.55,12.0
2026-08-29,wk inc covid hosp,2,2026-09-12,24,quantile,0.6,13.0
2026-08-29,wk inc covid hosp,2,2026-09-12,24,quantile,0.65,14.0
2026-08-29,wk inc covid hosp,2,2026-09-12,24,quantile,0.7,15.0
2026-08-29,wk inc covid hosp,2,2026-09-12,24,quantile,0.75,16.0
2026-08-29,wk inc covid hosp,2,2026-09-12,24,quantile,0.8,18.0
2026-08-29,wk inc covid hosp,2,2026-09-12,24,quantile,0.85,19.149999999999977
2026-08-29,wk inc covid hosp,2,2026-09-12,24,quantile,0.9,22.0
2026-08-29,wk inc covid hosp,2,2026-09-12,24,quantile,0.95,31.0
2026-08-29,wk inc covid hosp,2,2026-09-12,24,quantile,0.975,37.52499999999998
2026-08-29,wk inc covid hosp,2,2026-09-12,24,quantile,0.99,58.01999999999998
2026-08-29,wk inc covid hosp,2,2026-09-12,25,quantile,0.01,0.0
2026-08-29,wk inc covid hosp,2,2026-09-12,25,quantile,0.025,0.0
2026-08-29,wk inc covid hosp,2,2026-09-12,25,quantile,0.05,4.950000000000003
2026-08-29,wk inc covid hosp,2,2026-09-12,25,quantile,0.1,10.0
2026-08-29,wk inc covid hosp,2,2026-09-12,25,quantile,0.15,12.849999999999994
2026-08-29,wk inc covid hosp,2,2026-09-12,25,quantile,0.2,15.800000000000011
2026-08-29,wk inc covid hosp,2,2026-09-12,25,quantile,0.25,17.0
2026-08-29,wk inc covid hosp,2,2026-09-12,25,quantile,0.3,19.0
2026-08-29,wk inc covid hosp,2,2026-09-12,25,quantile,0.35,21.0
2026-08-29,wk inc covid hosp,2,2026-09-12,25,quantile,0.4,23.0
2026-08-29,wk inc covid hosp,2,2026-09-12,25,quantile,0.45,24.0
2026-08-29,wk inc covid hosp,2,2026-09-12,25,quantile,0.5,25.0
2026-08-29,wk inc covid hosp,2,2026-09-12,25,quantile,0.55,25.0
2026-08-29,wk inc covid hosp,2,2026-09-12,25,quantile,0.6,26.0
2026-08-29,wk inc covid hosp,2,2026-09-12,25,quantile,0.65,27.0
2026-08-29,wk inc covid hosp,2,2026-09-12,25,quantile,0.7,29.0
2026-08-29,wk inc covid hosp,2,2026-09-12,25,quantile,0.75,31.0
2026-08-29,wk inc covid hosp,2,2026-09-12,25,quantile,0.8,33.0
2026-08-29,wk inc covid hosp,2,2026-09-12,25,quantile,0.85,35.0
2026-08-29,wk inc covid hosp,2,2026-09-12,25,quantile,0.9,40.0
2026-08-29,wk inc covid hosp,2,2026-09-12,25,quantile,0.95,49.09999999999991
2026-08-29,wk inc covid hosp,2,2026-09-12,25,quantile,0.975,57.0
2026-08-29,wk inc covid hosp,2,2026-09-12,25,quantile,0.99,82.0
2026-08-29,wk inc covid hosp,2,2026-09-12,26,quantile,0.01,0.0
2026-08-29,wk inc covid hosp,2,2026-09-12,26,quantile,0.025,9.475000000000001
2026-08-29,wk inc covid hosp,2,2026-09-12,26,quantile,0.05,17.900000000000006
2026-08-29,wk inc covid hosp,2,2026-09-12,26,quantile,0.1,32.0
2026-08-29,wk inc covid hosp,2,2026-09-12,26,quantile,0.15,36.0
2026-08-29,wk inc covid hosp,2,2026-09-12,26,quantile,0.2,40.0
2026-08-29,wk inc covid hosp,2,2026-09-12,26,quantile,0.25,43.0
2026-08-29,wk inc covid hosp,2,2026-09-12,26,quantile,0.3,45.0
2026-08-29,wk inc covid hosp,2,2026-09-12,26,quantile,0.35,47.0
2026-08-29,wk inc covid hosp,2,2026-09-12,26,quantile,0.4,49.0
2026-08-29,wk inc covid hosp,2,2026-09-12,26,quantile,0.45,51.0
2026-08-29,wk inc covid hosp,2,2026-09-12,26,quantile,0.5,53.0
2026-08-29,wk inc covid hosp,2,2026-09-12,26,quantile,0.55,55.0
2026-08-29,wk inc covid hosp,2,2026-09-12,26,quantile,0.6,56.0
2026-08-29,wk inc covid hosp,2,2026-09-12,26,quantile,0.65,58.0
2026-08-29,wk inc covid hosp,2,2026-09-12,26,quantile,0.7,60.0
2026-08-29,wk inc covid hosp,2,2026-09-12,26,quantile,0.75,62.0
2026-08-29,wk inc covid hosp,2,2026-09-12,26,quantile,0.8,65.0
2026-08-29,wk inc covid hosp,2,2026-09-12,26,quantile,0.85,69.0
2026-08-29,wk inc covid hosp,2,2026-09-12,26,quantile,0.9,75.0
2026-08-29,wk inc covid hosp,2,2026-09-12,26,quantile,0.95,85.09999999999991
2026-08-29,wk inc covid hosp,2,2026-09-12,26,quantile,0.975,100.57499999999993
2026-08-29,wk inc covid hosp,2,2026-09-12,26,quantile,0.99,126.01999999999998
2026-08-29,wk inc covid hosp,2,2026-09-12,27,quantile,0.01,0.0
2026-08-29,wk inc covid hosp,2,2026-09-12,27,quantile,0.025,0.0
2026-08-29,wk inc covid hosp,2,2026-09-12,27,quantile,0.05,0.0
2026-08-29,wk inc covid hosp,2,2026-09-12,27,quantile,0.1,0.0
2026-08-29,wk inc covid hosp,2,2026-09-12,27,quantile,0.15,1.0
2026-08-29,wk inc covid hosp,2,2026-09-12,27,quantile,0.2,3.0
2026-08-29,wk inc covid hosp,2,2026-09-12,27,quantile,0.25,4.0
2026-08-29,wk inc covid hosp,2,2026-09-12,27,quantile,0.3,5.0
2026-08-29,wk inc covid hosp,2,2026-09-12,27,quantile,0.35,6.0
2026-08-29,wk inc covid hosp,2,2026-09-12,27,quantile,0.4,8.0
2026-08-29,wk inc covid hosp,2,2026-09-12,27,quantile,0.45,9.0
2026-08-29,wk inc covid hosp,2,2026-09-12,27,quantile,0.5,10.0
2026-08-29,wk inc covid hosp,2,2026-09-12,27,quantile,0.55,10.0
2026-08-29,wk inc covid hosp,2,2026-09-12,27,quantile,0.6,10.0
2026-08-29,wk inc covid hosp,2,2026-09-12,27,quantile,0.65,11.0
2026-08-29,wk inc covid hosp,2,2026-09-12,27,quantile,0.7,12.0
2026-08-29,wk inc covid hosp,2,2026-09-12,27,quantile,0.75,14.0
2026-08-29,wk inc covid hosp,2,2026-09-12,27,quantile,0.8,15.0
2026-08-29,wk inc covid hosp,2,2026-09-12,27,quantile,0.85,17.0
2026-08-29,wk inc covid hosp,2,2026-09-12,27,quantile,0.9,20.0
2026-08-29,wk inc covid hosp,2,2026-09-12,27,quantile,0.95,24.049999999999955
2026-08-29,wk inc covid hosp,2,2026-09-12,27,quantile,0.975,35.57499999999993
2026-08-29,wk inc covid hosp,2,2026-09-12,27,quantile,0.99,45.1099999999999
2026-08-29,wk inc covid hosp,2,2026-09-12,28,quantile,0.01,10.99
2026-08-29,wk inc covid hosp,2,2026-09-12,28,quantile,0.025,13.0
2026-08-29,wk inc covid hosp,2,2026-09-12,28,quantile,0.05,15.950000000000003
2026-08-29,wk inc covid hosp,2,2026-09-12,28,quantile,0.1,20.0
2026-08-29,wk inc covid hosp,2,2026-09-12,28,quantile,0.15,23.0
2026-08-29,wk inc covid hosp,2,2026-09-12,28,quantile,0.2,26.0
2026-08-29,wk inc covid hosp,2,2026-09-12,28,quantile,0.25,27.0
2026-08-29,wk inc covid hosp,2,2026-09-12,28,quantile,0.3,28.0
2026-08-29,wk inc covid hosp,2,2026-09-12,28,quantile,0.35,30.0
2026-08-29,wk inc covid hosp,2,2026-09-12,28,quantile,0.4,31.0
2026-08-29,wk inc covid hosp,2,2026-09-12,28,quantile,0.45,32.0
2026-08-29,wk inc covid hosp,2,2026-09-12,28,quantile,0.5,33.0
2026-08-29,wk inc covid hosp,2,2026-09-12,28,quantile,0.55,33.450000000000045
2026-08-29,wk inc covid hosp,2,2026-09-12,28,quantile,0.6,34.0
2026-08-29,wk inc covid hosp,2,2026-09-12,28,quantile,0.65,35.0
2026-08-29,wk inc covid hosp,2,2026-09-12,28,quantile,0.7,36.299999999999955
2026-08-29,wk inc covid hosp,2,2026-09-12,28,quantile,0.75,38.0
2026-08-29,wk inc covid hosp,2,2026-09-12,28,quantile,0.8,40.0
2026-08-29,wk inc covid hosp,2,2026-09-12,28,quantile,0.85,42.0
2026-08-29,wk inc covid hosp,2,2026-09-12,28,quantile,0.9,45.0
2026-08-29,wk inc covid hosp,2,2026-09-12,28,quantile,0.95,51.0
2026-08-29,wk inc covid hosp,2,2026-09-12,28,quantile,0.975,56.0
2026-08-29,wk inc covid hosp,2,2026-09-12,28,quantile,0.99,68.02999999999997
2026-08-29,wk inc covid hosp,2,2026-09-12,29,quantile,0.01,0.0
2026-08-29,wk inc covid hosp,2,2026-09-12,29,quantile,0.025,0.0
2026-08-29,wk inc covid hosp,2,2026-09-12,29,quantile,0.05,0.0
2026-08-29,wk inc covid hosp,2,2026-09-12,29,quantile,0.1,0.9000000000000057
2026-08-29,wk inc covid hosp,2,2026-09-12,29,quantile,0.15,4.0
2026-08-29,wk inc covid hosp,2,2026-09-12,29,quantile,0.2,7.0
2026-08-29,wk inc covid hosp,2,2026-09-12,29,quantile,0.25,8.0
2026-08-29,wk inc covid hosp,2,2026-09-12,29,quantile,0.3,9.0
2026-08-29,wk inc covid hosp,2,2026-09-12,29,quantile,0.35,11.649999999999977
2026-08-29,wk inc covid hosp,2,2026-09-12,29,quantile,0.4,13.0
2026-08-29,wk inc covid hosp,2,2026-09-12,29,quantile,0.45,13.550000000000011
2026-08-29,wk inc covid hosp,2,2026-09-12,29,quantile,0.5,14.0
2026-08-29,wk inc covid hosp,2,2026-09-12,29,quantile,0.55,14.0
2026-08-29,wk inc covid hosp,2,2026-09-12,29,quantile,0.6,15.0
2026-08-29,wk inc covid hosp,2,2026-09-12,29,quantile,0.65,17.0
2026-08-29,wk inc covid hosp,2,2026-09-12,29,quantile,0.7,18.0
2026-08-29,wk inc covid hosp,2,2026-09-12,29,quantile,0.75,18.25
2026-08-29,wk inc covid hosp,2,2026-09-12,29,quantile,0.8,20.0
2026-08-29,wk inc covid hosp,2,2026-09-12,29,quantile,0.85,22.0
2026-08-29,wk inc covid hosp,2,2026-09-12,29,quantile,0.9,27.0
2026-08-29,wk inc covid hosp,2,2026-09-12,29,quantile,0.95,32.0
2026-08-29,wk inc covid hosp,2,2026-09-12,29,quantile,0.975,45.0
2026-08-29,wk inc covid hosp,2,2026-09-12,29,quantile,0.99,56.049999999999955
2026-08-29,wk inc covid hosp,2,2026-09-12,30,quantile,0.01,0.0
2026-08-29,wk inc covid hosp,2,2026-09-12,30,quantile,0.025,0.0
2026-08-29,wk inc covid hosp,2,2026-09-12,30,quantile,0.05,0.0
2026-08-29,wk inc covid hosp,2,2026-09-12,30,quantile,0.1,0.0
2026-08-29,wk inc covid hosp,2,2026-09-12,30,quantile,0.15,0.8499999999999943
2026-08-29,wk inc covid hosp,2,2026-09-12,30,quantile,0.2,1.0
2026-08-29,wk inc covid hosp,2,2026-09-12,30,quantile,0.25,1.0
2026-08-29,wk inc covid hosp,2,2026-09-12,30,quantile,0.3,1.0
2026-08-29,wk inc covid hosp,2,2026-09-12,30,quantile,0.35,1.0
2026-08-29,wk inc covid hosp,2,2026-09-12,30,quantile,0.4,2.0
2026-08-29,wk inc covid hosp,2,2026-09-12,30,quantile,0.45,2.0
2026-08-29,wk inc covid hosp,2,2026-09-12,30,quantile,0.5,2.0
2026-08-29,wk inc covid hosp,2,2026-09-12,30,quantile,0.55,2.0
2026-08-29,wk inc covid hosp,2,2026-09-12,30,quantile,0.6,2.0
2026-08-29,wk inc covid hosp,2,2026-09-12,30,quantile,0.65,2.0
2026-08-29,wk inc covid hosp,2,2026-09-12,30,quantile,0.7,3.0
2026-08-29,wk inc covid hosp,2,2026-09-12,30,quantile,0.75,3.0
2026-08-29,wk inc covid hosp,2,2026-09-12,30,quantile,0.8,3.0
2026-08-29,wk inc covid hosp,2,2026-09-12,30,quantile,0.85,4.0
2026-08-29,wk inc covid hosp,2,2026-09-12,30,quantile,0.9,4.0
2026-08-29,wk inc covid hosp,2,2026-09-12,30,quantile,0.95,6.0
2026-08-29,wk inc covid hosp,2,2026-09-12,30,quantile,0.975,7.0
2026-08-29,wk inc covid hosp,2,2026-09-12,30,quantile,0.99,10.009999999999991
2026-08-29,wk inc covid hosp,2,2026-09-12,31,quantile,0.01,0.0
2026-08-29,wk inc covid hosp,2,2026-09-12,31,quantile,0.025,0.0
2026-08-29,wk inc covid hosp,2,2026-09-12,31,quantile,0.05,0.0
2026-08-29,wk inc covid hosp,2,2026-09-12,31,quantile,0.1,0.0
2026-08-29,wk inc covid hosp,2,2026-09-12,31,quantile,0.15,1.0
2026-08-29,wk inc covid hosp,2,2026-09-12,31,quantile,0.2,2.0
2026-08-29,wk inc covid hosp,2,2026-09-12,31,quantile,0.25,2.0
2026-08-29,wk inc covid hosp,2,2026-09-12,31,quantile,0.3,3.0
2026-08-29,wk inc covid hosp,2,2026-09-12,31,quantile,0.35,3.0
2026-08-29,wk inc covid hosp,2,2026-09-12,31,quantile,0.4,3.0
2026-08-29,wk inc covid hosp,2,2026-09-12,31,quantile,0.45,4.0
2026-08-29,wk inc covid hosp,2,2026-09-12,31,quantile,0.5,4.0
2026-08-29,wk inc covid hosp,2,2026-09-12,31,quantile,0.55,4.0
2026-08-29,wk inc covid hosp,2,2026-09-12,31,quantile,0.6,5.0
2026-08-29,wk inc covid hosp,2,2026-09-12,31,quantile,0.65,5.0
2026-08-29,wk inc covid hosp,2,2026-09-12,31,quantile,0.7,5.0
2026-08-29,wk inc covid hosp,2,2026-09-12,31,quantile,0.75,6.0
2026-08-29,wk inc covid hosp,2,2026-09-12,31,quantile,0.8,6.0
2026-08-29,wk inc covid hosp,2,2026-09-12,31,quantile,0.85,7.0
2026-08-29,wk inc covid hosp,2,2026-09-12,31,quantile,0.9,8.0
2026-08-29,wk inc covid hosp,2,2026-09-12,31,quantile,0.95,10.0
2026-08-29,wk inc covid hosp,2,2026-09-12,31,quantile,0.975,12.0
2026-08-29,wk inc covid hosp,2,2026-09-12,31,quantile,0.99,16.019999999999982
2026-08-29,wk inc covid hosp,2,2026-09-12,32,quantile,0.01,0.0
2026-08-29,wk inc covid hosp,2,2026-09-12,32,quantile,0.025,0.0
2026-08-29,wk inc covid hosp,2,2026-09-12,32,quantile,0.05,3.0
2026-08-29,wk inc covid hosp,2,2026-09-12,32,quantile,0.1,5.0
2026-08-29,wk inc covid hosp,2,2026-09-12,32,quantile,0.15,7.0
2026-08-29,wk inc covid hosp,2,2026-09-12,32,quantile,0.2,8.0
2026-08-29,wk inc covid hosp,2,2026-09-12,32,quantile,0.25,10.0
2026-08-29,wk inc covid hosp,2,2026-09-12,32,quantile,0.3,10.0
2026-08-29,wk inc covid hosp,2,2026-09-12,32,quantile,0.35,11.0
2026-08-29,wk inc covid hosp,2,2026-09-12,32,quantile,0.4,12.0
2026-08-29,wk inc covid hosp,2,2026-09-12,32,quantile,0.45,12.0
2026-08-29,wk inc covid hosp,2,2026-09-12,32,quantile,0.5,13.0
2026-08-29,wk inc covid hosp,2,2026-09-12,32,quantile,0.55,13.0
2026-08-29,wk inc covid hosp,2,2026-09-12,32,quantile,0.6,13.0
2026-08-29,wk inc covid hosp,2,2026-09-12,32,quantile,0.65,14.0
2026-08-29,wk inc covid hosp,2,2026-09-12,32,quantile,0.7,15.0
2026-08-29,wk inc covid hosp,2,2026-09-12,32,quantile,0.75,16.0
2026-08-29,wk inc covid hosp,2,2026-09-12,32,quantile,0.8,17.0
2026-08-29,wk inc covid hosp,2,2026-09-12,32,quantile,0.85,19.0
2026-08-29,wk inc covid hosp,2,2026-09-12,32,quantile,0.9,21.0
2026-08-29,wk inc covid hosp,2,2026-09-12,32,quantile,0.95,26.0
2026-08-29,wk inc covid hosp,2,2026-09-12,32,quantile,0.975,31.574999999999932
2026-08-29,wk inc covid hosp,2,2026-09-12,32,quantile,0.99,41.01999999999998
2026-08-29,wk inc covid hosp,2,2026-09-12,33,quantile,0.01,0.0
2026-08-29,wk inc covid hosp,2,2026-09-12,33,quantile,0.025,0.0
2026-08-29,wk inc covid hosp,2,2026-09-12,33,quantile,0.05,0.0
2026-08-29,wk inc covid hosp,2,2026-09-12,33,quantile,0.1,2.0
2026-08-29,wk inc covid hosp,2,2026-09-12,33,quantile,0.15,2.0
2026-08-29,wk inc covid hosp,2,2026-09-12,33,quantile,0.2,3.0
2026-08-29,wk inc covid hosp,2,2026-09-12,33,quantile,0.25,4.0
2026-08-29,wk inc covid hosp,2,2026-09-12,33,quantile,0.3,4.0
2026-08-29,wk inc covid hosp,2,2026-09-12,33,quantile,0.35,4.0
2026-08-29,wk inc covid hosp,2,2026-09-12,33,quantile,0.4,4.0
2026-08-29,wk inc covid hosp,2,2026-09-12,33,quantile,0.45,5.0
2026-08-29,wk inc covid hosp,2,2026-09-12,33,quantile,0.5,5.0
2026-08-29,wk inc covid hosp,2,2026-09-12,33,quantile,0.55,5.0
2026-08-29,wk inc covid hosp,2,2026-09-12,33,quantile,0.6,5.0
2026-08-29,wk inc covid hosp,2,2026-09-12,33,quantile,0.65,5.0
2026-08-29,wk inc covid hosp,2,2026-09-12,33,quantile,0.7,6.0
2026-08-29,wk inc covid hosp,2,2026-09-12,33,quantile,0.75,6.0
2026-08-29,wk inc covid hosp,2,2026-09-12,33,quantile,0.8,7.0
2026-08-29,wk inc covid hosp,2,2026-09-12,33,quantile,0.85,8.0
2026-08-29,wk inc covid hosp,2,2026-09-12,33,quantile,0.9,9.0
2026-08-29,wk inc covid hosp,2,2026-09-12,33,quantile,0.95,12.0
2026-08-29,wk inc covid hosp,2,2026-09-12,33,quantile,0.975,16.524999999999977
2026-08-29,wk inc covid hosp,2,2026-09-12,33,quantile,0.99,22.0
2026-08-29,wk inc covid hosp,2,2026-09-12,34,quantile,0.01,14.99
2026-08-29,wk inc covid hosp,2,2026-09-12,34,quantile,0.025,23.0
2026-08-29,wk inc covid hosp,2,2026-09-12,34,quantile,0.05,33.95
2026-08-29,wk inc covid hosp,2,2026-09-12,34,quantile,0.1,42.0
2026-08-29,wk inc covid hosp,2,2026-09-12,34,quantile,0.15,48.0
2026-08-29,wk inc covid hosp,2,2026-09-12,34,quantile,0.2,52.0
2026-08-29,wk inc covid hosp,2,2026-09-12,34,quantile,0.25,55.0
2026-08-29,wk inc covid hosp,2,2026-09-12,34,quantile,0.3,57.0
2026-08-29,wk inc covid hosp,2,2026-09-12,34,quantile,0.35,59.0
2026-08-29,wk inc covid hosp,2,2026-09-12,34,quantile,0.4,62.0
2026-08-29,wk inc covid hosp,2,2026-09-12,34,quantile,0.45,64.0
2026-08-29,wk inc covid hosp,2,2026-09-12,34,quantile,0.5,66.5
2026-08-29,wk inc covid hosp,2,2026-09-12,34,quantile,0.55,68.0
2026-08-29,wk inc covid hosp,2,2026-09-12,34,quantile,0.6,69.0
2026-08-29,wk inc covid hosp,2,2026-09-12,34,quantile,0.65,71.0
2026-08-29,wk inc covid hosp,2,2026-09-12,34,quantile,0.7,73.0
2026-08-29,wk inc covid hosp,2,2026-09-12,34,quantile,0.75,75.0
2026-08-29,wk inc covid hosp,2,2026-09-12,34,quantile,0.8,78.20000000000005
2026-08-29,wk inc covid hosp,2,2026-09-12,34,quantile,0.85,85.0
2026-08-29,wk inc covid hosp,2,2026-09-12,34,quantile,0.9,91.0
2026-08-29,wk inc covid hosp,2,2026-09-12,34,quantile,0.95,102.04999999999995
2026-08-29,wk inc covid hosp,2,2026-09-12,34,quantile,0.975,121.0
2026-08-29,wk inc covid hosp,2,2026-09-12,34,quantile,0.99,147.05999999999995
2026-08-29,wk inc covid hosp,2,2026-09-12,35,quantile,0.01,0.0
2026-08-29,wk inc covid hosp,2,2026-09-12,35,quantile,0.025,0.0
2026-08-29,wk inc covid hosp,2,2026-09-12,35,quantile,0.05,1.9500000000000028
2026-08-29,wk inc covid hosp,2,2026-09-12,35,quantile,0.1,3.0
2026-08-29,wk inc covid hosp,2,2026-09-12,35,quantile,0.15,4.0
2026-08-29,wk inc covid hosp,2,2026-09-12,35,quantile,0.2,5.0
2026-08-29,wk inc covid hosp,2,2026-09-12,35,quantile,0.25,6.0
2026-08-29,wk inc covid hosp,2,2026-09-12,35,quantile,0.3,6.0
2026-08-29,wk inc covid hosp,2,2026-09-12,35,quantile,0.35,7.0
2026-08-29,wk inc covid hosp,2,2026-09-12,35,quantile,0.4,7.0
2026-08-29,wk inc covid hosp,2,2026-09-12,35,quantile,0.45,7.0
2026-08-29,wk inc covid hosp,2,2026-09-12,35,quantile,0.5,8.0
2026-08-29,wk inc covid hosp,2,2026-09-12,35,quantile,0.55,8.0
2026-08-29,wk inc covid hosp,2,2026-09-12,35,quantile,0.6,8.0
2026-08-29,wk inc covid hosp,2,2026-09-12,35,quantile,0.65,9.0
2026-08-29,wk inc covid hosp,2,2026-09-12,35,quantile,0.7,9.0
2026-08-29,wk inc covid hosp,2,2026-09-12,35,quantile,0.75,9.0
2026-08-29,wk inc covid hosp,2,2026-09-12,35,quantile,0.8,10.0
2026-08-29,wk inc covid hosp,2,2026-09-12,35,quantile,0.85,11.0
2026-08-29,wk inc covid hosp,2,2026-09-12,35,quantile,0.9,12.0
2026-08-29,wk inc covid hosp,2,2026-09-12,35,quantile,0.95,14.049999999999955
2026-08-29,wk inc covid hosp,2,2026-09-12,35,quantile,0.975,17.0
2026-08-29,wk inc covid hosp,2,2026-09-12,35,quantile,0.99,22.019999999999982
2026-08-29,wk inc covid hosp,2,2026-09-12,36,quantile,0.01,4.950000000000001
2026-08-29,wk inc covid hosp,2,2026-09-12,36,quantile,0.025,37.95
2026-08-29,wk inc covid hosp,2,2026-09-12,36,quantile,0.05,49.95
2026-08-29,wk inc covid hosp,2,2026-09-12,36,quantile,0.1,79.9
2026-08-29,wk inc covid hosp,2,2026-09-12,36,quantile,0.15,91.0
2026-08-29,wk inc covid hosp,2,2026-09-12,36,quantile,0.2,98.0
2026-08-29,wk inc covid hosp,2,2026-09-12,36,quantile,0.25,105.0
2026-08-29,wk inc covid hosp,2,2026-09-12,36,quantile,0.3,110.69999999999999
2026-08-29,wk inc covid hosp,2,2026-09-12,36,quantile,0.35,115.0
2026-08-29,wk inc covid hosp,2,2026-09-12,36,quantile,0.4,121.0
2026-08-29,wk inc covid hosp,2,2026-09-12,36,quantile,0.45,125.0
2026-08-29,wk inc covid hosp,2,2026-09-12,36,quantile,0.5,128.0
2026-08-29,wk inc covid hosp,2,2026-09-12,36,quantile,0.55,131.0
2026-08-29,wk inc covid hosp,2,2026-09-12,36,quantile,0.6,135.39999999999998
2026-08-29,wk inc covid hosp,2,2026-09-12,36,quantile,0.65,140.0
2026-08-29,wk inc covid hosp,2,2026-09-12,36,quantile,0.7,144.29999999999995
2026-08-29,wk inc covid hosp,2,2026-09-12,36,quantile,0.75,149.0
2026-08-29,wk inc covid hosp,2,2026-09-12,36,quantile,0.8,155.0
2026-08-29,wk inc covid hosp,2,2026-09-12,36,quantile,0.85,165.14999999999998
2026-08-29,wk inc covid hosp,2,2026-09-12,36,quantile,0.9,177.0
2026-08-29,wk inc covid hosp,2,2026-09-12,36,quantile,0.95,204.0999999999999
2026-08-29,wk inc covid hosp,2,2026-09-12,36,quantile,0.975,279.525
2026-08-29,wk inc covid hosp,2,2026-09-12,36,quantile,0.99,326.0999999999999
2026-08-29,wk inc covid hosp,2,2026-09-12,37,quantile,0.01,27.0
2026-08-29,wk inc covid hosp,2,2026-09-12,37,quantile,0.025,44.900000000000006
2026-08-29,wk inc covid hosp,2,2026-09-12,37,quantile,0.05,60.95
2026-08-29,wk inc covid hosp,2,2026-09-12,37,quantile,0.1,79.9
2026-08-29,wk inc covid hosp,2,2026-09-12,37,quantile,0.15,88.85
2026-08-29,wk inc covid hosp,2,2026-09-12,37,quantile,0.2,96.0
2026-08-29,wk inc covid hosp,2,2026-09-12,37,quantile,0.25,101.0
2026-08-29,wk inc covid hosp,2,2026-09-12,37,quantile,0.3,104.0
2026-08-29,wk inc covid hosp,2,2026-09-12,37,quantile,0.35,110.0
2026-08-29,wk inc covid hosp,2,2026-09-12,37,quantile,0.4,113.0
2026-08-29,wk inc covid hosp,2,2026-09-12,37,quantile,0.45,116.0
2026-08-29,wk inc covid hosp,2,2026-09-12,37,quantile,0.5,119.0
2026-08-29,wk inc covid hosp,2,2026-09-12,37,quantile,0.55,121.0
2026-08-29,wk inc covid hosp,2,2026-09-12,37,quantile,0.6,123.0
2026-08-29,wk inc covid hosp,2,2026-09-12,37,quantile,0.65,126.0
2026-08-29,wk inc covid hosp,2,2026-09-12,37,quantile,0.7,130.0
2026-08-29,wk inc covid hosp,2,2026-09-12,37,quantile,0.75,133.0
2026-08-29,wk inc covid hosp,2,2026-09-12,37,quantile,0.8,137.0
2026-08-29,wk inc covid hosp,2,2026-09-12,37,quantile,0.85,145.0
2026-08-29,wk inc covid hosp,2,2026-09-12,37,quantile,0.9,160.10000000000002
2026-08-29,wk inc covid hosp,2,2026-09-12,37,quantile,0.95,188.24999999999977
2026-08-29,wk inc covid hosp,2,2026-09-12,37,quantile,0.975,239.52499999999998
2026-08-29,wk inc covid hosp,2,2026-09-12,37,quantile,0.99,328.03999999999996
2026-08-29,wk inc covid hosp,2,2026-09-12,38,quantile,0.01,0.0
2026-08-29,wk inc covid hosp,2,2026-09-12,38,quantile,0.025,0.0
2026-08-29,wk inc covid hosp,2,2026-09-12,38,quantile,0.05,0.0
2026-08-29,wk inc covid hosp,2,2026-09-12,38,quantile,0.1,0.0
2026-08-29,wk inc covid hosp,2,2026-09-12,38,quantile,0.15,0.0
2026-08-29,wk inc covid hosp,2,2026-09-12,38,quantile,0.2,0.0
2026-08-29,wk inc covid hosp,2,2026-09-12,38,quantile,0.25,0.0
2026-08-29,wk inc covid hosp,2,2026-09-12,38,quantile,0.3,1.0
2026-08-29,wk inc covid hosp,2,2026-09-12,38,quantile,0.35,1.0
2026-08-29,wk inc covid hosp,2,2026-09-12,38,quantile,0.4,1.0
2026-08-29,wk inc covid hosp,2,2026-09-12,38,quantile,0.45,1.0
2026-08-29,wk inc covid hosp,2,2026-09-12,38,quantile,0.5,1.0
2026-08-29,wk inc covid hosp,2,2026-09-12,38,quantile,0.55,1.0
2026-08-29,wk inc covid hosp,2,2026-09-12,38,quantile,0.6,1.0
2026-08-29,wk inc covid hosp,2,2026-09-12,38,quantile,0.65,1.0
2026-08-29,wk inc covid hosp,2,2026-09-12,38,quantile,0.7,2.0
2026-08-29,wk inc covid hosp,2,2026-09-12,38,quantile,0.75,2.0
2026-08-29,wk inc covid hosp,2,2026-09-12,38,quantile,0.8,2.0
2026-08-29,wk inc covid hosp,2,2026-09-12,38,quantile,0.85,2.0
2026-08-29,wk inc covid hosp,2,2026-09-12,38,quantile,0.9,3.0
2026-08-29,wk inc covid hosp,2,2026-09-12,38,quantile,0.95,3.0
2026-08-29,wk inc covid hosp,2,2026-09-12,38,quantile,0.975,5.0
2026-08-29,wk inc covid hosp,2,2026-09-12,38,quantile,0.99,6.0
2026-08-29,wk inc covid hosp,2,2026-09-12,39,quantile,0.01,0.0
2026-08-29,wk inc covid hosp,2,2026-09-12,39,quantile,0.025,0.0
2026-08-29,wk inc covid hosp,2,2026-09-12,39,quantile,0.05,0.0
2026-08-29,wk inc covid hosp,2,2026-09-12,39,quantile,0.1,9.0
2026-08-29,wk inc covid hosp,2,2026-09-12,39,quantile,0.15,12.0
2026-08-29,wk inc covid hosp,2,2026-09-12,39,quantile,0.2,16.0
2026-08-29,wk inc covid hosp,2,2026-09-12,39,quantile,0.25,19.0
2026-08-29,wk inc covid hosp,2,2026-09-12,39,quantile,0.3,21.0
2026-08-29,wk inc covid hosp,2,2026-09-12,39,quantile,0.35,24.0
2026-08-29,wk inc covid hosp,2,2026-09-12,39,quantile,0.4,26.0
2026-08-29,wk inc covid hosp,2,2026-09-12,39,quantile,0.45,28.0
2026-08-29,wk inc covid hosp,2,2026-09-12,39,quantile,0.5,30.0
2026-08-29,wk inc covid hosp,2,2026-09-12,39,quantile,0.55,31.0
2026-08-29,wk inc covid hosp,2,2026-09-12,39,quantile,0.6,33.0
2026-08-29,wk inc covid hosp,2,2026-09-12,39,quantile,0.65,35.0
2026-08-29,wk inc covid hosp,2,2026-09-12,39,quantile,0.7,36.0
2026-08-29,wk inc covid hosp,2,2026-09-12,39,quantile,0.75,38.0
2026-08-29,wk inc covid hosp,2,2026-09-12,39,quantile,0.8,42.0
2026-08-29,wk inc covid hosp,2,2026-09-12,39,quantile,0.85,46.0
2026-08-29,wk inc covid hosp,2,2026-09-12,39,quantile,0.9,52.0
2026-08-29,wk inc covid hosp,2,2026-09-12,39,quantile,0.95,72.0
2026-08-29,wk inc covid hosp,2,2026-09-12,39,quantile,0.975,81.09999999999991
2026-08-29,wk inc covid hosp,2,2026-09-12,39,quantile,0.99,127.08999999999992
2026-08-29,wk inc covid hosp,2,2026-09-12,40,quantile,0.01,0.0
2026-08-29,wk inc covid hosp,2,2026-09-12,40,quantile,0.025,0.0
2026-08-29,wk inc covid hosp,2,2026-09-12,40,quantile,0.05,2.0
2026-08-29,wk inc covid hosp,2,2026-09-12,40,quantile,0.1,6.0
2026-08-29,wk inc covid hosp,2,2026-09-12,40,quantile,0.15,7.0
2026-08-29,wk inc covid hosp,2,2026-09-12,40,quantile,0.2,8.0
2026-08-29,wk inc covid hosp,2,2026-09-12,40,quantile,0.25,9.0
2026-08-29,wk inc covid hosp,2,2026-09-12,40,quantile,0.3,10.0
2026-08-29,wk inc covid hosp,2,2026-09-12,40,quantile,0.35,11.0
2026-08-29,wk inc covid hosp,2,2026-09-12,40,quantile,0.4,12.0
2026-08-29,wk inc covid hosp,2,2026-09-12,40,quantile,0.45,13.0
2026-08-29,wk inc covid hosp,2,2026-09-12,40,quantile,0.5,13.0
2026-08-29,wk inc covid hosp,2,2026-09-12,40,quantile,0.55,14.0
2026-08-29,wk inc covid hosp,2,2026-09-12,40,quantile,0.6,14.0
2026-08-29,wk inc covid hosp,2,2026-09-12,40,quantile,0.65,15.0
2026-08-29,wk inc covid hosp,2,2026-09-12,40,quantile,0.7,15.0
2026-08-29,wk inc covid hosp,2,2026-09-12,40,quantile,0.75,16.0
2026-08-29,wk inc covid hosp,2,2026-09-12,40,quantile,0.8,17.0
2026-08-29,wk inc covid hosp,2,2026-09-12,40,quantile,0.85,19.0
2026-08-29,wk inc covid hosp,2,2026-09-12,40,quantile,0.9,21.0
2026-08-29,wk inc covid hosp,2,2026-09-12,40,quantile,0.95,24.0
2026-08-29,wk inc covid hosp,2,2026-09-12,40,quantile,0.975,28.0
2026-08-29,wk inc covid hosp,2,2026-09-12,40,quantile,0.99,45.00999999999999
2026-08-29,wk inc covid hosp,2,2026-09-12,41,quantile,0.01,0.0
2026-08-29,wk inc covid hosp,2,2026-09-12,41,quantile,0.025,0.0
2026-08-29,wk inc covid hosp,2,2026-09-12,41,quantile,0.05,1.0
2026-08-29,wk inc covid hosp,2,2026-09-12,41,quantile,0.1,5.0
2026-08-29,wk inc covid hosp,2,2026-09-12,41,quantile,0.15,6.849999999999994
2026-08-29,wk inc covid hosp,2,2026-09-12,41,quantile,0.2,8.0
2026-08-29,wk inc covid hosp,2,2026-09-12,41,quantile,0.25,9.0
2026-08-29,wk inc covid hosp,2,2026-09-12,41,quantile,0.3,10.0
2026-08-29,wk inc covid hosp,2,2026-09-12,41,quantile,0.35,10.0
2026-08-29,wk inc covid hosp,2,2026-09-12,41,quantile,0.4,11.0
2026-08-29,wk inc covid hosp,2,2026-09-12,41,quantile,0.45,12.0
2026-08-29,wk inc covid hosp,2,2026-09-12,41,quantile,0.5,12.0
2026-08-29,wk inc covid hosp,2,2026-09-12,41,quantile,0.55,12.0
2026-08-29,wk inc covid hosp,2,2026-09-12,41,quantile,0.6,13.0
2026-08-29,wk inc covid hosp,2,2026-09-12,41,quantile,0.65,14.0
2026-08-29,wk inc covid hosp,2,2026-09-12,41,quantile,0.7,15.0
2026-08-29,wk inc covid hosp,2,2026-09-12,41,quantile,0.75,16.0
2026-08-29,wk inc covid hosp,2,2026-09-12,41,quantile,0.8,17.0
2026-08-29,wk inc covid hosp,2,2026-09-12,41,quantile,0.85,19.0
2026-08-29,wk inc covid hosp,2,2026-09-12,41,quantile,0.9,20.0
2026-08-29,wk inc covid hosp,2,2026-09-12,41,quantile,0.95,25.0
2026-08-29,wk inc covid hosp,2,2026-09-12,41,quantile,0.975,29.524999999999977
2026-08-29,wk inc covid hosp,2,2026-09-12,41,quantile,0.99,39.0
2026-08-29,wk inc covid hosp,2,2026-09-12,42,quantile,0.01,0.0
2026-08-29,wk inc covid hosp,2,2026-09-12,42,quantile,0.025,3.4750000000000014
2026-08-29,wk inc covid hosp,2,2026-09-12,42,quantile,0.05,17.0
2026-08-29,wk inc covid hosp,2,2026-09-12,42,quantile,0.1,26.900000000000006
2026-08-29,wk inc covid hosp,2,2026-09-12,42,quantile,0.15,34.0
2026-08-29,wk inc covid hosp,2,2026-09-12,42,quantile,0.2,40.0
2026-08-29,wk inc covid hosp,2,2026-09-12,42,quantile,0.25,43.0
2026-08-29,wk inc covid hosp,2,2026-09-12,42,quantile,0.3,47.0
2026-08-29,wk inc covid hosp,2,2026-09-12,42,quantile,0.35,50.0
2026-08-29,wk inc covid hosp,2,2026-09-12,42,quantile,0.4,53.0
2026-08-29,wk inc covid hosp,2,2026-09-12,42,quantile,0.45,55.0
2026-08-29,wk inc covid hosp,2,2026-09-12,42,quantile,0.5,57.0
2026-08-29,wk inc covid hosp,2,2026-09-12,42,quantile,0.55,58.0
2026-08-29,wk inc covid hosp,2,2026-09-12,42,quantile,0.6,61.0
2026-08-29,wk inc covid hosp,2,2026-09-12,42,quantile,0.65,64.0
2026-08-29,wk inc covid hosp,2,2026-09-12,42,quantile,0.7,67.0
2026-08-29,wk inc covid hosp,2,2026-09-12,42,quantile,0.75,70.0
2026-08-29,wk inc covid hosp,2,2026-09-12,42,quantile,0.8,74.0
2026-08-29,wk inc covid hosp,2,2026-09-12,42,quantile,0.85,78.14999999999998
2026-08-29,wk inc covid hosp,2,2026-09-12,42,quantile,0.9,88.0
2026-08-29,wk inc covid hosp,2,2026-09-12,42,quantile,0.95,98.04999999999995
2026-08-29,wk inc covid hosp,2,2026-09-12,42,quantile,0.975,123.7249999999998
2026-08-29,wk inc covid hosp,2,2026-09-12,42,quantile,0.99,180.0
2026-08-29,wk inc covid hosp,2,2026-09-12,44,quantile,0.01,0.0
2026-08-29,wk inc covid hosp,2,2026-09-12,44,quantile,0.025,0.0
2026-08-29,wk inc covid hosp,2,2026-09-12,44,quantile,0.05,1.0
2026-08-29,wk inc covid hosp,2,2026-09-12,44,quantile,0.1,2.0
2026-08-29,wk inc covid hosp,2,2026-09-12,44,quantile,0.15,3.0
2026-08-29,wk inc covid hosp,2,2026-09-12,44,quantile,0.2,3.0
2026-08-29,wk inc covid hosp,2,2026-09-12,44,quantile,0.25,4.0
2026-08-29,wk inc covid hosp,2,2026-09-12,44,quantile,0.3,4.0
2026-08-29,wk inc covid hosp,2,2026-09-12,44,quantile,0.35,4.0
2026-08-29,wk inc covid hosp,2,2026-09-12,44,quantile,0.4,4.0
2026-08-29,wk inc covid hosp,2,2026-09-12,44,quantile,0.45,5.0
2026-08-29,wk inc covid hosp,2,2026-09-12,44,quantile,0.5,5.0
2026-08-29,wk inc covid hosp,2,2026-09-12,44,quantile,0.55,5.0
2026-08-29,wk inc covid hosp,2,2026-09-12,44,quantile,0.6,5.0
2026-08-29,wk inc covid hosp,2,2026-09-12,44,quantile,0.65,5.0
2026-08-29,wk inc covid hosp,2,2026-09-12,44,quantile,0.7,5.0
2026-08-29,wk inc covid hosp,2,2026-09-12,44,quantile,0.75,6.0
2026-08-29,wk inc covid hosp,2,2026-09-12,44,quantile,0.8,6.0
2026-08-29,wk inc covid hosp,2,2026-09-12,44,quantile,0.85,7.0
2026-08-29,wk inc covid hosp,2,2026-09-12,44,quantile,0.9,7.0
2026-08-29,wk inc covid hosp,2,2026-09-12,44,quantile,0.95,9.0
2026-08-29,wk inc covid hosp,2,2026-09-12,44,quantile,0.975,9.524999999999977
2026-08-29,wk inc covid hosp,2,2026-09-12,44,quantile,0.99,12.0
2026-08-29,wk inc covid hosp,2,2026-09-12,45,quantile,0.01,0.9900000000000002
2026-08-29,wk inc covid hosp,2,2026-09-12,45,quantile,0.025,6.0
2026-08-29,wk inc covid hosp,2,2026-09-12,45,quantile,0.05,11.0
2026-08-29,wk inc covid hosp,2,2026-09-12,45,quantile,0.1,16.0
2026-08-29,wk inc covid hosp,2,2026-09-12,45,quantile,0.15,19.0
2026-08-29,wk inc covid hosp,2,2026-09-12,45,quantile,0.2,21.0
2026-08-29,wk inc covid hosp,2,2026-09-12,45,quantile,0.25,22.0
2026-08-29,wk inc covid hosp,2,2026-09-12,45,quantile,0.3,24.0
2026-08-29,wk inc covid hosp,2,2026-09-12,45,quantile,0.35,25.0
2026-08-29,wk inc covid hosp,2,2026-09-12,45,quantile,0.4,26.0
2026-08-29,wk inc covid hosp,2,2026-09-12,45,quantile,0.45,27.0
2026-08-29,wk inc covid hosp,2,2026-09-12,45,quantile,0.5,28.0
2026-08-29,wk inc covid hosp,2,2026-09-12,45,quantile,0.55,29.0
2026-08-29,wk inc covid hosp,2,2026-09-12,45,quantile,0.6,29.0
2026-08-29,wk inc covid hosp,2,2026-09-12,45,quantile,0.65,30.350000000000023
2026-08-29,wk inc covid hosp,2,2026-09-12,45,quantile,0.7,32.0
2026-08-29,wk inc covid hosp,2,2026-09-12,45,quantile,0.75,33.0
2026-08-29,wk inc covid hosp,2,2026-09-12,45,quantile,0.8,35.0
2026-08-29,wk inc covid hosp,2,2026-09-12,45,quantile,0.85,38.0
2026-08-29,wk inc covid hosp,2,2026-09-12,45,quantile,0.9,41.0
2026-08-29,wk inc covid hosp,2,2026-09-12,45,quantile,0.95,46.0
2026-08-29,wk inc covid hosp,2,2026-09-12,45,quantile,0.975,51.049999999999955
2026-08-29,wk inc covid hosp,2,2026-09-12,45,quantile,0.99,67.06999999999994
2026-08-29,wk inc covid hosp,2,2026-09-12,46,quantile,0.01,0.0
2026-08-29,wk inc covid hosp,2,2026-09-12,46,quantile,0.025,0.0
2026-08-29,wk inc covid hosp,2,2026-09-12,46,quantile,0.05,0.0
2026-08-29,wk inc covid hosp,2,2026-09-12,46,quantile,0.1,0.0
2026-08-29,wk inc covid hosp,2,2026-09-12,46,quantile,0.15,0.0
2026-08-29,wk inc covid hosp,2,2026-09-12,46,quantile,0.2,0.0
2026-08-29,wk inc covid hosp,2,2026-09-12,46,quantile,0.25,1.0
2026-08-29,wk inc covid hosp,2,2026-09-12,46,quantile,0.3,1.0
2026-08-29,wk inc covid hosp,2,2026-09-12,46,quantile,0.35,1.0
2026-08-29,wk inc covid hosp,2,2026-09-12,46,quantile,0.4,1.0
2026-08-29,wk inc covid hosp,2,2026-09-12,46,quantile,0.45,1.0
2026-08-29,wk inc covid hosp,2,2026-09-12,46,quantile,0.5,2.0
2026-08-29,wk inc covid hosp,2,2026-09-12,46,quantile,0.55,2.0
2026-08-29,wk inc covid hosp,2,2026-09-12,46,quantile,0.6,2.0
2026-08-29,wk inc covid hosp,2,2026-09-12,46,quantile,0.65,2.0
2026-08-29,wk inc covid hosp,2,2026-09-12,46,quantile,0.7,2.0
2026-08-29,wk inc covid hosp,2,2026-09-12,46,quantile,0.75,2.0
2026-08-29,wk inc covid hosp,2,2026-09-12,46,quantile,0.8,3.0
2026-08-29,wk inc covid hosp,2,2026-09-12,46,quantile,0.85,3.0
2026-08-29,wk inc covid hosp,2,2026-09-12,46,quantile,0.9,3.0
2026-08-29,wk inc covid hosp,2,2026-09-12,46,quantile,0.95,4.0
2026-08-29,wk inc covid hosp,2,2026-09-12,46,quantile,0.975,6.0
2026-08-29,wk inc covid hosp,2,2026-09-12,46,quantile,0.99,11.0
2026-08-29,wk inc covid hosp,2,2026-09-12,47,quantile,0.01,1.9800000000000004
2026-08-29,wk inc covid hosp,2,2026-09-12,47,quantile,0.025,10.0
2026-08-29,wk inc covid hosp,2,2026-09-12,47,quantile,0.05,19.950000000000003
2026-08-29,wk inc covid hosp,2,2026-09-12,47,quantile,0.1,26.0
2026-08-29,wk inc covid hosp,2,2026-09-12,47,quantile,0.15,32.0
2026-08-29,wk inc covid hosp,2,2026-09-12,47,quantile,0.2,35.0
2026-08-29,wk inc covid hosp,2,2026-09-12,47,quantile,0.25,37.0
2026-08-29,wk inc covid hosp,2,2026-09-12,47,quantile,0.3,39.0
2026-08-29,wk inc covid hosp,2,2026-09-12,47,quantile,0.35,41.0
2026-08-29,wk inc covid hosp,2,2026-09-12,47,quantile,0.4,43.0
2026-08-29,wk inc covid hosp,2,2026-09-12,47,quantile,0.45,44.0
2026-08-29,wk inc covid hosp,2,2026-09-12,47,quantile,0.5,46.0
2026-08-29,wk inc covid hosp,2,2026-09-12,47,quantile,0.55,46.0
2026-08-29,wk inc covid hosp,2,2026-09-12,47,quantile,0.6,47.0
2026-08-29,wk inc covid hosp,2,2026-09-12,47,quantile,0.65,49.0
2026-08-29,wk inc covid hosp,2,2026-09-12,47,quantile,0.7,51.0
2026-08-29,wk inc covid hosp,2,2026-09-12,47,quantile,0.75,54.0
2026-08-29,wk inc covid hosp,2,2026-09-12,47,quantile,0.8,56.0
2026-08-29,wk inc covid hosp,2,2026-09-12,47,quantile,0.85,60.0
2026-08-29,wk inc covid hosp,2,2026-09-12,47,quantile,0.9,65.0
2026-08-29,wk inc covid hosp,2,2026-09-12,47,quantile,0.95,77.0
2026-08-29,wk inc covid hosp,2,2026-09-12,47,quantile,0.975,91.0
2026-08-29,wk inc covid hosp,2,2026-09-12,47,quantile,0.99,108.00999999999999
2026-08-29,wk inc covid hosp,2,2026-09-12,48,quantile,0.01,87.72
2026-08-29,wk inc covid hosp,2,2026-09-12,48,quantile,0.025,132.85000000000002
2026-08-29,wk inc covid hosp,2,2026-09-12,48,quantile,0.05,163.9
2026-08-29,wk inc covid hosp,2,2026-09-12,48,quantile,0.1,200.8
2026-08-29,wk inc covid hosp,2,2026-09-12,48,quantile,0.15,219.7
2026-08-29,wk inc covid hosp,2,2026-09-12,48,quantile,0.2,238.0
2026-08-29,wk inc covid hosp,2,2026-09-12,48,quantile,0.25,251.0
2026-08-29,wk inc covid hosp,2,2026-09-12,48,quantile,0.3,265.0
2026-08-29,wk inc covid hosp,2,2026-09-12,48,quantile,0.35,276.65
2026-08-29,wk inc covid hosp,2,2026-09-12,48,quantile,0.4,285.0
2026-08-29,wk inc covid hosp,2,2026-09-12,48,quantile,0.45,294.0
2026-08-29,wk inc covid hosp,2,2026-09-12,48,quantile,0.5,302.0
2026-08-29,wk inc covid hosp,2,2026-09-12,48,quantile,0.55,305.0
2026-08-29,wk inc covid hosp,2,2026-09-12,48,quantile,0.6,309.4
2026-08-29,wk inc covid hosp,2,2026-09-12,48,quantile,0.65,320.0
2026-08-29,wk inc covid hosp,2,2026-09-12,48,quantile,0.7,333.0
2026-08-29,wk inc covid hosp,2,2026-09-12,48,quantile,0.75,345.0
2026-08-29,wk inc covid hosp,2,2026-09-12,48,quantile,0.8,358.4000000000001
2026-08-29,wk inc covid hosp,2,2026-09-12,48,quantile,0.85,374.29999999999995
2026-08-29,wk inc covid hosp,2,2026-09-12,48,quantile,0.9,397.5000000000001
2026-08-29,wk inc covid hosp,2,2026-09-12,48,quantile,0.95,443.04999999999995
2026-08-29,wk inc covid hosp,2,2026-09-12,48,quantile,0.975,534.0249999999995
2026-08-29,wk inc covid hosp,2,2026-09-12,48,quantile,0.99,632.1699999999998
2026-08-29,wk inc covid hosp,2,2026-09-12,49,quantile,0.01,0.0
2026-08-29,wk inc covid hosp,2,2026-09-12,49,quantile,0.025,0.0
2026-08-29,wk inc covid hosp,2,2026-09-12,49,quantile,0.05,0.0
2026-08-29,wk inc covid hosp,2,2026-09-12,49,quantile,0.1,1.0
2026-08-29,wk inc covid hosp,2,2026-09-12,49,quantile,0.15,2.0
2026-08-29,wk inc covid hosp,2,2026-09-12,49,quantile,0.2,3.0
2026-08-29,wk inc covid hosp,2,2026-09-12,49,quantile,0.25,4.0
2026-08-29,wk inc covid hosp,2,2026-09-12,49,quantile,0.3,5.0
2026-08-29,wk inc covid hosp,2,2026-09-12,49,quantile,0.35,5.0
2026-08-29,wk inc covid hosp,2,2026-09-12,49,quantile,0.4,6.0
2026-08-29,wk inc covid hosp,2,2026-09-12,49,quantile,0.45,6.0
2026-08-29,wk inc covid hosp,2,2026-09-12,49,quantile,0.5,7.0
2026-08-29,wk inc covid hosp,2,2026-09-12,49,quantile,0.55,7.0
2026-08-29,wk inc covid hosp,2,2026-09-12,49,quantile,0.6,8.0
2026-08-29,wk inc covid hosp,2,2026-09-12,49,quantile,0.65,8.0
2026-08-29,wk inc covid hosp,2,2026-09-12,49,quantile,0.7,9.0
2026-08-29,wk inc covid hosp,2,2026-09-12,49,quantile,0.75,10.0
2026-08-29,wk inc covid hosp,2,2026-09-12,49,quantile,0.8,11.0
2026-08-29,wk inc covid hosp,2,2026-09-12,49,quantile,0.85,11.0
2026-08-29,wk inc covid hosp,2,2026-09-12,49,quantile,0.9,14.0
2026-08-29,wk inc covid hosp,2,2026-09-12,49,quantile,0.95,17.0
2026-08-29,wk inc covid hosp,2,2026-09-12,49,quantile,0.975,23.524999999999977
2026-08-29,wk inc covid hosp,2,2026-09-12,49,quantile,0.99,33.01999999999998
2026-08-29,wk inc covid hosp,2,2026-09-12,50,quantile,0.01,0.0
2026-08-29,wk inc covid hosp,2,2026-09-12,50,quantile,0.025,0.0
2026-08-29,wk inc covid hosp,2,2026-09-12,50,quantile,0.05,0.0
2026-08-29,wk inc covid hosp,2,2026-09-12,50,quantile,0.1,0.0
2026-08-29,wk inc covid hosp,2,2026-09-12,50,quantile,0.15,0.0
2026-08-29,wk inc covid hosp,2,2026-09-12,50,quantile,0.2,0.0
2026-08-29,wk inc covid hosp,2,2026-09-12,50,quantile,0.25,1.0
2026-08-29,wk inc covid hosp,2,2026-09-12,50,quantile,0.3,1.0
2026-08-29,wk inc covid hosp,2,2026-09-12,50,quantile,0.35,1.0
2026-08-29,wk inc covid hosp,2,2026-09-12,50,quantile,0.4,1.0
2026-08-29,wk inc covid hosp,2,2026-09-12,50,quantile,0.45,1.0
2026-08-29,wk inc covid hosp,2,2026-09-12,50,quantile,0.5,1.0
2026-08-29,wk inc covid hosp,2,2026-09-12,50,quantile,0.55,1.0
2026-08-29,wk inc covid hosp,2,2026-09-12,50,quantile,0.6,1.0
2026-08-29,wk inc covid hosp,2,2026-09-12,50,quantile,0.65,1.0
2026-08-29,wk inc covid hosp,2,2026-09-12,50,quantile,0.7,1.0
2026-08-29,wk inc covid hosp,2,2026-09-12,50,quantile,0.75,2.0
2026-08-29,wk inc covid hosp,2,2026-09-12,50,quantile,0.8,2.0
2026-08-29,wk inc covid hosp,2,2026-09-12,50,quantile,0.85,2.0
2026-08-29,wk inc covid hosp,2,2026-09-12,50,quantile,0.9,2.0
2026-08-29,wk inc covid hosp,2,2026-09-12,50,quantile,0.95,3.0
2026-08-29,wk inc covid hosp,2,2026-09-12,50,quantile,0.975,4.0
2026-08-29,wk inc covid hosp,2,2026-09-12,50,quantile,0.99,5.0
2026-08-29,wk inc covid hosp,2,2026-09-12,51,quantile,0.01,0.0
2026-08-29,wk inc covid hosp,2,2026-09-12,51,quantile,0.025,5.475000000000001
2026-08-29,wk inc covid hosp,2,2026-09-12,51,quantile,0.05,10.0
2026-08-29,wk inc covid hosp,2,2026-09-12,51,quantile,0.1,16.0
2026-08-29,wk inc covid hosp,2,2026-09-12,51,quantile,0.15,20.0
2026-08-29,wk inc covid hosp,2,2026-09-12,51,quantile,0.2,22.0
2026-08-29,wk inc covid hosp,2,2026-09-12,51,quantile,0.25,24.0
2026-08-29,wk inc covid hosp,2,2026-09-12,51,quantile,0.3,27.0
2026-08-29,wk inc covid hosp,2,2026-09-12,51,quantile,0.35,28.0
2026-08-29,wk inc covid hosp,2,2026-09-12,51,quantile,0.4,29.0
2026-08-29,wk inc covid hosp,2,2026-09-12,51,quantile,0.45,31.0
2026-08-29,wk inc covid hosp,2,2026-09-12,51,quantile,0.5,31.0
2026-08-29,wk inc covid hosp,2,2026-09-12,51,quantile,0.55,32.0
2026-08-29,wk inc covid hosp,2,2026-09-12,51,quantile,0.6,33.0
2026-08-29,wk inc covid hosp,2,2026-09-12,51,quantile,0.65,34.0
2026-08-29,wk inc covid hosp,2,2026-09-12,51,quantile,0.7,36.0
2026-08-29,wk inc covid hosp,2,2026-09-12,51,quantile,0.75,38.0
2026-08-29,wk inc covid hosp,2,2026-09-12,51,quantile,0.8,40.0
2026-08-29,wk inc covid hosp,2,2026-09-12,51,quantile,0.85,44.0
2026-08-29,wk inc covid hosp,2,2026-09-12,51,quantile,0.9,49.0
2026-08-29,wk inc covid hosp,2,2026-09-12,51,quantile,0.95,57.0
2026-08-29,wk inc covid hosp,2,2026-09-12,51,quantile,0.975,70.0
2026-08-29,wk inc covid hosp,2,2026-09-12,51,quantile,0.99,92.01999999999998
2026-08-29,wk inc covid hosp,2,2026-09-12,53,quantile,0.01,3.99
2026-08-29,wk inc covid hosp,2,2026-09-12,53,quantile,0.025,12.900000000000006
2026-08-29,wk inc covid hosp,2,2026-09-12,53,quantile,0.05,20.0
2026-08-29,wk inc covid hosp,2,2026-09-12,53,quantile,0.1,25.0
2026-08-29,wk inc covid hosp,2,2026-09-12,53,quantile,0.15,30.0
2026-08-29,wk inc covid hosp,2,2026-09-12,53,quantile,0.2,34.0
2026-08-29,wk inc covid hosp,2,2026-09-12,53,quantile,0.25,37.0
2026-08-29,wk inc covid hosp,2,2026-09-12,53,quantile,0.3,39.0
2026-08-29,wk inc covid hosp,2,2026-09-12,53,quantile,0.35,42.0
2026-08-29,wk inc covid hosp,2,2026-09-12,53,quantile,0.4,44.0
2026-08-29,wk inc covid hosp,2,2026-09-12,53,quantile,0.45,46.0
2026-08-29,wk inc covid hosp,2,2026-09-12,53,quantile,0.5,47.0
2026-08-29,wk inc covid hosp,2,2026-09-12,53,quantile,0.55,48.0
2026-08-29,wk inc covid hosp,2,2026-09-12,53,quantile,0.6,49.0
2026-08-29,wk inc covid hosp,2,2026-09-12,53,quantile,0.65,51.0
2026-08-29,wk inc covid hosp,2,2026-09-12,53,quantile,0.7,54.0
2026-08-29,wk inc covid hosp,2,2026-09-12,53,quantile,0.75,55.25
2026-08-29,wk inc covid hosp,2,2026-09-12,53,quantile,0.8,58.0
2026-08-29,wk inc covid hosp,2,2026-09-12,53,quantile,0.85,61.14999999999998
2026-08-29,wk inc covid hosp,2,2026-09-12,53,quantile,0.9,69.10000000000002
2026-08-29,wk inc covid hosp,2,2026-09-12,53,quantile,0.95,78.04999999999995
2026-08-29,wk inc covid hosp,2,2026-09-12,53,quantile,0.975,93.57499999999993
2026-08-29,wk inc covid hosp,2,2026-09-12,53,quantile,0.99,127.1099999999999
2026-08-29,wk inc covid hosp,2,2026-09-12,54,quantile,0.01,0.0
2026-08-29,wk inc covid hosp,2,2026-09-12,54,quantile,0.025,0.0
2026-08-29,wk inc covid hosp,2,2026-09-12,54,quantile,0.05,0.0
2026-08-29,wk inc covid hosp,2,2026-09-12,54,quantile,0.1,0.0
2026-08-29,wk inc covid hosp,2,2026-09-12,54,quantile,0.15,1.0
2026-08-29,wk inc covid hosp,2,2026-09-12,54,quantile,0.2,1.0
2026-08-29,wk inc covid hosp,2,2026-09-12,54,quantile,0.25,2.0
2026-08-29,wk inc covid hosp,2,2026-09-12,54,quantile,0.3,2.0
2026-08-29,wk inc covid hosp,2,2026-09-12,54,quantile,0.35,2.6499999999999773
2026-08-29,wk inc covid hosp,2,2026-09-12,54,quantile,0.4,3.0
2026-08-29,wk inc covid hosp,2,2026-09-12,54,quantile,0.45,3.0
2026-08-29,wk inc covid hosp,2,2026-09-12,54,quantile,0.5,3.0
2026-08-29,wk inc covid hosp,2,2026-09-12,54,quantile,0.55,3.0
2026-08-29,wk inc covid hosp,2,2026-09-12,54,quantile,0.6,4.0
2026-08-29,wk inc covid hosp,2,2026-09-12,54,quantile,0.65,4.0
2026-08-29,wk inc covid hosp,2,2026-09-12,54,quantile,0.7,4.0
2026-08-29,wk inc covid hosp,2,2026-09-12,54,quantile,0.75,4.0
2026-08-29,wk inc covid hosp,2,2026-09-12,54,quantile,0.8,5.0
2026-08-29,wk inc covid hosp,2,2026-09-12,54,quantile,0.85,5.0
2026-08-29,wk inc covid hosp,2,2026-09-12,54,quantile,0.9,6.0
2026-08-29,wk inc covid hosp,2,2026-09-12,54,quantile,0.95,8.0
2026-08-29,wk inc covid hosp,2,2026-09-12,54,quantile,0.975,10.0
2026-08-29,wk inc covid hosp,2,2026-09-12,54,quantile,0.99,11.0
2026-08-29,wk inc covid hosp,2,2026-09-12,55,quantile,0.01,0.0
2026-08-29,wk inc covid hosp,2,2026-09-12,55,quantile,0.025,0.0
2026-08-29,wk inc covid hosp,2,2026-09-12,55,quantile,0.05,0.0
2026-08-29,wk inc covid hosp,2,2026-09-12,55,quantile,0.1,2.0
2026-08-29,wk inc covid hosp,2,2026-09-12,55,quantile,0.15,4.0
2026-08-29,wk inc covid hosp,2,2026-09-12,55,quantile,0.2,6.0
2026-08-29,wk inc covid hosp,2,2026-09-12,55,quantile,0.25,8.0
2026-08-29,wk inc covid hosp,2,2026-09-12,55,quantile,0.3,9.0
2026-08-29,wk inc covid hosp,2,2026-09-12,55,quantile,0.35,11.0
2026-08-29,wk inc covid hosp,2,2026-09-12,55,quantile,0.4,12.0
2026-08-29,wk inc covid hosp,2,2026-09-12,55,quantile,0.45,13.0
2026-08-29,wk inc covid hosp,2,2026-09-12,55,quantile,0.5,14.0
2026-08-29,wk inc covid hosp,2,2026-09-12,55,quantile,0.55,14.0
2026-08-29,wk inc covid hosp,2,2026-09-12,55,quantile,0.6,15.0
2026-08-29,wk inc covid hosp,2,2026-09-12,55,quantile,0.65,16.0
2026-08-29,wk inc covid hosp,2,2026-09-12,55,quantile,0.7,17.0
2026-08-29,wk inc covid hosp,2,2026-09-12,55,quantile,0.75,18.0
2026-08-29,wk inc covid hosp,2,2026-09-12,55,quantile,0.8,20.0
2026-08-29,wk inc covid hosp,2,2026-09-12,55,quantile,0.85,22.0
2026-08-29,wk inc covid hosp,2,2026-09-12,55,quantile,0.9,25.0
2026-08-29,wk inc covid hosp,2,2026-09-12,55,quantile,0.95,30.049999999999955
2026-08-29,wk inc covid hosp,2,2026-09-12,55,quantile,0.975,47.0
2026-08-29,wk inc covid hosp,2,2026-09-12,55,quantile,0.99,50.09999999999991
2026-08-29,wk inc covid hosp,2,2026-09-12,56,quantile,0.01,0.0
2026-08-29,wk inc covid hosp,2,2026-09-12,56,quantile,0.025,0.0
2026-08-29,wk inc covid hosp,2,2026-09-12,56,quantile,0.05,0.0
2026-08-29,wk inc covid hosp,2,2026-09-12,56,quantile,0.1,0.0
2026-08-29,wk inc covid hosp,2,2026-09-12,56,quantile,0.15,0.0
2026-08-29,wk inc covid hosp,2,2026-09-12,56,quantile,0.2,0.0
2026-08-29,wk inc covid hosp,2,2026-09-12,56,quantile,0.25,0.0
2026-08-29,wk inc covid hosp,2,2026-09-12,56,quantile,0.3,1.0
2026-08-29,wk inc covid hosp,2,2026-09-12,56,quantile,0.35,1.0
2026-08-29,wk inc covid hosp,2,2026-09-12,56,quantile,0.4,1.0
2026-08-29,wk inc covid hosp,2,2026-09-12,56,quantile,0.45,1.0
2026-08-29,wk inc covid hosp,2,2026-09-12,56,quantile,0.5,1.0
2026-08-29,wk inc covid hosp,2,2026-09-12,56,quantile,0.55,1.0
2026-08-29,wk inc covid hosp,2,2026-09-12,56,quantile,0.6,1.0
2026-08-29,wk inc covid hosp,2,2026-09-12,56,quantile,0.65,1.0
2026-08-29,wk inc covid hosp,2,2026-09-12,56,quantile,0.7,2.0
2026-08-29,wk inc covid hosp,2,2026-09-12,56,quantile,0.75,2.0
2026-08-29,wk inc covid hosp,2,2026-09-12,56,quantile,0.8,2.0
2026-08-29,wk inc covid hosp,2,2026-09-12,56,quantile,0.85,2.0
2026-08-29,wk inc covid hosp,2,2026-09-12,56,quantile,0.9,3.0
2026-08-29,wk inc covid hosp,2,2026-09-12,56,quantile,0.95,3.0
2026-08-29,wk inc covid hosp,2,2026-09-12,56,quantile,0.975,5.0
2026-08-29,wk inc covid hosp,2,2026-09-12,56,quantile,0.99,7.0
2026-08-29,wk inc covid hosp,2,2026-09-12,72,quantile,0.01,0.0
2026-08-29,wk inc covid hosp,2,2026-09-12,72,quantile,0.025,16.475
2026-08-29,wk inc covid hosp,2,2026-09-12,72,quantile,0.05,29.900000000000006
2026-08-29,wk inc covid hosp,2,2026-09-12,72,quantile,0.1,44.900000000000006
2026-08-29,wk inc covid hosp,2,2026-09-12,72,quantile,0.15,52.849999999999994
2026-08-29,wk inc covid hosp,2,2026-09-12,72,quantile,0.2,62.0
2026-08-29,wk inc covid hosp,2,2026-09-12,72,quantile,0.25,68.0
2026-08-29,wk inc covid hosp,2,2026-09-12,72,quantile,0.3,74.0
2026-08-29,wk inc covid hosp,2,2026-09-12,72,quantile,0.35,78.0
2026-08-29,wk inc covid hosp,2,2026-09-12,72,quantile,0.4,83.0
2026-08-29,wk inc covid hosp,2,2026-09-12,72,quantile,0.45,87.55000000000001
2026-08-29,wk inc covid hosp,2,2026-09-12,72,quantile,0.5,89.0
2026-08-29,wk inc covid hosp,2,2026-09-12,72,quantile,0.55,91.0
2026-08-29,wk inc covid hosp,2,2026-09-12,72,quantile,0.6,94.0
2026-08-29,wk inc covid hosp,2,2026-09-12,72,quantile,0.65,98.0
2026-08-29,wk inc covid hosp,2,2026-09-12,72,quantile,0.7,105.0
2026-08-29,wk inc covid hosp,2,2026-09-12,72,quantile,0.75,111.0
2026-08-29,wk inc covid hosp,2,2026-09-12,72,quantile,0.8,120.0
2026-08-29,wk inc covid hosp,2,2026-09-12,72,quantile,0.85,132.0
2026-08-29,wk inc covid hosp,2,2026-09-12,72,quantile,0.9,149.20000000000005
2026-08-29,wk inc covid hosp,2,2026-09-12,72,quantile,0.95,210.04999999999995
2026-08-29,wk inc covid hosp,2,2026-09-12,72,quantile,0.975,239.57499999999993
2026-08-29,wk inc covid hosp,2,2026-09-12,72,quantile,0.99,296.1899999999998
2026-08-29,wk inc covid hosp,3,2026-09-19,01,quantile,0.01,19.98
2026-08-29,wk inc covid hosp,3,2026-09-19,01,quantile,0.025,26.475
2026-08-29,wk inc covid hosp,3,2026-09-19,01,quantile,0.05,37.900000000000006
2026-08-29,wk inc covid hosp,3,2026-09-19,01,quantile,0.1,43.0
2026-08-29,wk inc covid hosp,3,2026-09-19,01,quantile,0.15,49.0
2026-08-29,wk inc covid hosp,3,2026-09-19,01,quantile,0.2,52.0
2026-08-29,wk inc covid hosp,3,2026-09-19,01,quantile,0.25,54.75
2026-08-29,wk inc covid hosp,3,2026-09-19,01,quantile,0.3,56.0
2026-08-29,wk inc covid hosp,3,2026-09-19,01,quantile,0.35,58.64999999999998
2026-08-29,wk inc covid hosp,3,2026-09-19,01,quantile,0.4,60.0
2026-08-29,wk inc covid hosp,3,2026-09-19,01,quantile,0.45,62.0
2026-08-29,wk inc covid hosp,3,2026-09-19,01,quantile,0.5,63.0
2026-08-29,wk inc covid hosp,3,2026-09-19,01,quantile,0.55,64.0
2026-08-29,wk inc covid hosp,3,2026-09-19,01,quantile,0.6,65.0
2026-08-29,wk inc covid hosp,3,2026-09-19,01,quantile,0.65,67.35000000000002
2026-08-29,wk inc covid hosp,3,2026-09-19,01,quantile,0.7,70.0
2026-08-29,wk inc covid hosp,3,2026-09-19,01,quantile,0.75,73.0
2026-08-29,wk inc covid hosp,3,2026-09-19,01,quantile,0.8,76.0
2026-08-29,wk inc covid hosp,3,2026-09-19,01,quantile,0.85,79.0
2026-08-29,wk inc covid hosp,3,2026-09-19,01,quantile,0.9,84.0
2026-08-29,wk inc covid hosp,3,2026-09-19,01,quantile,0.95,95.0
2026-08-29,wk inc covid hosp,3,2026-09-19,01,quantile,0.975,105.04999999999995
2026-08-29,wk inc covid hosp,3,2026-09-19,01,quantile,0.99,123.00999999999999
2026-08-29,wk inc covid hosp,3,2026-09-19,02,quantile,0.01,0.0
2026-08-29,wk inc covid hosp,3,2026-09-19,02,quantile,0.025,0.0
2026-08-29,wk inc covid hosp,3,2026-09-19,02,quantile,0.05,0.0
2026-08-29,wk inc covid hosp,3,2026-09-19,02,quantile,0.1,1.0
2026-08-29,wk inc covid hosp,3,2026-09-19,02,quantile,0.15,1.0
2026-08-29,wk inc covid hosp,3,2026-09-19,02,quantile,0.2,2.0
2026-08-29,wk inc covid hosp,3,2026-09-19,02,quantile,0.25,2.0
2026-08-29,wk inc covid hosp,3,2026-09-19,02,quantile,0.3,2.0
2026-08-29,wk inc covid hosp,3,2026-09-19,02,quantile,0.35,2.0
2026-08-29,wk inc covid hosp,3,2026-09-19,02,quantile,0.4,2.0
2026-08-29,wk inc covid hosp,3,2026-09-19,02,quantile,0.45,2.0
2026-08-29,wk inc covid hosp,3,2026-09-19,02,quantile,0.5,3.0
2026-08-29,wk inc covid hosp,3,2026-09-19,02,quantile,0.55,3.0
2026-08-29,wk inc covid hosp,3,2026-09-19,02,quantile,0.6,3.0
2026-08-29,wk inc covid hosp,3,2026-09-19,02,quantile,0.65,3.0
2026-08-29,wk inc covid hosp,3,2026-09-19,02,quantile,0.7,3.0
2026-08-29,wk inc covid hosp,3,2026-09-19,02,quantile,0.75,3.0
2026-08-29,wk inc covid hosp,3,2026-09-19,02,quantile,0.8,3.0
2026-08-29,wk inc covid hosp,3,2026-09-19,02,quantile,0.85,4.0
2026-08-29,wk inc covid hosp,3,2026-09-19,02,quantile,0.9,4.0
2026-08-29,wk inc covid hosp,3,2026-09-19,02,quantile,0.95,5.0
2026-08-29,wk inc covid hosp,3,2026-09-19,02,quantile,0.975,6.0
2026-08-29,wk inc covid hosp,3,2026-09-19,02,quantile,0.99,8.0
2026-08-29,wk inc covid hosp,3,2026-09-19,04,quantile,0.01,0.0
2026-08-29,wk inc covid hosp,3,2026-09-19,04,quantile,0.025,8.475000000000001
2026-08-29,wk inc covid hosp,3,2026-09-19,04,quantile,0.05,20.0
2026-08-29,wk inc covid hosp,3,2026-09-19,04,quantile,0.1,27.0
2026-08-29,wk inc covid hosp,3,2026-09-19,04,quantile,0.15,31.0
2026-08-29,wk inc covid hosp,3,2026-09-19,04,quantile,0.2,34.0
2026-08-29,wk inc covid hosp,3,2026-09-19,04,quantile,0.25,37.0
2026-08-29,wk inc covid hosp,3,2026-09-19,04,quantile,0.3,39.0
2026-08-29,wk inc covid hosp,3,2026-09-19,04,quantile,0.35,41.0
2026-08-29,wk inc covid hosp,3,2026-09-19,04,quantile,0.4,42.0
2026-08-29,wk inc covid hosp,3,2026-09-19,04,quantile,0.45,44.0
2026-08-29,wk inc covid hosp,3,2026-09-19,04,quantile,0.5,46.0
2026-08-29,wk inc covid hosp,3,2026-09-19,04,quantile,0.55,47.0
2026-08-29,wk inc covid hosp,3,2026-09-19,04,quantile,0.6,48.0
2026-08-29,wk inc covid hosp,3,2026-09-19,04,quantile,0.65,50.0
2026-08-29,wk inc covid hosp,3,2026-09-19,04,quantile,0.7,52.0
2026-08-29,wk inc covid hosp,3,2026-09-19,04,quantile,0.75,54.0
2026-08-29,wk inc covid hosp,3,2026-09-19,04,quantile,0.8,56.200000000000045
2026-08-29,wk inc covid hosp,3,2026-09-19,04,quantile,0.85,60.0
2026-08-29,wk inc covid hosp,3,2026-09-19,04,quantile,0.9,66.0
2026-08-29,wk inc covid hosp,3,2026-09-19,04,quantile,0.95,73.04999999999995
2026-08-29,wk inc covid hosp,3,2026-09-19,04,quantile,0.975,79.04999999999995
2026-08-29,wk inc covid hosp,3,2026-09-19,04,quantile,0.99,98.15999999999985
2026-08-29,wk inc covid hosp,3,2026-09-19,05,quantile,0.01,0.0
2026-08-29,wk inc covid hosp,3,2026-09-19,05,quantile,0.025,0.0
2026-08-29,wk inc covid hosp,3,2026-09-19,05,quantile,0.05,2.0
2026-08-29,wk inc covid hosp,3,2026-09-19,05,quantile,0.1,5.0
2026-08-29,wk inc covid hosp,3,2026-09-19,05,quantile,0.15,7.0
2026-08-29,wk inc covid hosp,3,2026-09-19,05,quantile,0.2,7.0
2026-08-29,wk inc covid hosp,3,2026-09-19,05,quantile,0.25,8.0
2026-08-29,wk inc covid hosp,3,2026-09-19,05,quantile,0.3,8.0
2026-08-29,wk inc covid hosp,3,2026-09-19,05,quantile,0.35,9.0
2026-08-29,wk inc covid hosp,3,2026-09-19,05,quantile,0.4,10.0
2026-08-29,wk inc covid hosp,3,2026-09-19,05,quantile,0.45,10.0
2026-08-29,wk inc covid hosp,3,2026-09-19,05,quantile,0.5,11.0
2026-08-29,wk inc covid hosp,3,2026-09-19,05,quantile,0.55,11.0
2026-08-29,wk inc covid hosp,3,2026-09-19,05,quantile,0.6,12.0
2026-08-29,wk inc covid hosp,3,2026-09-19,05,quantile,0.65,12.0
2026-08-29,wk inc covid hosp,3,2026-09-19,05,quantile,0.7,13.0
2026-08-29,wk inc covid hosp,3,2026-09-19,05,quantile,0.75,14.0
2026-08-29,wk inc covid hosp,3,2026-09-19,05,quantile,0.8,14.200000000000045
2026-08-29,wk inc covid hosp,3,2026-09-19,05,quantile,0.85,15.149999999999977
2026-08-29,wk inc covid hosp,3,2026-09-19,05,quantile,0.9,17.0
2026-08-29,wk inc covid hosp,3,2026-09-19,05,quantile,0.95,23.049999999999955
2026-08-29,wk inc covid hosp,3,2026-09-19,05,quantile,0.975,27.0
2026-08-29,wk inc covid hosp,3,2026-09-19,05,quantile,0.99,31.029999999999973
2026-08-29,wk inc covid hosp,3,2026-09-19,06,quantile,0.01,151.78
2026-08-29,wk inc covid hosp,3,2026-09-19,06,quantile,0.025,218.0
2026-08-29,wk inc covid hosp,3,2026-09-19,06,quantile,0.05,247.0
2026-08-29,wk inc covid hosp,3,2026-09-19,06,quantile,0.1,301.8
2026-08-29,wk inc covid hosp,3,2026-09-19,06,quantile,0.15,340.0
2026-08-29,wk inc covid hosp,3,2026-09-19,06,quantile,0.2,360.6
2026-08-29,wk inc covid hosp,3,2026-09-19,06,quantile,0.25,378.75
2026-08-29,wk inc covid hosp,3,2026-09-19,06,quantile,0.3,392.7
2026-08-29,wk inc covid hosp,3,2026-09-19,06,quantile,0.35,404.0
2026-08-29,wk inc covid hosp,3,2026-09-19,06,quantile,0.4,419.20000000000005
2026-08-29,wk inc covid hosp,3,2026-09-19,06,quantile,0.45,431.0
2026-08-29,wk inc covid hosp,3,2026-09-19,06,quantile,0.5,440.0
2026-08-29,wk inc covid hosp,3,2026-09-19,06,quantile,0.55,444.0
2026-08-29,wk inc covid hosp,3,2026-09-19,06,quantile,0.6,455.0
2026-08-29,wk inc covid hosp,3,2026-09-19,06,quantile,0.65,467.35
2026-08-29,wk inc covid hosp,3,2026-09-19,06,quantile,0.7,479.0
2026-08-29,wk inc covid hosp,3,2026-09-19,06,quantile,0.75,494.25
2026-08-29,wk inc covid hosp,3,2026-09-19,06,quantile,0.8,519.0
2026-08-29,wk inc covid hosp,3,2026-09-19,06,quantile,0.85,546.0
2026-08-29,wk inc covid hosp,3,2026-09-19,06,quantile,0.9,579.2
2026-08-29,wk inc covid hosp,3,2026-09-19,06,quantile,0.95,644.1999999999998
2026-08-29,wk inc covid hosp,3,2026-09-19,06,quantile,0.975,752.05
2026-08-29,wk inc covid hosp,3,2026-09-19,06,quantile,0.99,956.1599999999999
2026-08-29,wk inc covid hosp,3,2026-09-19,08,quantile,0.01,0.0
2026-08-29,wk inc covid hosp,3,2026-09-19,08,quantile,0.025,0.0
2026-08-29,wk inc covid hosp,3,2026-09-19,08,quantile,0.05,5.0
2026-08-29,wk inc covid hosp,3,2026-09-19,08,quantile,0.1,10.0
2026-08-29,wk inc covid hosp,3,2026-09-19,08,quantile,0.15,13.0
2026-08-29,wk inc covid hosp,3,2026-09-19,08,quantile,0.2,15.0
2026-08-29,wk inc covid hosp,3,2026-09-19,08,quantile,0.25,16.0
2026-08-29,wk inc covid hosp,3,2026-09-19,08,quantile,0.3,18.0
2026-08-29,wk inc covid hosp,3,2026-09-19,08,quantile,0.35,19.0
2026-08-29,wk inc covid hosp,3,2026-09-19,08,quantile,0.4,20.0
2026-08-29,wk inc covid hosp,3,2026-09-19,08,quantile,0.45,21.0
2026-08-29,wk inc covid hosp,3,2026-09-19,08,quantile,0.5,22.0
2026-08-29,wk inc covid hosp,3,2026-09-19,08,quantile,0.55,23.0
2026-08-29,wk inc covid hosp,3,2026-09-19,08,quantile,0.6,24.0
2026-08-29,wk inc covid hosp,3,2026-09-19,08,quantile,0.65,25.0
2026-08-29,wk inc covid hosp,3,2026-09-19,08,quantile,0.7,26.0
2026-08-29,wk inc covid hosp,3,2026-09-19,08,quantile,0.75,27.0
2026-08-29,wk inc covid hosp,3,2026-09-19,08,quantile,0.8,28.200000000000045
2026-08-29,wk inc covid hosp,3,2026-09-19,08,quantile,0.85,31.0
2026-08-29,wk inc covid hosp,3,2026-09-19,08,quantile,0.9,34.10000000000002
2026-08-29,wk inc covid hosp,3,2026-09-19,08,quantile,0.95,39.0
2026-08-29,wk inc covid hosp,3,2026-09-19,08,quantile,0.975,45.52499999999998
2026-08-29,wk inc covid hosp,3,2026-09-19,08,quantile,0.99,63.02999999999997
2026-08-29,wk inc covid hosp,3,2026-09-19,09,quantile,0.01,0.0
2026-08-29,wk inc covid hosp,3,2026-09-19,09,quantile,0.025,0.4750000000000014
2026-08-29,wk inc covid hosp,3,2026-09-19,09,quantile,0.05,2.0
2026-08-29,wk inc covid hosp,3,2026-09-19,09,quantile,0.1,5.0
2026-08-29,wk inc covid hosp,3,2026-09-19,09,quantile,0.15,7.0
2026-08-29,wk inc covid hosp,3,2026-09-19,09,quantile,0.2,8.0
2026-08-29,wk inc covid hosp,3,2026-09-19,09,quantile,0.25,9.0
2026-08-29,wk inc covid hosp,3,2026-09-19,09,quantile,0.3,10.0
2026-08-29,wk inc covid hosp,3,2026-09-19,09,quantile,0.35,11.0
2026-08-29,wk inc covid hosp,3,2026-09-19,09,quantile,0.4,11.0
2026-08-29,wk inc covid hosp,3,2026-09-19,09,quantile,0.45,12.0
2026-08-29,wk inc covid hosp,3,2026-09-19,09,quantile,0.5,13.0
2026-08-29,wk inc covid hosp,3,2026-09-19,09,quantile,0.55,13.0
2026-08-29,wk inc covid hosp,3,2026-09-19,09,quantile,0.6,14.0
2026-08-29,wk inc covid hosp,3,2026-09-19,09,quantile,0.65,14.0
2026-08-29,wk inc covid hosp,3,2026-09-19,09,quantile,0.7,15.0
2026-08-29,wk inc covid hosp,3,2026-09-19,09,quantile,0.75,15.0
2026-08-29,wk inc covid hosp,3,2026-09-19,09,quantile,0.8,16.0
2026-08-29,wk inc covid hosp,3,2026-09-19,09,quantile,0.85,17.0
2026-08-29,wk inc covid hosp,3,2026-09-19,09,quantile,0.9,19.0
2026-08-29,wk inc covid hosp,3,2026-09-19,09,quantile,0.95,22.0
2026-08-29,wk inc covid hosp,3,2026-09-19,09,quantile,0.975,25.524999999999977
2026-08-29,wk inc covid hosp,3,2026-09-19,09,quantile,0.99,32.0
2026-08-29,wk inc covid hosp,3,2026-09-19,10,quantile,0.01,0.0
2026-08-29,wk inc covid hosp,3,2026-09-19,10,quantile,0.025,0.0
2026-08-29,wk inc covid hosp,3,2026-09-19,10,quantile,0.05,0.0
2026-08-29,wk inc covid hosp,3,2026-09-19,10,quantile,0.1,0.0
2026-08-29,wk inc covid hosp,3,2026-09-19,10,quantile,0.15,1.0
2026-08-29,wk inc covid hosp,3,2026-09-19,10,quantile,0.2,1.0
2026-08-29,wk inc covid hosp,3,2026-09-19,10,quantile,0.25,1.0
2026-08-29,wk inc covid hosp,3,2026-09-19,10,quantile,0.3,2.0
2026-08-29,wk inc covid hosp,3,2026-09-19,10,quantile,0.35,2.0
2026-08-29,wk inc covid hosp,3,2026-09-19,10,quantile,0.4,2.0
2026-08-29,wk inc covid hosp,3,2026-09-19,10,quantile,0.45,2.0
2026-08-29,wk inc covid hosp,3,2026-09-19,10,quantile,0.5,2.0
2026-08-29,wk inc covid hosp,3,2026-09-19,10,quantile,0.55,2.0
2026-08-29,wk inc covid hosp,3,2026-09-19,10,quantile,0.6,2.0
2026-08-29,wk inc covid hosp,3,2026-09-19,10,quantile,0.65,3.0
2026-08-29,wk inc covid hosp,3,2026-09-19,10,quantile,0.7,3.0
2026-08-29,wk inc covid hosp,3,2026-09-19,10,quantile,0.75,3.0
2026-08-29,wk inc covid hosp,3,2026-09-19,10,quantile,0.8,3.0
2026-08-29,wk inc covid hosp,3,2026-09-19,10,quantile,0.85,3.0
2026-08-29,wk inc covid hosp,3,2026-09-19,10,quantile,0.9,4.0
2026-08-29,wk inc covid hosp,3,2026-09-19,10,quantile,0.95,5.0
2026-08-29,wk inc covid hosp,3,2026-09-19,10,quantile,0.975,6.0
2026-08-29,wk inc covid hosp,3,2026-09-19,10,quantile,0.99,8.0
2026-08-29,wk inc covid hosp,3,2026-09-19,11,quantile,0.01,0.0
2026-08-29,wk inc covid hosp,3,2026-09-19,11,quantile,0.025,0.0
2026-08-29,wk inc covid hosp,3,2026-09-19,11,quantile,0.05,0.0
2026-08-29,wk inc covid hosp,3,2026-09-19,11,quantile,0.1,1.0
2026-08-29,wk inc covid hosp,3,2026-09-19,11,quantile,0.15,1.0
2026-08-29,wk inc covid hosp,3,2026-09-19,11,quantile,0.2,1.0
2026-08-29,wk inc covid hosp,3,2026-09-19,11,quantile,0.25,2.0
2026-08-29,wk inc covid hosp,3,2026-09-19,11,quantile,0.3,2.0
2026-08-29,wk inc covid hosp,3,2026-09-19,11,quantile,0.35,2.0
2026-08-29,wk inc covid hosp,3,2026-09-19,11,quantile,0.4,2.0
2026-08-29,wk inc covid hosp,3,2026-09-19,11,quantile,0.45,2.0
2026-08-29,wk inc covid hosp,3,2026-09-19,11,quantile,0.5,3.0
2026-08-29,wk inc covid hosp,3,2026-09-19,11,quantile,0.55,3.0
2026-08-29,wk inc covid hosp,3,2026-09-19,11,quantile,0.6,3.0
2026-08-29,wk inc covid hosp,3,2026-09-19,11,quantile,0.65,3.0
2026-08-29,wk inc covid hosp,3,2026-09-19,11,quantile,0.7,3.0
2026-08-29,wk inc covid hosp,3,2026-09-19,11,quantile,0.75,3.0
2026-08-29,wk inc covid hosp,3,2026-09-19,11,quantile,0.8,4.0
2026-08-29,wk inc covid hosp,3,2026-09-19,11,quantile,0.85,4.0
2026-08-29,wk inc covid hosp,3,2026-09-19,11,quantile,0.9,4.0
2026-08-29,wk inc covid hosp,3,2026-09-19,11,quantile,0.95,5.0499999999999545
2026-08-29,wk inc covid hosp,3,2026-09-19,11,quantile,0.975,7.0
2026-08-29,wk inc covid hosp,3,2026-09-19,11,quantile,0.99,8.0
2026-08-29,wk inc covid hosp,3,2026-09-19,12,quantile,0.01,76.98
2026-08-29,wk inc covid hosp,3,2026-09-19,12,quantile,0.025,129.0
2026-08-29,wk inc covid hosp,3,2026-09-19,12,quantile,0.05,163.8
2026-08-29,wk inc covid hosp,3,2026-09-19,12,quantile,0.1,195.9
2026-08-29,wk inc covid hosp,3,2026-09-19,12,quantile,0.15,222.0
2026-08-29,wk inc covid hosp,3,2026-09-19,12,quantile,0.2,235.8
2026-08-29,wk inc covid hosp,3,2026-09-19,12,quantile,0.25,245.0
2026-08-29,wk inc covid hosp,3,2026-09-19,12,quantile,0.3,252.0
2026-08-29,wk inc covid hosp,3,2026-09-19,12,quantile,0.35,261.65
2026-08-29,wk inc covid hosp,3,2026-09-19,12,quantile,0.4,271.6
2026-08-29,wk inc covid hosp,3,2026-09-19,12,quantile,0.45,278.0
2026-08-29,wk inc covid hosp,3,2026-09-19,12,quantile,0.5,285.0
2026-08-29,wk inc covid hosp,3,2026-09-19,12,quantile,0.55,287.0
2026-08-29,wk inc covid hosp,3,2026-09-19,12,quantile,0.6,290.0
2026-08-29,wk inc covid hosp,3,2026-09-19,12,quantile,0.65,299.0
2026-08-29,wk inc covid hosp,3,2026-09-19,12,quantile,0.7,305.0
2026-08-29,wk inc covid hosp,3,2026-09-19,12,quantile,0.75,316.25
2026-08-29,wk inc covid hosp,3,2026-09-19,12,quantile,0.8,334.20000000000005
2026-08-29,wk inc covid hosp,3,2026-09-19,12,quantile,0.85,350.0
2026-08-29,wk inc covid hosp,3,2026-09-19,12,quantile,0.9,373.20000000000005
2026-08-29,wk inc covid hosp,3,2026-09-19,12,quantile,0.95,422.14999999999986
2026-08-29,wk inc covid hosp,3,2026-09-19,12,quantile,0.975,504.7999999999993
2026-08-29,wk inc covid hosp,3,2026-09-19,12,quantile,0.99,607.1699999999998
2026-08-29,wk inc covid hosp,3,2026-09-19,13,quantile,0.01,0.0
2026-08-29,wk inc covid hosp,3,2026-09-19,13,quantile,0.025,11.375000000000007
2026-08-29,wk inc covid hosp,3,2026-09-19,13,quantile,0.05,25.950000000000003
2026-08-29,wk inc covid hosp,3,2026-09-19,13,quantile,0.1,41.900000000000006
2026-08-29,wk inc covid hosp,3,2026-09-19,13,quantile,0.15,49.849999999999994
2026-08-29,wk inc covid hosp,3,2026-09-19,13,quantile,0.2,57.0
2026-08-29,wk inc covid hosp,3,2026-09-19,13,quantile,0.25,61.0
2026-08-29,wk inc covid hosp,3,2026-09-19,13,quantile,0.3,65.0
2026-08-29,wk inc covid hosp,3,2026-09-19,13,quantile,0.35,67.64999999999998
2026-08-29,wk inc covid hosp,3,2026-09-19,13,quantile,0.4,71.0
2026-08-29,wk inc covid hosp,3,2026-09-19,13,quantile,0.45,73.0
2026-08-29,wk inc covid hosp,3,2026-09-19,13,quantile,0.5,75.0
2026-08-29,wk inc covid hosp,3,2026-09-19,13,quantile,0.55,76.0
2026-08-29,wk inc covid hosp,3,2026-09-19,13,quantile,0.6,78.0
2026-08-29,wk inc covid hosp,3,2026-09-19,13,quantile,0.65,81.0
2026-08-29,wk inc covid hosp,3,2026-09-19,13,quantile,0.7,84.0
2026-08-29,wk inc covid hosp,3,2026-09-19,13,quantile,0.75,87.0
2026-08-29,wk inc covid hosp,3,2026-09-19,13,quantile,0.8,93.20000000000005
2026-08-29,wk inc covid hosp,3,2026-09-19,13,quantile,0.85,100.0
2026-08-29,wk inc covid hosp,3,2026-09-19,13,quantile,0.9,112.0
2026-08-29,wk inc covid hosp,3,2026-09-19,13,quantile,0.95,125.04999999999995
2026-08-29,wk inc covid hosp,3,2026-09-19,13,quantile,0.975,155.0999999999999
2026-08-29,wk inc covid hosp,3,2026-09-19,13,quantile,0.99,186.05999999999995
2026-08-29,wk inc covid hosp,3,2026-09-19,15,quantile,0.01,0.0
2026-08-29,wk inc covid hosp,3,2026-09-19,15,quantile,0.025,1.0
2026-08-29,wk inc covid hosp,3,2026-09-19,15,quantile,0.05,4.0
2026-08-29,wk inc covid hosp,3,2026-09-19,15,quantile,0.1,6.0
2026-08-29,wk inc covid hosp,3,2026-09-19,15,quantile,0.15,9.0
2026-08-29,wk inc covid hosp,3,2026-09-19,15,quantile,0.2,10.0
2026-08-29,wk inc covid hosp,3,2026-09-19,15,quantile,0.25,11.0
2026-08-29,wk inc covid hosp,3,2026-09-19,15,quantile,0.3,12.0
2026-08-29,wk inc covid hosp,3,2026-09-19,15,quantile,0.35,13.0
2026-08-29,wk inc covid hosp,3,2026-09-19,15,quantile,0.4,14.0
2026-08-29,wk inc covid hosp,3,2026-09-19,15,quantile,0.45,14.0
2026-08-29,wk inc covid hosp,3,2026-09-19,15,quantile,0.5,15.0
2026-08-29,wk inc covid hosp,3,2026-09-19,15,quantile,0.55,15.0
2026-08-29,wk inc covid hosp,3,2026-09-19,15,quantile,0.6,16.0
2026-08-29,wk inc covid hosp,3,2026-09-19,15,quantile,0.65,17.0
2026-08-29,wk inc covid hosp,3,2026-09-19,15,quantile,0.7,18.0
2026-08-29,wk inc covid hosp,3,2026-09-19,15,quantile,0.75,19.0
2026-08-29,wk inc covid hosp,3,2026-09-19,15,quantile,0.8,21.0
2026-08-29,wk inc covid hosp,3,2026-09-19,15,quantile,0.85,23.0
2026-08-29,wk inc covid hosp,3,2026-09-19,15,quantile,0.9,26.0
2026-08-29,wk inc covid hosp,3,2026-09-19,15,quantile,0.95,31.0
2026-08-29,wk inc covid hosp,3,2026-09-19,15,quantile,0.975,41.624999999999886
2026-08-29,wk inc covid hosp,3,2026-09-19,15,quantile,0.99,54.08999999999992
2026-08-29,wk inc covid hosp,3,2026-09-19,16,quantile,0.01,0.0
2026-08-29,wk inc covid hosp,3,2026-09-19,16,quantile,0.025,0.0
2026-08-29,wk inc covid hosp,3,2026-09-19,16,quantile,0.05,0.0
2026-08-29,wk inc covid hosp,3,2026-09-19,16,quantile,0.1,1.0
2026-08-29,wk inc covid hosp,3,2026-09-19,16,quantile,0.15,2.0
2026-08-29,wk inc covid hosp,3,2026-09-19,16,quantile,0.2,2.0
2026-08-29,wk inc covid hosp,3,2026-09-19,16,quantile,0.25,3.0
2026-08-29,wk inc covid hosp,3,2026-09-19,16,quantile,0.3,3.0
2026-08-29,wk inc covid hosp,3,2026-09-19,16,quantile,0.35,4.0
2026-08-29,wk inc covid hosp,3,2026-09-19,16,quantile,0.4,4.0
2026-08-29,wk inc covid hosp,3,2026-09-19,16,quantile,0.45,4.0
2026-08-29,wk inc covid hosp,3,2026-09-19,16,quantile,0.5,5.0
2026-08-29,wk inc covid hosp,3,2026-09-19,16,quantile,0.55,5.0
2026-08-29,wk inc covid hosp,3,2026-09-19,16,quantile,0.6,5.0
2026-08-29,wk inc covid hosp,3,2026-09-19,16,quantile,0.65,5.0
2026-08-29,wk inc covid hosp,3,2026-09-19,16,quantile,0.7,6.0
2026-08-29,wk inc covid hosp,3,2026-09-19,16,quantile,0.75,6.0
2026-08-29,wk inc covid hosp,3,2026-09-19,16,quantile,0.8,7.0
2026-08-29,wk inc covid hosp,3,2026-09-19,16,quantile,0.85,7.0
2026-08-29,wk inc covid hosp,3,2026-09-19,16,quantile,0.9,8.0
2026-08-29,wk inc covid hosp,3,2026-09-19,16,quantile,0.95,10.0
2026-08-29,wk inc covid hosp,3,2026-09-19,16,quantile,0.975,14.049999999999955
2026-08-29,wk inc covid hosp,3,2026-09-19,16,quantile,0.99,22.00999999999999
2026-08-29,wk inc covid hosp,3,2026-09-19,17,quantile,0.01,0.0
2026-08-29,wk inc covid hosp,3,2026-09-19,17,quantile,0.025,0.0
2026-08-29,wk inc covid hosp,3,2026-09-19,17,quantile,0.05,0.0
2026-08-29,wk inc covid hosp,3,2026-09-19,17,quantile,0.1,6.0
2026-08-29,wk inc covid hosp,3,2026-09-19,17,quantile,0.15,11.0
2026-08-29,wk inc covid hosp,3,2026-09-19,17,quantile,0.2,14.0
2026-08-29,wk inc covid hosp,3,2026-09-19,17,quantile,0.25,18.0
2026-08-29,wk inc covid hosp,3,2026-09-19,17,quantile,0.3,21.0
2026-08-29,wk inc covid hosp,3,2026-09-19,17,quantile,0.35,24.0
2026-08-29,wk inc covid hosp,3,2026-09-19,17,quantile,0.4,26.0
2026-08-29,wk inc covid hosp,3,2026-09-19,17,quantile,0.45,28.55000000000001
2026-08-29,wk inc covid hosp,3,2026-09-19,17,quantile,0.5,30.0
2026-08-29,wk inc covid hosp,3,2026-09-19,17,quantile,0.55,31.0
2026-08-29,wk inc covid hosp,3,2026-09-19,17,quantile,0.6,32.0
2026-08-29,wk inc covid hosp,3,2026-09-19,17,quantile,0.65,35.0
2026-08-29,wk inc covid hosp,3,2026-09-19,17,quantile,0.7,37.0
2026-08-29,wk inc covid hosp,3,2026-09-19,17,quantile,0.75,40.0
2026-08-29,wk inc covid hosp,3,2026-09-19,17,quantile,0.8,43.0
2026-08-29,wk inc covid hosp,3,2026-09-19,17,quantile,0.85,47.14999999999998
2026-08-29,wk inc covid hosp,3,2026-09-19,17,quantile,0.9,53.0
2026-08-29,wk inc covid hosp,3,2026-09-19,17,quantile,0.95,65.0
2026-08-29,wk inc covid hosp,3,2026-09-19,17,quantile,0.975,75.52499999999998
2026-08-29,wk inc covid hosp,3,2026-09-19,17,quantile,0.99,92.00999999999999
2026-08-29,wk inc covid hosp,3,2026-09-19,18,quantile,0.01,0.0
2026-08-29,wk inc covid hosp,3,2026-09-19,18,quantile,0.025,0.0
2026-08-29,wk inc covid hosp,3,2026-09-19,18,quantile,0.05,0.0
2026-08-29,wk inc covid hosp,3,2026-09-19,18,quantile,0.1,2.0
2026-08-29,wk inc covid hosp,3,2026-09-19,18,quantile,0.15,4.0
2026-08-29,wk inc covid hosp,3,2026-09-19,18,quantile,0.2,6.800000000000011
2026-08-29,wk inc covid hosp,3,2026-09-19,18,quantile,0.25,9.0
2026-08-29,wk inc covid hosp,3,2026-09-19,18,quantile,0.3,11.0
2026-08-29,wk inc covid hosp,3,2026-09-19,18,quantile,0.35,12.0
2026-08-29,wk inc covid hosp,3,2026-09-19,18,quantile,0.4,13.0
2026-08-29,wk inc covid hosp,3,2026-09-19,18,quantile,0.45,14.0
2026-08-29,wk inc covid hosp,3,2026-09-19,18,quantile,0.5,15.0
2026-08-29,wk inc covid hosp,3,2026-09-19,18,quantile,0.55,16.0
2026-08-29,wk inc covid hosp,3,2026-09-19,18,quantile,0.6,17.0
2026-08-29,wk inc covid hosp,3,2026-09-19,18,quantile,0.65,18.0
2026-08-29,wk inc covid hosp,3,2026-09-19,18,quantile,0.7,19.0
2026-08-29,wk inc covid hosp,3,2026-09-19,18,quantile,0.75,21.0
2026-08-29,wk inc covid hosp,3,2026-09-19,18,quantile,0.8,23.0
2026-08-29,wk inc covid hosp,3,2026-09-19,18,quantile,0.85,25.0
2026-08-29,wk inc covid hosp,3,2026-09-19,18,quantile,0.9,29.0
2026-08-29,wk inc covid hosp,3,2026-09-19,18,quantile,0.95,34.049999999999955
2026-08-29,wk inc covid hosp,3,2026-09-19,18,quantile,0.975,44.0
2026-08-29,wk inc covid hosp,3,2026-09-19,18,quantile,0.99,56.01999999999998
2026-08-29,wk inc covid hosp,3,2026-09-19,19,quantile,0.01,0.0
2026-08-29,wk inc covid hosp,3,2026-09-19,19,quantile,0.025,0.0
2026-08-29,wk inc covid hosp,3,2026-09-19,19,quantile,0.05,0.0
2026-08-29,wk inc covid hosp,3,2026-09-19,19,quantile,0.1,0.0
2026-08-29,wk inc covid hosp,3,2026-09-19,19,quantile,0.15,1.0
2026-08-29,wk inc covid hosp,3,2026-09-19,19,quantile,0.2,2.0
2026-08-29,wk inc covid hosp,3,2026-09-19,19,quantile,0.25,3.0
2026-08-29,wk inc covid hosp,3,2026-09-19,19,quantile,0.3,4.0
2026-08-29,wk inc covid hosp,3,2026-09-19,19,quantile,0.35,4.0
2026-08-29,wk inc covid hosp,3,2026-09-19,19,quantile,0.4,5.0
2026-08-29,wk inc covid hosp,3,2026-09-19,19,quantile,0.45,6.0
2026-08-29,wk inc covid hosp,3,2026-09-19,19,quantile,0.5,6.0
2026-08-29,wk inc covid hosp,3,2026-09-19,19,quantile,0.55,6.0
2026-08-29,wk inc covid hosp,3,2026-09-19,19,quantile,0.6,7.0
2026-08-29,wk inc covid hosp,3,2026-09-19,19,quantile,0.65,7.0
2026-08-29,wk inc covid hosp,3,2026-09-19,19,quantile,0.7,7.2999999999999545
2026-08-29,wk inc covid hosp,3,2026-09-19,19,quantile,0.75,8.0
2026-08-29,wk inc covid hosp,3,2026-09-19,19,quantile,0.8,9.0
2026-08-29,wk inc covid hosp,3,2026-09-19,19,quantile,0.85,10.0
2026-08-29,wk inc covid hosp,3,2026-09-19,19,quantile,0.9,11.0
2026-08-29,wk inc covid hosp,3,2026-09-19,19,quantile,0.95,13.0
2026-08-29,wk inc covid hosp,3,2026-09-19,19,quantile,0.975,16.0
2026-08-29,wk inc covid hosp,3,2026-09-19,19,quantile,0.99,21.069999999999936
2026-08-29,wk inc covid hosp,3,2026-09-19,20,quantile,0.01,0.0
2026-08-29,wk inc covid hosp,3,2026-09-19,20,quantile,0.025,0.0
2026-08-29,wk inc covid hosp,3,2026-09-19,20,quantile,0.05,0.0
2026-08-29,wk inc covid hosp,3,2026-09-19,20,quantile,0.1,1.0
2026-08-29,wk inc covid hosp,3,2026-09-19,20,quantile,0.15,2.0
2026-08-29,wk inc covid hosp,3,2026-09-19,20,quantile,0.2,3.0
2026-08-29,wk inc covid hosp,3,2026-09-19,20,quantile,0.25,4.0
2026-08-29,wk inc covid hosp,3,2026-09-19,20,quantile,0.3,4.0
2026-08-29,wk inc covid hosp,3,2026-09-19,20,quantile,0.35,5.0
2026-08-29,wk inc covid hosp,3,2026-09-19,20,quantile,0.4,6.0
2026-08-29,wk inc covid hosp,3,2026-09-19,20,quantile,0.45,6.0
2026-08-29,wk inc covid hosp,3,2026-09-19,20,quantile,0.5,7.0
2026-08-29,wk inc covid hosp,3,2026-09-19,20,quantile,0.55,7.0
2026-08-29,wk inc covid hosp,3,2026-09-19,20,quantile,0.6,7.0
2026-08-29,wk inc covid hosp,3,2026-09-19,20,quantile,0.65,8.0
2026-08-29,wk inc covid hosp,3,2026-09-19,20,quantile,0.7,8.0
2026-08-29,wk inc covid hosp,3,2026-09-19,20,quantile,0.75,9.0
2026-08-29,wk inc covid hosp,3,2026-09-19,20,quantile,0.8,10.0
2026-08-29,wk inc covid hosp,3,2026-09-19,20,quantile,0.85,10.149999999999977
2026-08-29,wk inc covid hosp,3,2026-09-19,20,quantile,0.9,12.0
2026-08-29,wk inc covid hosp,3,2026-09-19,20,quantile,0.95,13.0
2026-08-29,wk inc covid hosp,3,2026-09-19,20,quantile,0.975,15.524999999999977
2026-08-29,wk inc covid hosp,3,2026-09-19,20,quantile,0.99,24.00999999999999
2026-08-29,wk inc covid hosp,3,2026-09-19,21,quantile,0.01,0.0
2026-08-29,wk inc covid hosp,3,2026-09-19,21,quantile,0.025,0.0
2026-08-29,wk inc covid hosp,3,2026-09-19,21,quantile,0.05,3.950000000000003
2026-08-29,wk inc covid hosp,3,2026-09-19,21,quantile,0.1,8.0
2026-08-29,wk inc covid hosp,3,2026-09-19,21,quantile,0.15,9.849999999999994
2026-08-29,wk inc covid hosp,3,2026-09-19,21,quantile,0.2,11.0
2026-08-29,wk inc covid hosp,3,2026-09-19,21,quantile,0.25,12.0
2026-08-29,wk inc covid hosp,3,2026-09-19,21,quantile,0.3,13.0
2026-08-29,wk inc covid hosp,3,2026-09-19,21,quantile,0.35,14.0
2026-08-29,wk inc covid hosp,3,2026-09-19,21,quantile,0.4,14.600000000000023
2026-08-29,wk inc covid hosp,3,2026-09-19,21,quantile,0.45,15.0
2026-08-29,wk inc covid hosp,3,2026-09-19,21,quantile,0.5,16.0
2026-08-29,wk inc covid hosp,3,2026-09-19,21,quantile,0.55,16.0
2026-08-29,wk inc covid hosp,3,2026-09-19,21,quantile,0.6,17.0
2026-08-29,wk inc covid hosp,3,2026-09-19,21,quantile,0.65,18.0
2026-08-29,wk inc covid hosp,3,2026-09-19,21,quantile,0.7,19.0
2026-08-29,wk inc covid hosp,3,2026-09-19,21,quantile,0.75,20.0
2026-08-29,wk inc covid hosp,3,2026-09-19,21,quantile,0.8,21.0
2026-08-29,wk inc covid hosp,3,2026-09-19,21,quantile,0.85,22.149999999999977
2026-08-29,wk inc covid hosp,3,2026-09-19,21,quantile,0.9,25.0
2026-08-29,wk inc covid hosp,3,2026-09-19,21,quantile,0.95,32.0
2026-08-29,wk inc covid hosp,3,2026-09-19,21,quantile,0.975,42.0
2026-08-29,wk inc covid hosp,3,2026-09-19,21,quantile,0.99,50.0
2026-08-29,wk inc covid hosp,3,2026-09-19,22,quantile,0.01,12.0
2026-08-29,wk inc covid hosp,3,2026-09-19,22,quantile,0.025,18.475
2026-08-29,wk inc covid hosp,3,2026-09-19,22,quantile,0.05,24.950000000000003
2026-08-29,wk inc covid hosp,3,2026-09-19,22,quantile,0.1,34.0
2026-08-29,wk inc covid hosp,3,2026-09-19,22,quantile,0.15,38.0
2026-08-29,wk inc covid hosp,3,2026-09-19,22,quantile,0.2,43.0
2026-08-29,wk inc covid hosp,3,2026-09-19,22,quantile,0.25,46.0
2026-08-29,wk inc covid hosp,3,2026-09-19,22,quantile,0.3,49.0
2026-08-29,wk inc covid hosp,3,2026-09-19,22,quantile,0.35,51.0
2026-08-29,wk inc covid hosp,3,2026-09-19,22,quantile,0.4,54.0
2026-08-29,wk inc covid hosp,3,2026-09-19,22,quantile,0.45,56.0
2026-08-29,wk inc covid hosp,3,2026-09-19,22,quantile,0.5,57.0
2026-08-29,wk inc covid hosp,3,2026-09-19,22,quantile,0.55,58.0
2026-08-29,wk inc covid hosp,3,2026-09-19,22,quantile,0.6,60.0
2026-08-29,wk inc covid hosp,3,2026-09-19,22,quantile,0.65,63.0
2026-08-29,wk inc covid hosp,3,2026-09-19,22,quantile,0.7,65.0
2026-08-29,wk inc covid hosp,3,2026-09-19,22,quantile,0.75,68.25
2026-08-29,wk inc covid hosp,3,2026-09-19,22,quantile,0.8,72.20000000000005
2026-08-29,wk inc covid hosp,3,2026-09-19,22,quantile,0.85,76.0
2026-08-29,wk inc covid hosp,3,2026-09-19,22,quantile,0.9,83.0
2026-08-29,wk inc covid hosp,3,2026-09-19,22,quantile,0.95,95.0
2026-08-29,wk inc covid hosp,3,2026-09-19,22,quantile,0.975,113.57499999999993
2026-08-29,wk inc covid hosp,3,2026-09-19,22,quantile,0.99,139.01999999999998
2026-08-29,wk inc covid hosp,3,2026-09-19,23,quantile,0.01,0.0
2026-08-29,wk inc covid hosp,3,2026-09-19,23,quantile,0.025,0.0
2026-08-29,wk inc covid hosp,3,2026-09-19,23,quantile,0.05,0.0
2026-08-29,wk inc covid hosp,3,2026-09-19,23,quantile,0.1,0.0
2026-08-29,wk inc covid hosp,3,2026-09-19,23,quantile,0.15,0.0
2026-08-29,wk inc covid hosp,3,2026-09-19,23,quantile,0.2,1.0
2026-08-29,wk inc covid hosp,3,2026-09-19,23,quantile,0.25,1.0
2026-08-29,wk inc covid hosp,3,2026-09-19,23,quantile,0.3,1.0
2026-08-29,wk inc covid hosp,3,2026-09-19,23,quantile,0.35,2.0
2026-08-29,wk inc covid hosp,3,2026-09-19,23,quantile,0.4,2.0
2026-08-29,wk inc covid hosp,3,2026-09-19,23,quantile,0.45,2.0
2026-08-29,wk inc covid hosp,3,2026-09-19,23,quantile,0.5,2.0
2026-08-29,wk inc covid hosp,3,2026-09-19,23,quantile,0.55,2.0
2026-08-29,wk inc covid hosp,3,2026-09-19,23,quantile,0.6,2.3999999999999773
2026-08-29,wk inc covid hosp,3,2026-09-19,23,quantile,0.65,3.0
2026-08-29,wk inc covid hosp,3,2026-09-19,23,quantile,0.7,3.0
2026-08-29,wk inc covid hosp,3,2026-09-19,23,quantile,0.75,3.0
2026-08-29,wk inc covid hosp,3,2026-09-19,23,quantile,0.8,4.0
2026-08-29,wk inc covid hosp,3,2026-09-19,23,quantile,0.85,4.0
2026-08-29,wk inc covid hosp,3,2026-09-19,23,quantile,0.9,5.0
2026-08-29,wk inc covid hosp,3,2026-09-19,23,quantile,0.95,6.0
2026-08-29,wk inc covid hosp,3,2026-09-19,23,quantile,0.975,7.0
2026-08-29,wk inc covid hosp,3,2026-09-19,23,quantile,0.99,9.009999999999991
2026-08-29,wk inc covid hosp,3,2026-09-19,24,quantile,0.01,0.0
2026-08-29,wk inc covid hosp,3,2026-09-19,24,quantile,0.025,0.0
2026-08-29,wk inc covid hosp,3,2026-09-19,24,quantile,0.05,0.0
2026-08-29,wk inc covid hosp,3,2026-09-19,24,quantile,0.1,2.0
2026-08-29,wk inc covid hosp,3,2026-09-19,24,quantile,0.15,5.0
2026-08-29,wk inc covid hosp,3,2026-09-19,24,quantile,0.2,6.0
2026-08-29,wk inc covid hosp,3,2026-09-19,24,quantile,0.25,8.0
2026-08-29,wk inc covid hosp,3,2026-09-19,24,quantile,0.3,9.0
2026-08-29,wk inc covid hosp,3,2026-09-19,24,quantile,0.35,10.0
2026-08-29,wk inc covid hosp,3,2026-09-19,24,quantile,0.4,11.0
2026-08-29,wk inc covid hosp,3,2026-09-19,24,quantile,0.45,12.0
2026-08-29,wk inc covid hosp,3,2026-09-19,24,quantile,0.5,13.0
2026-08-29,wk inc covid hosp,3,2026-09-19,24,quantile,0.55,13.450000000000045
2026-08-29,wk inc covid hosp,3,2026-09-19,24,quantile,0.6,14.0
2026-08-29,wk inc covid hosp,3,2026-09-19,24,quantile,0.65,15.0
2026-08-29,wk inc covid hosp,3,2026-09-19,24,quantile,0.7,17.0
2026-08-29,wk inc covid hosp,3,2026-09-19,24,quantile,0.75,18.0
2026-08-29,wk inc covid hosp,3,2026-09-19,24,quantile,0.8,19.0
2026-08-29,wk inc covid hosp,3,2026-09-19,24,quantile,0.85,21.0
2026-08-29,wk inc covid hosp,3,2026-09-19,24,quantile,0.9,24.0
2026-08-29,wk inc covid hosp,3,2026-09-19,24,quantile,0.95,29.049999999999955
2026-08-29,wk inc covid hosp,3,2026-09-19,24,quantile,0.975,36.52499999999998
2026-08-29,wk inc covid hosp,3,2026-09-19,24,quantile,0.99,47.02999999999997
2026-08-29,wk inc covid hosp,3,2026-09-19,25,quantile,0.01,0.0
2026-08-29,wk inc covid hosp,3,2026-09-19,25,quantile,0.025,0.0
2026-08-29,wk inc covid hosp,3,2026-09-19,25,quantile,0.05,4.0
2026-08-29,wk inc covid hosp,3,2026-09-19,25,quantile,0.1,11.0
2026-08-29,wk inc covid hosp,3,2026-09-19,25,quantile,0.15,13.0
2026-08-29,wk inc covid hosp,3,2026-09-19,25,quantile,0.2,16.0
2026-08-29,wk inc covid hosp,3,2026-09-19,25,quantile,0.25,18.0
2026-08-29,wk inc covid hosp,3,2026-09-19,25,quantile,0.3,19.0
2026-08-29,wk inc covid hosp,3,2026-09-19,25,quantile,0.35,21.0
2026-08-29,wk inc covid hosp,3,2026-09-19,25,quantile,0.4,22.0
2026-08-29,wk inc covid hosp,3,2026-09-19,25,quantile,0.45,23.0
2026-08-29,wk inc covid hosp,3,2026-09-19,25,quantile,0.5,25.0
2026-08-29,wk inc covid hosp,3,2026-09-19,25,quantile,0.55,25.0
2026-08-29,wk inc covid hosp,3,2026-09-19,25,quantile,0.6,26.0
2026-08-29,wk inc covid hosp,3,2026-09-19,25,quantile,0.65,27.0
2026-08-29,wk inc covid hosp,3,2026-09-19,25,quantile,0.7,29.0
2026-08-29,wk inc covid hosp,3,2026-09-19,25,quantile,0.75,30.0
2026-08-29,wk inc covid hosp,3,2026-09-19,25,quantile,0.8,33.0
2026-08-29,wk inc covid hosp,3,2026-09-19,25,quantile,0.85,35.0
2026-08-29,wk inc covid hosp,3,2026-09-19,25,quantile,0.9,38.0
2026-08-29,wk inc covid hosp,3,2026-09-19,25,quantile,0.95,45.0
2026-08-29,wk inc covid hosp,3,2026-09-19,25,quantile,0.975,55.0
2026-08-29,wk inc covid hosp,3,2026-09-19,25,quantile,0.99,81.01999999999998
2026-08-29,wk inc covid hosp,3,2026-09-19,26,quantile,0.01,0.0
2026-08-29,wk inc covid hosp,3,2026-09-19,26,quantile,0.025,4.425000000000004
2026-08-29,wk inc covid hosp,3,2026-09-19,26,quantile,0.05,16.0
2026-08-29,wk inc covid hosp,3,2026-09-19,26,quantile,0.1,26.0
2026-08-29,wk inc covid hosp,3,2026-09-19,26,quantile,0.15,31.0
2026-08-29,wk inc covid hosp,3,2026-09-19,26,quantile,0.2,36.0
2026-08-29,wk inc covid hosp,3,2026-09-19,26,quantile,0.25,40.0
2026-08-29,wk inc covid hosp,3,2026-09-19,26,quantile,0.3,43.0
2026-08-29,wk inc covid hosp,3,2026-09-19,26,quantile,0.35,46.0
2026-08-29,wk inc covid hosp,3,2026-09-19,26,quantile,0.4,48.0
2026-08-29,wk inc covid hosp,3,2026-09-19,26,quantile,0.45,50.0
2026-08-29,wk inc covid hosp,3,2026-09-19,26,quantile,0.5,52.0
2026-08-29,wk inc covid hosp,3,2026-09-19,26,quantile,0.55,53.0
2026-08-29,wk inc covid hosp,3,2026-09-19,26,quantile,0.6,54.0
2026-08-29,wk inc covid hosp,3,2026-09-19,26,quantile,0.65,56.0
2026-08-29,wk inc covid hosp,3,2026-09-19,26,quantile,0.7,59.0
2026-08-29,wk inc covid hosp,3,2026-09-19,26,quantile,0.75,61.0
2026-08-29,wk inc covid hosp,3,2026-09-19,26,quantile,0.8,66.0
2026-08-29,wk inc covid hosp,3,2026-09-19,26,quantile,0.85,71.14999999999998
2026-08-29,wk inc covid hosp,3,2026-09-19,26,quantile,0.9,79.0
2026-08-29,wk inc covid hosp,3,2026-09-19,26,quantile,0.95,95.0
2026-08-29,wk inc covid hosp,3,2026-09-19,26,quantile,0.975,114.67499999999984
2026-08-29,wk inc covid hosp,3,2026-09-19,26,quantile,0.99,184.01
2026-08-29,wk inc covid hosp,3,2026-09-19,27,quantile,0.01,0.0
2026-08-29,wk inc covid hosp,3,2026-09-19,27,quantile,0.025,0.0
2026-08-29,wk inc covid hosp,3,2026-09-19,27,quantile,0.05,0.0
2026-08-29,wk inc covid hosp,3,2026-09-19,27,quantile,0.1,0.0
2026-08-29,wk inc covid hosp,3,2026-09-19,27,quantile,0.15,1.0
2026-08-29,wk inc covid hosp,3,2026-09-19,27,quantile,0.2,3.0
2026-08-29,wk inc covid hosp,3,2026-09-19,27,quantile,0.25,5.0
2026-08-29,wk inc covid hosp,3,2026-09-19,27,quantile,0.3,6.0
2026-08-29,wk inc covid hosp,3,2026-09-19,27,quantile,0.35,7.0
2026-08-29,wk inc covid hosp,3,2026-09-19,27,quantile,0.4,8.0
2026-08-29,wk inc covid hosp,3,2026-09-19,27,quantile,0.45,9.0
2026-08-29,wk inc covid hosp,3,2026-09-19,27,quantile,0.5,10.0
2026-08-29,wk inc covid hosp,3,2026-09-19,27,quantile,0.55,10.0
2026-08-29,wk inc covid hosp,3,2026-09-19,27,quantile,0.6,11.0
2026-08-29,wk inc covid hosp,3,2026-09-19,27,quantile,0.65,12.0
2026-08-29,wk inc covid hosp,3,2026-09-19,27,quantile,0.7,13.0
2026-08-29,wk inc covid hosp,3,2026-09-19,27,quantile,0.75,14.0
2026-08-29,wk inc covid hosp,3,2026-09-19,27,quantile,0.8,16.0
2026-08-29,wk inc covid hosp,3,2026-09-19,27,quantile,0.85,18.0
2026-08-29,wk inc covid hosp,3,2026-09-19,27,quantile,0.9,20.0
2026-08-29,wk inc covid hosp,3,2026-09-19,27,quantile,0.95,26.0
2026-08-29,wk inc covid hosp,3,2026-09-19,27,quantile,0.975,34.049999999999955
2026-08-29,wk inc covid hosp,3,2026-09-19,27,quantile,0.99,59.00999999999999
2026-08-29,wk inc covid hosp,3,2026-09-19,28,quantile,0.01,0.0
2026-08-29,wk inc covid hosp,3,2026-09-19,28,quantile,0.025,4.950000000000003
2026-08-29,wk inc covid hosp,3,2026-09-19,28,quantile,0.05,12.950000000000003
2026-08-29,wk inc covid hosp,3,2026-09-19,28,quantile,0.1,18.900000000000006
2026-08-29,wk inc covid hosp,3,2026-09-19,28,quantile,0.15,21.0
2026-08-29,wk inc covid hosp,3,2026-09-19,28,quantile,0.2,24.80000000000001
2026-08-29,wk inc covid hosp,3,2026-09-19,28,quantile,0.25,27.0
2026-08-29,wk inc covid hosp,3,2026-09-19,28,quantile,0.3,29.0
2026-08-29,wk inc covid hosp,3,2026-09-19,28,quantile,0.35,31.0
2026-08-29,wk inc covid hosp,3,2026-09-19,28,quantile,0.4,32.0
2026-08-29,wk inc covid hosp,3,2026-09-19,28,quantile,0.45,33.0
2026-08-29,wk inc covid hosp,3,2026-09-19,28,quantile,0.5,35.0
2026-08-29,wk inc covid hosp,3,2026-09-19,28,quantile,0.55,35.0
2026-08-29,wk inc covid hosp,3,2026-09-19,28,quantile,0.6,36.0
2026-08-29,wk inc covid hosp,3,2026-09-19,28,quantile,0.65,37.0
2026-08-29,wk inc covid hosp,3,2026-09-19,28,quantile,0.7,39.0
2026-08-29,wk inc covid hosp,3,2026-09-19,28,quantile,0.75,41.0
2026-08-29,wk inc covid hosp,3,2026-09-19,28,quantile,0.8,44.0
2026-08-29,wk inc covid hosp,3,2026-09-19,28,quantile,0.85,46.0
2026-08-29,wk inc covid hosp,3,2026-09-19,28,quantile,0.9,52.0
2026-08-29,wk inc covid hosp,3,2026-09-19,28,quantile,0.95,62.0
2026-08-29,wk inc covid hosp,3,2026-09-19,28,quantile,0.975,90.57499999999993
2026-08-29,wk inc covid hosp,3,2026-09-19,28,quantile,0.99,116.0
2026-08-29,wk inc covid hosp,3,2026-09-19,29,quantile,0.01,0.0
2026-08-29,wk inc covid hosp,3,2026-09-19,29,quantile,0.025,0.0
2026-08-29,wk inc covid hosp,3,2026-09-19,29,quantile,0.05,0.0
2026-08-29,wk inc covid hosp,3,2026-09-19,29,quantile,0.1,0.0
2026-08-29,wk inc covid hosp,3,2026-09-19,29,quantile,0.15,3.0
2026-08-29,wk inc covid hosp,3,2026-09-19,29,quantile,0.2,5.0
2026-08-29,wk inc covid hosp,3,2026-09-19,29,quantile,0.25,6.0
2026-08-29,wk inc covid hosp,3,2026-09-19,29,quantile,0.3,8.0
2026-08-29,wk inc covid hosp,3,2026-09-19,29,quantile,0.35,9.0
2026-08-29,wk inc covid hosp,3,2026-09-19,29,quantile,0.4,11.0
2026-08-29,wk inc covid hosp,3,2026-09-19,29,quantile,0.45,12.0
2026-08-29,wk inc covid hosp,3,2026-09-19,29,quantile,0.5,13.0
2026-08-29,wk inc covid hosp,3,2026-09-19,29,quantile,0.55,13.0
2026-08-29,wk inc covid hosp,3,2026-09-19,29,quantile,0.6,14.399999999999977
2026-08-29,wk inc covid hosp,3,2026-09-19,29,quantile,0.65,16.0
2026-08-29,wk inc covid hosp,3,2026-09-19,29,quantile,0.7,17.0
2026-08-29,wk inc covid hosp,3,2026-09-19,29,quantile,0.75,18.0
2026-08-29,wk inc covid hosp,3,2026-09-19,29,quantile,0.8,20.0
2026-08-29,wk inc covid hosp,3,2026-09-19,29,quantile,0.85,22.0
2026-08-29,wk inc covid hosp,3,2026-09-19,29,quantile,0.9,25.0
2026-08-29,wk inc covid hosp,3,2026-09-19,29,quantile,0.95,30.049999999999955
2026-08-29,wk inc covid hosp,3,2026-09-19,29,quantile,0.975,40.049999999999955
2026-08-29,wk inc covid hosp,3,2026-09-19,29,quantile,0.99,53.01999999999998
2026-08-29,wk inc covid hosp,3,2026-09-19,30,quantile,0.01,0.0
2026-08-29,wk inc covid hosp,3,2026-09-19,30,quantile,0.025,0.0
2026-08-29,wk inc covid hosp,3,2026-09-19,30,quantile,0.05,0.0
2026-08-29,wk inc covid hosp,3,2026-09-19,30,quantile,0.1,0.0
2026-08-29,wk inc covid hosp,3,2026-09-19,30,quantile,0.15,0.0
2026-08-29,wk inc covid hosp,3,2026-09-19,30,quantile,0.2,1.0
2026-08-29,wk inc covid hosp,3,2026-09-19,30,quantile,0.25,1.0
2026-08-29,wk inc covid hosp,3,2026-09-19,30,quantile,0.3,1.0
2026-08-29,wk inc covid hosp,3,2026-09-19,30,quantile,0.35,2.0
2026-08-29,wk inc covid hosp,3,2026-09-19,30,quantile,0.4,2.0
2026-08-29,wk inc covid hosp,3,2026-09-19,30,quantile,0.45,2.0
2026-08-29,wk inc covid hosp,3,2026-09-19,30,quantile,0.5,2.0
2026-08-29,wk inc covid hosp,3,2026-09-19,30,quantile,0.55,2.0
2026-08-29,wk inc covid hosp,3,2026-09-19,30,quantile,0.6,2.0
2026-08-29,wk inc covid hosp,3,2026-09-19,30,quantile,0.65,2.0
2026-08-29,wk inc covid hosp,3,2026-09-19,30,quantile,0.7,3.0
2026-08-29,wk inc covid hosp,3,2026-09-19,30,quantile,0.75,3.0
2026-08-29,wk inc covid hosp,3,2026-09-19,30,quantile,0.8,3.0
2026-08-29,wk inc covid hosp,3,2026-09-19,30,quantile,0.85,3.0
2026-08-29,wk inc covid hosp,3,2026-09-19,30,quantile,0.9,4.0
2026-08-29,wk inc covid hosp,3,2026-09-19,30,quantile,0.95,5.0
2026-08-29,wk inc covid hosp,3,2026-09-19,30,quantile,0.975,6.524999999999977
2026-08-29,wk inc covid hosp,3,2026-09-19,30,quantile,0.99,9.0
2026-08-29,wk inc covid hosp,3,2026-09-19,31,quantile,0.01,0.0
2026-08-29,wk inc covid hosp,3,2026-09-19,31,quantile,0.025,0.0
2026-08-29,wk inc covid hosp,3,2026-09-19,31,quantile,0.05,0.0
2026-08-29,wk inc covid hosp,3,2026-09-19,31,quantile,0.1,0.0
2026-08-29,wk inc covid hosp,3,2026-09-19,31,quantile,0.15,1.0
2026-08-29,wk inc covid hosp,3,2026-09-19,31,quantile,0.2,2.0
2026-08-29,wk inc covid hosp,3,2026-09-19,31,quantile,0.25,2.0
2026-08-29,wk inc covid hosp,3,2026-09-19,31,quantile,0.3,3.0
2026-08-29,wk inc covid hosp,3,2026-09-19,31,quantile,0.35,3.0
2026-08-29,wk inc covid hosp,3,2026-09-19,31,quantile,0.4,3.0
2026-08-29,wk inc covid hosp,3,2026-09-19,31,quantile,0.45,4.0
2026-08-29,wk inc covid hosp,3,2026-09-19,31,quantile,0.5,4.0
2026-08-29,wk inc covid hosp,3,2026-09-19,31,quantile,0.55,4.0
2026-08-29,wk inc covid hosp,3,2026-09-19,31,quantile,0.6,4.0
2026-08-29,wk inc covid hosp,3,2026-09-19,31,quantile,0.65,5.0
2026-08-29,wk inc covid hosp,3,2026-09-19,31,quantile,0.7,5.0
2026-08-29,wk inc covid hosp,3,2026-09-19,31,quantile,0.75,5.0
2026-08-29,wk inc covid hosp,3,2026-09-19,31,quantile,0.8,6.0
2026-08-29,wk inc covid hosp,3,2026-09-19,31,quantile,0.85,6.0
2026-08-29,wk inc covid hosp,3,2026-09-19,31,quantile,0.9,8.0
2026-08-29,wk inc covid hosp,3,2026-09-19,31,quantile,0.95,10.0
2026-08-29,wk inc covid hosp,3,2026-09-19,31,quantile,0.975,11.0
2026-08-29,wk inc covid hosp,3,2026-09-19,31,quantile,0.99,14.0
2026-08-29,wk inc covid hosp,3,2026-09-19,32,quantile,0.01,0.0
2026-08-29,wk inc covid hosp,3,2026-09-19,32,quantile,0.025,0.0
2026-08-29,wk inc covid hosp,3,2026-09-19,32,quantile,0.05,2.0
2026-08-29,wk inc covid hosp,3,2026-09-19,32,quantile,0.1,4.900000000000006
2026-08-29,wk inc covid hosp,3,2026-09-19,32,quantile,0.15,7.0
2026-08-29,wk inc covid hosp,3,2026-09-19,32,quantile,0.2,8.0
2026-08-29,wk inc covid hosp,3,2026-09-19,32,quantile,0.25,9.0
2026-08-29,wk inc covid hosp,3,2026-09-19,32,quantile,0.3,10.0
2026-08-29,wk inc covid hosp,3,2026-09-19,32,quantile,0.35,11.0
2026-08-29,wk inc covid hosp,3,2026-09-19,32,quantile,0.4,11.0
2026-08-29,wk inc covid hosp,3,2026-09-19,32,quantile,0.45,12.0
2026-08-29,wk inc covid hosp,3,2026-09-19,32,quantile,0.5,13.0
2026-08-29,wk inc covid hosp,3,2026-09-19,32,quantile,0.55,13.0
2026-08-29,wk inc covid hosp,3,2026-09-19,32,quantile,0.6,13.0
2026-08-29,wk inc covid hosp,3,2026-09-19,32,quantile,0.65,14.0
2026-08-29,wk inc covid hosp,3,2026-09-19,32,quantile,0.7,15.0
2026-08-29,wk inc covid hosp,3,2026-09-19,32,quantile,0.75,15.0
2026-08-29,wk inc covid hosp,3,2026-09-19,32,quantile,0.8,16.0
2026-08-29,wk inc covid hosp,3,2026-09-19,32,quantile,0.85,18.0
2026-08-29,wk inc covid hosp,3,2026-09-19,32,quantile,0.9,20.0
2026-08-29,wk inc covid hosp,3,2026-09-19,32,quantile,0.95,24.0
2026-08-29,wk inc covid hosp,3,2026-09-19,32,quantile,0.975,29.524999999999977
2026-08-29,wk inc covid hosp,3,2026-09-19,32,quantile,0.99,43.0
2026-08-29,wk inc covid hosp,3,2026-09-19,33,quantile,0.01,0.0
2026-08-29,wk inc covid hosp,3,2026-09-19,33,quantile,0.025,0.0
2026-08-29,wk inc covid hosp,3,2026-09-19,33,quantile,0.05,0.0
2026-08-29,wk inc covid hosp,3,2026-09-19,33,quantile,0.1,1.0
2026-08-29,wk inc covid hosp,3,2026-09-19,33,quantile,0.15,2.0
2026-08-29,wk inc covid hosp,3,2026-09-19,33,quantile,0.2,3.0
2026-08-29,wk inc covid hosp,3,2026-09-19,33,quantile,0.25,3.0
2026-08-29,wk inc covid hosp,3,2026-09-19,33,quantile,0.3,4.0
2026-08-29,wk inc covid hosp,3,2026-09-19,33,quantile,0.35,4.0
2026-08-29,wk inc covid hosp,3,2026-09-19,33,quantile,0.4,4.0
2026-08-29,wk inc covid hosp,3,2026-09-19,33,quantile,0.45,5.0
2026-08-29,wk inc covid hosp,3,2026-09-19,33,quantile,0.5,5.0
2026-08-29,wk inc covid hosp,3,2026-09-19,33,quantile,0.55,5.0
2026-08-29,wk inc covid hosp,3,2026-09-19,33,quantile,0.6,5.0
2026-08-29,wk inc covid hosp,3,2026-09-19,33,quantile,0.65,5.350000000000023
2026-08-29,wk inc covid hosp,3,2026-09-19,33,quantile,0.7,6.0
2026-08-29,wk inc covid hosp,3,2026-09-19,33,quantile,0.75,6.0
2026-08-29,wk inc covid hosp,3,2026-09-19,33,quantile,0.8,7.0
2026-08-29,wk inc covid hosp,3,2026-09-19,33,quantile,0.85,7.0
2026-08-29,wk inc covid hosp,3,2026-09-19,33,quantile,0.9,8.0
2026-08-29,wk inc covid hosp,3,2026-09-19,33,quantile,0.95,11.0
2026-08-29,wk inc covid hosp,3,2026-09-19,33,quantile,0.975,14.0
2026-08-29,wk inc covid hosp,3,2026-09-19,33,quantile,0.99,15.009999999999991
2026-08-29,wk inc covid hosp,3,2026-09-19,34,quantile,0.01,0.0
2026-08-29,wk inc covid hosp,3,2026-09-19,34,quantile,0.025,17.0
2026-08-29,wk inc covid hosp,3,2026-09-19,34,quantile,0.05,29.950000000000003
2026-08-29,wk inc covid hosp,3,2026-09-19,34,quantile,0.1,41.0
2026-08-29,wk inc covid hosp,3,2026-09-19,34,quantile,0.15,45.849999999999994
2026-08-29,wk inc covid hosp,3,2026-09-19,34,quantile,0.2,51.0
2026-08-29,wk inc covid hosp,3,2026-09-19,34,quantile,0.25,55.0
2026-08-29,wk inc covid hosp,3,2026-09-19,34,quantile,0.3,58.0
2026-08-29,wk inc covid hosp,3,2026-09-19,34,quantile,0.35,61.0
2026-08-29,wk inc covid hosp,3,2026-09-19,34,quantile,0.4,64.0
2026-08-29,wk inc covid hosp,3,2026-09-19,34,quantile,0.45,66.0
2026-08-29,wk inc covid hosp,3,2026-09-19,34,quantile,0.5,68.0
2026-08-29,wk inc covid hosp,3,2026-09-19,34,quantile,0.55,69.0
2026-08-29,wk inc covid hosp,3,2026-09-19,34,quantile,0.6,71.0
2026-08-29,wk inc covid hosp,3,2026-09-19,34,quantile,0.65,73.0
2026-08-29,wk inc covid hosp,3,2026-09-19,34,quantile,0.7,74.0
2026-08-29,wk inc covid hosp,3,2026-09-19,34,quantile,0.75,78.0
2026-08-29,wk inc covid hosp,3,2026-09-19,34,quantile,0.8,82.0
2026-08-29,wk inc covid hosp,3,2026-09-19,34,quantile,0.85,88.0
2026-08-29,wk inc covid hosp,3,2026-09-19,34,quantile,0.9,95.0
2026-08-29,wk inc covid hosp,3,2026-09-19,34,quantile,0.95,104.0
2026-08-29,wk inc covid hosp,3,2026-09-19,34,quantile,0.975,127.62499999999989
2026-08-29,wk inc covid hosp,3,2026-09-19,34,quantile,0.99,158.07999999999993
2026-08-29,wk inc covid hosp,3,2026-09-19,35,quantile,0.01,0.0
2026-08-29,wk inc covid hosp,3,2026-09-19,35,quantile,0.025,1.0
2026-08-29,wk inc covid hosp,3,2026-09-19,35,quantile,0.05,2.0
2026-08-29,wk inc covid hosp,3,2026-09-19,35,quantile,0.1,3.0
2026-08-29,wk inc covid hosp,3,2026-09-19,35,quantile,0.15,4.0
2026-08-29,wk inc covid hosp,3,2026-09-19,35,quantile,0.2,5.0
2026-08-29,wk inc covid hosp,3,2026-09-19,35,quantile,0.25,6.0
2026-08-29,wk inc covid hosp,3,2026-09-19,35,quantile,0.3,6.0
2026-08-29,wk inc covid hosp,3,2026-09-19,35,quantile,0.35,7.0
2026-08-29,wk inc covid hosp,3,2026-09-19,35,quantile,0.4,7.0
2026-08-29,wk inc covid hosp,3,2026-09-19,35,quantile,0.45,8.0
2026-08-29,wk inc covid hosp,3,2026-09-19,35,quantile,0.5,8.0
2026-08-29,wk inc covid hosp,3,2026-09-19,35,quantile,0.55,8.0
2026-08-29,wk inc covid hosp,3,2026-09-19,35,quantile,0.6,8.0
2026-08-29,wk inc covid hosp,3,2026-09-19,35,quantile,0.65,9.0
2026-08-29,wk inc covid hosp,3,2026-09-19,35,quantile,0.7,9.0
2026-08-29,wk inc covid hosp,3,2026-09-19,35,quantile,0.75,10.0
2026-08-29,wk inc covid hosp,3,2026-09-19,35,quantile,0.8,11.0
2026-08-29,wk inc covid hosp,3,2026-09-19,35,quantile,0.85,11.0
2026-08-29,wk inc covid hosp,3,2026-09-19,35,quantile,0.9,12.0
2026-08-29,wk inc covid hosp,3,2026-09-19,35,quantile,0.95,15.0
2026-08-29,wk inc covid hosp,3,2026-09-19,35,quantile,0.975,18.524999999999977
2026-08-29,wk inc covid hosp,3,2026-09-19,35,quantile,0.99,22.019999999999982
2026-08-29,wk inc covid hosp,3,2026-09-19,36,quantile,0.01,9.99
2026-08-29,wk inc covid hosp,3,2026-09-19,36,quantile,0.025,44.425000000000004
2026-08-29,wk inc covid hosp,3,2026-09-19,36,quantile,0.05,59.95
2026-08-29,wk inc covid hosp,3,2026-09-19,36,quantile,0.1,82.0
2026-08-29,wk inc covid hosp,3,2026-09-19,36,quantile,0.15,95.69999999999999
2026-08-29,wk inc covid hosp,3,2026-09-19,36,quantile,0.2,103.0
2026-08-29,wk inc covid hosp,3,2026-09-19,36,quantile,0.25,109.0
2026-08-29,wk inc covid hosp,3,2026-09-19,36,quantile,0.3,113.0
2026-08-29,wk inc covid hosp,3,2026-09-19,36,quantile,0.35,118.0
2026-08-29,wk inc covid hosp,3,2026-09-19,36,quantile,0.4,124.0
2026-08-29,wk inc covid hosp,3,2026-09-19,36,quantile,0.45,128.0
2026-08-29,wk inc covid hosp,3,2026-09-19,36,quantile,0.5,133.0
2026-08-29,wk inc covid hosp,3,2026-09-19,36,quantile,0.55,135.0
2026-08-29,wk inc covid hosp,3,2026-09-19,36,quantile,0.6,138.39999999999998
2026-08-29,wk inc covid hosp,3,2026-09-19,36,quantile,0.65,143.35000000000002
2026-08-29,wk inc covid hosp,3,2026-09-19,36,quantile,0.7,148.0
2026-08-29,wk inc covid hosp,3,2026-09-19,36,quantile,0.75,155.0
2026-08-29,wk inc covid hosp,3,2026-09-19,36,quantile,0.8,163.0
2026-08-29,wk inc covid hosp,3,2026-09-19,36,quantile,0.85,172.0
2026-08-29,wk inc covid hosp,3,2026-09-19,36,quantile,0.9,190.0
2026-08-29,wk inc covid hosp,3,2026-09-19,36,quantile,0.95,212.24999999999977
2026-08-29,wk inc covid hosp,3,2026-09-19,36,quantile,0.975,244.04999999999995
2026-08-29,wk inc covid hosp,3,2026-09-19,36,quantile,0.99,339.16999999999985
2026-08-29,wk inc covid hosp,3,2026-09-19,37,quantile,0.01,26.96
2026-08-29,wk inc covid hosp,3,2026-09-19,37,quantile,0.025,43.475
2026-08-29,wk inc covid hosp,3,2026-09-19,37,quantile,0.05,58.0
2026-08-29,wk inc covid hosp,3,2026-09-19,37,quantile,0.1,74.9
2026-08-29,wk inc covid hosp,3,2026-09-19,37,quantile,0.15,86.0
2026-08-29,wk inc covid hosp,3,2026-09-19,37,quantile,0.2,95.80000000000001
2026-08-29,wk inc covid hosp,3,2026-09-19,37,quantile,0.25,100.0
2026-08-29,wk inc covid hosp,3,2026-09-19,37,quantile,0.3,107.0
2026-08-29,wk inc covid hosp,3,2026-09-19,37,quantile,0.35,111.0
2026-08-29,wk inc covid hosp,3,2026-09-19,37,quantile,0.4,115.0
2026-08-29,wk inc covid hosp,3,2026-09-19,37,quantile,0.45,119.0
2026-08-29,wk inc covid hosp,3,2026-09-19,37,quantile,0.5,121.0
2026-08-29,wk inc covid hosp,3,2026-09-19,37,quantile,0.55,123.0
2026-08-29,wk inc covid hosp,3,2026-09-19,37,quantile,0.6,126.0
2026-08-29,wk inc covid hosp,3,2026-09-19,37,quantile,0.65,129.0
2026-08-29,wk inc covid hosp,3,2026-09-19,37,quantile,0.7,133.29999999999995
2026-08-29,wk inc covid hosp,3,2026-09-19,37,quantile,0.75,139.25
2026-08-29,wk inc covid hosp,3,2026-09-19,37,quantile,0.8,144.20000000000005
2026-08-29,wk inc covid hosp,3,2026-09-19,37,quantile,0.85,156.0
2026-08-29,wk inc covid hosp,3,2026-09-19,37,quantile,0.9,173.0
2026-08-29,wk inc covid hosp,3,2026-09-19,37,quantile,0.95,198.0999999999999
2026-08-29,wk inc covid hosp,3,2026-09-19,37,quantile,0.975,237.04999999999995
2026-08-29,wk inc covid hosp,3,2026-09-19,37,quantile,0.99,322.5199999999995
2026-08-29,wk inc covid hosp,3,2026-09-19,38,quantile,0.01,0.0
2026-08-29,wk inc covid hosp,3,2026-09-19,38,quantile,0.025,0.0
2026-08-29,wk inc covid hosp,3,2026-09-19,38,quantile,0.05,0.0
2026-08-29,wk inc covid hosp,3,2026-09-19,38,quantile,0.1,0.0
2026-08-29,wk inc covid hosp,3,2026-09-19,38,quantile,0.15,0.0
2026-08-29,wk inc covid hosp,3,2026-09-19,38,quantile,0.2,1.0
2026-08-29,wk inc covid hosp,3,2026-09-19,38,quantile,0.25,1.0
2026-08-29,wk inc covid hosp,3,2026-09-19,38,quantile,0.3,1.0
2026-08-29,wk inc covid hosp,3,2026-09-19,38,quantile,0.35,1.0
2026-08-29,wk inc covid hosp,3,2026-09-19,38,quantile,0.4,1.0
2026-08-29,wk inc covid hosp,3,2026-09-19,38,quantile,0.45,1.0
2026-08-29,wk inc covid hosp,3,2026-09-19,38,quantile,0.5,1.0
2026-08-29,wk inc covid hosp,3,2026-09-19,38,quantile,0.55,1.0
2026-08-29,wk inc covid hosp,3,2026-09-19,38,quantile,0.6,2.0
2026-08-29,wk inc covid hosp,3,2026-09-19,38,quantile,0.65,2.0
2026-08-29,wk inc covid hosp,3,2026-09-19,38,quantile,0.7,2.0
2026-08-29,wk inc covid hosp,3,2026-09-19,38,quantile,0.75,2.0
2026-08-29,wk inc covid hosp,3,2026-09-19,38,quantile,0.8,2.0
2026-08-29,wk inc covid hosp,3,2026-09-19,38,quantile,0.85,2.0
2026-08-29,wk inc covid hosp,3,2026-09-19,38,quantile,0.9,3.0
2026-08-29,wk inc covid hosp,3,2026-09-19,38,quantile,0.95,4.0
2026-08-29,wk inc covid hosp,3,2026-09-19,38,quantile,0.975,6.0
2026-08-29,wk inc covid hosp,3,2026-09-19,38,quantile,0.99,7.0
2026-08-29,wk inc covid hosp,3,2026-09-19,39,quantile,0.01,0.0
2026-08-29,wk inc covid hosp,3,2026-09-19,39,quantile,0.025,0.0
2026-08-29,wk inc covid hosp,3,2026-09-19,39,quantile,0.05,0.0
2026-08-29,wk inc covid hosp,3,2026-09-19,39,quantile,0.1,5.0
2026-08-29,wk inc covid hosp,3,2026-09-19,39,quantile,0.15,10.0
2026-08-29,wk inc covid hosp,3,2026-09-19,39,quantile,0.2,14.0
2026-08-29,wk inc covid hosp,3,2026-09-19,39,quantile,0.25,18.0
2026-08-29,wk inc covid hosp,3,2026-09-19,39,quantile,0.3,21.0
2026-08-29,wk inc covid hosp,3,2026-09-19,39,quantile,0.35,23.0
2026-08-29,wk inc covid hosp,3,2026-09-19,39,quantile,0.4,25.600000000000023
2026-08-29,wk inc covid hosp,3,2026-09-19,39,quantile,0.45,28.0
2026-08-29,wk inc covid hosp,3,2026-09-19,39,quantile,0.5,29.0
2026-08-29,wk inc covid hosp,3,2026-09-19,39,quantile,0.55,29.0
2026-08-29,wk inc covid hosp,3,2026-09-19,39,quantile,0.6,31.0
2026-08-29,wk inc covid hosp,3,2026-09-19,39,quantile,0.65,33.0
2026-08-29,wk inc covid hosp,3,2026-09-19,39,quantile,0.7,35.0
2026-08-29,wk inc covid hosp,3,2026-09-19,39,quantile,0.75,37.0
2026-08-29,wk inc covid hosp,3,2026-09-19,39,quantile,0.8,40.0
2026-08-29,wk inc covid hosp,3,2026-09-19,39,quantile,0.85,45.0
2026-08-29,wk inc covid hosp,3,2026-09-19,39,quantile,0.9,48.10000000000002
2026-08-29,wk inc covid hosp,3,2026-09-19,39,quantile,0.95,61.0
2026-08-29,wk inc covid hosp,3,2026-09-19,39,quantile,0.975,72.0
2026-08-29,wk inc covid hosp,3,2026-09-19,39,quantile,0.99,86.07999999999993
2026-08-29,wk inc covid hosp,3,2026-09-19,40,quantile,0.01,0.0
2026-08-29,wk inc covid hosp,3,2026-09-19,40,quantile,0.025,0.0
2026-08-29,wk inc covid hosp,3,2026-09-19,40,quantile,0.05,1.0
2026-08-29,wk inc covid hosp,3,2026-09-19,40,quantile,0.1,4.0
2026-08-29,wk inc covid hosp,3,2026-09-19,40,quantile,0.15,6.0
2026-08-29,wk inc covid hosp,3,2026-09-19,40,quantile,0.2,8.0
2026-08-29,wk inc covid hosp,3,2026-09-19,40,quantile,0.25,9.0
2026-08-29,wk inc covid hosp,3,2026-09-19,40,quantile,0.3,10.0
2026-08-29,wk inc covid hosp,3,2026-09-19,40,quantile,0.35,11.0
2026-08-29,wk inc covid hosp,3,2026-09-19,40,quantile,0.4,11.600000000000023
2026-08-29,wk inc covid hosp,3,2026-09-19,40,quantile,0.45,12.0
2026-08-29,wk inc covid hosp,3,2026-09-19,40,quantile,0.5,13.0
2026-08-29,wk inc covid hosp,3,2026-09-19,40,quantile,0.55,13.0
2026-08-29,wk inc covid hosp,3,2026-09-19,40,quantile,0.6,14.0
2026-08-29,wk inc covid hosp,3,2026-09-19,40,quantile,0.65,14.0
2026-08-29,wk inc covid hosp,3,2026-09-19,40,quantile,0.7,15.0
2026-08-29,wk inc covid hosp,3,2026-09-19,40,quantile,0.75,16.0
2026-08-29,wk inc covid hosp,3,2026-09-19,40,quantile,0.8,17.0
2026-08-29,wk inc covid hosp,3,2026-09-19,40,quantile,0.85,18.0
2026-08-29,wk inc covid hosp,3,2026-09-19,40,quantile,0.9,21.0
2026-08-29,wk inc covid hosp,3,2026-09-19,40,quantile,0.95,25.049999999999955
2026-08-29,wk inc covid hosp,3,2026-09-19,40,quantile,0.975,30.524999999999977
2026-08-29,wk inc covid hosp,3,2026-09-19,40,quantile,0.99,46.00999999999999
2026-08-29,wk inc covid hosp,3,2026-09-19,41,quantile,0.01,0.0
2026-08-29,wk inc covid hosp,3,2026-09-19,41,quantile,0.025,0.0
2026-08-29,wk inc covid hosp,3,2026-09-19,41,quantile,0.05,3.0
2026-08-29,wk inc covid hosp,3,2026-09-19,41,quantile,0.1,5.0
2026-08-29,wk inc covid hosp,3,2026-09-19,41,quantile,0.15,7.0
2026-08-29,wk inc covid hosp,3,2026-09-19,41,quantile,0.2,8.0
2026-08-29,wk inc covid hosp,3,2026-09-19,41,quantile,0.25,9.0
2026-08-29,wk inc covid hosp,3,2026-09-19,41,quantile,0.3,10.0
2026-08-29,wk inc covid hosp,3,2026-09-19,41,quantile,0.35,11.0
2026-08-29,wk inc covid hosp,3,2026-09-19,41,quantile,0.4,12.0
2026-08-29,wk inc covid hosp,3,2026-09-19,41,quantile,0.45,13.0
2026-08-29,wk inc covid hosp,3,2026-09-19,41,quantile,0.5,13.0
2026-08-29,wk inc covid hosp,3,2026-09-19,41,quantile,0.55,14.0
2026-08-29,wk inc covid hosp,3,2026-09-19,41,quantile,0.6,15.0
2026-08-29,wk inc covid hosp,3,2026-09-19,41,quantile,0.65,15.0
2026-08-29,wk inc covid hosp,3,2026-09-19,41,quantile,0.7,16.0
2026-08-29,wk inc covid hosp,3,2026-09-19,41,quantile,0.75,17.0
2026-08-29,wk inc covid hosp,3,2026-09-19,41,quantile,0.8,18.200000000000045
2026-08-29,wk inc covid hosp,3,2026-09-19,41,quantile,0.85,20.0
2026-08-29,wk inc covid hosp,3,2026-09-19,41,quantile,0.9,23.0
2026-08-29,wk inc covid hosp,3,2026-09-19,41,quantile,0.95,29.049999999999955
2026-08-29,wk inc covid hosp,3,2026-09-19,41,quantile,0.975,40.0
2026-08-29,wk inc covid hosp,3,2026-09-19,41,quantile,0.99,52.00999999999999
2026-08-29,wk inc covid hosp,3,2026-09-19,42,quantile,0.01,0.0
2026-08-29,wk inc covid hosp,3,2026-09-19,42,quantile,0.025,10.0
2026-08-29,wk inc covid hosp,3,2026-09-19,42,quantile,0.05,19.0
2026-08-29,wk inc covid hosp,3,2026-09-19,42,quantile,0.1,29.0
2026-08-29,wk inc covid hosp,3,2026-09-19,42,quantile,0.15,37.0
2026-08-29,wk inc covid hosp,3,2026-09-19,42,quantile,0.2,42.0
2026-08-29,wk inc covid hosp,3,2026-09-19,42,quantile,0.25,46.0
2026-08-29,wk inc covid hosp,3,2026-09-19,42,quantile,0.3,49.0
2026-08-29,wk inc covid hosp,3,2026-09-19,42,quantile,0.35,51.0
2026-08-29,wk inc covid hosp,3,2026-09-19,42,quantile,0.4,54.0
2026-08-29,wk inc covid hosp,3,2026-09-19,42,quantile,0.45,57.0
2026-08-29,wk inc covid hosp,3,2026-09-19,42,quantile,0.5,59.5
2026-08-29,wk inc covid hosp,3,2026-09-19,42,quantile,0.55,62.0
2026-08-29,wk inc covid hosp,3,2026-09-19,42,quantile,0.6,63.0
2026-08-29,wk inc covid hosp,3,2026-09-19,42,quantile,0.65,66.0
2026-08-29,wk inc covid hosp,3,2026-09-19,42,quantile,0.7,70.0
2026-08-29,wk inc covid hosp,3,2026-09-19,42,quantile,0.75,73.0
2026-08-29,wk inc covid hosp,3,2026-09-19,42,quantile,0.8,78.0
2026-08-29,wk inc covid hosp,3,2026-09-19,42,quantile,0.85,83.0
2026-08-29,wk inc covid hosp,3,2026-09-19,42,quantile,0.9,93.10000000000002
2026-08-29,wk inc covid hosp,3,2026-09-19,42,quantile,0.95,126.0
2026-08-29,wk inc covid hosp,3,2026-09-19,42,quantile,0.975,165.52499999999998
2026-08-29,wk inc covid hosp,3,2026-09-19,42,quantile,0.99,187.03999999999996
2026-08-29,wk inc covid hosp,3,2026-09-19,44,quantile,0.01,0.0
2026-08-29,wk inc covid hosp,3,2026-09-19,44,quantile,0.025,0.0
2026-08-29,wk inc covid hosp,3,2026-09-19,44,quantile,0.05,0.9500000000000028
2026-08-29,wk inc covid hosp,3,2026-09-19,44,quantile,0.1,2.0
2026-08-29,wk inc covid hosp,3,2026-09-19,44,quantile,0.15,3.0
2026-08-29,wk inc covid hosp,3,2026-09-19,44,quantile,0.2,3.0
2026-08-29,wk inc covid hosp,3,2026-09-19,44,quantile,0.25,4.0
2026-08-29,wk inc covid hosp,3,2026-09-19,44,quantile,0.3,4.0
2026-08-29,wk inc covid hosp,3,2026-09-19,44,quantile,0.35,4.0
2026-08-29,wk inc covid hosp,3,2026-09-19,44,quantile,0.4,4.0
2026-08-29,wk inc covid hosp,3,2026-09-19,44,quantile,0.45,5.0
2026-08-29,wk inc covid hosp,3,2026-09-19,44,quantile,0.5,5.0
2026-08-29,wk inc covid hosp,3,2026-09-19,44,quantile,0.55,5.0
2026-08-29,wk inc covid hosp,3,2026-09-19,44,quantile,0.6,5.0
2026-08-29,wk inc covid hosp,3,2026-09-19,44,quantile,0.65,5.0
2026-08-29,wk inc covid hosp,3,2026-09-19,44,quantile,0.7,6.0
2026-08-29,wk inc covid hosp,3,2026-09-19,44,quantile,0.75,6.0
2026-08-29,wk inc covid hosp,3,2026-09-19,44,quantile,0.8,6.0
2026-08-29,wk inc covid hosp,3,2026-09-19,44,quantile,0.85,7.0
2026-08-29,wk inc covid hosp,3,2026-09-19,44,quantile,0.9,7.0
2026-08-29,wk inc covid hosp,3,2026-09-19,44,quantile,0.95,8.0
2026-08-29,wk inc covid hosp,3,2026-09-19,44,quantile,0.975,9.0
2026-08-29,wk inc covid hosp,3,2026-09-19,44,quantile,0.99,13.0
2026-08-29,wk inc covid hosp,3,2026-09-19,45,quantile,0.01,0.0
2026-08-29,wk inc covid hosp,3,2026-09-19,45,quantile,0.025,6.0
2026-08-29,wk inc covid hosp,3,2026-09-19,45,quantile,0.05,12.0
2026-08-29,wk inc covid hosp,3,2026-09-19,45,quantile,0.1,16.0
2026-08-29,wk inc covid hosp,3,2026-09-19,45,quantile,0.15,18.849999999999994
2026-08-29,wk inc covid hosp,3,2026-09-19,45,quantile,0.2,21.0
2026-08-29,wk inc covid hosp,3,2026-09-19,45,quantile,0.25,22.0
2026-08-29,wk inc covid hosp,3,2026-09-19,45,quantile,0.3,24.0
2026-08-29,wk inc covid hosp,3,2026-09-19,45,quantile,0.35,25.0
2026-08-29,wk inc covid hosp,3,2026-09-19,45,quantile,0.4,26.0
2026-08-29,wk inc covid hosp,3,2026-09-19,45,quantile,0.45,27.0
2026-08-29,wk inc covid hosp,3,2026-09-19,45,quantile,0.5,28.0
2026-08-29,wk inc covid hosp,3,2026-09-19,45,quantile,0.55,28.0
2026-08-29,wk inc covid hosp,3,2026-09-19,45,quantile,0.6,29.0
2026-08-29,wk inc covid hosp,3,2026-09-19,45,quantile,0.65,30.0
2026-08-29,wk inc covid hosp,3,2026-09-19,45,quantile,0.7,31.0
2026-08-29,wk inc covid hosp,3,2026-09-19,45,quantile,0.75,32.0
2026-08-29,wk inc covid hosp,3,2026-09-19,45,quantile,0.8,33.0
2026-08-29,wk inc covid hosp,3,2026-09-19,45,quantile,0.85,35.0
2026-08-29,wk inc covid hosp,3,2026-09-19,45,quantile,0.9,39.0
2026-08-29,wk inc covid hosp,3,2026-09-19,45,quantile,0.95,44.0
2026-08-29,wk inc covid hosp,3,2026-09-19,45,quantile,0.975,50.049999999999955
2026-08-29,wk inc covid hosp,3,2026-09-19,45,quantile,0.99,55.0
2026-08-29,wk inc covid hosp,3,2026-09-19,46,quantile,0.01,0.0
2026-08-29,wk inc covid hosp,3,2026-09-19,46,quantile,0.025,0.0
2026-08-29,wk inc covid hosp,3,2026-09-19,46,quantile,0.05,0.0
2026-08-29,wk inc covid hosp,3,2026-09-19,46,quantile,0.1,0.0
2026-08-29,wk inc covid hosp,3,2026-09-19,46,quantile,0.15,0.0
2026-08-29,wk inc covid hosp,3,2026-09-19,46,quantile,0.2,0.8000000000000114
2026-08-29,wk inc covid hosp,3,2026-09-19,46,quantile,0.25,1.0
2026-08-29,wk inc covid hosp,3,2026-09-19,46,quantile,0.3,1.0
2026-08-29,wk inc covid hosp,3,2026-09-19,46,quantile,0.35,1.0
2026-08-29,wk inc covid hosp,3,2026-09-19,46,quantile,0.4,1.0
2026-08-29,wk inc covid hosp,3,2026-09-19,46,quantile,0.45,1.0
2026-08-29,wk inc covid hosp,3,2026-09-19,46,quantile,0.5,2.0
2026-08-29,wk inc covid hosp,3,2026-09-19,46,quantile,0.55,2.0
2026-08-29,wk inc covid hosp,3,2026-09-19,46,quantile,0.6,2.0
2026-08-29,wk inc covid hosp,3,2026-09-19,46,quantile,0.65,2.0
2026-08-29,wk inc covid hosp,3,2026-09-19,46,quantile,0.7,2.0
2026-08-29,wk inc covid hosp,3,2026-09-19,46,quantile,0.75,2.0
2026-08-29,wk inc covid hosp,3,2026-09-19,46,quantile,0.8,3.0
2026-08-29,wk inc covid hosp,3,2026-09-19,46,quantile,0.85,3.0
2026-08-29,wk inc covid hosp,3,2026-09-19,46,quantile,0.9,4.0
2026-08-29,wk inc covid hosp,3,2026-09-19,46,quantile,0.95,5.0
2026-08-29,wk inc covid hosp,3,2026-09-19,46,quantile,0.975,6.0
2026-08-29,wk inc covid hosp,3,2026-09-19,46,quantile,0.99,8.0
2026-08-29,wk inc covid hosp,3,2026-09-19,47,quantile,0.01,0.0
2026-08-29,wk inc covid hosp,3,2026-09-19,47,quantile,0.025,8.475000000000001
2026-08-29,wk inc covid hosp,3,2026-09-19,47,quantile,0.05,14.950000000000003
2026-08-29,wk inc covid hosp,3,2026-09-19,47,quantile,0.1,23.0
2026-08-29,wk inc covid hosp,3,2026-09-19,47,quantile,0.15,28.0
2026-08-29,wk inc covid hosp,3,2026-09-19,47,quantile,0.2,32.0
2026-08-29,wk inc covid hosp,3,2026-09-19,47,quantile,0.25,35.0
2026-08-29,wk inc covid hosp,3,2026-09-19,47,quantile,0.3,37.0
2026-08-29,wk inc covid hosp,3,2026-09-19,47,quantile,0.35,39.0
2026-08-29,wk inc covid hosp,3,2026-09-19,47,quantile,0.4,41.0
2026-08-29,wk inc covid hosp,3,2026-09-19,47,quantile,0.45,42.0
2026-08-29,wk inc covid hosp,3,2026-09-19,47,quantile,0.5,43.0
2026-08-29,wk inc covid hosp,3,2026-09-19,47,quantile,0.55,44.0
2026-08-29,wk inc covid hosp,3,2026-09-19,47,quantile,0.6,45.0
2026-08-29,wk inc covid hosp,3,2026-09-19,47,quantile,0.65,46.0
2026-08-29,wk inc covid hosp,3,2026-09-19,47,quantile,0.7,48.0
2026-08-29,wk inc covid hosp,3,2026-09-19,47,quantile,0.75,50.0
2026-08-29,wk inc covid hosp,3,2026-09-19,47,quantile,0.8,53.0
2026-08-29,wk inc covid hosp,3,2026-09-19,47,quantile,0.85,56.0
2026-08-29,wk inc covid hosp,3,2026-09-19,47,quantile,0.9,61.0
2026-08-29,wk inc covid hosp,3,2026-09-19,47,quantile,0.95,71.0
2026-08-29,wk inc covid hosp,3,2026-09-19,47,quantile,0.975,81.52499999999998
2026-08-29,wk inc covid hosp,3,2026-09-19,47,quantile,0.99,94.07999999999993
2026-08-29,wk inc covid hosp,3,2026-09-19,48,quantile,0.01,33.88
2026-08-29,wk inc covid hosp,3,2026-09-19,48,quantile,0.025,96.0
2026-08-29,wk inc covid hosp,3,2026-09-19,48,quantile,0.05,131.0
2026-08-29,wk inc covid hosp,3,2026-09-19,48,quantile,0.1,179.0
2026-08-29,wk inc covid hosp,3,2026-09-19,48,quantile,0.15,196.85
2026-08-29,wk inc covid hosp,3,2026-09-19,48,quantile,0.2,213.0
2026-08-29,wk inc covid hosp,3,2026-09-19,48,quantile,0.25,221.0
2026-08-29,wk inc covid hosp,3,2026-09-19,48,quantile,0.3,228.0
2026-08-29,wk inc covid hosp,3,2026-09-19,48,quantile,0.35,233.64999999999998
2026-08-29,wk inc covid hosp,3,2026-09-19,48,quantile,0.4,242.60000000000002
2026-08-29,wk inc covid hosp,3,2026-09-19,48,quantile,0.45,250.0
2026-08-29,wk inc covid hosp,3,2026-09-19,48,quantile,0.5,257.0
2026-08-29,wk inc covid hosp,3,2026-09-19,48,quantile,0.55,259.0
2026-08-29,wk inc covid hosp,3,2026-09-19,48,quantile,0.6,265.4
2026-08-29,wk inc covid hosp,3,2026-09-19,48,quantile,0.65,273.0
2026-08-29,wk inc covid hosp,3,2026-09-19,48,quantile,0.7,283.0
2026-08-29,wk inc covid hosp,3,2026-09-19,48,quantile,0.75,297.25
2026-08-29,wk inc covid hosp,3,2026-09-19,48,quantile,0.8,308.20000000000005
2026-08-29,wk inc covid hosp,3,2026-09-19,48,quantile,0.85,329.0
2026-08-29,wk inc covid hosp,3,2026-09-19,48,quantile,0.9,359.1
2026-08-29,wk inc covid hosp,3,2026-09-19,48,quantile,0.95,405.0999999999999
2026-08-29,wk inc covid hosp,3,2026-09-19,48,quantile,0.975,452.6249999999999
2026-08-29,wk inc covid hosp,3,2026-09-19,48,quantile,0.99,577.2199999999998
2026-08-29,wk inc covid hosp,3,2026-09-19,49,quantile,0.01,0.0
2026-08-29,wk inc covid hosp,3,2026-09-19,49,quantile,0.025,0.0
2026-08-29,wk inc covid hosp,3,2026-09-19,49,quantile,0.05,0.0
2026-08-29,wk inc covid hosp,3,2026-09-19,49,quantile,0.1,1.0
2026-08-29,wk inc covid hosp,3,2026-09-19,49,quantile,0.15,2.0
2026-08-29,wk inc covid hosp,3,2026-09-19,49,quantile,0.2,3.0
2026-08-29,wk inc covid hosp,3,2026-09-19,49,quantile,0.25,4.0
2026-08-29,wk inc covid hosp,3,2026-09-19,49,quantile,0.3,4.0
2026-08-29,wk inc covid hosp,3,2026-09-19,49,quantile,0.35,5.0
2026-08-29,wk inc covid hosp,3,2026-09-19,49,quantile,0.4,6.0
2026-08-29,wk inc covid hosp,3,2026-09-19,49,quantile,0.45,6.0
2026-08-29,wk inc covid hosp,3,2026-09-19,49,quantile,0.5,7.0
2026-08-29,wk inc covid hosp,3,2026-09-19,49,quantile,0.55,7.0
2026-08-29,wk inc covid hosp,3,2026-09-19,49,quantile,0.6,7.0
2026-08-29,wk inc covid hosp,3,2026-09-19,49,quantile,0.65,8.0
2026-08-29,wk inc covid hosp,3,2026-09-19,49,quantile,0.7,8.0
2026-08-29,wk inc covid hosp,3,2026-09-19,49,quantile,0.75,9.0
2026-08-29,wk inc covid hosp,3,2026-09-19,49,quantile,0.8,10.0
2026-08-29,wk inc covid hosp,3,2026-09-19,49,quantile,0.85,11.0
2026-08-29,wk inc covid hosp,3,2026-09-19,49,quantile,0.9,12.0
2026-08-29,wk inc covid hosp,3,2026-09-19,49,quantile,0.95,15.0
2026-08-29,wk inc covid hosp,3,2026-09-19,49,quantile,0.975,19.524999999999977
2026-08-29,wk inc covid hosp,3,2026-09-19,49,quantile,0.99,23.019999999999982
2026-08-29,wk inc covid hosp,3,2026-09-19,50,quantile,0.01,0.0
2026-08-29,wk inc covid hosp,3,2026-09-19,50,quantile,0.025,0.0
2026-08-29,wk inc covid hosp,3,2026-09-19,50,quantile,0.05,0.0
2026-08-29,wk inc covid hosp,3,2026-09-19,50,quantile,0.1,0.0
2026-08-29,wk inc covid hosp,3,2026-09-19,50,quantile,0.15,0.0
2026-08-29,wk inc covid hosp,3,2026-09-19,50,quantile,0.2,0.0
2026-08-29,wk inc covid hosp,3,2026-09-19,50,quantile,0.25,1.0
2026-08-29,wk inc covid hosp,3,2026-09-19,50,quantile,0.3,1.0
2026-08-29,wk inc covid hosp,3,2026-09-19,50,quantile,0.35,1.0
2026-08-29,wk inc covid hosp,3,2026-09-19,50,quantile,0.4,1.0
2026-08-29,wk inc covid hosp,3,2026-09-19,50,quantile,0.45,1.0
2026-08-29,wk inc covid hosp,3,2026-09-19,50,quantile,0.5,1.0
2026-08-29,wk inc covid hosp,3,2026-09-19,50,quantile,0.55,1.0
2026-08-29,wk inc covid hosp,3,2026-09-19,50,quantile,0.6,1.0
2026-08-29,wk inc covid hosp,3,2026-09-19,50,quantile,0.65,1.0
2026-08-29,wk inc covid hosp,3,2026-09-19,50,quantile,0.7,2.0
2026-08-29,wk inc covid hosp,3,2026-09-19,50,quantile,0.75,2.0
2026-08-29,wk inc covid hosp,3,2026-09-19,50,quantile,0.8,2.0
2026-08-29,wk inc covid hosp,3,2026-09-19,50,quantile,0.85,2.0
2026-08-29,wk inc covid hosp,3,2026-09-19,50,quantile,0.9,2.0
2026-08-29,wk inc covid hosp,3,2026-09-19,50,quantile,0.95,3.0
2026-08-29,wk inc covid hosp,3,2026-09-19,50,quantile,0.975,4.0
2026-08-29,wk inc covid hosp,3,2026-09-19,50,quantile,0.99,5.019999999999982
2026-08-29,wk inc covid hosp,3,2026-09-19,51,quantile,0.01,0.0
2026-08-29,wk inc covid hosp,3,2026-09-19,51,quantile,0.025,0.0
2026-08-29,wk inc covid hosp,3,2026-09-19,51,quantile,0.05,4.950000000000003
2026-08-29,wk inc covid hosp,3,2026-09-19,51,quantile,0.1,13.900000000000006
2026-08-29,wk inc covid hosp,3,2026-09-19,51,quantile,0.15,17.0
2026-08-29,wk inc covid hosp,3,2026-09-19,51,quantile,0.2,20.0
2026-08-29,wk inc covid hosp,3,2026-09-19,51,quantile,0.25,23.0
2026-08-29,wk inc covid hosp,3,2026-09-19,51,quantile,0.3,25.0
2026-08-29,wk inc covid hosp,3,2026-09-19,51,quantile,0.35,26.0
2026-08-29,wk inc covid hosp,3,2026-09-19,51,quantile,0.4,28.0
2026-08-29,wk inc covid hosp,3,2026-09-19,51,quantile,0.45,30.0
2026-08-29,wk inc covid hosp,3,2026-09-19,51,quantile,0.5,31.0
2026-08-29,wk inc covid hosp,3,2026-09-19,51,quantile,0.55,32.0
2026-08-29,wk inc covid hosp,3,2026-09-19,51,quantile,0.6,33.0
2026-08-29,wk inc covid hosp,3,2026-09-19,51,quantile,0.65,35.0
2026-08-29,wk inc covid hosp,3,2026-09-19,51,quantile,0.7,37.0
2026-08-29,wk inc covid hosp,3,2026-09-19,51,quantile,0.75,39.0
2026-08-29,wk inc covid hosp,3,2026-09-19,51,quantile,0.8,42.0
2026-08-29,wk inc covid hosp,3,2026-09-19,51,quantile,0.85,45.0
2026-08-29,wk inc covid hosp,3,2026-09-19,51,quantile,0.9,49.10000000000002
2026-08-29,wk inc covid hosp,3,2026-09-19,51,quantile,0.95,56.049999999999955
2026-08-29,wk inc covid hosp,3,2026-09-19,51,quantile,0.975,71.0
2026-08-29,wk inc covid hosp,3,2026-09-19,51,quantile,0.99,116.0
2026-08-29,wk inc covid hosp,3,2026-09-19,53,quantile,0.01,2.9800000000000004
2026-08-29,wk inc covid hosp,3,2026-09-19,53,quantile,0.025,9.0
2026-08-29,wk inc covid hosp,3,2026-09-19,53,quantile,0.05,18.950000000000003
2026-08-29,wk inc covid hosp,3,2026-09-19,53,quantile,0.1,25.900000000000006
2026-08-29,wk inc covid hosp,3,2026-09-19,53,quantile,0.15,30.0
2026-08-29,wk inc covid hosp,3,2026-09-19,53,quantile,0.2,33.0
2026-08-29,wk inc covid hosp,3,2026-09-19,53,quantile,0.25,37.0
2026-08-29,wk inc covid hosp,3,2026-09-19,53,quantile,0.3,40.0
2026-08-29,wk inc covid hosp,3,2026-09-19,53,quantile,0.35,42.0
2026-08-29,wk inc covid hosp,3,2026-09-19,53,quantile,0.4,44.0
2026-08-29,wk inc covid hosp,3,2026-09-19,53,quantile,0.45,46.0
2026-08-29,wk inc covid hosp,3,2026-09-19,53,quantile,0.5,47.0
2026-08-29,wk inc covid hosp,3,2026-09-19,53,quantile,0.55,48.0
2026-08-29,wk inc covid hosp,3,2026-09-19,53,quantile,0.6,49.0
2026-08-29,wk inc covid hosp,3,2026-09-19,53,quantile,0.65,50.0
2026-08-29,wk inc covid hosp,3,2026-09-19,53,quantile,0.7,52.0
2026-08-29,wk inc covid hosp,3,2026-09-19,53,quantile,0.75,54.0
2026-08-29,wk inc covid hosp,3,2026-09-19,53,quantile,0.8,57.200000000000045
2026-08-29,wk inc covid hosp,3,2026-09-19,53,quantile,0.85,61.0
2026-08-29,wk inc covid hosp,3,2026-09-19,53,quantile,0.9,67.0
2026-08-29,wk inc covid hosp,3,2026-09-19,53,quantile,0.95,79.04999999999995
2026-08-29,wk inc covid hosp,3,2026-09-19,53,quantile,0.975,95.0
2026-08-29,wk inc covid hosp,3,2026-09-19,53,quantile,0.99,135.1099999999999
2026-08-29,wk inc covid hosp,3,2026-09-19,54,quantile,0.01,0.0
2026-08-29,wk inc covid hosp,3,2026-09-19,54,quantile,0.025,0.0
2026-08-29,wk inc covid hosp,3,2026-09-19,54,quantile,0.05,0.0
2026-08-29,wk inc covid hosp,3,2026-09-19,54,quantile,0.1,0.0
2026-08-29,wk inc covid hosp,3,2026-09-19,54,quantile,0.15,1.0
2026-08-29,wk inc covid hosp,3,2026-09-19,54,quantile,0.2,1.0
2026-08-29,wk inc covid hosp,3,2026-09-19,54,quantile,0.25,1.0
2026-08-29,wk inc covid hosp,3,2026-09-19,54,quantile,0.3,2.0
2026-08-29,wk inc covid hosp,3,2026-09-19,54,quantile,0.35,2.0
2026-08-29,wk inc covid hosp,3,2026-09-19,54,quantile,0.4,2.0
2026-08-29,wk inc covid hosp,3,2026-09-19,54,quantile,0.45,3.0
2026-08-29,wk inc covid hosp,3,2026-09-19,54,quantile,0.5,3.0
2026-08-29,wk inc covid hosp,3,2026-09-19,54,quantile,0.55,3.0
2026-08-29,wk inc covid hosp,3,2026-09-19,54,quantile,0.6,3.0
2026-08-29,wk inc covid hosp,3,2026-09-19,54,quantile,0.65,4.0
2026-08-29,wk inc covid hosp,3,2026-09-19,54,quantile,0.7,4.0
2026-08-29,wk inc covid hosp,3,2026-09-19,54,quantile,0.75,4.0
2026-08-29,wk inc covid hosp,3,2026-09-19,54,quantile,0.8,4.2000000000000455
2026-08-29,wk inc covid hosp,3,2026-09-19,54,quantile,0.85,5.0
2026-08-29,wk inc covid hosp,3,2026-09-19,54,quantile,0.9,6.0
2026-08-29,wk inc covid hosp,3,2026-09-19,54,quantile,0.95,7.0
2026-08-29,wk inc covid hosp,3,2026-09-19,54,quantile,0.975,10.524999999999977
2026-08-29,wk inc covid hosp,3,2026-09-19,54,quantile,0.99,17.029999999999973
2026-08-29,wk inc covid hosp,3,2026-09-19,55,quantile,0.01,0.0
2026-08-29,wk inc covid hosp,3,2026-09-19,55,quantile,0.025,0.0
2026-08-29,wk inc covid hosp,3,2026-09-19,55,quantile,0.05,0.0
2026-08-29,wk inc covid hosp,3,2026-09-19,55,quantile,0.1,3.0
2026-08-29,wk inc covid hosp,3,2026-09-19,55,quantile,0.15,5.0
2026-08-29,wk inc covid hosp,3,2026-09-19,55,quantile,0.2,7.0
2026-08-29,wk inc covid hosp,3,2026-09-19,55,quantile,0.25,8.75
2026-08-29,wk inc covid hosp,3,2026-09-19,55,quantile,0.3,10.0
2026-08-29,wk inc covid hosp,3,2026-09-19,55,quantile,0.35,11.0
2026-08-29,wk inc covid hosp,3,2026-09-19,55,quantile,0.4,12.0
2026-08-29,wk inc covid hosp,3,2026-09-19,55,quantile,0.45,13.0
2026-08-29,wk inc covid hosp,3,2026-09-19,55,quantile,0.5,14.0
2026-08-29,wk inc covid hosp,3,2026-09-19,55,quantile,0.55,14.0
2026-08-29,wk inc covid hosp,3,2026-09-19,55,quantile,0.6,15.0
2026-08-29,wk inc covid hosp,3,2026-09-19,55,quantile,0.65,16.0
2026-08-29,wk inc covid hosp,3,2026-09-19,55,quantile,0.7,17.0
2026-08-29,wk inc covid hosp,3,2026-09-19,55,quantile,0.75,18.0
2026-08-29,wk inc covid hosp,3,2026-09-19,55,quantile,0.8,19.0
2026-08-29,wk inc covid hosp,3,2026-09-19,55,quantile,0.85,21.0
2026-08-29,wk inc covid hosp,3,2026-09-19,55,quantile,0.9,25.0
2026-08-29,wk inc covid hosp,3,2026-09-19,55,quantile,0.95,29.049999999999955
2026-08-29,wk inc covid hosp,3,2026-09-19,55,quantile,0.975,34.52499999999998
2026-08-29,wk inc covid hosp,3,2026-09-19,55,quantile,0.99,43.00999999999999
2026-08-29,wk inc covid hosp,3,2026-09-19,56,quantile,0.01,0.0
2026-08-29,wk inc covid hosp,3,2026-09-19,56,quantile,0.025,0.0
2026-08-29,wk inc covid hosp,3,2026-09-19,56,quantile,0.05,0.0
2026-08-29,wk inc covid hosp,3,2026-09-19,56,quantile,0.1,0.0
2026-08-29,wk inc covid hosp,3,2026-09-19,56,quantile,0.15,0.0
2026-08-29,wk inc covid hosp,3,2026-09-19,56,quantile,0.2,0.0
2026-08-29,wk inc covid hosp,3,2026-09-19,56,quantile,0.25,1.0
2026-08-29,wk inc covid hosp,3,2026-09-19,56,quantile,0.3,1.0
2026-08-29,wk inc covid hosp,3,2026-09-19,56,quantile,0.35,1.0
2026-08-29,wk inc covid hosp,3,2026-09-19,56,quantile,0.4,1.0
2026-08-29,wk inc covid hosp,3,2026-09-19,56,quantile,0.45,1.0
2026-08-29,wk inc covid hosp,3,2026-09-19,56,quantile,0.5,1.0
2026-08-29,wk inc covid hosp,3,2026-09-19,56,quantile,0.55,1.0
2026-08-29,wk inc covid hosp,3,2026-09-19,56,quantile,0.6,1.0
2026-08-29,wk inc covid hosp,3,2026-09-19,56,quantile,0.65,2.0
2026-08-29,wk inc covid hosp,3,2026-09-19,56,quantile,0.7,2.0
2026-08-29,wk inc covid hosp,3,2026-09-19,56,quantile,0.75,2.0
2026-08-29,wk inc covid hosp,3,2026-09-19,56,quantile,0.8,2.0
2026-08-29,wk inc covid hosp,3,2026-09-19,56,quantile,0.85,2.0
2026-08-29,wk inc covid hosp,3,2026-09-19,56,quantile,0.9,3.0
2026-08-29,wk inc covid hosp,3,2026-09-19,56,quantile,0.95,3.0
2026-08-29,wk inc covid hosp,3,2026-09-19,56,quantile,0.975,4.524999999999977
2026-08-29,wk inc covid hosp,3,2026-09-19,56,quantile,0.99,6.009999999999991
2026-08-29,wk inc covid hosp,3,2026-09-19,72,quantile,0.01,0.0
2026-08-29,wk inc covid hosp,3,2026-09-19,72,quantile,0.025,9.475000000000001
2026-08-29,wk inc covid hosp,3,2026-09-19,72,quantile,0.05,17.0
2026-08-29,wk inc covid hosp,3,2026-09-19,72,quantile,0.1,31.900000000000006
2026-08-29,wk inc covid hosp,3,2026-09-19,72,quantile,0.15,45.0
2026-08-29,wk inc covid hosp,3,2026-09-19,72,quantile,0.2,52.0
2026-08-29,wk inc covid hosp,3,2026-09-19,72,quantile,0.25,58.0
2026-08-29,wk inc covid hosp,3,2026-09-19,72,quantile,0.3,63.0
2026-08-29,wk inc covid hosp,3,2026-09-19,72,quantile,0.35,69.64999999999998
2026-08-29,wk inc covid hosp,3,2026-09-19,72,quantile,0.4,75.0
2026-08-29,wk inc covid hosp,3,2026-09-19,72,quantile,0.45,79.0
2026-08-29,wk inc covid hosp,3,2026-09-19,72,quantile,0.5,81.0
2026-08-29,wk inc covid hosp,3,2026-09-19,72,quantile,0.55,85.0
2026-08-29,wk inc covid hosp,3,2026-09-19,72,quantile,0.6,89.0
2026-08-29,wk inc covid hosp,3,2026-09-19,72,quantile,0.65,93.0
2026-08-29,wk inc covid hosp,3,2026-09-19,72,quantile,0.7,99.0
2026-08-29,wk inc covid hosp,3,2026-09-19,72,quantile,0.75,105.0
2026-08-29,wk inc covid hosp,3,2026-09-19,72,quantile,0.8,114.0
2026-08-29,wk inc covid hosp,3,2026-09-19,72,quantile,0.85,129.0
2026-08-29,wk inc covid hosp,3,2026-09-19,72,quantile,0.9,157.10000000000002
2026-08-29,wk inc covid hosp,3,2026-09-19,72,quantile,0.95,197.04999999999995
2026-08-29,wk inc covid hosp,3,2026-09-19,72,quantile,0.975,245.52499999999998
2026-08-29,wk inc covid hosp,3,2026-09-19,72,quantile,0.99,373.0799999999999
