reference_date,target,horizon,target_end_date,location,output_type,output_type_id,value
2026-08-22,wk inc covid hosp,0,2026-08-22,01,quantile,0.01,42.0
2026-08-22,wk inc covid hosp,0,2026-08-22,01,quantile,0.025,46.0
2026-08-22,wk inc covid hosp,0,2026-08-22,01,quantile,0.05,49.0
2026-08-22,wk inc covid hosp,0,2026-08-22,01,quantile,0.1,53.0
2026-08-22,wk inc covid hosp,0,2026-08-22,01,quantile,0.15,55.0
2026-08-22,wk inc covid hosp,0,2026-08-22,01,quantile,0.2,58.0
2026-08-22,wk inc covid hosp,0,2026-08-22,01,quantile,0.25,60.0
2026-08-22,wk inc covid hosp,0,2026-08-22,01,quantile,0.3,63.0
2026-08-22,wk inc covid hosp,0,2026-08-22,01,quantile,0.35,64.0
2026-08-22,wk inc covid hosp,0,2026-08-22,01,quantile,0.4,66.0
2026-08-22,wk inc covid hosp,0,2026-08-22,01,quantile,0.45,67.0
2026-08-22,wk inc covid hosp,0,2026-08-22,01,quantile,0.5,69.0
2026-08-22,wk inc covid hosp,0,2026-08-22,01,quantile,0.55,70.0
2026-08-22,wk inc covid hosp,0,2026-08-22,01,quantile,0.6,72.0
2026-08-22,wk inc covid hosp,0,2026-08-22,01,quantile,0.65,73.0
2026-08-22,wk inc covid hosp,0,2026-08-22,01,quantile,0.7,75.0
2026-08-22,wk inc covid hosp,0,2026-08-22,01,quantile,0.75,77.0
2026-08-22,wk inc covid hosp,0,2026-08-22,01,quantile,0.8,80.0
2026-08-22,wk inc covid hosp,0,2026-08-22,01,quantile,0.85,82.0
2026-08-22,wk inc covid hosp,0,2026-08-22,01,quantile,0.9,86.0
2026-08-22,wk inc covid hosp,0,2026-08-22,01,quantile,0.95,91.0
2026-08-22,wk inc covid hosp,0,2026-08-22,01,quantile,0.975,95.0
2026-08-22,wk inc covid hosp,0,2026-08-22,01,quantile,0.99,101.0
2026-08-22,wk inc covid hosp,0,2026-08-22,02,quantile,0.01,0.0
2026-08-22,wk inc covid hosp,0,2026-08-22,02,quantile,0.025,0.0
2026-08-22,wk inc covid hosp,0,2026-08-22,02,quantile,0.05,0.0
2026-08-22,wk inc covid hosp,0,2026-08-22,02,quantile,0.1,0.0
2026-08-22,wk inc covid hosp,0,2026-08-22,02,quantile,0.15,0.0
2026-08-22,wk inc covid hosp,0,2026-08-22,02,quantile,0.2,1.0
2026-08-22,wk inc covid hosp,0,2026-08-22,02,quantile,0.25,1.0
2026-08-22,wk inc covid hosp,0,2026-08-22,02,quantile,0.3,1.0
2026-08-22,wk inc covid hosp,0,2026-08-22,02,quantile,0.35,1.0
2026-08-22,wk inc covid hosp,0,2026-08-22,02,quantile,0.4,2.0
2026-08-22,wk inc covid hosp,0,2026-08-22,02,quantile,0.45,2.0
2026-08-22,wk inc covid hosp,0,2026-08-22,02,quantile,0.5,2.0
2026-08-22,wk inc covid hosp,0,2026-08-22,02,quantile,0.55,3.0
2026-08-22,wk inc covid hosp,0,2026-08-22,02,quantile,0.6,3.0
2026-08-22,wk inc covid hosp,0,2026-08-22,02,quantile,0.65,4.0
2026-08-22,wk inc covid hosp,0,2026-08-22,02,quantile,0.7,4.0
2026-08-22,wk inc covid hosp,0,2026-08-22,02,quantile,0.75,4.0
2026-08-22,wk inc covid hosp,0,2026-08-22,02,quantile,0.8,5.0
2026-08-22,wk inc covid hosp,0,2026-08-22,02,quantile,0.85,6.0
2026-08-22,wk inc covid hosp,0,2026-08-22,02,quantile,0.9,7.0
2026-08-22,wk inc covid hosp,0,2026-08-22,02,quantile,0.95,9.0
2026-08-22,wk inc covid hosp,0,2026-08-22,02,quantile,0.975,10.0
2026-08-22,wk inc covid hosp,0,2026-08-22,02,quantile,0.99,11.0
2026-08-22,wk inc covid hosp,0,2026-08-22,04,quantile,0.01,28.0
2026-08-22,wk inc covid hosp,0,2026-08-22,04,quantile,0.025,30.0
2026-08-22,wk inc covid hosp,0,2026-08-22,04,quantile,0.05,33.0
2026-08-22,wk inc covid hosp,0,2026-08-22,04,quantile,0.1,36.0
2026-08-22,wk inc covid hosp,0,2026-08-22,04,quantile,0.15,38.0
2026-08-22,wk inc covid hosp,0,2026-08-22,04,quantile,0.2,41.0
2026-08-22,wk inc covid hosp,0,2026-08-22,04,quantile,0.25,43.0
2026-08-22,wk inc covid hosp,0,2026-08-22,04,quantile,0.3,45.0
2026-08-22,wk inc covid hosp,0,2026-08-22,04,quantile,0.35,46.0
2026-08-22,wk inc covid hosp,0,2026-08-22,04,quantile,0.4,47.0
2026-08-22,wk inc covid hosp,0,2026-08-22,04,quantile,0.45,49.0
2026-08-22,wk inc covid hosp,0,2026-08-22,04,quantile,0.5,50.0
2026-08-22,wk inc covid hosp,0,2026-08-22,04,quantile,0.55,51.0
2026-08-22,wk inc covid hosp,0,2026-08-22,04,quantile,0.6,53.0
2026-08-22,wk inc covid hosp,0,2026-08-22,04,quantile,0.65,54.0
2026-08-22,wk inc covid hosp,0,2026-08-22,04,quantile,0.7,56.0
2026-08-22,wk inc covid hosp,0,2026-08-22,04,quantile,0.75,58.0
2026-08-22,wk inc covid hosp,0,2026-08-22,04,quantile,0.8,60.0
2026-08-22,wk inc covid hosp,0,2026-08-22,04,quantile,0.85,62.0
2026-08-22,wk inc covid hosp,0,2026-08-22,04,quantile,0.9,65.0
2026-08-22,wk inc covid hosp,0,2026-08-22,04,quantile,0.95,70.0
2026-08-22,wk inc covid hosp,0,2026-08-22,04,quantile,0.975,74.0
2026-08-22,wk inc covid hosp,0,2026-08-22,04,quantile,0.99,78.0
2026-08-22,wk inc covid hosp,0,2026-08-22,05,quantile,0.01,4.0
2026-08-22,wk inc covid hosp,0,2026-08-22,05,quantile,0.025,5.0
2026-08-22,wk inc covid hosp,0,2026-08-22,05,quantile,0.05,5.0
2026-08-22,wk inc covid hosp,0,2026-08-22,05,quantile,0.1,7.0
2026-08-22,wk inc covid hosp,0,2026-08-22,05,quantile,0.15,8.0
2026-08-22,wk inc covid hosp,0,2026-08-22,05,quantile,0.2,9.0
2026-08-22,wk inc covid hosp,0,2026-08-22,05,quantile,0.25,10.0
2026-08-22,wk inc covid hosp,0,2026-08-22,05,quantile,0.3,11.0
2026-08-22,wk inc covid hosp,0,2026-08-22,05,quantile,0.35,11.0
2026-08-22,wk inc covid hosp,0,2026-08-22,05,quantile,0.4,12.0
2026-08-22,wk inc covid hosp,0,2026-08-22,05,quantile,0.45,13.0
2026-08-22,wk inc covid hosp,0,2026-08-22,05,quantile,0.5,14.0
2026-08-22,wk inc covid hosp,0,2026-08-22,05,quantile,0.55,15.0
2026-08-22,wk inc covid hosp,0,2026-08-22,05,quantile,0.6,16.0
2026-08-22,wk inc covid hosp,0,2026-08-22,05,quantile,0.65,16.0
2026-08-22,wk inc covid hosp,0,2026-08-22,05,quantile,0.7,17.0
2026-08-22,wk inc covid hosp,0,2026-08-22,05,quantile,0.75,18.0
2026-08-22,wk inc covid hosp,0,2026-08-22,05,quantile,0.8,19.0
2026-08-22,wk inc covid hosp,0,2026-08-22,05,quantile,0.85,21.0
2026-08-22,wk inc covid hosp,0,2026-08-22,05,quantile,0.9,23.0
2026-08-22,wk inc covid hosp,0,2026-08-22,05,quantile,0.95,26.0
2026-08-22,wk inc covid hosp,0,2026-08-22,05,quantile,0.975,27.0
2026-08-22,wk inc covid hosp,0,2026-08-22,05,quantile,0.99,29.0
2026-08-22,wk inc covid hosp,0,2026-08-22,06,quantile,0.01,313.0
2026-08-22,wk inc covid hosp,0,2026-08-22,06,quantile,0.025,317.0
2026-08-22,wk inc covid hosp,0,2026-08-22,06,quantile,0.05,328.0
2026-08-22,wk inc covid hosp,0,2026-08-22,06,quantile,0.1,339.0
2026-08-22,wk inc covid hosp,0,2026-08-22,06,quantile,0.15,346.0
2026-08-22,wk inc covid hosp,0,2026-08-22,06,quantile,0.2,352.0
2026-08-22,wk inc covid hosp,0,2026-08-22,06,quantile,0.25,357.0
2026-08-22,wk inc covid hosp,0,2026-08-22,06,quantile,0.3,362.0
2026-08-22,wk inc covid hosp,0,2026-08-22,06,quantile,0.35,368.0
2026-08-22,wk inc covid hosp,0,2026-08-22,06,quantile,0.4,372.0
2026-08-22,wk inc covid hosp,0,2026-08-22,06,quantile,0.45,377.0
2026-08-22,wk inc covid hosp,0,2026-08-22,06,quantile,0.5,382.0
2026-08-22,wk inc covid hosp,0,2026-08-22,06,quantile,0.55,386.0
2026-08-22,wk inc covid hosp,0,2026-08-22,06,quantile,0.6,391.0
2026-08-22,wk inc covid hosp,0,2026-08-22,06,quantile,0.65,396.0
2026-08-22,wk inc covid hosp,0,2026-08-22,06,quantile,0.7,403.0
2026-08-22,wk inc covid hosp,0,2026-08-22,06,quantile,0.75,409.0
2026-08-22,wk inc covid hosp,0,2026-08-22,06,quantile,0.8,414.0
2026-08-22,wk inc covid hosp,0,2026-08-22,06,quantile,0.85,420.0
2026-08-22,wk inc covid hosp,0,2026-08-22,06,quantile,0.9,429.0
2026-08-22,wk inc covid hosp,0,2026-08-22,06,quantile,0.95,441.0
2026-08-22,wk inc covid hosp,0,2026-08-22,06,quantile,0.975,452.0
2026-08-22,wk inc covid hosp,0,2026-08-22,06,quantile,0.99,461.0
2026-08-22,wk inc covid hosp,0,2026-08-22,08,quantile,0.01,2.0
2026-08-22,wk inc covid hosp,0,2026-08-22,08,quantile,0.025,4.0
2026-08-22,wk inc covid hosp,0,2026-08-22,08,quantile,0.05,5.0
2026-08-22,wk inc covid hosp,0,2026-08-22,08,quantile,0.1,7.0
2026-08-22,wk inc covid hosp,0,2026-08-22,08,quantile,0.15,9.0
2026-08-22,wk inc covid hosp,0,2026-08-22,08,quantile,0.2,10.0
2026-08-22,wk inc covid hosp,0,2026-08-22,08,quantile,0.25,10.0
2026-08-22,wk inc covid hosp,0,2026-08-22,08,quantile,0.3,11.0
2026-08-22,wk inc covid hosp,0,2026-08-22,08,quantile,0.35,12.0
2026-08-22,wk inc covid hosp,0,2026-08-22,08,quantile,0.4,12.0
2026-08-22,wk inc covid hosp,0,2026-08-22,08,quantile,0.45,13.0
2026-08-22,wk inc covid hosp,0,2026-08-22,08,quantile,0.5,14.0
2026-08-22,wk inc covid hosp,0,2026-08-22,08,quantile,0.55,15.0
2026-08-22,wk inc covid hosp,0,2026-08-22,08,quantile,0.6,15.0
2026-08-22,wk inc covid hosp,0,2026-08-22,08,quantile,0.65,16.0
2026-08-22,wk inc covid hosp,0,2026-08-22,08,quantile,0.7,17.0
2026-08-22,wk inc covid hosp,0,2026-08-22,08,quantile,0.75,18.0
2026-08-22,wk inc covid hosp,0,2026-08-22,08,quantile,0.8,19.0
2026-08-22,wk inc covid hosp,0,2026-08-22,08,quantile,0.85,21.0
2026-08-22,wk inc covid hosp,0,2026-08-22,08,quantile,0.9,22.0
2026-08-22,wk inc covid hosp,0,2026-08-22,08,quantile,0.95,25.0
2026-08-22,wk inc covid hosp,0,2026-08-22,08,quantile,0.975,27.0
2026-08-22,wk inc covid hosp,0,2026-08-22,08,quantile,0.99,31.0
2026-08-22,wk inc covid hosp,0,2026-08-22,09,quantile,0.01,1.0
2026-08-22,wk inc covid hosp,0,2026-08-22,09,quantile,0.025,1.0
2026-08-22,wk inc covid hosp,0,2026-08-22,09,quantile,0.05,2.0
2026-08-22,wk inc covid hosp,0,2026-08-22,09,quantile,0.1,3.0
2026-08-22,wk inc covid hosp,0,2026-08-22,09,quantile,0.15,4.0
2026-08-22,wk inc covid hosp,0,2026-08-22,09,quantile,0.2,4.0
2026-08-22,wk inc covid hosp,0,2026-08-22,09,quantile,0.25,5.0
2026-08-22,wk inc covid hosp,0,2026-08-22,09,quantile,0.3,5.0
2026-08-22,wk inc covid hosp,0,2026-08-22,09,quantile,0.35,5.0
2026-08-22,wk inc covid hosp,0,2026-08-22,09,quantile,0.4,6.0
2026-08-22,wk inc covid hosp,0,2026-08-22,09,quantile,0.45,6.0
2026-08-22,wk inc covid hosp,0,2026-08-22,09,quantile,0.5,7.0
2026-08-22,wk inc covid hosp,0,2026-08-22,09,quantile,0.55,8.0
2026-08-22,wk inc covid hosp,0,2026-08-22,09,quantile,0.6,8.0
2026-08-22,wk inc covid hosp,0,2026-08-22,09,quantile,0.65,9.0
2026-08-22,wk inc covid hosp,0,2026-08-22,09,quantile,0.7,9.0
2026-08-22,wk inc covid hosp,0,2026-08-22,09,quantile,0.75,10.0
2026-08-22,wk inc covid hosp,0,2026-08-22,09,quantile,0.8,11.0
2026-08-22,wk inc covid hosp,0,2026-08-22,09,quantile,0.85,13.0
2026-08-22,wk inc covid hosp,0,2026-08-22,09,quantile,0.9,14.0
2026-08-22,wk inc covid hosp,0,2026-08-22,09,quantile,0.95,16.0
2026-08-22,wk inc covid hosp,0,2026-08-22,09,quantile,0.975,18.0
2026-08-22,wk inc covid hosp,0,2026-08-22,09,quantile,0.99,22.0
2026-08-22,wk inc covid hosp,0,2026-08-22,10,quantile,0.01,0.0
2026-08-22,wk inc covid hosp,0,2026-08-22,10,quantile,0.025,0.0
2026-08-22,wk inc covid hosp,0,2026-08-22,10,quantile,0.05,0.0
2026-08-22,wk inc covid hosp,0,2026-08-22,10,quantile,0.1,0.0
2026-08-22,wk inc covid hosp,0,2026-08-22,10,quantile,0.15,0.0
2026-08-22,wk inc covid hosp,0,2026-08-22,10,quantile,0.2,0.0
2026-08-22,wk inc covid hosp,0,2026-08-22,10,quantile,0.25,0.0
2026-08-22,wk inc covid hosp,0,2026-08-22,10,quantile,0.3,0.0
2026-08-22,wk inc covid hosp,0,2026-08-22,10,quantile,0.35,1.0
2026-08-22,wk inc covid hosp,0,2026-08-22,10,quantile,0.4,1.0
2026-08-22,wk inc covid hosp,0,2026-08-22,10,quantile,0.45,1.0
2026-08-22,wk inc covid hosp,0,2026-08-22,10,quantile,0.5,1.0
2026-08-22,wk inc covid hosp,0,2026-08-22,10,quantile,0.55,2.0
2026-08-22,wk inc covid hosp,0,2026-08-22,10,quantile,0.6,2.0
2026-08-22,wk inc covid hosp,0,2026-08-22,10,quantile,0.65,3.0
2026-08-22,wk inc covid hosp,0,2026-08-22,10,quantile,0.7,3.0
2026-08-22,wk inc covid hosp,0,2026-08-22,10,quantile,0.75,3.0
2026-08-22,wk inc covid hosp,0,2026-08-22,10,quantile,0.8,4.0
2026-08-22,wk inc covid hosp,0,2026-08-22,10,quantile,0.85,4.0
2026-08-22,wk inc covid hosp,0,2026-08-22,10,quantile,0.9,5.0
2026-08-22,wk inc covid hosp,0,2026-08-22,10,quantile,0.95,7.0
2026-08-22,wk inc covid hosp,0,2026-08-22,10,quantile,0.975,8.0
2026-08-22,wk inc covid hosp,0,2026-08-22,10,quantile,0.99,9.0
2026-08-22,wk inc covid hosp,0,2026-08-22,11,quantile,0.01,0.0
2026-08-22,wk inc covid hosp,0,2026-08-22,11,quantile,0.025,0.0
2026-08-22,wk inc covid hosp,0,2026-08-22,11,quantile,0.05,0.0
2026-08-22,wk inc covid hosp,0,2026-08-22,11,quantile,0.1,1.0
2026-08-22,wk inc covid hosp,0,2026-08-22,11,quantile,0.15,1.0
2026-08-22,wk inc covid hosp,0,2026-08-22,11,quantile,0.2,2.0
2026-08-22,wk inc covid hosp,0,2026-08-22,11,quantile,0.25,2.0
2026-08-22,wk inc covid hosp,0,2026-08-22,11,quantile,0.3,2.0
2026-08-22,wk inc covid hosp,0,2026-08-22,11,quantile,0.35,3.0
2026-08-22,wk inc covid hosp,0,2026-08-22,11,quantile,0.4,3.0
2026-08-22,wk inc covid hosp,0,2026-08-22,11,quantile,0.45,4.0
2026-08-22,wk inc covid hosp,0,2026-08-22,11,quantile,0.5,4.0
2026-08-22,wk inc covid hosp,0,2026-08-22,11,quantile,0.55,4.0
2026-08-22,wk inc covid hosp,0,2026-08-22,11,quantile,0.6,5.0
2026-08-22,wk inc covid hosp,0,2026-08-22,11,quantile,0.65,5.0
2026-08-22,wk inc covid hosp,0,2026-08-22,11,quantile,0.7,6.0
2026-08-22,wk inc covid hosp,0,2026-08-22,11,quantile,0.75,7.0
2026-08-22,wk inc covid hosp,0,2026-08-22,11,quantile,0.8,7.0
2026-08-22,wk inc covid hosp,0,2026-08-22,11,quantile,0.85,8.0
2026-08-22,wk inc covid hosp,0,2026-08-22,11,quantile,0.9,10.0
2026-08-22,wk inc covid hosp,0,2026-08-22,11,quantile,0.95,11.0
2026-08-22,wk inc covid hosp,0,2026-08-22,11,quantile,0.975,13.0
2026-08-22,wk inc covid hosp,0,2026-08-22,11,quantile,0.99,14.0
2026-08-22,wk inc covid hosp,0,2026-08-22,12,quantile,0.01,278.0
2026-08-22,wk inc covid hosp,0,2026-08-22,12,quantile,0.025,290.0
2026-08-22,wk inc covid hosp,0,2026-08-22,12,quantile,0.05,297.0
2026-08-22,wk inc covid hosp,0,2026-08-22,12,quantile,0.1,306.0
2026-08-22,wk inc covid hosp,0,2026-08-22,12,quantile,0.15,313.0
2026-08-22,wk inc covid hosp,0,2026-08-22,12,quantile,0.2,318.0
2026-08-22,wk inc covid hosp,0,2026-08-22,12,quantile,0.25,322.0
2026-08-22,wk inc covid hosp,0,2026-08-22,12,quantile,0.3,328.0
2026-08-22,wk inc covid hosp,0,2026-08-22,12,quantile,0.35,334.0
2026-08-22,wk inc covid hosp,0,2026-08-22,12,quantile,0.4,338.0
2026-08-22,wk inc covid hosp,0,2026-08-22,12,quantile,0.45,341.0
2026-08-22,wk inc covid hosp,0,2026-08-22,12,quantile,0.5,345.0
2026-08-22,wk inc covid hosp,0,2026-08-22,12,quantile,0.55,350.0
2026-08-22,wk inc covid hosp,0,2026-08-22,12,quantile,0.6,354.0
2026-08-22,wk inc covid hosp,0,2026-08-22,12,quantile,0.65,358.0
2026-08-22,wk inc covid hosp,0,2026-08-22,12,quantile,0.7,362.0
2026-08-22,wk inc covid hosp,0,2026-08-22,12,quantile,0.75,366.0
2026-08-22,wk inc covid hosp,0,2026-08-22,12,quantile,0.8,372.0
2026-08-22,wk inc covid hosp,0,2026-08-22,12,quantile,0.85,378.0
2026-08-22,wk inc covid hosp,0,2026-08-22,12,quantile,0.9,389.0
2026-08-22,wk inc covid hosp,0,2026-08-22,12,quantile,0.95,398.0
2026-08-22,wk inc covid hosp,0,2026-08-22,12,quantile,0.975,408.0
2026-08-22,wk inc covid hosp,0,2026-08-22,12,quantile,0.99,423.0
2026-08-22,wk inc covid hosp,0,2026-08-22,13,quantile,0.01,50.0
2026-08-22,wk inc covid hosp,0,2026-08-22,13,quantile,0.025,53.0
2026-08-22,wk inc covid hosp,0,2026-08-22,13,quantile,0.05,56.0
2026-08-22,wk inc covid hosp,0,2026-08-22,13,quantile,0.1,63.0
2026-08-22,wk inc covid hosp,0,2026-08-22,13,quantile,0.15,66.0
2026-08-22,wk inc covid hosp,0,2026-08-22,13,quantile,0.2,69.0
2026-08-22,wk inc covid hosp,0,2026-08-22,13,quantile,0.25,71.0
2026-08-22,wk inc covid hosp,0,2026-08-22,13,quantile,0.3,73.0
2026-08-22,wk inc covid hosp,0,2026-08-22,13,quantile,0.35,74.0
2026-08-22,wk inc covid hosp,0,2026-08-22,13,quantile,0.4,77.0
2026-08-22,wk inc covid hosp,0,2026-08-22,13,quantile,0.45,78.0
2026-08-22,wk inc covid hosp,0,2026-08-22,13,quantile,0.5,80.0
2026-08-22,wk inc covid hosp,0,2026-08-22,13,quantile,0.55,82.0
2026-08-22,wk inc covid hosp,0,2026-08-22,13,quantile,0.6,84.0
2026-08-22,wk inc covid hosp,0,2026-08-22,13,quantile,0.65,86.0
2026-08-22,wk inc covid hosp,0,2026-08-22,13,quantile,0.7,89.0
2026-08-22,wk inc covid hosp,0,2026-08-22,13,quantile,0.75,91.0
2026-08-22,wk inc covid hosp,0,2026-08-22,13,quantile,0.8,94.0
2026-08-22,wk inc covid hosp,0,2026-08-22,13,quantile,0.85,97.0
2026-08-22,wk inc covid hosp,0,2026-08-22,13,quantile,0.9,101.0
2026-08-22,wk inc covid hosp,0,2026-08-22,13,quantile,0.95,108.0
2026-08-22,wk inc covid hosp,0,2026-08-22,13,quantile,0.975,112.0
2026-08-22,wk inc covid hosp,0,2026-08-22,13,quantile,0.99,120.0
2026-08-22,wk inc covid hosp,0,2026-08-22,15,quantile,0.01,6.0
2026-08-22,wk inc covid hosp,0,2026-08-22,15,quantile,0.025,9.0
2026-08-22,wk inc covid hosp,0,2026-08-22,15,quantile,0.05,11.0
2026-08-22,wk inc covid hosp,0,2026-08-22,15,quantile,0.1,13.0
2026-08-22,wk inc covid hosp,0,2026-08-22,15,quantile,0.15,14.0
2026-08-22,wk inc covid hosp,0,2026-08-22,15,quantile,0.2,15.0
2026-08-22,wk inc covid hosp,0,2026-08-22,15,quantile,0.25,16.0
2026-08-22,wk inc covid hosp,0,2026-08-22,15,quantile,0.3,17.0
2026-08-22,wk inc covid hosp,0,2026-08-22,15,quantile,0.35,18.0
2026-08-22,wk inc covid hosp,0,2026-08-22,15,quantile,0.4,19.0
2026-08-22,wk inc covid hosp,0,2026-08-22,15,quantile,0.45,20.0
2026-08-22,wk inc covid hosp,0,2026-08-22,15,quantile,0.5,21.0
2026-08-22,wk inc covid hosp,0,2026-08-22,15,quantile,0.55,22.0
2026-08-22,wk inc covid hosp,0,2026-08-22,15,quantile,0.6,23.0
2026-08-22,wk inc covid hosp,0,2026-08-22,15,quantile,0.65,24.0
2026-08-22,wk inc covid hosp,0,2026-08-22,15,quantile,0.7,25.0
2026-08-22,wk inc covid hosp,0,2026-08-22,15,quantile,0.75,26.0
2026-08-22,wk inc covid hosp,0,2026-08-22,15,quantile,0.8,27.0
2026-08-22,wk inc covid hosp,0,2026-08-22,15,quantile,0.85,29.0
2026-08-22,wk inc covid hosp,0,2026-08-22,15,quantile,0.9,31.0
2026-08-22,wk inc covid hosp,0,2026-08-22,15,quantile,0.95,35.0
2026-08-22,wk inc covid hosp,0,2026-08-22,15,quantile,0.975,38.0
2026-08-22,wk inc covid hosp,0,2026-08-22,15,quantile,0.99,42.0
2026-08-22,wk inc covid hosp,0,2026-08-22,16,quantile,0.01,0.0
2026-08-22,wk inc covid hosp,0,2026-08-22,16,quantile,0.025,0.0
2026-08-22,wk inc covid hosp,0,2026-08-22,16,quantile,0.05,1.0
2026-08-22,wk inc covid hosp,0,2026-08-22,16,quantile,0.1,1.0
2026-08-22,wk inc covid hosp,0,2026-08-22,16,quantile,0.15,2.0
2026-08-22,wk inc covid hosp,0,2026-08-22,16,quantile,0.2,2.0
2026-08-22,wk inc covid hosp,0,2026-08-22,16,quantile,0.25,3.0
2026-08-22,wk inc covid hosp,0,2026-08-22,16,quantile,0.3,3.0
2026-08-22,wk inc covid hosp,0,2026-08-22,16,quantile,0.35,4.0
2026-08-22,wk inc covid hosp,0,2026-08-22,16,quantile,0.4,4.0
2026-08-22,wk inc covid hosp,0,2026-08-22,16,quantile,0.45,5.0
2026-08-22,wk inc covid hosp,0,2026-08-22,16,quantile,0.5,5.0
2026-08-22,wk inc covid hosp,0,2026-08-22,16,quantile,0.55,6.0
2026-08-22,wk inc covid hosp,0,2026-08-22,16,quantile,0.6,6.0
2026-08-22,wk inc covid hosp,0,2026-08-22,16,quantile,0.65,7.0
2026-08-22,wk inc covid hosp,0,2026-08-22,16,quantile,0.7,7.0
2026-08-22,wk inc covid hosp,0,2026-08-22,16,quantile,0.75,8.0
2026-08-22,wk inc covid hosp,0,2026-08-22,16,quantile,0.8,9.0
2026-08-22,wk inc covid hosp,0,2026-08-22,16,quantile,0.85,10.0
2026-08-22,wk inc covid hosp,0,2026-08-22,16,quantile,0.9,11.0
2026-08-22,wk inc covid hosp,0,2026-08-22,16,quantile,0.95,13.0
2026-08-22,wk inc covid hosp,0,2026-08-22,16,quantile,0.975,14.0
2026-08-22,wk inc covid hosp,0,2026-08-22,16,quantile,0.99,17.0
2026-08-22,wk inc covid hosp,0,2026-08-22,17,quantile,0.01,18.0
2026-08-22,wk inc covid hosp,0,2026-08-22,17,quantile,0.025,22.0
2026-08-22,wk inc covid hosp,0,2026-08-22,17,quantile,0.05,24.0
2026-08-22,wk inc covid hosp,0,2026-08-22,17,quantile,0.1,26.0
2026-08-22,wk inc covid hosp,0,2026-08-22,17,quantile,0.15,28.0
2026-08-22,wk inc covid hosp,0,2026-08-22,17,quantile,0.2,30.0
2026-08-22,wk inc covid hosp,0,2026-08-22,17,quantile,0.25,31.0
2026-08-22,wk inc covid hosp,0,2026-08-22,17,quantile,0.3,33.0
2026-08-22,wk inc covid hosp,0,2026-08-22,17,quantile,0.35,34.0
2026-08-22,wk inc covid hosp,0,2026-08-22,17,quantile,0.4,35.0
2026-08-22,wk inc covid hosp,0,2026-08-22,17,quantile,0.45,36.0
2026-08-22,wk inc covid hosp,0,2026-08-22,17,quantile,0.5,38.0
2026-08-22,wk inc covid hosp,0,2026-08-22,17,quantile,0.55,39.0
2026-08-22,wk inc covid hosp,0,2026-08-22,17,quantile,0.6,41.0
2026-08-22,wk inc covid hosp,0,2026-08-22,17,quantile,0.65,42.0
2026-08-22,wk inc covid hosp,0,2026-08-22,17,quantile,0.7,43.0
2026-08-22,wk inc covid hosp,0,2026-08-22,17,quantile,0.75,45.0
2026-08-22,wk inc covid hosp,0,2026-08-22,17,quantile,0.8,47.0
2026-08-22,wk inc covid hosp,0,2026-08-22,17,quantile,0.85,49.0
2026-08-22,wk inc covid hosp,0,2026-08-22,17,quantile,0.9,52.0
2026-08-22,wk inc covid hosp,0,2026-08-22,17,quantile,0.95,55.0
2026-08-22,wk inc covid hosp,0,2026-08-22,17,quantile,0.975,58.0
2026-08-22,wk inc covid hosp,0,2026-08-22,17,quantile,0.99,62.0
2026-08-22,wk inc covid hosp,0,2026-08-22,18,quantile,0.01,7.0
2026-08-22,wk inc covid hosp,0,2026-08-22,18,quantile,0.025,9.0
2026-08-22,wk inc covid hosp,0,2026-08-22,18,quantile,0.05,10.0
2026-08-22,wk inc covid hosp,0,2026-08-22,18,quantile,0.1,13.0
2026-08-22,wk inc covid hosp,0,2026-08-22,18,quantile,0.15,14.0
2026-08-22,wk inc covid hosp,0,2026-08-22,18,quantile,0.2,16.0
2026-08-22,wk inc covid hosp,0,2026-08-22,18,quantile,0.25,17.0
2026-08-22,wk inc covid hosp,0,2026-08-22,18,quantile,0.3,18.0
2026-08-22,wk inc covid hosp,0,2026-08-22,18,quantile,0.35,19.0
2026-08-22,wk inc covid hosp,0,2026-08-22,18,quantile,0.4,20.0
2026-08-22,wk inc covid hosp,0,2026-08-22,18,quantile,0.45,21.0
2026-08-22,wk inc covid hosp,0,2026-08-22,18,quantile,0.5,22.0
2026-08-22,wk inc covid hosp,0,2026-08-22,18,quantile,0.55,23.0
2026-08-22,wk inc covid hosp,0,2026-08-22,18,quantile,0.6,24.0
2026-08-22,wk inc covid hosp,0,2026-08-22,18,quantile,0.65,25.0
2026-08-22,wk inc covid hosp,0,2026-08-22,18,quantile,0.7,26.0
2026-08-22,wk inc covid hosp,0,2026-08-22,18,quantile,0.75,27.0
2026-08-22,wk inc covid hosp,0,2026-08-22,18,quantile,0.8,29.0
2026-08-22,wk inc covid hosp,0,2026-08-22,18,quantile,0.85,31.0
2026-08-22,wk inc covid hosp,0,2026-08-22,18,quantile,0.9,33.0
2026-08-22,wk inc covid hosp,0,2026-08-22,18,quantile,0.95,36.0
2026-08-22,wk inc covid hosp,0,2026-08-22,18,quantile,0.975,40.0
2026-08-22,wk inc covid hosp,0,2026-08-22,18,quantile,0.99,44.0
2026-08-22,wk inc covid hosp,0,2026-08-22,19,quantile,0.01,0.0
2026-08-22,wk inc covid hosp,0,2026-08-22,19,quantile,0.025,0.0
2026-08-22,wk inc covid hosp,0,2026-08-22,19,quantile,0.05,0.0
2026-08-22,wk inc covid hosp,0,2026-08-22,19,quantile,0.1,1.0
2026-08-22,wk inc covid hosp,0,2026-08-22,19,quantile,0.15,1.0
2026-08-22,wk inc covid hosp,0,2026-08-22,19,quantile,0.2,1.0
2026-08-22,wk inc covid hosp,0,2026-08-22,19,quantile,0.25,2.0
2026-08-22,wk inc covid hosp,0,2026-08-22,19,quantile,0.3,2.0
2026-08-22,wk inc covid hosp,0,2026-08-22,19,quantile,0.35,2.0
2026-08-22,wk inc covid hosp,0,2026-08-22,19,quantile,0.4,3.0
2026-08-22,wk inc covid hosp,0,2026-08-22,19,quantile,0.45,3.0
2026-08-22,wk inc covid hosp,0,2026-08-22,19,quantile,0.5,3.0
2026-08-22,wk inc covid hosp,0,2026-08-22,19,quantile,0.55,4.0
2026-08-22,wk inc covid hosp,0,2026-08-22,19,quantile,0.6,4.0
2026-08-22,wk inc covid hosp,0,2026-08-22,19,quantile,0.65,5.0
2026-08-22,wk inc covid hosp,0,2026-08-22,19,quantile,0.7,5.0
2026-08-22,wk inc covid hosp,0,2026-08-22,19,quantile,0.75,6.0
2026-08-22,wk inc covid hosp,0,2026-08-22,19,quantile,0.8,7.0
2026-08-22,wk inc covid hosp,0,2026-08-22,19,quantile,0.85,8.0
2026-08-22,wk inc covid hosp,0,2026-08-22,19,quantile,0.9,9.0
2026-08-22,wk inc covid hosp,0,2026-08-22,19,quantile,0.95,10.0
2026-08-22,wk inc covid hosp,0,2026-08-22,19,quantile,0.975,12.0
2026-08-22,wk inc covid hosp,0,2026-08-22,19,quantile,0.99,16.0
2026-08-22,wk inc covid hosp,0,2026-08-22,20,quantile,0.01,0.0
2026-08-22,wk inc covid hosp,0,2026-08-22,20,quantile,0.025,0.0
2026-08-22,wk inc covid hosp,0,2026-08-22,20,quantile,0.05,1.0
2026-08-22,wk inc covid hosp,0,2026-08-22,20,quantile,0.1,1.0
2026-08-22,wk inc covid hosp,0,2026-08-22,20,quantile,0.15,2.0
2026-08-22,wk inc covid hosp,0,2026-08-22,20,quantile,0.2,2.0
2026-08-22,wk inc covid hosp,0,2026-08-22,20,quantile,0.25,3.0
2026-08-22,wk inc covid hosp,0,2026-08-22,20,quantile,0.3,3.0
2026-08-22,wk inc covid hosp,0,2026-08-22,20,quantile,0.35,3.0
2026-08-22,wk inc covid hosp,0,2026-08-22,20,quantile,0.4,4.0
2026-08-22,wk inc covid hosp,0,2026-08-22,20,quantile,0.45,4.0
2026-08-22,wk inc covid hosp,0,2026-08-22,20,quantile,0.5,5.0
2026-08-22,wk inc covid hosp,0,2026-08-22,20,quantile,0.55,5.0
2026-08-22,wk inc covid hosp,0,2026-08-22,20,quantile,0.6,6.0
2026-08-22,wk inc covid hosp,0,2026-08-22,20,quantile,0.65,6.0
2026-08-22,wk inc covid hosp,0,2026-08-22,20,quantile,0.7,7.0
2026-08-22,wk inc covid hosp,0,2026-08-22,20,quantile,0.75,7.0
2026-08-22,wk inc covid hosp,0,2026-08-22,20,quantile,0.8,8.0
2026-08-22,wk inc covid hosp,0,2026-08-22,20,quantile,0.85,9.0
2026-08-22,wk inc covid hosp,0,2026-08-22,20,quantile,0.9,10.0
2026-08-22,wk inc covid hosp,0,2026-08-22,20,quantile,0.95,13.0
2026-08-22,wk inc covid hosp,0,2026-08-22,20,quantile,0.975,15.0
2026-08-22,wk inc covid hosp,0,2026-08-22,20,quantile,0.99,16.0
2026-08-22,wk inc covid hosp,0,2026-08-22,21,quantile,0.01,4.0
2026-08-22,wk inc covid hosp,0,2026-08-22,21,quantile,0.025,6.0
2026-08-22,wk inc covid hosp,0,2026-08-22,21,quantile,0.05,7.0
2026-08-22,wk inc covid hosp,0,2026-08-22,21,quantile,0.1,8.0
2026-08-22,wk inc covid hosp,0,2026-08-22,21,quantile,0.15,10.0
2026-08-22,wk inc covid hosp,0,2026-08-22,21,quantile,0.2,11.0
2026-08-22,wk inc covid hosp,0,2026-08-22,21,quantile,0.25,12.0
2026-08-22,wk inc covid hosp,0,2026-08-22,21,quantile,0.3,13.0
2026-08-22,wk inc covid hosp,0,2026-08-22,21,quantile,0.35,14.0
2026-08-22,wk inc covid hosp,0,2026-08-22,21,quantile,0.4,15.0
2026-08-22,wk inc covid hosp,0,2026-08-22,21,quantile,0.45,15.0
2026-08-22,wk inc covid hosp,0,2026-08-22,21,quantile,0.5,16.0
2026-08-22,wk inc covid hosp,0,2026-08-22,21,quantile,0.55,17.0
2026-08-22,wk inc covid hosp,0,2026-08-22,21,quantile,0.6,18.0
2026-08-22,wk inc covid hosp,0,2026-08-22,21,quantile,0.65,19.0
2026-08-22,wk inc covid hosp,0,2026-08-22,21,quantile,0.7,20.0
2026-08-22,wk inc covid hosp,0,2026-08-22,21,quantile,0.75,21.0
2026-08-22,wk inc covid hosp,0,2026-08-22,21,quantile,0.8,22.0
2026-08-22,wk inc covid hosp,0,2026-08-22,21,quantile,0.85,23.0
2026-08-22,wk inc covid hosp,0,2026-08-22,21,quantile,0.9,25.0
2026-08-22,wk inc covid hosp,0,2026-08-22,21,quantile,0.95,27.0
2026-08-22,wk inc covid hosp,0,2026-08-22,21,quantile,0.975,30.0
2026-08-22,wk inc covid hosp,0,2026-08-22,21,quantile,0.99,35.0
2026-08-22,wk inc covid hosp,0,2026-08-22,22,quantile,0.01,20.0
2026-08-22,wk inc covid hosp,0,2026-08-22,22,quantile,0.025,23.0
2026-08-22,wk inc covid hosp,0,2026-08-22,22,quantile,0.05,25.0
2026-08-22,wk inc covid hosp,0,2026-08-22,22,quantile,0.1,28.0
2026-08-22,wk inc covid hosp,0,2026-08-22,22,quantile,0.15,30.0
2026-08-22,wk inc covid hosp,0,2026-08-22,22,quantile,0.2,32.0
2026-08-22,wk inc covid hosp,0,2026-08-22,22,quantile,0.25,34.0
2026-08-22,wk inc covid hosp,0,2026-08-22,22,quantile,0.3,36.0
2026-08-22,wk inc covid hosp,0,2026-08-22,22,quantile,0.35,37.0
2026-08-22,wk inc covid hosp,0,2026-08-22,22,quantile,0.4,38.0
2026-08-22,wk inc covid hosp,0,2026-08-22,22,quantile,0.45,39.0
2026-08-22,wk inc covid hosp,0,2026-08-22,22,quantile,0.5,41.0
2026-08-22,wk inc covid hosp,0,2026-08-22,22,quantile,0.55,42.0
2026-08-22,wk inc covid hosp,0,2026-08-22,22,quantile,0.6,43.0
2026-08-22,wk inc covid hosp,0,2026-08-22,22,quantile,0.65,44.0
2026-08-22,wk inc covid hosp,0,2026-08-22,22,quantile,0.7,46.0
2026-08-22,wk inc covid hosp,0,2026-08-22,22,quantile,0.75,47.0
2026-08-22,wk inc covid hosp,0,2026-08-22,22,quantile,0.8,49.0
2026-08-22,wk inc covid hosp,0,2026-08-22,22,quantile,0.85,52.0
2026-08-22,wk inc covid hosp,0,2026-08-22,22,quantile,0.9,54.0
2026-08-22,wk inc covid hosp,0,2026-08-22,22,quantile,0.95,59.0
2026-08-22,wk inc covid hosp,0,2026-08-22,22,quantile,0.975,63.0
2026-08-22,wk inc covid hosp,0,2026-08-22,22,quantile,0.99,69.0
2026-08-22,wk inc covid hosp,0,2026-08-22,23,quantile,0.01,0.0
2026-08-22,wk inc covid hosp,0,2026-08-22,23,quantile,0.025,0.0
2026-08-22,wk inc covid hosp,0,2026-08-22,23,quantile,0.05,0.0
2026-08-22,wk inc covid hosp,0,2026-08-22,23,quantile,0.1,0.0
2026-08-22,wk inc covid hosp,0,2026-08-22,23,quantile,0.15,0.0
2026-08-22,wk inc covid hosp,0,2026-08-22,23,quantile,0.2,0.0
2026-08-22,wk inc covid hosp,0,2026-08-22,23,quantile,0.25,0.0
2026-08-22,wk inc covid hosp,0,2026-08-22,23,quantile,0.3,0.0
2026-08-22,wk inc covid hosp,0,2026-08-22,23,quantile,0.35,0.0
2026-08-22,wk inc covid hosp,0,2026-08-22,23,quantile,0.4,1.0
2026-08-22,wk inc covid hosp,0,2026-08-22,23,quantile,0.45,1.0
2026-08-22,wk inc covid hosp,0,2026-08-22,23,quantile,0.5,1.0
2026-08-22,wk inc covid hosp,0,2026-08-22,23,quantile,0.55,1.0
2026-08-22,wk inc covid hosp,0,2026-08-22,23,quantile,0.6,2.0
2026-08-22,wk inc covid hosp,0,2026-08-22,23,quantile,0.65,2.0
2026-08-22,wk inc covid hosp,0,2026-08-22,23,quantile,0.7,2.0
2026-08-22,wk inc covid hosp,0,2026-08-22,23,quantile,0.75,2.0
2026-08-22,wk inc covid hosp,0,2026-08-22,23,quantile,0.8,3.0
2026-08-22,wk inc covid hosp,0,2026-08-22,23,quantile,0.85,4.0
2026-08-22,wk inc covid hosp,0,2026-08-22,23,quantile,0.9,4.0
2026-08-22,wk inc covid hosp,0,2026-08-22,23,quantile,0.95,6.0
2026-08-22,wk inc covid hosp,0,2026-08-22,23,quantile,0.975,7.0
2026-08-22,wk inc covid hosp,0,2026-08-22,23,quantile,0.99,8.0
2026-08-22,wk inc covid hosp,0,2026-08-22,24,quantile,0.01,4.0
2026-08-22,wk inc covid hosp,0,2026-08-22,24,quantile,0.025,5.0
2026-08-22,wk inc covid hosp,0,2026-08-22,24,quantile,0.05,6.0
2026-08-22,wk inc covid hosp,0,2026-08-22,24,quantile,0.1,7.0
2026-08-22,wk inc covid hosp,0,2026-08-22,24,quantile,0.15,9.0
2026-08-22,wk inc covid hosp,0,2026-08-22,24,quantile,0.2,9.0
2026-08-22,wk inc covid hosp,0,2026-08-22,24,quantile,0.25,10.0
2026-08-22,wk inc covid hosp,0,2026-08-22,24,quantile,0.3,11.0
2026-08-22,wk inc covid hosp,0,2026-08-22,24,quantile,0.35,12.0
2026-08-22,wk inc covid hosp,0,2026-08-22,24,quantile,0.4,12.0
2026-08-22,wk inc covid hosp,0,2026-08-22,24,quantile,0.45,13.0
2026-08-22,wk inc covid hosp,0,2026-08-22,24,quantile,0.5,14.0
2026-08-22,wk inc covid hosp,0,2026-08-22,24,quantile,0.55,15.0
2026-08-22,wk inc covid hosp,0,2026-08-22,24,quantile,0.6,15.0
2026-08-22,wk inc covid hosp,0,2026-08-22,24,quantile,0.65,16.0
2026-08-22,wk inc covid hosp,0,2026-08-22,24,quantile,0.7,17.0
2026-08-22,wk inc covid hosp,0,2026-08-22,24,quantile,0.75,18.0
2026-08-22,wk inc covid hosp,0,2026-08-22,24,quantile,0.8,20.0
2026-08-22,wk inc covid hosp,0,2026-08-22,24,quantile,0.85,21.0
2026-08-22,wk inc covid hosp,0,2026-08-22,24,quantile,0.9,22.0
2026-08-22,wk inc covid hosp,0,2026-08-22,24,quantile,0.95,25.0
2026-08-22,wk inc covid hosp,0,2026-08-22,24,quantile,0.975,27.0
2026-08-22,wk inc covid hosp,0,2026-08-22,24,quantile,0.99,29.0
2026-08-22,wk inc covid hosp,0,2026-08-22,25,quantile,0.01,12.0
2026-08-22,wk inc covid hosp,0,2026-08-22,25,quantile,0.025,15.0
2026-08-22,wk inc covid hosp,0,2026-08-22,25,quantile,0.05,17.0
2026-08-22,wk inc covid hosp,0,2026-08-22,25,quantile,0.1,20.0
2026-08-22,wk inc covid hosp,0,2026-08-22,25,quantile,0.15,22.0
2026-08-22,wk inc covid hosp,0,2026-08-22,25,quantile,0.2,24.0
2026-08-22,wk inc covid hosp,0,2026-08-22,25,quantile,0.25,25.0
2026-08-22,wk inc covid hosp,0,2026-08-22,25,quantile,0.3,26.0
2026-08-22,wk inc covid hosp,0,2026-08-22,25,quantile,0.35,28.0
2026-08-22,wk inc covid hosp,0,2026-08-22,25,quantile,0.4,28.0
2026-08-22,wk inc covid hosp,0,2026-08-22,25,quantile,0.45,29.0
2026-08-22,wk inc covid hosp,0,2026-08-22,25,quantile,0.5,30.0
2026-08-22,wk inc covid hosp,0,2026-08-22,25,quantile,0.55,32.0
2026-08-22,wk inc covid hosp,0,2026-08-22,25,quantile,0.6,33.0
2026-08-22,wk inc covid hosp,0,2026-08-22,25,quantile,0.65,34.0
2026-08-22,wk inc covid hosp,0,2026-08-22,25,quantile,0.7,36.0
2026-08-22,wk inc covid hosp,0,2026-08-22,25,quantile,0.75,37.0
2026-08-22,wk inc covid hosp,0,2026-08-22,25,quantile,0.8,40.0
2026-08-22,wk inc covid hosp,0,2026-08-22,25,quantile,0.85,42.0
2026-08-22,wk inc covid hosp,0,2026-08-22,25,quantile,0.9,45.0
2026-08-22,wk inc covid hosp,0,2026-08-22,25,quantile,0.95,49.0
2026-08-22,wk inc covid hosp,0,2026-08-22,25,quantile,0.975,55.0
2026-08-22,wk inc covid hosp,0,2026-08-22,25,quantile,0.99,58.0
2026-08-22,wk inc covid hosp,0,2026-08-22,26,quantile,0.01,7.0
2026-08-22,wk inc covid hosp,0,2026-08-22,26,quantile,0.025,9.0
2026-08-22,wk inc covid hosp,0,2026-08-22,26,quantile,0.05,10.0
2026-08-22,wk inc covid hosp,0,2026-08-22,26,quantile,0.1,13.0
2026-08-22,wk inc covid hosp,0,2026-08-22,26,quantile,0.15,14.0
2026-08-22,wk inc covid hosp,0,2026-08-22,26,quantile,0.2,15.0
2026-08-22,wk inc covid hosp,0,2026-08-22,26,quantile,0.25,16.0
2026-08-22,wk inc covid hosp,0,2026-08-22,26,quantile,0.3,17.0
2026-08-22,wk inc covid hosp,0,2026-08-22,26,quantile,0.35,18.0
2026-08-22,wk inc covid hosp,0,2026-08-22,26,quantile,0.4,19.0
2026-08-22,wk inc covid hosp,0,2026-08-22,26,quantile,0.45,20.0
2026-08-22,wk inc covid hosp,0,2026-08-22,26,quantile,0.5,21.0
2026-08-22,wk inc covid hosp,0,2026-08-22,26,quantile,0.55,22.0
2026-08-22,wk inc covid hosp,0,2026-08-22,26,quantile,0.6,23.0
2026-08-22,wk inc covid hosp,0,2026-08-22,26,quantile,0.65,24.0
2026-08-22,wk inc covid hosp,0,2026-08-22,26,quantile,0.7,26.0
2026-08-22,wk inc covid hosp,0,2026-08-22,26,quantile,0.75,27.0
2026-08-22,wk inc covid hosp,0,2026-08-22,26,quantile,0.8,28.0
2026-08-22,wk inc covid hosp,0,2026-08-22,26,quantile,0.85,30.0
2026-08-22,wk inc covid hosp,0,2026-08-22,26,quantile,0.9,31.0
2026-08-22,wk inc covid hosp,0,2026-08-22,26,quantile,0.95,35.0
2026-08-22,wk inc covid hosp,0,2026-08-22,26,quantile,0.975,37.0
2026-08-22,wk inc covid hosp,0,2026-08-22,26,quantile,0.99,40.0
2026-08-22,wk inc covid hosp,0,2026-08-22,27,quantile,0.01,1.0
2026-08-22,wk inc covid hosp,0,2026-08-22,27,quantile,0.025,2.0
2026-08-22,wk inc covid hosp,0,2026-08-22,27,quantile,0.05,3.0
2026-08-22,wk inc covid hosp,0,2026-08-22,27,quantile,0.1,4.0
2026-08-22,wk inc covid hosp,0,2026-08-22,27,quantile,0.15,5.0
2026-08-22,wk inc covid hosp,0,2026-08-22,27,quantile,0.2,6.0
2026-08-22,wk inc covid hosp,0,2026-08-22,27,quantile,0.25,7.0
2026-08-22,wk inc covid hosp,0,2026-08-22,27,quantile,0.3,8.0
2026-08-22,wk inc covid hosp,0,2026-08-22,27,quantile,0.35,8.0
2026-08-22,wk inc covid hosp,0,2026-08-22,27,quantile,0.4,9.0
2026-08-22,wk inc covid hosp,0,2026-08-22,27,quantile,0.45,9.0
2026-08-22,wk inc covid hosp,0,2026-08-22,27,quantile,0.5,10.0
2026-08-22,wk inc covid hosp,0,2026-08-22,27,quantile,0.55,10.0
2026-08-22,wk inc covid hosp,0,2026-08-22,27,quantile,0.6,11.0
2026-08-22,wk inc covid hosp,0,2026-08-22,27,quantile,0.65,12.0
2026-08-22,wk inc covid hosp,0,2026-08-22,27,quantile,0.7,12.0
2026-08-22,wk inc covid hosp,0,2026-08-22,27,quantile,0.75,13.0
2026-08-22,wk inc covid hosp,0,2026-08-22,27,quantile,0.8,14.0
2026-08-22,wk inc covid hosp,0,2026-08-22,27,quantile,0.85,15.0
2026-08-22,wk inc covid hosp,0,2026-08-22,27,quantile,0.9,17.0
2026-08-22,wk inc covid hosp,0,2026-08-22,27,quantile,0.95,19.0
2026-08-22,wk inc covid hosp,0,2026-08-22,27,quantile,0.975,21.0
2026-08-22,wk inc covid hosp,0,2026-08-22,27,quantile,0.99,22.0
2026-08-22,wk inc covid hosp,0,2026-08-22,28,quantile,0.01,18.0
2026-08-22,wk inc covid hosp,0,2026-08-22,28,quantile,0.025,20.0
2026-08-22,wk inc covid hosp,0,2026-08-22,28,quantile,0.05,22.0
2026-08-22,wk inc covid hosp,0,2026-08-22,28,quantile,0.1,26.0
2026-08-22,wk inc covid hosp,0,2026-08-22,28,quantile,0.15,27.0
2026-08-22,wk inc covid hosp,0,2026-08-22,28,quantile,0.2,30.0
2026-08-22,wk inc covid hosp,0,2026-08-22,28,quantile,0.25,31.0
2026-08-22,wk inc covid hosp,0,2026-08-22,28,quantile,0.3,32.0
2026-08-22,wk inc covid hosp,0,2026-08-22,28,quantile,0.35,33.0
2026-08-22,wk inc covid hosp,0,2026-08-22,28,quantile,0.4,35.0
2026-08-22,wk inc covid hosp,0,2026-08-22,28,quantile,0.45,36.0
2026-08-22,wk inc covid hosp,0,2026-08-22,28,quantile,0.5,37.0
2026-08-22,wk inc covid hosp,0,2026-08-22,28,quantile,0.55,38.0
2026-08-22,wk inc covid hosp,0,2026-08-22,28,quantile,0.6,40.0
2026-08-22,wk inc covid hosp,0,2026-08-22,28,quantile,0.65,41.0
2026-08-22,wk inc covid hosp,0,2026-08-22,28,quantile,0.7,42.0
2026-08-22,wk inc covid hosp,0,2026-08-22,28,quantile,0.75,44.0
2026-08-22,wk inc covid hosp,0,2026-08-22,28,quantile,0.8,46.0
2026-08-22,wk inc covid hosp,0,2026-08-22,28,quantile,0.85,48.0
2026-08-22,wk inc covid hosp,0,2026-08-22,28,quantile,0.9,51.0
2026-08-22,wk inc covid hosp,0,2026-08-22,28,quantile,0.95,56.0
2026-08-22,wk inc covid hosp,0,2026-08-22,28,quantile,0.975,59.0
2026-08-22,wk inc covid hosp,0,2026-08-22,28,quantile,0.99,64.0
2026-08-22,wk inc covid hosp,0,2026-08-22,29,quantile,0.01,6.0
2026-08-22,wk inc covid hosp,0,2026-08-22,29,quantile,0.025,8.0
2026-08-22,wk inc covid hosp,0,2026-08-22,29,quantile,0.05,10.0
2026-08-22,wk inc covid hosp,0,2026-08-22,29,quantile,0.1,11.0
2026-08-22,wk inc covid hosp,0,2026-08-22,29,quantile,0.15,13.0
2026-08-22,wk inc covid hosp,0,2026-08-22,29,quantile,0.2,14.0
2026-08-22,wk inc covid hosp,0,2026-08-22,29,quantile,0.25,15.0
2026-08-22,wk inc covid hosp,0,2026-08-22,29,quantile,0.3,16.0
2026-08-22,wk inc covid hosp,0,2026-08-22,29,quantile,0.35,17.0
2026-08-22,wk inc covid hosp,0,2026-08-22,29,quantile,0.4,18.0
2026-08-22,wk inc covid hosp,0,2026-08-22,29,quantile,0.45,19.0
2026-08-22,wk inc covid hosp,0,2026-08-22,29,quantile,0.5,20.0
2026-08-22,wk inc covid hosp,0,2026-08-22,29,quantile,0.55,21.0
2026-08-22,wk inc covid hosp,0,2026-08-22,29,quantile,0.6,22.0
2026-08-22,wk inc covid hosp,0,2026-08-22,29,quantile,0.65,23.0
2026-08-22,wk inc covid hosp,0,2026-08-22,29,quantile,0.7,24.0
2026-08-22,wk inc covid hosp,0,2026-08-22,29,quantile,0.75,25.0
2026-08-22,wk inc covid hosp,0,2026-08-22,29,quantile,0.8,26.0
2026-08-22,wk inc covid hosp,0,2026-08-22,29,quantile,0.85,28.0
2026-08-22,wk inc covid hosp,0,2026-08-22,29,quantile,0.9,30.0
2026-08-22,wk inc covid hosp,0,2026-08-22,29,quantile,0.95,32.0
2026-08-22,wk inc covid hosp,0,2026-08-22,29,quantile,0.975,34.0
2026-08-22,wk inc covid hosp,0,2026-08-22,29,quantile,0.99,39.0
2026-08-22,wk inc covid hosp,0,2026-08-22,30,quantile,0.01,0.0
2026-08-22,wk inc covid hosp,0,2026-08-22,30,quantile,0.025,0.0
2026-08-22,wk inc covid hosp,0,2026-08-22,30,quantile,0.05,0.0
2026-08-22,wk inc covid hosp,0,2026-08-22,30,quantile,0.1,0.0
2026-08-22,wk inc covid hosp,0,2026-08-22,30,quantile,0.15,0.0
2026-08-22,wk inc covid hosp,0,2026-08-22,30,quantile,0.2,0.0
2026-08-22,wk inc covid hosp,0,2026-08-22,30,quantile,0.25,0.0
2026-08-22,wk inc covid hosp,0,2026-08-22,30,quantile,0.3,0.0
2026-08-22,wk inc covid hosp,0,2026-08-22,30,quantile,0.35,0.0
2026-08-22,wk inc covid hosp,0,2026-08-22,30,quantile,0.4,1.0
2026-08-22,wk inc covid hosp,0,2026-08-22,30,quantile,0.45,1.0
2026-08-22,wk inc covid hosp,0,2026-08-22,30,quantile,0.5,1.0
2026-08-22,wk inc covid hosp,0,2026-08-22,30,quantile,0.55,1.0
2026-08-22,wk inc covid hosp,0,2026-08-22,30,quantile,0.6,2.0
2026-08-22,wk inc covid hosp,0,2026-08-22,30,quantile,0.65,2.0
2026-08-22,wk inc covid hosp,0,2026-08-22,30,quantile,0.7,2.0
2026-08-22,wk inc covid hosp,0,2026-08-22,30,quantile,0.75,3.0
2026-08-22,wk inc covid hosp,0,2026-08-22,30,quantile,0.8,3.0
2026-08-22,wk inc covid hosp,0,2026-08-22,30,quantile,0.85,4.0
2026-08-22,wk inc covid hosp,0,2026-08-22,30,quantile,0.9,5.0
2026-08-22,wk inc covid hosp,0,2026-08-22,30,quantile,0.95,6.0
2026-08-22,wk inc covid hosp,0,2026-08-22,30,quantile,0.975,8.0
2026-08-22,wk inc covid hosp,0,2026-08-22,30,quantile,0.99,9.0
2026-08-22,wk inc covid hosp,0,2026-08-22,31,quantile,0.01,0.0
2026-08-22,wk inc covid hosp,0,2026-08-22,31,quantile,0.025,0.0
2026-08-22,wk inc covid hosp,0,2026-08-22,31,quantile,0.05,0.0
2026-08-22,wk inc covid hosp,0,2026-08-22,31,quantile,0.1,0.0
2026-08-22,wk inc covid hosp,0,2026-08-22,31,quantile,0.15,0.0
2026-08-22,wk inc covid hosp,0,2026-08-22,31,quantile,0.2,0.0
2026-08-22,wk inc covid hosp,0,2026-08-22,31,quantile,0.25,0.0
2026-08-22,wk inc covid hosp,0,2026-08-22,31,quantile,0.3,0.0
2026-08-22,wk inc covid hosp,0,2026-08-22,31,quantile,0.35,0.0
2026-08-22,wk inc covid hosp,0,2026-08-22,31,quantile,0.4,0.0
2026-08-22,wk inc covid hosp,0,2026-08-22,31,quantile,0.45,0.0
2026-08-22,wk inc covid hosp,0,2026-08-22,31,quantile,0.5,1.0
2026-08-22,wk inc covid hosp,0,2026-08-22,31,quantile,0.55,1.0
2026-08-22,wk inc covid hosp,0,2026-08-22,31,quantile,0.6,1.0
2026-08-22,wk inc covid hosp,0,2026-08-22,31,quantile,0.65,1.0
2026-08-22,wk inc covid hosp,0,2026-08-22,31,quantile,0.7,2.0
2026-08-22,wk inc covid hosp,0,2026-08-22,31,quantile,0.75,2.0
2026-08-22,wk inc covid hosp,0,2026-08-22,31,quantile,0.8,2.0
2026-08-22,wk inc covid hosp,0,2026-08-22,31,quantile,0.85,3.0
2026-08-22,wk inc covid hosp,0,2026-08-22,31,quantile,0.9,4.0
2026-08-22,wk inc covid hosp,0,2026-08-22,31,quantile,0.95,5.0
2026-08-22,wk inc covid hosp,0,2026-08-22,31,quantile,0.975,6.0
2026-08-22,wk inc covid hosp,0,2026-08-22,31,quantile,0.99,7.0
2026-08-22,wk inc covid hosp,0,2026-08-22,32,quantile,0.01,6.0
2026-08-22,wk inc covid hosp,0,2026-08-22,32,quantile,0.025,8.0
2026-08-22,wk inc covid hosp,0,2026-08-22,32,quantile,0.05,9.0
2026-08-22,wk inc covid hosp,0,2026-08-22,32,quantile,0.1,11.0
2026-08-22,wk inc covid hosp,0,2026-08-22,32,quantile,0.15,13.0
2026-08-22,wk inc covid hosp,0,2026-08-22,32,quantile,0.2,14.0
2026-08-22,wk inc covid hosp,0,2026-08-22,32,quantile,0.25,15.0
2026-08-22,wk inc covid hosp,0,2026-08-22,32,quantile,0.3,16.0
2026-08-22,wk inc covid hosp,0,2026-08-22,32,quantile,0.35,17.0
2026-08-22,wk inc covid hosp,0,2026-08-22,32,quantile,0.4,17.0
2026-08-22,wk inc covid hosp,0,2026-08-22,32,quantile,0.45,18.0
2026-08-22,wk inc covid hosp,0,2026-08-22,32,quantile,0.5,19.0
2026-08-22,wk inc covid hosp,0,2026-08-22,32,quantile,0.55,20.0
2026-08-22,wk inc covid hosp,0,2026-08-22,32,quantile,0.6,21.0
2026-08-22,wk inc covid hosp,0,2026-08-22,32,quantile,0.65,22.0
2026-08-22,wk inc covid hosp,0,2026-08-22,32,quantile,0.7,23.0
2026-08-22,wk inc covid hosp,0,2026-08-22,32,quantile,0.75,24.0
2026-08-22,wk inc covid hosp,0,2026-08-22,32,quantile,0.8,25.0
2026-08-22,wk inc covid hosp,0,2026-08-22,32,quantile,0.85,27.0
2026-08-22,wk inc covid hosp,0,2026-08-22,32,quantile,0.9,29.0
2026-08-22,wk inc covid hosp,0,2026-08-22,32,quantile,0.95,32.0
2026-08-22,wk inc covid hosp,0,2026-08-22,32,quantile,0.975,35.0
2026-08-22,wk inc covid hosp,0,2026-08-22,32,quantile,0.99,39.0
2026-08-22,wk inc covid hosp,0,2026-08-22,33,quantile,0.01,0.0
2026-08-22,wk inc covid hosp,0,2026-08-22,33,quantile,0.025,0.0
2026-08-22,wk inc covid hosp,0,2026-08-22,33,quantile,0.05,1.0
2026-08-22,wk inc covid hosp,0,2026-08-22,33,quantile,0.1,2.0
2026-08-22,wk inc covid hosp,0,2026-08-22,33,quantile,0.15,2.0
2026-08-22,wk inc covid hosp,0,2026-08-22,33,quantile,0.2,3.0
2026-08-22,wk inc covid hosp,0,2026-08-22,33,quantile,0.25,4.0
2026-08-22,wk inc covid hosp,0,2026-08-22,33,quantile,0.3,4.0
2026-08-22,wk inc covid hosp,0,2026-08-22,33,quantile,0.35,5.0
2026-08-22,wk inc covid hosp,0,2026-08-22,33,quantile,0.4,5.0
2026-08-22,wk inc covid hosp,0,2026-08-22,33,quantile,0.45,5.0
2026-08-22,wk inc covid hosp,0,2026-08-22,33,quantile,0.5,6.0
2026-08-22,wk inc covid hosp,0,2026-08-22,33,quantile,0.55,6.0
2026-08-22,wk inc covid hosp,0,2026-08-22,33,quantile,0.6,7.0
2026-08-22,wk inc covid hosp,0,2026-08-22,33,quantile,0.65,8.0
2026-08-22,wk inc covid hosp,0,2026-08-22,33,quantile,0.7,8.0
2026-08-22,wk inc covid hosp,0,2026-08-22,33,quantile,0.75,9.0
2026-08-22,wk inc covid hosp,0,2026-08-22,33,quantile,0.8,10.0
2026-08-22,wk inc covid hosp,0,2026-08-22,33,quantile,0.85,11.0
2026-08-22,wk inc covid hosp,0,2026-08-22,33,quantile,0.9,12.0
2026-08-22,wk inc covid hosp,0,2026-08-22,33,quantile,0.95,14.0
2026-08-22,wk inc covid hosp,0,2026-08-22,33,quantile,0.975,15.0
2026-08-22,wk inc covid hosp,0,2026-08-22,33,quantile,0.99,18.0
2026-08-22,wk inc covid hosp,0,2026-08-22,34,quantile,0.01,28.0
2026-08-22,wk inc covid hosp,0,2026-08-22,34,quantile,0.025,31.0
2026-08-22,wk inc covid hosp,0,2026-08-22,34,quantile,0.05,33.0
2026-08-22,wk inc covid hosp,0,2026-08-22,34,quantile,0.1,36.0
2026-08-22,wk inc covid hosp,0,2026-08-22,34,quantile,0.15,39.0
2026-08-22,wk inc covid hosp,0,2026-08-22,34,quantile,0.2,40.0
2026-08-22,wk inc covid hosp,0,2026-08-22,34,quantile,0.25,42.0
2026-08-22,wk inc covid hosp,0,2026-08-22,34,quantile,0.3,44.0
2026-08-22,wk inc covid hosp,0,2026-08-22,34,quantile,0.35,46.0
2026-08-22,wk inc covid hosp,0,2026-08-22,34,quantile,0.4,48.0
2026-08-22,wk inc covid hosp,0,2026-08-22,34,quantile,0.45,49.0
2026-08-22,wk inc covid hosp,0,2026-08-22,34,quantile,0.5,50.0
2026-08-22,wk inc covid hosp,0,2026-08-22,34,quantile,0.55,52.0
2026-08-22,wk inc covid hosp,0,2026-08-22,34,quantile,0.6,53.0
2026-08-22,wk inc covid hosp,0,2026-08-22,34,quantile,0.65,54.0
2026-08-22,wk inc covid hosp,0,2026-08-22,34,quantile,0.7,56.0
2026-08-22,wk inc covid hosp,0,2026-08-22,34,quantile,0.75,58.0
2026-08-22,wk inc covid hosp,0,2026-08-22,34,quantile,0.8,61.0
2026-08-22,wk inc covid hosp,0,2026-08-22,34,quantile,0.85,63.0
2026-08-22,wk inc covid hosp,0,2026-08-22,34,quantile,0.9,66.0
2026-08-22,wk inc covid hosp,0,2026-08-22,34,quantile,0.95,70.0
2026-08-22,wk inc covid hosp,0,2026-08-22,34,quantile,0.975,73.0
2026-08-22,wk inc covid hosp,0,2026-08-22,34,quantile,0.99,82.0
2026-08-22,wk inc covid hosp,0,2026-08-22,35,quantile,0.01,0.0
2026-08-22,wk inc covid hosp,0,2026-08-22,35,quantile,0.025,0.0
2026-08-22,wk inc covid hosp,0,2026-08-22,35,quantile,0.05,1.0
2026-08-22,wk inc covid hosp,0,2026-08-22,35,quantile,0.1,1.0
2026-08-22,wk inc covid hosp,0,2026-08-22,35,quantile,0.15,2.0
2026-08-22,wk inc covid hosp,0,2026-08-22,35,quantile,0.2,2.0
2026-08-22,wk inc covid hosp,0,2026-08-22,35,quantile,0.25,3.0
2026-08-22,wk inc covid hosp,0,2026-08-22,35,quantile,0.3,4.0
2026-08-22,wk inc covid hosp,0,2026-08-22,35,quantile,0.35,4.0
2026-08-22,wk inc covid hosp,0,2026-08-22,35,quantile,0.4,5.0
2026-08-22,wk inc covid hosp,0,2026-08-22,35,quantile,0.45,5.0
2026-08-22,wk inc covid hosp,0,2026-08-22,35,quantile,0.5,5.0
2026-08-22,wk inc covid hosp,0,2026-08-22,35,quantile,0.55,6.0
2026-08-22,wk inc covid hosp,0,2026-08-22,35,quantile,0.6,6.0
2026-08-22,wk inc covid hosp,0,2026-08-22,35,quantile,0.65,7.0
2026-08-22,wk inc covid hosp,0,2026-08-22,35,quantile,0.7,7.0
2026-08-22,wk inc covid hosp,0,2026-08-22,35,quantile,0.75,8.0
2026-08-22,wk inc covid hosp,0,2026-08-22,35,quantile,0.8,9.0
2026-08-22,wk inc covid hosp,0,2026-08-22,35,quantile,0.85,10.0
2026-08-22,wk inc covid hosp,0,2026-08-22,35,quantile,0.9,10.0
2026-08-22,wk inc covid hosp,0,2026-08-22,35,quantile,0.95,12.0
2026-08-22,wk inc covid hosp,0,2026-08-22,35,quantile,0.975,13.0
2026-08-22,wk inc covid hosp,0,2026-08-22,35,quantile,0.99,15.0
2026-08-22,wk inc covid hosp,0,2026-08-22,36,quantile,0.01,83.0
2026-08-22,wk inc covid hosp,0,2026-08-22,36,quantile,0.025,88.0
2026-08-22,wk inc covid hosp,0,2026-08-22,36,quantile,0.05,95.0
2026-08-22,wk inc covid hosp,0,2026-08-22,36,quantile,0.1,101.0
2026-08-22,wk inc covid hosp,0,2026-08-22,36,quantile,0.15,105.0
2026-08-22,wk inc covid hosp,0,2026-08-22,36,quantile,0.2,110.0
2026-08-22,wk inc covid hosp,0,2026-08-22,36,quantile,0.25,112.0
2026-08-22,wk inc covid hosp,0,2026-08-22,36,quantile,0.3,115.0
2026-08-22,wk inc covid hosp,0,2026-08-22,36,quantile,0.35,118.0
2026-08-22,wk inc covid hosp,0,2026-08-22,36,quantile,0.4,120.0
2026-08-22,wk inc covid hosp,0,2026-08-22,36,quantile,0.45,121.0
2026-08-22,wk inc covid hosp,0,2026-08-22,36,quantile,0.5,124.0
2026-08-22,wk inc covid hosp,0,2026-08-22,36,quantile,0.55,127.0
2026-08-22,wk inc covid hosp,0,2026-08-22,36,quantile,0.6,129.0
2026-08-22,wk inc covid hosp,0,2026-08-22,36,quantile,0.65,131.0
2026-08-22,wk inc covid hosp,0,2026-08-22,36,quantile,0.7,133.0
2026-08-22,wk inc covid hosp,0,2026-08-22,36,quantile,0.75,136.0
2026-08-22,wk inc covid hosp,0,2026-08-22,36,quantile,0.8,139.0
2026-08-22,wk inc covid hosp,0,2026-08-22,36,quantile,0.85,143.0
2026-08-22,wk inc covid hosp,0,2026-08-22,36,quantile,0.9,147.0
2026-08-22,wk inc covid hosp,0,2026-08-22,36,quantile,0.95,155.0
2026-08-22,wk inc covid hosp,0,2026-08-22,36,quantile,0.975,164.0
2026-08-22,wk inc covid hosp,0,2026-08-22,36,quantile,0.99,170.0
2026-08-22,wk inc covid hosp,0,2026-08-22,37,quantile,0.01,71.0
2026-08-22,wk inc covid hosp,0,2026-08-22,37,quantile,0.025,78.0
2026-08-22,wk inc covid hosp,0,2026-08-22,37,quantile,0.05,84.0
2026-08-22,wk inc covid hosp,0,2026-08-22,37,quantile,0.1,90.0
2026-08-22,wk inc covid hosp,0,2026-08-22,37,quantile,0.15,93.0
2026-08-22,wk inc covid hosp,0,2026-08-22,37,quantile,0.2,95.0
2026-08-22,wk inc covid hosp,0,2026-08-22,37,quantile,0.25,97.0
2026-08-22,wk inc covid hosp,0,2026-08-22,37,quantile,0.3,99.0
2026-08-22,wk inc covid hosp,0,2026-08-22,37,quantile,0.35,101.0
2026-08-22,wk inc covid hosp,0,2026-08-22,37,quantile,0.4,103.0
2026-08-22,wk inc covid hosp,0,2026-08-22,37,quantile,0.45,106.0
2026-08-22,wk inc covid hosp,0,2026-08-22,37,quantile,0.5,108.0
2026-08-22,wk inc covid hosp,0,2026-08-22,37,quantile,0.55,110.0
2026-08-22,wk inc covid hosp,0,2026-08-22,37,quantile,0.6,112.0
2026-08-22,wk inc covid hosp,0,2026-08-22,37,quantile,0.65,115.0
2026-08-22,wk inc covid hosp,0,2026-08-22,37,quantile,0.7,118.0
2026-08-22,wk inc covid hosp,0,2026-08-22,37,quantile,0.75,120.0
2026-08-22,wk inc covid hosp,0,2026-08-22,37,quantile,0.8,123.0
2026-08-22,wk inc covid hosp,0,2026-08-22,37,quantile,0.85,127.0
2026-08-22,wk inc covid hosp,0,2026-08-22,37,quantile,0.9,131.0
2026-08-22,wk inc covid hosp,0,2026-08-22,37,quantile,0.95,138.0
2026-08-22,wk inc covid hosp,0,2026-08-22,37,quantile,0.975,145.0
2026-08-22,wk inc covid hosp,0,2026-08-22,37,quantile,0.99,157.0
2026-08-22,wk inc covid hosp,0,2026-08-22,38,quantile,0.01,0.0
2026-08-22,wk inc covid hosp,0,2026-08-22,38,quantile,0.025,0.0
2026-08-22,wk inc covid hosp,0,2026-08-22,38,quantile,0.05,0.0
2026-08-22,wk inc covid hosp,0,2026-08-22,38,quantile,0.1,0.0
2026-08-22,wk inc covid hosp,0,2026-08-22,38,quantile,0.15,0.0
2026-08-22,wk inc covid hosp,0,2026-08-22,38,quantile,0.2,0.0
2026-08-22,wk inc covid hosp,0,2026-08-22,38,quantile,0.25,0.0
2026-08-22,wk inc covid hosp,0,2026-08-22,38,quantile,0.3,0.0
2026-08-22,wk inc covid hosp,0,2026-08-22,38,quantile,0.35,0.0
2026-08-22,wk inc covid hosp,0,2026-08-22,38,quantile,0.4,0.0
2026-08-22,wk inc covid hosp,0,2026-08-22,38,quantile,0.45,0.0
2026-08-22,wk inc covid hosp,0,2026-08-22,38,quantile,0.5,0.0
2026-08-22,wk inc covid hosp,0,2026-08-22,38,quantile,0.55,0.0
2026-08-22,wk inc covid hosp,0,2026-08-22,38,quantile,0.6,0.0
2026-08-22,wk inc covid hosp,0,2026-08-22,38,quantile,0.65,0.0
2026-08-22,wk inc covid hosp,0,2026-08-22,38,quantile,0.7,0.0
2026-08-22,wk inc covid hosp,0,2026-08-22,38,quantile,0.75,0.0
2026-08-22,wk inc covid hosp,0,2026-08-22,38,quantile,0.8,0.0
2026-08-22,wk inc covid hosp,0,2026-08-22,38,quantile,0.85,0.0
2026-08-22,wk inc covid hosp,0,2026-08-22,38,quantile,0.9,0.0
2026-08-22,wk inc covid hosp,0,2026-08-22,38,quantile,0.95,0.0
2026-08-22,wk inc covid hosp,0,2026-08-22,38,quantile,0.975,0.0
2026-08-22,wk inc covid hosp,0,2026-08-22,38,quantile,0.99,1.0
2026-08-22,wk inc covid hosp,0,2026-08-22,39,quantile,0.01,17.0
2026-08-22,wk inc covid hosp,0,2026-08-22,39,quantile,0.025,19.0
2026-08-22,wk inc covid hosp,0,2026-08-22,39,quantile,0.05,21.0
2026-08-22,wk inc covid hosp,0,2026-08-22,39,quantile,0.1,24.0
2026-08-22,wk inc covid hosp,0,2026-08-22,39,quantile,0.15,25.0
2026-08-22,wk inc covid hosp,0,2026-08-22,39,quantile,0.2,27.0
2026-08-22,wk inc covid hosp,0,2026-08-22,39,quantile,0.25,29.0
2026-08-22,wk inc covid hosp,0,2026-08-22,39,quantile,0.3,30.0
2026-08-22,wk inc covid hosp,0,2026-08-22,39,quantile,0.35,32.0
2026-08-22,wk inc covid hosp,0,2026-08-22,39,quantile,0.4,33.0
2026-08-22,wk inc covid hosp,0,2026-08-22,39,quantile,0.45,34.0
2026-08-22,wk inc covid hosp,0,2026-08-22,39,quantile,0.5,35.0
2026-08-22,wk inc covid hosp,0,2026-08-22,39,quantile,0.55,36.0
2026-08-22,wk inc covid hosp,0,2026-08-22,39,quantile,0.6,37.0
2026-08-22,wk inc covid hosp,0,2026-08-22,39,quantile,0.65,38.0
2026-08-22,wk inc covid hosp,0,2026-08-22,39,quantile,0.7,40.0
2026-08-22,wk inc covid hosp,0,2026-08-22,39,quantile,0.75,41.0
2026-08-22,wk inc covid hosp,0,2026-08-22,39,quantile,0.8,43.0
2026-08-22,wk inc covid hosp,0,2026-08-22,39,quantile,0.85,46.0
2026-08-22,wk inc covid hosp,0,2026-08-22,39,quantile,0.9,49.0
2026-08-22,wk inc covid hosp,0,2026-08-22,39,quantile,0.95,53.0
2026-08-22,wk inc covid hosp,0,2026-08-22,39,quantile,0.975,57.0
2026-08-22,wk inc covid hosp,0,2026-08-22,39,quantile,0.99,59.0
2026-08-22,wk inc covid hosp,0,2026-08-22,40,quantile,0.01,0.0
2026-08-22,wk inc covid hosp,0,2026-08-22,40,quantile,0.025,1.0
2026-08-22,wk inc covid hosp,0,2026-08-22,40,quantile,0.05,1.0
2026-08-22,wk inc covid hosp,0,2026-08-22,40,quantile,0.1,2.0
2026-08-22,wk inc covid hosp,0,2026-08-22,40,quantile,0.15,2.0
2026-08-22,wk inc covid hosp,0,2026-08-22,40,quantile,0.2,3.0
2026-08-22,wk inc covid hosp,0,2026-08-22,40,quantile,0.25,3.0
2026-08-22,wk inc covid hosp,0,2026-08-22,40,quantile,0.3,4.0
2026-08-22,wk inc covid hosp,0,2026-08-22,40,quantile,0.35,4.0
2026-08-22,wk inc covid hosp,0,2026-08-22,40,quantile,0.4,5.0
2026-08-22,wk inc covid hosp,0,2026-08-22,40,quantile,0.45,5.0
2026-08-22,wk inc covid hosp,0,2026-08-22,40,quantile,0.5,6.0
2026-08-22,wk inc covid hosp,0,2026-08-22,40,quantile,0.55,6.0
2026-08-22,wk inc covid hosp,0,2026-08-22,40,quantile,0.6,7.0
2026-08-22,wk inc covid hosp,0,2026-08-22,40,quantile,0.65,8.0
2026-08-22,wk inc covid hosp,0,2026-08-22,40,quantile,0.7,8.0
2026-08-22,wk inc covid hosp,0,2026-08-22,40,quantile,0.75,9.0
2026-08-22,wk inc covid hosp,0,2026-08-22,40,quantile,0.8,10.0
2026-08-22,wk inc covid hosp,0,2026-08-22,40,quantile,0.85,11.0
2026-08-22,wk inc covid hosp,0,2026-08-22,40,quantile,0.9,12.0
2026-08-22,wk inc covid hosp,0,2026-08-22,40,quantile,0.95,14.0
2026-08-22,wk inc covid hosp,0,2026-08-22,40,quantile,0.975,16.0
2026-08-22,wk inc covid hosp,0,2026-08-22,40,quantile,0.99,19.0
2026-08-22,wk inc covid hosp,0,2026-08-22,41,quantile,0.01,1.0
2026-08-22,wk inc covid hosp,0,2026-08-22,41,quantile,0.025,2.0
2026-08-22,wk inc covid hosp,0,2026-08-22,41,quantile,0.05,2.0
2026-08-22,wk inc covid hosp,0,2026-08-22,41,quantile,0.1,4.0
2026-08-22,wk inc covid hosp,0,2026-08-22,41,quantile,0.15,5.0
2026-08-22,wk inc covid hosp,0,2026-08-22,41,quantile,0.2,6.0
2026-08-22,wk inc covid hosp,0,2026-08-22,41,quantile,0.25,6.0
2026-08-22,wk inc covid hosp,0,2026-08-22,41,quantile,0.3,7.0
2026-08-22,wk inc covid hosp,0,2026-08-22,41,quantile,0.35,8.0
2026-08-22,wk inc covid hosp,0,2026-08-22,41,quantile,0.4,8.0
2026-08-22,wk inc covid hosp,0,2026-08-22,41,quantile,0.45,9.0
2026-08-22,wk inc covid hosp,0,2026-08-22,41,quantile,0.5,9.0
2026-08-22,wk inc covid hosp,0,2026-08-22,41,quantile,0.55,10.0
2026-08-22,wk inc covid hosp,0,2026-08-22,41,quantile,0.6,11.0
2026-08-22,wk inc covid hosp,0,2026-08-22,41,quantile,0.65,12.0
2026-08-22,wk inc covid hosp,0,2026-08-22,41,quantile,0.7,12.0
2026-08-22,wk inc covid hosp,0,2026-08-22,41,quantile,0.75,13.0
2026-08-22,wk inc covid hosp,0,2026-08-22,41,quantile,0.8,14.0
2026-08-22,wk inc covid hosp,0,2026-08-22,41,quantile,0.85,15.0
2026-08-22,wk inc covid hosp,0,2026-08-22,41,quantile,0.9,17.0
2026-08-22,wk inc covid hosp,0,2026-08-22,41,quantile,0.95,18.0
2026-08-22,wk inc covid hosp,0,2026-08-22,41,quantile,0.975,19.0
2026-08-22,wk inc covid hosp,0,2026-08-22,41,quantile,0.99,23.0
2026-08-22,wk inc covid hosp,0,2026-08-22,42,quantile,0.01,35.0
2026-08-22,wk inc covid hosp,0,2026-08-22,42,quantile,0.025,38.0
2026-08-22,wk inc covid hosp,0,2026-08-22,42,quantile,0.05,41.0
2026-08-22,wk inc covid hosp,0,2026-08-22,42,quantile,0.1,45.0
2026-08-22,wk inc covid hosp,0,2026-08-22,42,quantile,0.15,47.0
2026-08-22,wk inc covid hosp,0,2026-08-22,42,quantile,0.2,50.0
2026-08-22,wk inc covid hosp,0,2026-08-22,42,quantile,0.25,52.0
2026-08-22,wk inc covid hosp,0,2026-08-22,42,quantile,0.3,54.0
2026-08-22,wk inc covid hosp,0,2026-08-22,42,quantile,0.35,56.0
2026-08-22,wk inc covid hosp,0,2026-08-22,42,quantile,0.4,57.0
2026-08-22,wk inc covid hosp,0,2026-08-22,42,quantile,0.45,59.0
2026-08-22,wk inc covid hosp,0,2026-08-22,42,quantile,0.5,60.0
2026-08-22,wk inc covid hosp,0,2026-08-22,42,quantile,0.55,62.0
2026-08-22,wk inc covid hosp,0,2026-08-22,42,quantile,0.6,64.0
2026-08-22,wk inc covid hosp,0,2026-08-22,42,quantile,0.65,65.0
2026-08-22,wk inc covid hosp,0,2026-08-22,42,quantile,0.7,68.0
2026-08-22,wk inc covid hosp,0,2026-08-22,42,quantile,0.75,70.0
2026-08-22,wk inc covid hosp,0,2026-08-22,42,quantile,0.8,72.0
2026-08-22,wk inc covid hosp,0,2026-08-22,42,quantile,0.85,74.0
2026-08-22,wk inc covid hosp,0,2026-08-22,42,quantile,0.9,77.0
2026-08-22,wk inc covid hosp,0,2026-08-22,42,quantile,0.95,85.0
2026-08-22,wk inc covid hosp,0,2026-08-22,42,quantile,0.975,90.0
2026-08-22,wk inc covid hosp,0,2026-08-22,42,quantile,0.99,96.0
2026-08-22,wk inc covid hosp,0,2026-08-22,44,quantile,0.01,1.0
2026-08-22,wk inc covid hosp,0,2026-08-22,44,quantile,0.025,1.0
2026-08-22,wk inc covid hosp,0,2026-08-22,44,quantile,0.05,2.0
2026-08-22,wk inc covid hosp,0,2026-08-22,44,quantile,0.1,3.0
2026-08-22,wk inc covid hosp,0,2026-08-22,44,quantile,0.15,4.0
2026-08-22,wk inc covid hosp,0,2026-08-22,44,quantile,0.2,5.0
2026-08-22,wk inc covid hosp,0,2026-08-22,44,quantile,0.25,6.0
2026-08-22,wk inc covid hosp,0,2026-08-22,44,quantile,0.3,6.0
2026-08-22,wk inc covid hosp,0,2026-08-22,44,quantile,0.35,7.0
2026-08-22,wk inc covid hosp,0,2026-08-22,44,quantile,0.4,7.0
2026-08-22,wk inc covid hosp,0,2026-08-22,44,quantile,0.45,8.0
2026-08-22,wk inc covid hosp,0,2026-08-22,44,quantile,0.5,9.0
2026-08-22,wk inc covid hosp,0,2026-08-22,44,quantile,0.55,9.0
2026-08-22,wk inc covid hosp,0,2026-08-22,44,quantile,0.6,10.0
2026-08-22,wk inc covid hosp,0,2026-08-22,44,quantile,0.65,11.0
2026-08-22,wk inc covid hosp,0,2026-08-22,44,quantile,0.7,12.0
2026-08-22,wk inc covid hosp,0,2026-08-22,44,quantile,0.75,13.0
2026-08-22,wk inc covid hosp,0,2026-08-22,44,quantile,0.8,14.0
2026-08-22,wk inc covid hosp,0,2026-08-22,44,quantile,0.85,15.0
2026-08-22,wk inc covid hosp,0,2026-08-22,44,quantile,0.9,16.0
2026-08-22,wk inc covid hosp,0,2026-08-22,44,quantile,0.95,18.0
2026-08-22,wk inc covid hosp,0,2026-08-22,44,quantile,0.975,22.0
2026-08-22,wk inc covid hosp,0,2026-08-22,44,quantile,0.99,24.0
2026-08-22,wk inc covid hosp,0,2026-08-22,45,quantile,0.01,9.0
2026-08-22,wk inc covid hosp,0,2026-08-22,45,quantile,0.025,12.0
2026-08-22,wk inc covid hosp,0,2026-08-22,45,quantile,0.05,14.0
2026-08-22,wk inc covid hosp,0,2026-08-22,45,quantile,0.1,16.0
2026-08-22,wk inc covid hosp,0,2026-08-22,45,quantile,0.15,18.0
2026-08-22,wk inc covid hosp,0,2026-08-22,45,quantile,0.2,19.0
2026-08-22,wk inc covid hosp,0,2026-08-22,45,quantile,0.25,20.0
2026-08-22,wk inc covid hosp,0,2026-08-22,45,quantile,0.3,21.0
2026-08-22,wk inc covid hosp,0,2026-08-22,45,quantile,0.35,22.0
2026-08-22,wk inc covid hosp,0,2026-08-22,45,quantile,0.4,22.0
2026-08-22,wk inc covid hosp,0,2026-08-22,45,quantile,0.45,24.0
2026-08-22,wk inc covid hosp,0,2026-08-22,45,quantile,0.5,24.0
2026-08-22,wk inc covid hosp,0,2026-08-22,45,quantile,0.55,25.0
2026-08-22,wk inc covid hosp,0,2026-08-22,45,quantile,0.6,26.0
2026-08-22,wk inc covid hosp,0,2026-08-22,45,quantile,0.65,27.0
2026-08-22,wk inc covid hosp,0,2026-08-22,45,quantile,0.7,29.0
2026-08-22,wk inc covid hosp,0,2026-08-22,45,quantile,0.75,30.0
2026-08-22,wk inc covid hosp,0,2026-08-22,45,quantile,0.8,32.0
2026-08-22,wk inc covid hosp,0,2026-08-22,45,quantile,0.85,34.0
2026-08-22,wk inc covid hosp,0,2026-08-22,45,quantile,0.9,37.0
2026-08-22,wk inc covid hosp,0,2026-08-22,45,quantile,0.95,40.0
2026-08-22,wk inc covid hosp,0,2026-08-22,45,quantile,0.975,41.0
2026-08-22,wk inc covid hosp,0,2026-08-22,45,quantile,0.99,45.0
2026-08-22,wk inc covid hosp,0,2026-08-22,46,quantile,0.01,0.0
2026-08-22,wk inc covid hosp,0,2026-08-22,46,quantile,0.025,0.0
2026-08-22,wk inc covid hosp,0,2026-08-22,46,quantile,0.05,0.0
2026-08-22,wk inc covid hosp,0,2026-08-22,46,quantile,0.1,0.0
2026-08-22,wk inc covid hosp,0,2026-08-22,46,quantile,0.15,0.0
2026-08-22,wk inc covid hosp,0,2026-08-22,46,quantile,0.2,0.0
2026-08-22,wk inc covid hosp,0,2026-08-22,46,quantile,0.25,0.0
2026-08-22,wk inc covid hosp,0,2026-08-22,46,quantile,0.3,0.0
2026-08-22,wk inc covid hosp,0,2026-08-22,46,quantile,0.35,0.0
2026-08-22,wk inc covid hosp,0,2026-08-22,46,quantile,0.4,1.0
2026-08-22,wk inc covid hosp,0,2026-08-22,46,quantile,0.45,1.0
2026-08-22,wk inc covid hosp,0,2026-08-22,46,quantile,0.5,1.0
2026-08-22,wk inc covid hosp,0,2026-08-22,46,quantile,0.55,2.0
2026-08-22,wk inc covid hosp,0,2026-08-22,46,quantile,0.6,2.0
2026-08-22,wk inc covid hosp,0,2026-08-22,46,quantile,0.65,2.0
2026-08-22,wk inc covid hosp,0,2026-08-22,46,quantile,0.7,3.0
2026-08-22,wk inc covid hosp,0,2026-08-22,46,quantile,0.75,3.0
2026-08-22,wk inc covid hosp,0,2026-08-22,46,quantile,0.8,3.0
2026-08-22,wk inc covid hosp,0,2026-08-22,46,quantile,0.85,4.0
2026-08-22,wk inc covid hosp,0,2026-08-22,46,quantile,0.9,5.0
2026-08-22,wk inc covid hosp,0,2026-08-22,46,quantile,0.95,7.0
2026-08-22,wk inc covid hosp,0,2026-08-22,46,quantile,0.975,7.0
2026-08-22,wk inc covid hosp,0,2026-08-22,46,quantile,0.99,9.0
2026-08-22,wk inc covid hosp,0,2026-08-22,47,quantile,0.01,21.0
2026-08-22,wk inc covid hosp,0,2026-08-22,47,quantile,0.025,25.0
2026-08-22,wk inc covid hosp,0,2026-08-22,47,quantile,0.05,27.0
2026-08-22,wk inc covid hosp,0,2026-08-22,47,quantile,0.1,30.0
2026-08-22,wk inc covid hosp,0,2026-08-22,47,quantile,0.15,32.0
2026-08-22,wk inc covid hosp,0,2026-08-22,47,quantile,0.2,33.0
2026-08-22,wk inc covid hosp,0,2026-08-22,47,quantile,0.25,34.0
2026-08-22,wk inc covid hosp,0,2026-08-22,47,quantile,0.3,36.0
2026-08-22,wk inc covid hosp,0,2026-08-22,47,quantile,0.35,37.0
2026-08-22,wk inc covid hosp,0,2026-08-22,47,quantile,0.4,38.0
2026-08-22,wk inc covid hosp,0,2026-08-22,47,quantile,0.45,40.0
2026-08-22,wk inc covid hosp,0,2026-08-22,47,quantile,0.5,41.0
2026-08-22,wk inc covid hosp,0,2026-08-22,47,quantile,0.55,43.0
2026-08-22,wk inc covid hosp,0,2026-08-22,47,quantile,0.6,44.0
2026-08-22,wk inc covid hosp,0,2026-08-22,47,quantile,0.65,46.0
2026-08-22,wk inc covid hosp,0,2026-08-22,47,quantile,0.7,47.0
2026-08-22,wk inc covid hosp,0,2026-08-22,47,quantile,0.75,49.0
2026-08-22,wk inc covid hosp,0,2026-08-22,47,quantile,0.8,51.0
2026-08-22,wk inc covid hosp,0,2026-08-22,47,quantile,0.85,54.0
2026-08-22,wk inc covid hosp,0,2026-08-22,47,quantile,0.9,57.0
2026-08-22,wk inc covid hosp,0,2026-08-22,47,quantile,0.95,61.0
2026-08-22,wk inc covid hosp,0,2026-08-22,47,quantile,0.975,64.0
2026-08-22,wk inc covid hosp,0,2026-08-22,47,quantile,0.99,68.0
2026-08-22,wk inc covid hosp,0,2026-08-22,48,quantile,0.01,221.0
2026-08-22,wk inc covid hosp,0,2026-08-22,48,quantile,0.025,226.0
2026-08-22,wk inc covid hosp,0,2026-08-22,48,quantile,0.05,234.0
2026-08-22,wk inc covid hosp,0,2026-08-22,48,quantile,0.1,242.0
2026-08-22,wk inc covid hosp,0,2026-08-22,48,quantile,0.15,251.0
2026-08-22,wk inc covid hosp,0,2026-08-22,48,quantile,0.2,256.0
2026-08-22,wk inc covid hosp,0,2026-08-22,48,quantile,0.25,260.0
2026-08-22,wk inc covid hosp,0,2026-08-22,48,quantile,0.3,265.0
2026-08-22,wk inc covid hosp,0,2026-08-22,48,quantile,0.35,272.0
2026-08-22,wk inc covid hosp,0,2026-08-22,48,quantile,0.4,275.0
2026-08-22,wk inc covid hosp,0,2026-08-22,48,quantile,0.45,279.0
2026-08-22,wk inc covid hosp,0,2026-08-22,48,quantile,0.5,281.0
2026-08-22,wk inc covid hosp,0,2026-08-22,48,quantile,0.55,286.0
2026-08-22,wk inc covid hosp,0,2026-08-22,48,quantile,0.6,288.0
2026-08-22,wk inc covid hosp,0,2026-08-22,48,quantile,0.65,292.0
2026-08-22,wk inc covid hosp,0,2026-08-22,48,quantile,0.7,296.0
2026-08-22,wk inc covid hosp,0,2026-08-22,48,quantile,0.75,301.0
2026-08-22,wk inc covid hosp,0,2026-08-22,48,quantile,0.8,306.0
2026-08-22,wk inc covid hosp,0,2026-08-22,48,quantile,0.85,310.0
2026-08-22,wk inc covid hosp,0,2026-08-22,48,quantile,0.9,319.0
2026-08-22,wk inc covid hosp,0,2026-08-22,48,quantile,0.95,331.0
2026-08-22,wk inc covid hosp,0,2026-08-22,48,quantile,0.975,340.0
2026-08-22,wk inc covid hosp,0,2026-08-22,48,quantile,0.99,349.0
2026-08-22,wk inc covid hosp,0,2026-08-22,49,quantile,0.01,0.0
2026-08-22,wk inc covid hosp,0,2026-08-22,49,quantile,0.025,0.0
2026-08-22,wk inc covid hosp,0,2026-08-22,49,quantile,0.05,0.0
2026-08-22,wk inc covid hosp,0,2026-08-22,49,quantile,0.1,1.0
2026-08-22,wk inc covid hosp,0,2026-08-22,49,quantile,0.15,1.0
2026-08-22,wk inc covid hosp,0,2026-08-22,49,quantile,0.2,1.0
2026-08-22,wk inc covid hosp,0,2026-08-22,49,quantile,0.25,2.0
2026-08-22,wk inc covid hosp,0,2026-08-22,49,quantile,0.3,2.0
2026-08-22,wk inc covid hosp,0,2026-08-22,49,quantile,0.35,3.0
2026-08-22,wk inc covid hosp,0,2026-08-22,49,quantile,0.4,3.0
2026-08-22,wk inc covid hosp,0,2026-08-22,49,quantile,0.45,3.0
2026-08-22,wk inc covid hosp,0,2026-08-22,49,quantile,0.5,4.0
2026-08-22,wk inc covid hosp,0,2026-08-22,49,quantile,0.55,4.0
2026-08-22,wk inc covid hosp,0,2026-08-22,49,quantile,0.6,4.0
2026-08-22,wk inc covid hosp,0,2026-08-22,49,quantile,0.65,5.0
2026-08-22,wk inc covid hosp,0,2026-08-22,49,quantile,0.7,5.0
2026-08-22,wk inc covid hosp,0,2026-08-22,49,quantile,0.75,6.0
2026-08-22,wk inc covid hosp,0,2026-08-22,49,quantile,0.8,6.0
2026-08-22,wk inc covid hosp,0,2026-08-22,49,quantile,0.85,7.0
2026-08-22,wk inc covid hosp,0,2026-08-22,49,quantile,0.9,9.0
2026-08-22,wk inc covid hosp,0,2026-08-22,49,quantile,0.95,11.0
2026-08-22,wk inc covid hosp,0,2026-08-22,49,quantile,0.975,12.0
2026-08-22,wk inc covid hosp,0,2026-08-22,49,quantile,0.99,14.0
2026-08-22,wk inc covid hosp,0,2026-08-22,50,quantile,0.01,0.0
2026-08-22,wk inc covid hosp,0,2026-08-22,50,quantile,0.025,0.0
2026-08-22,wk inc covid hosp,0,2026-08-22,50,quantile,0.05,0.0
2026-08-22,wk inc covid hosp,0,2026-08-22,50,quantile,0.1,0.0
2026-08-22,wk inc covid hosp,0,2026-08-22,50,quantile,0.15,0.0
2026-08-22,wk inc covid hosp,0,2026-08-22,50,quantile,0.2,0.0
2026-08-22,wk inc covid hosp,0,2026-08-22,50,quantile,0.25,0.0
2026-08-22,wk inc covid hosp,0,2026-08-22,50,quantile,0.3,0.0
2026-08-22,wk inc covid hosp,0,2026-08-22,50,quantile,0.35,0.0
2026-08-22,wk inc covid hosp,0,2026-08-22,50,quantile,0.4,0.0
2026-08-22,wk inc covid hosp,0,2026-08-22,50,quantile,0.45,0.0
2026-08-22,wk inc covid hosp,0,2026-08-22,50,quantile,0.5,1.0
2026-08-22,wk inc covid hosp,0,2026-08-22,50,quantile,0.55,1.0
2026-08-22,wk inc covid hosp,0,2026-08-22,50,quantile,0.6,1.0
2026-08-22,wk inc covid hosp,0,2026-08-22,50,quantile,0.65,1.0
2026-08-22,wk inc covid hosp,0,2026-08-22,50,quantile,0.7,2.0
2026-08-22,wk inc covid hosp,0,2026-08-22,50,quantile,0.75,2.0
2026-08-22,wk inc covid hosp,0,2026-08-22,50,quantile,0.8,2.0
2026-08-22,wk inc covid hosp,0,2026-08-22,50,quantile,0.85,3.0
2026-08-22,wk inc covid hosp,0,2026-08-22,50,quantile,0.9,3.0
2026-08-22,wk inc covid hosp,0,2026-08-22,50,quantile,0.95,5.0
2026-08-22,wk inc covid hosp,0,2026-08-22,50,quantile,0.975,6.0
2026-08-22,wk inc covid hosp,0,2026-08-22,50,quantile,0.99,7.0
2026-08-22,wk inc covid hosp,0,2026-08-22,51,quantile,0.01,6.0
2026-08-22,wk inc covid hosp,0,2026-08-22,51,quantile,0.025,8.0
2026-08-22,wk inc covid hosp,0,2026-08-22,51,quantile,0.05,9.0
2026-08-22,wk inc covid hosp,0,2026-08-22,51,quantile,0.1,11.0
2026-08-22,wk inc covid hosp,0,2026-08-22,51,quantile,0.15,13.0
2026-08-22,wk inc covid hosp,0,2026-08-22,51,quantile,0.2,14.0
2026-08-22,wk inc covid hosp,0,2026-08-22,51,quantile,0.25,14.0
2026-08-22,wk inc covid hosp,0,2026-08-22,51,quantile,0.3,15.0
2026-08-22,wk inc covid hosp,0,2026-08-22,51,quantile,0.35,16.0
2026-08-22,wk inc covid hosp,0,2026-08-22,51,quantile,0.4,17.0
2026-08-22,wk inc covid hosp,0,2026-08-22,51,quantile,0.45,18.0
2026-08-22,wk inc covid hosp,0,2026-08-22,51,quantile,0.5,19.0
2026-08-22,wk inc covid hosp,0,2026-08-22,51,quantile,0.55,20.0
2026-08-22,wk inc covid hosp,0,2026-08-22,51,quantile,0.6,20.0
2026-08-22,wk inc covid hosp,0,2026-08-22,51,quantile,0.65,21.0
2026-08-22,wk inc covid hosp,0,2026-08-22,51,quantile,0.7,22.0
2026-08-22,wk inc covid hosp,0,2026-08-22,51,quantile,0.75,24.0
2026-08-22,wk inc covid hosp,0,2026-08-22,51,quantile,0.8,25.0
2026-08-22,wk inc covid hosp,0,2026-08-22,51,quantile,0.85,28.0
2026-08-22,wk inc covid hosp,0,2026-08-22,51,quantile,0.9,29.0
2026-08-22,wk inc covid hosp,0,2026-08-22,51,quantile,0.95,34.0
2026-08-22,wk inc covid hosp,0,2026-08-22,51,quantile,0.975,36.0
2026-08-22,wk inc covid hosp,0,2026-08-22,51,quantile,0.99,37.0
2026-08-22,wk inc covid hosp,0,2026-08-22,53,quantile,0.01,26.0
2026-08-22,wk inc covid hosp,0,2026-08-22,53,quantile,0.025,29.0
2026-08-22,wk inc covid hosp,0,2026-08-22,53,quantile,0.05,31.0
2026-08-22,wk inc covid hosp,0,2026-08-22,53,quantile,0.1,34.0
2026-08-22,wk inc covid hosp,0,2026-08-22,53,quantile,0.15,36.0
2026-08-22,wk inc covid hosp,0,2026-08-22,53,quantile,0.2,38.0
2026-08-22,wk inc covid hosp,0,2026-08-22,53,quantile,0.25,40.0
2026-08-22,wk inc covid hosp,0,2026-08-22,53,quantile,0.3,41.0
2026-08-22,wk inc covid hosp,0,2026-08-22,53,quantile,0.35,43.0
2026-08-22,wk inc covid hosp,0,2026-08-22,53,quantile,0.4,45.0
2026-08-22,wk inc covid hosp,0,2026-08-22,53,quantile,0.45,46.0
2026-08-22,wk inc covid hosp,0,2026-08-22,53,quantile,0.5,47.0
2026-08-22,wk inc covid hosp,0,2026-08-22,53,quantile,0.55,49.0
2026-08-22,wk inc covid hosp,0,2026-08-22,53,quantile,0.6,50.0
2026-08-22,wk inc covid hosp,0,2026-08-22,53,quantile,0.65,52.0
2026-08-22,wk inc covid hosp,0,2026-08-22,53,quantile,0.7,54.0
2026-08-22,wk inc covid hosp,0,2026-08-22,53,quantile,0.75,56.0
2026-08-22,wk inc covid hosp,0,2026-08-22,53,quantile,0.8,58.0
2026-08-22,wk inc covid hosp,0,2026-08-22,53,quantile,0.85,60.0
2026-08-22,wk inc covid hosp,0,2026-08-22,53,quantile,0.9,63.0
2026-08-22,wk inc covid hosp,0,2026-08-22,53,quantile,0.95,69.0
2026-08-22,wk inc covid hosp,0,2026-08-22,53,quantile,0.975,72.0
2026-08-22,wk inc covid hosp,0,2026-08-22,53,quantile,0.99,77.0
2026-08-22,wk inc covid hosp,0,2026-08-22,54,quantile,0.01,0.0
2026-08-22,wk inc covid hosp,0,2026-08-22,54,quantile,0.025,0.0
2026-08-22,wk inc covid hosp,0,2026-08-22,54,quantile,0.05,0.0
2026-08-22,wk inc covid hosp,0,2026-08-22,54,quantile,0.1,1.0
2026-08-22,wk inc covid hosp,0,2026-08-22,54,quantile,0.15,1.0
2026-08-22,wk inc covid hosp,0,2026-08-22,54,quantile,0.2,2.0
2026-08-22,wk inc covid hosp,0,2026-08-22,54,quantile,0.25,2.0
2026-08-22,wk inc covid hosp,0,2026-08-22,54,quantile,0.3,2.0
2026-08-22,wk inc covid hosp,0,2026-08-22,54,quantile,0.35,3.0
2026-08-22,wk inc covid hosp,0,2026-08-22,54,quantile,0.4,3.0
2026-08-22,wk inc covid hosp,0,2026-08-22,54,quantile,0.45,4.0
2026-08-22,wk inc covid hosp,0,2026-08-22,54,quantile,0.5,4.0
2026-08-22,wk inc covid hosp,0,2026-08-22,54,quantile,0.55,5.0
2026-08-22,wk inc covid hosp,0,2026-08-22,54,quantile,0.6,5.0
2026-08-22,wk inc covid hosp,0,2026-08-22,54,quantile,0.65,6.0
2026-08-22,wk inc covid hosp,0,2026-08-22,54,quantile,0.7,6.0
2026-08-22,wk inc covid hosp,0,2026-08-22,54,quantile,0.75,7.0
2026-08-22,wk inc covid hosp,0,2026-08-22,54,quantile,0.8,7.0
2026-08-22,wk inc covid hosp,0,2026-08-22,54,quantile,0.85,8.0
2026-08-22,wk inc covid hosp,0,2026-08-22,54,quantile,0.9,10.0
2026-08-22,wk inc covid hosp,0,2026-08-22,54,quantile,0.95,11.0
2026-08-22,wk inc covid hosp,0,2026-08-22,54,quantile,0.975,12.0
2026-08-22,wk inc covid hosp,0,2026-08-22,54,quantile,0.99,14.0
2026-08-22,wk inc covid hosp,0,2026-08-22,55,quantile,0.01,0.0
2026-08-22,wk inc covid hosp,0,2026-08-22,55,quantile,0.025,0.0
2026-08-22,wk inc covid hosp,0,2026-08-22,55,quantile,0.05,1.0
2026-08-22,wk inc covid hosp,0,2026-08-22,55,quantile,0.1,1.0
2026-08-22,wk inc covid hosp,0,2026-08-22,55,quantile,0.15,2.0
2026-08-22,wk inc covid hosp,0,2026-08-22,55,quantile,0.2,3.0
2026-08-22,wk inc covid hosp,0,2026-08-22,55,quantile,0.25,3.0
2026-08-22,wk inc covid hosp,0,2026-08-22,55,quantile,0.3,4.0
2026-08-22,wk inc covid hosp,0,2026-08-22,55,quantile,0.35,4.0
2026-08-22,wk inc covid hosp,0,2026-08-22,55,quantile,0.4,5.0
2026-08-22,wk inc covid hosp,0,2026-08-22,55,quantile,0.45,5.0
2026-08-22,wk inc covid hosp,0,2026-08-22,55,quantile,0.5,6.0
2026-08-22,wk inc covid hosp,0,2026-08-22,55,quantile,0.55,6.0
2026-08-22,wk inc covid hosp,0,2026-08-22,55,quantile,0.6,7.0
2026-08-22,wk inc covid hosp,0,2026-08-22,55,quantile,0.65,7.0
2026-08-22,wk inc covid hosp,0,2026-08-22,55,quantile,0.7,8.0
2026-08-22,wk inc covid hosp,0,2026-08-22,55,quantile,0.75,9.0
2026-08-22,wk inc covid hosp,0,2026-08-22,55,quantile,0.8,9.0
2026-08-22,wk inc covid hosp,0,2026-08-22,55,quantile,0.85,10.0
2026-08-22,wk inc covid hosp,0,2026-08-22,55,quantile,0.9,12.0
2026-08-22,wk inc covid hosp,0,2026-08-22,55,quantile,0.95,14.0
2026-08-22,wk inc covid hosp,0,2026-08-22,55,quantile,0.975,16.0
2026-08-22,wk inc covid hosp,0,2026-08-22,55,quantile,0.99,18.0
2026-08-22,wk inc covid hosp,0,2026-08-22,56,quantile,0.01,0.0
2026-08-22,wk inc covid hosp,0,2026-08-22,56,quantile,0.025,0.0
2026-08-22,wk inc covid hosp,0,2026-08-22,56,quantile,0.05,0.0
2026-08-22,wk inc covid hosp,0,2026-08-22,56,quantile,0.1,0.0
2026-08-22,wk inc covid hosp,0,2026-08-22,56,quantile,0.15,0.0
2026-08-22,wk inc covid hosp,0,2026-08-22,56,quantile,0.2,0.0
2026-08-22,wk inc covid hosp,0,2026-08-22,56,quantile,0.25,0.0
2026-08-22,wk inc covid hosp,0,2026-08-22,56,quantile,0.3,0.0
2026-08-22,wk inc covid hosp,0,2026-08-22,56,quantile,0.35,1.0
2026-08-22,wk inc covid hosp,0,2026-08-22,56,quantile,0.4,1.0
2026-08-22,wk inc covid hosp,0,2026-08-22,56,quantile,0.45,1.0
2026-08-22,wk inc covid hosp,0,2026-08-22,56,quantile,0.5,2.0
2026-08-22,wk inc covid hosp,0,2026-08-22,56,quantile,0.55,2.0
2026-08-22,wk inc covid hosp,0,2026-08-22,56,quantile,0.6,2.0
2026-08-22,wk inc covid hosp,0,2026-08-22,56,quantile,0.65,3.0
2026-08-22,wk inc covid hosp,0,2026-08-22,56,quantile,0.7,3.0
2026-08-22,wk inc covid hosp,0,2026-08-22,56,quantile,0.75,3.0
2026-08-22,wk inc covid hosp,0,2026-08-22,56,quantile,0.8,4.0
2026-08-22,wk inc covid hosp,0,2026-08-22,56,quantile,0.85,5.0
2026-08-22,wk inc covid hosp,0,2026-08-22,56,quantile,0.9,6.0
2026-08-22,wk inc covid hosp,0,2026-08-22,56,quantile,0.95,7.0
2026-08-22,wk inc covid hosp,0,2026-08-22,56,quantile,0.975,9.0
2026-08-22,wk inc covid hosp,0,2026-08-22,56,quantile,0.99,11.0
2026-08-22,wk inc covid hosp,0,2026-08-22,72,quantile,0.01,43.0
2026-08-22,wk inc covid hosp,0,2026-08-22,72,quantile,0.025,47.0
2026-08-22,wk inc covid hosp,0,2026-08-22,72,quantile,0.05,52.0
2026-08-22,wk inc covid hosp,0,2026-08-22,72,quantile,0.1,55.0
2026-08-22,wk inc covid hosp,0,2026-08-22,72,quantile,0.15,57.0
2026-08-22,wk inc covid hosp,0,2026-08-22,72,quantile,0.2,61.0
2026-08-22,wk inc covid hosp,0,2026-08-22,72,quantile,0.25,63.0
2026-08-22,wk inc covid hosp,0,2026-08-22,72,quantile,0.3,65.0
2026-08-22,wk inc covid hosp,0,2026-08-22,72,quantile,0.35,67.0
2026-08-22,wk inc covid hosp,0,2026-08-22,72,quantile,0.4,69.0
2026-08-22,wk inc covid hosp,0,2026-08-22,72,quantile,0.45,71.0
2026-08-22,wk inc covid hosp,0,2026-08-22,72,quantile,0.5,73.0
2026-08-22,wk inc covid hosp,0,2026-08-22,72,quantile,0.55,74.0
2026-08-22,wk inc covid hosp,0,2026-08-22,72,quantile,0.6,76.0
2026-08-22,wk inc covid hosp,0,2026-08-22,72,quantile,0.65,77.0
2026-08-22,wk inc covid hosp,0,2026-08-22,72,quantile,0.7,79.0
2026-08-22,wk inc covid hosp,0,2026-08-22,72,quantile,0.75,81.0
2026-08-22,wk inc covid hosp,0,2026-08-22,72,quantile,0.8,84.0
2026-08-22,wk inc covid hosp,0,2026-08-22,72,quantile,0.85,87.0
2026-08-22,wk inc covid hosp,0,2026-08-22,72,quantile,0.9,91.0
2026-08-22,wk inc covid hosp,0,2026-08-22,72,quantile,0.95,97.0
2026-08-22,wk inc covid hosp,0,2026-08-22,72,quantile,0.975,102.0
2026-08-22,wk inc covid hosp,0,2026-08-22,72,quantile,0.99,108.0
2026-08-22,wk inc covid hosp,1,2026-08-29,01,quantile,0.01,30.0
2026-08-22,wk inc covid hosp,1,2026-08-29,01,quantile,0.025,36.0
2026-08-22,wk inc covid hosp,1,2026-08-29,01,quantile,0.05,41.0
2026-08-22,wk inc covid hosp,1,2026-08-29,01,quantile,0.1,47.0
2026-08-22,wk inc covid hosp,1,2026-08-29,01,quantile,0.15,51.0
2026-08-22,wk inc covid hosp,1,2026-08-29,01,quantile,0.2,53.0
2026-08-22,wk inc covid hosp,1,2026-08-29,01,quantile,0.25,55.0
2026-08-22,wk inc covid hosp,1,2026-08-29,01,quantile,0.3,58.0
2026-08-22,wk inc covid hosp,1,2026-08-29,01,quantile,0.35,60.0
2026-08-22,wk inc covid hosp,1,2026-08-29,01,quantile,0.4,63.0
2026-08-22,wk inc covid hosp,1,2026-08-29,01,quantile,0.45,66.0
2026-08-22,wk inc covid hosp,1,2026-08-29,01,quantile,0.5,69.0
2026-08-22,wk inc covid hosp,1,2026-08-29,01,quantile,0.55,72.0
2026-08-22,wk inc covid hosp,1,2026-08-29,01,quantile,0.6,74.0
2026-08-22,wk inc covid hosp,1,2026-08-29,01,quantile,0.65,78.0
2026-08-22,wk inc covid hosp,1,2026-08-29,01,quantile,0.7,82.0
2026-08-22,wk inc covid hosp,1,2026-08-29,01,quantile,0.75,85.0
2026-08-22,wk inc covid hosp,1,2026-08-29,01,quantile,0.8,89.0
2026-08-22,wk inc covid hosp,1,2026-08-29,01,quantile,0.85,93.0
2026-08-22,wk inc covid hosp,1,2026-08-29,01,quantile,0.9,100.0
2026-08-22,wk inc covid hosp,1,2026-08-29,01,quantile,0.95,110.0
2026-08-22,wk inc covid hosp,1,2026-08-29,01,quantile,0.975,115.0
2026-08-22,wk inc covid hosp,1,2026-08-29,01,quantile,0.99,123.0
2026-08-22,wk inc covid hosp,1,2026-08-29,02,quantile,0.01,0.0
2026-08-22,wk inc covid hosp,1,2026-08-29,02,quantile,0.025,0.0
2026-08-22,wk inc covid hosp,1,2026-08-29,02,quantile,0.05,0.0
2026-08-22,wk inc covid hosp,1,2026-08-29,02,quantile,0.1,0.0
2026-08-22,wk inc covid hosp,1,2026-08-29,02,quantile,0.15,0.0
2026-08-22,wk inc covid hosp,1,2026-08-29,02,quantile,0.2,0.0
2026-08-22,wk inc covid hosp,1,2026-08-29,02,quantile,0.25,0.0
2026-08-22,wk inc covid hosp,1,2026-08-29,02,quantile,0.3,0.0
2026-08-22,wk inc covid hosp,1,2026-08-29,02,quantile,0.35,0.0
2026-08-22,wk inc covid hosp,1,2026-08-29,02,quantile,0.4,0.0
2026-08-22,wk inc covid hosp,1,2026-08-29,02,quantile,0.45,1.0
2026-08-22,wk inc covid hosp,1,2026-08-29,02,quantile,0.5,2.0
2026-08-22,wk inc covid hosp,1,2026-08-29,02,quantile,0.55,2.0
2026-08-22,wk inc covid hosp,1,2026-08-29,02,quantile,0.6,3.0
2026-08-22,wk inc covid hosp,1,2026-08-29,02,quantile,0.65,4.0
2026-08-22,wk inc covid hosp,1,2026-08-29,02,quantile,0.7,4.0
2026-08-22,wk inc covid hosp,1,2026-08-29,02,quantile,0.75,5.0
2026-08-22,wk inc covid hosp,1,2026-08-29,02,quantile,0.8,6.0
2026-08-22,wk inc covid hosp,1,2026-08-29,02,quantile,0.85,7.0
2026-08-22,wk inc covid hosp,1,2026-08-29,02,quantile,0.9,10.0
2026-08-22,wk inc covid hosp,1,2026-08-29,02,quantile,0.95,13.0
2026-08-22,wk inc covid hosp,1,2026-08-29,02,quantile,0.975,15.0
2026-08-22,wk inc covid hosp,1,2026-08-29,02,quantile,0.99,18.0
2026-08-22,wk inc covid hosp,1,2026-08-29,04,quantile,0.01,19.0
2026-08-22,wk inc covid hosp,1,2026-08-29,04,quantile,0.025,22.0
2026-08-22,wk inc covid hosp,1,2026-08-29,04,quantile,0.05,25.0
2026-08-22,wk inc covid hosp,1,2026-08-29,04,quantile,0.1,31.0
2026-08-22,wk inc covid hosp,1,2026-08-29,04,quantile,0.15,34.0
2026-08-22,wk inc covid hosp,1,2026-08-29,04,quantile,0.2,37.0
2026-08-22,wk inc covid hosp,1,2026-08-29,04,quantile,0.25,39.0
2026-08-22,wk inc covid hosp,1,2026-08-29,04,quantile,0.3,41.0
2026-08-22,wk inc covid hosp,1,2026-08-29,04,quantile,0.35,43.0
2026-08-22,wk inc covid hosp,1,2026-08-29,04,quantile,0.4,45.0
2026-08-22,wk inc covid hosp,1,2026-08-29,04,quantile,0.45,47.0
2026-08-22,wk inc covid hosp,1,2026-08-29,04,quantile,0.5,50.0
2026-08-22,wk inc covid hosp,1,2026-08-29,04,quantile,0.55,52.0
2026-08-22,wk inc covid hosp,1,2026-08-29,04,quantile,0.6,54.0
2026-08-22,wk inc covid hosp,1,2026-08-29,04,quantile,0.65,56.0
2026-08-22,wk inc covid hosp,1,2026-08-29,04,quantile,0.7,59.0
2026-08-22,wk inc covid hosp,1,2026-08-29,04,quantile,0.75,62.0
2026-08-22,wk inc covid hosp,1,2026-08-29,04,quantile,0.8,67.0
2026-08-22,wk inc covid hosp,1,2026-08-29,04,quantile,0.85,71.0
2026-08-22,wk inc covid hosp,1,2026-08-29,04,quantile,0.9,76.0
2026-08-22,wk inc covid hosp,1,2026-08-29,04,quantile,0.95,83.0
2026-08-22,wk inc covid hosp,1,2026-08-29,04,quantile,0.975,90.0
2026-08-22,wk inc covid hosp,1,2026-08-29,04,quantile,0.99,105.0
2026-08-22,wk inc covid hosp,1,2026-08-29,05,quantile,0.01,1.0
2026-08-22,wk inc covid hosp,1,2026-08-29,05,quantile,0.025,2.0
2026-08-22,wk inc covid hosp,1,2026-08-29,05,quantile,0.05,3.0
2026-08-22,wk inc covid hosp,1,2026-08-29,05,quantile,0.1,4.0
2026-08-22,wk inc covid hosp,1,2026-08-29,05,quantile,0.15,6.0
2026-08-22,wk inc covid hosp,1,2026-08-29,05,quantile,0.2,7.0
2026-08-22,wk inc covid hosp,1,2026-08-29,05,quantile,0.25,8.0
2026-08-22,wk inc covid hosp,1,2026-08-29,05,quantile,0.3,9.0
2026-08-22,wk inc covid hosp,1,2026-08-29,05,quantile,0.35,9.0
2026-08-22,wk inc covid hosp,1,2026-08-29,05,quantile,0.4,11.0
2026-08-22,wk inc covid hosp,1,2026-08-29,05,quantile,0.45,11.0
2026-08-22,wk inc covid hosp,1,2026-08-29,05,quantile,0.5,13.0
2026-08-22,wk inc covid hosp,1,2026-08-29,05,quantile,0.55,14.0
2026-08-22,wk inc covid hosp,1,2026-08-29,05,quantile,0.6,15.0
2026-08-22,wk inc covid hosp,1,2026-08-29,05,quantile,0.65,16.0
2026-08-22,wk inc covid hosp,1,2026-08-29,05,quantile,0.7,18.0
2026-08-22,wk inc covid hosp,1,2026-08-29,05,quantile,0.75,19.0
2026-08-22,wk inc covid hosp,1,2026-08-29,05,quantile,0.8,21.0
2026-08-22,wk inc covid hosp,1,2026-08-29,05,quantile,0.85,23.0
2026-08-22,wk inc covid hosp,1,2026-08-29,05,quantile,0.9,26.0
2026-08-22,wk inc covid hosp,1,2026-08-29,05,quantile,0.95,31.0
2026-08-22,wk inc covid hosp,1,2026-08-29,05,quantile,0.975,36.0
2026-08-22,wk inc covid hosp,1,2026-08-29,05,quantile,0.99,40.0
2026-08-22,wk inc covid hosp,1,2026-08-29,06,quantile,0.01,252.0
2026-08-22,wk inc covid hosp,1,2026-08-29,06,quantile,0.025,264.0
2026-08-22,wk inc covid hosp,1,2026-08-29,06,quantile,0.05,278.0
2026-08-22,wk inc covid hosp,1,2026-08-29,06,quantile,0.1,304.0
2026-08-22,wk inc covid hosp,1,2026-08-29,06,quantile,0.15,313.0
2026-08-22,wk inc covid hosp,1,2026-08-29,06,quantile,0.2,324.0
2026-08-22,wk inc covid hosp,1,2026-08-29,06,quantile,0.25,333.0
2026-08-22,wk inc covid hosp,1,2026-08-29,06,quantile,0.3,344.0
2026-08-22,wk inc covid hosp,1,2026-08-29,06,quantile,0.35,354.0
2026-08-22,wk inc covid hosp,1,2026-08-29,06,quantile,0.4,364.0
2026-08-22,wk inc covid hosp,1,2026-08-29,06,quantile,0.45,375.0
2026-08-22,wk inc covid hosp,1,2026-08-29,06,quantile,0.5,383.0
2026-08-22,wk inc covid hosp,1,2026-08-29,06,quantile,0.55,392.0
2026-08-22,wk inc covid hosp,1,2026-08-29,06,quantile,0.6,401.0
2026-08-22,wk inc covid hosp,1,2026-08-29,06,quantile,0.65,410.0
2026-08-22,wk inc covid hosp,1,2026-08-29,06,quantile,0.7,420.0
2026-08-22,wk inc covid hosp,1,2026-08-29,06,quantile,0.75,432.0
2026-08-22,wk inc covid hosp,1,2026-08-29,06,quantile,0.8,444.0
2026-08-22,wk inc covid hosp,1,2026-08-29,06,quantile,0.85,461.0
2026-08-22,wk inc covid hosp,1,2026-08-29,06,quantile,0.9,480.0
2026-08-22,wk inc covid hosp,1,2026-08-29,06,quantile,0.95,498.0
2026-08-22,wk inc covid hosp,1,2026-08-29,06,quantile,0.975,523.0
2026-08-22,wk inc covid hosp,1,2026-08-29,06,quantile,0.99,559.0
2026-08-22,wk inc covid hosp,1,2026-08-29,08,quantile,0.01,0.0
2026-08-22,wk inc covid hosp,1,2026-08-29,08,quantile,0.025,1.0
2026-08-22,wk inc covid hosp,1,2026-08-29,08,quantile,0.05,3.0
2026-08-22,wk inc covid hosp,1,2026-08-29,08,quantile,0.1,4.0
2026-08-22,wk inc covid hosp,1,2026-08-29,08,quantile,0.15,5.0
2026-08-22,wk inc covid hosp,1,2026-08-29,08,quantile,0.2,7.0
2026-08-22,wk inc covid hosp,1,2026-08-29,08,quantile,0.25,8.0
2026-08-22,wk inc covid hosp,1,2026-08-29,08,quantile,0.3,9.0
2026-08-22,wk inc covid hosp,1,2026-08-29,08,quantile,0.35,10.0
2026-08-22,wk inc covid hosp,1,2026-08-29,08,quantile,0.4,11.0
2026-08-22,wk inc covid hosp,1,2026-08-29,08,quantile,0.45,12.0
2026-08-22,wk inc covid hosp,1,2026-08-29,08,quantile,0.5,13.0
2026-08-22,wk inc covid hosp,1,2026-08-29,08,quantile,0.55,14.0
2026-08-22,wk inc covid hosp,1,2026-08-29,08,quantile,0.6,16.0
2026-08-22,wk inc covid hosp,1,2026-08-29,08,quantile,0.65,17.0
2026-08-22,wk inc covid hosp,1,2026-08-29,08,quantile,0.7,19.0
2026-08-22,wk inc covid hosp,1,2026-08-29,08,quantile,0.75,20.0
2026-08-22,wk inc covid hosp,1,2026-08-29,08,quantile,0.8,22.0
2026-08-22,wk inc covid hosp,1,2026-08-29,08,quantile,0.85,24.0
2026-08-22,wk inc covid hosp,1,2026-08-29,08,quantile,0.9,26.0
2026-08-22,wk inc covid hosp,1,2026-08-29,08,quantile,0.95,30.0
2026-08-22,wk inc covid hosp,1,2026-08-29,08,quantile,0.975,34.0
2026-08-22,wk inc covid hosp,1,2026-08-29,08,quantile,0.99,38.0
2026-08-22,wk inc covid hosp,1,2026-08-29,09,quantile,0.01,0.0
2026-08-22,wk inc covid hosp,1,2026-08-29,09,quantile,0.025,0.0
2026-08-22,wk inc covid hosp,1,2026-08-29,09,quantile,0.05,0.0
2026-08-22,wk inc covid hosp,1,2026-08-29,09,quantile,0.1,0.0
2026-08-22,wk inc covid hosp,1,2026-08-29,09,quantile,0.15,1.0
2026-08-22,wk inc covid hosp,1,2026-08-29,09,quantile,0.2,2.0
2026-08-22,wk inc covid hosp,1,2026-08-29,09,quantile,0.25,2.0
2026-08-22,wk inc covid hosp,1,2026-08-29,09,quantile,0.3,3.0
2026-08-22,wk inc covid hosp,1,2026-08-29,09,quantile,0.35,4.0
2026-08-22,wk inc covid hosp,1,2026-08-29,09,quantile,0.4,4.0
2026-08-22,wk inc covid hosp,1,2026-08-29,09,quantile,0.45,5.0
2026-08-22,wk inc covid hosp,1,2026-08-29,09,quantile,0.5,6.0
2026-08-22,wk inc covid hosp,1,2026-08-29,09,quantile,0.55,6.0
2026-08-22,wk inc covid hosp,1,2026-08-29,09,quantile,0.6,7.0
2026-08-22,wk inc covid hosp,1,2026-08-29,09,quantile,0.65,8.0
2026-08-22,wk inc covid hosp,1,2026-08-29,09,quantile,0.7,9.0
2026-08-22,wk inc covid hosp,1,2026-08-29,09,quantile,0.75,10.0
2026-08-22,wk inc covid hosp,1,2026-08-29,09,quantile,0.8,11.0
2026-08-22,wk inc covid hosp,1,2026-08-29,09,quantile,0.85,13.0
2026-08-22,wk inc covid hosp,1,2026-08-29,09,quantile,0.9,16.0
2026-08-22,wk inc covid hosp,1,2026-08-29,09,quantile,0.95,17.0
2026-08-22,wk inc covid hosp,1,2026-08-29,09,quantile,0.975,23.0
2026-08-22,wk inc covid hosp,1,2026-08-29,09,quantile,0.99,26.0
2026-08-22,wk inc covid hosp,1,2026-08-29,10,quantile,0.01,0.0
2026-08-22,wk inc covid hosp,1,2026-08-29,10,quantile,0.025,0.0
2026-08-22,wk inc covid hosp,1,2026-08-29,10,quantile,0.05,0.0
2026-08-22,wk inc covid hosp,1,2026-08-29,10,quantile,0.1,0.0
2026-08-22,wk inc covid hosp,1,2026-08-29,10,quantile,0.15,0.0
2026-08-22,wk inc covid hosp,1,2026-08-29,10,quantile,0.2,0.0
2026-08-22,wk inc covid hosp,1,2026-08-29,10,quantile,0.25,0.0
2026-08-22,wk inc covid hosp,1,2026-08-29,10,quantile,0.3,0.0
2026-08-22,wk inc covid hosp,1,2026-08-29,10,quantile,0.35,0.0
2026-08-22,wk inc covid hosp,1,2026-08-29,10,quantile,0.4,0.0
2026-08-22,wk inc covid hosp,1,2026-08-29,10,quantile,0.45,0.0
2026-08-22,wk inc covid hosp,1,2026-08-29,10,quantile,0.5,0.0
2026-08-22,wk inc covid hosp,1,2026-08-29,10,quantile,0.55,1.0
2026-08-22,wk inc covid hosp,1,2026-08-29,10,quantile,0.6,1.0
2026-08-22,wk inc covid hosp,1,2026-08-29,10,quantile,0.65,2.0
2026-08-22,wk inc covid hosp,1,2026-08-29,10,quantile,0.7,3.0
2026-08-22,wk inc covid hosp,1,2026-08-29,10,quantile,0.75,3.0
2026-08-22,wk inc covid hosp,1,2026-08-29,10,quantile,0.8,4.0
2026-08-22,wk inc covid hosp,1,2026-08-29,10,quantile,0.85,6.0
2026-08-22,wk inc covid hosp,1,2026-08-29,10,quantile,0.9,7.0
2026-08-22,wk inc covid hosp,1,2026-08-29,10,quantile,0.95,9.0
2026-08-22,wk inc covid hosp,1,2026-08-29,10,quantile,0.975,13.0
2026-08-22,wk inc covid hosp,1,2026-08-29,10,quantile,0.99,15.0
2026-08-22,wk inc covid hosp,1,2026-08-29,11,quantile,0.01,0.0
2026-08-22,wk inc covid hosp,1,2026-08-29,11,quantile,0.025,0.0
2026-08-22,wk inc covid hosp,1,2026-08-29,11,quantile,0.05,0.0
2026-08-22,wk inc covid hosp,1,2026-08-29,11,quantile,0.1,0.0
2026-08-22,wk inc covid hosp,1,2026-08-29,11,quantile,0.15,0.0
2026-08-22,wk inc covid hosp,1,2026-08-29,11,quantile,0.2,0.0
2026-08-22,wk inc covid hosp,1,2026-08-29,11,quantile,0.25,0.0
2026-08-22,wk inc covid hosp,1,2026-08-29,11,quantile,0.3,1.0
2026-08-22,wk inc covid hosp,1,2026-08-29,11,quantile,0.35,1.0
2026-08-22,wk inc covid hosp,1,2026-08-29,11,quantile,0.4,2.0
2026-08-22,wk inc covid hosp,1,2026-08-29,11,quantile,0.45,2.0
2026-08-22,wk inc covid hosp,1,2026-08-29,11,quantile,0.5,3.0
2026-08-22,wk inc covid hosp,1,2026-08-29,11,quantile,0.55,3.0
2026-08-22,wk inc covid hosp,1,2026-08-29,11,quantile,0.6,4.0
2026-08-22,wk inc covid hosp,1,2026-08-29,11,quantile,0.65,5.0
2026-08-22,wk inc covid hosp,1,2026-08-29,11,quantile,0.7,6.0
2026-08-22,wk inc covid hosp,1,2026-08-29,11,quantile,0.75,7.0
2026-08-22,wk inc covid hosp,1,2026-08-29,11,quantile,0.8,8.0
2026-08-22,wk inc covid hosp,1,2026-08-29,11,quantile,0.85,10.0
2026-08-22,wk inc covid hosp,1,2026-08-29,11,quantile,0.9,11.0
2026-08-22,wk inc covid hosp,1,2026-08-29,11,quantile,0.95,14.0
2026-08-22,wk inc covid hosp,1,2026-08-29,11,quantile,0.975,16.0
2026-08-22,wk inc covid hosp,1,2026-08-29,11,quantile,0.99,20.0
2026-08-22,wk inc covid hosp,1,2026-08-29,12,quantile,0.01,217.0
2026-08-22,wk inc covid hosp,1,2026-08-29,12,quantile,0.025,230.0
2026-08-22,wk inc covid hosp,1,2026-08-29,12,quantile,0.05,247.0
2026-08-22,wk inc covid hosp,1,2026-08-29,12,quantile,0.1,269.0
2026-08-22,wk inc covid hosp,1,2026-08-29,12,quantile,0.15,279.0
2026-08-22,wk inc covid hosp,1,2026-08-29,12,quantile,0.2,291.0
2026-08-22,wk inc covid hosp,1,2026-08-29,12,quantile,0.25,299.0
2026-08-22,wk inc covid hosp,1,2026-08-29,12,quantile,0.3,305.0
2026-08-22,wk inc covid hosp,1,2026-08-29,12,quantile,0.35,317.0
2026-08-22,wk inc covid hosp,1,2026-08-29,12,quantile,0.4,325.0
2026-08-22,wk inc covid hosp,1,2026-08-29,12,quantile,0.45,331.0
2026-08-22,wk inc covid hosp,1,2026-08-29,12,quantile,0.5,337.0
2026-08-22,wk inc covid hosp,1,2026-08-29,12,quantile,0.55,345.0
2026-08-22,wk inc covid hosp,1,2026-08-29,12,quantile,0.6,354.0
2026-08-22,wk inc covid hosp,1,2026-08-29,12,quantile,0.65,360.0
2026-08-22,wk inc covid hosp,1,2026-08-29,12,quantile,0.7,372.0
2026-08-22,wk inc covid hosp,1,2026-08-29,12,quantile,0.75,380.0
2026-08-22,wk inc covid hosp,1,2026-08-29,12,quantile,0.8,392.0
2026-08-22,wk inc covid hosp,1,2026-08-29,12,quantile,0.85,407.0
2026-08-22,wk inc covid hosp,1,2026-08-29,12,quantile,0.9,424.0
2026-08-22,wk inc covid hosp,1,2026-08-29,12,quantile,0.95,447.0
2026-08-22,wk inc covid hosp,1,2026-08-29,12,quantile,0.975,465.0
2026-08-22,wk inc covid hosp,1,2026-08-29,12,quantile,0.99,498.0
2026-08-22,wk inc covid hosp,1,2026-08-29,13,quantile,0.01,38.0
2026-08-22,wk inc covid hosp,1,2026-08-29,13,quantile,0.025,43.0
2026-08-22,wk inc covid hosp,1,2026-08-29,13,quantile,0.05,46.0
2026-08-22,wk inc covid hosp,1,2026-08-29,13,quantile,0.1,51.0
2026-08-22,wk inc covid hosp,1,2026-08-29,13,quantile,0.15,56.0
2026-08-22,wk inc covid hosp,1,2026-08-29,13,quantile,0.2,61.0
2026-08-22,wk inc covid hosp,1,2026-08-29,13,quantile,0.25,65.0
2026-08-22,wk inc covid hosp,1,2026-08-29,13,quantile,0.3,68.0
2026-08-22,wk inc covid hosp,1,2026-08-29,13,quantile,0.35,71.0
2026-08-22,wk inc covid hosp,1,2026-08-29,13,quantile,0.4,73.0
2026-08-22,wk inc covid hosp,1,2026-08-29,13,quantile,0.45,76.0
2026-08-22,wk inc covid hosp,1,2026-08-29,13,quantile,0.5,80.0
2026-08-22,wk inc covid hosp,1,2026-08-29,13,quantile,0.55,83.0
2026-08-22,wk inc covid hosp,1,2026-08-29,13,quantile,0.6,86.0
2026-08-22,wk inc covid hosp,1,2026-08-29,13,quantile,0.65,89.0
2026-08-22,wk inc covid hosp,1,2026-08-29,13,quantile,0.7,94.0
2026-08-22,wk inc covid hosp,1,2026-08-29,13,quantile,0.75,98.0
2026-08-22,wk inc covid hosp,1,2026-08-29,13,quantile,0.8,102.0
2026-08-22,wk inc covid hosp,1,2026-08-29,13,quantile,0.85,108.0
2026-08-22,wk inc covid hosp,1,2026-08-29,13,quantile,0.9,114.0
2026-08-22,wk inc covid hosp,1,2026-08-29,13,quantile,0.95,126.0
2026-08-22,wk inc covid hosp,1,2026-08-29,13,quantile,0.975,141.0
2026-08-22,wk inc covid hosp,1,2026-08-29,13,quantile,0.99,148.0
2026-08-22,wk inc covid hosp,1,2026-08-29,15,quantile,0.01,4.0
2026-08-22,wk inc covid hosp,1,2026-08-29,15,quantile,0.025,5.0
2026-08-22,wk inc covid hosp,1,2026-08-29,15,quantile,0.05,6.0
2026-08-22,wk inc covid hosp,1,2026-08-29,15,quantile,0.1,9.0
2026-08-22,wk inc covid hosp,1,2026-08-29,15,quantile,0.15,11.0
2026-08-22,wk inc covid hosp,1,2026-08-29,15,quantile,0.2,12.0
2026-08-22,wk inc covid hosp,1,2026-08-29,15,quantile,0.25,14.0
2026-08-22,wk inc covid hosp,1,2026-08-29,15,quantile,0.3,15.0
2026-08-22,wk inc covid hosp,1,2026-08-29,15,quantile,0.35,17.0
2026-08-22,wk inc covid hosp,1,2026-08-29,15,quantile,0.4,18.0
2026-08-22,wk inc covid hosp,1,2026-08-29,15,quantile,0.45,20.0
2026-08-22,wk inc covid hosp,1,2026-08-29,15,quantile,0.5,21.0
2026-08-22,wk inc covid hosp,1,2026-08-29,15,quantile,0.55,22.0
2026-08-22,wk inc covid hosp,1,2026-08-29,15,quantile,0.6,25.0
2026-08-22,wk inc covid hosp,1,2026-08-29,15,quantile,0.65,26.0
2026-08-22,wk inc covid hosp,1,2026-08-29,15,quantile,0.7,28.0
2026-08-22,wk inc covid hosp,1,2026-08-29,15,quantile,0.75,31.0
2026-08-22,wk inc covid hosp,1,2026-08-29,15,quantile,0.8,33.0
2026-08-22,wk inc covid hosp,1,2026-08-29,15,quantile,0.85,35.0
2026-08-22,wk inc covid hosp,1,2026-08-29,15,quantile,0.9,39.0
2026-08-22,wk inc covid hosp,1,2026-08-29,15,quantile,0.95,45.0
2026-08-22,wk inc covid hosp,1,2026-08-29,15,quantile,0.975,52.0
2026-08-22,wk inc covid hosp,1,2026-08-29,15,quantile,0.99,58.0
2026-08-22,wk inc covid hosp,1,2026-08-29,16,quantile,0.01,0.0
2026-08-22,wk inc covid hosp,1,2026-08-29,16,quantile,0.025,0.0
2026-08-22,wk inc covid hosp,1,2026-08-29,16,quantile,0.05,0.0
2026-08-22,wk inc covid hosp,1,2026-08-29,16,quantile,0.1,0.0
2026-08-22,wk inc covid hosp,1,2026-08-29,16,quantile,0.15,1.0
2026-08-22,wk inc covid hosp,1,2026-08-29,16,quantile,0.2,2.0
2026-08-22,wk inc covid hosp,1,2026-08-29,16,quantile,0.25,2.0
2026-08-22,wk inc covid hosp,1,2026-08-29,16,quantile,0.3,3.0
2026-08-22,wk inc covid hosp,1,2026-08-29,16,quantile,0.35,4.0
2026-08-22,wk inc covid hosp,1,2026-08-29,16,quantile,0.4,5.0
2026-08-22,wk inc covid hosp,1,2026-08-29,16,quantile,0.45,6.0
2026-08-22,wk inc covid hosp,1,2026-08-29,16,quantile,0.5,6.0
2026-08-22,wk inc covid hosp,1,2026-08-29,16,quantile,0.55,7.0
2026-08-22,wk inc covid hosp,1,2026-08-29,16,quantile,0.6,8.0
2026-08-22,wk inc covid hosp,1,2026-08-29,16,quantile,0.65,9.0
2026-08-22,wk inc covid hosp,1,2026-08-29,16,quantile,0.7,11.0
2026-08-22,wk inc covid hosp,1,2026-08-29,16,quantile,0.75,12.0
2026-08-22,wk inc covid hosp,1,2026-08-29,16,quantile,0.8,14.0
2026-08-22,wk inc covid hosp,1,2026-08-29,16,quantile,0.85,16.0
2026-08-22,wk inc covid hosp,1,2026-08-29,16,quantile,0.9,18.0
2026-08-22,wk inc covid hosp,1,2026-08-29,16,quantile,0.95,23.0
2026-08-22,wk inc covid hosp,1,2026-08-29,16,quantile,0.975,28.0
2026-08-22,wk inc covid hosp,1,2026-08-29,16,quantile,0.99,38.0
2026-08-22,wk inc covid hosp,1,2026-08-29,17,quantile,0.01,8.0
2026-08-22,wk inc covid hosp,1,2026-08-29,17,quantile,0.025,11.0
2026-08-22,wk inc covid hosp,1,2026-08-29,17,quantile,0.05,14.0
2026-08-22,wk inc covid hosp,1,2026-08-29,17,quantile,0.1,19.0
2026-08-22,wk inc covid hosp,1,2026-08-29,17,quantile,0.15,21.0
2026-08-22,wk inc covid hosp,1,2026-08-29,17,quantile,0.2,24.0
2026-08-22,wk inc covid hosp,1,2026-08-29,17,quantile,0.25,26.0
2026-08-22,wk inc covid hosp,1,2026-08-29,17,quantile,0.3,27.0
2026-08-22,wk inc covid hosp,1,2026-08-29,17,quantile,0.35,29.0
2026-08-22,wk inc covid hosp,1,2026-08-29,17,quantile,0.4,31.0
2026-08-22,wk inc covid hosp,1,2026-08-29,17,quantile,0.45,32.0
2026-08-22,wk inc covid hosp,1,2026-08-29,17,quantile,0.5,34.0
2026-08-22,wk inc covid hosp,1,2026-08-29,17,quantile,0.55,36.0
2026-08-22,wk inc covid hosp,1,2026-08-29,17,quantile,0.6,37.0
2026-08-22,wk inc covid hosp,1,2026-08-29,17,quantile,0.65,39.0
2026-08-22,wk inc covid hosp,1,2026-08-29,17,quantile,0.7,42.0
2026-08-22,wk inc covid hosp,1,2026-08-29,17,quantile,0.75,44.0
2026-08-22,wk inc covid hosp,1,2026-08-29,17,quantile,0.8,47.0
2026-08-22,wk inc covid hosp,1,2026-08-29,17,quantile,0.85,49.0
2026-08-22,wk inc covid hosp,1,2026-08-29,17,quantile,0.9,54.0
2026-08-22,wk inc covid hosp,1,2026-08-29,17,quantile,0.95,59.0
2026-08-22,wk inc covid hosp,1,2026-08-29,17,quantile,0.975,65.0
2026-08-22,wk inc covid hosp,1,2026-08-29,17,quantile,0.99,71.0
2026-08-22,wk inc covid hosp,1,2026-08-29,18,quantile,0.01,3.0
2026-08-22,wk inc covid hosp,1,2026-08-29,18,quantile,0.025,4.0
2026-08-22,wk inc covid hosp,1,2026-08-29,18,quantile,0.05,7.0
2026-08-22,wk inc covid hosp,1,2026-08-29,18,quantile,0.1,10.0
2026-08-22,wk inc covid hosp,1,2026-08-29,18,quantile,0.15,12.0
2026-08-22,wk inc covid hosp,1,2026-08-29,18,quantile,0.2,14.0
2026-08-22,wk inc covid hosp,1,2026-08-29,18,quantile,0.25,16.0
2026-08-22,wk inc covid hosp,1,2026-08-29,18,quantile,0.3,18.0
2026-08-22,wk inc covid hosp,1,2026-08-29,18,quantile,0.35,19.0
2026-08-22,wk inc covid hosp,1,2026-08-29,18,quantile,0.4,20.0
2026-08-22,wk inc covid hosp,1,2026-08-29,18,quantile,0.45,21.0
2026-08-22,wk inc covid hosp,1,2026-08-29,18,quantile,0.5,24.0
2026-08-22,wk inc covid hosp,1,2026-08-29,18,quantile,0.55,25.0
2026-08-22,wk inc covid hosp,1,2026-08-29,18,quantile,0.6,27.0
2026-08-22,wk inc covid hosp,1,2026-08-29,18,quantile,0.65,28.0
2026-08-22,wk inc covid hosp,1,2026-08-29,18,quantile,0.7,30.0
2026-08-22,wk inc covid hosp,1,2026-08-29,18,quantile,0.75,32.0
2026-08-22,wk inc covid hosp,1,2026-08-29,18,quantile,0.8,34.0
2026-08-22,wk inc covid hosp,1,2026-08-29,18,quantile,0.85,37.0
2026-08-22,wk inc covid hosp,1,2026-08-29,18,quantile,0.9,41.0
2026-08-22,wk inc covid hosp,1,2026-08-29,18,quantile,0.95,48.0
2026-08-22,wk inc covid hosp,1,2026-08-29,18,quantile,0.975,55.0
2026-08-22,wk inc covid hosp,1,2026-08-29,18,quantile,0.99,60.0
2026-08-22,wk inc covid hosp,1,2026-08-29,19,quantile,0.01,0.0
2026-08-22,wk inc covid hosp,1,2026-08-29,19,quantile,0.025,0.0
2026-08-22,wk inc covid hosp,1,2026-08-29,19,quantile,0.05,0.0
2026-08-22,wk inc covid hosp,1,2026-08-29,19,quantile,0.1,0.0
2026-08-22,wk inc covid hosp,1,2026-08-29,19,quantile,0.15,0.0
2026-08-22,wk inc covid hosp,1,2026-08-29,19,quantile,0.2,0.0
2026-08-22,wk inc covid hosp,1,2026-08-29,19,quantile,0.25,1.0
2026-08-22,wk inc covid hosp,1,2026-08-29,19,quantile,0.3,1.0
2026-08-22,wk inc covid hosp,1,2026-08-29,19,quantile,0.35,1.0
2026-08-22,wk inc covid hosp,1,2026-08-29,19,quantile,0.4,2.0
2026-08-22,wk inc covid hosp,1,2026-08-29,19,quantile,0.45,2.0
2026-08-22,wk inc covid hosp,1,2026-08-29,19,quantile,0.5,3.0
2026-08-22,wk inc covid hosp,1,2026-08-29,19,quantile,0.55,4.0
2026-08-22,wk inc covid hosp,1,2026-08-29,19,quantile,0.6,4.0
2026-08-22,wk inc covid hosp,1,2026-08-29,19,quantile,0.65,5.0
2026-08-22,wk inc covid hosp,1,2026-08-29,19,quantile,0.7,5.0
2026-08-22,wk inc covid hosp,1,2026-08-29,19,quantile,0.75,6.0
2026-08-22,wk inc covid hosp,1,2026-08-29,19,quantile,0.8,7.0
2026-08-22,wk inc covid hosp,1,2026-08-29,19,quantile,0.85,9.0
2026-08-22,wk inc covid hosp,1,2026-08-29,19,quantile,0.9,12.0
2026-08-22,wk inc covid hosp,1,2026-08-29,19,quantile,0.95,15.0
2026-08-22,wk inc covid hosp,1,2026-08-29,19,quantile,0.975,19.0
2026-08-22,wk inc covid hosp,1,2026-08-29,19,quantile,0.99,23.0
2026-08-22,wk inc covid hosp,1,2026-08-29,20,quantile,0.01,0.0
2026-08-22,wk inc covid hosp,1,2026-08-29,20,quantile,0.025,0.0
2026-08-22,wk inc covid hosp,1,2026-08-29,20,quantile,0.05,0.0
2026-08-22,wk inc covid hosp,1,2026-08-29,20,quantile,0.1,0.0
2026-08-22,wk inc covid hosp,1,2026-08-29,20,quantile,0.15,0.0
2026-08-22,wk inc covid hosp,1,2026-08-29,20,quantile,0.2,1.0
2026-08-22,wk inc covid hosp,1,2026-08-29,20,quantile,0.25,1.0
2026-08-22,wk inc covid hosp,1,2026-08-29,20,quantile,0.3,2.0
2026-08-22,wk inc covid hosp,1,2026-08-29,20,quantile,0.35,2.0
2026-08-22,wk inc covid hosp,1,2026-08-29,20,quantile,0.4,3.0
2026-08-22,wk inc covid hosp,1,2026-08-29,20,quantile,0.45,3.0
2026-08-22,wk inc covid hosp,1,2026-08-29,20,quantile,0.5,4.0
2026-08-22,wk inc covid hosp,1,2026-08-29,20,quantile,0.55,4.0
2026-08-22,wk inc covid hosp,1,2026-08-29,20,quantile,0.6,5.0
2026-08-22,wk inc covid hosp,1,2026-08-29,20,quantile,0.65,6.0
2026-08-22,wk inc covid hosp,1,2026-08-29,20,quantile,0.7,7.0
2026-08-22,wk inc covid hosp,1,2026-08-29,20,quantile,0.75,7.0
2026-08-22,wk inc covid hosp,1,2026-08-29,20,quantile,0.8,8.0
2026-08-22,wk inc covid hosp,1,2026-08-29,20,quantile,0.85,10.0
2026-08-22,wk inc covid hosp,1,2026-08-29,20,quantile,0.9,12.0
2026-08-22,wk inc covid hosp,1,2026-08-29,20,quantile,0.95,16.0
2026-08-22,wk inc covid hosp,1,2026-08-29,20,quantile,0.975,18.0
2026-08-22,wk inc covid hosp,1,2026-08-29,20,quantile,0.99,23.0
2026-08-22,wk inc covid hosp,1,2026-08-29,21,quantile,0.01,1.0
2026-08-22,wk inc covid hosp,1,2026-08-29,21,quantile,0.025,2.0
2026-08-22,wk inc covid hosp,1,2026-08-29,21,quantile,0.05,3.0
2026-08-22,wk inc covid hosp,1,2026-08-29,21,quantile,0.1,5.0
2026-08-22,wk inc covid hosp,1,2026-08-29,21,quantile,0.15,7.0
2026-08-22,wk inc covid hosp,1,2026-08-29,21,quantile,0.2,8.0
2026-08-22,wk inc covid hosp,1,2026-08-29,21,quantile,0.25,9.0
2026-08-22,wk inc covid hosp,1,2026-08-29,21,quantile,0.3,10.0
2026-08-22,wk inc covid hosp,1,2026-08-29,21,quantile,0.35,11.0
2026-08-22,wk inc covid hosp,1,2026-08-29,21,quantile,0.4,13.0
2026-08-22,wk inc covid hosp,1,2026-08-29,21,quantile,0.45,14.0
2026-08-22,wk inc covid hosp,1,2026-08-29,21,quantile,0.5,15.0
2026-08-22,wk inc covid hosp,1,2026-08-29,21,quantile,0.55,16.0
2026-08-22,wk inc covid hosp,1,2026-08-29,21,quantile,0.6,17.0
2026-08-22,wk inc covid hosp,1,2026-08-29,21,quantile,0.65,19.0
2026-08-22,wk inc covid hosp,1,2026-08-29,21,quantile,0.7,20.0
2026-08-22,wk inc covid hosp,1,2026-08-29,21,quantile,0.75,22.0
2026-08-22,wk inc covid hosp,1,2026-08-29,21,quantile,0.8,24.0
2026-08-22,wk inc covid hosp,1,2026-08-29,21,quantile,0.85,27.0
2026-08-22,wk inc covid hosp,1,2026-08-29,21,quantile,0.9,30.0
2026-08-22,wk inc covid hosp,1,2026-08-29,21,quantile,0.95,36.0
2026-08-22,wk inc covid hosp,1,2026-08-29,21,quantile,0.975,40.0
2026-08-22,wk inc covid hosp,1,2026-08-29,21,quantile,0.99,45.0
2026-08-22,wk inc covid hosp,1,2026-08-29,22,quantile,0.01,11.0
2026-08-22,wk inc covid hosp,1,2026-08-29,22,quantile,0.025,14.0
2026-08-22,wk inc covid hosp,1,2026-08-29,22,quantile,0.05,16.0
2026-08-22,wk inc covid hosp,1,2026-08-29,22,quantile,0.1,20.0
2026-08-22,wk inc covid hosp,1,2026-08-29,22,quantile,0.15,23.0
2026-08-22,wk inc covid hosp,1,2026-08-29,22,quantile,0.2,25.0
2026-08-22,wk inc covid hosp,1,2026-08-29,22,quantile,0.25,27.0
2026-08-22,wk inc covid hosp,1,2026-08-29,22,quantile,0.3,28.0
2026-08-22,wk inc covid hosp,1,2026-08-29,22,quantile,0.35,30.0
2026-08-22,wk inc covid hosp,1,2026-08-29,22,quantile,0.4,32.0
2026-08-22,wk inc covid hosp,1,2026-08-29,22,quantile,0.45,34.0
2026-08-22,wk inc covid hosp,1,2026-08-29,22,quantile,0.5,37.0
2026-08-22,wk inc covid hosp,1,2026-08-29,22,quantile,0.55,39.0
2026-08-22,wk inc covid hosp,1,2026-08-29,22,quantile,0.6,40.0
2026-08-22,wk inc covid hosp,1,2026-08-29,22,quantile,0.65,42.0
2026-08-22,wk inc covid hosp,1,2026-08-29,22,quantile,0.7,44.0
2026-08-22,wk inc covid hosp,1,2026-08-29,22,quantile,0.75,46.0
2026-08-22,wk inc covid hosp,1,2026-08-29,22,quantile,0.8,49.0
2026-08-22,wk inc covid hosp,1,2026-08-29,22,quantile,0.85,53.0
2026-08-22,wk inc covid hosp,1,2026-08-29,22,quantile,0.9,58.0
2026-08-22,wk inc covid hosp,1,2026-08-29,22,quantile,0.95,67.0
2026-08-22,wk inc covid hosp,1,2026-08-29,22,quantile,0.975,74.0
2026-08-22,wk inc covid hosp,1,2026-08-29,22,quantile,0.99,85.0
2026-08-22,wk inc covid hosp,1,2026-08-29,23,quantile,0.01,0.0
2026-08-22,wk inc covid hosp,1,2026-08-29,23,quantile,0.025,0.0
2026-08-22,wk inc covid hosp,1,2026-08-29,23,quantile,0.05,0.0
2026-08-22,wk inc covid hosp,1,2026-08-29,23,quantile,0.1,0.0
2026-08-22,wk inc covid hosp,1,2026-08-29,23,quantile,0.15,0.0
2026-08-22,wk inc covid hosp,1,2026-08-29,23,quantile,0.2,0.0
2026-08-22,wk inc covid hosp,1,2026-08-29,23,quantile,0.25,0.0
2026-08-22,wk inc covid hosp,1,2026-08-29,23,quantile,0.3,0.0
2026-08-22,wk inc covid hosp,1,2026-08-29,23,quantile,0.35,0.0
2026-08-22,wk inc covid hosp,1,2026-08-29,23,quantile,0.4,0.0
2026-08-22,wk inc covid hosp,1,2026-08-29,23,quantile,0.45,0.0
2026-08-22,wk inc covid hosp,1,2026-08-29,23,quantile,0.5,0.0
2026-08-22,wk inc covid hosp,1,2026-08-29,23,quantile,0.55,0.0
2026-08-22,wk inc covid hosp,1,2026-08-29,23,quantile,0.6,0.0
2026-08-22,wk inc covid hosp,1,2026-08-29,23,quantile,0.65,1.0
2026-08-22,wk inc covid hosp,1,2026-08-29,23,quantile,0.7,1.0
2026-08-22,wk inc covid hosp,1,2026-08-29,23,quantile,0.75,2.0
2026-08-22,wk inc covid hosp,1,2026-08-29,23,quantile,0.8,2.0
2026-08-22,wk inc covid hosp,1,2026-08-29,23,quantile,0.85,3.0
2026-08-22,wk inc covid hosp,1,2026-08-29,23,quantile,0.9,4.0
2026-08-22,wk inc covid hosp,1,2026-08-29,23,quantile,0.95,6.0
2026-08-22,wk inc covid hosp,1,2026-08-29,23,quantile,0.975,8.0
2026-08-22,wk inc covid hosp,1,2026-08-29,23,quantile,0.99,10.0
2026-08-22,wk inc covid hosp,1,2026-08-29,24,quantile,0.01,2.0
2026-08-22,wk inc covid hosp,1,2026-08-29,24,quantile,0.025,3.0
2026-08-22,wk inc covid hosp,1,2026-08-29,24,quantile,0.05,4.0
2026-08-22,wk inc covid hosp,1,2026-08-29,24,quantile,0.1,6.0
2026-08-22,wk inc covid hosp,1,2026-08-29,24,quantile,0.15,7.0
2026-08-22,wk inc covid hosp,1,2026-08-29,24,quantile,0.2,9.0
2026-08-22,wk inc covid hosp,1,2026-08-29,24,quantile,0.25,10.0
2026-08-22,wk inc covid hosp,1,2026-08-29,24,quantile,0.3,12.0
2026-08-22,wk inc covid hosp,1,2026-08-29,24,quantile,0.35,13.0
2026-08-22,wk inc covid hosp,1,2026-08-29,24,quantile,0.4,14.0
2026-08-22,wk inc covid hosp,1,2026-08-29,24,quantile,0.45,16.0
2026-08-22,wk inc covid hosp,1,2026-08-29,24,quantile,0.5,17.0
2026-08-22,wk inc covid hosp,1,2026-08-29,24,quantile,0.55,18.0
2026-08-22,wk inc covid hosp,1,2026-08-29,24,quantile,0.6,19.0
2026-08-22,wk inc covid hosp,1,2026-08-29,24,quantile,0.65,21.0
2026-08-22,wk inc covid hosp,1,2026-08-29,24,quantile,0.7,23.0
2026-08-22,wk inc covid hosp,1,2026-08-29,24,quantile,0.75,25.0
2026-08-22,wk inc covid hosp,1,2026-08-29,24,quantile,0.8,27.0
2026-08-22,wk inc covid hosp,1,2026-08-29,24,quantile,0.85,29.0
2026-08-22,wk inc covid hosp,1,2026-08-29,24,quantile,0.9,32.0
2026-08-22,wk inc covid hosp,1,2026-08-29,24,quantile,0.95,39.0
2026-08-22,wk inc covid hosp,1,2026-08-29,24,quantile,0.975,44.0
2026-08-22,wk inc covid hosp,1,2026-08-29,24,quantile,0.99,49.0
2026-08-22,wk inc covid hosp,1,2026-08-29,25,quantile,0.01,7.0
2026-08-22,wk inc covid hosp,1,2026-08-29,25,quantile,0.025,11.0
2026-08-22,wk inc covid hosp,1,2026-08-29,25,quantile,0.05,13.0
2026-08-22,wk inc covid hosp,1,2026-08-29,25,quantile,0.1,16.0
2026-08-22,wk inc covid hosp,1,2026-08-29,25,quantile,0.15,18.0
2026-08-22,wk inc covid hosp,1,2026-08-29,25,quantile,0.2,21.0
2026-08-22,wk inc covid hosp,1,2026-08-29,25,quantile,0.25,23.0
2026-08-22,wk inc covid hosp,1,2026-08-29,25,quantile,0.3,25.0
2026-08-22,wk inc covid hosp,1,2026-08-29,25,quantile,0.35,26.0
2026-08-22,wk inc covid hosp,1,2026-08-29,25,quantile,0.4,28.0
2026-08-22,wk inc covid hosp,1,2026-08-29,25,quantile,0.45,30.0
2026-08-22,wk inc covid hosp,1,2026-08-29,25,quantile,0.5,31.0
2026-08-22,wk inc covid hosp,1,2026-08-29,25,quantile,0.55,33.0
2026-08-22,wk inc covid hosp,1,2026-08-29,25,quantile,0.6,35.0
2026-08-22,wk inc covid hosp,1,2026-08-29,25,quantile,0.65,38.0
2026-08-22,wk inc covid hosp,1,2026-08-29,25,quantile,0.7,41.0
2026-08-22,wk inc covid hosp,1,2026-08-29,25,quantile,0.75,44.0
2026-08-22,wk inc covid hosp,1,2026-08-29,25,quantile,0.8,46.0
2026-08-22,wk inc covid hosp,1,2026-08-29,25,quantile,0.85,49.0
2026-08-22,wk inc covid hosp,1,2026-08-29,25,quantile,0.9,53.0
2026-08-22,wk inc covid hosp,1,2026-08-29,25,quantile,0.95,62.0
2026-08-22,wk inc covid hosp,1,2026-08-29,25,quantile,0.975,72.0
2026-08-22,wk inc covid hosp,1,2026-08-29,25,quantile,0.99,86.0
2026-08-22,wk inc covid hosp,1,2026-08-29,26,quantile,0.01,3.0
2026-08-22,wk inc covid hosp,1,2026-08-29,26,quantile,0.025,4.0
2026-08-22,wk inc covid hosp,1,2026-08-29,26,quantile,0.05,5.0
2026-08-22,wk inc covid hosp,1,2026-08-29,26,quantile,0.1,8.0
2026-08-22,wk inc covid hosp,1,2026-08-29,26,quantile,0.15,10.0
2026-08-22,wk inc covid hosp,1,2026-08-29,26,quantile,0.2,12.0
2026-08-22,wk inc covid hosp,1,2026-08-29,26,quantile,0.25,13.0
2026-08-22,wk inc covid hosp,1,2026-08-29,26,quantile,0.3,15.0
2026-08-22,wk inc covid hosp,1,2026-08-29,26,quantile,0.35,16.0
2026-08-22,wk inc covid hosp,1,2026-08-29,26,quantile,0.4,17.0
2026-08-22,wk inc covid hosp,1,2026-08-29,26,quantile,0.45,18.0
2026-08-22,wk inc covid hosp,1,2026-08-29,26,quantile,0.5,20.0
2026-08-22,wk inc covid hosp,1,2026-08-29,26,quantile,0.55,21.0
2026-08-22,wk inc covid hosp,1,2026-08-29,26,quantile,0.6,23.0
2026-08-22,wk inc covid hosp,1,2026-08-29,26,quantile,0.65,25.0
2026-08-22,wk inc covid hosp,1,2026-08-29,26,quantile,0.7,27.0
2026-08-22,wk inc covid hosp,1,2026-08-29,26,quantile,0.75,28.0
2026-08-22,wk inc covid hosp,1,2026-08-29,26,quantile,0.8,30.0
2026-08-22,wk inc covid hosp,1,2026-08-29,26,quantile,0.85,33.0
2026-08-22,wk inc covid hosp,1,2026-08-29,26,quantile,0.9,37.0
2026-08-22,wk inc covid hosp,1,2026-08-29,26,quantile,0.95,43.0
2026-08-22,wk inc covid hosp,1,2026-08-29,26,quantile,0.975,48.0
2026-08-22,wk inc covid hosp,1,2026-08-29,26,quantile,0.99,53.0
2026-08-22,wk inc covid hosp,1,2026-08-29,27,quantile,0.01,0.0
2026-08-22,wk inc covid hosp,1,2026-08-29,27,quantile,0.025,1.0
2026-08-22,wk inc covid hosp,1,2026-08-29,27,quantile,0.05,1.0
2026-08-22,wk inc covid hosp,1,2026-08-29,27,quantile,0.1,2.0
2026-08-22,wk inc covid hosp,1,2026-08-29,27,quantile,0.15,3.0
2026-08-22,wk inc covid hosp,1,2026-08-29,27,quantile,0.2,4.0
2026-08-22,wk inc covid hosp,1,2026-08-29,27,quantile,0.25,5.0
2026-08-22,wk inc covid hosp,1,2026-08-29,27,quantile,0.3,6.0
2026-08-22,wk inc covid hosp,1,2026-08-29,27,quantile,0.35,7.0
2026-08-22,wk inc covid hosp,1,2026-08-29,27,quantile,0.4,8.0
2026-08-22,wk inc covid hosp,1,2026-08-29,27,quantile,0.45,8.0
2026-08-22,wk inc covid hosp,1,2026-08-29,27,quantile,0.5,10.0
2026-08-22,wk inc covid hosp,1,2026-08-29,27,quantile,0.55,11.0
2026-08-22,wk inc covid hosp,1,2026-08-29,27,quantile,0.6,11.0
2026-08-22,wk inc covid hosp,1,2026-08-29,27,quantile,0.65,13.0
2026-08-22,wk inc covid hosp,1,2026-08-29,27,quantile,0.7,14.0
2026-08-22,wk inc covid hosp,1,2026-08-29,27,quantile,0.75,16.0
2026-08-22,wk inc covid hosp,1,2026-08-29,27,quantile,0.8,17.0
2026-08-22,wk inc covid hosp,1,2026-08-29,27,quantile,0.85,19.0
2026-08-22,wk inc covid hosp,1,2026-08-29,27,quantile,0.9,22.0
2026-08-22,wk inc covid hosp,1,2026-08-29,27,quantile,0.95,27.0
2026-08-22,wk inc covid hosp,1,2026-08-29,27,quantile,0.975,30.0
2026-08-22,wk inc covid hosp,1,2026-08-29,27,quantile,0.99,33.0
2026-08-22,wk inc covid hosp,1,2026-08-29,28,quantile,0.01,11.0
2026-08-22,wk inc covid hosp,1,2026-08-29,28,quantile,0.025,14.0
2026-08-22,wk inc covid hosp,1,2026-08-29,28,quantile,0.05,17.0
2026-08-22,wk inc covid hosp,1,2026-08-29,28,quantile,0.1,20.0
2026-08-22,wk inc covid hosp,1,2026-08-29,28,quantile,0.15,22.0
2026-08-22,wk inc covid hosp,1,2026-08-29,28,quantile,0.2,25.0
2026-08-22,wk inc covid hosp,1,2026-08-29,28,quantile,0.25,27.0
2026-08-22,wk inc covid hosp,1,2026-08-29,28,quantile,0.3,29.0
2026-08-22,wk inc covid hosp,1,2026-08-29,28,quantile,0.35,31.0
2026-08-22,wk inc covid hosp,1,2026-08-29,28,quantile,0.4,33.0
2026-08-22,wk inc covid hosp,1,2026-08-29,28,quantile,0.45,35.0
2026-08-22,wk inc covid hosp,1,2026-08-29,28,quantile,0.5,37.0
2026-08-22,wk inc covid hosp,1,2026-08-29,28,quantile,0.55,38.0
2026-08-22,wk inc covid hosp,1,2026-08-29,28,quantile,0.6,41.0
2026-08-22,wk inc covid hosp,1,2026-08-29,28,quantile,0.65,43.0
2026-08-22,wk inc covid hosp,1,2026-08-29,28,quantile,0.7,45.0
2026-08-22,wk inc covid hosp,1,2026-08-29,28,quantile,0.75,48.0
2026-08-22,wk inc covid hosp,1,2026-08-29,28,quantile,0.8,50.0
2026-08-22,wk inc covid hosp,1,2026-08-29,28,quantile,0.85,53.0
2026-08-22,wk inc covid hosp,1,2026-08-29,28,quantile,0.9,58.0
2026-08-22,wk inc covid hosp,1,2026-08-29,28,quantile,0.95,66.0
2026-08-22,wk inc covid hosp,1,2026-08-29,28,quantile,0.975,73.0
2026-08-22,wk inc covid hosp,1,2026-08-29,28,quantile,0.99,88.0
2026-08-22,wk inc covid hosp,1,2026-08-29,29,quantile,0.01,3.0
2026-08-22,wk inc covid hosp,1,2026-08-29,29,quantile,0.025,5.0
2026-08-22,wk inc covid hosp,1,2026-08-29,29,quantile,0.05,7.0
2026-08-22,wk inc covid hosp,1,2026-08-29,29,quantile,0.1,8.0
2026-08-22,wk inc covid hosp,1,2026-08-29,29,quantile,0.15,10.0
2026-08-22,wk inc covid hosp,1,2026-08-29,29,quantile,0.2,12.0
2026-08-22,wk inc covid hosp,1,2026-08-29,29,quantile,0.25,13.0
2026-08-22,wk inc covid hosp,1,2026-08-29,29,quantile,0.3,14.0
2026-08-22,wk inc covid hosp,1,2026-08-29,29,quantile,0.35,16.0
2026-08-22,wk inc covid hosp,1,2026-08-29,29,quantile,0.4,17.0
2026-08-22,wk inc covid hosp,1,2026-08-29,29,quantile,0.45,18.0
2026-08-22,wk inc covid hosp,1,2026-08-29,29,quantile,0.5,20.0
2026-08-22,wk inc covid hosp,1,2026-08-29,29,quantile,0.55,21.0
2026-08-22,wk inc covid hosp,1,2026-08-29,29,quantile,0.6,23.0
2026-08-22,wk inc covid hosp,1,2026-08-29,29,quantile,0.65,25.0
2026-08-22,wk inc covid hosp,1,2026-08-29,29,quantile,0.7,26.0
2026-08-22,wk inc covid hosp,1,2026-08-29,29,quantile,0.75,29.0
2026-08-22,wk inc covid hosp,1,2026-08-29,29,quantile,0.8,31.0
2026-08-22,wk inc covid hosp,1,2026-08-29,29,quantile,0.85,34.0
2026-08-22,wk inc covid hosp,1,2026-08-29,29,quantile,0.9,36.0
2026-08-22,wk inc covid hosp,1,2026-08-29,29,quantile,0.95,40.0
2026-08-22,wk inc covid hosp,1,2026-08-29,29,quantile,0.975,46.0
2026-08-22,wk inc covid hosp,1,2026-08-29,29,quantile,0.99,51.0
2026-08-22,wk inc covid hosp,1,2026-08-29,30,quantile,0.01,0.0
2026-08-22,wk inc covid hosp,1,2026-08-29,30,quantile,0.025,0.0
2026-08-22,wk inc covid hosp,1,2026-08-29,30,quantile,0.05,0.0
2026-08-22,wk inc covid hosp,1,2026-08-29,30,quantile,0.1,0.0
2026-08-22,wk inc covid hosp,1,2026-08-29,30,quantile,0.15,0.0
2026-08-22,wk inc covid hosp,1,2026-08-29,30,quantile,0.2,0.0
2026-08-22,wk inc covid hosp,1,2026-08-29,30,quantile,0.25,0.0
2026-08-22,wk inc covid hosp,1,2026-08-29,30,quantile,0.3,0.0
2026-08-22,wk inc covid hosp,1,2026-08-29,30,quantile,0.35,0.0
2026-08-22,wk inc covid hosp,1,2026-08-29,30,quantile,0.4,0.0
2026-08-22,wk inc covid hosp,1,2026-08-29,30,quantile,0.45,0.0
2026-08-22,wk inc covid hosp,1,2026-08-29,30,quantile,0.5,0.0
2026-08-22,wk inc covid hosp,1,2026-08-29,30,quantile,0.55,0.0
2026-08-22,wk inc covid hosp,1,2026-08-29,30,quantile,0.6,1.0
2026-08-22,wk inc covid hosp,1,2026-08-29,30,quantile,0.65,1.0
2026-08-22,wk inc covid hosp,1,2026-08-29,30,quantile,0.7,3.0
2026-08-22,wk inc covid hosp,1,2026-08-29,30,quantile,0.75,3.0
2026-08-22,wk inc covid hosp,1,2026-08-29,30,quantile,0.8,4.0
2026-08-22,wk inc covid hosp,1,2026-08-29,30,quantile,0.85,6.0
2026-08-22,wk inc covid hosp,1,2026-08-29,30,quantile,0.9,8.0
2026-08-22,wk inc covid hosp,1,2026-08-29,30,quantile,0.95,12.0
2026-08-22,wk inc covid hosp,1,2026-08-29,30,quantile,0.975,14.0
2026-08-22,wk inc covid hosp,1,2026-08-29,30,quantile,0.99,17.0
2026-08-22,wk inc covid hosp,1,2026-08-29,31,quantile,0.01,0.0
2026-08-22,wk inc covid hosp,1,2026-08-29,31,quantile,0.025,0.0
2026-08-22,wk inc covid hosp,1,2026-08-29,31,quantile,0.05,0.0
2026-08-22,wk inc covid hosp,1,2026-08-29,31,quantile,0.1,0.0
2026-08-22,wk inc covid hosp,1,2026-08-29,31,quantile,0.15,0.0
2026-08-22,wk inc covid hosp,1,2026-08-29,31,quantile,0.2,0.0
2026-08-22,wk inc covid hosp,1,2026-08-29,31,quantile,0.25,0.0
2026-08-22,wk inc covid hosp,1,2026-08-29,31,quantile,0.3,0.0
2026-08-22,wk inc covid hosp,1,2026-08-29,31,quantile,0.35,0.0
2026-08-22,wk inc covid hosp,1,2026-08-29,31,quantile,0.4,0.0
2026-08-22,wk inc covid hosp,1,2026-08-29,31,quantile,0.45,0.0
2026-08-22,wk inc covid hosp,1,2026-08-29,31,quantile,0.5,0.0
2026-08-22,wk inc covid hosp,1,2026-08-29,31,quantile,0.55,0.0
2026-08-22,wk inc covid hosp,1,2026-08-29,31,quantile,0.6,0.0
2026-08-22,wk inc covid hosp,1,2026-08-29,31,quantile,0.65,0.0
2026-08-22,wk inc covid hosp,1,2026-08-29,31,quantile,0.7,1.0
2026-08-22,wk inc covid hosp,1,2026-08-29,31,quantile,0.75,1.0
2026-08-22,wk inc covid hosp,1,2026-08-29,31,quantile,0.8,2.0
2026-08-22,wk inc covid hosp,1,2026-08-29,31,quantile,0.85,3.0
2026-08-22,wk inc covid hosp,1,2026-08-29,31,quantile,0.9,4.0
2026-08-22,wk inc covid hosp,1,2026-08-29,31,quantile,0.95,6.0
2026-08-22,wk inc covid hosp,1,2026-08-29,31,quantile,0.975,8.0
2026-08-22,wk inc covid hosp,1,2026-08-29,31,quantile,0.99,10.0
2026-08-22,wk inc covid hosp,1,2026-08-29,32,quantile,0.01,2.0
2026-08-22,wk inc covid hosp,1,2026-08-29,32,quantile,0.025,3.0
2026-08-22,wk inc covid hosp,1,2026-08-29,32,quantile,0.05,5.0
2026-08-22,wk inc covid hosp,1,2026-08-29,32,quantile,0.1,7.0
2026-08-22,wk inc covid hosp,1,2026-08-29,32,quantile,0.15,9.0
2026-08-22,wk inc covid hosp,1,2026-08-29,32,quantile,0.2,10.0
2026-08-22,wk inc covid hosp,1,2026-08-29,32,quantile,0.25,11.0
2026-08-22,wk inc covid hosp,1,2026-08-29,32,quantile,0.3,13.0
2026-08-22,wk inc covid hosp,1,2026-08-29,32,quantile,0.35,14.0
2026-08-22,wk inc covid hosp,1,2026-08-29,32,quantile,0.4,15.0
2026-08-22,wk inc covid hosp,1,2026-08-29,32,quantile,0.45,17.0
2026-08-22,wk inc covid hosp,1,2026-08-29,32,quantile,0.5,18.0
2026-08-22,wk inc covid hosp,1,2026-08-29,32,quantile,0.55,19.0
2026-08-22,wk inc covid hosp,1,2026-08-29,32,quantile,0.6,21.0
2026-08-22,wk inc covid hosp,1,2026-08-29,32,quantile,0.65,22.0
2026-08-22,wk inc covid hosp,1,2026-08-29,32,quantile,0.7,23.0
2026-08-22,wk inc covid hosp,1,2026-08-29,32,quantile,0.75,25.0
2026-08-22,wk inc covid hosp,1,2026-08-29,32,quantile,0.8,27.0
2026-08-22,wk inc covid hosp,1,2026-08-29,32,quantile,0.85,29.0
2026-08-22,wk inc covid hosp,1,2026-08-29,32,quantile,0.9,34.0
2026-08-22,wk inc covid hosp,1,2026-08-29,32,quantile,0.95,39.0
2026-08-22,wk inc covid hosp,1,2026-08-29,32,quantile,0.975,42.0
2026-08-22,wk inc covid hosp,1,2026-08-29,32,quantile,0.99,47.0
2026-08-22,wk inc covid hosp,1,2026-08-29,33,quantile,0.01,0.0
2026-08-22,wk inc covid hosp,1,2026-08-29,33,quantile,0.025,0.0
2026-08-22,wk inc covid hosp,1,2026-08-29,33,quantile,0.05,0.0
2026-08-22,wk inc covid hosp,1,2026-08-29,33,quantile,0.1,0.0
2026-08-22,wk inc covid hosp,1,2026-08-29,33,quantile,0.15,1.0
2026-08-22,wk inc covid hosp,1,2026-08-29,33,quantile,0.2,2.0
2026-08-22,wk inc covid hosp,1,2026-08-29,33,quantile,0.25,2.0
2026-08-22,wk inc covid hosp,1,2026-08-29,33,quantile,0.3,3.0
2026-08-22,wk inc covid hosp,1,2026-08-29,33,quantile,0.35,4.0
2026-08-22,wk inc covid hosp,1,2026-08-29,33,quantile,0.4,4.0
2026-08-22,wk inc covid hosp,1,2026-08-29,33,quantile,0.45,5.0
2026-08-22,wk inc covid hosp,1,2026-08-29,33,quantile,0.5,6.0
2026-08-22,wk inc covid hosp,1,2026-08-29,33,quantile,0.55,7.0
2026-08-22,wk inc covid hosp,1,2026-08-29,33,quantile,0.6,8.0
2026-08-22,wk inc covid hosp,1,2026-08-29,33,quantile,0.65,9.0
2026-08-22,wk inc covid hosp,1,2026-08-29,33,quantile,0.7,10.0
2026-08-22,wk inc covid hosp,1,2026-08-29,33,quantile,0.75,11.0
2026-08-22,wk inc covid hosp,1,2026-08-29,33,quantile,0.8,13.0
2026-08-22,wk inc covid hosp,1,2026-08-29,33,quantile,0.85,14.0
2026-08-22,wk inc covid hosp,1,2026-08-29,33,quantile,0.9,16.0
2026-08-22,wk inc covid hosp,1,2026-08-29,33,quantile,0.95,20.0
2026-08-22,wk inc covid hosp,1,2026-08-29,33,quantile,0.975,24.0
2026-08-22,wk inc covid hosp,1,2026-08-29,33,quantile,0.99,30.0
2026-08-22,wk inc covid hosp,1,2026-08-29,34,quantile,0.01,19.0
2026-08-22,wk inc covid hosp,1,2026-08-29,34,quantile,0.025,22.0
2026-08-22,wk inc covid hosp,1,2026-08-29,34,quantile,0.05,25.0
2026-08-22,wk inc covid hosp,1,2026-08-29,34,quantile,0.1,29.0
2026-08-22,wk inc covid hosp,1,2026-08-29,34,quantile,0.15,33.0
2026-08-22,wk inc covid hosp,1,2026-08-29,34,quantile,0.2,35.0
2026-08-22,wk inc covid hosp,1,2026-08-29,34,quantile,0.25,39.0
2026-08-22,wk inc covid hosp,1,2026-08-29,34,quantile,0.3,41.0
2026-08-22,wk inc covid hosp,1,2026-08-29,34,quantile,0.35,44.0
2026-08-22,wk inc covid hosp,1,2026-08-29,34,quantile,0.4,46.0
2026-08-22,wk inc covid hosp,1,2026-08-29,34,quantile,0.45,48.0
2026-08-22,wk inc covid hosp,1,2026-08-29,34,quantile,0.5,50.0
2026-08-22,wk inc covid hosp,1,2026-08-29,34,quantile,0.55,52.0
2026-08-22,wk inc covid hosp,1,2026-08-29,34,quantile,0.6,54.0
2026-08-22,wk inc covid hosp,1,2026-08-29,34,quantile,0.65,56.0
2026-08-22,wk inc covid hosp,1,2026-08-29,34,quantile,0.7,59.0
2026-08-22,wk inc covid hosp,1,2026-08-29,34,quantile,0.75,61.0
2026-08-22,wk inc covid hosp,1,2026-08-29,34,quantile,0.8,66.0
2026-08-22,wk inc covid hosp,1,2026-08-29,34,quantile,0.85,72.0
2026-08-22,wk inc covid hosp,1,2026-08-29,34,quantile,0.9,75.0
2026-08-22,wk inc covid hosp,1,2026-08-29,34,quantile,0.95,86.0
2026-08-22,wk inc covid hosp,1,2026-08-29,34,quantile,0.975,93.0
2026-08-22,wk inc covid hosp,1,2026-08-29,34,quantile,0.99,103.0
2026-08-22,wk inc covid hosp,1,2026-08-29,35,quantile,0.01,0.0
2026-08-22,wk inc covid hosp,1,2026-08-29,35,quantile,0.025,0.0
2026-08-22,wk inc covid hosp,1,2026-08-29,35,quantile,0.05,0.0
2026-08-22,wk inc covid hosp,1,2026-08-29,35,quantile,0.1,0.0
2026-08-22,wk inc covid hosp,1,2026-08-29,35,quantile,0.15,0.0
2026-08-22,wk inc covid hosp,1,2026-08-29,35,quantile,0.2,1.0
2026-08-22,wk inc covid hosp,1,2026-08-29,35,quantile,0.25,1.0
2026-08-22,wk inc covid hosp,1,2026-08-29,35,quantile,0.3,2.0
2026-08-22,wk inc covid hosp,1,2026-08-29,35,quantile,0.35,2.0
2026-08-22,wk inc covid hosp,1,2026-08-29,35,quantile,0.4,3.0
2026-08-22,wk inc covid hosp,1,2026-08-29,35,quantile,0.45,3.0
2026-08-22,wk inc covid hosp,1,2026-08-29,35,quantile,0.5,4.0
2026-08-22,wk inc covid hosp,1,2026-08-29,35,quantile,0.55,4.0
2026-08-22,wk inc covid hosp,1,2026-08-29,35,quantile,0.6,5.0
2026-08-22,wk inc covid hosp,1,2026-08-29,35,quantile,0.65,6.0
2026-08-22,wk inc covid hosp,1,2026-08-29,35,quantile,0.7,7.0
2026-08-22,wk inc covid hosp,1,2026-08-29,35,quantile,0.75,8.0
2026-08-22,wk inc covid hosp,1,2026-08-29,35,quantile,0.8,9.0
2026-08-22,wk inc covid hosp,1,2026-08-29,35,quantile,0.85,11.0
2026-08-22,wk inc covid hosp,1,2026-08-29,35,quantile,0.9,12.0
2026-08-22,wk inc covid hosp,1,2026-08-29,35,quantile,0.95,15.0
2026-08-22,wk inc covid hosp,1,2026-08-29,35,quantile,0.975,18.0
2026-08-22,wk inc covid hosp,1,2026-08-29,35,quantile,0.99,21.0
2026-08-22,wk inc covid hosp,1,2026-08-29,36,quantile,0.01,55.0
2026-08-22,wk inc covid hosp,1,2026-08-29,36,quantile,0.025,66.0
2026-08-22,wk inc covid hosp,1,2026-08-29,36,quantile,0.05,74.0
2026-08-22,wk inc covid hosp,1,2026-08-29,36,quantile,0.1,82.0
2026-08-22,wk inc covid hosp,1,2026-08-29,36,quantile,0.15,90.0
2026-08-22,wk inc covid hosp,1,2026-08-29,36,quantile,0.2,94.0
2026-08-22,wk inc covid hosp,1,2026-08-29,36,quantile,0.25,100.0
2026-08-22,wk inc covid hosp,1,2026-08-29,36,quantile,0.3,104.0
2026-08-22,wk inc covid hosp,1,2026-08-29,36,quantile,0.35,107.0
2026-08-22,wk inc covid hosp,1,2026-08-29,36,quantile,0.4,111.0
2026-08-22,wk inc covid hosp,1,2026-08-29,36,quantile,0.45,115.0
2026-08-22,wk inc covid hosp,1,2026-08-29,36,quantile,0.5,118.0
2026-08-22,wk inc covid hosp,1,2026-08-29,36,quantile,0.55,121.0
2026-08-22,wk inc covid hosp,1,2026-08-29,36,quantile,0.6,126.0
2026-08-22,wk inc covid hosp,1,2026-08-29,36,quantile,0.65,130.0
2026-08-22,wk inc covid hosp,1,2026-08-29,36,quantile,0.7,134.0
2026-08-22,wk inc covid hosp,1,2026-08-29,36,quantile,0.75,138.0
2026-08-22,wk inc covid hosp,1,2026-08-29,36,quantile,0.8,146.0
2026-08-22,wk inc covid hosp,1,2026-08-29,36,quantile,0.85,152.0
2026-08-22,wk inc covid hosp,1,2026-08-29,36,quantile,0.9,163.0
2026-08-22,wk inc covid hosp,1,2026-08-29,36,quantile,0.95,176.0
2026-08-22,wk inc covid hosp,1,2026-08-29,36,quantile,0.975,188.0
2026-08-22,wk inc covid hosp,1,2026-08-29,36,quantile,0.99,193.0
2026-08-22,wk inc covid hosp,1,2026-08-29,37,quantile,0.01,57.0
2026-08-22,wk inc covid hosp,1,2026-08-29,37,quantile,0.025,65.0
2026-08-22,wk inc covid hosp,1,2026-08-29,37,quantile,0.05,71.0
2026-08-22,wk inc covid hosp,1,2026-08-29,37,quantile,0.1,81.0
2026-08-22,wk inc covid hosp,1,2026-08-29,37,quantile,0.15,88.0
2026-08-22,wk inc covid hosp,1,2026-08-29,37,quantile,0.2,93.0
2026-08-22,wk inc covid hosp,1,2026-08-29,37,quantile,0.25,96.0
2026-08-22,wk inc covid hosp,1,2026-08-29,37,quantile,0.3,100.0
2026-08-22,wk inc covid hosp,1,2026-08-29,37,quantile,0.35,104.0
2026-08-22,wk inc covid hosp,1,2026-08-29,37,quantile,0.4,107.0
2026-08-22,wk inc covid hosp,1,2026-08-29,37,quantile,0.45,116.0
2026-08-22,wk inc covid hosp,1,2026-08-29,37,quantile,0.5,120.0
2026-08-22,wk inc covid hosp,1,2026-08-29,37,quantile,0.55,124.0
2026-08-22,wk inc covid hosp,1,2026-08-29,37,quantile,0.6,127.0
2026-08-22,wk inc covid hosp,1,2026-08-29,37,quantile,0.65,130.0
2026-08-22,wk inc covid hosp,1,2026-08-29,37,quantile,0.7,134.0
2026-08-22,wk inc covid hosp,1,2026-08-29,37,quantile,0.75,140.0
2026-08-22,wk inc covid hosp,1,2026-08-29,37,quantile,0.8,145.0
2026-08-22,wk inc covid hosp,1,2026-08-29,37,quantile,0.85,152.0
2026-08-22,wk inc covid hosp,1,2026-08-29,37,quantile,0.9,161.0
2026-08-22,wk inc covid hosp,1,2026-08-29,37,quantile,0.95,175.0
2026-08-22,wk inc covid hosp,1,2026-08-29,37,quantile,0.975,192.0
2026-08-22,wk inc covid hosp,1,2026-08-29,37,quantile,0.99,207.0
2026-08-22,wk inc covid hosp,1,2026-08-29,38,quantile,0.01,0.0
2026-08-22,wk inc covid hosp,1,2026-08-29,38,quantile,0.025,0.0
2026-08-22,wk inc covid hosp,1,2026-08-29,38,quantile,0.05,0.0
2026-08-22,wk inc covid hosp,1,2026-08-29,38,quantile,0.1,0.0
2026-08-22,wk inc covid hosp,1,2026-08-29,38,quantile,0.15,0.0
2026-08-22,wk inc covid hosp,1,2026-08-29,38,quantile,0.2,0.0
2026-08-22,wk inc covid hosp,1,2026-08-29,38,quantile,0.25,0.0
2026-08-22,wk inc covid hosp,1,2026-08-29,38,quantile,0.3,0.0
2026-08-22,wk inc covid hosp,1,2026-08-29,38,quantile,0.35,0.0
2026-08-22,wk inc covid hosp,1,2026-08-29,38,quantile,0.4,0.0
2026-08-22,wk inc covid hosp,1,2026-08-29,38,quantile,0.45,0.0
2026-08-22,wk inc covid hosp,1,2026-08-29,38,quantile,0.5,0.0
2026-08-22,wk inc covid hosp,1,2026-08-29,38,quantile,0.55,0.0
2026-08-22,wk inc covid hosp,1,2026-08-29,38,quantile,0.6,0.0
2026-08-22,wk inc covid hosp,1,2026-08-29,38,quantile,0.65,0.0
2026-08-22,wk inc covid hosp,1,2026-08-29,38,quantile,0.7,0.0
2026-08-22,wk inc covid hosp,1,2026-08-29,38,quantile,0.75,0.0
2026-08-22,wk inc covid hosp,1,2026-08-29,38,quantile,0.8,0.0
2026-08-22,wk inc covid hosp,1,2026-08-29,38,quantile,0.85,0.0
2026-08-22,wk inc covid hosp,1,2026-08-29,38,quantile,0.9,0.0
2026-08-22,wk inc covid hosp,1,2026-08-29,38,quantile,0.95,0.0
2026-08-22,wk inc covid hosp,1,2026-08-29,38,quantile,0.975,0.0
2026-08-22,wk inc covid hosp,1,2026-08-29,38,quantile,0.99,0.0
2026-08-22,wk inc covid hosp,1,2026-08-29,39,quantile,0.01,10.0
2026-08-22,wk inc covid hosp,1,2026-08-29,39,quantile,0.025,12.0
2026-08-22,wk inc covid hosp,1,2026-08-29,39,quantile,0.05,14.0
2026-08-22,wk inc covid hosp,1,2026-08-29,39,quantile,0.1,19.0
2026-08-22,wk inc covid hosp,1,2026-08-29,39,quantile,0.15,21.0
2026-08-22,wk inc covid hosp,1,2026-08-29,39,quantile,0.2,24.0
2026-08-22,wk inc covid hosp,1,2026-08-29,39,quantile,0.25,26.0
2026-08-22,wk inc covid hosp,1,2026-08-29,39,quantile,0.3,28.0
2026-08-22,wk inc covid hosp,1,2026-08-29,39,quantile,0.35,31.0
2026-08-22,wk inc covid hosp,1,2026-08-29,39,quantile,0.4,32.0
2026-08-22,wk inc covid hosp,1,2026-08-29,39,quantile,0.45,34.0
2026-08-22,wk inc covid hosp,1,2026-08-29,39,quantile,0.5,36.0
2026-08-22,wk inc covid hosp,1,2026-08-29,39,quantile,0.55,38.0
2026-08-22,wk inc covid hosp,1,2026-08-29,39,quantile,0.6,40.0
2026-08-22,wk inc covid hosp,1,2026-08-29,39,quantile,0.65,41.0
2026-08-22,wk inc covid hosp,1,2026-08-29,39,quantile,0.7,44.0
2026-08-22,wk inc covid hosp,1,2026-08-29,39,quantile,0.75,46.0
2026-08-22,wk inc covid hosp,1,2026-08-29,39,quantile,0.8,50.0
2026-08-22,wk inc covid hosp,1,2026-08-29,39,quantile,0.85,54.0
2026-08-22,wk inc covid hosp,1,2026-08-29,39,quantile,0.9,58.0
2026-08-22,wk inc covid hosp,1,2026-08-29,39,quantile,0.95,65.0
2026-08-22,wk inc covid hosp,1,2026-08-29,39,quantile,0.975,72.0
2026-08-22,wk inc covid hosp,1,2026-08-29,39,quantile,0.99,78.0
2026-08-22,wk inc covid hosp,1,2026-08-29,40,quantile,0.01,0.0
2026-08-22,wk inc covid hosp,1,2026-08-29,40,quantile,0.025,0.0
2026-08-22,wk inc covid hosp,1,2026-08-29,40,quantile,0.05,0.0
2026-08-22,wk inc covid hosp,1,2026-08-29,40,quantile,0.1,0.0
2026-08-22,wk inc covid hosp,1,2026-08-29,40,quantile,0.15,0.0
2026-08-22,wk inc covid hosp,1,2026-08-29,40,quantile,0.2,1.0
2026-08-22,wk inc covid hosp,1,2026-08-29,40,quantile,0.25,2.0
2026-08-22,wk inc covid hosp,1,2026-08-29,40,quantile,0.3,2.0
2026-08-22,wk inc covid hosp,1,2026-08-29,40,quantile,0.35,3.0
2026-08-22,wk inc covid hosp,1,2026-08-29,40,quantile,0.4,4.0
2026-08-22,wk inc covid hosp,1,2026-08-29,40,quantile,0.45,5.0
2026-08-22,wk inc covid hosp,1,2026-08-29,40,quantile,0.5,5.0
2026-08-22,wk inc covid hosp,1,2026-08-29,40,quantile,0.55,6.0
2026-08-22,wk inc covid hosp,1,2026-08-29,40,quantile,0.6,7.0
2026-08-22,wk inc covid hosp,1,2026-08-29,40,quantile,0.65,8.0
2026-08-22,wk inc covid hosp,1,2026-08-29,40,quantile,0.7,9.0
2026-08-22,wk inc covid hosp,1,2026-08-29,40,quantile,0.75,11.0
2026-08-22,wk inc covid hosp,1,2026-08-29,40,quantile,0.8,12.0
2026-08-22,wk inc covid hosp,1,2026-08-29,40,quantile,0.85,14.0
2026-08-22,wk inc covid hosp,1,2026-08-29,40,quantile,0.9,16.0
2026-08-22,wk inc covid hosp,1,2026-08-29,40,quantile,0.95,19.0
2026-08-22,wk inc covid hosp,1,2026-08-29,40,quantile,0.975,21.0
2026-08-22,wk inc covid hosp,1,2026-08-29,40,quantile,0.99,28.0
2026-08-22,wk inc covid hosp,1,2026-08-29,41,quantile,0.01,0.0
2026-08-22,wk inc covid hosp,1,2026-08-29,41,quantile,0.025,0.0
2026-08-22,wk inc covid hosp,1,2026-08-29,41,quantile,0.05,1.0
2026-08-22,wk inc covid hosp,1,2026-08-29,41,quantile,0.1,2.0
2026-08-22,wk inc covid hosp,1,2026-08-29,41,quantile,0.15,2.0
2026-08-22,wk inc covid hosp,1,2026-08-29,41,quantile,0.2,3.0
2026-08-22,wk inc covid hosp,1,2026-08-29,41,quantile,0.25,4.0
2026-08-22,wk inc covid hosp,1,2026-08-29,41,quantile,0.3,5.0
2026-08-22,wk inc covid hosp,1,2026-08-29,41,quantile,0.35,7.0
2026-08-22,wk inc covid hosp,1,2026-08-29,41,quantile,0.4,7.0
2026-08-22,wk inc covid hosp,1,2026-08-29,41,quantile,0.45,9.0
2026-08-22,wk inc covid hosp,1,2026-08-29,41,quantile,0.5,9.0
2026-08-22,wk inc covid hosp,1,2026-08-29,41,quantile,0.55,10.0
2026-08-22,wk inc covid hosp,1,2026-08-29,41,quantile,0.6,11.0
2026-08-22,wk inc covid hosp,1,2026-08-29,41,quantile,0.65,12.0
2026-08-22,wk inc covid hosp,1,2026-08-29,41,quantile,0.7,14.0
2026-08-22,wk inc covid hosp,1,2026-08-29,41,quantile,0.75,16.0
2026-08-22,wk inc covid hosp,1,2026-08-29,41,quantile,0.8,18.0
2026-08-22,wk inc covid hosp,1,2026-08-29,41,quantile,0.85,20.0
2026-08-22,wk inc covid hosp,1,2026-08-29,41,quantile,0.9,22.0
2026-08-22,wk inc covid hosp,1,2026-08-29,41,quantile,0.95,28.0
2026-08-22,wk inc covid hosp,1,2026-08-29,41,quantile,0.975,30.0
2026-08-22,wk inc covid hosp,1,2026-08-29,41,quantile,0.99,35.0
2026-08-22,wk inc covid hosp,1,2026-08-29,42,quantile,0.01,25.0
2026-08-22,wk inc covid hosp,1,2026-08-29,42,quantile,0.025,33.0
2026-08-22,wk inc covid hosp,1,2026-08-29,42,quantile,0.05,36.0
2026-08-22,wk inc covid hosp,1,2026-08-29,42,quantile,0.1,42.0
2026-08-22,wk inc covid hosp,1,2026-08-29,42,quantile,0.15,47.0
2026-08-22,wk inc covid hosp,1,2026-08-29,42,quantile,0.2,51.0
2026-08-22,wk inc covid hosp,1,2026-08-29,42,quantile,0.25,53.0
2026-08-22,wk inc covid hosp,1,2026-08-29,42,quantile,0.3,57.0
2026-08-22,wk inc covid hosp,1,2026-08-29,42,quantile,0.35,61.0
2026-08-22,wk inc covid hosp,1,2026-08-29,42,quantile,0.4,63.0
2026-08-22,wk inc covid hosp,1,2026-08-29,42,quantile,0.45,65.0
2026-08-22,wk inc covid hosp,1,2026-08-29,42,quantile,0.5,68.0
2026-08-22,wk inc covid hosp,1,2026-08-29,42,quantile,0.55,71.0
2026-08-22,wk inc covid hosp,1,2026-08-29,42,quantile,0.6,73.0
2026-08-22,wk inc covid hosp,1,2026-08-29,42,quantile,0.65,77.0
2026-08-22,wk inc covid hosp,1,2026-08-29,42,quantile,0.7,79.0
2026-08-22,wk inc covid hosp,1,2026-08-29,42,quantile,0.75,83.0
2026-08-22,wk inc covid hosp,1,2026-08-29,42,quantile,0.8,87.0
2026-08-22,wk inc covid hosp,1,2026-08-29,42,quantile,0.85,94.0
2026-08-22,wk inc covid hosp,1,2026-08-29,42,quantile,0.9,101.0
2026-08-22,wk inc covid hosp,1,2026-08-29,42,quantile,0.95,112.0
2026-08-22,wk inc covid hosp,1,2026-08-29,42,quantile,0.975,125.0
2026-08-22,wk inc covid hosp,1,2026-08-29,42,quantile,0.99,136.0
2026-08-22,wk inc covid hosp,1,2026-08-29,44,quantile,0.01,0.0
2026-08-22,wk inc covid hosp,1,2026-08-29,44,quantile,0.025,0.0
2026-08-22,wk inc covid hosp,1,2026-08-29,44,quantile,0.05,0.0
2026-08-22,wk inc covid hosp,1,2026-08-29,44,quantile,0.1,1.0
2026-08-22,wk inc covid hosp,1,2026-08-29,44,quantile,0.15,2.0
2026-08-22,wk inc covid hosp,1,2026-08-29,44,quantile,0.2,3.0
2026-08-22,wk inc covid hosp,1,2026-08-29,44,quantile,0.25,4.0
2026-08-22,wk inc covid hosp,1,2026-08-29,44,quantile,0.3,5.0
2026-08-22,wk inc covid hosp,1,2026-08-29,44,quantile,0.35,6.0
2026-08-22,wk inc covid hosp,1,2026-08-29,44,quantile,0.4,7.0
2026-08-22,wk inc covid hosp,1,2026-08-29,44,quantile,0.45,7.0
2026-08-22,wk inc covid hosp,1,2026-08-29,44,quantile,0.5,8.0
2026-08-22,wk inc covid hosp,1,2026-08-29,44,quantile,0.55,9.0
2026-08-22,wk inc covid hosp,1,2026-08-29,44,quantile,0.6,10.0
2026-08-22,wk inc covid hosp,1,2026-08-29,44,quantile,0.65,10.0
2026-08-22,wk inc covid hosp,1,2026-08-29,44,quantile,0.7,12.0
2026-08-22,wk inc covid hosp,1,2026-08-29,44,quantile,0.75,13.0
2026-08-22,wk inc covid hosp,1,2026-08-29,44,quantile,0.8,15.0
2026-08-22,wk inc covid hosp,1,2026-08-29,44,quantile,0.85,16.0
2026-08-22,wk inc covid hosp,1,2026-08-29,44,quantile,0.9,19.0
2026-08-22,wk inc covid hosp,1,2026-08-29,44,quantile,0.95,24.0
2026-08-22,wk inc covid hosp,1,2026-08-29,44,quantile,0.975,30.0
2026-08-22,wk inc covid hosp,1,2026-08-29,44,quantile,0.99,33.0
2026-08-22,wk inc covid hosp,1,2026-08-29,45,quantile,0.01,3.0
2026-08-22,wk inc covid hosp,1,2026-08-29,45,quantile,0.025,6.0
2026-08-22,wk inc covid hosp,1,2026-08-29,45,quantile,0.05,8.0
2026-08-22,wk inc covid hosp,1,2026-08-29,45,quantile,0.1,11.0
2026-08-22,wk inc covid hosp,1,2026-08-29,45,quantile,0.15,13.0
2026-08-22,wk inc covid hosp,1,2026-08-29,45,quantile,0.2,15.0
2026-08-22,wk inc covid hosp,1,2026-08-29,45,quantile,0.25,16.0
2026-08-22,wk inc covid hosp,1,2026-08-29,45,quantile,0.3,17.0
2026-08-22,wk inc covid hosp,1,2026-08-29,45,quantile,0.35,19.0
2026-08-22,wk inc covid hosp,1,2026-08-29,45,quantile,0.4,20.0
2026-08-22,wk inc covid hosp,1,2026-08-29,45,quantile,0.45,21.0
2026-08-22,wk inc covid hosp,1,2026-08-29,45,quantile,0.5,23.0
2026-08-22,wk inc covid hosp,1,2026-08-29,45,quantile,0.55,25.0
2026-08-22,wk inc covid hosp,1,2026-08-29,45,quantile,0.6,26.0
2026-08-22,wk inc covid hosp,1,2026-08-29,45,quantile,0.65,27.0
2026-08-22,wk inc covid hosp,1,2026-08-29,45,quantile,0.7,29.0
2026-08-22,wk inc covid hosp,1,2026-08-29,45,quantile,0.75,31.0
2026-08-22,wk inc covid hosp,1,2026-08-29,45,quantile,0.8,34.0
2026-08-22,wk inc covid hosp,1,2026-08-29,45,quantile,0.85,37.0
2026-08-22,wk inc covid hosp,1,2026-08-29,45,quantile,0.9,42.0
2026-08-22,wk inc covid hosp,1,2026-08-29,45,quantile,0.95,47.0
2026-08-22,wk inc covid hosp,1,2026-08-29,45,quantile,0.975,52.0
2026-08-22,wk inc covid hosp,1,2026-08-29,45,quantile,0.99,56.0
2026-08-22,wk inc covid hosp,1,2026-08-29,46,quantile,0.01,0.0
2026-08-22,wk inc covid hosp,1,2026-08-29,46,quantile,0.025,0.0
2026-08-22,wk inc covid hosp,1,2026-08-29,46,quantile,0.05,0.0
2026-08-22,wk inc covid hosp,1,2026-08-29,46,quantile,0.1,0.0
2026-08-22,wk inc covid hosp,1,2026-08-29,46,quantile,0.15,0.0
2026-08-22,wk inc covid hosp,1,2026-08-29,46,quantile,0.2,0.0
2026-08-22,wk inc covid hosp,1,2026-08-29,46,quantile,0.25,0.0
2026-08-22,wk inc covid hosp,1,2026-08-29,46,quantile,0.3,0.0
2026-08-22,wk inc covid hosp,1,2026-08-29,46,quantile,0.35,0.0
2026-08-22,wk inc covid hosp,1,2026-08-29,46,quantile,0.4,0.0
2026-08-22,wk inc covid hosp,1,2026-08-29,46,quantile,0.45,0.0
2026-08-22,wk inc covid hosp,1,2026-08-29,46,quantile,0.5,0.0
2026-08-22,wk inc covid hosp,1,2026-08-29,46,quantile,0.55,0.0
2026-08-22,wk inc covid hosp,1,2026-08-29,46,quantile,0.6,1.0
2026-08-22,wk inc covid hosp,1,2026-08-29,46,quantile,0.65,2.0
2026-08-22,wk inc covid hosp,1,2026-08-29,46,quantile,0.7,2.0
2026-08-22,wk inc covid hosp,1,2026-08-29,46,quantile,0.75,3.0
2026-08-22,wk inc covid hosp,1,2026-08-29,46,quantile,0.8,4.0
2026-08-22,wk inc covid hosp,1,2026-08-29,46,quantile,0.85,5.0
2026-08-22,wk inc covid hosp,1,2026-08-29,46,quantile,0.9,7.0
2026-08-22,wk inc covid hosp,1,2026-08-29,46,quantile,0.95,9.0
2026-08-22,wk inc covid hosp,1,2026-08-29,46,quantile,0.975,11.0
2026-08-22,wk inc covid hosp,1,2026-08-29,46,quantile,0.99,15.0
2026-08-22,wk inc covid hosp,1,2026-08-29,47,quantile,0.01,13.0
2026-08-22,wk inc covid hosp,1,2026-08-29,47,quantile,0.025,16.0
2026-08-22,wk inc covid hosp,1,2026-08-29,47,quantile,0.05,18.0
2026-08-22,wk inc covid hosp,1,2026-08-29,47,quantile,0.1,22.0
2026-08-22,wk inc covid hosp,1,2026-08-29,47,quantile,0.15,25.0
2026-08-22,wk inc covid hosp,1,2026-08-29,47,quantile,0.2,28.0
2026-08-22,wk inc covid hosp,1,2026-08-29,47,quantile,0.25,31.0
2026-08-22,wk inc covid hosp,1,2026-08-29,47,quantile,0.3,33.0
2026-08-22,wk inc covid hosp,1,2026-08-29,47,quantile,0.35,35.0
2026-08-22,wk inc covid hosp,1,2026-08-29,47,quantile,0.4,37.0
2026-08-22,wk inc covid hosp,1,2026-08-29,47,quantile,0.45,39.0
2026-08-22,wk inc covid hosp,1,2026-08-29,47,quantile,0.5,42.0
2026-08-22,wk inc covid hosp,1,2026-08-29,47,quantile,0.55,44.0
2026-08-22,wk inc covid hosp,1,2026-08-29,47,quantile,0.6,46.0
2026-08-22,wk inc covid hosp,1,2026-08-29,47,quantile,0.65,49.0
2026-08-22,wk inc covid hosp,1,2026-08-29,47,quantile,0.7,52.0
2026-08-22,wk inc covid hosp,1,2026-08-29,47,quantile,0.75,54.0
2026-08-22,wk inc covid hosp,1,2026-08-29,47,quantile,0.8,57.0
2026-08-22,wk inc covid hosp,1,2026-08-29,47,quantile,0.85,61.0
2026-08-22,wk inc covid hosp,1,2026-08-29,47,quantile,0.9,67.0
2026-08-22,wk inc covid hosp,1,2026-08-29,47,quantile,0.95,78.0
2026-08-22,wk inc covid hosp,1,2026-08-29,47,quantile,0.975,84.0
2026-08-22,wk inc covid hosp,1,2026-08-29,47,quantile,0.99,91.0
2026-08-22,wk inc covid hosp,1,2026-08-29,48,quantile,0.01,169.0
2026-08-22,wk inc covid hosp,1,2026-08-29,48,quantile,0.025,184.0
2026-08-22,wk inc covid hosp,1,2026-08-29,48,quantile,0.05,195.0
2026-08-22,wk inc covid hosp,1,2026-08-29,48,quantile,0.1,210.0
2026-08-22,wk inc covid hosp,1,2026-08-29,48,quantile,0.15,218.0
2026-08-22,wk inc covid hosp,1,2026-08-29,48,quantile,0.2,227.0
2026-08-22,wk inc covid hosp,1,2026-08-29,48,quantile,0.25,233.0
2026-08-22,wk inc covid hosp,1,2026-08-29,48,quantile,0.3,241.0
2026-08-22,wk inc covid hosp,1,2026-08-29,48,quantile,0.35,246.0
2026-08-22,wk inc covid hosp,1,2026-08-29,48,quantile,0.4,254.0
2026-08-22,wk inc covid hosp,1,2026-08-29,48,quantile,0.45,259.0
2026-08-22,wk inc covid hosp,1,2026-08-29,48,quantile,0.5,268.0
2026-08-22,wk inc covid hosp,1,2026-08-29,48,quantile,0.55,274.0
2026-08-22,wk inc covid hosp,1,2026-08-29,48,quantile,0.6,281.0
2026-08-22,wk inc covid hosp,1,2026-08-29,48,quantile,0.65,288.0
2026-08-22,wk inc covid hosp,1,2026-08-29,48,quantile,0.7,300.0
2026-08-22,wk inc covid hosp,1,2026-08-29,48,quantile,0.75,306.0
2026-08-22,wk inc covid hosp,1,2026-08-29,48,quantile,0.8,314.0
2026-08-22,wk inc covid hosp,1,2026-08-29,48,quantile,0.85,325.0
2026-08-22,wk inc covid hosp,1,2026-08-29,48,quantile,0.9,342.0
2026-08-22,wk inc covid hosp,1,2026-08-29,48,quantile,0.95,367.0
2026-08-22,wk inc covid hosp,1,2026-08-29,48,quantile,0.975,399.0
2026-08-22,wk inc covid hosp,1,2026-08-29,48,quantile,0.99,441.0
2026-08-22,wk inc covid hosp,1,2026-08-29,49,quantile,0.01,0.0
2026-08-22,wk inc covid hosp,1,2026-08-29,49,quantile,0.025,0.0
2026-08-22,wk inc covid hosp,1,2026-08-29,49,quantile,0.05,0.0
2026-08-22,wk inc covid hosp,1,2026-08-29,49,quantile,0.1,0.0
2026-08-22,wk inc covid hosp,1,2026-08-29,49,quantile,0.15,0.0
2026-08-22,wk inc covid hosp,1,2026-08-29,49,quantile,0.2,0.0
2026-08-22,wk inc covid hosp,1,2026-08-29,49,quantile,0.25,0.0
2026-08-22,wk inc covid hosp,1,2026-08-29,49,quantile,0.3,1.0
2026-08-22,wk inc covid hosp,1,2026-08-29,49,quantile,0.35,1.0
2026-08-22,wk inc covid hosp,1,2026-08-29,49,quantile,0.4,1.0
2026-08-22,wk inc covid hosp,1,2026-08-29,49,quantile,0.45,2.0
2026-08-22,wk inc covid hosp,1,2026-08-29,49,quantile,0.5,2.0
2026-08-22,wk inc covid hosp,1,2026-08-29,49,quantile,0.55,2.0
2026-08-22,wk inc covid hosp,1,2026-08-29,49,quantile,0.6,3.0
2026-08-22,wk inc covid hosp,1,2026-08-29,49,quantile,0.65,4.0
2026-08-22,wk inc covid hosp,1,2026-08-29,49,quantile,0.7,5.0
2026-08-22,wk inc covid hosp,1,2026-08-29,49,quantile,0.75,6.0
2026-08-22,wk inc covid hosp,1,2026-08-29,49,quantile,0.8,7.0
2026-08-22,wk inc covid hosp,1,2026-08-29,49,quantile,0.85,8.0
2026-08-22,wk inc covid hosp,1,2026-08-29,49,quantile,0.9,10.0
2026-08-22,wk inc covid hosp,1,2026-08-29,49,quantile,0.95,13.0
2026-08-22,wk inc covid hosp,1,2026-08-29,49,quantile,0.975,15.0
2026-08-22,wk inc covid hosp,1,2026-08-29,49,quantile,0.99,18.0
2026-08-22,wk inc covid hosp,1,2026-08-29,50,quantile,0.01,0.0
2026-08-22,wk inc covid hosp,1,2026-08-29,50,quantile,0.025,0.0
2026-08-22,wk inc covid hosp,1,2026-08-29,50,quantile,0.05,0.0
2026-08-22,wk inc covid hosp,1,2026-08-29,50,quantile,0.1,0.0
2026-08-22,wk inc covid hosp,1,2026-08-29,50,quantile,0.15,0.0
2026-08-22,wk inc covid hosp,1,2026-08-29,50,quantile,0.2,0.0
2026-08-22,wk inc covid hosp,1,2026-08-29,50,quantile,0.25,0.0
2026-08-22,wk inc covid hosp,1,2026-08-29,50,quantile,0.3,0.0
2026-08-22,wk inc covid hosp,1,2026-08-29,50,quantile,0.35,0.0
2026-08-22,wk inc covid hosp,1,2026-08-29,50,quantile,0.4,0.0
2026-08-22,wk inc covid hosp,1,2026-08-29,50,quantile,0.45,0.0
2026-08-22,wk inc covid hosp,1,2026-08-29,50,quantile,0.5,0.0
2026-08-22,wk inc covid hosp,1,2026-08-29,50,quantile,0.55,0.0
2026-08-22,wk inc covid hosp,1,2026-08-29,50,quantile,0.6,0.0
2026-08-22,wk inc covid hosp,1,2026-08-29,50,quantile,0.65,0.0
2026-08-22,wk inc covid hosp,1,2026-08-29,50,quantile,0.7,0.0
2026-08-22,wk inc covid hosp,1,2026-08-29,50,quantile,0.75,1.0
2026-08-22,wk inc covid hosp,1,2026-08-29,50,quantile,0.8,2.0
2026-08-22,wk inc covid hosp,1,2026-08-29,50,quantile,0.85,2.0
2026-08-22,wk inc covid hosp,1,2026-08-29,50,quantile,0.9,3.0
2026-08-22,wk inc covid hosp,1,2026-08-29,50,quantile,0.95,5.0
2026-08-22,wk inc covid hosp,1,2026-08-29,50,quantile,0.975,6.0
2026-08-22,wk inc covid hosp,1,2026-08-29,50,quantile,0.99,8.0
2026-08-22,wk inc covid hosp,1,2026-08-29,51,quantile,0.01,3.0
2026-08-22,wk inc covid hosp,1,2026-08-29,51,quantile,0.025,5.0
2026-08-22,wk inc covid hosp,1,2026-08-29,51,quantile,0.05,7.0
2026-08-22,wk inc covid hosp,1,2026-08-29,51,quantile,0.1,8.0
2026-08-22,wk inc covid hosp,1,2026-08-29,51,quantile,0.15,10.0
2026-08-22,wk inc covid hosp,1,2026-08-29,51,quantile,0.2,12.0
2026-08-22,wk inc covid hosp,1,2026-08-29,51,quantile,0.25,13.0
2026-08-22,wk inc covid hosp,1,2026-08-29,51,quantile,0.3,14.0
2026-08-22,wk inc covid hosp,1,2026-08-29,51,quantile,0.35,16.0
2026-08-22,wk inc covid hosp,1,2026-08-29,51,quantile,0.4,17.0
2026-08-22,wk inc covid hosp,1,2026-08-29,51,quantile,0.45,18.0
2026-08-22,wk inc covid hosp,1,2026-08-29,51,quantile,0.5,20.0
2026-08-22,wk inc covid hosp,1,2026-08-29,51,quantile,0.55,21.0
2026-08-22,wk inc covid hosp,1,2026-08-29,51,quantile,0.6,22.0
2026-08-22,wk inc covid hosp,1,2026-08-29,51,quantile,0.65,24.0
2026-08-22,wk inc covid hosp,1,2026-08-29,51,quantile,0.7,25.0
2026-08-22,wk inc covid hosp,1,2026-08-29,51,quantile,0.75,27.0
2026-08-22,wk inc covid hosp,1,2026-08-29,51,quantile,0.8,31.0
2026-08-22,wk inc covid hosp,1,2026-08-29,51,quantile,0.85,33.0
2026-08-22,wk inc covid hosp,1,2026-08-29,51,quantile,0.9,37.0
2026-08-22,wk inc covid hosp,1,2026-08-29,51,quantile,0.95,43.0
2026-08-22,wk inc covid hosp,1,2026-08-29,51,quantile,0.975,49.0
2026-08-22,wk inc covid hosp,1,2026-08-29,51,quantile,0.99,51.0
2026-08-22,wk inc covid hosp,1,2026-08-29,53,quantile,0.01,16.0
2026-08-22,wk inc covid hosp,1,2026-08-29,53,quantile,0.025,19.0
2026-08-22,wk inc covid hosp,1,2026-08-29,53,quantile,0.05,21.0
2026-08-22,wk inc covid hosp,1,2026-08-29,53,quantile,0.1,26.0
2026-08-22,wk inc covid hosp,1,2026-08-29,53,quantile,0.15,29.0
2026-08-22,wk inc covid hosp,1,2026-08-29,53,quantile,0.2,33.0
2026-08-22,wk inc covid hosp,1,2026-08-29,53,quantile,0.25,35.0
2026-08-22,wk inc covid hosp,1,2026-08-29,53,quantile,0.3,37.0
2026-08-22,wk inc covid hosp,1,2026-08-29,53,quantile,0.35,39.0
2026-08-22,wk inc covid hosp,1,2026-08-29,53,quantile,0.4,42.0
2026-08-22,wk inc covid hosp,1,2026-08-29,53,quantile,0.45,43.0
2026-08-22,wk inc covid hosp,1,2026-08-29,53,quantile,0.5,45.0
2026-08-22,wk inc covid hosp,1,2026-08-29,53,quantile,0.55,47.0
2026-08-22,wk inc covid hosp,1,2026-08-29,53,quantile,0.6,49.0
2026-08-22,wk inc covid hosp,1,2026-08-29,53,quantile,0.65,51.0
2026-08-22,wk inc covid hosp,1,2026-08-29,53,quantile,0.7,53.0
2026-08-22,wk inc covid hosp,1,2026-08-29,53,quantile,0.75,56.0
2026-08-22,wk inc covid hosp,1,2026-08-29,53,quantile,0.8,60.0
2026-08-22,wk inc covid hosp,1,2026-08-29,53,quantile,0.85,64.0
2026-08-22,wk inc covid hosp,1,2026-08-29,53,quantile,0.9,70.0
2026-08-22,wk inc covid hosp,1,2026-08-29,53,quantile,0.95,78.0
2026-08-22,wk inc covid hosp,1,2026-08-29,53,quantile,0.975,83.0
2026-08-22,wk inc covid hosp,1,2026-08-29,53,quantile,0.99,95.0
2026-08-22,wk inc covid hosp,1,2026-08-29,54,quantile,0.01,0.0
2026-08-22,wk inc covid hosp,1,2026-08-29,54,quantile,0.025,0.0
2026-08-22,wk inc covid hosp,1,2026-08-29,54,quantile,0.05,0.0
2026-08-22,wk inc covid hosp,1,2026-08-29,54,quantile,0.1,0.0
2026-08-22,wk inc covid hosp,1,2026-08-29,54,quantile,0.15,0.0
2026-08-22,wk inc covid hosp,1,2026-08-29,54,quantile,0.2,0.0
2026-08-22,wk inc covid hosp,1,2026-08-29,54,quantile,0.25,1.0
2026-08-22,wk inc covid hosp,1,2026-08-29,54,quantile,0.3,1.0
2026-08-22,wk inc covid hosp,1,2026-08-29,54,quantile,0.35,1.0
2026-08-22,wk inc covid hosp,1,2026-08-29,54,quantile,0.4,2.0
2026-08-22,wk inc covid hosp,1,2026-08-29,54,quantile,0.45,3.0
2026-08-22,wk inc covid hosp,1,2026-08-29,54,quantile,0.5,3.0
2026-08-22,wk inc covid hosp,1,2026-08-29,54,quantile,0.55,4.0
2026-08-22,wk inc covid hosp,1,2026-08-29,54,quantile,0.6,4.0
2026-08-22,wk inc covid hosp,1,2026-08-29,54,quantile,0.65,5.0
2026-08-22,wk inc covid hosp,1,2026-08-29,54,quantile,0.7,6.0
2026-08-22,wk inc covid hosp,1,2026-08-29,54,quantile,0.75,7.0
2026-08-22,wk inc covid hosp,1,2026-08-29,54,quantile,0.8,8.0
2026-08-22,wk inc covid hosp,1,2026-08-29,54,quantile,0.85,9.0
2026-08-22,wk inc covid hosp,1,2026-08-29,54,quantile,0.9,12.0
2026-08-22,wk inc covid hosp,1,2026-08-29,54,quantile,0.95,16.0
2026-08-22,wk inc covid hosp,1,2026-08-29,54,quantile,0.975,19.0
2026-08-22,wk inc covid hosp,1,2026-08-29,54,quantile,0.99,25.0
2026-08-22,wk inc covid hosp,1,2026-08-29,55,quantile,0.01,0.0
2026-08-22,wk inc covid hosp,1,2026-08-29,55,quantile,0.025,0.0
2026-08-22,wk inc covid hosp,1,2026-08-29,55,quantile,0.05,0.0
2026-08-22,wk inc covid hosp,1,2026-08-29,55,quantile,0.1,0.0
2026-08-22,wk inc covid hosp,1,2026-08-29,55,quantile,0.15,0.0
2026-08-22,wk inc covid hosp,1,2026-08-29,55,quantile,0.2,1.0
2026-08-22,wk inc covid hosp,1,2026-08-29,55,quantile,0.25,2.0
2026-08-22,wk inc covid hosp,1,2026-08-29,55,quantile,0.3,2.0
2026-08-22,wk inc covid hosp,1,2026-08-29,55,quantile,0.35,3.0
2026-08-22,wk inc covid hosp,1,2026-08-29,55,quantile,0.4,4.0
2026-08-22,wk inc covid hosp,1,2026-08-29,55,quantile,0.45,4.0
2026-08-22,wk inc covid hosp,1,2026-08-29,55,quantile,0.5,5.0
2026-08-22,wk inc covid hosp,1,2026-08-29,55,quantile,0.55,6.0
2026-08-22,wk inc covid hosp,1,2026-08-29,55,quantile,0.6,7.0
2026-08-22,wk inc covid hosp,1,2026-08-29,55,quantile,0.65,8.0
2026-08-22,wk inc covid hosp,1,2026-08-29,55,quantile,0.7,9.0
2026-08-22,wk inc covid hosp,1,2026-08-29,55,quantile,0.75,10.0
2026-08-22,wk inc covid hosp,1,2026-08-29,55,quantile,0.8,11.0
2026-08-22,wk inc covid hosp,1,2026-08-29,55,quantile,0.85,13.0
2026-08-22,wk inc covid hosp,1,2026-08-29,55,quantile,0.9,15.0
2026-08-22,wk inc covid hosp,1,2026-08-29,55,quantile,0.95,19.0
2026-08-22,wk inc covid hosp,1,2026-08-29,55,quantile,0.975,24.0
2026-08-22,wk inc covid hosp,1,2026-08-29,55,quantile,0.99,28.0
2026-08-22,wk inc covid hosp,1,2026-08-29,56,quantile,0.01,0.0
2026-08-22,wk inc covid hosp,1,2026-08-29,56,quantile,0.025,0.0
2026-08-22,wk inc covid hosp,1,2026-08-29,56,quantile,0.05,0.0
2026-08-22,wk inc covid hosp,1,2026-08-29,56,quantile,0.1,0.0
2026-08-22,wk inc covid hosp,1,2026-08-29,56,quantile,0.15,0.0
2026-08-22,wk inc covid hosp,1,2026-08-29,56,quantile,0.2,0.0
2026-08-22,wk inc covid hosp,1,2026-08-29,56,quantile,0.25,0.0
2026-08-22,wk inc covid hosp,1,2026-08-29,56,quantile,0.3,0.0
2026-08-22,wk inc covid hosp,1,2026-08-29,56,quantile,0.35,0.0
2026-08-22,wk inc covid hosp,1,2026-08-29,56,quantile,0.4,0.0
2026-08-22,wk inc covid hosp,1,2026-08-29,56,quantile,0.45,0.0
2026-08-22,wk inc covid hosp,1,2026-08-29,56,quantile,0.5,1.0
2026-08-22,wk inc covid hosp,1,2026-08-29,56,quantile,0.55,1.0
2026-08-22,wk inc covid hosp,1,2026-08-29,56,quantile,0.6,2.0
2026-08-22,wk inc covid hosp,1,2026-08-29,56,quantile,0.65,2.0
2026-08-22,wk inc covid hosp,1,2026-08-29,56,quantile,0.7,3.0
2026-08-22,wk inc covid hosp,1,2026-08-29,56,quantile,0.75,4.0
2026-08-22,wk inc covid hosp,1,2026-08-29,56,quantile,0.8,5.0
2026-08-22,wk inc covid hosp,1,2026-08-29,56,quantile,0.85,6.0
2026-08-22,wk inc covid hosp,1,2026-08-29,56,quantile,0.9,8.0
2026-08-22,wk inc covid hosp,1,2026-08-29,56,quantile,0.95,11.0
2026-08-22,wk inc covid hosp,1,2026-08-29,56,quantile,0.975,14.0
2026-08-22,wk inc covid hosp,1,2026-08-29,56,quantile,0.99,18.0
2026-08-22,wk inc covid hosp,1,2026-08-29,72,quantile,0.01,27.0
2026-08-22,wk inc covid hosp,1,2026-08-29,72,quantile,0.025,34.0
2026-08-22,wk inc covid hosp,1,2026-08-29,72,quantile,0.05,41.0
2026-08-22,wk inc covid hosp,1,2026-08-29,72,quantile,0.1,47.0
2026-08-22,wk inc covid hosp,1,2026-08-29,72,quantile,0.15,51.0
2026-08-22,wk inc covid hosp,1,2026-08-29,72,quantile,0.2,54.0
2026-08-22,wk inc covid hosp,1,2026-08-29,72,quantile,0.25,58.0
2026-08-22,wk inc covid hosp,1,2026-08-29,72,quantile,0.3,61.0
2026-08-22,wk inc covid hosp,1,2026-08-29,72,quantile,0.35,64.0
2026-08-22,wk inc covid hosp,1,2026-08-29,72,quantile,0.4,65.0
2026-08-22,wk inc covid hosp,1,2026-08-29,72,quantile,0.45,68.0
2026-08-22,wk inc covid hosp,1,2026-08-29,72,quantile,0.5,71.0
2026-08-22,wk inc covid hosp,1,2026-08-29,72,quantile,0.55,75.0
2026-08-22,wk inc covid hosp,1,2026-08-29,72,quantile,0.6,78.0
2026-08-22,wk inc covid hosp,1,2026-08-29,72,quantile,0.65,81.0
2026-08-22,wk inc covid hosp,1,2026-08-29,72,quantile,0.7,83.0
2026-08-22,wk inc covid hosp,1,2026-08-29,72,quantile,0.75,88.0
2026-08-22,wk inc covid hosp,1,2026-08-29,72,quantile,0.8,92.0
2026-08-22,wk inc covid hosp,1,2026-08-29,72,quantile,0.85,98.0
2026-08-22,wk inc covid hosp,1,2026-08-29,72,quantile,0.9,105.0
2026-08-22,wk inc covid hosp,1,2026-08-29,72,quantile,0.95,118.0
2026-08-22,wk inc covid hosp,1,2026-08-29,72,quantile,0.975,125.0
2026-08-22,wk inc covid hosp,1,2026-08-29,72,quantile,0.99,134.0
2026-08-22,wk inc covid hosp,2,2026-09-05,01,quantile,0.01,21.0
2026-08-22,wk inc covid hosp,2,2026-09-05,01,quantile,0.025,25.0
2026-08-22,wk inc covid hosp,2,2026-09-05,01,quantile,0.05,32.0
2026-08-22,wk inc covid hosp,2,2026-09-05,01,quantile,0.1,38.0
2026-08-22,wk inc covid hosp,2,2026-09-05,01,quantile,0.15,44.0
2026-08-22,wk inc covid hosp,2,2026-09-05,01,quantile,0.2,47.0
2026-08-22,wk inc covid hosp,2,2026-09-05,01,quantile,0.25,53.0
2026-08-22,wk inc covid hosp,2,2026-09-05,01,quantile,0.3,56.0
2026-08-22,wk inc covid hosp,2,2026-09-05,01,quantile,0.35,59.0
2026-08-22,wk inc covid hosp,2,2026-09-05,01,quantile,0.4,62.0
2026-08-22,wk inc covid hosp,2,2026-09-05,01,quantile,0.45,65.0
2026-08-22,wk inc covid hosp,2,2026-09-05,01,quantile,0.5,69.0
2026-08-22,wk inc covid hosp,2,2026-09-05,01,quantile,0.55,73.0
2026-08-22,wk inc covid hosp,2,2026-09-05,01,quantile,0.6,77.0
2026-08-22,wk inc covid hosp,2,2026-09-05,01,quantile,0.65,81.0
2026-08-22,wk inc covid hosp,2,2026-09-05,01,quantile,0.7,85.0
2026-08-22,wk inc covid hosp,2,2026-09-05,01,quantile,0.75,92.0
2026-08-22,wk inc covid hosp,2,2026-09-05,01,quantile,0.8,98.0
2026-08-22,wk inc covid hosp,2,2026-09-05,01,quantile,0.85,107.0
2026-08-22,wk inc covid hosp,2,2026-09-05,01,quantile,0.9,119.0
2026-08-22,wk inc covid hosp,2,2026-09-05,01,quantile,0.95,133.0
2026-08-22,wk inc covid hosp,2,2026-09-05,01,quantile,0.975,141.0
2026-08-22,wk inc covid hosp,2,2026-09-05,01,quantile,0.99,166.0
2026-08-22,wk inc covid hosp,2,2026-09-05,02,quantile,0.01,0.0
2026-08-22,wk inc covid hosp,2,2026-09-05,02,quantile,0.025,0.0
2026-08-22,wk inc covid hosp,2,2026-09-05,02,quantile,0.05,0.0
2026-08-22,wk inc covid hosp,2,2026-09-05,02,quantile,0.1,0.0
2026-08-22,wk inc covid hosp,2,2026-09-05,02,quantile,0.15,0.0
2026-08-22,wk inc covid hosp,2,2026-09-05,02,quantile,0.2,0.0
2026-08-22,wk inc covid hosp,2,2026-09-05,02,quantile,0.25,0.0
2026-08-22,wk inc covid hosp,2,2026-09-05,02,quantile,0.3,0.0
2026-08-22,wk inc covid hosp,2,2026-09-05,02,quantile,0.35,0.0
2026-08-22,wk inc covid hosp,2,2026-09-05,02,quantile,0.4,0.0
2026-08-22,wk inc covid hosp,2,2026-09-05,02,quantile,0.45,0.0
2026-08-22,wk inc covid hosp,2,2026-09-05,02,quantile,0.5,0.0
2026-08-22,wk inc covid hosp,2,2026-09-05,02,quantile,0.55,1.0
2026-08-22,wk inc covid hosp,2,2026-09-05,02,quantile,0.6,2.0
2026-08-22,wk inc covid hosp,2,2026-09-05,02,quantile,0.65,3.0
2026-08-22,wk inc covid hosp,2,2026-09-05,02,quantile,0.7,4.0
2026-08-22,wk inc covid hosp,2,2026-09-05,02,quantile,0.75,6.0
2026-08-22,wk inc covid hosp,2,2026-09-05,02,quantile,0.8,7.0
2026-08-22,wk inc covid hosp,2,2026-09-05,02,quantile,0.85,10.0
2026-08-22,wk inc covid hosp,2,2026-09-05,02,quantile,0.9,13.0
2026-08-22,wk inc covid hosp,2,2026-09-05,02,quantile,0.95,18.0
2026-08-22,wk inc covid hosp,2,2026-09-05,02,quantile,0.975,22.0
2026-08-22,wk inc covid hosp,2,2026-09-05,02,quantile,0.99,30.0
2026-08-22,wk inc covid hosp,2,2026-09-05,04,quantile,0.01,11.0
2026-08-22,wk inc covid hosp,2,2026-09-05,04,quantile,0.025,15.0
2026-08-22,wk inc covid hosp,2,2026-09-05,04,quantile,0.05,19.0
2026-08-22,wk inc covid hosp,2,2026-09-05,04,quantile,0.1,25.0
2026-08-22,wk inc covid hosp,2,2026-09-05,04,quantile,0.15,28.0
2026-08-22,wk inc covid hosp,2,2026-09-05,04,quantile,0.2,31.0
2026-08-22,wk inc covid hosp,2,2026-09-05,04,quantile,0.25,35.0
2026-08-22,wk inc covid hosp,2,2026-09-05,04,quantile,0.3,38.0
2026-08-22,wk inc covid hosp,2,2026-09-05,04,quantile,0.35,40.0
2026-08-22,wk inc covid hosp,2,2026-09-05,04,quantile,0.4,44.0
2026-08-22,wk inc covid hosp,2,2026-09-05,04,quantile,0.45,46.0
2026-08-22,wk inc covid hosp,2,2026-09-05,04,quantile,0.5,51.0
2026-08-22,wk inc covid hosp,2,2026-09-05,04,quantile,0.55,54.0
2026-08-22,wk inc covid hosp,2,2026-09-05,04,quantile,0.6,58.0
2026-08-22,wk inc covid hosp,2,2026-09-05,04,quantile,0.65,60.0
2026-08-22,wk inc covid hosp,2,2026-09-05,04,quantile,0.7,65.0
2026-08-22,wk inc covid hosp,2,2026-09-05,04,quantile,0.75,70.0
2026-08-22,wk inc covid hosp,2,2026-09-05,04,quantile,0.8,76.0
2026-08-22,wk inc covid hosp,2,2026-09-05,04,quantile,0.85,82.0
2026-08-22,wk inc covid hosp,2,2026-09-05,04,quantile,0.9,89.0
2026-08-22,wk inc covid hosp,2,2026-09-05,04,quantile,0.95,110.0
2026-08-22,wk inc covid hosp,2,2026-09-05,04,quantile,0.975,125.0
2026-08-22,wk inc covid hosp,2,2026-09-05,04,quantile,0.99,138.0
2026-08-22,wk inc covid hosp,2,2026-09-05,05,quantile,0.01,0.0
2026-08-22,wk inc covid hosp,2,2026-09-05,05,quantile,0.025,0.0
2026-08-22,wk inc covid hosp,2,2026-09-05,05,quantile,0.05,1.0
2026-08-22,wk inc covid hosp,2,2026-09-05,05,quantile,0.1,2.0
2026-08-22,wk inc covid hosp,2,2026-09-05,05,quantile,0.15,4.0
2026-08-22,wk inc covid hosp,2,2026-09-05,05,quantile,0.2,5.0
2026-08-22,wk inc covid hosp,2,2026-09-05,05,quantile,0.25,6.0
2026-08-22,wk inc covid hosp,2,2026-09-05,05,quantile,0.3,7.0
2026-08-22,wk inc covid hosp,2,2026-09-05,05,quantile,0.35,8.0
2026-08-22,wk inc covid hosp,2,2026-09-05,05,quantile,0.4,9.0
2026-08-22,wk inc covid hosp,2,2026-09-05,05,quantile,0.45,11.0
2026-08-22,wk inc covid hosp,2,2026-09-05,05,quantile,0.5,12.0
2026-08-22,wk inc covid hosp,2,2026-09-05,05,quantile,0.55,13.0
2026-08-22,wk inc covid hosp,2,2026-09-05,05,quantile,0.6,15.0
2026-08-22,wk inc covid hosp,2,2026-09-05,05,quantile,0.65,17.0
2026-08-22,wk inc covid hosp,2,2026-09-05,05,quantile,0.7,18.0
2026-08-22,wk inc covid hosp,2,2026-09-05,05,quantile,0.75,21.0
2026-08-22,wk inc covid hosp,2,2026-09-05,05,quantile,0.8,23.0
2026-08-22,wk inc covid hosp,2,2026-09-05,05,quantile,0.85,26.0
2026-08-22,wk inc covid hosp,2,2026-09-05,05,quantile,0.9,31.0
2026-08-22,wk inc covid hosp,2,2026-09-05,05,quantile,0.95,37.0
2026-08-22,wk inc covid hosp,2,2026-09-05,05,quantile,0.975,45.0
2026-08-22,wk inc covid hosp,2,2026-09-05,05,quantile,0.99,56.0
2026-08-22,wk inc covid hosp,2,2026-09-05,06,quantile,0.01,196.0
2026-08-22,wk inc covid hosp,2,2026-09-05,06,quantile,0.025,210.0
2026-08-22,wk inc covid hosp,2,2026-09-05,06,quantile,0.05,232.0
2026-08-22,wk inc covid hosp,2,2026-09-05,06,quantile,0.1,253.0
2026-08-22,wk inc covid hosp,2,2026-09-05,06,quantile,0.15,276.0
2026-08-22,wk inc covid hosp,2,2026-09-05,06,quantile,0.2,294.0
2026-08-22,wk inc covid hosp,2,2026-09-05,06,quantile,0.25,310.0
2026-08-22,wk inc covid hosp,2,2026-09-05,06,quantile,0.3,325.0
2026-08-22,wk inc covid hosp,2,2026-09-05,06,quantile,0.35,340.0
2026-08-22,wk inc covid hosp,2,2026-09-05,06,quantile,0.4,353.0
2026-08-22,wk inc covid hosp,2,2026-09-05,06,quantile,0.45,367.0
2026-08-22,wk inc covid hosp,2,2026-09-05,06,quantile,0.5,377.0
2026-08-22,wk inc covid hosp,2,2026-09-05,06,quantile,0.55,398.0
2026-08-22,wk inc covid hosp,2,2026-09-05,06,quantile,0.6,414.0
2026-08-22,wk inc covid hosp,2,2026-09-05,06,quantile,0.65,434.0
2026-08-22,wk inc covid hosp,2,2026-09-05,06,quantile,0.7,453.0
2026-08-22,wk inc covid hosp,2,2026-09-05,06,quantile,0.75,473.0
2026-08-22,wk inc covid hosp,2,2026-09-05,06,quantile,0.8,494.0
2026-08-22,wk inc covid hosp,2,2026-09-05,06,quantile,0.85,519.0
2026-08-22,wk inc covid hosp,2,2026-09-05,06,quantile,0.9,550.0
2026-08-22,wk inc covid hosp,2,2026-09-05,06,quantile,0.95,626.0
2026-08-22,wk inc covid hosp,2,2026-09-05,06,quantile,0.975,683.0
2026-08-22,wk inc covid hosp,2,2026-09-05,06,quantile,0.99,711.0
2026-08-22,wk inc covid hosp,2,2026-09-05,08,quantile,0.01,0.0
2026-08-22,wk inc covid hosp,2,2026-09-05,08,quantile,0.025,0.0
2026-08-22,wk inc covid hosp,2,2026-09-05,08,quantile,0.05,1.0
2026-08-22,wk inc covid hosp,2,2026-09-05,08,quantile,0.1,2.0
2026-08-22,wk inc covid hosp,2,2026-09-05,08,quantile,0.15,3.0
2026-08-22,wk inc covid hosp,2,2026-09-05,08,quantile,0.2,4.0
2026-08-22,wk inc covid hosp,2,2026-09-05,08,quantile,0.25,5.0
2026-08-22,wk inc covid hosp,2,2026-09-05,08,quantile,0.3,7.0
2026-08-22,wk inc covid hosp,2,2026-09-05,08,quantile,0.35,8.0
2026-08-22,wk inc covid hosp,2,2026-09-05,08,quantile,0.4,10.0
2026-08-22,wk inc covid hosp,2,2026-09-05,08,quantile,0.45,11.0
2026-08-22,wk inc covid hosp,2,2026-09-05,08,quantile,0.5,12.0
2026-08-22,wk inc covid hosp,2,2026-09-05,08,quantile,0.55,14.0
2026-08-22,wk inc covid hosp,2,2026-09-05,08,quantile,0.6,15.0
2026-08-22,wk inc covid hosp,2,2026-09-05,08,quantile,0.65,17.0
2026-08-22,wk inc covid hosp,2,2026-09-05,08,quantile,0.7,18.0
2026-08-22,wk inc covid hosp,2,2026-09-05,08,quantile,0.75,21.0
2026-08-22,wk inc covid hosp,2,2026-09-05,08,quantile,0.8,23.0
2026-08-22,wk inc covid hosp,2,2026-09-05,08,quantile,0.85,26.0
2026-08-22,wk inc covid hosp,2,2026-09-05,08,quantile,0.9,30.0
2026-08-22,wk inc covid hosp,2,2026-09-05,08,quantile,0.95,36.0
2026-08-22,wk inc covid hosp,2,2026-09-05,08,quantile,0.975,44.0
2026-08-22,wk inc covid hosp,2,2026-09-05,08,quantile,0.99,49.0
2026-08-22,wk inc covid hosp,2,2026-09-05,09,quantile,0.01,0.0
2026-08-22,wk inc covid hosp,2,2026-09-05,09,quantile,0.025,0.0
2026-08-22,wk inc covid hosp,2,2026-09-05,09,quantile,0.05,0.0
2026-08-22,wk inc covid hosp,2,2026-09-05,09,quantile,0.1,0.0
2026-08-22,wk inc covid hosp,2,2026-09-05,09,quantile,0.15,0.0
2026-08-22,wk inc covid hosp,2,2026-09-05,09,quantile,0.2,0.0
2026-08-22,wk inc covid hosp,2,2026-09-05,09,quantile,0.25,1.0
2026-08-22,wk inc covid hosp,2,2026-09-05,09,quantile,0.3,1.0
2026-08-22,wk inc covid hosp,2,2026-09-05,09,quantile,0.35,2.0
2026-08-22,wk inc covid hosp,2,2026-09-05,09,quantile,0.4,2.0
2026-08-22,wk inc covid hosp,2,2026-09-05,09,quantile,0.45,3.0
2026-08-22,wk inc covid hosp,2,2026-09-05,09,quantile,0.5,4.0
2026-08-22,wk inc covid hosp,2,2026-09-05,09,quantile,0.55,5.0
2026-08-22,wk inc covid hosp,2,2026-09-05,09,quantile,0.6,6.0
2026-08-22,wk inc covid hosp,2,2026-09-05,09,quantile,0.65,7.0
2026-08-22,wk inc covid hosp,2,2026-09-05,09,quantile,0.7,8.0
2026-08-22,wk inc covid hosp,2,2026-09-05,09,quantile,0.75,9.0
2026-08-22,wk inc covid hosp,2,2026-09-05,09,quantile,0.8,11.0
2026-08-22,wk inc covid hosp,2,2026-09-05,09,quantile,0.85,13.0
2026-08-22,wk inc covid hosp,2,2026-09-05,09,quantile,0.9,15.0
2026-08-22,wk inc covid hosp,2,2026-09-05,09,quantile,0.95,20.0
2026-08-22,wk inc covid hosp,2,2026-09-05,09,quantile,0.975,24.0
2026-08-22,wk inc covid hosp,2,2026-09-05,09,quantile,0.99,28.0
2026-08-22,wk inc covid hosp,2,2026-09-05,10,quantile,0.01,0.0
2026-08-22,wk inc covid hosp,2,2026-09-05,10,quantile,0.025,0.0
2026-08-22,wk inc covid hosp,2,2026-09-05,10,quantile,0.05,0.0
2026-08-22,wk inc covid hosp,2,2026-09-05,10,quantile,0.1,0.0
2026-08-22,wk inc covid hosp,2,2026-09-05,10,quantile,0.15,0.0
2026-08-22,wk inc covid hosp,2,2026-09-05,10,quantile,0.2,0.0
2026-08-22,wk inc covid hosp,2,2026-09-05,10,quantile,0.25,0.0
2026-08-22,wk inc covid hosp,2,2026-09-05,10,quantile,0.3,0.0
2026-08-22,wk inc covid hosp,2,2026-09-05,10,quantile,0.35,0.0
2026-08-22,wk inc covid hosp,2,2026-09-05,10,quantile,0.4,0.0
2026-08-22,wk inc covid hosp,2,2026-09-05,10,quantile,0.45,0.0
2026-08-22,wk inc covid hosp,2,2026-09-05,10,quantile,0.5,0.0
2026-08-22,wk inc covid hosp,2,2026-09-05,10,quantile,0.55,0.0
2026-08-22,wk inc covid hosp,2,2026-09-05,10,quantile,0.6,0.0
2026-08-22,wk inc covid hosp,2,2026-09-05,10,quantile,0.65,1.0
2026-08-22,wk inc covid hosp,2,2026-09-05,10,quantile,0.7,2.0
2026-08-22,wk inc covid hosp,2,2026-09-05,10,quantile,0.75,3.0
2026-08-22,wk inc covid hosp,2,2026-09-05,10,quantile,0.8,4.0
2026-08-22,wk inc covid hosp,2,2026-09-05,10,quantile,0.85,5.0
2026-08-22,wk inc covid hosp,2,2026-09-05,10,quantile,0.9,8.0
2026-08-22,wk inc covid hosp,2,2026-09-05,10,quantile,0.95,13.0
2026-08-22,wk inc covid hosp,2,2026-09-05,10,quantile,0.975,15.0
2026-08-22,wk inc covid hosp,2,2026-09-05,10,quantile,0.99,19.0
2026-08-22,wk inc covid hosp,2,2026-09-05,11,quantile,0.01,0.0
2026-08-22,wk inc covid hosp,2,2026-09-05,11,quantile,0.025,0.0
2026-08-22,wk inc covid hosp,2,2026-09-05,11,quantile,0.05,0.0
2026-08-22,wk inc covid hosp,2,2026-09-05,11,quantile,0.1,0.0
2026-08-22,wk inc covid hosp,2,2026-09-05,11,quantile,0.15,0.0
2026-08-22,wk inc covid hosp,2,2026-09-05,11,quantile,0.2,0.0
2026-08-22,wk inc covid hosp,2,2026-09-05,11,quantile,0.25,0.0
2026-08-22,wk inc covid hosp,2,2026-09-05,11,quantile,0.3,0.0
2026-08-22,wk inc covid hosp,2,2026-09-05,11,quantile,0.35,0.0
2026-08-22,wk inc covid hosp,2,2026-09-05,11,quantile,0.4,0.0
2026-08-22,wk inc covid hosp,2,2026-09-05,11,quantile,0.45,1.0
2026-08-22,wk inc covid hosp,2,2026-09-05,11,quantile,0.5,2.0
2026-08-22,wk inc covid hosp,2,2026-09-05,11,quantile,0.55,2.0
2026-08-22,wk inc covid hosp,2,2026-09-05,11,quantile,0.6,3.0
2026-08-22,wk inc covid hosp,2,2026-09-05,11,quantile,0.65,4.0
2026-08-22,wk inc covid hosp,2,2026-09-05,11,quantile,0.7,5.0
2026-08-22,wk inc covid hosp,2,2026-09-05,11,quantile,0.75,6.0
2026-08-22,wk inc covid hosp,2,2026-09-05,11,quantile,0.8,8.0
2026-08-22,wk inc covid hosp,2,2026-09-05,11,quantile,0.85,10.0
2026-08-22,wk inc covid hosp,2,2026-09-05,11,quantile,0.9,13.0
2026-08-22,wk inc covid hosp,2,2026-09-05,11,quantile,0.95,18.0
2026-08-22,wk inc covid hosp,2,2026-09-05,11,quantile,0.975,21.0
2026-08-22,wk inc covid hosp,2,2026-09-05,11,quantile,0.99,26.0
2026-08-22,wk inc covid hosp,2,2026-09-05,12,quantile,0.01,155.0
2026-08-22,wk inc covid hosp,2,2026-09-05,12,quantile,0.025,182.0
2026-08-22,wk inc covid hosp,2,2026-09-05,12,quantile,0.05,200.0
2026-08-22,wk inc covid hosp,2,2026-09-05,12,quantile,0.1,220.0
2026-08-22,wk inc covid hosp,2,2026-09-05,12,quantile,0.15,239.0
2026-08-22,wk inc covid hosp,2,2026-09-05,12,quantile,0.2,251.0
2026-08-22,wk inc covid hosp,2,2026-09-05,12,quantile,0.25,265.0
2026-08-22,wk inc covid hosp,2,2026-09-05,12,quantile,0.3,281.0
2026-08-22,wk inc covid hosp,2,2026-09-05,12,quantile,0.35,295.0
2026-08-22,wk inc covid hosp,2,2026-09-05,12,quantile,0.4,308.0
2026-08-22,wk inc covid hosp,2,2026-09-05,12,quantile,0.45,322.0
2026-08-22,wk inc covid hosp,2,2026-09-05,12,quantile,0.5,333.0
2026-08-22,wk inc covid hosp,2,2026-09-05,12,quantile,0.55,346.0
2026-08-22,wk inc covid hosp,2,2026-09-05,12,quantile,0.6,356.0
2026-08-22,wk inc covid hosp,2,2026-09-05,12,quantile,0.65,372.0
2026-08-22,wk inc covid hosp,2,2026-09-05,12,quantile,0.7,384.0
2026-08-22,wk inc covid hosp,2,2026-09-05,12,quantile,0.75,399.0
2026-08-22,wk inc covid hosp,2,2026-09-05,12,quantile,0.8,418.0
2026-08-22,wk inc covid hosp,2,2026-09-05,12,quantile,0.85,439.0
2026-08-22,wk inc covid hosp,2,2026-09-05,12,quantile,0.9,474.0
2026-08-22,wk inc covid hosp,2,2026-09-05,12,quantile,0.95,525.0
2026-08-22,wk inc covid hosp,2,2026-09-05,12,quantile,0.975,585.0
2026-08-22,wk inc covid hosp,2,2026-09-05,12,quantile,0.99,641.0
2026-08-22,wk inc covid hosp,2,2026-09-05,13,quantile,0.01,22.0
2026-08-22,wk inc covid hosp,2,2026-09-05,13,quantile,0.025,30.0
2026-08-22,wk inc covid hosp,2,2026-09-05,13,quantile,0.05,35.0
2026-08-22,wk inc covid hosp,2,2026-09-05,13,quantile,0.1,42.0
2026-08-22,wk inc covid hosp,2,2026-09-05,13,quantile,0.15,47.0
2026-08-22,wk inc covid hosp,2,2026-09-05,13,quantile,0.2,51.0
2026-08-22,wk inc covid hosp,2,2026-09-05,13,quantile,0.25,56.0
2026-08-22,wk inc covid hosp,2,2026-09-05,13,quantile,0.3,61.0
2026-08-22,wk inc covid hosp,2,2026-09-05,13,quantile,0.35,65.0
2026-08-22,wk inc covid hosp,2,2026-09-05,13,quantile,0.4,69.0
2026-08-22,wk inc covid hosp,2,2026-09-05,13,quantile,0.45,74.0
2026-08-22,wk inc covid hosp,2,2026-09-05,13,quantile,0.5,80.0
2026-08-22,wk inc covid hosp,2,2026-09-05,13,quantile,0.55,83.0
2026-08-22,wk inc covid hosp,2,2026-09-05,13,quantile,0.6,87.0
2026-08-22,wk inc covid hosp,2,2026-09-05,13,quantile,0.65,93.0
2026-08-22,wk inc covid hosp,2,2026-09-05,13,quantile,0.7,98.0
2026-08-22,wk inc covid hosp,2,2026-09-05,13,quantile,0.75,104.0
2026-08-22,wk inc covid hosp,2,2026-09-05,13,quantile,0.8,110.0
2026-08-22,wk inc covid hosp,2,2026-09-05,13,quantile,0.85,117.0
2026-08-22,wk inc covid hosp,2,2026-09-05,13,quantile,0.9,132.0
2026-08-22,wk inc covid hosp,2,2026-09-05,13,quantile,0.95,153.0
2026-08-22,wk inc covid hosp,2,2026-09-05,13,quantile,0.975,171.0
2026-08-22,wk inc covid hosp,2,2026-09-05,13,quantile,0.99,207.0
2026-08-22,wk inc covid hosp,2,2026-09-05,15,quantile,0.01,0.0
2026-08-22,wk inc covid hosp,2,2026-09-05,15,quantile,0.025,2.0
2026-08-22,wk inc covid hosp,2,2026-09-05,15,quantile,0.05,4.0
2026-08-22,wk inc covid hosp,2,2026-09-05,15,quantile,0.1,7.0
2026-08-22,wk inc covid hosp,2,2026-09-05,15,quantile,0.15,10.0
2026-08-22,wk inc covid hosp,2,2026-09-05,15,quantile,0.2,12.0
2026-08-22,wk inc covid hosp,2,2026-09-05,15,quantile,0.25,14.0
2026-08-22,wk inc covid hosp,2,2026-09-05,15,quantile,0.3,16.0
2026-08-22,wk inc covid hosp,2,2026-09-05,15,quantile,0.35,17.0
2026-08-22,wk inc covid hosp,2,2026-09-05,15,quantile,0.4,18.0
2026-08-22,wk inc covid hosp,2,2026-09-05,15,quantile,0.45,20.0
2026-08-22,wk inc covid hosp,2,2026-09-05,15,quantile,0.5,22.0
2026-08-22,wk inc covid hosp,2,2026-09-05,15,quantile,0.55,24.0
2026-08-22,wk inc covid hosp,2,2026-09-05,15,quantile,0.6,26.0
2026-08-22,wk inc covid hosp,2,2026-09-05,15,quantile,0.65,28.0
2026-08-22,wk inc covid hosp,2,2026-09-05,15,quantile,0.7,31.0
2026-08-22,wk inc covid hosp,2,2026-09-05,15,quantile,0.75,34.0
2026-08-22,wk inc covid hosp,2,2026-09-05,15,quantile,0.8,37.0
2026-08-22,wk inc covid hosp,2,2026-09-05,15,quantile,0.85,43.0
2026-08-22,wk inc covid hosp,2,2026-09-05,15,quantile,0.9,49.0
2026-08-22,wk inc covid hosp,2,2026-09-05,15,quantile,0.95,57.0
2026-08-22,wk inc covid hosp,2,2026-09-05,15,quantile,0.975,70.0
2026-08-22,wk inc covid hosp,2,2026-09-05,15,quantile,0.99,77.0
2026-08-22,wk inc covid hosp,2,2026-09-05,16,quantile,0.01,0.0
2026-08-22,wk inc covid hosp,2,2026-09-05,16,quantile,0.025,0.0
2026-08-22,wk inc covid hosp,2,2026-09-05,16,quantile,0.05,0.0
2026-08-22,wk inc covid hosp,2,2026-09-05,16,quantile,0.1,0.0
2026-08-22,wk inc covid hosp,2,2026-09-05,16,quantile,0.15,0.0
2026-08-22,wk inc covid hosp,2,2026-09-05,16,quantile,0.2,1.0
2026-08-22,wk inc covid hosp,2,2026-09-05,16,quantile,0.25,2.0
2026-08-22,wk inc covid hosp,2,2026-09-05,16,quantile,0.3,3.0
2026-08-22,wk inc covid hosp,2,2026-09-05,16,quantile,0.35,5.0
2026-08-22,wk inc covid hosp,2,2026-09-05,16,quantile,0.4,7.0
2026-08-22,wk inc covid hosp,2,2026-09-05,16,quantile,0.45,8.0
2026-08-22,wk inc covid hosp,2,2026-09-05,16,quantile,0.5,10.0
2026-08-22,wk inc covid hosp,2,2026-09-05,16,quantile,0.55,12.0
2026-08-22,wk inc covid hosp,2,2026-09-05,16,quantile,0.6,14.0
2026-08-22,wk inc covid hosp,2,2026-09-05,16,quantile,0.65,17.0
2026-08-22,wk inc covid hosp,2,2026-09-05,16,quantile,0.7,20.0
2026-08-22,wk inc covid hosp,2,2026-09-05,16,quantile,0.75,24.0
2026-08-22,wk inc covid hosp,2,2026-09-05,16,quantile,0.8,28.0
2026-08-22,wk inc covid hosp,2,2026-09-05,16,quantile,0.85,33.0
2026-08-22,wk inc covid hosp,2,2026-09-05,16,quantile,0.9,39.0
2026-08-22,wk inc covid hosp,2,2026-09-05,16,quantile,0.95,57.0
2026-08-22,wk inc covid hosp,2,2026-09-05,16,quantile,0.975,79.0
2026-08-22,wk inc covid hosp,2,2026-09-05,16,quantile,0.99,113.0
2026-08-22,wk inc covid hosp,2,2026-09-05,17,quantile,0.01,4.0
2026-08-22,wk inc covid hosp,2,2026-09-05,17,quantile,0.025,6.0
2026-08-22,wk inc covid hosp,2,2026-09-05,17,quantile,0.05,9.0
2026-08-22,wk inc covid hosp,2,2026-09-05,17,quantile,0.1,12.0
2026-08-22,wk inc covid hosp,2,2026-09-05,17,quantile,0.15,15.0
2026-08-22,wk inc covid hosp,2,2026-09-05,17,quantile,0.2,18.0
2026-08-22,wk inc covid hosp,2,2026-09-05,17,quantile,0.25,19.0
2026-08-22,wk inc covid hosp,2,2026-09-05,17,quantile,0.3,22.0
2026-08-22,wk inc covid hosp,2,2026-09-05,17,quantile,0.35,24.0
2026-08-22,wk inc covid hosp,2,2026-09-05,17,quantile,0.4,26.0
2026-08-22,wk inc covid hosp,2,2026-09-05,17,quantile,0.45,27.0
2026-08-22,wk inc covid hosp,2,2026-09-05,17,quantile,0.5,29.0
2026-08-22,wk inc covid hosp,2,2026-09-05,17,quantile,0.55,31.0
2026-08-22,wk inc covid hosp,2,2026-09-05,17,quantile,0.6,34.0
2026-08-22,wk inc covid hosp,2,2026-09-05,17,quantile,0.65,36.0
2026-08-22,wk inc covid hosp,2,2026-09-05,17,quantile,0.7,39.0
2026-08-22,wk inc covid hosp,2,2026-09-05,17,quantile,0.75,42.0
2026-08-22,wk inc covid hosp,2,2026-09-05,17,quantile,0.8,45.0
2026-08-22,wk inc covid hosp,2,2026-09-05,17,quantile,0.85,50.0
2026-08-22,wk inc covid hosp,2,2026-09-05,17,quantile,0.9,55.0
2026-08-22,wk inc covid hosp,2,2026-09-05,17,quantile,0.95,65.0
2026-08-22,wk inc covid hosp,2,2026-09-05,17,quantile,0.975,74.0
2026-08-22,wk inc covid hosp,2,2026-09-05,17,quantile,0.99,87.0
2026-08-22,wk inc covid hosp,2,2026-09-05,18,quantile,0.01,0.0
2026-08-22,wk inc covid hosp,2,2026-09-05,18,quantile,0.025,2.0
2026-08-22,wk inc covid hosp,2,2026-09-05,18,quantile,0.05,4.0
2026-08-22,wk inc covid hosp,2,2026-09-05,18,quantile,0.1,7.0
2026-08-22,wk inc covid hosp,2,2026-09-05,18,quantile,0.15,9.0
2026-08-22,wk inc covid hosp,2,2026-09-05,18,quantile,0.2,13.0
2026-08-22,wk inc covid hosp,2,2026-09-05,18,quantile,0.25,15.0
2026-08-22,wk inc covid hosp,2,2026-09-05,18,quantile,0.3,17.0
2026-08-22,wk inc covid hosp,2,2026-09-05,18,quantile,0.35,19.0
2026-08-22,wk inc covid hosp,2,2026-09-05,18,quantile,0.4,21.0
2026-08-22,wk inc covid hosp,2,2026-09-05,18,quantile,0.45,23.0
2026-08-22,wk inc covid hosp,2,2026-09-05,18,quantile,0.5,25.0
2026-08-22,wk inc covid hosp,2,2026-09-05,18,quantile,0.55,27.0
2026-08-22,wk inc covid hosp,2,2026-09-05,18,quantile,0.6,29.0
2026-08-22,wk inc covid hosp,2,2026-09-05,18,quantile,0.65,32.0
2026-08-22,wk inc covid hosp,2,2026-09-05,18,quantile,0.7,35.0
2026-08-22,wk inc covid hosp,2,2026-09-05,18,quantile,0.75,38.0
2026-08-22,wk inc covid hosp,2,2026-09-05,18,quantile,0.8,41.0
2026-08-22,wk inc covid hosp,2,2026-09-05,18,quantile,0.85,46.0
2026-08-22,wk inc covid hosp,2,2026-09-05,18,quantile,0.9,50.0
2026-08-22,wk inc covid hosp,2,2026-09-05,18,quantile,0.95,64.0
2026-08-22,wk inc covid hosp,2,2026-09-05,18,quantile,0.975,73.0
2026-08-22,wk inc covid hosp,2,2026-09-05,18,quantile,0.99,85.0
2026-08-22,wk inc covid hosp,2,2026-09-05,19,quantile,0.01,0.0
2026-08-22,wk inc covid hosp,2,2026-09-05,19,quantile,0.025,0.0
2026-08-22,wk inc covid hosp,2,2026-09-05,19,quantile,0.05,0.0
2026-08-22,wk inc covid hosp,2,2026-09-05,19,quantile,0.1,0.0
2026-08-22,wk inc covid hosp,2,2026-09-05,19,quantile,0.15,0.0
2026-08-22,wk inc covid hosp,2,2026-09-05,19,quantile,0.2,0.0
2026-08-22,wk inc covid hosp,2,2026-09-05,19,quantile,0.25,0.0
2026-08-22,wk inc covid hosp,2,2026-09-05,19,quantile,0.3,0.0
2026-08-22,wk inc covid hosp,2,2026-09-05,19,quantile,0.35,0.0
2026-08-22,wk inc covid hosp,2,2026-09-05,19,quantile,0.4,1.0
2026-08-22,wk inc covid hosp,2,2026-09-05,19,quantile,0.45,1.0
2026-08-22,wk inc covid hosp,2,2026-09-05,19,quantile,0.5,2.0
2026-08-22,wk inc covid hosp,2,2026-09-05,19,quantile,0.55,3.0
2026-08-22,wk inc covid hosp,2,2026-09-05,19,quantile,0.6,4.0
2026-08-22,wk inc covid hosp,2,2026-09-05,19,quantile,0.65,5.0
2026-08-22,wk inc covid hosp,2,2026-09-05,19,quantile,0.7,7.0
2026-08-22,wk inc covid hosp,2,2026-09-05,19,quantile,0.75,8.0
2026-08-22,wk inc covid hosp,2,2026-09-05,19,quantile,0.8,10.0
2026-08-22,wk inc covid hosp,2,2026-09-05,19,quantile,0.85,13.0
2026-08-22,wk inc covid hosp,2,2026-09-05,19,quantile,0.9,17.0
2026-08-22,wk inc covid hosp,2,2026-09-05,19,quantile,0.95,23.0
2026-08-22,wk inc covid hosp,2,2026-09-05,19,quantile,0.975,27.0
2026-08-22,wk inc covid hosp,2,2026-09-05,19,quantile,0.99,32.0
2026-08-22,wk inc covid hosp,2,2026-09-05,20,quantile,0.01,0.0
2026-08-22,wk inc covid hosp,2,2026-09-05,20,quantile,0.025,0.0
2026-08-22,wk inc covid hosp,2,2026-09-05,20,quantile,0.05,0.0
2026-08-22,wk inc covid hosp,2,2026-09-05,20,quantile,0.1,0.0
2026-08-22,wk inc covid hosp,2,2026-09-05,20,quantile,0.15,0.0
2026-08-22,wk inc covid hosp,2,2026-09-05,20,quantile,0.2,0.0
2026-08-22,wk inc covid hosp,2,2026-09-05,20,quantile,0.25,0.0
2026-08-22,wk inc covid hosp,2,2026-09-05,20,quantile,0.3,0.0
2026-08-22,wk inc covid hosp,2,2026-09-05,20,quantile,0.35,1.0
2026-08-22,wk inc covid hosp,2,2026-09-05,20,quantile,0.4,1.0
2026-08-22,wk inc covid hosp,2,2026-09-05,20,quantile,0.45,2.0
2026-08-22,wk inc covid hosp,2,2026-09-05,20,quantile,0.5,3.0
2026-08-22,wk inc covid hosp,2,2026-09-05,20,quantile,0.55,3.0
2026-08-22,wk inc covid hosp,2,2026-09-05,20,quantile,0.6,4.0
2026-08-22,wk inc covid hosp,2,2026-09-05,20,quantile,0.65,5.0
2026-08-22,wk inc covid hosp,2,2026-09-05,20,quantile,0.7,6.0
2026-08-22,wk inc covid hosp,2,2026-09-05,20,quantile,0.75,7.0
2026-08-22,wk inc covid hosp,2,2026-09-05,20,quantile,0.8,8.0
2026-08-22,wk inc covid hosp,2,2026-09-05,20,quantile,0.85,10.0
2026-08-22,wk inc covid hosp,2,2026-09-05,20,quantile,0.9,13.0
2026-08-22,wk inc covid hosp,2,2026-09-05,20,quantile,0.95,17.0
2026-08-22,wk inc covid hosp,2,2026-09-05,20,quantile,0.975,20.0
2026-08-22,wk inc covid hosp,2,2026-09-05,20,quantile,0.99,25.0
2026-08-22,wk inc covid hosp,2,2026-09-05,21,quantile,0.01,0.0
2026-08-22,wk inc covid hosp,2,2026-09-05,21,quantile,0.025,0.0
2026-08-22,wk inc covid hosp,2,2026-09-05,21,quantile,0.05,1.0
2026-08-22,wk inc covid hosp,2,2026-09-05,21,quantile,0.1,3.0
2026-08-22,wk inc covid hosp,2,2026-09-05,21,quantile,0.15,4.0
2026-08-22,wk inc covid hosp,2,2026-09-05,21,quantile,0.2,5.0
2026-08-22,wk inc covid hosp,2,2026-09-05,21,quantile,0.25,7.0
2026-08-22,wk inc covid hosp,2,2026-09-05,21,quantile,0.3,8.0
2026-08-22,wk inc covid hosp,2,2026-09-05,21,quantile,0.35,9.0
2026-08-22,wk inc covid hosp,2,2026-09-05,21,quantile,0.4,10.0
2026-08-22,wk inc covid hosp,2,2026-09-05,21,quantile,0.45,11.0
2026-08-22,wk inc covid hosp,2,2026-09-05,21,quantile,0.5,13.0
2026-08-22,wk inc covid hosp,2,2026-09-05,21,quantile,0.55,15.0
2026-08-22,wk inc covid hosp,2,2026-09-05,21,quantile,0.6,16.0
2026-08-22,wk inc covid hosp,2,2026-09-05,21,quantile,0.65,18.0
2026-08-22,wk inc covid hosp,2,2026-09-05,21,quantile,0.7,20.0
2026-08-22,wk inc covid hosp,2,2026-09-05,21,quantile,0.75,22.0
2026-08-22,wk inc covid hosp,2,2026-09-05,21,quantile,0.8,25.0
2026-08-22,wk inc covid hosp,2,2026-09-05,21,quantile,0.85,28.0
2026-08-22,wk inc covid hosp,2,2026-09-05,21,quantile,0.9,32.0
2026-08-22,wk inc covid hosp,2,2026-09-05,21,quantile,0.95,38.0
2026-08-22,wk inc covid hosp,2,2026-09-05,21,quantile,0.975,48.0
2026-08-22,wk inc covid hosp,2,2026-09-05,21,quantile,0.99,58.0
2026-08-22,wk inc covid hosp,2,2026-09-05,22,quantile,0.01,4.0
2026-08-22,wk inc covid hosp,2,2026-09-05,22,quantile,0.025,6.0
2026-08-22,wk inc covid hosp,2,2026-09-05,22,quantile,0.05,9.0
2026-08-22,wk inc covid hosp,2,2026-09-05,22,quantile,0.1,12.0
2026-08-22,wk inc covid hosp,2,2026-09-05,22,quantile,0.15,15.0
2026-08-22,wk inc covid hosp,2,2026-09-05,22,quantile,0.2,18.0
2026-08-22,wk inc covid hosp,2,2026-09-05,22,quantile,0.25,21.0
2026-08-22,wk inc covid hosp,2,2026-09-05,22,quantile,0.3,22.0
2026-08-22,wk inc covid hosp,2,2026-09-05,22,quantile,0.35,24.0
2026-08-22,wk inc covid hosp,2,2026-09-05,22,quantile,0.4,26.0
2026-08-22,wk inc covid hosp,2,2026-09-05,22,quantile,0.45,28.0
2026-08-22,wk inc covid hosp,2,2026-09-05,22,quantile,0.5,30.0
2026-08-22,wk inc covid hosp,2,2026-09-05,22,quantile,0.55,32.0
2026-08-22,wk inc covid hosp,2,2026-09-05,22,quantile,0.6,34.0
2026-08-22,wk inc covid hosp,2,2026-09-05,22,quantile,0.65,36.0
2026-08-22,wk inc covid hosp,2,2026-09-05,22,quantile,0.7,39.0
2026-08-22,wk inc covid hosp,2,2026-09-05,22,quantile,0.75,44.0
2026-08-22,wk inc covid hosp,2,2026-09-05,22,quantile,0.8,48.0
2026-08-22,wk inc covid hosp,2,2026-09-05,22,quantile,0.85,54.0
2026-08-22,wk inc covid hosp,2,2026-09-05,22,quantile,0.9,62.0
2026-08-22,wk inc covid hosp,2,2026-09-05,22,quantile,0.95,74.0
2026-08-22,wk inc covid hosp,2,2026-09-05,22,quantile,0.975,81.0
2026-08-22,wk inc covid hosp,2,2026-09-05,22,quantile,0.99,92.0
2026-08-22,wk inc covid hosp,2,2026-09-05,23,quantile,0.01,0.0
2026-08-22,wk inc covid hosp,2,2026-09-05,23,quantile,0.025,0.0
2026-08-22,wk inc covid hosp,2,2026-09-05,23,quantile,0.05,0.0
2026-08-22,wk inc covid hosp,2,2026-09-05,23,quantile,0.1,0.0
2026-08-22,wk inc covid hosp,2,2026-09-05,23,quantile,0.15,0.0
2026-08-22,wk inc covid hosp,2,2026-09-05,23,quantile,0.2,0.0
2026-08-22,wk inc covid hosp,2,2026-09-05,23,quantile,0.25,0.0
2026-08-22,wk inc covid hosp,2,2026-09-05,23,quantile,0.3,0.0
2026-08-22,wk inc covid hosp,2,2026-09-05,23,quantile,0.35,0.0
2026-08-22,wk inc covid hosp,2,2026-09-05,23,quantile,0.4,0.0
2026-08-22,wk inc covid hosp,2,2026-09-05,23,quantile,0.45,0.0
2026-08-22,wk inc covid hosp,2,2026-09-05,23,quantile,0.5,0.0
2026-08-22,wk inc covid hosp,2,2026-09-05,23,quantile,0.55,0.0
2026-08-22,wk inc covid hosp,2,2026-09-05,23,quantile,0.6,0.0
2026-08-22,wk inc covid hosp,2,2026-09-05,23,quantile,0.65,0.0
2026-08-22,wk inc covid hosp,2,2026-09-05,23,quantile,0.7,0.0
2026-08-22,wk inc covid hosp,2,2026-09-05,23,quantile,0.75,0.0
2026-08-22,wk inc covid hosp,2,2026-09-05,23,quantile,0.8,1.0
2026-08-22,wk inc covid hosp,2,2026-09-05,23,quantile,0.85,1.0
2026-08-22,wk inc covid hosp,2,2026-09-05,23,quantile,0.9,2.0
2026-08-22,wk inc covid hosp,2,2026-09-05,23,quantile,0.95,4.0
2026-08-22,wk inc covid hosp,2,2026-09-05,23,quantile,0.975,5.0
2026-08-22,wk inc covid hosp,2,2026-09-05,23,quantile,0.99,9.0
2026-08-22,wk inc covid hosp,2,2026-09-05,24,quantile,0.01,0.0
2026-08-22,wk inc covid hosp,2,2026-09-05,24,quantile,0.025,1.0
2026-08-22,wk inc covid hosp,2,2026-09-05,24,quantile,0.05,2.0
2026-08-22,wk inc covid hosp,2,2026-09-05,24,quantile,0.1,4.0
2026-08-22,wk inc covid hosp,2,2026-09-05,24,quantile,0.15,7.0
2026-08-22,wk inc covid hosp,2,2026-09-05,24,quantile,0.2,9.0
2026-08-22,wk inc covid hosp,2,2026-09-05,24,quantile,0.25,11.0
2026-08-22,wk inc covid hosp,2,2026-09-05,24,quantile,0.3,13.0
2026-08-22,wk inc covid hosp,2,2026-09-05,24,quantile,0.35,15.0
2026-08-22,wk inc covid hosp,2,2026-09-05,24,quantile,0.4,17.0
2026-08-22,wk inc covid hosp,2,2026-09-05,24,quantile,0.45,19.0
2026-08-22,wk inc covid hosp,2,2026-09-05,24,quantile,0.5,21.0
2026-08-22,wk inc covid hosp,2,2026-09-05,24,quantile,0.55,24.0
2026-08-22,wk inc covid hosp,2,2026-09-05,24,quantile,0.6,27.0
2026-08-22,wk inc covid hosp,2,2026-09-05,24,quantile,0.65,29.0
2026-08-22,wk inc covid hosp,2,2026-09-05,24,quantile,0.7,32.0
2026-08-22,wk inc covid hosp,2,2026-09-05,24,quantile,0.75,35.0
2026-08-22,wk inc covid hosp,2,2026-09-05,24,quantile,0.8,40.0
2026-08-22,wk inc covid hosp,2,2026-09-05,24,quantile,0.85,46.0
2026-08-22,wk inc covid hosp,2,2026-09-05,24,quantile,0.9,54.0
2026-08-22,wk inc covid hosp,2,2026-09-05,24,quantile,0.95,62.0
2026-08-22,wk inc covid hosp,2,2026-09-05,24,quantile,0.975,72.0
2026-08-22,wk inc covid hosp,2,2026-09-05,24,quantile,0.99,80.0
2026-08-22,wk inc covid hosp,2,2026-09-05,25,quantile,0.01,2.0
2026-08-22,wk inc covid hosp,2,2026-09-05,25,quantile,0.025,5.0
2026-08-22,wk inc covid hosp,2,2026-09-05,25,quantile,0.05,8.0
2026-08-22,wk inc covid hosp,2,2026-09-05,25,quantile,0.1,11.0
2026-08-22,wk inc covid hosp,2,2026-09-05,25,quantile,0.15,15.0
2026-08-22,wk inc covid hosp,2,2026-09-05,25,quantile,0.2,18.0
2026-08-22,wk inc covid hosp,2,2026-09-05,25,quantile,0.25,21.0
2026-08-22,wk inc covid hosp,2,2026-09-05,25,quantile,0.3,23.0
2026-08-22,wk inc covid hosp,2,2026-09-05,25,quantile,0.35,26.0
2026-08-22,wk inc covid hosp,2,2026-09-05,25,quantile,0.4,28.0
2026-08-22,wk inc covid hosp,2,2026-09-05,25,quantile,0.45,31.0
2026-08-22,wk inc covid hosp,2,2026-09-05,25,quantile,0.5,34.0
2026-08-22,wk inc covid hosp,2,2026-09-05,25,quantile,0.55,37.0
2026-08-22,wk inc covid hosp,2,2026-09-05,25,quantile,0.6,40.0
2026-08-22,wk inc covid hosp,2,2026-09-05,25,quantile,0.65,43.0
2026-08-22,wk inc covid hosp,2,2026-09-05,25,quantile,0.7,47.0
2026-08-22,wk inc covid hosp,2,2026-09-05,25,quantile,0.75,50.0
2026-08-22,wk inc covid hosp,2,2026-09-05,25,quantile,0.8,54.0
2026-08-22,wk inc covid hosp,2,2026-09-05,25,quantile,0.85,62.0
2026-08-22,wk inc covid hosp,2,2026-09-05,25,quantile,0.9,69.0
2026-08-22,wk inc covid hosp,2,2026-09-05,25,quantile,0.95,85.0
2026-08-22,wk inc covid hosp,2,2026-09-05,25,quantile,0.975,95.0
2026-08-22,wk inc covid hosp,2,2026-09-05,25,quantile,0.99,106.0
2026-08-22,wk inc covid hosp,2,2026-09-05,26,quantile,0.01,0.0
2026-08-22,wk inc covid hosp,2,2026-09-05,26,quantile,0.025,1.0
2026-08-22,wk inc covid hosp,2,2026-09-05,26,quantile,0.05,3.0
2026-08-22,wk inc covid hosp,2,2026-09-05,26,quantile,0.1,5.0
2026-08-22,wk inc covid hosp,2,2026-09-05,26,quantile,0.15,7.0
2026-08-22,wk inc covid hosp,2,2026-09-05,26,quantile,0.2,8.0
2026-08-22,wk inc covid hosp,2,2026-09-05,26,quantile,0.25,10.0
2026-08-22,wk inc covid hosp,2,2026-09-05,26,quantile,0.3,12.0
2026-08-22,wk inc covid hosp,2,2026-09-05,26,quantile,0.35,13.0
2026-08-22,wk inc covid hosp,2,2026-09-05,26,quantile,0.4,15.0
2026-08-22,wk inc covid hosp,2,2026-09-05,26,quantile,0.45,17.0
2026-08-22,wk inc covid hosp,2,2026-09-05,26,quantile,0.5,18.0
2026-08-22,wk inc covid hosp,2,2026-09-05,26,quantile,0.55,20.0
2026-08-22,wk inc covid hosp,2,2026-09-05,26,quantile,0.6,21.0
2026-08-22,wk inc covid hosp,2,2026-09-05,26,quantile,0.65,24.0
2026-08-22,wk inc covid hosp,2,2026-09-05,26,quantile,0.7,26.0
2026-08-22,wk inc covid hosp,2,2026-09-05,26,quantile,0.75,28.0
2026-08-22,wk inc covid hosp,2,2026-09-05,26,quantile,0.8,32.0
2026-08-22,wk inc covid hosp,2,2026-09-05,26,quantile,0.85,36.0
2026-08-22,wk inc covid hosp,2,2026-09-05,26,quantile,0.9,41.0
2026-08-22,wk inc covid hosp,2,2026-09-05,26,quantile,0.95,51.0
2026-08-22,wk inc covid hosp,2,2026-09-05,26,quantile,0.975,58.0
2026-08-22,wk inc covid hosp,2,2026-09-05,26,quantile,0.99,64.0
2026-08-22,wk inc covid hosp,2,2026-09-05,27,quantile,0.01,0.0
2026-08-22,wk inc covid hosp,2,2026-09-05,27,quantile,0.025,0.0
2026-08-22,wk inc covid hosp,2,2026-09-05,27,quantile,0.05,0.0
2026-08-22,wk inc covid hosp,2,2026-09-05,27,quantile,0.1,1.0
2026-08-22,wk inc covid hosp,2,2026-09-05,27,quantile,0.15,2.0
2026-08-22,wk inc covid hosp,2,2026-09-05,27,quantile,0.2,3.0
2026-08-22,wk inc covid hosp,2,2026-09-05,27,quantile,0.25,4.0
2026-08-22,wk inc covid hosp,2,2026-09-05,27,quantile,0.3,5.0
2026-08-22,wk inc covid hosp,2,2026-09-05,27,quantile,0.35,6.0
2026-08-22,wk inc covid hosp,2,2026-09-05,27,quantile,0.4,7.0
2026-08-22,wk inc covid hosp,2,2026-09-05,27,quantile,0.45,9.0
2026-08-22,wk inc covid hosp,2,2026-09-05,27,quantile,0.5,10.0
2026-08-22,wk inc covid hosp,2,2026-09-05,27,quantile,0.55,12.0
2026-08-22,wk inc covid hosp,2,2026-09-05,27,quantile,0.6,13.0
2026-08-22,wk inc covid hosp,2,2026-09-05,27,quantile,0.65,15.0
2026-08-22,wk inc covid hosp,2,2026-09-05,27,quantile,0.7,17.0
2026-08-22,wk inc covid hosp,2,2026-09-05,27,quantile,0.75,20.0
2026-08-22,wk inc covid hosp,2,2026-09-05,27,quantile,0.8,22.0
2026-08-22,wk inc covid hosp,2,2026-09-05,27,quantile,0.85,26.0
2026-08-22,wk inc covid hosp,2,2026-09-05,27,quantile,0.9,31.0
2026-08-22,wk inc covid hosp,2,2026-09-05,27,quantile,0.95,40.0
2026-08-22,wk inc covid hosp,2,2026-09-05,27,quantile,0.975,46.0
2026-08-22,wk inc covid hosp,2,2026-09-05,27,quantile,0.99,54.0
2026-08-22,wk inc covid hosp,2,2026-09-05,28,quantile,0.01,6.0
2026-08-22,wk inc covid hosp,2,2026-09-05,28,quantile,0.025,8.0
2026-08-22,wk inc covid hosp,2,2026-09-05,28,quantile,0.05,11.0
2026-08-22,wk inc covid hosp,2,2026-09-05,28,quantile,0.1,15.0
2026-08-22,wk inc covid hosp,2,2026-09-05,28,quantile,0.15,19.0
2026-08-22,wk inc covid hosp,2,2026-09-05,28,quantile,0.2,21.0
2026-08-22,wk inc covid hosp,2,2026-09-05,28,quantile,0.25,24.0
2026-08-22,wk inc covid hosp,2,2026-09-05,28,quantile,0.3,26.0
2026-08-22,wk inc covid hosp,2,2026-09-05,28,quantile,0.35,28.0
2026-08-22,wk inc covid hosp,2,2026-09-05,28,quantile,0.4,31.0
2026-08-22,wk inc covid hosp,2,2026-09-05,28,quantile,0.45,34.0
2026-08-22,wk inc covid hosp,2,2026-09-05,28,quantile,0.5,37.0
2026-08-22,wk inc covid hosp,2,2026-09-05,28,quantile,0.55,38.0
2026-08-22,wk inc covid hosp,2,2026-09-05,28,quantile,0.6,41.0
2026-08-22,wk inc covid hosp,2,2026-09-05,28,quantile,0.65,45.0
2026-08-22,wk inc covid hosp,2,2026-09-05,28,quantile,0.7,49.0
2026-08-22,wk inc covid hosp,2,2026-09-05,28,quantile,0.75,51.0
2026-08-22,wk inc covid hosp,2,2026-09-05,28,quantile,0.8,55.0
2026-08-22,wk inc covid hosp,2,2026-09-05,28,quantile,0.85,60.0
2026-08-22,wk inc covid hosp,2,2026-09-05,28,quantile,0.9,67.0
2026-08-22,wk inc covid hosp,2,2026-09-05,28,quantile,0.95,81.0
2026-08-22,wk inc covid hosp,2,2026-09-05,28,quantile,0.975,92.0
2026-08-22,wk inc covid hosp,2,2026-09-05,28,quantile,0.99,105.0
2026-08-22,wk inc covid hosp,2,2026-09-05,29,quantile,0.01,0.0
2026-08-22,wk inc covid hosp,2,2026-09-05,29,quantile,0.025,2.0
2026-08-22,wk inc covid hosp,2,2026-09-05,29,quantile,0.05,3.0
2026-08-22,wk inc covid hosp,2,2026-09-05,29,quantile,0.1,6.0
2026-08-22,wk inc covid hosp,2,2026-09-05,29,quantile,0.15,8.0
2026-08-22,wk inc covid hosp,2,2026-09-05,29,quantile,0.2,10.0
2026-08-22,wk inc covid hosp,2,2026-09-05,29,quantile,0.25,12.0
2026-08-22,wk inc covid hosp,2,2026-09-05,29,quantile,0.3,14.0
2026-08-22,wk inc covid hosp,2,2026-09-05,29,quantile,0.35,15.0
2026-08-22,wk inc covid hosp,2,2026-09-05,29,quantile,0.4,17.0
2026-08-22,wk inc covid hosp,2,2026-09-05,29,quantile,0.45,19.0
2026-08-22,wk inc covid hosp,2,2026-09-05,29,quantile,0.5,21.0
2026-08-22,wk inc covid hosp,2,2026-09-05,29,quantile,0.55,23.0
2026-08-22,wk inc covid hosp,2,2026-09-05,29,quantile,0.6,26.0
2026-08-22,wk inc covid hosp,2,2026-09-05,29,quantile,0.65,29.0
2026-08-22,wk inc covid hosp,2,2026-09-05,29,quantile,0.7,31.0
2026-08-22,wk inc covid hosp,2,2026-09-05,29,quantile,0.75,34.0
2026-08-22,wk inc covid hosp,2,2026-09-05,29,quantile,0.8,37.0
2026-08-22,wk inc covid hosp,2,2026-09-05,29,quantile,0.85,41.0
2026-08-22,wk inc covid hosp,2,2026-09-05,29,quantile,0.9,46.0
2026-08-22,wk inc covid hosp,2,2026-09-05,29,quantile,0.95,56.0
2026-08-22,wk inc covid hosp,2,2026-09-05,29,quantile,0.975,64.0
2026-08-22,wk inc covid hosp,2,2026-09-05,29,quantile,0.99,71.0
2026-08-22,wk inc covid hosp,2,2026-09-05,30,quantile,0.01,0.0
2026-08-22,wk inc covid hosp,2,2026-09-05,30,quantile,0.025,0.0
2026-08-22,wk inc covid hosp,2,2026-09-05,30,quantile,0.05,0.0
2026-08-22,wk inc covid hosp,2,2026-09-05,30,quantile,0.1,0.0
2026-08-22,wk inc covid hosp,2,2026-09-05,30,quantile,0.15,0.0
2026-08-22,wk inc covid hosp,2,2026-09-05,30,quantile,0.2,0.0
2026-08-22,wk inc covid hosp,2,2026-09-05,30,quantile,0.25,0.0
2026-08-22,wk inc covid hosp,2,2026-09-05,30,quantile,0.3,0.0
2026-08-22,wk inc covid hosp,2,2026-09-05,30,quantile,0.35,0.0
2026-08-22,wk inc covid hosp,2,2026-09-05,30,quantile,0.4,0.0
2026-08-22,wk inc covid hosp,2,2026-09-05,30,quantile,0.45,0.0
2026-08-22,wk inc covid hosp,2,2026-09-05,30,quantile,0.5,0.0
2026-08-22,wk inc covid hosp,2,2026-09-05,30,quantile,0.55,0.0
2026-08-22,wk inc covid hosp,2,2026-09-05,30,quantile,0.6,0.0
2026-08-22,wk inc covid hosp,2,2026-09-05,30,quantile,0.65,1.0
2026-08-22,wk inc covid hosp,2,2026-09-05,30,quantile,0.7,3.0
2026-08-22,wk inc covid hosp,2,2026-09-05,30,quantile,0.75,5.0
2026-08-22,wk inc covid hosp,2,2026-09-05,30,quantile,0.8,7.0
2026-08-22,wk inc covid hosp,2,2026-09-05,30,quantile,0.85,10.0
2026-08-22,wk inc covid hosp,2,2026-09-05,30,quantile,0.9,15.0
2026-08-22,wk inc covid hosp,2,2026-09-05,30,quantile,0.95,22.0
2026-08-22,wk inc covid hosp,2,2026-09-05,30,quantile,0.975,29.0
2026-08-22,wk inc covid hosp,2,2026-09-05,30,quantile,0.99,35.0
2026-08-22,wk inc covid hosp,2,2026-09-05,31,quantile,0.01,0.0
2026-08-22,wk inc covid hosp,2,2026-09-05,31,quantile,0.025,0.0
2026-08-22,wk inc covid hosp,2,2026-09-05,31,quantile,0.05,0.0
2026-08-22,wk inc covid hosp,2,2026-09-05,31,quantile,0.1,0.0
2026-08-22,wk inc covid hosp,2,2026-09-05,31,quantile,0.15,0.0
2026-08-22,wk inc covid hosp,2,2026-09-05,31,quantile,0.2,0.0
2026-08-22,wk inc covid hosp,2,2026-09-05,31,quantile,0.25,0.0
2026-08-22,wk inc covid hosp,2,2026-09-05,31,quantile,0.3,0.0
2026-08-22,wk inc covid hosp,2,2026-09-05,31,quantile,0.35,0.0
2026-08-22,wk inc covid hosp,2,2026-09-05,31,quantile,0.4,0.0
2026-08-22,wk inc covid hosp,2,2026-09-05,31,quantile,0.45,0.0
2026-08-22,wk inc covid hosp,2,2026-09-05,31,quantile,0.5,0.0
2026-08-22,wk inc covid hosp,2,2026-09-05,31,quantile,0.55,0.0
2026-08-22,wk inc covid hosp,2,2026-09-05,31,quantile,0.6,0.0
2026-08-22,wk inc covid hosp,2,2026-09-05,31,quantile,0.65,0.0
2026-08-22,wk inc covid hosp,2,2026-09-05,31,quantile,0.7,0.0
2026-08-22,wk inc covid hosp,2,2026-09-05,31,quantile,0.75,0.0
2026-08-22,wk inc covid hosp,2,2026-09-05,31,quantile,0.8,1.0
2026-08-22,wk inc covid hosp,2,2026-09-05,31,quantile,0.85,2.0
2026-08-22,wk inc covid hosp,2,2026-09-05,31,quantile,0.9,4.0
2026-08-22,wk inc covid hosp,2,2026-09-05,31,quantile,0.95,6.0
2026-08-22,wk inc covid hosp,2,2026-09-05,31,quantile,0.975,8.0
2026-08-22,wk inc covid hosp,2,2026-09-05,31,quantile,0.99,10.0
2026-08-22,wk inc covid hosp,2,2026-09-05,32,quantile,0.01,0.0
2026-08-22,wk inc covid hosp,2,2026-09-05,32,quantile,0.025,2.0
2026-08-22,wk inc covid hosp,2,2026-09-05,32,quantile,0.05,2.0
2026-08-22,wk inc covid hosp,2,2026-09-05,32,quantile,0.1,3.0
2026-08-22,wk inc covid hosp,2,2026-09-05,32,quantile,0.15,5.0
2026-08-22,wk inc covid hosp,2,2026-09-05,32,quantile,0.2,7.0
2026-08-22,wk inc covid hosp,2,2026-09-05,32,quantile,0.25,8.0
2026-08-22,wk inc covid hosp,2,2026-09-05,32,quantile,0.3,10.0
2026-08-22,wk inc covid hosp,2,2026-09-05,32,quantile,0.35,11.0
2026-08-22,wk inc covid hosp,2,2026-09-05,32,quantile,0.4,13.0
2026-08-22,wk inc covid hosp,2,2026-09-05,32,quantile,0.45,14.0
2026-08-22,wk inc covid hosp,2,2026-09-05,32,quantile,0.5,16.0
2026-08-22,wk inc covid hosp,2,2026-09-05,32,quantile,0.55,18.0
2026-08-22,wk inc covid hosp,2,2026-09-05,32,quantile,0.6,19.0
2026-08-22,wk inc covid hosp,2,2026-09-05,32,quantile,0.65,21.0
2026-08-22,wk inc covid hosp,2,2026-09-05,32,quantile,0.7,23.0
2026-08-22,wk inc covid hosp,2,2026-09-05,32,quantile,0.75,26.0
2026-08-22,wk inc covid hosp,2,2026-09-05,32,quantile,0.8,28.0
2026-08-22,wk inc covid hosp,2,2026-09-05,32,quantile,0.85,33.0
2026-08-22,wk inc covid hosp,2,2026-09-05,32,quantile,0.9,38.0
2026-08-22,wk inc covid hosp,2,2026-09-05,32,quantile,0.95,45.0
2026-08-22,wk inc covid hosp,2,2026-09-05,32,quantile,0.975,52.0
2026-08-22,wk inc covid hosp,2,2026-09-05,32,quantile,0.99,57.0
2026-08-22,wk inc covid hosp,2,2026-09-05,33,quantile,0.01,0.0
2026-08-22,wk inc covid hosp,2,2026-09-05,33,quantile,0.025,0.0
2026-08-22,wk inc covid hosp,2,2026-09-05,33,quantile,0.05,0.0
2026-08-22,wk inc covid hosp,2,2026-09-05,33,quantile,0.1,0.0
2026-08-22,wk inc covid hosp,2,2026-09-05,33,quantile,0.15,0.0
2026-08-22,wk inc covid hosp,2,2026-09-05,33,quantile,0.2,0.0
2026-08-22,wk inc covid hosp,2,2026-09-05,33,quantile,0.25,1.0
2026-08-22,wk inc covid hosp,2,2026-09-05,33,quantile,0.3,2.0
2026-08-22,wk inc covid hosp,2,2026-09-05,33,quantile,0.35,3.0
2026-08-22,wk inc covid hosp,2,2026-09-05,33,quantile,0.4,4.0
2026-08-22,wk inc covid hosp,2,2026-09-05,33,quantile,0.45,5.0
2026-08-22,wk inc covid hosp,2,2026-09-05,33,quantile,0.5,6.0
2026-08-22,wk inc covid hosp,2,2026-09-05,33,quantile,0.55,8.0
2026-08-22,wk inc covid hosp,2,2026-09-05,33,quantile,0.6,9.0
2026-08-22,wk inc covid hosp,2,2026-09-05,33,quantile,0.65,11.0
2026-08-22,wk inc covid hosp,2,2026-09-05,33,quantile,0.7,13.0
2026-08-22,wk inc covid hosp,2,2026-09-05,33,quantile,0.75,15.0
2026-08-22,wk inc covid hosp,2,2026-09-05,33,quantile,0.8,17.0
2026-08-22,wk inc covid hosp,2,2026-09-05,33,quantile,0.85,20.0
2026-08-22,wk inc covid hosp,2,2026-09-05,33,quantile,0.9,24.0
2026-08-22,wk inc covid hosp,2,2026-09-05,33,quantile,0.95,31.0
2026-08-22,wk inc covid hosp,2,2026-09-05,33,quantile,0.975,40.0
2026-08-22,wk inc covid hosp,2,2026-09-05,33,quantile,0.99,49.0
2026-08-22,wk inc covid hosp,2,2026-09-05,34,quantile,0.01,14.0
2026-08-22,wk inc covid hosp,2,2026-09-05,34,quantile,0.025,16.0
2026-08-22,wk inc covid hosp,2,2026-09-05,34,quantile,0.05,20.0
2026-08-22,wk inc covid hosp,2,2026-09-05,34,quantile,0.1,25.0
2026-08-22,wk inc covid hosp,2,2026-09-05,34,quantile,0.15,28.0
2026-08-22,wk inc covid hosp,2,2026-09-05,34,quantile,0.2,31.0
2026-08-22,wk inc covid hosp,2,2026-09-05,34,quantile,0.25,34.0
2026-08-22,wk inc covid hosp,2,2026-09-05,34,quantile,0.3,37.0
2026-08-22,wk inc covid hosp,2,2026-09-05,34,quantile,0.35,40.0
2026-08-22,wk inc covid hosp,2,2026-09-05,34,quantile,0.4,43.0
2026-08-22,wk inc covid hosp,2,2026-09-05,34,quantile,0.45,45.0
2026-08-22,wk inc covid hosp,2,2026-09-05,34,quantile,0.5,47.0
2026-08-22,wk inc covid hosp,2,2026-09-05,34,quantile,0.55,51.0
2026-08-22,wk inc covid hosp,2,2026-09-05,34,quantile,0.6,56.0
2026-08-22,wk inc covid hosp,2,2026-09-05,34,quantile,0.65,61.0
2026-08-22,wk inc covid hosp,2,2026-09-05,34,quantile,0.7,65.0
2026-08-22,wk inc covid hosp,2,2026-09-05,34,quantile,0.75,70.0
2026-08-22,wk inc covid hosp,2,2026-09-05,34,quantile,0.8,76.0
2026-08-22,wk inc covid hosp,2,2026-09-05,34,quantile,0.85,81.0
2026-08-22,wk inc covid hosp,2,2026-09-05,34,quantile,0.9,90.0
2026-08-22,wk inc covid hosp,2,2026-09-05,34,quantile,0.95,100.0
2026-08-22,wk inc covid hosp,2,2026-09-05,34,quantile,0.975,110.0
2026-08-22,wk inc covid hosp,2,2026-09-05,34,quantile,0.99,126.0
2026-08-22,wk inc covid hosp,2,2026-09-05,35,quantile,0.01,0.0
2026-08-22,wk inc covid hosp,2,2026-09-05,35,quantile,0.025,0.0
2026-08-22,wk inc covid hosp,2,2026-09-05,35,quantile,0.05,0.0
2026-08-22,wk inc covid hosp,2,2026-09-05,35,quantile,0.1,0.0
2026-08-22,wk inc covid hosp,2,2026-09-05,35,quantile,0.15,0.0
2026-08-22,wk inc covid hosp,2,2026-09-05,35,quantile,0.2,0.0
2026-08-22,wk inc covid hosp,2,2026-09-05,35,quantile,0.25,0.0
2026-08-22,wk inc covid hosp,2,2026-09-05,35,quantile,0.3,0.0
2026-08-22,wk inc covid hosp,2,2026-09-05,35,quantile,0.35,1.0
2026-08-22,wk inc covid hosp,2,2026-09-05,35,quantile,0.4,1.0
2026-08-22,wk inc covid hosp,2,2026-09-05,35,quantile,0.45,2.0
2026-08-22,wk inc covid hosp,2,2026-09-05,35,quantile,0.5,3.0
2026-08-22,wk inc covid hosp,2,2026-09-05,35,quantile,0.55,3.0
2026-08-22,wk inc covid hosp,2,2026-09-05,35,quantile,0.6,4.0
2026-08-22,wk inc covid hosp,2,2026-09-05,35,quantile,0.65,6.0
2026-08-22,wk inc covid hosp,2,2026-09-05,35,quantile,0.7,6.0
2026-08-22,wk inc covid hosp,2,2026-09-05,35,quantile,0.75,7.0
2026-08-22,wk inc covid hosp,2,2026-09-05,35,quantile,0.8,9.0
2026-08-22,wk inc covid hosp,2,2026-09-05,35,quantile,0.85,11.0
2026-08-22,wk inc covid hosp,2,2026-09-05,35,quantile,0.9,14.0
2026-08-22,wk inc covid hosp,2,2026-09-05,35,quantile,0.95,19.0
2026-08-22,wk inc covid hosp,2,2026-09-05,35,quantile,0.975,23.0
2026-08-22,wk inc covid hosp,2,2026-09-05,35,quantile,0.99,27.0
2026-08-22,wk inc covid hosp,2,2026-09-05,36,quantile,0.01,39.0
2026-08-22,wk inc covid hosp,2,2026-09-05,36,quantile,0.025,48.0
2026-08-22,wk inc covid hosp,2,2026-09-05,36,quantile,0.05,54.0
2026-08-22,wk inc covid hosp,2,2026-09-05,36,quantile,0.1,63.0
2026-08-22,wk inc covid hosp,2,2026-09-05,36,quantile,0.15,72.0
2026-08-22,wk inc covid hosp,2,2026-09-05,36,quantile,0.2,79.0
2026-08-22,wk inc covid hosp,2,2026-09-05,36,quantile,0.25,86.0
2026-08-22,wk inc covid hosp,2,2026-09-05,36,quantile,0.3,91.0
2026-08-22,wk inc covid hosp,2,2026-09-05,36,quantile,0.35,95.0
2026-08-22,wk inc covid hosp,2,2026-09-05,36,quantile,0.4,100.0
2026-08-22,wk inc covid hosp,2,2026-09-05,36,quantile,0.45,106.0
2026-08-22,wk inc covid hosp,2,2026-09-05,36,quantile,0.5,111.0
2026-08-22,wk inc covid hosp,2,2026-09-05,36,quantile,0.55,115.0
2026-08-22,wk inc covid hosp,2,2026-09-05,36,quantile,0.6,121.0
2026-08-22,wk inc covid hosp,2,2026-09-05,36,quantile,0.65,125.0
2026-08-22,wk inc covid hosp,2,2026-09-05,36,quantile,0.7,131.0
2026-08-22,wk inc covid hosp,2,2026-09-05,36,quantile,0.75,137.0
2026-08-22,wk inc covid hosp,2,2026-09-05,36,quantile,0.8,150.0
2026-08-22,wk inc covid hosp,2,2026-09-05,36,quantile,0.85,162.0
2026-08-22,wk inc covid hosp,2,2026-09-05,36,quantile,0.9,177.0
2026-08-22,wk inc covid hosp,2,2026-09-05,36,quantile,0.95,200.0
2026-08-22,wk inc covid hosp,2,2026-09-05,36,quantile,0.975,217.0
2026-08-22,wk inc covid hosp,2,2026-09-05,36,quantile,0.99,252.0
2026-08-22,wk inc covid hosp,2,2026-09-05,37,quantile,0.01,49.0
2026-08-22,wk inc covid hosp,2,2026-09-05,37,quantile,0.025,58.0
2026-08-22,wk inc covid hosp,2,2026-09-05,37,quantile,0.05,64.0
2026-08-22,wk inc covid hosp,2,2026-09-05,37,quantile,0.1,79.0
2026-08-22,wk inc covid hosp,2,2026-09-05,37,quantile,0.15,87.0
2026-08-22,wk inc covid hosp,2,2026-09-05,37,quantile,0.2,95.0
2026-08-22,wk inc covid hosp,2,2026-09-05,37,quantile,0.25,100.0
2026-08-22,wk inc covid hosp,2,2026-09-05,37,quantile,0.3,108.0
2026-08-22,wk inc covid hosp,2,2026-09-05,37,quantile,0.35,114.0
2026-08-22,wk inc covid hosp,2,2026-09-05,37,quantile,0.4,123.0
2026-08-22,wk inc covid hosp,2,2026-09-05,37,quantile,0.45,129.0
2026-08-22,wk inc covid hosp,2,2026-09-05,37,quantile,0.5,138.0
2026-08-22,wk inc covid hosp,2,2026-09-05,37,quantile,0.55,145.0
2026-08-22,wk inc covid hosp,2,2026-09-05,37,quantile,0.6,151.0
2026-08-22,wk inc covid hosp,2,2026-09-05,37,quantile,0.65,157.0
2026-08-22,wk inc covid hosp,2,2026-09-05,37,quantile,0.7,168.0
2026-08-22,wk inc covid hosp,2,2026-09-05,37,quantile,0.75,178.0
2026-08-22,wk inc covid hosp,2,2026-09-05,37,quantile,0.8,186.0
2026-08-22,wk inc covid hosp,2,2026-09-05,37,quantile,0.85,198.0
2026-08-22,wk inc covid hosp,2,2026-09-05,37,quantile,0.9,221.0
2026-08-22,wk inc covid hosp,2,2026-09-05,37,quantile,0.95,254.0
2026-08-22,wk inc covid hosp,2,2026-09-05,37,quantile,0.975,272.0
2026-08-22,wk inc covid hosp,2,2026-09-05,37,quantile,0.99,300.0
2026-08-22,wk inc covid hosp,2,2026-09-05,38,quantile,0.01,0.0
2026-08-22,wk inc covid hosp,2,2026-09-05,38,quantile,0.025,0.0
2026-08-22,wk inc covid hosp,2,2026-09-05,38,quantile,0.05,0.0
2026-08-22,wk inc covid hosp,2,2026-09-05,38,quantile,0.1,0.0
2026-08-22,wk inc covid hosp,2,2026-09-05,38,quantile,0.15,0.0
2026-08-22,wk inc covid hosp,2,2026-09-05,38,quantile,0.2,0.0
2026-08-22,wk inc covid hosp,2,2026-09-05,38,quantile,0.25,0.0
2026-08-22,wk inc covid hosp,2,2026-09-05,38,quantile,0.3,0.0
2026-08-22,wk inc covid hosp,2,2026-09-05,38,quantile,0.35,0.0
2026-08-22,wk inc covid hosp,2,2026-09-05,38,quantile,0.4,0.0
2026-08-22,wk inc covid hosp,2,2026-09-05,38,quantile,0.45,0.0
2026-08-22,wk inc covid hosp,2,2026-09-05,38,quantile,0.5,0.0
2026-08-22,wk inc covid hosp,2,2026-09-05,38,quantile,0.55,0.0
2026-08-22,wk inc covid hosp,2,2026-09-05,38,quantile,0.6,0.0
2026-08-22,wk inc covid hosp,2,2026-09-05,38,quantile,0.65,0.0
2026-08-22,wk inc covid hosp,2,2026-09-05,38,quantile,0.7,0.0
2026-08-22,wk inc covid hosp,2,2026-09-05,38,quantile,0.75,0.0
2026-08-22,wk inc covid hosp,2,2026-09-05,38,quantile,0.8,0.0
2026-08-22,wk inc covid hosp,2,2026-09-05,38,quantile,0.85,0.0
2026-08-22,wk inc covid hosp,2,2026-09-05,38,quantile,0.9,0.0
2026-08-22,wk inc covid hosp,2,2026-09-05,38,quantile,0.95,0.0
2026-08-22,wk inc covid hosp,2,2026-09-05,38,quantile,0.975,0.0
2026-08-22,wk inc covid hosp,2,2026-09-05,38,quantile,0.99,0.0
2026-08-22,wk inc covid hosp,2,2026-09-05,39,quantile,0.01,7.0
2026-08-22,wk inc covid hosp,2,2026-09-05,39,quantile,0.025,9.0
2026-08-22,wk inc covid hosp,2,2026-09-05,39,quantile,0.05,12.0
2026-08-22,wk inc covid hosp,2,2026-09-05,39,quantile,0.1,17.0
2026-08-22,wk inc covid hosp,2,2026-09-05,39,quantile,0.15,19.0
2026-08-22,wk inc covid hosp,2,2026-09-05,39,quantile,0.2,22.0
2026-08-22,wk inc covid hosp,2,2026-09-05,39,quantile,0.25,24.0
2026-08-22,wk inc covid hosp,2,2026-09-05,39,quantile,0.3,27.0
2026-08-22,wk inc covid hosp,2,2026-09-05,39,quantile,0.35,29.0
2026-08-22,wk inc covid hosp,2,2026-09-05,39,quantile,0.4,31.0
2026-08-22,wk inc covid hosp,2,2026-09-05,39,quantile,0.45,34.0
2026-08-22,wk inc covid hosp,2,2026-09-05,39,quantile,0.5,36.0
2026-08-22,wk inc covid hosp,2,2026-09-05,39,quantile,0.55,39.0
2026-08-22,wk inc covid hosp,2,2026-09-05,39,quantile,0.6,41.0
2026-08-22,wk inc covid hosp,2,2026-09-05,39,quantile,0.65,44.0
2026-08-22,wk inc covid hosp,2,2026-09-05,39,quantile,0.7,47.0
2026-08-22,wk inc covid hosp,2,2026-09-05,39,quantile,0.75,50.0
2026-08-22,wk inc covid hosp,2,2026-09-05,39,quantile,0.8,56.0
2026-08-22,wk inc covid hosp,2,2026-09-05,39,quantile,0.85,60.0
2026-08-22,wk inc covid hosp,2,2026-09-05,39,quantile,0.9,69.0
2026-08-22,wk inc covid hosp,2,2026-09-05,39,quantile,0.95,79.0
2026-08-22,wk inc covid hosp,2,2026-09-05,39,quantile,0.975,96.0
2026-08-22,wk inc covid hosp,2,2026-09-05,39,quantile,0.99,108.0
2026-08-22,wk inc covid hosp,2,2026-09-05,40,quantile,0.01,0.0
2026-08-22,wk inc covid hosp,2,2026-09-05,40,quantile,0.025,0.0
2026-08-22,wk inc covid hosp,2,2026-09-05,40,quantile,0.05,0.0
2026-08-22,wk inc covid hosp,2,2026-09-05,40,quantile,0.1,0.0
2026-08-22,wk inc covid hosp,2,2026-09-05,40,quantile,0.15,0.0
2026-08-22,wk inc covid hosp,2,2026-09-05,40,quantile,0.2,0.0
2026-08-22,wk inc covid hosp,2,2026-09-05,40,quantile,0.25,0.0
2026-08-22,wk inc covid hosp,2,2026-09-05,40,quantile,0.3,1.0
2026-08-22,wk inc covid hosp,2,2026-09-05,40,quantile,0.35,2.0
2026-08-22,wk inc covid hosp,2,2026-09-05,40,quantile,0.4,3.0
2026-08-22,wk inc covid hosp,2,2026-09-05,40,quantile,0.45,4.0
2026-08-22,wk inc covid hosp,2,2026-09-05,40,quantile,0.5,5.0
2026-08-22,wk inc covid hosp,2,2026-09-05,40,quantile,0.55,6.0
2026-08-22,wk inc covid hosp,2,2026-09-05,40,quantile,0.6,7.0
2026-08-22,wk inc covid hosp,2,2026-09-05,40,quantile,0.65,9.0
2026-08-22,wk inc covid hosp,2,2026-09-05,40,quantile,0.7,10.0
2026-08-22,wk inc covid hosp,2,2026-09-05,40,quantile,0.75,12.0
2026-08-22,wk inc covid hosp,2,2026-09-05,40,quantile,0.8,13.0
2026-08-22,wk inc covid hosp,2,2026-09-05,40,quantile,0.85,16.0
2026-08-22,wk inc covid hosp,2,2026-09-05,40,quantile,0.9,20.0
2026-08-22,wk inc covid hosp,2,2026-09-05,40,quantile,0.95,25.0
2026-08-22,wk inc covid hosp,2,2026-09-05,40,quantile,0.975,30.0
2026-08-22,wk inc covid hosp,2,2026-09-05,40,quantile,0.99,38.0
2026-08-22,wk inc covid hosp,2,2026-09-05,41,quantile,0.01,0.0
2026-08-22,wk inc covid hosp,2,2026-09-05,41,quantile,0.025,0.0
2026-08-22,wk inc covid hosp,2,2026-09-05,41,quantile,0.05,0.0
2026-08-22,wk inc covid hosp,2,2026-09-05,41,quantile,0.1,0.0
2026-08-22,wk inc covid hosp,2,2026-09-05,41,quantile,0.15,1.0
2026-08-22,wk inc covid hosp,2,2026-09-05,41,quantile,0.2,2.0
2026-08-22,wk inc covid hosp,2,2026-09-05,41,quantile,0.25,3.0
2026-08-22,wk inc covid hosp,2,2026-09-05,41,quantile,0.3,4.0
2026-08-22,wk inc covid hosp,2,2026-09-05,41,quantile,0.35,6.0
2026-08-22,wk inc covid hosp,2,2026-09-05,41,quantile,0.4,7.0
2026-08-22,wk inc covid hosp,2,2026-09-05,41,quantile,0.45,8.0
2026-08-22,wk inc covid hosp,2,2026-09-05,41,quantile,0.5,9.0
2026-08-22,wk inc covid hosp,2,2026-09-05,41,quantile,0.55,11.0
2026-08-22,wk inc covid hosp,2,2026-09-05,41,quantile,0.6,13.0
2026-08-22,wk inc covid hosp,2,2026-09-05,41,quantile,0.65,15.0
2026-08-22,wk inc covid hosp,2,2026-09-05,41,quantile,0.7,17.0
2026-08-22,wk inc covid hosp,2,2026-09-05,41,quantile,0.75,19.0
2026-08-22,wk inc covid hosp,2,2026-09-05,41,quantile,0.8,22.0
2026-08-22,wk inc covid hosp,2,2026-09-05,41,quantile,0.85,26.0
2026-08-22,wk inc covid hosp,2,2026-09-05,41,quantile,0.9,30.0
2026-08-22,wk inc covid hosp,2,2026-09-05,41,quantile,0.95,36.0
2026-08-22,wk inc covid hosp,2,2026-09-05,41,quantile,0.975,45.0
2026-08-22,wk inc covid hosp,2,2026-09-05,41,quantile,0.99,55.0
2026-08-22,wk inc covid hosp,2,2026-09-05,42,quantile,0.01,19.0
2026-08-22,wk inc covid hosp,2,2026-09-05,42,quantile,0.025,24.0
2026-08-22,wk inc covid hosp,2,2026-09-05,42,quantile,0.05,32.0
2026-08-22,wk inc covid hosp,2,2026-09-05,42,quantile,0.1,42.0
2026-08-22,wk inc covid hosp,2,2026-09-05,42,quantile,0.15,48.0
2026-08-22,wk inc covid hosp,2,2026-09-05,42,quantile,0.2,52.0
2026-08-22,wk inc covid hosp,2,2026-09-05,42,quantile,0.25,57.0
2026-08-22,wk inc covid hosp,2,2026-09-05,42,quantile,0.3,62.0
2026-08-22,wk inc covid hosp,2,2026-09-05,42,quantile,0.35,67.0
2026-08-22,wk inc covid hosp,2,2026-09-05,42,quantile,0.4,72.0
2026-08-22,wk inc covid hosp,2,2026-09-05,42,quantile,0.45,77.0
2026-08-22,wk inc covid hosp,2,2026-09-05,42,quantile,0.5,82.0
2026-08-22,wk inc covid hosp,2,2026-09-05,42,quantile,0.55,86.0
2026-08-22,wk inc covid hosp,2,2026-09-05,42,quantile,0.6,92.0
2026-08-22,wk inc covid hosp,2,2026-09-05,42,quantile,0.65,98.0
2026-08-22,wk inc covid hosp,2,2026-09-05,42,quantile,0.7,102.0
2026-08-22,wk inc covid hosp,2,2026-09-05,42,quantile,0.75,110.0
2026-08-22,wk inc covid hosp,2,2026-09-05,42,quantile,0.8,119.0
2026-08-22,wk inc covid hosp,2,2026-09-05,42,quantile,0.85,129.0
2026-08-22,wk inc covid hosp,2,2026-09-05,42,quantile,0.9,144.0
2026-08-22,wk inc covid hosp,2,2026-09-05,42,quantile,0.95,165.0
2026-08-22,wk inc covid hosp,2,2026-09-05,42,quantile,0.975,181.0
2026-08-22,wk inc covid hosp,2,2026-09-05,42,quantile,0.99,210.0
2026-08-22,wk inc covid hosp,2,2026-09-05,44,quantile,0.01,0.0
2026-08-22,wk inc covid hosp,2,2026-09-05,44,quantile,0.025,0.0
2026-08-22,wk inc covid hosp,2,2026-09-05,44,quantile,0.05,0.0
2026-08-22,wk inc covid hosp,2,2026-09-05,44,quantile,0.1,0.0
2026-08-22,wk inc covid hosp,2,2026-09-05,44,quantile,0.15,1.0
2026-08-22,wk inc covid hosp,2,2026-09-05,44,quantile,0.2,2.0
2026-08-22,wk inc covid hosp,2,2026-09-05,44,quantile,0.25,3.0
2026-08-22,wk inc covid hosp,2,2026-09-05,44,quantile,0.3,3.0
2026-08-22,wk inc covid hosp,2,2026-09-05,44,quantile,0.35,4.0
2026-08-22,wk inc covid hosp,2,2026-09-05,44,quantile,0.4,5.0
2026-08-22,wk inc covid hosp,2,2026-09-05,44,quantile,0.45,6.0
2026-08-22,wk inc covid hosp,2,2026-09-05,44,quantile,0.5,7.0
2026-08-22,wk inc covid hosp,2,2026-09-05,44,quantile,0.55,8.0
2026-08-22,wk inc covid hosp,2,2026-09-05,44,quantile,0.6,9.0
2026-08-22,wk inc covid hosp,2,2026-09-05,44,quantile,0.65,11.0
2026-08-22,wk inc covid hosp,2,2026-09-05,44,quantile,0.7,12.0
2026-08-22,wk inc covid hosp,2,2026-09-05,44,quantile,0.75,14.0
2026-08-22,wk inc covid hosp,2,2026-09-05,44,quantile,0.8,16.0
2026-08-22,wk inc covid hosp,2,2026-09-05,44,quantile,0.85,20.0
2026-08-22,wk inc covid hosp,2,2026-09-05,44,quantile,0.9,22.0
2026-08-22,wk inc covid hosp,2,2026-09-05,44,quantile,0.95,29.0
2026-08-22,wk inc covid hosp,2,2026-09-05,44,quantile,0.975,37.0
2026-08-22,wk inc covid hosp,2,2026-09-05,44,quantile,0.99,46.0
2026-08-22,wk inc covid hosp,2,2026-09-05,45,quantile,0.01,0.0
2026-08-22,wk inc covid hosp,2,2026-09-05,45,quantile,0.025,3.0
2026-08-22,wk inc covid hosp,2,2026-09-05,45,quantile,0.05,4.0
2026-08-22,wk inc covid hosp,2,2026-09-05,45,quantile,0.1,7.0
2026-08-22,wk inc covid hosp,2,2026-09-05,45,quantile,0.15,9.0
2026-08-22,wk inc covid hosp,2,2026-09-05,45,quantile,0.2,11.0
2026-08-22,wk inc covid hosp,2,2026-09-05,45,quantile,0.25,13.0
2026-08-22,wk inc covid hosp,2,2026-09-05,45,quantile,0.3,15.0
2026-08-22,wk inc covid hosp,2,2026-09-05,45,quantile,0.35,16.0
2026-08-22,wk inc covid hosp,2,2026-09-05,45,quantile,0.4,18.0
2026-08-22,wk inc covid hosp,2,2026-09-05,45,quantile,0.45,19.0
2026-08-22,wk inc covid hosp,2,2026-09-05,45,quantile,0.5,21.0
2026-08-22,wk inc covid hosp,2,2026-09-05,45,quantile,0.55,23.0
2026-08-22,wk inc covid hosp,2,2026-09-05,45,quantile,0.6,25.0
2026-08-22,wk inc covid hosp,2,2026-09-05,45,quantile,0.65,28.0
2026-08-22,wk inc covid hosp,2,2026-09-05,45,quantile,0.7,30.0
2026-08-22,wk inc covid hosp,2,2026-09-05,45,quantile,0.75,32.0
2026-08-22,wk inc covid hosp,2,2026-09-05,45,quantile,0.8,37.0
2026-08-22,wk inc covid hosp,2,2026-09-05,45,quantile,0.85,40.0
2026-08-22,wk inc covid hosp,2,2026-09-05,45,quantile,0.9,45.0
2026-08-22,wk inc covid hosp,2,2026-09-05,45,quantile,0.95,55.0
2026-08-22,wk inc covid hosp,2,2026-09-05,45,quantile,0.975,65.0
2026-08-22,wk inc covid hosp,2,2026-09-05,45,quantile,0.99,79.0
2026-08-22,wk inc covid hosp,2,2026-09-05,46,quantile,0.01,0.0
2026-08-22,wk inc covid hosp,2,2026-09-05,46,quantile,0.025,0.0
2026-08-22,wk inc covid hosp,2,2026-09-05,46,quantile,0.05,0.0
2026-08-22,wk inc covid hosp,2,2026-09-05,46,quantile,0.1,0.0
2026-08-22,wk inc covid hosp,2,2026-09-05,46,quantile,0.15,0.0
2026-08-22,wk inc covid hosp,2,2026-09-05,46,quantile,0.2,0.0
2026-08-22,wk inc covid hosp,2,2026-09-05,46,quantile,0.25,0.0
2026-08-22,wk inc covid hosp,2,2026-09-05,46,quantile,0.3,0.0
2026-08-22,wk inc covid hosp,2,2026-09-05,46,quantile,0.35,0.0
2026-08-22,wk inc covid hosp,2,2026-09-05,46,quantile,0.4,0.0
2026-08-22,wk inc covid hosp,2,2026-09-05,46,quantile,0.45,0.0
2026-08-22,wk inc covid hosp,2,2026-09-05,46,quantile,0.5,0.0
2026-08-22,wk inc covid hosp,2,2026-09-05,46,quantile,0.55,0.0
2026-08-22,wk inc covid hosp,2,2026-09-05,46,quantile,0.6,0.0
2026-08-22,wk inc covid hosp,2,2026-09-05,46,quantile,0.65,1.0
2026-08-22,wk inc covid hosp,2,2026-09-05,46,quantile,0.7,2.0
2026-08-22,wk inc covid hosp,2,2026-09-05,46,quantile,0.75,3.0
2026-08-22,wk inc covid hosp,2,2026-09-05,46,quantile,0.8,5.0
2026-08-22,wk inc covid hosp,2,2026-09-05,46,quantile,0.85,6.0
2026-08-22,wk inc covid hosp,2,2026-09-05,46,quantile,0.9,10.0
2026-08-22,wk inc covid hosp,2,2026-09-05,46,quantile,0.95,14.0
2026-08-22,wk inc covid hosp,2,2026-09-05,46,quantile,0.975,18.0
2026-08-22,wk inc covid hosp,2,2026-09-05,46,quantile,0.99,23.0
2026-08-22,wk inc covid hosp,2,2026-09-05,47,quantile,0.01,9.0
2026-08-22,wk inc covid hosp,2,2026-09-05,47,quantile,0.025,12.0
2026-08-22,wk inc covid hosp,2,2026-09-05,47,quantile,0.05,15.0
2026-08-22,wk inc covid hosp,2,2026-09-05,47,quantile,0.1,19.0
2026-08-22,wk inc covid hosp,2,2026-09-05,47,quantile,0.15,23.0
2026-08-22,wk inc covid hosp,2,2026-09-05,47,quantile,0.2,25.0
2026-08-22,wk inc covid hosp,2,2026-09-05,47,quantile,0.25,28.0
2026-08-22,wk inc covid hosp,2,2026-09-05,47,quantile,0.3,31.0
2026-08-22,wk inc covid hosp,2,2026-09-05,47,quantile,0.35,33.0
2026-08-22,wk inc covid hosp,2,2026-09-05,47,quantile,0.4,37.0
2026-08-22,wk inc covid hosp,2,2026-09-05,47,quantile,0.45,40.0
2026-08-22,wk inc covid hosp,2,2026-09-05,47,quantile,0.5,44.0
2026-08-22,wk inc covid hosp,2,2026-09-05,47,quantile,0.55,46.0
2026-08-22,wk inc covid hosp,2,2026-09-05,47,quantile,0.6,49.0
2026-08-22,wk inc covid hosp,2,2026-09-05,47,quantile,0.65,52.0
2026-08-22,wk inc covid hosp,2,2026-09-05,47,quantile,0.7,54.0
2026-08-22,wk inc covid hosp,2,2026-09-05,47,quantile,0.75,57.0
2026-08-22,wk inc covid hosp,2,2026-09-05,47,quantile,0.8,65.0
2026-08-22,wk inc covid hosp,2,2026-09-05,47,quantile,0.85,72.0
2026-08-22,wk inc covid hosp,2,2026-09-05,47,quantile,0.9,82.0
2026-08-22,wk inc covid hosp,2,2026-09-05,47,quantile,0.95,91.0
2026-08-22,wk inc covid hosp,2,2026-09-05,47,quantile,0.975,109.0
2026-08-22,wk inc covid hosp,2,2026-09-05,47,quantile,0.99,122.0
2026-08-22,wk inc covid hosp,2,2026-09-05,48,quantile,0.01,123.0
2026-08-22,wk inc covid hosp,2,2026-09-05,48,quantile,0.025,137.0
2026-08-22,wk inc covid hosp,2,2026-09-05,48,quantile,0.05,152.0
2026-08-22,wk inc covid hosp,2,2026-09-05,48,quantile,0.1,167.0
2026-08-22,wk inc covid hosp,2,2026-09-05,48,quantile,0.15,179.0
2026-08-22,wk inc covid hosp,2,2026-09-05,48,quantile,0.2,191.0
2026-08-22,wk inc covid hosp,2,2026-09-05,48,quantile,0.25,202.0
2026-08-22,wk inc covid hosp,2,2026-09-05,48,quantile,0.3,211.0
2026-08-22,wk inc covid hosp,2,2026-09-05,48,quantile,0.35,219.0
2026-08-22,wk inc covid hosp,2,2026-09-05,48,quantile,0.4,229.0
2026-08-22,wk inc covid hosp,2,2026-09-05,48,quantile,0.45,238.0
2026-08-22,wk inc covid hosp,2,2026-09-05,48,quantile,0.5,245.0
2026-08-22,wk inc covid hosp,2,2026-09-05,48,quantile,0.55,257.0
2026-08-22,wk inc covid hosp,2,2026-09-05,48,quantile,0.6,268.0
2026-08-22,wk inc covid hosp,2,2026-09-05,48,quantile,0.65,279.0
2026-08-22,wk inc covid hosp,2,2026-09-05,48,quantile,0.7,297.0
2026-08-22,wk inc covid hosp,2,2026-09-05,48,quantile,0.75,312.0
2026-08-22,wk inc covid hosp,2,2026-09-05,48,quantile,0.8,326.0
2026-08-22,wk inc covid hosp,2,2026-09-05,48,quantile,0.85,344.0
2026-08-22,wk inc covid hosp,2,2026-09-05,48,quantile,0.9,364.0
2026-08-22,wk inc covid hosp,2,2026-09-05,48,quantile,0.95,434.0
2026-08-22,wk inc covid hosp,2,2026-09-05,48,quantile,0.975,470.0
2026-08-22,wk inc covid hosp,2,2026-09-05,48,quantile,0.99,547.0
2026-08-22,wk inc covid hosp,2,2026-09-05,49,quantile,0.01,0.0
2026-08-22,wk inc covid hosp,2,2026-09-05,49,quantile,0.025,0.0
2026-08-22,wk inc covid hosp,2,2026-09-05,49,quantile,0.05,0.0
2026-08-22,wk inc covid hosp,2,2026-09-05,49,quantile,0.1,0.0
2026-08-22,wk inc covid hosp,2,2026-09-05,49,quantile,0.15,0.0
2026-08-22,wk inc covid hosp,2,2026-09-05,49,quantile,0.2,0.0
2026-08-22,wk inc covid hosp,2,2026-09-05,49,quantile,0.25,0.0
2026-08-22,wk inc covid hosp,2,2026-09-05,49,quantile,0.3,0.0
2026-08-22,wk inc covid hosp,2,2026-09-05,49,quantile,0.35,0.0
2026-08-22,wk inc covid hosp,2,2026-09-05,49,quantile,0.4,0.0
2026-08-22,wk inc covid hosp,2,2026-09-05,49,quantile,0.45,0.0
2026-08-22,wk inc covid hosp,2,2026-09-05,49,quantile,0.5,0.0
2026-08-22,wk inc covid hosp,2,2026-09-05,49,quantile,0.55,1.0
2026-08-22,wk inc covid hosp,2,2026-09-05,49,quantile,0.6,2.0
2026-08-22,wk inc covid hosp,2,2026-09-05,49,quantile,0.65,3.0
2026-08-22,wk inc covid hosp,2,2026-09-05,49,quantile,0.7,3.0
2026-08-22,wk inc covid hosp,2,2026-09-05,49,quantile,0.75,4.0
2026-08-22,wk inc covid hosp,2,2026-09-05,49,quantile,0.8,5.0
2026-08-22,wk inc covid hosp,2,2026-09-05,49,quantile,0.85,7.0
2026-08-22,wk inc covid hosp,2,2026-09-05,49,quantile,0.9,9.0
2026-08-22,wk inc covid hosp,2,2026-09-05,49,quantile,0.95,12.0
2026-08-22,wk inc covid hosp,2,2026-09-05,49,quantile,0.975,15.0
2026-08-22,wk inc covid hosp,2,2026-09-05,49,quantile,0.99,20.0
2026-08-22,wk inc covid hosp,2,2026-09-05,50,quantile,0.01,0.0
2026-08-22,wk inc covid hosp,2,2026-09-05,50,quantile,0.025,0.0
2026-08-22,wk inc covid hosp,2,2026-09-05,50,quantile,0.05,0.0
2026-08-22,wk inc covid hosp,2,2026-09-05,50,quantile,0.1,0.0
2026-08-22,wk inc covid hosp,2,2026-09-05,50,quantile,0.15,0.0
2026-08-22,wk inc covid hosp,2,2026-09-05,50,quantile,0.2,0.0
2026-08-22,wk inc covid hosp,2,2026-09-05,50,quantile,0.25,0.0
2026-08-22,wk inc covid hosp,2,2026-09-05,50,quantile,0.3,0.0
2026-08-22,wk inc covid hosp,2,2026-09-05,50,quantile,0.35,0.0
2026-08-22,wk inc covid hosp,2,2026-09-05,50,quantile,0.4,0.0
2026-08-22,wk inc covid hosp,2,2026-09-05,50,quantile,0.45,0.0
2026-08-22,wk inc covid hosp,2,2026-09-05,50,quantile,0.5,0.0
2026-08-22,wk inc covid hosp,2,2026-09-05,50,quantile,0.55,0.0
2026-08-22,wk inc covid hosp,2,2026-09-05,50,quantile,0.6,0.0
2026-08-22,wk inc covid hosp,2,2026-09-05,50,quantile,0.65,0.0
2026-08-22,wk inc covid hosp,2,2026-09-05,50,quantile,0.7,0.0
2026-08-22,wk inc covid hosp,2,2026-09-05,50,quantile,0.75,0.0
2026-08-22,wk inc covid hosp,2,2026-09-05,50,quantile,0.8,0.0
2026-08-22,wk inc covid hosp,2,2026-09-05,50,quantile,0.85,1.0
2026-08-22,wk inc covid hosp,2,2026-09-05,50,quantile,0.9,2.0
2026-08-22,wk inc covid hosp,2,2026-09-05,50,quantile,0.95,4.0
2026-08-22,wk inc covid hosp,2,2026-09-05,50,quantile,0.975,5.0
2026-08-22,wk inc covid hosp,2,2026-09-05,50,quantile,0.99,7.0
2026-08-22,wk inc covid hosp,2,2026-09-05,51,quantile,0.01,0.0
2026-08-22,wk inc covid hosp,2,2026-09-05,51,quantile,0.025,1.0
2026-08-22,wk inc covid hosp,2,2026-09-05,51,quantile,0.05,4.0
2026-08-22,wk inc covid hosp,2,2026-09-05,51,quantile,0.1,7.0
2026-08-22,wk inc covid hosp,2,2026-09-05,51,quantile,0.15,9.0
2026-08-22,wk inc covid hosp,2,2026-09-05,51,quantile,0.2,11.0
2026-08-22,wk inc covid hosp,2,2026-09-05,51,quantile,0.25,13.0
2026-08-22,wk inc covid hosp,2,2026-09-05,51,quantile,0.3,14.0
2026-08-22,wk inc covid hosp,2,2026-09-05,51,quantile,0.35,16.0
2026-08-22,wk inc covid hosp,2,2026-09-05,51,quantile,0.4,18.0
2026-08-22,wk inc covid hosp,2,2026-09-05,51,quantile,0.45,19.0
2026-08-22,wk inc covid hosp,2,2026-09-05,51,quantile,0.5,21.0
2026-08-22,wk inc covid hosp,2,2026-09-05,51,quantile,0.55,24.0
2026-08-22,wk inc covid hosp,2,2026-09-05,51,quantile,0.6,26.0
2026-08-22,wk inc covid hosp,2,2026-09-05,51,quantile,0.65,28.0
2026-08-22,wk inc covid hosp,2,2026-09-05,51,quantile,0.7,31.0
2026-08-22,wk inc covid hosp,2,2026-09-05,51,quantile,0.75,35.0
2026-08-22,wk inc covid hosp,2,2026-09-05,51,quantile,0.8,38.0
2026-08-22,wk inc covid hosp,2,2026-09-05,51,quantile,0.85,43.0
2026-08-22,wk inc covid hosp,2,2026-09-05,51,quantile,0.9,51.0
2026-08-22,wk inc covid hosp,2,2026-09-05,51,quantile,0.95,58.0
2026-08-22,wk inc covid hosp,2,2026-09-05,51,quantile,0.975,65.0
2026-08-22,wk inc covid hosp,2,2026-09-05,51,quantile,0.99,78.0
2026-08-22,wk inc covid hosp,2,2026-09-05,53,quantile,0.01,7.0
2026-08-22,wk inc covid hosp,2,2026-09-05,53,quantile,0.025,11.0
2026-08-22,wk inc covid hosp,2,2026-09-05,53,quantile,0.05,15.0
2026-08-22,wk inc covid hosp,2,2026-09-05,53,quantile,0.1,19.0
2026-08-22,wk inc covid hosp,2,2026-09-05,53,quantile,0.15,23.0
2026-08-22,wk inc covid hosp,2,2026-09-05,53,quantile,0.2,25.0
2026-08-22,wk inc covid hosp,2,2026-09-05,53,quantile,0.25,29.0
2026-08-22,wk inc covid hosp,2,2026-09-05,53,quantile,0.3,32.0
2026-08-22,wk inc covid hosp,2,2026-09-05,53,quantile,0.35,34.0
2026-08-22,wk inc covid hosp,2,2026-09-05,53,quantile,0.4,37.0
2026-08-22,wk inc covid hosp,2,2026-09-05,53,quantile,0.45,39.0
2026-08-22,wk inc covid hosp,2,2026-09-05,53,quantile,0.5,42.0
2026-08-22,wk inc covid hosp,2,2026-09-05,53,quantile,0.55,44.0
2026-08-22,wk inc covid hosp,2,2026-09-05,53,quantile,0.6,46.0
2026-08-22,wk inc covid hosp,2,2026-09-05,53,quantile,0.65,49.0
2026-08-22,wk inc covid hosp,2,2026-09-05,53,quantile,0.7,52.0
2026-08-22,wk inc covid hosp,2,2026-09-05,53,quantile,0.75,55.0
2026-08-22,wk inc covid hosp,2,2026-09-05,53,quantile,0.8,60.0
2026-08-22,wk inc covid hosp,2,2026-09-05,53,quantile,0.85,68.0
2026-08-22,wk inc covid hosp,2,2026-09-05,53,quantile,0.9,76.0
2026-08-22,wk inc covid hosp,2,2026-09-05,53,quantile,0.95,93.0
2026-08-22,wk inc covid hosp,2,2026-09-05,53,quantile,0.975,100.0
2026-08-22,wk inc covid hosp,2,2026-09-05,53,quantile,0.99,113.0
2026-08-22,wk inc covid hosp,2,2026-09-05,54,quantile,0.01,0.0
2026-08-22,wk inc covid hosp,2,2026-09-05,54,quantile,0.025,0.0
2026-08-22,wk inc covid hosp,2,2026-09-05,54,quantile,0.05,0.0
2026-08-22,wk inc covid hosp,2,2026-09-05,54,quantile,0.1,0.0
2026-08-22,wk inc covid hosp,2,2026-09-05,54,quantile,0.15,0.0
2026-08-22,wk inc covid hosp,2,2026-09-05,54,quantile,0.2,0.0
2026-08-22,wk inc covid hosp,2,2026-09-05,54,quantile,0.25,0.0
2026-08-22,wk inc covid hosp,2,2026-09-05,54,quantile,0.3,0.0
2026-08-22,wk inc covid hosp,2,2026-09-05,54,quantile,0.35,0.0
2026-08-22,wk inc covid hosp,2,2026-09-05,54,quantile,0.4,1.0
2026-08-22,wk inc covid hosp,2,2026-09-05,54,quantile,0.45,1.0
2026-08-22,wk inc covid hosp,2,2026-09-05,54,quantile,0.5,2.0
2026-08-22,wk inc covid hosp,2,2026-09-05,54,quantile,0.55,3.0
2026-08-22,wk inc covid hosp,2,2026-09-05,54,quantile,0.6,3.0
2026-08-22,wk inc covid hosp,2,2026-09-05,54,quantile,0.65,4.0
2026-08-22,wk inc covid hosp,2,2026-09-05,54,quantile,0.7,6.0
2026-08-22,wk inc covid hosp,2,2026-09-05,54,quantile,0.75,7.0
2026-08-22,wk inc covid hosp,2,2026-09-05,54,quantile,0.8,8.0
2026-08-22,wk inc covid hosp,2,2026-09-05,54,quantile,0.85,10.0
2026-08-22,wk inc covid hosp,2,2026-09-05,54,quantile,0.9,12.0
2026-08-22,wk inc covid hosp,2,2026-09-05,54,quantile,0.95,17.0
2026-08-22,wk inc covid hosp,2,2026-09-05,54,quantile,0.975,22.0
2026-08-22,wk inc covid hosp,2,2026-09-05,54,quantile,0.99,28.0
2026-08-22,wk inc covid hosp,2,2026-09-05,55,quantile,0.01,0.0
2026-08-22,wk inc covid hosp,2,2026-09-05,55,quantile,0.025,0.0
2026-08-22,wk inc covid hosp,2,2026-09-05,55,quantile,0.05,0.0
2026-08-22,wk inc covid hosp,2,2026-09-05,55,quantile,0.1,0.0
2026-08-22,wk inc covid hosp,2,2026-09-05,55,quantile,0.15,0.0
2026-08-22,wk inc covid hosp,2,2026-09-05,55,quantile,0.2,0.0
2026-08-22,wk inc covid hosp,2,2026-09-05,55,quantile,0.25,0.0
2026-08-22,wk inc covid hosp,2,2026-09-05,55,quantile,0.3,1.0
2026-08-22,wk inc covid hosp,2,2026-09-05,55,quantile,0.35,2.0
2026-08-22,wk inc covid hosp,2,2026-09-05,55,quantile,0.4,3.0
2026-08-22,wk inc covid hosp,2,2026-09-05,55,quantile,0.45,4.0
2026-08-22,wk inc covid hosp,2,2026-09-05,55,quantile,0.5,5.0
2026-08-22,wk inc covid hosp,2,2026-09-05,55,quantile,0.55,6.0
2026-08-22,wk inc covid hosp,2,2026-09-05,55,quantile,0.6,8.0
2026-08-22,wk inc covid hosp,2,2026-09-05,55,quantile,0.65,9.0
2026-08-22,wk inc covid hosp,2,2026-09-05,55,quantile,0.7,11.0
2026-08-22,wk inc covid hosp,2,2026-09-05,55,quantile,0.75,12.0
2026-08-22,wk inc covid hosp,2,2026-09-05,55,quantile,0.8,14.0
2026-08-22,wk inc covid hosp,2,2026-09-05,55,quantile,0.85,16.0
2026-08-22,wk inc covid hosp,2,2026-09-05,55,quantile,0.9,19.0
2026-08-22,wk inc covid hosp,2,2026-09-05,55,quantile,0.95,25.0
2026-08-22,wk inc covid hosp,2,2026-09-05,55,quantile,0.975,33.0
2026-08-22,wk inc covid hosp,2,2026-09-05,55,quantile,0.99,44.0
2026-08-22,wk inc covid hosp,2,2026-09-05,56,quantile,0.01,0.0
2026-08-22,wk inc covid hosp,2,2026-09-05,56,quantile,0.025,0.0
2026-08-22,wk inc covid hosp,2,2026-09-05,56,quantile,0.05,0.0
2026-08-22,wk inc covid hosp,2,2026-09-05,56,quantile,0.1,0.0
2026-08-22,wk inc covid hosp,2,2026-09-05,56,quantile,0.15,0.0
2026-08-22,wk inc covid hosp,2,2026-09-05,56,quantile,0.2,0.0
2026-08-22,wk inc covid hosp,2,2026-09-05,56,quantile,0.25,0.0
2026-08-22,wk inc covid hosp,2,2026-09-05,56,quantile,0.3,0.0
2026-08-22,wk inc covid hosp,2,2026-09-05,56,quantile,0.35,0.0
2026-08-22,wk inc covid hosp,2,2026-09-05,56,quantile,0.4,0.0
2026-08-22,wk inc covid hosp,2,2026-09-05,56,quantile,0.45,0.0
2026-08-22,wk inc covid hosp,2,2026-09-05,56,quantile,0.5,0.0
2026-08-22,wk inc covid hosp,2,2026-09-05,56,quantile,0.55,0.0
2026-08-22,wk inc covid hosp,2,2026-09-05,56,quantile,0.6,1.0
2026-08-22,wk inc covid hosp,2,2026-09-05,56,quantile,0.65,2.0
2026-08-22,wk inc covid hosp,2,2026-09-05,56,quantile,0.7,3.0
2026-08-22,wk inc covid hosp,2,2026-09-05,56,quantile,0.75,4.0
2026-08-22,wk inc covid hosp,2,2026-09-05,56,quantile,0.8,6.0
2026-08-22,wk inc covid hosp,2,2026-09-05,56,quantile,0.85,8.0
2026-08-22,wk inc covid hosp,2,2026-09-05,56,quantile,0.9,11.0
2026-08-22,wk inc covid hosp,2,2026-09-05,56,quantile,0.95,18.0
2026-08-22,wk inc covid hosp,2,2026-09-05,56,quantile,0.975,24.0
2026-08-22,wk inc covid hosp,2,2026-09-05,56,quantile,0.99,27.0
2026-08-22,wk inc covid hosp,2,2026-09-05,72,quantile,0.01,20.0
2026-08-22,wk inc covid hosp,2,2026-09-05,72,quantile,0.025,25.0
2026-08-22,wk inc covid hosp,2,2026-09-05,72,quantile,0.05,32.0
2026-08-22,wk inc covid hosp,2,2026-09-05,72,quantile,0.1,37.0
2026-08-22,wk inc covid hosp,2,2026-09-05,72,quantile,0.15,45.0
2026-08-22,wk inc covid hosp,2,2026-09-05,72,quantile,0.2,49.0
2026-08-22,wk inc covid hosp,2,2026-09-05,72,quantile,0.25,52.0
2026-08-22,wk inc covid hosp,2,2026-09-05,72,quantile,0.3,56.0
2026-08-22,wk inc covid hosp,2,2026-09-05,72,quantile,0.35,58.0
2026-08-22,wk inc covid hosp,2,2026-09-05,72,quantile,0.4,61.0
2026-08-22,wk inc covid hosp,2,2026-09-05,72,quantile,0.45,67.0
2026-08-22,wk inc covid hosp,2,2026-09-05,72,quantile,0.5,72.0
2026-08-22,wk inc covid hosp,2,2026-09-05,72,quantile,0.55,77.0
2026-08-22,wk inc covid hosp,2,2026-09-05,72,quantile,0.6,80.0
2026-08-22,wk inc covid hosp,2,2026-09-05,72,quantile,0.65,86.0
2026-08-22,wk inc covid hosp,2,2026-09-05,72,quantile,0.7,89.0
2026-08-22,wk inc covid hosp,2,2026-09-05,72,quantile,0.75,93.0
2026-08-22,wk inc covid hosp,2,2026-09-05,72,quantile,0.8,100.0
2026-08-22,wk inc covid hosp,2,2026-09-05,72,quantile,0.85,108.0
2026-08-22,wk inc covid hosp,2,2026-09-05,72,quantile,0.9,120.0
2026-08-22,wk inc covid hosp,2,2026-09-05,72,quantile,0.95,137.0
2026-08-22,wk inc covid hosp,2,2026-09-05,72,quantile,0.975,155.0
2026-08-22,wk inc covid hosp,2,2026-09-05,72,quantile,0.99,185.0
2026-08-22,wk inc covid hosp,3,2026-09-12,01,quantile,0.01,12.0
2026-08-22,wk inc covid hosp,3,2026-09-12,01,quantile,0.025,16.0
2026-08-22,wk inc covid hosp,3,2026-09-12,01,quantile,0.05,23.0
2026-08-22,wk inc covid hosp,3,2026-09-12,01,quantile,0.1,32.0
2026-08-22,wk inc covid hosp,3,2026-09-12,01,quantile,0.15,37.0
2026-08-22,wk inc covid hosp,3,2026-09-12,01,quantile,0.2,43.0
2026-08-22,wk inc covid hosp,3,2026-09-12,01,quantile,0.25,47.0
2026-08-22,wk inc covid hosp,3,2026-09-12,01,quantile,0.3,51.0
2026-08-22,wk inc covid hosp,3,2026-09-12,01,quantile,0.35,55.0
2026-08-22,wk inc covid hosp,3,2026-09-12,01,quantile,0.4,60.0
2026-08-22,wk inc covid hosp,3,2026-09-12,01,quantile,0.45,65.0
2026-08-22,wk inc covid hosp,3,2026-09-12,01,quantile,0.5,69.0
2026-08-22,wk inc covid hosp,3,2026-09-12,01,quantile,0.55,76.0
2026-08-22,wk inc covid hosp,3,2026-09-12,01,quantile,0.6,81.0
2026-08-22,wk inc covid hosp,3,2026-09-12,01,quantile,0.65,85.0
2026-08-22,wk inc covid hosp,3,2026-09-12,01,quantile,0.7,94.0
2026-08-22,wk inc covid hosp,3,2026-09-12,01,quantile,0.75,102.0
2026-08-22,wk inc covid hosp,3,2026-09-12,01,quantile,0.8,111.0
2026-08-22,wk inc covid hosp,3,2026-09-12,01,quantile,0.85,122.0
2026-08-22,wk inc covid hosp,3,2026-09-12,01,quantile,0.9,141.0
2026-08-22,wk inc covid hosp,3,2026-09-12,01,quantile,0.95,168.0
2026-08-22,wk inc covid hosp,3,2026-09-12,01,quantile,0.975,198.0
2026-08-22,wk inc covid hosp,3,2026-09-12,01,quantile,0.99,245.0
2026-08-22,wk inc covid hosp,3,2026-09-12,02,quantile,0.01,0.0
2026-08-22,wk inc covid hosp,3,2026-09-12,02,quantile,0.025,0.0
2026-08-22,wk inc covid hosp,3,2026-09-12,02,quantile,0.05,0.0
2026-08-22,wk inc covid hosp,3,2026-09-12,02,quantile,0.1,0.0
2026-08-22,wk inc covid hosp,3,2026-09-12,02,quantile,0.15,0.0
2026-08-22,wk inc covid hosp,3,2026-09-12,02,quantile,0.2,0.0
2026-08-22,wk inc covid hosp,3,2026-09-12,02,quantile,0.25,0.0
2026-08-22,wk inc covid hosp,3,2026-09-12,02,quantile,0.3,0.0
2026-08-22,wk inc covid hosp,3,2026-09-12,02,quantile,0.35,0.0
2026-08-22,wk inc covid hosp,3,2026-09-12,02,quantile,0.4,0.0
2026-08-22,wk inc covid hosp,3,2026-09-12,02,quantile,0.45,0.0
2026-08-22,wk inc covid hosp,3,2026-09-12,02,quantile,0.5,0.0
2026-08-22,wk inc covid hosp,3,2026-09-12,02,quantile,0.55,0.0
2026-08-22,wk inc covid hosp,3,2026-09-12,02,quantile,0.6,0.0
2026-08-22,wk inc covid hosp,3,2026-09-12,02,quantile,0.65,2.0
2026-08-22,wk inc covid hosp,3,2026-09-12,02,quantile,0.7,5.0
2026-08-22,wk inc covid hosp,3,2026-09-12,02,quantile,0.75,7.0
2026-08-22,wk inc covid hosp,3,2026-09-12,02,quantile,0.8,10.0
2026-08-22,wk inc covid hosp,3,2026-09-12,02,quantile,0.85,15.0
2026-08-22,wk inc covid hosp,3,2026-09-12,02,quantile,0.9,20.0
2026-08-22,wk inc covid hosp,3,2026-09-12,02,quantile,0.95,29.0
2026-08-22,wk inc covid hosp,3,2026-09-12,02,quantile,0.975,35.0
2026-08-22,wk inc covid hosp,3,2026-09-12,02,quantile,0.99,43.0
2026-08-22,wk inc covid hosp,3,2026-09-12,04,quantile,0.01,5.0
2026-08-22,wk inc covid hosp,3,2026-09-12,04,quantile,0.025,8.0
2026-08-22,wk inc covid hosp,3,2026-09-12,04,quantile,0.05,14.0
2026-08-22,wk inc covid hosp,3,2026-09-12,04,quantile,0.1,20.0
2026-08-22,wk inc covid hosp,3,2026-09-12,04,quantile,0.15,25.0
2026-08-22,wk inc covid hosp,3,2026-09-12,04,quantile,0.2,29.0
2026-08-22,wk inc covid hosp,3,2026-09-12,04,quantile,0.25,33.0
2026-08-22,wk inc covid hosp,3,2026-09-12,04,quantile,0.3,35.0
2026-08-22,wk inc covid hosp,3,2026-09-12,04,quantile,0.35,39.0
2026-08-22,wk inc covid hosp,3,2026-09-12,04,quantile,0.4,43.0
2026-08-22,wk inc covid hosp,3,2026-09-12,04,quantile,0.45,46.0
2026-08-22,wk inc covid hosp,3,2026-09-12,04,quantile,0.5,51.0
2026-08-22,wk inc covid hosp,3,2026-09-12,04,quantile,0.55,55.0
2026-08-22,wk inc covid hosp,3,2026-09-12,04,quantile,0.6,62.0
2026-08-22,wk inc covid hosp,3,2026-09-12,04,quantile,0.65,67.0
2026-08-22,wk inc covid hosp,3,2026-09-12,04,quantile,0.7,73.0
2026-08-22,wk inc covid hosp,3,2026-09-12,04,quantile,0.75,82.0
2026-08-22,wk inc covid hosp,3,2026-09-12,04,quantile,0.8,88.0
2026-08-22,wk inc covid hosp,3,2026-09-12,04,quantile,0.85,103.0
2026-08-22,wk inc covid hosp,3,2026-09-12,04,quantile,0.9,117.0
2026-08-22,wk inc covid hosp,3,2026-09-12,04,quantile,0.95,146.0
2026-08-22,wk inc covid hosp,3,2026-09-12,04,quantile,0.975,164.0
2026-08-22,wk inc covid hosp,3,2026-09-12,04,quantile,0.99,223.0
2026-08-22,wk inc covid hosp,3,2026-09-12,05,quantile,0.01,0.0
2026-08-22,wk inc covid hosp,3,2026-09-12,05,quantile,0.025,0.0
2026-08-22,wk inc covid hosp,3,2026-09-12,05,quantile,0.05,0.0
2026-08-22,wk inc covid hosp,3,2026-09-12,05,quantile,0.1,0.0
2026-08-22,wk inc covid hosp,3,2026-09-12,05,quantile,0.15,2.0
2026-08-22,wk inc covid hosp,3,2026-09-12,05,quantile,0.2,3.0
2026-08-22,wk inc covid hosp,3,2026-09-12,05,quantile,0.25,5.0
2026-08-22,wk inc covid hosp,3,2026-09-12,05,quantile,0.3,6.0
2026-08-22,wk inc covid hosp,3,2026-09-12,05,quantile,0.35,7.0
2026-08-22,wk inc covid hosp,3,2026-09-12,05,quantile,0.4,9.0
2026-08-22,wk inc covid hosp,3,2026-09-12,05,quantile,0.45,10.0
2026-08-22,wk inc covid hosp,3,2026-09-12,05,quantile,0.5,12.0
2026-08-22,wk inc covid hosp,3,2026-09-12,05,quantile,0.55,13.0
2026-08-22,wk inc covid hosp,3,2026-09-12,05,quantile,0.6,15.0
2026-08-22,wk inc covid hosp,3,2026-09-12,05,quantile,0.65,17.0
2026-08-22,wk inc covid hosp,3,2026-09-12,05,quantile,0.7,20.0
2026-08-22,wk inc covid hosp,3,2026-09-12,05,quantile,0.75,23.0
2026-08-22,wk inc covid hosp,3,2026-09-12,05,quantile,0.8,27.0
2026-08-22,wk inc covid hosp,3,2026-09-12,05,quantile,0.85,33.0
2026-08-22,wk inc covid hosp,3,2026-09-12,05,quantile,0.9,41.0
2026-08-22,wk inc covid hosp,3,2026-09-12,05,quantile,0.95,49.0
2026-08-22,wk inc covid hosp,3,2026-09-12,05,quantile,0.975,59.0
2026-08-22,wk inc covid hosp,3,2026-09-12,05,quantile,0.99,67.0
2026-08-22,wk inc covid hosp,3,2026-09-12,06,quantile,0.01,129.0
2026-08-22,wk inc covid hosp,3,2026-09-12,06,quantile,0.025,156.0
2026-08-22,wk inc covid hosp,3,2026-09-12,06,quantile,0.05,175.0
2026-08-22,wk inc covid hosp,3,2026-09-12,06,quantile,0.1,204.0
2026-08-22,wk inc covid hosp,3,2026-09-12,06,quantile,0.15,239.0
2026-08-22,wk inc covid hosp,3,2026-09-12,06,quantile,0.2,265.0
2026-08-22,wk inc covid hosp,3,2026-09-12,06,quantile,0.25,284.0
2026-08-22,wk inc covid hosp,3,2026-09-12,06,quantile,0.3,309.0
2026-08-22,wk inc covid hosp,3,2026-09-12,06,quantile,0.35,326.0
2026-08-22,wk inc covid hosp,3,2026-09-12,06,quantile,0.4,347.0
2026-08-22,wk inc covid hosp,3,2026-09-12,06,quantile,0.45,363.0
2026-08-22,wk inc covid hosp,3,2026-09-12,06,quantile,0.5,385.0
2026-08-22,wk inc covid hosp,3,2026-09-12,06,quantile,0.55,413.0
2026-08-22,wk inc covid hosp,3,2026-09-12,06,quantile,0.6,435.0
2026-08-22,wk inc covid hosp,3,2026-09-12,06,quantile,0.65,459.0
2026-08-22,wk inc covid hosp,3,2026-09-12,06,quantile,0.7,493.0
2026-08-22,wk inc covid hosp,3,2026-09-12,06,quantile,0.75,520.0
2026-08-22,wk inc covid hosp,3,2026-09-12,06,quantile,0.8,559.0
2026-08-22,wk inc covid hosp,3,2026-09-12,06,quantile,0.85,602.0
2026-08-22,wk inc covid hosp,3,2026-09-12,06,quantile,0.9,669.0
2026-08-22,wk inc covid hosp,3,2026-09-12,06,quantile,0.95,826.0
2026-08-22,wk inc covid hosp,3,2026-09-12,06,quantile,0.975,935.0
2026-08-22,wk inc covid hosp,3,2026-09-12,06,quantile,0.99,1063.0
2026-08-22,wk inc covid hosp,3,2026-09-12,08,quantile,0.01,0.0
2026-08-22,wk inc covid hosp,3,2026-09-12,08,quantile,0.025,0.0
2026-08-22,wk inc covid hosp,3,2026-09-12,08,quantile,0.05,0.0
2026-08-22,wk inc covid hosp,3,2026-09-12,08,quantile,0.1,1.0
2026-08-22,wk inc covid hosp,3,2026-09-12,08,quantile,0.15,2.0
2026-08-22,wk inc covid hosp,3,2026-09-12,08,quantile,0.2,3.0
2026-08-22,wk inc covid hosp,3,2026-09-12,08,quantile,0.25,4.0
2026-08-22,wk inc covid hosp,3,2026-09-12,08,quantile,0.3,6.0
2026-08-22,wk inc covid hosp,3,2026-09-12,08,quantile,0.35,7.0
2026-08-22,wk inc covid hosp,3,2026-09-12,08,quantile,0.4,9.0
2026-08-22,wk inc covid hosp,3,2026-09-12,08,quantile,0.45,10.0
2026-08-22,wk inc covid hosp,3,2026-09-12,08,quantile,0.5,11.0
2026-08-22,wk inc covid hosp,3,2026-09-12,08,quantile,0.55,12.0
2026-08-22,wk inc covid hosp,3,2026-09-12,08,quantile,0.6,15.0
2026-08-22,wk inc covid hosp,3,2026-09-12,08,quantile,0.65,17.0
2026-08-22,wk inc covid hosp,3,2026-09-12,08,quantile,0.7,19.0
2026-08-22,wk inc covid hosp,3,2026-09-12,08,quantile,0.75,21.0
2026-08-22,wk inc covid hosp,3,2026-09-12,08,quantile,0.8,24.0
2026-08-22,wk inc covid hosp,3,2026-09-12,08,quantile,0.85,28.0
2026-08-22,wk inc covid hosp,3,2026-09-12,08,quantile,0.9,33.0
2026-08-22,wk inc covid hosp,3,2026-09-12,08,quantile,0.95,43.0
2026-08-22,wk inc covid hosp,3,2026-09-12,08,quantile,0.975,55.0
2026-08-22,wk inc covid hosp,3,2026-09-12,08,quantile,0.99,65.0
2026-08-22,wk inc covid hosp,3,2026-09-12,09,quantile,0.01,0.0
2026-08-22,wk inc covid hosp,3,2026-09-12,09,quantile,0.025,0.0
2026-08-22,wk inc covid hosp,3,2026-09-12,09,quantile,0.05,0.0
2026-08-22,wk inc covid hosp,3,2026-09-12,09,quantile,0.1,0.0
2026-08-22,wk inc covid hosp,3,2026-09-12,09,quantile,0.15,0.0
2026-08-22,wk inc covid hosp,3,2026-09-12,09,quantile,0.2,0.0
2026-08-22,wk inc covid hosp,3,2026-09-12,09,quantile,0.25,0.0
2026-08-22,wk inc covid hosp,3,2026-09-12,09,quantile,0.3,0.0
2026-08-22,wk inc covid hosp,3,2026-09-12,09,quantile,0.35,0.0
2026-08-22,wk inc covid hosp,3,2026-09-12,09,quantile,0.4,1.0
2026-08-22,wk inc covid hosp,3,2026-09-12,09,quantile,0.45,1.0
2026-08-22,wk inc covid hosp,3,2026-09-12,09,quantile,0.5,2.0
2026-08-22,wk inc covid hosp,3,2026-09-12,09,quantile,0.55,3.0
2026-08-22,wk inc covid hosp,3,2026-09-12,09,quantile,0.6,4.0
2026-08-22,wk inc covid hosp,3,2026-09-12,09,quantile,0.65,5.0
2026-08-22,wk inc covid hosp,3,2026-09-12,09,quantile,0.7,6.0
2026-08-22,wk inc covid hosp,3,2026-09-12,09,quantile,0.75,7.0
2026-08-22,wk inc covid hosp,3,2026-09-12,09,quantile,0.8,9.0
2026-08-22,wk inc covid hosp,3,2026-09-12,09,quantile,0.85,12.0
2026-08-22,wk inc covid hosp,3,2026-09-12,09,quantile,0.9,13.0
2026-08-22,wk inc covid hosp,3,2026-09-12,09,quantile,0.95,21.0
2026-08-22,wk inc covid hosp,3,2026-09-12,09,quantile,0.975,23.0
2026-08-22,wk inc covid hosp,3,2026-09-12,09,quantile,0.99,33.0
2026-08-22,wk inc covid hosp,3,2026-09-12,10,quantile,0.01,0.0
2026-08-22,wk inc covid hosp,3,2026-09-12,10,quantile,0.025,0.0
2026-08-22,wk inc covid hosp,3,2026-09-12,10,quantile,0.05,0.0
2026-08-22,wk inc covid hosp,3,2026-09-12,10,quantile,0.1,0.0
2026-08-22,wk inc covid hosp,3,2026-09-12,10,quantile,0.15,0.0
2026-08-22,wk inc covid hosp,3,2026-09-12,10,quantile,0.2,0.0
2026-08-22,wk inc covid hosp,3,2026-09-12,10,quantile,0.25,0.0
2026-08-22,wk inc covid hosp,3,2026-09-12,10,quantile,0.3,0.0
2026-08-22,wk inc covid hosp,3,2026-09-12,10,quantile,0.35,0.0
2026-08-22,wk inc covid hosp,3,2026-09-12,10,quantile,0.4,0.0
2026-08-22,wk inc covid hosp,3,2026-09-12,10,quantile,0.45,0.0
2026-08-22,wk inc covid hosp,3,2026-09-12,10,quantile,0.5,0.0
2026-08-22,wk inc covid hosp,3,2026-09-12,10,quantile,0.55,0.0
2026-08-22,wk inc covid hosp,3,2026-09-12,10,quantile,0.6,0.0
2026-08-22,wk inc covid hosp,3,2026-09-12,10,quantile,0.65,0.0
2026-08-22,wk inc covid hosp,3,2026-09-12,10,quantile,0.7,0.0
2026-08-22,wk inc covid hosp,3,2026-09-12,10,quantile,0.75,2.0
2026-08-22,wk inc covid hosp,3,2026-09-12,10,quantile,0.8,3.0
2026-08-22,wk inc covid hosp,3,2026-09-12,10,quantile,0.85,5.0
2026-08-22,wk inc covid hosp,3,2026-09-12,10,quantile,0.9,8.0
2026-08-22,wk inc covid hosp,3,2026-09-12,10,quantile,0.95,16.0
2026-08-22,wk inc covid hosp,3,2026-09-12,10,quantile,0.975,20.0
2026-08-22,wk inc covid hosp,3,2026-09-12,10,quantile,0.99,26.0
2026-08-22,wk inc covid hosp,3,2026-09-12,11,quantile,0.01,0.0
2026-08-22,wk inc covid hosp,3,2026-09-12,11,quantile,0.025,0.0
2026-08-22,wk inc covid hosp,3,2026-09-12,11,quantile,0.05,0.0
2026-08-22,wk inc covid hosp,3,2026-09-12,11,quantile,0.1,0.0
2026-08-22,wk inc covid hosp,3,2026-09-12,11,quantile,0.15,0.0
2026-08-22,wk inc covid hosp,3,2026-09-12,11,quantile,0.2,0.0
2026-08-22,wk inc covid hosp,3,2026-09-12,11,quantile,0.25,0.0
2026-08-22,wk inc covid hosp,3,2026-09-12,11,quantile,0.3,0.0
2026-08-22,wk inc covid hosp,3,2026-09-12,11,quantile,0.35,0.0
2026-08-22,wk inc covid hosp,3,2026-09-12,11,quantile,0.4,0.0
2026-08-22,wk inc covid hosp,3,2026-09-12,11,quantile,0.45,0.0
2026-08-22,wk inc covid hosp,3,2026-09-12,11,quantile,0.5,0.0
2026-08-22,wk inc covid hosp,3,2026-09-12,11,quantile,0.55,1.0
2026-08-22,wk inc covid hosp,3,2026-09-12,11,quantile,0.6,2.0
2026-08-22,wk inc covid hosp,3,2026-09-12,11,quantile,0.65,3.0
2026-08-22,wk inc covid hosp,3,2026-09-12,11,quantile,0.7,4.0
2026-08-22,wk inc covid hosp,3,2026-09-12,11,quantile,0.75,5.0
2026-08-22,wk inc covid hosp,3,2026-09-12,11,quantile,0.8,6.0
2026-08-22,wk inc covid hosp,3,2026-09-12,11,quantile,0.85,10.0
2026-08-22,wk inc covid hosp,3,2026-09-12,11,quantile,0.9,14.0
2026-08-22,wk inc covid hosp,3,2026-09-12,11,quantile,0.95,19.0
2026-08-22,wk inc covid hosp,3,2026-09-12,11,quantile,0.975,24.0
2026-08-22,wk inc covid hosp,3,2026-09-12,11,quantile,0.99,32.0
2026-08-22,wk inc covid hosp,3,2026-09-12,12,quantile,0.01,109.0
2026-08-22,wk inc covid hosp,3,2026-09-12,12,quantile,0.025,130.0
2026-08-22,wk inc covid hosp,3,2026-09-12,12,quantile,0.05,149.0
2026-08-22,wk inc covid hosp,3,2026-09-12,12,quantile,0.1,176.0
2026-08-22,wk inc covid hosp,3,2026-09-12,12,quantile,0.15,194.0
2026-08-22,wk inc covid hosp,3,2026-09-12,12,quantile,0.2,211.0
2026-08-22,wk inc covid hosp,3,2026-09-12,12,quantile,0.25,229.0
2026-08-22,wk inc covid hosp,3,2026-09-12,12,quantile,0.3,251.0
2026-08-22,wk inc covid hosp,3,2026-09-12,12,quantile,0.35,265.0
2026-08-22,wk inc covid hosp,3,2026-09-12,12,quantile,0.4,284.0
2026-08-22,wk inc covid hosp,3,2026-09-12,12,quantile,0.45,296.0
2026-08-22,wk inc covid hosp,3,2026-09-12,12,quantile,0.5,318.0
2026-08-22,wk inc covid hosp,3,2026-09-12,12,quantile,0.55,342.0
2026-08-22,wk inc covid hosp,3,2026-09-12,12,quantile,0.6,364.0
2026-08-22,wk inc covid hosp,3,2026-09-12,12,quantile,0.65,382.0
2026-08-22,wk inc covid hosp,3,2026-09-12,12,quantile,0.7,403.0
2026-08-22,wk inc covid hosp,3,2026-09-12,12,quantile,0.75,430.0
2026-08-22,wk inc covid hosp,3,2026-09-12,12,quantile,0.8,453.0
2026-08-22,wk inc covid hosp,3,2026-09-12,12,quantile,0.85,488.0
2026-08-22,wk inc covid hosp,3,2026-09-12,12,quantile,0.9,549.0
2026-08-22,wk inc covid hosp,3,2026-09-12,12,quantile,0.95,632.0
2026-08-22,wk inc covid hosp,3,2026-09-12,12,quantile,0.975,753.0
2026-08-22,wk inc covid hosp,3,2026-09-12,12,quantile,0.99,857.0
2026-08-22,wk inc covid hosp,3,2026-09-12,13,quantile,0.01,13.0
2026-08-22,wk inc covid hosp,3,2026-09-12,13,quantile,0.025,19.0
2026-08-22,wk inc covid hosp,3,2026-09-12,13,quantile,0.05,24.0
2026-08-22,wk inc covid hosp,3,2026-09-12,13,quantile,0.1,33.0
2026-08-22,wk inc covid hosp,3,2026-09-12,13,quantile,0.15,39.0
2026-08-22,wk inc covid hosp,3,2026-09-12,13,quantile,0.2,45.0
2026-08-22,wk inc covid hosp,3,2026-09-12,13,quantile,0.25,49.0
2026-08-22,wk inc covid hosp,3,2026-09-12,13,quantile,0.3,55.0
2026-08-22,wk inc covid hosp,3,2026-09-12,13,quantile,0.35,61.0
2026-08-22,wk inc covid hosp,3,2026-09-12,13,quantile,0.4,66.0
2026-08-22,wk inc covid hosp,3,2026-09-12,13,quantile,0.45,71.0
2026-08-22,wk inc covid hosp,3,2026-09-12,13,quantile,0.5,78.0
2026-08-22,wk inc covid hosp,3,2026-09-12,13,quantile,0.55,83.0
2026-08-22,wk inc covid hosp,3,2026-09-12,13,quantile,0.6,89.0
2026-08-22,wk inc covid hosp,3,2026-09-12,13,quantile,0.65,95.0
2026-08-22,wk inc covid hosp,3,2026-09-12,13,quantile,0.7,101.0
2026-08-22,wk inc covid hosp,3,2026-09-12,13,quantile,0.75,110.0
2026-08-22,wk inc covid hosp,3,2026-09-12,13,quantile,0.8,124.0
2026-08-22,wk inc covid hosp,3,2026-09-12,13,quantile,0.85,137.0
2026-08-22,wk inc covid hosp,3,2026-09-12,13,quantile,0.9,154.0
2026-08-22,wk inc covid hosp,3,2026-09-12,13,quantile,0.95,181.0
2026-08-22,wk inc covid hosp,3,2026-09-12,13,quantile,0.975,230.0
2026-08-22,wk inc covid hosp,3,2026-09-12,13,quantile,0.99,285.0
2026-08-22,wk inc covid hosp,3,2026-09-12,15,quantile,0.01,0.0
2026-08-22,wk inc covid hosp,3,2026-09-12,15,quantile,0.025,0.0
2026-08-22,wk inc covid hosp,3,2026-09-12,15,quantile,0.05,2.0
2026-08-22,wk inc covid hosp,3,2026-09-12,15,quantile,0.1,5.0
2026-08-22,wk inc covid hosp,3,2026-09-12,15,quantile,0.15,8.0
2026-08-22,wk inc covid hosp,3,2026-09-12,15,quantile,0.2,11.0
2026-08-22,wk inc covid hosp,3,2026-09-12,15,quantile,0.25,13.0
2026-08-22,wk inc covid hosp,3,2026-09-12,15,quantile,0.3,14.0
2026-08-22,wk inc covid hosp,3,2026-09-12,15,quantile,0.35,16.0
2026-08-22,wk inc covid hosp,3,2026-09-12,15,quantile,0.4,18.0
2026-08-22,wk inc covid hosp,3,2026-09-12,15,quantile,0.45,20.0
2026-08-22,wk inc covid hosp,3,2026-09-12,15,quantile,0.5,22.0
2026-08-22,wk inc covid hosp,3,2026-09-12,15,quantile,0.55,26.0
2026-08-22,wk inc covid hosp,3,2026-09-12,15,quantile,0.6,27.0
2026-08-22,wk inc covid hosp,3,2026-09-12,15,quantile,0.65,31.0
2026-08-22,wk inc covid hosp,3,2026-09-12,15,quantile,0.7,34.0
2026-08-22,wk inc covid hosp,3,2026-09-12,15,quantile,0.75,38.0
2026-08-22,wk inc covid hosp,3,2026-09-12,15,quantile,0.8,44.0
2026-08-22,wk inc covid hosp,3,2026-09-12,15,quantile,0.85,50.0
2026-08-22,wk inc covid hosp,3,2026-09-12,15,quantile,0.9,59.0
2026-08-22,wk inc covid hosp,3,2026-09-12,15,quantile,0.95,71.0
2026-08-22,wk inc covid hosp,3,2026-09-12,15,quantile,0.975,85.0
2026-08-22,wk inc covid hosp,3,2026-09-12,15,quantile,0.99,121.0
2026-08-22,wk inc covid hosp,3,2026-09-12,16,quantile,0.01,0.0
2026-08-22,wk inc covid hosp,3,2026-09-12,16,quantile,0.025,0.0
2026-08-22,wk inc covid hosp,3,2026-09-12,16,quantile,0.05,0.0
2026-08-22,wk inc covid hosp,3,2026-09-12,16,quantile,0.1,0.0
2026-08-22,wk inc covid hosp,3,2026-09-12,16,quantile,0.15,0.0
2026-08-22,wk inc covid hosp,3,2026-09-12,16,quantile,0.2,0.0
2026-08-22,wk inc covid hosp,3,2026-09-12,16,quantile,0.25,1.0
2026-08-22,wk inc covid hosp,3,2026-09-12,16,quantile,0.3,3.0
2026-08-22,wk inc covid hosp,3,2026-09-12,16,quantile,0.35,6.0
2026-08-22,wk inc covid hosp,3,2026-09-12,16,quantile,0.4,11.0
2026-08-22,wk inc covid hosp,3,2026-09-12,16,quantile,0.45,14.0
2026-08-22,wk inc covid hosp,3,2026-09-12,16,quantile,0.5,20.0
2026-08-22,wk inc covid hosp,3,2026-09-12,16,quantile,0.55,26.0
2026-08-22,wk inc covid hosp,3,2026-09-12,16,quantile,0.6,32.0
2026-08-22,wk inc covid hosp,3,2026-09-12,16,quantile,0.65,39.0
2026-08-22,wk inc covid hosp,3,2026-09-12,16,quantile,0.7,46.0
2026-08-22,wk inc covid hosp,3,2026-09-12,16,quantile,0.75,59.0
2026-08-22,wk inc covid hosp,3,2026-09-12,16,quantile,0.8,72.0
2026-08-22,wk inc covid hosp,3,2026-09-12,16,quantile,0.85,95.0
2026-08-22,wk inc covid hosp,3,2026-09-12,16,quantile,0.9,130.0
2026-08-22,wk inc covid hosp,3,2026-09-12,16,quantile,0.95,223.0
2026-08-22,wk inc covid hosp,3,2026-09-12,16,quantile,0.975,363.0
2026-08-22,wk inc covid hosp,3,2026-09-12,16,quantile,0.99,613.0
2026-08-22,wk inc covid hosp,3,2026-09-12,17,quantile,0.01,0.0
2026-08-22,wk inc covid hosp,3,2026-09-12,17,quantile,0.025,2.0
2026-08-22,wk inc covid hosp,3,2026-09-12,17,quantile,0.05,4.0
2026-08-22,wk inc covid hosp,3,2026-09-12,17,quantile,0.1,7.0
2026-08-22,wk inc covid hosp,3,2026-09-12,17,quantile,0.15,9.0
2026-08-22,wk inc covid hosp,3,2026-09-12,17,quantile,0.2,11.0
2026-08-22,wk inc covid hosp,3,2026-09-12,17,quantile,0.25,13.0
2026-08-22,wk inc covid hosp,3,2026-09-12,17,quantile,0.3,15.0
2026-08-22,wk inc covid hosp,3,2026-09-12,17,quantile,0.35,18.0
2026-08-22,wk inc covid hosp,3,2026-09-12,17,quantile,0.4,19.0
2026-08-22,wk inc covid hosp,3,2026-09-12,17,quantile,0.45,22.0
2026-08-22,wk inc covid hosp,3,2026-09-12,17,quantile,0.5,24.0
2026-08-22,wk inc covid hosp,3,2026-09-12,17,quantile,0.55,26.0
2026-08-22,wk inc covid hosp,3,2026-09-12,17,quantile,0.6,28.0
2026-08-22,wk inc covid hosp,3,2026-09-12,17,quantile,0.65,31.0
2026-08-22,wk inc covid hosp,3,2026-09-12,17,quantile,0.7,33.0
2026-08-22,wk inc covid hosp,3,2026-09-12,17,quantile,0.75,36.0
2026-08-22,wk inc covid hosp,3,2026-09-12,17,quantile,0.8,41.0
2026-08-22,wk inc covid hosp,3,2026-09-12,17,quantile,0.85,47.0
2026-08-22,wk inc covid hosp,3,2026-09-12,17,quantile,0.9,54.0
2026-08-22,wk inc covid hosp,3,2026-09-12,17,quantile,0.95,68.0
2026-08-22,wk inc covid hosp,3,2026-09-12,17,quantile,0.975,87.0
2026-08-22,wk inc covid hosp,3,2026-09-12,17,quantile,0.99,96.0
2026-08-22,wk inc covid hosp,3,2026-09-12,18,quantile,0.01,0.0
2026-08-22,wk inc covid hosp,3,2026-09-12,18,quantile,0.025,1.0
2026-08-22,wk inc covid hosp,3,2026-09-12,18,quantile,0.05,2.0
2026-08-22,wk inc covid hosp,3,2026-09-12,18,quantile,0.1,6.0
2026-08-22,wk inc covid hosp,3,2026-09-12,18,quantile,0.15,8.0
2026-08-22,wk inc covid hosp,3,2026-09-12,18,quantile,0.2,11.0
2026-08-22,wk inc covid hosp,3,2026-09-12,18,quantile,0.25,13.0
2026-08-22,wk inc covid hosp,3,2026-09-12,18,quantile,0.3,16.0
2026-08-22,wk inc covid hosp,3,2026-09-12,18,quantile,0.35,19.0
2026-08-22,wk inc covid hosp,3,2026-09-12,18,quantile,0.4,21.0
2026-08-22,wk inc covid hosp,3,2026-09-12,18,quantile,0.45,25.0
2026-08-22,wk inc covid hosp,3,2026-09-12,18,quantile,0.5,28.0
2026-08-22,wk inc covid hosp,3,2026-09-12,18,quantile,0.55,31.0
2026-08-22,wk inc covid hosp,3,2026-09-12,18,quantile,0.6,33.0
2026-08-22,wk inc covid hosp,3,2026-09-12,18,quantile,0.65,37.0
2026-08-22,wk inc covid hosp,3,2026-09-12,18,quantile,0.7,40.0
2026-08-22,wk inc covid hosp,3,2026-09-12,18,quantile,0.75,46.0
2026-08-22,wk inc covid hosp,3,2026-09-12,18,quantile,0.8,51.0
2026-08-22,wk inc covid hosp,3,2026-09-12,18,quantile,0.85,59.0
2026-08-22,wk inc covid hosp,3,2026-09-12,18,quantile,0.9,67.0
2026-08-22,wk inc covid hosp,3,2026-09-12,18,quantile,0.95,88.0
2026-08-22,wk inc covid hosp,3,2026-09-12,18,quantile,0.975,103.0
2026-08-22,wk inc covid hosp,3,2026-09-12,18,quantile,0.99,119.0
2026-08-22,wk inc covid hosp,3,2026-09-12,19,quantile,0.01,0.0
2026-08-22,wk inc covid hosp,3,2026-09-12,19,quantile,0.025,0.0
2026-08-22,wk inc covid hosp,3,2026-09-12,19,quantile,0.05,0.0
2026-08-22,wk inc covid hosp,3,2026-09-12,19,quantile,0.1,0.0
2026-08-22,wk inc covid hosp,3,2026-09-12,19,quantile,0.15,0.0
2026-08-22,wk inc covid hosp,3,2026-09-12,19,quantile,0.2,0.0
2026-08-22,wk inc covid hosp,3,2026-09-12,19,quantile,0.25,0.0
2026-08-22,wk inc covid hosp,3,2026-09-12,19,quantile,0.3,0.0
2026-08-22,wk inc covid hosp,3,2026-09-12,19,quantile,0.35,0.0
2026-08-22,wk inc covid hosp,3,2026-09-12,19,quantile,0.4,0.0
2026-08-22,wk inc covid hosp,3,2026-09-12,19,quantile,0.45,0.0
2026-08-22,wk inc covid hosp,3,2026-09-12,19,quantile,0.5,1.0
2026-08-22,wk inc covid hosp,3,2026-09-12,19,quantile,0.55,2.0
2026-08-22,wk inc covid hosp,3,2026-09-12,19,quantile,0.6,4.0
2026-08-22,wk inc covid hosp,3,2026-09-12,19,quantile,0.65,6.0
2026-08-22,wk inc covid hosp,3,2026-09-12,19,quantile,0.7,7.0
2026-08-22,wk inc covid hosp,3,2026-09-12,19,quantile,0.75,9.0
2026-08-22,wk inc covid hosp,3,2026-09-12,19,quantile,0.8,12.0
2026-08-22,wk inc covid hosp,3,2026-09-12,19,quantile,0.85,16.0
2026-08-22,wk inc covid hosp,3,2026-09-12,19,quantile,0.9,23.0
2026-08-22,wk inc covid hosp,3,2026-09-12,19,quantile,0.95,32.0
2026-08-22,wk inc covid hosp,3,2026-09-12,19,quantile,0.975,36.0
2026-08-22,wk inc covid hosp,3,2026-09-12,19,quantile,0.99,55.0
2026-08-22,wk inc covid hosp,3,2026-09-12,20,quantile,0.01,0.0
2026-08-22,wk inc covid hosp,3,2026-09-12,20,quantile,0.025,0.0
2026-08-22,wk inc covid hosp,3,2026-09-12,20,quantile,0.05,0.0
2026-08-22,wk inc covid hosp,3,2026-09-12,20,quantile,0.1,0.0
2026-08-22,wk inc covid hosp,3,2026-09-12,20,quantile,0.15,0.0
2026-08-22,wk inc covid hosp,3,2026-09-12,20,quantile,0.2,0.0
2026-08-22,wk inc covid hosp,3,2026-09-12,20,quantile,0.25,0.0
2026-08-22,wk inc covid hosp,3,2026-09-12,20,quantile,0.3,0.0
2026-08-22,wk inc covid hosp,3,2026-09-12,20,quantile,0.35,0.0
2026-08-22,wk inc covid hosp,3,2026-09-12,20,quantile,0.4,0.0
2026-08-22,wk inc covid hosp,3,2026-09-12,20,quantile,0.45,0.0
2026-08-22,wk inc covid hosp,3,2026-09-12,20,quantile,0.5,1.0
2026-08-22,wk inc covid hosp,3,2026-09-12,20,quantile,0.55,2.0
2026-08-22,wk inc covid hosp,3,2026-09-12,20,quantile,0.6,3.0
2026-08-22,wk inc covid hosp,3,2026-09-12,20,quantile,0.65,4.0
2026-08-22,wk inc covid hosp,3,2026-09-12,20,quantile,0.7,5.0
2026-08-22,wk inc covid hosp,3,2026-09-12,20,quantile,0.75,7.0
2026-08-22,wk inc covid hosp,3,2026-09-12,20,quantile,0.8,8.0
2026-08-22,wk inc covid hosp,3,2026-09-12,20,quantile,0.85,10.0
2026-08-22,wk inc covid hosp,3,2026-09-12,20,quantile,0.9,13.0
2026-08-22,wk inc covid hosp,3,2026-09-12,20,quantile,0.95,18.0
2026-08-22,wk inc covid hosp,3,2026-09-12,20,quantile,0.975,22.0
2026-08-22,wk inc covid hosp,3,2026-09-12,20,quantile,0.99,28.0
2026-08-22,wk inc covid hosp,3,2026-09-12,21,quantile,0.01,0.0
2026-08-22,wk inc covid hosp,3,2026-09-12,21,quantile,0.025,0.0
2026-08-22,wk inc covid hosp,3,2026-09-12,21,quantile,0.05,0.0
2026-08-22,wk inc covid hosp,3,2026-09-12,21,quantile,0.1,0.0
2026-08-22,wk inc covid hosp,3,2026-09-12,21,quantile,0.15,2.0
2026-08-22,wk inc covid hosp,3,2026-09-12,21,quantile,0.2,3.0
2026-08-22,wk inc covid hosp,3,2026-09-12,21,quantile,0.25,5.0
2026-08-22,wk inc covid hosp,3,2026-09-12,21,quantile,0.3,6.0
2026-08-22,wk inc covid hosp,3,2026-09-12,21,quantile,0.35,8.0
2026-08-22,wk inc covid hosp,3,2026-09-12,21,quantile,0.4,8.0
2026-08-22,wk inc covid hosp,3,2026-09-12,21,quantile,0.45,10.0
2026-08-22,wk inc covid hosp,3,2026-09-12,21,quantile,0.5,12.0
2026-08-22,wk inc covid hosp,3,2026-09-12,21,quantile,0.55,14.0
2026-08-22,wk inc covid hosp,3,2026-09-12,21,quantile,0.6,15.0
2026-08-22,wk inc covid hosp,3,2026-09-12,21,quantile,0.65,17.0
2026-08-22,wk inc covid hosp,3,2026-09-12,21,quantile,0.7,19.0
2026-08-22,wk inc covid hosp,3,2026-09-12,21,quantile,0.75,23.0
2026-08-22,wk inc covid hosp,3,2026-09-12,21,quantile,0.8,26.0
2026-08-22,wk inc covid hosp,3,2026-09-12,21,quantile,0.85,29.0
2026-08-22,wk inc covid hosp,3,2026-09-12,21,quantile,0.9,34.0
2026-08-22,wk inc covid hosp,3,2026-09-12,21,quantile,0.95,47.0
2026-08-22,wk inc covid hosp,3,2026-09-12,21,quantile,0.975,57.0
2026-08-22,wk inc covid hosp,3,2026-09-12,21,quantile,0.99,66.0
2026-08-22,wk inc covid hosp,3,2026-09-12,22,quantile,0.01,0.0
2026-08-22,wk inc covid hosp,3,2026-09-12,22,quantile,0.025,2.0
2026-08-22,wk inc covid hosp,3,2026-09-12,22,quantile,0.05,4.0
2026-08-22,wk inc covid hosp,3,2026-09-12,22,quantile,0.1,7.0
2026-08-22,wk inc covid hosp,3,2026-09-12,22,quantile,0.15,10.0
2026-08-22,wk inc covid hosp,3,2026-09-12,22,quantile,0.2,12.0
2026-08-22,wk inc covid hosp,3,2026-09-12,22,quantile,0.25,14.0
2026-08-22,wk inc covid hosp,3,2026-09-12,22,quantile,0.3,15.0
2026-08-22,wk inc covid hosp,3,2026-09-12,22,quantile,0.35,18.0
2026-08-22,wk inc covid hosp,3,2026-09-12,22,quantile,0.4,19.0
2026-08-22,wk inc covid hosp,3,2026-09-12,22,quantile,0.45,20.0
2026-08-22,wk inc covid hosp,3,2026-09-12,22,quantile,0.5,23.0
2026-08-22,wk inc covid hosp,3,2026-09-12,22,quantile,0.55,25.0
2026-08-22,wk inc covid hosp,3,2026-09-12,22,quantile,0.6,28.0
2026-08-22,wk inc covid hosp,3,2026-09-12,22,quantile,0.65,32.0
2026-08-22,wk inc covid hosp,3,2026-09-12,22,quantile,0.7,35.0
2026-08-22,wk inc covid hosp,3,2026-09-12,22,quantile,0.75,39.0
2026-08-22,wk inc covid hosp,3,2026-09-12,22,quantile,0.8,46.0
2026-08-22,wk inc covid hosp,3,2026-09-12,22,quantile,0.85,50.0
2026-08-22,wk inc covid hosp,3,2026-09-12,22,quantile,0.9,60.0
2026-08-22,wk inc covid hosp,3,2026-09-12,22,quantile,0.95,75.0
2026-08-22,wk inc covid hosp,3,2026-09-12,22,quantile,0.975,86.0
2026-08-22,wk inc covid hosp,3,2026-09-12,22,quantile,0.99,104.0
2026-08-22,wk inc covid hosp,3,2026-09-12,23,quantile,0.01,0.0
2026-08-22,wk inc covid hosp,3,2026-09-12,23,quantile,0.025,0.0
2026-08-22,wk inc covid hosp,3,2026-09-12,23,quantile,0.05,0.0
2026-08-22,wk inc covid hosp,3,2026-09-12,23,quantile,0.1,0.0
2026-08-22,wk inc covid hosp,3,2026-09-12,23,quantile,0.15,0.0
2026-08-22,wk inc covid hosp,3,2026-09-12,23,quantile,0.2,0.0
2026-08-22,wk inc covid hosp,3,2026-09-12,23,quantile,0.25,0.0
2026-08-22,wk inc covid hosp,3,2026-09-12,23,quantile,0.3,0.0
2026-08-22,wk inc covid hosp,3,2026-09-12,23,quantile,0.35,0.0
2026-08-22,wk inc covid hosp,3,2026-09-12,23,quantile,0.4,0.0
2026-08-22,wk inc covid hosp,3,2026-09-12,23,quantile,0.45,0.0
2026-08-22,wk inc covid hosp,3,2026-09-12,23,quantile,0.5,0.0
2026-08-22,wk inc covid hosp,3,2026-09-12,23,quantile,0.55,0.0
2026-08-22,wk inc covid hosp,3,2026-09-12,23,quantile,0.6,0.0
2026-08-22,wk inc covid hosp,3,2026-09-12,23,quantile,0.65,0.0
2026-08-22,wk inc covid hosp,3,2026-09-12,23,quantile,0.7,0.0
2026-08-22,wk inc covid hosp,3,2026-09-12,23,quantile,0.75,0.0
2026-08-22,wk inc covid hosp,3,2026-09-12,23,quantile,0.8,0.0
2026-08-22,wk inc covid hosp,3,2026-09-12,23,quantile,0.85,0.0
2026-08-22,wk inc covid hosp,3,2026-09-12,23,quantile,0.9,0.0
2026-08-22,wk inc covid hosp,3,2026-09-12,23,quantile,0.95,2.0
2026-08-22,wk inc covid hosp,3,2026-09-12,23,quantile,0.975,4.0
2026-08-22,wk inc covid hosp,3,2026-09-12,23,quantile,0.99,7.0
2026-08-22,wk inc covid hosp,3,2026-09-12,24,quantile,0.01,0.0
2026-08-22,wk inc covid hosp,3,2026-09-12,24,quantile,0.025,0.0
2026-08-22,wk inc covid hosp,3,2026-09-12,24,quantile,0.05,1.0
2026-08-22,wk inc covid hosp,3,2026-09-12,24,quantile,0.1,5.0
2026-08-22,wk inc covid hosp,3,2026-09-12,24,quantile,0.15,9.0
2026-08-22,wk inc covid hosp,3,2026-09-12,24,quantile,0.2,13.0
2026-08-22,wk inc covid hosp,3,2026-09-12,24,quantile,0.25,15.0
2026-08-22,wk inc covid hosp,3,2026-09-12,24,quantile,0.3,18.0
2026-08-22,wk inc covid hosp,3,2026-09-12,24,quantile,0.35,21.0
2026-08-22,wk inc covid hosp,3,2026-09-12,24,quantile,0.4,24.0
2026-08-22,wk inc covid hosp,3,2026-09-12,24,quantile,0.45,28.0
2026-08-22,wk inc covid hosp,3,2026-09-12,24,quantile,0.5,31.0
2026-08-22,wk inc covid hosp,3,2026-09-12,24,quantile,0.55,36.0
2026-08-22,wk inc covid hosp,3,2026-09-12,24,quantile,0.6,42.0
2026-08-22,wk inc covid hosp,3,2026-09-12,24,quantile,0.65,47.0
2026-08-22,wk inc covid hosp,3,2026-09-12,24,quantile,0.7,54.0
2026-08-22,wk inc covid hosp,3,2026-09-12,24,quantile,0.75,59.0
2026-08-22,wk inc covid hosp,3,2026-09-12,24,quantile,0.8,67.0
2026-08-22,wk inc covid hosp,3,2026-09-12,24,quantile,0.85,78.0
2026-08-22,wk inc covid hosp,3,2026-09-12,24,quantile,0.9,93.0
2026-08-22,wk inc covid hosp,3,2026-09-12,24,quantile,0.95,114.0
2026-08-22,wk inc covid hosp,3,2026-09-12,24,quantile,0.975,138.0
2026-08-22,wk inc covid hosp,3,2026-09-12,24,quantile,0.99,161.0
2026-08-22,wk inc covid hosp,3,2026-09-12,25,quantile,0.01,1.0
2026-08-22,wk inc covid hosp,3,2026-09-12,25,quantile,0.025,2.0
2026-08-22,wk inc covid hosp,3,2026-09-12,25,quantile,0.05,5.0
2026-08-22,wk inc covid hosp,3,2026-09-12,25,quantile,0.1,9.0
2026-08-22,wk inc covid hosp,3,2026-09-12,25,quantile,0.15,14.0
2026-08-22,wk inc covid hosp,3,2026-09-12,25,quantile,0.2,17.0
2026-08-22,wk inc covid hosp,3,2026-09-12,25,quantile,0.25,20.0
2026-08-22,wk inc covid hosp,3,2026-09-12,25,quantile,0.3,24.0
2026-08-22,wk inc covid hosp,3,2026-09-12,25,quantile,0.35,27.0
2026-08-22,wk inc covid hosp,3,2026-09-12,25,quantile,0.4,29.0
2026-08-22,wk inc covid hosp,3,2026-09-12,25,quantile,0.45,32.0
2026-08-22,wk inc covid hosp,3,2026-09-12,25,quantile,0.5,36.0
2026-08-22,wk inc covid hosp,3,2026-09-12,25,quantile,0.55,41.0
2026-08-22,wk inc covid hosp,3,2026-09-12,25,quantile,0.6,46.0
2026-08-22,wk inc covid hosp,3,2026-09-12,25,quantile,0.65,50.0
2026-08-22,wk inc covid hosp,3,2026-09-12,25,quantile,0.7,54.0
2026-08-22,wk inc covid hosp,3,2026-09-12,25,quantile,0.75,61.0
2026-08-22,wk inc covid hosp,3,2026-09-12,25,quantile,0.8,67.0
2026-08-22,wk inc covid hosp,3,2026-09-12,25,quantile,0.85,80.0
2026-08-22,wk inc covid hosp,3,2026-09-12,25,quantile,0.9,102.0
2026-08-22,wk inc covid hosp,3,2026-09-12,25,quantile,0.95,124.0
2026-08-22,wk inc covid hosp,3,2026-09-12,25,quantile,0.975,143.0
2026-08-22,wk inc covid hosp,3,2026-09-12,25,quantile,0.99,166.0
2026-08-22,wk inc covid hosp,3,2026-09-12,26,quantile,0.01,0.0
2026-08-22,wk inc covid hosp,3,2026-09-12,26,quantile,0.025,0.0
2026-08-22,wk inc covid hosp,3,2026-09-12,26,quantile,0.05,0.0
2026-08-22,wk inc covid hosp,3,2026-09-12,26,quantile,0.1,2.0
2026-08-22,wk inc covid hosp,3,2026-09-12,26,quantile,0.15,4.0
2026-08-22,wk inc covid hosp,3,2026-09-12,26,quantile,0.2,6.0
2026-08-22,wk inc covid hosp,3,2026-09-12,26,quantile,0.25,8.0
2026-08-22,wk inc covid hosp,3,2026-09-12,26,quantile,0.3,9.0
2026-08-22,wk inc covid hosp,3,2026-09-12,26,quantile,0.35,11.0
2026-08-22,wk inc covid hosp,3,2026-09-12,26,quantile,0.4,13.0
2026-08-22,wk inc covid hosp,3,2026-09-12,26,quantile,0.45,15.0
2026-08-22,wk inc covid hosp,3,2026-09-12,26,quantile,0.5,17.0
2026-08-22,wk inc covid hosp,3,2026-09-12,26,quantile,0.55,19.0
2026-08-22,wk inc covid hosp,3,2026-09-12,26,quantile,0.6,21.0
2026-08-22,wk inc covid hosp,3,2026-09-12,26,quantile,0.65,24.0
2026-08-22,wk inc covid hosp,3,2026-09-12,26,quantile,0.7,27.0
2026-08-22,wk inc covid hosp,3,2026-09-12,26,quantile,0.75,29.0
2026-08-22,wk inc covid hosp,3,2026-09-12,26,quantile,0.8,32.0
2026-08-22,wk inc covid hosp,3,2026-09-12,26,quantile,0.85,38.0
2026-08-22,wk inc covid hosp,3,2026-09-12,26,quantile,0.9,48.0
2026-08-22,wk inc covid hosp,3,2026-09-12,26,quantile,0.95,58.0
2026-08-22,wk inc covid hosp,3,2026-09-12,26,quantile,0.975,67.0
2026-08-22,wk inc covid hosp,3,2026-09-12,26,quantile,0.99,85.0
2026-08-22,wk inc covid hosp,3,2026-09-12,27,quantile,0.01,0.0
2026-08-22,wk inc covid hosp,3,2026-09-12,27,quantile,0.025,0.0
2026-08-22,wk inc covid hosp,3,2026-09-12,27,quantile,0.05,0.0
2026-08-22,wk inc covid hosp,3,2026-09-12,27,quantile,0.1,0.0
2026-08-22,wk inc covid hosp,3,2026-09-12,27,quantile,0.15,1.0
2026-08-22,wk inc covid hosp,3,2026-09-12,27,quantile,0.2,2.0
2026-08-22,wk inc covid hosp,3,2026-09-12,27,quantile,0.25,3.0
2026-08-22,wk inc covid hosp,3,2026-09-12,27,quantile,0.3,4.0
2026-08-22,wk inc covid hosp,3,2026-09-12,27,quantile,0.35,6.0
2026-08-22,wk inc covid hosp,3,2026-09-12,27,quantile,0.4,8.0
2026-08-22,wk inc covid hosp,3,2026-09-12,27,quantile,0.45,10.0
2026-08-22,wk inc covid hosp,3,2026-09-12,27,quantile,0.5,12.0
2026-08-22,wk inc covid hosp,3,2026-09-12,27,quantile,0.55,15.0
2026-08-22,wk inc covid hosp,3,2026-09-12,27,quantile,0.6,18.0
2026-08-22,wk inc covid hosp,3,2026-09-12,27,quantile,0.65,21.0
2026-08-22,wk inc covid hosp,3,2026-09-12,27,quantile,0.7,24.0
2026-08-22,wk inc covid hosp,3,2026-09-12,27,quantile,0.75,27.0
2026-08-22,wk inc covid hosp,3,2026-09-12,27,quantile,0.8,32.0
2026-08-22,wk inc covid hosp,3,2026-09-12,27,quantile,0.85,38.0
2026-08-22,wk inc covid hosp,3,2026-09-12,27,quantile,0.9,51.0
2026-08-22,wk inc covid hosp,3,2026-09-12,27,quantile,0.95,62.0
2026-08-22,wk inc covid hosp,3,2026-09-12,27,quantile,0.975,74.0
2026-08-22,wk inc covid hosp,3,2026-09-12,27,quantile,0.99,96.0
2026-08-22,wk inc covid hosp,3,2026-09-12,28,quantile,0.01,3.0
2026-08-22,wk inc covid hosp,3,2026-09-12,28,quantile,0.025,6.0
2026-08-22,wk inc covid hosp,3,2026-09-12,28,quantile,0.05,8.0
2026-08-22,wk inc covid hosp,3,2026-09-12,28,quantile,0.1,13.0
2026-08-22,wk inc covid hosp,3,2026-09-12,28,quantile,0.15,16.0
2026-08-22,wk inc covid hosp,3,2026-09-12,28,quantile,0.2,19.0
2026-08-22,wk inc covid hosp,3,2026-09-12,28,quantile,0.25,22.0
2026-08-22,wk inc covid hosp,3,2026-09-12,28,quantile,0.3,24.0
2026-08-22,wk inc covid hosp,3,2026-09-12,28,quantile,0.35,26.0
2026-08-22,wk inc covid hosp,3,2026-09-12,28,quantile,0.4,29.0
2026-08-22,wk inc covid hosp,3,2026-09-12,28,quantile,0.45,33.0
2026-08-22,wk inc covid hosp,3,2026-09-12,28,quantile,0.5,36.0
2026-08-22,wk inc covid hosp,3,2026-09-12,28,quantile,0.55,39.0
2026-08-22,wk inc covid hosp,3,2026-09-12,28,quantile,0.6,42.0
2026-08-22,wk inc covid hosp,3,2026-09-12,28,quantile,0.65,47.0
2026-08-22,wk inc covid hosp,3,2026-09-12,28,quantile,0.7,52.0
2026-08-22,wk inc covid hosp,3,2026-09-12,28,quantile,0.75,58.0
2026-08-22,wk inc covid hosp,3,2026-09-12,28,quantile,0.8,63.0
2026-08-22,wk inc covid hosp,3,2026-09-12,28,quantile,0.85,68.0
2026-08-22,wk inc covid hosp,3,2026-09-12,28,quantile,0.9,79.0
2026-08-22,wk inc covid hosp,3,2026-09-12,28,quantile,0.95,101.0
2026-08-22,wk inc covid hosp,3,2026-09-12,28,quantile,0.975,125.0
2026-08-22,wk inc covid hosp,3,2026-09-12,28,quantile,0.99,158.0
2026-08-22,wk inc covid hosp,3,2026-09-12,29,quantile,0.01,0.0
2026-08-22,wk inc covid hosp,3,2026-09-12,29,quantile,0.025,0.0
2026-08-22,wk inc covid hosp,3,2026-09-12,29,quantile,0.05,1.0
2026-08-22,wk inc covid hosp,3,2026-09-12,29,quantile,0.1,3.0
2026-08-22,wk inc covid hosp,3,2026-09-12,29,quantile,0.15,6.0
2026-08-22,wk inc covid hosp,3,2026-09-12,29,quantile,0.2,8.0
2026-08-22,wk inc covid hosp,3,2026-09-12,29,quantile,0.25,11.0
2026-08-22,wk inc covid hosp,3,2026-09-12,29,quantile,0.3,13.0
2026-08-22,wk inc covid hosp,3,2026-09-12,29,quantile,0.35,15.0
2026-08-22,wk inc covid hosp,3,2026-09-12,29,quantile,0.4,17.0
2026-08-22,wk inc covid hosp,3,2026-09-12,29,quantile,0.45,20.0
2026-08-22,wk inc covid hosp,3,2026-09-12,29,quantile,0.5,23.0
2026-08-22,wk inc covid hosp,3,2026-09-12,29,quantile,0.55,25.0
2026-08-22,wk inc covid hosp,3,2026-09-12,29,quantile,0.6,28.0
2026-08-22,wk inc covid hosp,3,2026-09-12,29,quantile,0.65,32.0
2026-08-22,wk inc covid hosp,3,2026-09-12,29,quantile,0.7,36.0
2026-08-22,wk inc covid hosp,3,2026-09-12,29,quantile,0.75,40.0
2026-08-22,wk inc covid hosp,3,2026-09-12,29,quantile,0.8,45.0
2026-08-22,wk inc covid hosp,3,2026-09-12,29,quantile,0.85,51.0
2026-08-22,wk inc covid hosp,3,2026-09-12,29,quantile,0.9,63.0
2026-08-22,wk inc covid hosp,3,2026-09-12,29,quantile,0.95,76.0
2026-08-22,wk inc covid hosp,3,2026-09-12,29,quantile,0.975,89.0
2026-08-22,wk inc covid hosp,3,2026-09-12,29,quantile,0.99,130.0
2026-08-22,wk inc covid hosp,3,2026-09-12,30,quantile,0.01,0.0
2026-08-22,wk inc covid hosp,3,2026-09-12,30,quantile,0.025,0.0
2026-08-22,wk inc covid hosp,3,2026-09-12,30,quantile,0.05,0.0
2026-08-22,wk inc covid hosp,3,2026-09-12,30,quantile,0.1,0.0
2026-08-22,wk inc covid hosp,3,2026-09-12,30,quantile,0.15,0.0
2026-08-22,wk inc covid hosp,3,2026-09-12,30,quantile,0.2,0.0
2026-08-22,wk inc covid hosp,3,2026-09-12,30,quantile,0.25,0.0
2026-08-22,wk inc covid hosp,3,2026-09-12,30,quantile,0.3,0.0
2026-08-22,wk inc covid hosp,3,2026-09-12,30,quantile,0.35,0.0
2026-08-22,wk inc covid hosp,3,2026-09-12,30,quantile,0.4,0.0
2026-08-22,wk inc covid hosp,3,2026-09-12,30,quantile,0.45,0.0
2026-08-22,wk inc covid hosp,3,2026-09-12,30,quantile,0.5,0.0
2026-08-22,wk inc covid hosp,3,2026-09-12,30,quantile,0.55,0.0
2026-08-22,wk inc covid hosp,3,2026-09-12,30,quantile,0.6,0.0
2026-08-22,wk inc covid hosp,3,2026-09-12,30,quantile,0.65,0.0
2026-08-22,wk inc covid hosp,3,2026-09-12,30,quantile,0.7,4.0
2026-08-22,wk inc covid hosp,3,2026-09-12,30,quantile,0.75,7.0
2026-08-22,wk inc covid hosp,3,2026-09-12,30,quantile,0.8,14.0
2026-08-22,wk inc covid hosp,3,2026-09-12,30,quantile,0.85,22.0
2026-08-22,wk inc covid hosp,3,2026-09-12,30,quantile,0.9,32.0
2026-08-22,wk inc covid hosp,3,2026-09-12,30,quantile,0.95,50.0
2026-08-22,wk inc covid hosp,3,2026-09-12,30,quantile,0.975,74.0
2026-08-22,wk inc covid hosp,3,2026-09-12,30,quantile,0.99,99.0
2026-08-22,wk inc covid hosp,3,2026-09-12,31,quantile,0.01,0.0
2026-08-22,wk inc covid hosp,3,2026-09-12,31,quantile,0.025,0.0
2026-08-22,wk inc covid hosp,3,2026-09-12,31,quantile,0.05,0.0
2026-08-22,wk inc covid hosp,3,2026-09-12,31,quantile,0.1,0.0
2026-08-22,wk inc covid hosp,3,2026-09-12,31,quantile,0.15,0.0
2026-08-22,wk inc covid hosp,3,2026-09-12,31,quantile,0.2,0.0
2026-08-22,wk inc covid hosp,3,2026-09-12,31,quantile,0.25,0.0
2026-08-22,wk inc covid hosp,3,2026-09-12,31,quantile,0.3,0.0
2026-08-22,wk inc covid hosp,3,2026-09-12,31,quantile,0.35,0.0
2026-08-22,wk inc covid hosp,3,2026-09-12,31,quantile,0.4,0.0
2026-08-22,wk inc covid hosp,3,2026-09-12,31,quantile,0.45,0.0
2026-08-22,wk inc covid hosp,3,2026-09-12,31,quantile,0.5,0.0
2026-08-22,wk inc covid hosp,3,2026-09-12,31,quantile,0.55,0.0
2026-08-22,wk inc covid hosp,3,2026-09-12,31,quantile,0.6,0.0
2026-08-22,wk inc covid hosp,3,2026-09-12,31,quantile,0.65,0.0
2026-08-22,wk inc covid hosp,3,2026-09-12,31,quantile,0.7,0.0
2026-08-22,wk inc covid hosp,3,2026-09-12,31,quantile,0.75,0.0
2026-08-22,wk inc covid hosp,3,2026-09-12,31,quantile,0.8,0.0
2026-08-22,wk inc covid hosp,3,2026-09-12,31,quantile,0.85,0.0
2026-08-22,wk inc covid hosp,3,2026-09-12,31,quantile,0.9,2.0
2026-08-22,wk inc covid hosp,3,2026-09-12,31,quantile,0.95,6.0
2026-08-22,wk inc covid hosp,3,2026-09-12,31,quantile,0.975,9.0
2026-08-22,wk inc covid hosp,3,2026-09-12,31,quantile,0.99,14.0
2026-08-22,wk inc covid hosp,3,2026-09-12,32,quantile,0.01,0.0
2026-08-22,wk inc covid hosp,3,2026-09-12,32,quantile,0.025,0.0
2026-08-22,wk inc covid hosp,3,2026-09-12,32,quantile,0.05,0.0
2026-08-22,wk inc covid hosp,3,2026-09-12,32,quantile,0.1,1.0
2026-08-22,wk inc covid hosp,3,2026-09-12,32,quantile,0.15,2.0
2026-08-22,wk inc covid hosp,3,2026-09-12,32,quantile,0.2,4.0
2026-08-22,wk inc covid hosp,3,2026-09-12,32,quantile,0.25,6.0
2026-08-22,wk inc covid hosp,3,2026-09-12,32,quantile,0.3,8.0
2026-08-22,wk inc covid hosp,3,2026-09-12,32,quantile,0.35,9.0
2026-08-22,wk inc covid hosp,3,2026-09-12,32,quantile,0.4,11.0
2026-08-22,wk inc covid hosp,3,2026-09-12,32,quantile,0.45,12.0
2026-08-22,wk inc covid hosp,3,2026-09-12,32,quantile,0.5,14.0
2026-08-22,wk inc covid hosp,3,2026-09-12,32,quantile,0.55,16.0
2026-08-22,wk inc covid hosp,3,2026-09-12,32,quantile,0.6,18.0
2026-08-22,wk inc covid hosp,3,2026-09-12,32,quantile,0.65,20.0
2026-08-22,wk inc covid hosp,3,2026-09-12,32,quantile,0.7,22.0
2026-08-22,wk inc covid hosp,3,2026-09-12,32,quantile,0.75,26.0
2026-08-22,wk inc covid hosp,3,2026-09-12,32,quantile,0.8,31.0
2026-08-22,wk inc covid hosp,3,2026-09-12,32,quantile,0.85,35.0
2026-08-22,wk inc covid hosp,3,2026-09-12,32,quantile,0.9,39.0
2026-08-22,wk inc covid hosp,3,2026-09-12,32,quantile,0.95,50.0
2026-08-22,wk inc covid hosp,3,2026-09-12,32,quantile,0.975,62.0
2026-08-22,wk inc covid hosp,3,2026-09-12,32,quantile,0.99,68.0
2026-08-22,wk inc covid hosp,3,2026-09-12,33,quantile,0.01,0.0
2026-08-22,wk inc covid hosp,3,2026-09-12,33,quantile,0.025,0.0
2026-08-22,wk inc covid hosp,3,2026-09-12,33,quantile,0.05,0.0
2026-08-22,wk inc covid hosp,3,2026-09-12,33,quantile,0.1,0.0
2026-08-22,wk inc covid hosp,3,2026-09-12,33,quantile,0.15,0.0
2026-08-22,wk inc covid hosp,3,2026-09-12,33,quantile,0.2,0.0
2026-08-22,wk inc covid hosp,3,2026-09-12,33,quantile,0.25,0.0
2026-08-22,wk inc covid hosp,3,2026-09-12,33,quantile,0.3,1.0
2026-08-22,wk inc covid hosp,3,2026-09-12,33,quantile,0.35,3.0
2026-08-22,wk inc covid hosp,3,2026-09-12,33,quantile,0.4,4.0
2026-08-22,wk inc covid hosp,3,2026-09-12,33,quantile,0.45,6.0
2026-08-22,wk inc covid hosp,3,2026-09-12,33,quantile,0.5,8.0
2026-08-22,wk inc covid hosp,3,2026-09-12,33,quantile,0.55,10.0
2026-08-22,wk inc covid hosp,3,2026-09-12,33,quantile,0.6,11.0
2026-08-22,wk inc covid hosp,3,2026-09-12,33,quantile,0.65,15.0
2026-08-22,wk inc covid hosp,3,2026-09-12,33,quantile,0.7,18.0
2026-08-22,wk inc covid hosp,3,2026-09-12,33,quantile,0.75,22.0
2026-08-22,wk inc covid hosp,3,2026-09-12,33,quantile,0.8,26.0
2026-08-22,wk inc covid hosp,3,2026-09-12,33,quantile,0.85,31.0
2026-08-22,wk inc covid hosp,3,2026-09-12,33,quantile,0.9,37.0
2026-08-22,wk inc covid hosp,3,2026-09-12,33,quantile,0.95,47.0
2026-08-22,wk inc covid hosp,3,2026-09-12,33,quantile,0.975,62.0
2026-08-22,wk inc covid hosp,3,2026-09-12,33,quantile,0.99,92.0
2026-08-22,wk inc covid hosp,3,2026-09-12,34,quantile,0.01,5.0
2026-08-22,wk inc covid hosp,3,2026-09-12,34,quantile,0.025,9.0
2026-08-22,wk inc covid hosp,3,2026-09-12,34,quantile,0.05,13.0
2026-08-22,wk inc covid hosp,3,2026-09-12,34,quantile,0.1,18.0
2026-08-22,wk inc covid hosp,3,2026-09-12,34,quantile,0.15,22.0
2026-08-22,wk inc covid hosp,3,2026-09-12,34,quantile,0.2,26.0
2026-08-22,wk inc covid hosp,3,2026-09-12,34,quantile,0.25,30.0
2026-08-22,wk inc covid hosp,3,2026-09-12,34,quantile,0.3,34.0
2026-08-22,wk inc covid hosp,3,2026-09-12,34,quantile,0.35,38.0
2026-08-22,wk inc covid hosp,3,2026-09-12,34,quantile,0.4,42.0
2026-08-22,wk inc covid hosp,3,2026-09-12,34,quantile,0.45,45.0
2026-08-22,wk inc covid hosp,3,2026-09-12,34,quantile,0.5,50.0
2026-08-22,wk inc covid hosp,3,2026-09-12,34,quantile,0.55,55.0
2026-08-22,wk inc covid hosp,3,2026-09-12,34,quantile,0.6,60.0
2026-08-22,wk inc covid hosp,3,2026-09-12,34,quantile,0.65,66.0
2026-08-22,wk inc covid hosp,3,2026-09-12,34,quantile,0.7,72.0
2026-08-22,wk inc covid hosp,3,2026-09-12,34,quantile,0.75,79.0
2026-08-22,wk inc covid hosp,3,2026-09-12,34,quantile,0.8,88.0
2026-08-22,wk inc covid hosp,3,2026-09-12,34,quantile,0.85,95.0
2026-08-22,wk inc covid hosp,3,2026-09-12,34,quantile,0.9,109.0
2026-08-22,wk inc covid hosp,3,2026-09-12,34,quantile,0.95,127.0
2026-08-22,wk inc covid hosp,3,2026-09-12,34,quantile,0.975,149.0
2026-08-22,wk inc covid hosp,3,2026-09-12,34,quantile,0.99,161.0
2026-08-22,wk inc covid hosp,3,2026-09-12,35,quantile,0.01,0.0
2026-08-22,wk inc covid hosp,3,2026-09-12,35,quantile,0.025,0.0
2026-08-22,wk inc covid hosp,3,2026-09-12,35,quantile,0.05,0.0
2026-08-22,wk inc covid hosp,3,2026-09-12,35,quantile,0.1,0.0
2026-08-22,wk inc covid hosp,3,2026-09-12,35,quantile,0.15,0.0
2026-08-22,wk inc covid hosp,3,2026-09-12,35,quantile,0.2,0.0
2026-08-22,wk inc covid hosp,3,2026-09-12,35,quantile,0.25,0.0
2026-08-22,wk inc covid hosp,3,2026-09-12,35,quantile,0.3,0.0
2026-08-22,wk inc covid hosp,3,2026-09-12,35,quantile,0.35,0.0
2026-08-22,wk inc covid hosp,3,2026-09-12,35,quantile,0.4,0.0
2026-08-22,wk inc covid hosp,3,2026-09-12,35,quantile,0.45,0.0
2026-08-22,wk inc covid hosp,3,2026-09-12,35,quantile,0.5,1.0
2026-08-22,wk inc covid hosp,3,2026-09-12,35,quantile,0.55,2.0
2026-08-22,wk inc covid hosp,3,2026-09-12,35,quantile,0.6,3.0
2026-08-22,wk inc covid hosp,3,2026-09-12,35,quantile,0.65,4.0
2026-08-22,wk inc covid hosp,3,2026-09-12,35,quantile,0.7,5.0
2026-08-22,wk inc covid hosp,3,2026-09-12,35,quantile,0.75,6.0
2026-08-22,wk inc covid hosp,3,2026-09-12,35,quantile,0.8,8.0
2026-08-22,wk inc covid hosp,3,2026-09-12,35,quantile,0.85,10.0
2026-08-22,wk inc covid hosp,3,2026-09-12,35,quantile,0.9,13.0
2026-08-22,wk inc covid hosp,3,2026-09-12,35,quantile,0.95,18.0
2026-08-22,wk inc covid hosp,3,2026-09-12,35,quantile,0.975,25.0
2026-08-22,wk inc covid hosp,3,2026-09-12,35,quantile,0.99,30.0
2026-08-22,wk inc covid hosp,3,2026-09-12,36,quantile,0.01,26.0
2026-08-22,wk inc covid hosp,3,2026-09-12,36,quantile,0.025,33.0
2026-08-22,wk inc covid hosp,3,2026-09-12,36,quantile,0.05,38.0
2026-08-22,wk inc covid hosp,3,2026-09-12,36,quantile,0.1,48.0
2026-08-22,wk inc covid hosp,3,2026-09-12,36,quantile,0.15,56.0
2026-08-22,wk inc covid hosp,3,2026-09-12,36,quantile,0.2,63.0
2026-08-22,wk inc covid hosp,3,2026-09-12,36,quantile,0.25,70.0
2026-08-22,wk inc covid hosp,3,2026-09-12,36,quantile,0.3,77.0
2026-08-22,wk inc covid hosp,3,2026-09-12,36,quantile,0.35,83.0
2026-08-22,wk inc covid hosp,3,2026-09-12,36,quantile,0.4,88.0
2026-08-22,wk inc covid hosp,3,2026-09-12,36,quantile,0.45,94.0
2026-08-22,wk inc covid hosp,3,2026-09-12,36,quantile,0.5,102.0
2026-08-22,wk inc covid hosp,3,2026-09-12,36,quantile,0.55,106.0
2026-08-22,wk inc covid hosp,3,2026-09-12,36,quantile,0.6,117.0
2026-08-22,wk inc covid hosp,3,2026-09-12,36,quantile,0.65,126.0
2026-08-22,wk inc covid hosp,3,2026-09-12,36,quantile,0.7,135.0
2026-08-22,wk inc covid hosp,3,2026-09-12,36,quantile,0.75,142.0
2026-08-22,wk inc covid hosp,3,2026-09-12,36,quantile,0.8,155.0
2026-08-22,wk inc covid hosp,3,2026-09-12,36,quantile,0.85,173.0
2026-08-22,wk inc covid hosp,3,2026-09-12,36,quantile,0.9,190.0
2026-08-22,wk inc covid hosp,3,2026-09-12,36,quantile,0.95,228.0
2026-08-22,wk inc covid hosp,3,2026-09-12,36,quantile,0.975,249.0
2026-08-22,wk inc covid hosp,3,2026-09-12,36,quantile,0.99,305.0
2026-08-22,wk inc covid hosp,3,2026-09-12,37,quantile,0.01,44.0
2026-08-22,wk inc covid hosp,3,2026-09-12,37,quantile,0.025,52.0
2026-08-22,wk inc covid hosp,3,2026-09-12,37,quantile,0.05,59.0
2026-08-22,wk inc covid hosp,3,2026-09-12,37,quantile,0.1,78.0
2026-08-22,wk inc covid hosp,3,2026-09-12,37,quantile,0.15,95.0
2026-08-22,wk inc covid hosp,3,2026-09-12,37,quantile,0.2,104.0
2026-08-22,wk inc covid hosp,3,2026-09-12,37,quantile,0.25,114.0
2026-08-22,wk inc covid hosp,3,2026-09-12,37,quantile,0.3,123.0
2026-08-22,wk inc covid hosp,3,2026-09-12,37,quantile,0.35,135.0
2026-08-22,wk inc covid hosp,3,2026-09-12,37,quantile,0.4,148.0
2026-08-22,wk inc covid hosp,3,2026-09-12,37,quantile,0.45,158.0
2026-08-22,wk inc covid hosp,3,2026-09-12,37,quantile,0.5,166.0
2026-08-22,wk inc covid hosp,3,2026-09-12,37,quantile,0.55,177.0
2026-08-22,wk inc covid hosp,3,2026-09-12,37,quantile,0.6,190.0
2026-08-22,wk inc covid hosp,3,2026-09-12,37,quantile,0.65,201.0
2026-08-22,wk inc covid hosp,3,2026-09-12,37,quantile,0.7,215.0
2026-08-22,wk inc covid hosp,3,2026-09-12,37,quantile,0.75,237.0
2026-08-22,wk inc covid hosp,3,2026-09-12,37,quantile,0.8,261.0
2026-08-22,wk inc covid hosp,3,2026-09-12,37,quantile,0.85,282.0
2026-08-22,wk inc covid hosp,3,2026-09-12,37,quantile,0.9,318.0
2026-08-22,wk inc covid hosp,3,2026-09-12,37,quantile,0.95,387.0
2026-08-22,wk inc covid hosp,3,2026-09-12,37,quantile,0.975,424.0
2026-08-22,wk inc covid hosp,3,2026-09-12,37,quantile,0.99,572.0
2026-08-22,wk inc covid hosp,3,2026-09-12,38,quantile,0.01,0.0
2026-08-22,wk inc covid hosp,3,2026-09-12,38,quantile,0.025,0.0
2026-08-22,wk inc covid hosp,3,2026-09-12,38,quantile,0.05,0.0
2026-08-22,wk inc covid hosp,3,2026-09-12,38,quantile,0.1,0.0
2026-08-22,wk inc covid hosp,3,2026-09-12,38,quantile,0.15,0.0
2026-08-22,wk inc covid hosp,3,2026-09-12,38,quantile,0.2,0.0
2026-08-22,wk inc covid hosp,3,2026-09-12,38,quantile,0.25,0.0
2026-08-22,wk inc covid hosp,3,2026-09-12,38,quantile,0.3,0.0
2026-08-22,wk inc covid hosp,3,2026-09-12,38,quantile,0.35,0.0
2026-08-22,wk inc covid hosp,3,2026-09-12,38,quantile,0.4,0.0
2026-08-22,wk inc covid hosp,3,2026-09-12,38,quantile,0.45,0.0
2026-08-22,wk inc covid hosp,3,2026-09-12,38,quantile,0.5,0.0
2026-08-22,wk inc covid hosp,3,2026-09-12,38,quantile,0.55,0.0
2026-08-22,wk inc covid hosp,3,2026-09-12,38,quantile,0.6,0.0
2026-08-22,wk inc covid hosp,3,2026-09-12,38,quantile,0.65,0.0
2026-08-22,wk inc covid hosp,3,2026-09-12,38,quantile,0.7,0.0
2026-08-22,wk inc covid hosp,3,2026-09-12,38,quantile,0.75,0.0
2026-08-22,wk inc covid hosp,3,2026-09-12,38,quantile,0.8,0.0
2026-08-22,wk inc covid hosp,3,2026-09-12,38,quantile,0.85,0.0
2026-08-22,wk inc covid hosp,3,2026-09-12,38,quantile,0.9,0.0
2026-08-22,wk inc covid hosp,3,2026-09-12,38,quantile,0.95,0.0
2026-08-22,wk inc covid hosp,3,2026-09-12,38,quantile,0.975,0.0
2026-08-22,wk inc covid hosp,3,2026-09-12,38,quantile,0.99,0.0
2026-08-22,wk inc covid hosp,3,2026-09-12,39,quantile,0.01,3.0
2026-08-22,wk inc covid hosp,3,2026-09-12,39,quantile,0.025,6.0
2026-08-22,wk inc covid hosp,3,2026-09-12,39,quantile,0.05,8.0
2026-08-22,wk inc covid hosp,3,2026-09-12,39,quantile,0.1,13.0
2026-08-22,wk inc covid hosp,3,2026-09-12,39,quantile,0.15,16.0
2026-08-22,wk inc covid hosp,3,2026-09-12,39,quantile,0.2,20.0
2026-08-22,wk inc covid hosp,3,2026-09-12,39,quantile,0.25,23.0
2026-08-22,wk inc covid hosp,3,2026-09-12,39,quantile,0.3,26.0
2026-08-22,wk inc covid hosp,3,2026-09-12,39,quantile,0.35,28.0
2026-08-22,wk inc covid hosp,3,2026-09-12,39,quantile,0.4,31.0
2026-08-22,wk inc covid hosp,3,2026-09-12,39,quantile,0.45,34.0
2026-08-22,wk inc covid hosp,3,2026-09-12,39,quantile,0.5,36.0
2026-08-22,wk inc covid hosp,3,2026-09-12,39,quantile,0.55,39.0
2026-08-22,wk inc covid hosp,3,2026-09-12,39,quantile,0.6,44.0
2026-08-22,wk inc covid hosp,3,2026-09-12,39,quantile,0.65,46.0
2026-08-22,wk inc covid hosp,3,2026-09-12,39,quantile,0.7,51.0
2026-08-22,wk inc covid hosp,3,2026-09-12,39,quantile,0.75,59.0
2026-08-22,wk inc covid hosp,3,2026-09-12,39,quantile,0.8,64.0
2026-08-22,wk inc covid hosp,3,2026-09-12,39,quantile,0.85,73.0
2026-08-22,wk inc covid hosp,3,2026-09-12,39,quantile,0.9,84.0
2026-08-22,wk inc covid hosp,3,2026-09-12,39,quantile,0.95,111.0
2026-08-22,wk inc covid hosp,3,2026-09-12,39,quantile,0.975,132.0
2026-08-22,wk inc covid hosp,3,2026-09-12,39,quantile,0.99,160.0
2026-08-22,wk inc covid hosp,3,2026-09-12,40,quantile,0.01,0.0
2026-08-22,wk inc covid hosp,3,2026-09-12,40,quantile,0.025,0.0
2026-08-22,wk inc covid hosp,3,2026-09-12,40,quantile,0.05,0.0
2026-08-22,wk inc covid hosp,3,2026-09-12,40,quantile,0.1,0.0
2026-08-22,wk inc covid hosp,3,2026-09-12,40,quantile,0.15,0.0
2026-08-22,wk inc covid hosp,3,2026-09-12,40,quantile,0.2,0.0
2026-08-22,wk inc covid hosp,3,2026-09-12,40,quantile,0.25,0.0
2026-08-22,wk inc covid hosp,3,2026-09-12,40,quantile,0.3,0.0
2026-08-22,wk inc covid hosp,3,2026-09-12,40,quantile,0.35,1.0
2026-08-22,wk inc covid hosp,3,2026-09-12,40,quantile,0.4,2.0
2026-08-22,wk inc covid hosp,3,2026-09-12,40,quantile,0.45,3.0
2026-08-22,wk inc covid hosp,3,2026-09-12,40,quantile,0.5,4.0
2026-08-22,wk inc covid hosp,3,2026-09-12,40,quantile,0.55,6.0
2026-08-22,wk inc covid hosp,3,2026-09-12,40,quantile,0.6,7.0
2026-08-22,wk inc covid hosp,3,2026-09-12,40,quantile,0.65,10.0
2026-08-22,wk inc covid hosp,3,2026-09-12,40,quantile,0.7,12.0
2026-08-22,wk inc covid hosp,3,2026-09-12,40,quantile,0.75,14.0
2026-08-22,wk inc covid hosp,3,2026-09-12,40,quantile,0.8,17.0
2026-08-22,wk inc covid hosp,3,2026-09-12,40,quantile,0.85,22.0
2026-08-22,wk inc covid hosp,3,2026-09-12,40,quantile,0.9,26.0
2026-08-22,wk inc covid hosp,3,2026-09-12,40,quantile,0.95,33.0
2026-08-22,wk inc covid hosp,3,2026-09-12,40,quantile,0.975,41.0
2026-08-22,wk inc covid hosp,3,2026-09-12,40,quantile,0.99,63.0
2026-08-22,wk inc covid hosp,3,2026-09-12,41,quantile,0.01,0.0
2026-08-22,wk inc covid hosp,3,2026-09-12,41,quantile,0.025,0.0
2026-08-22,wk inc covid hosp,3,2026-09-12,41,quantile,0.05,0.0
2026-08-22,wk inc covid hosp,3,2026-09-12,41,quantile,0.1,0.0
2026-08-22,wk inc covid hosp,3,2026-09-12,41,quantile,0.15,0.0
2026-08-22,wk inc covid hosp,3,2026-09-12,41,quantile,0.2,1.0
2026-08-22,wk inc covid hosp,3,2026-09-12,41,quantile,0.25,2.0
2026-08-22,wk inc covid hosp,3,2026-09-12,41,quantile,0.3,3.0
2026-08-22,wk inc covid hosp,3,2026-09-12,41,quantile,0.35,4.0
2026-08-22,wk inc covid hosp,3,2026-09-12,41,quantile,0.4,7.0
2026-08-22,wk inc covid hosp,3,2026-09-12,41,quantile,0.45,8.0
2026-08-22,wk inc covid hosp,3,2026-09-12,41,quantile,0.5,10.0
2026-08-22,wk inc covid hosp,3,2026-09-12,41,quantile,0.55,12.0
2026-08-22,wk inc covid hosp,3,2026-09-12,41,quantile,0.6,14.0
2026-08-22,wk inc covid hosp,3,2026-09-12,41,quantile,0.65,16.0
2026-08-22,wk inc covid hosp,3,2026-09-12,41,quantile,0.7,19.0
2026-08-22,wk inc covid hosp,3,2026-09-12,41,quantile,0.75,21.0
2026-08-22,wk inc covid hosp,3,2026-09-12,41,quantile,0.8,25.0
2026-08-22,wk inc covid hosp,3,2026-09-12,41,quantile,0.85,31.0
2026-08-22,wk inc covid hosp,3,2026-09-12,41,quantile,0.9,39.0
2026-08-22,wk inc covid hosp,3,2026-09-12,41,quantile,0.95,56.0
2026-08-22,wk inc covid hosp,3,2026-09-12,41,quantile,0.975,67.0
2026-08-22,wk inc covid hosp,3,2026-09-12,41,quantile,0.99,89.0
2026-08-22,wk inc covid hosp,3,2026-09-12,42,quantile,0.01,21.0
2026-08-22,wk inc covid hosp,3,2026-09-12,42,quantile,0.025,25.0
2026-08-22,wk inc covid hosp,3,2026-09-12,42,quantile,0.05,34.0
2026-08-22,wk inc covid hosp,3,2026-09-12,42,quantile,0.1,45.0
2026-08-22,wk inc covid hosp,3,2026-09-12,42,quantile,0.15,50.0
2026-08-22,wk inc covid hosp,3,2026-09-12,42,quantile,0.2,58.0
2026-08-22,wk inc covid hosp,3,2026-09-12,42,quantile,0.25,64.0
2026-08-22,wk inc covid hosp,3,2026-09-12,42,quantile,0.3,73.0
2026-08-22,wk inc covid hosp,3,2026-09-12,42,quantile,0.35,81.0
2026-08-22,wk inc covid hosp,3,2026-09-12,42,quantile,0.4,86.0
2026-08-22,wk inc covid hosp,3,2026-09-12,42,quantile,0.45,94.0
2026-08-22,wk inc covid hosp,3,2026-09-12,42,quantile,0.5,104.0
2026-08-22,wk inc covid hosp,3,2026-09-12,42,quantile,0.55,112.0
2026-08-22,wk inc covid hosp,3,2026-09-12,42,quantile,0.6,123.0
2026-08-22,wk inc covid hosp,3,2026-09-12,42,quantile,0.65,133.0
2026-08-22,wk inc covid hosp,3,2026-09-12,42,quantile,0.7,149.0
2026-08-22,wk inc covid hosp,3,2026-09-12,42,quantile,0.75,166.0
2026-08-22,wk inc covid hosp,3,2026-09-12,42,quantile,0.8,180.0
2026-08-22,wk inc covid hosp,3,2026-09-12,42,quantile,0.85,203.0
2026-08-22,wk inc covid hosp,3,2026-09-12,42,quantile,0.9,226.0
2026-08-22,wk inc covid hosp,3,2026-09-12,42,quantile,0.95,269.0
2026-08-22,wk inc covid hosp,3,2026-09-12,42,quantile,0.975,306.0
2026-08-22,wk inc covid hosp,3,2026-09-12,42,quantile,0.99,352.0
2026-08-22,wk inc covid hosp,3,2026-09-12,44,quantile,0.01,0.0
2026-08-22,wk inc covid hosp,3,2026-09-12,44,quantile,0.025,0.0
2026-08-22,wk inc covid hosp,3,2026-09-12,44,quantile,0.05,0.0
2026-08-22,wk inc covid hosp,3,2026-09-12,44,quantile,0.1,0.0
2026-08-22,wk inc covid hosp,3,2026-09-12,44,quantile,0.15,0.0
2026-08-22,wk inc covid hosp,3,2026-09-12,44,quantile,0.2,0.0
2026-08-22,wk inc covid hosp,3,2026-09-12,44,quantile,0.25,1.0
2026-08-22,wk inc covid hosp,3,2026-09-12,44,quantile,0.3,2.0
2026-08-22,wk inc covid hosp,3,2026-09-12,44,quantile,0.35,4.0
2026-08-22,wk inc covid hosp,3,2026-09-12,44,quantile,0.4,4.0
2026-08-22,wk inc covid hosp,3,2026-09-12,44,quantile,0.45,5.0
2026-08-22,wk inc covid hosp,3,2026-09-12,44,quantile,0.5,7.0
2026-08-22,wk inc covid hosp,3,2026-09-12,44,quantile,0.55,8.0
2026-08-22,wk inc covid hosp,3,2026-09-12,44,quantile,0.6,9.0
2026-08-22,wk inc covid hosp,3,2026-09-12,44,quantile,0.65,12.0
2026-08-22,wk inc covid hosp,3,2026-09-12,44,quantile,0.7,14.0
2026-08-22,wk inc covid hosp,3,2026-09-12,44,quantile,0.75,16.0
2026-08-22,wk inc covid hosp,3,2026-09-12,44,quantile,0.8,19.0
2026-08-22,wk inc covid hosp,3,2026-09-12,44,quantile,0.85,22.0
2026-08-22,wk inc covid hosp,3,2026-09-12,44,quantile,0.9,29.0
2026-08-22,wk inc covid hosp,3,2026-09-12,44,quantile,0.95,37.0
2026-08-22,wk inc covid hosp,3,2026-09-12,44,quantile,0.975,48.0
2026-08-22,wk inc covid hosp,3,2026-09-12,44,quantile,0.99,65.0
2026-08-22,wk inc covid hosp,3,2026-09-12,45,quantile,0.01,0.0
2026-08-22,wk inc covid hosp,3,2026-09-12,45,quantile,0.025,0.0
2026-08-22,wk inc covid hosp,3,2026-09-12,45,quantile,0.05,2.0
2026-08-22,wk inc covid hosp,3,2026-09-12,45,quantile,0.1,4.0
2026-08-22,wk inc covid hosp,3,2026-09-12,45,quantile,0.15,6.0
2026-08-22,wk inc covid hosp,3,2026-09-12,45,quantile,0.2,9.0
2026-08-22,wk inc covid hosp,3,2026-09-12,45,quantile,0.25,10.0
2026-08-22,wk inc covid hosp,3,2026-09-12,45,quantile,0.3,12.0
2026-08-22,wk inc covid hosp,3,2026-09-12,45,quantile,0.35,13.0
2026-08-22,wk inc covid hosp,3,2026-09-12,45,quantile,0.4,15.0
2026-08-22,wk inc covid hosp,3,2026-09-12,45,quantile,0.45,17.0
2026-08-22,wk inc covid hosp,3,2026-09-12,45,quantile,0.5,19.0
2026-08-22,wk inc covid hosp,3,2026-09-12,45,quantile,0.55,23.0
2026-08-22,wk inc covid hosp,3,2026-09-12,45,quantile,0.6,26.0
2026-08-22,wk inc covid hosp,3,2026-09-12,45,quantile,0.65,28.0
2026-08-22,wk inc covid hosp,3,2026-09-12,45,quantile,0.7,31.0
2026-08-22,wk inc covid hosp,3,2026-09-12,45,quantile,0.75,35.0
2026-08-22,wk inc covid hosp,3,2026-09-12,45,quantile,0.8,40.0
2026-08-22,wk inc covid hosp,3,2026-09-12,45,quantile,0.85,45.0
2026-08-22,wk inc covid hosp,3,2026-09-12,45,quantile,0.9,52.0
2026-08-22,wk inc covid hosp,3,2026-09-12,45,quantile,0.95,64.0
2026-08-22,wk inc covid hosp,3,2026-09-12,45,quantile,0.975,82.0
2026-08-22,wk inc covid hosp,3,2026-09-12,45,quantile,0.99,100.0
2026-08-22,wk inc covid hosp,3,2026-09-12,46,quantile,0.01,0.0
2026-08-22,wk inc covid hosp,3,2026-09-12,46,quantile,0.025,0.0
2026-08-22,wk inc covid hosp,3,2026-09-12,46,quantile,0.05,0.0
2026-08-22,wk inc covid hosp,3,2026-09-12,46,quantile,0.1,0.0
2026-08-22,wk inc covid hosp,3,2026-09-12,46,quantile,0.15,0.0
2026-08-22,wk inc covid hosp,3,2026-09-12,46,quantile,0.2,0.0
2026-08-22,wk inc covid hosp,3,2026-09-12,46,quantile,0.25,0.0
2026-08-22,wk inc covid hosp,3,2026-09-12,46,quantile,0.3,0.0
2026-08-22,wk inc covid hosp,3,2026-09-12,46,quantile,0.35,0.0
2026-08-22,wk inc covid hosp,3,2026-09-12,46,quantile,0.4,0.0
2026-08-22,wk inc covid hosp,3,2026-09-12,46,quantile,0.45,0.0
2026-08-22,wk inc covid hosp,3,2026-09-12,46,quantile,0.5,0.0
2026-08-22,wk inc covid hosp,3,2026-09-12,46,quantile,0.55,0.0
2026-08-22,wk inc covid hosp,3,2026-09-12,46,quantile,0.6,0.0
2026-08-22,wk inc covid hosp,3,2026-09-12,46,quantile,0.65,0.0
2026-08-22,wk inc covid hosp,3,2026-09-12,46,quantile,0.7,1.0
2026-08-22,wk inc covid hosp,3,2026-09-12,46,quantile,0.75,3.0
2026-08-22,wk inc covid hosp,3,2026-09-12,46,quantile,0.8,5.0
2026-08-22,wk inc covid hosp,3,2026-09-12,46,quantile,0.85,8.0
2026-08-22,wk inc covid hosp,3,2026-09-12,46,quantile,0.9,11.0
2026-08-22,wk inc covid hosp,3,2026-09-12,46,quantile,0.95,21.0
2026-08-22,wk inc covid hosp,3,2026-09-12,46,quantile,0.975,27.0
2026-08-22,wk inc covid hosp,3,2026-09-12,46,quantile,0.99,39.0
2026-08-22,wk inc covid hosp,3,2026-09-12,47,quantile,0.01,4.0
2026-08-22,wk inc covid hosp,3,2026-09-12,47,quantile,0.025,7.0
2026-08-22,wk inc covid hosp,3,2026-09-12,47,quantile,0.05,10.0
2026-08-22,wk inc covid hosp,3,2026-09-12,47,quantile,0.1,16.0
2026-08-22,wk inc covid hosp,3,2026-09-12,47,quantile,0.15,20.0
2026-08-22,wk inc covid hosp,3,2026-09-12,47,quantile,0.2,23.0
2026-08-22,wk inc covid hosp,3,2026-09-12,47,quantile,0.25,28.0
2026-08-22,wk inc covid hosp,3,2026-09-12,47,quantile,0.3,30.0
2026-08-22,wk inc covid hosp,3,2026-09-12,47,quantile,0.35,33.0
2026-08-22,wk inc covid hosp,3,2026-09-12,47,quantile,0.4,37.0
2026-08-22,wk inc covid hosp,3,2026-09-12,47,quantile,0.45,39.0
2026-08-22,wk inc covid hosp,3,2026-09-12,47,quantile,0.5,42.0
2026-08-22,wk inc covid hosp,3,2026-09-12,47,quantile,0.55,46.0
2026-08-22,wk inc covid hosp,3,2026-09-12,47,quantile,0.6,51.0
2026-08-22,wk inc covid hosp,3,2026-09-12,47,quantile,0.65,57.0
2026-08-22,wk inc covid hosp,3,2026-09-12,47,quantile,0.7,62.0
2026-08-22,wk inc covid hosp,3,2026-09-12,47,quantile,0.75,69.0
2026-08-22,wk inc covid hosp,3,2026-09-12,47,quantile,0.8,79.0
2026-08-22,wk inc covid hosp,3,2026-09-12,47,quantile,0.85,91.0
2026-08-22,wk inc covid hosp,3,2026-09-12,47,quantile,0.9,104.0
2026-08-22,wk inc covid hosp,3,2026-09-12,47,quantile,0.95,120.0
2026-08-22,wk inc covid hosp,3,2026-09-12,47,quantile,0.975,140.0
2026-08-22,wk inc covid hosp,3,2026-09-12,47,quantile,0.99,174.0
2026-08-22,wk inc covid hosp,3,2026-09-12,48,quantile,0.01,82.0
2026-08-22,wk inc covid hosp,3,2026-09-12,48,quantile,0.025,95.0
2026-08-22,wk inc covid hosp,3,2026-09-12,48,quantile,0.05,103.0
2026-08-22,wk inc covid hosp,3,2026-09-12,48,quantile,0.1,123.0
2026-08-22,wk inc covid hosp,3,2026-09-12,48,quantile,0.15,138.0
2026-08-22,wk inc covid hosp,3,2026-09-12,48,quantile,0.2,151.0
2026-08-22,wk inc covid hosp,3,2026-09-12,48,quantile,0.25,162.0
2026-08-22,wk inc covid hosp,3,2026-09-12,48,quantile,0.3,175.0
2026-08-22,wk inc covid hosp,3,2026-09-12,48,quantile,0.35,188.0
2026-08-22,wk inc covid hosp,3,2026-09-12,48,quantile,0.4,202.0
2026-08-22,wk inc covid hosp,3,2026-09-12,48,quantile,0.45,211.0
2026-08-22,wk inc covid hosp,3,2026-09-12,48,quantile,0.5,225.0
2026-08-22,wk inc covid hosp,3,2026-09-12,48,quantile,0.55,240.0
2026-08-22,wk inc covid hosp,3,2026-09-12,48,quantile,0.6,253.0
2026-08-22,wk inc covid hosp,3,2026-09-12,48,quantile,0.65,267.0
2026-08-22,wk inc covid hosp,3,2026-09-12,48,quantile,0.7,288.0
2026-08-22,wk inc covid hosp,3,2026-09-12,48,quantile,0.75,303.0
2026-08-22,wk inc covid hosp,3,2026-09-12,48,quantile,0.8,330.0
2026-08-22,wk inc covid hosp,3,2026-09-12,48,quantile,0.85,362.0
2026-08-22,wk inc covid hosp,3,2026-09-12,48,quantile,0.9,402.0
2026-08-22,wk inc covid hosp,3,2026-09-12,48,quantile,0.95,487.0
2026-08-22,wk inc covid hosp,3,2026-09-12,48,quantile,0.975,573.0
2026-08-22,wk inc covid hosp,3,2026-09-12,48,quantile,0.99,701.0
2026-08-22,wk inc covid hosp,3,2026-09-12,49,quantile,0.01,0.0
2026-08-22,wk inc covid hosp,3,2026-09-12,49,quantile,0.025,0.0
2026-08-22,wk inc covid hosp,3,2026-09-12,49,quantile,0.05,0.0
2026-08-22,wk inc covid hosp,3,2026-09-12,49,quantile,0.1,0.0
2026-08-22,wk inc covid hosp,3,2026-09-12,49,quantile,0.15,0.0
2026-08-22,wk inc covid hosp,3,2026-09-12,49,quantile,0.2,0.0
2026-08-22,wk inc covid hosp,3,2026-09-12,49,quantile,0.25,0.0
2026-08-22,wk inc covid hosp,3,2026-09-12,49,quantile,0.3,0.0
2026-08-22,wk inc covid hosp,3,2026-09-12,49,quantile,0.35,0.0
2026-08-22,wk inc covid hosp,3,2026-09-12,49,quantile,0.4,0.0
2026-08-22,wk inc covid hosp,3,2026-09-12,49,quantile,0.45,0.0
2026-08-22,wk inc covid hosp,3,2026-09-12,49,quantile,0.5,0.0
2026-08-22,wk inc covid hosp,3,2026-09-12,49,quantile,0.55,0.0
2026-08-22,wk inc covid hosp,3,2026-09-12,49,quantile,0.6,0.0
2026-08-22,wk inc covid hosp,3,2026-09-12,49,quantile,0.65,1.0
2026-08-22,wk inc covid hosp,3,2026-09-12,49,quantile,0.7,1.0
2026-08-22,wk inc covid hosp,3,2026-09-12,49,quantile,0.75,2.0
2026-08-22,wk inc covid hosp,3,2026-09-12,49,quantile,0.8,3.0
2026-08-22,wk inc covid hosp,3,2026-09-12,49,quantile,0.85,4.0
2026-08-22,wk inc covid hosp,3,2026-09-12,49,quantile,0.9,6.0
2026-08-22,wk inc covid hosp,3,2026-09-12,49,quantile,0.95,9.0
2026-08-22,wk inc covid hosp,3,2026-09-12,49,quantile,0.975,11.0
2026-08-22,wk inc covid hosp,3,2026-09-12,49,quantile,0.99,14.0
2026-08-22,wk inc covid hosp,3,2026-09-12,50,quantile,0.01,0.0
2026-08-22,wk inc covid hosp,3,2026-09-12,50,quantile,0.025,0.0
2026-08-22,wk inc covid hosp,3,2026-09-12,50,quantile,0.05,0.0
2026-08-22,wk inc covid hosp,3,2026-09-12,50,quantile,0.1,0.0
2026-08-22,wk inc covid hosp,3,2026-09-12,50,quantile,0.15,0.0
2026-08-22,wk inc covid hosp,3,2026-09-12,50,quantile,0.2,0.0
2026-08-22,wk inc covid hosp,3,2026-09-12,50,quantile,0.25,0.0
2026-08-22,wk inc covid hosp,3,2026-09-12,50,quantile,0.3,0.0
2026-08-22,wk inc covid hosp,3,2026-09-12,50,quantile,0.35,0.0
2026-08-22,wk inc covid hosp,3,2026-09-12,50,quantile,0.4,0.0
2026-08-22,wk inc covid hosp,3,2026-09-12,50,quantile,0.45,0.0
2026-08-22,wk inc covid hosp,3,2026-09-12,50,quantile,0.5,0.0
2026-08-22,wk inc covid hosp,3,2026-09-12,50,quantile,0.55,0.0
2026-08-22,wk inc covid hosp,3,2026-09-12,50,quantile,0.6,0.0
2026-08-22,wk inc covid hosp,3,2026-09-12,50,quantile,0.65,0.0
2026-08-22,wk inc covid hosp,3,2026-09-12,50,quantile,0.7,0.0
2026-08-22,wk inc covid hosp,3,2026-09-12,50,quantile,0.75,0.0
2026-08-22,wk inc covid hosp,3,2026-09-12,50,quantile,0.8,0.0
2026-08-22,wk inc covid hosp,3,2026-09-12,50,quantile,0.85,0.0
2026-08-22,wk inc covid hosp,3,2026-09-12,50,quantile,0.9,1.0
2026-08-22,wk inc covid hosp,3,2026-09-12,50,quantile,0.95,2.0
2026-08-22,wk inc covid hosp,3,2026-09-12,50,quantile,0.975,3.0
2026-08-22,wk inc covid hosp,3,2026-09-12,50,quantile,0.99,6.0
2026-08-22,wk inc covid hosp,3,2026-09-12,51,quantile,0.01,0.0
2026-08-22,wk inc covid hosp,3,2026-09-12,51,quantile,0.025,0.0
2026-08-22,wk inc covid hosp,3,2026-09-12,51,quantile,0.05,3.0
2026-08-22,wk inc covid hosp,3,2026-09-12,51,quantile,0.1,5.0
2026-08-22,wk inc covid hosp,3,2026-09-12,51,quantile,0.15,8.0
2026-08-22,wk inc covid hosp,3,2026-09-12,51,quantile,0.2,11.0
2026-08-22,wk inc covid hosp,3,2026-09-12,51,quantile,0.25,13.0
2026-08-22,wk inc covid hosp,3,2026-09-12,51,quantile,0.3,16.0
2026-08-22,wk inc covid hosp,3,2026-09-12,51,quantile,0.35,18.0
2026-08-22,wk inc covid hosp,3,2026-09-12,51,quantile,0.4,21.0
2026-08-22,wk inc covid hosp,3,2026-09-12,51,quantile,0.45,23.0
2026-08-22,wk inc covid hosp,3,2026-09-12,51,quantile,0.5,27.0
2026-08-22,wk inc covid hosp,3,2026-09-12,51,quantile,0.55,29.0
2026-08-22,wk inc covid hosp,3,2026-09-12,51,quantile,0.6,33.0
2026-08-22,wk inc covid hosp,3,2026-09-12,51,quantile,0.65,38.0
2026-08-22,wk inc covid hosp,3,2026-09-12,51,quantile,0.7,41.0
2026-08-22,wk inc covid hosp,3,2026-09-12,51,quantile,0.75,47.0
2026-08-22,wk inc covid hosp,3,2026-09-12,51,quantile,0.8,54.0
2026-08-22,wk inc covid hosp,3,2026-09-12,51,quantile,0.85,61.0
2026-08-22,wk inc covid hosp,3,2026-09-12,51,quantile,0.9,70.0
2026-08-22,wk inc covid hosp,3,2026-09-12,51,quantile,0.95,88.0
2026-08-22,wk inc covid hosp,3,2026-09-12,51,quantile,0.975,99.0
2026-08-22,wk inc covid hosp,3,2026-09-12,51,quantile,0.99,126.0
2026-08-22,wk inc covid hosp,3,2026-09-12,53,quantile,0.01,4.0
2026-08-22,wk inc covid hosp,3,2026-09-12,53,quantile,0.025,6.0
2026-08-22,wk inc covid hosp,3,2026-09-12,53,quantile,0.05,8.0
2026-08-22,wk inc covid hosp,3,2026-09-12,53,quantile,0.1,12.0
2026-08-22,wk inc covid hosp,3,2026-09-12,53,quantile,0.15,16.0
2026-08-22,wk inc covid hosp,3,2026-09-12,53,quantile,0.2,19.0
2026-08-22,wk inc covid hosp,3,2026-09-12,53,quantile,0.25,23.0
2026-08-22,wk inc covid hosp,3,2026-09-12,53,quantile,0.3,25.0
2026-08-22,wk inc covid hosp,3,2026-09-12,53,quantile,0.35,28.0
2026-08-22,wk inc covid hosp,3,2026-09-12,53,quantile,0.4,31.0
2026-08-22,wk inc covid hosp,3,2026-09-12,53,quantile,0.45,33.0
2026-08-22,wk inc covid hosp,3,2026-09-12,53,quantile,0.5,35.0
2026-08-22,wk inc covid hosp,3,2026-09-12,53,quantile,0.55,37.0
2026-08-22,wk inc covid hosp,3,2026-09-12,53,quantile,0.6,42.0
2026-08-22,wk inc covid hosp,3,2026-09-12,53,quantile,0.65,44.0
2026-08-22,wk inc covid hosp,3,2026-09-12,53,quantile,0.7,49.0
2026-08-22,wk inc covid hosp,3,2026-09-12,53,quantile,0.75,55.0
2026-08-22,wk inc covid hosp,3,2026-09-12,53,quantile,0.8,61.0
2026-08-22,wk inc covid hosp,3,2026-09-12,53,quantile,0.85,69.0
2026-08-22,wk inc covid hosp,3,2026-09-12,53,quantile,0.9,82.0
2026-08-22,wk inc covid hosp,3,2026-09-12,53,quantile,0.95,103.0
2026-08-22,wk inc covid hosp,3,2026-09-12,53,quantile,0.975,118.0
2026-08-22,wk inc covid hosp,3,2026-09-12,53,quantile,0.99,139.0
2026-08-22,wk inc covid hosp,3,2026-09-12,54,quantile,0.01,0.0
2026-08-22,wk inc covid hosp,3,2026-09-12,54,quantile,0.025,0.0
2026-08-22,wk inc covid hosp,3,2026-09-12,54,quantile,0.05,0.0
2026-08-22,wk inc covid hosp,3,2026-09-12,54,quantile,0.1,0.0
2026-08-22,wk inc covid hosp,3,2026-09-12,54,quantile,0.15,0.0
2026-08-22,wk inc covid hosp,3,2026-09-12,54,quantile,0.2,0.0
2026-08-22,wk inc covid hosp,3,2026-09-12,54,quantile,0.25,0.0
2026-08-22,wk inc covid hosp,3,2026-09-12,54,quantile,0.3,0.0
2026-08-22,wk inc covid hosp,3,2026-09-12,54,quantile,0.35,0.0
2026-08-22,wk inc covid hosp,3,2026-09-12,54,quantile,0.4,0.0
2026-08-22,wk inc covid hosp,3,2026-09-12,54,quantile,0.45,0.0
2026-08-22,wk inc covid hosp,3,2026-09-12,54,quantile,0.5,0.0
2026-08-22,wk inc covid hosp,3,2026-09-12,54,quantile,0.55,1.0
2026-08-22,wk inc covid hosp,3,2026-09-12,54,quantile,0.6,2.0
2026-08-22,wk inc covid hosp,3,2026-09-12,54,quantile,0.65,3.0
2026-08-22,wk inc covid hosp,3,2026-09-12,54,quantile,0.7,4.0
2026-08-22,wk inc covid hosp,3,2026-09-12,54,quantile,0.75,5.0
2026-08-22,wk inc covid hosp,3,2026-09-12,54,quantile,0.8,7.0
2026-08-22,wk inc covid hosp,3,2026-09-12,54,quantile,0.85,9.0
2026-08-22,wk inc covid hosp,3,2026-09-12,54,quantile,0.9,12.0
2026-08-22,wk inc covid hosp,3,2026-09-12,54,quantile,0.95,19.0
2026-08-22,wk inc covid hosp,3,2026-09-12,54,quantile,0.975,22.0
2026-08-22,wk inc covid hosp,3,2026-09-12,54,quantile,0.99,38.0
2026-08-22,wk inc covid hosp,3,2026-09-12,55,quantile,0.01,0.0
2026-08-22,wk inc covid hosp,3,2026-09-12,55,quantile,0.025,0.0
2026-08-22,wk inc covid hosp,3,2026-09-12,55,quantile,0.05,0.0
2026-08-22,wk inc covid hosp,3,2026-09-12,55,quantile,0.1,0.0
2026-08-22,wk inc covid hosp,3,2026-09-12,55,quantile,0.15,0.0
2026-08-22,wk inc covid hosp,3,2026-09-12,55,quantile,0.2,0.0
2026-08-22,wk inc covid hosp,3,2026-09-12,55,quantile,0.25,0.0
2026-08-22,wk inc covid hosp,3,2026-09-12,55,quantile,0.3,0.0
2026-08-22,wk inc covid hosp,3,2026-09-12,55,quantile,0.35,0.0
2026-08-22,wk inc covid hosp,3,2026-09-12,55,quantile,0.4,2.0
2026-08-22,wk inc covid hosp,3,2026-09-12,55,quantile,0.45,3.0
2026-08-22,wk inc covid hosp,3,2026-09-12,55,quantile,0.5,5.0
2026-08-22,wk inc covid hosp,3,2026-09-12,55,quantile,0.55,7.0
2026-08-22,wk inc covid hosp,3,2026-09-12,55,quantile,0.6,9.0
2026-08-22,wk inc covid hosp,3,2026-09-12,55,quantile,0.65,11.0
2026-08-22,wk inc covid hosp,3,2026-09-12,55,quantile,0.7,13.0
2026-08-22,wk inc covid hosp,3,2026-09-12,55,quantile,0.75,15.0
2026-08-22,wk inc covid hosp,3,2026-09-12,55,quantile,0.8,17.0
2026-08-22,wk inc covid hosp,3,2026-09-12,55,quantile,0.85,22.0
2026-08-22,wk inc covid hosp,3,2026-09-12,55,quantile,0.9,28.0
2026-08-22,wk inc covid hosp,3,2026-09-12,55,quantile,0.95,39.0
2026-08-22,wk inc covid hosp,3,2026-09-12,55,quantile,0.975,48.0
2026-08-22,wk inc covid hosp,3,2026-09-12,55,quantile,0.99,55.0
2026-08-22,wk inc covid hosp,3,2026-09-12,56,quantile,0.01,0.0
2026-08-22,wk inc covid hosp,3,2026-09-12,56,quantile,0.025,0.0
2026-08-22,wk inc covid hosp,3,2026-09-12,56,quantile,0.05,0.0
2026-08-22,wk inc covid hosp,3,2026-09-12,56,quantile,0.1,0.0
2026-08-22,wk inc covid hosp,3,2026-09-12,56,quantile,0.15,0.0
2026-08-22,wk inc covid hosp,3,2026-09-12,56,quantile,0.2,0.0
2026-08-22,wk inc covid hosp,3,2026-09-12,56,quantile,0.25,0.0
2026-08-22,wk inc covid hosp,3,2026-09-12,56,quantile,0.3,0.0
2026-08-22,wk inc covid hosp,3,2026-09-12,56,quantile,0.35,0.0
2026-08-22,wk inc covid hosp,3,2026-09-12,56,quantile,0.4,0.0
2026-08-22,wk inc covid hosp,3,2026-09-12,56,quantile,0.45,0.0
2026-08-22,wk inc covid hosp,3,2026-09-12,56,quantile,0.5,0.0
2026-08-22,wk inc covid hosp,3,2026-09-12,56,quantile,0.55,0.0
2026-08-22,wk inc covid hosp,3,2026-09-12,56,quantile,0.6,0.0
2026-08-22,wk inc covid hosp,3,2026-09-12,56,quantile,0.65,0.0
2026-08-22,wk inc covid hosp,3,2026-09-12,56,quantile,0.7,2.0
2026-08-22,wk inc covid hosp,3,2026-09-12,56,quantile,0.75,6.0
2026-08-22,wk inc covid hosp,3,2026-09-12,56,quantile,0.8,8.0
2026-08-22,wk inc covid hosp,3,2026-09-12,56,quantile,0.85,10.0
2026-08-22,wk inc covid hosp,3,2026-09-12,56,quantile,0.9,15.0
2026-08-22,wk inc covid hosp,3,2026-09-12,56,quantile,0.95,30.0
2026-08-22,wk inc covid hosp,3,2026-09-12,56,quantile,0.975,41.0
2026-08-22,wk inc covid hosp,3,2026-09-12,56,quantile,0.99,62.0
2026-08-22,wk inc covid hosp,3,2026-09-12,72,quantile,0.01,14.0
2026-08-22,wk inc covid hosp,3,2026-09-12,72,quantile,0.025,17.0
2026-08-22,wk inc covid hosp,3,2026-09-12,72,quantile,0.05,21.0
2026-08-22,wk inc covid hosp,3,2026-09-12,72,quantile,0.1,29.0
2026-08-22,wk inc covid hosp,3,2026-09-12,72,quantile,0.15,35.0
2026-08-22,wk inc covid hosp,3,2026-09-12,72,quantile,0.2,39.0
2026-08-22,wk inc covid hosp,3,2026-09-12,72,quantile,0.25,44.0
2026-08-22,wk inc covid hosp,3,2026-09-12,72,quantile,0.3,50.0
2026-08-22,wk inc covid hosp,3,2026-09-12,72,quantile,0.35,55.0
2026-08-22,wk inc covid hosp,3,2026-09-12,72,quantile,0.4,60.0
2026-08-22,wk inc covid hosp,3,2026-09-12,72,quantile,0.45,65.0
2026-08-22,wk inc covid hosp,3,2026-09-12,72,quantile,0.5,71.0
2026-08-22,wk inc covid hosp,3,2026-09-12,72,quantile,0.55,75.0
2026-08-22,wk inc covid hosp,3,2026-09-12,72,quantile,0.6,82.0
2026-08-22,wk inc covid hosp,3,2026-09-12,72,quantile,0.65,88.0
2026-08-22,wk inc covid hosp,3,2026-09-12,72,quantile,0.7,95.0
2026-08-22,wk inc covid hosp,3,2026-09-12,72,quantile,0.75,104.0
2026-08-22,wk inc covid hosp,3,2026-09-12,72,quantile,0.8,116.0
2026-08-22,wk inc covid hosp,3,2026-09-12,72,quantile,0.85,128.0
2026-08-22,wk inc covid hosp,3,2026-09-12,72,quantile,0.9,145.0
2026-08-22,wk inc covid hosp,3,2026-09-12,72,quantile,0.95,171.0
2026-08-22,wk inc covid hosp,3,2026-09-12,72,quantile,0.975,190.0
2026-08-22,wk inc covid hosp,3,2026-09-12,72,quantile,0.99,215.0
