reference_date,target,horizon,target_end_date,location,output_type,output_type_id,value
2026-08-22,wk inc covid hosp,0,2026-08-22,01,quantile,0.01,48.0
2026-08-22,wk inc covid hosp,0,2026-08-22,01,quantile,0.025,52.0
2026-08-22,wk inc covid hosp,0,2026-08-22,01,quantile,0.05,56.0
2026-08-22,wk inc covid hosp,0,2026-08-22,01,quantile,0.1,60.0
2026-08-22,wk inc covid hosp,0,2026-08-22,01,quantile,0.15,62.0
2026-08-22,wk inc covid hosp,0,2026-08-22,01,quantile,0.2,64.0
2026-08-22,wk inc covid hosp,0,2026-08-22,01,quantile,0.25,66.0
2026-08-22,wk inc covid hosp,0,2026-08-22,01,quantile,0.3,68.0
2026-08-22,wk inc covid hosp,0,2026-08-22,01,quantile,0.35,70.0
2026-08-22,wk inc covid hosp,0,2026-08-22,01,quantile,0.4,71.0
2026-08-22,wk inc covid hosp,0,2026-08-22,01,quantile,0.45,73.0
2026-08-22,wk inc covid hosp,0,2026-08-22,01,quantile,0.5,75.0
2026-08-22,wk inc covid hosp,0,2026-08-22,01,quantile,0.55,76.0
2026-08-22,wk inc covid hosp,0,2026-08-22,01,quantile,0.6,78.0
2026-08-22,wk inc covid hosp,0,2026-08-22,01,quantile,0.65,80.0
2026-08-22,wk inc covid hosp,0,2026-08-22,01,quantile,0.7,82.0
2026-08-22,wk inc covid hosp,0,2026-08-22,01,quantile,0.75,84.0
2026-08-22,wk inc covid hosp,0,2026-08-22,01,quantile,0.8,87.0
2026-08-22,wk inc covid hosp,0,2026-08-22,01,quantile,0.85,90.0
2026-08-22,wk inc covid hosp,0,2026-08-22,01,quantile,0.9,95.0
2026-08-22,wk inc covid hosp,0,2026-08-22,01,quantile,0.95,103.0
2026-08-22,wk inc covid hosp,0,2026-08-22,01,quantile,0.975,110.0
2026-08-22,wk inc covid hosp,0,2026-08-22,01,quantile,0.99,118.0
2026-08-22,wk inc covid hosp,0,2026-08-22,02,quantile,0.01,0.0
2026-08-22,wk inc covid hosp,0,2026-08-22,02,quantile,0.025,1.0
2026-08-22,wk inc covid hosp,0,2026-08-22,02,quantile,0.05,1.0
2026-08-22,wk inc covid hosp,0,2026-08-22,02,quantile,0.1,1.0
2026-08-22,wk inc covid hosp,0,2026-08-22,02,quantile,0.15,2.0
2026-08-22,wk inc covid hosp,0,2026-08-22,02,quantile,0.2,2.0
2026-08-22,wk inc covid hosp,0,2026-08-22,02,quantile,0.25,2.0
2026-08-22,wk inc covid hosp,0,2026-08-22,02,quantile,0.3,3.0
2026-08-22,wk inc covid hosp,0,2026-08-22,02,quantile,0.35,3.0
2026-08-22,wk inc covid hosp,0,2026-08-22,02,quantile,0.4,3.0
2026-08-22,wk inc covid hosp,0,2026-08-22,02,quantile,0.45,3.0
2026-08-22,wk inc covid hosp,0,2026-08-22,02,quantile,0.5,4.0
2026-08-22,wk inc covid hosp,0,2026-08-22,02,quantile,0.55,4.0
2026-08-22,wk inc covid hosp,0,2026-08-22,02,quantile,0.6,4.0
2026-08-22,wk inc covid hosp,0,2026-08-22,02,quantile,0.65,5.0
2026-08-22,wk inc covid hosp,0,2026-08-22,02,quantile,0.7,5.0
2026-08-22,wk inc covid hosp,0,2026-08-22,02,quantile,0.75,5.0
2026-08-22,wk inc covid hosp,0,2026-08-22,02,quantile,0.8,6.0
2026-08-22,wk inc covid hosp,0,2026-08-22,02,quantile,0.85,6.0
2026-08-22,wk inc covid hosp,0,2026-08-22,02,quantile,0.9,7.0
2026-08-22,wk inc covid hosp,0,2026-08-22,02,quantile,0.95,8.0
2026-08-22,wk inc covid hosp,0,2026-08-22,02,quantile,0.975,8.0
2026-08-22,wk inc covid hosp,0,2026-08-22,02,quantile,0.99,10.0
2026-08-22,wk inc covid hosp,0,2026-08-22,04,quantile,0.01,34.0
2026-08-22,wk inc covid hosp,0,2026-08-22,04,quantile,0.025,36.0
2026-08-22,wk inc covid hosp,0,2026-08-22,04,quantile,0.05,39.0
2026-08-22,wk inc covid hosp,0,2026-08-22,04,quantile,0.1,42.0
2026-08-22,wk inc covid hosp,0,2026-08-22,04,quantile,0.15,44.0
2026-08-22,wk inc covid hosp,0,2026-08-22,04,quantile,0.2,46.0
2026-08-22,wk inc covid hosp,0,2026-08-22,04,quantile,0.25,47.0
2026-08-22,wk inc covid hosp,0,2026-08-22,04,quantile,0.3,49.0
2026-08-22,wk inc covid hosp,0,2026-08-22,04,quantile,0.35,50.0
2026-08-22,wk inc covid hosp,0,2026-08-22,04,quantile,0.4,51.0
2026-08-22,wk inc covid hosp,0,2026-08-22,04,quantile,0.45,53.0
2026-08-22,wk inc covid hosp,0,2026-08-22,04,quantile,0.5,54.0
2026-08-22,wk inc covid hosp,0,2026-08-22,04,quantile,0.55,55.0
2026-08-22,wk inc covid hosp,0,2026-08-22,04,quantile,0.6,57.0
2026-08-22,wk inc covid hosp,0,2026-08-22,04,quantile,0.65,58.0
2026-08-22,wk inc covid hosp,0,2026-08-22,04,quantile,0.7,60.0
2026-08-22,wk inc covid hosp,0,2026-08-22,04,quantile,0.75,62.0
2026-08-22,wk inc covid hosp,0,2026-08-22,04,quantile,0.8,64.0
2026-08-22,wk inc covid hosp,0,2026-08-22,04,quantile,0.85,66.0
2026-08-22,wk inc covid hosp,0,2026-08-22,04,quantile,0.9,70.0
2026-08-22,wk inc covid hosp,0,2026-08-22,04,quantile,0.95,76.0
2026-08-22,wk inc covid hosp,0,2026-08-22,04,quantile,0.975,81.0
2026-08-22,wk inc covid hosp,0,2026-08-22,04,quantile,0.99,87.0
2026-08-22,wk inc covid hosp,0,2026-08-22,05,quantile,0.01,6.0
2026-08-22,wk inc covid hosp,0,2026-08-22,05,quantile,0.025,7.0
2026-08-22,wk inc covid hosp,0,2026-08-22,05,quantile,0.05,8.0
2026-08-22,wk inc covid hosp,0,2026-08-22,05,quantile,0.1,9.0
2026-08-22,wk inc covid hosp,0,2026-08-22,05,quantile,0.15,10.0
2026-08-22,wk inc covid hosp,0,2026-08-22,05,quantile,0.2,11.0
2026-08-22,wk inc covid hosp,0,2026-08-22,05,quantile,0.25,12.0
2026-08-22,wk inc covid hosp,0,2026-08-22,05,quantile,0.3,12.0
2026-08-22,wk inc covid hosp,0,2026-08-22,05,quantile,0.35,13.0
2026-08-22,wk inc covid hosp,0,2026-08-22,05,quantile,0.4,13.0
2026-08-22,wk inc covid hosp,0,2026-08-22,05,quantile,0.45,14.0
2026-08-22,wk inc covid hosp,0,2026-08-22,05,quantile,0.5,14.0
2026-08-22,wk inc covid hosp,0,2026-08-22,05,quantile,0.55,15.0
2026-08-22,wk inc covid hosp,0,2026-08-22,05,quantile,0.6,15.0
2026-08-22,wk inc covid hosp,0,2026-08-22,05,quantile,0.65,16.0
2026-08-22,wk inc covid hosp,0,2026-08-22,05,quantile,0.7,17.0
2026-08-22,wk inc covid hosp,0,2026-08-22,05,quantile,0.75,17.0
2026-08-22,wk inc covid hosp,0,2026-08-22,05,quantile,0.8,18.0
2026-08-22,wk inc covid hosp,0,2026-08-22,05,quantile,0.85,19.0
2026-08-22,wk inc covid hosp,0,2026-08-22,05,quantile,0.9,21.0
2026-08-22,wk inc covid hosp,0,2026-08-22,05,quantile,0.95,22.0
2026-08-22,wk inc covid hosp,0,2026-08-22,05,quantile,0.975,24.0
2026-08-22,wk inc covid hosp,0,2026-08-22,05,quantile,0.99,26.0
2026-08-22,wk inc covid hosp,0,2026-08-22,06,quantile,0.01,347.0
2026-08-22,wk inc covid hosp,0,2026-08-22,06,quantile,0.025,364.0
2026-08-22,wk inc covid hosp,0,2026-08-22,06,quantile,0.05,379.0
2026-08-22,wk inc covid hosp,0,2026-08-22,06,quantile,0.1,396.0
2026-08-22,wk inc covid hosp,0,2026-08-22,06,quantile,0.15,409.0
2026-08-22,wk inc covid hosp,0,2026-08-22,06,quantile,0.2,419.0
2026-08-22,wk inc covid hosp,0,2026-08-22,06,quantile,0.25,429.0
2026-08-22,wk inc covid hosp,0,2026-08-22,06,quantile,0.3,437.0
2026-08-22,wk inc covid hosp,0,2026-08-22,06,quantile,0.35,446.0
2026-08-22,wk inc covid hosp,0,2026-08-22,06,quantile,0.4,453.0
2026-08-22,wk inc covid hosp,0,2026-08-22,06,quantile,0.45,462.0
2026-08-22,wk inc covid hosp,0,2026-08-22,06,quantile,0.5,470.0
2026-08-22,wk inc covid hosp,0,2026-08-22,06,quantile,0.55,479.0
2026-08-22,wk inc covid hosp,0,2026-08-22,06,quantile,0.6,489.0
2026-08-22,wk inc covid hosp,0,2026-08-22,06,quantile,0.65,499.0
2026-08-22,wk inc covid hosp,0,2026-08-22,06,quantile,0.7,511.0
2026-08-22,wk inc covid hosp,0,2026-08-22,06,quantile,0.75,523.0
2026-08-22,wk inc covid hosp,0,2026-08-22,06,quantile,0.8,539.0
2026-08-22,wk inc covid hosp,0,2026-08-22,06,quantile,0.85,559.0
2026-08-22,wk inc covid hosp,0,2026-08-22,06,quantile,0.9,588.0
2026-08-22,wk inc covid hosp,0,2026-08-22,06,quantile,0.95,633.0
2026-08-22,wk inc covid hosp,0,2026-08-22,06,quantile,0.975,677.0
2026-08-22,wk inc covid hosp,0,2026-08-22,06,quantile,0.99,725.0
2026-08-22,wk inc covid hosp,0,2026-08-22,08,quantile,0.01,8.0
2026-08-22,wk inc covid hosp,0,2026-08-22,08,quantile,0.025,9.0
2026-08-22,wk inc covid hosp,0,2026-08-22,08,quantile,0.05,10.0
2026-08-22,wk inc covid hosp,0,2026-08-22,08,quantile,0.1,12.0
2026-08-22,wk inc covid hosp,0,2026-08-22,08,quantile,0.15,13.0
2026-08-22,wk inc covid hosp,0,2026-08-22,08,quantile,0.2,14.0
2026-08-22,wk inc covid hosp,0,2026-08-22,08,quantile,0.25,14.0
2026-08-22,wk inc covid hosp,0,2026-08-22,08,quantile,0.3,15.0
2026-08-22,wk inc covid hosp,0,2026-08-22,08,quantile,0.35,15.0
2026-08-22,wk inc covid hosp,0,2026-08-22,08,quantile,0.4,16.0
2026-08-22,wk inc covid hosp,0,2026-08-22,08,quantile,0.45,17.0
2026-08-22,wk inc covid hosp,0,2026-08-22,08,quantile,0.5,17.0
2026-08-22,wk inc covid hosp,0,2026-08-22,08,quantile,0.55,18.0
2026-08-22,wk inc covid hosp,0,2026-08-22,08,quantile,0.6,19.0
2026-08-22,wk inc covid hosp,0,2026-08-22,08,quantile,0.65,19.0
2026-08-22,wk inc covid hosp,0,2026-08-22,08,quantile,0.7,20.0
2026-08-22,wk inc covid hosp,0,2026-08-22,08,quantile,0.75,21.0
2026-08-22,wk inc covid hosp,0,2026-08-22,08,quantile,0.8,22.0
2026-08-22,wk inc covid hosp,0,2026-08-22,08,quantile,0.85,23.0
2026-08-22,wk inc covid hosp,0,2026-08-22,08,quantile,0.9,24.0
2026-08-22,wk inc covid hosp,0,2026-08-22,08,quantile,0.95,27.0
2026-08-22,wk inc covid hosp,0,2026-08-22,08,quantile,0.975,29.0
2026-08-22,wk inc covid hosp,0,2026-08-22,08,quantile,0.99,31.0
2026-08-22,wk inc covid hosp,0,2026-08-22,09,quantile,0.01,3.0
2026-08-22,wk inc covid hosp,0,2026-08-22,09,quantile,0.025,4.0
2026-08-22,wk inc covid hosp,0,2026-08-22,09,quantile,0.05,4.0
2026-08-22,wk inc covid hosp,0,2026-08-22,09,quantile,0.1,5.0
2026-08-22,wk inc covid hosp,0,2026-08-22,09,quantile,0.15,6.0
2026-08-22,wk inc covid hosp,0,2026-08-22,09,quantile,0.2,6.0
2026-08-22,wk inc covid hosp,0,2026-08-22,09,quantile,0.25,7.0
2026-08-22,wk inc covid hosp,0,2026-08-22,09,quantile,0.3,7.0
2026-08-22,wk inc covid hosp,0,2026-08-22,09,quantile,0.35,8.0
2026-08-22,wk inc covid hosp,0,2026-08-22,09,quantile,0.4,8.0
2026-08-22,wk inc covid hosp,0,2026-08-22,09,quantile,0.45,9.0
2026-08-22,wk inc covid hosp,0,2026-08-22,09,quantile,0.5,9.0
2026-08-22,wk inc covid hosp,0,2026-08-22,09,quantile,0.55,10.0
2026-08-22,wk inc covid hosp,0,2026-08-22,09,quantile,0.6,10.0
2026-08-22,wk inc covid hosp,0,2026-08-22,09,quantile,0.65,10.0
2026-08-22,wk inc covid hosp,0,2026-08-22,09,quantile,0.7,11.0
2026-08-22,wk inc covid hosp,0,2026-08-22,09,quantile,0.75,11.0
2026-08-22,wk inc covid hosp,0,2026-08-22,09,quantile,0.8,12.0
2026-08-22,wk inc covid hosp,0,2026-08-22,09,quantile,0.85,13.0
2026-08-22,wk inc covid hosp,0,2026-08-22,09,quantile,0.9,14.0
2026-08-22,wk inc covid hosp,0,2026-08-22,09,quantile,0.95,15.0
2026-08-22,wk inc covid hosp,0,2026-08-22,09,quantile,0.975,17.0
2026-08-22,wk inc covid hosp,0,2026-08-22,09,quantile,0.99,19.0
2026-08-22,wk inc covid hosp,0,2026-08-22,10,quantile,0.01,0.0
2026-08-22,wk inc covid hosp,0,2026-08-22,10,quantile,0.025,0.0
2026-08-22,wk inc covid hosp,0,2026-08-22,10,quantile,0.05,0.0
2026-08-22,wk inc covid hosp,0,2026-08-22,10,quantile,0.1,1.0
2026-08-22,wk inc covid hosp,0,2026-08-22,10,quantile,0.15,1.0
2026-08-22,wk inc covid hosp,0,2026-08-22,10,quantile,0.2,1.0
2026-08-22,wk inc covid hosp,0,2026-08-22,10,quantile,0.25,1.0
2026-08-22,wk inc covid hosp,0,2026-08-22,10,quantile,0.3,2.0
2026-08-22,wk inc covid hosp,0,2026-08-22,10,quantile,0.35,2.0
2026-08-22,wk inc covid hosp,0,2026-08-22,10,quantile,0.4,2.0
2026-08-22,wk inc covid hosp,0,2026-08-22,10,quantile,0.45,2.0
2026-08-22,wk inc covid hosp,0,2026-08-22,10,quantile,0.5,3.0
2026-08-22,wk inc covid hosp,0,2026-08-22,10,quantile,0.55,3.0
2026-08-22,wk inc covid hosp,0,2026-08-22,10,quantile,0.6,3.0
2026-08-22,wk inc covid hosp,0,2026-08-22,10,quantile,0.65,3.0
2026-08-22,wk inc covid hosp,0,2026-08-22,10,quantile,0.7,3.0
2026-08-22,wk inc covid hosp,0,2026-08-22,10,quantile,0.75,4.0
2026-08-22,wk inc covid hosp,0,2026-08-22,10,quantile,0.8,4.0
2026-08-22,wk inc covid hosp,0,2026-08-22,10,quantile,0.85,4.0
2026-08-22,wk inc covid hosp,0,2026-08-22,10,quantile,0.9,5.0
2026-08-22,wk inc covid hosp,0,2026-08-22,10,quantile,0.95,6.0
2026-08-22,wk inc covid hosp,0,2026-08-22,10,quantile,0.975,6.0
2026-08-22,wk inc covid hosp,0,2026-08-22,10,quantile,0.99,7.0
2026-08-22,wk inc covid hosp,0,2026-08-22,11,quantile,0.01,1.0
2026-08-22,wk inc covid hosp,0,2026-08-22,11,quantile,0.025,1.0
2026-08-22,wk inc covid hosp,0,2026-08-22,11,quantile,0.05,2.0
2026-08-22,wk inc covid hosp,0,2026-08-22,11,quantile,0.1,2.0
2026-08-22,wk inc covid hosp,0,2026-08-22,11,quantile,0.15,3.0
2026-08-22,wk inc covid hosp,0,2026-08-22,11,quantile,0.2,3.0
2026-08-22,wk inc covid hosp,0,2026-08-22,11,quantile,0.25,3.0
2026-08-22,wk inc covid hosp,0,2026-08-22,11,quantile,0.3,4.0
2026-08-22,wk inc covid hosp,0,2026-08-22,11,quantile,0.35,4.0
2026-08-22,wk inc covid hosp,0,2026-08-22,11,quantile,0.4,4.0
2026-08-22,wk inc covid hosp,0,2026-08-22,11,quantile,0.45,5.0
2026-08-22,wk inc covid hosp,0,2026-08-22,11,quantile,0.5,5.0
2026-08-22,wk inc covid hosp,0,2026-08-22,11,quantile,0.55,5.0
2026-08-22,wk inc covid hosp,0,2026-08-22,11,quantile,0.6,6.0
2026-08-22,wk inc covid hosp,0,2026-08-22,11,quantile,0.65,6.0
2026-08-22,wk inc covid hosp,0,2026-08-22,11,quantile,0.7,6.0
2026-08-22,wk inc covid hosp,0,2026-08-22,11,quantile,0.75,7.0
2026-08-22,wk inc covid hosp,0,2026-08-22,11,quantile,0.8,7.0
2026-08-22,wk inc covid hosp,0,2026-08-22,11,quantile,0.85,8.0
2026-08-22,wk inc covid hosp,0,2026-08-22,11,quantile,0.9,9.0
2026-08-22,wk inc covid hosp,0,2026-08-22,11,quantile,0.95,10.0
2026-08-22,wk inc covid hosp,0,2026-08-22,11,quantile,0.975,11.0
2026-08-22,wk inc covid hosp,0,2026-08-22,11,quantile,0.99,12.0
2026-08-22,wk inc covid hosp,0,2026-08-22,12,quantile,0.01,277.0
2026-08-22,wk inc covid hosp,0,2026-08-22,12,quantile,0.025,292.0
2026-08-22,wk inc covid hosp,0,2026-08-22,12,quantile,0.05,304.0
2026-08-22,wk inc covid hosp,0,2026-08-22,12,quantile,0.1,320.0
2026-08-22,wk inc covid hosp,0,2026-08-22,12,quantile,0.15,330.0
2026-08-22,wk inc covid hosp,0,2026-08-22,12,quantile,0.2,340.0
2026-08-22,wk inc covid hosp,0,2026-08-22,12,quantile,0.25,347.0
2026-08-22,wk inc covid hosp,0,2026-08-22,12,quantile,0.3,355.0
2026-08-22,wk inc covid hosp,0,2026-08-22,12,quantile,0.35,362.0
2026-08-22,wk inc covid hosp,0,2026-08-22,12,quantile,0.4,369.0
2026-08-22,wk inc covid hosp,0,2026-08-22,12,quantile,0.45,375.0
2026-08-22,wk inc covid hosp,0,2026-08-22,12,quantile,0.5,382.0
2026-08-22,wk inc covid hosp,0,2026-08-22,12,quantile,0.55,390.0
2026-08-22,wk inc covid hosp,0,2026-08-22,12,quantile,0.6,398.0
2026-08-22,wk inc covid hosp,0,2026-08-22,12,quantile,0.65,406.0
2026-08-22,wk inc covid hosp,0,2026-08-22,12,quantile,0.7,416.0
2026-08-22,wk inc covid hosp,0,2026-08-22,12,quantile,0.75,426.0
2026-08-22,wk inc covid hosp,0,2026-08-22,12,quantile,0.8,438.0
2026-08-22,wk inc covid hosp,0,2026-08-22,12,quantile,0.85,455.0
2026-08-22,wk inc covid hosp,0,2026-08-22,12,quantile,0.9,479.0
2026-08-22,wk inc covid hosp,0,2026-08-22,12,quantile,0.95,519.0
2026-08-22,wk inc covid hosp,0,2026-08-22,12,quantile,0.975,558.0
2026-08-22,wk inc covid hosp,0,2026-08-22,12,quantile,0.99,599.0
2026-08-22,wk inc covid hosp,0,2026-08-22,13,quantile,0.01,58.0
2026-08-22,wk inc covid hosp,0,2026-08-22,13,quantile,0.025,62.0
2026-08-22,wk inc covid hosp,0,2026-08-22,13,quantile,0.05,66.0
2026-08-22,wk inc covid hosp,0,2026-08-22,13,quantile,0.1,70.0
2026-08-22,wk inc covid hosp,0,2026-08-22,13,quantile,0.15,73.0
2026-08-22,wk inc covid hosp,0,2026-08-22,13,quantile,0.2,76.0
2026-08-22,wk inc covid hosp,0,2026-08-22,13,quantile,0.25,78.0
2026-08-22,wk inc covid hosp,0,2026-08-22,13,quantile,0.3,80.0
2026-08-22,wk inc covid hosp,0,2026-08-22,13,quantile,0.35,82.0
2026-08-22,wk inc covid hosp,0,2026-08-22,13,quantile,0.4,84.0
2026-08-22,wk inc covid hosp,0,2026-08-22,13,quantile,0.45,86.0
2026-08-22,wk inc covid hosp,0,2026-08-22,13,quantile,0.5,88.0
2026-08-22,wk inc covid hosp,0,2026-08-22,13,quantile,0.55,90.0
2026-08-22,wk inc covid hosp,0,2026-08-22,13,quantile,0.6,92.0
2026-08-22,wk inc covid hosp,0,2026-08-22,13,quantile,0.65,94.0
2026-08-22,wk inc covid hosp,0,2026-08-22,13,quantile,0.7,97.0
2026-08-22,wk inc covid hosp,0,2026-08-22,13,quantile,0.75,100.0
2026-08-22,wk inc covid hosp,0,2026-08-22,13,quantile,0.8,103.0
2026-08-22,wk inc covid hosp,0,2026-08-22,13,quantile,0.85,107.0
2026-08-22,wk inc covid hosp,0,2026-08-22,13,quantile,0.9,113.0
2026-08-22,wk inc covid hosp,0,2026-08-22,13,quantile,0.95,122.0
2026-08-22,wk inc covid hosp,0,2026-08-22,13,quantile,0.975,131.0
2026-08-22,wk inc covid hosp,0,2026-08-22,13,quantile,0.99,144.0
2026-08-22,wk inc covid hosp,0,2026-08-22,15,quantile,0.01,12.0
2026-08-22,wk inc covid hosp,0,2026-08-22,15,quantile,0.025,13.0
2026-08-22,wk inc covid hosp,0,2026-08-22,15,quantile,0.05,15.0
2026-08-22,wk inc covid hosp,0,2026-08-22,15,quantile,0.1,17.0
2026-08-22,wk inc covid hosp,0,2026-08-22,15,quantile,0.15,18.0
2026-08-22,wk inc covid hosp,0,2026-08-22,15,quantile,0.2,19.0
2026-08-22,wk inc covid hosp,0,2026-08-22,15,quantile,0.25,20.0
2026-08-22,wk inc covid hosp,0,2026-08-22,15,quantile,0.3,20.0
2026-08-22,wk inc covid hosp,0,2026-08-22,15,quantile,0.35,21.0
2026-08-22,wk inc covid hosp,0,2026-08-22,15,quantile,0.4,22.0
2026-08-22,wk inc covid hosp,0,2026-08-22,15,quantile,0.45,23.0
2026-08-22,wk inc covid hosp,0,2026-08-22,15,quantile,0.5,24.0
2026-08-22,wk inc covid hosp,0,2026-08-22,15,quantile,0.55,24.0
2026-08-22,wk inc covid hosp,0,2026-08-22,15,quantile,0.6,25.0
2026-08-22,wk inc covid hosp,0,2026-08-22,15,quantile,0.65,26.0
2026-08-22,wk inc covid hosp,0,2026-08-22,15,quantile,0.7,27.0
2026-08-22,wk inc covid hosp,0,2026-08-22,15,quantile,0.75,28.0
2026-08-22,wk inc covid hosp,0,2026-08-22,15,quantile,0.8,29.0
2026-08-22,wk inc covid hosp,0,2026-08-22,15,quantile,0.85,30.0
2026-08-22,wk inc covid hosp,0,2026-08-22,15,quantile,0.9,32.0
2026-08-22,wk inc covid hosp,0,2026-08-22,15,quantile,0.95,35.0
2026-08-22,wk inc covid hosp,0,2026-08-22,15,quantile,0.975,38.0
2026-08-22,wk inc covid hosp,0,2026-08-22,15,quantile,0.99,42.0
2026-08-22,wk inc covid hosp,0,2026-08-22,16,quantile,0.01,0.0
2026-08-22,wk inc covid hosp,0,2026-08-22,16,quantile,0.025,1.0
2026-08-22,wk inc covid hosp,0,2026-08-22,16,quantile,0.05,1.0
2026-08-22,wk inc covid hosp,0,2026-08-22,16,quantile,0.1,2.0
2026-08-22,wk inc covid hosp,0,2026-08-22,16,quantile,0.15,2.0
2026-08-22,wk inc covid hosp,0,2026-08-22,16,quantile,0.2,2.0
2026-08-22,wk inc covid hosp,0,2026-08-22,16,quantile,0.25,3.0
2026-08-22,wk inc covid hosp,0,2026-08-22,16,quantile,0.3,3.0
2026-08-22,wk inc covid hosp,0,2026-08-22,16,quantile,0.35,3.0
2026-08-22,wk inc covid hosp,0,2026-08-22,16,quantile,0.4,3.0
2026-08-22,wk inc covid hosp,0,2026-08-22,16,quantile,0.45,4.0
2026-08-22,wk inc covid hosp,0,2026-08-22,16,quantile,0.5,4.0
2026-08-22,wk inc covid hosp,0,2026-08-22,16,quantile,0.55,4.0
2026-08-22,wk inc covid hosp,0,2026-08-22,16,quantile,0.6,5.0
2026-08-22,wk inc covid hosp,0,2026-08-22,16,quantile,0.65,5.0
2026-08-22,wk inc covid hosp,0,2026-08-22,16,quantile,0.7,5.0
2026-08-22,wk inc covid hosp,0,2026-08-22,16,quantile,0.75,6.0
2026-08-22,wk inc covid hosp,0,2026-08-22,16,quantile,0.8,6.0
2026-08-22,wk inc covid hosp,0,2026-08-22,16,quantile,0.85,6.0
2026-08-22,wk inc covid hosp,0,2026-08-22,16,quantile,0.9,7.0
2026-08-22,wk inc covid hosp,0,2026-08-22,16,quantile,0.95,8.0
2026-08-22,wk inc covid hosp,0,2026-08-22,16,quantile,0.975,9.0
2026-08-22,wk inc covid hosp,0,2026-08-22,16,quantile,0.99,10.0
2026-08-22,wk inc covid hosp,0,2026-08-22,17,quantile,0.01,24.0
2026-08-22,wk inc covid hosp,0,2026-08-22,17,quantile,0.025,26.0
2026-08-22,wk inc covid hosp,0,2026-08-22,17,quantile,0.05,28.0
2026-08-22,wk inc covid hosp,0,2026-08-22,17,quantile,0.1,31.0
2026-08-22,wk inc covid hosp,0,2026-08-22,17,quantile,0.15,32.0
2026-08-22,wk inc covid hosp,0,2026-08-22,17,quantile,0.2,34.0
2026-08-22,wk inc covid hosp,0,2026-08-22,17,quantile,0.25,35.0
2026-08-22,wk inc covid hosp,0,2026-08-22,17,quantile,0.3,36.0
2026-08-22,wk inc covid hosp,0,2026-08-22,17,quantile,0.35,38.0
2026-08-22,wk inc covid hosp,0,2026-08-22,17,quantile,0.4,39.0
2026-08-22,wk inc covid hosp,0,2026-08-22,17,quantile,0.45,40.0
2026-08-22,wk inc covid hosp,0,2026-08-22,17,quantile,0.5,41.0
2026-08-22,wk inc covid hosp,0,2026-08-22,17,quantile,0.55,42.0
2026-08-22,wk inc covid hosp,0,2026-08-22,17,quantile,0.6,43.0
2026-08-22,wk inc covid hosp,0,2026-08-22,17,quantile,0.65,45.0
2026-08-22,wk inc covid hosp,0,2026-08-22,17,quantile,0.7,46.0
2026-08-22,wk inc covid hosp,0,2026-08-22,17,quantile,0.75,47.0
2026-08-22,wk inc covid hosp,0,2026-08-22,17,quantile,0.8,49.0
2026-08-22,wk inc covid hosp,0,2026-08-22,17,quantile,0.85,51.0
2026-08-22,wk inc covid hosp,0,2026-08-22,17,quantile,0.9,54.0
2026-08-22,wk inc covid hosp,0,2026-08-22,17,quantile,0.95,59.0
2026-08-22,wk inc covid hosp,0,2026-08-22,17,quantile,0.975,63.0
2026-08-22,wk inc covid hosp,0,2026-08-22,17,quantile,0.99,69.0
2026-08-22,wk inc covid hosp,0,2026-08-22,18,quantile,0.01,13.0
2026-08-22,wk inc covid hosp,0,2026-08-22,18,quantile,0.025,15.0
2026-08-22,wk inc covid hosp,0,2026-08-22,18,quantile,0.05,17.0
2026-08-22,wk inc covid hosp,0,2026-08-22,18,quantile,0.1,19.0
2026-08-22,wk inc covid hosp,0,2026-08-22,18,quantile,0.15,20.0
2026-08-22,wk inc covid hosp,0,2026-08-22,18,quantile,0.2,21.0
2026-08-22,wk inc covid hosp,0,2026-08-22,18,quantile,0.25,22.0
2026-08-22,wk inc covid hosp,0,2026-08-22,18,quantile,0.3,23.0
2026-08-22,wk inc covid hosp,0,2026-08-22,18,quantile,0.35,24.0
2026-08-22,wk inc covid hosp,0,2026-08-22,18,quantile,0.4,25.0
2026-08-22,wk inc covid hosp,0,2026-08-22,18,quantile,0.45,25.0
2026-08-22,wk inc covid hosp,0,2026-08-22,18,quantile,0.5,26.0
2026-08-22,wk inc covid hosp,0,2026-08-22,18,quantile,0.55,27.0
2026-08-22,wk inc covid hosp,0,2026-08-22,18,quantile,0.6,28.0
2026-08-22,wk inc covid hosp,0,2026-08-22,18,quantile,0.65,29.0
2026-08-22,wk inc covid hosp,0,2026-08-22,18,quantile,0.7,30.0
2026-08-22,wk inc covid hosp,0,2026-08-22,18,quantile,0.75,31.0
2026-08-22,wk inc covid hosp,0,2026-08-22,18,quantile,0.8,32.0
2026-08-22,wk inc covid hosp,0,2026-08-22,18,quantile,0.85,34.0
2026-08-22,wk inc covid hosp,0,2026-08-22,18,quantile,0.9,36.0
2026-08-22,wk inc covid hosp,0,2026-08-22,18,quantile,0.95,39.0
2026-08-22,wk inc covid hosp,0,2026-08-22,18,quantile,0.975,42.0
2026-08-22,wk inc covid hosp,0,2026-08-22,18,quantile,0.99,46.0
2026-08-22,wk inc covid hosp,0,2026-08-22,19,quantile,0.01,1.0
2026-08-22,wk inc covid hosp,0,2026-08-22,19,quantile,0.025,2.0
2026-08-22,wk inc covid hosp,0,2026-08-22,19,quantile,0.05,3.0
2026-08-22,wk inc covid hosp,0,2026-08-22,19,quantile,0.1,3.0
2026-08-22,wk inc covid hosp,0,2026-08-22,19,quantile,0.15,4.0
2026-08-22,wk inc covid hosp,0,2026-08-22,19,quantile,0.2,4.0
2026-08-22,wk inc covid hosp,0,2026-08-22,19,quantile,0.25,5.0
2026-08-22,wk inc covid hosp,0,2026-08-22,19,quantile,0.3,5.0
2026-08-22,wk inc covid hosp,0,2026-08-22,19,quantile,0.35,5.0
2026-08-22,wk inc covid hosp,0,2026-08-22,19,quantile,0.4,6.0
2026-08-22,wk inc covid hosp,0,2026-08-22,19,quantile,0.45,6.0
2026-08-22,wk inc covid hosp,0,2026-08-22,19,quantile,0.5,7.0
2026-08-22,wk inc covid hosp,0,2026-08-22,19,quantile,0.55,7.0
2026-08-22,wk inc covid hosp,0,2026-08-22,19,quantile,0.6,7.0
2026-08-22,wk inc covid hosp,0,2026-08-22,19,quantile,0.65,8.0
2026-08-22,wk inc covid hosp,0,2026-08-22,19,quantile,0.7,8.0
2026-08-22,wk inc covid hosp,0,2026-08-22,19,quantile,0.75,9.0
2026-08-22,wk inc covid hosp,0,2026-08-22,19,quantile,0.8,9.0
2026-08-22,wk inc covid hosp,0,2026-08-22,19,quantile,0.85,10.0
2026-08-22,wk inc covid hosp,0,2026-08-22,19,quantile,0.9,11.0
2026-08-22,wk inc covid hosp,0,2026-08-22,19,quantile,0.95,12.0
2026-08-22,wk inc covid hosp,0,2026-08-22,19,quantile,0.975,13.0
2026-08-22,wk inc covid hosp,0,2026-08-22,19,quantile,0.99,14.0
2026-08-22,wk inc covid hosp,0,2026-08-22,20,quantile,0.01,2.0
2026-08-22,wk inc covid hosp,0,2026-08-22,20,quantile,0.025,3.0
2026-08-22,wk inc covid hosp,0,2026-08-22,20,quantile,0.05,4.0
2026-08-22,wk inc covid hosp,0,2026-08-22,20,quantile,0.1,5.0
2026-08-22,wk inc covid hosp,0,2026-08-22,20,quantile,0.15,6.0
2026-08-22,wk inc covid hosp,0,2026-08-22,20,quantile,0.2,6.0
2026-08-22,wk inc covid hosp,0,2026-08-22,20,quantile,0.25,7.0
2026-08-22,wk inc covid hosp,0,2026-08-22,20,quantile,0.3,7.0
2026-08-22,wk inc covid hosp,0,2026-08-22,20,quantile,0.35,8.0
2026-08-22,wk inc covid hosp,0,2026-08-22,20,quantile,0.4,8.0
2026-08-22,wk inc covid hosp,0,2026-08-22,20,quantile,0.45,8.0
2026-08-22,wk inc covid hosp,0,2026-08-22,20,quantile,0.5,9.0
2026-08-22,wk inc covid hosp,0,2026-08-22,20,quantile,0.55,9.0
2026-08-22,wk inc covid hosp,0,2026-08-22,20,quantile,0.6,10.0
2026-08-22,wk inc covid hosp,0,2026-08-22,20,quantile,0.65,10.0
2026-08-22,wk inc covid hosp,0,2026-08-22,20,quantile,0.7,10.0
2026-08-22,wk inc covid hosp,0,2026-08-22,20,quantile,0.75,11.0
2026-08-22,wk inc covid hosp,0,2026-08-22,20,quantile,0.8,12.0
2026-08-22,wk inc covid hosp,0,2026-08-22,20,quantile,0.85,12.0
2026-08-22,wk inc covid hosp,0,2026-08-22,20,quantile,0.9,13.0
2026-08-22,wk inc covid hosp,0,2026-08-22,20,quantile,0.95,15.0
2026-08-22,wk inc covid hosp,0,2026-08-22,20,quantile,0.975,16.0
2026-08-22,wk inc covid hosp,0,2026-08-22,20,quantile,0.99,18.0
2026-08-22,wk inc covid hosp,0,2026-08-22,21,quantile,0.01,8.0
2026-08-22,wk inc covid hosp,0,2026-08-22,21,quantile,0.025,10.0
2026-08-22,wk inc covid hosp,0,2026-08-22,21,quantile,0.05,11.0
2026-08-22,wk inc covid hosp,0,2026-08-22,21,quantile,0.1,12.0
2026-08-22,wk inc covid hosp,0,2026-08-22,21,quantile,0.15,13.0
2026-08-22,wk inc covid hosp,0,2026-08-22,21,quantile,0.2,14.0
2026-08-22,wk inc covid hosp,0,2026-08-22,21,quantile,0.25,15.0
2026-08-22,wk inc covid hosp,0,2026-08-22,21,quantile,0.3,16.0
2026-08-22,wk inc covid hosp,0,2026-08-22,21,quantile,0.35,16.0
2026-08-22,wk inc covid hosp,0,2026-08-22,21,quantile,0.4,17.0
2026-08-22,wk inc covid hosp,0,2026-08-22,21,quantile,0.45,18.0
2026-08-22,wk inc covid hosp,0,2026-08-22,21,quantile,0.5,18.0
2026-08-22,wk inc covid hosp,0,2026-08-22,21,quantile,0.55,19.0
2026-08-22,wk inc covid hosp,0,2026-08-22,21,quantile,0.6,20.0
2026-08-22,wk inc covid hosp,0,2026-08-22,21,quantile,0.65,20.0
2026-08-22,wk inc covid hosp,0,2026-08-22,21,quantile,0.7,21.0
2026-08-22,wk inc covid hosp,0,2026-08-22,21,quantile,0.75,22.0
2026-08-22,wk inc covid hosp,0,2026-08-22,21,quantile,0.8,23.0
2026-08-22,wk inc covid hosp,0,2026-08-22,21,quantile,0.85,24.0
2026-08-22,wk inc covid hosp,0,2026-08-22,21,quantile,0.9,26.0
2026-08-22,wk inc covid hosp,0,2026-08-22,21,quantile,0.95,28.0
2026-08-22,wk inc covid hosp,0,2026-08-22,21,quantile,0.975,30.0
2026-08-22,wk inc covid hosp,0,2026-08-22,21,quantile,0.99,33.0
2026-08-22,wk inc covid hosp,0,2026-08-22,22,quantile,0.01,41.0
2026-08-22,wk inc covid hosp,0,2026-08-22,22,quantile,0.025,44.0
2026-08-22,wk inc covid hosp,0,2026-08-22,22,quantile,0.05,47.0
2026-08-22,wk inc covid hosp,0,2026-08-22,22,quantile,0.1,51.0
2026-08-22,wk inc covid hosp,0,2026-08-22,22,quantile,0.15,53.0
2026-08-22,wk inc covid hosp,0,2026-08-22,22,quantile,0.2,56.0
2026-08-22,wk inc covid hosp,0,2026-08-22,22,quantile,0.25,57.0
2026-08-22,wk inc covid hosp,0,2026-08-22,22,quantile,0.3,59.0
2026-08-22,wk inc covid hosp,0,2026-08-22,22,quantile,0.35,61.0
2026-08-22,wk inc covid hosp,0,2026-08-22,22,quantile,0.4,62.0
2026-08-22,wk inc covid hosp,0,2026-08-22,22,quantile,0.45,64.0
2026-08-22,wk inc covid hosp,0,2026-08-22,22,quantile,0.5,65.0
2026-08-22,wk inc covid hosp,0,2026-08-22,22,quantile,0.55,67.0
2026-08-22,wk inc covid hosp,0,2026-08-22,22,quantile,0.6,69.0
2026-08-22,wk inc covid hosp,0,2026-08-22,22,quantile,0.65,71.0
2026-08-22,wk inc covid hosp,0,2026-08-22,22,quantile,0.7,73.0
2026-08-22,wk inc covid hosp,0,2026-08-22,22,quantile,0.75,75.0
2026-08-22,wk inc covid hosp,0,2026-08-22,22,quantile,0.8,78.0
2026-08-22,wk inc covid hosp,0,2026-08-22,22,quantile,0.85,81.0
2026-08-22,wk inc covid hosp,0,2026-08-22,22,quantile,0.9,85.0
2026-08-22,wk inc covid hosp,0,2026-08-22,22,quantile,0.95,92.0
2026-08-22,wk inc covid hosp,0,2026-08-22,22,quantile,0.975,99.0
2026-08-22,wk inc covid hosp,0,2026-08-22,22,quantile,0.99,108.0
2026-08-22,wk inc covid hosp,0,2026-08-22,23,quantile,0.01,0.0
2026-08-22,wk inc covid hosp,0,2026-08-22,23,quantile,0.025,0.0
2026-08-22,wk inc covid hosp,0,2026-08-22,23,quantile,0.05,0.0
2026-08-22,wk inc covid hosp,0,2026-08-22,23,quantile,0.1,0.0
2026-08-22,wk inc covid hosp,0,2026-08-22,23,quantile,0.15,1.0
2026-08-22,wk inc covid hosp,0,2026-08-22,23,quantile,0.2,1.0
2026-08-22,wk inc covid hosp,0,2026-08-22,23,quantile,0.25,1.0
2026-08-22,wk inc covid hosp,0,2026-08-22,23,quantile,0.3,1.0
2026-08-22,wk inc covid hosp,0,2026-08-22,23,quantile,0.35,1.0
2026-08-22,wk inc covid hosp,0,2026-08-22,23,quantile,0.4,2.0
2026-08-22,wk inc covid hosp,0,2026-08-22,23,quantile,0.45,2.0
2026-08-22,wk inc covid hosp,0,2026-08-22,23,quantile,0.5,2.0
2026-08-22,wk inc covid hosp,0,2026-08-22,23,quantile,0.55,2.0
2026-08-22,wk inc covid hosp,0,2026-08-22,23,quantile,0.6,2.0
2026-08-22,wk inc covid hosp,0,2026-08-22,23,quantile,0.65,2.0
2026-08-22,wk inc covid hosp,0,2026-08-22,23,quantile,0.7,3.0
2026-08-22,wk inc covid hosp,0,2026-08-22,23,quantile,0.75,3.0
2026-08-22,wk inc covid hosp,0,2026-08-22,23,quantile,0.8,3.0
2026-08-22,wk inc covid hosp,0,2026-08-22,23,quantile,0.85,4.0
2026-08-22,wk inc covid hosp,0,2026-08-22,23,quantile,0.9,4.0
2026-08-22,wk inc covid hosp,0,2026-08-22,23,quantile,0.95,5.0
2026-08-22,wk inc covid hosp,0,2026-08-22,23,quantile,0.975,5.0
2026-08-22,wk inc covid hosp,0,2026-08-22,23,quantile,0.99,6.0
2026-08-22,wk inc covid hosp,0,2026-08-22,24,quantile,0.01,6.0
2026-08-22,wk inc covid hosp,0,2026-08-22,24,quantile,0.025,7.0
2026-08-22,wk inc covid hosp,0,2026-08-22,24,quantile,0.05,8.0
2026-08-22,wk inc covid hosp,0,2026-08-22,24,quantile,0.1,9.0
2026-08-22,wk inc covid hosp,0,2026-08-22,24,quantile,0.15,10.0
2026-08-22,wk inc covid hosp,0,2026-08-22,24,quantile,0.2,11.0
2026-08-22,wk inc covid hosp,0,2026-08-22,24,quantile,0.25,12.0
2026-08-22,wk inc covid hosp,0,2026-08-22,24,quantile,0.3,12.0
2026-08-22,wk inc covid hosp,0,2026-08-22,24,quantile,0.35,13.0
2026-08-22,wk inc covid hosp,0,2026-08-22,24,quantile,0.4,14.0
2026-08-22,wk inc covid hosp,0,2026-08-22,24,quantile,0.45,14.0
2026-08-22,wk inc covid hosp,0,2026-08-22,24,quantile,0.5,15.0
2026-08-22,wk inc covid hosp,0,2026-08-22,24,quantile,0.55,15.0
2026-08-22,wk inc covid hosp,0,2026-08-22,24,quantile,0.6,16.0
2026-08-22,wk inc covid hosp,0,2026-08-22,24,quantile,0.65,17.0
2026-08-22,wk inc covid hosp,0,2026-08-22,24,quantile,0.7,17.0
2026-08-22,wk inc covid hosp,0,2026-08-22,24,quantile,0.75,18.0
2026-08-22,wk inc covid hosp,0,2026-08-22,24,quantile,0.8,19.0
2026-08-22,wk inc covid hosp,0,2026-08-22,24,quantile,0.85,20.0
2026-08-22,wk inc covid hosp,0,2026-08-22,24,quantile,0.9,21.0
2026-08-22,wk inc covid hosp,0,2026-08-22,24,quantile,0.95,23.0
2026-08-22,wk inc covid hosp,0,2026-08-22,24,quantile,0.975,25.0
2026-08-22,wk inc covid hosp,0,2026-08-22,24,quantile,0.99,28.0
2026-08-22,wk inc covid hosp,0,2026-08-22,25,quantile,0.01,14.0
2026-08-22,wk inc covid hosp,0,2026-08-22,25,quantile,0.025,17.0
2026-08-22,wk inc covid hosp,0,2026-08-22,25,quantile,0.05,18.0
2026-08-22,wk inc covid hosp,0,2026-08-22,25,quantile,0.1,20.0
2026-08-22,wk inc covid hosp,0,2026-08-22,25,quantile,0.15,22.0
2026-08-22,wk inc covid hosp,0,2026-08-22,25,quantile,0.2,23.0
2026-08-22,wk inc covid hosp,0,2026-08-22,25,quantile,0.25,24.0
2026-08-22,wk inc covid hosp,0,2026-08-22,25,quantile,0.3,25.0
2026-08-22,wk inc covid hosp,0,2026-08-22,25,quantile,0.35,26.0
2026-08-22,wk inc covid hosp,0,2026-08-22,25,quantile,0.4,27.0
2026-08-22,wk inc covid hosp,0,2026-08-22,25,quantile,0.45,27.0
2026-08-22,wk inc covid hosp,0,2026-08-22,25,quantile,0.5,28.0
2026-08-22,wk inc covid hosp,0,2026-08-22,25,quantile,0.55,29.0
2026-08-22,wk inc covid hosp,0,2026-08-22,25,quantile,0.6,30.0
2026-08-22,wk inc covid hosp,0,2026-08-22,25,quantile,0.65,31.0
2026-08-22,wk inc covid hosp,0,2026-08-22,25,quantile,0.7,32.0
2026-08-22,wk inc covid hosp,0,2026-08-22,25,quantile,0.75,33.0
2026-08-22,wk inc covid hosp,0,2026-08-22,25,quantile,0.8,35.0
2026-08-22,wk inc covid hosp,0,2026-08-22,25,quantile,0.85,36.0
2026-08-22,wk inc covid hosp,0,2026-08-22,25,quantile,0.9,38.0
2026-08-22,wk inc covid hosp,0,2026-08-22,25,quantile,0.95,42.0
2026-08-22,wk inc covid hosp,0,2026-08-22,25,quantile,0.975,46.0
2026-08-22,wk inc covid hosp,0,2026-08-22,25,quantile,0.99,50.0
2026-08-22,wk inc covid hosp,0,2026-08-22,26,quantile,0.01,12.0
2026-08-22,wk inc covid hosp,0,2026-08-22,26,quantile,0.025,13.0
2026-08-22,wk inc covid hosp,0,2026-08-22,26,quantile,0.05,15.0
2026-08-22,wk inc covid hosp,0,2026-08-22,26,quantile,0.1,16.0
2026-08-22,wk inc covid hosp,0,2026-08-22,26,quantile,0.15,18.0
2026-08-22,wk inc covid hosp,0,2026-08-22,26,quantile,0.2,19.0
2026-08-22,wk inc covid hosp,0,2026-08-22,26,quantile,0.25,20.0
2026-08-22,wk inc covid hosp,0,2026-08-22,26,quantile,0.3,21.0
2026-08-22,wk inc covid hosp,0,2026-08-22,26,quantile,0.35,21.0
2026-08-22,wk inc covid hosp,0,2026-08-22,26,quantile,0.4,22.0
2026-08-22,wk inc covid hosp,0,2026-08-22,26,quantile,0.45,23.0
2026-08-22,wk inc covid hosp,0,2026-08-22,26,quantile,0.5,24.0
2026-08-22,wk inc covid hosp,0,2026-08-22,26,quantile,0.55,24.0
2026-08-22,wk inc covid hosp,0,2026-08-22,26,quantile,0.6,25.0
2026-08-22,wk inc covid hosp,0,2026-08-22,26,quantile,0.65,26.0
2026-08-22,wk inc covid hosp,0,2026-08-22,26,quantile,0.7,27.0
2026-08-22,wk inc covid hosp,0,2026-08-22,26,quantile,0.75,28.0
2026-08-22,wk inc covid hosp,0,2026-08-22,26,quantile,0.8,29.0
2026-08-22,wk inc covid hosp,0,2026-08-22,26,quantile,0.85,31.0
2026-08-22,wk inc covid hosp,0,2026-08-22,26,quantile,0.9,33.0
2026-08-22,wk inc covid hosp,0,2026-08-22,26,quantile,0.95,36.0
2026-08-22,wk inc covid hosp,0,2026-08-22,26,quantile,0.975,39.0
2026-08-22,wk inc covid hosp,0,2026-08-22,26,quantile,0.99,42.0
2026-08-22,wk inc covid hosp,0,2026-08-22,27,quantile,0.01,6.0
2026-08-22,wk inc covid hosp,0,2026-08-22,27,quantile,0.025,7.0
2026-08-22,wk inc covid hosp,0,2026-08-22,27,quantile,0.05,8.0
2026-08-22,wk inc covid hosp,0,2026-08-22,27,quantile,0.1,9.0
2026-08-22,wk inc covid hosp,0,2026-08-22,27,quantile,0.15,10.0
2026-08-22,wk inc covid hosp,0,2026-08-22,27,quantile,0.2,11.0
2026-08-22,wk inc covid hosp,0,2026-08-22,27,quantile,0.25,11.0
2026-08-22,wk inc covid hosp,0,2026-08-22,27,quantile,0.3,12.0
2026-08-22,wk inc covid hosp,0,2026-08-22,27,quantile,0.35,12.0
2026-08-22,wk inc covid hosp,0,2026-08-22,27,quantile,0.4,13.0
2026-08-22,wk inc covid hosp,0,2026-08-22,27,quantile,0.45,13.0
2026-08-22,wk inc covid hosp,0,2026-08-22,27,quantile,0.5,14.0
2026-08-22,wk inc covid hosp,0,2026-08-22,27,quantile,0.55,15.0
2026-08-22,wk inc covid hosp,0,2026-08-22,27,quantile,0.6,15.0
2026-08-22,wk inc covid hosp,0,2026-08-22,27,quantile,0.65,16.0
2026-08-22,wk inc covid hosp,0,2026-08-22,27,quantile,0.7,16.0
2026-08-22,wk inc covid hosp,0,2026-08-22,27,quantile,0.75,17.0
2026-08-22,wk inc covid hosp,0,2026-08-22,27,quantile,0.8,18.0
2026-08-22,wk inc covid hosp,0,2026-08-22,27,quantile,0.85,19.0
2026-08-22,wk inc covid hosp,0,2026-08-22,27,quantile,0.9,20.0
2026-08-22,wk inc covid hosp,0,2026-08-22,27,quantile,0.95,23.0
2026-08-22,wk inc covid hosp,0,2026-08-22,27,quantile,0.975,24.0
2026-08-22,wk inc covid hosp,0,2026-08-22,27,quantile,0.99,27.0
2026-08-22,wk inc covid hosp,0,2026-08-22,28,quantile,0.01,24.0
2026-08-22,wk inc covid hosp,0,2026-08-22,28,quantile,0.025,26.0
2026-08-22,wk inc covid hosp,0,2026-08-22,28,quantile,0.05,29.0
2026-08-22,wk inc covid hosp,0,2026-08-22,28,quantile,0.1,31.0
2026-08-22,wk inc covid hosp,0,2026-08-22,28,quantile,0.15,33.0
2026-08-22,wk inc covid hosp,0,2026-08-22,28,quantile,0.2,35.0
2026-08-22,wk inc covid hosp,0,2026-08-22,28,quantile,0.25,36.0
2026-08-22,wk inc covid hosp,0,2026-08-22,28,quantile,0.3,37.0
2026-08-22,wk inc covid hosp,0,2026-08-22,28,quantile,0.35,38.0
2026-08-22,wk inc covid hosp,0,2026-08-22,28,quantile,0.4,40.0
2026-08-22,wk inc covid hosp,0,2026-08-22,28,quantile,0.45,41.0
2026-08-22,wk inc covid hosp,0,2026-08-22,28,quantile,0.5,42.0
2026-08-22,wk inc covid hosp,0,2026-08-22,28,quantile,0.55,43.0
2026-08-22,wk inc covid hosp,0,2026-08-22,28,quantile,0.6,44.0
2026-08-22,wk inc covid hosp,0,2026-08-22,28,quantile,0.65,46.0
2026-08-22,wk inc covid hosp,0,2026-08-22,28,quantile,0.7,47.0
2026-08-22,wk inc covid hosp,0,2026-08-22,28,quantile,0.75,49.0
2026-08-22,wk inc covid hosp,0,2026-08-22,28,quantile,0.8,50.0
2026-08-22,wk inc covid hosp,0,2026-08-22,28,quantile,0.85,53.0
2026-08-22,wk inc covid hosp,0,2026-08-22,28,quantile,0.9,56.0
2026-08-22,wk inc covid hosp,0,2026-08-22,28,quantile,0.95,61.0
2026-08-22,wk inc covid hosp,0,2026-08-22,28,quantile,0.975,66.0
2026-08-22,wk inc covid hosp,0,2026-08-22,28,quantile,0.99,72.0
2026-08-22,wk inc covid hosp,0,2026-08-22,29,quantile,0.01,11.0
2026-08-22,wk inc covid hosp,0,2026-08-22,29,quantile,0.025,13.0
2026-08-22,wk inc covid hosp,0,2026-08-22,29,quantile,0.05,14.0
2026-08-22,wk inc covid hosp,0,2026-08-22,29,quantile,0.1,16.0
2026-08-22,wk inc covid hosp,0,2026-08-22,29,quantile,0.15,17.0
2026-08-22,wk inc covid hosp,0,2026-08-22,29,quantile,0.2,18.0
2026-08-22,wk inc covid hosp,0,2026-08-22,29,quantile,0.25,19.0
2026-08-22,wk inc covid hosp,0,2026-08-22,29,quantile,0.3,20.0
2026-08-22,wk inc covid hosp,0,2026-08-22,29,quantile,0.35,21.0
2026-08-22,wk inc covid hosp,0,2026-08-22,29,quantile,0.4,21.0
2026-08-22,wk inc covid hosp,0,2026-08-22,29,quantile,0.45,22.0
2026-08-22,wk inc covid hosp,0,2026-08-22,29,quantile,0.5,23.0
2026-08-22,wk inc covid hosp,0,2026-08-22,29,quantile,0.55,24.0
2026-08-22,wk inc covid hosp,0,2026-08-22,29,quantile,0.6,24.0
2026-08-22,wk inc covid hosp,0,2026-08-22,29,quantile,0.65,25.0
2026-08-22,wk inc covid hosp,0,2026-08-22,29,quantile,0.7,26.0
2026-08-22,wk inc covid hosp,0,2026-08-22,29,quantile,0.75,27.0
2026-08-22,wk inc covid hosp,0,2026-08-22,29,quantile,0.8,28.0
2026-08-22,wk inc covid hosp,0,2026-08-22,29,quantile,0.85,29.0
2026-08-22,wk inc covid hosp,0,2026-08-22,29,quantile,0.9,31.0
2026-08-22,wk inc covid hosp,0,2026-08-22,29,quantile,0.95,35.0
2026-08-22,wk inc covid hosp,0,2026-08-22,29,quantile,0.975,37.0
2026-08-22,wk inc covid hosp,0,2026-08-22,29,quantile,0.99,41.0
2026-08-22,wk inc covid hosp,0,2026-08-22,30,quantile,0.01,0.0
2026-08-22,wk inc covid hosp,0,2026-08-22,30,quantile,0.025,0.0
2026-08-22,wk inc covid hosp,0,2026-08-22,30,quantile,0.05,1.0
2026-08-22,wk inc covid hosp,0,2026-08-22,30,quantile,0.1,1.0
2026-08-22,wk inc covid hosp,0,2026-08-22,30,quantile,0.15,1.0
2026-08-22,wk inc covid hosp,0,2026-08-22,30,quantile,0.2,2.0
2026-08-22,wk inc covid hosp,0,2026-08-22,30,quantile,0.25,2.0
2026-08-22,wk inc covid hosp,0,2026-08-22,30,quantile,0.3,2.0
2026-08-22,wk inc covid hosp,0,2026-08-22,30,quantile,0.35,3.0
2026-08-22,wk inc covid hosp,0,2026-08-22,30,quantile,0.4,3.0
2026-08-22,wk inc covid hosp,0,2026-08-22,30,quantile,0.45,3.0
2026-08-22,wk inc covid hosp,0,2026-08-22,30,quantile,0.5,3.0
2026-08-22,wk inc covid hosp,0,2026-08-22,30,quantile,0.55,4.0
2026-08-22,wk inc covid hosp,0,2026-08-22,30,quantile,0.6,4.0
2026-08-22,wk inc covid hosp,0,2026-08-22,30,quantile,0.65,4.0
2026-08-22,wk inc covid hosp,0,2026-08-22,30,quantile,0.7,4.0
2026-08-22,wk inc covid hosp,0,2026-08-22,30,quantile,0.75,5.0
2026-08-22,wk inc covid hosp,0,2026-08-22,30,quantile,0.8,5.0
2026-08-22,wk inc covid hosp,0,2026-08-22,30,quantile,0.85,5.0
2026-08-22,wk inc covid hosp,0,2026-08-22,30,quantile,0.9,6.0
2026-08-22,wk inc covid hosp,0,2026-08-22,30,quantile,0.95,7.0
2026-08-22,wk inc covid hosp,0,2026-08-22,30,quantile,0.975,8.0
2026-08-22,wk inc covid hosp,0,2026-08-22,30,quantile,0.99,9.0
2026-08-22,wk inc covid hosp,0,2026-08-22,31,quantile,0.01,0.0
2026-08-22,wk inc covid hosp,0,2026-08-22,31,quantile,0.025,0.0
2026-08-22,wk inc covid hosp,0,2026-08-22,31,quantile,0.05,0.0
2026-08-22,wk inc covid hosp,0,2026-08-22,31,quantile,0.1,1.0
2026-08-22,wk inc covid hosp,0,2026-08-22,31,quantile,0.15,1.0
2026-08-22,wk inc covid hosp,0,2026-08-22,31,quantile,0.2,1.0
2026-08-22,wk inc covid hosp,0,2026-08-22,31,quantile,0.25,1.0
2026-08-22,wk inc covid hosp,0,2026-08-22,31,quantile,0.3,2.0
2026-08-22,wk inc covid hosp,0,2026-08-22,31,quantile,0.35,2.0
2026-08-22,wk inc covid hosp,0,2026-08-22,31,quantile,0.4,2.0
2026-08-22,wk inc covid hosp,0,2026-08-22,31,quantile,0.45,2.0
2026-08-22,wk inc covid hosp,0,2026-08-22,31,quantile,0.5,2.0
2026-08-22,wk inc covid hosp,0,2026-08-22,31,quantile,0.55,3.0
2026-08-22,wk inc covid hosp,0,2026-08-22,31,quantile,0.6,3.0
2026-08-22,wk inc covid hosp,0,2026-08-22,31,quantile,0.65,3.0
2026-08-22,wk inc covid hosp,0,2026-08-22,31,quantile,0.7,3.0
2026-08-22,wk inc covid hosp,0,2026-08-22,31,quantile,0.75,4.0
2026-08-22,wk inc covid hosp,0,2026-08-22,31,quantile,0.8,4.0
2026-08-22,wk inc covid hosp,0,2026-08-22,31,quantile,0.85,4.0
2026-08-22,wk inc covid hosp,0,2026-08-22,31,quantile,0.9,5.0
2026-08-22,wk inc covid hosp,0,2026-08-22,31,quantile,0.95,6.0
2026-08-22,wk inc covid hosp,0,2026-08-22,31,quantile,0.975,6.0
2026-08-22,wk inc covid hosp,0,2026-08-22,31,quantile,0.99,7.0
2026-08-22,wk inc covid hosp,0,2026-08-22,32,quantile,0.01,10.0
2026-08-22,wk inc covid hosp,0,2026-08-22,32,quantile,0.025,12.0
2026-08-22,wk inc covid hosp,0,2026-08-22,32,quantile,0.05,13.0
2026-08-22,wk inc covid hosp,0,2026-08-22,32,quantile,0.1,15.0
2026-08-22,wk inc covid hosp,0,2026-08-22,32,quantile,0.15,16.0
2026-08-22,wk inc covid hosp,0,2026-08-22,32,quantile,0.2,17.0
2026-08-22,wk inc covid hosp,0,2026-08-22,32,quantile,0.25,18.0
2026-08-22,wk inc covid hosp,0,2026-08-22,32,quantile,0.3,19.0
2026-08-22,wk inc covid hosp,0,2026-08-22,32,quantile,0.35,20.0
2026-08-22,wk inc covid hosp,0,2026-08-22,32,quantile,0.4,20.0
2026-08-22,wk inc covid hosp,0,2026-08-22,32,quantile,0.45,21.0
2026-08-22,wk inc covid hosp,0,2026-08-22,32,quantile,0.5,22.0
2026-08-22,wk inc covid hosp,0,2026-08-22,32,quantile,0.55,23.0
2026-08-22,wk inc covid hosp,0,2026-08-22,32,quantile,0.6,23.0
2026-08-22,wk inc covid hosp,0,2026-08-22,32,quantile,0.65,24.0
2026-08-22,wk inc covid hosp,0,2026-08-22,32,quantile,0.7,25.0
2026-08-22,wk inc covid hosp,0,2026-08-22,32,quantile,0.75,26.0
2026-08-22,wk inc covid hosp,0,2026-08-22,32,quantile,0.8,27.0
2026-08-22,wk inc covid hosp,0,2026-08-22,32,quantile,0.85,29.0
2026-08-22,wk inc covid hosp,0,2026-08-22,32,quantile,0.9,31.0
2026-08-22,wk inc covid hosp,0,2026-08-22,32,quantile,0.95,34.0
2026-08-22,wk inc covid hosp,0,2026-08-22,32,quantile,0.975,37.0
2026-08-22,wk inc covid hosp,0,2026-08-22,32,quantile,0.99,40.0
2026-08-22,wk inc covid hosp,0,2026-08-22,33,quantile,0.01,1.0
2026-08-22,wk inc covid hosp,0,2026-08-22,33,quantile,0.025,2.0
2026-08-22,wk inc covid hosp,0,2026-08-22,33,quantile,0.05,2.0
2026-08-22,wk inc covid hosp,0,2026-08-22,33,quantile,0.1,3.0
2026-08-22,wk inc covid hosp,0,2026-08-22,33,quantile,0.15,4.0
2026-08-22,wk inc covid hosp,0,2026-08-22,33,quantile,0.2,4.0
2026-08-22,wk inc covid hosp,0,2026-08-22,33,quantile,0.25,5.0
2026-08-22,wk inc covid hosp,0,2026-08-22,33,quantile,0.3,5.0
2026-08-22,wk inc covid hosp,0,2026-08-22,33,quantile,0.35,5.0
2026-08-22,wk inc covid hosp,0,2026-08-22,33,quantile,0.4,6.0
2026-08-22,wk inc covid hosp,0,2026-08-22,33,quantile,0.45,6.0
2026-08-22,wk inc covid hosp,0,2026-08-22,33,quantile,0.5,6.0
2026-08-22,wk inc covid hosp,0,2026-08-22,33,quantile,0.55,7.0
2026-08-22,wk inc covid hosp,0,2026-08-22,33,quantile,0.6,7.0
2026-08-22,wk inc covid hosp,0,2026-08-22,33,quantile,0.65,7.0
2026-08-22,wk inc covid hosp,0,2026-08-22,33,quantile,0.7,8.0
2026-08-22,wk inc covid hosp,0,2026-08-22,33,quantile,0.75,8.0
2026-08-22,wk inc covid hosp,0,2026-08-22,33,quantile,0.8,9.0
2026-08-22,wk inc covid hosp,0,2026-08-22,33,quantile,0.85,10.0
2026-08-22,wk inc covid hosp,0,2026-08-22,33,quantile,0.9,10.0
2026-08-22,wk inc covid hosp,0,2026-08-22,33,quantile,0.95,12.0
2026-08-22,wk inc covid hosp,0,2026-08-22,33,quantile,0.975,13.0
2026-08-22,wk inc covid hosp,0,2026-08-22,33,quantile,0.99,14.0
2026-08-22,wk inc covid hosp,0,2026-08-22,34,quantile,0.01,34.0
2026-08-22,wk inc covid hosp,0,2026-08-22,34,quantile,0.025,37.0
2026-08-22,wk inc covid hosp,0,2026-08-22,34,quantile,0.05,40.0
2026-08-22,wk inc covid hosp,0,2026-08-22,34,quantile,0.1,43.0
2026-08-22,wk inc covid hosp,0,2026-08-22,34,quantile,0.15,46.0
2026-08-22,wk inc covid hosp,0,2026-08-22,34,quantile,0.2,48.0
2026-08-22,wk inc covid hosp,0,2026-08-22,34,quantile,0.25,50.0
2026-08-22,wk inc covid hosp,0,2026-08-22,34,quantile,0.3,51.0
2026-08-22,wk inc covid hosp,0,2026-08-22,34,quantile,0.35,53.0
2026-08-22,wk inc covid hosp,0,2026-08-22,34,quantile,0.4,54.0
2026-08-22,wk inc covid hosp,0,2026-08-22,34,quantile,0.45,56.0
2026-08-22,wk inc covid hosp,0,2026-08-22,34,quantile,0.5,57.0
2026-08-22,wk inc covid hosp,0,2026-08-22,34,quantile,0.55,59.0
2026-08-22,wk inc covid hosp,0,2026-08-22,34,quantile,0.6,60.0
2026-08-22,wk inc covid hosp,0,2026-08-22,34,quantile,0.65,62.0
2026-08-22,wk inc covid hosp,0,2026-08-22,34,quantile,0.7,64.0
2026-08-22,wk inc covid hosp,0,2026-08-22,34,quantile,0.75,66.0
2026-08-22,wk inc covid hosp,0,2026-08-22,34,quantile,0.8,68.0
2026-08-22,wk inc covid hosp,0,2026-08-22,34,quantile,0.85,71.0
2026-08-22,wk inc covid hosp,0,2026-08-22,34,quantile,0.9,76.0
2026-08-22,wk inc covid hosp,0,2026-08-22,34,quantile,0.95,83.0
2026-08-22,wk inc covid hosp,0,2026-08-22,34,quantile,0.975,90.0
2026-08-22,wk inc covid hosp,0,2026-08-22,34,quantile,0.99,99.0
2026-08-22,wk inc covid hosp,0,2026-08-22,35,quantile,0.01,1.0
2026-08-22,wk inc covid hosp,0,2026-08-22,35,quantile,0.025,2.0
2026-08-22,wk inc covid hosp,0,2026-08-22,35,quantile,0.05,3.0
2026-08-22,wk inc covid hosp,0,2026-08-22,35,quantile,0.1,4.0
2026-08-22,wk inc covid hosp,0,2026-08-22,35,quantile,0.15,4.0
2026-08-22,wk inc covid hosp,0,2026-08-22,35,quantile,0.2,5.0
2026-08-22,wk inc covid hosp,0,2026-08-22,35,quantile,0.25,5.0
2026-08-22,wk inc covid hosp,0,2026-08-22,35,quantile,0.3,5.0
2026-08-22,wk inc covid hosp,0,2026-08-22,35,quantile,0.35,6.0
2026-08-22,wk inc covid hosp,0,2026-08-22,35,quantile,0.4,6.0
2026-08-22,wk inc covid hosp,0,2026-08-22,35,quantile,0.45,7.0
2026-08-22,wk inc covid hosp,0,2026-08-22,35,quantile,0.5,7.0
2026-08-22,wk inc covid hosp,0,2026-08-22,35,quantile,0.55,7.0
2026-08-22,wk inc covid hosp,0,2026-08-22,35,quantile,0.6,8.0
2026-08-22,wk inc covid hosp,0,2026-08-22,35,quantile,0.65,8.0
2026-08-22,wk inc covid hosp,0,2026-08-22,35,quantile,0.7,8.0
2026-08-22,wk inc covid hosp,0,2026-08-22,35,quantile,0.75,9.0
2026-08-22,wk inc covid hosp,0,2026-08-22,35,quantile,0.8,9.0
2026-08-22,wk inc covid hosp,0,2026-08-22,35,quantile,0.85,10.0
2026-08-22,wk inc covid hosp,0,2026-08-22,35,quantile,0.9,11.0
2026-08-22,wk inc covid hosp,0,2026-08-22,35,quantile,0.95,12.0
2026-08-22,wk inc covid hosp,0,2026-08-22,35,quantile,0.975,14.0
2026-08-22,wk inc covid hosp,0,2026-08-22,35,quantile,0.99,15.0
2026-08-22,wk inc covid hosp,0,2026-08-22,36,quantile,0.01,92.0
2026-08-22,wk inc covid hosp,0,2026-08-22,36,quantile,0.025,99.0
2026-08-22,wk inc covid hosp,0,2026-08-22,36,quantile,0.05,105.0
2026-08-22,wk inc covid hosp,0,2026-08-22,36,quantile,0.1,113.0
2026-08-22,wk inc covid hosp,0,2026-08-22,36,quantile,0.15,118.0
2026-08-22,wk inc covid hosp,0,2026-08-22,36,quantile,0.2,122.0
2026-08-22,wk inc covid hosp,0,2026-08-22,36,quantile,0.25,126.0
2026-08-22,wk inc covid hosp,0,2026-08-22,36,quantile,0.3,129.0
2026-08-22,wk inc covid hosp,0,2026-08-22,36,quantile,0.35,132.0
2026-08-22,wk inc covid hosp,0,2026-08-22,36,quantile,0.4,135.0
2026-08-22,wk inc covid hosp,0,2026-08-22,36,quantile,0.45,139.0
2026-08-22,wk inc covid hosp,0,2026-08-22,36,quantile,0.5,142.0
2026-08-22,wk inc covid hosp,0,2026-08-22,36,quantile,0.55,145.0
2026-08-22,wk inc covid hosp,0,2026-08-22,36,quantile,0.6,149.0
2026-08-22,wk inc covid hosp,0,2026-08-22,36,quantile,0.65,153.0
2026-08-22,wk inc covid hosp,0,2026-08-22,36,quantile,0.7,157.0
2026-08-22,wk inc covid hosp,0,2026-08-22,36,quantile,0.75,162.0
2026-08-22,wk inc covid hosp,0,2026-08-22,36,quantile,0.8,167.0
2026-08-22,wk inc covid hosp,0,2026-08-22,36,quantile,0.85,174.0
2026-08-22,wk inc covid hosp,0,2026-08-22,36,quantile,0.9,184.0
2026-08-22,wk inc covid hosp,0,2026-08-22,36,quantile,0.95,201.0
2026-08-22,wk inc covid hosp,0,2026-08-22,36,quantile,0.975,216.0
2026-08-22,wk inc covid hosp,0,2026-08-22,36,quantile,0.99,237.0
2026-08-22,wk inc covid hosp,0,2026-08-22,37,quantile,0.01,81.0
2026-08-22,wk inc covid hosp,0,2026-08-22,37,quantile,0.025,87.0
2026-08-22,wk inc covid hosp,0,2026-08-22,37,quantile,0.05,93.0
2026-08-22,wk inc covid hosp,0,2026-08-22,37,quantile,0.1,99.0
2026-08-22,wk inc covid hosp,0,2026-08-22,37,quantile,0.15,104.0
2026-08-22,wk inc covid hosp,0,2026-08-22,37,quantile,0.2,108.0
2026-08-22,wk inc covid hosp,0,2026-08-22,37,quantile,0.25,111.0
2026-08-22,wk inc covid hosp,0,2026-08-22,37,quantile,0.3,115.0
2026-08-22,wk inc covid hosp,0,2026-08-22,37,quantile,0.35,118.0
2026-08-22,wk inc covid hosp,0,2026-08-22,37,quantile,0.4,121.0
2026-08-22,wk inc covid hosp,0,2026-08-22,37,quantile,0.45,124.0
2026-08-22,wk inc covid hosp,0,2026-08-22,37,quantile,0.5,126.0
2026-08-22,wk inc covid hosp,0,2026-08-22,37,quantile,0.55,129.0
2026-08-22,wk inc covid hosp,0,2026-08-22,37,quantile,0.6,133.0
2026-08-22,wk inc covid hosp,0,2026-08-22,37,quantile,0.65,136.0
2026-08-22,wk inc covid hosp,0,2026-08-22,37,quantile,0.7,139.0
2026-08-22,wk inc covid hosp,0,2026-08-22,37,quantile,0.75,143.0
2026-08-22,wk inc covid hosp,0,2026-08-22,37,quantile,0.8,149.0
2026-08-22,wk inc covid hosp,0,2026-08-22,37,quantile,0.85,155.0
2026-08-22,wk inc covid hosp,0,2026-08-22,37,quantile,0.9,164.0
2026-08-22,wk inc covid hosp,0,2026-08-22,37,quantile,0.95,179.0
2026-08-22,wk inc covid hosp,0,2026-08-22,37,quantile,0.975,194.0
2026-08-22,wk inc covid hosp,0,2026-08-22,37,quantile,0.99,214.0
2026-08-22,wk inc covid hosp,0,2026-08-22,38,quantile,0.01,0.0
2026-08-22,wk inc covid hosp,0,2026-08-22,38,quantile,0.025,0.0
2026-08-22,wk inc covid hosp,0,2026-08-22,38,quantile,0.05,0.0
2026-08-22,wk inc covid hosp,0,2026-08-22,38,quantile,0.1,0.0
2026-08-22,wk inc covid hosp,0,2026-08-22,38,quantile,0.15,0.0
2026-08-22,wk inc covid hosp,0,2026-08-22,38,quantile,0.2,0.0
2026-08-22,wk inc covid hosp,0,2026-08-22,38,quantile,0.25,0.0
2026-08-22,wk inc covid hosp,0,2026-08-22,38,quantile,0.3,1.0
2026-08-22,wk inc covid hosp,0,2026-08-22,38,quantile,0.35,1.0
2026-08-22,wk inc covid hosp,0,2026-08-22,38,quantile,0.4,1.0
2026-08-22,wk inc covid hosp,0,2026-08-22,38,quantile,0.45,1.0
2026-08-22,wk inc covid hosp,0,2026-08-22,38,quantile,0.5,1.0
2026-08-22,wk inc covid hosp,0,2026-08-22,38,quantile,0.55,1.0
2026-08-22,wk inc covid hosp,0,2026-08-22,38,quantile,0.6,1.0
2026-08-22,wk inc covid hosp,0,2026-08-22,38,quantile,0.65,2.0
2026-08-22,wk inc covid hosp,0,2026-08-22,38,quantile,0.7,2.0
2026-08-22,wk inc covid hosp,0,2026-08-22,38,quantile,0.75,2.0
2026-08-22,wk inc covid hosp,0,2026-08-22,38,quantile,0.8,2.0
2026-08-22,wk inc covid hosp,0,2026-08-22,38,quantile,0.85,3.0
2026-08-22,wk inc covid hosp,0,2026-08-22,38,quantile,0.9,3.0
2026-08-22,wk inc covid hosp,0,2026-08-22,38,quantile,0.95,4.0
2026-08-22,wk inc covid hosp,0,2026-08-22,38,quantile,0.975,4.0
2026-08-22,wk inc covid hosp,0,2026-08-22,38,quantile,0.99,5.0
2026-08-22,wk inc covid hosp,0,2026-08-22,39,quantile,0.01,26.0
2026-08-22,wk inc covid hosp,0,2026-08-22,39,quantile,0.025,28.0
2026-08-22,wk inc covid hosp,0,2026-08-22,39,quantile,0.05,31.0
2026-08-22,wk inc covid hosp,0,2026-08-22,39,quantile,0.1,33.0
2026-08-22,wk inc covid hosp,0,2026-08-22,39,quantile,0.15,35.0
2026-08-22,wk inc covid hosp,0,2026-08-22,39,quantile,0.2,37.0
2026-08-22,wk inc covid hosp,0,2026-08-22,39,quantile,0.25,39.0
2026-08-22,wk inc covid hosp,0,2026-08-22,39,quantile,0.3,40.0
2026-08-22,wk inc covid hosp,0,2026-08-22,39,quantile,0.35,41.0
2026-08-22,wk inc covid hosp,0,2026-08-22,39,quantile,0.4,43.0
2026-08-22,wk inc covid hosp,0,2026-08-22,39,quantile,0.45,44.0
2026-08-22,wk inc covid hosp,0,2026-08-22,39,quantile,0.5,45.0
2026-08-22,wk inc covid hosp,0,2026-08-22,39,quantile,0.55,46.0
2026-08-22,wk inc covid hosp,0,2026-08-22,39,quantile,0.6,48.0
2026-08-22,wk inc covid hosp,0,2026-08-22,39,quantile,0.65,49.0
2026-08-22,wk inc covid hosp,0,2026-08-22,39,quantile,0.7,51.0
2026-08-22,wk inc covid hosp,0,2026-08-22,39,quantile,0.75,53.0
2026-08-22,wk inc covid hosp,0,2026-08-22,39,quantile,0.8,55.0
2026-08-22,wk inc covid hosp,0,2026-08-22,39,quantile,0.85,57.0
2026-08-22,wk inc covid hosp,0,2026-08-22,39,quantile,0.9,61.0
2026-08-22,wk inc covid hosp,0,2026-08-22,39,quantile,0.95,67.0
2026-08-22,wk inc covid hosp,0,2026-08-22,39,quantile,0.975,72.0
2026-08-22,wk inc covid hosp,0,2026-08-22,39,quantile,0.99,80.0
2026-08-22,wk inc covid hosp,0,2026-08-22,40,quantile,0.01,4.0
2026-08-22,wk inc covid hosp,0,2026-08-22,40,quantile,0.025,5.0
2026-08-22,wk inc covid hosp,0,2026-08-22,40,quantile,0.05,6.0
2026-08-22,wk inc covid hosp,0,2026-08-22,40,quantile,0.1,7.0
2026-08-22,wk inc covid hosp,0,2026-08-22,40,quantile,0.15,8.0
2026-08-22,wk inc covid hosp,0,2026-08-22,40,quantile,0.2,8.0
2026-08-22,wk inc covid hosp,0,2026-08-22,40,quantile,0.25,9.0
2026-08-22,wk inc covid hosp,0,2026-08-22,40,quantile,0.3,10.0
2026-08-22,wk inc covid hosp,0,2026-08-22,40,quantile,0.35,10.0
2026-08-22,wk inc covid hosp,0,2026-08-22,40,quantile,0.4,11.0
2026-08-22,wk inc covid hosp,0,2026-08-22,40,quantile,0.45,11.0
2026-08-22,wk inc covid hosp,0,2026-08-22,40,quantile,0.5,12.0
2026-08-22,wk inc covid hosp,0,2026-08-22,40,quantile,0.55,12.0
2026-08-22,wk inc covid hosp,0,2026-08-22,40,quantile,0.6,13.0
2026-08-22,wk inc covid hosp,0,2026-08-22,40,quantile,0.65,13.0
2026-08-22,wk inc covid hosp,0,2026-08-22,40,quantile,0.7,14.0
2026-08-22,wk inc covid hosp,0,2026-08-22,40,quantile,0.75,14.0
2026-08-22,wk inc covid hosp,0,2026-08-22,40,quantile,0.8,15.0
2026-08-22,wk inc covid hosp,0,2026-08-22,40,quantile,0.85,16.0
2026-08-22,wk inc covid hosp,0,2026-08-22,40,quantile,0.9,17.0
2026-08-22,wk inc covid hosp,0,2026-08-22,40,quantile,0.95,19.0
2026-08-22,wk inc covid hosp,0,2026-08-22,40,quantile,0.975,21.0
2026-08-22,wk inc covid hosp,0,2026-08-22,40,quantile,0.99,23.0
2026-08-22,wk inc covid hosp,0,2026-08-22,41,quantile,0.01,4.0
2026-08-22,wk inc covid hosp,0,2026-08-22,41,quantile,0.025,5.0
2026-08-22,wk inc covid hosp,0,2026-08-22,41,quantile,0.05,6.0
2026-08-22,wk inc covid hosp,0,2026-08-22,41,quantile,0.1,7.0
2026-08-22,wk inc covid hosp,0,2026-08-22,41,quantile,0.15,8.0
2026-08-22,wk inc covid hosp,0,2026-08-22,41,quantile,0.2,8.0
2026-08-22,wk inc covid hosp,0,2026-08-22,41,quantile,0.25,9.0
2026-08-22,wk inc covid hosp,0,2026-08-22,41,quantile,0.3,9.0
2026-08-22,wk inc covid hosp,0,2026-08-22,41,quantile,0.35,10.0
2026-08-22,wk inc covid hosp,0,2026-08-22,41,quantile,0.4,11.0
2026-08-22,wk inc covid hosp,0,2026-08-22,41,quantile,0.45,11.0
2026-08-22,wk inc covid hosp,0,2026-08-22,41,quantile,0.5,12.0
2026-08-22,wk inc covid hosp,0,2026-08-22,41,quantile,0.55,12.0
2026-08-22,wk inc covid hosp,0,2026-08-22,41,quantile,0.6,13.0
2026-08-22,wk inc covid hosp,0,2026-08-22,41,quantile,0.65,13.0
2026-08-22,wk inc covid hosp,0,2026-08-22,41,quantile,0.7,14.0
2026-08-22,wk inc covid hosp,0,2026-08-22,41,quantile,0.75,14.0
2026-08-22,wk inc covid hosp,0,2026-08-22,41,quantile,0.8,15.0
2026-08-22,wk inc covid hosp,0,2026-08-22,41,quantile,0.85,16.0
2026-08-22,wk inc covid hosp,0,2026-08-22,41,quantile,0.9,17.0
2026-08-22,wk inc covid hosp,0,2026-08-22,41,quantile,0.95,19.0
2026-08-22,wk inc covid hosp,0,2026-08-22,41,quantile,0.975,21.0
2026-08-22,wk inc covid hosp,0,2026-08-22,41,quantile,0.99,23.0
2026-08-22,wk inc covid hosp,0,2026-08-22,42,quantile,0.01,39.0
2026-08-22,wk inc covid hosp,0,2026-08-22,42,quantile,0.025,43.0
2026-08-22,wk inc covid hosp,0,2026-08-22,42,quantile,0.05,46.0
2026-08-22,wk inc covid hosp,0,2026-08-22,42,quantile,0.1,50.0
2026-08-22,wk inc covid hosp,0,2026-08-22,42,quantile,0.15,52.0
2026-08-22,wk inc covid hosp,0,2026-08-22,42,quantile,0.2,55.0
2026-08-22,wk inc covid hosp,0,2026-08-22,42,quantile,0.25,57.0
2026-08-22,wk inc covid hosp,0,2026-08-22,42,quantile,0.3,59.0
2026-08-22,wk inc covid hosp,0,2026-08-22,42,quantile,0.35,60.0
2026-08-22,wk inc covid hosp,0,2026-08-22,42,quantile,0.4,62.0
2026-08-22,wk inc covid hosp,0,2026-08-22,42,quantile,0.45,64.0
2026-08-22,wk inc covid hosp,0,2026-08-22,42,quantile,0.5,66.0
2026-08-22,wk inc covid hosp,0,2026-08-22,42,quantile,0.55,67.0
2026-08-22,wk inc covid hosp,0,2026-08-22,42,quantile,0.6,69.0
2026-08-22,wk inc covid hosp,0,2026-08-22,42,quantile,0.65,71.0
2026-08-22,wk inc covid hosp,0,2026-08-22,42,quantile,0.7,73.0
2026-08-22,wk inc covid hosp,0,2026-08-22,42,quantile,0.75,76.0
2026-08-22,wk inc covid hosp,0,2026-08-22,42,quantile,0.8,79.0
2026-08-22,wk inc covid hosp,0,2026-08-22,42,quantile,0.85,82.0
2026-08-22,wk inc covid hosp,0,2026-08-22,42,quantile,0.9,87.0
2026-08-22,wk inc covid hosp,0,2026-08-22,42,quantile,0.95,96.0
2026-08-22,wk inc covid hosp,0,2026-08-22,42,quantile,0.975,103.0
2026-08-22,wk inc covid hosp,0,2026-08-22,42,quantile,0.99,113.0
2026-08-22,wk inc covid hosp,0,2026-08-22,44,quantile,0.01,2.0
2026-08-22,wk inc covid hosp,0,2026-08-22,44,quantile,0.025,3.0
2026-08-22,wk inc covid hosp,0,2026-08-22,44,quantile,0.05,4.0
2026-08-22,wk inc covid hosp,0,2026-08-22,44,quantile,0.1,5.0
2026-08-22,wk inc covid hosp,0,2026-08-22,44,quantile,0.15,5.0
2026-08-22,wk inc covid hosp,0,2026-08-22,44,quantile,0.2,6.0
2026-08-22,wk inc covid hosp,0,2026-08-22,44,quantile,0.25,6.0
2026-08-22,wk inc covid hosp,0,2026-08-22,44,quantile,0.3,7.0
2026-08-22,wk inc covid hosp,0,2026-08-22,44,quantile,0.35,7.0
2026-08-22,wk inc covid hosp,0,2026-08-22,44,quantile,0.4,8.0
2026-08-22,wk inc covid hosp,0,2026-08-22,44,quantile,0.45,8.0
2026-08-22,wk inc covid hosp,0,2026-08-22,44,quantile,0.5,9.0
2026-08-22,wk inc covid hosp,0,2026-08-22,44,quantile,0.55,9.0
2026-08-22,wk inc covid hosp,0,2026-08-22,44,quantile,0.6,9.0
2026-08-22,wk inc covid hosp,0,2026-08-22,44,quantile,0.65,10.0
2026-08-22,wk inc covid hosp,0,2026-08-22,44,quantile,0.7,10.0
2026-08-22,wk inc covid hosp,0,2026-08-22,44,quantile,0.75,11.0
2026-08-22,wk inc covid hosp,0,2026-08-22,44,quantile,0.8,12.0
2026-08-22,wk inc covid hosp,0,2026-08-22,44,quantile,0.85,12.0
2026-08-22,wk inc covid hosp,0,2026-08-22,44,quantile,0.9,13.0
2026-08-22,wk inc covid hosp,0,2026-08-22,44,quantile,0.95,15.0
2026-08-22,wk inc covid hosp,0,2026-08-22,44,quantile,0.975,16.0
2026-08-22,wk inc covid hosp,0,2026-08-22,44,quantile,0.99,18.0
2026-08-22,wk inc covid hosp,0,2026-08-22,45,quantile,0.01,15.0
2026-08-22,wk inc covid hosp,0,2026-08-22,45,quantile,0.025,17.0
2026-08-22,wk inc covid hosp,0,2026-08-22,45,quantile,0.05,18.0
2026-08-22,wk inc covid hosp,0,2026-08-22,45,quantile,0.1,20.0
2026-08-22,wk inc covid hosp,0,2026-08-22,45,quantile,0.15,22.0
2026-08-22,wk inc covid hosp,0,2026-08-22,45,quantile,0.2,23.0
2026-08-22,wk inc covid hosp,0,2026-08-22,45,quantile,0.25,24.0
2026-08-22,wk inc covid hosp,0,2026-08-22,45,quantile,0.3,25.0
2026-08-22,wk inc covid hosp,0,2026-08-22,45,quantile,0.35,26.0
2026-08-22,wk inc covid hosp,0,2026-08-22,45,quantile,0.4,27.0
2026-08-22,wk inc covid hosp,0,2026-08-22,45,quantile,0.45,28.0
2026-08-22,wk inc covid hosp,0,2026-08-22,45,quantile,0.5,29.0
2026-08-22,wk inc covid hosp,0,2026-08-22,45,quantile,0.55,30.0
2026-08-22,wk inc covid hosp,0,2026-08-22,45,quantile,0.6,31.0
2026-08-22,wk inc covid hosp,0,2026-08-22,45,quantile,0.65,32.0
2026-08-22,wk inc covid hosp,0,2026-08-22,45,quantile,0.7,33.0
2026-08-22,wk inc covid hosp,0,2026-08-22,45,quantile,0.75,34.0
2026-08-22,wk inc covid hosp,0,2026-08-22,45,quantile,0.8,35.0
2026-08-22,wk inc covid hosp,0,2026-08-22,45,quantile,0.85,37.0
2026-08-22,wk inc covid hosp,0,2026-08-22,45,quantile,0.9,40.0
2026-08-22,wk inc covid hosp,0,2026-08-22,45,quantile,0.95,44.0
2026-08-22,wk inc covid hosp,0,2026-08-22,45,quantile,0.975,48.0
2026-08-22,wk inc covid hosp,0,2026-08-22,45,quantile,0.99,53.0
2026-08-22,wk inc covid hosp,0,2026-08-22,46,quantile,0.01,0.0
2026-08-22,wk inc covid hosp,0,2026-08-22,46,quantile,0.025,0.0
2026-08-22,wk inc covid hosp,0,2026-08-22,46,quantile,0.05,0.0
2026-08-22,wk inc covid hosp,0,2026-08-22,46,quantile,0.1,0.0
2026-08-22,wk inc covid hosp,0,2026-08-22,46,quantile,0.15,1.0
2026-08-22,wk inc covid hosp,0,2026-08-22,46,quantile,0.2,1.0
2026-08-22,wk inc covid hosp,0,2026-08-22,46,quantile,0.25,1.0
2026-08-22,wk inc covid hosp,0,2026-08-22,46,quantile,0.3,1.0
2026-08-22,wk inc covid hosp,0,2026-08-22,46,quantile,0.35,1.0
2026-08-22,wk inc covid hosp,0,2026-08-22,46,quantile,0.4,2.0
2026-08-22,wk inc covid hosp,0,2026-08-22,46,quantile,0.45,2.0
2026-08-22,wk inc covid hosp,0,2026-08-22,46,quantile,0.5,2.0
2026-08-22,wk inc covid hosp,0,2026-08-22,46,quantile,0.55,2.0
2026-08-22,wk inc covid hosp,0,2026-08-22,46,quantile,0.6,2.0
2026-08-22,wk inc covid hosp,0,2026-08-22,46,quantile,0.65,2.0
2026-08-22,wk inc covid hosp,0,2026-08-22,46,quantile,0.7,3.0
2026-08-22,wk inc covid hosp,0,2026-08-22,46,quantile,0.75,3.0
2026-08-22,wk inc covid hosp,0,2026-08-22,46,quantile,0.8,3.0
2026-08-22,wk inc covid hosp,0,2026-08-22,46,quantile,0.85,4.0
2026-08-22,wk inc covid hosp,0,2026-08-22,46,quantile,0.9,4.0
2026-08-22,wk inc covid hosp,0,2026-08-22,46,quantile,0.95,5.0
2026-08-22,wk inc covid hosp,0,2026-08-22,46,quantile,0.975,6.0
2026-08-22,wk inc covid hosp,0,2026-08-22,46,quantile,0.99,6.0
2026-08-22,wk inc covid hosp,0,2026-08-22,47,quantile,0.01,29.0
2026-08-22,wk inc covid hosp,0,2026-08-22,47,quantile,0.025,32.0
2026-08-22,wk inc covid hosp,0,2026-08-22,47,quantile,0.05,34.0
2026-08-22,wk inc covid hosp,0,2026-08-22,47,quantile,0.1,38.0
2026-08-22,wk inc covid hosp,0,2026-08-22,47,quantile,0.15,40.0
2026-08-22,wk inc covid hosp,0,2026-08-22,47,quantile,0.2,42.0
2026-08-22,wk inc covid hosp,0,2026-08-22,47,quantile,0.25,43.0
2026-08-22,wk inc covid hosp,0,2026-08-22,47,quantile,0.3,45.0
2026-08-22,wk inc covid hosp,0,2026-08-22,47,quantile,0.35,46.0
2026-08-22,wk inc covid hosp,0,2026-08-22,47,quantile,0.4,48.0
2026-08-22,wk inc covid hosp,0,2026-08-22,47,quantile,0.45,49.0
2026-08-22,wk inc covid hosp,0,2026-08-22,47,quantile,0.5,51.0
2026-08-22,wk inc covid hosp,0,2026-08-22,47,quantile,0.55,52.0
2026-08-22,wk inc covid hosp,0,2026-08-22,47,quantile,0.6,54.0
2026-08-22,wk inc covid hosp,0,2026-08-22,47,quantile,0.65,55.0
2026-08-22,wk inc covid hosp,0,2026-08-22,47,quantile,0.7,57.0
2026-08-22,wk inc covid hosp,0,2026-08-22,47,quantile,0.75,59.0
2026-08-22,wk inc covid hosp,0,2026-08-22,47,quantile,0.8,61.0
2026-08-22,wk inc covid hosp,0,2026-08-22,47,quantile,0.85,64.0
2026-08-22,wk inc covid hosp,0,2026-08-22,47,quantile,0.9,68.0
2026-08-22,wk inc covid hosp,0,2026-08-22,47,quantile,0.95,75.0
2026-08-22,wk inc covid hosp,0,2026-08-22,47,quantile,0.975,81.0
2026-08-22,wk inc covid hosp,0,2026-08-22,47,quantile,0.99,89.0
2026-08-22,wk inc covid hosp,0,2026-08-22,48,quantile,0.01,208.0
2026-08-22,wk inc covid hosp,0,2026-08-22,48,quantile,0.025,221.0
2026-08-22,wk inc covid hosp,0,2026-08-22,48,quantile,0.05,234.0
2026-08-22,wk inc covid hosp,0,2026-08-22,48,quantile,0.1,249.0
2026-08-22,wk inc covid hosp,0,2026-08-22,48,quantile,0.15,261.0
2026-08-22,wk inc covid hosp,0,2026-08-22,48,quantile,0.2,270.0
2026-08-22,wk inc covid hosp,0,2026-08-22,48,quantile,0.25,278.0
2026-08-22,wk inc covid hosp,0,2026-08-22,48,quantile,0.3,286.0
2026-08-22,wk inc covid hosp,0,2026-08-22,48,quantile,0.35,294.0
2026-08-22,wk inc covid hosp,0,2026-08-22,48,quantile,0.4,300.0
2026-08-22,wk inc covid hosp,0,2026-08-22,48,quantile,0.45,307.0
2026-08-22,wk inc covid hosp,0,2026-08-22,48,quantile,0.5,314.0
2026-08-22,wk inc covid hosp,0,2026-08-22,48,quantile,0.55,321.0
2026-08-22,wk inc covid hosp,0,2026-08-22,48,quantile,0.6,328.0
2026-08-22,wk inc covid hosp,0,2026-08-22,48,quantile,0.65,337.0
2026-08-22,wk inc covid hosp,0,2026-08-22,48,quantile,0.7,346.0
2026-08-22,wk inc covid hosp,0,2026-08-22,48,quantile,0.75,357.0
2026-08-22,wk inc covid hosp,0,2026-08-22,48,quantile,0.8,369.0
2026-08-22,wk inc covid hosp,0,2026-08-22,48,quantile,0.85,386.0
2026-08-22,wk inc covid hosp,0,2026-08-22,48,quantile,0.9,410.0
2026-08-22,wk inc covid hosp,0,2026-08-22,48,quantile,0.95,448.0
2026-08-22,wk inc covid hosp,0,2026-08-22,48,quantile,0.975,481.0
2026-08-22,wk inc covid hosp,0,2026-08-22,48,quantile,0.99,529.0
2026-08-22,wk inc covid hosp,0,2026-08-22,49,quantile,0.01,0.0
2026-08-22,wk inc covid hosp,0,2026-08-22,49,quantile,0.025,1.0
2026-08-22,wk inc covid hosp,0,2026-08-22,49,quantile,0.05,1.0
2026-08-22,wk inc covid hosp,0,2026-08-22,49,quantile,0.1,2.0
2026-08-22,wk inc covid hosp,0,2026-08-22,49,quantile,0.15,2.0
2026-08-22,wk inc covid hosp,0,2026-08-22,49,quantile,0.2,3.0
2026-08-22,wk inc covid hosp,0,2026-08-22,49,quantile,0.25,3.0
2026-08-22,wk inc covid hosp,0,2026-08-22,49,quantile,0.3,3.0
2026-08-22,wk inc covid hosp,0,2026-08-22,49,quantile,0.35,3.0
2026-08-22,wk inc covid hosp,0,2026-08-22,49,quantile,0.4,4.0
2026-08-22,wk inc covid hosp,0,2026-08-22,49,quantile,0.45,4.0
2026-08-22,wk inc covid hosp,0,2026-08-22,49,quantile,0.5,4.0
2026-08-22,wk inc covid hosp,0,2026-08-22,49,quantile,0.55,5.0
2026-08-22,wk inc covid hosp,0,2026-08-22,49,quantile,0.6,5.0
2026-08-22,wk inc covid hosp,0,2026-08-22,49,quantile,0.65,5.0
2026-08-22,wk inc covid hosp,0,2026-08-22,49,quantile,0.7,6.0
2026-08-22,wk inc covid hosp,0,2026-08-22,49,quantile,0.75,6.0
2026-08-22,wk inc covid hosp,0,2026-08-22,49,quantile,0.8,6.0
2026-08-22,wk inc covid hosp,0,2026-08-22,49,quantile,0.85,7.0
2026-08-22,wk inc covid hosp,0,2026-08-22,49,quantile,0.9,8.0
2026-08-22,wk inc covid hosp,0,2026-08-22,49,quantile,0.95,9.0
2026-08-22,wk inc covid hosp,0,2026-08-22,49,quantile,0.975,10.0
2026-08-22,wk inc covid hosp,0,2026-08-22,49,quantile,0.99,11.0
2026-08-22,wk inc covid hosp,0,2026-08-22,50,quantile,0.01,0.0
2026-08-22,wk inc covid hosp,0,2026-08-22,50,quantile,0.025,0.0
2026-08-22,wk inc covid hosp,0,2026-08-22,50,quantile,0.05,0.0
2026-08-22,wk inc covid hosp,0,2026-08-22,50,quantile,0.1,0.0
2026-08-22,wk inc covid hosp,0,2026-08-22,50,quantile,0.15,0.0
2026-08-22,wk inc covid hosp,0,2026-08-22,50,quantile,0.2,0.0
2026-08-22,wk inc covid hosp,0,2026-08-22,50,quantile,0.25,1.0
2026-08-22,wk inc covid hosp,0,2026-08-22,50,quantile,0.3,1.0
2026-08-22,wk inc covid hosp,0,2026-08-22,50,quantile,0.35,1.0
2026-08-22,wk inc covid hosp,0,2026-08-22,50,quantile,0.4,1.0
2026-08-22,wk inc covid hosp,0,2026-08-22,50,quantile,0.45,1.0
2026-08-22,wk inc covid hosp,0,2026-08-22,50,quantile,0.5,1.0
2026-08-22,wk inc covid hosp,0,2026-08-22,50,quantile,0.55,2.0
2026-08-22,wk inc covid hosp,0,2026-08-22,50,quantile,0.6,2.0
2026-08-22,wk inc covid hosp,0,2026-08-22,50,quantile,0.65,2.0
2026-08-22,wk inc covid hosp,0,2026-08-22,50,quantile,0.7,2.0
2026-08-22,wk inc covid hosp,0,2026-08-22,50,quantile,0.75,2.0
2026-08-22,wk inc covid hosp,0,2026-08-22,50,quantile,0.8,3.0
2026-08-22,wk inc covid hosp,0,2026-08-22,50,quantile,0.85,3.0
2026-08-22,wk inc covid hosp,0,2026-08-22,50,quantile,0.9,3.0
2026-08-22,wk inc covid hosp,0,2026-08-22,50,quantile,0.95,4.0
2026-08-22,wk inc covid hosp,0,2026-08-22,50,quantile,0.975,5.0
2026-08-22,wk inc covid hosp,0,2026-08-22,50,quantile,0.99,5.0
2026-08-22,wk inc covid hosp,0,2026-08-22,51,quantile,0.01,11.0
2026-08-22,wk inc covid hosp,0,2026-08-22,51,quantile,0.025,12.0
2026-08-22,wk inc covid hosp,0,2026-08-22,51,quantile,0.05,14.0
2026-08-22,wk inc covid hosp,0,2026-08-22,51,quantile,0.1,16.0
2026-08-22,wk inc covid hosp,0,2026-08-22,51,quantile,0.15,17.0
2026-08-22,wk inc covid hosp,0,2026-08-22,51,quantile,0.2,18.0
2026-08-22,wk inc covid hosp,0,2026-08-22,51,quantile,0.25,19.0
2026-08-22,wk inc covid hosp,0,2026-08-22,51,quantile,0.3,20.0
2026-08-22,wk inc covid hosp,0,2026-08-22,51,quantile,0.35,21.0
2026-08-22,wk inc covid hosp,0,2026-08-22,51,quantile,0.4,22.0
2026-08-22,wk inc covid hosp,0,2026-08-22,51,quantile,0.45,23.0
2026-08-22,wk inc covid hosp,0,2026-08-22,51,quantile,0.5,23.0
2026-08-22,wk inc covid hosp,0,2026-08-22,51,quantile,0.55,24.0
2026-08-22,wk inc covid hosp,0,2026-08-22,51,quantile,0.6,25.0
2026-08-22,wk inc covid hosp,0,2026-08-22,51,quantile,0.65,26.0
2026-08-22,wk inc covid hosp,0,2026-08-22,51,quantile,0.7,27.0
2026-08-22,wk inc covid hosp,0,2026-08-22,51,quantile,0.75,28.0
2026-08-22,wk inc covid hosp,0,2026-08-22,51,quantile,0.8,29.0
2026-08-22,wk inc covid hosp,0,2026-08-22,51,quantile,0.85,31.0
2026-08-22,wk inc covid hosp,0,2026-08-22,51,quantile,0.9,33.0
2026-08-22,wk inc covid hosp,0,2026-08-22,51,quantile,0.95,37.0
2026-08-22,wk inc covid hosp,0,2026-08-22,51,quantile,0.975,40.0
2026-08-22,wk inc covid hosp,0,2026-08-22,51,quantile,0.99,44.0
2026-08-22,wk inc covid hosp,0,2026-08-22,53,quantile,0.01,30.0
2026-08-22,wk inc covid hosp,0,2026-08-22,53,quantile,0.025,33.0
2026-08-22,wk inc covid hosp,0,2026-08-22,53,quantile,0.05,35.0
2026-08-22,wk inc covid hosp,0,2026-08-22,53,quantile,0.1,39.0
2026-08-22,wk inc covid hosp,0,2026-08-22,53,quantile,0.15,41.0
2026-08-22,wk inc covid hosp,0,2026-08-22,53,quantile,0.2,43.0
2026-08-22,wk inc covid hosp,0,2026-08-22,53,quantile,0.25,45.0
2026-08-22,wk inc covid hosp,0,2026-08-22,53,quantile,0.3,46.0
2026-08-22,wk inc covid hosp,0,2026-08-22,53,quantile,0.35,48.0
2026-08-22,wk inc covid hosp,0,2026-08-22,53,quantile,0.4,49.0
2026-08-22,wk inc covid hosp,0,2026-08-22,53,quantile,0.45,51.0
2026-08-22,wk inc covid hosp,0,2026-08-22,53,quantile,0.5,52.0
2026-08-22,wk inc covid hosp,0,2026-08-22,53,quantile,0.55,54.0
2026-08-22,wk inc covid hosp,0,2026-08-22,53,quantile,0.6,55.0
2026-08-22,wk inc covid hosp,0,2026-08-22,53,quantile,0.65,57.0
2026-08-22,wk inc covid hosp,0,2026-08-22,53,quantile,0.7,59.0
2026-08-22,wk inc covid hosp,0,2026-08-22,53,quantile,0.75,61.0
2026-08-22,wk inc covid hosp,0,2026-08-22,53,quantile,0.8,63.0
2026-08-22,wk inc covid hosp,0,2026-08-22,53,quantile,0.85,66.0
2026-08-22,wk inc covid hosp,0,2026-08-22,53,quantile,0.9,70.0
2026-08-22,wk inc covid hosp,0,2026-08-22,53,quantile,0.95,78.0
2026-08-22,wk inc covid hosp,0,2026-08-22,53,quantile,0.975,84.0
2026-08-22,wk inc covid hosp,0,2026-08-22,53,quantile,0.99,93.0
2026-08-22,wk inc covid hosp,0,2026-08-22,54,quantile,0.01,0.0
2026-08-22,wk inc covid hosp,0,2026-08-22,54,quantile,0.025,1.0
2026-08-22,wk inc covid hosp,0,2026-08-22,54,quantile,0.05,1.0
2026-08-22,wk inc covid hosp,0,2026-08-22,54,quantile,0.1,2.0
2026-08-22,wk inc covid hosp,0,2026-08-22,54,quantile,0.15,2.0
2026-08-22,wk inc covid hosp,0,2026-08-22,54,quantile,0.2,2.0
2026-08-22,wk inc covid hosp,0,2026-08-22,54,quantile,0.25,3.0
2026-08-22,wk inc covid hosp,0,2026-08-22,54,quantile,0.3,3.0
2026-08-22,wk inc covid hosp,0,2026-08-22,54,quantile,0.35,3.0
2026-08-22,wk inc covid hosp,0,2026-08-22,54,quantile,0.4,3.0
2026-08-22,wk inc covid hosp,0,2026-08-22,54,quantile,0.45,4.0
2026-08-22,wk inc covid hosp,0,2026-08-22,54,quantile,0.5,4.0
2026-08-22,wk inc covid hosp,0,2026-08-22,54,quantile,0.55,4.0
2026-08-22,wk inc covid hosp,0,2026-08-22,54,quantile,0.6,5.0
2026-08-22,wk inc covid hosp,0,2026-08-22,54,quantile,0.65,5.0
2026-08-22,wk inc covid hosp,0,2026-08-22,54,quantile,0.7,5.0
2026-08-22,wk inc covid hosp,0,2026-08-22,54,quantile,0.75,6.0
2026-08-22,wk inc covid hosp,0,2026-08-22,54,quantile,0.8,6.0
2026-08-22,wk inc covid hosp,0,2026-08-22,54,quantile,0.85,6.0
2026-08-22,wk inc covid hosp,0,2026-08-22,54,quantile,0.9,7.0
2026-08-22,wk inc covid hosp,0,2026-08-22,54,quantile,0.95,8.0
2026-08-22,wk inc covid hosp,0,2026-08-22,54,quantile,0.975,9.0
2026-08-22,wk inc covid hosp,0,2026-08-22,54,quantile,0.99,10.0
2026-08-22,wk inc covid hosp,0,2026-08-22,55,quantile,0.01,4.0
2026-08-22,wk inc covid hosp,0,2026-08-22,55,quantile,0.025,5.0
2026-08-22,wk inc covid hosp,0,2026-08-22,55,quantile,0.05,6.0
2026-08-22,wk inc covid hosp,0,2026-08-22,55,quantile,0.1,7.0
2026-08-22,wk inc covid hosp,0,2026-08-22,55,quantile,0.15,8.0
2026-08-22,wk inc covid hosp,0,2026-08-22,55,quantile,0.2,8.0
2026-08-22,wk inc covid hosp,0,2026-08-22,55,quantile,0.25,9.0
2026-08-22,wk inc covid hosp,0,2026-08-22,55,quantile,0.3,10.0
2026-08-22,wk inc covid hosp,0,2026-08-22,55,quantile,0.35,10.0
2026-08-22,wk inc covid hosp,0,2026-08-22,55,quantile,0.4,10.0
2026-08-22,wk inc covid hosp,0,2026-08-22,55,quantile,0.45,11.0
2026-08-22,wk inc covid hosp,0,2026-08-22,55,quantile,0.5,11.0
2026-08-22,wk inc covid hosp,0,2026-08-22,55,quantile,0.55,12.0
2026-08-22,wk inc covid hosp,0,2026-08-22,55,quantile,0.6,12.0
2026-08-22,wk inc covid hosp,0,2026-08-22,55,quantile,0.65,13.0
2026-08-22,wk inc covid hosp,0,2026-08-22,55,quantile,0.7,14.0
2026-08-22,wk inc covid hosp,0,2026-08-22,55,quantile,0.75,14.0
2026-08-22,wk inc covid hosp,0,2026-08-22,55,quantile,0.8,15.0
2026-08-22,wk inc covid hosp,0,2026-08-22,55,quantile,0.85,16.0
2026-08-22,wk inc covid hosp,0,2026-08-22,55,quantile,0.9,17.0
2026-08-22,wk inc covid hosp,0,2026-08-22,55,quantile,0.95,19.0
2026-08-22,wk inc covid hosp,0,2026-08-22,55,quantile,0.975,21.0
2026-08-22,wk inc covid hosp,0,2026-08-22,55,quantile,0.99,24.0
2026-08-22,wk inc covid hosp,0,2026-08-22,56,quantile,0.01,0.0
2026-08-22,wk inc covid hosp,0,2026-08-22,56,quantile,0.025,0.0
2026-08-22,wk inc covid hosp,0,2026-08-22,56,quantile,0.05,0.0
2026-08-22,wk inc covid hosp,0,2026-08-22,56,quantile,0.1,0.0
2026-08-22,wk inc covid hosp,0,2026-08-22,56,quantile,0.15,1.0
2026-08-22,wk inc covid hosp,0,2026-08-22,56,quantile,0.2,1.0
2026-08-22,wk inc covid hosp,0,2026-08-22,56,quantile,0.25,1.0
2026-08-22,wk inc covid hosp,0,2026-08-22,56,quantile,0.3,1.0
2026-08-22,wk inc covid hosp,0,2026-08-22,56,quantile,0.35,1.0
2026-08-22,wk inc covid hosp,0,2026-08-22,56,quantile,0.4,2.0
2026-08-22,wk inc covid hosp,0,2026-08-22,56,quantile,0.45,2.0
2026-08-22,wk inc covid hosp,0,2026-08-22,56,quantile,0.5,2.0
2026-08-22,wk inc covid hosp,0,2026-08-22,56,quantile,0.55,2.0
2026-08-22,wk inc covid hosp,0,2026-08-22,56,quantile,0.6,2.0
2026-08-22,wk inc covid hosp,0,2026-08-22,56,quantile,0.65,3.0
2026-08-22,wk inc covid hosp,0,2026-08-22,56,quantile,0.7,3.0
2026-08-22,wk inc covid hosp,0,2026-08-22,56,quantile,0.75,3.0
2026-08-22,wk inc covid hosp,0,2026-08-22,56,quantile,0.8,3.0
2026-08-22,wk inc covid hosp,0,2026-08-22,56,quantile,0.85,4.0
2026-08-22,wk inc covid hosp,0,2026-08-22,56,quantile,0.9,4.0
2026-08-22,wk inc covid hosp,0,2026-08-22,56,quantile,0.95,5.0
2026-08-22,wk inc covid hosp,0,2026-08-22,56,quantile,0.975,6.0
2026-08-22,wk inc covid hosp,0,2026-08-22,56,quantile,0.99,7.0
2026-08-22,wk inc covid hosp,0,2026-08-22,72,quantile,0.01,54.0
2026-08-22,wk inc covid hosp,0,2026-08-22,72,quantile,0.025,59.0
2026-08-22,wk inc covid hosp,0,2026-08-22,72,quantile,0.05,63.0
2026-08-22,wk inc covid hosp,0,2026-08-22,72,quantile,0.1,69.0
2026-08-22,wk inc covid hosp,0,2026-08-22,72,quantile,0.15,72.0
2026-08-22,wk inc covid hosp,0,2026-08-22,72,quantile,0.2,75.0
2026-08-22,wk inc covid hosp,0,2026-08-22,72,quantile,0.25,78.0
2026-08-22,wk inc covid hosp,0,2026-08-22,72,quantile,0.3,80.0
2026-08-22,wk inc covid hosp,0,2026-08-22,72,quantile,0.35,82.0
2026-08-22,wk inc covid hosp,0,2026-08-22,72,quantile,0.4,85.0
2026-08-22,wk inc covid hosp,0,2026-08-22,72,quantile,0.45,87.0
2026-08-22,wk inc covid hosp,0,2026-08-22,72,quantile,0.5,89.0
2026-08-22,wk inc covid hosp,0,2026-08-22,72,quantile,0.55,92.0
2026-08-22,wk inc covid hosp,0,2026-08-22,72,quantile,0.6,94.0
2026-08-22,wk inc covid hosp,0,2026-08-22,72,quantile,0.65,97.0
2026-08-22,wk inc covid hosp,0,2026-08-22,72,quantile,0.7,100.0
2026-08-22,wk inc covid hosp,0,2026-08-22,72,quantile,0.75,103.0
2026-08-22,wk inc covid hosp,0,2026-08-22,72,quantile,0.8,107.0
2026-08-22,wk inc covid hosp,0,2026-08-22,72,quantile,0.85,112.0
2026-08-22,wk inc covid hosp,0,2026-08-22,72,quantile,0.9,120.0
2026-08-22,wk inc covid hosp,0,2026-08-22,72,quantile,0.95,132.0
2026-08-22,wk inc covid hosp,0,2026-08-22,72,quantile,0.975,143.0
2026-08-22,wk inc covid hosp,0,2026-08-22,72,quantile,0.99,158.0
2026-08-22,wk inc covid hosp,1,2026-08-29,01,quantile,0.01,49.0
2026-08-22,wk inc covid hosp,1,2026-08-29,01,quantile,0.025,53.0
2026-08-22,wk inc covid hosp,1,2026-08-29,01,quantile,0.05,57.0
2026-08-22,wk inc covid hosp,1,2026-08-29,01,quantile,0.1,62.0
2026-08-22,wk inc covid hosp,1,2026-08-29,01,quantile,0.15,65.0
2026-08-22,wk inc covid hosp,1,2026-08-29,01,quantile,0.2,68.0
2026-08-22,wk inc covid hosp,1,2026-08-29,01,quantile,0.25,70.0
2026-08-22,wk inc covid hosp,1,2026-08-29,01,quantile,0.3,73.0
2026-08-22,wk inc covid hosp,1,2026-08-29,01,quantile,0.35,75.0
2026-08-22,wk inc covid hosp,1,2026-08-29,01,quantile,0.4,77.0
2026-08-22,wk inc covid hosp,1,2026-08-29,01,quantile,0.45,79.0
2026-08-22,wk inc covid hosp,1,2026-08-29,01,quantile,0.5,81.0
2026-08-22,wk inc covid hosp,1,2026-08-29,01,quantile,0.55,83.0
2026-08-22,wk inc covid hosp,1,2026-08-29,01,quantile,0.6,86.0
2026-08-22,wk inc covid hosp,1,2026-08-29,01,quantile,0.65,88.0
2026-08-22,wk inc covid hosp,1,2026-08-29,01,quantile,0.7,91.0
2026-08-22,wk inc covid hosp,1,2026-08-29,01,quantile,0.75,94.0
2026-08-22,wk inc covid hosp,1,2026-08-29,01,quantile,0.8,98.0
2026-08-22,wk inc covid hosp,1,2026-08-29,01,quantile,0.85,102.0
2026-08-22,wk inc covid hosp,1,2026-08-29,01,quantile,0.9,109.0
2026-08-22,wk inc covid hosp,1,2026-08-29,01,quantile,0.95,120.0
2026-08-22,wk inc covid hosp,1,2026-08-29,01,quantile,0.975,130.0
2026-08-22,wk inc covid hosp,1,2026-08-29,01,quantile,0.99,142.0
2026-08-22,wk inc covid hosp,1,2026-08-29,02,quantile,0.01,0.0
2026-08-22,wk inc covid hosp,1,2026-08-29,02,quantile,0.025,1.0
2026-08-22,wk inc covid hosp,1,2026-08-29,02,quantile,0.05,1.0
2026-08-22,wk inc covid hosp,1,2026-08-29,02,quantile,0.1,1.0
2026-08-22,wk inc covid hosp,1,2026-08-29,02,quantile,0.15,2.0
2026-08-22,wk inc covid hosp,1,2026-08-29,02,quantile,0.2,2.0
2026-08-22,wk inc covid hosp,1,2026-08-29,02,quantile,0.25,2.0
2026-08-22,wk inc covid hosp,1,2026-08-29,02,quantile,0.3,3.0
2026-08-22,wk inc covid hosp,1,2026-08-29,02,quantile,0.35,3.0
2026-08-22,wk inc covid hosp,1,2026-08-29,02,quantile,0.4,3.0
2026-08-22,wk inc covid hosp,1,2026-08-29,02,quantile,0.45,3.0
2026-08-22,wk inc covid hosp,1,2026-08-29,02,quantile,0.5,4.0
2026-08-22,wk inc covid hosp,1,2026-08-29,02,quantile,0.55,4.0
2026-08-22,wk inc covid hosp,1,2026-08-29,02,quantile,0.6,4.0
2026-08-22,wk inc covid hosp,1,2026-08-29,02,quantile,0.65,5.0
2026-08-22,wk inc covid hosp,1,2026-08-29,02,quantile,0.7,5.0
2026-08-22,wk inc covid hosp,1,2026-08-29,02,quantile,0.75,5.0
2026-08-22,wk inc covid hosp,1,2026-08-29,02,quantile,0.8,6.0
2026-08-22,wk inc covid hosp,1,2026-08-29,02,quantile,0.85,6.0
2026-08-22,wk inc covid hosp,1,2026-08-29,02,quantile,0.9,7.0
2026-08-22,wk inc covid hosp,1,2026-08-29,02,quantile,0.95,8.0
2026-08-22,wk inc covid hosp,1,2026-08-29,02,quantile,0.975,9.0
2026-08-22,wk inc covid hosp,1,2026-08-29,02,quantile,0.99,10.0
2026-08-22,wk inc covid hosp,1,2026-08-29,04,quantile,0.01,31.0
2026-08-22,wk inc covid hosp,1,2026-08-29,04,quantile,0.025,34.0
2026-08-22,wk inc covid hosp,1,2026-08-29,04,quantile,0.05,37.0
2026-08-22,wk inc covid hosp,1,2026-08-29,04,quantile,0.1,41.0
2026-08-22,wk inc covid hosp,1,2026-08-29,04,quantile,0.15,43.0
2026-08-22,wk inc covid hosp,1,2026-08-29,04,quantile,0.2,45.0
2026-08-22,wk inc covid hosp,1,2026-08-29,04,quantile,0.25,47.0
2026-08-22,wk inc covid hosp,1,2026-08-29,04,quantile,0.3,49.0
2026-08-22,wk inc covid hosp,1,2026-08-29,04,quantile,0.35,50.0
2026-08-22,wk inc covid hosp,1,2026-08-29,04,quantile,0.4,52.0
2026-08-22,wk inc covid hosp,1,2026-08-29,04,quantile,0.45,54.0
2026-08-22,wk inc covid hosp,1,2026-08-29,04,quantile,0.5,55.0
2026-08-22,wk inc covid hosp,1,2026-08-29,04,quantile,0.55,57.0
2026-08-22,wk inc covid hosp,1,2026-08-29,04,quantile,0.6,58.0
2026-08-22,wk inc covid hosp,1,2026-08-29,04,quantile,0.65,60.0
2026-08-22,wk inc covid hosp,1,2026-08-29,04,quantile,0.7,62.0
2026-08-22,wk inc covid hosp,1,2026-08-29,04,quantile,0.75,64.0
2026-08-22,wk inc covid hosp,1,2026-08-29,04,quantile,0.8,67.0
2026-08-22,wk inc covid hosp,1,2026-08-29,04,quantile,0.85,70.0
2026-08-22,wk inc covid hosp,1,2026-08-29,04,quantile,0.9,75.0
2026-08-22,wk inc covid hosp,1,2026-08-29,04,quantile,0.95,83.0
2026-08-22,wk inc covid hosp,1,2026-08-29,04,quantile,0.975,90.0
2026-08-22,wk inc covid hosp,1,2026-08-29,04,quantile,0.99,99.0
2026-08-22,wk inc covid hosp,1,2026-08-29,05,quantile,0.01,7.0
2026-08-22,wk inc covid hosp,1,2026-08-29,05,quantile,0.025,8.0
2026-08-22,wk inc covid hosp,1,2026-08-29,05,quantile,0.05,9.0
2026-08-22,wk inc covid hosp,1,2026-08-29,05,quantile,0.1,11.0
2026-08-22,wk inc covid hosp,1,2026-08-29,05,quantile,0.15,12.0
2026-08-22,wk inc covid hosp,1,2026-08-29,05,quantile,0.2,13.0
2026-08-22,wk inc covid hosp,1,2026-08-29,05,quantile,0.25,13.0
2026-08-22,wk inc covid hosp,1,2026-08-29,05,quantile,0.3,14.0
2026-08-22,wk inc covid hosp,1,2026-08-29,05,quantile,0.35,15.0
2026-08-22,wk inc covid hosp,1,2026-08-29,05,quantile,0.4,15.0
2026-08-22,wk inc covid hosp,1,2026-08-29,05,quantile,0.45,16.0
2026-08-22,wk inc covid hosp,1,2026-08-29,05,quantile,0.5,17.0
2026-08-22,wk inc covid hosp,1,2026-08-29,05,quantile,0.55,17.0
2026-08-22,wk inc covid hosp,1,2026-08-29,05,quantile,0.6,18.0
2026-08-22,wk inc covid hosp,1,2026-08-29,05,quantile,0.65,19.0
2026-08-22,wk inc covid hosp,1,2026-08-29,05,quantile,0.7,20.0
2026-08-22,wk inc covid hosp,1,2026-08-29,05,quantile,0.75,20.0
2026-08-22,wk inc covid hosp,1,2026-08-29,05,quantile,0.8,21.0
2026-08-22,wk inc covid hosp,1,2026-08-29,05,quantile,0.85,23.0
2026-08-22,wk inc covid hosp,1,2026-08-29,05,quantile,0.9,24.0
2026-08-22,wk inc covid hosp,1,2026-08-29,05,quantile,0.95,27.0
2026-08-22,wk inc covid hosp,1,2026-08-29,05,quantile,0.975,30.0
2026-08-22,wk inc covid hosp,1,2026-08-29,05,quantile,0.99,34.0
2026-08-22,wk inc covid hosp,1,2026-08-29,06,quantile,0.01,318.0
2026-08-22,wk inc covid hosp,1,2026-08-29,06,quantile,0.025,341.0
2026-08-22,wk inc covid hosp,1,2026-08-29,06,quantile,0.05,362.0
2026-08-22,wk inc covid hosp,1,2026-08-29,06,quantile,0.1,388.0
2026-08-22,wk inc covid hosp,1,2026-08-29,06,quantile,0.15,405.0
2026-08-22,wk inc covid hosp,1,2026-08-29,06,quantile,0.2,419.0
2026-08-22,wk inc covid hosp,1,2026-08-29,06,quantile,0.25,433.0
2026-08-22,wk inc covid hosp,1,2026-08-29,06,quantile,0.3,444.0
2026-08-22,wk inc covid hosp,1,2026-08-29,06,quantile,0.35,457.0
2026-08-22,wk inc covid hosp,1,2026-08-29,06,quantile,0.4,468.0
2026-08-22,wk inc covid hosp,1,2026-08-29,06,quantile,0.45,478.0
2026-08-22,wk inc covid hosp,1,2026-08-29,06,quantile,0.5,491.0
2026-08-22,wk inc covid hosp,1,2026-08-29,06,quantile,0.55,502.0
2026-08-22,wk inc covid hosp,1,2026-08-29,06,quantile,0.6,516.0
2026-08-22,wk inc covid hosp,1,2026-08-29,06,quantile,0.65,529.0
2026-08-22,wk inc covid hosp,1,2026-08-29,06,quantile,0.7,544.0
2026-08-22,wk inc covid hosp,1,2026-08-29,06,quantile,0.75,560.0
2026-08-22,wk inc covid hosp,1,2026-08-29,06,quantile,0.8,581.0
2026-08-22,wk inc covid hosp,1,2026-08-29,06,quantile,0.85,609.0
2026-08-22,wk inc covid hosp,1,2026-08-29,06,quantile,0.9,647.0
2026-08-22,wk inc covid hosp,1,2026-08-29,06,quantile,0.95,712.0
2026-08-22,wk inc covid hosp,1,2026-08-29,06,quantile,0.975,772.0
2026-08-22,wk inc covid hosp,1,2026-08-29,06,quantile,0.99,857.0
2026-08-22,wk inc covid hosp,1,2026-08-29,08,quantile,0.01,7.0
2026-08-22,wk inc covid hosp,1,2026-08-29,08,quantile,0.025,8.0
2026-08-22,wk inc covid hosp,1,2026-08-29,08,quantile,0.05,9.0
2026-08-22,wk inc covid hosp,1,2026-08-29,08,quantile,0.1,11.0
2026-08-22,wk inc covid hosp,1,2026-08-29,08,quantile,0.15,12.0
2026-08-22,wk inc covid hosp,1,2026-08-29,08,quantile,0.2,12.0
2026-08-22,wk inc covid hosp,1,2026-08-29,08,quantile,0.25,13.0
2026-08-22,wk inc covid hosp,1,2026-08-29,08,quantile,0.3,14.0
2026-08-22,wk inc covid hosp,1,2026-08-29,08,quantile,0.35,15.0
2026-08-22,wk inc covid hosp,1,2026-08-29,08,quantile,0.4,15.0
2026-08-22,wk inc covid hosp,1,2026-08-29,08,quantile,0.45,16.0
2026-08-22,wk inc covid hosp,1,2026-08-29,08,quantile,0.5,17.0
2026-08-22,wk inc covid hosp,1,2026-08-29,08,quantile,0.55,17.0
2026-08-22,wk inc covid hosp,1,2026-08-29,08,quantile,0.6,18.0
2026-08-22,wk inc covid hosp,1,2026-08-29,08,quantile,0.65,19.0
2026-08-22,wk inc covid hosp,1,2026-08-29,08,quantile,0.7,19.0
2026-08-22,wk inc covid hosp,1,2026-08-29,08,quantile,0.75,20.0
2026-08-22,wk inc covid hosp,1,2026-08-29,08,quantile,0.8,21.0
2026-08-22,wk inc covid hosp,1,2026-08-29,08,quantile,0.85,22.0
2026-08-22,wk inc covid hosp,1,2026-08-29,08,quantile,0.9,24.0
2026-08-22,wk inc covid hosp,1,2026-08-29,08,quantile,0.95,27.0
2026-08-22,wk inc covid hosp,1,2026-08-29,08,quantile,0.975,29.0
2026-08-22,wk inc covid hosp,1,2026-08-29,08,quantile,0.99,32.0
2026-08-22,wk inc covid hosp,1,2026-08-29,09,quantile,0.01,2.0
2026-08-22,wk inc covid hosp,1,2026-08-29,09,quantile,0.025,3.0
2026-08-22,wk inc covid hosp,1,2026-08-29,09,quantile,0.05,4.0
2026-08-22,wk inc covid hosp,1,2026-08-29,09,quantile,0.1,5.0
2026-08-22,wk inc covid hosp,1,2026-08-29,09,quantile,0.15,6.0
2026-08-22,wk inc covid hosp,1,2026-08-29,09,quantile,0.2,6.0
2026-08-22,wk inc covid hosp,1,2026-08-29,09,quantile,0.25,7.0
2026-08-22,wk inc covid hosp,1,2026-08-29,09,quantile,0.3,7.0
2026-08-22,wk inc covid hosp,1,2026-08-29,09,quantile,0.35,8.0
2026-08-22,wk inc covid hosp,1,2026-08-29,09,quantile,0.4,8.0
2026-08-22,wk inc covid hosp,1,2026-08-29,09,quantile,0.45,9.0
2026-08-22,wk inc covid hosp,1,2026-08-29,09,quantile,0.5,9.0
2026-08-22,wk inc covid hosp,1,2026-08-29,09,quantile,0.55,10.0
2026-08-22,wk inc covid hosp,1,2026-08-29,09,quantile,0.6,10.0
2026-08-22,wk inc covid hosp,1,2026-08-29,09,quantile,0.65,11.0
2026-08-22,wk inc covid hosp,1,2026-08-29,09,quantile,0.7,11.0
2026-08-22,wk inc covid hosp,1,2026-08-29,09,quantile,0.75,12.0
2026-08-22,wk inc covid hosp,1,2026-08-29,09,quantile,0.8,12.0
2026-08-22,wk inc covid hosp,1,2026-08-29,09,quantile,0.85,13.0
2026-08-22,wk inc covid hosp,1,2026-08-29,09,quantile,0.9,14.0
2026-08-22,wk inc covid hosp,1,2026-08-29,09,quantile,0.95,16.0
2026-08-22,wk inc covid hosp,1,2026-08-29,09,quantile,0.975,18.0
2026-08-22,wk inc covid hosp,1,2026-08-29,09,quantile,0.99,20.0
2026-08-22,wk inc covid hosp,1,2026-08-29,10,quantile,0.01,0.0
2026-08-22,wk inc covid hosp,1,2026-08-29,10,quantile,0.025,0.0
2026-08-22,wk inc covid hosp,1,2026-08-29,10,quantile,0.05,0.0
2026-08-22,wk inc covid hosp,1,2026-08-29,10,quantile,0.1,1.0
2026-08-22,wk inc covid hosp,1,2026-08-29,10,quantile,0.15,1.0
2026-08-22,wk inc covid hosp,1,2026-08-29,10,quantile,0.2,1.0
2026-08-22,wk inc covid hosp,1,2026-08-29,10,quantile,0.25,1.0
2026-08-22,wk inc covid hosp,1,2026-08-29,10,quantile,0.3,1.0
2026-08-22,wk inc covid hosp,1,2026-08-29,10,quantile,0.35,2.0
2026-08-22,wk inc covid hosp,1,2026-08-29,10,quantile,0.4,2.0
2026-08-22,wk inc covid hosp,1,2026-08-29,10,quantile,0.45,2.0
2026-08-22,wk inc covid hosp,1,2026-08-29,10,quantile,0.5,2.0
2026-08-22,wk inc covid hosp,1,2026-08-29,10,quantile,0.55,2.0
2026-08-22,wk inc covid hosp,1,2026-08-29,10,quantile,0.6,3.0
2026-08-22,wk inc covid hosp,1,2026-08-29,10,quantile,0.65,3.0
2026-08-22,wk inc covid hosp,1,2026-08-29,10,quantile,0.7,3.0
2026-08-22,wk inc covid hosp,1,2026-08-29,10,quantile,0.75,3.0
2026-08-22,wk inc covid hosp,1,2026-08-29,10,quantile,0.8,4.0
2026-08-22,wk inc covid hosp,1,2026-08-29,10,quantile,0.85,4.0
2026-08-22,wk inc covid hosp,1,2026-08-29,10,quantile,0.9,5.0
2026-08-22,wk inc covid hosp,1,2026-08-29,10,quantile,0.95,5.0
2026-08-22,wk inc covid hosp,1,2026-08-29,10,quantile,0.975,6.0
2026-08-22,wk inc covid hosp,1,2026-08-29,10,quantile,0.99,7.0
2026-08-22,wk inc covid hosp,1,2026-08-29,11,quantile,0.01,1.0
2026-08-22,wk inc covid hosp,1,2026-08-29,11,quantile,0.025,1.0
2026-08-22,wk inc covid hosp,1,2026-08-29,11,quantile,0.05,2.0
2026-08-22,wk inc covid hosp,1,2026-08-29,11,quantile,0.1,3.0
2026-08-22,wk inc covid hosp,1,2026-08-29,11,quantile,0.15,3.0
2026-08-22,wk inc covid hosp,1,2026-08-29,11,quantile,0.2,3.0
2026-08-22,wk inc covid hosp,1,2026-08-29,11,quantile,0.25,4.0
2026-08-22,wk inc covid hosp,1,2026-08-29,11,quantile,0.3,4.0
2026-08-22,wk inc covid hosp,1,2026-08-29,11,quantile,0.35,5.0
2026-08-22,wk inc covid hosp,1,2026-08-29,11,quantile,0.4,5.0
2026-08-22,wk inc covid hosp,1,2026-08-29,11,quantile,0.45,5.0
2026-08-22,wk inc covid hosp,1,2026-08-29,11,quantile,0.5,6.0
2026-08-22,wk inc covid hosp,1,2026-08-29,11,quantile,0.55,6.0
2026-08-22,wk inc covid hosp,1,2026-08-29,11,quantile,0.6,6.0
2026-08-22,wk inc covid hosp,1,2026-08-29,11,quantile,0.65,7.0
2026-08-22,wk inc covid hosp,1,2026-08-29,11,quantile,0.7,7.0
2026-08-22,wk inc covid hosp,1,2026-08-29,11,quantile,0.75,7.0
2026-08-22,wk inc covid hosp,1,2026-08-29,11,quantile,0.8,8.0
2026-08-22,wk inc covid hosp,1,2026-08-29,11,quantile,0.85,9.0
2026-08-22,wk inc covid hosp,1,2026-08-29,11,quantile,0.9,9.0
2026-08-22,wk inc covid hosp,1,2026-08-29,11,quantile,0.95,11.0
2026-08-22,wk inc covid hosp,1,2026-08-29,11,quantile,0.975,12.0
2026-08-22,wk inc covid hosp,1,2026-08-29,11,quantile,0.99,13.0
2026-08-22,wk inc covid hosp,1,2026-08-29,12,quantile,0.01,247.0
2026-08-22,wk inc covid hosp,1,2026-08-29,12,quantile,0.025,265.0
2026-08-22,wk inc covid hosp,1,2026-08-29,12,quantile,0.05,282.0
2026-08-22,wk inc covid hosp,1,2026-08-29,12,quantile,0.1,301.0
2026-08-22,wk inc covid hosp,1,2026-08-29,12,quantile,0.15,317.0
2026-08-22,wk inc covid hosp,1,2026-08-29,12,quantile,0.2,329.0
2026-08-22,wk inc covid hosp,1,2026-08-29,12,quantile,0.25,340.0
2026-08-22,wk inc covid hosp,1,2026-08-29,12,quantile,0.3,350.0
2026-08-22,wk inc covid hosp,1,2026-08-29,12,quantile,0.35,359.0
2026-08-22,wk inc covid hosp,1,2026-08-29,12,quantile,0.4,368.0
2026-08-22,wk inc covid hosp,1,2026-08-29,12,quantile,0.45,377.0
2026-08-22,wk inc covid hosp,1,2026-08-29,12,quantile,0.5,386.0
2026-08-22,wk inc covid hosp,1,2026-08-29,12,quantile,0.55,396.0
2026-08-22,wk inc covid hosp,1,2026-08-29,12,quantile,0.6,406.0
2026-08-22,wk inc covid hosp,1,2026-08-29,12,quantile,0.65,417.0
2026-08-22,wk inc covid hosp,1,2026-08-29,12,quantile,0.7,429.0
2026-08-22,wk inc covid hosp,1,2026-08-29,12,quantile,0.75,443.0
2026-08-22,wk inc covid hosp,1,2026-08-29,12,quantile,0.8,461.0
2026-08-22,wk inc covid hosp,1,2026-08-29,12,quantile,0.85,482.0
2026-08-22,wk inc covid hosp,1,2026-08-29,12,quantile,0.9,512.0
2026-08-22,wk inc covid hosp,1,2026-08-29,12,quantile,0.95,564.0
2026-08-22,wk inc covid hosp,1,2026-08-29,12,quantile,0.975,616.0
2026-08-22,wk inc covid hosp,1,2026-08-29,12,quantile,0.99,686.0
2026-08-22,wk inc covid hosp,1,2026-08-29,13,quantile,0.01,54.0
2026-08-22,wk inc covid hosp,1,2026-08-29,13,quantile,0.025,58.0
2026-08-22,wk inc covid hosp,1,2026-08-29,13,quantile,0.05,63.0
2026-08-22,wk inc covid hosp,1,2026-08-29,13,quantile,0.1,68.0
2026-08-22,wk inc covid hosp,1,2026-08-29,13,quantile,0.15,72.0
2026-08-22,wk inc covid hosp,1,2026-08-29,13,quantile,0.2,76.0
2026-08-22,wk inc covid hosp,1,2026-08-29,13,quantile,0.25,79.0
2026-08-22,wk inc covid hosp,1,2026-08-29,13,quantile,0.3,81.0
2026-08-22,wk inc covid hosp,1,2026-08-29,13,quantile,0.35,84.0
2026-08-22,wk inc covid hosp,1,2026-08-29,13,quantile,0.4,86.0
2026-08-22,wk inc covid hosp,1,2026-08-29,13,quantile,0.45,89.0
2026-08-22,wk inc covid hosp,1,2026-08-29,13,quantile,0.5,91.0
2026-08-22,wk inc covid hosp,1,2026-08-29,13,quantile,0.55,93.0
2026-08-22,wk inc covid hosp,1,2026-08-29,13,quantile,0.6,96.0
2026-08-22,wk inc covid hosp,1,2026-08-29,13,quantile,0.65,99.0
2026-08-22,wk inc covid hosp,1,2026-08-29,13,quantile,0.7,102.0
2026-08-22,wk inc covid hosp,1,2026-08-29,13,quantile,0.75,106.0
2026-08-22,wk inc covid hosp,1,2026-08-29,13,quantile,0.8,110.0
2026-08-22,wk inc covid hosp,1,2026-08-29,13,quantile,0.85,115.0
2026-08-22,wk inc covid hosp,1,2026-08-29,13,quantile,0.9,123.0
2026-08-22,wk inc covid hosp,1,2026-08-29,13,quantile,0.95,136.0
2026-08-22,wk inc covid hosp,1,2026-08-29,13,quantile,0.975,148.0
2026-08-22,wk inc covid hosp,1,2026-08-29,13,quantile,0.99,166.0
2026-08-22,wk inc covid hosp,1,2026-08-29,15,quantile,0.01,10.0
2026-08-22,wk inc covid hosp,1,2026-08-29,15,quantile,0.025,12.0
2026-08-22,wk inc covid hosp,1,2026-08-29,15,quantile,0.05,13.0
2026-08-22,wk inc covid hosp,1,2026-08-29,15,quantile,0.1,15.0
2026-08-22,wk inc covid hosp,1,2026-08-29,15,quantile,0.15,16.0
2026-08-22,wk inc covid hosp,1,2026-08-29,15,quantile,0.2,17.0
2026-08-22,wk inc covid hosp,1,2026-08-29,15,quantile,0.25,18.0
2026-08-22,wk inc covid hosp,1,2026-08-29,15,quantile,0.3,19.0
2026-08-22,wk inc covid hosp,1,2026-08-29,15,quantile,0.35,20.0
2026-08-22,wk inc covid hosp,1,2026-08-29,15,quantile,0.4,21.0
2026-08-22,wk inc covid hosp,1,2026-08-29,15,quantile,0.45,22.0
2026-08-22,wk inc covid hosp,1,2026-08-29,15,quantile,0.5,23.0
2026-08-22,wk inc covid hosp,1,2026-08-29,15,quantile,0.55,23.0
2026-08-22,wk inc covid hosp,1,2026-08-29,15,quantile,0.6,24.0
2026-08-22,wk inc covid hosp,1,2026-08-29,15,quantile,0.65,25.0
2026-08-22,wk inc covid hosp,1,2026-08-29,15,quantile,0.7,26.0
2026-08-22,wk inc covid hosp,1,2026-08-29,15,quantile,0.75,27.0
2026-08-22,wk inc covid hosp,1,2026-08-29,15,quantile,0.8,29.0
2026-08-22,wk inc covid hosp,1,2026-08-29,15,quantile,0.85,30.0
2026-08-22,wk inc covid hosp,1,2026-08-29,15,quantile,0.9,33.0
2026-08-22,wk inc covid hosp,1,2026-08-29,15,quantile,0.95,36.0
2026-08-22,wk inc covid hosp,1,2026-08-29,15,quantile,0.975,40.0
2026-08-22,wk inc covid hosp,1,2026-08-29,15,quantile,0.99,44.0
2026-08-22,wk inc covid hosp,1,2026-08-29,16,quantile,0.01,0.0
2026-08-22,wk inc covid hosp,1,2026-08-29,16,quantile,0.025,1.0
2026-08-22,wk inc covid hosp,1,2026-08-29,16,quantile,0.05,1.0
2026-08-22,wk inc covid hosp,1,2026-08-29,16,quantile,0.1,2.0
2026-08-22,wk inc covid hosp,1,2026-08-29,16,quantile,0.15,2.0
2026-08-22,wk inc covid hosp,1,2026-08-29,16,quantile,0.2,3.0
2026-08-22,wk inc covid hosp,1,2026-08-29,16,quantile,0.25,3.0
2026-08-22,wk inc covid hosp,1,2026-08-29,16,quantile,0.3,3.0
2026-08-22,wk inc covid hosp,1,2026-08-29,16,quantile,0.35,4.0
2026-08-22,wk inc covid hosp,1,2026-08-29,16,quantile,0.4,4.0
2026-08-22,wk inc covid hosp,1,2026-08-29,16,quantile,0.45,4.0
2026-08-22,wk inc covid hosp,1,2026-08-29,16,quantile,0.5,4.0
2026-08-22,wk inc covid hosp,1,2026-08-29,16,quantile,0.55,5.0
2026-08-22,wk inc covid hosp,1,2026-08-29,16,quantile,0.6,5.0
2026-08-22,wk inc covid hosp,1,2026-08-29,16,quantile,0.65,5.0
2026-08-22,wk inc covid hosp,1,2026-08-29,16,quantile,0.7,6.0
2026-08-22,wk inc covid hosp,1,2026-08-29,16,quantile,0.75,6.0
2026-08-22,wk inc covid hosp,1,2026-08-29,16,quantile,0.8,6.0
2026-08-22,wk inc covid hosp,1,2026-08-29,16,quantile,0.85,7.0
2026-08-22,wk inc covid hosp,1,2026-08-29,16,quantile,0.9,8.0
2026-08-22,wk inc covid hosp,1,2026-08-29,16,quantile,0.95,9.0
2026-08-22,wk inc covid hosp,1,2026-08-29,16,quantile,0.975,10.0
2026-08-22,wk inc covid hosp,1,2026-08-29,16,quantile,0.99,11.0
2026-08-22,wk inc covid hosp,1,2026-08-29,17,quantile,0.01,21.0
2026-08-22,wk inc covid hosp,1,2026-08-29,17,quantile,0.025,24.0
2026-08-22,wk inc covid hosp,1,2026-08-29,17,quantile,0.05,26.0
2026-08-22,wk inc covid hosp,1,2026-08-29,17,quantile,0.1,29.0
2026-08-22,wk inc covid hosp,1,2026-08-29,17,quantile,0.15,30.0
2026-08-22,wk inc covid hosp,1,2026-08-29,17,quantile,0.2,32.0
2026-08-22,wk inc covid hosp,1,2026-08-29,17,quantile,0.25,34.0
2026-08-22,wk inc covid hosp,1,2026-08-29,17,quantile,0.3,35.0
2026-08-22,wk inc covid hosp,1,2026-08-29,17,quantile,0.35,36.0
2026-08-22,wk inc covid hosp,1,2026-08-29,17,quantile,0.4,38.0
2026-08-22,wk inc covid hosp,1,2026-08-29,17,quantile,0.45,39.0
2026-08-22,wk inc covid hosp,1,2026-08-29,17,quantile,0.5,40.0
2026-08-22,wk inc covid hosp,1,2026-08-29,17,quantile,0.55,41.0
2026-08-22,wk inc covid hosp,1,2026-08-29,17,quantile,0.6,43.0
2026-08-22,wk inc covid hosp,1,2026-08-29,17,quantile,0.65,44.0
2026-08-22,wk inc covid hosp,1,2026-08-29,17,quantile,0.7,46.0
2026-08-22,wk inc covid hosp,1,2026-08-29,17,quantile,0.75,47.0
2026-08-22,wk inc covid hosp,1,2026-08-29,17,quantile,0.8,50.0
2026-08-22,wk inc covid hosp,1,2026-08-29,17,quantile,0.85,52.0
2026-08-22,wk inc covid hosp,1,2026-08-29,17,quantile,0.9,56.0
2026-08-22,wk inc covid hosp,1,2026-08-29,17,quantile,0.95,62.0
2026-08-22,wk inc covid hosp,1,2026-08-29,17,quantile,0.975,67.0
2026-08-22,wk inc covid hosp,1,2026-08-29,17,quantile,0.99,75.0
2026-08-22,wk inc covid hosp,1,2026-08-29,18,quantile,0.01,13.0
2026-08-22,wk inc covid hosp,1,2026-08-29,18,quantile,0.025,15.0
2026-08-22,wk inc covid hosp,1,2026-08-29,18,quantile,0.05,17.0
2026-08-22,wk inc covid hosp,1,2026-08-29,18,quantile,0.1,19.0
2026-08-22,wk inc covid hosp,1,2026-08-29,18,quantile,0.15,20.0
2026-08-22,wk inc covid hosp,1,2026-08-29,18,quantile,0.2,21.0
2026-08-22,wk inc covid hosp,1,2026-08-29,18,quantile,0.25,22.0
2026-08-22,wk inc covid hosp,1,2026-08-29,18,quantile,0.3,23.0
2026-08-22,wk inc covid hosp,1,2026-08-29,18,quantile,0.35,24.0
2026-08-22,wk inc covid hosp,1,2026-08-29,18,quantile,0.4,25.0
2026-08-22,wk inc covid hosp,1,2026-08-29,18,quantile,0.45,26.0
2026-08-22,wk inc covid hosp,1,2026-08-29,18,quantile,0.5,27.0
2026-08-22,wk inc covid hosp,1,2026-08-29,18,quantile,0.55,28.0
2026-08-22,wk inc covid hosp,1,2026-08-29,18,quantile,0.6,29.0
2026-08-22,wk inc covid hosp,1,2026-08-29,18,quantile,0.65,30.0
2026-08-22,wk inc covid hosp,1,2026-08-29,18,quantile,0.7,31.0
2026-08-22,wk inc covid hosp,1,2026-08-29,18,quantile,0.75,33.0
2026-08-22,wk inc covid hosp,1,2026-08-29,18,quantile,0.8,34.0
2026-08-22,wk inc covid hosp,1,2026-08-29,18,quantile,0.85,36.0
2026-08-22,wk inc covid hosp,1,2026-08-29,18,quantile,0.9,39.0
2026-08-22,wk inc covid hosp,1,2026-08-29,18,quantile,0.95,43.0
2026-08-22,wk inc covid hosp,1,2026-08-29,18,quantile,0.975,47.0
2026-08-22,wk inc covid hosp,1,2026-08-29,18,quantile,0.99,51.0
2026-08-22,wk inc covid hosp,1,2026-08-29,19,quantile,0.01,1.0
2026-08-22,wk inc covid hosp,1,2026-08-29,19,quantile,0.025,2.0
2026-08-22,wk inc covid hosp,1,2026-08-29,19,quantile,0.05,2.0
2026-08-22,wk inc covid hosp,1,2026-08-29,19,quantile,0.1,3.0
2026-08-22,wk inc covid hosp,1,2026-08-29,19,quantile,0.15,3.0
2026-08-22,wk inc covid hosp,1,2026-08-29,19,quantile,0.2,4.0
2026-08-22,wk inc covid hosp,1,2026-08-29,19,quantile,0.25,4.0
2026-08-22,wk inc covid hosp,1,2026-08-29,19,quantile,0.3,5.0
2026-08-22,wk inc covid hosp,1,2026-08-29,19,quantile,0.35,5.0
2026-08-22,wk inc covid hosp,1,2026-08-29,19,quantile,0.4,5.0
2026-08-22,wk inc covid hosp,1,2026-08-29,19,quantile,0.45,6.0
2026-08-22,wk inc covid hosp,1,2026-08-29,19,quantile,0.5,6.0
2026-08-22,wk inc covid hosp,1,2026-08-29,19,quantile,0.55,6.0
2026-08-22,wk inc covid hosp,1,2026-08-29,19,quantile,0.6,7.0
2026-08-22,wk inc covid hosp,1,2026-08-29,19,quantile,0.65,7.0
2026-08-22,wk inc covid hosp,1,2026-08-29,19,quantile,0.7,8.0
2026-08-22,wk inc covid hosp,1,2026-08-29,19,quantile,0.75,8.0
2026-08-22,wk inc covid hosp,1,2026-08-29,19,quantile,0.8,9.0
2026-08-22,wk inc covid hosp,1,2026-08-29,19,quantile,0.85,9.0
2026-08-22,wk inc covid hosp,1,2026-08-29,19,quantile,0.9,10.0
2026-08-22,wk inc covid hosp,1,2026-08-29,19,quantile,0.95,12.0
2026-08-22,wk inc covid hosp,1,2026-08-29,19,quantile,0.975,13.0
2026-08-22,wk inc covid hosp,1,2026-08-29,19,quantile,0.99,15.0
2026-08-22,wk inc covid hosp,1,2026-08-29,20,quantile,0.01,2.0
2026-08-22,wk inc covid hosp,1,2026-08-29,20,quantile,0.025,3.0
2026-08-22,wk inc covid hosp,1,2026-08-29,20,quantile,0.05,4.0
2026-08-22,wk inc covid hosp,1,2026-08-29,20,quantile,0.1,5.0
2026-08-22,wk inc covid hosp,1,2026-08-29,20,quantile,0.15,5.0
2026-08-22,wk inc covid hosp,1,2026-08-29,20,quantile,0.2,6.0
2026-08-22,wk inc covid hosp,1,2026-08-29,20,quantile,0.25,6.0
2026-08-22,wk inc covid hosp,1,2026-08-29,20,quantile,0.3,7.0
2026-08-22,wk inc covid hosp,1,2026-08-29,20,quantile,0.35,7.0
2026-08-22,wk inc covid hosp,1,2026-08-29,20,quantile,0.4,8.0
2026-08-22,wk inc covid hosp,1,2026-08-29,20,quantile,0.45,8.0
2026-08-22,wk inc covid hosp,1,2026-08-29,20,quantile,0.5,9.0
2026-08-22,wk inc covid hosp,1,2026-08-29,20,quantile,0.55,9.0
2026-08-22,wk inc covid hosp,1,2026-08-29,20,quantile,0.6,10.0
2026-08-22,wk inc covid hosp,1,2026-08-29,20,quantile,0.65,10.0
2026-08-22,wk inc covid hosp,1,2026-08-29,20,quantile,0.7,11.0
2026-08-22,wk inc covid hosp,1,2026-08-29,20,quantile,0.75,11.0
2026-08-22,wk inc covid hosp,1,2026-08-29,20,quantile,0.8,12.0
2026-08-22,wk inc covid hosp,1,2026-08-29,20,quantile,0.85,13.0
2026-08-22,wk inc covid hosp,1,2026-08-29,20,quantile,0.9,14.0
2026-08-22,wk inc covid hosp,1,2026-08-29,20,quantile,0.95,15.0
2026-08-22,wk inc covid hosp,1,2026-08-29,20,quantile,0.975,17.0
2026-08-22,wk inc covid hosp,1,2026-08-29,20,quantile,0.99,19.0
2026-08-22,wk inc covid hosp,1,2026-08-29,21,quantile,0.01,8.0
2026-08-22,wk inc covid hosp,1,2026-08-29,21,quantile,0.025,10.0
2026-08-22,wk inc covid hosp,1,2026-08-29,21,quantile,0.05,12.0
2026-08-22,wk inc covid hosp,1,2026-08-29,21,quantile,0.1,13.0
2026-08-22,wk inc covid hosp,1,2026-08-29,21,quantile,0.15,15.0
2026-08-22,wk inc covid hosp,1,2026-08-29,21,quantile,0.2,16.0
2026-08-22,wk inc covid hosp,1,2026-08-29,21,quantile,0.25,17.0
2026-08-22,wk inc covid hosp,1,2026-08-29,21,quantile,0.3,18.0
2026-08-22,wk inc covid hosp,1,2026-08-29,21,quantile,0.35,18.0
2026-08-22,wk inc covid hosp,1,2026-08-29,21,quantile,0.4,19.0
2026-08-22,wk inc covid hosp,1,2026-08-29,21,quantile,0.45,20.0
2026-08-22,wk inc covid hosp,1,2026-08-29,21,quantile,0.5,21.0
2026-08-22,wk inc covid hosp,1,2026-08-29,21,quantile,0.55,21.0
2026-08-22,wk inc covid hosp,1,2026-08-29,21,quantile,0.6,22.0
2026-08-22,wk inc covid hosp,1,2026-08-29,21,quantile,0.65,23.0
2026-08-22,wk inc covid hosp,1,2026-08-29,21,quantile,0.7,24.0
2026-08-22,wk inc covid hosp,1,2026-08-29,21,quantile,0.75,25.0
2026-08-22,wk inc covid hosp,1,2026-08-29,21,quantile,0.8,26.0
2026-08-22,wk inc covid hosp,1,2026-08-29,21,quantile,0.85,28.0
2026-08-22,wk inc covid hosp,1,2026-08-29,21,quantile,0.9,30.0
2026-08-22,wk inc covid hosp,1,2026-08-29,21,quantile,0.95,33.0
2026-08-22,wk inc covid hosp,1,2026-08-29,21,quantile,0.975,36.0
2026-08-22,wk inc covid hosp,1,2026-08-29,21,quantile,0.99,41.0
2026-08-22,wk inc covid hosp,1,2026-08-29,22,quantile,0.01,37.0
2026-08-22,wk inc covid hosp,1,2026-08-29,22,quantile,0.025,40.0
2026-08-22,wk inc covid hosp,1,2026-08-29,22,quantile,0.05,44.0
2026-08-22,wk inc covid hosp,1,2026-08-29,22,quantile,0.1,48.0
2026-08-22,wk inc covid hosp,1,2026-08-29,22,quantile,0.15,50.0
2026-08-22,wk inc covid hosp,1,2026-08-29,22,quantile,0.2,53.0
2026-08-22,wk inc covid hosp,1,2026-08-29,22,quantile,0.25,55.0
2026-08-22,wk inc covid hosp,1,2026-08-29,22,quantile,0.3,57.0
2026-08-22,wk inc covid hosp,1,2026-08-29,22,quantile,0.35,59.0
2026-08-22,wk inc covid hosp,1,2026-08-29,22,quantile,0.4,61.0
2026-08-22,wk inc covid hosp,1,2026-08-29,22,quantile,0.45,63.0
2026-08-22,wk inc covid hosp,1,2026-08-29,22,quantile,0.5,64.0
2026-08-22,wk inc covid hosp,1,2026-08-29,22,quantile,0.55,67.0
2026-08-22,wk inc covid hosp,1,2026-08-29,22,quantile,0.6,69.0
2026-08-22,wk inc covid hosp,1,2026-08-29,22,quantile,0.65,71.0
2026-08-22,wk inc covid hosp,1,2026-08-29,22,quantile,0.7,73.0
2026-08-22,wk inc covid hosp,1,2026-08-29,22,quantile,0.75,76.0
2026-08-22,wk inc covid hosp,1,2026-08-29,22,quantile,0.8,79.0
2026-08-22,wk inc covid hosp,1,2026-08-29,22,quantile,0.85,83.0
2026-08-22,wk inc covid hosp,1,2026-08-29,22,quantile,0.9,88.0
2026-08-22,wk inc covid hosp,1,2026-08-29,22,quantile,0.95,98.0
2026-08-22,wk inc covid hosp,1,2026-08-29,22,quantile,0.975,107.0
2026-08-22,wk inc covid hosp,1,2026-08-29,22,quantile,0.99,120.0
2026-08-22,wk inc covid hosp,1,2026-08-29,23,quantile,0.01,0.0
2026-08-22,wk inc covid hosp,1,2026-08-29,23,quantile,0.025,0.0
2026-08-22,wk inc covid hosp,1,2026-08-29,23,quantile,0.05,0.0
2026-08-22,wk inc covid hosp,1,2026-08-29,23,quantile,0.1,0.0
2026-08-22,wk inc covid hosp,1,2026-08-29,23,quantile,0.15,1.0
2026-08-22,wk inc covid hosp,1,2026-08-29,23,quantile,0.2,1.0
2026-08-22,wk inc covid hosp,1,2026-08-29,23,quantile,0.25,1.0
2026-08-22,wk inc covid hosp,1,2026-08-29,23,quantile,0.3,1.0
2026-08-22,wk inc covid hosp,1,2026-08-29,23,quantile,0.35,1.0
2026-08-22,wk inc covid hosp,1,2026-08-29,23,quantile,0.4,1.0
2026-08-22,wk inc covid hosp,1,2026-08-29,23,quantile,0.45,2.0
2026-08-22,wk inc covid hosp,1,2026-08-29,23,quantile,0.5,2.0
2026-08-22,wk inc covid hosp,1,2026-08-29,23,quantile,0.55,2.0
2026-08-22,wk inc covid hosp,1,2026-08-29,23,quantile,0.6,2.0
2026-08-22,wk inc covid hosp,1,2026-08-29,23,quantile,0.65,2.0
2026-08-22,wk inc covid hosp,1,2026-08-29,23,quantile,0.7,3.0
2026-08-22,wk inc covid hosp,1,2026-08-29,23,quantile,0.75,3.0
2026-08-22,wk inc covid hosp,1,2026-08-29,23,quantile,0.8,3.0
2026-08-22,wk inc covid hosp,1,2026-08-29,23,quantile,0.85,4.0
2026-08-22,wk inc covid hosp,1,2026-08-29,23,quantile,0.9,4.0
2026-08-22,wk inc covid hosp,1,2026-08-29,23,quantile,0.95,5.0
2026-08-22,wk inc covid hosp,1,2026-08-29,23,quantile,0.975,6.0
2026-08-22,wk inc covid hosp,1,2026-08-29,23,quantile,0.99,6.0
2026-08-22,wk inc covid hosp,1,2026-08-29,24,quantile,0.01,7.0
2026-08-22,wk inc covid hosp,1,2026-08-29,24,quantile,0.025,8.0
2026-08-22,wk inc covid hosp,1,2026-08-29,24,quantile,0.05,10.0
2026-08-22,wk inc covid hosp,1,2026-08-29,24,quantile,0.1,11.0
2026-08-22,wk inc covid hosp,1,2026-08-29,24,quantile,0.15,12.0
2026-08-22,wk inc covid hosp,1,2026-08-29,24,quantile,0.2,13.0
2026-08-22,wk inc covid hosp,1,2026-08-29,24,quantile,0.25,14.0
2026-08-22,wk inc covid hosp,1,2026-08-29,24,quantile,0.3,15.0
2026-08-22,wk inc covid hosp,1,2026-08-29,24,quantile,0.35,15.0
2026-08-22,wk inc covid hosp,1,2026-08-29,24,quantile,0.4,16.0
2026-08-22,wk inc covid hosp,1,2026-08-29,24,quantile,0.45,17.0
2026-08-22,wk inc covid hosp,1,2026-08-29,24,quantile,0.5,17.0
2026-08-22,wk inc covid hosp,1,2026-08-29,24,quantile,0.55,18.0
2026-08-22,wk inc covid hosp,1,2026-08-29,24,quantile,0.6,19.0
2026-08-22,wk inc covid hosp,1,2026-08-29,24,quantile,0.65,20.0
2026-08-22,wk inc covid hosp,1,2026-08-29,24,quantile,0.7,20.0
2026-08-22,wk inc covid hosp,1,2026-08-29,24,quantile,0.75,21.0
2026-08-22,wk inc covid hosp,1,2026-08-29,24,quantile,0.8,22.0
2026-08-22,wk inc covid hosp,1,2026-08-29,24,quantile,0.85,24.0
2026-08-22,wk inc covid hosp,1,2026-08-29,24,quantile,0.9,25.0
2026-08-22,wk inc covid hosp,1,2026-08-29,24,quantile,0.95,28.0
2026-08-22,wk inc covid hosp,1,2026-08-29,24,quantile,0.975,31.0
2026-08-22,wk inc covid hosp,1,2026-08-29,24,quantile,0.99,35.0
2026-08-22,wk inc covid hosp,1,2026-08-29,25,quantile,0.01,15.0
2026-08-22,wk inc covid hosp,1,2026-08-29,25,quantile,0.025,17.0
2026-08-22,wk inc covid hosp,1,2026-08-29,25,quantile,0.05,19.0
2026-08-22,wk inc covid hosp,1,2026-08-29,25,quantile,0.1,21.0
2026-08-22,wk inc covid hosp,1,2026-08-29,25,quantile,0.15,23.0
2026-08-22,wk inc covid hosp,1,2026-08-29,25,quantile,0.2,24.0
2026-08-22,wk inc covid hosp,1,2026-08-29,25,quantile,0.25,26.0
2026-08-22,wk inc covid hosp,1,2026-08-29,25,quantile,0.3,27.0
2026-08-22,wk inc covid hosp,1,2026-08-29,25,quantile,0.35,28.0
2026-08-22,wk inc covid hosp,1,2026-08-29,25,quantile,0.4,29.0
2026-08-22,wk inc covid hosp,1,2026-08-29,25,quantile,0.45,30.0
2026-08-22,wk inc covid hosp,1,2026-08-29,25,quantile,0.5,31.0
2026-08-22,wk inc covid hosp,1,2026-08-29,25,quantile,0.55,32.0
2026-08-22,wk inc covid hosp,1,2026-08-29,25,quantile,0.6,33.0
2026-08-22,wk inc covid hosp,1,2026-08-29,25,quantile,0.65,34.0
2026-08-22,wk inc covid hosp,1,2026-08-29,25,quantile,0.7,36.0
2026-08-22,wk inc covid hosp,1,2026-08-29,25,quantile,0.75,37.0
2026-08-22,wk inc covid hosp,1,2026-08-29,25,quantile,0.8,39.0
2026-08-22,wk inc covid hosp,1,2026-08-29,25,quantile,0.85,41.0
2026-08-22,wk inc covid hosp,1,2026-08-29,25,quantile,0.9,44.0
2026-08-22,wk inc covid hosp,1,2026-08-29,25,quantile,0.95,49.0
2026-08-22,wk inc covid hosp,1,2026-08-29,25,quantile,0.975,53.0
2026-08-22,wk inc covid hosp,1,2026-08-29,25,quantile,0.99,60.0
2026-08-22,wk inc covid hosp,1,2026-08-29,26,quantile,0.01,13.0
2026-08-22,wk inc covid hosp,1,2026-08-29,26,quantile,0.025,15.0
2026-08-22,wk inc covid hosp,1,2026-08-29,26,quantile,0.05,17.0
2026-08-22,wk inc covid hosp,1,2026-08-29,26,quantile,0.1,19.0
2026-08-22,wk inc covid hosp,1,2026-08-29,26,quantile,0.15,21.0
2026-08-22,wk inc covid hosp,1,2026-08-29,26,quantile,0.2,22.0
2026-08-22,wk inc covid hosp,1,2026-08-29,26,quantile,0.25,23.0
2026-08-22,wk inc covid hosp,1,2026-08-29,26,quantile,0.3,24.0
2026-08-22,wk inc covid hosp,1,2026-08-29,26,quantile,0.35,25.0
2026-08-22,wk inc covid hosp,1,2026-08-29,26,quantile,0.4,26.0
2026-08-22,wk inc covid hosp,1,2026-08-29,26,quantile,0.45,27.0
2026-08-22,wk inc covid hosp,1,2026-08-29,26,quantile,0.5,28.0
2026-08-22,wk inc covid hosp,1,2026-08-29,26,quantile,0.55,29.0
2026-08-22,wk inc covid hosp,1,2026-08-29,26,quantile,0.6,30.0
2026-08-22,wk inc covid hosp,1,2026-08-29,26,quantile,0.65,31.0
2026-08-22,wk inc covid hosp,1,2026-08-29,26,quantile,0.7,32.0
2026-08-22,wk inc covid hosp,1,2026-08-29,26,quantile,0.75,34.0
2026-08-22,wk inc covid hosp,1,2026-08-29,26,quantile,0.8,35.0
2026-08-22,wk inc covid hosp,1,2026-08-29,26,quantile,0.85,37.0
2026-08-22,wk inc covid hosp,1,2026-08-29,26,quantile,0.9,40.0
2026-08-22,wk inc covid hosp,1,2026-08-29,26,quantile,0.95,44.0
2026-08-22,wk inc covid hosp,1,2026-08-29,26,quantile,0.975,49.0
2026-08-22,wk inc covid hosp,1,2026-08-29,26,quantile,0.99,55.0
2026-08-22,wk inc covid hosp,1,2026-08-29,27,quantile,0.01,4.0
2026-08-22,wk inc covid hosp,1,2026-08-29,27,quantile,0.025,6.0
2026-08-22,wk inc covid hosp,1,2026-08-29,27,quantile,0.05,7.0
2026-08-22,wk inc covid hosp,1,2026-08-29,27,quantile,0.1,8.0
2026-08-22,wk inc covid hosp,1,2026-08-29,27,quantile,0.15,9.0
2026-08-22,wk inc covid hosp,1,2026-08-29,27,quantile,0.2,9.0
2026-08-22,wk inc covid hosp,1,2026-08-29,27,quantile,0.25,10.0
2026-08-22,wk inc covid hosp,1,2026-08-29,27,quantile,0.3,11.0
2026-08-22,wk inc covid hosp,1,2026-08-29,27,quantile,0.35,11.0
2026-08-22,wk inc covid hosp,1,2026-08-29,27,quantile,0.4,12.0
2026-08-22,wk inc covid hosp,1,2026-08-29,27,quantile,0.45,12.0
2026-08-22,wk inc covid hosp,1,2026-08-29,27,quantile,0.5,13.0
2026-08-22,wk inc covid hosp,1,2026-08-29,27,quantile,0.55,13.0
2026-08-22,wk inc covid hosp,1,2026-08-29,27,quantile,0.6,14.0
2026-08-22,wk inc covid hosp,1,2026-08-29,27,quantile,0.65,15.0
2026-08-22,wk inc covid hosp,1,2026-08-29,27,quantile,0.7,15.0
2026-08-22,wk inc covid hosp,1,2026-08-29,27,quantile,0.75,16.0
2026-08-22,wk inc covid hosp,1,2026-08-29,27,quantile,0.8,17.0
2026-08-22,wk inc covid hosp,1,2026-08-29,27,quantile,0.85,18.0
2026-08-22,wk inc covid hosp,1,2026-08-29,27,quantile,0.9,20.0
2026-08-22,wk inc covid hosp,1,2026-08-29,27,quantile,0.95,22.0
2026-08-22,wk inc covid hosp,1,2026-08-29,27,quantile,0.975,24.0
2026-08-22,wk inc covid hosp,1,2026-08-29,27,quantile,0.99,27.0
2026-08-22,wk inc covid hosp,1,2026-08-29,28,quantile,0.01,22.0
2026-08-22,wk inc covid hosp,1,2026-08-29,28,quantile,0.025,25.0
2026-08-22,wk inc covid hosp,1,2026-08-29,28,quantile,0.05,27.0
2026-08-22,wk inc covid hosp,1,2026-08-29,28,quantile,0.1,30.0
2026-08-22,wk inc covid hosp,1,2026-08-29,28,quantile,0.15,32.0
2026-08-22,wk inc covid hosp,1,2026-08-29,28,quantile,0.2,34.0
2026-08-22,wk inc covid hosp,1,2026-08-29,28,quantile,0.25,36.0
2026-08-22,wk inc covid hosp,1,2026-08-29,28,quantile,0.3,37.0
2026-08-22,wk inc covid hosp,1,2026-08-29,28,quantile,0.35,38.0
2026-08-22,wk inc covid hosp,1,2026-08-29,28,quantile,0.4,40.0
2026-08-22,wk inc covid hosp,1,2026-08-29,28,quantile,0.45,41.0
2026-08-22,wk inc covid hosp,1,2026-08-29,28,quantile,0.5,42.0
2026-08-22,wk inc covid hosp,1,2026-08-29,28,quantile,0.55,44.0
2026-08-22,wk inc covid hosp,1,2026-08-29,28,quantile,0.6,45.0
2026-08-22,wk inc covid hosp,1,2026-08-29,28,quantile,0.65,47.0
2026-08-22,wk inc covid hosp,1,2026-08-29,28,quantile,0.7,48.0
2026-08-22,wk inc covid hosp,1,2026-08-29,28,quantile,0.75,50.0
2026-08-22,wk inc covid hosp,1,2026-08-29,28,quantile,0.8,53.0
2026-08-22,wk inc covid hosp,1,2026-08-29,28,quantile,0.85,55.0
2026-08-22,wk inc covid hosp,1,2026-08-29,28,quantile,0.9,59.0
2026-08-22,wk inc covid hosp,1,2026-08-29,28,quantile,0.95,66.0
2026-08-22,wk inc covid hosp,1,2026-08-29,28,quantile,0.975,72.0
2026-08-22,wk inc covid hosp,1,2026-08-29,28,quantile,0.99,81.0
2026-08-22,wk inc covid hosp,1,2026-08-29,29,quantile,0.01,10.0
2026-08-22,wk inc covid hosp,1,2026-08-29,29,quantile,0.025,12.0
2026-08-22,wk inc covid hosp,1,2026-08-29,29,quantile,0.05,13.0
2026-08-22,wk inc covid hosp,1,2026-08-29,29,quantile,0.1,15.0
2026-08-22,wk inc covid hosp,1,2026-08-29,29,quantile,0.15,16.0
2026-08-22,wk inc covid hosp,1,2026-08-29,29,quantile,0.2,17.0
2026-08-22,wk inc covid hosp,1,2026-08-29,29,quantile,0.25,18.0
2026-08-22,wk inc covid hosp,1,2026-08-29,29,quantile,0.3,19.0
2026-08-22,wk inc covid hosp,1,2026-08-29,29,quantile,0.35,20.0
2026-08-22,wk inc covid hosp,1,2026-08-29,29,quantile,0.4,21.0
2026-08-22,wk inc covid hosp,1,2026-08-29,29,quantile,0.45,22.0
2026-08-22,wk inc covid hosp,1,2026-08-29,29,quantile,0.5,23.0
2026-08-22,wk inc covid hosp,1,2026-08-29,29,quantile,0.55,23.0
2026-08-22,wk inc covid hosp,1,2026-08-29,29,quantile,0.6,24.0
2026-08-22,wk inc covid hosp,1,2026-08-29,29,quantile,0.65,25.0
2026-08-22,wk inc covid hosp,1,2026-08-29,29,quantile,0.7,26.0
2026-08-22,wk inc covid hosp,1,2026-08-29,29,quantile,0.75,27.0
2026-08-22,wk inc covid hosp,1,2026-08-29,29,quantile,0.8,29.0
2026-08-22,wk inc covid hosp,1,2026-08-29,29,quantile,0.85,31.0
2026-08-22,wk inc covid hosp,1,2026-08-29,29,quantile,0.9,33.0
2026-08-22,wk inc covid hosp,1,2026-08-29,29,quantile,0.95,36.0
2026-08-22,wk inc covid hosp,1,2026-08-29,29,quantile,0.975,39.0
2026-08-22,wk inc covid hosp,1,2026-08-29,29,quantile,0.99,43.0
2026-08-22,wk inc covid hosp,1,2026-08-29,30,quantile,0.01,0.0
2026-08-22,wk inc covid hosp,1,2026-08-29,30,quantile,0.025,0.0
2026-08-22,wk inc covid hosp,1,2026-08-29,30,quantile,0.05,0.0
2026-08-22,wk inc covid hosp,1,2026-08-29,30,quantile,0.1,1.0
2026-08-22,wk inc covid hosp,1,2026-08-29,30,quantile,0.15,1.0
2026-08-22,wk inc covid hosp,1,2026-08-29,30,quantile,0.2,2.0
2026-08-22,wk inc covid hosp,1,2026-08-29,30,quantile,0.25,2.0
2026-08-22,wk inc covid hosp,1,2026-08-29,30,quantile,0.3,2.0
2026-08-22,wk inc covid hosp,1,2026-08-29,30,quantile,0.35,2.0
2026-08-22,wk inc covid hosp,1,2026-08-29,30,quantile,0.4,3.0
2026-08-22,wk inc covid hosp,1,2026-08-29,30,quantile,0.45,3.0
2026-08-22,wk inc covid hosp,1,2026-08-29,30,quantile,0.5,3.0
2026-08-22,wk inc covid hosp,1,2026-08-29,30,quantile,0.55,3.0
2026-08-22,wk inc covid hosp,1,2026-08-29,30,quantile,0.6,3.0
2026-08-22,wk inc covid hosp,1,2026-08-29,30,quantile,0.65,4.0
2026-08-22,wk inc covid hosp,1,2026-08-29,30,quantile,0.7,4.0
2026-08-22,wk inc covid hosp,1,2026-08-29,30,quantile,0.75,4.0
2026-08-22,wk inc covid hosp,1,2026-08-29,30,quantile,0.8,5.0
2026-08-22,wk inc covid hosp,1,2026-08-29,30,quantile,0.85,5.0
2026-08-22,wk inc covid hosp,1,2026-08-29,30,quantile,0.9,6.0
2026-08-22,wk inc covid hosp,1,2026-08-29,30,quantile,0.95,7.0
2026-08-22,wk inc covid hosp,1,2026-08-29,30,quantile,0.975,8.0
2026-08-22,wk inc covid hosp,1,2026-08-29,30,quantile,0.99,9.0
2026-08-22,wk inc covid hosp,1,2026-08-29,31,quantile,0.01,0.0
2026-08-22,wk inc covid hosp,1,2026-08-29,31,quantile,0.025,0.0
2026-08-22,wk inc covid hosp,1,2026-08-29,31,quantile,0.05,0.0
2026-08-22,wk inc covid hosp,1,2026-08-29,31,quantile,0.1,1.0
2026-08-22,wk inc covid hosp,1,2026-08-29,31,quantile,0.15,1.0
2026-08-22,wk inc covid hosp,1,2026-08-29,31,quantile,0.2,1.0
2026-08-22,wk inc covid hosp,1,2026-08-29,31,quantile,0.25,2.0
2026-08-22,wk inc covid hosp,1,2026-08-29,31,quantile,0.3,2.0
2026-08-22,wk inc covid hosp,1,2026-08-29,31,quantile,0.35,2.0
2026-08-22,wk inc covid hosp,1,2026-08-29,31,quantile,0.4,2.0
2026-08-22,wk inc covid hosp,1,2026-08-29,31,quantile,0.45,2.0
2026-08-22,wk inc covid hosp,1,2026-08-29,31,quantile,0.5,3.0
2026-08-22,wk inc covid hosp,1,2026-08-29,31,quantile,0.55,3.0
2026-08-22,wk inc covid hosp,1,2026-08-29,31,quantile,0.6,3.0
2026-08-22,wk inc covid hosp,1,2026-08-29,31,quantile,0.65,3.0
2026-08-22,wk inc covid hosp,1,2026-08-29,31,quantile,0.7,4.0
2026-08-22,wk inc covid hosp,1,2026-08-29,31,quantile,0.75,4.0
2026-08-22,wk inc covid hosp,1,2026-08-29,31,quantile,0.8,4.0
2026-08-22,wk inc covid hosp,1,2026-08-29,31,quantile,0.85,5.0
2026-08-22,wk inc covid hosp,1,2026-08-29,31,quantile,0.9,5.0
2026-08-22,wk inc covid hosp,1,2026-08-29,31,quantile,0.95,6.0
2026-08-22,wk inc covid hosp,1,2026-08-29,31,quantile,0.975,7.0
2026-08-22,wk inc covid hosp,1,2026-08-29,31,quantile,0.99,8.0
2026-08-22,wk inc covid hosp,1,2026-08-29,32,quantile,0.01,10.0
2026-08-22,wk inc covid hosp,1,2026-08-29,32,quantile,0.025,12.0
2026-08-22,wk inc covid hosp,1,2026-08-29,32,quantile,0.05,13.0
2026-08-22,wk inc covid hosp,1,2026-08-29,32,quantile,0.1,15.0
2026-08-22,wk inc covid hosp,1,2026-08-29,32,quantile,0.15,16.0
2026-08-22,wk inc covid hosp,1,2026-08-29,32,quantile,0.2,18.0
2026-08-22,wk inc covid hosp,1,2026-08-29,32,quantile,0.25,18.0
2026-08-22,wk inc covid hosp,1,2026-08-29,32,quantile,0.3,19.0
2026-08-22,wk inc covid hosp,1,2026-08-29,32,quantile,0.35,20.0
2026-08-22,wk inc covid hosp,1,2026-08-29,32,quantile,0.4,21.0
2026-08-22,wk inc covid hosp,1,2026-08-29,32,quantile,0.45,22.0
2026-08-22,wk inc covid hosp,1,2026-08-29,32,quantile,0.5,23.0
2026-08-22,wk inc covid hosp,1,2026-08-29,32,quantile,0.55,23.0
2026-08-22,wk inc covid hosp,1,2026-08-29,32,quantile,0.6,24.0
2026-08-22,wk inc covid hosp,1,2026-08-29,32,quantile,0.65,25.0
2026-08-22,wk inc covid hosp,1,2026-08-29,32,quantile,0.7,26.0
2026-08-22,wk inc covid hosp,1,2026-08-29,32,quantile,0.75,27.0
2026-08-22,wk inc covid hosp,1,2026-08-29,32,quantile,0.8,29.0
2026-08-22,wk inc covid hosp,1,2026-08-29,32,quantile,0.85,30.0
2026-08-22,wk inc covid hosp,1,2026-08-29,32,quantile,0.9,33.0
2026-08-22,wk inc covid hosp,1,2026-08-29,32,quantile,0.95,37.0
2026-08-22,wk inc covid hosp,1,2026-08-29,32,quantile,0.975,40.0
2026-08-22,wk inc covid hosp,1,2026-08-29,32,quantile,0.99,45.0
2026-08-22,wk inc covid hosp,1,2026-08-29,33,quantile,0.01,1.0
2026-08-22,wk inc covid hosp,1,2026-08-29,33,quantile,0.025,2.0
2026-08-22,wk inc covid hosp,1,2026-08-29,33,quantile,0.05,3.0
2026-08-22,wk inc covid hosp,1,2026-08-29,33,quantile,0.1,4.0
2026-08-22,wk inc covid hosp,1,2026-08-29,33,quantile,0.15,4.0
2026-08-22,wk inc covid hosp,1,2026-08-29,33,quantile,0.2,5.0
2026-08-22,wk inc covid hosp,1,2026-08-29,33,quantile,0.25,5.0
2026-08-22,wk inc covid hosp,1,2026-08-29,33,quantile,0.3,6.0
2026-08-22,wk inc covid hosp,1,2026-08-29,33,quantile,0.35,6.0
2026-08-22,wk inc covid hosp,1,2026-08-29,33,quantile,0.4,6.0
2026-08-22,wk inc covid hosp,1,2026-08-29,33,quantile,0.45,7.0
2026-08-22,wk inc covid hosp,1,2026-08-29,33,quantile,0.5,7.0
2026-08-22,wk inc covid hosp,1,2026-08-29,33,quantile,0.55,7.0
2026-08-22,wk inc covid hosp,1,2026-08-29,33,quantile,0.6,8.0
2026-08-22,wk inc covid hosp,1,2026-08-29,33,quantile,0.65,8.0
2026-08-22,wk inc covid hosp,1,2026-08-29,33,quantile,0.7,9.0
2026-08-22,wk inc covid hosp,1,2026-08-29,33,quantile,0.75,9.0
2026-08-22,wk inc covid hosp,1,2026-08-29,33,quantile,0.8,10.0
2026-08-22,wk inc covid hosp,1,2026-08-29,33,quantile,0.85,11.0
2026-08-22,wk inc covid hosp,1,2026-08-29,33,quantile,0.9,12.0
2026-08-22,wk inc covid hosp,1,2026-08-29,33,quantile,0.95,13.0
2026-08-22,wk inc covid hosp,1,2026-08-29,33,quantile,0.975,15.0
2026-08-22,wk inc covid hosp,1,2026-08-29,33,quantile,0.99,17.0
2026-08-22,wk inc covid hosp,1,2026-08-29,34,quantile,0.01,34.0
2026-08-22,wk inc covid hosp,1,2026-08-29,34,quantile,0.025,38.0
2026-08-22,wk inc covid hosp,1,2026-08-29,34,quantile,0.05,41.0
2026-08-22,wk inc covid hosp,1,2026-08-29,34,quantile,0.1,46.0
2026-08-22,wk inc covid hosp,1,2026-08-29,34,quantile,0.15,49.0
2026-08-22,wk inc covid hosp,1,2026-08-29,34,quantile,0.2,51.0
2026-08-22,wk inc covid hosp,1,2026-08-29,34,quantile,0.25,53.0
2026-08-22,wk inc covid hosp,1,2026-08-29,34,quantile,0.3,55.0
2026-08-22,wk inc covid hosp,1,2026-08-29,34,quantile,0.35,57.0
2026-08-22,wk inc covid hosp,1,2026-08-29,34,quantile,0.4,59.0
2026-08-22,wk inc covid hosp,1,2026-08-29,34,quantile,0.45,61.0
2026-08-22,wk inc covid hosp,1,2026-08-29,34,quantile,0.5,63.0
2026-08-22,wk inc covid hosp,1,2026-08-29,34,quantile,0.55,65.0
2026-08-22,wk inc covid hosp,1,2026-08-29,34,quantile,0.6,67.0
2026-08-22,wk inc covid hosp,1,2026-08-29,34,quantile,0.65,70.0
2026-08-22,wk inc covid hosp,1,2026-08-29,34,quantile,0.7,72.0
2026-08-22,wk inc covid hosp,1,2026-08-29,34,quantile,0.75,75.0
2026-08-22,wk inc covid hosp,1,2026-08-29,34,quantile,0.8,78.0
2026-08-22,wk inc covid hosp,1,2026-08-29,34,quantile,0.85,82.0
2026-08-22,wk inc covid hosp,1,2026-08-29,34,quantile,0.9,88.0
2026-08-22,wk inc covid hosp,1,2026-08-29,34,quantile,0.95,98.0
2026-08-22,wk inc covid hosp,1,2026-08-29,34,quantile,0.975,107.0
2026-08-22,wk inc covid hosp,1,2026-08-29,34,quantile,0.99,120.0
2026-08-22,wk inc covid hosp,1,2026-08-29,35,quantile,0.01,1.0
2026-08-22,wk inc covid hosp,1,2026-08-29,35,quantile,0.025,2.0
2026-08-22,wk inc covid hosp,1,2026-08-29,35,quantile,0.05,2.0
2026-08-22,wk inc covid hosp,1,2026-08-29,35,quantile,0.1,3.0
2026-08-22,wk inc covid hosp,1,2026-08-29,35,quantile,0.15,4.0
2026-08-22,wk inc covid hosp,1,2026-08-29,35,quantile,0.2,4.0
2026-08-22,wk inc covid hosp,1,2026-08-29,35,quantile,0.25,5.0
2026-08-22,wk inc covid hosp,1,2026-08-29,35,quantile,0.3,5.0
2026-08-22,wk inc covid hosp,1,2026-08-29,35,quantile,0.35,5.0
2026-08-22,wk inc covid hosp,1,2026-08-29,35,quantile,0.4,6.0
2026-08-22,wk inc covid hosp,1,2026-08-29,35,quantile,0.45,6.0
2026-08-22,wk inc covid hosp,1,2026-08-29,35,quantile,0.5,6.0
2026-08-22,wk inc covid hosp,1,2026-08-29,35,quantile,0.55,7.0
2026-08-22,wk inc covid hosp,1,2026-08-29,35,quantile,0.6,7.0
2026-08-22,wk inc covid hosp,1,2026-08-29,35,quantile,0.65,8.0
2026-08-22,wk inc covid hosp,1,2026-08-29,35,quantile,0.7,8.0
2026-08-22,wk inc covid hosp,1,2026-08-29,35,quantile,0.75,9.0
2026-08-22,wk inc covid hosp,1,2026-08-29,35,quantile,0.8,9.0
2026-08-22,wk inc covid hosp,1,2026-08-29,35,quantile,0.85,10.0
2026-08-22,wk inc covid hosp,1,2026-08-29,35,quantile,0.9,11.0
2026-08-22,wk inc covid hosp,1,2026-08-29,35,quantile,0.95,12.0
2026-08-22,wk inc covid hosp,1,2026-08-29,35,quantile,0.975,14.0
2026-08-22,wk inc covid hosp,1,2026-08-29,35,quantile,0.99,15.0
2026-08-22,wk inc covid hosp,1,2026-08-29,36,quantile,0.01,87.0
2026-08-22,wk inc covid hosp,1,2026-08-29,36,quantile,0.025,95.0
2026-08-22,wk inc covid hosp,1,2026-08-29,36,quantile,0.05,101.0
2026-08-22,wk inc covid hosp,1,2026-08-29,36,quantile,0.1,110.0
2026-08-22,wk inc covid hosp,1,2026-08-29,36,quantile,0.15,117.0
2026-08-22,wk inc covid hosp,1,2026-08-29,36,quantile,0.2,122.0
2026-08-22,wk inc covid hosp,1,2026-08-29,36,quantile,0.25,127.0
2026-08-22,wk inc covid hosp,1,2026-08-29,36,quantile,0.3,131.0
2026-08-22,wk inc covid hosp,1,2026-08-29,36,quantile,0.35,136.0
2026-08-22,wk inc covid hosp,1,2026-08-29,36,quantile,0.4,140.0
2026-08-22,wk inc covid hosp,1,2026-08-29,36,quantile,0.45,143.0
2026-08-22,wk inc covid hosp,1,2026-08-29,36,quantile,0.5,148.0
2026-08-22,wk inc covid hosp,1,2026-08-29,36,quantile,0.55,152.0
2026-08-22,wk inc covid hosp,1,2026-08-29,36,quantile,0.6,157.0
2026-08-22,wk inc covid hosp,1,2026-08-29,36,quantile,0.65,161.0
2026-08-22,wk inc covid hosp,1,2026-08-29,36,quantile,0.7,167.0
2026-08-22,wk inc covid hosp,1,2026-08-29,36,quantile,0.75,173.0
2026-08-22,wk inc covid hosp,1,2026-08-29,36,quantile,0.8,180.0
2026-08-22,wk inc covid hosp,1,2026-08-29,36,quantile,0.85,189.0
2026-08-22,wk inc covid hosp,1,2026-08-29,36,quantile,0.9,202.0
2026-08-22,wk inc covid hosp,1,2026-08-29,36,quantile,0.95,222.0
2026-08-22,wk inc covid hosp,1,2026-08-29,36,quantile,0.975,245.0
2026-08-22,wk inc covid hosp,1,2026-08-29,36,quantile,0.99,274.0
2026-08-22,wk inc covid hosp,1,2026-08-29,37,quantile,0.01,80.0
2026-08-22,wk inc covid hosp,1,2026-08-29,37,quantile,0.025,87.0
2026-08-22,wk inc covid hosp,1,2026-08-29,37,quantile,0.05,94.0
2026-08-22,wk inc covid hosp,1,2026-08-29,37,quantile,0.1,102.0
2026-08-22,wk inc covid hosp,1,2026-08-29,37,quantile,0.15,108.0
2026-08-22,wk inc covid hosp,1,2026-08-29,37,quantile,0.2,113.0
2026-08-22,wk inc covid hosp,1,2026-08-29,37,quantile,0.25,117.0
2026-08-22,wk inc covid hosp,1,2026-08-29,37,quantile,0.3,121.0
2026-08-22,wk inc covid hosp,1,2026-08-29,37,quantile,0.35,125.0
2026-08-22,wk inc covid hosp,1,2026-08-29,37,quantile,0.4,128.0
2026-08-22,wk inc covid hosp,1,2026-08-29,37,quantile,0.45,132.0
2026-08-22,wk inc covid hosp,1,2026-08-29,37,quantile,0.5,136.0
2026-08-22,wk inc covid hosp,1,2026-08-29,37,quantile,0.55,140.0
2026-08-22,wk inc covid hosp,1,2026-08-29,37,quantile,0.6,144.0
2026-08-22,wk inc covid hosp,1,2026-08-29,37,quantile,0.65,148.0
2026-08-22,wk inc covid hosp,1,2026-08-29,37,quantile,0.7,153.0
2026-08-22,wk inc covid hosp,1,2026-08-29,37,quantile,0.75,159.0
2026-08-22,wk inc covid hosp,1,2026-08-29,37,quantile,0.8,165.0
2026-08-22,wk inc covid hosp,1,2026-08-29,37,quantile,0.85,175.0
2026-08-22,wk inc covid hosp,1,2026-08-29,37,quantile,0.9,187.0
2026-08-22,wk inc covid hosp,1,2026-08-29,37,quantile,0.95,206.0
2026-08-22,wk inc covid hosp,1,2026-08-29,37,quantile,0.975,225.0
2026-08-22,wk inc covid hosp,1,2026-08-29,37,quantile,0.99,254.0
2026-08-22,wk inc covid hosp,1,2026-08-29,38,quantile,0.01,0.0
2026-08-22,wk inc covid hosp,1,2026-08-29,38,quantile,0.025,0.0
2026-08-22,wk inc covid hosp,1,2026-08-29,38,quantile,0.05,0.0
2026-08-22,wk inc covid hosp,1,2026-08-29,38,quantile,0.1,0.0
2026-08-22,wk inc covid hosp,1,2026-08-29,38,quantile,0.15,0.0
2026-08-22,wk inc covid hosp,1,2026-08-29,38,quantile,0.2,0.0
2026-08-22,wk inc covid hosp,1,2026-08-29,38,quantile,0.25,1.0
2026-08-22,wk inc covid hosp,1,2026-08-29,38,quantile,0.3,1.0
2026-08-22,wk inc covid hosp,1,2026-08-29,38,quantile,0.35,1.0
2026-08-22,wk inc covid hosp,1,2026-08-29,38,quantile,0.4,1.0
2026-08-22,wk inc covid hosp,1,2026-08-29,38,quantile,0.45,1.0
2026-08-22,wk inc covid hosp,1,2026-08-29,38,quantile,0.5,1.0
2026-08-22,wk inc covid hosp,1,2026-08-29,38,quantile,0.55,1.0
2026-08-22,wk inc covid hosp,1,2026-08-29,38,quantile,0.6,2.0
2026-08-22,wk inc covid hosp,1,2026-08-29,38,quantile,0.65,2.0
2026-08-22,wk inc covid hosp,1,2026-08-29,38,quantile,0.7,2.0
2026-08-22,wk inc covid hosp,1,2026-08-29,38,quantile,0.75,2.0
2026-08-22,wk inc covid hosp,1,2026-08-29,38,quantile,0.8,3.0
2026-08-22,wk inc covid hosp,1,2026-08-29,38,quantile,0.85,3.0
2026-08-22,wk inc covid hosp,1,2026-08-29,38,quantile,0.9,3.0
2026-08-22,wk inc covid hosp,1,2026-08-29,38,quantile,0.95,4.0
2026-08-22,wk inc covid hosp,1,2026-08-29,38,quantile,0.975,4.0
2026-08-22,wk inc covid hosp,1,2026-08-29,38,quantile,0.99,5.0
2026-08-22,wk inc covid hosp,1,2026-08-29,39,quantile,0.01,25.0
2026-08-22,wk inc covid hosp,1,2026-08-29,39,quantile,0.025,28.0
2026-08-22,wk inc covid hosp,1,2026-08-29,39,quantile,0.05,31.0
2026-08-22,wk inc covid hosp,1,2026-08-29,39,quantile,0.1,34.0
2026-08-22,wk inc covid hosp,1,2026-08-29,39,quantile,0.15,36.0
2026-08-22,wk inc covid hosp,1,2026-08-29,39,quantile,0.2,38.0
2026-08-22,wk inc covid hosp,1,2026-08-29,39,quantile,0.25,40.0
2026-08-22,wk inc covid hosp,1,2026-08-29,39,quantile,0.3,42.0
2026-08-22,wk inc covid hosp,1,2026-08-29,39,quantile,0.35,43.0
2026-08-22,wk inc covid hosp,1,2026-08-29,39,quantile,0.4,45.0
2026-08-22,wk inc covid hosp,1,2026-08-29,39,quantile,0.45,46.0
2026-08-22,wk inc covid hosp,1,2026-08-29,39,quantile,0.5,48.0
2026-08-22,wk inc covid hosp,1,2026-08-29,39,quantile,0.55,50.0
2026-08-22,wk inc covid hosp,1,2026-08-29,39,quantile,0.6,51.0
2026-08-22,wk inc covid hosp,1,2026-08-29,39,quantile,0.65,53.0
2026-08-22,wk inc covid hosp,1,2026-08-29,39,quantile,0.7,55.0
2026-08-22,wk inc covid hosp,1,2026-08-29,39,quantile,0.75,57.0
2026-08-22,wk inc covid hosp,1,2026-08-29,39,quantile,0.8,60.0
2026-08-22,wk inc covid hosp,1,2026-08-29,39,quantile,0.85,63.0
2026-08-22,wk inc covid hosp,1,2026-08-29,39,quantile,0.9,68.0
2026-08-22,wk inc covid hosp,1,2026-08-29,39,quantile,0.95,75.0
2026-08-22,wk inc covid hosp,1,2026-08-29,39,quantile,0.975,82.0
2026-08-22,wk inc covid hosp,1,2026-08-29,39,quantile,0.99,92.0
2026-08-22,wk inc covid hosp,1,2026-08-29,40,quantile,0.01,4.0
2026-08-22,wk inc covid hosp,1,2026-08-29,40,quantile,0.025,5.0
2026-08-22,wk inc covid hosp,1,2026-08-29,40,quantile,0.05,6.0
2026-08-22,wk inc covid hosp,1,2026-08-29,40,quantile,0.1,7.0
2026-08-22,wk inc covid hosp,1,2026-08-29,40,quantile,0.15,8.0
2026-08-22,wk inc covid hosp,1,2026-08-29,40,quantile,0.2,8.0
2026-08-22,wk inc covid hosp,1,2026-08-29,40,quantile,0.25,9.0
2026-08-22,wk inc covid hosp,1,2026-08-29,40,quantile,0.3,10.0
2026-08-22,wk inc covid hosp,1,2026-08-29,40,quantile,0.35,10.0
2026-08-22,wk inc covid hosp,1,2026-08-29,40,quantile,0.4,11.0
2026-08-22,wk inc covid hosp,1,2026-08-29,40,quantile,0.45,11.0
2026-08-22,wk inc covid hosp,1,2026-08-29,40,quantile,0.5,12.0
2026-08-22,wk inc covid hosp,1,2026-08-29,40,quantile,0.55,12.0
2026-08-22,wk inc covid hosp,1,2026-08-29,40,quantile,0.6,13.0
2026-08-22,wk inc covid hosp,1,2026-08-29,40,quantile,0.65,14.0
2026-08-22,wk inc covid hosp,1,2026-08-29,40,quantile,0.7,14.0
2026-08-22,wk inc covid hosp,1,2026-08-29,40,quantile,0.75,15.0
2026-08-22,wk inc covid hosp,1,2026-08-29,40,quantile,0.8,16.0
2026-08-22,wk inc covid hosp,1,2026-08-29,40,quantile,0.85,17.0
2026-08-22,wk inc covid hosp,1,2026-08-29,40,quantile,0.9,18.0
2026-08-22,wk inc covid hosp,1,2026-08-29,40,quantile,0.95,20.0
2026-08-22,wk inc covid hosp,1,2026-08-29,40,quantile,0.975,23.0
2026-08-22,wk inc covid hosp,1,2026-08-29,40,quantile,0.99,25.0
2026-08-22,wk inc covid hosp,1,2026-08-29,41,quantile,0.01,4.0
2026-08-22,wk inc covid hosp,1,2026-08-29,41,quantile,0.025,5.0
2026-08-22,wk inc covid hosp,1,2026-08-29,41,quantile,0.05,6.0
2026-08-22,wk inc covid hosp,1,2026-08-29,41,quantile,0.1,8.0
2026-08-22,wk inc covid hosp,1,2026-08-29,41,quantile,0.15,8.0
2026-08-22,wk inc covid hosp,1,2026-08-29,41,quantile,0.2,9.0
2026-08-22,wk inc covid hosp,1,2026-08-29,41,quantile,0.25,10.0
2026-08-22,wk inc covid hosp,1,2026-08-29,41,quantile,0.3,10.0
2026-08-22,wk inc covid hosp,1,2026-08-29,41,quantile,0.35,11.0
2026-08-22,wk inc covid hosp,1,2026-08-29,41,quantile,0.4,12.0
2026-08-22,wk inc covid hosp,1,2026-08-29,41,quantile,0.45,12.0
2026-08-22,wk inc covid hosp,1,2026-08-29,41,quantile,0.5,13.0
2026-08-22,wk inc covid hosp,1,2026-08-29,41,quantile,0.55,13.0
2026-08-22,wk inc covid hosp,1,2026-08-29,41,quantile,0.6,14.0
2026-08-22,wk inc covid hosp,1,2026-08-29,41,quantile,0.65,14.0
2026-08-22,wk inc covid hosp,1,2026-08-29,41,quantile,0.7,15.0
2026-08-22,wk inc covid hosp,1,2026-08-29,41,quantile,0.75,16.0
2026-08-22,wk inc covid hosp,1,2026-08-29,41,quantile,0.8,17.0
2026-08-22,wk inc covid hosp,1,2026-08-29,41,quantile,0.85,18.0
2026-08-22,wk inc covid hosp,1,2026-08-29,41,quantile,0.9,19.0
2026-08-22,wk inc covid hosp,1,2026-08-29,41,quantile,0.95,22.0
2026-08-22,wk inc covid hosp,1,2026-08-29,41,quantile,0.975,24.0
2026-08-22,wk inc covid hosp,1,2026-08-29,41,quantile,0.99,27.0
2026-08-22,wk inc covid hosp,1,2026-08-29,42,quantile,0.01,40.0
2026-08-22,wk inc covid hosp,1,2026-08-29,42,quantile,0.025,45.0
2026-08-22,wk inc covid hosp,1,2026-08-29,42,quantile,0.05,49.0
2026-08-22,wk inc covid hosp,1,2026-08-29,42,quantile,0.1,53.0
2026-08-22,wk inc covid hosp,1,2026-08-29,42,quantile,0.15,57.0
2026-08-22,wk inc covid hosp,1,2026-08-29,42,quantile,0.2,60.0
2026-08-22,wk inc covid hosp,1,2026-08-29,42,quantile,0.25,62.0
2026-08-22,wk inc covid hosp,1,2026-08-29,42,quantile,0.3,65.0
2026-08-22,wk inc covid hosp,1,2026-08-29,42,quantile,0.35,67.0
2026-08-22,wk inc covid hosp,1,2026-08-29,42,quantile,0.4,69.0
2026-08-22,wk inc covid hosp,1,2026-08-29,42,quantile,0.45,71.0
2026-08-22,wk inc covid hosp,1,2026-08-29,42,quantile,0.5,74.0
2026-08-22,wk inc covid hosp,1,2026-08-29,42,quantile,0.55,76.0
2026-08-22,wk inc covid hosp,1,2026-08-29,42,quantile,0.6,79.0
2026-08-22,wk inc covid hosp,1,2026-08-29,42,quantile,0.65,81.0
2026-08-22,wk inc covid hosp,1,2026-08-29,42,quantile,0.7,84.0
2026-08-22,wk inc covid hosp,1,2026-08-29,42,quantile,0.75,87.0
2026-08-22,wk inc covid hosp,1,2026-08-29,42,quantile,0.8,91.0
2026-08-22,wk inc covid hosp,1,2026-08-29,42,quantile,0.85,96.0
2026-08-22,wk inc covid hosp,1,2026-08-29,42,quantile,0.9,102.0
2026-08-22,wk inc covid hosp,1,2026-08-29,42,quantile,0.95,113.0
2026-08-22,wk inc covid hosp,1,2026-08-29,42,quantile,0.975,125.0
2026-08-22,wk inc covid hosp,1,2026-08-29,42,quantile,0.99,139.0
2026-08-22,wk inc covid hosp,1,2026-08-29,44,quantile,0.01,3.0
2026-08-22,wk inc covid hosp,1,2026-08-29,44,quantile,0.025,3.0
2026-08-22,wk inc covid hosp,1,2026-08-29,44,quantile,0.05,4.0
2026-08-22,wk inc covid hosp,1,2026-08-29,44,quantile,0.1,5.0
2026-08-22,wk inc covid hosp,1,2026-08-29,44,quantile,0.15,6.0
2026-08-22,wk inc covid hosp,1,2026-08-29,44,quantile,0.2,7.0
2026-08-22,wk inc covid hosp,1,2026-08-29,44,quantile,0.25,7.0
2026-08-22,wk inc covid hosp,1,2026-08-29,44,quantile,0.3,8.0
2026-08-22,wk inc covid hosp,1,2026-08-29,44,quantile,0.35,8.0
2026-08-22,wk inc covid hosp,1,2026-08-29,44,quantile,0.4,9.0
2026-08-22,wk inc covid hosp,1,2026-08-29,44,quantile,0.45,9.0
2026-08-22,wk inc covid hosp,1,2026-08-29,44,quantile,0.5,10.0
2026-08-22,wk inc covid hosp,1,2026-08-29,44,quantile,0.55,10.0
2026-08-22,wk inc covid hosp,1,2026-08-29,44,quantile,0.6,11.0
2026-08-22,wk inc covid hosp,1,2026-08-29,44,quantile,0.65,11.0
2026-08-22,wk inc covid hosp,1,2026-08-29,44,quantile,0.7,12.0
2026-08-22,wk inc covid hosp,1,2026-08-29,44,quantile,0.75,12.0
2026-08-22,wk inc covid hosp,1,2026-08-29,44,quantile,0.8,13.0
2026-08-22,wk inc covid hosp,1,2026-08-29,44,quantile,0.85,14.0
2026-08-22,wk inc covid hosp,1,2026-08-29,44,quantile,0.9,15.0
2026-08-22,wk inc covid hosp,1,2026-08-29,44,quantile,0.95,17.0
2026-08-22,wk inc covid hosp,1,2026-08-29,44,quantile,0.975,19.0
2026-08-22,wk inc covid hosp,1,2026-08-29,44,quantile,0.99,21.0
2026-08-22,wk inc covid hosp,1,2026-08-29,45,quantile,0.01,15.0
2026-08-22,wk inc covid hosp,1,2026-08-29,45,quantile,0.025,17.0
2026-08-22,wk inc covid hosp,1,2026-08-29,45,quantile,0.05,20.0
2026-08-22,wk inc covid hosp,1,2026-08-29,45,quantile,0.1,22.0
2026-08-22,wk inc covid hosp,1,2026-08-29,45,quantile,0.15,24.0
2026-08-22,wk inc covid hosp,1,2026-08-29,45,quantile,0.2,25.0
2026-08-22,wk inc covid hosp,1,2026-08-29,45,quantile,0.25,26.0
2026-08-22,wk inc covid hosp,1,2026-08-29,45,quantile,0.3,28.0
2026-08-22,wk inc covid hosp,1,2026-08-29,45,quantile,0.35,29.0
2026-08-22,wk inc covid hosp,1,2026-08-29,45,quantile,0.4,30.0
2026-08-22,wk inc covid hosp,1,2026-08-29,45,quantile,0.45,31.0
2026-08-22,wk inc covid hosp,1,2026-08-29,45,quantile,0.5,32.0
2026-08-22,wk inc covid hosp,1,2026-08-29,45,quantile,0.55,33.0
2026-08-22,wk inc covid hosp,1,2026-08-29,45,quantile,0.6,35.0
2026-08-22,wk inc covid hosp,1,2026-08-29,45,quantile,0.65,36.0
2026-08-22,wk inc covid hosp,1,2026-08-29,45,quantile,0.7,37.0
2026-08-22,wk inc covid hosp,1,2026-08-29,45,quantile,0.75,39.0
2026-08-22,wk inc covid hosp,1,2026-08-29,45,quantile,0.8,40.0
2026-08-22,wk inc covid hosp,1,2026-08-29,45,quantile,0.85,43.0
2026-08-22,wk inc covid hosp,1,2026-08-29,45,quantile,0.9,46.0
2026-08-22,wk inc covid hosp,1,2026-08-29,45,quantile,0.95,51.0
2026-08-22,wk inc covid hosp,1,2026-08-29,45,quantile,0.975,56.0
2026-08-22,wk inc covid hosp,1,2026-08-29,45,quantile,0.99,63.0
2026-08-22,wk inc covid hosp,1,2026-08-29,46,quantile,0.01,0.0
2026-08-22,wk inc covid hosp,1,2026-08-29,46,quantile,0.025,0.0
2026-08-22,wk inc covid hosp,1,2026-08-29,46,quantile,0.05,0.0
2026-08-22,wk inc covid hosp,1,2026-08-29,46,quantile,0.1,0.0
2026-08-22,wk inc covid hosp,1,2026-08-29,46,quantile,0.15,1.0
2026-08-22,wk inc covid hosp,1,2026-08-29,46,quantile,0.2,1.0
2026-08-22,wk inc covid hosp,1,2026-08-29,46,quantile,0.25,1.0
2026-08-22,wk inc covid hosp,1,2026-08-29,46,quantile,0.3,1.0
2026-08-22,wk inc covid hosp,1,2026-08-29,46,quantile,0.35,1.0
2026-08-22,wk inc covid hosp,1,2026-08-29,46,quantile,0.4,1.0
2026-08-22,wk inc covid hosp,1,2026-08-29,46,quantile,0.45,2.0
2026-08-22,wk inc covid hosp,1,2026-08-29,46,quantile,0.5,2.0
2026-08-22,wk inc covid hosp,1,2026-08-29,46,quantile,0.55,2.0
2026-08-22,wk inc covid hosp,1,2026-08-29,46,quantile,0.6,2.0
2026-08-22,wk inc covid hosp,1,2026-08-29,46,quantile,0.65,2.0
2026-08-22,wk inc covid hosp,1,2026-08-29,46,quantile,0.7,3.0
2026-08-22,wk inc covid hosp,1,2026-08-29,46,quantile,0.75,3.0
2026-08-22,wk inc covid hosp,1,2026-08-29,46,quantile,0.8,3.0
2026-08-22,wk inc covid hosp,1,2026-08-29,46,quantile,0.85,3.0
2026-08-22,wk inc covid hosp,1,2026-08-29,46,quantile,0.9,4.0
2026-08-22,wk inc covid hosp,1,2026-08-29,46,quantile,0.95,5.0
2026-08-22,wk inc covid hosp,1,2026-08-29,46,quantile,0.975,5.0
2026-08-22,wk inc covid hosp,1,2026-08-29,46,quantile,0.99,6.0
2026-08-22,wk inc covid hosp,1,2026-08-29,47,quantile,0.01,28.0
2026-08-22,wk inc covid hosp,1,2026-08-29,47,quantile,0.025,32.0
2026-08-22,wk inc covid hosp,1,2026-08-29,47,quantile,0.05,35.0
2026-08-22,wk inc covid hosp,1,2026-08-29,47,quantile,0.1,38.0
2026-08-22,wk inc covid hosp,1,2026-08-29,47,quantile,0.15,41.0
2026-08-22,wk inc covid hosp,1,2026-08-29,47,quantile,0.2,43.0
2026-08-22,wk inc covid hosp,1,2026-08-29,47,quantile,0.25,45.0
2026-08-22,wk inc covid hosp,1,2026-08-29,47,quantile,0.3,47.0
2026-08-22,wk inc covid hosp,1,2026-08-29,47,quantile,0.35,49.0
2026-08-22,wk inc covid hosp,1,2026-08-29,47,quantile,0.4,51.0
2026-08-22,wk inc covid hosp,1,2026-08-29,47,quantile,0.45,52.0
2026-08-22,wk inc covid hosp,1,2026-08-29,47,quantile,0.5,54.0
2026-08-22,wk inc covid hosp,1,2026-08-29,47,quantile,0.55,56.0
2026-08-22,wk inc covid hosp,1,2026-08-29,47,quantile,0.6,58.0
2026-08-22,wk inc covid hosp,1,2026-08-29,47,quantile,0.65,59.0
2026-08-22,wk inc covid hosp,1,2026-08-29,47,quantile,0.7,62.0
2026-08-22,wk inc covid hosp,1,2026-08-29,47,quantile,0.75,64.0
2026-08-22,wk inc covid hosp,1,2026-08-29,47,quantile,0.8,67.0
2026-08-22,wk inc covid hosp,1,2026-08-29,47,quantile,0.85,71.0
2026-08-22,wk inc covid hosp,1,2026-08-29,47,quantile,0.9,76.0
2026-08-22,wk inc covid hosp,1,2026-08-29,47,quantile,0.95,85.0
2026-08-22,wk inc covid hosp,1,2026-08-29,47,quantile,0.975,93.0
2026-08-22,wk inc covid hosp,1,2026-08-29,47,quantile,0.99,105.0
2026-08-22,wk inc covid hosp,1,2026-08-29,48,quantile,0.01,199.0
2026-08-22,wk inc covid hosp,1,2026-08-29,48,quantile,0.025,213.0
2026-08-22,wk inc covid hosp,1,2026-08-29,48,quantile,0.05,230.0
2026-08-22,wk inc covid hosp,1,2026-08-29,48,quantile,0.1,249.0
2026-08-22,wk inc covid hosp,1,2026-08-29,48,quantile,0.15,263.0
2026-08-22,wk inc covid hosp,1,2026-08-29,48,quantile,0.2,274.0
2026-08-22,wk inc covid hosp,1,2026-08-29,48,quantile,0.25,284.0
2026-08-22,wk inc covid hosp,1,2026-08-29,48,quantile,0.3,293.0
2026-08-22,wk inc covid hosp,1,2026-08-29,48,quantile,0.35,303.0
2026-08-22,wk inc covid hosp,1,2026-08-29,48,quantile,0.4,312.0
2026-08-22,wk inc covid hosp,1,2026-08-29,48,quantile,0.45,320.0
2026-08-22,wk inc covid hosp,1,2026-08-29,48,quantile,0.5,329.0
2026-08-22,wk inc covid hosp,1,2026-08-29,48,quantile,0.55,339.0
2026-08-22,wk inc covid hosp,1,2026-08-29,48,quantile,0.6,349.0
2026-08-22,wk inc covid hosp,1,2026-08-29,48,quantile,0.65,360.0
2026-08-22,wk inc covid hosp,1,2026-08-29,48,quantile,0.7,372.0
2026-08-22,wk inc covid hosp,1,2026-08-29,48,quantile,0.75,386.0
2026-08-22,wk inc covid hosp,1,2026-08-29,48,quantile,0.8,403.0
2026-08-22,wk inc covid hosp,1,2026-08-29,48,quantile,0.85,423.0
2026-08-22,wk inc covid hosp,1,2026-08-29,48,quantile,0.9,452.0
2026-08-22,wk inc covid hosp,1,2026-08-29,48,quantile,0.95,501.0
2026-08-22,wk inc covid hosp,1,2026-08-29,48,quantile,0.975,550.0
2026-08-22,wk inc covid hosp,1,2026-08-29,48,quantile,0.99,611.0
2026-08-22,wk inc covid hosp,1,2026-08-29,49,quantile,0.01,0.0
2026-08-22,wk inc covid hosp,1,2026-08-29,49,quantile,0.025,1.0
2026-08-22,wk inc covid hosp,1,2026-08-29,49,quantile,0.05,1.0
2026-08-22,wk inc covid hosp,1,2026-08-29,49,quantile,0.1,2.0
2026-08-22,wk inc covid hosp,1,2026-08-29,49,quantile,0.15,2.0
2026-08-22,wk inc covid hosp,1,2026-08-29,49,quantile,0.2,3.0
2026-08-22,wk inc covid hosp,1,2026-08-29,49,quantile,0.25,3.0
2026-08-22,wk inc covid hosp,1,2026-08-29,49,quantile,0.3,3.0
2026-08-22,wk inc covid hosp,1,2026-08-29,49,quantile,0.35,4.0
2026-08-22,wk inc covid hosp,1,2026-08-29,49,quantile,0.4,4.0
2026-08-22,wk inc covid hosp,1,2026-08-29,49,quantile,0.45,4.0
2026-08-22,wk inc covid hosp,1,2026-08-29,49,quantile,0.5,4.0
2026-08-22,wk inc covid hosp,1,2026-08-29,49,quantile,0.55,5.0
2026-08-22,wk inc covid hosp,1,2026-08-29,49,quantile,0.6,5.0
2026-08-22,wk inc covid hosp,1,2026-08-29,49,quantile,0.65,5.0
2026-08-22,wk inc covid hosp,1,2026-08-29,49,quantile,0.7,6.0
2026-08-22,wk inc covid hosp,1,2026-08-29,49,quantile,0.75,6.0
2026-08-22,wk inc covid hosp,1,2026-08-29,49,quantile,0.8,6.0
2026-08-22,wk inc covid hosp,1,2026-08-29,49,quantile,0.85,7.0
2026-08-22,wk inc covid hosp,1,2026-08-29,49,quantile,0.9,8.0
2026-08-22,wk inc covid hosp,1,2026-08-29,49,quantile,0.95,9.0
2026-08-22,wk inc covid hosp,1,2026-08-29,49,quantile,0.975,10.0
2026-08-22,wk inc covid hosp,1,2026-08-29,49,quantile,0.99,11.0
2026-08-22,wk inc covid hosp,1,2026-08-29,50,quantile,0.01,0.0
2026-08-22,wk inc covid hosp,1,2026-08-29,50,quantile,0.025,0.0
2026-08-22,wk inc covid hosp,1,2026-08-29,50,quantile,0.05,0.0
2026-08-22,wk inc covid hosp,1,2026-08-29,50,quantile,0.1,0.0
2026-08-22,wk inc covid hosp,1,2026-08-29,50,quantile,0.15,0.0
2026-08-22,wk inc covid hosp,1,2026-08-29,50,quantile,0.2,1.0
2026-08-22,wk inc covid hosp,1,2026-08-29,50,quantile,0.25,1.0
2026-08-22,wk inc covid hosp,1,2026-08-29,50,quantile,0.3,1.0
2026-08-22,wk inc covid hosp,1,2026-08-29,50,quantile,0.35,1.0
2026-08-22,wk inc covid hosp,1,2026-08-29,50,quantile,0.4,1.0
2026-08-22,wk inc covid hosp,1,2026-08-29,50,quantile,0.45,2.0
2026-08-22,wk inc covid hosp,1,2026-08-29,50,quantile,0.5,2.0
2026-08-22,wk inc covid hosp,1,2026-08-29,50,quantile,0.55,2.0
2026-08-22,wk inc covid hosp,1,2026-08-29,50,quantile,0.6,2.0
2026-08-22,wk inc covid hosp,1,2026-08-29,50,quantile,0.65,2.0
2026-08-22,wk inc covid hosp,1,2026-08-29,50,quantile,0.7,3.0
2026-08-22,wk inc covid hosp,1,2026-08-29,50,quantile,0.75,3.0
2026-08-22,wk inc covid hosp,1,2026-08-29,50,quantile,0.8,3.0
2026-08-22,wk inc covid hosp,1,2026-08-29,50,quantile,0.85,3.0
2026-08-22,wk inc covid hosp,1,2026-08-29,50,quantile,0.9,4.0
2026-08-22,wk inc covid hosp,1,2026-08-29,50,quantile,0.95,5.0
2026-08-22,wk inc covid hosp,1,2026-08-29,50,quantile,0.975,5.0
2026-08-22,wk inc covid hosp,1,2026-08-29,50,quantile,0.99,6.0
2026-08-22,wk inc covid hosp,1,2026-08-29,51,quantile,0.01,11.0
2026-08-22,wk inc covid hosp,1,2026-08-29,51,quantile,0.025,13.0
2026-08-22,wk inc covid hosp,1,2026-08-29,51,quantile,0.05,15.0
2026-08-22,wk inc covid hosp,1,2026-08-29,51,quantile,0.1,17.0
2026-08-22,wk inc covid hosp,1,2026-08-29,51,quantile,0.15,18.0
2026-08-22,wk inc covid hosp,1,2026-08-29,51,quantile,0.2,19.0
2026-08-22,wk inc covid hosp,1,2026-08-29,51,quantile,0.25,20.0
2026-08-22,wk inc covid hosp,1,2026-08-29,51,quantile,0.3,21.0
2026-08-22,wk inc covid hosp,1,2026-08-29,51,quantile,0.35,22.0
2026-08-22,wk inc covid hosp,1,2026-08-29,51,quantile,0.4,23.0
2026-08-22,wk inc covid hosp,1,2026-08-29,51,quantile,0.45,24.0
2026-08-22,wk inc covid hosp,1,2026-08-29,51,quantile,0.5,25.0
2026-08-22,wk inc covid hosp,1,2026-08-29,51,quantile,0.55,26.0
2026-08-22,wk inc covid hosp,1,2026-08-29,51,quantile,0.6,27.0
2026-08-22,wk inc covid hosp,1,2026-08-29,51,quantile,0.65,28.0
2026-08-22,wk inc covid hosp,1,2026-08-29,51,quantile,0.7,30.0
2026-08-22,wk inc covid hosp,1,2026-08-29,51,quantile,0.75,31.0
2026-08-22,wk inc covid hosp,1,2026-08-29,51,quantile,0.8,32.0
2026-08-22,wk inc covid hosp,1,2026-08-29,51,quantile,0.85,34.0
2026-08-22,wk inc covid hosp,1,2026-08-29,51,quantile,0.9,37.0
2026-08-22,wk inc covid hosp,1,2026-08-29,51,quantile,0.95,41.0
2026-08-22,wk inc covid hosp,1,2026-08-29,51,quantile,0.975,46.0
2026-08-22,wk inc covid hosp,1,2026-08-29,51,quantile,0.99,51.0
2026-08-22,wk inc covid hosp,1,2026-08-29,53,quantile,0.01,28.0
2026-08-22,wk inc covid hosp,1,2026-08-29,53,quantile,0.025,31.0
2026-08-22,wk inc covid hosp,1,2026-08-29,53,quantile,0.05,34.0
2026-08-22,wk inc covid hosp,1,2026-08-29,53,quantile,0.1,38.0
2026-08-22,wk inc covid hosp,1,2026-08-29,53,quantile,0.15,41.0
2026-08-22,wk inc covid hosp,1,2026-08-29,53,quantile,0.2,43.0
2026-08-22,wk inc covid hosp,1,2026-08-29,53,quantile,0.25,45.0
2026-08-22,wk inc covid hosp,1,2026-08-29,53,quantile,0.3,47.0
2026-08-22,wk inc covid hosp,1,2026-08-29,53,quantile,0.35,49.0
2026-08-22,wk inc covid hosp,1,2026-08-29,53,quantile,0.4,50.0
2026-08-22,wk inc covid hosp,1,2026-08-29,53,quantile,0.45,52.0
2026-08-22,wk inc covid hosp,1,2026-08-29,53,quantile,0.5,54.0
2026-08-22,wk inc covid hosp,1,2026-08-29,53,quantile,0.55,56.0
2026-08-22,wk inc covid hosp,1,2026-08-29,53,quantile,0.6,58.0
2026-08-22,wk inc covid hosp,1,2026-08-29,53,quantile,0.65,60.0
2026-08-22,wk inc covid hosp,1,2026-08-29,53,quantile,0.7,62.0
2026-08-22,wk inc covid hosp,1,2026-08-29,53,quantile,0.75,64.0
2026-08-22,wk inc covid hosp,1,2026-08-29,53,quantile,0.8,67.0
2026-08-22,wk inc covid hosp,1,2026-08-29,53,quantile,0.85,71.0
2026-08-22,wk inc covid hosp,1,2026-08-29,53,quantile,0.9,76.0
2026-08-22,wk inc covid hosp,1,2026-08-29,53,quantile,0.95,85.0
2026-08-22,wk inc covid hosp,1,2026-08-29,53,quantile,0.975,93.0
2026-08-22,wk inc covid hosp,1,2026-08-29,53,quantile,0.99,106.0
2026-08-22,wk inc covid hosp,1,2026-08-29,54,quantile,0.01,0.0
2026-08-22,wk inc covid hosp,1,2026-08-29,54,quantile,0.025,0.0
2026-08-22,wk inc covid hosp,1,2026-08-29,54,quantile,0.05,1.0
2026-08-22,wk inc covid hosp,1,2026-08-29,54,quantile,0.1,1.0
2026-08-22,wk inc covid hosp,1,2026-08-29,54,quantile,0.15,2.0
2026-08-22,wk inc covid hosp,1,2026-08-29,54,quantile,0.2,2.0
2026-08-22,wk inc covid hosp,1,2026-08-29,54,quantile,0.25,2.0
2026-08-22,wk inc covid hosp,1,2026-08-29,54,quantile,0.3,3.0
2026-08-22,wk inc covid hosp,1,2026-08-29,54,quantile,0.35,3.0
2026-08-22,wk inc covid hosp,1,2026-08-29,54,quantile,0.4,3.0
2026-08-22,wk inc covid hosp,1,2026-08-29,54,quantile,0.45,4.0
2026-08-22,wk inc covid hosp,1,2026-08-29,54,quantile,0.5,4.0
2026-08-22,wk inc covid hosp,1,2026-08-29,54,quantile,0.55,4.0
2026-08-22,wk inc covid hosp,1,2026-08-29,54,quantile,0.6,4.0
2026-08-22,wk inc covid hosp,1,2026-08-29,54,quantile,0.65,5.0
2026-08-22,wk inc covid hosp,1,2026-08-29,54,quantile,0.7,5.0
2026-08-22,wk inc covid hosp,1,2026-08-29,54,quantile,0.75,5.0
2026-08-22,wk inc covid hosp,1,2026-08-29,54,quantile,0.8,6.0
2026-08-22,wk inc covid hosp,1,2026-08-29,54,quantile,0.85,6.0
2026-08-22,wk inc covid hosp,1,2026-08-29,54,quantile,0.9,7.0
2026-08-22,wk inc covid hosp,1,2026-08-29,54,quantile,0.95,8.0
2026-08-22,wk inc covid hosp,1,2026-08-29,54,quantile,0.975,9.0
2026-08-22,wk inc covid hosp,1,2026-08-29,54,quantile,0.99,11.0
2026-08-22,wk inc covid hosp,1,2026-08-29,55,quantile,0.01,4.0
2026-08-22,wk inc covid hosp,1,2026-08-29,55,quantile,0.025,5.0
2026-08-22,wk inc covid hosp,1,2026-08-29,55,quantile,0.05,5.0
2026-08-22,wk inc covid hosp,1,2026-08-29,55,quantile,0.1,7.0
2026-08-22,wk inc covid hosp,1,2026-08-29,55,quantile,0.15,7.0
2026-08-22,wk inc covid hosp,1,2026-08-29,55,quantile,0.2,8.0
2026-08-22,wk inc covid hosp,1,2026-08-29,55,quantile,0.25,9.0
2026-08-22,wk inc covid hosp,1,2026-08-29,55,quantile,0.3,9.0
2026-08-22,wk inc covid hosp,1,2026-08-29,55,quantile,0.35,10.0
2026-08-22,wk inc covid hosp,1,2026-08-29,55,quantile,0.4,10.0
2026-08-22,wk inc covid hosp,1,2026-08-29,55,quantile,0.45,11.0
2026-08-22,wk inc covid hosp,1,2026-08-29,55,quantile,0.5,11.0
2026-08-22,wk inc covid hosp,1,2026-08-29,55,quantile,0.55,12.0
2026-08-22,wk inc covid hosp,1,2026-08-29,55,quantile,0.6,13.0
2026-08-22,wk inc covid hosp,1,2026-08-29,55,quantile,0.65,13.0
2026-08-22,wk inc covid hosp,1,2026-08-29,55,quantile,0.7,14.0
2026-08-22,wk inc covid hosp,1,2026-08-29,55,quantile,0.75,15.0
2026-08-22,wk inc covid hosp,1,2026-08-29,55,quantile,0.8,15.0
2026-08-22,wk inc covid hosp,1,2026-08-29,55,quantile,0.85,16.0
2026-08-22,wk inc covid hosp,1,2026-08-29,55,quantile,0.9,18.0
2026-08-22,wk inc covid hosp,1,2026-08-29,55,quantile,0.95,20.0
2026-08-22,wk inc covid hosp,1,2026-08-29,55,quantile,0.975,22.0
2026-08-22,wk inc covid hosp,1,2026-08-29,55,quantile,0.99,25.0
2026-08-22,wk inc covid hosp,1,2026-08-29,56,quantile,0.01,0.0
2026-08-22,wk inc covid hosp,1,2026-08-29,56,quantile,0.025,0.0
2026-08-22,wk inc covid hosp,1,2026-08-29,56,quantile,0.05,0.0
2026-08-22,wk inc covid hosp,1,2026-08-29,56,quantile,0.1,1.0
2026-08-22,wk inc covid hosp,1,2026-08-29,56,quantile,0.15,1.0
2026-08-22,wk inc covid hosp,1,2026-08-29,56,quantile,0.2,1.0
2026-08-22,wk inc covid hosp,1,2026-08-29,56,quantile,0.25,1.0
2026-08-22,wk inc covid hosp,1,2026-08-29,56,quantile,0.3,1.0
2026-08-22,wk inc covid hosp,1,2026-08-29,56,quantile,0.35,2.0
2026-08-22,wk inc covid hosp,1,2026-08-29,56,quantile,0.4,2.0
2026-08-22,wk inc covid hosp,1,2026-08-29,56,quantile,0.45,2.0
2026-08-22,wk inc covid hosp,1,2026-08-29,56,quantile,0.5,2.0
2026-08-22,wk inc covid hosp,1,2026-08-29,56,quantile,0.55,2.0
2026-08-22,wk inc covid hosp,1,2026-08-29,56,quantile,0.6,3.0
2026-08-22,wk inc covid hosp,1,2026-08-29,56,quantile,0.65,3.0
2026-08-22,wk inc covid hosp,1,2026-08-29,56,quantile,0.7,3.0
2026-08-22,wk inc covid hosp,1,2026-08-29,56,quantile,0.75,3.0
2026-08-22,wk inc covid hosp,1,2026-08-29,56,quantile,0.8,4.0
2026-08-22,wk inc covid hosp,1,2026-08-29,56,quantile,0.85,4.0
2026-08-22,wk inc covid hosp,1,2026-08-29,56,quantile,0.9,5.0
2026-08-22,wk inc covid hosp,1,2026-08-29,56,quantile,0.95,6.0
2026-08-22,wk inc covid hosp,1,2026-08-29,56,quantile,0.975,6.0
2026-08-22,wk inc covid hosp,1,2026-08-29,56,quantile,0.99,7.0
2026-08-22,wk inc covid hosp,1,2026-08-29,72,quantile,0.01,48.0
2026-08-22,wk inc covid hosp,1,2026-08-29,72,quantile,0.025,53.0
2026-08-22,wk inc covid hosp,1,2026-08-29,72,quantile,0.05,58.0
2026-08-22,wk inc covid hosp,1,2026-08-29,72,quantile,0.1,64.0
2026-08-22,wk inc covid hosp,1,2026-08-29,72,quantile,0.15,68.0
2026-08-22,wk inc covid hosp,1,2026-08-29,72,quantile,0.2,71.0
2026-08-22,wk inc covid hosp,1,2026-08-29,72,quantile,0.25,74.0
2026-08-22,wk inc covid hosp,1,2026-08-29,72,quantile,0.3,77.0
2026-08-22,wk inc covid hosp,1,2026-08-29,72,quantile,0.35,80.0
2026-08-22,wk inc covid hosp,1,2026-08-29,72,quantile,0.4,83.0
2026-08-22,wk inc covid hosp,1,2026-08-29,72,quantile,0.45,86.0
2026-08-22,wk inc covid hosp,1,2026-08-29,72,quantile,0.5,88.0
2026-08-22,wk inc covid hosp,1,2026-08-29,72,quantile,0.55,91.0
2026-08-22,wk inc covid hosp,1,2026-08-29,72,quantile,0.6,94.0
2026-08-22,wk inc covid hosp,1,2026-08-29,72,quantile,0.65,97.0
2026-08-22,wk inc covid hosp,1,2026-08-29,72,quantile,0.7,101.0
2026-08-22,wk inc covid hosp,1,2026-08-29,72,quantile,0.75,104.0
2026-08-22,wk inc covid hosp,1,2026-08-29,72,quantile,0.8,109.0
2026-08-22,wk inc covid hosp,1,2026-08-29,72,quantile,0.85,115.0
2026-08-22,wk inc covid hosp,1,2026-08-29,72,quantile,0.9,123.0
2026-08-22,wk inc covid hosp,1,2026-08-29,72,quantile,0.95,137.0
2026-08-22,wk inc covid hosp,1,2026-08-29,72,quantile,0.975,150.0
2026-08-22,wk inc covid hosp,1,2026-08-29,72,quantile,0.99,171.0
2026-08-22,wk inc covid hosp,2,2026-09-05,01,quantile,0.01,44.0
2026-08-22,wk inc covid hosp,2,2026-09-05,01,quantile,0.025,49.0
2026-08-22,wk inc covid hosp,2,2026-09-05,01,quantile,0.05,54.0
2026-08-22,wk inc covid hosp,2,2026-09-05,01,quantile,0.1,60.0
2026-08-22,wk inc covid hosp,2,2026-09-05,01,quantile,0.15,63.0
2026-08-22,wk inc covid hosp,2,2026-09-05,01,quantile,0.2,66.0
2026-08-22,wk inc covid hosp,2,2026-09-05,01,quantile,0.25,69.0
2026-08-22,wk inc covid hosp,2,2026-09-05,01,quantile,0.3,72.0
2026-08-22,wk inc covid hosp,2,2026-09-05,01,quantile,0.35,75.0
2026-08-22,wk inc covid hosp,2,2026-09-05,01,quantile,0.4,77.0
2026-08-22,wk inc covid hosp,2,2026-09-05,01,quantile,0.45,80.0
2026-08-22,wk inc covid hosp,2,2026-09-05,01,quantile,0.5,82.0
2026-08-22,wk inc covid hosp,2,2026-09-05,01,quantile,0.55,85.0
2026-08-22,wk inc covid hosp,2,2026-09-05,01,quantile,0.6,88.0
2026-08-22,wk inc covid hosp,2,2026-09-05,01,quantile,0.65,91.0
2026-08-22,wk inc covid hosp,2,2026-09-05,01,quantile,0.7,94.0
2026-08-22,wk inc covid hosp,2,2026-09-05,01,quantile,0.75,98.0
2026-08-22,wk inc covid hosp,2,2026-09-05,01,quantile,0.8,102.0
2026-08-22,wk inc covid hosp,2,2026-09-05,01,quantile,0.85,108.0
2026-08-22,wk inc covid hosp,2,2026-09-05,01,quantile,0.9,115.0
2026-08-22,wk inc covid hosp,2,2026-09-05,01,quantile,0.95,128.0
2026-08-22,wk inc covid hosp,2,2026-09-05,01,quantile,0.975,141.0
2026-08-22,wk inc covid hosp,2,2026-09-05,01,quantile,0.99,158.0
2026-08-22,wk inc covid hosp,2,2026-09-05,02,quantile,0.01,0.0
2026-08-22,wk inc covid hosp,2,2026-09-05,02,quantile,0.025,1.0
2026-08-22,wk inc covid hosp,2,2026-09-05,02,quantile,0.05,1.0
2026-08-22,wk inc covid hosp,2,2026-09-05,02,quantile,0.1,2.0
2026-08-22,wk inc covid hosp,2,2026-09-05,02,quantile,0.15,2.0
2026-08-22,wk inc covid hosp,2,2026-09-05,02,quantile,0.2,2.0
2026-08-22,wk inc covid hosp,2,2026-09-05,02,quantile,0.25,3.0
2026-08-22,wk inc covid hosp,2,2026-09-05,02,quantile,0.3,3.0
2026-08-22,wk inc covid hosp,2,2026-09-05,02,quantile,0.35,3.0
2026-08-22,wk inc covid hosp,2,2026-09-05,02,quantile,0.4,3.0
2026-08-22,wk inc covid hosp,2,2026-09-05,02,quantile,0.45,4.0
2026-08-22,wk inc covid hosp,2,2026-09-05,02,quantile,0.5,4.0
2026-08-22,wk inc covid hosp,2,2026-09-05,02,quantile,0.55,4.0
2026-08-22,wk inc covid hosp,2,2026-09-05,02,quantile,0.6,5.0
2026-08-22,wk inc covid hosp,2,2026-09-05,02,quantile,0.65,5.0
2026-08-22,wk inc covid hosp,2,2026-09-05,02,quantile,0.7,5.0
2026-08-22,wk inc covid hosp,2,2026-09-05,02,quantile,0.75,6.0
2026-08-22,wk inc covid hosp,2,2026-09-05,02,quantile,0.8,6.0
2026-08-22,wk inc covid hosp,2,2026-09-05,02,quantile,0.85,7.0
2026-08-22,wk inc covid hosp,2,2026-09-05,02,quantile,0.9,7.0
2026-08-22,wk inc covid hosp,2,2026-09-05,02,quantile,0.95,8.0
2026-08-22,wk inc covid hosp,2,2026-09-05,02,quantile,0.975,9.0
2026-08-22,wk inc covid hosp,2,2026-09-05,02,quantile,0.99,11.0
2026-08-22,wk inc covid hosp,2,2026-09-05,04,quantile,0.01,30.0
2026-08-22,wk inc covid hosp,2,2026-09-05,04,quantile,0.025,34.0
2026-08-22,wk inc covid hosp,2,2026-09-05,04,quantile,0.05,37.0
2026-08-22,wk inc covid hosp,2,2026-09-05,04,quantile,0.1,41.0
2026-08-22,wk inc covid hosp,2,2026-09-05,04,quantile,0.15,44.0
2026-08-22,wk inc covid hosp,2,2026-09-05,04,quantile,0.2,46.0
2026-08-22,wk inc covid hosp,2,2026-09-05,04,quantile,0.25,49.0
2026-08-22,wk inc covid hosp,2,2026-09-05,04,quantile,0.3,51.0
2026-08-22,wk inc covid hosp,2,2026-09-05,04,quantile,0.35,52.0
2026-08-22,wk inc covid hosp,2,2026-09-05,04,quantile,0.4,54.0
2026-08-22,wk inc covid hosp,2,2026-09-05,04,quantile,0.45,56.0
2026-08-22,wk inc covid hosp,2,2026-09-05,04,quantile,0.5,58.0
2026-08-22,wk inc covid hosp,2,2026-09-05,04,quantile,0.55,60.0
2026-08-22,wk inc covid hosp,2,2026-09-05,04,quantile,0.6,62.0
2026-08-22,wk inc covid hosp,2,2026-09-05,04,quantile,0.65,64.0
2026-08-22,wk inc covid hosp,2,2026-09-05,04,quantile,0.7,66.0
2026-08-22,wk inc covid hosp,2,2026-09-05,04,quantile,0.75,69.0
2026-08-22,wk inc covid hosp,2,2026-09-05,04,quantile,0.8,72.0
2026-08-22,wk inc covid hosp,2,2026-09-05,04,quantile,0.85,76.0
2026-08-22,wk inc covid hosp,2,2026-09-05,04,quantile,0.9,82.0
2026-08-22,wk inc covid hosp,2,2026-09-05,04,quantile,0.95,91.0
2026-08-22,wk inc covid hosp,2,2026-09-05,04,quantile,0.975,100.0
2026-08-22,wk inc covid hosp,2,2026-09-05,04,quantile,0.99,113.0
2026-08-22,wk inc covid hosp,2,2026-09-05,05,quantile,0.01,6.0
2026-08-22,wk inc covid hosp,2,2026-09-05,05,quantile,0.025,8.0
2026-08-22,wk inc covid hosp,2,2026-09-05,05,quantile,0.05,9.0
2026-08-22,wk inc covid hosp,2,2026-09-05,05,quantile,0.1,11.0
2026-08-22,wk inc covid hosp,2,2026-09-05,05,quantile,0.15,12.0
2026-08-22,wk inc covid hosp,2,2026-09-05,05,quantile,0.2,13.0
2026-08-22,wk inc covid hosp,2,2026-09-05,05,quantile,0.25,14.0
2026-08-22,wk inc covid hosp,2,2026-09-05,05,quantile,0.3,14.0
2026-08-22,wk inc covid hosp,2,2026-09-05,05,quantile,0.35,15.0
2026-08-22,wk inc covid hosp,2,2026-09-05,05,quantile,0.4,16.0
2026-08-22,wk inc covid hosp,2,2026-09-05,05,quantile,0.45,17.0
2026-08-22,wk inc covid hosp,2,2026-09-05,05,quantile,0.5,17.0
2026-08-22,wk inc covid hosp,2,2026-09-05,05,quantile,0.55,18.0
2026-08-22,wk inc covid hosp,2,2026-09-05,05,quantile,0.6,19.0
2026-08-22,wk inc covid hosp,2,2026-09-05,05,quantile,0.65,20.0
2026-08-22,wk inc covid hosp,2,2026-09-05,05,quantile,0.7,20.0
2026-08-22,wk inc covid hosp,2,2026-09-05,05,quantile,0.75,21.0
2026-08-22,wk inc covid hosp,2,2026-09-05,05,quantile,0.8,23.0
2026-08-22,wk inc covid hosp,2,2026-09-05,05,quantile,0.85,24.0
2026-08-22,wk inc covid hosp,2,2026-09-05,05,quantile,0.9,26.0
2026-08-22,wk inc covid hosp,2,2026-09-05,05,quantile,0.95,29.0
2026-08-22,wk inc covid hosp,2,2026-09-05,05,quantile,0.975,32.0
2026-08-22,wk inc covid hosp,2,2026-09-05,05,quantile,0.99,36.0
2026-08-22,wk inc covid hosp,2,2026-09-05,06,quantile,0.01,291.0
2026-08-22,wk inc covid hosp,2,2026-09-05,06,quantile,0.025,318.0
2026-08-22,wk inc covid hosp,2,2026-09-05,06,quantile,0.05,342.0
2026-08-22,wk inc covid hosp,2,2026-09-05,06,quantile,0.1,372.0
2026-08-22,wk inc covid hosp,2,2026-09-05,06,quantile,0.15,393.0
2026-08-22,wk inc covid hosp,2,2026-09-05,06,quantile,0.2,412.0
2026-08-22,wk inc covid hosp,2,2026-09-05,06,quantile,0.25,427.0
2026-08-22,wk inc covid hosp,2,2026-09-05,06,quantile,0.3,442.0
2026-08-22,wk inc covid hosp,2,2026-09-05,06,quantile,0.35,457.0
2026-08-22,wk inc covid hosp,2,2026-09-05,06,quantile,0.4,470.0
2026-08-22,wk inc covid hosp,2,2026-09-05,06,quantile,0.45,484.0
2026-08-22,wk inc covid hosp,2,2026-09-05,06,quantile,0.5,498.0
2026-08-22,wk inc covid hosp,2,2026-09-05,06,quantile,0.55,513.0
2026-08-22,wk inc covid hosp,2,2026-09-05,06,quantile,0.6,528.0
2026-08-22,wk inc covid hosp,2,2026-09-05,06,quantile,0.65,545.0
2026-08-22,wk inc covid hosp,2,2026-09-05,06,quantile,0.7,565.0
2026-08-22,wk inc covid hosp,2,2026-09-05,06,quantile,0.75,585.0
2026-08-22,wk inc covid hosp,2,2026-09-05,06,quantile,0.8,609.0
2026-08-22,wk inc covid hosp,2,2026-09-05,06,quantile,0.85,642.0
2026-08-22,wk inc covid hosp,2,2026-09-05,06,quantile,0.9,691.0
2026-08-22,wk inc covid hosp,2,2026-09-05,06,quantile,0.95,765.0
2026-08-22,wk inc covid hosp,2,2026-09-05,06,quantile,0.975,833.0
2026-08-22,wk inc covid hosp,2,2026-09-05,06,quantile,0.99,961.0
2026-08-22,wk inc covid hosp,2,2026-09-05,08,quantile,0.01,6.0
2026-08-22,wk inc covid hosp,2,2026-09-05,08,quantile,0.025,8.0
2026-08-22,wk inc covid hosp,2,2026-09-05,08,quantile,0.05,9.0
2026-08-22,wk inc covid hosp,2,2026-09-05,08,quantile,0.1,10.0
2026-08-22,wk inc covid hosp,2,2026-09-05,08,quantile,0.15,11.0
2026-08-22,wk inc covid hosp,2,2026-09-05,08,quantile,0.2,12.0
2026-08-22,wk inc covid hosp,2,2026-09-05,08,quantile,0.25,13.0
2026-08-22,wk inc covid hosp,2,2026-09-05,08,quantile,0.3,14.0
2026-08-22,wk inc covid hosp,2,2026-09-05,08,quantile,0.35,15.0
2026-08-22,wk inc covid hosp,2,2026-09-05,08,quantile,0.4,16.0
2026-08-22,wk inc covid hosp,2,2026-09-05,08,quantile,0.45,16.0
2026-08-22,wk inc covid hosp,2,2026-09-05,08,quantile,0.5,17.0
2026-08-22,wk inc covid hosp,2,2026-09-05,08,quantile,0.55,18.0
2026-08-22,wk inc covid hosp,2,2026-09-05,08,quantile,0.6,18.0
2026-08-22,wk inc covid hosp,2,2026-09-05,08,quantile,0.65,19.0
2026-08-22,wk inc covid hosp,2,2026-09-05,08,quantile,0.7,20.0
2026-08-22,wk inc covid hosp,2,2026-09-05,08,quantile,0.75,21.0
2026-08-22,wk inc covid hosp,2,2026-09-05,08,quantile,0.8,22.0
2026-08-22,wk inc covid hosp,2,2026-09-05,08,quantile,0.85,24.0
2026-08-22,wk inc covid hosp,2,2026-09-05,08,quantile,0.9,26.0
2026-08-22,wk inc covid hosp,2,2026-09-05,08,quantile,0.95,29.0
2026-08-22,wk inc covid hosp,2,2026-09-05,08,quantile,0.975,32.0
2026-08-22,wk inc covid hosp,2,2026-09-05,08,quantile,0.99,36.0
2026-08-22,wk inc covid hosp,2,2026-09-05,09,quantile,0.01,3.0
2026-08-22,wk inc covid hosp,2,2026-09-05,09,quantile,0.025,4.0
2026-08-22,wk inc covid hosp,2,2026-09-05,09,quantile,0.05,4.0
2026-08-22,wk inc covid hosp,2,2026-09-05,09,quantile,0.1,5.0
2026-08-22,wk inc covid hosp,2,2026-09-05,09,quantile,0.15,6.0
2026-08-22,wk inc covid hosp,2,2026-09-05,09,quantile,0.2,7.0
2026-08-22,wk inc covid hosp,2,2026-09-05,09,quantile,0.25,7.0
2026-08-22,wk inc covid hosp,2,2026-09-05,09,quantile,0.3,8.0
2026-08-22,wk inc covid hosp,2,2026-09-05,09,quantile,0.35,8.0
2026-08-22,wk inc covid hosp,2,2026-09-05,09,quantile,0.4,9.0
2026-08-22,wk inc covid hosp,2,2026-09-05,09,quantile,0.45,9.0
2026-08-22,wk inc covid hosp,2,2026-09-05,09,quantile,0.5,10.0
2026-08-22,wk inc covid hosp,2,2026-09-05,09,quantile,0.55,10.0
2026-08-22,wk inc covid hosp,2,2026-09-05,09,quantile,0.6,11.0
2026-08-22,wk inc covid hosp,2,2026-09-05,09,quantile,0.65,11.0
2026-08-22,wk inc covid hosp,2,2026-09-05,09,quantile,0.7,12.0
2026-08-22,wk inc covid hosp,2,2026-09-05,09,quantile,0.75,12.0
2026-08-22,wk inc covid hosp,2,2026-09-05,09,quantile,0.8,13.0
2026-08-22,wk inc covid hosp,2,2026-09-05,09,quantile,0.85,14.0
2026-08-22,wk inc covid hosp,2,2026-09-05,09,quantile,0.9,15.0
2026-08-22,wk inc covid hosp,2,2026-09-05,09,quantile,0.95,17.0
2026-08-22,wk inc covid hosp,2,2026-09-05,09,quantile,0.975,19.0
2026-08-22,wk inc covid hosp,2,2026-09-05,09,quantile,0.99,22.0
2026-08-22,wk inc covid hosp,2,2026-09-05,10,quantile,0.01,0.0
2026-08-22,wk inc covid hosp,2,2026-09-05,10,quantile,0.025,0.0
2026-08-22,wk inc covid hosp,2,2026-09-05,10,quantile,0.05,0.0
2026-08-22,wk inc covid hosp,2,2026-09-05,10,quantile,0.1,1.0
2026-08-22,wk inc covid hosp,2,2026-09-05,10,quantile,0.15,1.0
2026-08-22,wk inc covid hosp,2,2026-09-05,10,quantile,0.2,1.0
2026-08-22,wk inc covid hosp,2,2026-09-05,10,quantile,0.25,2.0
2026-08-22,wk inc covid hosp,2,2026-09-05,10,quantile,0.3,2.0
2026-08-22,wk inc covid hosp,2,2026-09-05,10,quantile,0.35,2.0
2026-08-22,wk inc covid hosp,2,2026-09-05,10,quantile,0.4,2.0
2026-08-22,wk inc covid hosp,2,2026-09-05,10,quantile,0.45,2.0
2026-08-22,wk inc covid hosp,2,2026-09-05,10,quantile,0.5,3.0
2026-08-22,wk inc covid hosp,2,2026-09-05,10,quantile,0.55,3.0
2026-08-22,wk inc covid hosp,2,2026-09-05,10,quantile,0.6,3.0
2026-08-22,wk inc covid hosp,2,2026-09-05,10,quantile,0.65,3.0
2026-08-22,wk inc covid hosp,2,2026-09-05,10,quantile,0.7,4.0
2026-08-22,wk inc covid hosp,2,2026-09-05,10,quantile,0.75,4.0
2026-08-22,wk inc covid hosp,2,2026-09-05,10,quantile,0.8,4.0
2026-08-22,wk inc covid hosp,2,2026-09-05,10,quantile,0.85,5.0
2026-08-22,wk inc covid hosp,2,2026-09-05,10,quantile,0.9,5.0
2026-08-22,wk inc covid hosp,2,2026-09-05,10,quantile,0.95,6.0
2026-08-22,wk inc covid hosp,2,2026-09-05,10,quantile,0.975,7.0
2026-08-22,wk inc covid hosp,2,2026-09-05,10,quantile,0.99,8.0
2026-08-22,wk inc covid hosp,2,2026-09-05,11,quantile,0.01,1.0
2026-08-22,wk inc covid hosp,2,2026-09-05,11,quantile,0.025,2.0
2026-08-22,wk inc covid hosp,2,2026-09-05,11,quantile,0.05,2.0
2026-08-22,wk inc covid hosp,2,2026-09-05,11,quantile,0.1,3.0
2026-08-22,wk inc covid hosp,2,2026-09-05,11,quantile,0.15,3.0
2026-08-22,wk inc covid hosp,2,2026-09-05,11,quantile,0.2,4.0
2026-08-22,wk inc covid hosp,2,2026-09-05,11,quantile,0.25,4.0
2026-08-22,wk inc covid hosp,2,2026-09-05,11,quantile,0.3,5.0
2026-08-22,wk inc covid hosp,2,2026-09-05,11,quantile,0.35,5.0
2026-08-22,wk inc covid hosp,2,2026-09-05,11,quantile,0.4,5.0
2026-08-22,wk inc covid hosp,2,2026-09-05,11,quantile,0.45,6.0
2026-08-22,wk inc covid hosp,2,2026-09-05,11,quantile,0.5,6.0
2026-08-22,wk inc covid hosp,2,2026-09-05,11,quantile,0.55,6.0
2026-08-22,wk inc covid hosp,2,2026-09-05,11,quantile,0.6,7.0
2026-08-22,wk inc covid hosp,2,2026-09-05,11,quantile,0.65,7.0
2026-08-22,wk inc covid hosp,2,2026-09-05,11,quantile,0.7,8.0
2026-08-22,wk inc covid hosp,2,2026-09-05,11,quantile,0.75,8.0
2026-08-22,wk inc covid hosp,2,2026-09-05,11,quantile,0.8,9.0
2026-08-22,wk inc covid hosp,2,2026-09-05,11,quantile,0.85,9.0
2026-08-22,wk inc covid hosp,2,2026-09-05,11,quantile,0.9,10.0
2026-08-22,wk inc covid hosp,2,2026-09-05,11,quantile,0.95,12.0
2026-08-22,wk inc covid hosp,2,2026-09-05,11,quantile,0.975,13.0
2026-08-22,wk inc covid hosp,2,2026-09-05,11,quantile,0.99,15.0
2026-08-22,wk inc covid hosp,2,2026-09-05,12,quantile,0.01,222.0
2026-08-22,wk inc covid hosp,2,2026-09-05,12,quantile,0.025,244.0
2026-08-22,wk inc covid hosp,2,2026-09-05,12,quantile,0.05,262.0
2026-08-22,wk inc covid hosp,2,2026-09-05,12,quantile,0.1,282.0
2026-08-22,wk inc covid hosp,2,2026-09-05,12,quantile,0.15,299.0
2026-08-22,wk inc covid hosp,2,2026-09-05,12,quantile,0.2,314.0
2026-08-22,wk inc covid hosp,2,2026-09-05,12,quantile,0.25,328.0
2026-08-22,wk inc covid hosp,2,2026-09-05,12,quantile,0.3,339.0
2026-08-22,wk inc covid hosp,2,2026-09-05,12,quantile,0.35,350.0
2026-08-22,wk inc covid hosp,2,2026-09-05,12,quantile,0.4,361.0
2026-08-22,wk inc covid hosp,2,2026-09-05,12,quantile,0.45,372.0
2026-08-22,wk inc covid hosp,2,2026-09-05,12,quantile,0.5,382.0
2026-08-22,wk inc covid hosp,2,2026-09-05,12,quantile,0.55,394.0
2026-08-22,wk inc covid hosp,2,2026-09-05,12,quantile,0.6,407.0
2026-08-22,wk inc covid hosp,2,2026-09-05,12,quantile,0.65,421.0
2026-08-22,wk inc covid hosp,2,2026-09-05,12,quantile,0.7,436.0
2026-08-22,wk inc covid hosp,2,2026-09-05,12,quantile,0.75,452.0
2026-08-22,wk inc covid hosp,2,2026-09-05,12,quantile,0.8,472.0
2026-08-22,wk inc covid hosp,2,2026-09-05,12,quantile,0.85,497.0
2026-08-22,wk inc covid hosp,2,2026-09-05,12,quantile,0.9,531.0
2026-08-22,wk inc covid hosp,2,2026-09-05,12,quantile,0.95,593.0
2026-08-22,wk inc covid hosp,2,2026-09-05,12,quantile,0.975,656.0
2026-08-22,wk inc covid hosp,2,2026-09-05,12,quantile,0.99,747.0
2026-08-22,wk inc covid hosp,2,2026-09-05,13,quantile,0.01,51.0
2026-08-22,wk inc covid hosp,2,2026-09-05,13,quantile,0.025,57.0
2026-08-22,wk inc covid hosp,2,2026-09-05,13,quantile,0.05,62.0
2026-08-22,wk inc covid hosp,2,2026-09-05,13,quantile,0.1,68.0
2026-08-22,wk inc covid hosp,2,2026-09-05,13,quantile,0.15,73.0
2026-08-22,wk inc covid hosp,2,2026-09-05,13,quantile,0.2,76.0
2026-08-22,wk inc covid hosp,2,2026-09-05,13,quantile,0.25,80.0
2026-08-22,wk inc covid hosp,2,2026-09-05,13,quantile,0.3,83.0
2026-08-22,wk inc covid hosp,2,2026-09-05,13,quantile,0.35,86.0
2026-08-22,wk inc covid hosp,2,2026-09-05,13,quantile,0.4,89.0
2026-08-22,wk inc covid hosp,2,2026-09-05,13,quantile,0.45,92.0
2026-08-22,wk inc covid hosp,2,2026-09-05,13,quantile,0.5,95.0
2026-08-22,wk inc covid hosp,2,2026-09-05,13,quantile,0.55,98.0
2026-08-22,wk inc covid hosp,2,2026-09-05,13,quantile,0.6,101.0
2026-08-22,wk inc covid hosp,2,2026-09-05,13,quantile,0.65,104.0
2026-08-22,wk inc covid hosp,2,2026-09-05,13,quantile,0.7,108.0
2026-08-22,wk inc covid hosp,2,2026-09-05,13,quantile,0.75,113.0
2026-08-22,wk inc covid hosp,2,2026-09-05,13,quantile,0.8,118.0
2026-08-22,wk inc covid hosp,2,2026-09-05,13,quantile,0.85,124.0
2026-08-22,wk inc covid hosp,2,2026-09-05,13,quantile,0.9,133.0
2026-08-22,wk inc covid hosp,2,2026-09-05,13,quantile,0.95,147.0
2026-08-22,wk inc covid hosp,2,2026-09-05,13,quantile,0.975,164.0
2026-08-22,wk inc covid hosp,2,2026-09-05,13,quantile,0.99,183.0
2026-08-22,wk inc covid hosp,2,2026-09-05,15,quantile,0.01,9.0
2026-08-22,wk inc covid hosp,2,2026-09-05,15,quantile,0.025,11.0
2026-08-22,wk inc covid hosp,2,2026-09-05,15,quantile,0.05,12.0
2026-08-22,wk inc covid hosp,2,2026-09-05,15,quantile,0.1,15.0
2026-08-22,wk inc covid hosp,2,2026-09-05,15,quantile,0.15,16.0
2026-08-22,wk inc covid hosp,2,2026-09-05,15,quantile,0.2,17.0
2026-08-22,wk inc covid hosp,2,2026-09-05,15,quantile,0.25,18.0
2026-08-22,wk inc covid hosp,2,2026-09-05,15,quantile,0.3,19.0
2026-08-22,wk inc covid hosp,2,2026-09-05,15,quantile,0.35,20.0
2026-08-22,wk inc covid hosp,2,2026-09-05,15,quantile,0.4,21.0
2026-08-22,wk inc covid hosp,2,2026-09-05,15,quantile,0.45,22.0
2026-08-22,wk inc covid hosp,2,2026-09-05,15,quantile,0.5,22.0
2026-08-22,wk inc covid hosp,2,2026-09-05,15,quantile,0.55,23.0
2026-08-22,wk inc covid hosp,2,2026-09-05,15,quantile,0.6,24.0
2026-08-22,wk inc covid hosp,2,2026-09-05,15,quantile,0.65,25.0
2026-08-22,wk inc covid hosp,2,2026-09-05,15,quantile,0.7,26.0
2026-08-22,wk inc covid hosp,2,2026-09-05,15,quantile,0.75,28.0
2026-08-22,wk inc covid hosp,2,2026-09-05,15,quantile,0.8,29.0
2026-08-22,wk inc covid hosp,2,2026-09-05,15,quantile,0.85,31.0
2026-08-22,wk inc covid hosp,2,2026-09-05,15,quantile,0.9,33.0
2026-08-22,wk inc covid hosp,2,2026-09-05,15,quantile,0.95,37.0
2026-08-22,wk inc covid hosp,2,2026-09-05,15,quantile,0.975,41.0
2026-08-22,wk inc covid hosp,2,2026-09-05,15,quantile,0.99,46.0
2026-08-22,wk inc covid hosp,2,2026-09-05,16,quantile,0.01,1.0
2026-08-22,wk inc covid hosp,2,2026-09-05,16,quantile,0.025,1.0
2026-08-22,wk inc covid hosp,2,2026-09-05,16,quantile,0.05,2.0
2026-08-22,wk inc covid hosp,2,2026-09-05,16,quantile,0.1,2.0
2026-08-22,wk inc covid hosp,2,2026-09-05,16,quantile,0.15,3.0
2026-08-22,wk inc covid hosp,2,2026-09-05,16,quantile,0.2,3.0
2026-08-22,wk inc covid hosp,2,2026-09-05,16,quantile,0.25,3.0
2026-08-22,wk inc covid hosp,2,2026-09-05,16,quantile,0.3,4.0
2026-08-22,wk inc covid hosp,2,2026-09-05,16,quantile,0.35,4.0
2026-08-22,wk inc covid hosp,2,2026-09-05,16,quantile,0.4,4.0
2026-08-22,wk inc covid hosp,2,2026-09-05,16,quantile,0.45,5.0
2026-08-22,wk inc covid hosp,2,2026-09-05,16,quantile,0.5,5.0
2026-08-22,wk inc covid hosp,2,2026-09-05,16,quantile,0.55,5.0
2026-08-22,wk inc covid hosp,2,2026-09-05,16,quantile,0.6,6.0
2026-08-22,wk inc covid hosp,2,2026-09-05,16,quantile,0.65,6.0
2026-08-22,wk inc covid hosp,2,2026-09-05,16,quantile,0.7,7.0
2026-08-22,wk inc covid hosp,2,2026-09-05,16,quantile,0.75,7.0
2026-08-22,wk inc covid hosp,2,2026-09-05,16,quantile,0.8,8.0
2026-08-22,wk inc covid hosp,2,2026-09-05,16,quantile,0.85,8.0
2026-08-22,wk inc covid hosp,2,2026-09-05,16,quantile,0.9,9.0
2026-08-22,wk inc covid hosp,2,2026-09-05,16,quantile,0.95,10.0
2026-08-22,wk inc covid hosp,2,2026-09-05,16,quantile,0.975,12.0
2026-08-22,wk inc covid hosp,2,2026-09-05,16,quantile,0.99,13.0
2026-08-22,wk inc covid hosp,2,2026-09-05,17,quantile,0.01,21.0
2026-08-22,wk inc covid hosp,2,2026-09-05,17,quantile,0.025,24.0
2026-08-22,wk inc covid hosp,2,2026-09-05,17,quantile,0.05,27.0
2026-08-22,wk inc covid hosp,2,2026-09-05,17,quantile,0.1,30.0
2026-08-22,wk inc covid hosp,2,2026-09-05,17,quantile,0.15,32.0
2026-08-22,wk inc covid hosp,2,2026-09-05,17,quantile,0.2,34.0
2026-08-22,wk inc covid hosp,2,2026-09-05,17,quantile,0.25,36.0
2026-08-22,wk inc covid hosp,2,2026-09-05,17,quantile,0.3,37.0
2026-08-22,wk inc covid hosp,2,2026-09-05,17,quantile,0.35,39.0
2026-08-22,wk inc covid hosp,2,2026-09-05,17,quantile,0.4,41.0
2026-08-22,wk inc covid hosp,2,2026-09-05,17,quantile,0.45,42.0
2026-08-22,wk inc covid hosp,2,2026-09-05,17,quantile,0.5,44.0
2026-08-22,wk inc covid hosp,2,2026-09-05,17,quantile,0.55,45.0
2026-08-22,wk inc covid hosp,2,2026-09-05,17,quantile,0.6,47.0
2026-08-22,wk inc covid hosp,2,2026-09-05,17,quantile,0.65,49.0
2026-08-22,wk inc covid hosp,2,2026-09-05,17,quantile,0.7,51.0
2026-08-22,wk inc covid hosp,2,2026-09-05,17,quantile,0.75,53.0
2026-08-22,wk inc covid hosp,2,2026-09-05,17,quantile,0.8,55.0
2026-08-22,wk inc covid hosp,2,2026-09-05,17,quantile,0.85,59.0
2026-08-22,wk inc covid hosp,2,2026-09-05,17,quantile,0.9,63.0
2026-08-22,wk inc covid hosp,2,2026-09-05,17,quantile,0.95,70.0
2026-08-22,wk inc covid hosp,2,2026-09-05,17,quantile,0.975,77.0
2026-08-22,wk inc covid hosp,2,2026-09-05,17,quantile,0.99,88.0
2026-08-22,wk inc covid hosp,2,2026-09-05,18,quantile,0.01,13.0
2026-08-22,wk inc covid hosp,2,2026-09-05,18,quantile,0.025,16.0
2026-08-22,wk inc covid hosp,2,2026-09-05,18,quantile,0.05,18.0
2026-08-22,wk inc covid hosp,2,2026-09-05,18,quantile,0.1,20.0
2026-08-22,wk inc covid hosp,2,2026-09-05,18,quantile,0.15,22.0
2026-08-22,wk inc covid hosp,2,2026-09-05,18,quantile,0.2,23.0
2026-08-22,wk inc covid hosp,2,2026-09-05,18,quantile,0.25,24.0
2026-08-22,wk inc covid hosp,2,2026-09-05,18,quantile,0.3,26.0
2026-08-22,wk inc covid hosp,2,2026-09-05,18,quantile,0.35,27.0
2026-08-22,wk inc covid hosp,2,2026-09-05,18,quantile,0.4,28.0
2026-08-22,wk inc covid hosp,2,2026-09-05,18,quantile,0.45,29.0
2026-08-22,wk inc covid hosp,2,2026-09-05,18,quantile,0.5,30.0
2026-08-22,wk inc covid hosp,2,2026-09-05,18,quantile,0.55,31.0
2026-08-22,wk inc covid hosp,2,2026-09-05,18,quantile,0.6,32.0
2026-08-22,wk inc covid hosp,2,2026-09-05,18,quantile,0.65,34.0
2026-08-22,wk inc covid hosp,2,2026-09-05,18,quantile,0.7,35.0
2026-08-22,wk inc covid hosp,2,2026-09-05,18,quantile,0.75,37.0
2026-08-22,wk inc covid hosp,2,2026-09-05,18,quantile,0.8,38.0
2026-08-22,wk inc covid hosp,2,2026-09-05,18,quantile,0.85,41.0
2026-08-22,wk inc covid hosp,2,2026-09-05,18,quantile,0.9,44.0
2026-08-22,wk inc covid hosp,2,2026-09-05,18,quantile,0.95,49.0
2026-08-22,wk inc covid hosp,2,2026-09-05,18,quantile,0.975,55.0
2026-08-22,wk inc covid hosp,2,2026-09-05,18,quantile,0.99,63.0
2026-08-22,wk inc covid hosp,2,2026-09-05,19,quantile,0.01,1.0
2026-08-22,wk inc covid hosp,2,2026-09-05,19,quantile,0.025,2.0
2026-08-22,wk inc covid hosp,2,2026-09-05,19,quantile,0.05,3.0
2026-08-22,wk inc covid hosp,2,2026-09-05,19,quantile,0.1,4.0
2026-08-22,wk inc covid hosp,2,2026-09-05,19,quantile,0.15,4.0
2026-08-22,wk inc covid hosp,2,2026-09-05,19,quantile,0.2,5.0
2026-08-22,wk inc covid hosp,2,2026-09-05,19,quantile,0.25,5.0
2026-08-22,wk inc covid hosp,2,2026-09-05,19,quantile,0.3,6.0
2026-08-22,wk inc covid hosp,2,2026-09-05,19,quantile,0.35,6.0
2026-08-22,wk inc covid hosp,2,2026-09-05,19,quantile,0.4,6.0
2026-08-22,wk inc covid hosp,2,2026-09-05,19,quantile,0.45,7.0
2026-08-22,wk inc covid hosp,2,2026-09-05,19,quantile,0.5,7.0
2026-08-22,wk inc covid hosp,2,2026-09-05,19,quantile,0.55,8.0
2026-08-22,wk inc covid hosp,2,2026-09-05,19,quantile,0.6,8.0
2026-08-22,wk inc covid hosp,2,2026-09-05,19,quantile,0.65,8.0
2026-08-22,wk inc covid hosp,2,2026-09-05,19,quantile,0.7,9.0
2026-08-22,wk inc covid hosp,2,2026-09-05,19,quantile,0.75,10.0
2026-08-22,wk inc covid hosp,2,2026-09-05,19,quantile,0.8,10.0
2026-08-22,wk inc covid hosp,2,2026-09-05,19,quantile,0.85,11.0
2026-08-22,wk inc covid hosp,2,2026-09-05,19,quantile,0.9,12.0
2026-08-22,wk inc covid hosp,2,2026-09-05,19,quantile,0.95,14.0
2026-08-22,wk inc covid hosp,2,2026-09-05,19,quantile,0.975,15.0
2026-08-22,wk inc covid hosp,2,2026-09-05,19,quantile,0.99,17.0
2026-08-22,wk inc covid hosp,2,2026-09-05,20,quantile,0.01,2.0
2026-08-22,wk inc covid hosp,2,2026-09-05,20,quantile,0.025,3.0
2026-08-22,wk inc covid hosp,2,2026-09-05,20,quantile,0.05,3.0
2026-08-22,wk inc covid hosp,2,2026-09-05,20,quantile,0.1,4.0
2026-08-22,wk inc covid hosp,2,2026-09-05,20,quantile,0.15,5.0
2026-08-22,wk inc covid hosp,2,2026-09-05,20,quantile,0.2,6.0
2026-08-22,wk inc covid hosp,2,2026-09-05,20,quantile,0.25,6.0
2026-08-22,wk inc covid hosp,2,2026-09-05,20,quantile,0.3,7.0
2026-08-22,wk inc covid hosp,2,2026-09-05,20,quantile,0.35,7.0
2026-08-22,wk inc covid hosp,2,2026-09-05,20,quantile,0.4,8.0
2026-08-22,wk inc covid hosp,2,2026-09-05,20,quantile,0.45,8.0
2026-08-22,wk inc covid hosp,2,2026-09-05,20,quantile,0.5,8.0
2026-08-22,wk inc covid hosp,2,2026-09-05,20,quantile,0.55,9.0
2026-08-22,wk inc covid hosp,2,2026-09-05,20,quantile,0.6,9.0
2026-08-22,wk inc covid hosp,2,2026-09-05,20,quantile,0.65,10.0
2026-08-22,wk inc covid hosp,2,2026-09-05,20,quantile,0.7,10.0
2026-08-22,wk inc covid hosp,2,2026-09-05,20,quantile,0.75,11.0
2026-08-22,wk inc covid hosp,2,2026-09-05,20,quantile,0.8,12.0
2026-08-22,wk inc covid hosp,2,2026-09-05,20,quantile,0.85,13.0
2026-08-22,wk inc covid hosp,2,2026-09-05,20,quantile,0.9,14.0
2026-08-22,wk inc covid hosp,2,2026-09-05,20,quantile,0.95,16.0
2026-08-22,wk inc covid hosp,2,2026-09-05,20,quantile,0.975,17.0
2026-08-22,wk inc covid hosp,2,2026-09-05,20,quantile,0.99,19.0
2026-08-22,wk inc covid hosp,2,2026-09-05,21,quantile,0.01,9.0
2026-08-22,wk inc covid hosp,2,2026-09-05,21,quantile,0.025,11.0
2026-08-22,wk inc covid hosp,2,2026-09-05,21,quantile,0.05,12.0
2026-08-22,wk inc covid hosp,2,2026-09-05,21,quantile,0.1,14.0
2026-08-22,wk inc covid hosp,2,2026-09-05,21,quantile,0.15,16.0
2026-08-22,wk inc covid hosp,2,2026-09-05,21,quantile,0.2,17.0
2026-08-22,wk inc covid hosp,2,2026-09-05,21,quantile,0.25,18.0
2026-08-22,wk inc covid hosp,2,2026-09-05,21,quantile,0.3,19.0
2026-08-22,wk inc covid hosp,2,2026-09-05,21,quantile,0.35,20.0
2026-08-22,wk inc covid hosp,2,2026-09-05,21,quantile,0.4,21.0
2026-08-22,wk inc covid hosp,2,2026-09-05,21,quantile,0.45,22.0
2026-08-22,wk inc covid hosp,2,2026-09-05,21,quantile,0.5,22.0
2026-08-22,wk inc covid hosp,2,2026-09-05,21,quantile,0.55,23.0
2026-08-22,wk inc covid hosp,2,2026-09-05,21,quantile,0.6,24.0
2026-08-22,wk inc covid hosp,2,2026-09-05,21,quantile,0.65,25.0
2026-08-22,wk inc covid hosp,2,2026-09-05,21,quantile,0.7,26.0
2026-08-22,wk inc covid hosp,2,2026-09-05,21,quantile,0.75,28.0
2026-08-22,wk inc covid hosp,2,2026-09-05,21,quantile,0.8,29.0
2026-08-22,wk inc covid hosp,2,2026-09-05,21,quantile,0.85,31.0
2026-08-22,wk inc covid hosp,2,2026-09-05,21,quantile,0.9,34.0
2026-08-22,wk inc covid hosp,2,2026-09-05,21,quantile,0.95,38.0
2026-08-22,wk inc covid hosp,2,2026-09-05,21,quantile,0.975,42.0
2026-08-22,wk inc covid hosp,2,2026-09-05,21,quantile,0.99,47.0
2026-08-22,wk inc covid hosp,2,2026-09-05,22,quantile,0.01,32.0
2026-08-22,wk inc covid hosp,2,2026-09-05,22,quantile,0.025,37.0
2026-08-22,wk inc covid hosp,2,2026-09-05,22,quantile,0.05,40.0
2026-08-22,wk inc covid hosp,2,2026-09-05,22,quantile,0.1,45.0
2026-08-22,wk inc covid hosp,2,2026-09-05,22,quantile,0.15,48.0
2026-08-22,wk inc covid hosp,2,2026-09-05,22,quantile,0.2,51.0
2026-08-22,wk inc covid hosp,2,2026-09-05,22,quantile,0.25,54.0
2026-08-22,wk inc covid hosp,2,2026-09-05,22,quantile,0.3,56.0
2026-08-22,wk inc covid hosp,2,2026-09-05,22,quantile,0.35,58.0
2026-08-22,wk inc covid hosp,2,2026-09-05,22,quantile,0.4,60.0
2026-08-22,wk inc covid hosp,2,2026-09-05,22,quantile,0.45,62.0
2026-08-22,wk inc covid hosp,2,2026-09-05,22,quantile,0.5,64.0
2026-08-22,wk inc covid hosp,2,2026-09-05,22,quantile,0.55,66.0
2026-08-22,wk inc covid hosp,2,2026-09-05,22,quantile,0.6,69.0
2026-08-22,wk inc covid hosp,2,2026-09-05,22,quantile,0.65,71.0
2026-08-22,wk inc covid hosp,2,2026-09-05,22,quantile,0.7,74.0
2026-08-22,wk inc covid hosp,2,2026-09-05,22,quantile,0.75,77.0
2026-08-22,wk inc covid hosp,2,2026-09-05,22,quantile,0.8,81.0
2026-08-22,wk inc covid hosp,2,2026-09-05,22,quantile,0.85,86.0
2026-08-22,wk inc covid hosp,2,2026-09-05,22,quantile,0.9,92.0
2026-08-22,wk inc covid hosp,2,2026-09-05,22,quantile,0.95,103.0
2026-08-22,wk inc covid hosp,2,2026-09-05,22,quantile,0.975,113.0
2026-08-22,wk inc covid hosp,2,2026-09-05,22,quantile,0.99,128.0
2026-08-22,wk inc covid hosp,2,2026-09-05,23,quantile,0.01,0.0
2026-08-22,wk inc covid hosp,2,2026-09-05,23,quantile,0.025,0.0
2026-08-22,wk inc covid hosp,2,2026-09-05,23,quantile,0.05,0.0
2026-08-22,wk inc covid hosp,2,2026-09-05,23,quantile,0.1,0.0
2026-08-22,wk inc covid hosp,2,2026-09-05,23,quantile,0.15,1.0
2026-08-22,wk inc covid hosp,2,2026-09-05,23,quantile,0.2,1.0
2026-08-22,wk inc covid hosp,2,2026-09-05,23,quantile,0.25,1.0
2026-08-22,wk inc covid hosp,2,2026-09-05,23,quantile,0.3,1.0
2026-08-22,wk inc covid hosp,2,2026-09-05,23,quantile,0.35,1.0
2026-08-22,wk inc covid hosp,2,2026-09-05,23,quantile,0.4,2.0
2026-08-22,wk inc covid hosp,2,2026-09-05,23,quantile,0.45,2.0
2026-08-22,wk inc covid hosp,2,2026-09-05,23,quantile,0.5,2.0
2026-08-22,wk inc covid hosp,2,2026-09-05,23,quantile,0.55,2.0
2026-08-22,wk inc covid hosp,2,2026-09-05,23,quantile,0.6,2.0
2026-08-22,wk inc covid hosp,2,2026-09-05,23,quantile,0.65,3.0
2026-08-22,wk inc covid hosp,2,2026-09-05,23,quantile,0.7,3.0
2026-08-22,wk inc covid hosp,2,2026-09-05,23,quantile,0.75,3.0
2026-08-22,wk inc covid hosp,2,2026-09-05,23,quantile,0.8,4.0
2026-08-22,wk inc covid hosp,2,2026-09-05,23,quantile,0.85,4.0
2026-08-22,wk inc covid hosp,2,2026-09-05,23,quantile,0.9,4.0
2026-08-22,wk inc covid hosp,2,2026-09-05,23,quantile,0.95,5.0
2026-08-22,wk inc covid hosp,2,2026-09-05,23,quantile,0.975,6.0
2026-08-22,wk inc covid hosp,2,2026-09-05,23,quantile,0.99,7.0
2026-08-22,wk inc covid hosp,2,2026-09-05,24,quantile,0.01,7.0
2026-08-22,wk inc covid hosp,2,2026-09-05,24,quantile,0.025,8.0
2026-08-22,wk inc covid hosp,2,2026-09-05,24,quantile,0.05,10.0
2026-08-22,wk inc covid hosp,2,2026-09-05,24,quantile,0.1,11.0
2026-08-22,wk inc covid hosp,2,2026-09-05,24,quantile,0.15,13.0
2026-08-22,wk inc covid hosp,2,2026-09-05,24,quantile,0.2,14.0
2026-08-22,wk inc covid hosp,2,2026-09-05,24,quantile,0.25,14.0
2026-08-22,wk inc covid hosp,2,2026-09-05,24,quantile,0.3,15.0
2026-08-22,wk inc covid hosp,2,2026-09-05,24,quantile,0.35,16.0
2026-08-22,wk inc covid hosp,2,2026-09-05,24,quantile,0.4,17.0
2026-08-22,wk inc covid hosp,2,2026-09-05,24,quantile,0.45,18.0
2026-08-22,wk inc covid hosp,2,2026-09-05,24,quantile,0.5,18.0
2026-08-22,wk inc covid hosp,2,2026-09-05,24,quantile,0.55,19.0
2026-08-22,wk inc covid hosp,2,2026-09-05,24,quantile,0.6,20.0
2026-08-22,wk inc covid hosp,2,2026-09-05,24,quantile,0.65,21.0
2026-08-22,wk inc covid hosp,2,2026-09-05,24,quantile,0.7,22.0
2026-08-22,wk inc covid hosp,2,2026-09-05,24,quantile,0.75,23.0
2026-08-22,wk inc covid hosp,2,2026-09-05,24,quantile,0.8,24.0
2026-08-22,wk inc covid hosp,2,2026-09-05,24,quantile,0.85,26.0
2026-08-22,wk inc covid hosp,2,2026-09-05,24,quantile,0.9,28.0
2026-08-22,wk inc covid hosp,2,2026-09-05,24,quantile,0.95,31.0
2026-08-22,wk inc covid hosp,2,2026-09-05,24,quantile,0.975,35.0
2026-08-22,wk inc covid hosp,2,2026-09-05,24,quantile,0.99,40.0
2026-08-22,wk inc covid hosp,2,2026-09-05,25,quantile,0.01,13.0
2026-08-22,wk inc covid hosp,2,2026-09-05,25,quantile,0.025,16.0
2026-08-22,wk inc covid hosp,2,2026-09-05,25,quantile,0.05,18.0
2026-08-22,wk inc covid hosp,2,2026-09-05,25,quantile,0.1,20.0
2026-08-22,wk inc covid hosp,2,2026-09-05,25,quantile,0.15,22.0
2026-08-22,wk inc covid hosp,2,2026-09-05,25,quantile,0.2,24.0
2026-08-22,wk inc covid hosp,2,2026-09-05,25,quantile,0.25,25.0
2026-08-22,wk inc covid hosp,2,2026-09-05,25,quantile,0.3,26.0
2026-08-22,wk inc covid hosp,2,2026-09-05,25,quantile,0.35,27.0
2026-08-22,wk inc covid hosp,2,2026-09-05,25,quantile,0.4,28.0
2026-08-22,wk inc covid hosp,2,2026-09-05,25,quantile,0.45,29.0
2026-08-22,wk inc covid hosp,2,2026-09-05,25,quantile,0.5,31.0
2026-08-22,wk inc covid hosp,2,2026-09-05,25,quantile,0.55,32.0
2026-08-22,wk inc covid hosp,2,2026-09-05,25,quantile,0.6,33.0
2026-08-22,wk inc covid hosp,2,2026-09-05,25,quantile,0.65,34.0
2026-08-22,wk inc covid hosp,2,2026-09-05,25,quantile,0.7,36.0
2026-08-22,wk inc covid hosp,2,2026-09-05,25,quantile,0.75,37.0
2026-08-22,wk inc covid hosp,2,2026-09-05,25,quantile,0.8,39.0
2026-08-22,wk inc covid hosp,2,2026-09-05,25,quantile,0.85,41.0
2026-08-22,wk inc covid hosp,2,2026-09-05,25,quantile,0.9,44.0
2026-08-22,wk inc covid hosp,2,2026-09-05,25,quantile,0.95,50.0
2026-08-22,wk inc covid hosp,2,2026-09-05,25,quantile,0.975,56.0
2026-08-22,wk inc covid hosp,2,2026-09-05,25,quantile,0.99,64.0
2026-08-22,wk inc covid hosp,2,2026-09-05,26,quantile,0.01,14.0
2026-08-22,wk inc covid hosp,2,2026-09-05,26,quantile,0.025,17.0
2026-08-22,wk inc covid hosp,2,2026-09-05,26,quantile,0.05,19.0
2026-08-22,wk inc covid hosp,2,2026-09-05,26,quantile,0.1,21.0
2026-08-22,wk inc covid hosp,2,2026-09-05,26,quantile,0.15,23.0
2026-08-22,wk inc covid hosp,2,2026-09-05,26,quantile,0.2,25.0
2026-08-22,wk inc covid hosp,2,2026-09-05,26,quantile,0.25,26.0
2026-08-22,wk inc covid hosp,2,2026-09-05,26,quantile,0.3,27.0
2026-08-22,wk inc covid hosp,2,2026-09-05,26,quantile,0.35,29.0
2026-08-22,wk inc covid hosp,2,2026-09-05,26,quantile,0.4,30.0
2026-08-22,wk inc covid hosp,2,2026-09-05,26,quantile,0.45,31.0
2026-08-22,wk inc covid hosp,2,2026-09-05,26,quantile,0.5,32.0
2026-08-22,wk inc covid hosp,2,2026-09-05,26,quantile,0.55,33.0
2026-08-22,wk inc covid hosp,2,2026-09-05,26,quantile,0.6,35.0
2026-08-22,wk inc covid hosp,2,2026-09-05,26,quantile,0.65,36.0
2026-08-22,wk inc covid hosp,2,2026-09-05,26,quantile,0.7,38.0
2026-08-22,wk inc covid hosp,2,2026-09-05,26,quantile,0.75,39.0
2026-08-22,wk inc covid hosp,2,2026-09-05,26,quantile,0.8,41.0
2026-08-22,wk inc covid hosp,2,2026-09-05,26,quantile,0.85,44.0
2026-08-22,wk inc covid hosp,2,2026-09-05,26,quantile,0.9,47.0
2026-08-22,wk inc covid hosp,2,2026-09-05,26,quantile,0.95,53.0
2026-08-22,wk inc covid hosp,2,2026-09-05,26,quantile,0.975,58.0
2026-08-22,wk inc covid hosp,2,2026-09-05,26,quantile,0.99,66.0
2026-08-22,wk inc covid hosp,2,2026-09-05,27,quantile,0.01,4.0
2026-08-22,wk inc covid hosp,2,2026-09-05,27,quantile,0.025,5.0
2026-08-22,wk inc covid hosp,2,2026-09-05,27,quantile,0.05,7.0
2026-08-22,wk inc covid hosp,2,2026-09-05,27,quantile,0.1,8.0
2026-08-22,wk inc covid hosp,2,2026-09-05,27,quantile,0.15,9.0
2026-08-22,wk inc covid hosp,2,2026-09-05,27,quantile,0.2,10.0
2026-08-22,wk inc covid hosp,2,2026-09-05,27,quantile,0.25,10.0
2026-08-22,wk inc covid hosp,2,2026-09-05,27,quantile,0.3,11.0
2026-08-22,wk inc covid hosp,2,2026-09-05,27,quantile,0.35,12.0
2026-08-22,wk inc covid hosp,2,2026-09-05,27,quantile,0.4,12.0
2026-08-22,wk inc covid hosp,2,2026-09-05,27,quantile,0.45,13.0
2026-08-22,wk inc covid hosp,2,2026-09-05,27,quantile,0.5,13.0
2026-08-22,wk inc covid hosp,2,2026-09-05,27,quantile,0.55,14.0
2026-08-22,wk inc covid hosp,2,2026-09-05,27,quantile,0.6,15.0
2026-08-22,wk inc covid hosp,2,2026-09-05,27,quantile,0.65,15.0
2026-08-22,wk inc covid hosp,2,2026-09-05,27,quantile,0.7,16.0
2026-08-22,wk inc covid hosp,2,2026-09-05,27,quantile,0.75,17.0
2026-08-22,wk inc covid hosp,2,2026-09-05,27,quantile,0.8,18.0
2026-08-22,wk inc covid hosp,2,2026-09-05,27,quantile,0.85,19.0
2026-08-22,wk inc covid hosp,2,2026-09-05,27,quantile,0.9,21.0
2026-08-22,wk inc covid hosp,2,2026-09-05,27,quantile,0.95,24.0
2026-08-22,wk inc covid hosp,2,2026-09-05,27,quantile,0.975,26.0
2026-08-22,wk inc covid hosp,2,2026-09-05,27,quantile,0.99,29.0
2026-08-22,wk inc covid hosp,2,2026-09-05,28,quantile,0.01,21.0
2026-08-22,wk inc covid hosp,2,2026-09-05,28,quantile,0.025,24.0
2026-08-22,wk inc covid hosp,2,2026-09-05,28,quantile,0.05,27.0
2026-08-22,wk inc covid hosp,2,2026-09-05,28,quantile,0.1,31.0
2026-08-22,wk inc covid hosp,2,2026-09-05,28,quantile,0.15,33.0
2026-08-22,wk inc covid hosp,2,2026-09-05,28,quantile,0.2,35.0
2026-08-22,wk inc covid hosp,2,2026-09-05,28,quantile,0.25,37.0
2026-08-22,wk inc covid hosp,2,2026-09-05,28,quantile,0.3,38.0
2026-08-22,wk inc covid hosp,2,2026-09-05,28,quantile,0.35,40.0
2026-08-22,wk inc covid hosp,2,2026-09-05,28,quantile,0.4,42.0
2026-08-22,wk inc covid hosp,2,2026-09-05,28,quantile,0.45,43.0
2026-08-22,wk inc covid hosp,2,2026-09-05,28,quantile,0.5,44.0
2026-08-22,wk inc covid hosp,2,2026-09-05,28,quantile,0.55,46.0
2026-08-22,wk inc covid hosp,2,2026-09-05,28,quantile,0.6,48.0
2026-08-22,wk inc covid hosp,2,2026-09-05,28,quantile,0.65,50.0
2026-08-22,wk inc covid hosp,2,2026-09-05,28,quantile,0.7,52.0
2026-08-22,wk inc covid hosp,2,2026-09-05,28,quantile,0.75,54.0
2026-08-22,wk inc covid hosp,2,2026-09-05,28,quantile,0.8,57.0
2026-08-22,wk inc covid hosp,2,2026-09-05,28,quantile,0.85,60.0
2026-08-22,wk inc covid hosp,2,2026-09-05,28,quantile,0.9,65.0
2026-08-22,wk inc covid hosp,2,2026-09-05,28,quantile,0.95,72.0
2026-08-22,wk inc covid hosp,2,2026-09-05,28,quantile,0.975,80.0
2026-08-22,wk inc covid hosp,2,2026-09-05,28,quantile,0.99,90.0
2026-08-22,wk inc covid hosp,2,2026-09-05,29,quantile,0.01,10.0
2026-08-22,wk inc covid hosp,2,2026-09-05,29,quantile,0.025,12.0
2026-08-22,wk inc covid hosp,2,2026-09-05,29,quantile,0.05,14.0
2026-08-22,wk inc covid hosp,2,2026-09-05,29,quantile,0.1,16.0
2026-08-22,wk inc covid hosp,2,2026-09-05,29,quantile,0.15,17.0
2026-08-22,wk inc covid hosp,2,2026-09-05,29,quantile,0.2,19.0
2026-08-22,wk inc covid hosp,2,2026-09-05,29,quantile,0.25,20.0
2026-08-22,wk inc covid hosp,2,2026-09-05,29,quantile,0.3,21.0
2026-08-22,wk inc covid hosp,2,2026-09-05,29,quantile,0.35,22.0
2026-08-22,wk inc covid hosp,2,2026-09-05,29,quantile,0.4,23.0
2026-08-22,wk inc covid hosp,2,2026-09-05,29,quantile,0.45,24.0
2026-08-22,wk inc covid hosp,2,2026-09-05,29,quantile,0.5,25.0
2026-08-22,wk inc covid hosp,2,2026-09-05,29,quantile,0.55,26.0
2026-08-22,wk inc covid hosp,2,2026-09-05,29,quantile,0.6,27.0
2026-08-22,wk inc covid hosp,2,2026-09-05,29,quantile,0.65,28.0
2026-08-22,wk inc covid hosp,2,2026-09-05,29,quantile,0.7,29.0
2026-08-22,wk inc covid hosp,2,2026-09-05,29,quantile,0.75,30.0
2026-08-22,wk inc covid hosp,2,2026-09-05,29,quantile,0.8,32.0
2026-08-22,wk inc covid hosp,2,2026-09-05,29,quantile,0.85,34.0
2026-08-22,wk inc covid hosp,2,2026-09-05,29,quantile,0.9,37.0
2026-08-22,wk inc covid hosp,2,2026-09-05,29,quantile,0.95,41.0
2026-08-22,wk inc covid hosp,2,2026-09-05,29,quantile,0.975,46.0
2026-08-22,wk inc covid hosp,2,2026-09-05,29,quantile,0.99,52.0
2026-08-22,wk inc covid hosp,2,2026-09-05,30,quantile,0.01,0.0
2026-08-22,wk inc covid hosp,2,2026-09-05,30,quantile,0.025,0.0
2026-08-22,wk inc covid hosp,2,2026-09-05,30,quantile,0.05,0.0
2026-08-22,wk inc covid hosp,2,2026-09-05,30,quantile,0.1,1.0
2026-08-22,wk inc covid hosp,2,2026-09-05,30,quantile,0.15,1.0
2026-08-22,wk inc covid hosp,2,2026-09-05,30,quantile,0.2,2.0
2026-08-22,wk inc covid hosp,2,2026-09-05,30,quantile,0.25,2.0
2026-08-22,wk inc covid hosp,2,2026-09-05,30,quantile,0.3,2.0
2026-08-22,wk inc covid hosp,2,2026-09-05,30,quantile,0.35,2.0
2026-08-22,wk inc covid hosp,2,2026-09-05,30,quantile,0.4,3.0
2026-08-22,wk inc covid hosp,2,2026-09-05,30,quantile,0.45,3.0
2026-08-22,wk inc covid hosp,2,2026-09-05,30,quantile,0.5,3.0
2026-08-22,wk inc covid hosp,2,2026-09-05,30,quantile,0.55,3.0
2026-08-22,wk inc covid hosp,2,2026-09-05,30,quantile,0.6,4.0
2026-08-22,wk inc covid hosp,2,2026-09-05,30,quantile,0.65,4.0
2026-08-22,wk inc covid hosp,2,2026-09-05,30,quantile,0.7,4.0
2026-08-22,wk inc covid hosp,2,2026-09-05,30,quantile,0.75,4.0
2026-08-22,wk inc covid hosp,2,2026-09-05,30,quantile,0.8,5.0
2026-08-22,wk inc covid hosp,2,2026-09-05,30,quantile,0.85,5.0
2026-08-22,wk inc covid hosp,2,2026-09-05,30,quantile,0.9,6.0
2026-08-22,wk inc covid hosp,2,2026-09-05,30,quantile,0.95,7.0
2026-08-22,wk inc covid hosp,2,2026-09-05,30,quantile,0.975,8.0
2026-08-22,wk inc covid hosp,2,2026-09-05,30,quantile,0.99,9.0
2026-08-22,wk inc covid hosp,2,2026-09-05,31,quantile,0.01,0.0
2026-08-22,wk inc covid hosp,2,2026-09-05,31,quantile,0.025,0.0
2026-08-22,wk inc covid hosp,2,2026-09-05,31,quantile,0.05,0.0
2026-08-22,wk inc covid hosp,2,2026-09-05,31,quantile,0.1,1.0
2026-08-22,wk inc covid hosp,2,2026-09-05,31,quantile,0.15,1.0
2026-08-22,wk inc covid hosp,2,2026-09-05,31,quantile,0.2,1.0
2026-08-22,wk inc covid hosp,2,2026-09-05,31,quantile,0.25,2.0
2026-08-22,wk inc covid hosp,2,2026-09-05,31,quantile,0.3,2.0
2026-08-22,wk inc covid hosp,2,2026-09-05,31,quantile,0.35,2.0
2026-08-22,wk inc covid hosp,2,2026-09-05,31,quantile,0.4,2.0
2026-08-22,wk inc covid hosp,2,2026-09-05,31,quantile,0.45,2.0
2026-08-22,wk inc covid hosp,2,2026-09-05,31,quantile,0.5,3.0
2026-08-22,wk inc covid hosp,2,2026-09-05,31,quantile,0.55,3.0
2026-08-22,wk inc covid hosp,2,2026-09-05,31,quantile,0.6,3.0
2026-08-22,wk inc covid hosp,2,2026-09-05,31,quantile,0.65,3.0
2026-08-22,wk inc covid hosp,2,2026-09-05,31,quantile,0.7,4.0
2026-08-22,wk inc covid hosp,2,2026-09-05,31,quantile,0.75,4.0
2026-08-22,wk inc covid hosp,2,2026-09-05,31,quantile,0.8,4.0
2026-08-22,wk inc covid hosp,2,2026-09-05,31,quantile,0.85,5.0
2026-08-22,wk inc covid hosp,2,2026-09-05,31,quantile,0.9,5.0
2026-08-22,wk inc covid hosp,2,2026-09-05,31,quantile,0.95,6.0
2026-08-22,wk inc covid hosp,2,2026-09-05,31,quantile,0.975,7.0
2026-08-22,wk inc covid hosp,2,2026-09-05,31,quantile,0.99,9.0
2026-08-22,wk inc covid hosp,2,2026-09-05,32,quantile,0.01,10.0
2026-08-22,wk inc covid hosp,2,2026-09-05,32,quantile,0.025,11.0
2026-08-22,wk inc covid hosp,2,2026-09-05,32,quantile,0.05,13.0
2026-08-22,wk inc covid hosp,2,2026-09-05,32,quantile,0.1,15.0
2026-08-22,wk inc covid hosp,2,2026-09-05,32,quantile,0.15,16.0
2026-08-22,wk inc covid hosp,2,2026-09-05,32,quantile,0.2,18.0
2026-08-22,wk inc covid hosp,2,2026-09-05,32,quantile,0.25,19.0
2026-08-22,wk inc covid hosp,2,2026-09-05,32,quantile,0.3,20.0
2026-08-22,wk inc covid hosp,2,2026-09-05,32,quantile,0.35,21.0
2026-08-22,wk inc covid hosp,2,2026-09-05,32,quantile,0.4,21.0
2026-08-22,wk inc covid hosp,2,2026-09-05,32,quantile,0.45,22.0
2026-08-22,wk inc covid hosp,2,2026-09-05,32,quantile,0.5,23.0
2026-08-22,wk inc covid hosp,2,2026-09-05,32,quantile,0.55,24.0
2026-08-22,wk inc covid hosp,2,2026-09-05,32,quantile,0.6,25.0
2026-08-22,wk inc covid hosp,2,2026-09-05,32,quantile,0.65,26.0
2026-08-22,wk inc covid hosp,2,2026-09-05,32,quantile,0.7,27.0
2026-08-22,wk inc covid hosp,2,2026-09-05,32,quantile,0.75,29.0
2026-08-22,wk inc covid hosp,2,2026-09-05,32,quantile,0.8,30.0
2026-08-22,wk inc covid hosp,2,2026-09-05,32,quantile,0.85,32.0
2026-08-22,wk inc covid hosp,2,2026-09-05,32,quantile,0.9,35.0
2026-08-22,wk inc covid hosp,2,2026-09-05,32,quantile,0.95,39.0
2026-08-22,wk inc covid hosp,2,2026-09-05,32,quantile,0.975,43.0
2026-08-22,wk inc covid hosp,2,2026-09-05,32,quantile,0.99,48.0
2026-08-22,wk inc covid hosp,2,2026-09-05,33,quantile,0.01,2.0
2026-08-22,wk inc covid hosp,2,2026-09-05,33,quantile,0.025,2.0
2026-08-22,wk inc covid hosp,2,2026-09-05,33,quantile,0.05,3.0
2026-08-22,wk inc covid hosp,2,2026-09-05,33,quantile,0.1,4.0
2026-08-22,wk inc covid hosp,2,2026-09-05,33,quantile,0.15,5.0
2026-08-22,wk inc covid hosp,2,2026-09-05,33,quantile,0.2,5.0
2026-08-22,wk inc covid hosp,2,2026-09-05,33,quantile,0.25,6.0
2026-08-22,wk inc covid hosp,2,2026-09-05,33,quantile,0.3,6.0
2026-08-22,wk inc covid hosp,2,2026-09-05,33,quantile,0.35,7.0
2026-08-22,wk inc covid hosp,2,2026-09-05,33,quantile,0.4,7.0
2026-08-22,wk inc covid hosp,2,2026-09-05,33,quantile,0.45,8.0
2026-08-22,wk inc covid hosp,2,2026-09-05,33,quantile,0.5,8.0
2026-08-22,wk inc covid hosp,2,2026-09-05,33,quantile,0.55,8.0
2026-08-22,wk inc covid hosp,2,2026-09-05,33,quantile,0.6,9.0
2026-08-22,wk inc covid hosp,2,2026-09-05,33,quantile,0.65,9.0
2026-08-22,wk inc covid hosp,2,2026-09-05,33,quantile,0.7,10.0
2026-08-22,wk inc covid hosp,2,2026-09-05,33,quantile,0.75,11.0
2026-08-22,wk inc covid hosp,2,2026-09-05,33,quantile,0.8,11.0
2026-08-22,wk inc covid hosp,2,2026-09-05,33,quantile,0.85,12.0
2026-08-22,wk inc covid hosp,2,2026-09-05,33,quantile,0.9,13.0
2026-08-22,wk inc covid hosp,2,2026-09-05,33,quantile,0.95,15.0
2026-08-22,wk inc covid hosp,2,2026-09-05,33,quantile,0.975,17.0
2026-08-22,wk inc covid hosp,2,2026-09-05,33,quantile,0.99,19.0
2026-08-22,wk inc covid hosp,2,2026-09-05,34,quantile,0.01,34.0
2026-08-22,wk inc covid hosp,2,2026-09-05,34,quantile,0.025,38.0
2026-08-22,wk inc covid hosp,2,2026-09-05,34,quantile,0.05,42.0
2026-08-22,wk inc covid hosp,2,2026-09-05,34,quantile,0.1,47.0
2026-08-22,wk inc covid hosp,2,2026-09-05,34,quantile,0.15,51.0
2026-08-22,wk inc covid hosp,2,2026-09-05,34,quantile,0.2,54.0
2026-08-22,wk inc covid hosp,2,2026-09-05,34,quantile,0.25,56.0
2026-08-22,wk inc covid hosp,2,2026-09-05,34,quantile,0.3,59.0
2026-08-22,wk inc covid hosp,2,2026-09-05,34,quantile,0.35,61.0
2026-08-22,wk inc covid hosp,2,2026-09-05,34,quantile,0.4,63.0
2026-08-22,wk inc covid hosp,2,2026-09-05,34,quantile,0.45,66.0
2026-08-22,wk inc covid hosp,2,2026-09-05,34,quantile,0.5,68.0
2026-08-22,wk inc covid hosp,2,2026-09-05,34,quantile,0.55,70.0
2026-08-22,wk inc covid hosp,2,2026-09-05,34,quantile,0.6,73.0
2026-08-22,wk inc covid hosp,2,2026-09-05,34,quantile,0.65,75.0
2026-08-22,wk inc covid hosp,2,2026-09-05,34,quantile,0.7,78.0
2026-08-22,wk inc covid hosp,2,2026-09-05,34,quantile,0.75,82.0
2026-08-22,wk inc covid hosp,2,2026-09-05,34,quantile,0.8,86.0
2026-08-22,wk inc covid hosp,2,2026-09-05,34,quantile,0.85,91.0
2026-08-22,wk inc covid hosp,2,2026-09-05,34,quantile,0.9,97.0
2026-08-22,wk inc covid hosp,2,2026-09-05,34,quantile,0.95,108.0
2026-08-22,wk inc covid hosp,2,2026-09-05,34,quantile,0.975,120.0
2026-08-22,wk inc covid hosp,2,2026-09-05,34,quantile,0.99,136.0
2026-08-22,wk inc covid hosp,2,2026-09-05,35,quantile,0.01,1.0
2026-08-22,wk inc covid hosp,2,2026-09-05,35,quantile,0.025,2.0
2026-08-22,wk inc covid hosp,2,2026-09-05,35,quantile,0.05,2.0
2026-08-22,wk inc covid hosp,2,2026-09-05,35,quantile,0.1,3.0
2026-08-22,wk inc covid hosp,2,2026-09-05,35,quantile,0.15,4.0
2026-08-22,wk inc covid hosp,2,2026-09-05,35,quantile,0.2,4.0
2026-08-22,wk inc covid hosp,2,2026-09-05,35,quantile,0.25,5.0
2026-08-22,wk inc covid hosp,2,2026-09-05,35,quantile,0.3,5.0
2026-08-22,wk inc covid hosp,2,2026-09-05,35,quantile,0.35,5.0
2026-08-22,wk inc covid hosp,2,2026-09-05,35,quantile,0.4,6.0
2026-08-22,wk inc covid hosp,2,2026-09-05,35,quantile,0.45,6.0
2026-08-22,wk inc covid hosp,2,2026-09-05,35,quantile,0.5,6.0
2026-08-22,wk inc covid hosp,2,2026-09-05,35,quantile,0.55,7.0
2026-08-22,wk inc covid hosp,2,2026-09-05,35,quantile,0.6,7.0
2026-08-22,wk inc covid hosp,2,2026-09-05,35,quantile,0.65,8.0
2026-08-22,wk inc covid hosp,2,2026-09-05,35,quantile,0.7,8.0
2026-08-22,wk inc covid hosp,2,2026-09-05,35,quantile,0.75,9.0
2026-08-22,wk inc covid hosp,2,2026-09-05,35,quantile,0.8,9.0
2026-08-22,wk inc covid hosp,2,2026-09-05,35,quantile,0.85,10.0
2026-08-22,wk inc covid hosp,2,2026-09-05,35,quantile,0.9,11.0
2026-08-22,wk inc covid hosp,2,2026-09-05,35,quantile,0.95,13.0
2026-08-22,wk inc covid hosp,2,2026-09-05,35,quantile,0.975,14.0
2026-08-22,wk inc covid hosp,2,2026-09-05,35,quantile,0.99,16.0
2026-08-22,wk inc covid hosp,2,2026-09-05,36,quantile,0.01,81.0
2026-08-22,wk inc covid hosp,2,2026-09-05,36,quantile,0.025,92.0
2026-08-22,wk inc covid hosp,2,2026-09-05,36,quantile,0.05,102.0
2026-08-22,wk inc covid hosp,2,2026-09-05,36,quantile,0.1,112.0
2026-08-22,wk inc covid hosp,2,2026-09-05,36,quantile,0.15,119.0
2026-08-22,wk inc covid hosp,2,2026-09-05,36,quantile,0.2,125.0
2026-08-22,wk inc covid hosp,2,2026-09-05,36,quantile,0.25,131.0
2026-08-22,wk inc covid hosp,2,2026-09-05,36,quantile,0.3,136.0
2026-08-22,wk inc covid hosp,2,2026-09-05,36,quantile,0.35,141.0
2026-08-22,wk inc covid hosp,2,2026-09-05,36,quantile,0.4,146.0
2026-08-22,wk inc covid hosp,2,2026-09-05,36,quantile,0.45,151.0
2026-08-22,wk inc covid hosp,2,2026-09-05,36,quantile,0.5,156.0
2026-08-22,wk inc covid hosp,2,2026-09-05,36,quantile,0.55,161.0
2026-08-22,wk inc covid hosp,2,2026-09-05,36,quantile,0.6,167.0
2026-08-22,wk inc covid hosp,2,2026-09-05,36,quantile,0.65,173.0
2026-08-22,wk inc covid hosp,2,2026-09-05,36,quantile,0.7,180.0
2026-08-22,wk inc covid hosp,2,2026-09-05,36,quantile,0.75,187.0
2026-08-22,wk inc covid hosp,2,2026-09-05,36,quantile,0.8,195.0
2026-08-22,wk inc covid hosp,2,2026-09-05,36,quantile,0.85,206.0
2026-08-22,wk inc covid hosp,2,2026-09-05,36,quantile,0.9,221.0
2026-08-22,wk inc covid hosp,2,2026-09-05,36,quantile,0.95,246.0
2026-08-22,wk inc covid hosp,2,2026-09-05,36,quantile,0.975,275.0
2026-08-22,wk inc covid hosp,2,2026-09-05,36,quantile,0.99,313.0
2026-08-22,wk inc covid hosp,2,2026-09-05,37,quantile,0.01,72.0
2026-08-22,wk inc covid hosp,2,2026-09-05,37,quantile,0.025,81.0
2026-08-22,wk inc covid hosp,2,2026-09-05,37,quantile,0.05,89.0
2026-08-22,wk inc covid hosp,2,2026-09-05,37,quantile,0.1,98.0
2026-08-22,wk inc covid hosp,2,2026-09-05,37,quantile,0.15,105.0
2026-08-22,wk inc covid hosp,2,2026-09-05,37,quantile,0.2,111.0
2026-08-22,wk inc covid hosp,2,2026-09-05,37,quantile,0.25,116.0
2026-08-22,wk inc covid hosp,2,2026-09-05,37,quantile,0.3,120.0
2026-08-22,wk inc covid hosp,2,2026-09-05,37,quantile,0.35,125.0
2026-08-22,wk inc covid hosp,2,2026-09-05,37,quantile,0.4,129.0
2026-08-22,wk inc covid hosp,2,2026-09-05,37,quantile,0.45,134.0
2026-08-22,wk inc covid hosp,2,2026-09-05,37,quantile,0.5,138.0
2026-08-22,wk inc covid hosp,2,2026-09-05,37,quantile,0.55,143.0
2026-08-22,wk inc covid hosp,2,2026-09-05,37,quantile,0.6,148.0
2026-08-22,wk inc covid hosp,2,2026-09-05,37,quantile,0.65,153.0
2026-08-22,wk inc covid hosp,2,2026-09-05,37,quantile,0.7,159.0
2026-08-22,wk inc covid hosp,2,2026-09-05,37,quantile,0.75,165.0
2026-08-22,wk inc covid hosp,2,2026-09-05,37,quantile,0.8,173.0
2026-08-22,wk inc covid hosp,2,2026-09-05,37,quantile,0.85,183.0
2026-08-22,wk inc covid hosp,2,2026-09-05,37,quantile,0.9,196.0
2026-08-22,wk inc covid hosp,2,2026-09-05,37,quantile,0.95,220.0
2026-08-22,wk inc covid hosp,2,2026-09-05,37,quantile,0.975,242.0
2026-08-22,wk inc covid hosp,2,2026-09-05,37,quantile,0.99,272.0
2026-08-22,wk inc covid hosp,2,2026-09-05,38,quantile,0.01,0.0
2026-08-22,wk inc covid hosp,2,2026-09-05,38,quantile,0.025,0.0
2026-08-22,wk inc covid hosp,2,2026-09-05,38,quantile,0.05,0.0
2026-08-22,wk inc covid hosp,2,2026-09-05,38,quantile,0.1,0.0
2026-08-22,wk inc covid hosp,2,2026-09-05,38,quantile,0.15,0.0
2026-08-22,wk inc covid hosp,2,2026-09-05,38,quantile,0.2,0.0
2026-08-22,wk inc covid hosp,2,2026-09-05,38,quantile,0.25,1.0
2026-08-22,wk inc covid hosp,2,2026-09-05,38,quantile,0.3,1.0
2026-08-22,wk inc covid hosp,2,2026-09-05,38,quantile,0.35,1.0
2026-08-22,wk inc covid hosp,2,2026-09-05,38,quantile,0.4,1.0
2026-08-22,wk inc covid hosp,2,2026-09-05,38,quantile,0.45,1.0
2026-08-22,wk inc covid hosp,2,2026-09-05,38,quantile,0.5,1.0
2026-08-22,wk inc covid hosp,2,2026-09-05,38,quantile,0.55,2.0
2026-08-22,wk inc covid hosp,2,2026-09-05,38,quantile,0.6,2.0
2026-08-22,wk inc covid hosp,2,2026-09-05,38,quantile,0.65,2.0
2026-08-22,wk inc covid hosp,2,2026-09-05,38,quantile,0.7,2.0
2026-08-22,wk inc covid hosp,2,2026-09-05,38,quantile,0.75,2.0
2026-08-22,wk inc covid hosp,2,2026-09-05,38,quantile,0.8,3.0
2026-08-22,wk inc covid hosp,2,2026-09-05,38,quantile,0.85,3.0
2026-08-22,wk inc covid hosp,2,2026-09-05,38,quantile,0.9,3.0
2026-08-22,wk inc covid hosp,2,2026-09-05,38,quantile,0.95,4.0
2026-08-22,wk inc covid hosp,2,2026-09-05,38,quantile,0.975,5.0
2026-08-22,wk inc covid hosp,2,2026-09-05,38,quantile,0.99,6.0
2026-08-22,wk inc covid hosp,2,2026-09-05,39,quantile,0.01,27.0
2026-08-22,wk inc covid hosp,2,2026-09-05,39,quantile,0.025,31.0
2026-08-22,wk inc covid hosp,2,2026-09-05,39,quantile,0.05,34.0
2026-08-22,wk inc covid hosp,2,2026-09-05,39,quantile,0.1,38.0
2026-08-22,wk inc covid hosp,2,2026-09-05,39,quantile,0.15,41.0
2026-08-22,wk inc covid hosp,2,2026-09-05,39,quantile,0.2,43.0
2026-08-22,wk inc covid hosp,2,2026-09-05,39,quantile,0.25,45.0
2026-08-22,wk inc covid hosp,2,2026-09-05,39,quantile,0.3,47.0
2026-08-22,wk inc covid hosp,2,2026-09-05,39,quantile,0.35,49.0
2026-08-22,wk inc covid hosp,2,2026-09-05,39,quantile,0.4,51.0
2026-08-22,wk inc covid hosp,2,2026-09-05,39,quantile,0.45,53.0
2026-08-22,wk inc covid hosp,2,2026-09-05,39,quantile,0.5,55.0
2026-08-22,wk inc covid hosp,2,2026-09-05,39,quantile,0.55,57.0
2026-08-22,wk inc covid hosp,2,2026-09-05,39,quantile,0.6,59.0
2026-08-22,wk inc covid hosp,2,2026-09-05,39,quantile,0.65,61.0
2026-08-22,wk inc covid hosp,2,2026-09-05,39,quantile,0.7,63.0
2026-08-22,wk inc covid hosp,2,2026-09-05,39,quantile,0.75,66.0
2026-08-22,wk inc covid hosp,2,2026-09-05,39,quantile,0.8,69.0
2026-08-22,wk inc covid hosp,2,2026-09-05,39,quantile,0.85,74.0
2026-08-22,wk inc covid hosp,2,2026-09-05,39,quantile,0.9,79.0
2026-08-22,wk inc covid hosp,2,2026-09-05,39,quantile,0.95,89.0
2026-08-22,wk inc covid hosp,2,2026-09-05,39,quantile,0.975,98.0
2026-08-22,wk inc covid hosp,2,2026-09-05,39,quantile,0.99,111.0
2026-08-22,wk inc covid hosp,2,2026-09-05,40,quantile,0.01,4.0
2026-08-22,wk inc covid hosp,2,2026-09-05,40,quantile,0.025,4.0
2026-08-22,wk inc covid hosp,2,2026-09-05,40,quantile,0.05,5.0
2026-08-22,wk inc covid hosp,2,2026-09-05,40,quantile,0.1,7.0
2026-08-22,wk inc covid hosp,2,2026-09-05,40,quantile,0.15,8.0
2026-08-22,wk inc covid hosp,2,2026-09-05,40,quantile,0.2,8.0
2026-08-22,wk inc covid hosp,2,2026-09-05,40,quantile,0.25,9.0
2026-08-22,wk inc covid hosp,2,2026-09-05,40,quantile,0.3,10.0
2026-08-22,wk inc covid hosp,2,2026-09-05,40,quantile,0.35,10.0
2026-08-22,wk inc covid hosp,2,2026-09-05,40,quantile,0.4,11.0
2026-08-22,wk inc covid hosp,2,2026-09-05,40,quantile,0.45,11.0
2026-08-22,wk inc covid hosp,2,2026-09-05,40,quantile,0.5,12.0
2026-08-22,wk inc covid hosp,2,2026-09-05,40,quantile,0.55,12.0
2026-08-22,wk inc covid hosp,2,2026-09-05,40,quantile,0.6,13.0
2026-08-22,wk inc covid hosp,2,2026-09-05,40,quantile,0.65,14.0
2026-08-22,wk inc covid hosp,2,2026-09-05,40,quantile,0.7,14.0
2026-08-22,wk inc covid hosp,2,2026-09-05,40,quantile,0.75,15.0
2026-08-22,wk inc covid hosp,2,2026-09-05,40,quantile,0.8,16.0
2026-08-22,wk inc covid hosp,2,2026-09-05,40,quantile,0.85,17.0
2026-08-22,wk inc covid hosp,2,2026-09-05,40,quantile,0.9,19.0
2026-08-22,wk inc covid hosp,2,2026-09-05,40,quantile,0.95,21.0
2026-08-22,wk inc covid hosp,2,2026-09-05,40,quantile,0.975,24.0
2026-08-22,wk inc covid hosp,2,2026-09-05,40,quantile,0.99,26.0
2026-08-22,wk inc covid hosp,2,2026-09-05,41,quantile,0.01,3.0
2026-08-22,wk inc covid hosp,2,2026-09-05,41,quantile,0.025,4.0
2026-08-22,wk inc covid hosp,2,2026-09-05,41,quantile,0.05,5.0
2026-08-22,wk inc covid hosp,2,2026-09-05,41,quantile,0.1,7.0
2026-08-22,wk inc covid hosp,2,2026-09-05,41,quantile,0.15,7.0
2026-08-22,wk inc covid hosp,2,2026-09-05,41,quantile,0.2,8.0
2026-08-22,wk inc covid hosp,2,2026-09-05,41,quantile,0.25,9.0
2026-08-22,wk inc covid hosp,2,2026-09-05,41,quantile,0.3,9.0
2026-08-22,wk inc covid hosp,2,2026-09-05,41,quantile,0.35,10.0
2026-08-22,wk inc covid hosp,2,2026-09-05,41,quantile,0.4,11.0
2026-08-22,wk inc covid hosp,2,2026-09-05,41,quantile,0.45,11.0
2026-08-22,wk inc covid hosp,2,2026-09-05,41,quantile,0.5,12.0
2026-08-22,wk inc covid hosp,2,2026-09-05,41,quantile,0.55,12.0
2026-08-22,wk inc covid hosp,2,2026-09-05,41,quantile,0.6,13.0
2026-08-22,wk inc covid hosp,2,2026-09-05,41,quantile,0.65,14.0
2026-08-22,wk inc covid hosp,2,2026-09-05,41,quantile,0.7,14.0
2026-08-22,wk inc covid hosp,2,2026-09-05,41,quantile,0.75,15.0
2026-08-22,wk inc covid hosp,2,2026-09-05,41,quantile,0.8,16.0
2026-08-22,wk inc covid hosp,2,2026-09-05,41,quantile,0.85,17.0
2026-08-22,wk inc covid hosp,2,2026-09-05,41,quantile,0.9,19.0
2026-08-22,wk inc covid hosp,2,2026-09-05,41,quantile,0.95,21.0
2026-08-22,wk inc covid hosp,2,2026-09-05,41,quantile,0.975,23.0
2026-08-22,wk inc covid hosp,2,2026-09-05,41,quantile,0.99,27.0
2026-08-22,wk inc covid hosp,2,2026-09-05,42,quantile,0.01,41.0
2026-08-22,wk inc covid hosp,2,2026-09-05,42,quantile,0.025,46.0
2026-08-22,wk inc covid hosp,2,2026-09-05,42,quantile,0.05,50.0
2026-08-22,wk inc covid hosp,2,2026-09-05,42,quantile,0.1,56.0
2026-08-22,wk inc covid hosp,2,2026-09-05,42,quantile,0.15,60.0
2026-08-22,wk inc covid hosp,2,2026-09-05,42,quantile,0.2,63.0
2026-08-22,wk inc covid hosp,2,2026-09-05,42,quantile,0.25,66.0
2026-08-22,wk inc covid hosp,2,2026-09-05,42,quantile,0.3,69.0
2026-08-22,wk inc covid hosp,2,2026-09-05,42,quantile,0.35,72.0
2026-08-22,wk inc covid hosp,2,2026-09-05,42,quantile,0.4,75.0
2026-08-22,wk inc covid hosp,2,2026-09-05,42,quantile,0.45,77.0
2026-08-22,wk inc covid hosp,2,2026-09-05,42,quantile,0.5,80.0
2026-08-22,wk inc covid hosp,2,2026-09-05,42,quantile,0.55,83.0
2026-08-22,wk inc covid hosp,2,2026-09-05,42,quantile,0.6,86.0
2026-08-22,wk inc covid hosp,2,2026-09-05,42,quantile,0.65,89.0
2026-08-22,wk inc covid hosp,2,2026-09-05,42,quantile,0.7,93.0
2026-08-22,wk inc covid hosp,2,2026-09-05,42,quantile,0.75,96.0
2026-08-22,wk inc covid hosp,2,2026-09-05,42,quantile,0.8,101.0
2026-08-22,wk inc covid hosp,2,2026-09-05,42,quantile,0.85,107.0
2026-08-22,wk inc covid hosp,2,2026-09-05,42,quantile,0.9,115.0
2026-08-22,wk inc covid hosp,2,2026-09-05,42,quantile,0.95,129.0
2026-08-22,wk inc covid hosp,2,2026-09-05,42,quantile,0.975,142.0
2026-08-22,wk inc covid hosp,2,2026-09-05,42,quantile,0.99,163.0
2026-08-22,wk inc covid hosp,2,2026-09-05,44,quantile,0.01,2.0
2026-08-22,wk inc covid hosp,2,2026-09-05,44,quantile,0.025,4.0
2026-08-22,wk inc covid hosp,2,2026-09-05,44,quantile,0.05,4.0
2026-08-22,wk inc covid hosp,2,2026-09-05,44,quantile,0.1,5.0
2026-08-22,wk inc covid hosp,2,2026-09-05,44,quantile,0.15,6.0
2026-08-22,wk inc covid hosp,2,2026-09-05,44,quantile,0.2,7.0
2026-08-22,wk inc covid hosp,2,2026-09-05,44,quantile,0.25,8.0
2026-08-22,wk inc covid hosp,2,2026-09-05,44,quantile,0.3,8.0
2026-08-22,wk inc covid hosp,2,2026-09-05,44,quantile,0.35,9.0
2026-08-22,wk inc covid hosp,2,2026-09-05,44,quantile,0.4,9.0
2026-08-22,wk inc covid hosp,2,2026-09-05,44,quantile,0.45,9.0
2026-08-22,wk inc covid hosp,2,2026-09-05,44,quantile,0.5,10.0
2026-08-22,wk inc covid hosp,2,2026-09-05,44,quantile,0.55,11.0
2026-08-22,wk inc covid hosp,2,2026-09-05,44,quantile,0.6,11.0
2026-08-22,wk inc covid hosp,2,2026-09-05,44,quantile,0.65,12.0
2026-08-22,wk inc covid hosp,2,2026-09-05,44,quantile,0.7,12.0
2026-08-22,wk inc covid hosp,2,2026-09-05,44,quantile,0.75,13.0
2026-08-22,wk inc covid hosp,2,2026-09-05,44,quantile,0.8,14.0
2026-08-22,wk inc covid hosp,2,2026-09-05,44,quantile,0.85,15.0
2026-08-22,wk inc covid hosp,2,2026-09-05,44,quantile,0.9,16.0
2026-08-22,wk inc covid hosp,2,2026-09-05,44,quantile,0.95,18.0
2026-08-22,wk inc covid hosp,2,2026-09-05,44,quantile,0.975,21.0
2026-08-22,wk inc covid hosp,2,2026-09-05,44,quantile,0.99,23.0
2026-08-22,wk inc covid hosp,2,2026-09-05,45,quantile,0.01,17.0
2026-08-22,wk inc covid hosp,2,2026-09-05,45,quantile,0.025,19.0
2026-08-22,wk inc covid hosp,2,2026-09-05,45,quantile,0.05,21.0
2026-08-22,wk inc covid hosp,2,2026-09-05,45,quantile,0.1,24.0
2026-08-22,wk inc covid hosp,2,2026-09-05,45,quantile,0.15,26.0
2026-08-22,wk inc covid hosp,2,2026-09-05,45,quantile,0.2,28.0
2026-08-22,wk inc covid hosp,2,2026-09-05,45,quantile,0.25,30.0
2026-08-22,wk inc covid hosp,2,2026-09-05,45,quantile,0.3,31.0
2026-08-22,wk inc covid hosp,2,2026-09-05,45,quantile,0.35,32.0
2026-08-22,wk inc covid hosp,2,2026-09-05,45,quantile,0.4,34.0
2026-08-22,wk inc covid hosp,2,2026-09-05,45,quantile,0.45,35.0
2026-08-22,wk inc covid hosp,2,2026-09-05,45,quantile,0.5,36.0
2026-08-22,wk inc covid hosp,2,2026-09-05,45,quantile,0.55,38.0
2026-08-22,wk inc covid hosp,2,2026-09-05,45,quantile,0.6,39.0
2026-08-22,wk inc covid hosp,2,2026-09-05,45,quantile,0.65,41.0
2026-08-22,wk inc covid hosp,2,2026-09-05,45,quantile,0.7,43.0
2026-08-22,wk inc covid hosp,2,2026-09-05,45,quantile,0.75,45.0
2026-08-22,wk inc covid hosp,2,2026-09-05,45,quantile,0.8,47.0
2026-08-22,wk inc covid hosp,2,2026-09-05,45,quantile,0.85,50.0
2026-08-22,wk inc covid hosp,2,2026-09-05,45,quantile,0.9,54.0
2026-08-22,wk inc covid hosp,2,2026-09-05,45,quantile,0.95,60.0
2026-08-22,wk inc covid hosp,2,2026-09-05,45,quantile,0.975,67.0
2026-08-22,wk inc covid hosp,2,2026-09-05,45,quantile,0.99,76.0
2026-08-22,wk inc covid hosp,2,2026-09-05,46,quantile,0.01,0.0
2026-08-22,wk inc covid hosp,2,2026-09-05,46,quantile,0.025,0.0
2026-08-22,wk inc covid hosp,2,2026-09-05,46,quantile,0.05,0.0
2026-08-22,wk inc covid hosp,2,2026-09-05,46,quantile,0.1,0.0
2026-08-22,wk inc covid hosp,2,2026-09-05,46,quantile,0.15,1.0
2026-08-22,wk inc covid hosp,2,2026-09-05,46,quantile,0.2,1.0
2026-08-22,wk inc covid hosp,2,2026-09-05,46,quantile,0.25,1.0
2026-08-22,wk inc covid hosp,2,2026-09-05,46,quantile,0.3,1.0
2026-08-22,wk inc covid hosp,2,2026-09-05,46,quantile,0.35,2.0
2026-08-22,wk inc covid hosp,2,2026-09-05,46,quantile,0.4,2.0
2026-08-22,wk inc covid hosp,2,2026-09-05,46,quantile,0.45,2.0
2026-08-22,wk inc covid hosp,2,2026-09-05,46,quantile,0.5,2.0
2026-08-22,wk inc covid hosp,2,2026-09-05,46,quantile,0.55,2.0
2026-08-22,wk inc covid hosp,2,2026-09-05,46,quantile,0.6,3.0
2026-08-22,wk inc covid hosp,2,2026-09-05,46,quantile,0.65,3.0
2026-08-22,wk inc covid hosp,2,2026-09-05,46,quantile,0.7,3.0
2026-08-22,wk inc covid hosp,2,2026-09-05,46,quantile,0.75,3.0
2026-08-22,wk inc covid hosp,2,2026-09-05,46,quantile,0.8,4.0
2026-08-22,wk inc covid hosp,2,2026-09-05,46,quantile,0.85,4.0
2026-08-22,wk inc covid hosp,2,2026-09-05,46,quantile,0.9,5.0
2026-08-22,wk inc covid hosp,2,2026-09-05,46,quantile,0.95,6.0
2026-08-22,wk inc covid hosp,2,2026-09-05,46,quantile,0.975,6.0
2026-08-22,wk inc covid hosp,2,2026-09-05,46,quantile,0.99,7.0
2026-08-22,wk inc covid hosp,2,2026-09-05,47,quantile,0.01,28.0
2026-08-22,wk inc covid hosp,2,2026-09-05,47,quantile,0.025,32.0
2026-08-22,wk inc covid hosp,2,2026-09-05,47,quantile,0.05,35.0
2026-08-22,wk inc covid hosp,2,2026-09-05,47,quantile,0.1,39.0
2026-08-22,wk inc covid hosp,2,2026-09-05,47,quantile,0.15,42.0
2026-08-22,wk inc covid hosp,2,2026-09-05,47,quantile,0.2,45.0
2026-08-22,wk inc covid hosp,2,2026-09-05,47,quantile,0.25,47.0
2026-08-22,wk inc covid hosp,2,2026-09-05,47,quantile,0.3,49.0
2026-08-22,wk inc covid hosp,2,2026-09-05,47,quantile,0.35,51.0
2026-08-22,wk inc covid hosp,2,2026-09-05,47,quantile,0.4,53.0
2026-08-22,wk inc covid hosp,2,2026-09-05,47,quantile,0.45,55.0
2026-08-22,wk inc covid hosp,2,2026-09-05,47,quantile,0.5,57.0
2026-08-22,wk inc covid hosp,2,2026-09-05,47,quantile,0.55,60.0
2026-08-22,wk inc covid hosp,2,2026-09-05,47,quantile,0.6,62.0
2026-08-22,wk inc covid hosp,2,2026-09-05,47,quantile,0.65,64.0
2026-08-22,wk inc covid hosp,2,2026-09-05,47,quantile,0.7,66.0
2026-08-22,wk inc covid hosp,2,2026-09-05,47,quantile,0.75,69.0
2026-08-22,wk inc covid hosp,2,2026-09-05,47,quantile,0.8,73.0
2026-08-22,wk inc covid hosp,2,2026-09-05,47,quantile,0.85,77.0
2026-08-22,wk inc covid hosp,2,2026-09-05,47,quantile,0.9,83.0
2026-08-22,wk inc covid hosp,2,2026-09-05,47,quantile,0.95,93.0
2026-08-22,wk inc covid hosp,2,2026-09-05,47,quantile,0.975,103.0
2026-08-22,wk inc covid hosp,2,2026-09-05,47,quantile,0.99,118.0
2026-08-22,wk inc covid hosp,2,2026-09-05,48,quantile,0.01,186.0
2026-08-22,wk inc covid hosp,2,2026-09-05,48,quantile,0.025,206.0
2026-08-22,wk inc covid hosp,2,2026-09-05,48,quantile,0.05,226.0
2026-08-22,wk inc covid hosp,2,2026-09-05,48,quantile,0.1,251.0
2026-08-22,wk inc covid hosp,2,2026-09-05,48,quantile,0.15,267.0
2026-08-22,wk inc covid hosp,2,2026-09-05,48,quantile,0.2,280.0
2026-08-22,wk inc covid hosp,2,2026-09-05,48,quantile,0.25,292.0
2026-08-22,wk inc covid hosp,2,2026-09-05,48,quantile,0.3,303.0
2026-08-22,wk inc covid hosp,2,2026-09-05,48,quantile,0.35,315.0
2026-08-22,wk inc covid hosp,2,2026-09-05,48,quantile,0.4,325.0
2026-08-22,wk inc covid hosp,2,2026-09-05,48,quantile,0.45,336.0
2026-08-22,wk inc covid hosp,2,2026-09-05,48,quantile,0.5,347.0
2026-08-22,wk inc covid hosp,2,2026-09-05,48,quantile,0.55,358.0
2026-08-22,wk inc covid hosp,2,2026-09-05,48,quantile,0.6,370.0
2026-08-22,wk inc covid hosp,2,2026-09-05,48,quantile,0.65,384.0
2026-08-22,wk inc covid hosp,2,2026-09-05,48,quantile,0.7,398.0
2026-08-22,wk inc covid hosp,2,2026-09-05,48,quantile,0.75,415.0
2026-08-22,wk inc covid hosp,2,2026-09-05,48,quantile,0.8,435.0
2026-08-22,wk inc covid hosp,2,2026-09-05,48,quantile,0.85,460.0
2026-08-22,wk inc covid hosp,2,2026-09-05,48,quantile,0.9,494.0
2026-08-22,wk inc covid hosp,2,2026-09-05,48,quantile,0.95,552.0
2026-08-22,wk inc covid hosp,2,2026-09-05,48,quantile,0.975,615.0
2026-08-22,wk inc covid hosp,2,2026-09-05,48,quantile,0.99,698.0
2026-08-22,wk inc covid hosp,2,2026-09-05,49,quantile,0.01,0.0
2026-08-22,wk inc covid hosp,2,2026-09-05,49,quantile,0.025,1.0
2026-08-22,wk inc covid hosp,2,2026-09-05,49,quantile,0.05,1.0
2026-08-22,wk inc covid hosp,2,2026-09-05,49,quantile,0.1,2.0
2026-08-22,wk inc covid hosp,2,2026-09-05,49,quantile,0.15,2.0
2026-08-22,wk inc covid hosp,2,2026-09-05,49,quantile,0.2,2.0
2026-08-22,wk inc covid hosp,2,2026-09-05,49,quantile,0.25,3.0
2026-08-22,wk inc covid hosp,2,2026-09-05,49,quantile,0.3,3.0
2026-08-22,wk inc covid hosp,2,2026-09-05,49,quantile,0.35,3.0
2026-08-22,wk inc covid hosp,2,2026-09-05,49,quantile,0.4,4.0
2026-08-22,wk inc covid hosp,2,2026-09-05,49,quantile,0.45,4.0
2026-08-22,wk inc covid hosp,2,2026-09-05,49,quantile,0.5,4.0
2026-08-22,wk inc covid hosp,2,2026-09-05,49,quantile,0.55,5.0
2026-08-22,wk inc covid hosp,2,2026-09-05,49,quantile,0.6,5.0
2026-08-22,wk inc covid hosp,2,2026-09-05,49,quantile,0.65,5.0
2026-08-22,wk inc covid hosp,2,2026-09-05,49,quantile,0.7,6.0
2026-08-22,wk inc covid hosp,2,2026-09-05,49,quantile,0.75,6.0
2026-08-22,wk inc covid hosp,2,2026-09-05,49,quantile,0.8,7.0
2026-08-22,wk inc covid hosp,2,2026-09-05,49,quantile,0.85,7.0
2026-08-22,wk inc covid hosp,2,2026-09-05,49,quantile,0.9,8.0
2026-08-22,wk inc covid hosp,2,2026-09-05,49,quantile,0.95,9.0
2026-08-22,wk inc covid hosp,2,2026-09-05,49,quantile,0.975,10.0
2026-08-22,wk inc covid hosp,2,2026-09-05,49,quantile,0.99,12.0
2026-08-22,wk inc covid hosp,2,2026-09-05,50,quantile,0.01,0.0
2026-08-22,wk inc covid hosp,2,2026-09-05,50,quantile,0.025,0.0
2026-08-22,wk inc covid hosp,2,2026-09-05,50,quantile,0.05,0.0
2026-08-22,wk inc covid hosp,2,2026-09-05,50,quantile,0.1,0.0
2026-08-22,wk inc covid hosp,2,2026-09-05,50,quantile,0.15,0.0
2026-08-22,wk inc covid hosp,2,2026-09-05,50,quantile,0.2,0.0
2026-08-22,wk inc covid hosp,2,2026-09-05,50,quantile,0.25,0.0
2026-08-22,wk inc covid hosp,2,2026-09-05,50,quantile,0.3,1.0
2026-08-22,wk inc covid hosp,2,2026-09-05,50,quantile,0.35,1.0
2026-08-22,wk inc covid hosp,2,2026-09-05,50,quantile,0.4,1.0
2026-08-22,wk inc covid hosp,2,2026-09-05,50,quantile,0.45,1.0
2026-08-22,wk inc covid hosp,2,2026-09-05,50,quantile,0.5,1.0
2026-08-22,wk inc covid hosp,2,2026-09-05,50,quantile,0.55,1.0
2026-08-22,wk inc covid hosp,2,2026-09-05,50,quantile,0.6,2.0
2026-08-22,wk inc covid hosp,2,2026-09-05,50,quantile,0.65,2.0
2026-08-22,wk inc covid hosp,2,2026-09-05,50,quantile,0.7,2.0
2026-08-22,wk inc covid hosp,2,2026-09-05,50,quantile,0.75,2.0
2026-08-22,wk inc covid hosp,2,2026-09-05,50,quantile,0.8,2.0
2026-08-22,wk inc covid hosp,2,2026-09-05,50,quantile,0.85,3.0
2026-08-22,wk inc covid hosp,2,2026-09-05,50,quantile,0.9,3.0
2026-08-22,wk inc covid hosp,2,2026-09-05,50,quantile,0.95,4.0
2026-08-22,wk inc covid hosp,2,2026-09-05,50,quantile,0.975,4.0
2026-08-22,wk inc covid hosp,2,2026-09-05,50,quantile,0.99,5.0
2026-08-22,wk inc covid hosp,2,2026-09-05,51,quantile,0.01,11.0
2026-08-22,wk inc covid hosp,2,2026-09-05,51,quantile,0.025,13.0
2026-08-22,wk inc covid hosp,2,2026-09-05,51,quantile,0.05,14.0
2026-08-22,wk inc covid hosp,2,2026-09-05,51,quantile,0.1,17.0
2026-08-22,wk inc covid hosp,2,2026-09-05,51,quantile,0.15,18.0
2026-08-22,wk inc covid hosp,2,2026-09-05,51,quantile,0.2,20.0
2026-08-22,wk inc covid hosp,2,2026-09-05,51,quantile,0.25,21.0
2026-08-22,wk inc covid hosp,2,2026-09-05,51,quantile,0.3,22.0
2026-08-22,wk inc covid hosp,2,2026-09-05,51,quantile,0.35,23.0
2026-08-22,wk inc covid hosp,2,2026-09-05,51,quantile,0.4,24.0
2026-08-22,wk inc covid hosp,2,2026-09-05,51,quantile,0.45,25.0
2026-08-22,wk inc covid hosp,2,2026-09-05,51,quantile,0.5,26.0
2026-08-22,wk inc covid hosp,2,2026-09-05,51,quantile,0.55,27.0
2026-08-22,wk inc covid hosp,2,2026-09-05,51,quantile,0.6,28.0
2026-08-22,wk inc covid hosp,2,2026-09-05,51,quantile,0.65,30.0
2026-08-22,wk inc covid hosp,2,2026-09-05,51,quantile,0.7,31.0
2026-08-22,wk inc covid hosp,2,2026-09-05,51,quantile,0.75,32.0
2026-08-22,wk inc covid hosp,2,2026-09-05,51,quantile,0.8,34.0
2026-08-22,wk inc covid hosp,2,2026-09-05,51,quantile,0.85,36.0
2026-08-22,wk inc covid hosp,2,2026-09-05,51,quantile,0.9,39.0
2026-08-22,wk inc covid hosp,2,2026-09-05,51,quantile,0.95,44.0
2026-08-22,wk inc covid hosp,2,2026-09-05,51,quantile,0.975,49.0
2026-08-22,wk inc covid hosp,2,2026-09-05,51,quantile,0.99,57.0
2026-08-22,wk inc covid hosp,2,2026-09-05,53,quantile,0.01,27.0
2026-08-22,wk inc covid hosp,2,2026-09-05,53,quantile,0.025,31.0
2026-08-22,wk inc covid hosp,2,2026-09-05,53,quantile,0.05,34.0
2026-08-22,wk inc covid hosp,2,2026-09-05,53,quantile,0.1,38.0
2026-08-22,wk inc covid hosp,2,2026-09-05,53,quantile,0.15,41.0
2026-08-22,wk inc covid hosp,2,2026-09-05,53,quantile,0.2,44.0
2026-08-22,wk inc covid hosp,2,2026-09-05,53,quantile,0.25,46.0
2026-08-22,wk inc covid hosp,2,2026-09-05,53,quantile,0.3,48.0
2026-08-22,wk inc covid hosp,2,2026-09-05,53,quantile,0.35,50.0
2026-08-22,wk inc covid hosp,2,2026-09-05,53,quantile,0.4,52.0
2026-08-22,wk inc covid hosp,2,2026-09-05,53,quantile,0.45,54.0
2026-08-22,wk inc covid hosp,2,2026-09-05,53,quantile,0.5,56.0
2026-08-22,wk inc covid hosp,2,2026-09-05,53,quantile,0.55,58.0
2026-08-22,wk inc covid hosp,2,2026-09-05,53,quantile,0.6,60.0
2026-08-22,wk inc covid hosp,2,2026-09-05,53,quantile,0.65,63.0
2026-08-22,wk inc covid hosp,2,2026-09-05,53,quantile,0.7,65.0
2026-08-22,wk inc covid hosp,2,2026-09-05,53,quantile,0.75,68.0
2026-08-22,wk inc covid hosp,2,2026-09-05,53,quantile,0.8,72.0
2026-08-22,wk inc covid hosp,2,2026-09-05,53,quantile,0.85,76.0
2026-08-22,wk inc covid hosp,2,2026-09-05,53,quantile,0.9,82.0
2026-08-22,wk inc covid hosp,2,2026-09-05,53,quantile,0.95,92.0
2026-08-22,wk inc covid hosp,2,2026-09-05,53,quantile,0.975,102.0
2026-08-22,wk inc covid hosp,2,2026-09-05,53,quantile,0.99,116.0
2026-08-22,wk inc covid hosp,2,2026-09-05,54,quantile,0.01,0.0
2026-08-22,wk inc covid hosp,2,2026-09-05,54,quantile,0.025,1.0
2026-08-22,wk inc covid hosp,2,2026-09-05,54,quantile,0.05,1.0
2026-08-22,wk inc covid hosp,2,2026-09-05,54,quantile,0.1,2.0
2026-08-22,wk inc covid hosp,2,2026-09-05,54,quantile,0.15,2.0
2026-08-22,wk inc covid hosp,2,2026-09-05,54,quantile,0.2,3.0
2026-08-22,wk inc covid hosp,2,2026-09-05,54,quantile,0.25,3.0
2026-08-22,wk inc covid hosp,2,2026-09-05,54,quantile,0.3,3.0
2026-08-22,wk inc covid hosp,2,2026-09-05,54,quantile,0.35,4.0
2026-08-22,wk inc covid hosp,2,2026-09-05,54,quantile,0.4,4.0
2026-08-22,wk inc covid hosp,2,2026-09-05,54,quantile,0.45,4.0
2026-08-22,wk inc covid hosp,2,2026-09-05,54,quantile,0.5,5.0
2026-08-22,wk inc covid hosp,2,2026-09-05,54,quantile,0.55,5.0
2026-08-22,wk inc covid hosp,2,2026-09-05,54,quantile,0.6,5.0
2026-08-22,wk inc covid hosp,2,2026-09-05,54,quantile,0.65,6.0
2026-08-22,wk inc covid hosp,2,2026-09-05,54,quantile,0.7,6.0
2026-08-22,wk inc covid hosp,2,2026-09-05,54,quantile,0.75,7.0
2026-08-22,wk inc covid hosp,2,2026-09-05,54,quantile,0.8,7.0
2026-08-22,wk inc covid hosp,2,2026-09-05,54,quantile,0.85,8.0
2026-08-22,wk inc covid hosp,2,2026-09-05,54,quantile,0.9,9.0
2026-08-22,wk inc covid hosp,2,2026-09-05,54,quantile,0.95,10.0
2026-08-22,wk inc covid hosp,2,2026-09-05,54,quantile,0.975,11.0
2026-08-22,wk inc covid hosp,2,2026-09-05,54,quantile,0.99,13.0
2026-08-22,wk inc covid hosp,2,2026-09-05,55,quantile,0.01,4.0
2026-08-22,wk inc covid hosp,2,2026-09-05,55,quantile,0.025,6.0
2026-08-22,wk inc covid hosp,2,2026-09-05,55,quantile,0.05,7.0
2026-08-22,wk inc covid hosp,2,2026-09-05,55,quantile,0.1,8.0
2026-08-22,wk inc covid hosp,2,2026-09-05,55,quantile,0.15,9.0
2026-08-22,wk inc covid hosp,2,2026-09-05,55,quantile,0.2,10.0
2026-08-22,wk inc covid hosp,2,2026-09-05,55,quantile,0.25,11.0
2026-08-22,wk inc covid hosp,2,2026-09-05,55,quantile,0.3,11.0
2026-08-22,wk inc covid hosp,2,2026-09-05,55,quantile,0.35,12.0
2026-08-22,wk inc covid hosp,2,2026-09-05,55,quantile,0.4,12.0
2026-08-22,wk inc covid hosp,2,2026-09-05,55,quantile,0.45,13.0
2026-08-22,wk inc covid hosp,2,2026-09-05,55,quantile,0.5,14.0
2026-08-22,wk inc covid hosp,2,2026-09-05,55,quantile,0.55,14.0
2026-08-22,wk inc covid hosp,2,2026-09-05,55,quantile,0.6,15.0
2026-08-22,wk inc covid hosp,2,2026-09-05,55,quantile,0.65,16.0
2026-08-22,wk inc covid hosp,2,2026-09-05,55,quantile,0.7,17.0
2026-08-22,wk inc covid hosp,2,2026-09-05,55,quantile,0.75,18.0
2026-08-22,wk inc covid hosp,2,2026-09-05,55,quantile,0.8,19.0
2026-08-22,wk inc covid hosp,2,2026-09-05,55,quantile,0.85,20.0
2026-08-22,wk inc covid hosp,2,2026-09-05,55,quantile,0.9,22.0
2026-08-22,wk inc covid hosp,2,2026-09-05,55,quantile,0.95,24.0
2026-08-22,wk inc covid hosp,2,2026-09-05,55,quantile,0.975,27.0
2026-08-22,wk inc covid hosp,2,2026-09-05,55,quantile,0.99,31.0
2026-08-22,wk inc covid hosp,2,2026-09-05,56,quantile,0.01,0.0
2026-08-22,wk inc covid hosp,2,2026-09-05,56,quantile,0.025,0.0
2026-08-22,wk inc covid hosp,2,2026-09-05,56,quantile,0.05,0.0
2026-08-22,wk inc covid hosp,2,2026-09-05,56,quantile,0.1,1.0
2026-08-22,wk inc covid hosp,2,2026-09-05,56,quantile,0.15,1.0
2026-08-22,wk inc covid hosp,2,2026-09-05,56,quantile,0.2,1.0
2026-08-22,wk inc covid hosp,2,2026-09-05,56,quantile,0.25,2.0
2026-08-22,wk inc covid hosp,2,2026-09-05,56,quantile,0.3,2.0
2026-08-22,wk inc covid hosp,2,2026-09-05,56,quantile,0.35,2.0
2026-08-22,wk inc covid hosp,2,2026-09-05,56,quantile,0.4,2.0
2026-08-22,wk inc covid hosp,2,2026-09-05,56,quantile,0.45,2.0
2026-08-22,wk inc covid hosp,2,2026-09-05,56,quantile,0.5,3.0
2026-08-22,wk inc covid hosp,2,2026-09-05,56,quantile,0.55,3.0
2026-08-22,wk inc covid hosp,2,2026-09-05,56,quantile,0.6,3.0
2026-08-22,wk inc covid hosp,2,2026-09-05,56,quantile,0.65,3.0
2026-08-22,wk inc covid hosp,2,2026-09-05,56,quantile,0.7,4.0
2026-08-22,wk inc covid hosp,2,2026-09-05,56,quantile,0.75,4.0
2026-08-22,wk inc covid hosp,2,2026-09-05,56,quantile,0.8,4.0
2026-08-22,wk inc covid hosp,2,2026-09-05,56,quantile,0.85,5.0
2026-08-22,wk inc covid hosp,2,2026-09-05,56,quantile,0.9,5.0
2026-08-22,wk inc covid hosp,2,2026-09-05,56,quantile,0.95,6.0
2026-08-22,wk inc covid hosp,2,2026-09-05,56,quantile,0.975,7.0
2026-08-22,wk inc covid hosp,2,2026-09-05,56,quantile,0.99,8.0
2026-08-22,wk inc covid hosp,2,2026-09-05,72,quantile,0.01,43.0
2026-08-22,wk inc covid hosp,2,2026-09-05,72,quantile,0.025,50.0
2026-08-22,wk inc covid hosp,2,2026-09-05,72,quantile,0.05,55.0
2026-08-22,wk inc covid hosp,2,2026-09-05,72,quantile,0.1,61.0
2026-08-22,wk inc covid hosp,2,2026-09-05,72,quantile,0.15,66.0
2026-08-22,wk inc covid hosp,2,2026-09-05,72,quantile,0.2,70.0
2026-08-22,wk inc covid hosp,2,2026-09-05,72,quantile,0.25,73.0
2026-08-22,wk inc covid hosp,2,2026-09-05,72,quantile,0.3,76.0
2026-08-22,wk inc covid hosp,2,2026-09-05,72,quantile,0.35,79.0
2026-08-22,wk inc covid hosp,2,2026-09-05,72,quantile,0.4,82.0
2026-08-22,wk inc covid hosp,2,2026-09-05,72,quantile,0.45,85.0
2026-08-22,wk inc covid hosp,2,2026-09-05,72,quantile,0.5,88.0
2026-08-22,wk inc covid hosp,2,2026-09-05,72,quantile,0.55,91.0
2026-08-22,wk inc covid hosp,2,2026-09-05,72,quantile,0.6,95.0
2026-08-22,wk inc covid hosp,2,2026-09-05,72,quantile,0.65,99.0
2026-08-22,wk inc covid hosp,2,2026-09-05,72,quantile,0.7,102.0
2026-08-22,wk inc covid hosp,2,2026-09-05,72,quantile,0.75,107.0
2026-08-22,wk inc covid hosp,2,2026-09-05,72,quantile,0.8,112.0
2026-08-22,wk inc covid hosp,2,2026-09-05,72,quantile,0.85,118.0
2026-08-22,wk inc covid hosp,2,2026-09-05,72,quantile,0.9,127.0
2026-08-22,wk inc covid hosp,2,2026-09-05,72,quantile,0.95,142.0
2026-08-22,wk inc covid hosp,2,2026-09-05,72,quantile,0.975,160.0
2026-08-22,wk inc covid hosp,2,2026-09-05,72,quantile,0.99,179.0
2026-08-22,wk inc covid hosp,3,2026-09-12,01,quantile,0.01,38.0
2026-08-22,wk inc covid hosp,3,2026-09-12,01,quantile,0.025,42.0
2026-08-22,wk inc covid hosp,3,2026-09-12,01,quantile,0.05,46.0
2026-08-22,wk inc covid hosp,3,2026-09-12,01,quantile,0.1,52.0
2026-08-22,wk inc covid hosp,3,2026-09-12,01,quantile,0.15,56.0
2026-08-22,wk inc covid hosp,3,2026-09-12,01,quantile,0.2,60.0
2026-08-22,wk inc covid hosp,3,2026-09-12,01,quantile,0.25,63.0
2026-08-22,wk inc covid hosp,3,2026-09-12,01,quantile,0.3,65.0
2026-08-22,wk inc covid hosp,3,2026-09-12,01,quantile,0.35,68.0
2026-08-22,wk inc covid hosp,3,2026-09-12,01,quantile,0.4,71.0
2026-08-22,wk inc covid hosp,3,2026-09-12,01,quantile,0.45,73.0
2026-08-22,wk inc covid hosp,3,2026-09-12,01,quantile,0.5,76.0
2026-08-22,wk inc covid hosp,3,2026-09-12,01,quantile,0.55,79.0
2026-08-22,wk inc covid hosp,3,2026-09-12,01,quantile,0.6,82.0
2026-08-22,wk inc covid hosp,3,2026-09-12,01,quantile,0.65,85.0
2026-08-22,wk inc covid hosp,3,2026-09-12,01,quantile,0.7,88.0
2026-08-22,wk inc covid hosp,3,2026-09-12,01,quantile,0.75,92.0
2026-08-22,wk inc covid hosp,3,2026-09-12,01,quantile,0.8,97.0
2026-08-22,wk inc covid hosp,3,2026-09-12,01,quantile,0.85,102.0
2026-08-22,wk inc covid hosp,3,2026-09-12,01,quantile,0.9,110.0
2026-08-22,wk inc covid hosp,3,2026-09-12,01,quantile,0.95,125.0
2026-08-22,wk inc covid hosp,3,2026-09-12,01,quantile,0.975,139.0
2026-08-22,wk inc covid hosp,3,2026-09-12,01,quantile,0.99,157.0
2026-08-22,wk inc covid hosp,3,2026-09-12,02,quantile,0.01,0.0
2026-08-22,wk inc covid hosp,3,2026-09-12,02,quantile,0.025,0.0
2026-08-22,wk inc covid hosp,3,2026-09-12,02,quantile,0.05,1.0
2026-08-22,wk inc covid hosp,3,2026-09-12,02,quantile,0.1,1.0
2026-08-22,wk inc covid hosp,3,2026-09-12,02,quantile,0.15,2.0
2026-08-22,wk inc covid hosp,3,2026-09-12,02,quantile,0.2,2.0
2026-08-22,wk inc covid hosp,3,2026-09-12,02,quantile,0.25,2.0
2026-08-22,wk inc covid hosp,3,2026-09-12,02,quantile,0.3,3.0
2026-08-22,wk inc covid hosp,3,2026-09-12,02,quantile,0.35,3.0
2026-08-22,wk inc covid hosp,3,2026-09-12,02,quantile,0.4,3.0
2026-08-22,wk inc covid hosp,3,2026-09-12,02,quantile,0.45,4.0
2026-08-22,wk inc covid hosp,3,2026-09-12,02,quantile,0.5,4.0
2026-08-22,wk inc covid hosp,3,2026-09-12,02,quantile,0.55,4.0
2026-08-22,wk inc covid hosp,3,2026-09-12,02,quantile,0.6,4.0
2026-08-22,wk inc covid hosp,3,2026-09-12,02,quantile,0.65,5.0
2026-08-22,wk inc covid hosp,3,2026-09-12,02,quantile,0.7,5.0
2026-08-22,wk inc covid hosp,3,2026-09-12,02,quantile,0.75,5.0
2026-08-22,wk inc covid hosp,3,2026-09-12,02,quantile,0.8,6.0
2026-08-22,wk inc covid hosp,3,2026-09-12,02,quantile,0.85,6.0
2026-08-22,wk inc covid hosp,3,2026-09-12,02,quantile,0.9,7.0
2026-08-22,wk inc covid hosp,3,2026-09-12,02,quantile,0.95,8.0
2026-08-22,wk inc covid hosp,3,2026-09-12,02,quantile,0.975,9.0
2026-08-22,wk inc covid hosp,3,2026-09-12,02,quantile,0.99,11.0
2026-08-22,wk inc covid hosp,3,2026-09-12,04,quantile,0.01,26.0
2026-08-22,wk inc covid hosp,3,2026-09-12,04,quantile,0.025,30.0
2026-08-22,wk inc covid hosp,3,2026-09-12,04,quantile,0.05,33.0
2026-08-22,wk inc covid hosp,3,2026-09-12,04,quantile,0.1,37.0
2026-08-22,wk inc covid hosp,3,2026-09-12,04,quantile,0.15,40.0
2026-08-22,wk inc covid hosp,3,2026-09-12,04,quantile,0.2,43.0
2026-08-22,wk inc covid hosp,3,2026-09-12,04,quantile,0.25,45.0
2026-08-22,wk inc covid hosp,3,2026-09-12,04,quantile,0.3,47.0
2026-08-22,wk inc covid hosp,3,2026-09-12,04,quantile,0.35,49.0
2026-08-22,wk inc covid hosp,3,2026-09-12,04,quantile,0.4,51.0
2026-08-22,wk inc covid hosp,3,2026-09-12,04,quantile,0.45,53.0
2026-08-22,wk inc covid hosp,3,2026-09-12,04,quantile,0.5,55.0
2026-08-22,wk inc covid hosp,3,2026-09-12,04,quantile,0.55,57.0
2026-08-22,wk inc covid hosp,3,2026-09-12,04,quantile,0.6,59.0
2026-08-22,wk inc covid hosp,3,2026-09-12,04,quantile,0.65,61.0
2026-08-22,wk inc covid hosp,3,2026-09-12,04,quantile,0.7,64.0
2026-08-22,wk inc covid hosp,3,2026-09-12,04,quantile,0.75,66.0
2026-08-22,wk inc covid hosp,3,2026-09-12,04,quantile,0.8,70.0
2026-08-22,wk inc covid hosp,3,2026-09-12,04,quantile,0.85,74.0
2026-08-22,wk inc covid hosp,3,2026-09-12,04,quantile,0.9,80.0
2026-08-22,wk inc covid hosp,3,2026-09-12,04,quantile,0.95,90.0
2026-08-22,wk inc covid hosp,3,2026-09-12,04,quantile,0.975,100.0
2026-08-22,wk inc covid hosp,3,2026-09-12,04,quantile,0.99,115.0
2026-08-22,wk inc covid hosp,3,2026-09-12,05,quantile,0.01,6.0
2026-08-22,wk inc covid hosp,3,2026-09-12,05,quantile,0.025,7.0
2026-08-22,wk inc covid hosp,3,2026-09-12,05,quantile,0.05,9.0
2026-08-22,wk inc covid hosp,3,2026-09-12,05,quantile,0.1,10.0
2026-08-22,wk inc covid hosp,3,2026-09-12,05,quantile,0.15,11.0
2026-08-22,wk inc covid hosp,3,2026-09-12,05,quantile,0.2,12.0
2026-08-22,wk inc covid hosp,3,2026-09-12,05,quantile,0.25,13.0
2026-08-22,wk inc covid hosp,3,2026-09-12,05,quantile,0.3,14.0
2026-08-22,wk inc covid hosp,3,2026-09-12,05,quantile,0.35,15.0
2026-08-22,wk inc covid hosp,3,2026-09-12,05,quantile,0.4,15.0
2026-08-22,wk inc covid hosp,3,2026-09-12,05,quantile,0.45,16.0
2026-08-22,wk inc covid hosp,3,2026-09-12,05,quantile,0.5,17.0
2026-08-22,wk inc covid hosp,3,2026-09-12,05,quantile,0.55,18.0
2026-08-22,wk inc covid hosp,3,2026-09-12,05,quantile,0.6,18.0
2026-08-22,wk inc covid hosp,3,2026-09-12,05,quantile,0.65,19.0
2026-08-22,wk inc covid hosp,3,2026-09-12,05,quantile,0.7,20.0
2026-08-22,wk inc covid hosp,3,2026-09-12,05,quantile,0.75,21.0
2026-08-22,wk inc covid hosp,3,2026-09-12,05,quantile,0.8,23.0
2026-08-22,wk inc covid hosp,3,2026-09-12,05,quantile,0.85,24.0
2026-08-22,wk inc covid hosp,3,2026-09-12,05,quantile,0.9,26.0
2026-08-22,wk inc covid hosp,3,2026-09-12,05,quantile,0.95,30.0
2026-08-22,wk inc covid hosp,3,2026-09-12,05,quantile,0.975,33.0
2026-08-22,wk inc covid hosp,3,2026-09-12,05,quantile,0.99,37.0
2026-08-22,wk inc covid hosp,3,2026-09-12,06,quantile,0.01,260.0
2026-08-22,wk inc covid hosp,3,2026-09-12,06,quantile,0.025,290.0
2026-08-22,wk inc covid hosp,3,2026-09-12,06,quantile,0.05,316.0
2026-08-22,wk inc covid hosp,3,2026-09-12,06,quantile,0.1,347.0
2026-08-22,wk inc covid hosp,3,2026-09-12,06,quantile,0.15,371.0
2026-08-22,wk inc covid hosp,3,2026-09-12,06,quantile,0.2,391.0
2026-08-22,wk inc covid hosp,3,2026-09-12,06,quantile,0.25,408.0
2026-08-22,wk inc covid hosp,3,2026-09-12,06,quantile,0.3,423.0
2026-08-22,wk inc covid hosp,3,2026-09-12,06,quantile,0.35,439.0
2026-08-22,wk inc covid hosp,3,2026-09-12,06,quantile,0.4,454.0
2026-08-22,wk inc covid hosp,3,2026-09-12,06,quantile,0.45,469.0
2026-08-22,wk inc covid hosp,3,2026-09-12,06,quantile,0.5,485.0
2026-08-22,wk inc covid hosp,3,2026-09-12,06,quantile,0.55,502.0
2026-08-22,wk inc covid hosp,3,2026-09-12,06,quantile,0.6,520.0
2026-08-22,wk inc covid hosp,3,2026-09-12,06,quantile,0.65,538.0
2026-08-22,wk inc covid hosp,3,2026-09-12,06,quantile,0.7,558.0
2026-08-22,wk inc covid hosp,3,2026-09-12,06,quantile,0.75,582.0
2026-08-22,wk inc covid hosp,3,2026-09-12,06,quantile,0.8,609.0
2026-08-22,wk inc covid hosp,3,2026-09-12,06,quantile,0.85,646.0
2026-08-22,wk inc covid hosp,3,2026-09-12,06,quantile,0.9,692.0
2026-08-22,wk inc covid hosp,3,2026-09-12,06,quantile,0.95,778.0
2026-08-22,wk inc covid hosp,3,2026-09-12,06,quantile,0.975,866.0
2026-08-22,wk inc covid hosp,3,2026-09-12,06,quantile,0.99,995.0
2026-08-22,wk inc covid hosp,3,2026-09-12,08,quantile,0.01,6.0
2026-08-22,wk inc covid hosp,3,2026-09-12,08,quantile,0.025,7.0
2026-08-22,wk inc covid hosp,3,2026-09-12,08,quantile,0.05,8.0
2026-08-22,wk inc covid hosp,3,2026-09-12,08,quantile,0.1,10.0
2026-08-22,wk inc covid hosp,3,2026-09-12,08,quantile,0.15,11.0
2026-08-22,wk inc covid hosp,3,2026-09-12,08,quantile,0.2,12.0
2026-08-22,wk inc covid hosp,3,2026-09-12,08,quantile,0.25,13.0
2026-08-22,wk inc covid hosp,3,2026-09-12,08,quantile,0.3,14.0
2026-08-22,wk inc covid hosp,3,2026-09-12,08,quantile,0.35,14.0
2026-08-22,wk inc covid hosp,3,2026-09-12,08,quantile,0.4,15.0
2026-08-22,wk inc covid hosp,3,2026-09-12,08,quantile,0.45,16.0
2026-08-22,wk inc covid hosp,3,2026-09-12,08,quantile,0.5,17.0
2026-08-22,wk inc covid hosp,3,2026-09-12,08,quantile,0.55,17.0
2026-08-22,wk inc covid hosp,3,2026-09-12,08,quantile,0.6,18.0
2026-08-22,wk inc covid hosp,3,2026-09-12,08,quantile,0.65,19.0
2026-08-22,wk inc covid hosp,3,2026-09-12,08,quantile,0.7,20.0
2026-08-22,wk inc covid hosp,3,2026-09-12,08,quantile,0.75,21.0
2026-08-22,wk inc covid hosp,3,2026-09-12,08,quantile,0.8,22.0
2026-08-22,wk inc covid hosp,3,2026-09-12,08,quantile,0.85,24.0
2026-08-22,wk inc covid hosp,3,2026-09-12,08,quantile,0.9,26.0
2026-08-22,wk inc covid hosp,3,2026-09-12,08,quantile,0.95,29.0
2026-08-22,wk inc covid hosp,3,2026-09-12,08,quantile,0.975,33.0
2026-08-22,wk inc covid hosp,3,2026-09-12,08,quantile,0.99,37.0
2026-08-22,wk inc covid hosp,3,2026-09-12,09,quantile,0.01,2.0
2026-08-22,wk inc covid hosp,3,2026-09-12,09,quantile,0.025,3.0
2026-08-22,wk inc covid hosp,3,2026-09-12,09,quantile,0.05,4.0
2026-08-22,wk inc covid hosp,3,2026-09-12,09,quantile,0.1,5.0
2026-08-22,wk inc covid hosp,3,2026-09-12,09,quantile,0.15,6.0
2026-08-22,wk inc covid hosp,3,2026-09-12,09,quantile,0.2,6.0
2026-08-22,wk inc covid hosp,3,2026-09-12,09,quantile,0.25,7.0
2026-08-22,wk inc covid hosp,3,2026-09-12,09,quantile,0.3,7.0
2026-08-22,wk inc covid hosp,3,2026-09-12,09,quantile,0.35,8.0
2026-08-22,wk inc covid hosp,3,2026-09-12,09,quantile,0.4,8.0
2026-08-22,wk inc covid hosp,3,2026-09-12,09,quantile,0.45,9.0
2026-08-22,wk inc covid hosp,3,2026-09-12,09,quantile,0.5,9.0
2026-08-22,wk inc covid hosp,3,2026-09-12,09,quantile,0.55,10.0
2026-08-22,wk inc covid hosp,3,2026-09-12,09,quantile,0.6,10.0
2026-08-22,wk inc covid hosp,3,2026-09-12,09,quantile,0.65,11.0
2026-08-22,wk inc covid hosp,3,2026-09-12,09,quantile,0.7,11.0
2026-08-22,wk inc covid hosp,3,2026-09-12,09,quantile,0.75,12.0
2026-08-22,wk inc covid hosp,3,2026-09-12,09,quantile,0.8,13.0
2026-08-22,wk inc covid hosp,3,2026-09-12,09,quantile,0.85,14.0
2026-08-22,wk inc covid hosp,3,2026-09-12,09,quantile,0.9,15.0
2026-08-22,wk inc covid hosp,3,2026-09-12,09,quantile,0.95,17.0
2026-08-22,wk inc covid hosp,3,2026-09-12,09,quantile,0.975,20.0
2026-08-22,wk inc covid hosp,3,2026-09-12,09,quantile,0.99,23.0
2026-08-22,wk inc covid hosp,3,2026-09-12,10,quantile,0.01,0.0
2026-08-22,wk inc covid hosp,3,2026-09-12,10,quantile,0.025,0.0
2026-08-22,wk inc covid hosp,3,2026-09-12,10,quantile,0.05,0.0
2026-08-22,wk inc covid hosp,3,2026-09-12,10,quantile,0.1,1.0
2026-08-22,wk inc covid hosp,3,2026-09-12,10,quantile,0.15,1.0
2026-08-22,wk inc covid hosp,3,2026-09-12,10,quantile,0.2,1.0
2026-08-22,wk inc covid hosp,3,2026-09-12,10,quantile,0.25,1.0
2026-08-22,wk inc covid hosp,3,2026-09-12,10,quantile,0.3,2.0
2026-08-22,wk inc covid hosp,3,2026-09-12,10,quantile,0.35,2.0
2026-08-22,wk inc covid hosp,3,2026-09-12,10,quantile,0.4,2.0
2026-08-22,wk inc covid hosp,3,2026-09-12,10,quantile,0.45,2.0
2026-08-22,wk inc covid hosp,3,2026-09-12,10,quantile,0.5,2.0
2026-08-22,wk inc covid hosp,3,2026-09-12,10,quantile,0.55,3.0
2026-08-22,wk inc covid hosp,3,2026-09-12,10,quantile,0.6,3.0
2026-08-22,wk inc covid hosp,3,2026-09-12,10,quantile,0.65,3.0
2026-08-22,wk inc covid hosp,3,2026-09-12,10,quantile,0.7,3.0
2026-08-22,wk inc covid hosp,3,2026-09-12,10,quantile,0.75,4.0
2026-08-22,wk inc covid hosp,3,2026-09-12,10,quantile,0.8,4.0
2026-08-22,wk inc covid hosp,3,2026-09-12,10,quantile,0.85,4.0
2026-08-22,wk inc covid hosp,3,2026-09-12,10,quantile,0.9,5.0
2026-08-22,wk inc covid hosp,3,2026-09-12,10,quantile,0.95,6.0
2026-08-22,wk inc covid hosp,3,2026-09-12,10,quantile,0.975,7.0
2026-08-22,wk inc covid hosp,3,2026-09-12,10,quantile,0.99,8.0
2026-08-22,wk inc covid hosp,3,2026-09-12,11,quantile,0.01,1.0
2026-08-22,wk inc covid hosp,3,2026-09-12,11,quantile,0.025,1.0
2026-08-22,wk inc covid hosp,3,2026-09-12,11,quantile,0.05,2.0
2026-08-22,wk inc covid hosp,3,2026-09-12,11,quantile,0.1,3.0
2026-08-22,wk inc covid hosp,3,2026-09-12,11,quantile,0.15,3.0
2026-08-22,wk inc covid hosp,3,2026-09-12,11,quantile,0.2,4.0
2026-08-22,wk inc covid hosp,3,2026-09-12,11,quantile,0.25,4.0
2026-08-22,wk inc covid hosp,3,2026-09-12,11,quantile,0.3,5.0
2026-08-22,wk inc covid hosp,3,2026-09-12,11,quantile,0.35,5.0
2026-08-22,wk inc covid hosp,3,2026-09-12,11,quantile,0.4,5.0
2026-08-22,wk inc covid hosp,3,2026-09-12,11,quantile,0.45,6.0
2026-08-22,wk inc covid hosp,3,2026-09-12,11,quantile,0.5,6.0
2026-08-22,wk inc covid hosp,3,2026-09-12,11,quantile,0.55,6.0
2026-08-22,wk inc covid hosp,3,2026-09-12,11,quantile,0.6,7.0
2026-08-22,wk inc covid hosp,3,2026-09-12,11,quantile,0.65,7.0
2026-08-22,wk inc covid hosp,3,2026-09-12,11,quantile,0.7,8.0
2026-08-22,wk inc covid hosp,3,2026-09-12,11,quantile,0.75,8.0
2026-08-22,wk inc covid hosp,3,2026-09-12,11,quantile,0.8,9.0
2026-08-22,wk inc covid hosp,3,2026-09-12,11,quantile,0.85,10.0
2026-08-22,wk inc covid hosp,3,2026-09-12,11,quantile,0.9,11.0
2026-08-22,wk inc covid hosp,3,2026-09-12,11,quantile,0.95,12.0
2026-08-22,wk inc covid hosp,3,2026-09-12,11,quantile,0.975,14.0
2026-08-22,wk inc covid hosp,3,2026-09-12,11,quantile,0.99,16.0
2026-08-22,wk inc covid hosp,3,2026-09-12,12,quantile,0.01,185.0
2026-08-22,wk inc covid hosp,3,2026-09-12,12,quantile,0.025,206.0
2026-08-22,wk inc covid hosp,3,2026-09-12,12,quantile,0.05,226.0
2026-08-22,wk inc covid hosp,3,2026-09-12,12,quantile,0.1,251.0
2026-08-22,wk inc covid hosp,3,2026-09-12,12,quantile,0.15,268.0
2026-08-22,wk inc covid hosp,3,2026-09-12,12,quantile,0.2,281.0
2026-08-22,wk inc covid hosp,3,2026-09-12,12,quantile,0.25,295.0
2026-08-22,wk inc covid hosp,3,2026-09-12,12,quantile,0.3,307.0
2026-08-22,wk inc covid hosp,3,2026-09-12,12,quantile,0.35,318.0
2026-08-22,wk inc covid hosp,3,2026-09-12,12,quantile,0.4,328.0
2026-08-22,wk inc covid hosp,3,2026-09-12,12,quantile,0.45,340.0
2026-08-22,wk inc covid hosp,3,2026-09-12,12,quantile,0.5,352.0
2026-08-22,wk inc covid hosp,3,2026-09-12,12,quantile,0.55,364.0
2026-08-22,wk inc covid hosp,3,2026-09-12,12,quantile,0.6,376.0
2026-08-22,wk inc covid hosp,3,2026-09-12,12,quantile,0.65,389.0
2026-08-22,wk inc covid hosp,3,2026-09-12,12,quantile,0.7,404.0
2026-08-22,wk inc covid hosp,3,2026-09-12,12,quantile,0.75,422.0
2026-08-22,wk inc covid hosp,3,2026-09-12,12,quantile,0.8,443.0
2026-08-22,wk inc covid hosp,3,2026-09-12,12,quantile,0.85,468.0
2026-08-22,wk inc covid hosp,3,2026-09-12,12,quantile,0.9,505.0
2026-08-22,wk inc covid hosp,3,2026-09-12,12,quantile,0.95,566.0
2026-08-22,wk inc covid hosp,3,2026-09-12,12,quantile,0.975,625.0
2026-08-22,wk inc covid hosp,3,2026-09-12,12,quantile,0.99,722.0
2026-08-22,wk inc covid hosp,3,2026-09-12,13,quantile,0.01,42.0
2026-08-22,wk inc covid hosp,3,2026-09-12,13,quantile,0.025,48.0
2026-08-22,wk inc covid hosp,3,2026-09-12,13,quantile,0.05,52.0
2026-08-22,wk inc covid hosp,3,2026-09-12,13,quantile,0.1,59.0
2026-08-22,wk inc covid hosp,3,2026-09-12,13,quantile,0.15,63.0
2026-08-22,wk inc covid hosp,3,2026-09-12,13,quantile,0.2,67.0
2026-08-22,wk inc covid hosp,3,2026-09-12,13,quantile,0.25,70.0
2026-08-22,wk inc covid hosp,3,2026-09-12,13,quantile,0.3,73.0
2026-08-22,wk inc covid hosp,3,2026-09-12,13,quantile,0.35,76.0
2026-08-22,wk inc covid hosp,3,2026-09-12,13,quantile,0.4,79.0
2026-08-22,wk inc covid hosp,3,2026-09-12,13,quantile,0.45,82.0
2026-08-22,wk inc covid hosp,3,2026-09-12,13,quantile,0.5,85.0
2026-08-22,wk inc covid hosp,3,2026-09-12,13,quantile,0.55,88.0
2026-08-22,wk inc covid hosp,3,2026-09-12,13,quantile,0.6,91.0
2026-08-22,wk inc covid hosp,3,2026-09-12,13,quantile,0.65,95.0
2026-08-22,wk inc covid hosp,3,2026-09-12,13,quantile,0.7,99.0
2026-08-22,wk inc covid hosp,3,2026-09-12,13,quantile,0.75,103.0
2026-08-22,wk inc covid hosp,3,2026-09-12,13,quantile,0.8,108.0
2026-08-22,wk inc covid hosp,3,2026-09-12,13,quantile,0.85,115.0
2026-08-22,wk inc covid hosp,3,2026-09-12,13,quantile,0.9,125.0
2026-08-22,wk inc covid hosp,3,2026-09-12,13,quantile,0.95,139.0
2026-08-22,wk inc covid hosp,3,2026-09-12,13,quantile,0.975,155.0
2026-08-22,wk inc covid hosp,3,2026-09-12,13,quantile,0.99,177.0
2026-08-22,wk inc covid hosp,3,2026-09-12,15,quantile,0.01,8.0
2026-08-22,wk inc covid hosp,3,2026-09-12,15,quantile,0.025,10.0
2026-08-22,wk inc covid hosp,3,2026-09-12,15,quantile,0.05,11.0
2026-08-22,wk inc covid hosp,3,2026-09-12,15,quantile,0.1,13.0
2026-08-22,wk inc covid hosp,3,2026-09-12,15,quantile,0.15,15.0
2026-08-22,wk inc covid hosp,3,2026-09-12,15,quantile,0.2,16.0
2026-08-22,wk inc covid hosp,3,2026-09-12,15,quantile,0.25,17.0
2026-08-22,wk inc covid hosp,3,2026-09-12,15,quantile,0.3,18.0
2026-08-22,wk inc covid hosp,3,2026-09-12,15,quantile,0.35,19.0
2026-08-22,wk inc covid hosp,3,2026-09-12,15,quantile,0.4,20.0
2026-08-22,wk inc covid hosp,3,2026-09-12,15,quantile,0.45,20.0
2026-08-22,wk inc covid hosp,3,2026-09-12,15,quantile,0.5,21.0
2026-08-22,wk inc covid hosp,3,2026-09-12,15,quantile,0.55,22.0
2026-08-22,wk inc covid hosp,3,2026-09-12,15,quantile,0.6,23.0
2026-08-22,wk inc covid hosp,3,2026-09-12,15,quantile,0.65,24.0
2026-08-22,wk inc covid hosp,3,2026-09-12,15,quantile,0.7,25.0
2026-08-22,wk inc covid hosp,3,2026-09-12,15,quantile,0.75,27.0
2026-08-22,wk inc covid hosp,3,2026-09-12,15,quantile,0.8,28.0
2026-08-22,wk inc covid hosp,3,2026-09-12,15,quantile,0.85,30.0
2026-08-22,wk inc covid hosp,3,2026-09-12,15,quantile,0.9,33.0
2026-08-22,wk inc covid hosp,3,2026-09-12,15,quantile,0.95,37.0
2026-08-22,wk inc covid hosp,3,2026-09-12,15,quantile,0.975,41.0
2026-08-22,wk inc covid hosp,3,2026-09-12,15,quantile,0.99,46.0
2026-08-22,wk inc covid hosp,3,2026-09-12,16,quantile,0.01,0.0
2026-08-22,wk inc covid hosp,3,2026-09-12,16,quantile,0.025,1.0
2026-08-22,wk inc covid hosp,3,2026-09-12,16,quantile,0.05,1.0
2026-08-22,wk inc covid hosp,3,2026-09-12,16,quantile,0.1,2.0
2026-08-22,wk inc covid hosp,3,2026-09-12,16,quantile,0.15,3.0
2026-08-22,wk inc covid hosp,3,2026-09-12,16,quantile,0.2,3.0
2026-08-22,wk inc covid hosp,3,2026-09-12,16,quantile,0.25,3.0
2026-08-22,wk inc covid hosp,3,2026-09-12,16,quantile,0.3,4.0
2026-08-22,wk inc covid hosp,3,2026-09-12,16,quantile,0.35,4.0
2026-08-22,wk inc covid hosp,3,2026-09-12,16,quantile,0.4,4.0
2026-08-22,wk inc covid hosp,3,2026-09-12,16,quantile,0.45,5.0
2026-08-22,wk inc covid hosp,3,2026-09-12,16,quantile,0.5,5.0
2026-08-22,wk inc covid hosp,3,2026-09-12,16,quantile,0.55,5.0
2026-08-22,wk inc covid hosp,3,2026-09-12,16,quantile,0.6,6.0
2026-08-22,wk inc covid hosp,3,2026-09-12,16,quantile,0.65,6.0
2026-08-22,wk inc covid hosp,3,2026-09-12,16,quantile,0.7,6.0
2026-08-22,wk inc covid hosp,3,2026-09-12,16,quantile,0.75,7.0
2026-08-22,wk inc covid hosp,3,2026-09-12,16,quantile,0.8,7.0
2026-08-22,wk inc covid hosp,3,2026-09-12,16,quantile,0.85,8.0
2026-08-22,wk inc covid hosp,3,2026-09-12,16,quantile,0.9,9.0
2026-08-22,wk inc covid hosp,3,2026-09-12,16,quantile,0.95,10.0
2026-08-22,wk inc covid hosp,3,2026-09-12,16,quantile,0.975,12.0
2026-08-22,wk inc covid hosp,3,2026-09-12,16,quantile,0.99,13.0
2026-08-22,wk inc covid hosp,3,2026-09-12,17,quantile,0.01,19.0
2026-08-22,wk inc covid hosp,3,2026-09-12,17,quantile,0.025,22.0
2026-08-22,wk inc covid hosp,3,2026-09-12,17,quantile,0.05,25.0
2026-08-22,wk inc covid hosp,3,2026-09-12,17,quantile,0.1,28.0
2026-08-22,wk inc covid hosp,3,2026-09-12,17,quantile,0.15,31.0
2026-08-22,wk inc covid hosp,3,2026-09-12,17,quantile,0.2,33.0
2026-08-22,wk inc covid hosp,3,2026-09-12,17,quantile,0.25,35.0
2026-08-22,wk inc covid hosp,3,2026-09-12,17,quantile,0.3,36.0
2026-08-22,wk inc covid hosp,3,2026-09-12,17,quantile,0.35,38.0
2026-08-22,wk inc covid hosp,3,2026-09-12,17,quantile,0.4,40.0
2026-08-22,wk inc covid hosp,3,2026-09-12,17,quantile,0.45,41.0
2026-08-22,wk inc covid hosp,3,2026-09-12,17,quantile,0.5,43.0
2026-08-22,wk inc covid hosp,3,2026-09-12,17,quantile,0.55,44.0
2026-08-22,wk inc covid hosp,3,2026-09-12,17,quantile,0.6,46.0
2026-08-22,wk inc covid hosp,3,2026-09-12,17,quantile,0.65,48.0
2026-08-22,wk inc covid hosp,3,2026-09-12,17,quantile,0.7,50.0
2026-08-22,wk inc covid hosp,3,2026-09-12,17,quantile,0.75,52.0
2026-08-22,wk inc covid hosp,3,2026-09-12,17,quantile,0.8,55.0
2026-08-22,wk inc covid hosp,3,2026-09-12,17,quantile,0.85,58.0
2026-08-22,wk inc covid hosp,3,2026-09-12,17,quantile,0.9,63.0
2026-08-22,wk inc covid hosp,3,2026-09-12,17,quantile,0.95,72.0
2026-08-22,wk inc covid hosp,3,2026-09-12,17,quantile,0.975,80.0
2026-08-22,wk inc covid hosp,3,2026-09-12,17,quantile,0.99,90.0
2026-08-22,wk inc covid hosp,3,2026-09-12,18,quantile,0.01,12.0
2026-08-22,wk inc covid hosp,3,2026-09-12,18,quantile,0.025,14.0
2026-08-22,wk inc covid hosp,3,2026-09-12,18,quantile,0.05,16.0
2026-08-22,wk inc covid hosp,3,2026-09-12,18,quantile,0.1,19.0
2026-08-22,wk inc covid hosp,3,2026-09-12,18,quantile,0.15,20.0
2026-08-22,wk inc covid hosp,3,2026-09-12,18,quantile,0.2,22.0
2026-08-22,wk inc covid hosp,3,2026-09-12,18,quantile,0.25,23.0
2026-08-22,wk inc covid hosp,3,2026-09-12,18,quantile,0.3,24.0
2026-08-22,wk inc covid hosp,3,2026-09-12,18,quantile,0.35,26.0
2026-08-22,wk inc covid hosp,3,2026-09-12,18,quantile,0.4,27.0
2026-08-22,wk inc covid hosp,3,2026-09-12,18,quantile,0.45,28.0
2026-08-22,wk inc covid hosp,3,2026-09-12,18,quantile,0.5,29.0
2026-08-22,wk inc covid hosp,3,2026-09-12,18,quantile,0.55,30.0
2026-08-22,wk inc covid hosp,3,2026-09-12,18,quantile,0.6,32.0
2026-08-22,wk inc covid hosp,3,2026-09-12,18,quantile,0.65,33.0
2026-08-22,wk inc covid hosp,3,2026-09-12,18,quantile,0.7,34.0
2026-08-22,wk inc covid hosp,3,2026-09-12,18,quantile,0.75,36.0
2026-08-22,wk inc covid hosp,3,2026-09-12,18,quantile,0.8,38.0
2026-08-22,wk inc covid hosp,3,2026-09-12,18,quantile,0.85,40.0
2026-08-22,wk inc covid hosp,3,2026-09-12,18,quantile,0.9,44.0
2026-08-22,wk inc covid hosp,3,2026-09-12,18,quantile,0.95,49.0
2026-08-22,wk inc covid hosp,3,2026-09-12,18,quantile,0.975,55.0
2026-08-22,wk inc covid hosp,3,2026-09-12,18,quantile,0.99,63.0
2026-08-22,wk inc covid hosp,3,2026-09-12,19,quantile,0.01,1.0
2026-08-22,wk inc covid hosp,3,2026-09-12,19,quantile,0.025,2.0
2026-08-22,wk inc covid hosp,3,2026-09-12,19,quantile,0.05,3.0
2026-08-22,wk inc covid hosp,3,2026-09-12,19,quantile,0.1,4.0
2026-08-22,wk inc covid hosp,3,2026-09-12,19,quantile,0.15,4.0
2026-08-22,wk inc covid hosp,3,2026-09-12,19,quantile,0.2,5.0
2026-08-22,wk inc covid hosp,3,2026-09-12,19,quantile,0.25,5.0
2026-08-22,wk inc covid hosp,3,2026-09-12,19,quantile,0.3,6.0
2026-08-22,wk inc covid hosp,3,2026-09-12,19,quantile,0.35,6.0
2026-08-22,wk inc covid hosp,3,2026-09-12,19,quantile,0.4,7.0
2026-08-22,wk inc covid hosp,3,2026-09-12,19,quantile,0.45,7.0
2026-08-22,wk inc covid hosp,3,2026-09-12,19,quantile,0.5,7.0
2026-08-22,wk inc covid hosp,3,2026-09-12,19,quantile,0.55,8.0
2026-08-22,wk inc covid hosp,3,2026-09-12,19,quantile,0.6,8.0
2026-08-22,wk inc covid hosp,3,2026-09-12,19,quantile,0.65,9.0
2026-08-22,wk inc covid hosp,3,2026-09-12,19,quantile,0.7,9.0
2026-08-22,wk inc covid hosp,3,2026-09-12,19,quantile,0.75,10.0
2026-08-22,wk inc covid hosp,3,2026-09-12,19,quantile,0.8,11.0
2026-08-22,wk inc covid hosp,3,2026-09-12,19,quantile,0.85,12.0
2026-08-22,wk inc covid hosp,3,2026-09-12,19,quantile,0.9,13.0
2026-08-22,wk inc covid hosp,3,2026-09-12,19,quantile,0.95,15.0
2026-08-22,wk inc covid hosp,3,2026-09-12,19,quantile,0.975,16.0
2026-08-22,wk inc covid hosp,3,2026-09-12,19,quantile,0.99,19.0
2026-08-22,wk inc covid hosp,3,2026-09-12,20,quantile,0.01,2.0
2026-08-22,wk inc covid hosp,3,2026-09-12,20,quantile,0.025,3.0
2026-08-22,wk inc covid hosp,3,2026-09-12,20,quantile,0.05,3.0
2026-08-22,wk inc covid hosp,3,2026-09-12,20,quantile,0.1,4.0
2026-08-22,wk inc covid hosp,3,2026-09-12,20,quantile,0.15,5.0
2026-08-22,wk inc covid hosp,3,2026-09-12,20,quantile,0.2,6.0
2026-08-22,wk inc covid hosp,3,2026-09-12,20,quantile,0.25,6.0
2026-08-22,wk inc covid hosp,3,2026-09-12,20,quantile,0.3,7.0
2026-08-22,wk inc covid hosp,3,2026-09-12,20,quantile,0.35,7.0
2026-08-22,wk inc covid hosp,3,2026-09-12,20,quantile,0.4,8.0
2026-08-22,wk inc covid hosp,3,2026-09-12,20,quantile,0.45,8.0
2026-08-22,wk inc covid hosp,3,2026-09-12,20,quantile,0.5,9.0
2026-08-22,wk inc covid hosp,3,2026-09-12,20,quantile,0.55,9.0
2026-08-22,wk inc covid hosp,3,2026-09-12,20,quantile,0.6,10.0
2026-08-22,wk inc covid hosp,3,2026-09-12,20,quantile,0.65,10.0
2026-08-22,wk inc covid hosp,3,2026-09-12,20,quantile,0.7,11.0
2026-08-22,wk inc covid hosp,3,2026-09-12,20,quantile,0.75,11.0
2026-08-22,wk inc covid hosp,3,2026-09-12,20,quantile,0.8,12.0
2026-08-22,wk inc covid hosp,3,2026-09-12,20,quantile,0.85,13.0
2026-08-22,wk inc covid hosp,3,2026-09-12,20,quantile,0.9,14.0
2026-08-22,wk inc covid hosp,3,2026-09-12,20,quantile,0.95,16.0
2026-08-22,wk inc covid hosp,3,2026-09-12,20,quantile,0.975,18.0
2026-08-22,wk inc covid hosp,3,2026-09-12,20,quantile,0.99,21.0
2026-08-22,wk inc covid hosp,3,2026-09-12,21,quantile,0.01,8.0
2026-08-22,wk inc covid hosp,3,2026-09-12,21,quantile,0.025,9.0
2026-08-22,wk inc covid hosp,3,2026-09-12,21,quantile,0.05,11.0
2026-08-22,wk inc covid hosp,3,2026-09-12,21,quantile,0.1,13.0
2026-08-22,wk inc covid hosp,3,2026-09-12,21,quantile,0.15,14.0
2026-08-22,wk inc covid hosp,3,2026-09-12,21,quantile,0.2,15.0
2026-08-22,wk inc covid hosp,3,2026-09-12,21,quantile,0.25,16.0
2026-08-22,wk inc covid hosp,3,2026-09-12,21,quantile,0.3,17.0
2026-08-22,wk inc covid hosp,3,2026-09-12,21,quantile,0.35,18.0
2026-08-22,wk inc covid hosp,3,2026-09-12,21,quantile,0.4,19.0
2026-08-22,wk inc covid hosp,3,2026-09-12,21,quantile,0.45,20.0
2026-08-22,wk inc covid hosp,3,2026-09-12,21,quantile,0.5,21.0
2026-08-22,wk inc covid hosp,3,2026-09-12,21,quantile,0.55,21.0
2026-08-22,wk inc covid hosp,3,2026-09-12,21,quantile,0.6,22.0
2026-08-22,wk inc covid hosp,3,2026-09-12,21,quantile,0.65,23.0
2026-08-22,wk inc covid hosp,3,2026-09-12,21,quantile,0.7,24.0
2026-08-22,wk inc covid hosp,3,2026-09-12,21,quantile,0.75,26.0
2026-08-22,wk inc covid hosp,3,2026-09-12,21,quantile,0.8,27.0
2026-08-22,wk inc covid hosp,3,2026-09-12,21,quantile,0.85,29.0
2026-08-22,wk inc covid hosp,3,2026-09-12,21,quantile,0.9,31.0
2026-08-22,wk inc covid hosp,3,2026-09-12,21,quantile,0.95,35.0
2026-08-22,wk inc covid hosp,3,2026-09-12,21,quantile,0.975,39.0
2026-08-22,wk inc covid hosp,3,2026-09-12,21,quantile,0.99,45.0
2026-08-22,wk inc covid hosp,3,2026-09-12,22,quantile,0.01,28.0
2026-08-22,wk inc covid hosp,3,2026-09-12,22,quantile,0.025,31.0
2026-08-22,wk inc covid hosp,3,2026-09-12,22,quantile,0.05,35.0
2026-08-22,wk inc covid hosp,3,2026-09-12,22,quantile,0.1,40.0
2026-08-22,wk inc covid hosp,3,2026-09-12,22,quantile,0.15,43.0
2026-08-22,wk inc covid hosp,3,2026-09-12,22,quantile,0.2,46.0
2026-08-22,wk inc covid hosp,3,2026-09-12,22,quantile,0.25,48.0
2026-08-22,wk inc covid hosp,3,2026-09-12,22,quantile,0.3,50.0
2026-08-22,wk inc covid hosp,3,2026-09-12,22,quantile,0.35,53.0
2026-08-22,wk inc covid hosp,3,2026-09-12,22,quantile,0.4,55.0
2026-08-22,wk inc covid hosp,3,2026-09-12,22,quantile,0.45,57.0
2026-08-22,wk inc covid hosp,3,2026-09-12,22,quantile,0.5,59.0
2026-08-22,wk inc covid hosp,3,2026-09-12,22,quantile,0.55,61.0
2026-08-22,wk inc covid hosp,3,2026-09-12,22,quantile,0.6,64.0
2026-08-22,wk inc covid hosp,3,2026-09-12,22,quantile,0.65,66.0
2026-08-22,wk inc covid hosp,3,2026-09-12,22,quantile,0.7,69.0
2026-08-22,wk inc covid hosp,3,2026-09-12,22,quantile,0.75,72.0
2026-08-22,wk inc covid hosp,3,2026-09-12,22,quantile,0.8,76.0
2026-08-22,wk inc covid hosp,3,2026-09-12,22,quantile,0.85,80.0
2026-08-22,wk inc covid hosp,3,2026-09-12,22,quantile,0.9,87.0
2026-08-22,wk inc covid hosp,3,2026-09-12,22,quantile,0.95,98.0
2026-08-22,wk inc covid hosp,3,2026-09-12,22,quantile,0.975,109.0
2026-08-22,wk inc covid hosp,3,2026-09-12,22,quantile,0.99,124.0
2026-08-22,wk inc covid hosp,3,2026-09-12,23,quantile,0.01,0.0
2026-08-22,wk inc covid hosp,3,2026-09-12,23,quantile,0.025,0.0
2026-08-22,wk inc covid hosp,3,2026-09-12,23,quantile,0.05,0.0
2026-08-22,wk inc covid hosp,3,2026-09-12,23,quantile,0.1,0.0
2026-08-22,wk inc covid hosp,3,2026-09-12,23,quantile,0.15,1.0
2026-08-22,wk inc covid hosp,3,2026-09-12,23,quantile,0.2,1.0
2026-08-22,wk inc covid hosp,3,2026-09-12,23,quantile,0.25,1.0
2026-08-22,wk inc covid hosp,3,2026-09-12,23,quantile,0.3,1.0
2026-08-22,wk inc covid hosp,3,2026-09-12,23,quantile,0.35,1.0
2026-08-22,wk inc covid hosp,3,2026-09-12,23,quantile,0.4,2.0
2026-08-22,wk inc covid hosp,3,2026-09-12,23,quantile,0.45,2.0
2026-08-22,wk inc covid hosp,3,2026-09-12,23,quantile,0.5,2.0
2026-08-22,wk inc covid hosp,3,2026-09-12,23,quantile,0.55,2.0
2026-08-22,wk inc covid hosp,3,2026-09-12,23,quantile,0.6,2.0
2026-08-22,wk inc covid hosp,3,2026-09-12,23,quantile,0.65,3.0
2026-08-22,wk inc covid hosp,3,2026-09-12,23,quantile,0.7,3.0
2026-08-22,wk inc covid hosp,3,2026-09-12,23,quantile,0.75,3.0
2026-08-22,wk inc covid hosp,3,2026-09-12,23,quantile,0.8,3.0
2026-08-22,wk inc covid hosp,3,2026-09-12,23,quantile,0.85,4.0
2026-08-22,wk inc covid hosp,3,2026-09-12,23,quantile,0.9,4.0
2026-08-22,wk inc covid hosp,3,2026-09-12,23,quantile,0.95,5.0
2026-08-22,wk inc covid hosp,3,2026-09-12,23,quantile,0.975,6.0
2026-08-22,wk inc covid hosp,3,2026-09-12,23,quantile,0.99,7.0
2026-08-22,wk inc covid hosp,3,2026-09-12,24,quantile,0.01,6.0
2026-08-22,wk inc covid hosp,3,2026-09-12,24,quantile,0.025,7.0
2026-08-22,wk inc covid hosp,3,2026-09-12,24,quantile,0.05,8.0
2026-08-22,wk inc covid hosp,3,2026-09-12,24,quantile,0.1,10.0
2026-08-22,wk inc covid hosp,3,2026-09-12,24,quantile,0.15,11.0
2026-08-22,wk inc covid hosp,3,2026-09-12,24,quantile,0.2,12.0
2026-08-22,wk inc covid hosp,3,2026-09-12,24,quantile,0.25,13.0
2026-08-22,wk inc covid hosp,3,2026-09-12,24,quantile,0.3,13.0
2026-08-22,wk inc covid hosp,3,2026-09-12,24,quantile,0.35,14.0
2026-08-22,wk inc covid hosp,3,2026-09-12,24,quantile,0.4,15.0
2026-08-22,wk inc covid hosp,3,2026-09-12,24,quantile,0.45,16.0
2026-08-22,wk inc covid hosp,3,2026-09-12,24,quantile,0.5,16.0
2026-08-22,wk inc covid hosp,3,2026-09-12,24,quantile,0.55,17.0
2026-08-22,wk inc covid hosp,3,2026-09-12,24,quantile,0.6,18.0
2026-08-22,wk inc covid hosp,3,2026-09-12,24,quantile,0.65,19.0
2026-08-22,wk inc covid hosp,3,2026-09-12,24,quantile,0.7,20.0
2026-08-22,wk inc covid hosp,3,2026-09-12,24,quantile,0.75,21.0
2026-08-22,wk inc covid hosp,3,2026-09-12,24,quantile,0.8,22.0
2026-08-22,wk inc covid hosp,3,2026-09-12,24,quantile,0.85,24.0
2026-08-22,wk inc covid hosp,3,2026-09-12,24,quantile,0.9,26.0
2026-08-22,wk inc covid hosp,3,2026-09-12,24,quantile,0.95,29.0
2026-08-22,wk inc covid hosp,3,2026-09-12,24,quantile,0.975,32.0
2026-08-22,wk inc covid hosp,3,2026-09-12,24,quantile,0.99,37.0
2026-08-22,wk inc covid hosp,3,2026-09-12,25,quantile,0.01,11.0
2026-08-22,wk inc covid hosp,3,2026-09-12,25,quantile,0.025,13.0
2026-08-22,wk inc covid hosp,3,2026-09-12,25,quantile,0.05,15.0
2026-08-22,wk inc covid hosp,3,2026-09-12,25,quantile,0.1,17.0
2026-08-22,wk inc covid hosp,3,2026-09-12,25,quantile,0.15,19.0
2026-08-22,wk inc covid hosp,3,2026-09-12,25,quantile,0.2,21.0
2026-08-22,wk inc covid hosp,3,2026-09-12,25,quantile,0.25,22.0
2026-08-22,wk inc covid hosp,3,2026-09-12,25,quantile,0.3,23.0
2026-08-22,wk inc covid hosp,3,2026-09-12,25,quantile,0.35,24.0
2026-08-22,wk inc covid hosp,3,2026-09-12,25,quantile,0.4,25.0
2026-08-22,wk inc covid hosp,3,2026-09-12,25,quantile,0.45,27.0
2026-08-22,wk inc covid hosp,3,2026-09-12,25,quantile,0.5,28.0
2026-08-22,wk inc covid hosp,3,2026-09-12,25,quantile,0.55,29.0
2026-08-22,wk inc covid hosp,3,2026-09-12,25,quantile,0.6,30.0
2026-08-22,wk inc covid hosp,3,2026-09-12,25,quantile,0.65,32.0
2026-08-22,wk inc covid hosp,3,2026-09-12,25,quantile,0.7,33.0
2026-08-22,wk inc covid hosp,3,2026-09-12,25,quantile,0.75,35.0
2026-08-22,wk inc covid hosp,3,2026-09-12,25,quantile,0.8,36.0
2026-08-22,wk inc covid hosp,3,2026-09-12,25,quantile,0.85,39.0
2026-08-22,wk inc covid hosp,3,2026-09-12,25,quantile,0.9,42.0
2026-08-22,wk inc covid hosp,3,2026-09-12,25,quantile,0.95,48.0
2026-08-22,wk inc covid hosp,3,2026-09-12,25,quantile,0.975,53.0
2026-08-22,wk inc covid hosp,3,2026-09-12,25,quantile,0.99,60.0
2026-08-22,wk inc covid hosp,3,2026-09-12,26,quantile,0.01,14.0
2026-08-22,wk inc covid hosp,3,2026-09-12,26,quantile,0.025,16.0
2026-08-22,wk inc covid hosp,3,2026-09-12,26,quantile,0.05,19.0
2026-08-22,wk inc covid hosp,3,2026-09-12,26,quantile,0.1,21.0
2026-08-22,wk inc covid hosp,3,2026-09-12,26,quantile,0.15,23.0
2026-08-22,wk inc covid hosp,3,2026-09-12,26,quantile,0.2,25.0
2026-08-22,wk inc covid hosp,3,2026-09-12,26,quantile,0.25,26.0
2026-08-22,wk inc covid hosp,3,2026-09-12,26,quantile,0.3,28.0
2026-08-22,wk inc covid hosp,3,2026-09-12,26,quantile,0.35,29.0
2026-08-22,wk inc covid hosp,3,2026-09-12,26,quantile,0.4,30.0
2026-08-22,wk inc covid hosp,3,2026-09-12,26,quantile,0.45,32.0
2026-08-22,wk inc covid hosp,3,2026-09-12,26,quantile,0.5,33.0
2026-08-22,wk inc covid hosp,3,2026-09-12,26,quantile,0.55,34.0
2026-08-22,wk inc covid hosp,3,2026-09-12,26,quantile,0.6,36.0
2026-08-22,wk inc covid hosp,3,2026-09-12,26,quantile,0.65,37.0
2026-08-22,wk inc covid hosp,3,2026-09-12,26,quantile,0.7,39.0
2026-08-22,wk inc covid hosp,3,2026-09-12,26,quantile,0.75,41.0
2026-08-22,wk inc covid hosp,3,2026-09-12,26,quantile,0.8,43.0
2026-08-22,wk inc covid hosp,3,2026-09-12,26,quantile,0.85,46.0
2026-08-22,wk inc covid hosp,3,2026-09-12,26,quantile,0.9,50.0
2026-08-22,wk inc covid hosp,3,2026-09-12,26,quantile,0.95,56.0
2026-08-22,wk inc covid hosp,3,2026-09-12,26,quantile,0.975,63.0
2026-08-22,wk inc covid hosp,3,2026-09-12,26,quantile,0.99,71.0
2026-08-22,wk inc covid hosp,3,2026-09-12,27,quantile,0.01,4.0
2026-08-22,wk inc covid hosp,3,2026-09-12,27,quantile,0.025,5.0
2026-08-22,wk inc covid hosp,3,2026-09-12,27,quantile,0.05,6.0
2026-08-22,wk inc covid hosp,3,2026-09-12,27,quantile,0.1,8.0
2026-08-22,wk inc covid hosp,3,2026-09-12,27,quantile,0.15,9.0
2026-08-22,wk inc covid hosp,3,2026-09-12,27,quantile,0.2,10.0
2026-08-22,wk inc covid hosp,3,2026-09-12,27,quantile,0.25,10.0
2026-08-22,wk inc covid hosp,3,2026-09-12,27,quantile,0.3,11.0
2026-08-22,wk inc covid hosp,3,2026-09-12,27,quantile,0.35,12.0
2026-08-22,wk inc covid hosp,3,2026-09-12,27,quantile,0.4,12.0
2026-08-22,wk inc covid hosp,3,2026-09-12,27,quantile,0.45,13.0
2026-08-22,wk inc covid hosp,3,2026-09-12,27,quantile,0.5,13.0
2026-08-22,wk inc covid hosp,3,2026-09-12,27,quantile,0.55,14.0
2026-08-22,wk inc covid hosp,3,2026-09-12,27,quantile,0.6,15.0
2026-08-22,wk inc covid hosp,3,2026-09-12,27,quantile,0.65,16.0
2026-08-22,wk inc covid hosp,3,2026-09-12,27,quantile,0.7,16.0
2026-08-22,wk inc covid hosp,3,2026-09-12,27,quantile,0.75,17.0
2026-08-22,wk inc covid hosp,3,2026-09-12,27,quantile,0.8,18.0
2026-08-22,wk inc covid hosp,3,2026-09-12,27,quantile,0.85,20.0
2026-08-22,wk inc covid hosp,3,2026-09-12,27,quantile,0.9,21.0
2026-08-22,wk inc covid hosp,3,2026-09-12,27,quantile,0.95,24.0
2026-08-22,wk inc covid hosp,3,2026-09-12,27,quantile,0.975,27.0
2026-08-22,wk inc covid hosp,3,2026-09-12,27,quantile,0.99,31.0
2026-08-22,wk inc covid hosp,3,2026-09-12,28,quantile,0.01,19.0
2026-08-22,wk inc covid hosp,3,2026-09-12,28,quantile,0.025,22.0
2026-08-22,wk inc covid hosp,3,2026-09-12,28,quantile,0.05,25.0
2026-08-22,wk inc covid hosp,3,2026-09-12,28,quantile,0.1,29.0
2026-08-22,wk inc covid hosp,3,2026-09-12,28,quantile,0.15,32.0
2026-08-22,wk inc covid hosp,3,2026-09-12,28,quantile,0.2,34.0
2026-08-22,wk inc covid hosp,3,2026-09-12,28,quantile,0.25,36.0
2026-08-22,wk inc covid hosp,3,2026-09-12,28,quantile,0.3,37.0
2026-08-22,wk inc covid hosp,3,2026-09-12,28,quantile,0.35,39.0
2026-08-22,wk inc covid hosp,3,2026-09-12,28,quantile,0.4,41.0
2026-08-22,wk inc covid hosp,3,2026-09-12,28,quantile,0.45,42.0
2026-08-22,wk inc covid hosp,3,2026-09-12,28,quantile,0.5,44.0
2026-08-22,wk inc covid hosp,3,2026-09-12,28,quantile,0.55,46.0
2026-08-22,wk inc covid hosp,3,2026-09-12,28,quantile,0.6,47.0
2026-08-22,wk inc covid hosp,3,2026-09-12,28,quantile,0.65,49.0
2026-08-22,wk inc covid hosp,3,2026-09-12,28,quantile,0.7,51.0
2026-08-22,wk inc covid hosp,3,2026-09-12,28,quantile,0.75,54.0
2026-08-22,wk inc covid hosp,3,2026-09-12,28,quantile,0.8,57.0
2026-08-22,wk inc covid hosp,3,2026-09-12,28,quantile,0.85,60.0
2026-08-22,wk inc covid hosp,3,2026-09-12,28,quantile,0.9,65.0
2026-08-22,wk inc covid hosp,3,2026-09-12,28,quantile,0.95,74.0
2026-08-22,wk inc covid hosp,3,2026-09-12,28,quantile,0.975,83.0
2026-08-22,wk inc covid hosp,3,2026-09-12,28,quantile,0.99,94.0
2026-08-22,wk inc covid hosp,3,2026-09-12,29,quantile,0.01,9.0
2026-08-22,wk inc covid hosp,3,2026-09-12,29,quantile,0.025,11.0
2026-08-22,wk inc covid hosp,3,2026-09-12,29,quantile,0.05,12.0
2026-08-22,wk inc covid hosp,3,2026-09-12,29,quantile,0.1,15.0
2026-08-22,wk inc covid hosp,3,2026-09-12,29,quantile,0.15,16.0
2026-08-22,wk inc covid hosp,3,2026-09-12,29,quantile,0.2,17.0
2026-08-22,wk inc covid hosp,3,2026-09-12,29,quantile,0.25,18.0
2026-08-22,wk inc covid hosp,3,2026-09-12,29,quantile,0.3,19.0
2026-08-22,wk inc covid hosp,3,2026-09-12,29,quantile,0.35,20.0
2026-08-22,wk inc covid hosp,3,2026-09-12,29,quantile,0.4,21.0
2026-08-22,wk inc covid hosp,3,2026-09-12,29,quantile,0.45,22.0
2026-08-22,wk inc covid hosp,3,2026-09-12,29,quantile,0.5,23.0
2026-08-22,wk inc covid hosp,3,2026-09-12,29,quantile,0.55,25.0
2026-08-22,wk inc covid hosp,3,2026-09-12,29,quantile,0.6,26.0
2026-08-22,wk inc covid hosp,3,2026-09-12,29,quantile,0.65,27.0
2026-08-22,wk inc covid hosp,3,2026-09-12,29,quantile,0.7,28.0
2026-08-22,wk inc covid hosp,3,2026-09-12,29,quantile,0.75,29.0
2026-08-22,wk inc covid hosp,3,2026-09-12,29,quantile,0.8,31.0
2026-08-22,wk inc covid hosp,3,2026-09-12,29,quantile,0.85,33.0
2026-08-22,wk inc covid hosp,3,2026-09-12,29,quantile,0.9,36.0
2026-08-22,wk inc covid hosp,3,2026-09-12,29,quantile,0.95,41.0
2026-08-22,wk inc covid hosp,3,2026-09-12,29,quantile,0.975,45.0
2026-08-22,wk inc covid hosp,3,2026-09-12,29,quantile,0.99,52.0
2026-08-22,wk inc covid hosp,3,2026-09-12,30,quantile,0.01,0.0
2026-08-22,wk inc covid hosp,3,2026-09-12,30,quantile,0.025,0.0
2026-08-22,wk inc covid hosp,3,2026-09-12,30,quantile,0.05,1.0
2026-08-22,wk inc covid hosp,3,2026-09-12,30,quantile,0.1,1.0
2026-08-22,wk inc covid hosp,3,2026-09-12,30,quantile,0.15,1.0
2026-08-22,wk inc covid hosp,3,2026-09-12,30,quantile,0.2,2.0
2026-08-22,wk inc covid hosp,3,2026-09-12,30,quantile,0.25,2.0
2026-08-22,wk inc covid hosp,3,2026-09-12,30,quantile,0.3,2.0
2026-08-22,wk inc covid hosp,3,2026-09-12,30,quantile,0.35,3.0
2026-08-22,wk inc covid hosp,3,2026-09-12,30,quantile,0.4,3.0
2026-08-22,wk inc covid hosp,3,2026-09-12,30,quantile,0.45,3.0
2026-08-22,wk inc covid hosp,3,2026-09-12,30,quantile,0.5,3.0
2026-08-22,wk inc covid hosp,3,2026-09-12,30,quantile,0.55,4.0
2026-08-22,wk inc covid hosp,3,2026-09-12,30,quantile,0.6,4.0
2026-08-22,wk inc covid hosp,3,2026-09-12,30,quantile,0.65,4.0
2026-08-22,wk inc covid hosp,3,2026-09-12,30,quantile,0.7,4.0
2026-08-22,wk inc covid hosp,3,2026-09-12,30,quantile,0.75,5.0
2026-08-22,wk inc covid hosp,3,2026-09-12,30,quantile,0.8,5.0
2026-08-22,wk inc covid hosp,3,2026-09-12,30,quantile,0.85,6.0
2026-08-22,wk inc covid hosp,3,2026-09-12,30,quantile,0.9,6.0
2026-08-22,wk inc covid hosp,3,2026-09-12,30,quantile,0.95,8.0
2026-08-22,wk inc covid hosp,3,2026-09-12,30,quantile,0.975,9.0
2026-08-22,wk inc covid hosp,3,2026-09-12,30,quantile,0.99,10.0
2026-08-22,wk inc covid hosp,3,2026-09-12,31,quantile,0.01,0.0
2026-08-22,wk inc covid hosp,3,2026-09-12,31,quantile,0.025,0.0
2026-08-22,wk inc covid hosp,3,2026-09-12,31,quantile,0.05,1.0
2026-08-22,wk inc covid hosp,3,2026-09-12,31,quantile,0.1,1.0
2026-08-22,wk inc covid hosp,3,2026-09-12,31,quantile,0.15,1.0
2026-08-22,wk inc covid hosp,3,2026-09-12,31,quantile,0.2,2.0
2026-08-22,wk inc covid hosp,3,2026-09-12,31,quantile,0.25,2.0
2026-08-22,wk inc covid hosp,3,2026-09-12,31,quantile,0.3,2.0
2026-08-22,wk inc covid hosp,3,2026-09-12,31,quantile,0.35,3.0
2026-08-22,wk inc covid hosp,3,2026-09-12,31,quantile,0.4,3.0
2026-08-22,wk inc covid hosp,3,2026-09-12,31,quantile,0.45,3.0
2026-08-22,wk inc covid hosp,3,2026-09-12,31,quantile,0.5,3.0
2026-08-22,wk inc covid hosp,3,2026-09-12,31,quantile,0.55,4.0
2026-08-22,wk inc covid hosp,3,2026-09-12,31,quantile,0.6,4.0
2026-08-22,wk inc covid hosp,3,2026-09-12,31,quantile,0.65,4.0
2026-08-22,wk inc covid hosp,3,2026-09-12,31,quantile,0.7,4.0
2026-08-22,wk inc covid hosp,3,2026-09-12,31,quantile,0.75,5.0
2026-08-22,wk inc covid hosp,3,2026-09-12,31,quantile,0.8,5.0
2026-08-22,wk inc covid hosp,3,2026-09-12,31,quantile,0.85,6.0
2026-08-22,wk inc covid hosp,3,2026-09-12,31,quantile,0.9,6.0
2026-08-22,wk inc covid hosp,3,2026-09-12,31,quantile,0.95,7.0
2026-08-22,wk inc covid hosp,3,2026-09-12,31,quantile,0.975,9.0
2026-08-22,wk inc covid hosp,3,2026-09-12,31,quantile,0.99,10.0
2026-08-22,wk inc covid hosp,3,2026-09-12,32,quantile,0.01,9.0
2026-08-22,wk inc covid hosp,3,2026-09-12,32,quantile,0.025,11.0
2026-08-22,wk inc covid hosp,3,2026-09-12,32,quantile,0.05,12.0
2026-08-22,wk inc covid hosp,3,2026-09-12,32,quantile,0.1,15.0
2026-08-22,wk inc covid hosp,3,2026-09-12,32,quantile,0.15,16.0
2026-08-22,wk inc covid hosp,3,2026-09-12,32,quantile,0.2,17.0
2026-08-22,wk inc covid hosp,3,2026-09-12,32,quantile,0.25,19.0
2026-08-22,wk inc covid hosp,3,2026-09-12,32,quantile,0.3,20.0
2026-08-22,wk inc covid hosp,3,2026-09-12,32,quantile,0.35,21.0
2026-08-22,wk inc covid hosp,3,2026-09-12,32,quantile,0.4,22.0
2026-08-22,wk inc covid hosp,3,2026-09-12,32,quantile,0.45,23.0
2026-08-22,wk inc covid hosp,3,2026-09-12,32,quantile,0.5,23.0
2026-08-22,wk inc covid hosp,3,2026-09-12,32,quantile,0.55,25.0
2026-08-22,wk inc covid hosp,3,2026-09-12,32,quantile,0.6,26.0
2026-08-22,wk inc covid hosp,3,2026-09-12,32,quantile,0.65,27.0
2026-08-22,wk inc covid hosp,3,2026-09-12,32,quantile,0.7,28.0
2026-08-22,wk inc covid hosp,3,2026-09-12,32,quantile,0.75,29.0
2026-08-22,wk inc covid hosp,3,2026-09-12,32,quantile,0.8,31.0
2026-08-22,wk inc covid hosp,3,2026-09-12,32,quantile,0.85,33.0
2026-08-22,wk inc covid hosp,3,2026-09-12,32,quantile,0.9,36.0
2026-08-22,wk inc covid hosp,3,2026-09-12,32,quantile,0.95,41.0
2026-08-22,wk inc covid hosp,3,2026-09-12,32,quantile,0.975,46.0
2026-08-22,wk inc covid hosp,3,2026-09-12,32,quantile,0.99,51.0
2026-08-22,wk inc covid hosp,3,2026-09-12,33,quantile,0.01,2.0
2026-08-22,wk inc covid hosp,3,2026-09-12,33,quantile,0.025,3.0
2026-08-22,wk inc covid hosp,3,2026-09-12,33,quantile,0.05,3.0
2026-08-22,wk inc covid hosp,3,2026-09-12,33,quantile,0.1,4.0
2026-08-22,wk inc covid hosp,3,2026-09-12,33,quantile,0.15,5.0
2026-08-22,wk inc covid hosp,3,2026-09-12,33,quantile,0.2,5.0
2026-08-22,wk inc covid hosp,3,2026-09-12,33,quantile,0.25,6.0
2026-08-22,wk inc covid hosp,3,2026-09-12,33,quantile,0.3,6.0
2026-08-22,wk inc covid hosp,3,2026-09-12,33,quantile,0.35,7.0
2026-08-22,wk inc covid hosp,3,2026-09-12,33,quantile,0.4,7.0
2026-08-22,wk inc covid hosp,3,2026-09-12,33,quantile,0.45,8.0
2026-08-22,wk inc covid hosp,3,2026-09-12,33,quantile,0.5,8.0
2026-08-22,wk inc covid hosp,3,2026-09-12,33,quantile,0.55,9.0
2026-08-22,wk inc covid hosp,3,2026-09-12,33,quantile,0.6,9.0
2026-08-22,wk inc covid hosp,3,2026-09-12,33,quantile,0.65,10.0
2026-08-22,wk inc covid hosp,3,2026-09-12,33,quantile,0.7,10.0
2026-08-22,wk inc covid hosp,3,2026-09-12,33,quantile,0.75,11.0
2026-08-22,wk inc covid hosp,3,2026-09-12,33,quantile,0.8,12.0
2026-08-22,wk inc covid hosp,3,2026-09-12,33,quantile,0.85,13.0
2026-08-22,wk inc covid hosp,3,2026-09-12,33,quantile,0.9,14.0
2026-08-22,wk inc covid hosp,3,2026-09-12,33,quantile,0.95,16.0
2026-08-22,wk inc covid hosp,3,2026-09-12,33,quantile,0.975,18.0
2026-08-22,wk inc covid hosp,3,2026-09-12,33,quantile,0.99,20.0
2026-08-22,wk inc covid hosp,3,2026-09-12,34,quantile,0.01,32.0
2026-08-22,wk inc covid hosp,3,2026-09-12,34,quantile,0.025,36.0
2026-08-22,wk inc covid hosp,3,2026-09-12,34,quantile,0.05,40.0
2026-08-22,wk inc covid hosp,3,2026-09-12,34,quantile,0.1,45.0
2026-08-22,wk inc covid hosp,3,2026-09-12,34,quantile,0.15,49.0
2026-08-22,wk inc covid hosp,3,2026-09-12,34,quantile,0.2,52.0
2026-08-22,wk inc covid hosp,3,2026-09-12,34,quantile,0.25,55.0
2026-08-22,wk inc covid hosp,3,2026-09-12,34,quantile,0.3,58.0
2026-08-22,wk inc covid hosp,3,2026-09-12,34,quantile,0.35,60.0
2026-08-22,wk inc covid hosp,3,2026-09-12,34,quantile,0.4,62.0
2026-08-22,wk inc covid hosp,3,2026-09-12,34,quantile,0.45,65.0
2026-08-22,wk inc covid hosp,3,2026-09-12,34,quantile,0.5,67.0
2026-08-22,wk inc covid hosp,3,2026-09-12,34,quantile,0.55,70.0
2026-08-22,wk inc covid hosp,3,2026-09-12,34,quantile,0.6,73.0
2026-08-22,wk inc covid hosp,3,2026-09-12,34,quantile,0.65,76.0
2026-08-22,wk inc covid hosp,3,2026-09-12,34,quantile,0.7,79.0
2026-08-22,wk inc covid hosp,3,2026-09-12,34,quantile,0.75,83.0
2026-08-22,wk inc covid hosp,3,2026-09-12,34,quantile,0.8,87.0
2026-08-22,wk inc covid hosp,3,2026-09-12,34,quantile,0.85,92.0
2026-08-22,wk inc covid hosp,3,2026-09-12,34,quantile,0.9,99.0
2026-08-22,wk inc covid hosp,3,2026-09-12,34,quantile,0.95,112.0
2026-08-22,wk inc covid hosp,3,2026-09-12,34,quantile,0.975,125.0
2026-08-22,wk inc covid hosp,3,2026-09-12,34,quantile,0.99,145.0
2026-08-22,wk inc covid hosp,3,2026-09-12,35,quantile,0.01,1.0
2026-08-22,wk inc covid hosp,3,2026-09-12,35,quantile,0.025,2.0
2026-08-22,wk inc covid hosp,3,2026-09-12,35,quantile,0.05,2.0
2026-08-22,wk inc covid hosp,3,2026-09-12,35,quantile,0.1,3.0
2026-08-22,wk inc covid hosp,3,2026-09-12,35,quantile,0.15,4.0
2026-08-22,wk inc covid hosp,3,2026-09-12,35,quantile,0.2,4.0
2026-08-22,wk inc covid hosp,3,2026-09-12,35,quantile,0.25,4.0
2026-08-22,wk inc covid hosp,3,2026-09-12,35,quantile,0.3,5.0
2026-08-22,wk inc covid hosp,3,2026-09-12,35,quantile,0.35,5.0
2026-08-22,wk inc covid hosp,3,2026-09-12,35,quantile,0.4,6.0
2026-08-22,wk inc covid hosp,3,2026-09-12,35,quantile,0.45,6.0
2026-08-22,wk inc covid hosp,3,2026-09-12,35,quantile,0.5,6.0
2026-08-22,wk inc covid hosp,3,2026-09-12,35,quantile,0.55,7.0
2026-08-22,wk inc covid hosp,3,2026-09-12,35,quantile,0.6,7.0
2026-08-22,wk inc covid hosp,3,2026-09-12,35,quantile,0.65,8.0
2026-08-22,wk inc covid hosp,3,2026-09-12,35,quantile,0.7,8.0
2026-08-22,wk inc covid hosp,3,2026-09-12,35,quantile,0.75,9.0
2026-08-22,wk inc covid hosp,3,2026-09-12,35,quantile,0.8,9.0
2026-08-22,wk inc covid hosp,3,2026-09-12,35,quantile,0.85,10.0
2026-08-22,wk inc covid hosp,3,2026-09-12,35,quantile,0.9,11.0
2026-08-22,wk inc covid hosp,3,2026-09-12,35,quantile,0.95,13.0
2026-08-22,wk inc covid hosp,3,2026-09-12,35,quantile,0.975,14.0
2026-08-22,wk inc covid hosp,3,2026-09-12,35,quantile,0.99,16.0
2026-08-22,wk inc covid hosp,3,2026-09-12,36,quantile,0.01,74.0
2026-08-22,wk inc covid hosp,3,2026-09-12,36,quantile,0.025,84.0
2026-08-22,wk inc covid hosp,3,2026-09-12,36,quantile,0.05,92.0
2026-08-22,wk inc covid hosp,3,2026-09-12,36,quantile,0.1,103.0
2026-08-22,wk inc covid hosp,3,2026-09-12,36,quantile,0.15,111.0
2026-08-22,wk inc covid hosp,3,2026-09-12,36,quantile,0.2,118.0
2026-08-22,wk inc covid hosp,3,2026-09-12,36,quantile,0.25,123.0
2026-08-22,wk inc covid hosp,3,2026-09-12,36,quantile,0.3,129.0
2026-08-22,wk inc covid hosp,3,2026-09-12,36,quantile,0.35,134.0
2026-08-22,wk inc covid hosp,3,2026-09-12,36,quantile,0.4,139.0
2026-08-22,wk inc covid hosp,3,2026-09-12,36,quantile,0.45,144.0
2026-08-22,wk inc covid hosp,3,2026-09-12,36,quantile,0.5,150.0
2026-08-22,wk inc covid hosp,3,2026-09-12,36,quantile,0.55,155.0
2026-08-22,wk inc covid hosp,3,2026-09-12,36,quantile,0.6,161.0
2026-08-22,wk inc covid hosp,3,2026-09-12,36,quantile,0.65,167.0
2026-08-22,wk inc covid hosp,3,2026-09-12,36,quantile,0.7,173.0
2026-08-22,wk inc covid hosp,3,2026-09-12,36,quantile,0.75,180.0
2026-08-22,wk inc covid hosp,3,2026-09-12,36,quantile,0.8,189.0
2026-08-22,wk inc covid hosp,3,2026-09-12,36,quantile,0.85,201.0
2026-08-22,wk inc covid hosp,3,2026-09-12,36,quantile,0.9,218.0
2026-08-22,wk inc covid hosp,3,2026-09-12,36,quantile,0.95,245.0
2026-08-22,wk inc covid hosp,3,2026-09-12,36,quantile,0.975,276.0
2026-08-22,wk inc covid hosp,3,2026-09-12,36,quantile,0.99,317.0
2026-08-22,wk inc covid hosp,3,2026-09-12,37,quantile,0.01,71.0
2026-08-22,wk inc covid hosp,3,2026-09-12,37,quantile,0.025,79.0
2026-08-22,wk inc covid hosp,3,2026-09-12,37,quantile,0.05,87.0
2026-08-22,wk inc covid hosp,3,2026-09-12,37,quantile,0.1,97.0
2026-08-22,wk inc covid hosp,3,2026-09-12,37,quantile,0.15,104.0
2026-08-22,wk inc covid hosp,3,2026-09-12,37,quantile,0.2,111.0
2026-08-22,wk inc covid hosp,3,2026-09-12,37,quantile,0.25,117.0
2026-08-22,wk inc covid hosp,3,2026-09-12,37,quantile,0.3,122.0
2026-08-22,wk inc covid hosp,3,2026-09-12,37,quantile,0.35,127.0
2026-08-22,wk inc covid hosp,3,2026-09-12,37,quantile,0.4,132.0
2026-08-22,wk inc covid hosp,3,2026-09-12,37,quantile,0.45,136.0
2026-08-22,wk inc covid hosp,3,2026-09-12,37,quantile,0.5,141.0
2026-08-22,wk inc covid hosp,3,2026-09-12,37,quantile,0.55,146.0
2026-08-22,wk inc covid hosp,3,2026-09-12,37,quantile,0.6,151.0
2026-08-22,wk inc covid hosp,3,2026-09-12,37,quantile,0.65,157.0
2026-08-22,wk inc covid hosp,3,2026-09-12,37,quantile,0.7,164.0
2026-08-22,wk inc covid hosp,3,2026-09-12,37,quantile,0.75,171.0
2026-08-22,wk inc covid hosp,3,2026-09-12,37,quantile,0.8,179.0
2026-08-22,wk inc covid hosp,3,2026-09-12,37,quantile,0.85,191.0
2026-08-22,wk inc covid hosp,3,2026-09-12,37,quantile,0.9,206.0
2026-08-22,wk inc covid hosp,3,2026-09-12,37,quantile,0.95,231.0
2026-08-22,wk inc covid hosp,3,2026-09-12,37,quantile,0.975,260.0
2026-08-22,wk inc covid hosp,3,2026-09-12,37,quantile,0.99,297.0
2026-08-22,wk inc covid hosp,3,2026-09-12,38,quantile,0.01,0.0
2026-08-22,wk inc covid hosp,3,2026-09-12,38,quantile,0.025,0.0
2026-08-22,wk inc covid hosp,3,2026-09-12,38,quantile,0.05,0.0
2026-08-22,wk inc covid hosp,3,2026-09-12,38,quantile,0.1,0.0
2026-08-22,wk inc covid hosp,3,2026-09-12,38,quantile,0.15,0.0
2026-08-22,wk inc covid hosp,3,2026-09-12,38,quantile,0.2,1.0
2026-08-22,wk inc covid hosp,3,2026-09-12,38,quantile,0.25,1.0
2026-08-22,wk inc covid hosp,3,2026-09-12,38,quantile,0.3,1.0
2026-08-22,wk inc covid hosp,3,2026-09-12,38,quantile,0.35,1.0
2026-08-22,wk inc covid hosp,3,2026-09-12,38,quantile,0.4,1.0
2026-08-22,wk inc covid hosp,3,2026-09-12,38,quantile,0.45,1.0
2026-08-22,wk inc covid hosp,3,2026-09-12,38,quantile,0.5,2.0
2026-08-22,wk inc covid hosp,3,2026-09-12,38,quantile,0.55,2.0
2026-08-22,wk inc covid hosp,3,2026-09-12,38,quantile,0.6,2.0
2026-08-22,wk inc covid hosp,3,2026-09-12,38,quantile,0.65,2.0
2026-08-22,wk inc covid hosp,3,2026-09-12,38,quantile,0.7,2.0
2026-08-22,wk inc covid hosp,3,2026-09-12,38,quantile,0.75,3.0
2026-08-22,wk inc covid hosp,3,2026-09-12,38,quantile,0.8,3.0
2026-08-22,wk inc covid hosp,3,2026-09-12,38,quantile,0.85,3.0
2026-08-22,wk inc covid hosp,3,2026-09-12,38,quantile,0.9,4.0
2026-08-22,wk inc covid hosp,3,2026-09-12,38,quantile,0.95,4.0
2026-08-22,wk inc covid hosp,3,2026-09-12,38,quantile,0.975,5.0
2026-08-22,wk inc covid hosp,3,2026-09-12,38,quantile,0.99,6.0
2026-08-22,wk inc covid hosp,3,2026-09-12,39,quantile,0.01,23.0
2026-08-22,wk inc covid hosp,3,2026-09-12,39,quantile,0.025,27.0
2026-08-22,wk inc covid hosp,3,2026-09-12,39,quantile,0.05,30.0
2026-08-22,wk inc covid hosp,3,2026-09-12,39,quantile,0.1,34.0
2026-08-22,wk inc covid hosp,3,2026-09-12,39,quantile,0.15,37.0
2026-08-22,wk inc covid hosp,3,2026-09-12,39,quantile,0.2,40.0
2026-08-22,wk inc covid hosp,3,2026-09-12,39,quantile,0.25,42.0
2026-08-22,wk inc covid hosp,3,2026-09-12,39,quantile,0.3,44.0
2026-08-22,wk inc covid hosp,3,2026-09-12,39,quantile,0.35,46.0
2026-08-22,wk inc covid hosp,3,2026-09-12,39,quantile,0.4,48.0
2026-08-22,wk inc covid hosp,3,2026-09-12,39,quantile,0.45,50.0
2026-08-22,wk inc covid hosp,3,2026-09-12,39,quantile,0.5,52.0
2026-08-22,wk inc covid hosp,3,2026-09-12,39,quantile,0.55,54.0
2026-08-22,wk inc covid hosp,3,2026-09-12,39,quantile,0.6,56.0
2026-08-22,wk inc covid hosp,3,2026-09-12,39,quantile,0.65,59.0
2026-08-22,wk inc covid hosp,3,2026-09-12,39,quantile,0.7,61.0
2026-08-22,wk inc covid hosp,3,2026-09-12,39,quantile,0.75,64.0
2026-08-22,wk inc covid hosp,3,2026-09-12,39,quantile,0.8,67.0
2026-08-22,wk inc covid hosp,3,2026-09-12,39,quantile,0.85,72.0
2026-08-22,wk inc covid hosp,3,2026-09-12,39,quantile,0.9,78.0
2026-08-22,wk inc covid hosp,3,2026-09-12,39,quantile,0.95,87.0
2026-08-22,wk inc covid hosp,3,2026-09-12,39,quantile,0.975,98.0
2026-08-22,wk inc covid hosp,3,2026-09-12,39,quantile,0.99,114.0
2026-08-22,wk inc covid hosp,3,2026-09-12,40,quantile,0.01,3.0
2026-08-22,wk inc covid hosp,3,2026-09-12,40,quantile,0.025,4.0
2026-08-22,wk inc covid hosp,3,2026-09-12,40,quantile,0.05,5.0
2026-08-22,wk inc covid hosp,3,2026-09-12,40,quantile,0.1,6.0
2026-08-22,wk inc covid hosp,3,2026-09-12,40,quantile,0.15,7.0
2026-08-22,wk inc covid hosp,3,2026-09-12,40,quantile,0.2,8.0
2026-08-22,wk inc covid hosp,3,2026-09-12,40,quantile,0.25,8.0
2026-08-22,wk inc covid hosp,3,2026-09-12,40,quantile,0.3,9.0
2026-08-22,wk inc covid hosp,3,2026-09-12,40,quantile,0.35,10.0
2026-08-22,wk inc covid hosp,3,2026-09-12,40,quantile,0.4,10.0
2026-08-22,wk inc covid hosp,3,2026-09-12,40,quantile,0.45,11.0
2026-08-22,wk inc covid hosp,3,2026-09-12,40,quantile,0.5,11.0
2026-08-22,wk inc covid hosp,3,2026-09-12,40,quantile,0.55,12.0
2026-08-22,wk inc covid hosp,3,2026-09-12,40,quantile,0.6,13.0
2026-08-22,wk inc covid hosp,3,2026-09-12,40,quantile,0.65,13.0
2026-08-22,wk inc covid hosp,3,2026-09-12,40,quantile,0.7,14.0
2026-08-22,wk inc covid hosp,3,2026-09-12,40,quantile,0.75,15.0
2026-08-22,wk inc covid hosp,3,2026-09-12,40,quantile,0.8,16.0
2026-08-22,wk inc covid hosp,3,2026-09-12,40,quantile,0.85,17.0
2026-08-22,wk inc covid hosp,3,2026-09-12,40,quantile,0.9,19.0
2026-08-22,wk inc covid hosp,3,2026-09-12,40,quantile,0.95,21.0
2026-08-22,wk inc covid hosp,3,2026-09-12,40,quantile,0.975,24.0
2026-08-22,wk inc covid hosp,3,2026-09-12,40,quantile,0.99,28.0
2026-08-22,wk inc covid hosp,3,2026-09-12,41,quantile,0.01,3.0
2026-08-22,wk inc covid hosp,3,2026-09-12,41,quantile,0.025,4.0
2026-08-22,wk inc covid hosp,3,2026-09-12,41,quantile,0.05,5.0
2026-08-22,wk inc covid hosp,3,2026-09-12,41,quantile,0.1,6.0
2026-08-22,wk inc covid hosp,3,2026-09-12,41,quantile,0.15,7.0
2026-08-22,wk inc covid hosp,3,2026-09-12,41,quantile,0.2,7.0
2026-08-22,wk inc covid hosp,3,2026-09-12,41,quantile,0.25,8.0
2026-08-22,wk inc covid hosp,3,2026-09-12,41,quantile,0.3,9.0
2026-08-22,wk inc covid hosp,3,2026-09-12,41,quantile,0.35,9.0
2026-08-22,wk inc covid hosp,3,2026-09-12,41,quantile,0.4,10.0
2026-08-22,wk inc covid hosp,3,2026-09-12,41,quantile,0.45,10.0
2026-08-22,wk inc covid hosp,3,2026-09-12,41,quantile,0.5,11.0
2026-08-22,wk inc covid hosp,3,2026-09-12,41,quantile,0.55,11.0
2026-08-22,wk inc covid hosp,3,2026-09-12,41,quantile,0.6,12.0
2026-08-22,wk inc covid hosp,3,2026-09-12,41,quantile,0.65,13.0
2026-08-22,wk inc covid hosp,3,2026-09-12,41,quantile,0.7,13.0
2026-08-22,wk inc covid hosp,3,2026-09-12,41,quantile,0.75,14.0
2026-08-22,wk inc covid hosp,3,2026-09-12,41,quantile,0.8,15.0
2026-08-22,wk inc covid hosp,3,2026-09-12,41,quantile,0.85,16.0
2026-08-22,wk inc covid hosp,3,2026-09-12,41,quantile,0.9,18.0
2026-08-22,wk inc covid hosp,3,2026-09-12,41,quantile,0.95,20.0
2026-08-22,wk inc covid hosp,3,2026-09-12,41,quantile,0.975,23.0
2026-08-22,wk inc covid hosp,3,2026-09-12,41,quantile,0.99,26.0
2026-08-22,wk inc covid hosp,3,2026-09-12,42,quantile,0.01,39.0
2026-08-22,wk inc covid hosp,3,2026-09-12,42,quantile,0.025,45.0
2026-08-22,wk inc covid hosp,3,2026-09-12,42,quantile,0.05,50.0
2026-08-22,wk inc covid hosp,3,2026-09-12,42,quantile,0.1,57.0
2026-08-22,wk inc covid hosp,3,2026-09-12,42,quantile,0.15,61.0
2026-08-22,wk inc covid hosp,3,2026-09-12,42,quantile,0.2,65.0
2026-08-22,wk inc covid hosp,3,2026-09-12,42,quantile,0.25,69.0
2026-08-22,wk inc covid hosp,3,2026-09-12,42,quantile,0.3,72.0
2026-08-22,wk inc covid hosp,3,2026-09-12,42,quantile,0.35,75.0
2026-08-22,wk inc covid hosp,3,2026-09-12,42,quantile,0.4,78.0
2026-08-22,wk inc covid hosp,3,2026-09-12,42,quantile,0.45,81.0
2026-08-22,wk inc covid hosp,3,2026-09-12,42,quantile,0.5,84.0
2026-08-22,wk inc covid hosp,3,2026-09-12,42,quantile,0.55,87.0
2026-08-22,wk inc covid hosp,3,2026-09-12,42,quantile,0.6,91.0
2026-08-22,wk inc covid hosp,3,2026-09-12,42,quantile,0.65,94.0
2026-08-22,wk inc covid hosp,3,2026-09-12,42,quantile,0.7,98.0
2026-08-22,wk inc covid hosp,3,2026-09-12,42,quantile,0.75,103.0
2026-08-22,wk inc covid hosp,3,2026-09-12,42,quantile,0.8,108.0
2026-08-22,wk inc covid hosp,3,2026-09-12,42,quantile,0.85,115.0
2026-08-22,wk inc covid hosp,3,2026-09-12,42,quantile,0.9,124.0
2026-08-22,wk inc covid hosp,3,2026-09-12,42,quantile,0.95,139.0
2026-08-22,wk inc covid hosp,3,2026-09-12,42,quantile,0.975,157.0
2026-08-22,wk inc covid hosp,3,2026-09-12,42,quantile,0.99,179.0
2026-08-22,wk inc covid hosp,3,2026-09-12,44,quantile,0.01,3.0
2026-08-22,wk inc covid hosp,3,2026-09-12,44,quantile,0.025,4.0
2026-08-22,wk inc covid hosp,3,2026-09-12,44,quantile,0.05,5.0
2026-08-22,wk inc covid hosp,3,2026-09-12,44,quantile,0.1,6.0
2026-08-22,wk inc covid hosp,3,2026-09-12,44,quantile,0.15,7.0
2026-08-22,wk inc covid hosp,3,2026-09-12,44,quantile,0.2,8.0
2026-08-22,wk inc covid hosp,3,2026-09-12,44,quantile,0.25,8.0
2026-08-22,wk inc covid hosp,3,2026-09-12,44,quantile,0.3,9.0
2026-08-22,wk inc covid hosp,3,2026-09-12,44,quantile,0.35,10.0
2026-08-22,wk inc covid hosp,3,2026-09-12,44,quantile,0.4,10.0
2026-08-22,wk inc covid hosp,3,2026-09-12,44,quantile,0.45,11.0
2026-08-22,wk inc covid hosp,3,2026-09-12,44,quantile,0.5,11.0
2026-08-22,wk inc covid hosp,3,2026-09-12,44,quantile,0.55,12.0
2026-08-22,wk inc covid hosp,3,2026-09-12,44,quantile,0.6,12.0
2026-08-22,wk inc covid hosp,3,2026-09-12,44,quantile,0.65,13.0
2026-08-22,wk inc covid hosp,3,2026-09-12,44,quantile,0.7,14.0
2026-08-22,wk inc covid hosp,3,2026-09-12,44,quantile,0.75,15.0
2026-08-22,wk inc covid hosp,3,2026-09-12,44,quantile,0.8,16.0
2026-08-22,wk inc covid hosp,3,2026-09-12,44,quantile,0.85,17.0
2026-08-22,wk inc covid hosp,3,2026-09-12,44,quantile,0.9,18.0
2026-08-22,wk inc covid hosp,3,2026-09-12,44,quantile,0.95,21.0
2026-08-22,wk inc covid hosp,3,2026-09-12,44,quantile,0.975,24.0
2026-08-22,wk inc covid hosp,3,2026-09-12,44,quantile,0.99,27.0
2026-08-22,wk inc covid hosp,3,2026-09-12,45,quantile,0.01,14.0
2026-08-22,wk inc covid hosp,3,2026-09-12,45,quantile,0.025,16.0
2026-08-22,wk inc covid hosp,3,2026-09-12,45,quantile,0.05,19.0
2026-08-22,wk inc covid hosp,3,2026-09-12,45,quantile,0.1,22.0
2026-08-22,wk inc covid hosp,3,2026-09-12,45,quantile,0.15,24.0
2026-08-22,wk inc covid hosp,3,2026-09-12,45,quantile,0.2,25.0
2026-08-22,wk inc covid hosp,3,2026-09-12,45,quantile,0.25,27.0
2026-08-22,wk inc covid hosp,3,2026-09-12,45,quantile,0.3,28.0
2026-08-22,wk inc covid hosp,3,2026-09-12,45,quantile,0.35,30.0
2026-08-22,wk inc covid hosp,3,2026-09-12,45,quantile,0.4,31.0
2026-08-22,wk inc covid hosp,3,2026-09-12,45,quantile,0.45,33.0
2026-08-22,wk inc covid hosp,3,2026-09-12,45,quantile,0.5,34.0
2026-08-22,wk inc covid hosp,3,2026-09-12,45,quantile,0.55,35.0
2026-08-22,wk inc covid hosp,3,2026-09-12,45,quantile,0.6,37.0
2026-08-22,wk inc covid hosp,3,2026-09-12,45,quantile,0.65,39.0
2026-08-22,wk inc covid hosp,3,2026-09-12,45,quantile,0.7,40.0
2026-08-22,wk inc covid hosp,3,2026-09-12,45,quantile,0.75,42.0
2026-08-22,wk inc covid hosp,3,2026-09-12,45,quantile,0.8,45.0
2026-08-22,wk inc covid hosp,3,2026-09-12,45,quantile,0.85,48.0
2026-08-22,wk inc covid hosp,3,2026-09-12,45,quantile,0.9,52.0
2026-08-22,wk inc covid hosp,3,2026-09-12,45,quantile,0.95,58.0
2026-08-22,wk inc covid hosp,3,2026-09-12,45,quantile,0.975,65.0
2026-08-22,wk inc covid hosp,3,2026-09-12,45,quantile,0.99,75.0
2026-08-22,wk inc covid hosp,3,2026-09-12,46,quantile,0.01,0.0
2026-08-22,wk inc covid hosp,3,2026-09-12,46,quantile,0.025,0.0
2026-08-22,wk inc covid hosp,3,2026-09-12,46,quantile,0.05,0.0
2026-08-22,wk inc covid hosp,3,2026-09-12,46,quantile,0.1,0.0
2026-08-22,wk inc covid hosp,3,2026-09-12,46,quantile,0.15,1.0
2026-08-22,wk inc covid hosp,3,2026-09-12,46,quantile,0.2,1.0
2026-08-22,wk inc covid hosp,3,2026-09-12,46,quantile,0.25,1.0
2026-08-22,wk inc covid hosp,3,2026-09-12,46,quantile,0.3,1.0
2026-08-22,wk inc covid hosp,3,2026-09-12,46,quantile,0.35,2.0
2026-08-22,wk inc covid hosp,3,2026-09-12,46,quantile,0.4,2.0
2026-08-22,wk inc covid hosp,3,2026-09-12,46,quantile,0.45,2.0
2026-08-22,wk inc covid hosp,3,2026-09-12,46,quantile,0.5,2.0
2026-08-22,wk inc covid hosp,3,2026-09-12,46,quantile,0.55,2.0
2026-08-22,wk inc covid hosp,3,2026-09-12,46,quantile,0.6,3.0
2026-08-22,wk inc covid hosp,3,2026-09-12,46,quantile,0.65,3.0
2026-08-22,wk inc covid hosp,3,2026-09-12,46,quantile,0.7,3.0
2026-08-22,wk inc covid hosp,3,2026-09-12,46,quantile,0.75,3.0
2026-08-22,wk inc covid hosp,3,2026-09-12,46,quantile,0.8,4.0
2026-08-22,wk inc covid hosp,3,2026-09-12,46,quantile,0.85,4.0
2026-08-22,wk inc covid hosp,3,2026-09-12,46,quantile,0.9,5.0
2026-08-22,wk inc covid hosp,3,2026-09-12,46,quantile,0.95,6.0
2026-08-22,wk inc covid hosp,3,2026-09-12,46,quantile,0.975,7.0
2026-08-22,wk inc covid hosp,3,2026-09-12,46,quantile,0.99,8.0
2026-08-22,wk inc covid hosp,3,2026-09-12,47,quantile,0.01,26.0
2026-08-22,wk inc covid hosp,3,2026-09-12,47,quantile,0.025,29.0
2026-08-22,wk inc covid hosp,3,2026-09-12,47,quantile,0.05,33.0
2026-08-22,wk inc covid hosp,3,2026-09-12,47,quantile,0.1,38.0
2026-08-22,wk inc covid hosp,3,2026-09-12,47,quantile,0.15,41.0
2026-08-22,wk inc covid hosp,3,2026-09-12,47,quantile,0.2,44.0
2026-08-22,wk inc covid hosp,3,2026-09-12,47,quantile,0.25,47.0
2026-08-22,wk inc covid hosp,3,2026-09-12,47,quantile,0.3,49.0
2026-08-22,wk inc covid hosp,3,2026-09-12,47,quantile,0.35,51.0
2026-08-22,wk inc covid hosp,3,2026-09-12,47,quantile,0.4,53.0
2026-08-22,wk inc covid hosp,3,2026-09-12,47,quantile,0.45,56.0
2026-08-22,wk inc covid hosp,3,2026-09-12,47,quantile,0.5,58.0
2026-08-22,wk inc covid hosp,3,2026-09-12,47,quantile,0.55,60.0
2026-08-22,wk inc covid hosp,3,2026-09-12,47,quantile,0.6,62.0
2026-08-22,wk inc covid hosp,3,2026-09-12,47,quantile,0.65,65.0
2026-08-22,wk inc covid hosp,3,2026-09-12,47,quantile,0.7,68.0
2026-08-22,wk inc covid hosp,3,2026-09-12,47,quantile,0.75,71.0
2026-08-22,wk inc covid hosp,3,2026-09-12,47,quantile,0.8,75.0
2026-08-22,wk inc covid hosp,3,2026-09-12,47,quantile,0.85,79.0
2026-08-22,wk inc covid hosp,3,2026-09-12,47,quantile,0.9,86.0
2026-08-22,wk inc covid hosp,3,2026-09-12,47,quantile,0.95,97.0
2026-08-22,wk inc covid hosp,3,2026-09-12,47,quantile,0.975,108.0
2026-08-22,wk inc covid hosp,3,2026-09-12,47,quantile,0.99,125.0
2026-08-22,wk inc covid hosp,3,2026-09-12,48,quantile,0.01,166.0
2026-08-22,wk inc covid hosp,3,2026-09-12,48,quantile,0.025,189.0
2026-08-22,wk inc covid hosp,3,2026-09-12,48,quantile,0.05,208.0
2026-08-22,wk inc covid hosp,3,2026-09-12,48,quantile,0.1,232.0
2026-08-22,wk inc covid hosp,3,2026-09-12,48,quantile,0.15,249.0
2026-08-22,wk inc covid hosp,3,2026-09-12,48,quantile,0.2,264.0
2026-08-22,wk inc covid hosp,3,2026-09-12,48,quantile,0.25,277.0
2026-08-22,wk inc covid hosp,3,2026-09-12,48,quantile,0.3,289.0
2026-08-22,wk inc covid hosp,3,2026-09-12,48,quantile,0.35,301.0
2026-08-22,wk inc covid hosp,3,2026-09-12,48,quantile,0.4,313.0
2026-08-22,wk inc covid hosp,3,2026-09-12,48,quantile,0.45,324.0
2026-08-22,wk inc covid hosp,3,2026-09-12,48,quantile,0.5,335.0
2026-08-22,wk inc covid hosp,3,2026-09-12,48,quantile,0.55,348.0
2026-08-22,wk inc covid hosp,3,2026-09-12,48,quantile,0.6,359.0
2026-08-22,wk inc covid hosp,3,2026-09-12,48,quantile,0.65,373.0
2026-08-22,wk inc covid hosp,3,2026-09-12,48,quantile,0.7,389.0
2026-08-22,wk inc covid hosp,3,2026-09-12,48,quantile,0.75,406.0
2026-08-22,wk inc covid hosp,3,2026-09-12,48,quantile,0.8,428.0
2026-08-22,wk inc covid hosp,3,2026-09-12,48,quantile,0.85,452.0
2026-08-22,wk inc covid hosp,3,2026-09-12,48,quantile,0.9,487.0
2026-08-22,wk inc covid hosp,3,2026-09-12,48,quantile,0.95,553.0
2026-08-22,wk inc covid hosp,3,2026-09-12,48,quantile,0.975,622.0
2026-08-22,wk inc covid hosp,3,2026-09-12,48,quantile,0.99,718.0
2026-08-22,wk inc covid hosp,3,2026-09-12,49,quantile,0.01,0.0
2026-08-22,wk inc covid hosp,3,2026-09-12,49,quantile,0.025,0.0
2026-08-22,wk inc covid hosp,3,2026-09-12,49,quantile,0.05,1.0
2026-08-22,wk inc covid hosp,3,2026-09-12,49,quantile,0.1,1.0
2026-08-22,wk inc covid hosp,3,2026-09-12,49,quantile,0.15,2.0
2026-08-22,wk inc covid hosp,3,2026-09-12,49,quantile,0.2,2.0
2026-08-22,wk inc covid hosp,3,2026-09-12,49,quantile,0.25,2.0
2026-08-22,wk inc covid hosp,3,2026-09-12,49,quantile,0.3,3.0
2026-08-22,wk inc covid hosp,3,2026-09-12,49,quantile,0.35,3.0
2026-08-22,wk inc covid hosp,3,2026-09-12,49,quantile,0.4,3.0
2026-08-22,wk inc covid hosp,3,2026-09-12,49,quantile,0.45,3.0
2026-08-22,wk inc covid hosp,3,2026-09-12,49,quantile,0.5,4.0
2026-08-22,wk inc covid hosp,3,2026-09-12,49,quantile,0.55,4.0
2026-08-22,wk inc covid hosp,3,2026-09-12,49,quantile,0.6,4.0
2026-08-22,wk inc covid hosp,3,2026-09-12,49,quantile,0.65,5.0
2026-08-22,wk inc covid hosp,3,2026-09-12,49,quantile,0.7,5.0
2026-08-22,wk inc covid hosp,3,2026-09-12,49,quantile,0.75,5.0
2026-08-22,wk inc covid hosp,3,2026-09-12,49,quantile,0.8,6.0
2026-08-22,wk inc covid hosp,3,2026-09-12,49,quantile,0.85,6.0
2026-08-22,wk inc covid hosp,3,2026-09-12,49,quantile,0.9,7.0
2026-08-22,wk inc covid hosp,3,2026-09-12,49,quantile,0.95,8.0
2026-08-22,wk inc covid hosp,3,2026-09-12,49,quantile,0.975,9.0
2026-08-22,wk inc covid hosp,3,2026-09-12,49,quantile,0.99,10.0
2026-08-22,wk inc covid hosp,3,2026-09-12,50,quantile,0.01,0.0
2026-08-22,wk inc covid hosp,3,2026-09-12,50,quantile,0.025,0.0
2026-08-22,wk inc covid hosp,3,2026-09-12,50,quantile,0.05,0.0
2026-08-22,wk inc covid hosp,3,2026-09-12,50,quantile,0.1,0.0
2026-08-22,wk inc covid hosp,3,2026-09-12,50,quantile,0.15,0.0
2026-08-22,wk inc covid hosp,3,2026-09-12,50,quantile,0.2,0.0
2026-08-22,wk inc covid hosp,3,2026-09-12,50,quantile,0.25,1.0
2026-08-22,wk inc covid hosp,3,2026-09-12,50,quantile,0.3,1.0
2026-08-22,wk inc covid hosp,3,2026-09-12,50,quantile,0.35,1.0
2026-08-22,wk inc covid hosp,3,2026-09-12,50,quantile,0.4,1.0
2026-08-22,wk inc covid hosp,3,2026-09-12,50,quantile,0.45,1.0
2026-08-22,wk inc covid hosp,3,2026-09-12,50,quantile,0.5,1.0
2026-08-22,wk inc covid hosp,3,2026-09-12,50,quantile,0.55,1.0
2026-08-22,wk inc covid hosp,3,2026-09-12,50,quantile,0.6,2.0
2026-08-22,wk inc covid hosp,3,2026-09-12,50,quantile,0.65,2.0
2026-08-22,wk inc covid hosp,3,2026-09-12,50,quantile,0.7,2.0
2026-08-22,wk inc covid hosp,3,2026-09-12,50,quantile,0.75,2.0
2026-08-22,wk inc covid hosp,3,2026-09-12,50,quantile,0.8,2.0
2026-08-22,wk inc covid hosp,3,2026-09-12,50,quantile,0.85,3.0
2026-08-22,wk inc covid hosp,3,2026-09-12,50,quantile,0.9,3.0
2026-08-22,wk inc covid hosp,3,2026-09-12,50,quantile,0.95,4.0
2026-08-22,wk inc covid hosp,3,2026-09-12,50,quantile,0.975,5.0
2026-08-22,wk inc covid hosp,3,2026-09-12,50,quantile,0.99,5.0
2026-08-22,wk inc covid hosp,3,2026-09-12,51,quantile,0.01,9.0
2026-08-22,wk inc covid hosp,3,2026-09-12,51,quantile,0.025,10.0
2026-08-22,wk inc covid hosp,3,2026-09-12,51,quantile,0.05,12.0
2026-08-22,wk inc covid hosp,3,2026-09-12,51,quantile,0.1,14.0
2026-08-22,wk inc covid hosp,3,2026-09-12,51,quantile,0.15,16.0
2026-08-22,wk inc covid hosp,3,2026-09-12,51,quantile,0.2,17.0
2026-08-22,wk inc covid hosp,3,2026-09-12,51,quantile,0.25,18.0
2026-08-22,wk inc covid hosp,3,2026-09-12,51,quantile,0.3,20.0
2026-08-22,wk inc covid hosp,3,2026-09-12,51,quantile,0.35,21.0
2026-08-22,wk inc covid hosp,3,2026-09-12,51,quantile,0.4,22.0
2026-08-22,wk inc covid hosp,3,2026-09-12,51,quantile,0.45,23.0
2026-08-22,wk inc covid hosp,3,2026-09-12,51,quantile,0.5,24.0
2026-08-22,wk inc covid hosp,3,2026-09-12,51,quantile,0.55,25.0
2026-08-22,wk inc covid hosp,3,2026-09-12,51,quantile,0.6,26.0
2026-08-22,wk inc covid hosp,3,2026-09-12,51,quantile,0.65,27.0
2026-08-22,wk inc covid hosp,3,2026-09-12,51,quantile,0.7,28.0
2026-08-22,wk inc covid hosp,3,2026-09-12,51,quantile,0.75,30.0
2026-08-22,wk inc covid hosp,3,2026-09-12,51,quantile,0.8,31.0
2026-08-22,wk inc covid hosp,3,2026-09-12,51,quantile,0.85,34.0
2026-08-22,wk inc covid hosp,3,2026-09-12,51,quantile,0.9,36.0
2026-08-22,wk inc covid hosp,3,2026-09-12,51,quantile,0.95,41.0
2026-08-22,wk inc covid hosp,3,2026-09-12,51,quantile,0.975,46.0
2026-08-22,wk inc covid hosp,3,2026-09-12,51,quantile,0.99,54.0
2026-08-22,wk inc covid hosp,3,2026-09-12,53,quantile,0.01,24.0
2026-08-22,wk inc covid hosp,3,2026-09-12,53,quantile,0.025,29.0
2026-08-22,wk inc covid hosp,3,2026-09-12,53,quantile,0.05,32.0
2026-08-22,wk inc covid hosp,3,2026-09-12,53,quantile,0.1,37.0
2026-08-22,wk inc covid hosp,3,2026-09-12,53,quantile,0.15,40.0
2026-08-22,wk inc covid hosp,3,2026-09-12,53,quantile,0.2,43.0
2026-08-22,wk inc covid hosp,3,2026-09-12,53,quantile,0.25,45.0
2026-08-22,wk inc covid hosp,3,2026-09-12,53,quantile,0.3,48.0
2026-08-22,wk inc covid hosp,3,2026-09-12,53,quantile,0.35,50.0
2026-08-22,wk inc covid hosp,3,2026-09-12,53,quantile,0.4,52.0
2026-08-22,wk inc covid hosp,3,2026-09-12,53,quantile,0.45,54.0
2026-08-22,wk inc covid hosp,3,2026-09-12,53,quantile,0.5,56.0
2026-08-22,wk inc covid hosp,3,2026-09-12,53,quantile,0.55,58.0
2026-08-22,wk inc covid hosp,3,2026-09-12,53,quantile,0.6,61.0
2026-08-22,wk inc covid hosp,3,2026-09-12,53,quantile,0.65,63.0
2026-08-22,wk inc covid hosp,3,2026-09-12,53,quantile,0.7,66.0
2026-08-22,wk inc covid hosp,3,2026-09-12,53,quantile,0.75,69.0
2026-08-22,wk inc covid hosp,3,2026-09-12,53,quantile,0.8,73.0
2026-08-22,wk inc covid hosp,3,2026-09-12,53,quantile,0.85,77.0
2026-08-22,wk inc covid hosp,3,2026-09-12,53,quantile,0.9,83.0
2026-08-22,wk inc covid hosp,3,2026-09-12,53,quantile,0.95,94.0
2026-08-22,wk inc covid hosp,3,2026-09-12,53,quantile,0.975,107.0
2026-08-22,wk inc covid hosp,3,2026-09-12,53,quantile,0.99,125.0
2026-08-22,wk inc covid hosp,3,2026-09-12,54,quantile,0.01,0.0
2026-08-22,wk inc covid hosp,3,2026-09-12,54,quantile,0.025,1.0
2026-08-22,wk inc covid hosp,3,2026-09-12,54,quantile,0.05,1.0
2026-08-22,wk inc covid hosp,3,2026-09-12,54,quantile,0.1,2.0
2026-08-22,wk inc covid hosp,3,2026-09-12,54,quantile,0.15,2.0
2026-08-22,wk inc covid hosp,3,2026-09-12,54,quantile,0.2,3.0
2026-08-22,wk inc covid hosp,3,2026-09-12,54,quantile,0.25,3.0
2026-08-22,wk inc covid hosp,3,2026-09-12,54,quantile,0.3,3.0
2026-08-22,wk inc covid hosp,3,2026-09-12,54,quantile,0.35,4.0
2026-08-22,wk inc covid hosp,3,2026-09-12,54,quantile,0.4,4.0
2026-08-22,wk inc covid hosp,3,2026-09-12,54,quantile,0.45,4.0
2026-08-22,wk inc covid hosp,3,2026-09-12,54,quantile,0.5,4.0
2026-08-22,wk inc covid hosp,3,2026-09-12,54,quantile,0.55,5.0
2026-08-22,wk inc covid hosp,3,2026-09-12,54,quantile,0.6,5.0
2026-08-22,wk inc covid hosp,3,2026-09-12,54,quantile,0.65,5.0
2026-08-22,wk inc covid hosp,3,2026-09-12,54,quantile,0.7,6.0
2026-08-22,wk inc covid hosp,3,2026-09-12,54,quantile,0.75,6.0
2026-08-22,wk inc covid hosp,3,2026-09-12,54,quantile,0.8,7.0
2026-08-22,wk inc covid hosp,3,2026-09-12,54,quantile,0.85,7.0
2026-08-22,wk inc covid hosp,3,2026-09-12,54,quantile,0.9,8.0
2026-08-22,wk inc covid hosp,3,2026-09-12,54,quantile,0.95,10.0
2026-08-22,wk inc covid hosp,3,2026-09-12,54,quantile,0.975,11.0
2026-08-22,wk inc covid hosp,3,2026-09-12,54,quantile,0.99,13.0
2026-08-22,wk inc covid hosp,3,2026-09-12,55,quantile,0.01,5.0
2026-08-22,wk inc covid hosp,3,2026-09-12,55,quantile,0.025,6.0
2026-08-22,wk inc covid hosp,3,2026-09-12,55,quantile,0.05,7.0
2026-08-22,wk inc covid hosp,3,2026-09-12,55,quantile,0.1,9.0
2026-08-22,wk inc covid hosp,3,2026-09-12,55,quantile,0.15,10.0
2026-08-22,wk inc covid hosp,3,2026-09-12,55,quantile,0.2,11.0
2026-08-22,wk inc covid hosp,3,2026-09-12,55,quantile,0.25,12.0
2026-08-22,wk inc covid hosp,3,2026-09-12,55,quantile,0.3,13.0
2026-08-22,wk inc covid hosp,3,2026-09-12,55,quantile,0.35,13.0
2026-08-22,wk inc covid hosp,3,2026-09-12,55,quantile,0.4,14.0
2026-08-22,wk inc covid hosp,3,2026-09-12,55,quantile,0.45,15.0
2026-08-22,wk inc covid hosp,3,2026-09-12,55,quantile,0.5,16.0
2026-08-22,wk inc covid hosp,3,2026-09-12,55,quantile,0.55,16.0
2026-08-22,wk inc covid hosp,3,2026-09-12,55,quantile,0.6,17.0
2026-08-22,wk inc covid hosp,3,2026-09-12,55,quantile,0.65,18.0
2026-08-22,wk inc covid hosp,3,2026-09-12,55,quantile,0.7,19.0
2026-08-22,wk inc covid hosp,3,2026-09-12,55,quantile,0.75,20.0
2026-08-22,wk inc covid hosp,3,2026-09-12,55,quantile,0.8,21.0
2026-08-22,wk inc covid hosp,3,2026-09-12,55,quantile,0.85,23.0
2026-08-22,wk inc covid hosp,3,2026-09-12,55,quantile,0.9,25.0
2026-08-22,wk inc covid hosp,3,2026-09-12,55,quantile,0.95,28.0
2026-08-22,wk inc covid hosp,3,2026-09-12,55,quantile,0.975,32.0
2026-08-22,wk inc covid hosp,3,2026-09-12,55,quantile,0.99,36.0
2026-08-22,wk inc covid hosp,3,2026-09-12,56,quantile,0.01,0.0
2026-08-22,wk inc covid hosp,3,2026-09-12,56,quantile,0.025,0.0
2026-08-22,wk inc covid hosp,3,2026-09-12,56,quantile,0.05,0.0
2026-08-22,wk inc covid hosp,3,2026-09-12,56,quantile,0.1,1.0
2026-08-22,wk inc covid hosp,3,2026-09-12,56,quantile,0.15,1.0
2026-08-22,wk inc covid hosp,3,2026-09-12,56,quantile,0.2,1.0
2026-08-22,wk inc covid hosp,3,2026-09-12,56,quantile,0.25,2.0
2026-08-22,wk inc covid hosp,3,2026-09-12,56,quantile,0.3,2.0
2026-08-22,wk inc covid hosp,3,2026-09-12,56,quantile,0.35,2.0
2026-08-22,wk inc covid hosp,3,2026-09-12,56,quantile,0.4,2.0
2026-08-22,wk inc covid hosp,3,2026-09-12,56,quantile,0.45,3.0
2026-08-22,wk inc covid hosp,3,2026-09-12,56,quantile,0.5,3.0
2026-08-22,wk inc covid hosp,3,2026-09-12,56,quantile,0.55,3.0
2026-08-22,wk inc covid hosp,3,2026-09-12,56,quantile,0.6,3.0
2026-08-22,wk inc covid hosp,3,2026-09-12,56,quantile,0.65,4.0
2026-08-22,wk inc covid hosp,3,2026-09-12,56,quantile,0.7,4.0
2026-08-22,wk inc covid hosp,3,2026-09-12,56,quantile,0.75,4.0
2026-08-22,wk inc covid hosp,3,2026-09-12,56,quantile,0.8,5.0
2026-08-22,wk inc covid hosp,3,2026-09-12,56,quantile,0.85,5.0
2026-08-22,wk inc covid hosp,3,2026-09-12,56,quantile,0.9,6.0
2026-08-22,wk inc covid hosp,3,2026-09-12,56,quantile,0.95,7.0
2026-08-22,wk inc covid hosp,3,2026-09-12,56,quantile,0.975,8.0
2026-08-22,wk inc covid hosp,3,2026-09-12,56,quantile,0.99,9.0
2026-08-22,wk inc covid hosp,3,2026-09-12,72,quantile,0.01,38.0
2026-08-22,wk inc covid hosp,3,2026-09-12,72,quantile,0.025,43.0
2026-08-22,wk inc covid hosp,3,2026-09-12,72,quantile,0.05,49.0
2026-08-22,wk inc covid hosp,3,2026-09-12,72,quantile,0.1,55.0
2026-08-22,wk inc covid hosp,3,2026-09-12,72,quantile,0.15,59.0
2026-08-22,wk inc covid hosp,3,2026-09-12,72,quantile,0.2,63.0
2026-08-22,wk inc covid hosp,3,2026-09-12,72,quantile,0.25,67.0
2026-08-22,wk inc covid hosp,3,2026-09-12,72,quantile,0.3,70.0
2026-08-22,wk inc covid hosp,3,2026-09-12,72,quantile,0.35,73.0
2026-08-22,wk inc covid hosp,3,2026-09-12,72,quantile,0.4,76.0
2026-08-22,wk inc covid hosp,3,2026-09-12,72,quantile,0.45,79.0
2026-08-22,wk inc covid hosp,3,2026-09-12,72,quantile,0.5,82.0
2026-08-22,wk inc covid hosp,3,2026-09-12,72,quantile,0.55,85.0
2026-08-22,wk inc covid hosp,3,2026-09-12,72,quantile,0.6,88.0
2026-08-22,wk inc covid hosp,3,2026-09-12,72,quantile,0.65,92.0
2026-08-22,wk inc covid hosp,3,2026-09-12,72,quantile,0.7,96.0
2026-08-22,wk inc covid hosp,3,2026-09-12,72,quantile,0.75,100.0
2026-08-22,wk inc covid hosp,3,2026-09-12,72,quantile,0.8,105.0
2026-08-22,wk inc covid hosp,3,2026-09-12,72,quantile,0.85,112.0
2026-08-22,wk inc covid hosp,3,2026-09-12,72,quantile,0.9,122.0
2026-08-22,wk inc covid hosp,3,2026-09-12,72,quantile,0.95,137.0
2026-08-22,wk inc covid hosp,3,2026-09-12,72,quantile,0.975,155.0
2026-08-22,wk inc covid hosp,3,2026-09-12,72,quantile,0.99,180.0
