reference_date,target,horizon,target_end_date,location,output_type,output_type_id,value
2026-08-29,wk inc covid hosp,0,2026-08-29,01,quantile,0.01,48.0
2026-08-29,wk inc covid hosp,0,2026-08-29,01,quantile,0.025,51.0
2026-08-29,wk inc covid hosp,0,2026-08-29,01,quantile,0.05,54.0
2026-08-29,wk inc covid hosp,0,2026-08-29,01,quantile,0.1,58.0
2026-08-29,wk inc covid hosp,0,2026-08-29,01,quantile,0.15,60.0
2026-08-29,wk inc covid hosp,0,2026-08-29,01,quantile,0.2,62.0
2026-08-29,wk inc covid hosp,0,2026-08-29,01,quantile,0.25,64.0
2026-08-29,wk inc covid hosp,0,2026-08-29,01,quantile,0.3,66.0
2026-08-29,wk inc covid hosp,0,2026-08-29,01,quantile,0.35,68.0
2026-08-29,wk inc covid hosp,0,2026-08-29,01,quantile,0.4,69.0
2026-08-29,wk inc covid hosp,0,2026-08-29,01,quantile,0.45,71.0
2026-08-29,wk inc covid hosp,0,2026-08-29,01,quantile,0.5,72.0
2026-08-29,wk inc covid hosp,0,2026-08-29,01,quantile,0.55,74.0
2026-08-29,wk inc covid hosp,0,2026-08-29,01,quantile,0.6,76.0
2026-08-29,wk inc covid hosp,0,2026-08-29,01,quantile,0.65,78.0
2026-08-29,wk inc covid hosp,0,2026-08-29,01,quantile,0.7,79.0
2026-08-29,wk inc covid hosp,0,2026-08-29,01,quantile,0.75,82.0
2026-08-29,wk inc covid hosp,0,2026-08-29,01,quantile,0.8,84.0
2026-08-29,wk inc covid hosp,0,2026-08-29,01,quantile,0.85,88.0
2026-08-29,wk inc covid hosp,0,2026-08-29,01,quantile,0.9,92.0
2026-08-29,wk inc covid hosp,0,2026-08-29,01,quantile,0.95,99.0
2026-08-29,wk inc covid hosp,0,2026-08-29,01,quantile,0.975,107.0
2026-08-29,wk inc covid hosp,0,2026-08-29,01,quantile,0.99,115.0
2026-08-29,wk inc covid hosp,0,2026-08-29,02,quantile,0.01,0.0
2026-08-29,wk inc covid hosp,0,2026-08-29,02,quantile,0.025,0.0
2026-08-29,wk inc covid hosp,0,2026-08-29,02,quantile,0.05,0.0
2026-08-29,wk inc covid hosp,0,2026-08-29,02,quantile,0.1,1.0
2026-08-29,wk inc covid hosp,0,2026-08-29,02,quantile,0.15,1.0
2026-08-29,wk inc covid hosp,0,2026-08-29,02,quantile,0.2,1.0
2026-08-29,wk inc covid hosp,0,2026-08-29,02,quantile,0.25,1.0
2026-08-29,wk inc covid hosp,0,2026-08-29,02,quantile,0.3,2.0
2026-08-29,wk inc covid hosp,0,2026-08-29,02,quantile,0.35,2.0
2026-08-29,wk inc covid hosp,0,2026-08-29,02,quantile,0.4,2.0
2026-08-29,wk inc covid hosp,0,2026-08-29,02,quantile,0.45,2.0
2026-08-29,wk inc covid hosp,0,2026-08-29,02,quantile,0.5,2.0
2026-08-29,wk inc covid hosp,0,2026-08-29,02,quantile,0.55,3.0
2026-08-29,wk inc covid hosp,0,2026-08-29,02,quantile,0.6,3.0
2026-08-29,wk inc covid hosp,0,2026-08-29,02,quantile,0.65,3.0
2026-08-29,wk inc covid hosp,0,2026-08-29,02,quantile,0.7,3.0
2026-08-29,wk inc covid hosp,0,2026-08-29,02,quantile,0.75,4.0
2026-08-29,wk inc covid hosp,0,2026-08-29,02,quantile,0.8,4.0
2026-08-29,wk inc covid hosp,0,2026-08-29,02,quantile,0.85,4.0
2026-08-29,wk inc covid hosp,0,2026-08-29,02,quantile,0.9,5.0
2026-08-29,wk inc covid hosp,0,2026-08-29,02,quantile,0.95,6.0
2026-08-29,wk inc covid hosp,0,2026-08-29,02,quantile,0.975,6.0
2026-08-29,wk inc covid hosp,0,2026-08-29,02,quantile,0.99,7.0
2026-08-29,wk inc covid hosp,0,2026-08-29,04,quantile,0.01,33.0
2026-08-29,wk inc covid hosp,0,2026-08-29,04,quantile,0.025,36.0
2026-08-29,wk inc covid hosp,0,2026-08-29,04,quantile,0.05,38.0
2026-08-29,wk inc covid hosp,0,2026-08-29,04,quantile,0.1,41.0
2026-08-29,wk inc covid hosp,0,2026-08-29,04,quantile,0.15,43.0
2026-08-29,wk inc covid hosp,0,2026-08-29,04,quantile,0.2,45.0
2026-08-29,wk inc covid hosp,0,2026-08-29,04,quantile,0.25,46.0
2026-08-29,wk inc covid hosp,0,2026-08-29,04,quantile,0.3,48.0
2026-08-29,wk inc covid hosp,0,2026-08-29,04,quantile,0.35,49.0
2026-08-29,wk inc covid hosp,0,2026-08-29,04,quantile,0.4,50.0
2026-08-29,wk inc covid hosp,0,2026-08-29,04,quantile,0.45,52.0
2026-08-29,wk inc covid hosp,0,2026-08-29,04,quantile,0.5,53.0
2026-08-29,wk inc covid hosp,0,2026-08-29,04,quantile,0.55,54.0
2026-08-29,wk inc covid hosp,0,2026-08-29,04,quantile,0.6,56.0
2026-08-29,wk inc covid hosp,0,2026-08-29,04,quantile,0.65,57.0
2026-08-29,wk inc covid hosp,0,2026-08-29,04,quantile,0.7,59.0
2026-08-29,wk inc covid hosp,0,2026-08-29,04,quantile,0.75,61.0
2026-08-29,wk inc covid hosp,0,2026-08-29,04,quantile,0.8,63.0
2026-08-29,wk inc covid hosp,0,2026-08-29,04,quantile,0.85,65.0
2026-08-29,wk inc covid hosp,0,2026-08-29,04,quantile,0.9,69.0
2026-08-29,wk inc covid hosp,0,2026-08-29,04,quantile,0.95,74.0
2026-08-29,wk inc covid hosp,0,2026-08-29,04,quantile,0.975,79.0
2026-08-29,wk inc covid hosp,0,2026-08-29,04,quantile,0.99,85.0
2026-08-29,wk inc covid hosp,0,2026-08-29,05,quantile,0.01,4.0
2026-08-29,wk inc covid hosp,0,2026-08-29,05,quantile,0.025,5.0
2026-08-29,wk inc covid hosp,0,2026-08-29,05,quantile,0.05,6.0
2026-08-29,wk inc covid hosp,0,2026-08-29,05,quantile,0.1,7.0
2026-08-29,wk inc covid hosp,0,2026-08-29,05,quantile,0.15,8.0
2026-08-29,wk inc covid hosp,0,2026-08-29,05,quantile,0.2,9.0
2026-08-29,wk inc covid hosp,0,2026-08-29,05,quantile,0.25,10.0
2026-08-29,wk inc covid hosp,0,2026-08-29,05,quantile,0.3,10.0
2026-08-29,wk inc covid hosp,0,2026-08-29,05,quantile,0.35,11.0
2026-08-29,wk inc covid hosp,0,2026-08-29,05,quantile,0.4,11.0
2026-08-29,wk inc covid hosp,0,2026-08-29,05,quantile,0.45,11.0
2026-08-29,wk inc covid hosp,0,2026-08-29,05,quantile,0.5,12.0
2026-08-29,wk inc covid hosp,0,2026-08-29,05,quantile,0.55,12.0
2026-08-29,wk inc covid hosp,0,2026-08-29,05,quantile,0.6,13.0
2026-08-29,wk inc covid hosp,0,2026-08-29,05,quantile,0.65,13.0
2026-08-29,wk inc covid hosp,0,2026-08-29,05,quantile,0.7,14.0
2026-08-29,wk inc covid hosp,0,2026-08-29,05,quantile,0.75,15.0
2026-08-29,wk inc covid hosp,0,2026-08-29,05,quantile,0.8,15.0
2026-08-29,wk inc covid hosp,0,2026-08-29,05,quantile,0.85,16.0
2026-08-29,wk inc covid hosp,0,2026-08-29,05,quantile,0.9,17.0
2026-08-29,wk inc covid hosp,0,2026-08-29,05,quantile,0.95,19.0
2026-08-29,wk inc covid hosp,0,2026-08-29,05,quantile,0.975,21.0
2026-08-29,wk inc covid hosp,0,2026-08-29,05,quantile,0.99,23.0
2026-08-29,wk inc covid hosp,0,2026-08-29,06,quantile,0.01,388.0
2026-08-29,wk inc covid hosp,0,2026-08-29,06,quantile,0.025,405.0
2026-08-29,wk inc covid hosp,0,2026-08-29,06,quantile,0.05,421.0
2026-08-29,wk inc covid hosp,0,2026-08-29,06,quantile,0.1,438.0
2026-08-29,wk inc covid hosp,0,2026-08-29,06,quantile,0.15,452.0
2026-08-29,wk inc covid hosp,0,2026-08-29,06,quantile,0.2,464.0
2026-08-29,wk inc covid hosp,0,2026-08-29,06,quantile,0.25,474.0
2026-08-29,wk inc covid hosp,0,2026-08-29,06,quantile,0.3,483.0
2026-08-29,wk inc covid hosp,0,2026-08-29,06,quantile,0.35,492.0
2026-08-29,wk inc covid hosp,0,2026-08-29,06,quantile,0.4,500.0
2026-08-29,wk inc covid hosp,0,2026-08-29,06,quantile,0.45,509.0
2026-08-29,wk inc covid hosp,0,2026-08-29,06,quantile,0.5,518.0
2026-08-29,wk inc covid hosp,0,2026-08-29,06,quantile,0.55,527.0
2026-08-29,wk inc covid hosp,0,2026-08-29,06,quantile,0.6,536.0
2026-08-29,wk inc covid hosp,0,2026-08-29,06,quantile,0.65,548.0
2026-08-29,wk inc covid hosp,0,2026-08-29,06,quantile,0.7,560.0
2026-08-29,wk inc covid hosp,0,2026-08-29,06,quantile,0.75,573.0
2026-08-29,wk inc covid hosp,0,2026-08-29,06,quantile,0.8,591.0
2026-08-29,wk inc covid hosp,0,2026-08-29,06,quantile,0.85,613.0
2026-08-29,wk inc covid hosp,0,2026-08-29,06,quantile,0.9,643.0
2026-08-29,wk inc covid hosp,0,2026-08-29,06,quantile,0.95,692.0
2026-08-29,wk inc covid hosp,0,2026-08-29,06,quantile,0.975,739.0
2026-08-29,wk inc covid hosp,0,2026-08-29,06,quantile,0.99,789.0
2026-08-29,wk inc covid hosp,0,2026-08-29,08,quantile,0.01,11.0
2026-08-29,wk inc covid hosp,0,2026-08-29,08,quantile,0.025,13.0
2026-08-29,wk inc covid hosp,0,2026-08-29,08,quantile,0.05,14.0
2026-08-29,wk inc covid hosp,0,2026-08-29,08,quantile,0.1,16.0
2026-08-29,wk inc covid hosp,0,2026-08-29,08,quantile,0.15,17.0
2026-08-29,wk inc covid hosp,0,2026-08-29,08,quantile,0.2,18.0
2026-08-29,wk inc covid hosp,0,2026-08-29,08,quantile,0.25,19.0
2026-08-29,wk inc covid hosp,0,2026-08-29,08,quantile,0.3,19.0
2026-08-29,wk inc covid hosp,0,2026-08-29,08,quantile,0.35,20.0
2026-08-29,wk inc covid hosp,0,2026-08-29,08,quantile,0.4,21.0
2026-08-29,wk inc covid hosp,0,2026-08-29,08,quantile,0.45,22.0
2026-08-29,wk inc covid hosp,0,2026-08-29,08,quantile,0.5,22.0
2026-08-29,wk inc covid hosp,0,2026-08-29,08,quantile,0.55,23.0
2026-08-29,wk inc covid hosp,0,2026-08-29,08,quantile,0.6,24.0
2026-08-29,wk inc covid hosp,0,2026-08-29,08,quantile,0.65,25.0
2026-08-29,wk inc covid hosp,0,2026-08-29,08,quantile,0.7,26.0
2026-08-29,wk inc covid hosp,0,2026-08-29,08,quantile,0.75,27.0
2026-08-29,wk inc covid hosp,0,2026-08-29,08,quantile,0.8,28.0
2026-08-29,wk inc covid hosp,0,2026-08-29,08,quantile,0.85,29.0
2026-08-29,wk inc covid hosp,0,2026-08-29,08,quantile,0.9,31.0
2026-08-29,wk inc covid hosp,0,2026-08-29,08,quantile,0.95,33.0
2026-08-29,wk inc covid hosp,0,2026-08-29,08,quantile,0.975,36.0
2026-08-29,wk inc covid hosp,0,2026-08-29,08,quantile,0.99,39.0
2026-08-29,wk inc covid hosp,0,2026-08-29,09,quantile,0.01,4.0
2026-08-29,wk inc covid hosp,0,2026-08-29,09,quantile,0.025,5.0
2026-08-29,wk inc covid hosp,0,2026-08-29,09,quantile,0.05,6.0
2026-08-29,wk inc covid hosp,0,2026-08-29,09,quantile,0.1,7.0
2026-08-29,wk inc covid hosp,0,2026-08-29,09,quantile,0.15,8.0
2026-08-29,wk inc covid hosp,0,2026-08-29,09,quantile,0.2,8.0
2026-08-29,wk inc covid hosp,0,2026-08-29,09,quantile,0.25,9.0
2026-08-29,wk inc covid hosp,0,2026-08-29,09,quantile,0.3,9.0
2026-08-29,wk inc covid hosp,0,2026-08-29,09,quantile,0.35,10.0
2026-08-29,wk inc covid hosp,0,2026-08-29,09,quantile,0.4,10.0
2026-08-29,wk inc covid hosp,0,2026-08-29,09,quantile,0.45,11.0
2026-08-29,wk inc covid hosp,0,2026-08-29,09,quantile,0.5,11.0
2026-08-29,wk inc covid hosp,0,2026-08-29,09,quantile,0.55,12.0
2026-08-29,wk inc covid hosp,0,2026-08-29,09,quantile,0.6,12.0
2026-08-29,wk inc covid hosp,0,2026-08-29,09,quantile,0.65,13.0
2026-08-29,wk inc covid hosp,0,2026-08-29,09,quantile,0.7,13.0
2026-08-29,wk inc covid hosp,0,2026-08-29,09,quantile,0.75,14.0
2026-08-29,wk inc covid hosp,0,2026-08-29,09,quantile,0.8,15.0
2026-08-29,wk inc covid hosp,0,2026-08-29,09,quantile,0.85,16.0
2026-08-29,wk inc covid hosp,0,2026-08-29,09,quantile,0.9,17.0
2026-08-29,wk inc covid hosp,0,2026-08-29,09,quantile,0.95,19.0
2026-08-29,wk inc covid hosp,0,2026-08-29,09,quantile,0.975,20.0
2026-08-29,wk inc covid hosp,0,2026-08-29,09,quantile,0.99,23.0
2026-08-29,wk inc covid hosp,0,2026-08-29,10,quantile,0.01,0.0
2026-08-29,wk inc covid hosp,0,2026-08-29,10,quantile,0.025,0.0
2026-08-29,wk inc covid hosp,0,2026-08-29,10,quantile,0.05,0.0
2026-08-29,wk inc covid hosp,0,2026-08-29,10,quantile,0.1,1.0
2026-08-29,wk inc covid hosp,0,2026-08-29,10,quantile,0.15,1.0
2026-08-29,wk inc covid hosp,0,2026-08-29,10,quantile,0.2,1.0
2026-08-29,wk inc covid hosp,0,2026-08-29,10,quantile,0.25,2.0
2026-08-29,wk inc covid hosp,0,2026-08-29,10,quantile,0.3,2.0
2026-08-29,wk inc covid hosp,0,2026-08-29,10,quantile,0.35,2.0
2026-08-29,wk inc covid hosp,0,2026-08-29,10,quantile,0.4,2.0
2026-08-29,wk inc covid hosp,0,2026-08-29,10,quantile,0.45,3.0
2026-08-29,wk inc covid hosp,0,2026-08-29,10,quantile,0.5,3.0
2026-08-29,wk inc covid hosp,0,2026-08-29,10,quantile,0.55,3.0
2026-08-29,wk inc covid hosp,0,2026-08-29,10,quantile,0.6,3.0
2026-08-29,wk inc covid hosp,0,2026-08-29,10,quantile,0.65,3.0
2026-08-29,wk inc covid hosp,0,2026-08-29,10,quantile,0.7,4.0
2026-08-29,wk inc covid hosp,0,2026-08-29,10,quantile,0.75,4.0
2026-08-29,wk inc covid hosp,0,2026-08-29,10,quantile,0.8,4.0
2026-08-29,wk inc covid hosp,0,2026-08-29,10,quantile,0.85,5.0
2026-08-29,wk inc covid hosp,0,2026-08-29,10,quantile,0.9,5.0
2026-08-29,wk inc covid hosp,0,2026-08-29,10,quantile,0.95,6.0
2026-08-29,wk inc covid hosp,0,2026-08-29,10,quantile,0.975,7.0
2026-08-29,wk inc covid hosp,0,2026-08-29,10,quantile,0.99,8.0
2026-08-29,wk inc covid hosp,0,2026-08-29,11,quantile,0.01,0.0
2026-08-29,wk inc covid hosp,0,2026-08-29,11,quantile,0.025,0.0
2026-08-29,wk inc covid hosp,0,2026-08-29,11,quantile,0.05,1.0
2026-08-29,wk inc covid hosp,0,2026-08-29,11,quantile,0.1,1.0
2026-08-29,wk inc covid hosp,0,2026-08-29,11,quantile,0.15,2.0
2026-08-29,wk inc covid hosp,0,2026-08-29,11,quantile,0.2,2.0
2026-08-29,wk inc covid hosp,0,2026-08-29,11,quantile,0.25,2.0
2026-08-29,wk inc covid hosp,0,2026-08-29,11,quantile,0.3,2.0
2026-08-29,wk inc covid hosp,0,2026-08-29,11,quantile,0.35,3.0
2026-08-29,wk inc covid hosp,0,2026-08-29,11,quantile,0.4,3.0
2026-08-29,wk inc covid hosp,0,2026-08-29,11,quantile,0.45,3.0
2026-08-29,wk inc covid hosp,0,2026-08-29,11,quantile,0.5,3.0
2026-08-29,wk inc covid hosp,0,2026-08-29,11,quantile,0.55,3.0
2026-08-29,wk inc covid hosp,0,2026-08-29,11,quantile,0.6,4.0
2026-08-29,wk inc covid hosp,0,2026-08-29,11,quantile,0.65,4.0
2026-08-29,wk inc covid hosp,0,2026-08-29,11,quantile,0.7,4.0
2026-08-29,wk inc covid hosp,0,2026-08-29,11,quantile,0.75,5.0
2026-08-29,wk inc covid hosp,0,2026-08-29,11,quantile,0.8,5.0
2026-08-29,wk inc covid hosp,0,2026-08-29,11,quantile,0.85,5.0
2026-08-29,wk inc covid hosp,0,2026-08-29,11,quantile,0.9,6.0
2026-08-29,wk inc covid hosp,0,2026-08-29,11,quantile,0.95,7.0
2026-08-29,wk inc covid hosp,0,2026-08-29,11,quantile,0.975,8.0
2026-08-29,wk inc covid hosp,0,2026-08-29,11,quantile,0.99,9.0
2026-08-29,wk inc covid hosp,0,2026-08-29,12,quantile,0.01,270.0
2026-08-29,wk inc covid hosp,0,2026-08-29,12,quantile,0.025,282.0
2026-08-29,wk inc covid hosp,0,2026-08-29,12,quantile,0.05,295.0
2026-08-29,wk inc covid hosp,0,2026-08-29,12,quantile,0.1,309.0
2026-08-29,wk inc covid hosp,0,2026-08-29,12,quantile,0.15,319.0
2026-08-29,wk inc covid hosp,0,2026-08-29,12,quantile,0.2,327.0
2026-08-29,wk inc covid hosp,0,2026-08-29,12,quantile,0.25,334.0
2026-08-29,wk inc covid hosp,0,2026-08-29,12,quantile,0.3,341.0
2026-08-29,wk inc covid hosp,0,2026-08-29,12,quantile,0.35,348.0
2026-08-29,wk inc covid hosp,0,2026-08-29,12,quantile,0.4,354.0
2026-08-29,wk inc covid hosp,0,2026-08-29,12,quantile,0.45,361.0
2026-08-29,wk inc covid hosp,0,2026-08-29,12,quantile,0.5,368.0
2026-08-29,wk inc covid hosp,0,2026-08-29,12,quantile,0.55,375.0
2026-08-29,wk inc covid hosp,0,2026-08-29,12,quantile,0.6,383.0
2026-08-29,wk inc covid hosp,0,2026-08-29,12,quantile,0.65,391.0
2026-08-29,wk inc covid hosp,0,2026-08-29,12,quantile,0.7,399.0
2026-08-29,wk inc covid hosp,0,2026-08-29,12,quantile,0.75,410.0
2026-08-29,wk inc covid hosp,0,2026-08-29,12,quantile,0.8,423.0
2026-08-29,wk inc covid hosp,0,2026-08-29,12,quantile,0.85,438.0
2026-08-29,wk inc covid hosp,0,2026-08-29,12,quantile,0.9,461.0
2026-08-29,wk inc covid hosp,0,2026-08-29,12,quantile,0.95,498.0
2026-08-29,wk inc covid hosp,0,2026-08-29,12,quantile,0.975,533.0
2026-08-29,wk inc covid hosp,0,2026-08-29,12,quantile,0.99,577.0
2026-08-29,wk inc covid hosp,0,2026-08-29,13,quantile,0.01,58.0
2026-08-29,wk inc covid hosp,0,2026-08-29,13,quantile,0.025,62.0
2026-08-29,wk inc covid hosp,0,2026-08-29,13,quantile,0.05,66.0
2026-08-29,wk inc covid hosp,0,2026-08-29,13,quantile,0.1,70.0
2026-08-29,wk inc covid hosp,0,2026-08-29,13,quantile,0.15,74.0
2026-08-29,wk inc covid hosp,0,2026-08-29,13,quantile,0.2,76.0
2026-08-29,wk inc covid hosp,0,2026-08-29,13,quantile,0.25,78.0
2026-08-29,wk inc covid hosp,0,2026-08-29,13,quantile,0.3,80.0
2026-08-29,wk inc covid hosp,0,2026-08-29,13,quantile,0.35,82.0
2026-08-29,wk inc covid hosp,0,2026-08-29,13,quantile,0.4,84.0
2026-08-29,wk inc covid hosp,0,2026-08-29,13,quantile,0.45,86.0
2026-08-29,wk inc covid hosp,0,2026-08-29,13,quantile,0.5,88.0
2026-08-29,wk inc covid hosp,0,2026-08-29,13,quantile,0.55,90.0
2026-08-29,wk inc covid hosp,0,2026-08-29,13,quantile,0.6,92.0
2026-08-29,wk inc covid hosp,0,2026-08-29,13,quantile,0.65,94.0
2026-08-29,wk inc covid hosp,0,2026-08-29,13,quantile,0.7,97.0
2026-08-29,wk inc covid hosp,0,2026-08-29,13,quantile,0.75,100.0
2026-08-29,wk inc covid hosp,0,2026-08-29,13,quantile,0.8,103.0
2026-08-29,wk inc covid hosp,0,2026-08-29,13,quantile,0.85,107.0
2026-08-29,wk inc covid hosp,0,2026-08-29,13,quantile,0.9,113.0
2026-08-29,wk inc covid hosp,0,2026-08-29,13,quantile,0.95,122.0
2026-08-29,wk inc covid hosp,0,2026-08-29,13,quantile,0.975,131.0
2026-08-29,wk inc covid hosp,0,2026-08-29,13,quantile,0.99,141.0
2026-08-29,wk inc covid hosp,0,2026-08-29,15,quantile,0.01,8.0
2026-08-29,wk inc covid hosp,0,2026-08-29,15,quantile,0.025,10.0
2026-08-29,wk inc covid hosp,0,2026-08-29,15,quantile,0.05,11.0
2026-08-29,wk inc covid hosp,0,2026-08-29,15,quantile,0.1,12.0
2026-08-29,wk inc covid hosp,0,2026-08-29,15,quantile,0.15,13.0
2026-08-29,wk inc covid hosp,0,2026-08-29,15,quantile,0.2,14.0
2026-08-29,wk inc covid hosp,0,2026-08-29,15,quantile,0.25,15.0
2026-08-29,wk inc covid hosp,0,2026-08-29,15,quantile,0.3,16.0
2026-08-29,wk inc covid hosp,0,2026-08-29,15,quantile,0.35,16.0
2026-08-29,wk inc covid hosp,0,2026-08-29,15,quantile,0.4,17.0
2026-08-29,wk inc covid hosp,0,2026-08-29,15,quantile,0.45,17.0
2026-08-29,wk inc covid hosp,0,2026-08-29,15,quantile,0.5,18.0
2026-08-29,wk inc covid hosp,0,2026-08-29,15,quantile,0.55,19.0
2026-08-29,wk inc covid hosp,0,2026-08-29,15,quantile,0.6,19.0
2026-08-29,wk inc covid hosp,0,2026-08-29,15,quantile,0.65,20.0
2026-08-29,wk inc covid hosp,0,2026-08-29,15,quantile,0.7,21.0
2026-08-29,wk inc covid hosp,0,2026-08-29,15,quantile,0.75,22.0
2026-08-29,wk inc covid hosp,0,2026-08-29,15,quantile,0.8,23.0
2026-08-29,wk inc covid hosp,0,2026-08-29,15,quantile,0.85,24.0
2026-08-29,wk inc covid hosp,0,2026-08-29,15,quantile,0.9,26.0
2026-08-29,wk inc covid hosp,0,2026-08-29,15,quantile,0.95,28.0
2026-08-29,wk inc covid hosp,0,2026-08-29,15,quantile,0.975,30.0
2026-08-29,wk inc covid hosp,0,2026-08-29,15,quantile,0.99,33.0
2026-08-29,wk inc covid hosp,0,2026-08-29,16,quantile,0.01,1.0
2026-08-29,wk inc covid hosp,0,2026-08-29,16,quantile,0.025,1.0
2026-08-29,wk inc covid hosp,0,2026-08-29,16,quantile,0.05,2.0
2026-08-29,wk inc covid hosp,0,2026-08-29,16,quantile,0.1,2.0
2026-08-29,wk inc covid hosp,0,2026-08-29,16,quantile,0.15,3.0
2026-08-29,wk inc covid hosp,0,2026-08-29,16,quantile,0.2,3.0
2026-08-29,wk inc covid hosp,0,2026-08-29,16,quantile,0.25,4.0
2026-08-29,wk inc covid hosp,0,2026-08-29,16,quantile,0.3,4.0
2026-08-29,wk inc covid hosp,0,2026-08-29,16,quantile,0.35,4.0
2026-08-29,wk inc covid hosp,0,2026-08-29,16,quantile,0.4,5.0
2026-08-29,wk inc covid hosp,0,2026-08-29,16,quantile,0.45,5.0
2026-08-29,wk inc covid hosp,0,2026-08-29,16,quantile,0.5,5.0
2026-08-29,wk inc covid hosp,0,2026-08-29,16,quantile,0.55,5.0
2026-08-29,wk inc covid hosp,0,2026-08-29,16,quantile,0.6,6.0
2026-08-29,wk inc covid hosp,0,2026-08-29,16,quantile,0.65,6.0
2026-08-29,wk inc covid hosp,0,2026-08-29,16,quantile,0.7,7.0
2026-08-29,wk inc covid hosp,0,2026-08-29,16,quantile,0.75,7.0
2026-08-29,wk inc covid hosp,0,2026-08-29,16,quantile,0.8,7.0
2026-08-29,wk inc covid hosp,0,2026-08-29,16,quantile,0.85,8.0
2026-08-29,wk inc covid hosp,0,2026-08-29,16,quantile,0.9,9.0
2026-08-29,wk inc covid hosp,0,2026-08-29,16,quantile,0.95,10.0
2026-08-29,wk inc covid hosp,0,2026-08-29,16,quantile,0.975,11.0
2026-08-29,wk inc covid hosp,0,2026-08-29,16,quantile,0.99,12.0
2026-08-29,wk inc covid hosp,0,2026-08-29,17,quantile,0.01,19.0
2026-08-29,wk inc covid hosp,0,2026-08-29,17,quantile,0.025,21.0
2026-08-29,wk inc covid hosp,0,2026-08-29,17,quantile,0.05,23.0
2026-08-29,wk inc covid hosp,0,2026-08-29,17,quantile,0.1,25.0
2026-08-29,wk inc covid hosp,0,2026-08-29,17,quantile,0.15,26.0
2026-08-29,wk inc covid hosp,0,2026-08-29,17,quantile,0.2,28.0
2026-08-29,wk inc covid hosp,0,2026-08-29,17,quantile,0.25,29.0
2026-08-29,wk inc covid hosp,0,2026-08-29,17,quantile,0.3,30.0
2026-08-29,wk inc covid hosp,0,2026-08-29,17,quantile,0.35,31.0
2026-08-29,wk inc covid hosp,0,2026-08-29,17,quantile,0.4,32.0
2026-08-29,wk inc covid hosp,0,2026-08-29,17,quantile,0.45,33.0
2026-08-29,wk inc covid hosp,0,2026-08-29,17,quantile,0.5,34.0
2026-08-29,wk inc covid hosp,0,2026-08-29,17,quantile,0.55,35.0
2026-08-29,wk inc covid hosp,0,2026-08-29,17,quantile,0.6,36.0
2026-08-29,wk inc covid hosp,0,2026-08-29,17,quantile,0.65,37.0
2026-08-29,wk inc covid hosp,0,2026-08-29,17,quantile,0.7,38.0
2026-08-29,wk inc covid hosp,0,2026-08-29,17,quantile,0.75,40.0
2026-08-29,wk inc covid hosp,0,2026-08-29,17,quantile,0.8,41.0
2026-08-29,wk inc covid hosp,0,2026-08-29,17,quantile,0.85,43.0
2026-08-29,wk inc covid hosp,0,2026-08-29,17,quantile,0.9,45.0
2026-08-29,wk inc covid hosp,0,2026-08-29,17,quantile,0.95,50.0
2026-08-29,wk inc covid hosp,0,2026-08-29,17,quantile,0.975,53.0
2026-08-29,wk inc covid hosp,0,2026-08-29,17,quantile,0.99,57.0
2026-08-29,wk inc covid hosp,0,2026-08-29,18,quantile,0.01,8.0
2026-08-29,wk inc covid hosp,0,2026-08-29,18,quantile,0.025,9.0
2026-08-29,wk inc covid hosp,0,2026-08-29,18,quantile,0.05,10.0
2026-08-29,wk inc covid hosp,0,2026-08-29,18,quantile,0.1,12.0
2026-08-29,wk inc covid hosp,0,2026-08-29,18,quantile,0.15,13.0
2026-08-29,wk inc covid hosp,0,2026-08-29,18,quantile,0.2,14.0
2026-08-29,wk inc covid hosp,0,2026-08-29,18,quantile,0.25,14.0
2026-08-29,wk inc covid hosp,0,2026-08-29,18,quantile,0.3,15.0
2026-08-29,wk inc covid hosp,0,2026-08-29,18,quantile,0.35,16.0
2026-08-29,wk inc covid hosp,0,2026-08-29,18,quantile,0.4,16.0
2026-08-29,wk inc covid hosp,0,2026-08-29,18,quantile,0.45,17.0
2026-08-29,wk inc covid hosp,0,2026-08-29,18,quantile,0.5,18.0
2026-08-29,wk inc covid hosp,0,2026-08-29,18,quantile,0.55,18.0
2026-08-29,wk inc covid hosp,0,2026-08-29,18,quantile,0.6,19.0
2026-08-29,wk inc covid hosp,0,2026-08-29,18,quantile,0.65,20.0
2026-08-29,wk inc covid hosp,0,2026-08-29,18,quantile,0.7,20.0
2026-08-29,wk inc covid hosp,0,2026-08-29,18,quantile,0.75,21.0
2026-08-29,wk inc covid hosp,0,2026-08-29,18,quantile,0.8,22.0
2026-08-29,wk inc covid hosp,0,2026-08-29,18,quantile,0.85,23.0
2026-08-29,wk inc covid hosp,0,2026-08-29,18,quantile,0.9,25.0
2026-08-29,wk inc covid hosp,0,2026-08-29,18,quantile,0.95,27.0
2026-08-29,wk inc covid hosp,0,2026-08-29,18,quantile,0.975,29.0
2026-08-29,wk inc covid hosp,0,2026-08-29,18,quantile,0.99,33.0
2026-08-29,wk inc covid hosp,0,2026-08-29,19,quantile,0.01,1.0
2026-08-29,wk inc covid hosp,0,2026-08-29,19,quantile,0.025,1.0
2026-08-29,wk inc covid hosp,0,2026-08-29,19,quantile,0.05,2.0
2026-08-29,wk inc covid hosp,0,2026-08-29,19,quantile,0.1,2.0
2026-08-29,wk inc covid hosp,0,2026-08-29,19,quantile,0.15,3.0
2026-08-29,wk inc covid hosp,0,2026-08-29,19,quantile,0.2,3.0
2026-08-29,wk inc covid hosp,0,2026-08-29,19,quantile,0.25,4.0
2026-08-29,wk inc covid hosp,0,2026-08-29,19,quantile,0.3,4.0
2026-08-29,wk inc covid hosp,0,2026-08-29,19,quantile,0.35,4.0
2026-08-29,wk inc covid hosp,0,2026-08-29,19,quantile,0.4,5.0
2026-08-29,wk inc covid hosp,0,2026-08-29,19,quantile,0.45,5.0
2026-08-29,wk inc covid hosp,0,2026-08-29,19,quantile,0.5,5.0
2026-08-29,wk inc covid hosp,0,2026-08-29,19,quantile,0.55,5.0
2026-08-29,wk inc covid hosp,0,2026-08-29,19,quantile,0.6,6.0
2026-08-29,wk inc covid hosp,0,2026-08-29,19,quantile,0.65,6.0
2026-08-29,wk inc covid hosp,0,2026-08-29,19,quantile,0.7,6.0
2026-08-29,wk inc covid hosp,0,2026-08-29,19,quantile,0.75,7.0
2026-08-29,wk inc covid hosp,0,2026-08-29,19,quantile,0.8,7.0
2026-08-29,wk inc covid hosp,0,2026-08-29,19,quantile,0.85,8.0
2026-08-29,wk inc covid hosp,0,2026-08-29,19,quantile,0.9,9.0
2026-08-29,wk inc covid hosp,0,2026-08-29,19,quantile,0.95,10.0
2026-08-29,wk inc covid hosp,0,2026-08-29,19,quantile,0.975,11.0
2026-08-29,wk inc covid hosp,0,2026-08-29,19,quantile,0.99,12.0
2026-08-29,wk inc covid hosp,0,2026-08-29,20,quantile,0.01,2.0
2026-08-29,wk inc covid hosp,0,2026-08-29,20,quantile,0.025,2.0
2026-08-29,wk inc covid hosp,0,2026-08-29,20,quantile,0.05,3.0
2026-08-29,wk inc covid hosp,0,2026-08-29,20,quantile,0.1,4.0
2026-08-29,wk inc covid hosp,0,2026-08-29,20,quantile,0.15,4.0
2026-08-29,wk inc covid hosp,0,2026-08-29,20,quantile,0.2,5.0
2026-08-29,wk inc covid hosp,0,2026-08-29,20,quantile,0.25,5.0
2026-08-29,wk inc covid hosp,0,2026-08-29,20,quantile,0.3,6.0
2026-08-29,wk inc covid hosp,0,2026-08-29,20,quantile,0.35,6.0
2026-08-29,wk inc covid hosp,0,2026-08-29,20,quantile,0.4,7.0
2026-08-29,wk inc covid hosp,0,2026-08-29,20,quantile,0.45,7.0
2026-08-29,wk inc covid hosp,0,2026-08-29,20,quantile,0.5,7.0
2026-08-29,wk inc covid hosp,0,2026-08-29,20,quantile,0.55,8.0
2026-08-29,wk inc covid hosp,0,2026-08-29,20,quantile,0.6,8.0
2026-08-29,wk inc covid hosp,0,2026-08-29,20,quantile,0.65,8.0
2026-08-29,wk inc covid hosp,0,2026-08-29,20,quantile,0.7,9.0
2026-08-29,wk inc covid hosp,0,2026-08-29,20,quantile,0.75,9.0
2026-08-29,wk inc covid hosp,0,2026-08-29,20,quantile,0.8,10.0
2026-08-29,wk inc covid hosp,0,2026-08-29,20,quantile,0.85,11.0
2026-08-29,wk inc covid hosp,0,2026-08-29,20,quantile,0.9,11.0
2026-08-29,wk inc covid hosp,0,2026-08-29,20,quantile,0.95,13.0
2026-08-29,wk inc covid hosp,0,2026-08-29,20,quantile,0.975,14.0
2026-08-29,wk inc covid hosp,0,2026-08-29,20,quantile,0.99,16.0
2026-08-29,wk inc covid hosp,0,2026-08-29,21,quantile,0.01,6.0
2026-08-29,wk inc covid hosp,0,2026-08-29,21,quantile,0.025,7.0
2026-08-29,wk inc covid hosp,0,2026-08-29,21,quantile,0.05,8.0
2026-08-29,wk inc covid hosp,0,2026-08-29,21,quantile,0.1,10.0
2026-08-29,wk inc covid hosp,0,2026-08-29,21,quantile,0.15,10.0
2026-08-29,wk inc covid hosp,0,2026-08-29,21,quantile,0.2,11.0
2026-08-29,wk inc covid hosp,0,2026-08-29,21,quantile,0.25,12.0
2026-08-29,wk inc covid hosp,0,2026-08-29,21,quantile,0.3,13.0
2026-08-29,wk inc covid hosp,0,2026-08-29,21,quantile,0.35,13.0
2026-08-29,wk inc covid hosp,0,2026-08-29,21,quantile,0.4,14.0
2026-08-29,wk inc covid hosp,0,2026-08-29,21,quantile,0.45,14.0
2026-08-29,wk inc covid hosp,0,2026-08-29,21,quantile,0.5,15.0
2026-08-29,wk inc covid hosp,0,2026-08-29,21,quantile,0.55,15.0
2026-08-29,wk inc covid hosp,0,2026-08-29,21,quantile,0.6,16.0
2026-08-29,wk inc covid hosp,0,2026-08-29,21,quantile,0.65,17.0
2026-08-29,wk inc covid hosp,0,2026-08-29,21,quantile,0.7,17.0
2026-08-29,wk inc covid hosp,0,2026-08-29,21,quantile,0.75,18.0
2026-08-29,wk inc covid hosp,0,2026-08-29,21,quantile,0.8,19.0
2026-08-29,wk inc covid hosp,0,2026-08-29,21,quantile,0.85,20.0
2026-08-29,wk inc covid hosp,0,2026-08-29,21,quantile,0.9,21.0
2026-08-29,wk inc covid hosp,0,2026-08-29,21,quantile,0.95,23.0
2026-08-29,wk inc covid hosp,0,2026-08-29,21,quantile,0.975,25.0
2026-08-29,wk inc covid hosp,0,2026-08-29,21,quantile,0.99,28.0
2026-08-29,wk inc covid hosp,0,2026-08-29,22,quantile,0.01,46.0
2026-08-29,wk inc covid hosp,0,2026-08-29,22,quantile,0.025,50.0
2026-08-29,wk inc covid hosp,0,2026-08-29,22,quantile,0.05,53.0
2026-08-29,wk inc covid hosp,0,2026-08-29,22,quantile,0.1,56.0
2026-08-29,wk inc covid hosp,0,2026-08-29,22,quantile,0.15,59.0
2026-08-29,wk inc covid hosp,0,2026-08-29,22,quantile,0.2,61.0
2026-08-29,wk inc covid hosp,0,2026-08-29,22,quantile,0.25,63.0
2026-08-29,wk inc covid hosp,0,2026-08-29,22,quantile,0.3,65.0
2026-08-29,wk inc covid hosp,0,2026-08-29,22,quantile,0.35,67.0
2026-08-29,wk inc covid hosp,0,2026-08-29,22,quantile,0.4,69.0
2026-08-29,wk inc covid hosp,0,2026-08-29,22,quantile,0.45,71.0
2026-08-29,wk inc covid hosp,0,2026-08-29,22,quantile,0.5,72.0
2026-08-29,wk inc covid hosp,0,2026-08-29,22,quantile,0.55,74.0
2026-08-29,wk inc covid hosp,0,2026-08-29,22,quantile,0.6,76.0
2026-08-29,wk inc covid hosp,0,2026-08-29,22,quantile,0.65,78.0
2026-08-29,wk inc covid hosp,0,2026-08-29,22,quantile,0.7,80.0
2026-08-29,wk inc covid hosp,0,2026-08-29,22,quantile,0.75,82.0
2026-08-29,wk inc covid hosp,0,2026-08-29,22,quantile,0.8,85.0
2026-08-29,wk inc covid hosp,0,2026-08-29,22,quantile,0.85,89.0
2026-08-29,wk inc covid hosp,0,2026-08-29,22,quantile,0.9,93.0
2026-08-29,wk inc covid hosp,0,2026-08-29,22,quantile,0.95,101.0
2026-08-29,wk inc covid hosp,0,2026-08-29,22,quantile,0.975,108.0
2026-08-29,wk inc covid hosp,0,2026-08-29,22,quantile,0.99,117.0
2026-08-29,wk inc covid hosp,0,2026-08-29,23,quantile,0.01,0.0
2026-08-29,wk inc covid hosp,0,2026-08-29,23,quantile,0.025,0.0
2026-08-29,wk inc covid hosp,0,2026-08-29,23,quantile,0.05,0.0
2026-08-29,wk inc covid hosp,0,2026-08-29,23,quantile,0.1,0.0
2026-08-29,wk inc covid hosp,0,2026-08-29,23,quantile,0.15,0.0
2026-08-29,wk inc covid hosp,0,2026-08-29,23,quantile,0.2,0.0
2026-08-29,wk inc covid hosp,0,2026-08-29,23,quantile,0.25,0.0
2026-08-29,wk inc covid hosp,0,2026-08-29,23,quantile,0.3,1.0
2026-08-29,wk inc covid hosp,0,2026-08-29,23,quantile,0.35,1.0
2026-08-29,wk inc covid hosp,0,2026-08-29,23,quantile,0.4,1.0
2026-08-29,wk inc covid hosp,0,2026-08-29,23,quantile,0.45,1.0
2026-08-29,wk inc covid hosp,0,2026-08-29,23,quantile,0.5,1.0
2026-08-29,wk inc covid hosp,0,2026-08-29,23,quantile,0.55,1.0
2026-08-29,wk inc covid hosp,0,2026-08-29,23,quantile,0.6,1.0
2026-08-29,wk inc covid hosp,0,2026-08-29,23,quantile,0.65,2.0
2026-08-29,wk inc covid hosp,0,2026-08-29,23,quantile,0.7,2.0
2026-08-29,wk inc covid hosp,0,2026-08-29,23,quantile,0.75,2.0
2026-08-29,wk inc covid hosp,0,2026-08-29,23,quantile,0.8,2.0
2026-08-29,wk inc covid hosp,0,2026-08-29,23,quantile,0.85,3.0
2026-08-29,wk inc covid hosp,0,2026-08-29,23,quantile,0.9,3.0
2026-08-29,wk inc covid hosp,0,2026-08-29,23,quantile,0.95,3.0
2026-08-29,wk inc covid hosp,0,2026-08-29,23,quantile,0.975,4.0
2026-08-29,wk inc covid hosp,0,2026-08-29,23,quantile,0.99,5.0
2026-08-29,wk inc covid hosp,0,2026-08-29,24,quantile,0.01,6.0
2026-08-29,wk inc covid hosp,0,2026-08-29,24,quantile,0.025,7.0
2026-08-29,wk inc covid hosp,0,2026-08-29,24,quantile,0.05,8.0
2026-08-29,wk inc covid hosp,0,2026-08-29,24,quantile,0.1,9.0
2026-08-29,wk inc covid hosp,0,2026-08-29,24,quantile,0.15,10.0
2026-08-29,wk inc covid hosp,0,2026-08-29,24,quantile,0.2,11.0
2026-08-29,wk inc covid hosp,0,2026-08-29,24,quantile,0.25,12.0
2026-08-29,wk inc covid hosp,0,2026-08-29,24,quantile,0.3,12.0
2026-08-29,wk inc covid hosp,0,2026-08-29,24,quantile,0.35,13.0
2026-08-29,wk inc covid hosp,0,2026-08-29,24,quantile,0.4,13.0
2026-08-29,wk inc covid hosp,0,2026-08-29,24,quantile,0.45,14.0
2026-08-29,wk inc covid hosp,0,2026-08-29,24,quantile,0.5,15.0
2026-08-29,wk inc covid hosp,0,2026-08-29,24,quantile,0.55,15.0
2026-08-29,wk inc covid hosp,0,2026-08-29,24,quantile,0.6,16.0
2026-08-29,wk inc covid hosp,0,2026-08-29,24,quantile,0.65,16.0
2026-08-29,wk inc covid hosp,0,2026-08-29,24,quantile,0.7,17.0
2026-08-29,wk inc covid hosp,0,2026-08-29,24,quantile,0.75,18.0
2026-08-29,wk inc covid hosp,0,2026-08-29,24,quantile,0.8,19.0
2026-08-29,wk inc covid hosp,0,2026-08-29,24,quantile,0.85,20.0
2026-08-29,wk inc covid hosp,0,2026-08-29,24,quantile,0.9,21.0
2026-08-29,wk inc covid hosp,0,2026-08-29,24,quantile,0.95,23.0
2026-08-29,wk inc covid hosp,0,2026-08-29,24,quantile,0.975,25.0
2026-08-29,wk inc covid hosp,0,2026-08-29,24,quantile,0.99,28.0
2026-08-29,wk inc covid hosp,0,2026-08-29,25,quantile,0.01,13.0
2026-08-29,wk inc covid hosp,0,2026-08-29,25,quantile,0.025,15.0
2026-08-29,wk inc covid hosp,0,2026-08-29,25,quantile,0.05,16.0
2026-08-29,wk inc covid hosp,0,2026-08-29,25,quantile,0.1,18.0
2026-08-29,wk inc covid hosp,0,2026-08-29,25,quantile,0.15,19.0
2026-08-29,wk inc covid hosp,0,2026-08-29,25,quantile,0.2,21.0
2026-08-29,wk inc covid hosp,0,2026-08-29,25,quantile,0.25,22.0
2026-08-29,wk inc covid hosp,0,2026-08-29,25,quantile,0.3,22.0
2026-08-29,wk inc covid hosp,0,2026-08-29,25,quantile,0.35,23.0
2026-08-29,wk inc covid hosp,0,2026-08-29,25,quantile,0.4,24.0
2026-08-29,wk inc covid hosp,0,2026-08-29,25,quantile,0.45,25.0
2026-08-29,wk inc covid hosp,0,2026-08-29,25,quantile,0.5,26.0
2026-08-29,wk inc covid hosp,0,2026-08-29,25,quantile,0.55,27.0
2026-08-29,wk inc covid hosp,0,2026-08-29,25,quantile,0.6,28.0
2026-08-29,wk inc covid hosp,0,2026-08-29,25,quantile,0.65,28.0
2026-08-29,wk inc covid hosp,0,2026-08-29,25,quantile,0.7,29.0
2026-08-29,wk inc covid hosp,0,2026-08-29,25,quantile,0.75,31.0
2026-08-29,wk inc covid hosp,0,2026-08-29,25,quantile,0.8,32.0
2026-08-29,wk inc covid hosp,0,2026-08-29,25,quantile,0.85,33.0
2026-08-29,wk inc covid hosp,0,2026-08-29,25,quantile,0.9,36.0
2026-08-29,wk inc covid hosp,0,2026-08-29,25,quantile,0.95,39.0
2026-08-29,wk inc covid hosp,0,2026-08-29,25,quantile,0.975,42.0
2026-08-29,wk inc covid hosp,0,2026-08-29,25,quantile,0.99,45.0
2026-08-29,wk inc covid hosp,0,2026-08-29,26,quantile,0.01,48.0
2026-08-29,wk inc covid hosp,0,2026-08-29,26,quantile,0.025,51.0
2026-08-29,wk inc covid hosp,0,2026-08-29,26,quantile,0.05,55.0
2026-08-29,wk inc covid hosp,0,2026-08-29,26,quantile,0.1,59.0
2026-08-29,wk inc covid hosp,0,2026-08-29,26,quantile,0.15,62.0
2026-08-29,wk inc covid hosp,0,2026-08-29,26,quantile,0.2,65.0
2026-08-29,wk inc covid hosp,0,2026-08-29,26,quantile,0.25,67.0
2026-08-29,wk inc covid hosp,0,2026-08-29,26,quantile,0.3,68.0
2026-08-29,wk inc covid hosp,0,2026-08-29,26,quantile,0.35,70.0
2026-08-29,wk inc covid hosp,0,2026-08-29,26,quantile,0.4,72.0
2026-08-29,wk inc covid hosp,0,2026-08-29,26,quantile,0.45,74.0
2026-08-29,wk inc covid hosp,0,2026-08-29,26,quantile,0.5,76.0
2026-08-29,wk inc covid hosp,0,2026-08-29,26,quantile,0.55,77.0
2026-08-29,wk inc covid hosp,0,2026-08-29,26,quantile,0.6,80.0
2026-08-29,wk inc covid hosp,0,2026-08-29,26,quantile,0.65,82.0
2026-08-29,wk inc covid hosp,0,2026-08-29,26,quantile,0.7,84.0
2026-08-29,wk inc covid hosp,0,2026-08-29,26,quantile,0.75,87.0
2026-08-29,wk inc covid hosp,0,2026-08-29,26,quantile,0.8,90.0
2026-08-29,wk inc covid hosp,0,2026-08-29,26,quantile,0.85,94.0
2026-08-29,wk inc covid hosp,0,2026-08-29,26,quantile,0.9,99.0
2026-08-29,wk inc covid hosp,0,2026-08-29,26,quantile,0.95,107.0
2026-08-29,wk inc covid hosp,0,2026-08-29,26,quantile,0.975,116.0
2026-08-29,wk inc covid hosp,0,2026-08-29,26,quantile,0.99,126.0
2026-08-29,wk inc covid hosp,0,2026-08-29,27,quantile,0.01,3.0
2026-08-29,wk inc covid hosp,0,2026-08-29,27,quantile,0.025,4.0
2026-08-29,wk inc covid hosp,0,2026-08-29,27,quantile,0.05,5.0
2026-08-29,wk inc covid hosp,0,2026-08-29,27,quantile,0.1,6.0
2026-08-29,wk inc covid hosp,0,2026-08-29,27,quantile,0.15,6.0
2026-08-29,wk inc covid hosp,0,2026-08-29,27,quantile,0.2,7.0
2026-08-29,wk inc covid hosp,0,2026-08-29,27,quantile,0.25,8.0
2026-08-29,wk inc covid hosp,0,2026-08-29,27,quantile,0.3,8.0
2026-08-29,wk inc covid hosp,0,2026-08-29,27,quantile,0.35,9.0
2026-08-29,wk inc covid hosp,0,2026-08-29,27,quantile,0.4,9.0
2026-08-29,wk inc covid hosp,0,2026-08-29,27,quantile,0.45,9.0
2026-08-29,wk inc covid hosp,0,2026-08-29,27,quantile,0.5,10.0
2026-08-29,wk inc covid hosp,0,2026-08-29,27,quantile,0.55,10.0
2026-08-29,wk inc covid hosp,0,2026-08-29,27,quantile,0.6,11.0
2026-08-29,wk inc covid hosp,0,2026-08-29,27,quantile,0.65,11.0
2026-08-29,wk inc covid hosp,0,2026-08-29,27,quantile,0.7,12.0
2026-08-29,wk inc covid hosp,0,2026-08-29,27,quantile,0.75,12.0
2026-08-29,wk inc covid hosp,0,2026-08-29,27,quantile,0.8,13.0
2026-08-29,wk inc covid hosp,0,2026-08-29,27,quantile,0.85,14.0
2026-08-29,wk inc covid hosp,0,2026-08-29,27,quantile,0.9,15.0
2026-08-29,wk inc covid hosp,0,2026-08-29,27,quantile,0.95,17.0
2026-08-29,wk inc covid hosp,0,2026-08-29,27,quantile,0.975,18.0
2026-08-29,wk inc covid hosp,0,2026-08-29,27,quantile,0.99,20.0
2026-08-29,wk inc covid hosp,0,2026-08-29,28,quantile,0.01,22.0
2026-08-29,wk inc covid hosp,0,2026-08-29,28,quantile,0.025,24.0
2026-08-29,wk inc covid hosp,0,2026-08-29,28,quantile,0.05,26.0
2026-08-29,wk inc covid hosp,0,2026-08-29,28,quantile,0.1,29.0
2026-08-29,wk inc covid hosp,0,2026-08-29,28,quantile,0.15,30.0
2026-08-29,wk inc covid hosp,0,2026-08-29,28,quantile,0.2,32.0
2026-08-29,wk inc covid hosp,0,2026-08-29,28,quantile,0.25,33.0
2026-08-29,wk inc covid hosp,0,2026-08-29,28,quantile,0.3,34.0
2026-08-29,wk inc covid hosp,0,2026-08-29,28,quantile,0.35,36.0
2026-08-29,wk inc covid hosp,0,2026-08-29,28,quantile,0.4,37.0
2026-08-29,wk inc covid hosp,0,2026-08-29,28,quantile,0.45,38.0
2026-08-29,wk inc covid hosp,0,2026-08-29,28,quantile,0.5,39.0
2026-08-29,wk inc covid hosp,0,2026-08-29,28,quantile,0.55,40.0
2026-08-29,wk inc covid hosp,0,2026-08-29,28,quantile,0.6,41.0
2026-08-29,wk inc covid hosp,0,2026-08-29,28,quantile,0.65,42.0
2026-08-29,wk inc covid hosp,0,2026-08-29,28,quantile,0.7,44.0
2026-08-29,wk inc covid hosp,0,2026-08-29,28,quantile,0.75,45.0
2026-08-29,wk inc covid hosp,0,2026-08-29,28,quantile,0.8,47.0
2026-08-29,wk inc covid hosp,0,2026-08-29,28,quantile,0.85,49.0
2026-08-29,wk inc covid hosp,0,2026-08-29,28,quantile,0.9,52.0
2026-08-29,wk inc covid hosp,0,2026-08-29,28,quantile,0.95,57.0
2026-08-29,wk inc covid hosp,0,2026-08-29,28,quantile,0.975,61.0
2026-08-29,wk inc covid hosp,0,2026-08-29,28,quantile,0.99,67.0
2026-08-29,wk inc covid hosp,0,2026-08-29,29,quantile,0.01,6.0
2026-08-29,wk inc covid hosp,0,2026-08-29,29,quantile,0.025,7.0
2026-08-29,wk inc covid hosp,0,2026-08-29,29,quantile,0.05,9.0
2026-08-29,wk inc covid hosp,0,2026-08-29,29,quantile,0.1,10.0
2026-08-29,wk inc covid hosp,0,2026-08-29,29,quantile,0.15,11.0
2026-08-29,wk inc covid hosp,0,2026-08-29,29,quantile,0.2,11.0
2026-08-29,wk inc covid hosp,0,2026-08-29,29,quantile,0.25,12.0
2026-08-29,wk inc covid hosp,0,2026-08-29,29,quantile,0.3,13.0
2026-08-29,wk inc covid hosp,0,2026-08-29,29,quantile,0.35,13.0
2026-08-29,wk inc covid hosp,0,2026-08-29,29,quantile,0.4,14.0
2026-08-29,wk inc covid hosp,0,2026-08-29,29,quantile,0.45,15.0
2026-08-29,wk inc covid hosp,0,2026-08-29,29,quantile,0.5,15.0
2026-08-29,wk inc covid hosp,0,2026-08-29,29,quantile,0.55,16.0
2026-08-29,wk inc covid hosp,0,2026-08-29,29,quantile,0.6,16.0
2026-08-29,wk inc covid hosp,0,2026-08-29,29,quantile,0.65,17.0
2026-08-29,wk inc covid hosp,0,2026-08-29,29,quantile,0.7,18.0
2026-08-29,wk inc covid hosp,0,2026-08-29,29,quantile,0.75,19.0
2026-08-29,wk inc covid hosp,0,2026-08-29,29,quantile,0.8,19.0
2026-08-29,wk inc covid hosp,0,2026-08-29,29,quantile,0.85,20.0
2026-08-29,wk inc covid hosp,0,2026-08-29,29,quantile,0.9,22.0
2026-08-29,wk inc covid hosp,0,2026-08-29,29,quantile,0.95,24.0
2026-08-29,wk inc covid hosp,0,2026-08-29,29,quantile,0.975,26.0
2026-08-29,wk inc covid hosp,0,2026-08-29,29,quantile,0.99,29.0
2026-08-29,wk inc covid hosp,0,2026-08-29,30,quantile,0.01,0.0
2026-08-29,wk inc covid hosp,0,2026-08-29,30,quantile,0.025,0.0
2026-08-29,wk inc covid hosp,0,2026-08-29,30,quantile,0.05,0.0
2026-08-29,wk inc covid hosp,0,2026-08-29,30,quantile,0.1,0.0
2026-08-29,wk inc covid hosp,0,2026-08-29,30,quantile,0.15,0.0
2026-08-29,wk inc covid hosp,0,2026-08-29,30,quantile,0.2,1.0
2026-08-29,wk inc covid hosp,0,2026-08-29,30,quantile,0.25,1.0
2026-08-29,wk inc covid hosp,0,2026-08-29,30,quantile,0.3,1.0
2026-08-29,wk inc covid hosp,0,2026-08-29,30,quantile,0.35,1.0
2026-08-29,wk inc covid hosp,0,2026-08-29,30,quantile,0.4,1.0
2026-08-29,wk inc covid hosp,0,2026-08-29,30,quantile,0.45,1.0
2026-08-29,wk inc covid hosp,0,2026-08-29,30,quantile,0.5,2.0
2026-08-29,wk inc covid hosp,0,2026-08-29,30,quantile,0.55,2.0
2026-08-29,wk inc covid hosp,0,2026-08-29,30,quantile,0.6,2.0
2026-08-29,wk inc covid hosp,0,2026-08-29,30,quantile,0.65,2.0
2026-08-29,wk inc covid hosp,0,2026-08-29,30,quantile,0.7,2.0
2026-08-29,wk inc covid hosp,0,2026-08-29,30,quantile,0.75,3.0
2026-08-29,wk inc covid hosp,0,2026-08-29,30,quantile,0.8,3.0
2026-08-29,wk inc covid hosp,0,2026-08-29,30,quantile,0.85,3.0
2026-08-29,wk inc covid hosp,0,2026-08-29,30,quantile,0.9,4.0
2026-08-29,wk inc covid hosp,0,2026-08-29,30,quantile,0.95,4.0
2026-08-29,wk inc covid hosp,0,2026-08-29,30,quantile,0.975,5.0
2026-08-29,wk inc covid hosp,0,2026-08-29,30,quantile,0.99,6.0
2026-08-29,wk inc covid hosp,0,2026-08-29,31,quantile,0.01,0.0
2026-08-29,wk inc covid hosp,0,2026-08-29,31,quantile,0.025,1.0
2026-08-29,wk inc covid hosp,0,2026-08-29,31,quantile,0.05,1.0
2026-08-29,wk inc covid hosp,0,2026-08-29,31,quantile,0.1,2.0
2026-08-29,wk inc covid hosp,0,2026-08-29,31,quantile,0.15,2.0
2026-08-29,wk inc covid hosp,0,2026-08-29,31,quantile,0.2,3.0
2026-08-29,wk inc covid hosp,0,2026-08-29,31,quantile,0.25,3.0
2026-08-29,wk inc covid hosp,0,2026-08-29,31,quantile,0.3,3.0
2026-08-29,wk inc covid hosp,0,2026-08-29,31,quantile,0.35,3.0
2026-08-29,wk inc covid hosp,0,2026-08-29,31,quantile,0.4,4.0
2026-08-29,wk inc covid hosp,0,2026-08-29,31,quantile,0.45,4.0
2026-08-29,wk inc covid hosp,0,2026-08-29,31,quantile,0.5,4.0
2026-08-29,wk inc covid hosp,0,2026-08-29,31,quantile,0.55,5.0
2026-08-29,wk inc covid hosp,0,2026-08-29,31,quantile,0.6,5.0
2026-08-29,wk inc covid hosp,0,2026-08-29,31,quantile,0.65,5.0
2026-08-29,wk inc covid hosp,0,2026-08-29,31,quantile,0.7,6.0
2026-08-29,wk inc covid hosp,0,2026-08-29,31,quantile,0.75,6.0
2026-08-29,wk inc covid hosp,0,2026-08-29,31,quantile,0.8,6.0
2026-08-29,wk inc covid hosp,0,2026-08-29,31,quantile,0.85,7.0
2026-08-29,wk inc covid hosp,0,2026-08-29,31,quantile,0.9,8.0
2026-08-29,wk inc covid hosp,0,2026-08-29,31,quantile,0.95,9.0
2026-08-29,wk inc covid hosp,0,2026-08-29,31,quantile,0.975,10.0
2026-08-29,wk inc covid hosp,0,2026-08-29,31,quantile,0.99,11.0
2026-08-29,wk inc covid hosp,0,2026-08-29,32,quantile,0.01,5.0
2026-08-29,wk inc covid hosp,0,2026-08-29,32,quantile,0.025,7.0
2026-08-29,wk inc covid hosp,0,2026-08-29,32,quantile,0.05,8.0
2026-08-29,wk inc covid hosp,0,2026-08-29,32,quantile,0.1,9.0
2026-08-29,wk inc covid hosp,0,2026-08-29,32,quantile,0.15,10.0
2026-08-29,wk inc covid hosp,0,2026-08-29,32,quantile,0.2,11.0
2026-08-29,wk inc covid hosp,0,2026-08-29,32,quantile,0.25,11.0
2026-08-29,wk inc covid hosp,0,2026-08-29,32,quantile,0.3,12.0
2026-08-29,wk inc covid hosp,0,2026-08-29,32,quantile,0.35,12.0
2026-08-29,wk inc covid hosp,0,2026-08-29,32,quantile,0.4,13.0
2026-08-29,wk inc covid hosp,0,2026-08-29,32,quantile,0.45,14.0
2026-08-29,wk inc covid hosp,0,2026-08-29,32,quantile,0.5,14.0
2026-08-29,wk inc covid hosp,0,2026-08-29,32,quantile,0.55,15.0
2026-08-29,wk inc covid hosp,0,2026-08-29,32,quantile,0.6,15.0
2026-08-29,wk inc covid hosp,0,2026-08-29,32,quantile,0.65,16.0
2026-08-29,wk inc covid hosp,0,2026-08-29,32,quantile,0.7,17.0
2026-08-29,wk inc covid hosp,0,2026-08-29,32,quantile,0.75,17.0
2026-08-29,wk inc covid hosp,0,2026-08-29,32,quantile,0.8,18.0
2026-08-29,wk inc covid hosp,0,2026-08-29,32,quantile,0.85,19.0
2026-08-29,wk inc covid hosp,0,2026-08-29,32,quantile,0.9,21.0
2026-08-29,wk inc covid hosp,0,2026-08-29,32,quantile,0.95,23.0
2026-08-29,wk inc covid hosp,0,2026-08-29,32,quantile,0.975,25.0
2026-08-29,wk inc covid hosp,0,2026-08-29,32,quantile,0.99,27.0
2026-08-29,wk inc covid hosp,0,2026-08-29,33,quantile,0.01,1.0
2026-08-29,wk inc covid hosp,0,2026-08-29,33,quantile,0.025,2.0
2026-08-29,wk inc covid hosp,0,2026-08-29,33,quantile,0.05,2.0
2026-08-29,wk inc covid hosp,0,2026-08-29,33,quantile,0.1,3.0
2026-08-29,wk inc covid hosp,0,2026-08-29,33,quantile,0.15,4.0
2026-08-29,wk inc covid hosp,0,2026-08-29,33,quantile,0.2,4.0
2026-08-29,wk inc covid hosp,0,2026-08-29,33,quantile,0.25,4.0
2026-08-29,wk inc covid hosp,0,2026-08-29,33,quantile,0.3,5.0
2026-08-29,wk inc covid hosp,0,2026-08-29,33,quantile,0.35,5.0
2026-08-29,wk inc covid hosp,0,2026-08-29,33,quantile,0.4,5.0
2026-08-29,wk inc covid hosp,0,2026-08-29,33,quantile,0.45,6.0
2026-08-29,wk inc covid hosp,0,2026-08-29,33,quantile,0.5,6.0
2026-08-29,wk inc covid hosp,0,2026-08-29,33,quantile,0.55,7.0
2026-08-29,wk inc covid hosp,0,2026-08-29,33,quantile,0.6,7.0
2026-08-29,wk inc covid hosp,0,2026-08-29,33,quantile,0.65,7.0
2026-08-29,wk inc covid hosp,0,2026-08-29,33,quantile,0.7,8.0
2026-08-29,wk inc covid hosp,0,2026-08-29,33,quantile,0.75,8.0
2026-08-29,wk inc covid hosp,0,2026-08-29,33,quantile,0.8,9.0
2026-08-29,wk inc covid hosp,0,2026-08-29,33,quantile,0.85,9.0
2026-08-29,wk inc covid hosp,0,2026-08-29,33,quantile,0.9,10.0
2026-08-29,wk inc covid hosp,0,2026-08-29,33,quantile,0.95,11.0
2026-08-29,wk inc covid hosp,0,2026-08-29,33,quantile,0.975,13.0
2026-08-29,wk inc covid hosp,0,2026-08-29,33,quantile,0.99,14.0
2026-08-29,wk inc covid hosp,0,2026-08-29,34,quantile,0.01,50.0
2026-08-29,wk inc covid hosp,0,2026-08-29,34,quantile,0.025,54.0
2026-08-29,wk inc covid hosp,0,2026-08-29,34,quantile,0.05,57.0
2026-08-29,wk inc covid hosp,0,2026-08-29,34,quantile,0.1,62.0
2026-08-29,wk inc covid hosp,0,2026-08-29,34,quantile,0.15,65.0
2026-08-29,wk inc covid hosp,0,2026-08-29,34,quantile,0.2,68.0
2026-08-29,wk inc covid hosp,0,2026-08-29,34,quantile,0.25,70.0
2026-08-29,wk inc covid hosp,0,2026-08-29,34,quantile,0.3,72.0
2026-08-29,wk inc covid hosp,0,2026-08-29,34,quantile,0.35,74.0
2026-08-29,wk inc covid hosp,0,2026-08-29,34,quantile,0.4,76.0
2026-08-29,wk inc covid hosp,0,2026-08-29,34,quantile,0.45,78.0
2026-08-29,wk inc covid hosp,0,2026-08-29,34,quantile,0.5,80.0
2026-08-29,wk inc covid hosp,0,2026-08-29,34,quantile,0.55,82.0
2026-08-29,wk inc covid hosp,0,2026-08-29,34,quantile,0.6,84.0
2026-08-29,wk inc covid hosp,0,2026-08-29,34,quantile,0.65,86.0
2026-08-29,wk inc covid hosp,0,2026-08-29,34,quantile,0.7,88.0
2026-08-29,wk inc covid hosp,0,2026-08-29,34,quantile,0.75,91.0
2026-08-29,wk inc covid hosp,0,2026-08-29,34,quantile,0.8,94.0
2026-08-29,wk inc covid hosp,0,2026-08-29,34,quantile,0.85,98.0
2026-08-29,wk inc covid hosp,0,2026-08-29,34,quantile,0.9,104.0
2026-08-29,wk inc covid hosp,0,2026-08-29,34,quantile,0.95,114.0
2026-08-29,wk inc covid hosp,0,2026-08-29,34,quantile,0.975,123.0
2026-08-29,wk inc covid hosp,0,2026-08-29,34,quantile,0.99,135.0
2026-08-29,wk inc covid hosp,0,2026-08-29,35,quantile,0.01,2.0
2026-08-29,wk inc covid hosp,0,2026-08-29,35,quantile,0.025,3.0
2026-08-29,wk inc covid hosp,0,2026-08-29,35,quantile,0.05,4.0
2026-08-29,wk inc covid hosp,0,2026-08-29,35,quantile,0.1,5.0
2026-08-29,wk inc covid hosp,0,2026-08-29,35,quantile,0.15,5.0
2026-08-29,wk inc covid hosp,0,2026-08-29,35,quantile,0.2,6.0
2026-08-29,wk inc covid hosp,0,2026-08-29,35,quantile,0.25,6.0
2026-08-29,wk inc covid hosp,0,2026-08-29,35,quantile,0.3,7.0
2026-08-29,wk inc covid hosp,0,2026-08-29,35,quantile,0.35,7.0
2026-08-29,wk inc covid hosp,0,2026-08-29,35,quantile,0.4,8.0
2026-08-29,wk inc covid hosp,0,2026-08-29,35,quantile,0.45,8.0
2026-08-29,wk inc covid hosp,0,2026-08-29,35,quantile,0.5,8.0
2026-08-29,wk inc covid hosp,0,2026-08-29,35,quantile,0.55,9.0
2026-08-29,wk inc covid hosp,0,2026-08-29,35,quantile,0.6,9.0
2026-08-29,wk inc covid hosp,0,2026-08-29,35,quantile,0.65,10.0
2026-08-29,wk inc covid hosp,0,2026-08-29,35,quantile,0.7,10.0
2026-08-29,wk inc covid hosp,0,2026-08-29,35,quantile,0.75,11.0
2026-08-29,wk inc covid hosp,0,2026-08-29,35,quantile,0.8,11.0
2026-08-29,wk inc covid hosp,0,2026-08-29,35,quantile,0.85,12.0
2026-08-29,wk inc covid hosp,0,2026-08-29,35,quantile,0.9,13.0
2026-08-29,wk inc covid hosp,0,2026-08-29,35,quantile,0.95,15.0
2026-08-29,wk inc covid hosp,0,2026-08-29,35,quantile,0.975,16.0
2026-08-29,wk inc covid hosp,0,2026-08-29,35,quantile,0.99,18.0
2026-08-29,wk inc covid hosp,0,2026-08-29,36,quantile,0.01,96.0
2026-08-29,wk inc covid hosp,0,2026-08-29,36,quantile,0.025,102.0
2026-08-29,wk inc covid hosp,0,2026-08-29,36,quantile,0.05,108.0
2026-08-29,wk inc covid hosp,0,2026-08-29,36,quantile,0.1,115.0
2026-08-29,wk inc covid hosp,0,2026-08-29,36,quantile,0.15,120.0
2026-08-29,wk inc covid hosp,0,2026-08-29,36,quantile,0.2,124.0
2026-08-29,wk inc covid hosp,0,2026-08-29,36,quantile,0.25,127.0
2026-08-29,wk inc covid hosp,0,2026-08-29,36,quantile,0.3,131.0
2026-08-29,wk inc covid hosp,0,2026-08-29,36,quantile,0.35,134.0
2026-08-29,wk inc covid hosp,0,2026-08-29,36,quantile,0.4,137.0
2026-08-29,wk inc covid hosp,0,2026-08-29,36,quantile,0.45,140.0
2026-08-29,wk inc covid hosp,0,2026-08-29,36,quantile,0.5,143.0
2026-08-29,wk inc covid hosp,0,2026-08-29,36,quantile,0.55,147.0
2026-08-29,wk inc covid hosp,0,2026-08-29,36,quantile,0.6,150.0
2026-08-29,wk inc covid hosp,0,2026-08-29,36,quantile,0.65,154.0
2026-08-29,wk inc covid hosp,0,2026-08-29,36,quantile,0.7,158.0
2026-08-29,wk inc covid hosp,0,2026-08-29,36,quantile,0.75,163.0
2026-08-29,wk inc covid hosp,0,2026-08-29,36,quantile,0.8,169.0
2026-08-29,wk inc covid hosp,0,2026-08-29,36,quantile,0.85,176.0
2026-08-29,wk inc covid hosp,0,2026-08-29,36,quantile,0.9,186.0
2026-08-29,wk inc covid hosp,0,2026-08-29,36,quantile,0.95,203.0
2026-08-29,wk inc covid hosp,0,2026-08-29,36,quantile,0.975,218.0
2026-08-29,wk inc covid hosp,0,2026-08-29,36,quantile,0.99,241.0
2026-08-29,wk inc covid hosp,0,2026-08-29,37,quantile,0.01,92.0
2026-08-29,wk inc covid hosp,0,2026-08-29,37,quantile,0.025,99.0
2026-08-29,wk inc covid hosp,0,2026-08-29,37,quantile,0.05,104.0
2026-08-29,wk inc covid hosp,0,2026-08-29,37,quantile,0.1,112.0
2026-08-29,wk inc covid hosp,0,2026-08-29,37,quantile,0.15,117.0
2026-08-29,wk inc covid hosp,0,2026-08-29,37,quantile,0.2,121.0
2026-08-29,wk inc covid hosp,0,2026-08-29,37,quantile,0.25,124.0
2026-08-29,wk inc covid hosp,0,2026-08-29,37,quantile,0.3,128.0
2026-08-29,wk inc covid hosp,0,2026-08-29,37,quantile,0.35,131.0
2026-08-29,wk inc covid hosp,0,2026-08-29,37,quantile,0.4,135.0
2026-08-29,wk inc covid hosp,0,2026-08-29,37,quantile,0.45,138.0
2026-08-29,wk inc covid hosp,0,2026-08-29,37,quantile,0.5,141.0
2026-08-29,wk inc covid hosp,0,2026-08-29,37,quantile,0.55,144.0
2026-08-29,wk inc covid hosp,0,2026-08-29,37,quantile,0.6,147.0
2026-08-29,wk inc covid hosp,0,2026-08-29,37,quantile,0.65,151.0
2026-08-29,wk inc covid hosp,0,2026-08-29,37,quantile,0.7,155.0
2026-08-29,wk inc covid hosp,0,2026-08-29,37,quantile,0.75,160.0
2026-08-29,wk inc covid hosp,0,2026-08-29,37,quantile,0.8,166.0
2026-08-29,wk inc covid hosp,0,2026-08-29,37,quantile,0.85,173.0
2026-08-29,wk inc covid hosp,0,2026-08-29,37,quantile,0.9,183.0
2026-08-29,wk inc covid hosp,0,2026-08-29,37,quantile,0.95,200.0
2026-08-29,wk inc covid hosp,0,2026-08-29,37,quantile,0.975,214.0
2026-08-29,wk inc covid hosp,0,2026-08-29,37,quantile,0.99,234.0
2026-08-29,wk inc covid hosp,0,2026-08-29,38,quantile,0.01,0.0
2026-08-29,wk inc covid hosp,0,2026-08-29,38,quantile,0.025,0.0
2026-08-29,wk inc covid hosp,0,2026-08-29,38,quantile,0.05,0.0
2026-08-29,wk inc covid hosp,0,2026-08-29,38,quantile,0.1,0.0
2026-08-29,wk inc covid hosp,0,2026-08-29,38,quantile,0.15,0.0
2026-08-29,wk inc covid hosp,0,2026-08-29,38,quantile,0.2,0.0
2026-08-29,wk inc covid hosp,0,2026-08-29,38,quantile,0.25,0.0
2026-08-29,wk inc covid hosp,0,2026-08-29,38,quantile,0.3,0.0
2026-08-29,wk inc covid hosp,0,2026-08-29,38,quantile,0.35,0.0
2026-08-29,wk inc covid hosp,0,2026-08-29,38,quantile,0.4,1.0
2026-08-29,wk inc covid hosp,0,2026-08-29,38,quantile,0.45,1.0
2026-08-29,wk inc covid hosp,0,2026-08-29,38,quantile,0.5,1.0
2026-08-29,wk inc covid hosp,0,2026-08-29,38,quantile,0.55,1.0
2026-08-29,wk inc covid hosp,0,2026-08-29,38,quantile,0.6,1.0
2026-08-29,wk inc covid hosp,0,2026-08-29,38,quantile,0.65,1.0
2026-08-29,wk inc covid hosp,0,2026-08-29,38,quantile,0.7,1.0
2026-08-29,wk inc covid hosp,0,2026-08-29,38,quantile,0.75,2.0
2026-08-29,wk inc covid hosp,0,2026-08-29,38,quantile,0.8,2.0
2026-08-29,wk inc covid hosp,0,2026-08-29,38,quantile,0.85,2.0
2026-08-29,wk inc covid hosp,0,2026-08-29,38,quantile,0.9,2.0
2026-08-29,wk inc covid hosp,0,2026-08-29,38,quantile,0.95,3.0
2026-08-29,wk inc covid hosp,0,2026-08-29,38,quantile,0.975,3.0
2026-08-29,wk inc covid hosp,0,2026-08-29,38,quantile,0.99,4.0
2026-08-29,wk inc covid hosp,0,2026-08-29,39,quantile,0.01,18.0
2026-08-29,wk inc covid hosp,0,2026-08-29,39,quantile,0.025,20.0
2026-08-29,wk inc covid hosp,0,2026-08-29,39,quantile,0.05,22.0
2026-08-29,wk inc covid hosp,0,2026-08-29,39,quantile,0.1,24.0
2026-08-29,wk inc covid hosp,0,2026-08-29,39,quantile,0.15,26.0
2026-08-29,wk inc covid hosp,0,2026-08-29,39,quantile,0.2,27.0
2026-08-29,wk inc covid hosp,0,2026-08-29,39,quantile,0.25,28.0
2026-08-29,wk inc covid hosp,0,2026-08-29,39,quantile,0.3,30.0
2026-08-29,wk inc covid hosp,0,2026-08-29,39,quantile,0.35,31.0
2026-08-29,wk inc covid hosp,0,2026-08-29,39,quantile,0.4,32.0
2026-08-29,wk inc covid hosp,0,2026-08-29,39,quantile,0.45,33.0
2026-08-29,wk inc covid hosp,0,2026-08-29,39,quantile,0.5,34.0
2026-08-29,wk inc covid hosp,0,2026-08-29,39,quantile,0.55,35.0
2026-08-29,wk inc covid hosp,0,2026-08-29,39,quantile,0.6,36.0
2026-08-29,wk inc covid hosp,0,2026-08-29,39,quantile,0.65,37.0
2026-08-29,wk inc covid hosp,0,2026-08-29,39,quantile,0.7,38.0
2026-08-29,wk inc covid hosp,0,2026-08-29,39,quantile,0.75,39.0
2026-08-29,wk inc covid hosp,0,2026-08-29,39,quantile,0.8,41.0
2026-08-29,wk inc covid hosp,0,2026-08-29,39,quantile,0.85,43.0
2026-08-29,wk inc covid hosp,0,2026-08-29,39,quantile,0.9,46.0
2026-08-29,wk inc covid hosp,0,2026-08-29,39,quantile,0.95,50.0
2026-08-29,wk inc covid hosp,0,2026-08-29,39,quantile,0.975,54.0
2026-08-29,wk inc covid hosp,0,2026-08-29,39,quantile,0.99,60.0
2026-08-29,wk inc covid hosp,0,2026-08-29,40,quantile,0.01,5.0
2026-08-29,wk inc covid hosp,0,2026-08-29,40,quantile,0.025,7.0
2026-08-29,wk inc covid hosp,0,2026-08-29,40,quantile,0.05,7.0
2026-08-29,wk inc covid hosp,0,2026-08-29,40,quantile,0.1,9.0
2026-08-29,wk inc covid hosp,0,2026-08-29,40,quantile,0.15,10.0
2026-08-29,wk inc covid hosp,0,2026-08-29,40,quantile,0.2,10.0
2026-08-29,wk inc covid hosp,0,2026-08-29,40,quantile,0.25,11.0
2026-08-29,wk inc covid hosp,0,2026-08-29,40,quantile,0.3,12.0
2026-08-29,wk inc covid hosp,0,2026-08-29,40,quantile,0.35,12.0
2026-08-29,wk inc covid hosp,0,2026-08-29,40,quantile,0.4,13.0
2026-08-29,wk inc covid hosp,0,2026-08-29,40,quantile,0.45,13.0
2026-08-29,wk inc covid hosp,0,2026-08-29,40,quantile,0.5,14.0
2026-08-29,wk inc covid hosp,0,2026-08-29,40,quantile,0.55,14.0
2026-08-29,wk inc covid hosp,0,2026-08-29,40,quantile,0.6,15.0
2026-08-29,wk inc covid hosp,0,2026-08-29,40,quantile,0.65,16.0
2026-08-29,wk inc covid hosp,0,2026-08-29,40,quantile,0.7,16.0
2026-08-29,wk inc covid hosp,0,2026-08-29,40,quantile,0.75,17.0
2026-08-29,wk inc covid hosp,0,2026-08-29,40,quantile,0.8,18.0
2026-08-29,wk inc covid hosp,0,2026-08-29,40,quantile,0.85,19.0
2026-08-29,wk inc covid hosp,0,2026-08-29,40,quantile,0.9,20.0
2026-08-29,wk inc covid hosp,0,2026-08-29,40,quantile,0.95,22.0
2026-08-29,wk inc covid hosp,0,2026-08-29,40,quantile,0.975,24.0
2026-08-29,wk inc covid hosp,0,2026-08-29,40,quantile,0.99,26.0
2026-08-29,wk inc covid hosp,0,2026-08-29,41,quantile,0.01,4.0
2026-08-29,wk inc covid hosp,0,2026-08-29,41,quantile,0.025,5.0
2026-08-29,wk inc covid hosp,0,2026-08-29,41,quantile,0.05,7.0
2026-08-29,wk inc covid hosp,0,2026-08-29,41,quantile,0.1,8.0
2026-08-29,wk inc covid hosp,0,2026-08-29,41,quantile,0.15,9.0
2026-08-29,wk inc covid hosp,0,2026-08-29,41,quantile,0.2,9.0
2026-08-29,wk inc covid hosp,0,2026-08-29,41,quantile,0.25,10.0
2026-08-29,wk inc covid hosp,0,2026-08-29,41,quantile,0.3,10.0
2026-08-29,wk inc covid hosp,0,2026-08-29,41,quantile,0.35,11.0
2026-08-29,wk inc covid hosp,0,2026-08-29,41,quantile,0.4,11.0
2026-08-29,wk inc covid hosp,0,2026-08-29,41,quantile,0.45,12.0
2026-08-29,wk inc covid hosp,0,2026-08-29,41,quantile,0.5,12.0
2026-08-29,wk inc covid hosp,0,2026-08-29,41,quantile,0.55,13.0
2026-08-29,wk inc covid hosp,0,2026-08-29,41,quantile,0.6,13.0
2026-08-29,wk inc covid hosp,0,2026-08-29,41,quantile,0.65,14.0
2026-08-29,wk inc covid hosp,0,2026-08-29,41,quantile,0.7,15.0
2026-08-29,wk inc covid hosp,0,2026-08-29,41,quantile,0.75,15.0
2026-08-29,wk inc covid hosp,0,2026-08-29,41,quantile,0.8,16.0
2026-08-29,wk inc covid hosp,0,2026-08-29,41,quantile,0.85,17.0
2026-08-29,wk inc covid hosp,0,2026-08-29,41,quantile,0.9,19.0
2026-08-29,wk inc covid hosp,0,2026-08-29,41,quantile,0.95,20.0
2026-08-29,wk inc covid hosp,0,2026-08-29,41,quantile,0.975,22.0
2026-08-29,wk inc covid hosp,0,2026-08-29,41,quantile,0.99,25.0
2026-08-29,wk inc covid hosp,0,2026-08-29,42,quantile,0.01,39.0
2026-08-29,wk inc covid hosp,0,2026-08-29,42,quantile,0.025,43.0
2026-08-29,wk inc covid hosp,0,2026-08-29,42,quantile,0.05,46.0
2026-08-29,wk inc covid hosp,0,2026-08-29,42,quantile,0.1,50.0
2026-08-29,wk inc covid hosp,0,2026-08-29,42,quantile,0.15,52.0
2026-08-29,wk inc covid hosp,0,2026-08-29,42,quantile,0.2,54.0
2026-08-29,wk inc covid hosp,0,2026-08-29,42,quantile,0.25,56.0
2026-08-29,wk inc covid hosp,0,2026-08-29,42,quantile,0.3,58.0
2026-08-29,wk inc covid hosp,0,2026-08-29,42,quantile,0.35,60.0
2026-08-29,wk inc covid hosp,0,2026-08-29,42,quantile,0.4,61.0
2026-08-29,wk inc covid hosp,0,2026-08-29,42,quantile,0.45,63.0
2026-08-29,wk inc covid hosp,0,2026-08-29,42,quantile,0.5,65.0
2026-08-29,wk inc covid hosp,0,2026-08-29,42,quantile,0.55,66.0
2026-08-29,wk inc covid hosp,0,2026-08-29,42,quantile,0.6,68.0
2026-08-29,wk inc covid hosp,0,2026-08-29,42,quantile,0.65,70.0
2026-08-29,wk inc covid hosp,0,2026-08-29,42,quantile,0.7,72.0
2026-08-29,wk inc covid hosp,0,2026-08-29,42,quantile,0.75,75.0
2026-08-29,wk inc covid hosp,0,2026-08-29,42,quantile,0.8,78.0
2026-08-29,wk inc covid hosp,0,2026-08-29,42,quantile,0.85,81.0
2026-08-29,wk inc covid hosp,0,2026-08-29,42,quantile,0.9,86.0
2026-08-29,wk inc covid hosp,0,2026-08-29,42,quantile,0.95,94.0
2026-08-29,wk inc covid hosp,0,2026-08-29,42,quantile,0.975,101.0
2026-08-29,wk inc covid hosp,0,2026-08-29,42,quantile,0.99,111.0
2026-08-29,wk inc covid hosp,0,2026-08-29,44,quantile,0.01,1.0
2026-08-29,wk inc covid hosp,0,2026-08-29,44,quantile,0.025,1.0
2026-08-29,wk inc covid hosp,0,2026-08-29,44,quantile,0.05,2.0
2026-08-29,wk inc covid hosp,0,2026-08-29,44,quantile,0.1,2.0
2026-08-29,wk inc covid hosp,0,2026-08-29,44,quantile,0.15,3.0
2026-08-29,wk inc covid hosp,0,2026-08-29,44,quantile,0.2,3.0
2026-08-29,wk inc covid hosp,0,2026-08-29,44,quantile,0.25,4.0
2026-08-29,wk inc covid hosp,0,2026-08-29,44,quantile,0.3,4.0
2026-08-29,wk inc covid hosp,0,2026-08-29,44,quantile,0.35,4.0
2026-08-29,wk inc covid hosp,0,2026-08-29,44,quantile,0.4,5.0
2026-08-29,wk inc covid hosp,0,2026-08-29,44,quantile,0.45,5.0
2026-08-29,wk inc covid hosp,0,2026-08-29,44,quantile,0.5,5.0
2026-08-29,wk inc covid hosp,0,2026-08-29,44,quantile,0.55,5.0
2026-08-29,wk inc covid hosp,0,2026-08-29,44,quantile,0.6,6.0
2026-08-29,wk inc covid hosp,0,2026-08-29,44,quantile,0.65,6.0
2026-08-29,wk inc covid hosp,0,2026-08-29,44,quantile,0.7,7.0
2026-08-29,wk inc covid hosp,0,2026-08-29,44,quantile,0.75,7.0
2026-08-29,wk inc covid hosp,0,2026-08-29,44,quantile,0.8,7.0
2026-08-29,wk inc covid hosp,0,2026-08-29,44,quantile,0.85,8.0
2026-08-29,wk inc covid hosp,0,2026-08-29,44,quantile,0.9,9.0
2026-08-29,wk inc covid hosp,0,2026-08-29,44,quantile,0.95,10.0
2026-08-29,wk inc covid hosp,0,2026-08-29,44,quantile,0.975,11.0
2026-08-29,wk inc covid hosp,0,2026-08-29,44,quantile,0.99,13.0
2026-08-29,wk inc covid hosp,0,2026-08-29,45,quantile,0.01,18.0
2026-08-29,wk inc covid hosp,0,2026-08-29,45,quantile,0.025,20.0
2026-08-29,wk inc covid hosp,0,2026-08-29,45,quantile,0.05,22.0
2026-08-29,wk inc covid hosp,0,2026-08-29,45,quantile,0.1,25.0
2026-08-29,wk inc covid hosp,0,2026-08-29,45,quantile,0.15,26.0
2026-08-29,wk inc covid hosp,0,2026-08-29,45,quantile,0.2,28.0
2026-08-29,wk inc covid hosp,0,2026-08-29,45,quantile,0.25,29.0
2026-08-29,wk inc covid hosp,0,2026-08-29,45,quantile,0.3,30.0
2026-08-29,wk inc covid hosp,0,2026-08-29,45,quantile,0.35,31.0
2026-08-29,wk inc covid hosp,0,2026-08-29,45,quantile,0.4,32.0
2026-08-29,wk inc covid hosp,0,2026-08-29,45,quantile,0.45,33.0
2026-08-29,wk inc covid hosp,0,2026-08-29,45,quantile,0.5,34.0
2026-08-29,wk inc covid hosp,0,2026-08-29,45,quantile,0.55,35.0
2026-08-29,wk inc covid hosp,0,2026-08-29,45,quantile,0.6,36.0
2026-08-29,wk inc covid hosp,0,2026-08-29,45,quantile,0.65,37.0
2026-08-29,wk inc covid hosp,0,2026-08-29,45,quantile,0.7,39.0
2026-08-29,wk inc covid hosp,0,2026-08-29,45,quantile,0.75,40.0
2026-08-29,wk inc covid hosp,0,2026-08-29,45,quantile,0.8,42.0
2026-08-29,wk inc covid hosp,0,2026-08-29,45,quantile,0.85,44.0
2026-08-29,wk inc covid hosp,0,2026-08-29,45,quantile,0.9,47.0
2026-08-29,wk inc covid hosp,0,2026-08-29,45,quantile,0.95,51.0
2026-08-29,wk inc covid hosp,0,2026-08-29,45,quantile,0.975,56.0
2026-08-29,wk inc covid hosp,0,2026-08-29,45,quantile,0.99,61.0
2026-08-29,wk inc covid hosp,0,2026-08-29,46,quantile,0.01,0.0
2026-08-29,wk inc covid hosp,0,2026-08-29,46,quantile,0.025,0.0
2026-08-29,wk inc covid hosp,0,2026-08-29,46,quantile,0.05,0.0
2026-08-29,wk inc covid hosp,0,2026-08-29,46,quantile,0.1,0.0
2026-08-29,wk inc covid hosp,0,2026-08-29,46,quantile,0.15,0.0
2026-08-29,wk inc covid hosp,0,2026-08-29,46,quantile,0.2,0.0
2026-08-29,wk inc covid hosp,0,2026-08-29,46,quantile,0.25,0.0
2026-08-29,wk inc covid hosp,0,2026-08-29,46,quantile,0.3,0.0
2026-08-29,wk inc covid hosp,0,2026-08-29,46,quantile,0.35,1.0
2026-08-29,wk inc covid hosp,0,2026-08-29,46,quantile,0.4,1.0
2026-08-29,wk inc covid hosp,0,2026-08-29,46,quantile,0.45,1.0
2026-08-29,wk inc covid hosp,0,2026-08-29,46,quantile,0.5,1.0
2026-08-29,wk inc covid hosp,0,2026-08-29,46,quantile,0.55,1.0
2026-08-29,wk inc covid hosp,0,2026-08-29,46,quantile,0.6,1.0
2026-08-29,wk inc covid hosp,0,2026-08-29,46,quantile,0.65,1.0
2026-08-29,wk inc covid hosp,0,2026-08-29,46,quantile,0.7,2.0
2026-08-29,wk inc covid hosp,0,2026-08-29,46,quantile,0.75,2.0
2026-08-29,wk inc covid hosp,0,2026-08-29,46,quantile,0.8,2.0
2026-08-29,wk inc covid hosp,0,2026-08-29,46,quantile,0.85,2.0
2026-08-29,wk inc covid hosp,0,2026-08-29,46,quantile,0.9,3.0
2026-08-29,wk inc covid hosp,0,2026-08-29,46,quantile,0.95,3.0
2026-08-29,wk inc covid hosp,0,2026-08-29,46,quantile,0.975,4.0
2026-08-29,wk inc covid hosp,0,2026-08-29,46,quantile,0.99,4.0
2026-08-29,wk inc covid hosp,0,2026-08-29,47,quantile,0.01,30.0
2026-08-29,wk inc covid hosp,0,2026-08-29,47,quantile,0.025,33.0
2026-08-29,wk inc covid hosp,0,2026-08-29,47,quantile,0.05,36.0
2026-08-29,wk inc covid hosp,0,2026-08-29,47,quantile,0.1,39.0
2026-08-29,wk inc covid hosp,0,2026-08-29,47,quantile,0.15,41.0
2026-08-29,wk inc covid hosp,0,2026-08-29,47,quantile,0.2,43.0
2026-08-29,wk inc covid hosp,0,2026-08-29,47,quantile,0.25,44.0
2026-08-29,wk inc covid hosp,0,2026-08-29,47,quantile,0.3,46.0
2026-08-29,wk inc covid hosp,0,2026-08-29,47,quantile,0.35,47.0
2026-08-29,wk inc covid hosp,0,2026-08-29,47,quantile,0.4,49.0
2026-08-29,wk inc covid hosp,0,2026-08-29,47,quantile,0.45,50.0
2026-08-29,wk inc covid hosp,0,2026-08-29,47,quantile,0.5,52.0
2026-08-29,wk inc covid hosp,0,2026-08-29,47,quantile,0.55,53.0
2026-08-29,wk inc covid hosp,0,2026-08-29,47,quantile,0.6,55.0
2026-08-29,wk inc covid hosp,0,2026-08-29,47,quantile,0.65,56.0
2026-08-29,wk inc covid hosp,0,2026-08-29,47,quantile,0.7,58.0
2026-08-29,wk inc covid hosp,0,2026-08-29,47,quantile,0.75,60.0
2026-08-29,wk inc covid hosp,0,2026-08-29,47,quantile,0.8,62.0
2026-08-29,wk inc covid hosp,0,2026-08-29,47,quantile,0.85,65.0
2026-08-29,wk inc covid hosp,0,2026-08-29,47,quantile,0.9,69.0
2026-08-29,wk inc covid hosp,0,2026-08-29,47,quantile,0.95,76.0
2026-08-29,wk inc covid hosp,0,2026-08-29,47,quantile,0.975,83.0
2026-08-29,wk inc covid hosp,0,2026-08-29,47,quantile,0.99,91.0
2026-08-29,wk inc covid hosp,0,2026-08-29,48,quantile,0.01,239.0
2026-08-29,wk inc covid hosp,0,2026-08-29,48,quantile,0.025,256.0
2026-08-29,wk inc covid hosp,0,2026-08-29,48,quantile,0.05,270.0
2026-08-29,wk inc covid hosp,0,2026-08-29,48,quantile,0.1,286.0
2026-08-29,wk inc covid hosp,0,2026-08-29,48,quantile,0.15,299.0
2026-08-29,wk inc covid hosp,0,2026-08-29,48,quantile,0.2,308.0
2026-08-29,wk inc covid hosp,0,2026-08-29,48,quantile,0.25,317.0
2026-08-29,wk inc covid hosp,0,2026-08-29,48,quantile,0.3,325.0
2026-08-29,wk inc covid hosp,0,2026-08-29,48,quantile,0.35,333.0
2026-08-29,wk inc covid hosp,0,2026-08-29,48,quantile,0.4,341.0
2026-08-29,wk inc covid hosp,0,2026-08-29,48,quantile,0.45,349.0
2026-08-29,wk inc covid hosp,0,2026-08-29,48,quantile,0.5,357.0
2026-08-29,wk inc covid hosp,0,2026-08-29,48,quantile,0.55,364.0
2026-08-29,wk inc covid hosp,0,2026-08-29,48,quantile,0.6,372.0
2026-08-29,wk inc covid hosp,0,2026-08-29,48,quantile,0.65,382.0
2026-08-29,wk inc covid hosp,0,2026-08-29,48,quantile,0.7,392.0
2026-08-29,wk inc covid hosp,0,2026-08-29,48,quantile,0.75,404.0
2026-08-29,wk inc covid hosp,0,2026-08-29,48,quantile,0.8,418.0
2026-08-29,wk inc covid hosp,0,2026-08-29,48,quantile,0.85,437.0
2026-08-29,wk inc covid hosp,0,2026-08-29,48,quantile,0.9,462.0
2026-08-29,wk inc covid hosp,0,2026-08-29,48,quantile,0.95,508.0
2026-08-29,wk inc covid hosp,0,2026-08-29,48,quantile,0.975,552.0
2026-08-29,wk inc covid hosp,0,2026-08-29,48,quantile,0.99,607.0
2026-08-29,wk inc covid hosp,0,2026-08-29,49,quantile,0.01,2.0
2026-08-29,wk inc covid hosp,0,2026-08-29,49,quantile,0.025,3.0
2026-08-29,wk inc covid hosp,0,2026-08-29,49,quantile,0.05,4.0
2026-08-29,wk inc covid hosp,0,2026-08-29,49,quantile,0.1,5.0
2026-08-29,wk inc covid hosp,0,2026-08-29,49,quantile,0.15,5.0
2026-08-29,wk inc covid hosp,0,2026-08-29,49,quantile,0.2,6.0
2026-08-29,wk inc covid hosp,0,2026-08-29,49,quantile,0.25,6.0
2026-08-29,wk inc covid hosp,0,2026-08-29,49,quantile,0.3,7.0
2026-08-29,wk inc covid hosp,0,2026-08-29,49,quantile,0.35,7.0
2026-08-29,wk inc covid hosp,0,2026-08-29,49,quantile,0.4,8.0
2026-08-29,wk inc covid hosp,0,2026-08-29,49,quantile,0.45,8.0
2026-08-29,wk inc covid hosp,0,2026-08-29,49,quantile,0.5,9.0
2026-08-29,wk inc covid hosp,0,2026-08-29,49,quantile,0.55,9.0
2026-08-29,wk inc covid hosp,0,2026-08-29,49,quantile,0.6,9.0
2026-08-29,wk inc covid hosp,0,2026-08-29,49,quantile,0.65,10.0
2026-08-29,wk inc covid hosp,0,2026-08-29,49,quantile,0.7,10.0
2026-08-29,wk inc covid hosp,0,2026-08-29,49,quantile,0.75,11.0
2026-08-29,wk inc covid hosp,0,2026-08-29,49,quantile,0.8,12.0
2026-08-29,wk inc covid hosp,0,2026-08-29,49,quantile,0.85,12.0
2026-08-29,wk inc covid hosp,0,2026-08-29,49,quantile,0.9,13.0
2026-08-29,wk inc covid hosp,0,2026-08-29,49,quantile,0.95,15.0
2026-08-29,wk inc covid hosp,0,2026-08-29,49,quantile,0.975,17.0
2026-08-29,wk inc covid hosp,0,2026-08-29,49,quantile,0.99,19.0
2026-08-29,wk inc covid hosp,0,2026-08-29,50,quantile,0.01,0.0
2026-08-29,wk inc covid hosp,0,2026-08-29,50,quantile,0.025,0.0
2026-08-29,wk inc covid hosp,0,2026-08-29,50,quantile,0.05,0.0
2026-08-29,wk inc covid hosp,0,2026-08-29,50,quantile,0.1,0.0
2026-08-29,wk inc covid hosp,0,2026-08-29,50,quantile,0.15,0.0
2026-08-29,wk inc covid hosp,0,2026-08-29,50,quantile,0.2,0.0
2026-08-29,wk inc covid hosp,0,2026-08-29,50,quantile,0.25,1.0
2026-08-29,wk inc covid hosp,0,2026-08-29,50,quantile,0.3,1.0
2026-08-29,wk inc covid hosp,0,2026-08-29,50,quantile,0.35,1.0
2026-08-29,wk inc covid hosp,0,2026-08-29,50,quantile,0.4,1.0
2026-08-29,wk inc covid hosp,0,2026-08-29,50,quantile,0.45,1.0
2026-08-29,wk inc covid hosp,0,2026-08-29,50,quantile,0.5,1.0
2026-08-29,wk inc covid hosp,0,2026-08-29,50,quantile,0.55,1.0
2026-08-29,wk inc covid hosp,0,2026-08-29,50,quantile,0.6,2.0
2026-08-29,wk inc covid hosp,0,2026-08-29,50,quantile,0.65,2.0
2026-08-29,wk inc covid hosp,0,2026-08-29,50,quantile,0.7,2.0
2026-08-29,wk inc covid hosp,0,2026-08-29,50,quantile,0.75,2.0
2026-08-29,wk inc covid hosp,0,2026-08-29,50,quantile,0.8,2.0
2026-08-29,wk inc covid hosp,0,2026-08-29,50,quantile,0.85,3.0
2026-08-29,wk inc covid hosp,0,2026-08-29,50,quantile,0.9,3.0
2026-08-29,wk inc covid hosp,0,2026-08-29,50,quantile,0.95,4.0
2026-08-29,wk inc covid hosp,0,2026-08-29,50,quantile,0.975,4.0
2026-08-29,wk inc covid hosp,0,2026-08-29,50,quantile,0.99,5.0
2026-08-29,wk inc covid hosp,0,2026-08-29,51,quantile,0.01,17.0
2026-08-29,wk inc covid hosp,0,2026-08-29,51,quantile,0.025,19.0
2026-08-29,wk inc covid hosp,0,2026-08-29,51,quantile,0.05,21.0
2026-08-29,wk inc covid hosp,0,2026-08-29,51,quantile,0.1,24.0
2026-08-29,wk inc covid hosp,0,2026-08-29,51,quantile,0.15,25.0
2026-08-29,wk inc covid hosp,0,2026-08-29,51,quantile,0.2,27.0
2026-08-29,wk inc covid hosp,0,2026-08-29,51,quantile,0.25,28.0
2026-08-29,wk inc covid hosp,0,2026-08-29,51,quantile,0.3,29.0
2026-08-29,wk inc covid hosp,0,2026-08-29,51,quantile,0.35,30.0
2026-08-29,wk inc covid hosp,0,2026-08-29,51,quantile,0.4,31.0
2026-08-29,wk inc covid hosp,0,2026-08-29,51,quantile,0.45,32.0
2026-08-29,wk inc covid hosp,0,2026-08-29,51,quantile,0.5,33.0
2026-08-29,wk inc covid hosp,0,2026-08-29,51,quantile,0.55,34.0
2026-08-29,wk inc covid hosp,0,2026-08-29,51,quantile,0.6,35.0
2026-08-29,wk inc covid hosp,0,2026-08-29,51,quantile,0.65,36.0
2026-08-29,wk inc covid hosp,0,2026-08-29,51,quantile,0.7,38.0
2026-08-29,wk inc covid hosp,0,2026-08-29,51,quantile,0.75,39.0
2026-08-29,wk inc covid hosp,0,2026-08-29,51,quantile,0.8,41.0
2026-08-29,wk inc covid hosp,0,2026-08-29,51,quantile,0.85,43.0
2026-08-29,wk inc covid hosp,0,2026-08-29,51,quantile,0.9,46.0
2026-08-29,wk inc covid hosp,0,2026-08-29,51,quantile,0.95,50.0
2026-08-29,wk inc covid hosp,0,2026-08-29,51,quantile,0.975,54.0
2026-08-29,wk inc covid hosp,0,2026-08-29,51,quantile,0.99,60.0
2026-08-29,wk inc covid hosp,0,2026-08-29,53,quantile,0.01,35.0
2026-08-29,wk inc covid hosp,0,2026-08-29,53,quantile,0.025,38.0
2026-08-29,wk inc covid hosp,0,2026-08-29,53,quantile,0.05,41.0
2026-08-29,wk inc covid hosp,0,2026-08-29,53,quantile,0.1,45.0
2026-08-29,wk inc covid hosp,0,2026-08-29,53,quantile,0.15,48.0
2026-08-29,wk inc covid hosp,0,2026-08-29,53,quantile,0.2,50.0
2026-08-29,wk inc covid hosp,0,2026-08-29,53,quantile,0.25,52.0
2026-08-29,wk inc covid hosp,0,2026-08-29,53,quantile,0.3,53.0
2026-08-29,wk inc covid hosp,0,2026-08-29,53,quantile,0.35,55.0
2026-08-29,wk inc covid hosp,0,2026-08-29,53,quantile,0.4,57.0
2026-08-29,wk inc covid hosp,0,2026-08-29,53,quantile,0.45,58.0
2026-08-29,wk inc covid hosp,0,2026-08-29,53,quantile,0.5,60.0
2026-08-29,wk inc covid hosp,0,2026-08-29,53,quantile,0.55,62.0
2026-08-29,wk inc covid hosp,0,2026-08-29,53,quantile,0.6,63.0
2026-08-29,wk inc covid hosp,0,2026-08-29,53,quantile,0.65,65.0
2026-08-29,wk inc covid hosp,0,2026-08-29,53,quantile,0.7,67.0
2026-08-29,wk inc covid hosp,0,2026-08-29,53,quantile,0.75,70.0
2026-08-29,wk inc covid hosp,0,2026-08-29,53,quantile,0.8,72.0
2026-08-29,wk inc covid hosp,0,2026-08-29,53,quantile,0.85,76.0
2026-08-29,wk inc covid hosp,0,2026-08-29,53,quantile,0.9,81.0
2026-08-29,wk inc covid hosp,0,2026-08-29,53,quantile,0.95,88.0
2026-08-29,wk inc covid hosp,0,2026-08-29,53,quantile,0.975,96.0
2026-08-29,wk inc covid hosp,0,2026-08-29,53,quantile,0.99,105.0
2026-08-29,wk inc covid hosp,0,2026-08-29,54,quantile,0.01,0.0
2026-08-29,wk inc covid hosp,0,2026-08-29,54,quantile,0.025,0.0
2026-08-29,wk inc covid hosp,0,2026-08-29,54,quantile,0.05,1.0
2026-08-29,wk inc covid hosp,0,2026-08-29,54,quantile,0.1,1.0
2026-08-29,wk inc covid hosp,0,2026-08-29,54,quantile,0.15,1.0
2026-08-29,wk inc covid hosp,0,2026-08-29,54,quantile,0.2,2.0
2026-08-29,wk inc covid hosp,0,2026-08-29,54,quantile,0.25,2.0
2026-08-29,wk inc covid hosp,0,2026-08-29,54,quantile,0.3,2.0
2026-08-29,wk inc covid hosp,0,2026-08-29,54,quantile,0.35,2.0
2026-08-29,wk inc covid hosp,0,2026-08-29,54,quantile,0.4,3.0
2026-08-29,wk inc covid hosp,0,2026-08-29,54,quantile,0.45,3.0
2026-08-29,wk inc covid hosp,0,2026-08-29,54,quantile,0.5,3.0
2026-08-29,wk inc covid hosp,0,2026-08-29,54,quantile,0.55,3.0
2026-08-29,wk inc covid hosp,0,2026-08-29,54,quantile,0.6,3.0
2026-08-29,wk inc covid hosp,0,2026-08-29,54,quantile,0.65,4.0
2026-08-29,wk inc covid hosp,0,2026-08-29,54,quantile,0.7,4.0
2026-08-29,wk inc covid hosp,0,2026-08-29,54,quantile,0.75,4.0
2026-08-29,wk inc covid hosp,0,2026-08-29,54,quantile,0.8,5.0
2026-08-29,wk inc covid hosp,0,2026-08-29,54,quantile,0.85,5.0
2026-08-29,wk inc covid hosp,0,2026-08-29,54,quantile,0.9,6.0
2026-08-29,wk inc covid hosp,0,2026-08-29,54,quantile,0.95,7.0
2026-08-29,wk inc covid hosp,0,2026-08-29,54,quantile,0.975,7.0
2026-08-29,wk inc covid hosp,0,2026-08-29,54,quantile,0.99,9.0
2026-08-29,wk inc covid hosp,0,2026-08-29,55,quantile,0.01,6.0
2026-08-29,wk inc covid hosp,0,2026-08-29,55,quantile,0.025,7.0
2026-08-29,wk inc covid hosp,0,2026-08-29,55,quantile,0.05,8.0
2026-08-29,wk inc covid hosp,0,2026-08-29,55,quantile,0.1,9.0
2026-08-29,wk inc covid hosp,0,2026-08-29,55,quantile,0.15,10.0
2026-08-29,wk inc covid hosp,0,2026-08-29,55,quantile,0.2,11.0
2026-08-29,wk inc covid hosp,0,2026-08-29,55,quantile,0.25,12.0
2026-08-29,wk inc covid hosp,0,2026-08-29,55,quantile,0.3,12.0
2026-08-29,wk inc covid hosp,0,2026-08-29,55,quantile,0.35,13.0
2026-08-29,wk inc covid hosp,0,2026-08-29,55,quantile,0.4,13.0
2026-08-29,wk inc covid hosp,0,2026-08-29,55,quantile,0.45,14.0
2026-08-29,wk inc covid hosp,0,2026-08-29,55,quantile,0.5,15.0
2026-08-29,wk inc covid hosp,0,2026-08-29,55,quantile,0.55,15.0
2026-08-29,wk inc covid hosp,0,2026-08-29,55,quantile,0.6,16.0
2026-08-29,wk inc covid hosp,0,2026-08-29,55,quantile,0.65,16.0
2026-08-29,wk inc covid hosp,0,2026-08-29,55,quantile,0.7,17.0
2026-08-29,wk inc covid hosp,0,2026-08-29,55,quantile,0.75,18.0
2026-08-29,wk inc covid hosp,0,2026-08-29,55,quantile,0.8,19.0
2026-08-29,wk inc covid hosp,0,2026-08-29,55,quantile,0.85,20.0
2026-08-29,wk inc covid hosp,0,2026-08-29,55,quantile,0.9,21.0
2026-08-29,wk inc covid hosp,0,2026-08-29,55,quantile,0.95,24.0
2026-08-29,wk inc covid hosp,0,2026-08-29,55,quantile,0.975,26.0
2026-08-29,wk inc covid hosp,0,2026-08-29,55,quantile,0.99,29.0
2026-08-29,wk inc covid hosp,0,2026-08-29,56,quantile,0.01,0.0
2026-08-29,wk inc covid hosp,0,2026-08-29,56,quantile,0.025,0.0
2026-08-29,wk inc covid hosp,0,2026-08-29,56,quantile,0.05,0.0
2026-08-29,wk inc covid hosp,0,2026-08-29,56,quantile,0.1,0.0
2026-08-29,wk inc covid hosp,0,2026-08-29,56,quantile,0.15,0.0
2026-08-29,wk inc covid hosp,0,2026-08-29,56,quantile,0.2,0.0
2026-08-29,wk inc covid hosp,0,2026-08-29,56,quantile,0.25,0.0
2026-08-29,wk inc covid hosp,0,2026-08-29,56,quantile,0.3,0.0
2026-08-29,wk inc covid hosp,0,2026-08-29,56,quantile,0.35,1.0
2026-08-29,wk inc covid hosp,0,2026-08-29,56,quantile,0.4,1.0
2026-08-29,wk inc covid hosp,0,2026-08-29,56,quantile,0.45,1.0
2026-08-29,wk inc covid hosp,0,2026-08-29,56,quantile,0.5,1.0
2026-08-29,wk inc covid hosp,0,2026-08-29,56,quantile,0.55,1.0
2026-08-29,wk inc covid hosp,0,2026-08-29,56,quantile,0.6,1.0
2026-08-29,wk inc covid hosp,0,2026-08-29,56,quantile,0.65,1.0
2026-08-29,wk inc covid hosp,0,2026-08-29,56,quantile,0.7,2.0
2026-08-29,wk inc covid hosp,0,2026-08-29,56,quantile,0.75,2.0
2026-08-29,wk inc covid hosp,0,2026-08-29,56,quantile,0.8,2.0
2026-08-29,wk inc covid hosp,0,2026-08-29,56,quantile,0.85,2.0
2026-08-29,wk inc covid hosp,0,2026-08-29,56,quantile,0.9,3.0
2026-08-29,wk inc covid hosp,0,2026-08-29,56,quantile,0.95,3.0
2026-08-29,wk inc covid hosp,0,2026-08-29,56,quantile,0.975,4.0
2026-08-29,wk inc covid hosp,0,2026-08-29,56,quantile,0.99,4.0
2026-08-29,wk inc covid hosp,0,2026-08-29,72,quantile,0.01,86.0
2026-08-29,wk inc covid hosp,0,2026-08-29,72,quantile,0.025,93.0
2026-08-29,wk inc covid hosp,0,2026-08-29,72,quantile,0.05,99.0
2026-08-29,wk inc covid hosp,0,2026-08-29,72,quantile,0.1,107.0
2026-08-29,wk inc covid hosp,0,2026-08-29,72,quantile,0.15,112.0
2026-08-29,wk inc covid hosp,0,2026-08-29,72,quantile,0.2,116.0
2026-08-29,wk inc covid hosp,0,2026-08-29,72,quantile,0.25,120.0
2026-08-29,wk inc covid hosp,0,2026-08-29,72,quantile,0.3,123.0
2026-08-29,wk inc covid hosp,0,2026-08-29,72,quantile,0.35,127.0
2026-08-29,wk inc covid hosp,0,2026-08-29,72,quantile,0.4,130.0
2026-08-29,wk inc covid hosp,0,2026-08-29,72,quantile,0.45,133.0
2026-08-29,wk inc covid hosp,0,2026-08-29,72,quantile,0.5,136.0
2026-08-29,wk inc covid hosp,0,2026-08-29,72,quantile,0.55,140.0
2026-08-29,wk inc covid hosp,0,2026-08-29,72,quantile,0.6,143.0
2026-08-29,wk inc covid hosp,0,2026-08-29,72,quantile,0.65,147.0
2026-08-29,wk inc covid hosp,0,2026-08-29,72,quantile,0.7,152.0
2026-08-29,wk inc covid hosp,0,2026-08-29,72,quantile,0.75,157.0
2026-08-29,wk inc covid hosp,0,2026-08-29,72,quantile,0.8,163.0
2026-08-29,wk inc covid hosp,0,2026-08-29,72,quantile,0.85,170.0
2026-08-29,wk inc covid hosp,0,2026-08-29,72,quantile,0.9,181.0
2026-08-29,wk inc covid hosp,0,2026-08-29,72,quantile,0.95,197.0
2026-08-29,wk inc covid hosp,0,2026-08-29,72,quantile,0.975,216.0
2026-08-29,wk inc covid hosp,0,2026-08-29,72,quantile,0.99,238.0
2026-08-29,wk inc covid hosp,1,2026-09-05,01,quantile,0.01,45.0
2026-08-29,wk inc covid hosp,1,2026-09-05,01,quantile,0.025,49.0
2026-08-29,wk inc covid hosp,1,2026-09-05,01,quantile,0.05,52.0
2026-08-29,wk inc covid hosp,1,2026-09-05,01,quantile,0.1,57.0
2026-08-29,wk inc covid hosp,1,2026-09-05,01,quantile,0.15,60.0
2026-08-29,wk inc covid hosp,1,2026-09-05,01,quantile,0.2,63.0
2026-08-29,wk inc covid hosp,1,2026-09-05,01,quantile,0.25,65.0
2026-08-29,wk inc covid hosp,1,2026-09-05,01,quantile,0.3,67.0
2026-08-29,wk inc covid hosp,1,2026-09-05,01,quantile,0.35,69.0
2026-08-29,wk inc covid hosp,1,2026-09-05,01,quantile,0.4,71.0
2026-08-29,wk inc covid hosp,1,2026-09-05,01,quantile,0.45,73.0
2026-08-29,wk inc covid hosp,1,2026-09-05,01,quantile,0.5,75.0
2026-08-29,wk inc covid hosp,1,2026-09-05,01,quantile,0.55,77.0
2026-08-29,wk inc covid hosp,1,2026-09-05,01,quantile,0.6,79.0
2026-08-29,wk inc covid hosp,1,2026-09-05,01,quantile,0.65,82.0
2026-08-29,wk inc covid hosp,1,2026-09-05,01,quantile,0.7,84.0
2026-08-29,wk inc covid hosp,1,2026-09-05,01,quantile,0.75,87.0
2026-08-29,wk inc covid hosp,1,2026-09-05,01,quantile,0.8,91.0
2026-08-29,wk inc covid hosp,1,2026-09-05,01,quantile,0.85,95.0
2026-08-29,wk inc covid hosp,1,2026-09-05,01,quantile,0.9,101.0
2026-08-29,wk inc covid hosp,1,2026-09-05,01,quantile,0.95,111.0
2026-08-29,wk inc covid hosp,1,2026-09-05,01,quantile,0.975,121.0
2026-08-29,wk inc covid hosp,1,2026-09-05,01,quantile,0.99,133.0
2026-08-29,wk inc covid hosp,1,2026-09-05,02,quantile,0.01,0.0
2026-08-29,wk inc covid hosp,1,2026-09-05,02,quantile,0.025,0.0
2026-08-29,wk inc covid hosp,1,2026-09-05,02,quantile,0.05,0.0
2026-08-29,wk inc covid hosp,1,2026-09-05,02,quantile,0.1,1.0
2026-08-29,wk inc covid hosp,1,2026-09-05,02,quantile,0.15,1.0
2026-08-29,wk inc covid hosp,1,2026-09-05,02,quantile,0.2,1.0
2026-08-29,wk inc covid hosp,1,2026-09-05,02,quantile,0.25,1.0
2026-08-29,wk inc covid hosp,1,2026-09-05,02,quantile,0.3,2.0
2026-08-29,wk inc covid hosp,1,2026-09-05,02,quantile,0.35,2.0
2026-08-29,wk inc covid hosp,1,2026-09-05,02,quantile,0.4,2.0
2026-08-29,wk inc covid hosp,1,2026-09-05,02,quantile,0.45,2.0
2026-08-29,wk inc covid hosp,1,2026-09-05,02,quantile,0.5,2.0
2026-08-29,wk inc covid hosp,1,2026-09-05,02,quantile,0.55,3.0
2026-08-29,wk inc covid hosp,1,2026-09-05,02,quantile,0.6,3.0
2026-08-29,wk inc covid hosp,1,2026-09-05,02,quantile,0.65,3.0
2026-08-29,wk inc covid hosp,1,2026-09-05,02,quantile,0.7,3.0
2026-08-29,wk inc covid hosp,1,2026-09-05,02,quantile,0.75,4.0
2026-08-29,wk inc covid hosp,1,2026-09-05,02,quantile,0.8,4.0
2026-08-29,wk inc covid hosp,1,2026-09-05,02,quantile,0.85,4.0
2026-08-29,wk inc covid hosp,1,2026-09-05,02,quantile,0.9,5.0
2026-08-29,wk inc covid hosp,1,2026-09-05,02,quantile,0.95,6.0
2026-08-29,wk inc covid hosp,1,2026-09-05,02,quantile,0.975,6.0
2026-08-29,wk inc covid hosp,1,2026-09-05,02,quantile,0.99,7.0
2026-08-29,wk inc covid hosp,1,2026-09-05,04,quantile,0.01,31.0
2026-08-29,wk inc covid hosp,1,2026-09-05,04,quantile,0.025,34.0
2026-08-29,wk inc covid hosp,1,2026-09-05,04,quantile,0.05,37.0
2026-08-29,wk inc covid hosp,1,2026-09-05,04,quantile,0.1,41.0
2026-08-29,wk inc covid hosp,1,2026-09-05,04,quantile,0.15,43.0
2026-08-29,wk inc covid hosp,1,2026-09-05,04,quantile,0.2,45.0
2026-08-29,wk inc covid hosp,1,2026-09-05,04,quantile,0.25,47.0
2026-08-29,wk inc covid hosp,1,2026-09-05,04,quantile,0.3,48.0
2026-08-29,wk inc covid hosp,1,2026-09-05,04,quantile,0.35,50.0
2026-08-29,wk inc covid hosp,1,2026-09-05,04,quantile,0.4,51.0
2026-08-29,wk inc covid hosp,1,2026-09-05,04,quantile,0.45,53.0
2026-08-29,wk inc covid hosp,1,2026-09-05,04,quantile,0.5,55.0
2026-08-29,wk inc covid hosp,1,2026-09-05,04,quantile,0.55,56.0
2026-08-29,wk inc covid hosp,1,2026-09-05,04,quantile,0.6,58.0
2026-08-29,wk inc covid hosp,1,2026-09-05,04,quantile,0.65,60.0
2026-08-29,wk inc covid hosp,1,2026-09-05,04,quantile,0.7,62.0
2026-08-29,wk inc covid hosp,1,2026-09-05,04,quantile,0.75,64.0
2026-08-29,wk inc covid hosp,1,2026-09-05,04,quantile,0.8,66.0
2026-08-29,wk inc covid hosp,1,2026-09-05,04,quantile,0.85,69.0
2026-08-29,wk inc covid hosp,1,2026-09-05,04,quantile,0.9,74.0
2026-08-29,wk inc covid hosp,1,2026-09-05,04,quantile,0.95,81.0
2026-08-29,wk inc covid hosp,1,2026-09-05,04,quantile,0.975,89.0
2026-08-29,wk inc covid hosp,1,2026-09-05,04,quantile,0.99,97.0
2026-08-29,wk inc covid hosp,1,2026-09-05,05,quantile,0.01,4.0
2026-08-29,wk inc covid hosp,1,2026-09-05,05,quantile,0.025,6.0
2026-08-29,wk inc covid hosp,1,2026-09-05,05,quantile,0.05,6.0
2026-08-29,wk inc covid hosp,1,2026-09-05,05,quantile,0.1,8.0
2026-08-29,wk inc covid hosp,1,2026-09-05,05,quantile,0.15,9.0
2026-08-29,wk inc covid hosp,1,2026-09-05,05,quantile,0.2,9.0
2026-08-29,wk inc covid hosp,1,2026-09-05,05,quantile,0.25,10.0
2026-08-29,wk inc covid hosp,1,2026-09-05,05,quantile,0.3,10.0
2026-08-29,wk inc covid hosp,1,2026-09-05,05,quantile,0.35,11.0
2026-08-29,wk inc covid hosp,1,2026-09-05,05,quantile,0.4,11.0
2026-08-29,wk inc covid hosp,1,2026-09-05,05,quantile,0.45,12.0
2026-08-29,wk inc covid hosp,1,2026-09-05,05,quantile,0.5,13.0
2026-08-29,wk inc covid hosp,1,2026-09-05,05,quantile,0.55,13.0
2026-08-29,wk inc covid hosp,1,2026-09-05,05,quantile,0.6,14.0
2026-08-29,wk inc covid hosp,1,2026-09-05,05,quantile,0.65,14.0
2026-08-29,wk inc covid hosp,1,2026-09-05,05,quantile,0.7,15.0
2026-08-29,wk inc covid hosp,1,2026-09-05,05,quantile,0.75,16.0
2026-08-29,wk inc covid hosp,1,2026-09-05,05,quantile,0.8,17.0
2026-08-29,wk inc covid hosp,1,2026-09-05,05,quantile,0.85,18.0
2026-08-29,wk inc covid hosp,1,2026-09-05,05,quantile,0.9,19.0
2026-08-29,wk inc covid hosp,1,2026-09-05,05,quantile,0.95,21.0
2026-08-29,wk inc covid hosp,1,2026-09-05,05,quantile,0.975,23.0
2026-08-29,wk inc covid hosp,1,2026-09-05,05,quantile,0.99,26.0
2026-08-29,wk inc covid hosp,1,2026-09-05,06,quantile,0.01,349.0
2026-08-29,wk inc covid hosp,1,2026-09-05,06,quantile,0.025,375.0
2026-08-29,wk inc covid hosp,1,2026-09-05,06,quantile,0.05,397.0
2026-08-29,wk inc covid hosp,1,2026-09-05,06,quantile,0.1,424.0
2026-08-29,wk inc covid hosp,1,2026-09-05,06,quantile,0.15,443.0
2026-08-29,wk inc covid hosp,1,2026-09-05,06,quantile,0.2,458.0
2026-08-29,wk inc covid hosp,1,2026-09-05,06,quantile,0.25,472.0
2026-08-29,wk inc covid hosp,1,2026-09-05,06,quantile,0.3,484.0
2026-08-29,wk inc covid hosp,1,2026-09-05,06,quantile,0.35,496.0
2026-08-29,wk inc covid hosp,1,2026-09-05,06,quantile,0.4,509.0
2026-08-29,wk inc covid hosp,1,2026-09-05,06,quantile,0.45,521.0
2026-08-29,wk inc covid hosp,1,2026-09-05,06,quantile,0.5,532.0
2026-08-29,wk inc covid hosp,1,2026-09-05,06,quantile,0.55,545.0
2026-08-29,wk inc covid hosp,1,2026-09-05,06,quantile,0.6,558.0
2026-08-29,wk inc covid hosp,1,2026-09-05,06,quantile,0.65,574.0
2026-08-29,wk inc covid hosp,1,2026-09-05,06,quantile,0.7,590.0
2026-08-29,wk inc covid hosp,1,2026-09-05,06,quantile,0.75,609.0
2026-08-29,wk inc covid hosp,1,2026-09-05,06,quantile,0.8,630.0
2026-08-29,wk inc covid hosp,1,2026-09-05,06,quantile,0.85,656.0
2026-08-29,wk inc covid hosp,1,2026-09-05,06,quantile,0.9,698.0
2026-08-29,wk inc covid hosp,1,2026-09-05,06,quantile,0.95,769.0
2026-08-29,wk inc covid hosp,1,2026-09-05,06,quantile,0.975,838.0
2026-08-29,wk inc covid hosp,1,2026-09-05,06,quantile,0.99,921.0
2026-08-29,wk inc covid hosp,1,2026-09-05,08,quantile,0.01,11.0
2026-08-29,wk inc covid hosp,1,2026-09-05,08,quantile,0.025,13.0
2026-08-29,wk inc covid hosp,1,2026-09-05,08,quantile,0.05,14.0
2026-08-29,wk inc covid hosp,1,2026-09-05,08,quantile,0.1,16.0
2026-08-29,wk inc covid hosp,1,2026-09-05,08,quantile,0.15,17.0
2026-08-29,wk inc covid hosp,1,2026-09-05,08,quantile,0.2,19.0
2026-08-29,wk inc covid hosp,1,2026-09-05,08,quantile,0.25,20.0
2026-08-29,wk inc covid hosp,1,2026-09-05,08,quantile,0.3,20.0
2026-08-29,wk inc covid hosp,1,2026-09-05,08,quantile,0.35,21.0
2026-08-29,wk inc covid hosp,1,2026-09-05,08,quantile,0.4,22.0
2026-08-29,wk inc covid hosp,1,2026-09-05,08,quantile,0.45,23.0
2026-08-29,wk inc covid hosp,1,2026-09-05,08,quantile,0.5,24.0
2026-08-29,wk inc covid hosp,1,2026-09-05,08,quantile,0.55,24.0
2026-08-29,wk inc covid hosp,1,2026-09-05,08,quantile,0.6,25.0
2026-08-29,wk inc covid hosp,1,2026-09-05,08,quantile,0.65,26.0
2026-08-29,wk inc covid hosp,1,2026-09-05,08,quantile,0.7,27.0
2026-08-29,wk inc covid hosp,1,2026-09-05,08,quantile,0.75,28.0
2026-08-29,wk inc covid hosp,1,2026-09-05,08,quantile,0.8,30.0
2026-08-29,wk inc covid hosp,1,2026-09-05,08,quantile,0.85,31.0
2026-08-29,wk inc covid hosp,1,2026-09-05,08,quantile,0.9,33.0
2026-08-29,wk inc covid hosp,1,2026-09-05,08,quantile,0.95,37.0
2026-08-29,wk inc covid hosp,1,2026-09-05,08,quantile,0.975,41.0
2026-08-29,wk inc covid hosp,1,2026-09-05,08,quantile,0.99,45.0
2026-08-29,wk inc covid hosp,1,2026-09-05,09,quantile,0.01,3.0
2026-08-29,wk inc covid hosp,1,2026-09-05,09,quantile,0.025,4.0
2026-08-29,wk inc covid hosp,1,2026-09-05,09,quantile,0.05,5.0
2026-08-29,wk inc covid hosp,1,2026-09-05,09,quantile,0.1,6.0
2026-08-29,wk inc covid hosp,1,2026-09-05,09,quantile,0.15,7.0
2026-08-29,wk inc covid hosp,1,2026-09-05,09,quantile,0.2,8.0
2026-08-29,wk inc covid hosp,1,2026-09-05,09,quantile,0.25,8.0
2026-08-29,wk inc covid hosp,1,2026-09-05,09,quantile,0.3,9.0
2026-08-29,wk inc covid hosp,1,2026-09-05,09,quantile,0.35,9.0
2026-08-29,wk inc covid hosp,1,2026-09-05,09,quantile,0.4,10.0
2026-08-29,wk inc covid hosp,1,2026-09-05,09,quantile,0.45,10.0
2026-08-29,wk inc covid hosp,1,2026-09-05,09,quantile,0.5,11.0
2026-08-29,wk inc covid hosp,1,2026-09-05,09,quantile,0.55,11.0
2026-08-29,wk inc covid hosp,1,2026-09-05,09,quantile,0.6,12.0
2026-08-29,wk inc covid hosp,1,2026-09-05,09,quantile,0.65,12.0
2026-08-29,wk inc covid hosp,1,2026-09-05,09,quantile,0.7,13.0
2026-08-29,wk inc covid hosp,1,2026-09-05,09,quantile,0.75,14.0
2026-08-29,wk inc covid hosp,1,2026-09-05,09,quantile,0.8,14.0
2026-08-29,wk inc covid hosp,1,2026-09-05,09,quantile,0.85,15.0
2026-08-29,wk inc covid hosp,1,2026-09-05,09,quantile,0.9,16.0
2026-08-29,wk inc covid hosp,1,2026-09-05,09,quantile,0.95,18.0
2026-08-29,wk inc covid hosp,1,2026-09-05,09,quantile,0.975,20.0
2026-08-29,wk inc covid hosp,1,2026-09-05,09,quantile,0.99,22.0
2026-08-29,wk inc covid hosp,1,2026-09-05,10,quantile,0.01,0.0
2026-08-29,wk inc covid hosp,1,2026-09-05,10,quantile,0.025,0.0
2026-08-29,wk inc covid hosp,1,2026-09-05,10,quantile,0.05,0.0
2026-08-29,wk inc covid hosp,1,2026-09-05,10,quantile,0.1,1.0
2026-08-29,wk inc covid hosp,1,2026-09-05,10,quantile,0.15,1.0
2026-08-29,wk inc covid hosp,1,2026-09-05,10,quantile,0.2,1.0
2026-08-29,wk inc covid hosp,1,2026-09-05,10,quantile,0.25,2.0
2026-08-29,wk inc covid hosp,1,2026-09-05,10,quantile,0.3,2.0
2026-08-29,wk inc covid hosp,1,2026-09-05,10,quantile,0.35,2.0
2026-08-29,wk inc covid hosp,1,2026-09-05,10,quantile,0.4,2.0
2026-08-29,wk inc covid hosp,1,2026-09-05,10,quantile,0.45,2.0
2026-08-29,wk inc covid hosp,1,2026-09-05,10,quantile,0.5,3.0
2026-08-29,wk inc covid hosp,1,2026-09-05,10,quantile,0.55,3.0
2026-08-29,wk inc covid hosp,1,2026-09-05,10,quantile,0.6,3.0
2026-08-29,wk inc covid hosp,1,2026-09-05,10,quantile,0.65,3.0
2026-08-29,wk inc covid hosp,1,2026-09-05,10,quantile,0.7,4.0
2026-08-29,wk inc covid hosp,1,2026-09-05,10,quantile,0.75,4.0
2026-08-29,wk inc covid hosp,1,2026-09-05,10,quantile,0.8,4.0
2026-08-29,wk inc covid hosp,1,2026-09-05,10,quantile,0.85,5.0
2026-08-29,wk inc covid hosp,1,2026-09-05,10,quantile,0.9,5.0
2026-08-29,wk inc covid hosp,1,2026-09-05,10,quantile,0.95,6.0
2026-08-29,wk inc covid hosp,1,2026-09-05,10,quantile,0.975,7.0
2026-08-29,wk inc covid hosp,1,2026-09-05,10,quantile,0.99,8.0
2026-08-29,wk inc covid hosp,1,2026-09-05,11,quantile,0.01,0.0
2026-08-29,wk inc covid hosp,1,2026-09-05,11,quantile,0.025,0.0
2026-08-29,wk inc covid hosp,1,2026-09-05,11,quantile,0.05,1.0
2026-08-29,wk inc covid hosp,1,2026-09-05,11,quantile,0.1,1.0
2026-08-29,wk inc covid hosp,1,2026-09-05,11,quantile,0.15,2.0
2026-08-29,wk inc covid hosp,1,2026-09-05,11,quantile,0.2,2.0
2026-08-29,wk inc covid hosp,1,2026-09-05,11,quantile,0.25,2.0
2026-08-29,wk inc covid hosp,1,2026-09-05,11,quantile,0.3,3.0
2026-08-29,wk inc covid hosp,1,2026-09-05,11,quantile,0.35,3.0
2026-08-29,wk inc covid hosp,1,2026-09-05,11,quantile,0.4,3.0
2026-08-29,wk inc covid hosp,1,2026-09-05,11,quantile,0.45,3.0
2026-08-29,wk inc covid hosp,1,2026-09-05,11,quantile,0.5,4.0
2026-08-29,wk inc covid hosp,1,2026-09-05,11,quantile,0.55,4.0
2026-08-29,wk inc covid hosp,1,2026-09-05,11,quantile,0.6,4.0
2026-08-29,wk inc covid hosp,1,2026-09-05,11,quantile,0.65,4.0
2026-08-29,wk inc covid hosp,1,2026-09-05,11,quantile,0.7,5.0
2026-08-29,wk inc covid hosp,1,2026-09-05,11,quantile,0.75,5.0
2026-08-29,wk inc covid hosp,1,2026-09-05,11,quantile,0.8,5.0
2026-08-29,wk inc covid hosp,1,2026-09-05,11,quantile,0.85,6.0
2026-08-29,wk inc covid hosp,1,2026-09-05,11,quantile,0.9,6.0
2026-08-29,wk inc covid hosp,1,2026-09-05,11,quantile,0.95,8.0
2026-08-29,wk inc covid hosp,1,2026-09-05,11,quantile,0.975,8.0
2026-08-29,wk inc covid hosp,1,2026-09-05,11,quantile,0.99,10.0
2026-08-29,wk inc covid hosp,1,2026-09-05,12,quantile,0.01,238.0
2026-08-29,wk inc covid hosp,1,2026-09-05,12,quantile,0.025,257.0
2026-08-29,wk inc covid hosp,1,2026-09-05,12,quantile,0.05,272.0
2026-08-29,wk inc covid hosp,1,2026-09-05,12,quantile,0.1,292.0
2026-08-29,wk inc covid hosp,1,2026-09-05,12,quantile,0.15,305.0
2026-08-29,wk inc covid hosp,1,2026-09-05,12,quantile,0.2,316.0
2026-08-29,wk inc covid hosp,1,2026-09-05,12,quantile,0.25,326.0
2026-08-29,wk inc covid hosp,1,2026-09-05,12,quantile,0.3,334.0
2026-08-29,wk inc covid hosp,1,2026-09-05,12,quantile,0.35,344.0
2026-08-29,wk inc covid hosp,1,2026-09-05,12,quantile,0.4,352.0
2026-08-29,wk inc covid hosp,1,2026-09-05,12,quantile,0.45,359.0
2026-08-29,wk inc covid hosp,1,2026-09-05,12,quantile,0.5,368.0
2026-08-29,wk inc covid hosp,1,2026-09-05,12,quantile,0.55,377.0
2026-08-29,wk inc covid hosp,1,2026-09-05,12,quantile,0.6,386.0
2026-08-29,wk inc covid hosp,1,2026-09-05,12,quantile,0.65,396.0
2026-08-29,wk inc covid hosp,1,2026-09-05,12,quantile,0.7,408.0
2026-08-29,wk inc covid hosp,1,2026-09-05,12,quantile,0.75,421.0
2026-08-29,wk inc covid hosp,1,2026-09-05,12,quantile,0.8,437.0
2026-08-29,wk inc covid hosp,1,2026-09-05,12,quantile,0.85,457.0
2026-08-29,wk inc covid hosp,1,2026-09-05,12,quantile,0.9,486.0
2026-08-29,wk inc covid hosp,1,2026-09-05,12,quantile,0.95,534.0
2026-08-29,wk inc covid hosp,1,2026-09-05,12,quantile,0.975,580.0
2026-08-29,wk inc covid hosp,1,2026-09-05,12,quantile,0.99,639.0
2026-08-29,wk inc covid hosp,1,2026-09-05,13,quantile,0.01,55.0
2026-08-29,wk inc covid hosp,1,2026-09-05,13,quantile,0.025,60.0
2026-08-29,wk inc covid hosp,1,2026-09-05,13,quantile,0.05,64.0
2026-08-29,wk inc covid hosp,1,2026-09-05,13,quantile,0.1,70.0
2026-08-29,wk inc covid hosp,1,2026-09-05,13,quantile,0.15,74.0
2026-08-29,wk inc covid hosp,1,2026-09-05,13,quantile,0.2,77.0
2026-08-29,wk inc covid hosp,1,2026-09-05,13,quantile,0.25,80.0
2026-08-29,wk inc covid hosp,1,2026-09-05,13,quantile,0.3,82.0
2026-08-29,wk inc covid hosp,1,2026-09-05,13,quantile,0.35,84.0
2026-08-29,wk inc covid hosp,1,2026-09-05,13,quantile,0.4,87.0
2026-08-29,wk inc covid hosp,1,2026-09-05,13,quantile,0.45,89.0
2026-08-29,wk inc covid hosp,1,2026-09-05,13,quantile,0.5,92.0
2026-08-29,wk inc covid hosp,1,2026-09-05,13,quantile,0.55,94.0
2026-08-29,wk inc covid hosp,1,2026-09-05,13,quantile,0.6,97.0
2026-08-29,wk inc covid hosp,1,2026-09-05,13,quantile,0.65,99.0
2026-08-29,wk inc covid hosp,1,2026-09-05,13,quantile,0.7,103.0
2026-08-29,wk inc covid hosp,1,2026-09-05,13,quantile,0.75,106.0
2026-08-29,wk inc covid hosp,1,2026-09-05,13,quantile,0.8,111.0
2026-08-29,wk inc covid hosp,1,2026-09-05,13,quantile,0.85,116.0
2026-08-29,wk inc covid hosp,1,2026-09-05,13,quantile,0.9,123.0
2026-08-29,wk inc covid hosp,1,2026-09-05,13,quantile,0.95,136.0
2026-08-29,wk inc covid hosp,1,2026-09-05,13,quantile,0.975,147.0
2026-08-29,wk inc covid hosp,1,2026-09-05,13,quantile,0.99,163.0
2026-08-29,wk inc covid hosp,1,2026-09-05,15,quantile,0.01,7.0
2026-08-29,wk inc covid hosp,1,2026-09-05,15,quantile,0.025,9.0
2026-08-29,wk inc covid hosp,1,2026-09-05,15,quantile,0.05,10.0
2026-08-29,wk inc covid hosp,1,2026-09-05,15,quantile,0.1,11.0
2026-08-29,wk inc covid hosp,1,2026-09-05,15,quantile,0.15,13.0
2026-08-29,wk inc covid hosp,1,2026-09-05,15,quantile,0.2,14.0
2026-08-29,wk inc covid hosp,1,2026-09-05,15,quantile,0.25,14.0
2026-08-29,wk inc covid hosp,1,2026-09-05,15,quantile,0.3,15.0
2026-08-29,wk inc covid hosp,1,2026-09-05,15,quantile,0.35,16.0
2026-08-29,wk inc covid hosp,1,2026-09-05,15,quantile,0.4,17.0
2026-08-29,wk inc covid hosp,1,2026-09-05,15,quantile,0.45,17.0
2026-08-29,wk inc covid hosp,1,2026-09-05,15,quantile,0.5,18.0
2026-08-29,wk inc covid hosp,1,2026-09-05,15,quantile,0.55,19.0
2026-08-29,wk inc covid hosp,1,2026-09-05,15,quantile,0.6,19.0
2026-08-29,wk inc covid hosp,1,2026-09-05,15,quantile,0.65,20.0
2026-08-29,wk inc covid hosp,1,2026-09-05,15,quantile,0.7,21.0
2026-08-29,wk inc covid hosp,1,2026-09-05,15,quantile,0.75,22.0
2026-08-29,wk inc covid hosp,1,2026-09-05,15,quantile,0.8,23.0
2026-08-29,wk inc covid hosp,1,2026-09-05,15,quantile,0.85,24.0
2026-08-29,wk inc covid hosp,1,2026-09-05,15,quantile,0.9,26.0
2026-08-29,wk inc covid hosp,1,2026-09-05,15,quantile,0.95,29.0
2026-08-29,wk inc covid hosp,1,2026-09-05,15,quantile,0.975,31.0
2026-08-29,wk inc covid hosp,1,2026-09-05,15,quantile,0.99,35.0
2026-08-29,wk inc covid hosp,1,2026-09-05,16,quantile,0.01,1.0
2026-08-29,wk inc covid hosp,1,2026-09-05,16,quantile,0.025,1.0
2026-08-29,wk inc covid hosp,1,2026-09-05,16,quantile,0.05,2.0
2026-08-29,wk inc covid hosp,1,2026-09-05,16,quantile,0.1,2.0
2026-08-29,wk inc covid hosp,1,2026-09-05,16,quantile,0.15,3.0
2026-08-29,wk inc covid hosp,1,2026-09-05,16,quantile,0.2,3.0
2026-08-29,wk inc covid hosp,1,2026-09-05,16,quantile,0.25,3.0
2026-08-29,wk inc covid hosp,1,2026-09-05,16,quantile,0.3,4.0
2026-08-29,wk inc covid hosp,1,2026-09-05,16,quantile,0.35,4.0
2026-08-29,wk inc covid hosp,1,2026-09-05,16,quantile,0.4,4.0
2026-08-29,wk inc covid hosp,1,2026-09-05,16,quantile,0.45,5.0
2026-08-29,wk inc covid hosp,1,2026-09-05,16,quantile,0.5,5.0
2026-08-29,wk inc covid hosp,1,2026-09-05,16,quantile,0.55,5.0
2026-08-29,wk inc covid hosp,1,2026-09-05,16,quantile,0.6,5.0
2026-08-29,wk inc covid hosp,1,2026-09-05,16,quantile,0.65,6.0
2026-08-29,wk inc covid hosp,1,2026-09-05,16,quantile,0.7,6.0
2026-08-29,wk inc covid hosp,1,2026-09-05,16,quantile,0.75,7.0
2026-08-29,wk inc covid hosp,1,2026-09-05,16,quantile,0.8,7.0
2026-08-29,wk inc covid hosp,1,2026-09-05,16,quantile,0.85,8.0
2026-08-29,wk inc covid hosp,1,2026-09-05,16,quantile,0.9,8.0
2026-08-29,wk inc covid hosp,1,2026-09-05,16,quantile,0.95,10.0
2026-08-29,wk inc covid hosp,1,2026-09-05,16,quantile,0.975,11.0
2026-08-29,wk inc covid hosp,1,2026-09-05,16,quantile,0.99,12.0
2026-08-29,wk inc covid hosp,1,2026-09-05,17,quantile,0.01,19.0
2026-08-29,wk inc covid hosp,1,2026-09-05,17,quantile,0.025,21.0
2026-08-29,wk inc covid hosp,1,2026-09-05,17,quantile,0.05,23.0
2026-08-29,wk inc covid hosp,1,2026-09-05,17,quantile,0.1,26.0
2026-08-29,wk inc covid hosp,1,2026-09-05,17,quantile,0.15,27.0
2026-08-29,wk inc covid hosp,1,2026-09-05,17,quantile,0.2,29.0
2026-08-29,wk inc covid hosp,1,2026-09-05,17,quantile,0.25,30.0
2026-08-29,wk inc covid hosp,1,2026-09-05,17,quantile,0.3,31.0
2026-08-29,wk inc covid hosp,1,2026-09-05,17,quantile,0.35,33.0
2026-08-29,wk inc covid hosp,1,2026-09-05,17,quantile,0.4,34.0
2026-08-29,wk inc covid hosp,1,2026-09-05,17,quantile,0.45,35.0
2026-08-29,wk inc covid hosp,1,2026-09-05,17,quantile,0.5,36.0
2026-08-29,wk inc covid hosp,1,2026-09-05,17,quantile,0.55,37.0
2026-08-29,wk inc covid hosp,1,2026-09-05,17,quantile,0.6,38.0
2026-08-29,wk inc covid hosp,1,2026-09-05,17,quantile,0.65,40.0
2026-08-29,wk inc covid hosp,1,2026-09-05,17,quantile,0.7,41.0
2026-08-29,wk inc covid hosp,1,2026-09-05,17,quantile,0.75,43.0
2026-08-29,wk inc covid hosp,1,2026-09-05,17,quantile,0.8,44.0
2026-08-29,wk inc covid hosp,1,2026-09-05,17,quantile,0.85,47.0
2026-08-29,wk inc covid hosp,1,2026-09-05,17,quantile,0.9,50.0
2026-08-29,wk inc covid hosp,1,2026-09-05,17,quantile,0.95,55.0
2026-08-29,wk inc covid hosp,1,2026-09-05,17,quantile,0.975,60.0
2026-08-29,wk inc covid hosp,1,2026-09-05,17,quantile,0.99,66.0
2026-08-29,wk inc covid hosp,1,2026-09-05,18,quantile,0.01,7.0
2026-08-29,wk inc covid hosp,1,2026-09-05,18,quantile,0.025,9.0
2026-08-29,wk inc covid hosp,1,2026-09-05,18,quantile,0.05,10.0
2026-08-29,wk inc covid hosp,1,2026-09-05,18,quantile,0.1,11.0
2026-08-29,wk inc covid hosp,1,2026-09-05,18,quantile,0.15,12.0
2026-08-29,wk inc covid hosp,1,2026-09-05,18,quantile,0.2,13.0
2026-08-29,wk inc covid hosp,1,2026-09-05,18,quantile,0.25,14.0
2026-08-29,wk inc covid hosp,1,2026-09-05,18,quantile,0.3,15.0
2026-08-29,wk inc covid hosp,1,2026-09-05,18,quantile,0.35,15.0
2026-08-29,wk inc covid hosp,1,2026-09-05,18,quantile,0.4,16.0
2026-08-29,wk inc covid hosp,1,2026-09-05,18,quantile,0.45,17.0
2026-08-29,wk inc covid hosp,1,2026-09-05,18,quantile,0.5,17.0
2026-08-29,wk inc covid hosp,1,2026-09-05,18,quantile,0.55,18.0
2026-08-29,wk inc covid hosp,1,2026-09-05,18,quantile,0.6,19.0
2026-08-29,wk inc covid hosp,1,2026-09-05,18,quantile,0.65,20.0
2026-08-29,wk inc covid hosp,1,2026-09-05,18,quantile,0.7,20.0
2026-08-29,wk inc covid hosp,1,2026-09-05,18,quantile,0.75,21.0
2026-08-29,wk inc covid hosp,1,2026-09-05,18,quantile,0.8,23.0
2026-08-29,wk inc covid hosp,1,2026-09-05,18,quantile,0.85,24.0
2026-08-29,wk inc covid hosp,1,2026-09-05,18,quantile,0.9,26.0
2026-08-29,wk inc covid hosp,1,2026-09-05,18,quantile,0.95,28.0
2026-08-29,wk inc covid hosp,1,2026-09-05,18,quantile,0.975,31.0
2026-08-29,wk inc covid hosp,1,2026-09-05,18,quantile,0.99,35.0
2026-08-29,wk inc covid hosp,1,2026-09-05,19,quantile,0.01,1.0
2026-08-29,wk inc covid hosp,1,2026-09-05,19,quantile,0.025,2.0
2026-08-29,wk inc covid hosp,1,2026-09-05,19,quantile,0.05,2.0
2026-08-29,wk inc covid hosp,1,2026-09-05,19,quantile,0.1,3.0
2026-08-29,wk inc covid hosp,1,2026-09-05,19,quantile,0.15,3.0
2026-08-29,wk inc covid hosp,1,2026-09-05,19,quantile,0.2,4.0
2026-08-29,wk inc covid hosp,1,2026-09-05,19,quantile,0.25,4.0
2026-08-29,wk inc covid hosp,1,2026-09-05,19,quantile,0.3,5.0
2026-08-29,wk inc covid hosp,1,2026-09-05,19,quantile,0.35,5.0
2026-08-29,wk inc covid hosp,1,2026-09-05,19,quantile,0.4,5.0
2026-08-29,wk inc covid hosp,1,2026-09-05,19,quantile,0.45,6.0
2026-08-29,wk inc covid hosp,1,2026-09-05,19,quantile,0.5,6.0
2026-08-29,wk inc covid hosp,1,2026-09-05,19,quantile,0.55,6.0
2026-08-29,wk inc covid hosp,1,2026-09-05,19,quantile,0.6,7.0
2026-08-29,wk inc covid hosp,1,2026-09-05,19,quantile,0.65,7.0
2026-08-29,wk inc covid hosp,1,2026-09-05,19,quantile,0.7,7.0
2026-08-29,wk inc covid hosp,1,2026-09-05,19,quantile,0.75,8.0
2026-08-29,wk inc covid hosp,1,2026-09-05,19,quantile,0.8,8.0
2026-08-29,wk inc covid hosp,1,2026-09-05,19,quantile,0.85,9.0
2026-08-29,wk inc covid hosp,1,2026-09-05,19,quantile,0.9,10.0
2026-08-29,wk inc covid hosp,1,2026-09-05,19,quantile,0.95,11.0
2026-08-29,wk inc covid hosp,1,2026-09-05,19,quantile,0.975,13.0
2026-08-29,wk inc covid hosp,1,2026-09-05,19,quantile,0.99,14.0
2026-08-29,wk inc covid hosp,1,2026-09-05,20,quantile,0.01,2.0
2026-08-29,wk inc covid hosp,1,2026-09-05,20,quantile,0.025,2.0
2026-08-29,wk inc covid hosp,1,2026-09-05,20,quantile,0.05,3.0
2026-08-29,wk inc covid hosp,1,2026-09-05,20,quantile,0.1,4.0
2026-08-29,wk inc covid hosp,1,2026-09-05,20,quantile,0.15,5.0
2026-08-29,wk inc covid hosp,1,2026-09-05,20,quantile,0.2,5.0
2026-08-29,wk inc covid hosp,1,2026-09-05,20,quantile,0.25,6.0
2026-08-29,wk inc covid hosp,1,2026-09-05,20,quantile,0.3,6.0
2026-08-29,wk inc covid hosp,1,2026-09-05,20,quantile,0.35,7.0
2026-08-29,wk inc covid hosp,1,2026-09-05,20,quantile,0.4,7.0
2026-08-29,wk inc covid hosp,1,2026-09-05,20,quantile,0.45,7.0
2026-08-29,wk inc covid hosp,1,2026-09-05,20,quantile,0.5,8.0
2026-08-29,wk inc covid hosp,1,2026-09-05,20,quantile,0.55,8.0
2026-08-29,wk inc covid hosp,1,2026-09-05,20,quantile,0.6,9.0
2026-08-29,wk inc covid hosp,1,2026-09-05,20,quantile,0.65,9.0
2026-08-29,wk inc covid hosp,1,2026-09-05,20,quantile,0.7,9.0
2026-08-29,wk inc covid hosp,1,2026-09-05,20,quantile,0.75,10.0
2026-08-29,wk inc covid hosp,1,2026-09-05,20,quantile,0.8,11.0
2026-08-29,wk inc covid hosp,1,2026-09-05,20,quantile,0.85,11.0
2026-08-29,wk inc covid hosp,1,2026-09-05,20,quantile,0.9,12.0
2026-08-29,wk inc covid hosp,1,2026-09-05,20,quantile,0.95,14.0
2026-08-29,wk inc covid hosp,1,2026-09-05,20,quantile,0.975,15.0
2026-08-29,wk inc covid hosp,1,2026-09-05,20,quantile,0.99,17.0
2026-08-29,wk inc covid hosp,1,2026-09-05,21,quantile,0.01,6.0
2026-08-29,wk inc covid hosp,1,2026-09-05,21,quantile,0.025,8.0
2026-08-29,wk inc covid hosp,1,2026-09-05,21,quantile,0.05,9.0
2026-08-29,wk inc covid hosp,1,2026-09-05,21,quantile,0.1,10.0
2026-08-29,wk inc covid hosp,1,2026-09-05,21,quantile,0.15,12.0
2026-08-29,wk inc covid hosp,1,2026-09-05,21,quantile,0.2,12.0
2026-08-29,wk inc covid hosp,1,2026-09-05,21,quantile,0.25,13.0
2026-08-29,wk inc covid hosp,1,2026-09-05,21,quantile,0.3,14.0
2026-08-29,wk inc covid hosp,1,2026-09-05,21,quantile,0.35,15.0
2026-08-29,wk inc covid hosp,1,2026-09-05,21,quantile,0.4,15.0
2026-08-29,wk inc covid hosp,1,2026-09-05,21,quantile,0.45,16.0
2026-08-29,wk inc covid hosp,1,2026-09-05,21,quantile,0.5,16.0
2026-08-29,wk inc covid hosp,1,2026-09-05,21,quantile,0.55,17.0
2026-08-29,wk inc covid hosp,1,2026-09-05,21,quantile,0.6,18.0
2026-08-29,wk inc covid hosp,1,2026-09-05,21,quantile,0.65,18.0
2026-08-29,wk inc covid hosp,1,2026-09-05,21,quantile,0.7,19.0
2026-08-29,wk inc covid hosp,1,2026-09-05,21,quantile,0.75,20.0
2026-08-29,wk inc covid hosp,1,2026-09-05,21,quantile,0.8,21.0
2026-08-29,wk inc covid hosp,1,2026-09-05,21,quantile,0.85,23.0
2026-08-29,wk inc covid hosp,1,2026-09-05,21,quantile,0.9,24.0
2026-08-29,wk inc covid hosp,1,2026-09-05,21,quantile,0.95,27.0
2026-08-29,wk inc covid hosp,1,2026-09-05,21,quantile,0.975,30.0
2026-08-29,wk inc covid hosp,1,2026-09-05,21,quantile,0.99,33.0
2026-08-29,wk inc covid hosp,1,2026-09-05,22,quantile,0.01,43.0
2026-08-29,wk inc covid hosp,1,2026-09-05,22,quantile,0.025,48.0
2026-08-29,wk inc covid hosp,1,2026-09-05,22,quantile,0.05,52.0
2026-08-29,wk inc covid hosp,1,2026-09-05,22,quantile,0.1,57.0
2026-08-29,wk inc covid hosp,1,2026-09-05,22,quantile,0.15,60.0
2026-08-29,wk inc covid hosp,1,2026-09-05,22,quantile,0.2,63.0
2026-08-29,wk inc covid hosp,1,2026-09-05,22,quantile,0.25,65.0
2026-08-29,wk inc covid hosp,1,2026-09-05,22,quantile,0.3,68.0
2026-08-29,wk inc covid hosp,1,2026-09-05,22,quantile,0.35,70.0
2026-08-29,wk inc covid hosp,1,2026-09-05,22,quantile,0.4,72.0
2026-08-29,wk inc covid hosp,1,2026-09-05,22,quantile,0.45,74.0
2026-08-29,wk inc covid hosp,1,2026-09-05,22,quantile,0.5,76.0
2026-08-29,wk inc covid hosp,1,2026-09-05,22,quantile,0.55,78.0
2026-08-29,wk inc covid hosp,1,2026-09-05,22,quantile,0.6,80.0
2026-08-29,wk inc covid hosp,1,2026-09-05,22,quantile,0.65,83.0
2026-08-29,wk inc covid hosp,1,2026-09-05,22,quantile,0.7,86.0
2026-08-29,wk inc covid hosp,1,2026-09-05,22,quantile,0.75,89.0
2026-08-29,wk inc covid hosp,1,2026-09-05,22,quantile,0.8,92.0
2026-08-29,wk inc covid hosp,1,2026-09-05,22,quantile,0.85,97.0
2026-08-29,wk inc covid hosp,1,2026-09-05,22,quantile,0.9,103.0
2026-08-29,wk inc covid hosp,1,2026-09-05,22,quantile,0.95,113.0
2026-08-29,wk inc covid hosp,1,2026-09-05,22,quantile,0.975,123.0
2026-08-29,wk inc covid hosp,1,2026-09-05,22,quantile,0.99,138.0
2026-08-29,wk inc covid hosp,1,2026-09-05,23,quantile,0.01,0.0
2026-08-29,wk inc covid hosp,1,2026-09-05,23,quantile,0.025,0.0
2026-08-29,wk inc covid hosp,1,2026-09-05,23,quantile,0.05,0.0
2026-08-29,wk inc covid hosp,1,2026-09-05,23,quantile,0.1,0.0
2026-08-29,wk inc covid hosp,1,2026-09-05,23,quantile,0.15,0.0
2026-08-29,wk inc covid hosp,1,2026-09-05,23,quantile,0.2,0.0
2026-08-29,wk inc covid hosp,1,2026-09-05,23,quantile,0.25,1.0
2026-08-29,wk inc covid hosp,1,2026-09-05,23,quantile,0.3,1.0
2026-08-29,wk inc covid hosp,1,2026-09-05,23,quantile,0.35,1.0
2026-08-29,wk inc covid hosp,1,2026-09-05,23,quantile,0.4,1.0
2026-08-29,wk inc covid hosp,1,2026-09-05,23,quantile,0.45,1.0
2026-08-29,wk inc covid hosp,1,2026-09-05,23,quantile,0.5,1.0
2026-08-29,wk inc covid hosp,1,2026-09-05,23,quantile,0.55,1.0
2026-08-29,wk inc covid hosp,1,2026-09-05,23,quantile,0.6,2.0
2026-08-29,wk inc covid hosp,1,2026-09-05,23,quantile,0.65,2.0
2026-08-29,wk inc covid hosp,1,2026-09-05,23,quantile,0.7,2.0
2026-08-29,wk inc covid hosp,1,2026-09-05,23,quantile,0.75,2.0
2026-08-29,wk inc covid hosp,1,2026-09-05,23,quantile,0.8,2.0
2026-08-29,wk inc covid hosp,1,2026-09-05,23,quantile,0.85,3.0
2026-08-29,wk inc covid hosp,1,2026-09-05,23,quantile,0.9,3.0
2026-08-29,wk inc covid hosp,1,2026-09-05,23,quantile,0.95,4.0
2026-08-29,wk inc covid hosp,1,2026-09-05,23,quantile,0.975,4.0
2026-08-29,wk inc covid hosp,1,2026-09-05,23,quantile,0.99,5.0
2026-08-29,wk inc covid hosp,1,2026-09-05,24,quantile,0.01,5.0
2026-08-29,wk inc covid hosp,1,2026-09-05,24,quantile,0.025,6.0
2026-08-29,wk inc covid hosp,1,2026-09-05,24,quantile,0.05,7.0
2026-08-29,wk inc covid hosp,1,2026-09-05,24,quantile,0.1,9.0
2026-08-29,wk inc covid hosp,1,2026-09-05,24,quantile,0.15,10.0
2026-08-29,wk inc covid hosp,1,2026-09-05,24,quantile,0.2,10.0
2026-08-29,wk inc covid hosp,1,2026-09-05,24,quantile,0.25,11.0
2026-08-29,wk inc covid hosp,1,2026-09-05,24,quantile,0.3,12.0
2026-08-29,wk inc covid hosp,1,2026-09-05,24,quantile,0.35,12.0
2026-08-29,wk inc covid hosp,1,2026-09-05,24,quantile,0.4,13.0
2026-08-29,wk inc covid hosp,1,2026-09-05,24,quantile,0.45,13.0
2026-08-29,wk inc covid hosp,1,2026-09-05,24,quantile,0.5,14.0
2026-08-29,wk inc covid hosp,1,2026-09-05,24,quantile,0.55,15.0
2026-08-29,wk inc covid hosp,1,2026-09-05,24,quantile,0.6,15.0
2026-08-29,wk inc covid hosp,1,2026-09-05,24,quantile,0.65,16.0
2026-08-29,wk inc covid hosp,1,2026-09-05,24,quantile,0.7,17.0
2026-08-29,wk inc covid hosp,1,2026-09-05,24,quantile,0.75,18.0
2026-08-29,wk inc covid hosp,1,2026-09-05,24,quantile,0.8,18.0
2026-08-29,wk inc covid hosp,1,2026-09-05,24,quantile,0.85,20.0
2026-08-29,wk inc covid hosp,1,2026-09-05,24,quantile,0.9,21.0
2026-08-29,wk inc covid hosp,1,2026-09-05,24,quantile,0.95,24.0
2026-08-29,wk inc covid hosp,1,2026-09-05,24,quantile,0.975,26.0
2026-08-29,wk inc covid hosp,1,2026-09-05,24,quantile,0.99,29.0
2026-08-29,wk inc covid hosp,1,2026-09-05,25,quantile,0.01,12.0
2026-08-29,wk inc covid hosp,1,2026-09-05,25,quantile,0.025,14.0
2026-08-29,wk inc covid hosp,1,2026-09-05,25,quantile,0.05,15.0
2026-08-29,wk inc covid hosp,1,2026-09-05,25,quantile,0.1,17.0
2026-08-29,wk inc covid hosp,1,2026-09-05,25,quantile,0.15,19.0
2026-08-29,wk inc covid hosp,1,2026-09-05,25,quantile,0.2,20.0
2026-08-29,wk inc covid hosp,1,2026-09-05,25,quantile,0.25,21.0
2026-08-29,wk inc covid hosp,1,2026-09-05,25,quantile,0.3,22.0
2026-08-29,wk inc covid hosp,1,2026-09-05,25,quantile,0.35,23.0
2026-08-29,wk inc covid hosp,1,2026-09-05,25,quantile,0.4,24.0
2026-08-29,wk inc covid hosp,1,2026-09-05,25,quantile,0.45,25.0
2026-08-29,wk inc covid hosp,1,2026-09-05,25,quantile,0.5,26.0
2026-08-29,wk inc covid hosp,1,2026-09-05,25,quantile,0.55,27.0
2026-08-29,wk inc covid hosp,1,2026-09-05,25,quantile,0.6,27.0
2026-08-29,wk inc covid hosp,1,2026-09-05,25,quantile,0.65,29.0
2026-08-29,wk inc covid hosp,1,2026-09-05,25,quantile,0.7,30.0
2026-08-29,wk inc covid hosp,1,2026-09-05,25,quantile,0.75,31.0
2026-08-29,wk inc covid hosp,1,2026-09-05,25,quantile,0.8,32.0
2026-08-29,wk inc covid hosp,1,2026-09-05,25,quantile,0.85,34.0
2026-08-29,wk inc covid hosp,1,2026-09-05,25,quantile,0.9,37.0
2026-08-29,wk inc covid hosp,1,2026-09-05,25,quantile,0.95,41.0
2026-08-29,wk inc covid hosp,1,2026-09-05,25,quantile,0.975,45.0
2026-08-29,wk inc covid hosp,1,2026-09-05,25,quantile,0.99,49.0
2026-08-29,wk inc covid hosp,1,2026-09-05,26,quantile,0.01,48.0
2026-08-29,wk inc covid hosp,1,2026-09-05,26,quantile,0.025,53.0
2026-08-29,wk inc covid hosp,1,2026-09-05,26,quantile,0.05,57.0
2026-08-29,wk inc covid hosp,1,2026-09-05,26,quantile,0.1,62.0
2026-08-29,wk inc covid hosp,1,2026-09-05,26,quantile,0.15,66.0
2026-08-29,wk inc covid hosp,1,2026-09-05,26,quantile,0.2,69.0
2026-08-29,wk inc covid hosp,1,2026-09-05,26,quantile,0.25,72.0
2026-08-29,wk inc covid hosp,1,2026-09-05,26,quantile,0.3,74.0
2026-08-29,wk inc covid hosp,1,2026-09-05,26,quantile,0.35,76.0
2026-08-29,wk inc covid hosp,1,2026-09-05,26,quantile,0.4,79.0
2026-08-29,wk inc covid hosp,1,2026-09-05,26,quantile,0.45,81.0
2026-08-29,wk inc covid hosp,1,2026-09-05,26,quantile,0.5,83.0
2026-08-29,wk inc covid hosp,1,2026-09-05,26,quantile,0.55,86.0
2026-08-29,wk inc covid hosp,1,2026-09-05,26,quantile,0.6,88.0
2026-08-29,wk inc covid hosp,1,2026-09-05,26,quantile,0.65,91.0
2026-08-29,wk inc covid hosp,1,2026-09-05,26,quantile,0.7,94.0
2026-08-29,wk inc covid hosp,1,2026-09-05,26,quantile,0.75,97.0
2026-08-29,wk inc covid hosp,1,2026-09-05,26,quantile,0.8,101.0
2026-08-29,wk inc covid hosp,1,2026-09-05,26,quantile,0.85,106.0
2026-08-29,wk inc covid hosp,1,2026-09-05,26,quantile,0.9,113.0
2026-08-29,wk inc covid hosp,1,2026-09-05,26,quantile,0.95,125.0
2026-08-29,wk inc covid hosp,1,2026-09-05,26,quantile,0.975,136.0
2026-08-29,wk inc covid hosp,1,2026-09-05,26,quantile,0.99,151.0
2026-08-29,wk inc covid hosp,1,2026-09-05,27,quantile,0.01,3.0
2026-08-29,wk inc covid hosp,1,2026-09-05,27,quantile,0.025,4.0
2026-08-29,wk inc covid hosp,1,2026-09-05,27,quantile,0.05,4.0
2026-08-29,wk inc covid hosp,1,2026-09-05,27,quantile,0.1,6.0
2026-08-29,wk inc covid hosp,1,2026-09-05,27,quantile,0.15,6.0
2026-08-29,wk inc covid hosp,1,2026-09-05,27,quantile,0.2,7.0
2026-08-29,wk inc covid hosp,1,2026-09-05,27,quantile,0.25,7.0
2026-08-29,wk inc covid hosp,1,2026-09-05,27,quantile,0.3,8.0
2026-08-29,wk inc covid hosp,1,2026-09-05,27,quantile,0.35,8.0
2026-08-29,wk inc covid hosp,1,2026-09-05,27,quantile,0.4,9.0
2026-08-29,wk inc covid hosp,1,2026-09-05,27,quantile,0.45,9.0
2026-08-29,wk inc covid hosp,1,2026-09-05,27,quantile,0.5,10.0
2026-08-29,wk inc covid hosp,1,2026-09-05,27,quantile,0.55,10.0
2026-08-29,wk inc covid hosp,1,2026-09-05,27,quantile,0.6,11.0
2026-08-29,wk inc covid hosp,1,2026-09-05,27,quantile,0.65,11.0
2026-08-29,wk inc covid hosp,1,2026-09-05,27,quantile,0.7,12.0
2026-08-29,wk inc covid hosp,1,2026-09-05,27,quantile,0.75,12.0
2026-08-29,wk inc covid hosp,1,2026-09-05,27,quantile,0.8,13.0
2026-08-29,wk inc covid hosp,1,2026-09-05,27,quantile,0.85,14.0
2026-08-29,wk inc covid hosp,1,2026-09-05,27,quantile,0.9,15.0
2026-08-29,wk inc covid hosp,1,2026-09-05,27,quantile,0.95,17.0
2026-08-29,wk inc covid hosp,1,2026-09-05,27,quantile,0.975,19.0
2026-08-29,wk inc covid hosp,1,2026-09-05,27,quantile,0.99,21.0
2026-08-29,wk inc covid hosp,1,2026-09-05,28,quantile,0.01,20.0
2026-08-29,wk inc covid hosp,1,2026-09-05,28,quantile,0.025,22.0
2026-08-29,wk inc covid hosp,1,2026-09-05,28,quantile,0.05,25.0
2026-08-29,wk inc covid hosp,1,2026-09-05,28,quantile,0.1,27.0
2026-08-29,wk inc covid hosp,1,2026-09-05,28,quantile,0.15,29.0
2026-08-29,wk inc covid hosp,1,2026-09-05,28,quantile,0.2,31.0
2026-08-29,wk inc covid hosp,1,2026-09-05,28,quantile,0.25,32.0
2026-08-29,wk inc covid hosp,1,2026-09-05,28,quantile,0.3,34.0
2026-08-29,wk inc covid hosp,1,2026-09-05,28,quantile,0.35,35.0
2026-08-29,wk inc covid hosp,1,2026-09-05,28,quantile,0.4,36.0
2026-08-29,wk inc covid hosp,1,2026-09-05,28,quantile,0.45,37.0
2026-08-29,wk inc covid hosp,1,2026-09-05,28,quantile,0.5,39.0
2026-08-29,wk inc covid hosp,1,2026-09-05,28,quantile,0.55,40.0
2026-08-29,wk inc covid hosp,1,2026-09-05,28,quantile,0.6,41.0
2026-08-29,wk inc covid hosp,1,2026-09-05,28,quantile,0.65,43.0
2026-08-29,wk inc covid hosp,1,2026-09-05,28,quantile,0.7,44.0
2026-08-29,wk inc covid hosp,1,2026-09-05,28,quantile,0.75,46.0
2026-08-29,wk inc covid hosp,1,2026-09-05,28,quantile,0.8,48.0
2026-08-29,wk inc covid hosp,1,2026-09-05,28,quantile,0.85,50.0
2026-08-29,wk inc covid hosp,1,2026-09-05,28,quantile,0.9,54.0
2026-08-29,wk inc covid hosp,1,2026-09-05,28,quantile,0.95,60.0
2026-08-29,wk inc covid hosp,1,2026-09-05,28,quantile,0.975,65.0
2026-08-29,wk inc covid hosp,1,2026-09-05,28,quantile,0.99,73.0
2026-08-29,wk inc covid hosp,1,2026-09-05,29,quantile,0.01,6.0
2026-08-29,wk inc covid hosp,1,2026-09-05,29,quantile,0.025,8.0
2026-08-29,wk inc covid hosp,1,2026-09-05,29,quantile,0.05,9.0
2026-08-29,wk inc covid hosp,1,2026-09-05,29,quantile,0.1,10.0
2026-08-29,wk inc covid hosp,1,2026-09-05,29,quantile,0.15,11.0
2026-08-29,wk inc covid hosp,1,2026-09-05,29,quantile,0.2,12.0
2026-08-29,wk inc covid hosp,1,2026-09-05,29,quantile,0.25,13.0
2026-08-29,wk inc covid hosp,1,2026-09-05,29,quantile,0.3,14.0
2026-08-29,wk inc covid hosp,1,2026-09-05,29,quantile,0.35,14.0
2026-08-29,wk inc covid hosp,1,2026-09-05,29,quantile,0.4,15.0
2026-08-29,wk inc covid hosp,1,2026-09-05,29,quantile,0.45,16.0
2026-08-29,wk inc covid hosp,1,2026-09-05,29,quantile,0.5,16.0
2026-08-29,wk inc covid hosp,1,2026-09-05,29,quantile,0.55,17.0
2026-08-29,wk inc covid hosp,1,2026-09-05,29,quantile,0.6,18.0
2026-08-29,wk inc covid hosp,1,2026-09-05,29,quantile,0.65,18.0
2026-08-29,wk inc covid hosp,1,2026-09-05,29,quantile,0.7,19.0
2026-08-29,wk inc covid hosp,1,2026-09-05,29,quantile,0.75,20.0
2026-08-29,wk inc covid hosp,1,2026-09-05,29,quantile,0.8,21.0
2026-08-29,wk inc covid hosp,1,2026-09-05,29,quantile,0.85,22.0
2026-08-29,wk inc covid hosp,1,2026-09-05,29,quantile,0.9,24.0
2026-08-29,wk inc covid hosp,1,2026-09-05,29,quantile,0.95,27.0
2026-08-29,wk inc covid hosp,1,2026-09-05,29,quantile,0.975,29.0
2026-08-29,wk inc covid hosp,1,2026-09-05,29,quantile,0.99,32.0
2026-08-29,wk inc covid hosp,1,2026-09-05,30,quantile,0.01,0.0
2026-08-29,wk inc covid hosp,1,2026-09-05,30,quantile,0.025,0.0
2026-08-29,wk inc covid hosp,1,2026-09-05,30,quantile,0.05,0.0
2026-08-29,wk inc covid hosp,1,2026-09-05,30,quantile,0.1,0.0
2026-08-29,wk inc covid hosp,1,2026-09-05,30,quantile,0.15,1.0
2026-08-29,wk inc covid hosp,1,2026-09-05,30,quantile,0.2,1.0
2026-08-29,wk inc covid hosp,1,2026-09-05,30,quantile,0.25,1.0
2026-08-29,wk inc covid hosp,1,2026-09-05,30,quantile,0.3,1.0
2026-08-29,wk inc covid hosp,1,2026-09-05,30,quantile,0.35,2.0
2026-08-29,wk inc covid hosp,1,2026-09-05,30,quantile,0.4,2.0
2026-08-29,wk inc covid hosp,1,2026-09-05,30,quantile,0.45,2.0
2026-08-29,wk inc covid hosp,1,2026-09-05,30,quantile,0.5,2.0
2026-08-29,wk inc covid hosp,1,2026-09-05,30,quantile,0.55,2.0
2026-08-29,wk inc covid hosp,1,2026-09-05,30,quantile,0.6,3.0
2026-08-29,wk inc covid hosp,1,2026-09-05,30,quantile,0.65,3.0
2026-08-29,wk inc covid hosp,1,2026-09-05,30,quantile,0.7,3.0
2026-08-29,wk inc covid hosp,1,2026-09-05,30,quantile,0.75,3.0
2026-08-29,wk inc covid hosp,1,2026-09-05,30,quantile,0.8,4.0
2026-08-29,wk inc covid hosp,1,2026-09-05,30,quantile,0.85,4.0
2026-08-29,wk inc covid hosp,1,2026-09-05,30,quantile,0.9,4.0
2026-08-29,wk inc covid hosp,1,2026-09-05,30,quantile,0.95,5.0
2026-08-29,wk inc covid hosp,1,2026-09-05,30,quantile,0.975,6.0
2026-08-29,wk inc covid hosp,1,2026-09-05,30,quantile,0.99,7.0
2026-08-29,wk inc covid hosp,1,2026-09-05,31,quantile,0.01,0.0
2026-08-29,wk inc covid hosp,1,2026-09-05,31,quantile,0.025,1.0
2026-08-29,wk inc covid hosp,1,2026-09-05,31,quantile,0.05,1.0
2026-08-29,wk inc covid hosp,1,2026-09-05,31,quantile,0.1,1.0
2026-08-29,wk inc covid hosp,1,2026-09-05,31,quantile,0.15,2.0
2026-08-29,wk inc covid hosp,1,2026-09-05,31,quantile,0.2,2.0
2026-08-29,wk inc covid hosp,1,2026-09-05,31,quantile,0.25,2.0
2026-08-29,wk inc covid hosp,1,2026-09-05,31,quantile,0.3,3.0
2026-08-29,wk inc covid hosp,1,2026-09-05,31,quantile,0.35,3.0
2026-08-29,wk inc covid hosp,1,2026-09-05,31,quantile,0.4,3.0
2026-08-29,wk inc covid hosp,1,2026-09-05,31,quantile,0.45,4.0
2026-08-29,wk inc covid hosp,1,2026-09-05,31,quantile,0.5,4.0
2026-08-29,wk inc covid hosp,1,2026-09-05,31,quantile,0.55,4.0
2026-08-29,wk inc covid hosp,1,2026-09-05,31,quantile,0.6,4.0
2026-08-29,wk inc covid hosp,1,2026-09-05,31,quantile,0.65,5.0
2026-08-29,wk inc covid hosp,1,2026-09-05,31,quantile,0.7,5.0
2026-08-29,wk inc covid hosp,1,2026-09-05,31,quantile,0.75,5.0
2026-08-29,wk inc covid hosp,1,2026-09-05,31,quantile,0.8,6.0
2026-08-29,wk inc covid hosp,1,2026-09-05,31,quantile,0.85,6.0
2026-08-29,wk inc covid hosp,1,2026-09-05,31,quantile,0.9,7.0
2026-08-29,wk inc covid hosp,1,2026-09-05,31,quantile,0.95,8.0
2026-08-29,wk inc covid hosp,1,2026-09-05,31,quantile,0.975,9.0
2026-08-29,wk inc covid hosp,1,2026-09-05,31,quantile,0.99,10.0
2026-08-29,wk inc covid hosp,1,2026-09-05,32,quantile,0.01,5.0
2026-08-29,wk inc covid hosp,1,2026-09-05,32,quantile,0.025,6.0
2026-08-29,wk inc covid hosp,1,2026-09-05,32,quantile,0.05,7.0
2026-08-29,wk inc covid hosp,1,2026-09-05,32,quantile,0.1,8.0
2026-08-29,wk inc covid hosp,1,2026-09-05,32,quantile,0.15,9.0
2026-08-29,wk inc covid hosp,1,2026-09-05,32,quantile,0.2,10.0
2026-08-29,wk inc covid hosp,1,2026-09-05,32,quantile,0.25,11.0
2026-08-29,wk inc covid hosp,1,2026-09-05,32,quantile,0.3,11.0
2026-08-29,wk inc covid hosp,1,2026-09-05,32,quantile,0.35,12.0
2026-08-29,wk inc covid hosp,1,2026-09-05,32,quantile,0.4,12.0
2026-08-29,wk inc covid hosp,1,2026-09-05,32,quantile,0.45,13.0
2026-08-29,wk inc covid hosp,1,2026-09-05,32,quantile,0.5,14.0
2026-08-29,wk inc covid hosp,1,2026-09-05,32,quantile,0.55,14.0
2026-08-29,wk inc covid hosp,1,2026-09-05,32,quantile,0.6,15.0
2026-08-29,wk inc covid hosp,1,2026-09-05,32,quantile,0.65,15.0
2026-08-29,wk inc covid hosp,1,2026-09-05,32,quantile,0.7,16.0
2026-08-29,wk inc covid hosp,1,2026-09-05,32,quantile,0.75,17.0
2026-08-29,wk inc covid hosp,1,2026-09-05,32,quantile,0.8,18.0
2026-08-29,wk inc covid hosp,1,2026-09-05,32,quantile,0.85,19.0
2026-08-29,wk inc covid hosp,1,2026-09-05,32,quantile,0.9,20.0
2026-08-29,wk inc covid hosp,1,2026-09-05,32,quantile,0.95,23.0
2026-08-29,wk inc covid hosp,1,2026-09-05,32,quantile,0.975,25.0
2026-08-29,wk inc covid hosp,1,2026-09-05,32,quantile,0.99,28.0
2026-08-29,wk inc covid hosp,1,2026-09-05,33,quantile,0.01,1.0
2026-08-29,wk inc covid hosp,1,2026-09-05,33,quantile,0.025,2.0
2026-08-29,wk inc covid hosp,1,2026-09-05,33,quantile,0.05,2.0
2026-08-29,wk inc covid hosp,1,2026-09-05,33,quantile,0.1,3.0
2026-08-29,wk inc covid hosp,1,2026-09-05,33,quantile,0.15,3.0
2026-08-29,wk inc covid hosp,1,2026-09-05,33,quantile,0.2,4.0
2026-08-29,wk inc covid hosp,1,2026-09-05,33,quantile,0.25,4.0
2026-08-29,wk inc covid hosp,1,2026-09-05,33,quantile,0.3,5.0
2026-08-29,wk inc covid hosp,1,2026-09-05,33,quantile,0.35,5.0
2026-08-29,wk inc covid hosp,1,2026-09-05,33,quantile,0.4,5.0
2026-08-29,wk inc covid hosp,1,2026-09-05,33,quantile,0.45,6.0
2026-08-29,wk inc covid hosp,1,2026-09-05,33,quantile,0.5,6.0
2026-08-29,wk inc covid hosp,1,2026-09-05,33,quantile,0.55,6.0
2026-08-29,wk inc covid hosp,1,2026-09-05,33,quantile,0.6,7.0
2026-08-29,wk inc covid hosp,1,2026-09-05,33,quantile,0.65,7.0
2026-08-29,wk inc covid hosp,1,2026-09-05,33,quantile,0.7,8.0
2026-08-29,wk inc covid hosp,1,2026-09-05,33,quantile,0.75,8.0
2026-08-29,wk inc covid hosp,1,2026-09-05,33,quantile,0.8,9.0
2026-08-29,wk inc covid hosp,1,2026-09-05,33,quantile,0.85,9.0
2026-08-29,wk inc covid hosp,1,2026-09-05,33,quantile,0.9,10.0
2026-08-29,wk inc covid hosp,1,2026-09-05,33,quantile,0.95,11.0
2026-08-29,wk inc covid hosp,1,2026-09-05,33,quantile,0.975,13.0
2026-08-29,wk inc covid hosp,1,2026-09-05,33,quantile,0.99,14.0
2026-08-29,wk inc covid hosp,1,2026-09-05,34,quantile,0.01,48.0
2026-08-29,wk inc covid hosp,1,2026-09-05,34,quantile,0.025,53.0
2026-08-29,wk inc covid hosp,1,2026-09-05,34,quantile,0.05,57.0
2026-08-29,wk inc covid hosp,1,2026-09-05,34,quantile,0.1,62.0
2026-08-29,wk inc covid hosp,1,2026-09-05,34,quantile,0.15,65.0
2026-08-29,wk inc covid hosp,1,2026-09-05,34,quantile,0.2,68.0
2026-08-29,wk inc covid hosp,1,2026-09-05,34,quantile,0.25,71.0
2026-08-29,wk inc covid hosp,1,2026-09-05,34,quantile,0.3,73.0
2026-08-29,wk inc covid hosp,1,2026-09-05,34,quantile,0.35,75.0
2026-08-29,wk inc covid hosp,1,2026-09-05,34,quantile,0.4,78.0
2026-08-29,wk inc covid hosp,1,2026-09-05,34,quantile,0.45,80.0
2026-08-29,wk inc covid hosp,1,2026-09-05,34,quantile,0.5,83.0
2026-08-29,wk inc covid hosp,1,2026-09-05,34,quantile,0.55,85.0
2026-08-29,wk inc covid hosp,1,2026-09-05,34,quantile,0.6,87.0
2026-08-29,wk inc covid hosp,1,2026-09-05,34,quantile,0.65,90.0
2026-08-29,wk inc covid hosp,1,2026-09-05,34,quantile,0.7,93.0
2026-08-29,wk inc covid hosp,1,2026-09-05,34,quantile,0.75,97.0
2026-08-29,wk inc covid hosp,1,2026-09-05,34,quantile,0.8,101.0
2026-08-29,wk inc covid hosp,1,2026-09-05,34,quantile,0.85,106.0
2026-08-29,wk inc covid hosp,1,2026-09-05,34,quantile,0.9,113.0
2026-08-29,wk inc covid hosp,1,2026-09-05,34,quantile,0.95,126.0
2026-08-29,wk inc covid hosp,1,2026-09-05,34,quantile,0.975,137.0
2026-08-29,wk inc covid hosp,1,2026-09-05,34,quantile,0.99,153.0
2026-08-29,wk inc covid hosp,1,2026-09-05,35,quantile,0.01,3.0
2026-08-29,wk inc covid hosp,1,2026-09-05,35,quantile,0.025,4.0
2026-08-29,wk inc covid hosp,1,2026-09-05,35,quantile,0.05,4.0
2026-08-29,wk inc covid hosp,1,2026-09-05,35,quantile,0.1,5.0
2026-08-29,wk inc covid hosp,1,2026-09-05,35,quantile,0.15,6.0
2026-08-29,wk inc covid hosp,1,2026-09-05,35,quantile,0.2,7.0
2026-08-29,wk inc covid hosp,1,2026-09-05,35,quantile,0.25,7.0
2026-08-29,wk inc covid hosp,1,2026-09-05,35,quantile,0.3,8.0
2026-08-29,wk inc covid hosp,1,2026-09-05,35,quantile,0.35,8.0
2026-08-29,wk inc covid hosp,1,2026-09-05,35,quantile,0.4,9.0
2026-08-29,wk inc covid hosp,1,2026-09-05,35,quantile,0.45,9.0
2026-08-29,wk inc covid hosp,1,2026-09-05,35,quantile,0.5,10.0
2026-08-29,wk inc covid hosp,1,2026-09-05,35,quantile,0.55,10.0
2026-08-29,wk inc covid hosp,1,2026-09-05,35,quantile,0.6,11.0
2026-08-29,wk inc covid hosp,1,2026-09-05,35,quantile,0.65,11.0
2026-08-29,wk inc covid hosp,1,2026-09-05,35,quantile,0.7,12.0
2026-08-29,wk inc covid hosp,1,2026-09-05,35,quantile,0.75,12.0
2026-08-29,wk inc covid hosp,1,2026-09-05,35,quantile,0.8,13.0
2026-08-29,wk inc covid hosp,1,2026-09-05,35,quantile,0.85,14.0
2026-08-29,wk inc covid hosp,1,2026-09-05,35,quantile,0.9,15.0
2026-08-29,wk inc covid hosp,1,2026-09-05,35,quantile,0.95,17.0
2026-08-29,wk inc covid hosp,1,2026-09-05,35,quantile,0.975,19.0
2026-08-29,wk inc covid hosp,1,2026-09-05,35,quantile,0.99,21.0
2026-08-29,wk inc covid hosp,1,2026-09-05,36,quantile,0.01,88.0
2026-08-29,wk inc covid hosp,1,2026-09-05,36,quantile,0.025,96.0
2026-08-29,wk inc covid hosp,1,2026-09-05,36,quantile,0.05,103.0
2026-08-29,wk inc covid hosp,1,2026-09-05,36,quantile,0.1,112.0
2026-08-29,wk inc covid hosp,1,2026-09-05,36,quantile,0.15,118.0
2026-08-29,wk inc covid hosp,1,2026-09-05,36,quantile,0.2,124.0
2026-08-29,wk inc covid hosp,1,2026-09-05,36,quantile,0.25,128.0
2026-08-29,wk inc covid hosp,1,2026-09-05,36,quantile,0.3,132.0
2026-08-29,wk inc covid hosp,1,2026-09-05,36,quantile,0.35,136.0
2026-08-29,wk inc covid hosp,1,2026-09-05,36,quantile,0.4,140.0
2026-08-29,wk inc covid hosp,1,2026-09-05,36,quantile,0.45,144.0
2026-08-29,wk inc covid hosp,1,2026-09-05,36,quantile,0.5,148.0
2026-08-29,wk inc covid hosp,1,2026-09-05,36,quantile,0.55,152.0
2026-08-29,wk inc covid hosp,1,2026-09-05,36,quantile,0.6,156.0
2026-08-29,wk inc covid hosp,1,2026-09-05,36,quantile,0.65,161.0
2026-08-29,wk inc covid hosp,1,2026-09-05,36,quantile,0.7,166.0
2026-08-29,wk inc covid hosp,1,2026-09-05,36,quantile,0.75,172.0
2026-08-29,wk inc covid hosp,1,2026-09-05,36,quantile,0.8,179.0
2026-08-29,wk inc covid hosp,1,2026-09-05,36,quantile,0.85,187.0
2026-08-29,wk inc covid hosp,1,2026-09-05,36,quantile,0.9,199.0
2026-08-29,wk inc covid hosp,1,2026-09-05,36,quantile,0.95,221.0
2026-08-29,wk inc covid hosp,1,2026-09-05,36,quantile,0.975,242.0
2026-08-29,wk inc covid hosp,1,2026-09-05,36,quantile,0.99,269.0
2026-08-29,wk inc covid hosp,1,2026-09-05,37,quantile,0.01,91.0
2026-08-29,wk inc covid hosp,1,2026-09-05,37,quantile,0.025,99.0
2026-08-29,wk inc covid hosp,1,2026-09-05,37,quantile,0.05,107.0
2026-08-29,wk inc covid hosp,1,2026-09-05,37,quantile,0.1,116.0
2026-08-29,wk inc covid hosp,1,2026-09-05,37,quantile,0.15,123.0
2026-08-29,wk inc covid hosp,1,2026-09-05,37,quantile,0.2,128.0
2026-08-29,wk inc covid hosp,1,2026-09-05,37,quantile,0.25,133.0
2026-08-29,wk inc covid hosp,1,2026-09-05,37,quantile,0.3,137.0
2026-08-29,wk inc covid hosp,1,2026-09-05,37,quantile,0.35,142.0
2026-08-29,wk inc covid hosp,1,2026-09-05,37,quantile,0.4,145.0
2026-08-29,wk inc covid hosp,1,2026-09-05,37,quantile,0.45,149.0
2026-08-29,wk inc covid hosp,1,2026-09-05,37,quantile,0.5,154.0
2026-08-29,wk inc covid hosp,1,2026-09-05,37,quantile,0.55,158.0
2026-08-29,wk inc covid hosp,1,2026-09-05,37,quantile,0.6,163.0
2026-08-29,wk inc covid hosp,1,2026-09-05,37,quantile,0.65,167.0
2026-08-29,wk inc covid hosp,1,2026-09-05,37,quantile,0.7,173.0
2026-08-29,wk inc covid hosp,1,2026-09-05,37,quantile,0.75,179.0
2026-08-29,wk inc covid hosp,1,2026-09-05,37,quantile,0.8,186.0
2026-08-29,wk inc covid hosp,1,2026-09-05,37,quantile,0.85,196.0
2026-08-29,wk inc covid hosp,1,2026-09-05,37,quantile,0.9,209.0
2026-08-29,wk inc covid hosp,1,2026-09-05,37,quantile,0.95,231.0
2026-08-29,wk inc covid hosp,1,2026-09-05,37,quantile,0.975,254.0
2026-08-29,wk inc covid hosp,1,2026-09-05,37,quantile,0.99,283.0
2026-08-29,wk inc covid hosp,1,2026-09-05,38,quantile,0.01,0.0
2026-08-29,wk inc covid hosp,1,2026-09-05,38,quantile,0.025,0.0
2026-08-29,wk inc covid hosp,1,2026-09-05,38,quantile,0.05,0.0
2026-08-29,wk inc covid hosp,1,2026-09-05,38,quantile,0.1,0.0
2026-08-29,wk inc covid hosp,1,2026-09-05,38,quantile,0.15,0.0
2026-08-29,wk inc covid hosp,1,2026-09-05,38,quantile,0.2,0.0
2026-08-29,wk inc covid hosp,1,2026-09-05,38,quantile,0.25,0.0
2026-08-29,wk inc covid hosp,1,2026-09-05,38,quantile,0.3,0.0
2026-08-29,wk inc covid hosp,1,2026-09-05,38,quantile,0.35,0.0
2026-08-29,wk inc covid hosp,1,2026-09-05,38,quantile,0.4,1.0
2026-08-29,wk inc covid hosp,1,2026-09-05,38,quantile,0.45,1.0
2026-08-29,wk inc covid hosp,1,2026-09-05,38,quantile,0.5,1.0
2026-08-29,wk inc covid hosp,1,2026-09-05,38,quantile,0.55,1.0
2026-08-29,wk inc covid hosp,1,2026-09-05,38,quantile,0.6,1.0
2026-08-29,wk inc covid hosp,1,2026-09-05,38,quantile,0.65,1.0
2026-08-29,wk inc covid hosp,1,2026-09-05,38,quantile,0.7,1.0
2026-08-29,wk inc covid hosp,1,2026-09-05,38,quantile,0.75,2.0
2026-08-29,wk inc covid hosp,1,2026-09-05,38,quantile,0.8,2.0
2026-08-29,wk inc covid hosp,1,2026-09-05,38,quantile,0.85,2.0
2026-08-29,wk inc covid hosp,1,2026-09-05,38,quantile,0.9,2.0
2026-08-29,wk inc covid hosp,1,2026-09-05,38,quantile,0.95,3.0
2026-08-29,wk inc covid hosp,1,2026-09-05,38,quantile,0.975,3.0
2026-08-29,wk inc covid hosp,1,2026-09-05,38,quantile,0.99,4.0
2026-08-29,wk inc covid hosp,1,2026-09-05,39,quantile,0.01,19.0
2026-08-29,wk inc covid hosp,1,2026-09-05,39,quantile,0.025,22.0
2026-08-29,wk inc covid hosp,1,2026-09-05,39,quantile,0.05,24.0
2026-08-29,wk inc covid hosp,1,2026-09-05,39,quantile,0.1,27.0
2026-08-29,wk inc covid hosp,1,2026-09-05,39,quantile,0.15,29.0
2026-08-29,wk inc covid hosp,1,2026-09-05,39,quantile,0.2,30.0
2026-08-29,wk inc covid hosp,1,2026-09-05,39,quantile,0.25,32.0
2026-08-29,wk inc covid hosp,1,2026-09-05,39,quantile,0.3,33.0
2026-08-29,wk inc covid hosp,1,2026-09-05,39,quantile,0.35,34.0
2026-08-29,wk inc covid hosp,1,2026-09-05,39,quantile,0.4,36.0
2026-08-29,wk inc covid hosp,1,2026-09-05,39,quantile,0.45,37.0
2026-08-29,wk inc covid hosp,1,2026-09-05,39,quantile,0.5,38.0
2026-08-29,wk inc covid hosp,1,2026-09-05,39,quantile,0.55,39.0
2026-08-29,wk inc covid hosp,1,2026-09-05,39,quantile,0.6,41.0
2026-08-29,wk inc covid hosp,1,2026-09-05,39,quantile,0.65,42.0
2026-08-29,wk inc covid hosp,1,2026-09-05,39,quantile,0.7,44.0
2026-08-29,wk inc covid hosp,1,2026-09-05,39,quantile,0.75,45.0
2026-08-29,wk inc covid hosp,1,2026-09-05,39,quantile,0.8,47.0
2026-08-29,wk inc covid hosp,1,2026-09-05,39,quantile,0.85,50.0
2026-08-29,wk inc covid hosp,1,2026-09-05,39,quantile,0.9,54.0
2026-08-29,wk inc covid hosp,1,2026-09-05,39,quantile,0.95,60.0
2026-08-29,wk inc covid hosp,1,2026-09-05,39,quantile,0.975,65.0
2026-08-29,wk inc covid hosp,1,2026-09-05,39,quantile,0.99,73.0
2026-08-29,wk inc covid hosp,1,2026-09-05,40,quantile,0.01,4.0
2026-08-29,wk inc covid hosp,1,2026-09-05,40,quantile,0.025,6.0
2026-08-29,wk inc covid hosp,1,2026-09-05,40,quantile,0.05,7.0
2026-08-29,wk inc covid hosp,1,2026-09-05,40,quantile,0.1,8.0
2026-08-29,wk inc covid hosp,1,2026-09-05,40,quantile,0.15,9.0
2026-08-29,wk inc covid hosp,1,2026-09-05,40,quantile,0.2,10.0
2026-08-29,wk inc covid hosp,1,2026-09-05,40,quantile,0.25,10.0
2026-08-29,wk inc covid hosp,1,2026-09-05,40,quantile,0.3,11.0
2026-08-29,wk inc covid hosp,1,2026-09-05,40,quantile,0.35,11.0
2026-08-29,wk inc covid hosp,1,2026-09-05,40,quantile,0.4,12.0
2026-08-29,wk inc covid hosp,1,2026-09-05,40,quantile,0.45,13.0
2026-08-29,wk inc covid hosp,1,2026-09-05,40,quantile,0.5,13.0
2026-08-29,wk inc covid hosp,1,2026-09-05,40,quantile,0.55,14.0
2026-08-29,wk inc covid hosp,1,2026-09-05,40,quantile,0.6,14.0
2026-08-29,wk inc covid hosp,1,2026-09-05,40,quantile,0.65,15.0
2026-08-29,wk inc covid hosp,1,2026-09-05,40,quantile,0.7,16.0
2026-08-29,wk inc covid hosp,1,2026-09-05,40,quantile,0.75,16.0
2026-08-29,wk inc covid hosp,1,2026-09-05,40,quantile,0.8,17.0
2026-08-29,wk inc covid hosp,1,2026-09-05,40,quantile,0.85,18.0
2026-08-29,wk inc covid hosp,1,2026-09-05,40,quantile,0.9,20.0
2026-08-29,wk inc covid hosp,1,2026-09-05,40,quantile,0.95,22.0
2026-08-29,wk inc covid hosp,1,2026-09-05,40,quantile,0.975,25.0
2026-08-29,wk inc covid hosp,1,2026-09-05,40,quantile,0.99,28.0
2026-08-29,wk inc covid hosp,1,2026-09-05,41,quantile,0.01,4.0
2026-08-29,wk inc covid hosp,1,2026-09-05,41,quantile,0.025,5.0
2026-08-29,wk inc covid hosp,1,2026-09-05,41,quantile,0.05,6.0
2026-08-29,wk inc covid hosp,1,2026-09-05,41,quantile,0.1,7.0
2026-08-29,wk inc covid hosp,1,2026-09-05,41,quantile,0.15,8.0
2026-08-29,wk inc covid hosp,1,2026-09-05,41,quantile,0.2,9.0
2026-08-29,wk inc covid hosp,1,2026-09-05,41,quantile,0.25,10.0
2026-08-29,wk inc covid hosp,1,2026-09-05,41,quantile,0.3,10.0
2026-08-29,wk inc covid hosp,1,2026-09-05,41,quantile,0.35,11.0
2026-08-29,wk inc covid hosp,1,2026-09-05,41,quantile,0.4,11.0
2026-08-29,wk inc covid hosp,1,2026-09-05,41,quantile,0.45,12.0
2026-08-29,wk inc covid hosp,1,2026-09-05,41,quantile,0.5,12.0
2026-08-29,wk inc covid hosp,1,2026-09-05,41,quantile,0.55,13.0
2026-08-29,wk inc covid hosp,1,2026-09-05,41,quantile,0.6,13.0
2026-08-29,wk inc covid hosp,1,2026-09-05,41,quantile,0.65,14.0
2026-08-29,wk inc covid hosp,1,2026-09-05,41,quantile,0.7,15.0
2026-08-29,wk inc covid hosp,1,2026-09-05,41,quantile,0.75,15.0
2026-08-29,wk inc covid hosp,1,2026-09-05,41,quantile,0.8,16.0
2026-08-29,wk inc covid hosp,1,2026-09-05,41,quantile,0.85,17.0
2026-08-29,wk inc covid hosp,1,2026-09-05,41,quantile,0.9,19.0
2026-08-29,wk inc covid hosp,1,2026-09-05,41,quantile,0.95,21.0
2026-08-29,wk inc covid hosp,1,2026-09-05,41,quantile,0.975,23.0
2026-08-29,wk inc covid hosp,1,2026-09-05,41,quantile,0.99,26.0
2026-08-29,wk inc covid hosp,1,2026-09-05,42,quantile,0.01,37.0
2026-08-29,wk inc covid hosp,1,2026-09-05,42,quantile,0.025,41.0
2026-08-29,wk inc covid hosp,1,2026-09-05,42,quantile,0.05,45.0
2026-08-29,wk inc covid hosp,1,2026-09-05,42,quantile,0.1,49.0
2026-08-29,wk inc covid hosp,1,2026-09-05,42,quantile,0.15,52.0
2026-08-29,wk inc covid hosp,1,2026-09-05,42,quantile,0.2,55.0
2026-08-29,wk inc covid hosp,1,2026-09-05,42,quantile,0.25,57.0
2026-08-29,wk inc covid hosp,1,2026-09-05,42,quantile,0.3,59.0
2026-08-29,wk inc covid hosp,1,2026-09-05,42,quantile,0.35,61.0
2026-08-29,wk inc covid hosp,1,2026-09-05,42,quantile,0.4,63.0
2026-08-29,wk inc covid hosp,1,2026-09-05,42,quantile,0.45,65.0
2026-08-29,wk inc covid hosp,1,2026-09-05,42,quantile,0.5,67.0
2026-08-29,wk inc covid hosp,1,2026-09-05,42,quantile,0.55,69.0
2026-08-29,wk inc covid hosp,1,2026-09-05,42,quantile,0.6,71.0
2026-08-29,wk inc covid hosp,1,2026-09-05,42,quantile,0.65,74.0
2026-08-29,wk inc covid hosp,1,2026-09-05,42,quantile,0.7,76.0
2026-08-29,wk inc covid hosp,1,2026-09-05,42,quantile,0.75,79.0
2026-08-29,wk inc covid hosp,1,2026-09-05,42,quantile,0.8,82.0
2026-08-29,wk inc covid hosp,1,2026-09-05,42,quantile,0.85,87.0
2026-08-29,wk inc covid hosp,1,2026-09-05,42,quantile,0.9,93.0
2026-08-29,wk inc covid hosp,1,2026-09-05,42,quantile,0.95,102.0
2026-08-29,wk inc covid hosp,1,2026-09-05,42,quantile,0.975,113.0
2026-08-29,wk inc covid hosp,1,2026-09-05,42,quantile,0.99,127.0
2026-08-29,wk inc covid hosp,1,2026-09-05,44,quantile,0.01,1.0
2026-08-29,wk inc covid hosp,1,2026-09-05,44,quantile,0.025,1.0
2026-08-29,wk inc covid hosp,1,2026-09-05,44,quantile,0.05,2.0
2026-08-29,wk inc covid hosp,1,2026-09-05,44,quantile,0.1,2.0
2026-08-29,wk inc covid hosp,1,2026-09-05,44,quantile,0.15,3.0
2026-08-29,wk inc covid hosp,1,2026-09-05,44,quantile,0.2,3.0
2026-08-29,wk inc covid hosp,1,2026-09-05,44,quantile,0.25,4.0
2026-08-29,wk inc covid hosp,1,2026-09-05,44,quantile,0.3,4.0
2026-08-29,wk inc covid hosp,1,2026-09-05,44,quantile,0.35,4.0
2026-08-29,wk inc covid hosp,1,2026-09-05,44,quantile,0.4,5.0
2026-08-29,wk inc covid hosp,1,2026-09-05,44,quantile,0.45,5.0
2026-08-29,wk inc covid hosp,1,2026-09-05,44,quantile,0.5,5.0
2026-08-29,wk inc covid hosp,1,2026-09-05,44,quantile,0.55,6.0
2026-08-29,wk inc covid hosp,1,2026-09-05,44,quantile,0.6,6.0
2026-08-29,wk inc covid hosp,1,2026-09-05,44,quantile,0.65,6.0
2026-08-29,wk inc covid hosp,1,2026-09-05,44,quantile,0.7,7.0
2026-08-29,wk inc covid hosp,1,2026-09-05,44,quantile,0.75,7.0
2026-08-29,wk inc covid hosp,1,2026-09-05,44,quantile,0.8,8.0
2026-08-29,wk inc covid hosp,1,2026-09-05,44,quantile,0.85,8.0
2026-08-29,wk inc covid hosp,1,2026-09-05,44,quantile,0.9,9.0
2026-08-29,wk inc covid hosp,1,2026-09-05,44,quantile,0.95,11.0
2026-08-29,wk inc covid hosp,1,2026-09-05,44,quantile,0.975,12.0
2026-08-29,wk inc covid hosp,1,2026-09-05,44,quantile,0.99,13.0
2026-08-29,wk inc covid hosp,1,2026-09-05,45,quantile,0.01,18.0
2026-08-29,wk inc covid hosp,1,2026-09-05,45,quantile,0.025,20.0
2026-08-29,wk inc covid hosp,1,2026-09-05,45,quantile,0.05,23.0
2026-08-29,wk inc covid hosp,1,2026-09-05,45,quantile,0.1,25.0
2026-08-29,wk inc covid hosp,1,2026-09-05,45,quantile,0.15,27.0
2026-08-29,wk inc covid hosp,1,2026-09-05,45,quantile,0.2,29.0
2026-08-29,wk inc covid hosp,1,2026-09-05,45,quantile,0.25,30.0
2026-08-29,wk inc covid hosp,1,2026-09-05,45,quantile,0.3,31.0
2026-08-29,wk inc covid hosp,1,2026-09-05,45,quantile,0.35,33.0
2026-08-29,wk inc covid hosp,1,2026-09-05,45,quantile,0.4,34.0
2026-08-29,wk inc covid hosp,1,2026-09-05,45,quantile,0.45,35.0
2026-08-29,wk inc covid hosp,1,2026-09-05,45,quantile,0.5,36.0
2026-08-29,wk inc covid hosp,1,2026-09-05,45,quantile,0.55,37.0
2026-08-29,wk inc covid hosp,1,2026-09-05,45,quantile,0.6,39.0
2026-08-29,wk inc covid hosp,1,2026-09-05,45,quantile,0.65,40.0
2026-08-29,wk inc covid hosp,1,2026-09-05,45,quantile,0.7,42.0
2026-08-29,wk inc covid hosp,1,2026-09-05,45,quantile,0.75,43.0
2026-08-29,wk inc covid hosp,1,2026-09-05,45,quantile,0.8,45.0
2026-08-29,wk inc covid hosp,1,2026-09-05,45,quantile,0.85,48.0
2026-08-29,wk inc covid hosp,1,2026-09-05,45,quantile,0.9,51.0
2026-08-29,wk inc covid hosp,1,2026-09-05,45,quantile,0.95,57.0
2026-08-29,wk inc covid hosp,1,2026-09-05,45,quantile,0.975,62.0
2026-08-29,wk inc covid hosp,1,2026-09-05,45,quantile,0.99,70.0
2026-08-29,wk inc covid hosp,1,2026-09-05,46,quantile,0.01,0.0
2026-08-29,wk inc covid hosp,1,2026-09-05,46,quantile,0.025,0.0
2026-08-29,wk inc covid hosp,1,2026-09-05,46,quantile,0.05,0.0
2026-08-29,wk inc covid hosp,1,2026-09-05,46,quantile,0.1,0.0
2026-08-29,wk inc covid hosp,1,2026-09-05,46,quantile,0.15,0.0
2026-08-29,wk inc covid hosp,1,2026-09-05,46,quantile,0.2,0.0
2026-08-29,wk inc covid hosp,1,2026-09-05,46,quantile,0.25,1.0
2026-08-29,wk inc covid hosp,1,2026-09-05,46,quantile,0.3,1.0
2026-08-29,wk inc covid hosp,1,2026-09-05,46,quantile,0.35,1.0
2026-08-29,wk inc covid hosp,1,2026-09-05,46,quantile,0.4,1.0
2026-08-29,wk inc covid hosp,1,2026-09-05,46,quantile,0.45,1.0
2026-08-29,wk inc covid hosp,1,2026-09-05,46,quantile,0.5,1.0
2026-08-29,wk inc covid hosp,1,2026-09-05,46,quantile,0.55,1.0
2026-08-29,wk inc covid hosp,1,2026-09-05,46,quantile,0.6,2.0
2026-08-29,wk inc covid hosp,1,2026-09-05,46,quantile,0.65,2.0
2026-08-29,wk inc covid hosp,1,2026-09-05,46,quantile,0.7,2.0
2026-08-29,wk inc covid hosp,1,2026-09-05,46,quantile,0.75,2.0
2026-08-29,wk inc covid hosp,1,2026-09-05,46,quantile,0.8,2.0
2026-08-29,wk inc covid hosp,1,2026-09-05,46,quantile,0.85,3.0
2026-08-29,wk inc covid hosp,1,2026-09-05,46,quantile,0.9,3.0
2026-08-29,wk inc covid hosp,1,2026-09-05,46,quantile,0.95,4.0
2026-08-29,wk inc covid hosp,1,2026-09-05,46,quantile,0.975,4.0
2026-08-29,wk inc covid hosp,1,2026-09-05,46,quantile,0.99,5.0
2026-08-29,wk inc covid hosp,1,2026-09-05,47,quantile,0.01,28.0
2026-08-29,wk inc covid hosp,1,2026-09-05,47,quantile,0.025,32.0
2026-08-29,wk inc covid hosp,1,2026-09-05,47,quantile,0.05,35.0
2026-08-29,wk inc covid hosp,1,2026-09-05,47,quantile,0.1,39.0
2026-08-29,wk inc covid hosp,1,2026-09-05,47,quantile,0.15,41.0
2026-08-29,wk inc covid hosp,1,2026-09-05,47,quantile,0.2,43.0
2026-08-29,wk inc covid hosp,1,2026-09-05,47,quantile,0.25,45.0
2026-08-29,wk inc covid hosp,1,2026-09-05,47,quantile,0.3,47.0
2026-08-29,wk inc covid hosp,1,2026-09-05,47,quantile,0.35,49.0
2026-08-29,wk inc covid hosp,1,2026-09-05,47,quantile,0.4,50.0
2026-08-29,wk inc covid hosp,1,2026-09-05,47,quantile,0.45,52.0
2026-08-29,wk inc covid hosp,1,2026-09-05,47,quantile,0.5,54.0
2026-08-29,wk inc covid hosp,1,2026-09-05,47,quantile,0.55,56.0
2026-08-29,wk inc covid hosp,1,2026-09-05,47,quantile,0.6,57.0
2026-08-29,wk inc covid hosp,1,2026-09-05,47,quantile,0.65,59.0
2026-08-29,wk inc covid hosp,1,2026-09-05,47,quantile,0.7,61.0
2026-08-29,wk inc covid hosp,1,2026-09-05,47,quantile,0.75,64.0
2026-08-29,wk inc covid hosp,1,2026-09-05,47,quantile,0.8,67.0
2026-08-29,wk inc covid hosp,1,2026-09-05,47,quantile,0.85,70.0
2026-08-29,wk inc covid hosp,1,2026-09-05,47,quantile,0.9,75.0
2026-08-29,wk inc covid hosp,1,2026-09-05,47,quantile,0.95,84.0
2026-08-29,wk inc covid hosp,1,2026-09-05,47,quantile,0.975,92.0
2026-08-29,wk inc covid hosp,1,2026-09-05,47,quantile,0.99,104.0
2026-08-29,wk inc covid hosp,1,2026-09-05,48,quantile,0.01,214.0
2026-08-29,wk inc covid hosp,1,2026-09-05,48,quantile,0.025,234.0
2026-08-29,wk inc covid hosp,1,2026-09-05,48,quantile,0.05,251.0
2026-08-29,wk inc covid hosp,1,2026-09-05,48,quantile,0.1,272.0
2026-08-29,wk inc covid hosp,1,2026-09-05,48,quantile,0.15,287.0
2026-08-29,wk inc covid hosp,1,2026-09-05,48,quantile,0.2,299.0
2026-08-29,wk inc covid hosp,1,2026-09-05,48,quantile,0.25,310.0
2026-08-29,wk inc covid hosp,1,2026-09-05,48,quantile,0.3,319.0
2026-08-29,wk inc covid hosp,1,2026-09-05,48,quantile,0.35,329.0
2026-08-29,wk inc covid hosp,1,2026-09-05,48,quantile,0.4,338.0
2026-08-29,wk inc covid hosp,1,2026-09-05,48,quantile,0.45,347.0
2026-08-29,wk inc covid hosp,1,2026-09-05,48,quantile,0.5,357.0
2026-08-29,wk inc covid hosp,1,2026-09-05,48,quantile,0.55,367.0
2026-08-29,wk inc covid hosp,1,2026-09-05,48,quantile,0.6,377.0
2026-08-29,wk inc covid hosp,1,2026-09-05,48,quantile,0.65,388.0
2026-08-29,wk inc covid hosp,1,2026-09-05,48,quantile,0.7,400.0
2026-08-29,wk inc covid hosp,1,2026-09-05,48,quantile,0.75,415.0
2026-08-29,wk inc covid hosp,1,2026-09-05,48,quantile,0.8,432.0
2026-08-29,wk inc covid hosp,1,2026-09-05,48,quantile,0.85,452.0
2026-08-29,wk inc covid hosp,1,2026-09-05,48,quantile,0.9,484.0
2026-08-29,wk inc covid hosp,1,2026-09-05,48,quantile,0.95,537.0
2026-08-29,wk inc covid hosp,1,2026-09-05,48,quantile,0.975,592.0
2026-08-29,wk inc covid hosp,1,2026-09-05,48,quantile,0.99,661.0
2026-08-29,wk inc covid hosp,1,2026-09-05,49,quantile,0.01,1.0
2026-08-29,wk inc covid hosp,1,2026-09-05,49,quantile,0.025,2.0
2026-08-29,wk inc covid hosp,1,2026-09-05,49,quantile,0.05,3.0
2026-08-29,wk inc covid hosp,1,2026-09-05,49,quantile,0.1,3.0
2026-08-29,wk inc covid hosp,1,2026-09-05,49,quantile,0.15,4.0
2026-08-29,wk inc covid hosp,1,2026-09-05,49,quantile,0.2,4.0
2026-08-29,wk inc covid hosp,1,2026-09-05,49,quantile,0.25,5.0
2026-08-29,wk inc covid hosp,1,2026-09-05,49,quantile,0.3,5.0
2026-08-29,wk inc covid hosp,1,2026-09-05,49,quantile,0.35,6.0
2026-08-29,wk inc covid hosp,1,2026-09-05,49,quantile,0.4,6.0
2026-08-29,wk inc covid hosp,1,2026-09-05,49,quantile,0.45,6.0
2026-08-29,wk inc covid hosp,1,2026-09-05,49,quantile,0.5,7.0
2026-08-29,wk inc covid hosp,1,2026-09-05,49,quantile,0.55,7.0
2026-08-29,wk inc covid hosp,1,2026-09-05,49,quantile,0.6,8.0
2026-08-29,wk inc covid hosp,1,2026-09-05,49,quantile,0.65,8.0
2026-08-29,wk inc covid hosp,1,2026-09-05,49,quantile,0.7,9.0
2026-08-29,wk inc covid hosp,1,2026-09-05,49,quantile,0.75,9.0
2026-08-29,wk inc covid hosp,1,2026-09-05,49,quantile,0.8,10.0
2026-08-29,wk inc covid hosp,1,2026-09-05,49,quantile,0.85,10.0
2026-08-29,wk inc covid hosp,1,2026-09-05,49,quantile,0.9,11.0
2026-08-29,wk inc covid hosp,1,2026-09-05,49,quantile,0.95,13.0
2026-08-29,wk inc covid hosp,1,2026-09-05,49,quantile,0.975,14.0
2026-08-29,wk inc covid hosp,1,2026-09-05,49,quantile,0.99,16.0
2026-08-29,wk inc covid hosp,1,2026-09-05,50,quantile,0.01,0.0
2026-08-29,wk inc covid hosp,1,2026-09-05,50,quantile,0.025,0.0
2026-08-29,wk inc covid hosp,1,2026-09-05,50,quantile,0.05,0.0
2026-08-29,wk inc covid hosp,1,2026-09-05,50,quantile,0.1,0.0
2026-08-29,wk inc covid hosp,1,2026-09-05,50,quantile,0.15,0.0
2026-08-29,wk inc covid hosp,1,2026-09-05,50,quantile,0.2,0.0
2026-08-29,wk inc covid hosp,1,2026-09-05,50,quantile,0.25,0.0
2026-08-29,wk inc covid hosp,1,2026-09-05,50,quantile,0.3,0.0
2026-08-29,wk inc covid hosp,1,2026-09-05,50,quantile,0.35,0.0
2026-08-29,wk inc covid hosp,1,2026-09-05,50,quantile,0.4,1.0
2026-08-29,wk inc covid hosp,1,2026-09-05,50,quantile,0.45,1.0
2026-08-29,wk inc covid hosp,1,2026-09-05,50,quantile,0.5,1.0
2026-08-29,wk inc covid hosp,1,2026-09-05,50,quantile,0.55,1.0
2026-08-29,wk inc covid hosp,1,2026-09-05,50,quantile,0.6,1.0
2026-08-29,wk inc covid hosp,1,2026-09-05,50,quantile,0.65,1.0
2026-08-29,wk inc covid hosp,1,2026-09-05,50,quantile,0.7,1.0
2026-08-29,wk inc covid hosp,1,2026-09-05,50,quantile,0.75,2.0
2026-08-29,wk inc covid hosp,1,2026-09-05,50,quantile,0.8,2.0
2026-08-29,wk inc covid hosp,1,2026-09-05,50,quantile,0.85,2.0
2026-08-29,wk inc covid hosp,1,2026-09-05,50,quantile,0.9,3.0
2026-08-29,wk inc covid hosp,1,2026-09-05,50,quantile,0.95,3.0
2026-08-29,wk inc covid hosp,1,2026-09-05,50,quantile,0.975,4.0
2026-08-29,wk inc covid hosp,1,2026-09-05,50,quantile,0.99,4.0
2026-08-29,wk inc covid hosp,1,2026-09-05,51,quantile,0.01,20.0
2026-08-29,wk inc covid hosp,1,2026-09-05,51,quantile,0.025,22.0
2026-08-29,wk inc covid hosp,1,2026-09-05,51,quantile,0.05,24.0
2026-08-29,wk inc covid hosp,1,2026-09-05,51,quantile,0.1,27.0
2026-08-29,wk inc covid hosp,1,2026-09-05,51,quantile,0.15,29.0
2026-08-29,wk inc covid hosp,1,2026-09-05,51,quantile,0.2,31.0
2026-08-29,wk inc covid hosp,1,2026-09-05,51,quantile,0.25,32.0
2026-08-29,wk inc covid hosp,1,2026-09-05,51,quantile,0.3,34.0
2026-08-29,wk inc covid hosp,1,2026-09-05,51,quantile,0.35,35.0
2026-08-29,wk inc covid hosp,1,2026-09-05,51,quantile,0.4,36.0
2026-08-29,wk inc covid hosp,1,2026-09-05,51,quantile,0.45,38.0
2026-08-29,wk inc covid hosp,1,2026-09-05,51,quantile,0.5,39.0
2026-08-29,wk inc covid hosp,1,2026-09-05,51,quantile,0.55,40.0
2026-08-29,wk inc covid hosp,1,2026-09-05,51,quantile,0.6,42.0
2026-08-29,wk inc covid hosp,1,2026-09-05,51,quantile,0.65,43.0
2026-08-29,wk inc covid hosp,1,2026-09-05,51,quantile,0.7,45.0
2026-08-29,wk inc covid hosp,1,2026-09-05,51,quantile,0.75,46.0
2026-08-29,wk inc covid hosp,1,2026-09-05,51,quantile,0.8,49.0
2026-08-29,wk inc covid hosp,1,2026-09-05,51,quantile,0.85,51.0
2026-08-29,wk inc covid hosp,1,2026-09-05,51,quantile,0.9,55.0
2026-08-29,wk inc covid hosp,1,2026-09-05,51,quantile,0.95,61.0
2026-08-29,wk inc covid hosp,1,2026-09-05,51,quantile,0.975,68.0
2026-08-29,wk inc covid hosp,1,2026-09-05,51,quantile,0.99,77.0
2026-08-29,wk inc covid hosp,1,2026-09-05,53,quantile,0.01,32.0
2026-08-29,wk inc covid hosp,1,2026-09-05,53,quantile,0.025,36.0
2026-08-29,wk inc covid hosp,1,2026-09-05,53,quantile,0.05,39.0
2026-08-29,wk inc covid hosp,1,2026-09-05,53,quantile,0.1,44.0
2026-08-29,wk inc covid hosp,1,2026-09-05,53,quantile,0.15,47.0
2026-08-29,wk inc covid hosp,1,2026-09-05,53,quantile,0.2,49.0
2026-08-29,wk inc covid hosp,1,2026-09-05,53,quantile,0.25,51.0
2026-08-29,wk inc covid hosp,1,2026-09-05,53,quantile,0.3,53.0
2026-08-29,wk inc covid hosp,1,2026-09-05,53,quantile,0.35,55.0
2026-08-29,wk inc covid hosp,1,2026-09-05,53,quantile,0.4,57.0
2026-08-29,wk inc covid hosp,1,2026-09-05,53,quantile,0.45,59.0
2026-08-29,wk inc covid hosp,1,2026-09-05,53,quantile,0.5,61.0
2026-08-29,wk inc covid hosp,1,2026-09-05,53,quantile,0.55,63.0
2026-08-29,wk inc covid hosp,1,2026-09-05,53,quantile,0.6,64.0
2026-08-29,wk inc covid hosp,1,2026-09-05,53,quantile,0.65,66.0
2026-08-29,wk inc covid hosp,1,2026-09-05,53,quantile,0.7,69.0
2026-08-29,wk inc covid hosp,1,2026-09-05,53,quantile,0.75,72.0
2026-08-29,wk inc covid hosp,1,2026-09-05,53,quantile,0.8,75.0
2026-08-29,wk inc covid hosp,1,2026-09-05,53,quantile,0.85,79.0
2026-08-29,wk inc covid hosp,1,2026-09-05,53,quantile,0.9,84.0
2026-08-29,wk inc covid hosp,1,2026-09-05,53,quantile,0.95,93.0
2026-08-29,wk inc covid hosp,1,2026-09-05,53,quantile,0.975,103.0
2026-08-29,wk inc covid hosp,1,2026-09-05,53,quantile,0.99,117.0
2026-08-29,wk inc covid hosp,1,2026-09-05,54,quantile,0.01,0.0
2026-08-29,wk inc covid hosp,1,2026-09-05,54,quantile,0.025,0.0
2026-08-29,wk inc covid hosp,1,2026-09-05,54,quantile,0.05,1.0
2026-08-29,wk inc covid hosp,1,2026-09-05,54,quantile,0.1,1.0
2026-08-29,wk inc covid hosp,1,2026-09-05,54,quantile,0.15,1.0
2026-08-29,wk inc covid hosp,1,2026-09-05,54,quantile,0.2,2.0
2026-08-29,wk inc covid hosp,1,2026-09-05,54,quantile,0.25,2.0
2026-08-29,wk inc covid hosp,1,2026-09-05,54,quantile,0.3,2.0
2026-08-29,wk inc covid hosp,1,2026-09-05,54,quantile,0.35,2.0
2026-08-29,wk inc covid hosp,1,2026-09-05,54,quantile,0.4,3.0
2026-08-29,wk inc covid hosp,1,2026-09-05,54,quantile,0.45,3.0
2026-08-29,wk inc covid hosp,1,2026-09-05,54,quantile,0.5,3.0
2026-08-29,wk inc covid hosp,1,2026-09-05,54,quantile,0.55,3.0
2026-08-29,wk inc covid hosp,1,2026-09-05,54,quantile,0.6,4.0
2026-08-29,wk inc covid hosp,1,2026-09-05,54,quantile,0.65,4.0
2026-08-29,wk inc covid hosp,1,2026-09-05,54,quantile,0.7,4.0
2026-08-29,wk inc covid hosp,1,2026-09-05,54,quantile,0.75,5.0
2026-08-29,wk inc covid hosp,1,2026-09-05,54,quantile,0.8,5.0
2026-08-29,wk inc covid hosp,1,2026-09-05,54,quantile,0.85,5.0
2026-08-29,wk inc covid hosp,1,2026-09-05,54,quantile,0.9,6.0
2026-08-29,wk inc covid hosp,1,2026-09-05,54,quantile,0.95,7.0
2026-08-29,wk inc covid hosp,1,2026-09-05,54,quantile,0.975,8.0
2026-08-29,wk inc covid hosp,1,2026-09-05,54,quantile,0.99,9.0
2026-08-29,wk inc covid hosp,1,2026-09-05,55,quantile,0.01,6.0
2026-08-29,wk inc covid hosp,1,2026-09-05,55,quantile,0.025,7.0
2026-08-29,wk inc covid hosp,1,2026-09-05,55,quantile,0.05,8.0
2026-08-29,wk inc covid hosp,1,2026-09-05,55,quantile,0.1,10.0
2026-08-29,wk inc covid hosp,1,2026-09-05,55,quantile,0.15,11.0
2026-08-29,wk inc covid hosp,1,2026-09-05,55,quantile,0.2,12.0
2026-08-29,wk inc covid hosp,1,2026-09-05,55,quantile,0.25,12.0
2026-08-29,wk inc covid hosp,1,2026-09-05,55,quantile,0.3,13.0
2026-08-29,wk inc covid hosp,1,2026-09-05,55,quantile,0.35,14.0
2026-08-29,wk inc covid hosp,1,2026-09-05,55,quantile,0.4,14.0
2026-08-29,wk inc covid hosp,1,2026-09-05,55,quantile,0.45,15.0
2026-08-29,wk inc covid hosp,1,2026-09-05,55,quantile,0.5,16.0
2026-08-29,wk inc covid hosp,1,2026-09-05,55,quantile,0.55,16.0
2026-08-29,wk inc covid hosp,1,2026-09-05,55,quantile,0.6,17.0
2026-08-29,wk inc covid hosp,1,2026-09-05,55,quantile,0.65,18.0
2026-08-29,wk inc covid hosp,1,2026-09-05,55,quantile,0.7,19.0
2026-08-29,wk inc covid hosp,1,2026-09-05,55,quantile,0.75,19.0
2026-08-29,wk inc covid hosp,1,2026-09-05,55,quantile,0.8,21.0
2026-08-29,wk inc covid hosp,1,2026-09-05,55,quantile,0.85,22.0
2026-08-29,wk inc covid hosp,1,2026-09-05,55,quantile,0.9,23.0
2026-08-29,wk inc covid hosp,1,2026-09-05,55,quantile,0.95,26.0
2026-08-29,wk inc covid hosp,1,2026-09-05,55,quantile,0.975,29.0
2026-08-29,wk inc covid hosp,1,2026-09-05,55,quantile,0.99,34.0
2026-08-29,wk inc covid hosp,1,2026-09-05,56,quantile,0.01,0.0
2026-08-29,wk inc covid hosp,1,2026-09-05,56,quantile,0.025,0.0
2026-08-29,wk inc covid hosp,1,2026-09-05,56,quantile,0.05,0.0
2026-08-29,wk inc covid hosp,1,2026-09-05,56,quantile,0.1,0.0
2026-08-29,wk inc covid hosp,1,2026-09-05,56,quantile,0.15,0.0
2026-08-29,wk inc covid hosp,1,2026-09-05,56,quantile,0.2,0.0
2026-08-29,wk inc covid hosp,1,2026-09-05,56,quantile,0.25,1.0
2026-08-29,wk inc covid hosp,1,2026-09-05,56,quantile,0.3,1.0
2026-08-29,wk inc covid hosp,1,2026-09-05,56,quantile,0.35,1.0
2026-08-29,wk inc covid hosp,1,2026-09-05,56,quantile,0.4,1.0
2026-08-29,wk inc covid hosp,1,2026-09-05,56,quantile,0.45,1.0
2026-08-29,wk inc covid hosp,1,2026-09-05,56,quantile,0.5,1.0
2026-08-29,wk inc covid hosp,1,2026-09-05,56,quantile,0.55,2.0
2026-08-29,wk inc covid hosp,1,2026-09-05,56,quantile,0.6,2.0
2026-08-29,wk inc covid hosp,1,2026-09-05,56,quantile,0.65,2.0
2026-08-29,wk inc covid hosp,1,2026-09-05,56,quantile,0.7,2.0
2026-08-29,wk inc covid hosp,1,2026-09-05,56,quantile,0.75,2.0
2026-08-29,wk inc covid hosp,1,2026-09-05,56,quantile,0.8,3.0
2026-08-29,wk inc covid hosp,1,2026-09-05,56,quantile,0.85,3.0
2026-08-29,wk inc covid hosp,1,2026-09-05,56,quantile,0.9,3.0
2026-08-29,wk inc covid hosp,1,2026-09-05,56,quantile,0.95,4.0
2026-08-29,wk inc covid hosp,1,2026-09-05,56,quantile,0.975,5.0
2026-08-29,wk inc covid hosp,1,2026-09-05,56,quantile,0.99,5.0
2026-08-29,wk inc covid hosp,1,2026-09-05,72,quantile,0.01,78.0
2026-08-29,wk inc covid hosp,1,2026-09-05,72,quantile,0.025,86.0
2026-08-29,wk inc covid hosp,1,2026-09-05,72,quantile,0.05,94.0
2026-08-29,wk inc covid hosp,1,2026-09-05,72,quantile,0.1,103.0
2026-08-29,wk inc covid hosp,1,2026-09-05,72,quantile,0.15,109.0
2026-08-29,wk inc covid hosp,1,2026-09-05,72,quantile,0.2,114.0
2026-08-29,wk inc covid hosp,1,2026-09-05,72,quantile,0.25,118.0
2026-08-29,wk inc covid hosp,1,2026-09-05,72,quantile,0.3,122.0
2026-08-29,wk inc covid hosp,1,2026-09-05,72,quantile,0.35,126.0
2026-08-29,wk inc covid hosp,1,2026-09-05,72,quantile,0.4,130.0
2026-08-29,wk inc covid hosp,1,2026-09-05,72,quantile,0.45,134.0
2026-08-29,wk inc covid hosp,1,2026-09-05,72,quantile,0.5,138.0
2026-08-29,wk inc covid hosp,1,2026-09-05,72,quantile,0.55,142.0
2026-08-29,wk inc covid hosp,1,2026-09-05,72,quantile,0.6,146.0
2026-08-29,wk inc covid hosp,1,2026-09-05,72,quantile,0.65,151.0
2026-08-29,wk inc covid hosp,1,2026-09-05,72,quantile,0.7,156.0
2026-08-29,wk inc covid hosp,1,2026-09-05,72,quantile,0.75,162.0
2026-08-29,wk inc covid hosp,1,2026-09-05,72,quantile,0.8,169.0
2026-08-29,wk inc covid hosp,1,2026-09-05,72,quantile,0.85,177.0
2026-08-29,wk inc covid hosp,1,2026-09-05,72,quantile,0.9,189.0
2026-08-29,wk inc covid hosp,1,2026-09-05,72,quantile,0.95,212.0
2026-08-29,wk inc covid hosp,1,2026-09-05,72,quantile,0.975,235.0
2026-08-29,wk inc covid hosp,1,2026-09-05,72,quantile,0.99,262.0
2026-08-29,wk inc covid hosp,2,2026-09-12,01,quantile,0.01,38.0
2026-08-29,wk inc covid hosp,2,2026-09-12,01,quantile,0.025,43.0
2026-08-29,wk inc covid hosp,2,2026-09-12,01,quantile,0.05,46.0
2026-08-29,wk inc covid hosp,2,2026-09-12,01,quantile,0.1,51.0
2026-08-29,wk inc covid hosp,2,2026-09-12,01,quantile,0.15,54.0
2026-08-29,wk inc covid hosp,2,2026-09-12,01,quantile,0.2,57.0
2026-08-29,wk inc covid hosp,2,2026-09-12,01,quantile,0.25,60.0
2026-08-29,wk inc covid hosp,2,2026-09-12,01,quantile,0.3,62.0
2026-08-29,wk inc covid hosp,2,2026-09-12,01,quantile,0.35,64.0
2026-08-29,wk inc covid hosp,2,2026-09-12,01,quantile,0.4,66.0
2026-08-29,wk inc covid hosp,2,2026-09-12,01,quantile,0.45,69.0
2026-08-29,wk inc covid hosp,2,2026-09-12,01,quantile,0.5,71.0
2026-08-29,wk inc covid hosp,2,2026-09-12,01,quantile,0.55,73.0
2026-08-29,wk inc covid hosp,2,2026-09-12,01,quantile,0.6,75.0
2026-08-29,wk inc covid hosp,2,2026-09-12,01,quantile,0.65,78.0
2026-08-29,wk inc covid hosp,2,2026-09-12,01,quantile,0.7,80.0
2026-08-29,wk inc covid hosp,2,2026-09-12,01,quantile,0.75,83.0
2026-08-29,wk inc covid hosp,2,2026-09-12,01,quantile,0.8,87.0
2026-08-29,wk inc covid hosp,2,2026-09-12,01,quantile,0.85,92.0
2026-08-29,wk inc covid hosp,2,2026-09-12,01,quantile,0.9,99.0
2026-08-29,wk inc covid hosp,2,2026-09-12,01,quantile,0.95,110.0
2026-08-29,wk inc covid hosp,2,2026-09-12,01,quantile,0.975,121.0
2026-08-29,wk inc covid hosp,2,2026-09-12,01,quantile,0.99,138.0
2026-08-29,wk inc covid hosp,2,2026-09-12,02,quantile,0.01,0.0
2026-08-29,wk inc covid hosp,2,2026-09-12,02,quantile,0.025,0.0
2026-08-29,wk inc covid hosp,2,2026-09-12,02,quantile,0.05,0.0
2026-08-29,wk inc covid hosp,2,2026-09-12,02,quantile,0.1,0.0
2026-08-29,wk inc covid hosp,2,2026-09-12,02,quantile,0.15,1.0
2026-08-29,wk inc covid hosp,2,2026-09-12,02,quantile,0.2,1.0
2026-08-29,wk inc covid hosp,2,2026-09-12,02,quantile,0.25,1.0
2026-08-29,wk inc covid hosp,2,2026-09-12,02,quantile,0.3,1.0
2026-08-29,wk inc covid hosp,2,2026-09-12,02,quantile,0.35,1.0
2026-08-29,wk inc covid hosp,2,2026-09-12,02,quantile,0.4,2.0
2026-08-29,wk inc covid hosp,2,2026-09-12,02,quantile,0.45,2.0
2026-08-29,wk inc covid hosp,2,2026-09-12,02,quantile,0.5,2.0
2026-08-29,wk inc covid hosp,2,2026-09-12,02,quantile,0.55,2.0
2026-08-29,wk inc covid hosp,2,2026-09-12,02,quantile,0.6,2.0
2026-08-29,wk inc covid hosp,2,2026-09-12,02,quantile,0.65,3.0
2026-08-29,wk inc covid hosp,2,2026-09-12,02,quantile,0.7,3.0
2026-08-29,wk inc covid hosp,2,2026-09-12,02,quantile,0.75,3.0
2026-08-29,wk inc covid hosp,2,2026-09-12,02,quantile,0.8,4.0
2026-08-29,wk inc covid hosp,2,2026-09-12,02,quantile,0.85,4.0
2026-08-29,wk inc covid hosp,2,2026-09-12,02,quantile,0.9,4.0
2026-08-29,wk inc covid hosp,2,2026-09-12,02,quantile,0.95,5.0
2026-08-29,wk inc covid hosp,2,2026-09-12,02,quantile,0.975,6.0
2026-08-29,wk inc covid hosp,2,2026-09-12,02,quantile,0.99,7.0
2026-08-29,wk inc covid hosp,2,2026-09-12,04,quantile,0.01,28.0
2026-08-29,wk inc covid hosp,2,2026-09-12,04,quantile,0.025,31.0
2026-08-29,wk inc covid hosp,2,2026-09-12,04,quantile,0.05,34.0
2026-08-29,wk inc covid hosp,2,2026-09-12,04,quantile,0.1,38.0
2026-08-29,wk inc covid hosp,2,2026-09-12,04,quantile,0.15,41.0
2026-08-29,wk inc covid hosp,2,2026-09-12,04,quantile,0.2,43.0
2026-08-29,wk inc covid hosp,2,2026-09-12,04,quantile,0.25,45.0
2026-08-29,wk inc covid hosp,2,2026-09-12,04,quantile,0.3,47.0
2026-08-29,wk inc covid hosp,2,2026-09-12,04,quantile,0.35,49.0
2026-08-29,wk inc covid hosp,2,2026-09-12,04,quantile,0.4,51.0
2026-08-29,wk inc covid hosp,2,2026-09-12,04,quantile,0.45,52.0
2026-08-29,wk inc covid hosp,2,2026-09-12,04,quantile,0.5,54.0
2026-08-29,wk inc covid hosp,2,2026-09-12,04,quantile,0.55,56.0
2026-08-29,wk inc covid hosp,2,2026-09-12,04,quantile,0.6,58.0
2026-08-29,wk inc covid hosp,2,2026-09-12,04,quantile,0.65,60.0
2026-08-29,wk inc covid hosp,2,2026-09-12,04,quantile,0.7,62.0
2026-08-29,wk inc covid hosp,2,2026-09-12,04,quantile,0.75,64.0
2026-08-29,wk inc covid hosp,2,2026-09-12,04,quantile,0.8,67.0
2026-08-29,wk inc covid hosp,2,2026-09-12,04,quantile,0.85,71.0
2026-08-29,wk inc covid hosp,2,2026-09-12,04,quantile,0.9,76.0
2026-08-29,wk inc covid hosp,2,2026-09-12,04,quantile,0.95,84.0
2026-08-29,wk inc covid hosp,2,2026-09-12,04,quantile,0.975,94.0
2026-08-29,wk inc covid hosp,2,2026-09-12,04,quantile,0.99,105.0
2026-08-29,wk inc covid hosp,2,2026-09-12,05,quantile,0.01,4.0
2026-08-29,wk inc covid hosp,2,2026-09-12,05,quantile,0.025,5.0
2026-08-29,wk inc covid hosp,2,2026-09-12,05,quantile,0.05,6.0
2026-08-29,wk inc covid hosp,2,2026-09-12,05,quantile,0.1,7.0
2026-08-29,wk inc covid hosp,2,2026-09-12,05,quantile,0.15,8.0
2026-08-29,wk inc covid hosp,2,2026-09-12,05,quantile,0.2,9.0
2026-08-29,wk inc covid hosp,2,2026-09-12,05,quantile,0.25,9.0
2026-08-29,wk inc covid hosp,2,2026-09-12,05,quantile,0.3,10.0
2026-08-29,wk inc covid hosp,2,2026-09-12,05,quantile,0.35,10.0
2026-08-29,wk inc covid hosp,2,2026-09-12,05,quantile,0.4,11.0
2026-08-29,wk inc covid hosp,2,2026-09-12,05,quantile,0.45,11.0
2026-08-29,wk inc covid hosp,2,2026-09-12,05,quantile,0.5,12.0
2026-08-29,wk inc covid hosp,2,2026-09-12,05,quantile,0.55,13.0
2026-08-29,wk inc covid hosp,2,2026-09-12,05,quantile,0.6,13.0
2026-08-29,wk inc covid hosp,2,2026-09-12,05,quantile,0.65,14.0
2026-08-29,wk inc covid hosp,2,2026-09-12,05,quantile,0.7,14.0
2026-08-29,wk inc covid hosp,2,2026-09-12,05,quantile,0.75,15.0
2026-08-29,wk inc covid hosp,2,2026-09-12,05,quantile,0.8,16.0
2026-08-29,wk inc covid hosp,2,2026-09-12,05,quantile,0.85,17.0
2026-08-29,wk inc covid hosp,2,2026-09-12,05,quantile,0.9,19.0
2026-08-29,wk inc covid hosp,2,2026-09-12,05,quantile,0.95,21.0
2026-08-29,wk inc covid hosp,2,2026-09-12,05,quantile,0.975,23.0
2026-08-29,wk inc covid hosp,2,2026-09-12,05,quantile,0.99,26.0
2026-08-29,wk inc covid hosp,2,2026-09-12,06,quantile,0.01,308.0
2026-08-29,wk inc covid hosp,2,2026-09-12,06,quantile,0.025,337.0
2026-08-29,wk inc covid hosp,2,2026-09-12,06,quantile,0.05,360.0
2026-08-29,wk inc covid hosp,2,2026-09-12,06,quantile,0.1,393.0
2026-08-29,wk inc covid hosp,2,2026-09-12,06,quantile,0.15,413.0
2026-08-29,wk inc covid hosp,2,2026-09-12,06,quantile,0.2,432.0
2026-08-29,wk inc covid hosp,2,2026-09-12,06,quantile,0.25,448.0
2026-08-29,wk inc covid hosp,2,2026-09-12,06,quantile,0.3,463.0
2026-08-29,wk inc covid hosp,2,2026-09-12,06,quantile,0.35,476.0
2026-08-29,wk inc covid hosp,2,2026-09-12,06,quantile,0.4,490.0
2026-08-29,wk inc covid hosp,2,2026-09-12,06,quantile,0.45,504.0
2026-08-29,wk inc covid hosp,2,2026-09-12,06,quantile,0.5,519.0
2026-08-29,wk inc covid hosp,2,2026-09-12,06,quantile,0.55,534.0
2026-08-29,wk inc covid hosp,2,2026-09-12,06,quantile,0.6,549.0
2026-08-29,wk inc covid hosp,2,2026-09-12,06,quantile,0.65,565.0
2026-08-29,wk inc covid hosp,2,2026-09-12,06,quantile,0.7,583.0
2026-08-29,wk inc covid hosp,2,2026-09-12,06,quantile,0.75,605.0
2026-08-29,wk inc covid hosp,2,2026-09-12,06,quantile,0.8,632.0
2026-08-29,wk inc covid hosp,2,2026-09-12,06,quantile,0.85,663.0
2026-08-29,wk inc covid hosp,2,2026-09-12,06,quantile,0.9,706.0
2026-08-29,wk inc covid hosp,2,2026-09-12,06,quantile,0.95,792.0
2026-08-29,wk inc covid hosp,2,2026-09-12,06,quantile,0.975,889.0
2026-08-29,wk inc covid hosp,2,2026-09-12,06,quantile,0.99,978.0
2026-08-29,wk inc covid hosp,2,2026-09-12,08,quantile,0.01,9.0
2026-08-29,wk inc covid hosp,2,2026-09-12,08,quantile,0.025,10.0
2026-08-29,wk inc covid hosp,2,2026-09-12,08,quantile,0.05,12.0
2026-08-29,wk inc covid hosp,2,2026-09-12,08,quantile,0.1,14.0
2026-08-29,wk inc covid hosp,2,2026-09-12,08,quantile,0.15,15.0
2026-08-29,wk inc covid hosp,2,2026-09-12,08,quantile,0.2,16.0
2026-08-29,wk inc covid hosp,2,2026-09-12,08,quantile,0.25,17.0
2026-08-29,wk inc covid hosp,2,2026-09-12,08,quantile,0.3,18.0
2026-08-29,wk inc covid hosp,2,2026-09-12,08,quantile,0.35,19.0
2026-08-29,wk inc covid hosp,2,2026-09-12,08,quantile,0.4,20.0
2026-08-29,wk inc covid hosp,2,2026-09-12,08,quantile,0.45,20.0
2026-08-29,wk inc covid hosp,2,2026-09-12,08,quantile,0.5,21.0
2026-08-29,wk inc covid hosp,2,2026-09-12,08,quantile,0.55,22.0
2026-08-29,wk inc covid hosp,2,2026-09-12,08,quantile,0.6,23.0
2026-08-29,wk inc covid hosp,2,2026-09-12,08,quantile,0.65,24.0
2026-08-29,wk inc covid hosp,2,2026-09-12,08,quantile,0.7,25.0
2026-08-29,wk inc covid hosp,2,2026-09-12,08,quantile,0.75,26.0
2026-08-29,wk inc covid hosp,2,2026-09-12,08,quantile,0.8,27.0
2026-08-29,wk inc covid hosp,2,2026-09-12,08,quantile,0.85,29.0
2026-08-29,wk inc covid hosp,2,2026-09-12,08,quantile,0.9,31.0
2026-08-29,wk inc covid hosp,2,2026-09-12,08,quantile,0.95,35.0
2026-08-29,wk inc covid hosp,2,2026-09-12,08,quantile,0.975,39.0
2026-08-29,wk inc covid hosp,2,2026-09-12,08,quantile,0.99,44.0
2026-08-29,wk inc covid hosp,2,2026-09-12,09,quantile,0.01,3.0
2026-08-29,wk inc covid hosp,2,2026-09-12,09,quantile,0.025,4.0
2026-08-29,wk inc covid hosp,2,2026-09-12,09,quantile,0.05,4.0
2026-08-29,wk inc covid hosp,2,2026-09-12,09,quantile,0.1,5.0
2026-08-29,wk inc covid hosp,2,2026-09-12,09,quantile,0.15,6.0
2026-08-29,wk inc covid hosp,2,2026-09-12,09,quantile,0.2,7.0
2026-08-29,wk inc covid hosp,2,2026-09-12,09,quantile,0.25,7.0
2026-08-29,wk inc covid hosp,2,2026-09-12,09,quantile,0.3,8.0
2026-08-29,wk inc covid hosp,2,2026-09-12,09,quantile,0.35,8.0
2026-08-29,wk inc covid hosp,2,2026-09-12,09,quantile,0.4,9.0
2026-08-29,wk inc covid hosp,2,2026-09-12,09,quantile,0.45,9.0
2026-08-29,wk inc covid hosp,2,2026-09-12,09,quantile,0.5,10.0
2026-08-29,wk inc covid hosp,2,2026-09-12,09,quantile,0.55,10.0
2026-08-29,wk inc covid hosp,2,2026-09-12,09,quantile,0.6,11.0
2026-08-29,wk inc covid hosp,2,2026-09-12,09,quantile,0.65,11.0
2026-08-29,wk inc covid hosp,2,2026-09-12,09,quantile,0.7,12.0
2026-08-29,wk inc covid hosp,2,2026-09-12,09,quantile,0.75,13.0
2026-08-29,wk inc covid hosp,2,2026-09-12,09,quantile,0.8,13.0
2026-08-29,wk inc covid hosp,2,2026-09-12,09,quantile,0.85,14.0
2026-08-29,wk inc covid hosp,2,2026-09-12,09,quantile,0.9,16.0
2026-08-29,wk inc covid hosp,2,2026-09-12,09,quantile,0.95,18.0
2026-08-29,wk inc covid hosp,2,2026-09-12,09,quantile,0.975,20.0
2026-08-29,wk inc covid hosp,2,2026-09-12,09,quantile,0.99,22.0
2026-08-29,wk inc covid hosp,2,2026-09-12,10,quantile,0.01,0.0
2026-08-29,wk inc covid hosp,2,2026-09-12,10,quantile,0.025,0.0
2026-08-29,wk inc covid hosp,2,2026-09-12,10,quantile,0.05,0.0
2026-08-29,wk inc covid hosp,2,2026-09-12,10,quantile,0.1,1.0
2026-08-29,wk inc covid hosp,2,2026-09-12,10,quantile,0.15,1.0
2026-08-29,wk inc covid hosp,2,2026-09-12,10,quantile,0.2,1.0
2026-08-29,wk inc covid hosp,2,2026-09-12,10,quantile,0.25,1.0
2026-08-29,wk inc covid hosp,2,2026-09-12,10,quantile,0.3,1.0
2026-08-29,wk inc covid hosp,2,2026-09-12,10,quantile,0.35,2.0
2026-08-29,wk inc covid hosp,2,2026-09-12,10,quantile,0.4,2.0
2026-08-29,wk inc covid hosp,2,2026-09-12,10,quantile,0.45,2.0
2026-08-29,wk inc covid hosp,2,2026-09-12,10,quantile,0.5,2.0
2026-08-29,wk inc covid hosp,2,2026-09-12,10,quantile,0.55,3.0
2026-08-29,wk inc covid hosp,2,2026-09-12,10,quantile,0.6,3.0
2026-08-29,wk inc covid hosp,2,2026-09-12,10,quantile,0.65,3.0
2026-08-29,wk inc covid hosp,2,2026-09-12,10,quantile,0.7,3.0
2026-08-29,wk inc covid hosp,2,2026-09-12,10,quantile,0.75,4.0
2026-08-29,wk inc covid hosp,2,2026-09-12,10,quantile,0.8,4.0
2026-08-29,wk inc covid hosp,2,2026-09-12,10,quantile,0.85,4.0
2026-08-29,wk inc covid hosp,2,2026-09-12,10,quantile,0.9,5.0
2026-08-29,wk inc covid hosp,2,2026-09-12,10,quantile,0.95,6.0
2026-08-29,wk inc covid hosp,2,2026-09-12,10,quantile,0.975,6.0
2026-08-29,wk inc covid hosp,2,2026-09-12,10,quantile,0.99,7.0
2026-08-29,wk inc covid hosp,2,2026-09-12,11,quantile,0.01,0.0
2026-08-29,wk inc covid hosp,2,2026-09-12,11,quantile,0.025,0.0
2026-08-29,wk inc covid hosp,2,2026-09-12,11,quantile,0.05,0.0
2026-08-29,wk inc covid hosp,2,2026-09-12,11,quantile,0.1,1.0
2026-08-29,wk inc covid hosp,2,2026-09-12,11,quantile,0.15,1.0
2026-08-29,wk inc covid hosp,2,2026-09-12,11,quantile,0.2,2.0
2026-08-29,wk inc covid hosp,2,2026-09-12,11,quantile,0.25,2.0
2026-08-29,wk inc covid hosp,2,2026-09-12,11,quantile,0.3,2.0
2026-08-29,wk inc covid hosp,2,2026-09-12,11,quantile,0.35,2.0
2026-08-29,wk inc covid hosp,2,2026-09-12,11,quantile,0.4,2.0
2026-08-29,wk inc covid hosp,2,2026-09-12,11,quantile,0.45,3.0
2026-08-29,wk inc covid hosp,2,2026-09-12,11,quantile,0.5,3.0
2026-08-29,wk inc covid hosp,2,2026-09-12,11,quantile,0.55,3.0
2026-08-29,wk inc covid hosp,2,2026-09-12,11,quantile,0.6,3.0
2026-08-29,wk inc covid hosp,2,2026-09-12,11,quantile,0.65,4.0
2026-08-29,wk inc covid hosp,2,2026-09-12,11,quantile,0.7,4.0
2026-08-29,wk inc covid hosp,2,2026-09-12,11,quantile,0.75,4.0
2026-08-29,wk inc covid hosp,2,2026-09-12,11,quantile,0.8,5.0
2026-08-29,wk inc covid hosp,2,2026-09-12,11,quantile,0.85,5.0
2026-08-29,wk inc covid hosp,2,2026-09-12,11,quantile,0.9,6.0
2026-08-29,wk inc covid hosp,2,2026-09-12,11,quantile,0.95,7.0
2026-08-29,wk inc covid hosp,2,2026-09-12,11,quantile,0.975,8.0
2026-08-29,wk inc covid hosp,2,2026-09-12,11,quantile,0.99,9.0
2026-08-29,wk inc covid hosp,2,2026-09-12,12,quantile,0.01,196.0
2026-08-29,wk inc covid hosp,2,2026-09-12,12,quantile,0.025,215.0
2026-08-29,wk inc covid hosp,2,2026-09-12,12,quantile,0.05,232.0
2026-08-29,wk inc covid hosp,2,2026-09-12,12,quantile,0.1,253.0
2026-08-29,wk inc covid hosp,2,2026-09-12,12,quantile,0.15,266.0
2026-08-29,wk inc covid hosp,2,2026-09-12,12,quantile,0.2,278.0
2026-08-29,wk inc covid hosp,2,2026-09-12,12,quantile,0.25,289.0
2026-08-29,wk inc covid hosp,2,2026-09-12,12,quantile,0.3,299.0
2026-08-29,wk inc covid hosp,2,2026-09-12,12,quantile,0.35,309.0
2026-08-29,wk inc covid hosp,2,2026-09-12,12,quantile,0.4,318.0
2026-08-29,wk inc covid hosp,2,2026-09-12,12,quantile,0.45,327.0
2026-08-29,wk inc covid hosp,2,2026-09-12,12,quantile,0.5,337.0
2026-08-29,wk inc covid hosp,2,2026-09-12,12,quantile,0.55,347.0
2026-08-29,wk inc covid hosp,2,2026-09-12,12,quantile,0.6,357.0
2026-08-29,wk inc covid hosp,2,2026-09-12,12,quantile,0.65,369.0
2026-08-29,wk inc covid hosp,2,2026-09-12,12,quantile,0.7,381.0
2026-08-29,wk inc covid hosp,2,2026-09-12,12,quantile,0.75,394.0
2026-08-29,wk inc covid hosp,2,2026-09-12,12,quantile,0.8,410.0
2026-08-29,wk inc covid hosp,2,2026-09-12,12,quantile,0.85,433.0
2026-08-29,wk inc covid hosp,2,2026-09-12,12,quantile,0.9,464.0
2026-08-29,wk inc covid hosp,2,2026-09-12,12,quantile,0.95,516.0
2026-08-29,wk inc covid hosp,2,2026-09-12,12,quantile,0.975,579.0
2026-08-29,wk inc covid hosp,2,2026-09-12,12,quantile,0.99,657.0
2026-08-29,wk inc covid hosp,2,2026-09-12,13,quantile,0.01,45.0
2026-08-29,wk inc covid hosp,2,2026-09-12,13,quantile,0.025,51.0
2026-08-29,wk inc covid hosp,2,2026-09-12,13,quantile,0.05,55.0
2026-08-29,wk inc covid hosp,2,2026-09-12,13,quantile,0.1,61.0
2026-08-29,wk inc covid hosp,2,2026-09-12,13,quantile,0.15,65.0
2026-08-29,wk inc covid hosp,2,2026-09-12,13,quantile,0.2,69.0
2026-08-29,wk inc covid hosp,2,2026-09-12,13,quantile,0.25,71.0
2026-08-29,wk inc covid hosp,2,2026-09-12,13,quantile,0.3,74.0
2026-08-29,wk inc covid hosp,2,2026-09-12,13,quantile,0.35,77.0
2026-08-29,wk inc covid hosp,2,2026-09-12,13,quantile,0.4,80.0
2026-08-29,wk inc covid hosp,2,2026-09-12,13,quantile,0.45,82.0
2026-08-29,wk inc covid hosp,2,2026-09-12,13,quantile,0.5,85.0
2026-08-29,wk inc covid hosp,2,2026-09-12,13,quantile,0.55,87.0
2026-08-29,wk inc covid hosp,2,2026-09-12,13,quantile,0.6,90.0
2026-08-29,wk inc covid hosp,2,2026-09-12,13,quantile,0.65,93.0
2026-08-29,wk inc covid hosp,2,2026-09-12,13,quantile,0.7,96.0
2026-08-29,wk inc covid hosp,2,2026-09-12,13,quantile,0.75,100.0
2026-08-29,wk inc covid hosp,2,2026-09-12,13,quantile,0.8,105.0
2026-08-29,wk inc covid hosp,2,2026-09-12,13,quantile,0.85,110.0
2026-08-29,wk inc covid hosp,2,2026-09-12,13,quantile,0.9,118.0
2026-08-29,wk inc covid hosp,2,2026-09-12,13,quantile,0.95,131.0
2026-08-29,wk inc covid hosp,2,2026-09-12,13,quantile,0.975,146.0
2026-08-29,wk inc covid hosp,2,2026-09-12,13,quantile,0.99,167.0
2026-08-29,wk inc covid hosp,2,2026-09-12,15,quantile,0.01,6.0
2026-08-29,wk inc covid hosp,2,2026-09-12,15,quantile,0.025,8.0
2026-08-29,wk inc covid hosp,2,2026-09-12,15,quantile,0.05,9.0
2026-08-29,wk inc covid hosp,2,2026-09-12,15,quantile,0.1,11.0
2026-08-29,wk inc covid hosp,2,2026-09-12,15,quantile,0.15,12.0
2026-08-29,wk inc covid hosp,2,2026-09-12,15,quantile,0.2,13.0
2026-08-29,wk inc covid hosp,2,2026-09-12,15,quantile,0.25,14.0
2026-08-29,wk inc covid hosp,2,2026-09-12,15,quantile,0.3,14.0
2026-08-29,wk inc covid hosp,2,2026-09-12,15,quantile,0.35,15.0
2026-08-29,wk inc covid hosp,2,2026-09-12,15,quantile,0.4,16.0
2026-08-29,wk inc covid hosp,2,2026-09-12,15,quantile,0.45,16.0
2026-08-29,wk inc covid hosp,2,2026-09-12,15,quantile,0.5,17.0
2026-08-29,wk inc covid hosp,2,2026-09-12,15,quantile,0.55,18.0
2026-08-29,wk inc covid hosp,2,2026-09-12,15,quantile,0.6,19.0
2026-08-29,wk inc covid hosp,2,2026-09-12,15,quantile,0.65,19.0
2026-08-29,wk inc covid hosp,2,2026-09-12,15,quantile,0.7,20.0
2026-08-29,wk inc covid hosp,2,2026-09-12,15,quantile,0.75,21.0
2026-08-29,wk inc covid hosp,2,2026-09-12,15,quantile,0.8,22.0
2026-08-29,wk inc covid hosp,2,2026-09-12,15,quantile,0.85,24.0
2026-08-29,wk inc covid hosp,2,2026-09-12,15,quantile,0.9,26.0
2026-08-29,wk inc covid hosp,2,2026-09-12,15,quantile,0.95,29.0
2026-08-29,wk inc covid hosp,2,2026-09-12,15,quantile,0.975,32.0
2026-08-29,wk inc covid hosp,2,2026-09-12,15,quantile,0.99,36.0
2026-08-29,wk inc covid hosp,2,2026-09-12,16,quantile,0.01,1.0
2026-08-29,wk inc covid hosp,2,2026-09-12,16,quantile,0.025,1.0
2026-08-29,wk inc covid hosp,2,2026-09-12,16,quantile,0.05,1.0
2026-08-29,wk inc covid hosp,2,2026-09-12,16,quantile,0.1,2.0
2026-08-29,wk inc covid hosp,2,2026-09-12,16,quantile,0.15,3.0
2026-08-29,wk inc covid hosp,2,2026-09-12,16,quantile,0.2,3.0
2026-08-29,wk inc covid hosp,2,2026-09-12,16,quantile,0.25,3.0
2026-08-29,wk inc covid hosp,2,2026-09-12,16,quantile,0.3,4.0
2026-08-29,wk inc covid hosp,2,2026-09-12,16,quantile,0.35,4.0
2026-08-29,wk inc covid hosp,2,2026-09-12,16,quantile,0.4,4.0
2026-08-29,wk inc covid hosp,2,2026-09-12,16,quantile,0.45,5.0
2026-08-29,wk inc covid hosp,2,2026-09-12,16,quantile,0.5,5.0
2026-08-29,wk inc covid hosp,2,2026-09-12,16,quantile,0.55,5.0
2026-08-29,wk inc covid hosp,2,2026-09-12,16,quantile,0.6,6.0
2026-08-29,wk inc covid hosp,2,2026-09-12,16,quantile,0.65,6.0
2026-08-29,wk inc covid hosp,2,2026-09-12,16,quantile,0.7,6.0
2026-08-29,wk inc covid hosp,2,2026-09-12,16,quantile,0.75,7.0
2026-08-29,wk inc covid hosp,2,2026-09-12,16,quantile,0.8,7.0
2026-08-29,wk inc covid hosp,2,2026-09-12,16,quantile,0.85,8.0
2026-08-29,wk inc covid hosp,2,2026-09-12,16,quantile,0.9,9.0
2026-08-29,wk inc covid hosp,2,2026-09-12,16,quantile,0.95,10.0
2026-08-29,wk inc covid hosp,2,2026-09-12,16,quantile,0.975,11.0
2026-08-29,wk inc covid hosp,2,2026-09-12,16,quantile,0.99,13.0
2026-08-29,wk inc covid hosp,2,2026-09-12,17,quantile,0.01,14.0
2026-08-29,wk inc covid hosp,2,2026-09-12,17,quantile,0.025,16.0
2026-08-29,wk inc covid hosp,2,2026-09-12,17,quantile,0.05,18.0
2026-08-29,wk inc covid hosp,2,2026-09-12,17,quantile,0.1,21.0
2026-08-29,wk inc covid hosp,2,2026-09-12,17,quantile,0.15,22.0
2026-08-29,wk inc covid hosp,2,2026-09-12,17,quantile,0.2,24.0
2026-08-29,wk inc covid hosp,2,2026-09-12,17,quantile,0.25,25.0
2026-08-29,wk inc covid hosp,2,2026-09-12,17,quantile,0.3,26.0
2026-08-29,wk inc covid hosp,2,2026-09-12,17,quantile,0.35,27.0
2026-08-29,wk inc covid hosp,2,2026-09-12,17,quantile,0.4,28.0
2026-08-29,wk inc covid hosp,2,2026-09-12,17,quantile,0.45,29.0
2026-08-29,wk inc covid hosp,2,2026-09-12,17,quantile,0.5,30.0
2026-08-29,wk inc covid hosp,2,2026-09-12,17,quantile,0.55,32.0
2026-08-29,wk inc covid hosp,2,2026-09-12,17,quantile,0.6,33.0
2026-08-29,wk inc covid hosp,2,2026-09-12,17,quantile,0.65,34.0
2026-08-29,wk inc covid hosp,2,2026-09-12,17,quantile,0.7,35.0
2026-08-29,wk inc covid hosp,2,2026-09-12,17,quantile,0.75,37.0
2026-08-29,wk inc covid hosp,2,2026-09-12,17,quantile,0.8,39.0
2026-08-29,wk inc covid hosp,2,2026-09-12,17,quantile,0.85,41.0
2026-08-29,wk inc covid hosp,2,2026-09-12,17,quantile,0.9,44.0
2026-08-29,wk inc covid hosp,2,2026-09-12,17,quantile,0.95,50.0
2026-08-29,wk inc covid hosp,2,2026-09-12,17,quantile,0.975,55.0
2026-08-29,wk inc covid hosp,2,2026-09-12,17,quantile,0.99,62.0
2026-08-29,wk inc covid hosp,2,2026-09-12,18,quantile,0.01,6.0
2026-08-29,wk inc covid hosp,2,2026-09-12,18,quantile,0.025,8.0
2026-08-29,wk inc covid hosp,2,2026-09-12,18,quantile,0.05,9.0
2026-08-29,wk inc covid hosp,2,2026-09-12,18,quantile,0.1,10.0
2026-08-29,wk inc covid hosp,2,2026-09-12,18,quantile,0.15,11.0
2026-08-29,wk inc covid hosp,2,2026-09-12,18,quantile,0.2,12.0
2026-08-29,wk inc covid hosp,2,2026-09-12,18,quantile,0.25,13.0
2026-08-29,wk inc covid hosp,2,2026-09-12,18,quantile,0.3,14.0
2026-08-29,wk inc covid hosp,2,2026-09-12,18,quantile,0.35,15.0
2026-08-29,wk inc covid hosp,2,2026-09-12,18,quantile,0.4,15.0
2026-08-29,wk inc covid hosp,2,2026-09-12,18,quantile,0.45,16.0
2026-08-29,wk inc covid hosp,2,2026-09-12,18,quantile,0.5,17.0
2026-08-29,wk inc covid hosp,2,2026-09-12,18,quantile,0.55,17.0
2026-08-29,wk inc covid hosp,2,2026-09-12,18,quantile,0.6,18.0
2026-08-29,wk inc covid hosp,2,2026-09-12,18,quantile,0.65,19.0
2026-08-29,wk inc covid hosp,2,2026-09-12,18,quantile,0.7,20.0
2026-08-29,wk inc covid hosp,2,2026-09-12,18,quantile,0.75,21.0
2026-08-29,wk inc covid hosp,2,2026-09-12,18,quantile,0.8,22.0
2026-08-29,wk inc covid hosp,2,2026-09-12,18,quantile,0.85,23.0
2026-08-29,wk inc covid hosp,2,2026-09-12,18,quantile,0.9,25.0
2026-08-29,wk inc covid hosp,2,2026-09-12,18,quantile,0.95,28.0
2026-08-29,wk inc covid hosp,2,2026-09-12,18,quantile,0.975,31.0
2026-08-29,wk inc covid hosp,2,2026-09-12,18,quantile,0.99,35.0
2026-08-29,wk inc covid hosp,2,2026-09-12,19,quantile,0.01,1.0
2026-08-29,wk inc covid hosp,2,2026-09-12,19,quantile,0.025,1.0
2026-08-29,wk inc covid hosp,2,2026-09-12,19,quantile,0.05,2.0
2026-08-29,wk inc covid hosp,2,2026-09-12,19,quantile,0.1,2.0
2026-08-29,wk inc covid hosp,2,2026-09-12,19,quantile,0.15,3.0
2026-08-29,wk inc covid hosp,2,2026-09-12,19,quantile,0.2,3.0
2026-08-29,wk inc covid hosp,2,2026-09-12,19,quantile,0.25,4.0
2026-08-29,wk inc covid hosp,2,2026-09-12,19,quantile,0.3,4.0
2026-08-29,wk inc covid hosp,2,2026-09-12,19,quantile,0.35,4.0
2026-08-29,wk inc covid hosp,2,2026-09-12,19,quantile,0.4,5.0
2026-08-29,wk inc covid hosp,2,2026-09-12,19,quantile,0.45,5.0
2026-08-29,wk inc covid hosp,2,2026-09-12,19,quantile,0.5,5.0
2026-08-29,wk inc covid hosp,2,2026-09-12,19,quantile,0.55,5.0
2026-08-29,wk inc covid hosp,2,2026-09-12,19,quantile,0.6,6.0
2026-08-29,wk inc covid hosp,2,2026-09-12,19,quantile,0.65,6.0
2026-08-29,wk inc covid hosp,2,2026-09-12,19,quantile,0.7,7.0
2026-08-29,wk inc covid hosp,2,2026-09-12,19,quantile,0.75,7.0
2026-08-29,wk inc covid hosp,2,2026-09-12,19,quantile,0.8,8.0
2026-08-29,wk inc covid hosp,2,2026-09-12,19,quantile,0.85,8.0
2026-08-29,wk inc covid hosp,2,2026-09-12,19,quantile,0.9,9.0
2026-08-29,wk inc covid hosp,2,2026-09-12,19,quantile,0.95,10.0
2026-08-29,wk inc covid hosp,2,2026-09-12,19,quantile,0.975,12.0
2026-08-29,wk inc covid hosp,2,2026-09-12,19,quantile,0.99,13.0
2026-08-29,wk inc covid hosp,2,2026-09-12,20,quantile,0.01,2.0
2026-08-29,wk inc covid hosp,2,2026-09-12,20,quantile,0.025,2.0
2026-08-29,wk inc covid hosp,2,2026-09-12,20,quantile,0.05,3.0
2026-08-29,wk inc covid hosp,2,2026-09-12,20,quantile,0.1,4.0
2026-08-29,wk inc covid hosp,2,2026-09-12,20,quantile,0.15,5.0
2026-08-29,wk inc covid hosp,2,2026-09-12,20,quantile,0.2,5.0
2026-08-29,wk inc covid hosp,2,2026-09-12,20,quantile,0.25,6.0
2026-08-29,wk inc covid hosp,2,2026-09-12,20,quantile,0.3,6.0
2026-08-29,wk inc covid hosp,2,2026-09-12,20,quantile,0.35,6.0
2026-08-29,wk inc covid hosp,2,2026-09-12,20,quantile,0.4,7.0
2026-08-29,wk inc covid hosp,2,2026-09-12,20,quantile,0.45,7.0
2026-08-29,wk inc covid hosp,2,2026-09-12,20,quantile,0.5,8.0
2026-08-29,wk inc covid hosp,2,2026-09-12,20,quantile,0.55,8.0
2026-08-29,wk inc covid hosp,2,2026-09-12,20,quantile,0.6,9.0
2026-08-29,wk inc covid hosp,2,2026-09-12,20,quantile,0.65,9.0
2026-08-29,wk inc covid hosp,2,2026-09-12,20,quantile,0.7,9.0
2026-08-29,wk inc covid hosp,2,2026-09-12,20,quantile,0.75,10.0
2026-08-29,wk inc covid hosp,2,2026-09-12,20,quantile,0.8,11.0
2026-08-29,wk inc covid hosp,2,2026-09-12,20,quantile,0.85,12.0
2026-08-29,wk inc covid hosp,2,2026-09-12,20,quantile,0.9,13.0
2026-08-29,wk inc covid hosp,2,2026-09-12,20,quantile,0.95,14.0
2026-08-29,wk inc covid hosp,2,2026-09-12,20,quantile,0.975,16.0
2026-08-29,wk inc covid hosp,2,2026-09-12,20,quantile,0.99,18.0
2026-08-29,wk inc covid hosp,2,2026-09-12,21,quantile,0.01,6.0
2026-08-29,wk inc covid hosp,2,2026-09-12,21,quantile,0.025,7.0
2026-08-29,wk inc covid hosp,2,2026-09-12,21,quantile,0.05,8.0
2026-08-29,wk inc covid hosp,2,2026-09-12,21,quantile,0.1,9.0
2026-08-29,wk inc covid hosp,2,2026-09-12,21,quantile,0.15,10.0
2026-08-29,wk inc covid hosp,2,2026-09-12,21,quantile,0.2,11.0
2026-08-29,wk inc covid hosp,2,2026-09-12,21,quantile,0.25,12.0
2026-08-29,wk inc covid hosp,2,2026-09-12,21,quantile,0.3,13.0
2026-08-29,wk inc covid hosp,2,2026-09-12,21,quantile,0.35,13.0
2026-08-29,wk inc covid hosp,2,2026-09-12,21,quantile,0.4,14.0
2026-08-29,wk inc covid hosp,2,2026-09-12,21,quantile,0.45,15.0
2026-08-29,wk inc covid hosp,2,2026-09-12,21,quantile,0.5,15.0
2026-08-29,wk inc covid hosp,2,2026-09-12,21,quantile,0.55,16.0
2026-08-29,wk inc covid hosp,2,2026-09-12,21,quantile,0.6,17.0
2026-08-29,wk inc covid hosp,2,2026-09-12,21,quantile,0.65,17.0
2026-08-29,wk inc covid hosp,2,2026-09-12,21,quantile,0.7,18.0
2026-08-29,wk inc covid hosp,2,2026-09-12,21,quantile,0.75,19.0
2026-08-29,wk inc covid hosp,2,2026-09-12,21,quantile,0.8,20.0
2026-08-29,wk inc covid hosp,2,2026-09-12,21,quantile,0.85,22.0
2026-08-29,wk inc covid hosp,2,2026-09-12,21,quantile,0.9,23.0
2026-08-29,wk inc covid hosp,2,2026-09-12,21,quantile,0.95,26.0
2026-08-29,wk inc covid hosp,2,2026-09-12,21,quantile,0.975,29.0
2026-08-29,wk inc covid hosp,2,2026-09-12,21,quantile,0.99,33.0
2026-08-29,wk inc covid hosp,2,2026-09-12,22,quantile,0.01,36.0
2026-08-29,wk inc covid hosp,2,2026-09-12,22,quantile,0.025,40.0
2026-08-29,wk inc covid hosp,2,2026-09-12,22,quantile,0.05,44.0
2026-08-29,wk inc covid hosp,2,2026-09-12,22,quantile,0.1,49.0
2026-08-29,wk inc covid hosp,2,2026-09-12,22,quantile,0.15,52.0
2026-08-29,wk inc covid hosp,2,2026-09-12,22,quantile,0.2,55.0
2026-08-29,wk inc covid hosp,2,2026-09-12,22,quantile,0.25,58.0
2026-08-29,wk inc covid hosp,2,2026-09-12,22,quantile,0.3,60.0
2026-08-29,wk inc covid hosp,2,2026-09-12,22,quantile,0.35,63.0
2026-08-29,wk inc covid hosp,2,2026-09-12,22,quantile,0.4,65.0
2026-08-29,wk inc covid hosp,2,2026-09-12,22,quantile,0.45,67.0
2026-08-29,wk inc covid hosp,2,2026-09-12,22,quantile,0.5,69.0
2026-08-29,wk inc covid hosp,2,2026-09-12,22,quantile,0.55,71.0
2026-08-29,wk inc covid hosp,2,2026-09-12,22,quantile,0.6,74.0
2026-08-29,wk inc covid hosp,2,2026-09-12,22,quantile,0.65,76.0
2026-08-29,wk inc covid hosp,2,2026-09-12,22,quantile,0.7,79.0
2026-08-29,wk inc covid hosp,2,2026-09-12,22,quantile,0.75,82.0
2026-08-29,wk inc covid hosp,2,2026-09-12,22,quantile,0.8,86.0
2026-08-29,wk inc covid hosp,2,2026-09-12,22,quantile,0.85,91.0
2026-08-29,wk inc covid hosp,2,2026-09-12,22,quantile,0.9,97.0
2026-08-29,wk inc covid hosp,2,2026-09-12,22,quantile,0.95,109.0
2026-08-29,wk inc covid hosp,2,2026-09-12,22,quantile,0.975,123.0
2026-08-29,wk inc covid hosp,2,2026-09-12,22,quantile,0.99,141.0
2026-08-29,wk inc covid hosp,2,2026-09-12,23,quantile,0.01,0.0
2026-08-29,wk inc covid hosp,2,2026-09-12,23,quantile,0.025,0.0
2026-08-29,wk inc covid hosp,2,2026-09-12,23,quantile,0.05,0.0
2026-08-29,wk inc covid hosp,2,2026-09-12,23,quantile,0.1,0.0
2026-08-29,wk inc covid hosp,2,2026-09-12,23,quantile,0.15,0.0
2026-08-29,wk inc covid hosp,2,2026-09-12,23,quantile,0.2,0.0
2026-08-29,wk inc covid hosp,2,2026-09-12,23,quantile,0.25,0.0
2026-08-29,wk inc covid hosp,2,2026-09-12,23,quantile,0.3,1.0
2026-08-29,wk inc covid hosp,2,2026-09-12,23,quantile,0.35,1.0
2026-08-29,wk inc covid hosp,2,2026-09-12,23,quantile,0.4,1.0
2026-08-29,wk inc covid hosp,2,2026-09-12,23,quantile,0.45,1.0
2026-08-29,wk inc covid hosp,2,2026-09-12,23,quantile,0.5,1.0
2026-08-29,wk inc covid hosp,2,2026-09-12,23,quantile,0.55,1.0
2026-08-29,wk inc covid hosp,2,2026-09-12,23,quantile,0.6,1.0
2026-08-29,wk inc covid hosp,2,2026-09-12,23,quantile,0.65,2.0
2026-08-29,wk inc covid hosp,2,2026-09-12,23,quantile,0.7,2.0
2026-08-29,wk inc covid hosp,2,2026-09-12,23,quantile,0.75,2.0
2026-08-29,wk inc covid hosp,2,2026-09-12,23,quantile,0.8,2.0
2026-08-29,wk inc covid hosp,2,2026-09-12,23,quantile,0.85,3.0
2026-08-29,wk inc covid hosp,2,2026-09-12,23,quantile,0.9,3.0
2026-08-29,wk inc covid hosp,2,2026-09-12,23,quantile,0.95,4.0
2026-08-29,wk inc covid hosp,2,2026-09-12,23,quantile,0.975,4.0
2026-08-29,wk inc covid hosp,2,2026-09-12,23,quantile,0.99,5.0
2026-08-29,wk inc covid hosp,2,2026-09-12,24,quantile,0.01,5.0
2026-08-29,wk inc covid hosp,2,2026-09-12,24,quantile,0.025,6.0
2026-08-29,wk inc covid hosp,2,2026-09-12,24,quantile,0.05,7.0
2026-08-29,wk inc covid hosp,2,2026-09-12,24,quantile,0.1,8.0
2026-08-29,wk inc covid hosp,2,2026-09-12,24,quantile,0.15,9.0
2026-08-29,wk inc covid hosp,2,2026-09-12,24,quantile,0.2,10.0
2026-08-29,wk inc covid hosp,2,2026-09-12,24,quantile,0.25,11.0
2026-08-29,wk inc covid hosp,2,2026-09-12,24,quantile,0.3,12.0
2026-08-29,wk inc covid hosp,2,2026-09-12,24,quantile,0.35,12.0
2026-08-29,wk inc covid hosp,2,2026-09-12,24,quantile,0.4,13.0
2026-08-29,wk inc covid hosp,2,2026-09-12,24,quantile,0.45,14.0
2026-08-29,wk inc covid hosp,2,2026-09-12,24,quantile,0.5,14.0
2026-08-29,wk inc covid hosp,2,2026-09-12,24,quantile,0.55,15.0
2026-08-29,wk inc covid hosp,2,2026-09-12,24,quantile,0.6,15.0
2026-08-29,wk inc covid hosp,2,2026-09-12,24,quantile,0.65,16.0
2026-08-29,wk inc covid hosp,2,2026-09-12,24,quantile,0.7,17.0
2026-08-29,wk inc covid hosp,2,2026-09-12,24,quantile,0.75,18.0
2026-08-29,wk inc covid hosp,2,2026-09-12,24,quantile,0.8,19.0
2026-08-29,wk inc covid hosp,2,2026-09-12,24,quantile,0.85,20.0
2026-08-29,wk inc covid hosp,2,2026-09-12,24,quantile,0.9,22.0
2026-08-29,wk inc covid hosp,2,2026-09-12,24,quantile,0.95,25.0
2026-08-29,wk inc covid hosp,2,2026-09-12,24,quantile,0.975,27.0
2026-08-29,wk inc covid hosp,2,2026-09-12,24,quantile,0.99,31.0
2026-08-29,wk inc covid hosp,2,2026-09-12,25,quantile,0.01,9.0
2026-08-29,wk inc covid hosp,2,2026-09-12,25,quantile,0.025,11.0
2026-08-29,wk inc covid hosp,2,2026-09-12,25,quantile,0.05,13.0
2026-08-29,wk inc covid hosp,2,2026-09-12,25,quantile,0.1,15.0
2026-08-29,wk inc covid hosp,2,2026-09-12,25,quantile,0.15,16.0
2026-08-29,wk inc covid hosp,2,2026-09-12,25,quantile,0.2,17.0
2026-08-29,wk inc covid hosp,2,2026-09-12,25,quantile,0.25,18.0
2026-08-29,wk inc covid hosp,2,2026-09-12,25,quantile,0.3,19.0
2026-08-29,wk inc covid hosp,2,2026-09-12,25,quantile,0.35,20.0
2026-08-29,wk inc covid hosp,2,2026-09-12,25,quantile,0.4,21.0
2026-08-29,wk inc covid hosp,2,2026-09-12,25,quantile,0.45,22.0
2026-08-29,wk inc covid hosp,2,2026-09-12,25,quantile,0.5,23.0
2026-08-29,wk inc covid hosp,2,2026-09-12,25,quantile,0.55,24.0
2026-08-29,wk inc covid hosp,2,2026-09-12,25,quantile,0.6,25.0
2026-08-29,wk inc covid hosp,2,2026-09-12,25,quantile,0.65,26.0
2026-08-29,wk inc covid hosp,2,2026-09-12,25,quantile,0.7,27.0
2026-08-29,wk inc covid hosp,2,2026-09-12,25,quantile,0.75,28.0
2026-08-29,wk inc covid hosp,2,2026-09-12,25,quantile,0.8,30.0
2026-08-29,wk inc covid hosp,2,2026-09-12,25,quantile,0.85,32.0
2026-08-29,wk inc covid hosp,2,2026-09-12,25,quantile,0.9,34.0
2026-08-29,wk inc covid hosp,2,2026-09-12,25,quantile,0.95,38.0
2026-08-29,wk inc covid hosp,2,2026-09-12,25,quantile,0.975,43.0
2026-08-29,wk inc covid hosp,2,2026-09-12,25,quantile,0.99,48.0
2026-08-29,wk inc covid hosp,2,2026-09-12,26,quantile,0.01,45.0
2026-08-29,wk inc covid hosp,2,2026-09-12,26,quantile,0.025,51.0
2026-08-29,wk inc covid hosp,2,2026-09-12,26,quantile,0.05,56.0
2026-08-29,wk inc covid hosp,2,2026-09-12,26,quantile,0.1,61.0
2026-08-29,wk inc covid hosp,2,2026-09-12,26,quantile,0.15,66.0
2026-08-29,wk inc covid hosp,2,2026-09-12,26,quantile,0.2,69.0
2026-08-29,wk inc covid hosp,2,2026-09-12,26,quantile,0.25,72.0
2026-08-29,wk inc covid hosp,2,2026-09-12,26,quantile,0.3,75.0
2026-08-29,wk inc covid hosp,2,2026-09-12,26,quantile,0.35,77.0
2026-08-29,wk inc covid hosp,2,2026-09-12,26,quantile,0.4,80.0
2026-08-29,wk inc covid hosp,2,2026-09-12,26,quantile,0.45,83.0
2026-08-29,wk inc covid hosp,2,2026-09-12,26,quantile,0.5,86.0
2026-08-29,wk inc covid hosp,2,2026-09-12,26,quantile,0.55,88.0
2026-08-29,wk inc covid hosp,2,2026-09-12,26,quantile,0.6,92.0
2026-08-29,wk inc covid hosp,2,2026-09-12,26,quantile,0.65,95.0
2026-08-29,wk inc covid hosp,2,2026-09-12,26,quantile,0.7,98.0
2026-08-29,wk inc covid hosp,2,2026-09-12,26,quantile,0.75,102.0
2026-08-29,wk inc covid hosp,2,2026-09-12,26,quantile,0.8,107.0
2026-08-29,wk inc covid hosp,2,2026-09-12,26,quantile,0.85,113.0
2026-08-29,wk inc covid hosp,2,2026-09-12,26,quantile,0.9,121.0
2026-08-29,wk inc covid hosp,2,2026-09-12,26,quantile,0.95,135.0
2026-08-29,wk inc covid hosp,2,2026-09-12,26,quantile,0.975,152.0
2026-08-29,wk inc covid hosp,2,2026-09-12,26,quantile,0.99,175.0
2026-08-29,wk inc covid hosp,2,2026-09-12,27,quantile,0.01,2.0
2026-08-29,wk inc covid hosp,2,2026-09-12,27,quantile,0.025,3.0
2026-08-29,wk inc covid hosp,2,2026-09-12,27,quantile,0.05,4.0
2026-08-29,wk inc covid hosp,2,2026-09-12,27,quantile,0.1,5.0
2026-08-29,wk inc covid hosp,2,2026-09-12,27,quantile,0.15,5.0
2026-08-29,wk inc covid hosp,2,2026-09-12,27,quantile,0.2,6.0
2026-08-29,wk inc covid hosp,2,2026-09-12,27,quantile,0.25,6.0
2026-08-29,wk inc covid hosp,2,2026-09-12,27,quantile,0.3,7.0
2026-08-29,wk inc covid hosp,2,2026-09-12,27,quantile,0.35,7.0
2026-08-29,wk inc covid hosp,2,2026-09-12,27,quantile,0.4,8.0
2026-08-29,wk inc covid hosp,2,2026-09-12,27,quantile,0.45,8.0
2026-08-29,wk inc covid hosp,2,2026-09-12,27,quantile,0.5,9.0
2026-08-29,wk inc covid hosp,2,2026-09-12,27,quantile,0.55,9.0
2026-08-29,wk inc covid hosp,2,2026-09-12,27,quantile,0.6,10.0
2026-08-29,wk inc covid hosp,2,2026-09-12,27,quantile,0.65,10.0
2026-08-29,wk inc covid hosp,2,2026-09-12,27,quantile,0.7,11.0
2026-08-29,wk inc covid hosp,2,2026-09-12,27,quantile,0.75,11.0
2026-08-29,wk inc covid hosp,2,2026-09-12,27,quantile,0.8,12.0
2026-08-29,wk inc covid hosp,2,2026-09-12,27,quantile,0.85,13.0
2026-08-29,wk inc covid hosp,2,2026-09-12,27,quantile,0.9,14.0
2026-08-29,wk inc covid hosp,2,2026-09-12,27,quantile,0.95,16.0
2026-08-29,wk inc covid hosp,2,2026-09-12,27,quantile,0.975,18.0
2026-08-29,wk inc covid hosp,2,2026-09-12,27,quantile,0.99,21.0
2026-08-29,wk inc covid hosp,2,2026-09-12,28,quantile,0.01,17.0
2026-08-29,wk inc covid hosp,2,2026-09-12,28,quantile,0.025,20.0
2026-08-29,wk inc covid hosp,2,2026-09-12,28,quantile,0.05,22.0
2026-08-29,wk inc covid hosp,2,2026-09-12,28,quantile,0.1,25.0
2026-08-29,wk inc covid hosp,2,2026-09-12,28,quantile,0.15,27.0
2026-08-29,wk inc covid hosp,2,2026-09-12,28,quantile,0.2,28.0
2026-08-29,wk inc covid hosp,2,2026-09-12,28,quantile,0.25,30.0
2026-08-29,wk inc covid hosp,2,2026-09-12,28,quantile,0.3,31.0
2026-08-29,wk inc covid hosp,2,2026-09-12,28,quantile,0.35,32.0
2026-08-29,wk inc covid hosp,2,2026-09-12,28,quantile,0.4,34.0
2026-08-29,wk inc covid hosp,2,2026-09-12,28,quantile,0.45,35.0
2026-08-29,wk inc covid hosp,2,2026-09-12,28,quantile,0.5,36.0
2026-08-29,wk inc covid hosp,2,2026-09-12,28,quantile,0.55,38.0
2026-08-29,wk inc covid hosp,2,2026-09-12,28,quantile,0.6,39.0
2026-08-29,wk inc covid hosp,2,2026-09-12,28,quantile,0.65,41.0
2026-08-29,wk inc covid hosp,2,2026-09-12,28,quantile,0.7,42.0
2026-08-29,wk inc covid hosp,2,2026-09-12,28,quantile,0.75,44.0
2026-08-29,wk inc covid hosp,2,2026-09-12,28,quantile,0.8,46.0
2026-08-29,wk inc covid hosp,2,2026-09-12,28,quantile,0.85,49.0
2026-08-29,wk inc covid hosp,2,2026-09-12,28,quantile,0.9,53.0
2026-08-29,wk inc covid hosp,2,2026-09-12,28,quantile,0.95,60.0
2026-08-29,wk inc covid hosp,2,2026-09-12,28,quantile,0.975,66.0
2026-08-29,wk inc covid hosp,2,2026-09-12,28,quantile,0.99,75.0
2026-08-29,wk inc covid hosp,2,2026-09-12,29,quantile,0.01,6.0
2026-08-29,wk inc covid hosp,2,2026-09-12,29,quantile,0.025,7.0
2026-08-29,wk inc covid hosp,2,2026-09-12,29,quantile,0.05,8.0
2026-08-29,wk inc covid hosp,2,2026-09-12,29,quantile,0.1,10.0
2026-08-29,wk inc covid hosp,2,2026-09-12,29,quantile,0.15,11.0
2026-08-29,wk inc covid hosp,2,2026-09-12,29,quantile,0.2,12.0
2026-08-29,wk inc covid hosp,2,2026-09-12,29,quantile,0.25,12.0
2026-08-29,wk inc covid hosp,2,2026-09-12,29,quantile,0.3,13.0
2026-08-29,wk inc covid hosp,2,2026-09-12,29,quantile,0.35,14.0
2026-08-29,wk inc covid hosp,2,2026-09-12,29,quantile,0.4,15.0
2026-08-29,wk inc covid hosp,2,2026-09-12,29,quantile,0.45,15.0
2026-08-29,wk inc covid hosp,2,2026-09-12,29,quantile,0.5,16.0
2026-08-29,wk inc covid hosp,2,2026-09-12,29,quantile,0.55,17.0
2026-08-29,wk inc covid hosp,2,2026-09-12,29,quantile,0.6,17.0
2026-08-29,wk inc covid hosp,2,2026-09-12,29,quantile,0.65,18.0
2026-08-29,wk inc covid hosp,2,2026-09-12,29,quantile,0.7,19.0
2026-08-29,wk inc covid hosp,2,2026-09-12,29,quantile,0.75,20.0
2026-08-29,wk inc covid hosp,2,2026-09-12,29,quantile,0.8,21.0
2026-08-29,wk inc covid hosp,2,2026-09-12,29,quantile,0.85,22.0
2026-08-29,wk inc covid hosp,2,2026-09-12,29,quantile,0.9,24.0
2026-08-29,wk inc covid hosp,2,2026-09-12,29,quantile,0.95,27.0
2026-08-29,wk inc covid hosp,2,2026-09-12,29,quantile,0.975,31.0
2026-08-29,wk inc covid hosp,2,2026-09-12,29,quantile,0.99,35.0
2026-08-29,wk inc covid hosp,2,2026-09-12,30,quantile,0.01,0.0
2026-08-29,wk inc covid hosp,2,2026-09-12,30,quantile,0.025,0.0
2026-08-29,wk inc covid hosp,2,2026-09-12,30,quantile,0.05,0.0
2026-08-29,wk inc covid hosp,2,2026-09-12,30,quantile,0.1,0.0
2026-08-29,wk inc covid hosp,2,2026-09-12,30,quantile,0.15,1.0
2026-08-29,wk inc covid hosp,2,2026-09-12,30,quantile,0.2,1.0
2026-08-29,wk inc covid hosp,2,2026-09-12,30,quantile,0.25,1.0
2026-08-29,wk inc covid hosp,2,2026-09-12,30,quantile,0.3,1.0
2026-08-29,wk inc covid hosp,2,2026-09-12,30,quantile,0.35,2.0
2026-08-29,wk inc covid hosp,2,2026-09-12,30,quantile,0.4,2.0
2026-08-29,wk inc covid hosp,2,2026-09-12,30,quantile,0.45,2.0
2026-08-29,wk inc covid hosp,2,2026-09-12,30,quantile,0.5,2.0
2026-08-29,wk inc covid hosp,2,2026-09-12,30,quantile,0.55,2.0
2026-08-29,wk inc covid hosp,2,2026-09-12,30,quantile,0.6,3.0
2026-08-29,wk inc covid hosp,2,2026-09-12,30,quantile,0.65,3.0
2026-08-29,wk inc covid hosp,2,2026-09-12,30,quantile,0.7,3.0
2026-08-29,wk inc covid hosp,2,2026-09-12,30,quantile,0.75,3.0
2026-08-29,wk inc covid hosp,2,2026-09-12,30,quantile,0.8,4.0
2026-08-29,wk inc covid hosp,2,2026-09-12,30,quantile,0.85,4.0
2026-08-29,wk inc covid hosp,2,2026-09-12,30,quantile,0.9,5.0
2026-08-29,wk inc covid hosp,2,2026-09-12,30,quantile,0.95,5.0
2026-08-29,wk inc covid hosp,2,2026-09-12,30,quantile,0.975,6.0
2026-08-29,wk inc covid hosp,2,2026-09-12,30,quantile,0.99,7.0
2026-08-29,wk inc covid hosp,2,2026-09-12,31,quantile,0.01,0.0
2026-08-29,wk inc covid hosp,2,2026-09-12,31,quantile,0.025,1.0
2026-08-29,wk inc covid hosp,2,2026-09-12,31,quantile,0.05,1.0
2026-08-29,wk inc covid hosp,2,2026-09-12,31,quantile,0.1,2.0
2026-08-29,wk inc covid hosp,2,2026-09-12,31,quantile,0.15,2.0
2026-08-29,wk inc covid hosp,2,2026-09-12,31,quantile,0.2,2.0
2026-08-29,wk inc covid hosp,2,2026-09-12,31,quantile,0.25,3.0
2026-08-29,wk inc covid hosp,2,2026-09-12,31,quantile,0.3,3.0
2026-08-29,wk inc covid hosp,2,2026-09-12,31,quantile,0.35,3.0
2026-08-29,wk inc covid hosp,2,2026-09-12,31,quantile,0.4,4.0
2026-08-29,wk inc covid hosp,2,2026-09-12,31,quantile,0.45,4.0
2026-08-29,wk inc covid hosp,2,2026-09-12,31,quantile,0.5,4.0
2026-08-29,wk inc covid hosp,2,2026-09-12,31,quantile,0.55,4.0
2026-08-29,wk inc covid hosp,2,2026-09-12,31,quantile,0.6,5.0
2026-08-29,wk inc covid hosp,2,2026-09-12,31,quantile,0.65,5.0
2026-08-29,wk inc covid hosp,2,2026-09-12,31,quantile,0.7,5.0
2026-08-29,wk inc covid hosp,2,2026-09-12,31,quantile,0.75,6.0
2026-08-29,wk inc covid hosp,2,2026-09-12,31,quantile,0.8,6.0
2026-08-29,wk inc covid hosp,2,2026-09-12,31,quantile,0.85,7.0
2026-08-29,wk inc covid hosp,2,2026-09-12,31,quantile,0.9,8.0
2026-08-29,wk inc covid hosp,2,2026-09-12,31,quantile,0.95,9.0
2026-08-29,wk inc covid hosp,2,2026-09-12,31,quantile,0.975,10.0
2026-08-29,wk inc covid hosp,2,2026-09-12,31,quantile,0.99,11.0
2026-08-29,wk inc covid hosp,2,2026-09-12,32,quantile,0.01,4.0
2026-08-29,wk inc covid hosp,2,2026-09-12,32,quantile,0.025,5.0
2026-08-29,wk inc covid hosp,2,2026-09-12,32,quantile,0.05,6.0
2026-08-29,wk inc covid hosp,2,2026-09-12,32,quantile,0.1,8.0
2026-08-29,wk inc covid hosp,2,2026-09-12,32,quantile,0.15,8.0
2026-08-29,wk inc covid hosp,2,2026-09-12,32,quantile,0.2,9.0
2026-08-29,wk inc covid hosp,2,2026-09-12,32,quantile,0.25,10.0
2026-08-29,wk inc covid hosp,2,2026-09-12,32,quantile,0.3,11.0
2026-08-29,wk inc covid hosp,2,2026-09-12,32,quantile,0.35,11.0
2026-08-29,wk inc covid hosp,2,2026-09-12,32,quantile,0.4,12.0
2026-08-29,wk inc covid hosp,2,2026-09-12,32,quantile,0.45,12.0
2026-08-29,wk inc covid hosp,2,2026-09-12,32,quantile,0.5,13.0
2026-08-29,wk inc covid hosp,2,2026-09-12,32,quantile,0.55,14.0
2026-08-29,wk inc covid hosp,2,2026-09-12,32,quantile,0.6,14.0
2026-08-29,wk inc covid hosp,2,2026-09-12,32,quantile,0.65,15.0
2026-08-29,wk inc covid hosp,2,2026-09-12,32,quantile,0.7,16.0
2026-08-29,wk inc covid hosp,2,2026-09-12,32,quantile,0.75,17.0
2026-08-29,wk inc covid hosp,2,2026-09-12,32,quantile,0.8,17.0
2026-08-29,wk inc covid hosp,2,2026-09-12,32,quantile,0.85,19.0
2026-08-29,wk inc covid hosp,2,2026-09-12,32,quantile,0.9,20.0
2026-08-29,wk inc covid hosp,2,2026-09-12,32,quantile,0.95,23.0
2026-08-29,wk inc covid hosp,2,2026-09-12,32,quantile,0.975,25.0
2026-08-29,wk inc covid hosp,2,2026-09-12,32,quantile,0.99,28.0
2026-08-29,wk inc covid hosp,2,2026-09-12,33,quantile,0.01,1.0
2026-08-29,wk inc covid hosp,2,2026-09-12,33,quantile,0.025,2.0
2026-08-29,wk inc covid hosp,2,2026-09-12,33,quantile,0.05,2.0
2026-08-29,wk inc covid hosp,2,2026-09-12,33,quantile,0.1,3.0
2026-08-29,wk inc covid hosp,2,2026-09-12,33,quantile,0.15,3.0
2026-08-29,wk inc covid hosp,2,2026-09-12,33,quantile,0.2,4.0
2026-08-29,wk inc covid hosp,2,2026-09-12,33,quantile,0.25,4.0
2026-08-29,wk inc covid hosp,2,2026-09-12,33,quantile,0.3,4.0
2026-08-29,wk inc covid hosp,2,2026-09-12,33,quantile,0.35,5.0
2026-08-29,wk inc covid hosp,2,2026-09-12,33,quantile,0.4,5.0
2026-08-29,wk inc covid hosp,2,2026-09-12,33,quantile,0.45,6.0
2026-08-29,wk inc covid hosp,2,2026-09-12,33,quantile,0.5,6.0
2026-08-29,wk inc covid hosp,2,2026-09-12,33,quantile,0.55,6.0
2026-08-29,wk inc covid hosp,2,2026-09-12,33,quantile,0.6,7.0
2026-08-29,wk inc covid hosp,2,2026-09-12,33,quantile,0.65,7.0
2026-08-29,wk inc covid hosp,2,2026-09-12,33,quantile,0.7,8.0
2026-08-29,wk inc covid hosp,2,2026-09-12,33,quantile,0.75,8.0
2026-08-29,wk inc covid hosp,2,2026-09-12,33,quantile,0.8,9.0
2026-08-29,wk inc covid hosp,2,2026-09-12,33,quantile,0.85,9.0
2026-08-29,wk inc covid hosp,2,2026-09-12,33,quantile,0.9,10.0
2026-08-29,wk inc covid hosp,2,2026-09-12,33,quantile,0.95,12.0
2026-08-29,wk inc covid hosp,2,2026-09-12,33,quantile,0.975,13.0
2026-08-29,wk inc covid hosp,2,2026-09-12,33,quantile,0.99,14.0
2026-08-29,wk inc covid hosp,2,2026-09-12,34,quantile,0.01,43.0
2026-08-29,wk inc covid hosp,2,2026-09-12,34,quantile,0.025,48.0
2026-08-29,wk inc covid hosp,2,2026-09-12,34,quantile,0.05,52.0
2026-08-29,wk inc covid hosp,2,2026-09-12,34,quantile,0.1,58.0
2026-08-29,wk inc covid hosp,2,2026-09-12,34,quantile,0.15,62.0
2026-08-29,wk inc covid hosp,2,2026-09-12,34,quantile,0.2,66.0
2026-08-29,wk inc covid hosp,2,2026-09-12,34,quantile,0.25,68.0
2026-08-29,wk inc covid hosp,2,2026-09-12,34,quantile,0.3,71.0
2026-08-29,wk inc covid hosp,2,2026-09-12,34,quantile,0.35,74.0
2026-08-29,wk inc covid hosp,2,2026-09-12,34,quantile,0.4,76.0
2026-08-29,wk inc covid hosp,2,2026-09-12,34,quantile,0.45,79.0
2026-08-29,wk inc covid hosp,2,2026-09-12,34,quantile,0.5,82.0
2026-08-29,wk inc covid hosp,2,2026-09-12,34,quantile,0.55,85.0
2026-08-29,wk inc covid hosp,2,2026-09-12,34,quantile,0.6,87.0
2026-08-29,wk inc covid hosp,2,2026-09-12,34,quantile,0.65,90.0
2026-08-29,wk inc covid hosp,2,2026-09-12,34,quantile,0.7,94.0
2026-08-29,wk inc covid hosp,2,2026-09-12,34,quantile,0.75,98.0
2026-08-29,wk inc covid hosp,2,2026-09-12,34,quantile,0.8,102.0
2026-08-29,wk inc covid hosp,2,2026-09-12,34,quantile,0.85,108.0
2026-08-29,wk inc covid hosp,2,2026-09-12,34,quantile,0.9,116.0
2026-08-29,wk inc covid hosp,2,2026-09-12,34,quantile,0.95,131.0
2026-08-29,wk inc covid hosp,2,2026-09-12,34,quantile,0.975,145.0
2026-08-29,wk inc covid hosp,2,2026-09-12,34,quantile,0.99,165.0
2026-08-29,wk inc covid hosp,2,2026-09-12,35,quantile,0.01,2.0
2026-08-29,wk inc covid hosp,2,2026-09-12,35,quantile,0.025,3.0
2026-08-29,wk inc covid hosp,2,2026-09-12,35,quantile,0.05,4.0
2026-08-29,wk inc covid hosp,2,2026-09-12,35,quantile,0.1,4.0
2026-08-29,wk inc covid hosp,2,2026-09-12,35,quantile,0.15,5.0
2026-08-29,wk inc covid hosp,2,2026-09-12,35,quantile,0.2,6.0
2026-08-29,wk inc covid hosp,2,2026-09-12,35,quantile,0.25,6.0
2026-08-29,wk inc covid hosp,2,2026-09-12,35,quantile,0.3,7.0
2026-08-29,wk inc covid hosp,2,2026-09-12,35,quantile,0.35,7.0
2026-08-29,wk inc covid hosp,2,2026-09-12,35,quantile,0.4,8.0
2026-08-29,wk inc covid hosp,2,2026-09-12,35,quantile,0.45,8.0
2026-08-29,wk inc covid hosp,2,2026-09-12,35,quantile,0.5,9.0
2026-08-29,wk inc covid hosp,2,2026-09-12,35,quantile,0.55,9.0
2026-08-29,wk inc covid hosp,2,2026-09-12,35,quantile,0.6,10.0
2026-08-29,wk inc covid hosp,2,2026-09-12,35,quantile,0.65,10.0
2026-08-29,wk inc covid hosp,2,2026-09-12,35,quantile,0.7,11.0
2026-08-29,wk inc covid hosp,2,2026-09-12,35,quantile,0.75,11.0
2026-08-29,wk inc covid hosp,2,2026-09-12,35,quantile,0.8,12.0
2026-08-29,wk inc covid hosp,2,2026-09-12,35,quantile,0.85,13.0
2026-08-29,wk inc covid hosp,2,2026-09-12,35,quantile,0.9,14.0
2026-08-29,wk inc covid hosp,2,2026-09-12,35,quantile,0.95,16.0
2026-08-29,wk inc covid hosp,2,2026-09-12,35,quantile,0.975,18.0
2026-08-29,wk inc covid hosp,2,2026-09-12,35,quantile,0.99,20.0
2026-08-29,wk inc covid hosp,2,2026-09-12,36,quantile,0.01,79.0
2026-08-29,wk inc covid hosp,2,2026-09-12,36,quantile,0.025,88.0
2026-08-29,wk inc covid hosp,2,2026-09-12,36,quantile,0.05,95.0
2026-08-29,wk inc covid hosp,2,2026-09-12,36,quantile,0.1,106.0
2026-08-29,wk inc covid hosp,2,2026-09-12,36,quantile,0.15,113.0
2026-08-29,wk inc covid hosp,2,2026-09-12,36,quantile,0.2,118.0
2026-08-29,wk inc covid hosp,2,2026-09-12,36,quantile,0.25,123.0
2026-08-29,wk inc covid hosp,2,2026-09-12,36,quantile,0.3,128.0
2026-08-29,wk inc covid hosp,2,2026-09-12,36,quantile,0.35,133.0
2026-08-29,wk inc covid hosp,2,2026-09-12,36,quantile,0.4,137.0
2026-08-29,wk inc covid hosp,2,2026-09-12,36,quantile,0.45,142.0
2026-08-29,wk inc covid hosp,2,2026-09-12,36,quantile,0.5,146.0
2026-08-29,wk inc covid hosp,2,2026-09-12,36,quantile,0.55,151.0
2026-08-29,wk inc covid hosp,2,2026-09-12,36,quantile,0.6,156.0
2026-08-29,wk inc covid hosp,2,2026-09-12,36,quantile,0.65,161.0
2026-08-29,wk inc covid hosp,2,2026-09-12,36,quantile,0.7,167.0
2026-08-29,wk inc covid hosp,2,2026-09-12,36,quantile,0.75,173.0
2026-08-29,wk inc covid hosp,2,2026-09-12,36,quantile,0.8,181.0
2026-08-29,wk inc covid hosp,2,2026-09-12,36,quantile,0.85,192.0
2026-08-29,wk inc covid hosp,2,2026-09-12,36,quantile,0.9,206.0
2026-08-29,wk inc covid hosp,2,2026-09-12,36,quantile,0.95,230.0
2026-08-29,wk inc covid hosp,2,2026-09-12,36,quantile,0.975,258.0
2026-08-29,wk inc covid hosp,2,2026-09-12,36,quantile,0.99,291.0
2026-08-29,wk inc covid hosp,2,2026-09-12,37,quantile,0.01,83.0
2026-08-29,wk inc covid hosp,2,2026-09-12,37,quantile,0.025,92.0
2026-08-29,wk inc covid hosp,2,2026-09-12,37,quantile,0.05,100.0
2026-08-29,wk inc covid hosp,2,2026-09-12,37,quantile,0.1,110.0
2026-08-29,wk inc covid hosp,2,2026-09-12,37,quantile,0.15,118.0
2026-08-29,wk inc covid hosp,2,2026-09-12,37,quantile,0.2,124.0
2026-08-29,wk inc covid hosp,2,2026-09-12,37,quantile,0.25,129.0
2026-08-29,wk inc covid hosp,2,2026-09-12,37,quantile,0.3,134.0
2026-08-29,wk inc covid hosp,2,2026-09-12,37,quantile,0.35,138.0
2026-08-29,wk inc covid hosp,2,2026-09-12,37,quantile,0.4,143.0
2026-08-29,wk inc covid hosp,2,2026-09-12,37,quantile,0.45,147.0
2026-08-29,wk inc covid hosp,2,2026-09-12,37,quantile,0.5,152.0
2026-08-29,wk inc covid hosp,2,2026-09-12,37,quantile,0.55,157.0
2026-08-29,wk inc covid hosp,2,2026-09-12,37,quantile,0.6,162.0
2026-08-29,wk inc covid hosp,2,2026-09-12,37,quantile,0.65,168.0
2026-08-29,wk inc covid hosp,2,2026-09-12,37,quantile,0.7,174.0
2026-08-29,wk inc covid hosp,2,2026-09-12,37,quantile,0.75,181.0
2026-08-29,wk inc covid hosp,2,2026-09-12,37,quantile,0.8,190.0
2026-08-29,wk inc covid hosp,2,2026-09-12,37,quantile,0.85,201.0
2026-08-29,wk inc covid hosp,2,2026-09-12,37,quantile,0.9,215.0
2026-08-29,wk inc covid hosp,2,2026-09-12,37,quantile,0.95,242.0
2026-08-29,wk inc covid hosp,2,2026-09-12,37,quantile,0.975,269.0
2026-08-29,wk inc covid hosp,2,2026-09-12,37,quantile,0.99,309.0
2026-08-29,wk inc covid hosp,2,2026-09-12,38,quantile,0.01,0.0
2026-08-29,wk inc covid hosp,2,2026-09-12,38,quantile,0.025,0.0
2026-08-29,wk inc covid hosp,2,2026-09-12,38,quantile,0.05,0.0
2026-08-29,wk inc covid hosp,2,2026-09-12,38,quantile,0.1,0.0
2026-08-29,wk inc covid hosp,2,2026-09-12,38,quantile,0.15,0.0
2026-08-29,wk inc covid hosp,2,2026-09-12,38,quantile,0.2,0.0
2026-08-29,wk inc covid hosp,2,2026-09-12,38,quantile,0.25,0.0
2026-08-29,wk inc covid hosp,2,2026-09-12,38,quantile,0.3,0.0
2026-08-29,wk inc covid hosp,2,2026-09-12,38,quantile,0.35,0.0
2026-08-29,wk inc covid hosp,2,2026-09-12,38,quantile,0.4,1.0
2026-08-29,wk inc covid hosp,2,2026-09-12,38,quantile,0.45,1.0
2026-08-29,wk inc covid hosp,2,2026-09-12,38,quantile,0.5,1.0
2026-08-29,wk inc covid hosp,2,2026-09-12,38,quantile,0.55,1.0
2026-08-29,wk inc covid hosp,2,2026-09-12,38,quantile,0.6,1.0
2026-08-29,wk inc covid hosp,2,2026-09-12,38,quantile,0.65,1.0
2026-08-29,wk inc covid hosp,2,2026-09-12,38,quantile,0.7,1.0
2026-08-29,wk inc covid hosp,2,2026-09-12,38,quantile,0.75,2.0
2026-08-29,wk inc covid hosp,2,2026-09-12,38,quantile,0.8,2.0
2026-08-29,wk inc covid hosp,2,2026-09-12,38,quantile,0.85,2.0
2026-08-29,wk inc covid hosp,2,2026-09-12,38,quantile,0.9,2.0
2026-08-29,wk inc covid hosp,2,2026-09-12,38,quantile,0.95,3.0
2026-08-29,wk inc covid hosp,2,2026-09-12,38,quantile,0.975,3.0
2026-08-29,wk inc covid hosp,2,2026-09-12,38,quantile,0.99,4.0
2026-08-29,wk inc covid hosp,2,2026-09-12,39,quantile,0.01,16.0
2026-08-29,wk inc covid hosp,2,2026-09-12,39,quantile,0.025,18.0
2026-08-29,wk inc covid hosp,2,2026-09-12,39,quantile,0.05,21.0
2026-08-29,wk inc covid hosp,2,2026-09-12,39,quantile,0.1,23.0
2026-08-29,wk inc covid hosp,2,2026-09-12,39,quantile,0.15,25.0
2026-08-29,wk inc covid hosp,2,2026-09-12,39,quantile,0.2,27.0
2026-08-29,wk inc covid hosp,2,2026-09-12,39,quantile,0.25,28.0
2026-08-29,wk inc covid hosp,2,2026-09-12,39,quantile,0.3,30.0
2026-08-29,wk inc covid hosp,2,2026-09-12,39,quantile,0.35,31.0
2026-08-29,wk inc covid hosp,2,2026-09-12,39,quantile,0.4,32.0
2026-08-29,wk inc covid hosp,2,2026-09-12,39,quantile,0.45,34.0
2026-08-29,wk inc covid hosp,2,2026-09-12,39,quantile,0.5,35.0
2026-08-29,wk inc covid hosp,2,2026-09-12,39,quantile,0.55,36.0
2026-08-29,wk inc covid hosp,2,2026-09-12,39,quantile,0.6,37.0
2026-08-29,wk inc covid hosp,2,2026-09-12,39,quantile,0.65,39.0
2026-08-29,wk inc covid hosp,2,2026-09-12,39,quantile,0.7,41.0
2026-08-29,wk inc covid hosp,2,2026-09-12,39,quantile,0.75,42.0
2026-08-29,wk inc covid hosp,2,2026-09-12,39,quantile,0.8,45.0
2026-08-29,wk inc covid hosp,2,2026-09-12,39,quantile,0.85,47.0
2026-08-29,wk inc covid hosp,2,2026-09-12,39,quantile,0.9,51.0
2026-08-29,wk inc covid hosp,2,2026-09-12,39,quantile,0.95,57.0
2026-08-29,wk inc covid hosp,2,2026-09-12,39,quantile,0.975,64.0
2026-08-29,wk inc covid hosp,2,2026-09-12,39,quantile,0.99,73.0
2026-08-29,wk inc covid hosp,2,2026-09-12,40,quantile,0.01,4.0
2026-08-29,wk inc covid hosp,2,2026-09-12,40,quantile,0.025,5.0
2026-08-29,wk inc covid hosp,2,2026-09-12,40,quantile,0.05,6.0
2026-08-29,wk inc covid hosp,2,2026-09-12,40,quantile,0.1,7.0
2026-08-29,wk inc covid hosp,2,2026-09-12,40,quantile,0.15,8.0
2026-08-29,wk inc covid hosp,2,2026-09-12,40,quantile,0.2,9.0
2026-08-29,wk inc covid hosp,2,2026-09-12,40,quantile,0.25,9.0
2026-08-29,wk inc covid hosp,2,2026-09-12,40,quantile,0.3,10.0
2026-08-29,wk inc covid hosp,2,2026-09-12,40,quantile,0.35,11.0
2026-08-29,wk inc covid hosp,2,2026-09-12,40,quantile,0.4,11.0
2026-08-29,wk inc covid hosp,2,2026-09-12,40,quantile,0.45,12.0
2026-08-29,wk inc covid hosp,2,2026-09-12,40,quantile,0.5,12.0
2026-08-29,wk inc covid hosp,2,2026-09-12,40,quantile,0.55,13.0
2026-08-29,wk inc covid hosp,2,2026-09-12,40,quantile,0.6,14.0
2026-08-29,wk inc covid hosp,2,2026-09-12,40,quantile,0.65,14.0
2026-08-29,wk inc covid hosp,2,2026-09-12,40,quantile,0.7,15.0
2026-08-29,wk inc covid hosp,2,2026-09-12,40,quantile,0.75,16.0
2026-08-29,wk inc covid hosp,2,2026-09-12,40,quantile,0.8,17.0
2026-08-29,wk inc covid hosp,2,2026-09-12,40,quantile,0.85,18.0
2026-08-29,wk inc covid hosp,2,2026-09-12,40,quantile,0.9,19.0
2026-08-29,wk inc covid hosp,2,2026-09-12,40,quantile,0.95,22.0
2026-08-29,wk inc covid hosp,2,2026-09-12,40,quantile,0.975,24.0
2026-08-29,wk inc covid hosp,2,2026-09-12,40,quantile,0.99,27.0
2026-08-29,wk inc covid hosp,2,2026-09-12,41,quantile,0.01,3.0
2026-08-29,wk inc covid hosp,2,2026-09-12,41,quantile,0.025,4.0
2026-08-29,wk inc covid hosp,2,2026-09-12,41,quantile,0.05,5.0
2026-08-29,wk inc covid hosp,2,2026-09-12,41,quantile,0.1,6.0
2026-08-29,wk inc covid hosp,2,2026-09-12,41,quantile,0.15,7.0
2026-08-29,wk inc covid hosp,2,2026-09-12,41,quantile,0.2,8.0
2026-08-29,wk inc covid hosp,2,2026-09-12,41,quantile,0.25,9.0
2026-08-29,wk inc covid hosp,2,2026-09-12,41,quantile,0.3,9.0
2026-08-29,wk inc covid hosp,2,2026-09-12,41,quantile,0.35,10.0
2026-08-29,wk inc covid hosp,2,2026-09-12,41,quantile,0.4,10.0
2026-08-29,wk inc covid hosp,2,2026-09-12,41,quantile,0.45,11.0
2026-08-29,wk inc covid hosp,2,2026-09-12,41,quantile,0.5,11.0
2026-08-29,wk inc covid hosp,2,2026-09-12,41,quantile,0.55,12.0
2026-08-29,wk inc covid hosp,2,2026-09-12,41,quantile,0.6,12.0
2026-08-29,wk inc covid hosp,2,2026-09-12,41,quantile,0.65,13.0
2026-08-29,wk inc covid hosp,2,2026-09-12,41,quantile,0.7,14.0
2026-08-29,wk inc covid hosp,2,2026-09-12,41,quantile,0.75,14.0
2026-08-29,wk inc covid hosp,2,2026-09-12,41,quantile,0.8,15.0
2026-08-29,wk inc covid hosp,2,2026-09-12,41,quantile,0.85,16.0
2026-08-29,wk inc covid hosp,2,2026-09-12,41,quantile,0.9,18.0
2026-08-29,wk inc covid hosp,2,2026-09-12,41,quantile,0.95,20.0
2026-08-29,wk inc covid hosp,2,2026-09-12,41,quantile,0.975,23.0
2026-08-29,wk inc covid hosp,2,2026-09-12,41,quantile,0.99,26.0
2026-08-29,wk inc covid hosp,2,2026-09-12,42,quantile,0.01,33.0
2026-08-29,wk inc covid hosp,2,2026-09-12,42,quantile,0.025,37.0
2026-08-29,wk inc covid hosp,2,2026-09-12,42,quantile,0.05,41.0
2026-08-29,wk inc covid hosp,2,2026-09-12,42,quantile,0.1,46.0
2026-08-29,wk inc covid hosp,2,2026-09-12,42,quantile,0.15,49.0
2026-08-29,wk inc covid hosp,2,2026-09-12,42,quantile,0.2,52.0
2026-08-29,wk inc covid hosp,2,2026-09-12,42,quantile,0.25,54.0
2026-08-29,wk inc covid hosp,2,2026-09-12,42,quantile,0.3,56.0
2026-08-29,wk inc covid hosp,2,2026-09-12,42,quantile,0.35,59.0
2026-08-29,wk inc covid hosp,2,2026-09-12,42,quantile,0.4,61.0
2026-08-29,wk inc covid hosp,2,2026-09-12,42,quantile,0.45,63.0
2026-08-29,wk inc covid hosp,2,2026-09-12,42,quantile,0.5,65.0
2026-08-29,wk inc covid hosp,2,2026-09-12,42,quantile,0.55,68.0
2026-08-29,wk inc covid hosp,2,2026-09-12,42,quantile,0.6,70.0
2026-08-29,wk inc covid hosp,2,2026-09-12,42,quantile,0.65,72.0
2026-08-29,wk inc covid hosp,2,2026-09-12,42,quantile,0.7,75.0
2026-08-29,wk inc covid hosp,2,2026-09-12,42,quantile,0.75,78.0
2026-08-29,wk inc covid hosp,2,2026-09-12,42,quantile,0.8,82.0
2026-08-29,wk inc covid hosp,2,2026-09-12,42,quantile,0.85,87.0
2026-08-29,wk inc covid hosp,2,2026-09-12,42,quantile,0.9,94.0
2026-08-29,wk inc covid hosp,2,2026-09-12,42,quantile,0.95,104.0
2026-08-29,wk inc covid hosp,2,2026-09-12,42,quantile,0.975,115.0
2026-08-29,wk inc covid hosp,2,2026-09-12,42,quantile,0.99,134.0
2026-08-29,wk inc covid hosp,2,2026-09-12,44,quantile,0.01,0.0
2026-08-29,wk inc covid hosp,2,2026-09-12,44,quantile,0.025,1.0
2026-08-29,wk inc covid hosp,2,2026-09-12,44,quantile,0.05,1.0
2026-08-29,wk inc covid hosp,2,2026-09-12,44,quantile,0.1,2.0
2026-08-29,wk inc covid hosp,2,2026-09-12,44,quantile,0.15,2.0
2026-08-29,wk inc covid hosp,2,2026-09-12,44,quantile,0.2,3.0
2026-08-29,wk inc covid hosp,2,2026-09-12,44,quantile,0.25,3.0
2026-08-29,wk inc covid hosp,2,2026-09-12,44,quantile,0.3,4.0
2026-08-29,wk inc covid hosp,2,2026-09-12,44,quantile,0.35,4.0
2026-08-29,wk inc covid hosp,2,2026-09-12,44,quantile,0.4,4.0
2026-08-29,wk inc covid hosp,2,2026-09-12,44,quantile,0.45,4.0
2026-08-29,wk inc covid hosp,2,2026-09-12,44,quantile,0.5,5.0
2026-08-29,wk inc covid hosp,2,2026-09-12,44,quantile,0.55,5.0
2026-08-29,wk inc covid hosp,2,2026-09-12,44,quantile,0.6,5.0
2026-08-29,wk inc covid hosp,2,2026-09-12,44,quantile,0.65,6.0
2026-08-29,wk inc covid hosp,2,2026-09-12,44,quantile,0.7,6.0
2026-08-29,wk inc covid hosp,2,2026-09-12,44,quantile,0.75,7.0
2026-08-29,wk inc covid hosp,2,2026-09-12,44,quantile,0.8,7.0
2026-08-29,wk inc covid hosp,2,2026-09-12,44,quantile,0.85,8.0
2026-08-29,wk inc covid hosp,2,2026-09-12,44,quantile,0.9,9.0
2026-08-29,wk inc covid hosp,2,2026-09-12,44,quantile,0.95,10.0
2026-08-29,wk inc covid hosp,2,2026-09-12,44,quantile,0.975,11.0
2026-08-29,wk inc covid hosp,2,2026-09-12,44,quantile,0.99,13.0
2026-08-29,wk inc covid hosp,2,2026-09-12,45,quantile,0.01,16.0
2026-08-29,wk inc covid hosp,2,2026-09-12,45,quantile,0.025,19.0
2026-08-29,wk inc covid hosp,2,2026-09-12,45,quantile,0.05,21.0
2026-08-29,wk inc covid hosp,2,2026-09-12,45,quantile,0.1,24.0
2026-08-29,wk inc covid hosp,2,2026-09-12,45,quantile,0.15,26.0
2026-08-29,wk inc covid hosp,2,2026-09-12,45,quantile,0.2,28.0
2026-08-29,wk inc covid hosp,2,2026-09-12,45,quantile,0.25,29.0
2026-08-29,wk inc covid hosp,2,2026-09-12,45,quantile,0.3,31.0
2026-08-29,wk inc covid hosp,2,2026-09-12,45,quantile,0.35,32.0
2026-08-29,wk inc covid hosp,2,2026-09-12,45,quantile,0.4,33.0
2026-08-29,wk inc covid hosp,2,2026-09-12,45,quantile,0.45,34.0
2026-08-29,wk inc covid hosp,2,2026-09-12,45,quantile,0.5,36.0
2026-08-29,wk inc covid hosp,2,2026-09-12,45,quantile,0.55,37.0
2026-08-29,wk inc covid hosp,2,2026-09-12,45,quantile,0.6,39.0
2026-08-29,wk inc covid hosp,2,2026-09-12,45,quantile,0.65,40.0
2026-08-29,wk inc covid hosp,2,2026-09-12,45,quantile,0.7,42.0
2026-08-29,wk inc covid hosp,2,2026-09-12,45,quantile,0.75,43.0
2026-08-29,wk inc covid hosp,2,2026-09-12,45,quantile,0.8,46.0
2026-08-29,wk inc covid hosp,2,2026-09-12,45,quantile,0.85,48.0
2026-08-29,wk inc covid hosp,2,2026-09-12,45,quantile,0.9,52.0
2026-08-29,wk inc covid hosp,2,2026-09-12,45,quantile,0.95,59.0
2026-08-29,wk inc covid hosp,2,2026-09-12,45,quantile,0.975,65.0
2026-08-29,wk inc covid hosp,2,2026-09-12,45,quantile,0.99,76.0
2026-08-29,wk inc covid hosp,2,2026-09-12,46,quantile,0.01,0.0
2026-08-29,wk inc covid hosp,2,2026-09-12,46,quantile,0.025,0.0
2026-08-29,wk inc covid hosp,2,2026-09-12,46,quantile,0.05,0.0
2026-08-29,wk inc covid hosp,2,2026-09-12,46,quantile,0.1,0.0
2026-08-29,wk inc covid hosp,2,2026-09-12,46,quantile,0.15,0.0
2026-08-29,wk inc covid hosp,2,2026-09-12,46,quantile,0.2,0.0
2026-08-29,wk inc covid hosp,2,2026-09-12,46,quantile,0.25,1.0
2026-08-29,wk inc covid hosp,2,2026-09-12,46,quantile,0.3,1.0
2026-08-29,wk inc covid hosp,2,2026-09-12,46,quantile,0.35,1.0
2026-08-29,wk inc covid hosp,2,2026-09-12,46,quantile,0.4,1.0
2026-08-29,wk inc covid hosp,2,2026-09-12,46,quantile,0.45,1.0
2026-08-29,wk inc covid hosp,2,2026-09-12,46,quantile,0.5,1.0
2026-08-29,wk inc covid hosp,2,2026-09-12,46,quantile,0.55,2.0
2026-08-29,wk inc covid hosp,2,2026-09-12,46,quantile,0.6,2.0
2026-08-29,wk inc covid hosp,2,2026-09-12,46,quantile,0.65,2.0
2026-08-29,wk inc covid hosp,2,2026-09-12,46,quantile,0.7,2.0
2026-08-29,wk inc covid hosp,2,2026-09-12,46,quantile,0.75,2.0
2026-08-29,wk inc covid hosp,2,2026-09-12,46,quantile,0.8,3.0
2026-08-29,wk inc covid hosp,2,2026-09-12,46,quantile,0.85,3.0
2026-08-29,wk inc covid hosp,2,2026-09-12,46,quantile,0.9,3.0
2026-08-29,wk inc covid hosp,2,2026-09-12,46,quantile,0.95,4.0
2026-08-29,wk inc covid hosp,2,2026-09-12,46,quantile,0.975,5.0
2026-08-29,wk inc covid hosp,2,2026-09-12,46,quantile,0.99,5.0
2026-08-29,wk inc covid hosp,2,2026-09-12,47,quantile,0.01,25.0
2026-08-29,wk inc covid hosp,2,2026-09-12,47,quantile,0.025,28.0
2026-08-29,wk inc covid hosp,2,2026-09-12,47,quantile,0.05,31.0
2026-08-29,wk inc covid hosp,2,2026-09-12,47,quantile,0.1,35.0
2026-08-29,wk inc covid hosp,2,2026-09-12,47,quantile,0.15,38.0
2026-08-29,wk inc covid hosp,2,2026-09-12,47,quantile,0.2,40.0
2026-08-29,wk inc covid hosp,2,2026-09-12,47,quantile,0.25,42.0
2026-08-29,wk inc covid hosp,2,2026-09-12,47,quantile,0.3,44.0
2026-08-29,wk inc covid hosp,2,2026-09-12,47,quantile,0.35,45.0
2026-08-29,wk inc covid hosp,2,2026-09-12,47,quantile,0.4,47.0
2026-08-29,wk inc covid hosp,2,2026-09-12,47,quantile,0.45,49.0
2026-08-29,wk inc covid hosp,2,2026-09-12,47,quantile,0.5,50.0
2026-08-29,wk inc covid hosp,2,2026-09-12,47,quantile,0.55,52.0
2026-08-29,wk inc covid hosp,2,2026-09-12,47,quantile,0.6,54.0
2026-08-29,wk inc covid hosp,2,2026-09-12,47,quantile,0.65,56.0
2026-08-29,wk inc covid hosp,2,2026-09-12,47,quantile,0.7,59.0
2026-08-29,wk inc covid hosp,2,2026-09-12,47,quantile,0.75,61.0
2026-08-29,wk inc covid hosp,2,2026-09-12,47,quantile,0.8,64.0
2026-08-29,wk inc covid hosp,2,2026-09-12,47,quantile,0.85,68.0
2026-08-29,wk inc covid hosp,2,2026-09-12,47,quantile,0.9,73.0
2026-08-29,wk inc covid hosp,2,2026-09-12,47,quantile,0.95,82.0
2026-08-29,wk inc covid hosp,2,2026-09-12,47,quantile,0.975,91.0
2026-08-29,wk inc covid hosp,2,2026-09-12,47,quantile,0.99,104.0
2026-08-29,wk inc covid hosp,2,2026-09-12,48,quantile,0.01,189.0
2026-08-29,wk inc covid hosp,2,2026-09-12,48,quantile,0.025,210.0
2026-08-29,wk inc covid hosp,2,2026-09-12,48,quantile,0.05,229.0
2026-08-29,wk inc covid hosp,2,2026-09-12,48,quantile,0.1,253.0
2026-08-29,wk inc covid hosp,2,2026-09-12,48,quantile,0.15,269.0
2026-08-29,wk inc covid hosp,2,2026-09-12,48,quantile,0.2,283.0
2026-08-29,wk inc covid hosp,2,2026-09-12,48,quantile,0.25,295.0
2026-08-29,wk inc covid hosp,2,2026-09-12,48,quantile,0.3,306.0
2026-08-29,wk inc covid hosp,2,2026-09-12,48,quantile,0.35,317.0
2026-08-29,wk inc covid hosp,2,2026-09-12,48,quantile,0.4,328.0
2026-08-29,wk inc covid hosp,2,2026-09-12,48,quantile,0.45,337.0
2026-08-29,wk inc covid hosp,2,2026-09-12,48,quantile,0.5,348.0
2026-08-29,wk inc covid hosp,2,2026-09-12,48,quantile,0.55,359.0
2026-08-29,wk inc covid hosp,2,2026-09-12,48,quantile,0.6,370.0
2026-08-29,wk inc covid hosp,2,2026-09-12,48,quantile,0.65,383.0
2026-08-29,wk inc covid hosp,2,2026-09-12,48,quantile,0.7,397.0
2026-08-29,wk inc covid hosp,2,2026-09-12,48,quantile,0.75,412.0
2026-08-29,wk inc covid hosp,2,2026-09-12,48,quantile,0.8,432.0
2026-08-29,wk inc covid hosp,2,2026-09-12,48,quantile,0.85,458.0
2026-08-29,wk inc covid hosp,2,2026-09-12,48,quantile,0.9,492.0
2026-08-29,wk inc covid hosp,2,2026-09-12,48,quantile,0.95,551.0
2026-08-29,wk inc covid hosp,2,2026-09-12,48,quantile,0.975,614.0
2026-08-29,wk inc covid hosp,2,2026-09-12,48,quantile,0.99,707.0
2026-08-29,wk inc covid hosp,2,2026-09-12,49,quantile,0.01,1.0
2026-08-29,wk inc covid hosp,2,2026-09-12,49,quantile,0.025,1.0
2026-08-29,wk inc covid hosp,2,2026-09-12,49,quantile,0.05,2.0
2026-08-29,wk inc covid hosp,2,2026-09-12,49,quantile,0.1,3.0
2026-08-29,wk inc covid hosp,2,2026-09-12,49,quantile,0.15,3.0
2026-08-29,wk inc covid hosp,2,2026-09-12,49,quantile,0.2,4.0
2026-08-29,wk inc covid hosp,2,2026-09-12,49,quantile,0.25,4.0
2026-08-29,wk inc covid hosp,2,2026-09-12,49,quantile,0.3,4.0
2026-08-29,wk inc covid hosp,2,2026-09-12,49,quantile,0.35,5.0
2026-08-29,wk inc covid hosp,2,2026-09-12,49,quantile,0.4,5.0
2026-08-29,wk inc covid hosp,2,2026-09-12,49,quantile,0.45,6.0
2026-08-29,wk inc covid hosp,2,2026-09-12,49,quantile,0.5,6.0
2026-08-29,wk inc covid hosp,2,2026-09-12,49,quantile,0.55,6.0
2026-08-29,wk inc covid hosp,2,2026-09-12,49,quantile,0.6,7.0
2026-08-29,wk inc covid hosp,2,2026-09-12,49,quantile,0.65,7.0
2026-08-29,wk inc covid hosp,2,2026-09-12,49,quantile,0.7,7.0
2026-08-29,wk inc covid hosp,2,2026-09-12,49,quantile,0.75,8.0
2026-08-29,wk inc covid hosp,2,2026-09-12,49,quantile,0.8,9.0
2026-08-29,wk inc covid hosp,2,2026-09-12,49,quantile,0.85,9.0
2026-08-29,wk inc covid hosp,2,2026-09-12,49,quantile,0.9,10.0
2026-08-29,wk inc covid hosp,2,2026-09-12,49,quantile,0.95,12.0
2026-08-29,wk inc covid hosp,2,2026-09-12,49,quantile,0.975,13.0
2026-08-29,wk inc covid hosp,2,2026-09-12,49,quantile,0.99,15.0
2026-08-29,wk inc covid hosp,2,2026-09-12,50,quantile,0.01,0.0
2026-08-29,wk inc covid hosp,2,2026-09-12,50,quantile,0.025,0.0
2026-08-29,wk inc covid hosp,2,2026-09-12,50,quantile,0.05,0.0
2026-08-29,wk inc covid hosp,2,2026-09-12,50,quantile,0.1,0.0
2026-08-29,wk inc covid hosp,2,2026-09-12,50,quantile,0.15,0.0
2026-08-29,wk inc covid hosp,2,2026-09-12,50,quantile,0.2,0.0
2026-08-29,wk inc covid hosp,2,2026-09-12,50,quantile,0.25,0.0
2026-08-29,wk inc covid hosp,2,2026-09-12,50,quantile,0.3,1.0
2026-08-29,wk inc covid hosp,2,2026-09-12,50,quantile,0.35,1.0
2026-08-29,wk inc covid hosp,2,2026-09-12,50,quantile,0.4,1.0
2026-08-29,wk inc covid hosp,2,2026-09-12,50,quantile,0.45,1.0
2026-08-29,wk inc covid hosp,2,2026-09-12,50,quantile,0.5,1.0
2026-08-29,wk inc covid hosp,2,2026-09-12,50,quantile,0.55,1.0
2026-08-29,wk inc covid hosp,2,2026-09-12,50,quantile,0.6,1.0
2026-08-29,wk inc covid hosp,2,2026-09-12,50,quantile,0.65,2.0
2026-08-29,wk inc covid hosp,2,2026-09-12,50,quantile,0.7,2.0
2026-08-29,wk inc covid hosp,2,2026-09-12,50,quantile,0.75,2.0
2026-08-29,wk inc covid hosp,2,2026-09-12,50,quantile,0.8,2.0
2026-08-29,wk inc covid hosp,2,2026-09-12,50,quantile,0.85,3.0
2026-08-29,wk inc covid hosp,2,2026-09-12,50,quantile,0.9,3.0
2026-08-29,wk inc covid hosp,2,2026-09-12,50,quantile,0.95,4.0
2026-08-29,wk inc covid hosp,2,2026-09-12,50,quantile,0.975,4.0
2026-08-29,wk inc covid hosp,2,2026-09-12,50,quantile,0.99,5.0
2026-08-29,wk inc covid hosp,2,2026-09-12,51,quantile,0.01,16.0
2026-08-29,wk inc covid hosp,2,2026-09-12,51,quantile,0.025,18.0
2026-08-29,wk inc covid hosp,2,2026-09-12,51,quantile,0.05,20.0
2026-08-29,wk inc covid hosp,2,2026-09-12,51,quantile,0.1,23.0
2026-08-29,wk inc covid hosp,2,2026-09-12,51,quantile,0.15,25.0
2026-08-29,wk inc covid hosp,2,2026-09-12,51,quantile,0.2,26.0
2026-08-29,wk inc covid hosp,2,2026-09-12,51,quantile,0.25,28.0
2026-08-29,wk inc covid hosp,2,2026-09-12,51,quantile,0.3,29.0
2026-08-29,wk inc covid hosp,2,2026-09-12,51,quantile,0.35,31.0
2026-08-29,wk inc covid hosp,2,2026-09-12,51,quantile,0.4,32.0
2026-08-29,wk inc covid hosp,2,2026-09-12,51,quantile,0.45,33.0
2026-08-29,wk inc covid hosp,2,2026-09-12,51,quantile,0.5,35.0
2026-08-29,wk inc covid hosp,2,2026-09-12,51,quantile,0.55,36.0
2026-08-29,wk inc covid hosp,2,2026-09-12,51,quantile,0.6,37.0
2026-08-29,wk inc covid hosp,2,2026-09-12,51,quantile,0.65,39.0
2026-08-29,wk inc covid hosp,2,2026-09-12,51,quantile,0.7,41.0
2026-08-29,wk inc covid hosp,2,2026-09-12,51,quantile,0.75,42.0
2026-08-29,wk inc covid hosp,2,2026-09-12,51,quantile,0.8,44.0
2026-08-29,wk inc covid hosp,2,2026-09-12,51,quantile,0.85,47.0
2026-08-29,wk inc covid hosp,2,2026-09-12,51,quantile,0.9,51.0
2026-08-29,wk inc covid hosp,2,2026-09-12,51,quantile,0.95,57.0
2026-08-29,wk inc covid hosp,2,2026-09-12,51,quantile,0.975,64.0
2026-08-29,wk inc covid hosp,2,2026-09-12,51,quantile,0.99,73.0
2026-08-29,wk inc covid hosp,2,2026-09-12,53,quantile,0.01,29.0
2026-08-29,wk inc covid hosp,2,2026-09-12,53,quantile,0.025,33.0
2026-08-29,wk inc covid hosp,2,2026-09-12,53,quantile,0.05,37.0
2026-08-29,wk inc covid hosp,2,2026-09-12,53,quantile,0.1,41.0
2026-08-29,wk inc covid hosp,2,2026-09-12,53,quantile,0.15,44.0
2026-08-29,wk inc covid hosp,2,2026-09-12,53,quantile,0.2,47.0
2026-08-29,wk inc covid hosp,2,2026-09-12,53,quantile,0.25,49.0
2026-08-29,wk inc covid hosp,2,2026-09-12,53,quantile,0.3,51.0
2026-08-29,wk inc covid hosp,2,2026-09-12,53,quantile,0.35,54.0
2026-08-29,wk inc covid hosp,2,2026-09-12,53,quantile,0.4,56.0
2026-08-29,wk inc covid hosp,2,2026-09-12,53,quantile,0.45,57.0
2026-08-29,wk inc covid hosp,2,2026-09-12,53,quantile,0.5,59.0
2026-08-29,wk inc covid hosp,2,2026-09-12,53,quantile,0.55,62.0
2026-08-29,wk inc covid hosp,2,2026-09-12,53,quantile,0.6,64.0
2026-08-29,wk inc covid hosp,2,2026-09-12,53,quantile,0.65,66.0
2026-08-29,wk inc covid hosp,2,2026-09-12,53,quantile,0.7,69.0
2026-08-29,wk inc covid hosp,2,2026-09-12,53,quantile,0.75,72.0
2026-08-29,wk inc covid hosp,2,2026-09-12,53,quantile,0.8,75.0
2026-08-29,wk inc covid hosp,2,2026-09-12,53,quantile,0.85,80.0
2026-08-29,wk inc covid hosp,2,2026-09-12,53,quantile,0.9,86.0
2026-08-29,wk inc covid hosp,2,2026-09-12,53,quantile,0.95,97.0
2026-08-29,wk inc covid hosp,2,2026-09-12,53,quantile,0.975,107.0
2026-08-29,wk inc covid hosp,2,2026-09-12,53,quantile,0.99,122.0
2026-08-29,wk inc covid hosp,2,2026-09-12,54,quantile,0.01,0.0
2026-08-29,wk inc covid hosp,2,2026-09-12,54,quantile,0.025,0.0
2026-08-29,wk inc covid hosp,2,2026-09-12,54,quantile,0.05,0.0
2026-08-29,wk inc covid hosp,2,2026-09-12,54,quantile,0.1,1.0
2026-08-29,wk inc covid hosp,2,2026-09-12,54,quantile,0.15,1.0
2026-08-29,wk inc covid hosp,2,2026-09-12,54,quantile,0.2,1.0
2026-08-29,wk inc covid hosp,2,2026-09-12,54,quantile,0.25,1.0
2026-08-29,wk inc covid hosp,2,2026-09-12,54,quantile,0.3,2.0
2026-08-29,wk inc covid hosp,2,2026-09-12,54,quantile,0.35,2.0
2026-08-29,wk inc covid hosp,2,2026-09-12,54,quantile,0.4,2.0
2026-08-29,wk inc covid hosp,2,2026-09-12,54,quantile,0.45,2.0
2026-08-29,wk inc covid hosp,2,2026-09-12,54,quantile,0.5,3.0
2026-08-29,wk inc covid hosp,2,2026-09-12,54,quantile,0.55,3.0
2026-08-29,wk inc covid hosp,2,2026-09-12,54,quantile,0.6,3.0
2026-08-29,wk inc covid hosp,2,2026-09-12,54,quantile,0.65,3.0
2026-08-29,wk inc covid hosp,2,2026-09-12,54,quantile,0.7,4.0
2026-08-29,wk inc covid hosp,2,2026-09-12,54,quantile,0.75,4.0
2026-08-29,wk inc covid hosp,2,2026-09-12,54,quantile,0.8,4.0
2026-08-29,wk inc covid hosp,2,2026-09-12,54,quantile,0.85,5.0
2026-08-29,wk inc covid hosp,2,2026-09-12,54,quantile,0.9,5.0
2026-08-29,wk inc covid hosp,2,2026-09-12,54,quantile,0.95,6.0
2026-08-29,wk inc covid hosp,2,2026-09-12,54,quantile,0.975,7.0
2026-08-29,wk inc covid hosp,2,2026-09-12,54,quantile,0.99,8.0
2026-08-29,wk inc covid hosp,2,2026-09-12,55,quantile,0.01,6.0
2026-08-29,wk inc covid hosp,2,2026-09-12,55,quantile,0.025,8.0
2026-08-29,wk inc covid hosp,2,2026-09-12,55,quantile,0.05,9.0
2026-08-29,wk inc covid hosp,2,2026-09-12,55,quantile,0.1,11.0
2026-08-29,wk inc covid hosp,2,2026-09-12,55,quantile,0.15,12.0
2026-08-29,wk inc covid hosp,2,2026-09-12,55,quantile,0.2,13.0
2026-08-29,wk inc covid hosp,2,2026-09-12,55,quantile,0.25,14.0
2026-08-29,wk inc covid hosp,2,2026-09-12,55,quantile,0.3,15.0
2026-08-29,wk inc covid hosp,2,2026-09-12,55,quantile,0.35,15.0
2026-08-29,wk inc covid hosp,2,2026-09-12,55,quantile,0.4,16.0
2026-08-29,wk inc covid hosp,2,2026-09-12,55,quantile,0.45,17.0
2026-08-29,wk inc covid hosp,2,2026-09-12,55,quantile,0.5,18.0
2026-08-29,wk inc covid hosp,2,2026-09-12,55,quantile,0.55,18.0
2026-08-29,wk inc covid hosp,2,2026-09-12,55,quantile,0.6,19.0
2026-08-29,wk inc covid hosp,2,2026-09-12,55,quantile,0.65,20.0
2026-08-29,wk inc covid hosp,2,2026-09-12,55,quantile,0.7,21.0
2026-08-29,wk inc covid hosp,2,2026-09-12,55,quantile,0.75,22.0
2026-08-29,wk inc covid hosp,2,2026-09-12,55,quantile,0.8,24.0
2026-08-29,wk inc covid hosp,2,2026-09-12,55,quantile,0.85,25.0
2026-08-29,wk inc covid hosp,2,2026-09-12,55,quantile,0.9,27.0
2026-08-29,wk inc covid hosp,2,2026-09-12,55,quantile,0.95,31.0
2026-08-29,wk inc covid hosp,2,2026-09-12,55,quantile,0.975,34.0
2026-08-29,wk inc covid hosp,2,2026-09-12,55,quantile,0.99,39.0
2026-08-29,wk inc covid hosp,2,2026-09-12,56,quantile,0.01,0.0
2026-08-29,wk inc covid hosp,2,2026-09-12,56,quantile,0.025,0.0
2026-08-29,wk inc covid hosp,2,2026-09-12,56,quantile,0.05,0.0
2026-08-29,wk inc covid hosp,2,2026-09-12,56,quantile,0.1,0.0
2026-08-29,wk inc covid hosp,2,2026-09-12,56,quantile,0.15,0.0
2026-08-29,wk inc covid hosp,2,2026-09-12,56,quantile,0.2,0.0
2026-08-29,wk inc covid hosp,2,2026-09-12,56,quantile,0.25,0.0
2026-08-29,wk inc covid hosp,2,2026-09-12,56,quantile,0.3,1.0
2026-08-29,wk inc covid hosp,2,2026-09-12,56,quantile,0.35,1.0
2026-08-29,wk inc covid hosp,2,2026-09-12,56,quantile,0.4,1.0
2026-08-29,wk inc covid hosp,2,2026-09-12,56,quantile,0.45,1.0
2026-08-29,wk inc covid hosp,2,2026-09-12,56,quantile,0.5,1.0
2026-08-29,wk inc covid hosp,2,2026-09-12,56,quantile,0.55,1.0
2026-08-29,wk inc covid hosp,2,2026-09-12,56,quantile,0.6,1.0
2026-08-29,wk inc covid hosp,2,2026-09-12,56,quantile,0.65,2.0
2026-08-29,wk inc covid hosp,2,2026-09-12,56,quantile,0.7,2.0
2026-08-29,wk inc covid hosp,2,2026-09-12,56,quantile,0.75,2.0
2026-08-29,wk inc covid hosp,2,2026-09-12,56,quantile,0.8,2.0
2026-08-29,wk inc covid hosp,2,2026-09-12,56,quantile,0.85,3.0
2026-08-29,wk inc covid hosp,2,2026-09-12,56,quantile,0.9,3.0
2026-08-29,wk inc covid hosp,2,2026-09-12,56,quantile,0.95,4.0
2026-08-29,wk inc covid hosp,2,2026-09-12,56,quantile,0.975,4.0
2026-08-29,wk inc covid hosp,2,2026-09-12,56,quantile,0.99,5.0
2026-08-29,wk inc covid hosp,2,2026-09-12,72,quantile,0.01,60.0
2026-08-29,wk inc covid hosp,2,2026-09-12,72,quantile,0.025,68.0
2026-08-29,wk inc covid hosp,2,2026-09-12,72,quantile,0.05,74.0
2026-08-29,wk inc covid hosp,2,2026-09-12,72,quantile,0.1,83.0
2026-08-29,wk inc covid hosp,2,2026-09-12,72,quantile,0.15,88.0
2026-08-29,wk inc covid hosp,2,2026-09-12,72,quantile,0.2,93.0
2026-08-29,wk inc covid hosp,2,2026-09-12,72,quantile,0.25,97.0
2026-08-29,wk inc covid hosp,2,2026-09-12,72,quantile,0.3,101.0
2026-08-29,wk inc covid hosp,2,2026-09-12,72,quantile,0.35,105.0
2026-08-29,wk inc covid hosp,2,2026-09-12,72,quantile,0.4,109.0
2026-08-29,wk inc covid hosp,2,2026-09-12,72,quantile,0.45,113.0
2026-08-29,wk inc covid hosp,2,2026-09-12,72,quantile,0.5,117.0
2026-08-29,wk inc covid hosp,2,2026-09-12,72,quantile,0.55,121.0
2026-08-29,wk inc covid hosp,2,2026-09-12,72,quantile,0.6,125.0
2026-08-29,wk inc covid hosp,2,2026-09-12,72,quantile,0.65,130.0
2026-08-29,wk inc covid hosp,2,2026-09-12,72,quantile,0.7,135.0
2026-08-29,wk inc covid hosp,2,2026-09-12,72,quantile,0.75,140.0
2026-08-29,wk inc covid hosp,2,2026-09-12,72,quantile,0.8,147.0
2026-08-29,wk inc covid hosp,2,2026-09-12,72,quantile,0.85,155.0
2026-08-29,wk inc covid hosp,2,2026-09-12,72,quantile,0.9,168.0
2026-08-29,wk inc covid hosp,2,2026-09-12,72,quantile,0.95,187.0
2026-08-29,wk inc covid hosp,2,2026-09-12,72,quantile,0.975,208.0
2026-08-29,wk inc covid hosp,2,2026-09-12,72,quantile,0.99,236.0
2026-08-29,wk inc covid hosp,3,2026-09-19,01,quantile,0.01,31.0
2026-08-29,wk inc covid hosp,3,2026-09-19,01,quantile,0.025,35.0
2026-08-29,wk inc covid hosp,3,2026-09-19,01,quantile,0.05,39.0
2026-08-29,wk inc covid hosp,3,2026-09-19,01,quantile,0.1,44.0
2026-08-29,wk inc covid hosp,3,2026-09-19,01,quantile,0.15,48.0
2026-08-29,wk inc covid hosp,3,2026-09-19,01,quantile,0.2,51.0
2026-08-29,wk inc covid hosp,3,2026-09-19,01,quantile,0.25,53.0
2026-08-29,wk inc covid hosp,3,2026-09-19,01,quantile,0.3,56.0
2026-08-29,wk inc covid hosp,3,2026-09-19,01,quantile,0.35,58.0
2026-08-29,wk inc covid hosp,3,2026-09-19,01,quantile,0.4,60.0
2026-08-29,wk inc covid hosp,3,2026-09-19,01,quantile,0.45,62.0
2026-08-29,wk inc covid hosp,3,2026-09-19,01,quantile,0.5,65.0
2026-08-29,wk inc covid hosp,3,2026-09-19,01,quantile,0.55,67.0
2026-08-29,wk inc covid hosp,3,2026-09-19,01,quantile,0.6,69.0
2026-08-29,wk inc covid hosp,3,2026-09-19,01,quantile,0.65,72.0
2026-08-29,wk inc covid hosp,3,2026-09-19,01,quantile,0.7,75.0
2026-08-29,wk inc covid hosp,3,2026-09-19,01,quantile,0.75,78.0
2026-08-29,wk inc covid hosp,3,2026-09-19,01,quantile,0.8,82.0
2026-08-29,wk inc covid hosp,3,2026-09-19,01,quantile,0.85,87.0
2026-08-29,wk inc covid hosp,3,2026-09-19,01,quantile,0.9,94.0
2026-08-29,wk inc covid hosp,3,2026-09-19,01,quantile,0.95,105.0
2026-08-29,wk inc covid hosp,3,2026-09-19,01,quantile,0.975,118.0
2026-08-29,wk inc covid hosp,3,2026-09-19,01,quantile,0.99,133.0
2026-08-29,wk inc covid hosp,3,2026-09-19,02,quantile,0.01,0.0
2026-08-29,wk inc covid hosp,3,2026-09-19,02,quantile,0.025,0.0
2026-08-29,wk inc covid hosp,3,2026-09-19,02,quantile,0.05,0.0
2026-08-29,wk inc covid hosp,3,2026-09-19,02,quantile,0.1,0.0
2026-08-29,wk inc covid hosp,3,2026-09-19,02,quantile,0.15,0.0
2026-08-29,wk inc covid hosp,3,2026-09-19,02,quantile,0.2,1.0
2026-08-29,wk inc covid hosp,3,2026-09-19,02,quantile,0.25,1.0
2026-08-29,wk inc covid hosp,3,2026-09-19,02,quantile,0.3,1.0
2026-08-29,wk inc covid hosp,3,2026-09-19,02,quantile,0.35,1.0
2026-08-29,wk inc covid hosp,3,2026-09-19,02,quantile,0.4,1.0
2026-08-29,wk inc covid hosp,3,2026-09-19,02,quantile,0.45,2.0
2026-08-29,wk inc covid hosp,3,2026-09-19,02,quantile,0.5,2.0
2026-08-29,wk inc covid hosp,3,2026-09-19,02,quantile,0.55,2.0
2026-08-29,wk inc covid hosp,3,2026-09-19,02,quantile,0.6,2.0
2026-08-29,wk inc covid hosp,3,2026-09-19,02,quantile,0.65,2.0
2026-08-29,wk inc covid hosp,3,2026-09-19,02,quantile,0.7,2.0
2026-08-29,wk inc covid hosp,3,2026-09-19,02,quantile,0.75,3.0
2026-08-29,wk inc covid hosp,3,2026-09-19,02,quantile,0.8,3.0
2026-08-29,wk inc covid hosp,3,2026-09-19,02,quantile,0.85,3.0
2026-08-29,wk inc covid hosp,3,2026-09-19,02,quantile,0.9,4.0
2026-08-29,wk inc covid hosp,3,2026-09-19,02,quantile,0.95,5.0
2026-08-29,wk inc covid hosp,3,2026-09-19,02,quantile,0.975,5.0
2026-08-29,wk inc covid hosp,3,2026-09-19,02,quantile,0.99,6.0
2026-08-29,wk inc covid hosp,3,2026-09-19,04,quantile,0.01,24.0
2026-08-29,wk inc covid hosp,3,2026-09-19,04,quantile,0.025,27.0
2026-08-29,wk inc covid hosp,3,2026-09-19,04,quantile,0.05,30.0
2026-08-29,wk inc covid hosp,3,2026-09-19,04,quantile,0.1,33.0
2026-08-29,wk inc covid hosp,3,2026-09-19,04,quantile,0.15,36.0
2026-08-29,wk inc covid hosp,3,2026-09-19,04,quantile,0.2,38.0
2026-08-29,wk inc covid hosp,3,2026-09-19,04,quantile,0.25,40.0
2026-08-29,wk inc covid hosp,3,2026-09-19,04,quantile,0.3,42.0
2026-08-29,wk inc covid hosp,3,2026-09-19,04,quantile,0.35,44.0
2026-08-29,wk inc covid hosp,3,2026-09-19,04,quantile,0.4,46.0
2026-08-29,wk inc covid hosp,3,2026-09-19,04,quantile,0.45,48.0
2026-08-29,wk inc covid hosp,3,2026-09-19,04,quantile,0.5,49.0
2026-08-29,wk inc covid hosp,3,2026-09-19,04,quantile,0.55,51.0
2026-08-29,wk inc covid hosp,3,2026-09-19,04,quantile,0.6,53.0
2026-08-29,wk inc covid hosp,3,2026-09-19,04,quantile,0.65,55.0
2026-08-29,wk inc covid hosp,3,2026-09-19,04,quantile,0.7,57.0
2026-08-29,wk inc covid hosp,3,2026-09-19,04,quantile,0.75,60.0
2026-08-29,wk inc covid hosp,3,2026-09-19,04,quantile,0.8,63.0
2026-08-29,wk inc covid hosp,3,2026-09-19,04,quantile,0.85,67.0
2026-08-29,wk inc covid hosp,3,2026-09-19,04,quantile,0.9,72.0
2026-08-29,wk inc covid hosp,3,2026-09-19,04,quantile,0.95,80.0
2026-08-29,wk inc covid hosp,3,2026-09-19,04,quantile,0.975,90.0
2026-08-29,wk inc covid hosp,3,2026-09-19,04,quantile,0.99,103.0
2026-08-29,wk inc covid hosp,3,2026-09-19,05,quantile,0.01,3.0
2026-08-29,wk inc covid hosp,3,2026-09-19,05,quantile,0.025,4.0
2026-08-29,wk inc covid hosp,3,2026-09-19,05,quantile,0.05,5.0
2026-08-29,wk inc covid hosp,3,2026-09-19,05,quantile,0.1,6.0
2026-08-29,wk inc covid hosp,3,2026-09-19,05,quantile,0.15,7.0
2026-08-29,wk inc covid hosp,3,2026-09-19,05,quantile,0.2,8.0
2026-08-29,wk inc covid hosp,3,2026-09-19,05,quantile,0.25,8.0
2026-08-29,wk inc covid hosp,3,2026-09-19,05,quantile,0.3,9.0
2026-08-29,wk inc covid hosp,3,2026-09-19,05,quantile,0.35,9.0
2026-08-29,wk inc covid hosp,3,2026-09-19,05,quantile,0.4,10.0
2026-08-29,wk inc covid hosp,3,2026-09-19,05,quantile,0.45,10.0
2026-08-29,wk inc covid hosp,3,2026-09-19,05,quantile,0.5,11.0
2026-08-29,wk inc covid hosp,3,2026-09-19,05,quantile,0.55,12.0
2026-08-29,wk inc covid hosp,3,2026-09-19,05,quantile,0.6,12.0
2026-08-29,wk inc covid hosp,3,2026-09-19,05,quantile,0.65,13.0
2026-08-29,wk inc covid hosp,3,2026-09-19,05,quantile,0.7,13.0
2026-08-29,wk inc covid hosp,3,2026-09-19,05,quantile,0.75,14.0
2026-08-29,wk inc covid hosp,3,2026-09-19,05,quantile,0.8,15.0
2026-08-29,wk inc covid hosp,3,2026-09-19,05,quantile,0.85,16.0
2026-08-29,wk inc covid hosp,3,2026-09-19,05,quantile,0.9,18.0
2026-08-29,wk inc covid hosp,3,2026-09-19,05,quantile,0.95,20.0
2026-08-29,wk inc covid hosp,3,2026-09-19,05,quantile,0.975,22.0
2026-08-29,wk inc covid hosp,3,2026-09-19,05,quantile,0.99,26.0
2026-08-29,wk inc covid hosp,3,2026-09-19,06,quantile,0.01,261.0
2026-08-29,wk inc covid hosp,3,2026-09-19,06,quantile,0.025,295.0
2026-08-29,wk inc covid hosp,3,2026-09-19,06,quantile,0.05,321.0
2026-08-29,wk inc covid hosp,3,2026-09-19,06,quantile,0.1,354.0
2026-08-29,wk inc covid hosp,3,2026-09-19,06,quantile,0.15,378.0
2026-08-29,wk inc covid hosp,3,2026-09-19,06,quantile,0.2,398.0
2026-08-29,wk inc covid hosp,3,2026-09-19,06,quantile,0.25,415.0
2026-08-29,wk inc covid hosp,3,2026-09-19,06,quantile,0.3,430.0
2026-08-29,wk inc covid hosp,3,2026-09-19,06,quantile,0.35,446.0
2026-08-29,wk inc covid hosp,3,2026-09-19,06,quantile,0.4,461.0
2026-08-29,wk inc covid hosp,3,2026-09-19,06,quantile,0.45,475.0
2026-08-29,wk inc covid hosp,3,2026-09-19,06,quantile,0.5,491.0
2026-08-29,wk inc covid hosp,3,2026-09-19,06,quantile,0.55,506.0
2026-08-29,wk inc covid hosp,3,2026-09-19,06,quantile,0.6,524.0
2026-08-29,wk inc covid hosp,3,2026-09-19,06,quantile,0.65,541.0
2026-08-29,wk inc covid hosp,3,2026-09-19,06,quantile,0.7,562.0
2026-08-29,wk inc covid hosp,3,2026-09-19,06,quantile,0.75,587.0
2026-08-29,wk inc covid hosp,3,2026-09-19,06,quantile,0.8,614.0
2026-08-29,wk inc covid hosp,3,2026-09-19,06,quantile,0.85,649.0
2026-08-29,wk inc covid hosp,3,2026-09-19,06,quantile,0.9,697.0
2026-08-29,wk inc covid hosp,3,2026-09-19,06,quantile,0.95,783.0
2026-08-29,wk inc covid hosp,3,2026-09-19,06,quantile,0.975,878.0
2026-08-29,wk inc covid hosp,3,2026-09-19,06,quantile,0.99,1010.0
2026-08-29,wk inc covid hosp,3,2026-09-19,08,quantile,0.01,8.0
2026-08-29,wk inc covid hosp,3,2026-09-19,08,quantile,0.025,10.0
2026-08-29,wk inc covid hosp,3,2026-09-19,08,quantile,0.05,11.0
2026-08-29,wk inc covid hosp,3,2026-09-19,08,quantile,0.1,13.0
2026-08-29,wk inc covid hosp,3,2026-09-19,08,quantile,0.15,14.0
2026-08-29,wk inc covid hosp,3,2026-09-19,08,quantile,0.2,16.0
2026-08-29,wk inc covid hosp,3,2026-09-19,08,quantile,0.25,17.0
2026-08-29,wk inc covid hosp,3,2026-09-19,08,quantile,0.3,17.0
2026-08-29,wk inc covid hosp,3,2026-09-19,08,quantile,0.35,18.0
2026-08-29,wk inc covid hosp,3,2026-09-19,08,quantile,0.4,19.0
2026-08-29,wk inc covid hosp,3,2026-09-19,08,quantile,0.45,20.0
2026-08-29,wk inc covid hosp,3,2026-09-19,08,quantile,0.5,21.0
2026-08-29,wk inc covid hosp,3,2026-09-19,08,quantile,0.55,22.0
2026-08-29,wk inc covid hosp,3,2026-09-19,08,quantile,0.6,23.0
2026-08-29,wk inc covid hosp,3,2026-09-19,08,quantile,0.65,24.0
2026-08-29,wk inc covid hosp,3,2026-09-19,08,quantile,0.7,25.0
2026-08-29,wk inc covid hosp,3,2026-09-19,08,quantile,0.75,26.0
2026-08-29,wk inc covid hosp,3,2026-09-19,08,quantile,0.8,28.0
2026-08-29,wk inc covid hosp,3,2026-09-19,08,quantile,0.85,29.0
2026-08-29,wk inc covid hosp,3,2026-09-19,08,quantile,0.9,32.0
2026-08-29,wk inc covid hosp,3,2026-09-19,08,quantile,0.95,36.0
2026-08-29,wk inc covid hosp,3,2026-09-19,08,quantile,0.975,40.0
2026-08-29,wk inc covid hosp,3,2026-09-19,08,quantile,0.99,46.0
2026-08-29,wk inc covid hosp,3,2026-09-19,09,quantile,0.01,2.0
2026-08-29,wk inc covid hosp,3,2026-09-19,09,quantile,0.025,3.0
2026-08-29,wk inc covid hosp,3,2026-09-19,09,quantile,0.05,4.0
2026-08-29,wk inc covid hosp,3,2026-09-19,09,quantile,0.1,5.0
2026-08-29,wk inc covid hosp,3,2026-09-19,09,quantile,0.15,6.0
2026-08-29,wk inc covid hosp,3,2026-09-19,09,quantile,0.2,6.0
2026-08-29,wk inc covid hosp,3,2026-09-19,09,quantile,0.25,7.0
2026-08-29,wk inc covid hosp,3,2026-09-19,09,quantile,0.3,7.0
2026-08-29,wk inc covid hosp,3,2026-09-19,09,quantile,0.35,8.0
2026-08-29,wk inc covid hosp,3,2026-09-19,09,quantile,0.4,9.0
2026-08-29,wk inc covid hosp,3,2026-09-19,09,quantile,0.45,9.0
2026-08-29,wk inc covid hosp,3,2026-09-19,09,quantile,0.5,10.0
2026-08-29,wk inc covid hosp,3,2026-09-19,09,quantile,0.55,10.0
2026-08-29,wk inc covid hosp,3,2026-09-19,09,quantile,0.6,11.0
2026-08-29,wk inc covid hosp,3,2026-09-19,09,quantile,0.65,11.0
2026-08-29,wk inc covid hosp,3,2026-09-19,09,quantile,0.7,12.0
2026-08-29,wk inc covid hosp,3,2026-09-19,09,quantile,0.75,12.0
2026-08-29,wk inc covid hosp,3,2026-09-19,09,quantile,0.8,13.0
2026-08-29,wk inc covid hosp,3,2026-09-19,09,quantile,0.85,14.0
2026-08-29,wk inc covid hosp,3,2026-09-19,09,quantile,0.9,15.0
2026-08-29,wk inc covid hosp,3,2026-09-19,09,quantile,0.95,18.0
2026-08-29,wk inc covid hosp,3,2026-09-19,09,quantile,0.975,20.0
2026-08-29,wk inc covid hosp,3,2026-09-19,09,quantile,0.99,22.0
2026-08-29,wk inc covid hosp,3,2026-09-19,10,quantile,0.01,0.0
2026-08-29,wk inc covid hosp,3,2026-09-19,10,quantile,0.025,0.0
2026-08-29,wk inc covid hosp,3,2026-09-19,10,quantile,0.05,0.0
2026-08-29,wk inc covid hosp,3,2026-09-19,10,quantile,0.1,1.0
2026-08-29,wk inc covid hosp,3,2026-09-19,10,quantile,0.15,1.0
2026-08-29,wk inc covid hosp,3,2026-09-19,10,quantile,0.2,1.0
2026-08-29,wk inc covid hosp,3,2026-09-19,10,quantile,0.25,1.0
2026-08-29,wk inc covid hosp,3,2026-09-19,10,quantile,0.3,2.0
2026-08-29,wk inc covid hosp,3,2026-09-19,10,quantile,0.35,2.0
2026-08-29,wk inc covid hosp,3,2026-09-19,10,quantile,0.4,2.0
2026-08-29,wk inc covid hosp,3,2026-09-19,10,quantile,0.45,2.0
2026-08-29,wk inc covid hosp,3,2026-09-19,10,quantile,0.5,2.0
2026-08-29,wk inc covid hosp,3,2026-09-19,10,quantile,0.55,3.0
2026-08-29,wk inc covid hosp,3,2026-09-19,10,quantile,0.6,3.0
2026-08-29,wk inc covid hosp,3,2026-09-19,10,quantile,0.65,3.0
2026-08-29,wk inc covid hosp,3,2026-09-19,10,quantile,0.7,3.0
2026-08-29,wk inc covid hosp,3,2026-09-19,10,quantile,0.75,4.0
2026-08-29,wk inc covid hosp,3,2026-09-19,10,quantile,0.8,4.0
2026-08-29,wk inc covid hosp,3,2026-09-19,10,quantile,0.85,4.0
2026-08-29,wk inc covid hosp,3,2026-09-19,10,quantile,0.9,5.0
2026-08-29,wk inc covid hosp,3,2026-09-19,10,quantile,0.95,6.0
2026-08-29,wk inc covid hosp,3,2026-09-19,10,quantile,0.975,7.0
2026-08-29,wk inc covid hosp,3,2026-09-19,10,quantile,0.99,8.0
2026-08-29,wk inc covid hosp,3,2026-09-19,11,quantile,0.01,0.0
2026-08-29,wk inc covid hosp,3,2026-09-19,11,quantile,0.025,0.0
2026-08-29,wk inc covid hosp,3,2026-09-19,11,quantile,0.05,0.0
2026-08-29,wk inc covid hosp,3,2026-09-19,11,quantile,0.1,1.0
2026-08-29,wk inc covid hosp,3,2026-09-19,11,quantile,0.15,1.0
2026-08-29,wk inc covid hosp,3,2026-09-19,11,quantile,0.2,2.0
2026-08-29,wk inc covid hosp,3,2026-09-19,11,quantile,0.25,2.0
2026-08-29,wk inc covid hosp,3,2026-09-19,11,quantile,0.3,2.0
2026-08-29,wk inc covid hosp,3,2026-09-19,11,quantile,0.35,2.0
2026-08-29,wk inc covid hosp,3,2026-09-19,11,quantile,0.4,3.0
2026-08-29,wk inc covid hosp,3,2026-09-19,11,quantile,0.45,3.0
2026-08-29,wk inc covid hosp,3,2026-09-19,11,quantile,0.5,3.0
2026-08-29,wk inc covid hosp,3,2026-09-19,11,quantile,0.55,3.0
2026-08-29,wk inc covid hosp,3,2026-09-19,11,quantile,0.6,4.0
2026-08-29,wk inc covid hosp,3,2026-09-19,11,quantile,0.65,4.0
2026-08-29,wk inc covid hosp,3,2026-09-19,11,quantile,0.7,4.0
2026-08-29,wk inc covid hosp,3,2026-09-19,11,quantile,0.75,4.0
2026-08-29,wk inc covid hosp,3,2026-09-19,11,quantile,0.8,5.0
2026-08-29,wk inc covid hosp,3,2026-09-19,11,quantile,0.85,5.0
2026-08-29,wk inc covid hosp,3,2026-09-19,11,quantile,0.9,6.0
2026-08-29,wk inc covid hosp,3,2026-09-19,11,quantile,0.95,7.0
2026-08-29,wk inc covid hosp,3,2026-09-19,11,quantile,0.975,8.0
2026-08-29,wk inc covid hosp,3,2026-09-19,11,quantile,0.99,9.0
2026-08-29,wk inc covid hosp,3,2026-09-19,12,quantile,0.01,160.0
2026-08-29,wk inc covid hosp,3,2026-09-19,12,quantile,0.025,182.0
2026-08-29,wk inc covid hosp,3,2026-09-19,12,quantile,0.05,199.0
2026-08-29,wk inc covid hosp,3,2026-09-19,12,quantile,0.1,220.0
2026-08-29,wk inc covid hosp,3,2026-09-19,12,quantile,0.15,235.0
2026-08-29,wk inc covid hosp,3,2026-09-19,12,quantile,0.2,248.0
2026-08-29,wk inc covid hosp,3,2026-09-19,12,quantile,0.25,260.0
2026-08-29,wk inc covid hosp,3,2026-09-19,12,quantile,0.3,271.0
2026-08-29,wk inc covid hosp,3,2026-09-19,12,quantile,0.35,280.0
2026-08-29,wk inc covid hosp,3,2026-09-19,12,quantile,0.4,289.0
2026-08-29,wk inc covid hosp,3,2026-09-19,12,quantile,0.45,299.0
2026-08-29,wk inc covid hosp,3,2026-09-19,12,quantile,0.5,308.0
2026-08-29,wk inc covid hosp,3,2026-09-19,12,quantile,0.55,319.0
2026-08-29,wk inc covid hosp,3,2026-09-19,12,quantile,0.6,330.0
2026-08-29,wk inc covid hosp,3,2026-09-19,12,quantile,0.65,342.0
2026-08-29,wk inc covid hosp,3,2026-09-19,12,quantile,0.7,355.0
2026-08-29,wk inc covid hosp,3,2026-09-19,12,quantile,0.75,371.0
2026-08-29,wk inc covid hosp,3,2026-09-19,12,quantile,0.8,388.0
2026-08-29,wk inc covid hosp,3,2026-09-19,12,quantile,0.85,409.0
2026-08-29,wk inc covid hosp,3,2026-09-19,12,quantile,0.9,441.0
2026-08-29,wk inc covid hosp,3,2026-09-19,12,quantile,0.95,496.0
2026-08-29,wk inc covid hosp,3,2026-09-19,12,quantile,0.975,551.0
2026-08-29,wk inc covid hosp,3,2026-09-19,12,quantile,0.99,632.0
2026-08-29,wk inc covid hosp,3,2026-09-19,13,quantile,0.01,34.0
2026-08-29,wk inc covid hosp,3,2026-09-19,13,quantile,0.025,40.0
2026-08-29,wk inc covid hosp,3,2026-09-19,13,quantile,0.05,44.0
2026-08-29,wk inc covid hosp,3,2026-09-19,13,quantile,0.1,50.0
2026-08-29,wk inc covid hosp,3,2026-09-19,13,quantile,0.15,53.0
2026-08-29,wk inc covid hosp,3,2026-09-19,13,quantile,0.2,56.0
2026-08-29,wk inc covid hosp,3,2026-09-19,13,quantile,0.25,59.0
2026-08-29,wk inc covid hosp,3,2026-09-19,13,quantile,0.3,62.0
2026-08-29,wk inc covid hosp,3,2026-09-19,13,quantile,0.35,64.0
2026-08-29,wk inc covid hosp,3,2026-09-19,13,quantile,0.4,67.0
2026-08-29,wk inc covid hosp,3,2026-09-19,13,quantile,0.45,69.0
2026-08-29,wk inc covid hosp,3,2026-09-19,13,quantile,0.5,72.0
2026-08-29,wk inc covid hosp,3,2026-09-19,13,quantile,0.55,74.0
2026-08-29,wk inc covid hosp,3,2026-09-19,13,quantile,0.6,77.0
2026-08-29,wk inc covid hosp,3,2026-09-19,13,quantile,0.65,80.0
2026-08-29,wk inc covid hosp,3,2026-09-19,13,quantile,0.7,83.0
2026-08-29,wk inc covid hosp,3,2026-09-19,13,quantile,0.75,87.0
2026-08-29,wk inc covid hosp,3,2026-09-19,13,quantile,0.8,92.0
2026-08-29,wk inc covid hosp,3,2026-09-19,13,quantile,0.85,97.0
2026-08-29,wk inc covid hosp,3,2026-09-19,13,quantile,0.9,104.0
2026-08-29,wk inc covid hosp,3,2026-09-19,13,quantile,0.95,118.0
2026-08-29,wk inc covid hosp,3,2026-09-19,13,quantile,0.975,131.0
2026-08-29,wk inc covid hosp,3,2026-09-19,13,quantile,0.99,150.0
2026-08-29,wk inc covid hosp,3,2026-09-19,15,quantile,0.01,5.0
2026-08-29,wk inc covid hosp,3,2026-09-19,15,quantile,0.025,6.0
2026-08-29,wk inc covid hosp,3,2026-09-19,15,quantile,0.05,8.0
2026-08-29,wk inc covid hosp,3,2026-09-19,15,quantile,0.1,9.0
2026-08-29,wk inc covid hosp,3,2026-09-19,15,quantile,0.15,10.0
2026-08-29,wk inc covid hosp,3,2026-09-19,15,quantile,0.2,11.0
2026-08-29,wk inc covid hosp,3,2026-09-19,15,quantile,0.25,12.0
2026-08-29,wk inc covid hosp,3,2026-09-19,15,quantile,0.3,13.0
2026-08-29,wk inc covid hosp,3,2026-09-19,15,quantile,0.35,13.0
2026-08-29,wk inc covid hosp,3,2026-09-19,15,quantile,0.4,14.0
2026-08-29,wk inc covid hosp,3,2026-09-19,15,quantile,0.45,15.0
2026-08-29,wk inc covid hosp,3,2026-09-19,15,quantile,0.5,15.0
2026-08-29,wk inc covid hosp,3,2026-09-19,15,quantile,0.55,16.0
2026-08-29,wk inc covid hosp,3,2026-09-19,15,quantile,0.6,17.0
2026-08-29,wk inc covid hosp,3,2026-09-19,15,quantile,0.65,18.0
2026-08-29,wk inc covid hosp,3,2026-09-19,15,quantile,0.7,18.0
2026-08-29,wk inc covid hosp,3,2026-09-19,15,quantile,0.75,19.0
2026-08-29,wk inc covid hosp,3,2026-09-19,15,quantile,0.8,21.0
2026-08-29,wk inc covid hosp,3,2026-09-19,15,quantile,0.85,22.0
2026-08-29,wk inc covid hosp,3,2026-09-19,15,quantile,0.9,24.0
2026-08-29,wk inc covid hosp,3,2026-09-19,15,quantile,0.95,27.0
2026-08-29,wk inc covid hosp,3,2026-09-19,15,quantile,0.975,30.0
2026-08-29,wk inc covid hosp,3,2026-09-19,15,quantile,0.99,34.0
2026-08-29,wk inc covid hosp,3,2026-09-19,16,quantile,0.01,0.0
2026-08-29,wk inc covid hosp,3,2026-09-19,16,quantile,0.025,1.0
2026-08-29,wk inc covid hosp,3,2026-09-19,16,quantile,0.05,1.0
2026-08-29,wk inc covid hosp,3,2026-09-19,16,quantile,0.1,2.0
2026-08-29,wk inc covid hosp,3,2026-09-19,16,quantile,0.15,2.0
2026-08-29,wk inc covid hosp,3,2026-09-19,16,quantile,0.2,3.0
2026-08-29,wk inc covid hosp,3,2026-09-19,16,quantile,0.25,3.0
2026-08-29,wk inc covid hosp,3,2026-09-19,16,quantile,0.3,3.0
2026-08-29,wk inc covid hosp,3,2026-09-19,16,quantile,0.35,4.0
2026-08-29,wk inc covid hosp,3,2026-09-19,16,quantile,0.4,4.0
2026-08-29,wk inc covid hosp,3,2026-09-19,16,quantile,0.45,4.0
2026-08-29,wk inc covid hosp,3,2026-09-19,16,quantile,0.5,5.0
2026-08-29,wk inc covid hosp,3,2026-09-19,16,quantile,0.55,5.0
2026-08-29,wk inc covid hosp,3,2026-09-19,16,quantile,0.6,5.0
2026-08-29,wk inc covid hosp,3,2026-09-19,16,quantile,0.65,6.0
2026-08-29,wk inc covid hosp,3,2026-09-19,16,quantile,0.7,6.0
2026-08-29,wk inc covid hosp,3,2026-09-19,16,quantile,0.75,6.0
2026-08-29,wk inc covid hosp,3,2026-09-19,16,quantile,0.8,7.0
2026-08-29,wk inc covid hosp,3,2026-09-19,16,quantile,0.85,8.0
2026-08-29,wk inc covid hosp,3,2026-09-19,16,quantile,0.9,8.0
2026-08-29,wk inc covid hosp,3,2026-09-19,16,quantile,0.95,10.0
2026-08-29,wk inc covid hosp,3,2026-09-19,16,quantile,0.975,11.0
2026-08-29,wk inc covid hosp,3,2026-09-19,16,quantile,0.99,13.0
2026-08-29,wk inc covid hosp,3,2026-09-19,17,quantile,0.01,10.0
2026-08-29,wk inc covid hosp,3,2026-09-19,17,quantile,0.025,12.0
2026-08-29,wk inc covid hosp,3,2026-09-19,17,quantile,0.05,14.0
2026-08-29,wk inc covid hosp,3,2026-09-19,17,quantile,0.1,16.0
2026-08-29,wk inc covid hosp,3,2026-09-19,17,quantile,0.15,18.0
2026-08-29,wk inc covid hosp,3,2026-09-19,17,quantile,0.2,19.0
2026-08-29,wk inc covid hosp,3,2026-09-19,17,quantile,0.25,20.0
2026-08-29,wk inc covid hosp,3,2026-09-19,17,quantile,0.3,21.0
2026-08-29,wk inc covid hosp,3,2026-09-19,17,quantile,0.35,22.0
2026-08-29,wk inc covid hosp,3,2026-09-19,17,quantile,0.4,23.0
2026-08-29,wk inc covid hosp,3,2026-09-19,17,quantile,0.45,24.0
2026-08-29,wk inc covid hosp,3,2026-09-19,17,quantile,0.5,25.0
2026-08-29,wk inc covid hosp,3,2026-09-19,17,quantile,0.55,26.0
2026-08-29,wk inc covid hosp,3,2026-09-19,17,quantile,0.6,27.0
2026-08-29,wk inc covid hosp,3,2026-09-19,17,quantile,0.65,29.0
2026-08-29,wk inc covid hosp,3,2026-09-19,17,quantile,0.7,30.0
2026-08-29,wk inc covid hosp,3,2026-09-19,17,quantile,0.75,31.0
2026-08-29,wk inc covid hosp,3,2026-09-19,17,quantile,0.8,33.0
2026-08-29,wk inc covid hosp,3,2026-09-19,17,quantile,0.85,35.0
2026-08-29,wk inc covid hosp,3,2026-09-19,17,quantile,0.9,38.0
2026-08-29,wk inc covid hosp,3,2026-09-19,17,quantile,0.95,43.0
2026-08-29,wk inc covid hosp,3,2026-09-19,17,quantile,0.975,48.0
2026-08-29,wk inc covid hosp,3,2026-09-19,17,quantile,0.99,55.0
2026-08-29,wk inc covid hosp,3,2026-09-19,18,quantile,0.01,5.0
2026-08-29,wk inc covid hosp,3,2026-09-19,18,quantile,0.025,7.0
2026-08-29,wk inc covid hosp,3,2026-09-19,18,quantile,0.05,8.0
2026-08-29,wk inc covid hosp,3,2026-09-19,18,quantile,0.1,9.0
2026-08-29,wk inc covid hosp,3,2026-09-19,18,quantile,0.15,10.0
2026-08-29,wk inc covid hosp,3,2026-09-19,18,quantile,0.2,11.0
2026-08-29,wk inc covid hosp,3,2026-09-19,18,quantile,0.25,12.0
2026-08-29,wk inc covid hosp,3,2026-09-19,18,quantile,0.3,13.0
2026-08-29,wk inc covid hosp,3,2026-09-19,18,quantile,0.35,13.0
2026-08-29,wk inc covid hosp,3,2026-09-19,18,quantile,0.4,14.0
2026-08-29,wk inc covid hosp,3,2026-09-19,18,quantile,0.45,15.0
2026-08-29,wk inc covid hosp,3,2026-09-19,18,quantile,0.5,15.0
2026-08-29,wk inc covid hosp,3,2026-09-19,18,quantile,0.55,16.0
2026-08-29,wk inc covid hosp,3,2026-09-19,18,quantile,0.6,17.0
2026-08-29,wk inc covid hosp,3,2026-09-19,18,quantile,0.65,18.0
2026-08-29,wk inc covid hosp,3,2026-09-19,18,quantile,0.7,18.0
2026-08-29,wk inc covid hosp,3,2026-09-19,18,quantile,0.75,19.0
2026-08-29,wk inc covid hosp,3,2026-09-19,18,quantile,0.8,21.0
2026-08-29,wk inc covid hosp,3,2026-09-19,18,quantile,0.85,22.0
2026-08-29,wk inc covid hosp,3,2026-09-19,18,quantile,0.9,24.0
2026-08-29,wk inc covid hosp,3,2026-09-19,18,quantile,0.95,27.0
2026-08-29,wk inc covid hosp,3,2026-09-19,18,quantile,0.975,31.0
2026-08-29,wk inc covid hosp,3,2026-09-19,18,quantile,0.99,35.0
2026-08-29,wk inc covid hosp,3,2026-09-19,19,quantile,0.01,1.0
2026-08-29,wk inc covid hosp,3,2026-09-19,19,quantile,0.025,1.0
2026-08-29,wk inc covid hosp,3,2026-09-19,19,quantile,0.05,2.0
2026-08-29,wk inc covid hosp,3,2026-09-19,19,quantile,0.1,2.0
2026-08-29,wk inc covid hosp,3,2026-09-19,19,quantile,0.15,3.0
2026-08-29,wk inc covid hosp,3,2026-09-19,19,quantile,0.2,3.0
2026-08-29,wk inc covid hosp,3,2026-09-19,19,quantile,0.25,4.0
2026-08-29,wk inc covid hosp,3,2026-09-19,19,quantile,0.3,4.0
2026-08-29,wk inc covid hosp,3,2026-09-19,19,quantile,0.35,4.0
2026-08-29,wk inc covid hosp,3,2026-09-19,19,quantile,0.4,5.0
2026-08-29,wk inc covid hosp,3,2026-09-19,19,quantile,0.45,5.0
2026-08-29,wk inc covid hosp,3,2026-09-19,19,quantile,0.5,5.0
2026-08-29,wk inc covid hosp,3,2026-09-19,19,quantile,0.55,6.0
2026-08-29,wk inc covid hosp,3,2026-09-19,19,quantile,0.6,6.0
2026-08-29,wk inc covid hosp,3,2026-09-19,19,quantile,0.65,7.0
2026-08-29,wk inc covid hosp,3,2026-09-19,19,quantile,0.7,7.0
2026-08-29,wk inc covid hosp,3,2026-09-19,19,quantile,0.75,8.0
2026-08-29,wk inc covid hosp,3,2026-09-19,19,quantile,0.8,8.0
2026-08-29,wk inc covid hosp,3,2026-09-19,19,quantile,0.85,9.0
2026-08-29,wk inc covid hosp,3,2026-09-19,19,quantile,0.9,10.0
2026-08-29,wk inc covid hosp,3,2026-09-19,19,quantile,0.95,11.0
2026-08-29,wk inc covid hosp,3,2026-09-19,19,quantile,0.975,13.0
2026-08-29,wk inc covid hosp,3,2026-09-19,19,quantile,0.99,14.0
2026-08-29,wk inc covid hosp,3,2026-09-19,20,quantile,0.01,1.0
2026-08-29,wk inc covid hosp,3,2026-09-19,20,quantile,0.025,2.0
2026-08-29,wk inc covid hosp,3,2026-09-19,20,quantile,0.05,3.0
2026-08-29,wk inc covid hosp,3,2026-09-19,20,quantile,0.1,3.0
2026-08-29,wk inc covid hosp,3,2026-09-19,20,quantile,0.15,4.0
2026-08-29,wk inc covid hosp,3,2026-09-19,20,quantile,0.2,4.0
2026-08-29,wk inc covid hosp,3,2026-09-19,20,quantile,0.25,5.0
2026-08-29,wk inc covid hosp,3,2026-09-19,20,quantile,0.3,5.0
2026-08-29,wk inc covid hosp,3,2026-09-19,20,quantile,0.35,6.0
2026-08-29,wk inc covid hosp,3,2026-09-19,20,quantile,0.4,6.0
2026-08-29,wk inc covid hosp,3,2026-09-19,20,quantile,0.45,7.0
2026-08-29,wk inc covid hosp,3,2026-09-19,20,quantile,0.5,7.0
2026-08-29,wk inc covid hosp,3,2026-09-19,20,quantile,0.55,7.0
2026-08-29,wk inc covid hosp,3,2026-09-19,20,quantile,0.6,8.0
2026-08-29,wk inc covid hosp,3,2026-09-19,20,quantile,0.65,8.0
2026-08-29,wk inc covid hosp,3,2026-09-19,20,quantile,0.7,9.0
2026-08-29,wk inc covid hosp,3,2026-09-19,20,quantile,0.75,9.0
2026-08-29,wk inc covid hosp,3,2026-09-19,20,quantile,0.8,10.0
2026-08-29,wk inc covid hosp,3,2026-09-19,20,quantile,0.85,11.0
2026-08-29,wk inc covid hosp,3,2026-09-19,20,quantile,0.9,12.0
2026-08-29,wk inc covid hosp,3,2026-09-19,20,quantile,0.95,14.0
2026-08-29,wk inc covid hosp,3,2026-09-19,20,quantile,0.975,15.0
2026-08-29,wk inc covid hosp,3,2026-09-19,20,quantile,0.99,18.0
2026-08-29,wk inc covid hosp,3,2026-09-19,21,quantile,0.01,4.0
2026-08-29,wk inc covid hosp,3,2026-09-19,21,quantile,0.025,5.0
2026-08-29,wk inc covid hosp,3,2026-09-19,21,quantile,0.05,6.0
2026-08-29,wk inc covid hosp,3,2026-09-19,21,quantile,0.1,7.0
2026-08-29,wk inc covid hosp,3,2026-09-19,21,quantile,0.15,8.0
2026-08-29,wk inc covid hosp,3,2026-09-19,21,quantile,0.2,9.0
2026-08-29,wk inc covid hosp,3,2026-09-19,21,quantile,0.25,10.0
2026-08-29,wk inc covid hosp,3,2026-09-19,21,quantile,0.3,10.0
2026-08-29,wk inc covid hosp,3,2026-09-19,21,quantile,0.35,11.0
2026-08-29,wk inc covid hosp,3,2026-09-19,21,quantile,0.4,11.0
2026-08-29,wk inc covid hosp,3,2026-09-19,21,quantile,0.45,12.0
2026-08-29,wk inc covid hosp,3,2026-09-19,21,quantile,0.5,13.0
2026-08-29,wk inc covid hosp,3,2026-09-19,21,quantile,0.55,13.0
2026-08-29,wk inc covid hosp,3,2026-09-19,21,quantile,0.6,14.0
2026-08-29,wk inc covid hosp,3,2026-09-19,21,quantile,0.65,15.0
2026-08-29,wk inc covid hosp,3,2026-09-19,21,quantile,0.7,16.0
2026-08-29,wk inc covid hosp,3,2026-09-19,21,quantile,0.75,16.0
2026-08-29,wk inc covid hosp,3,2026-09-19,21,quantile,0.8,17.0
2026-08-29,wk inc covid hosp,3,2026-09-19,21,quantile,0.85,19.0
2026-08-29,wk inc covid hosp,3,2026-09-19,21,quantile,0.9,20.0
2026-08-29,wk inc covid hosp,3,2026-09-19,21,quantile,0.95,23.0
2026-08-29,wk inc covid hosp,3,2026-09-19,21,quantile,0.975,26.0
2026-08-29,wk inc covid hosp,3,2026-09-19,21,quantile,0.99,29.0
2026-08-29,wk inc covid hosp,3,2026-09-19,22,quantile,0.01,29.0
2026-08-29,wk inc covid hosp,3,2026-09-19,22,quantile,0.025,33.0
2026-08-29,wk inc covid hosp,3,2026-09-19,22,quantile,0.05,37.0
2026-08-29,wk inc covid hosp,3,2026-09-19,22,quantile,0.1,41.0
2026-08-29,wk inc covid hosp,3,2026-09-19,22,quantile,0.15,45.0
2026-08-29,wk inc covid hosp,3,2026-09-19,22,quantile,0.2,48.0
2026-08-29,wk inc covid hosp,3,2026-09-19,22,quantile,0.25,50.0
2026-08-29,wk inc covid hosp,3,2026-09-19,22,quantile,0.3,53.0
2026-08-29,wk inc covid hosp,3,2026-09-19,22,quantile,0.35,55.0
2026-08-29,wk inc covid hosp,3,2026-09-19,22,quantile,0.4,57.0
2026-08-29,wk inc covid hosp,3,2026-09-19,22,quantile,0.45,59.0
2026-08-29,wk inc covid hosp,3,2026-09-19,22,quantile,0.5,62.0
2026-08-29,wk inc covid hosp,3,2026-09-19,22,quantile,0.55,64.0
2026-08-29,wk inc covid hosp,3,2026-09-19,22,quantile,0.6,67.0
2026-08-29,wk inc covid hosp,3,2026-09-19,22,quantile,0.65,69.0
2026-08-29,wk inc covid hosp,3,2026-09-19,22,quantile,0.7,72.0
2026-08-29,wk inc covid hosp,3,2026-09-19,22,quantile,0.75,75.0
2026-08-29,wk inc covid hosp,3,2026-09-19,22,quantile,0.8,79.0
2026-08-29,wk inc covid hosp,3,2026-09-19,22,quantile,0.85,84.0
2026-08-29,wk inc covid hosp,3,2026-09-19,22,quantile,0.9,91.0
2026-08-29,wk inc covid hosp,3,2026-09-19,22,quantile,0.95,101.0
2026-08-29,wk inc covid hosp,3,2026-09-19,22,quantile,0.975,113.0
2026-08-29,wk inc covid hosp,3,2026-09-19,22,quantile,0.99,129.0
2026-08-29,wk inc covid hosp,3,2026-09-19,23,quantile,0.01,0.0
2026-08-29,wk inc covid hosp,3,2026-09-19,23,quantile,0.025,0.0
2026-08-29,wk inc covid hosp,3,2026-09-19,23,quantile,0.05,0.0
2026-08-29,wk inc covid hosp,3,2026-09-19,23,quantile,0.1,0.0
2026-08-29,wk inc covid hosp,3,2026-09-19,23,quantile,0.15,0.0
2026-08-29,wk inc covid hosp,3,2026-09-19,23,quantile,0.2,0.0
2026-08-29,wk inc covid hosp,3,2026-09-19,23,quantile,0.25,0.0
2026-08-29,wk inc covid hosp,3,2026-09-19,23,quantile,0.3,1.0
2026-08-29,wk inc covid hosp,3,2026-09-19,23,quantile,0.35,1.0
2026-08-29,wk inc covid hosp,3,2026-09-19,23,quantile,0.4,1.0
2026-08-29,wk inc covid hosp,3,2026-09-19,23,quantile,0.45,1.0
2026-08-29,wk inc covid hosp,3,2026-09-19,23,quantile,0.5,1.0
2026-08-29,wk inc covid hosp,3,2026-09-19,23,quantile,0.55,1.0
2026-08-29,wk inc covid hosp,3,2026-09-19,23,quantile,0.6,1.0
2026-08-29,wk inc covid hosp,3,2026-09-19,23,quantile,0.65,2.0
2026-08-29,wk inc covid hosp,3,2026-09-19,23,quantile,0.7,2.0
2026-08-29,wk inc covid hosp,3,2026-09-19,23,quantile,0.75,2.0
2026-08-29,wk inc covid hosp,3,2026-09-19,23,quantile,0.8,2.0
2026-08-29,wk inc covid hosp,3,2026-09-19,23,quantile,0.85,3.0
2026-08-29,wk inc covid hosp,3,2026-09-19,23,quantile,0.9,3.0
2026-08-29,wk inc covid hosp,3,2026-09-19,23,quantile,0.95,4.0
2026-08-29,wk inc covid hosp,3,2026-09-19,23,quantile,0.975,4.0
2026-08-29,wk inc covid hosp,3,2026-09-19,23,quantile,0.99,5.0
2026-08-29,wk inc covid hosp,3,2026-09-19,24,quantile,0.01,4.0
2026-08-29,wk inc covid hosp,3,2026-09-19,24,quantile,0.025,5.0
2026-08-29,wk inc covid hosp,3,2026-09-19,24,quantile,0.05,6.0
2026-08-29,wk inc covid hosp,3,2026-09-19,24,quantile,0.1,7.0
2026-08-29,wk inc covid hosp,3,2026-09-19,24,quantile,0.15,8.0
2026-08-29,wk inc covid hosp,3,2026-09-19,24,quantile,0.2,9.0
2026-08-29,wk inc covid hosp,3,2026-09-19,24,quantile,0.25,10.0
2026-08-29,wk inc covid hosp,3,2026-09-19,24,quantile,0.3,10.0
2026-08-29,wk inc covid hosp,3,2026-09-19,24,quantile,0.35,11.0
2026-08-29,wk inc covid hosp,3,2026-09-19,24,quantile,0.4,12.0
2026-08-29,wk inc covid hosp,3,2026-09-19,24,quantile,0.45,12.0
2026-08-29,wk inc covid hosp,3,2026-09-19,24,quantile,0.5,13.0
2026-08-29,wk inc covid hosp,3,2026-09-19,24,quantile,0.55,13.0
2026-08-29,wk inc covid hosp,3,2026-09-19,24,quantile,0.6,14.0
2026-08-29,wk inc covid hosp,3,2026-09-19,24,quantile,0.65,15.0
2026-08-29,wk inc covid hosp,3,2026-09-19,24,quantile,0.7,16.0
2026-08-29,wk inc covid hosp,3,2026-09-19,24,quantile,0.75,17.0
2026-08-29,wk inc covid hosp,3,2026-09-19,24,quantile,0.8,18.0
2026-08-29,wk inc covid hosp,3,2026-09-19,24,quantile,0.85,19.0
2026-08-29,wk inc covid hosp,3,2026-09-19,24,quantile,0.9,21.0
2026-08-29,wk inc covid hosp,3,2026-09-19,24,quantile,0.95,23.0
2026-08-29,wk inc covid hosp,3,2026-09-19,24,quantile,0.975,26.0
2026-08-29,wk inc covid hosp,3,2026-09-19,24,quantile,0.99,30.0
2026-08-29,wk inc covid hosp,3,2026-09-19,25,quantile,0.01,7.0
2026-08-29,wk inc covid hosp,3,2026-09-19,25,quantile,0.025,9.0
2026-08-29,wk inc covid hosp,3,2026-09-19,25,quantile,0.05,10.0
2026-08-29,wk inc covid hosp,3,2026-09-19,25,quantile,0.1,12.0
2026-08-29,wk inc covid hosp,3,2026-09-19,25,quantile,0.15,14.0
2026-08-29,wk inc covid hosp,3,2026-09-19,25,quantile,0.2,15.0
2026-08-29,wk inc covid hosp,3,2026-09-19,25,quantile,0.25,16.0
2026-08-29,wk inc covid hosp,3,2026-09-19,25,quantile,0.3,17.0
2026-08-29,wk inc covid hosp,3,2026-09-19,25,quantile,0.35,17.0
2026-08-29,wk inc covid hosp,3,2026-09-19,25,quantile,0.4,18.0
2026-08-29,wk inc covid hosp,3,2026-09-19,25,quantile,0.45,19.0
2026-08-29,wk inc covid hosp,3,2026-09-19,25,quantile,0.5,20.0
2026-08-29,wk inc covid hosp,3,2026-09-19,25,quantile,0.55,21.0
2026-08-29,wk inc covid hosp,3,2026-09-19,25,quantile,0.6,22.0
2026-08-29,wk inc covid hosp,3,2026-09-19,25,quantile,0.65,23.0
2026-08-29,wk inc covid hosp,3,2026-09-19,25,quantile,0.7,24.0
2026-08-29,wk inc covid hosp,3,2026-09-19,25,quantile,0.75,25.0
2026-08-29,wk inc covid hosp,3,2026-09-19,25,quantile,0.8,27.0
2026-08-29,wk inc covid hosp,3,2026-09-19,25,quantile,0.85,28.0
2026-08-29,wk inc covid hosp,3,2026-09-19,25,quantile,0.9,31.0
2026-08-29,wk inc covid hosp,3,2026-09-19,25,quantile,0.95,35.0
2026-08-29,wk inc covid hosp,3,2026-09-19,25,quantile,0.975,39.0
2026-08-29,wk inc covid hosp,3,2026-09-19,25,quantile,0.99,45.0
2026-08-29,wk inc covid hosp,3,2026-09-19,26,quantile,0.01,39.0
2026-08-29,wk inc covid hosp,3,2026-09-19,26,quantile,0.025,44.0
2026-08-29,wk inc covid hosp,3,2026-09-19,26,quantile,0.05,49.0
2026-08-29,wk inc covid hosp,3,2026-09-19,26,quantile,0.1,55.0
2026-08-29,wk inc covid hosp,3,2026-09-19,26,quantile,0.15,60.0
2026-08-29,wk inc covid hosp,3,2026-09-19,26,quantile,0.2,64.0
2026-08-29,wk inc covid hosp,3,2026-09-19,26,quantile,0.25,67.0
2026-08-29,wk inc covid hosp,3,2026-09-19,26,quantile,0.3,70.0
2026-08-29,wk inc covid hosp,3,2026-09-19,26,quantile,0.35,73.0
2026-08-29,wk inc covid hosp,3,2026-09-19,26,quantile,0.4,76.0
2026-08-29,wk inc covid hosp,3,2026-09-19,26,quantile,0.45,79.0
2026-08-29,wk inc covid hosp,3,2026-09-19,26,quantile,0.5,82.0
2026-08-29,wk inc covid hosp,3,2026-09-19,26,quantile,0.55,85.0
2026-08-29,wk inc covid hosp,3,2026-09-19,26,quantile,0.6,88.0
2026-08-29,wk inc covid hosp,3,2026-09-19,26,quantile,0.65,91.0
2026-08-29,wk inc covid hosp,3,2026-09-19,26,quantile,0.7,95.0
2026-08-29,wk inc covid hosp,3,2026-09-19,26,quantile,0.75,99.0
2026-08-29,wk inc covid hosp,3,2026-09-19,26,quantile,0.8,104.0
2026-08-29,wk inc covid hosp,3,2026-09-19,26,quantile,0.85,110.0
2026-08-29,wk inc covid hosp,3,2026-09-19,26,quantile,0.9,119.0
2026-08-29,wk inc covid hosp,3,2026-09-19,26,quantile,0.95,135.0
2026-08-29,wk inc covid hosp,3,2026-09-19,26,quantile,0.975,150.0
2026-08-29,wk inc covid hosp,3,2026-09-19,26,quantile,0.99,173.0
2026-08-29,wk inc covid hosp,3,2026-09-19,27,quantile,0.01,2.0
2026-08-29,wk inc covid hosp,3,2026-09-19,27,quantile,0.025,3.0
2026-08-29,wk inc covid hosp,3,2026-09-19,27,quantile,0.05,3.0
2026-08-29,wk inc covid hosp,3,2026-09-19,27,quantile,0.1,4.0
2026-08-29,wk inc covid hosp,3,2026-09-19,27,quantile,0.15,5.0
2026-08-29,wk inc covid hosp,3,2026-09-19,27,quantile,0.2,6.0
2026-08-29,wk inc covid hosp,3,2026-09-19,27,quantile,0.25,6.0
2026-08-29,wk inc covid hosp,3,2026-09-19,27,quantile,0.3,7.0
2026-08-29,wk inc covid hosp,3,2026-09-19,27,quantile,0.35,7.0
2026-08-29,wk inc covid hosp,3,2026-09-19,27,quantile,0.4,8.0
2026-08-29,wk inc covid hosp,3,2026-09-19,27,quantile,0.45,8.0
2026-08-29,wk inc covid hosp,3,2026-09-19,27,quantile,0.5,9.0
2026-08-29,wk inc covid hosp,3,2026-09-19,27,quantile,0.55,9.0
2026-08-29,wk inc covid hosp,3,2026-09-19,27,quantile,0.6,10.0
2026-08-29,wk inc covid hosp,3,2026-09-19,27,quantile,0.65,10.0
2026-08-29,wk inc covid hosp,3,2026-09-19,27,quantile,0.7,11.0
2026-08-29,wk inc covid hosp,3,2026-09-19,27,quantile,0.75,11.0
2026-08-29,wk inc covid hosp,3,2026-09-19,27,quantile,0.8,12.0
2026-08-29,wk inc covid hosp,3,2026-09-19,27,quantile,0.85,13.0
2026-08-29,wk inc covid hosp,3,2026-09-19,27,quantile,0.9,14.0
2026-08-29,wk inc covid hosp,3,2026-09-19,27,quantile,0.95,16.0
2026-08-29,wk inc covid hosp,3,2026-09-19,27,quantile,0.975,18.0
2026-08-29,wk inc covid hosp,3,2026-09-19,27,quantile,0.99,20.0
2026-08-29,wk inc covid hosp,3,2026-09-19,28,quantile,0.01,15.0
2026-08-29,wk inc covid hosp,3,2026-09-19,28,quantile,0.025,17.0
2026-08-29,wk inc covid hosp,3,2026-09-19,28,quantile,0.05,19.0
2026-08-29,wk inc covid hosp,3,2026-09-19,28,quantile,0.1,22.0
2026-08-29,wk inc covid hosp,3,2026-09-19,28,quantile,0.15,24.0
2026-08-29,wk inc covid hosp,3,2026-09-19,28,quantile,0.2,26.0
2026-08-29,wk inc covid hosp,3,2026-09-19,28,quantile,0.25,28.0
2026-08-29,wk inc covid hosp,3,2026-09-19,28,quantile,0.3,29.0
2026-08-29,wk inc covid hosp,3,2026-09-19,28,quantile,0.35,31.0
2026-08-29,wk inc covid hosp,3,2026-09-19,28,quantile,0.4,32.0
2026-08-29,wk inc covid hosp,3,2026-09-19,28,quantile,0.45,33.0
2026-08-29,wk inc covid hosp,3,2026-09-19,28,quantile,0.5,35.0
2026-08-29,wk inc covid hosp,3,2026-09-19,28,quantile,0.55,36.0
2026-08-29,wk inc covid hosp,3,2026-09-19,28,quantile,0.6,37.0
2026-08-29,wk inc covid hosp,3,2026-09-19,28,quantile,0.65,39.0
2026-08-29,wk inc covid hosp,3,2026-09-19,28,quantile,0.7,40.0
2026-08-29,wk inc covid hosp,3,2026-09-19,28,quantile,0.75,43.0
2026-08-29,wk inc covid hosp,3,2026-09-19,28,quantile,0.8,45.0
2026-08-29,wk inc covid hosp,3,2026-09-19,28,quantile,0.85,48.0
2026-08-29,wk inc covid hosp,3,2026-09-19,28,quantile,0.9,52.0
2026-08-29,wk inc covid hosp,3,2026-09-19,28,quantile,0.95,58.0
2026-08-29,wk inc covid hosp,3,2026-09-19,28,quantile,0.975,66.0
2026-08-29,wk inc covid hosp,3,2026-09-19,28,quantile,0.99,75.0
2026-08-29,wk inc covid hosp,3,2026-09-19,29,quantile,0.01,4.0
2026-08-29,wk inc covid hosp,3,2026-09-19,29,quantile,0.025,6.0
2026-08-29,wk inc covid hosp,3,2026-09-19,29,quantile,0.05,7.0
2026-08-29,wk inc covid hosp,3,2026-09-19,29,quantile,0.1,8.0
2026-08-29,wk inc covid hosp,3,2026-09-19,29,quantile,0.15,9.0
2026-08-29,wk inc covid hosp,3,2026-09-19,29,quantile,0.2,10.0
2026-08-29,wk inc covid hosp,3,2026-09-19,29,quantile,0.25,11.0
2026-08-29,wk inc covid hosp,3,2026-09-19,29,quantile,0.3,12.0
2026-08-29,wk inc covid hosp,3,2026-09-19,29,quantile,0.35,12.0
2026-08-29,wk inc covid hosp,3,2026-09-19,29,quantile,0.4,13.0
2026-08-29,wk inc covid hosp,3,2026-09-19,29,quantile,0.45,13.0
2026-08-29,wk inc covid hosp,3,2026-09-19,29,quantile,0.5,14.0
2026-08-29,wk inc covid hosp,3,2026-09-19,29,quantile,0.55,15.0
2026-08-29,wk inc covid hosp,3,2026-09-19,29,quantile,0.6,16.0
2026-08-29,wk inc covid hosp,3,2026-09-19,29,quantile,0.65,16.0
2026-08-29,wk inc covid hosp,3,2026-09-19,29,quantile,0.7,17.0
2026-08-29,wk inc covid hosp,3,2026-09-19,29,quantile,0.75,18.0
2026-08-29,wk inc covid hosp,3,2026-09-19,29,quantile,0.8,19.0
2026-08-29,wk inc covid hosp,3,2026-09-19,29,quantile,0.85,21.0
2026-08-29,wk inc covid hosp,3,2026-09-19,29,quantile,0.9,23.0
2026-08-29,wk inc covid hosp,3,2026-09-19,29,quantile,0.95,26.0
2026-08-29,wk inc covid hosp,3,2026-09-19,29,quantile,0.975,29.0
2026-08-29,wk inc covid hosp,3,2026-09-19,29,quantile,0.99,33.0
2026-08-29,wk inc covid hosp,3,2026-09-19,30,quantile,0.01,0.0
2026-08-29,wk inc covid hosp,3,2026-09-19,30,quantile,0.025,0.0
2026-08-29,wk inc covid hosp,3,2026-09-19,30,quantile,0.05,0.0
2026-08-29,wk inc covid hosp,3,2026-09-19,30,quantile,0.1,0.0
2026-08-29,wk inc covid hosp,3,2026-09-19,30,quantile,0.15,1.0
2026-08-29,wk inc covid hosp,3,2026-09-19,30,quantile,0.2,1.0
2026-08-29,wk inc covid hosp,3,2026-09-19,30,quantile,0.25,1.0
2026-08-29,wk inc covid hosp,3,2026-09-19,30,quantile,0.3,1.0
2026-08-29,wk inc covid hosp,3,2026-09-19,30,quantile,0.35,2.0
2026-08-29,wk inc covid hosp,3,2026-09-19,30,quantile,0.4,2.0
2026-08-29,wk inc covid hosp,3,2026-09-19,30,quantile,0.45,2.0
2026-08-29,wk inc covid hosp,3,2026-09-19,30,quantile,0.5,2.0
2026-08-29,wk inc covid hosp,3,2026-09-19,30,quantile,0.55,2.0
2026-08-29,wk inc covid hosp,3,2026-09-19,30,quantile,0.6,3.0
2026-08-29,wk inc covid hosp,3,2026-09-19,30,quantile,0.65,3.0
2026-08-29,wk inc covid hosp,3,2026-09-19,30,quantile,0.7,3.0
2026-08-29,wk inc covid hosp,3,2026-09-19,30,quantile,0.75,3.0
2026-08-29,wk inc covid hosp,3,2026-09-19,30,quantile,0.8,4.0
2026-08-29,wk inc covid hosp,3,2026-09-19,30,quantile,0.85,4.0
2026-08-29,wk inc covid hosp,3,2026-09-19,30,quantile,0.9,5.0
2026-08-29,wk inc covid hosp,3,2026-09-19,30,quantile,0.95,5.0
2026-08-29,wk inc covid hosp,3,2026-09-19,30,quantile,0.975,6.0
2026-08-29,wk inc covid hosp,3,2026-09-19,30,quantile,0.99,7.0
2026-08-29,wk inc covid hosp,3,2026-09-19,31,quantile,0.01,0.0
2026-08-29,wk inc covid hosp,3,2026-09-19,31,quantile,0.025,0.0
2026-08-29,wk inc covid hosp,3,2026-09-19,31,quantile,0.05,1.0
2026-08-29,wk inc covid hosp,3,2026-09-19,31,quantile,0.1,1.0
2026-08-29,wk inc covid hosp,3,2026-09-19,31,quantile,0.15,1.0
2026-08-29,wk inc covid hosp,3,2026-09-19,31,quantile,0.2,2.0
2026-08-29,wk inc covid hosp,3,2026-09-19,31,quantile,0.25,2.0
2026-08-29,wk inc covid hosp,3,2026-09-19,31,quantile,0.3,2.0
2026-08-29,wk inc covid hosp,3,2026-09-19,31,quantile,0.35,2.0
2026-08-29,wk inc covid hosp,3,2026-09-19,31,quantile,0.4,3.0
2026-08-29,wk inc covid hosp,3,2026-09-19,31,quantile,0.45,3.0
2026-08-29,wk inc covid hosp,3,2026-09-19,31,quantile,0.5,3.0
2026-08-29,wk inc covid hosp,3,2026-09-19,31,quantile,0.55,3.0
2026-08-29,wk inc covid hosp,3,2026-09-19,31,quantile,0.6,4.0
2026-08-29,wk inc covid hosp,3,2026-09-19,31,quantile,0.65,4.0
2026-08-29,wk inc covid hosp,3,2026-09-19,31,quantile,0.7,4.0
2026-08-29,wk inc covid hosp,3,2026-09-19,31,quantile,0.75,5.0
2026-08-29,wk inc covid hosp,3,2026-09-19,31,quantile,0.8,5.0
2026-08-29,wk inc covid hosp,3,2026-09-19,31,quantile,0.85,6.0
2026-08-29,wk inc covid hosp,3,2026-09-19,31,quantile,0.9,6.0
2026-08-29,wk inc covid hosp,3,2026-09-19,31,quantile,0.95,7.0
2026-08-29,wk inc covid hosp,3,2026-09-19,31,quantile,0.975,8.0
2026-08-29,wk inc covid hosp,3,2026-09-19,31,quantile,0.99,10.0
2026-08-29,wk inc covid hosp,3,2026-09-19,32,quantile,0.01,3.0
2026-08-29,wk inc covid hosp,3,2026-09-19,32,quantile,0.025,4.0
2026-08-29,wk inc covid hosp,3,2026-09-19,32,quantile,0.05,5.0
2026-08-29,wk inc covid hosp,3,2026-09-19,32,quantile,0.1,6.0
2026-08-29,wk inc covid hosp,3,2026-09-19,32,quantile,0.15,7.0
2026-08-29,wk inc covid hosp,3,2026-09-19,32,quantile,0.2,7.0
2026-08-29,wk inc covid hosp,3,2026-09-19,32,quantile,0.25,8.0
2026-08-29,wk inc covid hosp,3,2026-09-19,32,quantile,0.3,9.0
2026-08-29,wk inc covid hosp,3,2026-09-19,32,quantile,0.35,9.0
2026-08-29,wk inc covid hosp,3,2026-09-19,32,quantile,0.4,10.0
2026-08-29,wk inc covid hosp,3,2026-09-19,32,quantile,0.45,10.0
2026-08-29,wk inc covid hosp,3,2026-09-19,32,quantile,0.5,11.0
2026-08-29,wk inc covid hosp,3,2026-09-19,32,quantile,0.55,11.0
2026-08-29,wk inc covid hosp,3,2026-09-19,32,quantile,0.6,12.0
2026-08-29,wk inc covid hosp,3,2026-09-19,32,quantile,0.65,13.0
2026-08-29,wk inc covid hosp,3,2026-09-19,32,quantile,0.7,13.0
2026-08-29,wk inc covid hosp,3,2026-09-19,32,quantile,0.75,14.0
2026-08-29,wk inc covid hosp,3,2026-09-19,32,quantile,0.8,15.0
2026-08-29,wk inc covid hosp,3,2026-09-19,32,quantile,0.85,16.0
2026-08-29,wk inc covid hosp,3,2026-09-19,32,quantile,0.9,17.0
2026-08-29,wk inc covid hosp,3,2026-09-19,32,quantile,0.95,20.0
2026-08-29,wk inc covid hosp,3,2026-09-19,32,quantile,0.975,22.0
2026-08-29,wk inc covid hosp,3,2026-09-19,32,quantile,0.99,25.0
2026-08-29,wk inc covid hosp,3,2026-09-19,33,quantile,0.01,1.0
2026-08-29,wk inc covid hosp,3,2026-09-19,33,quantile,0.025,1.0
2026-08-29,wk inc covid hosp,3,2026-09-19,33,quantile,0.05,2.0
2026-08-29,wk inc covid hosp,3,2026-09-19,33,quantile,0.1,3.0
2026-08-29,wk inc covid hosp,3,2026-09-19,33,quantile,0.15,3.0
2026-08-29,wk inc covid hosp,3,2026-09-19,33,quantile,0.2,4.0
2026-08-29,wk inc covid hosp,3,2026-09-19,33,quantile,0.25,4.0
2026-08-29,wk inc covid hosp,3,2026-09-19,33,quantile,0.3,5.0
2026-08-29,wk inc covid hosp,3,2026-09-19,33,quantile,0.35,5.0
2026-08-29,wk inc covid hosp,3,2026-09-19,33,quantile,0.4,5.0
2026-08-29,wk inc covid hosp,3,2026-09-19,33,quantile,0.45,6.0
2026-08-29,wk inc covid hosp,3,2026-09-19,33,quantile,0.5,6.0
2026-08-29,wk inc covid hosp,3,2026-09-19,33,quantile,0.55,6.0
2026-08-29,wk inc covid hosp,3,2026-09-19,33,quantile,0.6,7.0
2026-08-29,wk inc covid hosp,3,2026-09-19,33,quantile,0.65,7.0
2026-08-29,wk inc covid hosp,3,2026-09-19,33,quantile,0.7,8.0
2026-08-29,wk inc covid hosp,3,2026-09-19,33,quantile,0.75,8.0
2026-08-29,wk inc covid hosp,3,2026-09-19,33,quantile,0.8,9.0
2026-08-29,wk inc covid hosp,3,2026-09-19,33,quantile,0.85,9.0
2026-08-29,wk inc covid hosp,3,2026-09-19,33,quantile,0.9,11.0
2026-08-29,wk inc covid hosp,3,2026-09-19,33,quantile,0.95,12.0
2026-08-29,wk inc covid hosp,3,2026-09-19,33,quantile,0.975,14.0
2026-08-29,wk inc covid hosp,3,2026-09-19,33,quantile,0.99,16.0
2026-08-29,wk inc covid hosp,3,2026-09-19,34,quantile,0.01,38.0
2026-08-29,wk inc covid hosp,3,2026-09-19,34,quantile,0.025,43.0
2026-08-29,wk inc covid hosp,3,2026-09-19,34,quantile,0.05,49.0
2026-08-29,wk inc covid hosp,3,2026-09-19,34,quantile,0.1,55.0
2026-08-29,wk inc covid hosp,3,2026-09-19,34,quantile,0.15,59.0
2026-08-29,wk inc covid hosp,3,2026-09-19,34,quantile,0.2,63.0
2026-08-29,wk inc covid hosp,3,2026-09-19,34,quantile,0.25,66.0
2026-08-29,wk inc covid hosp,3,2026-09-19,34,quantile,0.3,69.0
2026-08-29,wk inc covid hosp,3,2026-09-19,34,quantile,0.35,72.0
2026-08-29,wk inc covid hosp,3,2026-09-19,34,quantile,0.4,75.0
2026-08-29,wk inc covid hosp,3,2026-09-19,34,quantile,0.45,78.0
2026-08-29,wk inc covid hosp,3,2026-09-19,34,quantile,0.5,80.0
2026-08-29,wk inc covid hosp,3,2026-09-19,34,quantile,0.55,83.0
2026-08-29,wk inc covid hosp,3,2026-09-19,34,quantile,0.6,86.0
2026-08-29,wk inc covid hosp,3,2026-09-19,34,quantile,0.65,89.0
2026-08-29,wk inc covid hosp,3,2026-09-19,34,quantile,0.7,93.0
2026-08-29,wk inc covid hosp,3,2026-09-19,34,quantile,0.75,97.0
2026-08-29,wk inc covid hosp,3,2026-09-19,34,quantile,0.8,102.0
2026-08-29,wk inc covid hosp,3,2026-09-19,34,quantile,0.85,109.0
2026-08-29,wk inc covid hosp,3,2026-09-19,34,quantile,0.9,118.0
2026-08-29,wk inc covid hosp,3,2026-09-19,34,quantile,0.95,133.0
2026-08-29,wk inc covid hosp,3,2026-09-19,34,quantile,0.975,149.0
2026-08-29,wk inc covid hosp,3,2026-09-19,34,quantile,0.99,172.0
2026-08-29,wk inc covid hosp,3,2026-09-19,35,quantile,0.01,2.0
2026-08-29,wk inc covid hosp,3,2026-09-19,35,quantile,0.025,2.0
2026-08-29,wk inc covid hosp,3,2026-09-19,35,quantile,0.05,3.0
2026-08-29,wk inc covid hosp,3,2026-09-19,35,quantile,0.1,4.0
2026-08-29,wk inc covid hosp,3,2026-09-19,35,quantile,0.15,5.0
2026-08-29,wk inc covid hosp,3,2026-09-19,35,quantile,0.2,5.0
2026-08-29,wk inc covid hosp,3,2026-09-19,35,quantile,0.25,6.0
2026-08-29,wk inc covid hosp,3,2026-09-19,35,quantile,0.3,6.0
2026-08-29,wk inc covid hosp,3,2026-09-19,35,quantile,0.35,7.0
2026-08-29,wk inc covid hosp,3,2026-09-19,35,quantile,0.4,7.0
2026-08-29,wk inc covid hosp,3,2026-09-19,35,quantile,0.45,8.0
2026-08-29,wk inc covid hosp,3,2026-09-19,35,quantile,0.5,8.0
2026-08-29,wk inc covid hosp,3,2026-09-19,35,quantile,0.55,8.0
2026-08-29,wk inc covid hosp,3,2026-09-19,35,quantile,0.6,9.0
2026-08-29,wk inc covid hosp,3,2026-09-19,35,quantile,0.65,10.0
2026-08-29,wk inc covid hosp,3,2026-09-19,35,quantile,0.7,10.0
2026-08-29,wk inc covid hosp,3,2026-09-19,35,quantile,0.75,11.0
2026-08-29,wk inc covid hosp,3,2026-09-19,35,quantile,0.8,11.0
2026-08-29,wk inc covid hosp,3,2026-09-19,35,quantile,0.85,12.0
2026-08-29,wk inc covid hosp,3,2026-09-19,35,quantile,0.9,14.0
2026-08-29,wk inc covid hosp,3,2026-09-19,35,quantile,0.95,16.0
2026-08-29,wk inc covid hosp,3,2026-09-19,35,quantile,0.975,18.0
2026-08-29,wk inc covid hosp,3,2026-09-19,35,quantile,0.99,20.0
2026-08-29,wk inc covid hosp,3,2026-09-19,36,quantile,0.01,65.0
2026-08-29,wk inc covid hosp,3,2026-09-19,36,quantile,0.025,74.0
2026-08-29,wk inc covid hosp,3,2026-09-19,36,quantile,0.05,82.0
2026-08-29,wk inc covid hosp,3,2026-09-19,36,quantile,0.1,93.0
2026-08-29,wk inc covid hosp,3,2026-09-19,36,quantile,0.15,100.0
2026-08-29,wk inc covid hosp,3,2026-09-19,36,quantile,0.2,106.0
2026-08-29,wk inc covid hosp,3,2026-09-19,36,quantile,0.25,111.0
2026-08-29,wk inc covid hosp,3,2026-09-19,36,quantile,0.3,116.0
2026-08-29,wk inc covid hosp,3,2026-09-19,36,quantile,0.35,120.0
2026-08-29,wk inc covid hosp,3,2026-09-19,36,quantile,0.4,125.0
2026-08-29,wk inc covid hosp,3,2026-09-19,36,quantile,0.45,129.0
2026-08-29,wk inc covid hosp,3,2026-09-19,36,quantile,0.5,134.0
2026-08-29,wk inc covid hosp,3,2026-09-19,36,quantile,0.55,139.0
2026-08-29,wk inc covid hosp,3,2026-09-19,36,quantile,0.6,144.0
2026-08-29,wk inc covid hosp,3,2026-09-19,36,quantile,0.65,150.0
2026-08-29,wk inc covid hosp,3,2026-09-19,36,quantile,0.7,156.0
2026-08-29,wk inc covid hosp,3,2026-09-19,36,quantile,0.75,162.0
2026-08-29,wk inc covid hosp,3,2026-09-19,36,quantile,0.8,170.0
2026-08-29,wk inc covid hosp,3,2026-09-19,36,quantile,0.85,181.0
2026-08-29,wk inc covid hosp,3,2026-09-19,36,quantile,0.9,195.0
2026-08-29,wk inc covid hosp,3,2026-09-19,36,quantile,0.95,221.0
2026-08-29,wk inc covid hosp,3,2026-09-19,36,quantile,0.975,251.0
2026-08-29,wk inc covid hosp,3,2026-09-19,36,quantile,0.99,288.0
2026-08-29,wk inc covid hosp,3,2026-09-19,37,quantile,0.01,71.0
2026-08-29,wk inc covid hosp,3,2026-09-19,37,quantile,0.025,81.0
2026-08-29,wk inc covid hosp,3,2026-09-19,37,quantile,0.05,90.0
2026-08-29,wk inc covid hosp,3,2026-09-19,37,quantile,0.1,101.0
2026-08-29,wk inc covid hosp,3,2026-09-19,37,quantile,0.15,109.0
2026-08-29,wk inc covid hosp,3,2026-09-19,37,quantile,0.2,116.0
2026-08-29,wk inc covid hosp,3,2026-09-19,37,quantile,0.25,121.0
2026-08-29,wk inc covid hosp,3,2026-09-19,37,quantile,0.3,127.0
2026-08-29,wk inc covid hosp,3,2026-09-19,37,quantile,0.35,132.0
2026-08-29,wk inc covid hosp,3,2026-09-19,37,quantile,0.4,137.0
2026-08-29,wk inc covid hosp,3,2026-09-19,37,quantile,0.45,141.0
2026-08-29,wk inc covid hosp,3,2026-09-19,37,quantile,0.5,147.0
2026-08-29,wk inc covid hosp,3,2026-09-19,37,quantile,0.55,152.0
2026-08-29,wk inc covid hosp,3,2026-09-19,37,quantile,0.6,157.0
2026-08-29,wk inc covid hosp,3,2026-09-19,37,quantile,0.65,163.0
2026-08-29,wk inc covid hosp,3,2026-09-19,37,quantile,0.7,169.0
2026-08-29,wk inc covid hosp,3,2026-09-19,37,quantile,0.75,177.0
2026-08-29,wk inc covid hosp,3,2026-09-19,37,quantile,0.8,186.0
2026-08-29,wk inc covid hosp,3,2026-09-19,37,quantile,0.85,197.0
2026-08-29,wk inc covid hosp,3,2026-09-19,37,quantile,0.9,213.0
2026-08-29,wk inc covid hosp,3,2026-09-19,37,quantile,0.95,243.0
2026-08-29,wk inc covid hosp,3,2026-09-19,37,quantile,0.975,270.0
2026-08-29,wk inc covid hosp,3,2026-09-19,37,quantile,0.99,306.0
2026-08-29,wk inc covid hosp,3,2026-09-19,38,quantile,0.01,0.0
2026-08-29,wk inc covid hosp,3,2026-09-19,38,quantile,0.025,0.0
2026-08-29,wk inc covid hosp,3,2026-09-19,38,quantile,0.05,0.0
2026-08-29,wk inc covid hosp,3,2026-09-19,38,quantile,0.1,0.0
2026-08-29,wk inc covid hosp,3,2026-09-19,38,quantile,0.15,0.0
2026-08-29,wk inc covid hosp,3,2026-09-19,38,quantile,0.2,0.0
2026-08-29,wk inc covid hosp,3,2026-09-19,38,quantile,0.25,0.0
2026-08-29,wk inc covid hosp,3,2026-09-19,38,quantile,0.3,0.0
2026-08-29,wk inc covid hosp,3,2026-09-19,38,quantile,0.35,1.0
2026-08-29,wk inc covid hosp,3,2026-09-19,38,quantile,0.4,1.0
2026-08-29,wk inc covid hosp,3,2026-09-19,38,quantile,0.45,1.0
2026-08-29,wk inc covid hosp,3,2026-09-19,38,quantile,0.5,1.0
2026-08-29,wk inc covid hosp,3,2026-09-19,38,quantile,0.55,1.0
2026-08-29,wk inc covid hosp,3,2026-09-19,38,quantile,0.6,1.0
2026-08-29,wk inc covid hosp,3,2026-09-19,38,quantile,0.65,1.0
2026-08-29,wk inc covid hosp,3,2026-09-19,38,quantile,0.7,2.0
2026-08-29,wk inc covid hosp,3,2026-09-19,38,quantile,0.75,2.0
2026-08-29,wk inc covid hosp,3,2026-09-19,38,quantile,0.8,2.0
2026-08-29,wk inc covid hosp,3,2026-09-19,38,quantile,0.85,2.0
2026-08-29,wk inc covid hosp,3,2026-09-19,38,quantile,0.9,3.0
2026-08-29,wk inc covid hosp,3,2026-09-19,38,quantile,0.95,3.0
2026-08-29,wk inc covid hosp,3,2026-09-19,38,quantile,0.975,4.0
2026-08-29,wk inc covid hosp,3,2026-09-19,38,quantile,0.99,5.0
2026-08-29,wk inc covid hosp,3,2026-09-19,39,quantile,0.01,12.0
2026-08-29,wk inc covid hosp,3,2026-09-19,39,quantile,0.025,15.0
2026-08-29,wk inc covid hosp,3,2026-09-19,39,quantile,0.05,17.0
2026-08-29,wk inc covid hosp,3,2026-09-19,39,quantile,0.1,19.0
2026-08-29,wk inc covid hosp,3,2026-09-19,39,quantile,0.15,21.0
2026-08-29,wk inc covid hosp,3,2026-09-19,39,quantile,0.2,23.0
2026-08-29,wk inc covid hosp,3,2026-09-19,39,quantile,0.25,24.0
2026-08-29,wk inc covid hosp,3,2026-09-19,39,quantile,0.3,26.0
2026-08-29,wk inc covid hosp,3,2026-09-19,39,quantile,0.35,27.0
2026-08-29,wk inc covid hosp,3,2026-09-19,39,quantile,0.4,28.0
2026-08-29,wk inc covid hosp,3,2026-09-19,39,quantile,0.45,29.0
2026-08-29,wk inc covid hosp,3,2026-09-19,39,quantile,0.5,31.0
2026-08-29,wk inc covid hosp,3,2026-09-19,39,quantile,0.55,32.0
2026-08-29,wk inc covid hosp,3,2026-09-19,39,quantile,0.6,33.0
2026-08-29,wk inc covid hosp,3,2026-09-19,39,quantile,0.65,35.0
2026-08-29,wk inc covid hosp,3,2026-09-19,39,quantile,0.7,36.0
2026-08-29,wk inc covid hosp,3,2026-09-19,39,quantile,0.75,38.0
2026-08-29,wk inc covid hosp,3,2026-09-19,39,quantile,0.8,40.0
2026-08-29,wk inc covid hosp,3,2026-09-19,39,quantile,0.85,43.0
2026-08-29,wk inc covid hosp,3,2026-09-19,39,quantile,0.9,46.0
2026-08-29,wk inc covid hosp,3,2026-09-19,39,quantile,0.95,53.0
2026-08-29,wk inc covid hosp,3,2026-09-19,39,quantile,0.975,59.0
2026-08-29,wk inc covid hosp,3,2026-09-19,39,quantile,0.99,66.0
2026-08-29,wk inc covid hosp,3,2026-09-19,40,quantile,0.01,3.0
2026-08-29,wk inc covid hosp,3,2026-09-19,40,quantile,0.025,4.0
2026-08-29,wk inc covid hosp,3,2026-09-19,40,quantile,0.05,5.0
2026-08-29,wk inc covid hosp,3,2026-09-19,40,quantile,0.1,6.0
2026-08-29,wk inc covid hosp,3,2026-09-19,40,quantile,0.15,6.0
2026-08-29,wk inc covid hosp,3,2026-09-19,40,quantile,0.2,7.0
2026-08-29,wk inc covid hosp,3,2026-09-19,40,quantile,0.25,8.0
2026-08-29,wk inc covid hosp,3,2026-09-19,40,quantile,0.3,8.0
2026-08-29,wk inc covid hosp,3,2026-09-19,40,quantile,0.35,9.0
2026-08-29,wk inc covid hosp,3,2026-09-19,40,quantile,0.4,9.0
2026-08-29,wk inc covid hosp,3,2026-09-19,40,quantile,0.45,10.0
2026-08-29,wk inc covid hosp,3,2026-09-19,40,quantile,0.5,10.0
2026-08-29,wk inc covid hosp,3,2026-09-19,40,quantile,0.55,11.0
2026-08-29,wk inc covid hosp,3,2026-09-19,40,quantile,0.6,12.0
2026-08-29,wk inc covid hosp,3,2026-09-19,40,quantile,0.65,12.0
2026-08-29,wk inc covid hosp,3,2026-09-19,40,quantile,0.7,13.0
2026-08-29,wk inc covid hosp,3,2026-09-19,40,quantile,0.75,14.0
2026-08-29,wk inc covid hosp,3,2026-09-19,40,quantile,0.8,15.0
2026-08-29,wk inc covid hosp,3,2026-09-19,40,quantile,0.85,16.0
2026-08-29,wk inc covid hosp,3,2026-09-19,40,quantile,0.9,17.0
2026-08-29,wk inc covid hosp,3,2026-09-19,40,quantile,0.95,20.0
2026-08-29,wk inc covid hosp,3,2026-09-19,40,quantile,0.975,22.0
2026-08-29,wk inc covid hosp,3,2026-09-19,40,quantile,0.99,25.0
2026-08-29,wk inc covid hosp,3,2026-09-19,41,quantile,0.01,3.0
2026-08-29,wk inc covid hosp,3,2026-09-19,41,quantile,0.025,4.0
2026-08-29,wk inc covid hosp,3,2026-09-19,41,quantile,0.05,5.0
2026-08-29,wk inc covid hosp,3,2026-09-19,41,quantile,0.1,6.0
2026-08-29,wk inc covid hosp,3,2026-09-19,41,quantile,0.15,7.0
2026-08-29,wk inc covid hosp,3,2026-09-19,41,quantile,0.2,7.0
2026-08-29,wk inc covid hosp,3,2026-09-19,41,quantile,0.25,8.0
2026-08-29,wk inc covid hosp,3,2026-09-19,41,quantile,0.3,8.0
2026-08-29,wk inc covid hosp,3,2026-09-19,41,quantile,0.35,9.0
2026-08-29,wk inc covid hosp,3,2026-09-19,41,quantile,0.4,10.0
2026-08-29,wk inc covid hosp,3,2026-09-19,41,quantile,0.45,10.0
2026-08-29,wk inc covid hosp,3,2026-09-19,41,quantile,0.5,11.0
2026-08-29,wk inc covid hosp,3,2026-09-19,41,quantile,0.55,11.0
2026-08-29,wk inc covid hosp,3,2026-09-19,41,quantile,0.6,12.0
2026-08-29,wk inc covid hosp,3,2026-09-19,41,quantile,0.65,12.0
2026-08-29,wk inc covid hosp,3,2026-09-19,41,quantile,0.7,13.0
2026-08-29,wk inc covid hosp,3,2026-09-19,41,quantile,0.75,14.0
2026-08-29,wk inc covid hosp,3,2026-09-19,41,quantile,0.8,15.0
2026-08-29,wk inc covid hosp,3,2026-09-19,41,quantile,0.85,16.0
2026-08-29,wk inc covid hosp,3,2026-09-19,41,quantile,0.9,17.0
2026-08-29,wk inc covid hosp,3,2026-09-19,41,quantile,0.95,20.0
2026-08-29,wk inc covid hosp,3,2026-09-19,41,quantile,0.975,22.0
2026-08-29,wk inc covid hosp,3,2026-09-19,41,quantile,0.99,25.0
2026-08-29,wk inc covid hosp,3,2026-09-19,42,quantile,0.01,29.0
2026-08-29,wk inc covid hosp,3,2026-09-19,42,quantile,0.025,33.0
2026-08-29,wk inc covid hosp,3,2026-09-19,42,quantile,0.05,38.0
2026-08-29,wk inc covid hosp,3,2026-09-19,42,quantile,0.1,43.0
2026-08-29,wk inc covid hosp,3,2026-09-19,42,quantile,0.15,46.0
2026-08-29,wk inc covid hosp,3,2026-09-19,42,quantile,0.2,49.0
2026-08-29,wk inc covid hosp,3,2026-09-19,42,quantile,0.25,52.0
2026-08-29,wk inc covid hosp,3,2026-09-19,42,quantile,0.3,54.0
2026-08-29,wk inc covid hosp,3,2026-09-19,42,quantile,0.35,56.0
2026-08-29,wk inc covid hosp,3,2026-09-19,42,quantile,0.4,59.0
2026-08-29,wk inc covid hosp,3,2026-09-19,42,quantile,0.45,61.0
2026-08-29,wk inc covid hosp,3,2026-09-19,42,quantile,0.5,63.0
2026-08-29,wk inc covid hosp,3,2026-09-19,42,quantile,0.55,66.0
2026-08-29,wk inc covid hosp,3,2026-09-19,42,quantile,0.6,68.0
2026-08-29,wk inc covid hosp,3,2026-09-19,42,quantile,0.65,71.0
2026-08-29,wk inc covid hosp,3,2026-09-19,42,quantile,0.7,74.0
2026-08-29,wk inc covid hosp,3,2026-09-19,42,quantile,0.75,78.0
2026-08-29,wk inc covid hosp,3,2026-09-19,42,quantile,0.8,82.0
2026-08-29,wk inc covid hosp,3,2026-09-19,42,quantile,0.85,86.0
2026-08-29,wk inc covid hosp,3,2026-09-19,42,quantile,0.9,93.0
2026-08-29,wk inc covid hosp,3,2026-09-19,42,quantile,0.95,106.0
2026-08-29,wk inc covid hosp,3,2026-09-19,42,quantile,0.975,120.0
2026-08-29,wk inc covid hosp,3,2026-09-19,42,quantile,0.99,139.0
2026-08-29,wk inc covid hosp,3,2026-09-19,44,quantile,0.01,1.0
2026-08-29,wk inc covid hosp,3,2026-09-19,44,quantile,0.025,1.0
2026-08-29,wk inc covid hosp,3,2026-09-19,44,quantile,0.05,1.0
2026-08-29,wk inc covid hosp,3,2026-09-19,44,quantile,0.1,2.0
2026-08-29,wk inc covid hosp,3,2026-09-19,44,quantile,0.15,3.0
2026-08-29,wk inc covid hosp,3,2026-09-19,44,quantile,0.2,3.0
2026-08-29,wk inc covid hosp,3,2026-09-19,44,quantile,0.25,3.0
2026-08-29,wk inc covid hosp,3,2026-09-19,44,quantile,0.3,4.0
2026-08-29,wk inc covid hosp,3,2026-09-19,44,quantile,0.35,4.0
2026-08-29,wk inc covid hosp,3,2026-09-19,44,quantile,0.4,4.0
2026-08-29,wk inc covid hosp,3,2026-09-19,44,quantile,0.45,5.0
2026-08-29,wk inc covid hosp,3,2026-09-19,44,quantile,0.5,5.0
2026-08-29,wk inc covid hosp,3,2026-09-19,44,quantile,0.55,5.0
2026-08-29,wk inc covid hosp,3,2026-09-19,44,quantile,0.6,6.0
2026-08-29,wk inc covid hosp,3,2026-09-19,44,quantile,0.65,6.0
2026-08-29,wk inc covid hosp,3,2026-09-19,44,quantile,0.7,7.0
2026-08-29,wk inc covid hosp,3,2026-09-19,44,quantile,0.75,7.0
2026-08-29,wk inc covid hosp,3,2026-09-19,44,quantile,0.8,8.0
2026-08-29,wk inc covid hosp,3,2026-09-19,44,quantile,0.85,8.0
2026-08-29,wk inc covid hosp,3,2026-09-19,44,quantile,0.9,9.0
2026-08-29,wk inc covid hosp,3,2026-09-19,44,quantile,0.95,11.0
2026-08-29,wk inc covid hosp,3,2026-09-19,44,quantile,0.975,12.0
2026-08-29,wk inc covid hosp,3,2026-09-19,44,quantile,0.99,13.0
2026-08-29,wk inc covid hosp,3,2026-09-19,45,quantile,0.01,13.0
2026-08-29,wk inc covid hosp,3,2026-09-19,45,quantile,0.025,16.0
2026-08-29,wk inc covid hosp,3,2026-09-19,45,quantile,0.05,18.0
2026-08-29,wk inc covid hosp,3,2026-09-19,45,quantile,0.1,21.0
2026-08-29,wk inc covid hosp,3,2026-09-19,45,quantile,0.15,23.0
2026-08-29,wk inc covid hosp,3,2026-09-19,45,quantile,0.2,24.0
2026-08-29,wk inc covid hosp,3,2026-09-19,45,quantile,0.25,26.0
2026-08-29,wk inc covid hosp,3,2026-09-19,45,quantile,0.3,27.0
2026-08-29,wk inc covid hosp,3,2026-09-19,45,quantile,0.35,28.0
2026-08-29,wk inc covid hosp,3,2026-09-19,45,quantile,0.4,30.0
2026-08-29,wk inc covid hosp,3,2026-09-19,45,quantile,0.45,31.0
2026-08-29,wk inc covid hosp,3,2026-09-19,45,quantile,0.5,32.0
2026-08-29,wk inc covid hosp,3,2026-09-19,45,quantile,0.55,34.0
2026-08-29,wk inc covid hosp,3,2026-09-19,45,quantile,0.6,35.0
2026-08-29,wk inc covid hosp,3,2026-09-19,45,quantile,0.65,37.0
2026-08-29,wk inc covid hosp,3,2026-09-19,45,quantile,0.7,38.0
2026-08-29,wk inc covid hosp,3,2026-09-19,45,quantile,0.75,40.0
2026-08-29,wk inc covid hosp,3,2026-09-19,45,quantile,0.8,42.0
2026-08-29,wk inc covid hosp,3,2026-09-19,45,quantile,0.85,45.0
2026-08-29,wk inc covid hosp,3,2026-09-19,45,quantile,0.9,49.0
2026-08-29,wk inc covid hosp,3,2026-09-19,45,quantile,0.95,56.0
2026-08-29,wk inc covid hosp,3,2026-09-19,45,quantile,0.975,63.0
2026-08-29,wk inc covid hosp,3,2026-09-19,45,quantile,0.99,72.0
2026-08-29,wk inc covid hosp,3,2026-09-19,46,quantile,0.01,0.0
2026-08-29,wk inc covid hosp,3,2026-09-19,46,quantile,0.025,0.0
2026-08-29,wk inc covid hosp,3,2026-09-19,46,quantile,0.05,0.0
2026-08-29,wk inc covid hosp,3,2026-09-19,46,quantile,0.1,0.0
2026-08-29,wk inc covid hosp,3,2026-09-19,46,quantile,0.15,0.0
2026-08-29,wk inc covid hosp,3,2026-09-19,46,quantile,0.2,0.0
2026-08-29,wk inc covid hosp,3,2026-09-19,46,quantile,0.25,1.0
2026-08-29,wk inc covid hosp,3,2026-09-19,46,quantile,0.3,1.0
2026-08-29,wk inc covid hosp,3,2026-09-19,46,quantile,0.35,1.0
2026-08-29,wk inc covid hosp,3,2026-09-19,46,quantile,0.4,1.0
2026-08-29,wk inc covid hosp,3,2026-09-19,46,quantile,0.45,1.0
2026-08-29,wk inc covid hosp,3,2026-09-19,46,quantile,0.5,1.0
2026-08-29,wk inc covid hosp,3,2026-09-19,46,quantile,0.55,1.0
2026-08-29,wk inc covid hosp,3,2026-09-19,46,quantile,0.6,2.0
2026-08-29,wk inc covid hosp,3,2026-09-19,46,quantile,0.65,2.0
2026-08-29,wk inc covid hosp,3,2026-09-19,46,quantile,0.7,2.0
2026-08-29,wk inc covid hosp,3,2026-09-19,46,quantile,0.75,2.0
2026-08-29,wk inc covid hosp,3,2026-09-19,46,quantile,0.8,3.0
2026-08-29,wk inc covid hosp,3,2026-09-19,46,quantile,0.85,3.0
2026-08-29,wk inc covid hosp,3,2026-09-19,46,quantile,0.9,3.0
2026-08-29,wk inc covid hosp,3,2026-09-19,46,quantile,0.95,4.0
2026-08-29,wk inc covid hosp,3,2026-09-19,46,quantile,0.975,5.0
2026-08-29,wk inc covid hosp,3,2026-09-19,46,quantile,0.99,5.0
2026-08-29,wk inc covid hosp,3,2026-09-19,47,quantile,0.01,20.0
2026-08-29,wk inc covid hosp,3,2026-09-19,47,quantile,0.025,23.0
2026-08-29,wk inc covid hosp,3,2026-09-19,47,quantile,0.05,26.0
2026-08-29,wk inc covid hosp,3,2026-09-19,47,quantile,0.1,30.0
2026-08-29,wk inc covid hosp,3,2026-09-19,47,quantile,0.15,32.0
2026-08-29,wk inc covid hosp,3,2026-09-19,47,quantile,0.2,35.0
2026-08-29,wk inc covid hosp,3,2026-09-19,47,quantile,0.25,36.0
2026-08-29,wk inc covid hosp,3,2026-09-19,47,quantile,0.3,38.0
2026-08-29,wk inc covid hosp,3,2026-09-19,47,quantile,0.35,40.0
2026-08-29,wk inc covid hosp,3,2026-09-19,47,quantile,0.4,42.0
2026-08-29,wk inc covid hosp,3,2026-09-19,47,quantile,0.45,44.0
2026-08-29,wk inc covid hosp,3,2026-09-19,47,quantile,0.5,45.0
2026-08-29,wk inc covid hosp,3,2026-09-19,47,quantile,0.55,47.0
2026-08-29,wk inc covid hosp,3,2026-09-19,47,quantile,0.6,49.0
2026-08-29,wk inc covid hosp,3,2026-09-19,47,quantile,0.65,51.0
2026-08-29,wk inc covid hosp,3,2026-09-19,47,quantile,0.7,54.0
2026-08-29,wk inc covid hosp,3,2026-09-19,47,quantile,0.75,56.0
2026-08-29,wk inc covid hosp,3,2026-09-19,47,quantile,0.8,59.0
2026-08-29,wk inc covid hosp,3,2026-09-19,47,quantile,0.85,63.0
2026-08-29,wk inc covid hosp,3,2026-09-19,47,quantile,0.9,68.0
2026-08-29,wk inc covid hosp,3,2026-09-19,47,quantile,0.95,77.0
2026-08-29,wk inc covid hosp,3,2026-09-19,47,quantile,0.975,87.0
2026-08-29,wk inc covid hosp,3,2026-09-19,47,quantile,0.99,101.0
2026-08-29,wk inc covid hosp,3,2026-09-19,48,quantile,0.01,162.0
2026-08-29,wk inc covid hosp,3,2026-09-19,48,quantile,0.025,182.0
2026-08-29,wk inc covid hosp,3,2026-09-19,48,quantile,0.05,201.0
2026-08-29,wk inc covid hosp,3,2026-09-19,48,quantile,0.1,225.0
2026-08-29,wk inc covid hosp,3,2026-09-19,48,quantile,0.15,241.0
2026-08-29,wk inc covid hosp,3,2026-09-19,48,quantile,0.2,255.0
2026-08-29,wk inc covid hosp,3,2026-09-19,48,quantile,0.25,266.0
2026-08-29,wk inc covid hosp,3,2026-09-19,48,quantile,0.3,278.0
2026-08-29,wk inc covid hosp,3,2026-09-19,48,quantile,0.35,288.0
2026-08-29,wk inc covid hosp,3,2026-09-19,48,quantile,0.4,299.0
2026-08-29,wk inc covid hosp,3,2026-09-19,48,quantile,0.45,310.0
2026-08-29,wk inc covid hosp,3,2026-09-19,48,quantile,0.5,321.0
2026-08-29,wk inc covid hosp,3,2026-09-19,48,quantile,0.55,333.0
2026-08-29,wk inc covid hosp,3,2026-09-19,48,quantile,0.6,345.0
2026-08-29,wk inc covid hosp,3,2026-09-19,48,quantile,0.65,358.0
2026-08-29,wk inc covid hosp,3,2026-09-19,48,quantile,0.7,374.0
2026-08-29,wk inc covid hosp,3,2026-09-19,48,quantile,0.75,389.0
2026-08-29,wk inc covid hosp,3,2026-09-19,48,quantile,0.8,408.0
2026-08-29,wk inc covid hosp,3,2026-09-19,48,quantile,0.85,434.0
2026-08-29,wk inc covid hosp,3,2026-09-19,48,quantile,0.9,469.0
2026-08-29,wk inc covid hosp,3,2026-09-19,48,quantile,0.95,532.0
2026-08-29,wk inc covid hosp,3,2026-09-19,48,quantile,0.975,600.0
2026-08-29,wk inc covid hosp,3,2026-09-19,48,quantile,0.99,695.0
2026-08-29,wk inc covid hosp,3,2026-09-19,49,quantile,0.01,0.0
2026-08-29,wk inc covid hosp,3,2026-09-19,49,quantile,0.025,1.0
2026-08-29,wk inc covid hosp,3,2026-09-19,49,quantile,0.05,1.0
2026-08-29,wk inc covid hosp,3,2026-09-19,49,quantile,0.1,2.0
2026-08-29,wk inc covid hosp,3,2026-09-19,49,quantile,0.15,2.0
2026-08-29,wk inc covid hosp,3,2026-09-19,49,quantile,0.2,2.0
2026-08-29,wk inc covid hosp,3,2026-09-19,49,quantile,0.25,3.0
2026-08-29,wk inc covid hosp,3,2026-09-19,49,quantile,0.3,3.0
2026-08-29,wk inc covid hosp,3,2026-09-19,49,quantile,0.35,3.0
2026-08-29,wk inc covid hosp,3,2026-09-19,49,quantile,0.4,4.0
2026-08-29,wk inc covid hosp,3,2026-09-19,49,quantile,0.45,4.0
2026-08-29,wk inc covid hosp,3,2026-09-19,49,quantile,0.5,4.0
2026-08-29,wk inc covid hosp,3,2026-09-19,49,quantile,0.55,5.0
2026-08-29,wk inc covid hosp,3,2026-09-19,49,quantile,0.6,5.0
2026-08-29,wk inc covid hosp,3,2026-09-19,49,quantile,0.65,5.0
2026-08-29,wk inc covid hosp,3,2026-09-19,49,quantile,0.7,6.0
2026-08-29,wk inc covid hosp,3,2026-09-19,49,quantile,0.75,6.0
2026-08-29,wk inc covid hosp,3,2026-09-19,49,quantile,0.8,7.0
2026-08-29,wk inc covid hosp,3,2026-09-19,49,quantile,0.85,7.0
2026-08-29,wk inc covid hosp,3,2026-09-19,49,quantile,0.9,8.0
2026-08-29,wk inc covid hosp,3,2026-09-19,49,quantile,0.95,9.0
2026-08-29,wk inc covid hosp,3,2026-09-19,49,quantile,0.975,10.0
2026-08-29,wk inc covid hosp,3,2026-09-19,49,quantile,0.99,12.0
2026-08-29,wk inc covid hosp,3,2026-09-19,50,quantile,0.01,0.0
2026-08-29,wk inc covid hosp,3,2026-09-19,50,quantile,0.025,0.0
2026-08-29,wk inc covid hosp,3,2026-09-19,50,quantile,0.05,0.0
2026-08-29,wk inc covid hosp,3,2026-09-19,50,quantile,0.1,0.0
2026-08-29,wk inc covid hosp,3,2026-09-19,50,quantile,0.15,0.0
2026-08-29,wk inc covid hosp,3,2026-09-19,50,quantile,0.2,0.0
2026-08-29,wk inc covid hosp,3,2026-09-19,50,quantile,0.25,0.0
2026-08-29,wk inc covid hosp,3,2026-09-19,50,quantile,0.3,0.0
2026-08-29,wk inc covid hosp,3,2026-09-19,50,quantile,0.35,1.0
2026-08-29,wk inc covid hosp,3,2026-09-19,50,quantile,0.4,1.0
2026-08-29,wk inc covid hosp,3,2026-09-19,50,quantile,0.45,1.0
2026-08-29,wk inc covid hosp,3,2026-09-19,50,quantile,0.5,1.0
2026-08-29,wk inc covid hosp,3,2026-09-19,50,quantile,0.55,1.0
2026-08-29,wk inc covid hosp,3,2026-09-19,50,quantile,0.6,1.0
2026-08-29,wk inc covid hosp,3,2026-09-19,50,quantile,0.65,1.0
2026-08-29,wk inc covid hosp,3,2026-09-19,50,quantile,0.7,2.0
2026-08-29,wk inc covid hosp,3,2026-09-19,50,quantile,0.75,2.0
2026-08-29,wk inc covid hosp,3,2026-09-19,50,quantile,0.8,2.0
2026-08-29,wk inc covid hosp,3,2026-09-19,50,quantile,0.85,2.0
2026-08-29,wk inc covid hosp,3,2026-09-19,50,quantile,0.9,3.0
2026-08-29,wk inc covid hosp,3,2026-09-19,50,quantile,0.95,3.0
2026-08-29,wk inc covid hosp,3,2026-09-19,50,quantile,0.975,4.0
2026-08-29,wk inc covid hosp,3,2026-09-19,50,quantile,0.99,5.0
2026-08-29,wk inc covid hosp,3,2026-09-19,51,quantile,0.01,14.0
2026-08-29,wk inc covid hosp,3,2026-09-19,51,quantile,0.025,17.0
2026-08-29,wk inc covid hosp,3,2026-09-19,51,quantile,0.05,19.0
2026-08-29,wk inc covid hosp,3,2026-09-19,51,quantile,0.1,22.0
2026-08-29,wk inc covid hosp,3,2026-09-19,51,quantile,0.15,24.0
2026-08-29,wk inc covid hosp,3,2026-09-19,51,quantile,0.2,25.0
2026-08-29,wk inc covid hosp,3,2026-09-19,51,quantile,0.25,27.0
2026-08-29,wk inc covid hosp,3,2026-09-19,51,quantile,0.3,28.0
2026-08-29,wk inc covid hosp,3,2026-09-19,51,quantile,0.35,30.0
2026-08-29,wk inc covid hosp,3,2026-09-19,51,quantile,0.4,31.0
2026-08-29,wk inc covid hosp,3,2026-09-19,51,quantile,0.45,32.0
2026-08-29,wk inc covid hosp,3,2026-09-19,51,quantile,0.5,34.0
2026-08-29,wk inc covid hosp,3,2026-09-19,51,quantile,0.55,35.0
2026-08-29,wk inc covid hosp,3,2026-09-19,51,quantile,0.6,37.0
2026-08-29,wk inc covid hosp,3,2026-09-19,51,quantile,0.65,38.0
2026-08-29,wk inc covid hosp,3,2026-09-19,51,quantile,0.7,40.0
2026-08-29,wk inc covid hosp,3,2026-09-19,51,quantile,0.75,42.0
2026-08-29,wk inc covid hosp,3,2026-09-19,51,quantile,0.8,44.0
2026-08-29,wk inc covid hosp,3,2026-09-19,51,quantile,0.85,47.0
2026-08-29,wk inc covid hosp,3,2026-09-19,51,quantile,0.9,51.0
2026-08-29,wk inc covid hosp,3,2026-09-19,51,quantile,0.95,58.0
2026-08-29,wk inc covid hosp,3,2026-09-19,51,quantile,0.975,65.0
2026-08-29,wk inc covid hosp,3,2026-09-19,51,quantile,0.99,75.0
2026-08-29,wk inc covid hosp,3,2026-09-19,53,quantile,0.01,26.0
2026-08-29,wk inc covid hosp,3,2026-09-19,53,quantile,0.025,30.0
2026-08-29,wk inc covid hosp,3,2026-09-19,53,quantile,0.05,34.0
2026-08-29,wk inc covid hosp,3,2026-09-19,53,quantile,0.1,38.0
2026-08-29,wk inc covid hosp,3,2026-09-19,53,quantile,0.15,41.0
2026-08-29,wk inc covid hosp,3,2026-09-19,53,quantile,0.2,44.0
2026-08-29,wk inc covid hosp,3,2026-09-19,53,quantile,0.25,47.0
2026-08-29,wk inc covid hosp,3,2026-09-19,53,quantile,0.3,49.0
2026-08-29,wk inc covid hosp,3,2026-09-19,53,quantile,0.35,51.0
2026-08-29,wk inc covid hosp,3,2026-09-19,53,quantile,0.4,53.0
2026-08-29,wk inc covid hosp,3,2026-09-19,53,quantile,0.45,56.0
2026-08-29,wk inc covid hosp,3,2026-09-19,53,quantile,0.5,58.0
2026-08-29,wk inc covid hosp,3,2026-09-19,53,quantile,0.55,60.0
2026-08-29,wk inc covid hosp,3,2026-09-19,53,quantile,0.6,62.0
2026-08-29,wk inc covid hosp,3,2026-09-19,53,quantile,0.65,65.0
2026-08-29,wk inc covid hosp,3,2026-09-19,53,quantile,0.7,68.0
2026-08-29,wk inc covid hosp,3,2026-09-19,53,quantile,0.75,71.0
2026-08-29,wk inc covid hosp,3,2026-09-19,53,quantile,0.8,75.0
2026-08-29,wk inc covid hosp,3,2026-09-19,53,quantile,0.85,79.0
2026-08-29,wk inc covid hosp,3,2026-09-19,53,quantile,0.9,86.0
2026-08-29,wk inc covid hosp,3,2026-09-19,53,quantile,0.95,98.0
2026-08-29,wk inc covid hosp,3,2026-09-19,53,quantile,0.975,109.0
2026-08-29,wk inc covid hosp,3,2026-09-19,53,quantile,0.99,125.0
2026-08-29,wk inc covid hosp,3,2026-09-19,54,quantile,0.01,0.0
2026-08-29,wk inc covid hosp,3,2026-09-19,54,quantile,0.025,0.0
2026-08-29,wk inc covid hosp,3,2026-09-19,54,quantile,0.05,0.0
2026-08-29,wk inc covid hosp,3,2026-09-19,54,quantile,0.1,1.0
2026-08-29,wk inc covid hosp,3,2026-09-19,54,quantile,0.15,1.0
2026-08-29,wk inc covid hosp,3,2026-09-19,54,quantile,0.2,1.0
2026-08-29,wk inc covid hosp,3,2026-09-19,54,quantile,0.25,1.0
2026-08-29,wk inc covid hosp,3,2026-09-19,54,quantile,0.3,1.0
2026-08-29,wk inc covid hosp,3,2026-09-19,54,quantile,0.35,2.0
2026-08-29,wk inc covid hosp,3,2026-09-19,54,quantile,0.4,2.0
2026-08-29,wk inc covid hosp,3,2026-09-19,54,quantile,0.45,2.0
2026-08-29,wk inc covid hosp,3,2026-09-19,54,quantile,0.5,2.0
2026-08-29,wk inc covid hosp,3,2026-09-19,54,quantile,0.55,3.0
2026-08-29,wk inc covid hosp,3,2026-09-19,54,quantile,0.6,3.0
2026-08-29,wk inc covid hosp,3,2026-09-19,54,quantile,0.65,3.0
2026-08-29,wk inc covid hosp,3,2026-09-19,54,quantile,0.7,3.0
2026-08-29,wk inc covid hosp,3,2026-09-19,54,quantile,0.75,4.0
2026-08-29,wk inc covid hosp,3,2026-09-19,54,quantile,0.8,4.0
2026-08-29,wk inc covid hosp,3,2026-09-19,54,quantile,0.85,4.0
2026-08-29,wk inc covid hosp,3,2026-09-19,54,quantile,0.9,5.0
2026-08-29,wk inc covid hosp,3,2026-09-19,54,quantile,0.95,6.0
2026-08-29,wk inc covid hosp,3,2026-09-19,54,quantile,0.975,7.0
2026-08-29,wk inc covid hosp,3,2026-09-19,54,quantile,0.99,8.0
2026-08-29,wk inc covid hosp,3,2026-09-19,55,quantile,0.01,5.0
2026-08-29,wk inc covid hosp,3,2026-09-19,55,quantile,0.025,7.0
2026-08-29,wk inc covid hosp,3,2026-09-19,55,quantile,0.05,8.0
2026-08-29,wk inc covid hosp,3,2026-09-19,55,quantile,0.1,10.0
2026-08-29,wk inc covid hosp,3,2026-09-19,55,quantile,0.15,11.0
2026-08-29,wk inc covid hosp,3,2026-09-19,55,quantile,0.2,12.0
2026-08-29,wk inc covid hosp,3,2026-09-19,55,quantile,0.25,12.0
2026-08-29,wk inc covid hosp,3,2026-09-19,55,quantile,0.3,13.0
2026-08-29,wk inc covid hosp,3,2026-09-19,55,quantile,0.35,14.0
2026-08-29,wk inc covid hosp,3,2026-09-19,55,quantile,0.4,15.0
2026-08-29,wk inc covid hosp,3,2026-09-19,55,quantile,0.45,16.0
2026-08-29,wk inc covid hosp,3,2026-09-19,55,quantile,0.5,16.0
2026-08-29,wk inc covid hosp,3,2026-09-19,55,quantile,0.55,17.0
2026-08-29,wk inc covid hosp,3,2026-09-19,55,quantile,0.6,18.0
2026-08-29,wk inc covid hosp,3,2026-09-19,55,quantile,0.65,19.0
2026-08-29,wk inc covid hosp,3,2026-09-19,55,quantile,0.7,20.0
2026-08-29,wk inc covid hosp,3,2026-09-19,55,quantile,0.75,21.0
2026-08-29,wk inc covid hosp,3,2026-09-19,55,quantile,0.8,22.0
2026-08-29,wk inc covid hosp,3,2026-09-19,55,quantile,0.85,24.0
2026-08-29,wk inc covid hosp,3,2026-09-19,55,quantile,0.9,26.0
2026-08-29,wk inc covid hosp,3,2026-09-19,55,quantile,0.95,29.0
2026-08-29,wk inc covid hosp,3,2026-09-19,55,quantile,0.975,33.0
2026-08-29,wk inc covid hosp,3,2026-09-19,55,quantile,0.99,37.0
2026-08-29,wk inc covid hosp,3,2026-09-19,56,quantile,0.01,0.0
2026-08-29,wk inc covid hosp,3,2026-09-19,56,quantile,0.025,0.0
2026-08-29,wk inc covid hosp,3,2026-09-19,56,quantile,0.05,0.0
2026-08-29,wk inc covid hosp,3,2026-09-19,56,quantile,0.1,0.0
2026-08-29,wk inc covid hosp,3,2026-09-19,56,quantile,0.15,0.0
2026-08-29,wk inc covid hosp,3,2026-09-19,56,quantile,0.2,0.0
2026-08-29,wk inc covid hosp,3,2026-09-19,56,quantile,0.25,1.0
2026-08-29,wk inc covid hosp,3,2026-09-19,56,quantile,0.3,1.0
2026-08-29,wk inc covid hosp,3,2026-09-19,56,quantile,0.35,1.0
2026-08-29,wk inc covid hosp,3,2026-09-19,56,quantile,0.4,1.0
2026-08-29,wk inc covid hosp,3,2026-09-19,56,quantile,0.45,1.0
2026-08-29,wk inc covid hosp,3,2026-09-19,56,quantile,0.5,1.0
2026-08-29,wk inc covid hosp,3,2026-09-19,56,quantile,0.55,2.0
2026-08-29,wk inc covid hosp,3,2026-09-19,56,quantile,0.6,2.0
2026-08-29,wk inc covid hosp,3,2026-09-19,56,quantile,0.65,2.0
2026-08-29,wk inc covid hosp,3,2026-09-19,56,quantile,0.7,2.0
2026-08-29,wk inc covid hosp,3,2026-09-19,56,quantile,0.75,2.0
2026-08-29,wk inc covid hosp,3,2026-09-19,56,quantile,0.8,3.0
2026-08-29,wk inc covid hosp,3,2026-09-19,56,quantile,0.85,3.0
2026-08-29,wk inc covid hosp,3,2026-09-19,56,quantile,0.9,3.0
2026-08-29,wk inc covid hosp,3,2026-09-19,56,quantile,0.95,4.0
2026-08-29,wk inc covid hosp,3,2026-09-19,56,quantile,0.975,5.0
2026-08-29,wk inc covid hosp,3,2026-09-19,56,quantile,0.99,6.0
2026-08-29,wk inc covid hosp,3,2026-09-19,72,quantile,0.01,48.0
2026-08-29,wk inc covid hosp,3,2026-09-19,72,quantile,0.025,54.0
2026-08-29,wk inc covid hosp,3,2026-09-19,72,quantile,0.05,60.0
2026-08-29,wk inc covid hosp,3,2026-09-19,72,quantile,0.1,68.0
2026-08-29,wk inc covid hosp,3,2026-09-19,72,quantile,0.15,74.0
2026-08-29,wk inc covid hosp,3,2026-09-19,72,quantile,0.2,79.0
2026-08-29,wk inc covid hosp,3,2026-09-19,72,quantile,0.25,83.0
2026-08-29,wk inc covid hosp,3,2026-09-19,72,quantile,0.3,87.0
2026-08-29,wk inc covid hosp,3,2026-09-19,72,quantile,0.35,90.0
2026-08-29,wk inc covid hosp,3,2026-09-19,72,quantile,0.4,94.0
2026-08-29,wk inc covid hosp,3,2026-09-19,72,quantile,0.45,97.0
2026-08-29,wk inc covid hosp,3,2026-09-19,72,quantile,0.5,101.0
2026-08-29,wk inc covid hosp,3,2026-09-19,72,quantile,0.55,105.0
2026-08-29,wk inc covid hosp,3,2026-09-19,72,quantile,0.6,109.0
2026-08-29,wk inc covid hosp,3,2026-09-19,72,quantile,0.65,113.0
2026-08-29,wk inc covid hosp,3,2026-09-19,72,quantile,0.7,118.0
2026-08-29,wk inc covid hosp,3,2026-09-19,72,quantile,0.75,123.0
2026-08-29,wk inc covid hosp,3,2026-09-19,72,quantile,0.8,130.0
2026-08-29,wk inc covid hosp,3,2026-09-19,72,quantile,0.85,139.0
2026-08-29,wk inc covid hosp,3,2026-09-19,72,quantile,0.9,150.0
2026-08-29,wk inc covid hosp,3,2026-09-19,72,quantile,0.95,169.0
2026-08-29,wk inc covid hosp,3,2026-09-19,72,quantile,0.975,190.0
2026-08-29,wk inc covid hosp,3,2026-09-19,72,quantile,0.99,220.0
