reference_date,target,horizon,target_end_date,location,output_type,output_type_id,value
2026-08-22,wk inc covid hosp,0,2026-08-22,01,quantile,0.01,28.0
2026-08-22,wk inc covid hosp,0,2026-08-22,01,quantile,0.025,34.0
2026-08-22,wk inc covid hosp,0,2026-08-22,01,quantile,0.05,41.0
2026-08-22,wk inc covid hosp,0,2026-08-22,01,quantile,0.1,44.0
2026-08-22,wk inc covid hosp,0,2026-08-22,01,quantile,0.15,51.0
2026-08-22,wk inc covid hosp,0,2026-08-22,01,quantile,0.2,60.0
2026-08-22,wk inc covid hosp,0,2026-08-22,01,quantile,0.25,68.0
2026-08-22,wk inc covid hosp,0,2026-08-22,01,quantile,0.3,69.0
2026-08-22,wk inc covid hosp,0,2026-08-22,01,quantile,0.35,69.0
2026-08-22,wk inc covid hosp,0,2026-08-22,01,quantile,0.4,69.0
2026-08-22,wk inc covid hosp,0,2026-08-22,01,quantile,0.45,69.0
2026-08-22,wk inc covid hosp,0,2026-08-22,01,quantile,0.5,71.0
2026-08-22,wk inc covid hosp,0,2026-08-22,01,quantile,0.55,71.0
2026-08-22,wk inc covid hosp,0,2026-08-22,01,quantile,0.6,71.0
2026-08-22,wk inc covid hosp,0,2026-08-22,01,quantile,0.65,71.0
2026-08-22,wk inc covid hosp,0,2026-08-22,01,quantile,0.7,73.0
2026-08-22,wk inc covid hosp,0,2026-08-22,01,quantile,0.75,75.0
2026-08-22,wk inc covid hosp,0,2026-08-22,01,quantile,0.8,77.0
2026-08-22,wk inc covid hosp,0,2026-08-22,01,quantile,0.85,80.0
2026-08-22,wk inc covid hosp,0,2026-08-22,01,quantile,0.9,83.0
2026-08-22,wk inc covid hosp,0,2026-08-22,01,quantile,0.95,87.0
2026-08-22,wk inc covid hosp,0,2026-08-22,01,quantile,0.975,91.0
2026-08-22,wk inc covid hosp,0,2026-08-22,01,quantile,0.99,107.0
2026-08-22,wk inc covid hosp,0,2026-08-22,02,quantile,0.01,0.0
2026-08-22,wk inc covid hosp,0,2026-08-22,02,quantile,0.025,1.0
2026-08-22,wk inc covid hosp,0,2026-08-22,02,quantile,0.05,1.0
2026-08-22,wk inc covid hosp,0,2026-08-22,02,quantile,0.1,1.0
2026-08-22,wk inc covid hosp,0,2026-08-22,02,quantile,0.15,1.0
2026-08-22,wk inc covid hosp,0,2026-08-22,02,quantile,0.2,2.0
2026-08-22,wk inc covid hosp,0,2026-08-22,02,quantile,0.25,2.0
2026-08-22,wk inc covid hosp,0,2026-08-22,02,quantile,0.3,3.0
2026-08-22,wk inc covid hosp,0,2026-08-22,02,quantile,0.35,3.0
2026-08-22,wk inc covid hosp,0,2026-08-22,02,quantile,0.4,3.0
2026-08-22,wk inc covid hosp,0,2026-08-22,02,quantile,0.45,3.0
2026-08-22,wk inc covid hosp,0,2026-08-22,02,quantile,0.5,3.0
2026-08-22,wk inc covid hosp,0,2026-08-22,02,quantile,0.55,4.0
2026-08-22,wk inc covid hosp,0,2026-08-22,02,quantile,0.6,4.0
2026-08-22,wk inc covid hosp,0,2026-08-22,02,quantile,0.65,4.0
2026-08-22,wk inc covid hosp,0,2026-08-22,02,quantile,0.7,5.0
2026-08-22,wk inc covid hosp,0,2026-08-22,02,quantile,0.75,5.0
2026-08-22,wk inc covid hosp,0,2026-08-22,02,quantile,0.8,5.0
2026-08-22,wk inc covid hosp,0,2026-08-22,02,quantile,0.85,5.0
2026-08-22,wk inc covid hosp,0,2026-08-22,02,quantile,0.9,6.0
2026-08-22,wk inc covid hosp,0,2026-08-22,02,quantile,0.95,6.0
2026-08-22,wk inc covid hosp,0,2026-08-22,02,quantile,0.975,8.0
2026-08-22,wk inc covid hosp,0,2026-08-22,02,quantile,0.99,18.0
2026-08-22,wk inc covid hosp,0,2026-08-22,04,quantile,0.01,23.0
2026-08-22,wk inc covid hosp,0,2026-08-22,04,quantile,0.025,26.0
2026-08-22,wk inc covid hosp,0,2026-08-22,04,quantile,0.05,26.0
2026-08-22,wk inc covid hosp,0,2026-08-22,04,quantile,0.1,39.0
2026-08-22,wk inc covid hosp,0,2026-08-22,04,quantile,0.15,44.0
2026-08-22,wk inc covid hosp,0,2026-08-22,04,quantile,0.2,44.0
2026-08-22,wk inc covid hosp,0,2026-08-22,04,quantile,0.25,44.0
2026-08-22,wk inc covid hosp,0,2026-08-22,04,quantile,0.3,44.0
2026-08-22,wk inc covid hosp,0,2026-08-22,04,quantile,0.35,44.0
2026-08-22,wk inc covid hosp,0,2026-08-22,04,quantile,0.4,44.0
2026-08-22,wk inc covid hosp,0,2026-08-22,04,quantile,0.45,45.0
2026-08-22,wk inc covid hosp,0,2026-08-22,04,quantile,0.5,48.0
2026-08-22,wk inc covid hosp,0,2026-08-22,04,quantile,0.55,49.0
2026-08-22,wk inc covid hosp,0,2026-08-22,04,quantile,0.6,51.0
2026-08-22,wk inc covid hosp,0,2026-08-22,04,quantile,0.65,54.0
2026-08-22,wk inc covid hosp,0,2026-08-22,04,quantile,0.7,54.0
2026-08-22,wk inc covid hosp,0,2026-08-22,04,quantile,0.75,58.0
2026-08-22,wk inc covid hosp,0,2026-08-22,04,quantile,0.8,58.0
2026-08-22,wk inc covid hosp,0,2026-08-22,04,quantile,0.85,59.0
2026-08-22,wk inc covid hosp,0,2026-08-22,04,quantile,0.9,62.0
2026-08-22,wk inc covid hosp,0,2026-08-22,04,quantile,0.95,64.0
2026-08-22,wk inc covid hosp,0,2026-08-22,04,quantile,0.975,93.0
2026-08-22,wk inc covid hosp,0,2026-08-22,04,quantile,0.99,188.0
2026-08-22,wk inc covid hosp,0,2026-08-22,05,quantile,0.01,5.0
2026-08-22,wk inc covid hosp,0,2026-08-22,05,quantile,0.025,5.0
2026-08-22,wk inc covid hosp,0,2026-08-22,05,quantile,0.05,7.0
2026-08-22,wk inc covid hosp,0,2026-08-22,05,quantile,0.1,8.0
2026-08-22,wk inc covid hosp,0,2026-08-22,05,quantile,0.15,9.0
2026-08-22,wk inc covid hosp,0,2026-08-22,05,quantile,0.2,10.0
2026-08-22,wk inc covid hosp,0,2026-08-22,05,quantile,0.25,10.0
2026-08-22,wk inc covid hosp,0,2026-08-22,05,quantile,0.3,12.0
2026-08-22,wk inc covid hosp,0,2026-08-22,05,quantile,0.35,12.0
2026-08-22,wk inc covid hosp,0,2026-08-22,05,quantile,0.4,12.0
2026-08-22,wk inc covid hosp,0,2026-08-22,05,quantile,0.45,12.0
2026-08-22,wk inc covid hosp,0,2026-08-22,05,quantile,0.5,13.0
2026-08-22,wk inc covid hosp,0,2026-08-22,05,quantile,0.55,13.0
2026-08-22,wk inc covid hosp,0,2026-08-22,05,quantile,0.6,15.0
2026-08-22,wk inc covid hosp,0,2026-08-22,05,quantile,0.65,15.0
2026-08-22,wk inc covid hosp,0,2026-08-22,05,quantile,0.7,15.0
2026-08-22,wk inc covid hosp,0,2026-08-22,05,quantile,0.75,15.0
2026-08-22,wk inc covid hosp,0,2026-08-22,05,quantile,0.8,16.0
2026-08-22,wk inc covid hosp,0,2026-08-22,05,quantile,0.85,17.0
2026-08-22,wk inc covid hosp,0,2026-08-22,05,quantile,0.9,17.0
2026-08-22,wk inc covid hosp,0,2026-08-22,05,quantile,0.95,18.0
2026-08-22,wk inc covid hosp,0,2026-08-22,05,quantile,0.975,31.0
2026-08-22,wk inc covid hosp,0,2026-08-22,05,quantile,0.99,73.0
2026-08-22,wk inc covid hosp,0,2026-08-22,06,quantile,0.01,232.0
2026-08-22,wk inc covid hosp,0,2026-08-22,06,quantile,0.025,254.0
2026-08-22,wk inc covid hosp,0,2026-08-22,06,quantile,0.05,308.0
2026-08-22,wk inc covid hosp,0,2026-08-22,06,quantile,0.1,341.0
2026-08-22,wk inc covid hosp,0,2026-08-22,06,quantile,0.15,372.0
2026-08-22,wk inc covid hosp,0,2026-08-22,06,quantile,0.2,380.0
2026-08-22,wk inc covid hosp,0,2026-08-22,06,quantile,0.25,415.0
2026-08-22,wk inc covid hosp,0,2026-08-22,06,quantile,0.3,433.0
2026-08-22,wk inc covid hosp,0,2026-08-22,06,quantile,0.35,448.0
2026-08-22,wk inc covid hosp,0,2026-08-22,06,quantile,0.4,448.0
2026-08-22,wk inc covid hosp,0,2026-08-22,06,quantile,0.45,448.0
2026-08-22,wk inc covid hosp,0,2026-08-22,06,quantile,0.5,448.0
2026-08-22,wk inc covid hosp,0,2026-08-22,06,quantile,0.55,448.0
2026-08-22,wk inc covid hosp,0,2026-08-22,06,quantile,0.6,448.0
2026-08-22,wk inc covid hosp,0,2026-08-22,06,quantile,0.65,450.0
2026-08-22,wk inc covid hosp,0,2026-08-22,06,quantile,0.7,476.0
2026-08-22,wk inc covid hosp,0,2026-08-22,06,quantile,0.75,496.0
2026-08-22,wk inc covid hosp,0,2026-08-22,06,quantile,0.8,496.0
2026-08-22,wk inc covid hosp,0,2026-08-22,06,quantile,0.85,496.0
2026-08-22,wk inc covid hosp,0,2026-08-22,06,quantile,0.9,498.0
2026-08-22,wk inc covid hosp,0,2026-08-22,06,quantile,0.95,506.0
2026-08-22,wk inc covid hosp,0,2026-08-22,06,quantile,0.975,571.0
2026-08-22,wk inc covid hosp,0,2026-08-22,06,quantile,0.99,939.0
2026-08-22,wk inc covid hosp,0,2026-08-22,08,quantile,0.01,5.0
2026-08-22,wk inc covid hosp,0,2026-08-22,08,quantile,0.025,7.0
2026-08-22,wk inc covid hosp,0,2026-08-22,08,quantile,0.05,9.0
2026-08-22,wk inc covid hosp,0,2026-08-22,08,quantile,0.1,9.0
2026-08-22,wk inc covid hosp,0,2026-08-22,08,quantile,0.15,12.0
2026-08-22,wk inc covid hosp,0,2026-08-22,08,quantile,0.2,13.0
2026-08-22,wk inc covid hosp,0,2026-08-22,08,quantile,0.25,13.0
2026-08-22,wk inc covid hosp,0,2026-08-22,08,quantile,0.3,14.0
2026-08-22,wk inc covid hosp,0,2026-08-22,08,quantile,0.35,15.0
2026-08-22,wk inc covid hosp,0,2026-08-22,08,quantile,0.4,15.0
2026-08-22,wk inc covid hosp,0,2026-08-22,08,quantile,0.45,15.0
2026-08-22,wk inc covid hosp,0,2026-08-22,08,quantile,0.5,16.0
2026-08-22,wk inc covid hosp,0,2026-08-22,08,quantile,0.55,18.0
2026-08-22,wk inc covid hosp,0,2026-08-22,08,quantile,0.6,19.0
2026-08-22,wk inc covid hosp,0,2026-08-22,08,quantile,0.65,19.0
2026-08-22,wk inc covid hosp,0,2026-08-22,08,quantile,0.7,19.0
2026-08-22,wk inc covid hosp,0,2026-08-22,08,quantile,0.75,20.0
2026-08-22,wk inc covid hosp,0,2026-08-22,08,quantile,0.8,23.0
2026-08-22,wk inc covid hosp,0,2026-08-22,08,quantile,0.85,26.0
2026-08-22,wk inc covid hosp,0,2026-08-22,08,quantile,0.9,26.0
2026-08-22,wk inc covid hosp,0,2026-08-22,08,quantile,0.95,34.0
2026-08-22,wk inc covid hosp,0,2026-08-22,08,quantile,0.975,64.0
2026-08-22,wk inc covid hosp,0,2026-08-22,08,quantile,0.99,141.0
2026-08-22,wk inc covid hosp,0,2026-08-22,09,quantile,0.01,4.0
2026-08-22,wk inc covid hosp,0,2026-08-22,09,quantile,0.025,5.0
2026-08-22,wk inc covid hosp,0,2026-08-22,09,quantile,0.05,6.0
2026-08-22,wk inc covid hosp,0,2026-08-22,09,quantile,0.1,6.0
2026-08-22,wk inc covid hosp,0,2026-08-22,09,quantile,0.15,6.0
2026-08-22,wk inc covid hosp,0,2026-08-22,09,quantile,0.2,7.0
2026-08-22,wk inc covid hosp,0,2026-08-22,09,quantile,0.25,7.0
2026-08-22,wk inc covid hosp,0,2026-08-22,09,quantile,0.3,7.0
2026-08-22,wk inc covid hosp,0,2026-08-22,09,quantile,0.35,8.0
2026-08-22,wk inc covid hosp,0,2026-08-22,09,quantile,0.4,8.0
2026-08-22,wk inc covid hosp,0,2026-08-22,09,quantile,0.45,8.0
2026-08-22,wk inc covid hosp,0,2026-08-22,09,quantile,0.5,9.0
2026-08-22,wk inc covid hosp,0,2026-08-22,09,quantile,0.55,9.0
2026-08-22,wk inc covid hosp,0,2026-08-22,09,quantile,0.6,10.0
2026-08-22,wk inc covid hosp,0,2026-08-22,09,quantile,0.65,10.0
2026-08-22,wk inc covid hosp,0,2026-08-22,09,quantile,0.7,10.0
2026-08-22,wk inc covid hosp,0,2026-08-22,09,quantile,0.75,12.0
2026-08-22,wk inc covid hosp,0,2026-08-22,09,quantile,0.8,13.0
2026-08-22,wk inc covid hosp,0,2026-08-22,09,quantile,0.85,13.0
2026-08-22,wk inc covid hosp,0,2026-08-22,09,quantile,0.9,14.0
2026-08-22,wk inc covid hosp,0,2026-08-22,09,quantile,0.95,17.0
2026-08-22,wk inc covid hosp,0,2026-08-22,09,quantile,0.975,35.0
2026-08-22,wk inc covid hosp,0,2026-08-22,09,quantile,0.99,84.0
2026-08-22,wk inc covid hosp,0,2026-08-22,10,quantile,0.01,0.0
2026-08-22,wk inc covid hosp,0,2026-08-22,10,quantile,0.025,0.0
2026-08-22,wk inc covid hosp,0,2026-08-22,10,quantile,0.05,0.0
2026-08-22,wk inc covid hosp,0,2026-08-22,10,quantile,0.1,0.0
2026-08-22,wk inc covid hosp,0,2026-08-22,10,quantile,0.15,0.0
2026-08-22,wk inc covid hosp,0,2026-08-22,10,quantile,0.2,1.0
2026-08-22,wk inc covid hosp,0,2026-08-22,10,quantile,0.25,1.0
2026-08-22,wk inc covid hosp,0,2026-08-22,10,quantile,0.3,1.0
2026-08-22,wk inc covid hosp,0,2026-08-22,10,quantile,0.35,2.0
2026-08-22,wk inc covid hosp,0,2026-08-22,10,quantile,0.4,2.0
2026-08-22,wk inc covid hosp,0,2026-08-22,10,quantile,0.45,2.0
2026-08-22,wk inc covid hosp,0,2026-08-22,10,quantile,0.5,2.0
2026-08-22,wk inc covid hosp,0,2026-08-22,10,quantile,0.55,3.0
2026-08-22,wk inc covid hosp,0,2026-08-22,10,quantile,0.6,3.0
2026-08-22,wk inc covid hosp,0,2026-08-22,10,quantile,0.65,3.0
2026-08-22,wk inc covid hosp,0,2026-08-22,10,quantile,0.7,3.0
2026-08-22,wk inc covid hosp,0,2026-08-22,10,quantile,0.75,3.0
2026-08-22,wk inc covid hosp,0,2026-08-22,10,quantile,0.8,4.0
2026-08-22,wk inc covid hosp,0,2026-08-22,10,quantile,0.85,4.0
2026-08-22,wk inc covid hosp,0,2026-08-22,10,quantile,0.9,4.0
2026-08-22,wk inc covid hosp,0,2026-08-22,10,quantile,0.95,5.0
2026-08-22,wk inc covid hosp,0,2026-08-22,10,quantile,0.975,9.0
2026-08-22,wk inc covid hosp,0,2026-08-22,10,quantile,0.99,24.0
2026-08-22,wk inc covid hosp,0,2026-08-22,11,quantile,0.01,0.0
2026-08-22,wk inc covid hosp,0,2026-08-22,11,quantile,0.025,0.0
2026-08-22,wk inc covid hosp,0,2026-08-22,11,quantile,0.05,0.0
2026-08-22,wk inc covid hosp,0,2026-08-22,11,quantile,0.1,2.0
2026-08-22,wk inc covid hosp,0,2026-08-22,11,quantile,0.15,2.0
2026-08-22,wk inc covid hosp,0,2026-08-22,11,quantile,0.2,2.0
2026-08-22,wk inc covid hosp,0,2026-08-22,11,quantile,0.25,3.0
2026-08-22,wk inc covid hosp,0,2026-08-22,11,quantile,0.3,3.0
2026-08-22,wk inc covid hosp,0,2026-08-22,11,quantile,0.35,3.0
2026-08-22,wk inc covid hosp,0,2026-08-22,11,quantile,0.4,4.0
2026-08-22,wk inc covid hosp,0,2026-08-22,11,quantile,0.45,4.0
2026-08-22,wk inc covid hosp,0,2026-08-22,11,quantile,0.5,4.0
2026-08-22,wk inc covid hosp,0,2026-08-22,11,quantile,0.55,5.0
2026-08-22,wk inc covid hosp,0,2026-08-22,11,quantile,0.6,5.0
2026-08-22,wk inc covid hosp,0,2026-08-22,11,quantile,0.65,5.0
2026-08-22,wk inc covid hosp,0,2026-08-22,11,quantile,0.7,6.0
2026-08-22,wk inc covid hosp,0,2026-08-22,11,quantile,0.75,6.0
2026-08-22,wk inc covid hosp,0,2026-08-22,11,quantile,0.8,6.0
2026-08-22,wk inc covid hosp,0,2026-08-22,11,quantile,0.85,6.0
2026-08-22,wk inc covid hosp,0,2026-08-22,11,quantile,0.9,6.0
2026-08-22,wk inc covid hosp,0,2026-08-22,11,quantile,0.95,6.0
2026-08-22,wk inc covid hosp,0,2026-08-22,11,quantile,0.975,7.0
2026-08-22,wk inc covid hosp,0,2026-08-22,11,quantile,0.99,15.0
2026-08-22,wk inc covid hosp,0,2026-08-22,12,quantile,0.01,124.0
2026-08-22,wk inc covid hosp,0,2026-08-22,12,quantile,0.025,150.0
2026-08-22,wk inc covid hosp,0,2026-08-22,12,quantile,0.05,170.0
2026-08-22,wk inc covid hosp,0,2026-08-22,12,quantile,0.1,185.0
2026-08-22,wk inc covid hosp,0,2026-08-22,12,quantile,0.15,233.0
2026-08-22,wk inc covid hosp,0,2026-08-22,12,quantile,0.2,282.0
2026-08-22,wk inc covid hosp,0,2026-08-22,12,quantile,0.25,297.0
2026-08-22,wk inc covid hosp,0,2026-08-22,12,quantile,0.3,322.0
2026-08-22,wk inc covid hosp,0,2026-08-22,12,quantile,0.35,336.0
2026-08-22,wk inc covid hosp,0,2026-08-22,12,quantile,0.4,340.0
2026-08-22,wk inc covid hosp,0,2026-08-22,12,quantile,0.45,347.0
2026-08-22,wk inc covid hosp,0,2026-08-22,12,quantile,0.5,356.0
2026-08-22,wk inc covid hosp,0,2026-08-22,12,quantile,0.55,356.0
2026-08-22,wk inc covid hosp,0,2026-08-22,12,quantile,0.6,356.0
2026-08-22,wk inc covid hosp,0,2026-08-22,12,quantile,0.65,356.0
2026-08-22,wk inc covid hosp,0,2026-08-22,12,quantile,0.7,361.0
2026-08-22,wk inc covid hosp,0,2026-08-22,12,quantile,0.75,372.0
2026-08-22,wk inc covid hosp,0,2026-08-22,12,quantile,0.8,372.0
2026-08-22,wk inc covid hosp,0,2026-08-22,12,quantile,0.85,372.0
2026-08-22,wk inc covid hosp,0,2026-08-22,12,quantile,0.9,377.0
2026-08-22,wk inc covid hosp,0,2026-08-22,12,quantile,0.95,390.0
2026-08-22,wk inc covid hosp,0,2026-08-22,12,quantile,0.975,444.0
2026-08-22,wk inc covid hosp,0,2026-08-22,12,quantile,0.99,478.0
2026-08-22,wk inc covid hosp,0,2026-08-22,13,quantile,0.01,49.0
2026-08-22,wk inc covid hosp,0,2026-08-22,13,quantile,0.025,50.0
2026-08-22,wk inc covid hosp,0,2026-08-22,13,quantile,0.05,58.0
2026-08-22,wk inc covid hosp,0,2026-08-22,13,quantile,0.1,65.0
2026-08-22,wk inc covid hosp,0,2026-08-22,13,quantile,0.15,74.0
2026-08-22,wk inc covid hosp,0,2026-08-22,13,quantile,0.2,78.0
2026-08-22,wk inc covid hosp,0,2026-08-22,13,quantile,0.25,78.0
2026-08-22,wk inc covid hosp,0,2026-08-22,13,quantile,0.3,78.0
2026-08-22,wk inc covid hosp,0,2026-08-22,13,quantile,0.35,79.0
2026-08-22,wk inc covid hosp,0,2026-08-22,13,quantile,0.4,80.0
2026-08-22,wk inc covid hosp,0,2026-08-22,13,quantile,0.45,83.0
2026-08-22,wk inc covid hosp,0,2026-08-22,13,quantile,0.5,86.0
2026-08-22,wk inc covid hosp,0,2026-08-22,13,quantile,0.55,87.0
2026-08-22,wk inc covid hosp,0,2026-08-22,13,quantile,0.6,87.0
2026-08-22,wk inc covid hosp,0,2026-08-22,13,quantile,0.65,92.0
2026-08-22,wk inc covid hosp,0,2026-08-22,13,quantile,0.7,94.0
2026-08-22,wk inc covid hosp,0,2026-08-22,13,quantile,0.75,94.0
2026-08-22,wk inc covid hosp,0,2026-08-22,13,quantile,0.8,94.0
2026-08-22,wk inc covid hosp,0,2026-08-22,13,quantile,0.85,97.0
2026-08-22,wk inc covid hosp,0,2026-08-22,13,quantile,0.9,99.0
2026-08-22,wk inc covid hosp,0,2026-08-22,13,quantile,0.95,104.0
2026-08-22,wk inc covid hosp,0,2026-08-22,13,quantile,0.975,132.0
2026-08-22,wk inc covid hosp,0,2026-08-22,13,quantile,0.99,259.0
2026-08-22,wk inc covid hosp,0,2026-08-22,15,quantile,0.01,6.0
2026-08-22,wk inc covid hosp,0,2026-08-22,15,quantile,0.025,7.0
2026-08-22,wk inc covid hosp,0,2026-08-22,15,quantile,0.05,8.0
2026-08-22,wk inc covid hosp,0,2026-08-22,15,quantile,0.1,8.0
2026-08-22,wk inc covid hosp,0,2026-08-22,15,quantile,0.15,12.0
2026-08-22,wk inc covid hosp,0,2026-08-22,15,quantile,0.2,15.0
2026-08-22,wk inc covid hosp,0,2026-08-22,15,quantile,0.25,17.0
2026-08-22,wk inc covid hosp,0,2026-08-22,15,quantile,0.3,19.0
2026-08-22,wk inc covid hosp,0,2026-08-22,15,quantile,0.35,20.0
2026-08-22,wk inc covid hosp,0,2026-08-22,15,quantile,0.4,20.0
2026-08-22,wk inc covid hosp,0,2026-08-22,15,quantile,0.45,21.0
2026-08-22,wk inc covid hosp,0,2026-08-22,15,quantile,0.5,22.0
2026-08-22,wk inc covid hosp,0,2026-08-22,15,quantile,0.55,23.0
2026-08-22,wk inc covid hosp,0,2026-08-22,15,quantile,0.6,23.0
2026-08-22,wk inc covid hosp,0,2026-08-22,15,quantile,0.65,25.0
2026-08-22,wk inc covid hosp,0,2026-08-22,15,quantile,0.7,26.0
2026-08-22,wk inc covid hosp,0,2026-08-22,15,quantile,0.75,27.0
2026-08-22,wk inc covid hosp,0,2026-08-22,15,quantile,0.8,29.0
2026-08-22,wk inc covid hosp,0,2026-08-22,15,quantile,0.85,29.0
2026-08-22,wk inc covid hosp,0,2026-08-22,15,quantile,0.9,30.0
2026-08-22,wk inc covid hosp,0,2026-08-22,15,quantile,0.95,32.0
2026-08-22,wk inc covid hosp,0,2026-08-22,15,quantile,0.975,32.0
2026-08-22,wk inc covid hosp,0,2026-08-22,15,quantile,0.99,35.0
2026-08-22,wk inc covid hosp,0,2026-08-22,16,quantile,0.01,0.0
2026-08-22,wk inc covid hosp,0,2026-08-22,16,quantile,0.025,0.0
2026-08-22,wk inc covid hosp,0,2026-08-22,16,quantile,0.05,0.0
2026-08-22,wk inc covid hosp,0,2026-08-22,16,quantile,0.1,0.0
2026-08-22,wk inc covid hosp,0,2026-08-22,16,quantile,0.15,1.0
2026-08-22,wk inc covid hosp,0,2026-08-22,16,quantile,0.2,1.0
2026-08-22,wk inc covid hosp,0,2026-08-22,16,quantile,0.25,1.0
2026-08-22,wk inc covid hosp,0,2026-08-22,16,quantile,0.3,1.0
2026-08-22,wk inc covid hosp,0,2026-08-22,16,quantile,0.35,2.0
2026-08-22,wk inc covid hosp,0,2026-08-22,16,quantile,0.4,2.0
2026-08-22,wk inc covid hosp,0,2026-08-22,16,quantile,0.45,3.0
2026-08-22,wk inc covid hosp,0,2026-08-22,16,quantile,0.5,3.0
2026-08-22,wk inc covid hosp,0,2026-08-22,16,quantile,0.55,4.0
2026-08-22,wk inc covid hosp,0,2026-08-22,16,quantile,0.6,4.0
2026-08-22,wk inc covid hosp,0,2026-08-22,16,quantile,0.65,4.0
2026-08-22,wk inc covid hosp,0,2026-08-22,16,quantile,0.7,4.0
2026-08-22,wk inc covid hosp,0,2026-08-22,16,quantile,0.75,4.0
2026-08-22,wk inc covid hosp,0,2026-08-22,16,quantile,0.8,4.0
2026-08-22,wk inc covid hosp,0,2026-08-22,16,quantile,0.85,5.0
2026-08-22,wk inc covid hosp,0,2026-08-22,16,quantile,0.9,6.0
2026-08-22,wk inc covid hosp,0,2026-08-22,16,quantile,0.95,10.0
2026-08-22,wk inc covid hosp,0,2026-08-22,16,quantile,0.975,18.0
2026-08-22,wk inc covid hosp,0,2026-08-22,16,quantile,0.99,43.0
2026-08-22,wk inc covid hosp,0,2026-08-22,17,quantile,0.01,19.0
2026-08-22,wk inc covid hosp,0,2026-08-22,17,quantile,0.025,28.0
2026-08-22,wk inc covid hosp,0,2026-08-22,17,quantile,0.05,31.0
2026-08-22,wk inc covid hosp,0,2026-08-22,17,quantile,0.1,32.0
2026-08-22,wk inc covid hosp,0,2026-08-22,17,quantile,0.15,32.0
2026-08-22,wk inc covid hosp,0,2026-08-22,17,quantile,0.2,33.0
2026-08-22,wk inc covid hosp,0,2026-08-22,17,quantile,0.25,34.0
2026-08-22,wk inc covid hosp,0,2026-08-22,17,quantile,0.3,36.0
2026-08-22,wk inc covid hosp,0,2026-08-22,17,quantile,0.35,38.0
2026-08-22,wk inc covid hosp,0,2026-08-22,17,quantile,0.4,38.0
2026-08-22,wk inc covid hosp,0,2026-08-22,17,quantile,0.45,39.0
2026-08-22,wk inc covid hosp,0,2026-08-22,17,quantile,0.5,41.0
2026-08-22,wk inc covid hosp,0,2026-08-22,17,quantile,0.55,43.0
2026-08-22,wk inc covid hosp,0,2026-08-22,17,quantile,0.6,45.0
2026-08-22,wk inc covid hosp,0,2026-08-22,17,quantile,0.65,45.0
2026-08-22,wk inc covid hosp,0,2026-08-22,17,quantile,0.7,45.0
2026-08-22,wk inc covid hosp,0,2026-08-22,17,quantile,0.75,48.0
2026-08-22,wk inc covid hosp,0,2026-08-22,17,quantile,0.8,52.0
2026-08-22,wk inc covid hosp,0,2026-08-22,17,quantile,0.85,55.0
2026-08-22,wk inc covid hosp,0,2026-08-22,17,quantile,0.9,55.0
2026-08-22,wk inc covid hosp,0,2026-08-22,17,quantile,0.95,74.0
2026-08-22,wk inc covid hosp,0,2026-08-22,17,quantile,0.975,140.0
2026-08-22,wk inc covid hosp,0,2026-08-22,17,quantile,0.99,304.0
2026-08-22,wk inc covid hosp,0,2026-08-22,18,quantile,0.01,7.0
2026-08-22,wk inc covid hosp,0,2026-08-22,18,quantile,0.025,12.0
2026-08-22,wk inc covid hosp,0,2026-08-22,18,quantile,0.05,14.0
2026-08-22,wk inc covid hosp,0,2026-08-22,18,quantile,0.1,16.0
2026-08-22,wk inc covid hosp,0,2026-08-22,18,quantile,0.15,18.0
2026-08-22,wk inc covid hosp,0,2026-08-22,18,quantile,0.2,18.0
2026-08-22,wk inc covid hosp,0,2026-08-22,18,quantile,0.25,18.0
2026-08-22,wk inc covid hosp,0,2026-08-22,18,quantile,0.3,20.0
2026-08-22,wk inc covid hosp,0,2026-08-22,18,quantile,0.35,21.0
2026-08-22,wk inc covid hosp,0,2026-08-22,18,quantile,0.4,21.0
2026-08-22,wk inc covid hosp,0,2026-08-22,18,quantile,0.45,23.0
2026-08-22,wk inc covid hosp,0,2026-08-22,18,quantile,0.5,25.0
2026-08-22,wk inc covid hosp,0,2026-08-22,18,quantile,0.55,27.0
2026-08-22,wk inc covid hosp,0,2026-08-22,18,quantile,0.6,28.0
2026-08-22,wk inc covid hosp,0,2026-08-22,18,quantile,0.65,29.0
2026-08-22,wk inc covid hosp,0,2026-08-22,18,quantile,0.7,29.0
2026-08-22,wk inc covid hosp,0,2026-08-22,18,quantile,0.75,29.0
2026-08-22,wk inc covid hosp,0,2026-08-22,18,quantile,0.8,29.0
2026-08-22,wk inc covid hosp,0,2026-08-22,18,quantile,0.85,29.0
2026-08-22,wk inc covid hosp,0,2026-08-22,18,quantile,0.9,30.0
2026-08-22,wk inc covid hosp,0,2026-08-22,18,quantile,0.95,39.0
2026-08-22,wk inc covid hosp,0,2026-08-22,18,quantile,0.975,70.0
2026-08-22,wk inc covid hosp,0,2026-08-22,18,quantile,0.99,161.0
2026-08-22,wk inc covid hosp,0,2026-08-22,19,quantile,0.01,1.0
2026-08-22,wk inc covid hosp,0,2026-08-22,19,quantile,0.025,3.0
2026-08-22,wk inc covid hosp,0,2026-08-22,19,quantile,0.05,3.0
2026-08-22,wk inc covid hosp,0,2026-08-22,19,quantile,0.1,3.0
2026-08-22,wk inc covid hosp,0,2026-08-22,19,quantile,0.15,4.0
2026-08-22,wk inc covid hosp,0,2026-08-22,19,quantile,0.2,4.0
2026-08-22,wk inc covid hosp,0,2026-08-22,19,quantile,0.25,4.0
2026-08-22,wk inc covid hosp,0,2026-08-22,19,quantile,0.3,4.0
2026-08-22,wk inc covid hosp,0,2026-08-22,19,quantile,0.35,4.0
2026-08-22,wk inc covid hosp,0,2026-08-22,19,quantile,0.4,5.0
2026-08-22,wk inc covid hosp,0,2026-08-22,19,quantile,0.45,5.0
2026-08-22,wk inc covid hosp,0,2026-08-22,19,quantile,0.5,5.0
2026-08-22,wk inc covid hosp,0,2026-08-22,19,quantile,0.55,5.0
2026-08-22,wk inc covid hosp,0,2026-08-22,19,quantile,0.6,5.0
2026-08-22,wk inc covid hosp,0,2026-08-22,19,quantile,0.65,6.0
2026-08-22,wk inc covid hosp,0,2026-08-22,19,quantile,0.7,7.0
2026-08-22,wk inc covid hosp,0,2026-08-22,19,quantile,0.75,7.0
2026-08-22,wk inc covid hosp,0,2026-08-22,19,quantile,0.8,9.0
2026-08-22,wk inc covid hosp,0,2026-08-22,19,quantile,0.85,10.0
2026-08-22,wk inc covid hosp,0,2026-08-22,19,quantile,0.9,11.0
2026-08-22,wk inc covid hosp,0,2026-08-22,19,quantile,0.95,16.0
2026-08-22,wk inc covid hosp,0,2026-08-22,19,quantile,0.975,33.0
2026-08-22,wk inc covid hosp,0,2026-08-22,19,quantile,0.99,73.0
2026-08-22,wk inc covid hosp,0,2026-08-22,20,quantile,0.01,1.0
2026-08-22,wk inc covid hosp,0,2026-08-22,20,quantile,0.025,3.0
2026-08-22,wk inc covid hosp,0,2026-08-22,20,quantile,0.05,4.0
2026-08-22,wk inc covid hosp,0,2026-08-22,20,quantile,0.1,4.0
2026-08-22,wk inc covid hosp,0,2026-08-22,20,quantile,0.15,5.0
2026-08-22,wk inc covid hosp,0,2026-08-22,20,quantile,0.2,5.0
2026-08-22,wk inc covid hosp,0,2026-08-22,20,quantile,0.25,6.0
2026-08-22,wk inc covid hosp,0,2026-08-22,20,quantile,0.3,6.0
2026-08-22,wk inc covid hosp,0,2026-08-22,20,quantile,0.35,7.0
2026-08-22,wk inc covid hosp,0,2026-08-22,20,quantile,0.4,7.0
2026-08-22,wk inc covid hosp,0,2026-08-22,20,quantile,0.45,7.0
2026-08-22,wk inc covid hosp,0,2026-08-22,20,quantile,0.5,8.0
2026-08-22,wk inc covid hosp,0,2026-08-22,20,quantile,0.55,9.0
2026-08-22,wk inc covid hosp,0,2026-08-22,20,quantile,0.6,9.0
2026-08-22,wk inc covid hosp,0,2026-08-22,20,quantile,0.65,10.0
2026-08-22,wk inc covid hosp,0,2026-08-22,20,quantile,0.7,10.0
2026-08-22,wk inc covid hosp,0,2026-08-22,20,quantile,0.75,10.0
2026-08-22,wk inc covid hosp,0,2026-08-22,20,quantile,0.8,10.0
2026-08-22,wk inc covid hosp,0,2026-08-22,20,quantile,0.85,11.0
2026-08-22,wk inc covid hosp,0,2026-08-22,20,quantile,0.9,12.0
2026-08-22,wk inc covid hosp,0,2026-08-22,20,quantile,0.95,17.0
2026-08-22,wk inc covid hosp,0,2026-08-22,20,quantile,0.975,30.0
2026-08-22,wk inc covid hosp,0,2026-08-22,20,quantile,0.99,70.0
2026-08-22,wk inc covid hosp,0,2026-08-22,21,quantile,0.01,4.0
2026-08-22,wk inc covid hosp,0,2026-08-22,21,quantile,0.025,8.0
2026-08-22,wk inc covid hosp,0,2026-08-22,21,quantile,0.05,8.0
2026-08-22,wk inc covid hosp,0,2026-08-22,21,quantile,0.1,12.0
2026-08-22,wk inc covid hosp,0,2026-08-22,21,quantile,0.15,12.0
2026-08-22,wk inc covid hosp,0,2026-08-22,21,quantile,0.2,13.0
2026-08-22,wk inc covid hosp,0,2026-08-22,21,quantile,0.25,14.0
2026-08-22,wk inc covid hosp,0,2026-08-22,21,quantile,0.3,14.0
2026-08-22,wk inc covid hosp,0,2026-08-22,21,quantile,0.35,15.0
2026-08-22,wk inc covid hosp,0,2026-08-22,21,quantile,0.4,15.0
2026-08-22,wk inc covid hosp,0,2026-08-22,21,quantile,0.45,16.0
2026-08-22,wk inc covid hosp,0,2026-08-22,21,quantile,0.5,17.0
2026-08-22,wk inc covid hosp,0,2026-08-22,21,quantile,0.55,18.0
2026-08-22,wk inc covid hosp,0,2026-08-22,21,quantile,0.6,18.0
2026-08-22,wk inc covid hosp,0,2026-08-22,21,quantile,0.65,19.0
2026-08-22,wk inc covid hosp,0,2026-08-22,21,quantile,0.7,19.0
2026-08-22,wk inc covid hosp,0,2026-08-22,21,quantile,0.75,20.0
2026-08-22,wk inc covid hosp,0,2026-08-22,21,quantile,0.8,22.0
2026-08-22,wk inc covid hosp,0,2026-08-22,21,quantile,0.85,23.0
2026-08-22,wk inc covid hosp,0,2026-08-22,21,quantile,0.9,24.0
2026-08-22,wk inc covid hosp,0,2026-08-22,21,quantile,0.95,26.0
2026-08-22,wk inc covid hosp,0,2026-08-22,21,quantile,0.975,45.0
2026-08-22,wk inc covid hosp,0,2026-08-22,21,quantile,0.99,98.0
2026-08-22,wk inc covid hosp,0,2026-08-22,22,quantile,0.01,26.0
2026-08-22,wk inc covid hosp,0,2026-08-22,22,quantile,0.025,28.0
2026-08-22,wk inc covid hosp,0,2026-08-22,22,quantile,0.05,35.0
2026-08-22,wk inc covid hosp,0,2026-08-22,22,quantile,0.1,40.0
2026-08-22,wk inc covid hosp,0,2026-08-22,22,quantile,0.15,45.0
2026-08-22,wk inc covid hosp,0,2026-08-22,22,quantile,0.2,50.0
2026-08-22,wk inc covid hosp,0,2026-08-22,22,quantile,0.25,57.0
2026-08-22,wk inc covid hosp,0,2026-08-22,22,quantile,0.3,57.0
2026-08-22,wk inc covid hosp,0,2026-08-22,22,quantile,0.35,57.0
2026-08-22,wk inc covid hosp,0,2026-08-22,22,quantile,0.4,57.0
2026-08-22,wk inc covid hosp,0,2026-08-22,22,quantile,0.45,58.0
2026-08-22,wk inc covid hosp,0,2026-08-22,22,quantile,0.5,59.0
2026-08-22,wk inc covid hosp,0,2026-08-22,22,quantile,0.55,61.0
2026-08-22,wk inc covid hosp,0,2026-08-22,22,quantile,0.6,62.0
2026-08-22,wk inc covid hosp,0,2026-08-22,22,quantile,0.65,62.0
2026-08-22,wk inc covid hosp,0,2026-08-22,22,quantile,0.7,63.0
2026-08-22,wk inc covid hosp,0,2026-08-22,22,quantile,0.75,67.0
2026-08-22,wk inc covid hosp,0,2026-08-22,22,quantile,0.8,67.0
2026-08-22,wk inc covid hosp,0,2026-08-22,22,quantile,0.85,76.0
2026-08-22,wk inc covid hosp,0,2026-08-22,22,quantile,0.9,78.0
2026-08-22,wk inc covid hosp,0,2026-08-22,22,quantile,0.95,80.0
2026-08-22,wk inc covid hosp,0,2026-08-22,22,quantile,0.975,95.0
2026-08-22,wk inc covid hosp,0,2026-08-22,22,quantile,0.99,114.0
2026-08-22,wk inc covid hosp,0,2026-08-22,23,quantile,0.01,0.0
2026-08-22,wk inc covid hosp,0,2026-08-22,23,quantile,0.025,0.0
2026-08-22,wk inc covid hosp,0,2026-08-22,23,quantile,0.05,0.0
2026-08-22,wk inc covid hosp,0,2026-08-22,23,quantile,0.1,0.0
2026-08-22,wk inc covid hosp,0,2026-08-22,23,quantile,0.15,0.0
2026-08-22,wk inc covid hosp,0,2026-08-22,23,quantile,0.2,0.0
2026-08-22,wk inc covid hosp,0,2026-08-22,23,quantile,0.25,0.0
2026-08-22,wk inc covid hosp,0,2026-08-22,23,quantile,0.3,1.0
2026-08-22,wk inc covid hosp,0,2026-08-22,23,quantile,0.35,1.0
2026-08-22,wk inc covid hosp,0,2026-08-22,23,quantile,0.4,1.0
2026-08-22,wk inc covid hosp,0,2026-08-22,23,quantile,0.45,2.0
2026-08-22,wk inc covid hosp,0,2026-08-22,23,quantile,0.5,2.0
2026-08-22,wk inc covid hosp,0,2026-08-22,23,quantile,0.55,2.0
2026-08-22,wk inc covid hosp,0,2026-08-22,23,quantile,0.6,2.0
2026-08-22,wk inc covid hosp,0,2026-08-22,23,quantile,0.65,3.0
2026-08-22,wk inc covid hosp,0,2026-08-22,23,quantile,0.7,3.0
2026-08-22,wk inc covid hosp,0,2026-08-22,23,quantile,0.75,3.0
2026-08-22,wk inc covid hosp,0,2026-08-22,23,quantile,0.8,3.0
2026-08-22,wk inc covid hosp,0,2026-08-22,23,quantile,0.85,4.0
2026-08-22,wk inc covid hosp,0,2026-08-22,23,quantile,0.9,4.0
2026-08-22,wk inc covid hosp,0,2026-08-22,23,quantile,0.95,7.0
2026-08-22,wk inc covid hosp,0,2026-08-22,23,quantile,0.975,13.0
2026-08-22,wk inc covid hosp,0,2026-08-22,23,quantile,0.99,29.0
2026-08-22,wk inc covid hosp,0,2026-08-22,24,quantile,0.01,4.0
2026-08-22,wk inc covid hosp,0,2026-08-22,24,quantile,0.025,6.0
2026-08-22,wk inc covid hosp,0,2026-08-22,24,quantile,0.05,6.0
2026-08-22,wk inc covid hosp,0,2026-08-22,24,quantile,0.1,6.0
2026-08-22,wk inc covid hosp,0,2026-08-22,24,quantile,0.15,6.0
2026-08-22,wk inc covid hosp,0,2026-08-22,24,quantile,0.2,8.0
2026-08-22,wk inc covid hosp,0,2026-08-22,24,quantile,0.25,8.0
2026-08-22,wk inc covid hosp,0,2026-08-22,24,quantile,0.3,9.0
2026-08-22,wk inc covid hosp,0,2026-08-22,24,quantile,0.35,11.0
2026-08-22,wk inc covid hosp,0,2026-08-22,24,quantile,0.4,12.0
2026-08-22,wk inc covid hosp,0,2026-08-22,24,quantile,0.45,12.0
2026-08-22,wk inc covid hosp,0,2026-08-22,24,quantile,0.5,12.0
2026-08-22,wk inc covid hosp,0,2026-08-22,24,quantile,0.55,12.0
2026-08-22,wk inc covid hosp,0,2026-08-22,24,quantile,0.6,13.0
2026-08-22,wk inc covid hosp,0,2026-08-22,24,quantile,0.65,13.0
2026-08-22,wk inc covid hosp,0,2026-08-22,24,quantile,0.7,16.0
2026-08-22,wk inc covid hosp,0,2026-08-22,24,quantile,0.75,16.0
2026-08-22,wk inc covid hosp,0,2026-08-22,24,quantile,0.8,18.0
2026-08-22,wk inc covid hosp,0,2026-08-22,24,quantile,0.85,18.0
2026-08-22,wk inc covid hosp,0,2026-08-22,24,quantile,0.9,19.0
2026-08-22,wk inc covid hosp,0,2026-08-22,24,quantile,0.95,30.0
2026-08-22,wk inc covid hosp,0,2026-08-22,24,quantile,0.975,65.0
2026-08-22,wk inc covid hosp,0,2026-08-22,24,quantile,0.99,149.0
2026-08-22,wk inc covid hosp,0,2026-08-22,25,quantile,0.01,7.0
2026-08-22,wk inc covid hosp,0,2026-08-22,25,quantile,0.025,12.0
2026-08-22,wk inc covid hosp,0,2026-08-22,25,quantile,0.05,15.0
2026-08-22,wk inc covid hosp,0,2026-08-22,25,quantile,0.1,15.0
2026-08-22,wk inc covid hosp,0,2026-08-22,25,quantile,0.15,17.0
2026-08-22,wk inc covid hosp,0,2026-08-22,25,quantile,0.2,18.0
2026-08-22,wk inc covid hosp,0,2026-08-22,25,quantile,0.25,20.0
2026-08-22,wk inc covid hosp,0,2026-08-22,25,quantile,0.3,21.0
2026-08-22,wk inc covid hosp,0,2026-08-22,25,quantile,0.35,22.0
2026-08-22,wk inc covid hosp,0,2026-08-22,25,quantile,0.4,22.0
2026-08-22,wk inc covid hosp,0,2026-08-22,25,quantile,0.45,22.0
2026-08-22,wk inc covid hosp,0,2026-08-22,25,quantile,0.5,25.0
2026-08-22,wk inc covid hosp,0,2026-08-22,25,quantile,0.55,26.0
2026-08-22,wk inc covid hosp,0,2026-08-22,25,quantile,0.6,28.0
2026-08-22,wk inc covid hosp,0,2026-08-22,25,quantile,0.65,29.0
2026-08-22,wk inc covid hosp,0,2026-08-22,25,quantile,0.7,29.0
2026-08-22,wk inc covid hosp,0,2026-08-22,25,quantile,0.75,33.0
2026-08-22,wk inc covid hosp,0,2026-08-22,25,quantile,0.8,33.0
2026-08-22,wk inc covid hosp,0,2026-08-22,25,quantile,0.85,34.0
2026-08-22,wk inc covid hosp,0,2026-08-22,25,quantile,0.9,36.0
2026-08-22,wk inc covid hosp,0,2026-08-22,25,quantile,0.95,43.0
2026-08-22,wk inc covid hosp,0,2026-08-22,25,quantile,0.975,77.0
2026-08-22,wk inc covid hosp,0,2026-08-22,25,quantile,0.99,169.0
2026-08-22,wk inc covid hosp,0,2026-08-22,26,quantile,0.01,10.0
2026-08-22,wk inc covid hosp,0,2026-08-22,26,quantile,0.025,14.0
2026-08-22,wk inc covid hosp,0,2026-08-22,26,quantile,0.05,14.0
2026-08-22,wk inc covid hosp,0,2026-08-22,26,quantile,0.1,14.0
2026-08-22,wk inc covid hosp,0,2026-08-22,26,quantile,0.15,14.0
2026-08-22,wk inc covid hosp,0,2026-08-22,26,quantile,0.2,16.0
2026-08-22,wk inc covid hosp,0,2026-08-22,26,quantile,0.25,16.0
2026-08-22,wk inc covid hosp,0,2026-08-22,26,quantile,0.3,16.0
2026-08-22,wk inc covid hosp,0,2026-08-22,26,quantile,0.35,17.0
2026-08-22,wk inc covid hosp,0,2026-08-22,26,quantile,0.4,19.0
2026-08-22,wk inc covid hosp,0,2026-08-22,26,quantile,0.45,20.0
2026-08-22,wk inc covid hosp,0,2026-08-22,26,quantile,0.5,21.0
2026-08-22,wk inc covid hosp,0,2026-08-22,26,quantile,0.55,21.0
2026-08-22,wk inc covid hosp,0,2026-08-22,26,quantile,0.6,21.0
2026-08-22,wk inc covid hosp,0,2026-08-22,26,quantile,0.65,22.0
2026-08-22,wk inc covid hosp,0,2026-08-22,26,quantile,0.7,24.0
2026-08-22,wk inc covid hosp,0,2026-08-22,26,quantile,0.75,26.0
2026-08-22,wk inc covid hosp,0,2026-08-22,26,quantile,0.8,28.0
2026-08-22,wk inc covid hosp,0,2026-08-22,26,quantile,0.85,28.0
2026-08-22,wk inc covid hosp,0,2026-08-22,26,quantile,0.9,30.0
2026-08-22,wk inc covid hosp,0,2026-08-22,26,quantile,0.95,49.0
2026-08-22,wk inc covid hosp,0,2026-08-22,26,quantile,0.975,108.0
2026-08-22,wk inc covid hosp,0,2026-08-22,26,quantile,0.99,259.0
2026-08-22,wk inc covid hosp,0,2026-08-22,27,quantile,0.01,2.0
2026-08-22,wk inc covid hosp,0,2026-08-22,27,quantile,0.025,5.0
2026-08-22,wk inc covid hosp,0,2026-08-22,27,quantile,0.05,7.0
2026-08-22,wk inc covid hosp,0,2026-08-22,27,quantile,0.1,7.0
2026-08-22,wk inc covid hosp,0,2026-08-22,27,quantile,0.15,8.0
2026-08-22,wk inc covid hosp,0,2026-08-22,27,quantile,0.2,8.0
2026-08-22,wk inc covid hosp,0,2026-08-22,27,quantile,0.25,8.0
2026-08-22,wk inc covid hosp,0,2026-08-22,27,quantile,0.3,8.0
2026-08-22,wk inc covid hosp,0,2026-08-22,27,quantile,0.35,9.0
2026-08-22,wk inc covid hosp,0,2026-08-22,27,quantile,0.4,9.0
2026-08-22,wk inc covid hosp,0,2026-08-22,27,quantile,0.45,10.0
2026-08-22,wk inc covid hosp,0,2026-08-22,27,quantile,0.5,10.0
2026-08-22,wk inc covid hosp,0,2026-08-22,27,quantile,0.55,11.0
2026-08-22,wk inc covid hosp,0,2026-08-22,27,quantile,0.6,11.0
2026-08-22,wk inc covid hosp,0,2026-08-22,27,quantile,0.65,13.0
2026-08-22,wk inc covid hosp,0,2026-08-22,27,quantile,0.7,14.0
2026-08-22,wk inc covid hosp,0,2026-08-22,27,quantile,0.75,14.0
2026-08-22,wk inc covid hosp,0,2026-08-22,27,quantile,0.8,15.0
2026-08-22,wk inc covid hosp,0,2026-08-22,27,quantile,0.85,17.0
2026-08-22,wk inc covid hosp,0,2026-08-22,27,quantile,0.9,20.0
2026-08-22,wk inc covid hosp,0,2026-08-22,27,quantile,0.95,28.0
2026-08-22,wk inc covid hosp,0,2026-08-22,27,quantile,0.975,63.0
2026-08-22,wk inc covid hosp,0,2026-08-22,27,quantile,0.99,138.0
2026-08-22,wk inc covid hosp,0,2026-08-22,28,quantile,0.01,13.0
2026-08-22,wk inc covid hosp,0,2026-08-22,28,quantile,0.025,16.0
2026-08-22,wk inc covid hosp,0,2026-08-22,28,quantile,0.05,20.0
2026-08-22,wk inc covid hosp,0,2026-08-22,28,quantile,0.1,22.0
2026-08-22,wk inc covid hosp,0,2026-08-22,28,quantile,0.15,26.0
2026-08-22,wk inc covid hosp,0,2026-08-22,28,quantile,0.2,29.0
2026-08-22,wk inc covid hosp,0,2026-08-22,28,quantile,0.25,33.0
2026-08-22,wk inc covid hosp,0,2026-08-22,28,quantile,0.3,37.0
2026-08-22,wk inc covid hosp,0,2026-08-22,28,quantile,0.35,40.0
2026-08-22,wk inc covid hosp,0,2026-08-22,28,quantile,0.4,43.0
2026-08-22,wk inc covid hosp,0,2026-08-22,28,quantile,0.45,45.0
2026-08-22,wk inc covid hosp,0,2026-08-22,28,quantile,0.5,45.0
2026-08-22,wk inc covid hosp,0,2026-08-22,28,quantile,0.55,46.0
2026-08-22,wk inc covid hosp,0,2026-08-22,28,quantile,0.6,46.0
2026-08-22,wk inc covid hosp,0,2026-08-22,28,quantile,0.65,49.0
2026-08-22,wk inc covid hosp,0,2026-08-22,28,quantile,0.7,49.0
2026-08-22,wk inc covid hosp,0,2026-08-22,28,quantile,0.75,49.0
2026-08-22,wk inc covid hosp,0,2026-08-22,28,quantile,0.8,50.0
2026-08-22,wk inc covid hosp,0,2026-08-22,28,quantile,0.85,52.0
2026-08-22,wk inc covid hosp,0,2026-08-22,28,quantile,0.9,60.0
2026-08-22,wk inc covid hosp,0,2026-08-22,28,quantile,0.95,60.0
2026-08-22,wk inc covid hosp,0,2026-08-22,28,quantile,0.975,60.0
2026-08-22,wk inc covid hosp,0,2026-08-22,28,quantile,0.99,69.0
2026-08-22,wk inc covid hosp,0,2026-08-22,29,quantile,0.01,9.0
2026-08-22,wk inc covid hosp,0,2026-08-22,29,quantile,0.025,13.0
2026-08-22,wk inc covid hosp,0,2026-08-22,29,quantile,0.05,14.0
2026-08-22,wk inc covid hosp,0,2026-08-22,29,quantile,0.1,14.0
2026-08-22,wk inc covid hosp,0,2026-08-22,29,quantile,0.15,16.0
2026-08-22,wk inc covid hosp,0,2026-08-22,29,quantile,0.2,17.0
2026-08-22,wk inc covid hosp,0,2026-08-22,29,quantile,0.25,18.0
2026-08-22,wk inc covid hosp,0,2026-08-22,29,quantile,0.3,18.0
2026-08-22,wk inc covid hosp,0,2026-08-22,29,quantile,0.35,18.0
2026-08-22,wk inc covid hosp,0,2026-08-22,29,quantile,0.4,18.0
2026-08-22,wk inc covid hosp,0,2026-08-22,29,quantile,0.45,20.0
2026-08-22,wk inc covid hosp,0,2026-08-22,29,quantile,0.5,24.0
2026-08-22,wk inc covid hosp,0,2026-08-22,29,quantile,0.55,25.0
2026-08-22,wk inc covid hosp,0,2026-08-22,29,quantile,0.6,27.0
2026-08-22,wk inc covid hosp,0,2026-08-22,29,quantile,0.65,29.0
2026-08-22,wk inc covid hosp,0,2026-08-22,29,quantile,0.7,29.0
2026-08-22,wk inc covid hosp,0,2026-08-22,29,quantile,0.75,29.0
2026-08-22,wk inc covid hosp,0,2026-08-22,29,quantile,0.8,29.0
2026-08-22,wk inc covid hosp,0,2026-08-22,29,quantile,0.85,32.0
2026-08-22,wk inc covid hosp,0,2026-08-22,29,quantile,0.9,33.0
2026-08-22,wk inc covid hosp,0,2026-08-22,29,quantile,0.95,40.0
2026-08-22,wk inc covid hosp,0,2026-08-22,29,quantile,0.975,71.0
2026-08-22,wk inc covid hosp,0,2026-08-22,29,quantile,0.99,161.0
2026-08-22,wk inc covid hosp,0,2026-08-22,30,quantile,0.01,0.0
2026-08-22,wk inc covid hosp,0,2026-08-22,30,quantile,0.025,0.0
2026-08-22,wk inc covid hosp,0,2026-08-22,30,quantile,0.05,0.0
2026-08-22,wk inc covid hosp,0,2026-08-22,30,quantile,0.1,0.0
2026-08-22,wk inc covid hosp,0,2026-08-22,30,quantile,0.15,0.0
2026-08-22,wk inc covid hosp,0,2026-08-22,30,quantile,0.2,0.0
2026-08-22,wk inc covid hosp,0,2026-08-22,30,quantile,0.25,1.0
2026-08-22,wk inc covid hosp,0,2026-08-22,30,quantile,0.3,1.0
2026-08-22,wk inc covid hosp,0,2026-08-22,30,quantile,0.35,2.0
2026-08-22,wk inc covid hosp,0,2026-08-22,30,quantile,0.4,2.0
2026-08-22,wk inc covid hosp,0,2026-08-22,30,quantile,0.45,2.0
2026-08-22,wk inc covid hosp,0,2026-08-22,30,quantile,0.5,2.0
2026-08-22,wk inc covid hosp,0,2026-08-22,30,quantile,0.55,2.0
2026-08-22,wk inc covid hosp,0,2026-08-22,30,quantile,0.6,3.0
2026-08-22,wk inc covid hosp,0,2026-08-22,30,quantile,0.65,3.0
2026-08-22,wk inc covid hosp,0,2026-08-22,30,quantile,0.7,3.0
2026-08-22,wk inc covid hosp,0,2026-08-22,30,quantile,0.75,4.0
2026-08-22,wk inc covid hosp,0,2026-08-22,30,quantile,0.8,4.0
2026-08-22,wk inc covid hosp,0,2026-08-22,30,quantile,0.85,4.0
2026-08-22,wk inc covid hosp,0,2026-08-22,30,quantile,0.9,5.0
2026-08-22,wk inc covid hosp,0,2026-08-22,30,quantile,0.95,7.0
2026-08-22,wk inc covid hosp,0,2026-08-22,30,quantile,0.975,11.0
2026-08-22,wk inc covid hosp,0,2026-08-22,30,quantile,0.99,25.0
2026-08-22,wk inc covid hosp,0,2026-08-22,31,quantile,0.01,0.0
2026-08-22,wk inc covid hosp,0,2026-08-22,31,quantile,0.025,0.0
2026-08-22,wk inc covid hosp,0,2026-08-22,31,quantile,0.05,0.0
2026-08-22,wk inc covid hosp,0,2026-08-22,31,quantile,0.1,0.0
2026-08-22,wk inc covid hosp,0,2026-08-22,31,quantile,0.15,0.0
2026-08-22,wk inc covid hosp,0,2026-08-22,31,quantile,0.2,0.0
2026-08-22,wk inc covid hosp,0,2026-08-22,31,quantile,0.25,1.0
2026-08-22,wk inc covid hosp,0,2026-08-22,31,quantile,0.3,1.0
2026-08-22,wk inc covid hosp,0,2026-08-22,31,quantile,0.35,2.0
2026-08-22,wk inc covid hosp,0,2026-08-22,31,quantile,0.4,2.0
2026-08-22,wk inc covid hosp,0,2026-08-22,31,quantile,0.45,2.0
2026-08-22,wk inc covid hosp,0,2026-08-22,31,quantile,0.5,3.0
2026-08-22,wk inc covid hosp,0,2026-08-22,31,quantile,0.55,3.0
2026-08-22,wk inc covid hosp,0,2026-08-22,31,quantile,0.6,3.0
2026-08-22,wk inc covid hosp,0,2026-08-22,31,quantile,0.65,3.0
2026-08-22,wk inc covid hosp,0,2026-08-22,31,quantile,0.7,3.0
2026-08-22,wk inc covid hosp,0,2026-08-22,31,quantile,0.75,4.0
2026-08-22,wk inc covid hosp,0,2026-08-22,31,quantile,0.8,4.0
2026-08-22,wk inc covid hosp,0,2026-08-22,31,quantile,0.85,4.0
2026-08-22,wk inc covid hosp,0,2026-08-22,31,quantile,0.9,6.0
2026-08-22,wk inc covid hosp,0,2026-08-22,31,quantile,0.95,9.0
2026-08-22,wk inc covid hosp,0,2026-08-22,31,quantile,0.975,19.0
2026-08-22,wk inc covid hosp,0,2026-08-22,31,quantile,0.99,46.0
2026-08-22,wk inc covid hosp,0,2026-08-22,32,quantile,0.01,6.0
2026-08-22,wk inc covid hosp,0,2026-08-22,32,quantile,0.025,9.0
2026-08-22,wk inc covid hosp,0,2026-08-22,32,quantile,0.05,10.0
2026-08-22,wk inc covid hosp,0,2026-08-22,32,quantile,0.1,12.0
2026-08-22,wk inc covid hosp,0,2026-08-22,32,quantile,0.15,15.0
2026-08-22,wk inc covid hosp,0,2026-08-22,32,quantile,0.2,16.0
2026-08-22,wk inc covid hosp,0,2026-08-22,32,quantile,0.25,16.0
2026-08-22,wk inc covid hosp,0,2026-08-22,32,quantile,0.3,16.0
2026-08-22,wk inc covid hosp,0,2026-08-22,32,quantile,0.35,16.0
2026-08-22,wk inc covid hosp,0,2026-08-22,32,quantile,0.4,17.0
2026-08-22,wk inc covid hosp,0,2026-08-22,32,quantile,0.45,19.0
2026-08-22,wk inc covid hosp,0,2026-08-22,32,quantile,0.5,19.0
2026-08-22,wk inc covid hosp,0,2026-08-22,32,quantile,0.55,20.0
2026-08-22,wk inc covid hosp,0,2026-08-22,32,quantile,0.6,21.0
2026-08-22,wk inc covid hosp,0,2026-08-22,32,quantile,0.65,21.0
2026-08-22,wk inc covid hosp,0,2026-08-22,32,quantile,0.7,22.0
2026-08-22,wk inc covid hosp,0,2026-08-22,32,quantile,0.75,24.0
2026-08-22,wk inc covid hosp,0,2026-08-22,32,quantile,0.8,24.0
2026-08-22,wk inc covid hosp,0,2026-08-22,32,quantile,0.85,25.0
2026-08-22,wk inc covid hosp,0,2026-08-22,32,quantile,0.9,25.0
2026-08-22,wk inc covid hosp,0,2026-08-22,32,quantile,0.95,28.0
2026-08-22,wk inc covid hosp,0,2026-08-22,32,quantile,0.975,36.0
2026-08-22,wk inc covid hosp,0,2026-08-22,32,quantile,0.99,73.0
2026-08-22,wk inc covid hosp,0,2026-08-22,33,quantile,0.01,0.0
2026-08-22,wk inc covid hosp,0,2026-08-22,33,quantile,0.025,1.0
2026-08-22,wk inc covid hosp,0,2026-08-22,33,quantile,0.05,1.0
2026-08-22,wk inc covid hosp,0,2026-08-22,33,quantile,0.1,2.0
2026-08-22,wk inc covid hosp,0,2026-08-22,33,quantile,0.15,2.0
2026-08-22,wk inc covid hosp,0,2026-08-22,33,quantile,0.2,3.0
2026-08-22,wk inc covid hosp,0,2026-08-22,33,quantile,0.25,3.0
2026-08-22,wk inc covid hosp,0,2026-08-22,33,quantile,0.3,3.0
2026-08-22,wk inc covid hosp,0,2026-08-22,33,quantile,0.35,4.0
2026-08-22,wk inc covid hosp,0,2026-08-22,33,quantile,0.4,4.0
2026-08-22,wk inc covid hosp,0,2026-08-22,33,quantile,0.45,5.0
2026-08-22,wk inc covid hosp,0,2026-08-22,33,quantile,0.5,6.0
2026-08-22,wk inc covid hosp,0,2026-08-22,33,quantile,0.55,6.0
2026-08-22,wk inc covid hosp,0,2026-08-22,33,quantile,0.6,6.0
2026-08-22,wk inc covid hosp,0,2026-08-22,33,quantile,0.65,7.0
2026-08-22,wk inc covid hosp,0,2026-08-22,33,quantile,0.7,7.0
2026-08-22,wk inc covid hosp,0,2026-08-22,33,quantile,0.75,7.0
2026-08-22,wk inc covid hosp,0,2026-08-22,33,quantile,0.8,7.0
2026-08-22,wk inc covid hosp,0,2026-08-22,33,quantile,0.85,8.0
2026-08-22,wk inc covid hosp,0,2026-08-22,33,quantile,0.9,8.0
2026-08-22,wk inc covid hosp,0,2026-08-22,33,quantile,0.95,9.0
2026-08-22,wk inc covid hosp,0,2026-08-22,33,quantile,0.975,13.0
2026-08-22,wk inc covid hosp,0,2026-08-22,33,quantile,0.99,32.0
2026-08-22,wk inc covid hosp,0,2026-08-22,34,quantile,0.01,18.0
2026-08-22,wk inc covid hosp,0,2026-08-22,34,quantile,0.025,30.0
2026-08-22,wk inc covid hosp,0,2026-08-22,34,quantile,0.05,30.0
2026-08-22,wk inc covid hosp,0,2026-08-22,34,quantile,0.1,40.0
2026-08-22,wk inc covid hosp,0,2026-08-22,34,quantile,0.15,47.0
2026-08-22,wk inc covid hosp,0,2026-08-22,34,quantile,0.2,47.0
2026-08-22,wk inc covid hosp,0,2026-08-22,34,quantile,0.25,48.0
2026-08-22,wk inc covid hosp,0,2026-08-22,34,quantile,0.3,48.0
2026-08-22,wk inc covid hosp,0,2026-08-22,34,quantile,0.35,48.0
2026-08-22,wk inc covid hosp,0,2026-08-22,34,quantile,0.4,52.0
2026-08-22,wk inc covid hosp,0,2026-08-22,34,quantile,0.45,53.0
2026-08-22,wk inc covid hosp,0,2026-08-22,34,quantile,0.5,53.0
2026-08-22,wk inc covid hosp,0,2026-08-22,34,quantile,0.55,55.0
2026-08-22,wk inc covid hosp,0,2026-08-22,34,quantile,0.6,55.0
2026-08-22,wk inc covid hosp,0,2026-08-22,34,quantile,0.65,57.0
2026-08-22,wk inc covid hosp,0,2026-08-22,34,quantile,0.7,59.0
2026-08-22,wk inc covid hosp,0,2026-08-22,34,quantile,0.75,59.0
2026-08-22,wk inc covid hosp,0,2026-08-22,34,quantile,0.8,59.0
2026-08-22,wk inc covid hosp,0,2026-08-22,34,quantile,0.85,65.0
2026-08-22,wk inc covid hosp,0,2026-08-22,34,quantile,0.9,69.0
2026-08-22,wk inc covid hosp,0,2026-08-22,34,quantile,0.95,78.0
2026-08-22,wk inc covid hosp,0,2026-08-22,34,quantile,0.975,104.0
2026-08-22,wk inc covid hosp,0,2026-08-22,34,quantile,0.99,217.0
2026-08-22,wk inc covid hosp,0,2026-08-22,35,quantile,0.01,1.0
2026-08-22,wk inc covid hosp,0,2026-08-22,35,quantile,0.025,1.0
2026-08-22,wk inc covid hosp,0,2026-08-22,35,quantile,0.05,2.0
2026-08-22,wk inc covid hosp,0,2026-08-22,35,quantile,0.1,4.0
2026-08-22,wk inc covid hosp,0,2026-08-22,35,quantile,0.15,4.0
2026-08-22,wk inc covid hosp,0,2026-08-22,35,quantile,0.2,5.0
2026-08-22,wk inc covid hosp,0,2026-08-22,35,quantile,0.25,6.0
2026-08-22,wk inc covid hosp,0,2026-08-22,35,quantile,0.3,6.0
2026-08-22,wk inc covid hosp,0,2026-08-22,35,quantile,0.35,6.0
2026-08-22,wk inc covid hosp,0,2026-08-22,35,quantile,0.4,6.0
2026-08-22,wk inc covid hosp,0,2026-08-22,35,quantile,0.45,6.0
2026-08-22,wk inc covid hosp,0,2026-08-22,35,quantile,0.5,7.0
2026-08-22,wk inc covid hosp,0,2026-08-22,35,quantile,0.55,7.0
2026-08-22,wk inc covid hosp,0,2026-08-22,35,quantile,0.6,8.0
2026-08-22,wk inc covid hosp,0,2026-08-22,35,quantile,0.65,8.0
2026-08-22,wk inc covid hosp,0,2026-08-22,35,quantile,0.7,8.0
2026-08-22,wk inc covid hosp,0,2026-08-22,35,quantile,0.75,9.0
2026-08-22,wk inc covid hosp,0,2026-08-22,35,quantile,0.8,9.0
2026-08-22,wk inc covid hosp,0,2026-08-22,35,quantile,0.85,10.0
2026-08-22,wk inc covid hosp,0,2026-08-22,35,quantile,0.9,10.0
2026-08-22,wk inc covid hosp,0,2026-08-22,35,quantile,0.95,13.0
2026-08-22,wk inc covid hosp,0,2026-08-22,35,quantile,0.975,22.0
2026-08-22,wk inc covid hosp,0,2026-08-22,35,quantile,0.99,53.0
2026-08-22,wk inc covid hosp,0,2026-08-22,36,quantile,0.01,93.0
2026-08-22,wk inc covid hosp,0,2026-08-22,36,quantile,0.025,93.0
2026-08-22,wk inc covid hosp,0,2026-08-22,36,quantile,0.05,93.0
2026-08-22,wk inc covid hosp,0,2026-08-22,36,quantile,0.1,110.0
2026-08-22,wk inc covid hosp,0,2026-08-22,36,quantile,0.15,125.0
2026-08-22,wk inc covid hosp,0,2026-08-22,36,quantile,0.2,128.0
2026-08-22,wk inc covid hosp,0,2026-08-22,36,quantile,0.25,128.0
2026-08-22,wk inc covid hosp,0,2026-08-22,36,quantile,0.3,128.0
2026-08-22,wk inc covid hosp,0,2026-08-22,36,quantile,0.35,129.0
2026-08-22,wk inc covid hosp,0,2026-08-22,36,quantile,0.4,129.0
2026-08-22,wk inc covid hosp,0,2026-08-22,36,quantile,0.45,129.0
2026-08-22,wk inc covid hosp,0,2026-08-22,36,quantile,0.5,134.0
2026-08-22,wk inc covid hosp,0,2026-08-22,36,quantile,0.55,134.0
2026-08-22,wk inc covid hosp,0,2026-08-22,36,quantile,0.6,137.0
2026-08-22,wk inc covid hosp,0,2026-08-22,36,quantile,0.65,139.0
2026-08-22,wk inc covid hosp,0,2026-08-22,36,quantile,0.7,143.0
2026-08-22,wk inc covid hosp,0,2026-08-22,36,quantile,0.75,152.0
2026-08-22,wk inc covid hosp,0,2026-08-22,36,quantile,0.8,152.0
2026-08-22,wk inc covid hosp,0,2026-08-22,36,quantile,0.85,157.0
2026-08-22,wk inc covid hosp,0,2026-08-22,36,quantile,0.9,157.0
2026-08-22,wk inc covid hosp,0,2026-08-22,36,quantile,0.95,173.0
2026-08-22,wk inc covid hosp,0,2026-08-22,36,quantile,0.975,235.0
2026-08-22,wk inc covid hosp,0,2026-08-22,36,quantile,0.99,476.0
2026-08-22,wk inc covid hosp,0,2026-08-22,37,quantile,0.01,45.0
2026-08-22,wk inc covid hosp,0,2026-08-22,37,quantile,0.025,56.0
2026-08-22,wk inc covid hosp,0,2026-08-22,37,quantile,0.05,74.0
2026-08-22,wk inc covid hosp,0,2026-08-22,37,quantile,0.1,80.0
2026-08-22,wk inc covid hosp,0,2026-08-22,37,quantile,0.15,93.0
2026-08-22,wk inc covid hosp,0,2026-08-22,37,quantile,0.2,99.0
2026-08-22,wk inc covid hosp,0,2026-08-22,37,quantile,0.25,107.0
2026-08-22,wk inc covid hosp,0,2026-08-22,37,quantile,0.3,107.0
2026-08-22,wk inc covid hosp,0,2026-08-22,37,quantile,0.35,107.0
2026-08-22,wk inc covid hosp,0,2026-08-22,37,quantile,0.4,111.0
2026-08-22,wk inc covid hosp,0,2026-08-22,37,quantile,0.45,115.0
2026-08-22,wk inc covid hosp,0,2026-08-22,37,quantile,0.5,121.0
2026-08-22,wk inc covid hosp,0,2026-08-22,37,quantile,0.55,121.0
2026-08-22,wk inc covid hosp,0,2026-08-22,37,quantile,0.6,121.0
2026-08-22,wk inc covid hosp,0,2026-08-22,37,quantile,0.65,121.0
2026-08-22,wk inc covid hosp,0,2026-08-22,37,quantile,0.7,124.0
2026-08-22,wk inc covid hosp,0,2026-08-22,37,quantile,0.75,124.0
2026-08-22,wk inc covid hosp,0,2026-08-22,37,quantile,0.8,128.0
2026-08-22,wk inc covid hosp,0,2026-08-22,37,quantile,0.85,132.0
2026-08-22,wk inc covid hosp,0,2026-08-22,37,quantile,0.9,136.0
2026-08-22,wk inc covid hosp,0,2026-08-22,37,quantile,0.95,136.0
2026-08-22,wk inc covid hosp,0,2026-08-22,37,quantile,0.975,146.0
2026-08-22,wk inc covid hosp,0,2026-08-22,37,quantile,0.99,253.0
2026-08-22,wk inc covid hosp,0,2026-08-22,38,quantile,0.01,0.0
2026-08-22,wk inc covid hosp,0,2026-08-22,38,quantile,0.025,0.0
2026-08-22,wk inc covid hosp,0,2026-08-22,38,quantile,0.05,0.0
2026-08-22,wk inc covid hosp,0,2026-08-22,38,quantile,0.1,0.0
2026-08-22,wk inc covid hosp,0,2026-08-22,38,quantile,0.15,0.0
2026-08-22,wk inc covid hosp,0,2026-08-22,38,quantile,0.2,0.0
2026-08-22,wk inc covid hosp,0,2026-08-22,38,quantile,0.25,0.0
2026-08-22,wk inc covid hosp,0,2026-08-22,38,quantile,0.3,0.0
2026-08-22,wk inc covid hosp,0,2026-08-22,38,quantile,0.35,1.0
2026-08-22,wk inc covid hosp,0,2026-08-22,38,quantile,0.4,1.0
2026-08-22,wk inc covid hosp,0,2026-08-22,38,quantile,0.45,1.0
2026-08-22,wk inc covid hosp,0,2026-08-22,38,quantile,0.5,1.0
2026-08-22,wk inc covid hosp,0,2026-08-22,38,quantile,0.55,1.0
2026-08-22,wk inc covid hosp,0,2026-08-22,38,quantile,0.6,1.0
2026-08-22,wk inc covid hosp,0,2026-08-22,38,quantile,0.65,1.0
2026-08-22,wk inc covid hosp,0,2026-08-22,38,quantile,0.7,2.0
2026-08-22,wk inc covid hosp,0,2026-08-22,38,quantile,0.75,2.0
2026-08-22,wk inc covid hosp,0,2026-08-22,38,quantile,0.8,3.0
2026-08-22,wk inc covid hosp,0,2026-08-22,38,quantile,0.85,3.0
2026-08-22,wk inc covid hosp,0,2026-08-22,38,quantile,0.9,3.0
2026-08-22,wk inc covid hosp,0,2026-08-22,38,quantile,0.95,4.0
2026-08-22,wk inc covid hosp,0,2026-08-22,38,quantile,0.975,7.0
2026-08-22,wk inc covid hosp,0,2026-08-22,38,quantile,0.99,18.0
2026-08-22,wk inc covid hosp,0,2026-08-22,39,quantile,0.01,12.0
2026-08-22,wk inc covid hosp,0,2026-08-22,39,quantile,0.025,27.0
2026-08-22,wk inc covid hosp,0,2026-08-22,39,quantile,0.05,27.0
2026-08-22,wk inc covid hosp,0,2026-08-22,39,quantile,0.1,33.0
2026-08-22,wk inc covid hosp,0,2026-08-22,39,quantile,0.15,33.0
2026-08-22,wk inc covid hosp,0,2026-08-22,39,quantile,0.2,33.0
2026-08-22,wk inc covid hosp,0,2026-08-22,39,quantile,0.25,33.0
2026-08-22,wk inc covid hosp,0,2026-08-22,39,quantile,0.3,37.0
2026-08-22,wk inc covid hosp,0,2026-08-22,39,quantile,0.35,37.0
2026-08-22,wk inc covid hosp,0,2026-08-22,39,quantile,0.4,37.0
2026-08-22,wk inc covid hosp,0,2026-08-22,39,quantile,0.45,38.0
2026-08-22,wk inc covid hosp,0,2026-08-22,39,quantile,0.5,40.0
2026-08-22,wk inc covid hosp,0,2026-08-22,39,quantile,0.55,43.0
2026-08-22,wk inc covid hosp,0,2026-08-22,39,quantile,0.6,48.0
2026-08-22,wk inc covid hosp,0,2026-08-22,39,quantile,0.65,48.0
2026-08-22,wk inc covid hosp,0,2026-08-22,39,quantile,0.7,48.0
2026-08-22,wk inc covid hosp,0,2026-08-22,39,quantile,0.75,48.0
2026-08-22,wk inc covid hosp,0,2026-08-22,39,quantile,0.8,50.0
2026-08-22,wk inc covid hosp,0,2026-08-22,39,quantile,0.85,55.0
2026-08-22,wk inc covid hosp,0,2026-08-22,39,quantile,0.9,55.0
2026-08-22,wk inc covid hosp,0,2026-08-22,39,quantile,0.95,69.0
2026-08-22,wk inc covid hosp,0,2026-08-22,39,quantile,0.975,131.0
2026-08-22,wk inc covid hosp,0,2026-08-22,39,quantile,0.99,284.0
2026-08-22,wk inc covid hosp,0,2026-08-22,40,quantile,0.01,1.0
2026-08-22,wk inc covid hosp,0,2026-08-22,40,quantile,0.025,3.0
2026-08-22,wk inc covid hosp,0,2026-08-22,40,quantile,0.05,6.0
2026-08-22,wk inc covid hosp,0,2026-08-22,40,quantile,0.1,6.0
2026-08-22,wk inc covid hosp,0,2026-08-22,40,quantile,0.15,6.0
2026-08-22,wk inc covid hosp,0,2026-08-22,40,quantile,0.2,8.0
2026-08-22,wk inc covid hosp,0,2026-08-22,40,quantile,0.25,8.0
2026-08-22,wk inc covid hosp,0,2026-08-22,40,quantile,0.3,9.0
2026-08-22,wk inc covid hosp,0,2026-08-22,40,quantile,0.35,9.0
2026-08-22,wk inc covid hosp,0,2026-08-22,40,quantile,0.4,10.0
2026-08-22,wk inc covid hosp,0,2026-08-22,40,quantile,0.45,11.0
2026-08-22,wk inc covid hosp,0,2026-08-22,40,quantile,0.5,11.0
2026-08-22,wk inc covid hosp,0,2026-08-22,40,quantile,0.55,11.0
2026-08-22,wk inc covid hosp,0,2026-08-22,40,quantile,0.6,12.0
2026-08-22,wk inc covid hosp,0,2026-08-22,40,quantile,0.65,12.0
2026-08-22,wk inc covid hosp,0,2026-08-22,40,quantile,0.7,12.0
2026-08-22,wk inc covid hosp,0,2026-08-22,40,quantile,0.75,12.0
2026-08-22,wk inc covid hosp,0,2026-08-22,40,quantile,0.8,13.0
2026-08-22,wk inc covid hosp,0,2026-08-22,40,quantile,0.85,15.0
2026-08-22,wk inc covid hosp,0,2026-08-22,40,quantile,0.9,15.0
2026-08-22,wk inc covid hosp,0,2026-08-22,40,quantile,0.95,23.0
2026-08-22,wk inc covid hosp,0,2026-08-22,40,quantile,0.975,41.0
2026-08-22,wk inc covid hosp,0,2026-08-22,40,quantile,0.99,94.0
2026-08-22,wk inc covid hosp,0,2026-08-22,41,quantile,0.01,2.0
2026-08-22,wk inc covid hosp,0,2026-08-22,41,quantile,0.025,3.0
2026-08-22,wk inc covid hosp,0,2026-08-22,41,quantile,0.05,6.0
2026-08-22,wk inc covid hosp,0,2026-08-22,41,quantile,0.1,7.0
2026-08-22,wk inc covid hosp,0,2026-08-22,41,quantile,0.15,8.0
2026-08-22,wk inc covid hosp,0,2026-08-22,41,quantile,0.2,8.0
2026-08-22,wk inc covid hosp,0,2026-08-22,41,quantile,0.25,9.0
2026-08-22,wk inc covid hosp,0,2026-08-22,41,quantile,0.3,9.0
2026-08-22,wk inc covid hosp,0,2026-08-22,41,quantile,0.35,10.0
2026-08-22,wk inc covid hosp,0,2026-08-22,41,quantile,0.4,10.0
2026-08-22,wk inc covid hosp,0,2026-08-22,41,quantile,0.45,10.0
2026-08-22,wk inc covid hosp,0,2026-08-22,41,quantile,0.5,10.0
2026-08-22,wk inc covid hosp,0,2026-08-22,41,quantile,0.55,11.0
2026-08-22,wk inc covid hosp,0,2026-08-22,41,quantile,0.6,12.0
2026-08-22,wk inc covid hosp,0,2026-08-22,41,quantile,0.65,13.0
2026-08-22,wk inc covid hosp,0,2026-08-22,41,quantile,0.7,13.0
2026-08-22,wk inc covid hosp,0,2026-08-22,41,quantile,0.75,14.0
2026-08-22,wk inc covid hosp,0,2026-08-22,41,quantile,0.8,14.0
2026-08-22,wk inc covid hosp,0,2026-08-22,41,quantile,0.85,17.0
2026-08-22,wk inc covid hosp,0,2026-08-22,41,quantile,0.9,18.0
2026-08-22,wk inc covid hosp,0,2026-08-22,41,quantile,0.95,27.0
2026-08-22,wk inc covid hosp,0,2026-08-22,41,quantile,0.975,48.0
2026-08-22,wk inc covid hosp,0,2026-08-22,41,quantile,0.99,105.0
2026-08-22,wk inc covid hosp,0,2026-08-22,42,quantile,0.01,21.0
2026-08-22,wk inc covid hosp,0,2026-08-22,42,quantile,0.025,33.0
2026-08-22,wk inc covid hosp,0,2026-08-22,42,quantile,0.05,36.0
2026-08-22,wk inc covid hosp,0,2026-08-22,42,quantile,0.1,47.0
2026-08-22,wk inc covid hosp,0,2026-08-22,42,quantile,0.15,49.0
2026-08-22,wk inc covid hosp,0,2026-08-22,42,quantile,0.2,51.0
2026-08-22,wk inc covid hosp,0,2026-08-22,42,quantile,0.25,52.0
2026-08-22,wk inc covid hosp,0,2026-08-22,42,quantile,0.3,55.0
2026-08-22,wk inc covid hosp,0,2026-08-22,42,quantile,0.35,55.0
2026-08-22,wk inc covid hosp,0,2026-08-22,42,quantile,0.4,55.0
2026-08-22,wk inc covid hosp,0,2026-08-22,42,quantile,0.45,57.0
2026-08-22,wk inc covid hosp,0,2026-08-22,42,quantile,0.5,60.0
2026-08-22,wk inc covid hosp,0,2026-08-22,42,quantile,0.55,60.0
2026-08-22,wk inc covid hosp,0,2026-08-22,42,quantile,0.6,64.0
2026-08-22,wk inc covid hosp,0,2026-08-22,42,quantile,0.65,65.0
2026-08-22,wk inc covid hosp,0,2026-08-22,42,quantile,0.7,65.0
2026-08-22,wk inc covid hosp,0,2026-08-22,42,quantile,0.75,70.0
2026-08-22,wk inc covid hosp,0,2026-08-22,42,quantile,0.8,71.0
2026-08-22,wk inc covid hosp,0,2026-08-22,42,quantile,0.85,71.0
2026-08-22,wk inc covid hosp,0,2026-08-22,42,quantile,0.9,76.0
2026-08-22,wk inc covid hosp,0,2026-08-22,42,quantile,0.95,88.0
2026-08-22,wk inc covid hosp,0,2026-08-22,42,quantile,0.975,136.0
2026-08-22,wk inc covid hosp,0,2026-08-22,42,quantile,0.99,296.0
2026-08-22,wk inc covid hosp,0,2026-08-22,44,quantile,0.01,1.0
2026-08-22,wk inc covid hosp,0,2026-08-22,44,quantile,0.025,1.0
2026-08-22,wk inc covid hosp,0,2026-08-22,44,quantile,0.05,1.0
2026-08-22,wk inc covid hosp,0,2026-08-22,44,quantile,0.1,2.0
2026-08-22,wk inc covid hosp,0,2026-08-22,44,quantile,0.15,5.0
2026-08-22,wk inc covid hosp,0,2026-08-22,44,quantile,0.2,6.0
2026-08-22,wk inc covid hosp,0,2026-08-22,44,quantile,0.25,6.0
2026-08-22,wk inc covid hosp,0,2026-08-22,44,quantile,0.3,6.0
2026-08-22,wk inc covid hosp,0,2026-08-22,44,quantile,0.35,7.0
2026-08-22,wk inc covid hosp,0,2026-08-22,44,quantile,0.4,7.0
2026-08-22,wk inc covid hosp,0,2026-08-22,44,quantile,0.45,7.0
2026-08-22,wk inc covid hosp,0,2026-08-22,44,quantile,0.5,8.0
2026-08-22,wk inc covid hosp,0,2026-08-22,44,quantile,0.55,8.0
2026-08-22,wk inc covid hosp,0,2026-08-22,44,quantile,0.6,8.0
2026-08-22,wk inc covid hosp,0,2026-08-22,44,quantile,0.65,9.0
2026-08-22,wk inc covid hosp,0,2026-08-22,44,quantile,0.7,9.0
2026-08-22,wk inc covid hosp,0,2026-08-22,44,quantile,0.75,9.0
2026-08-22,wk inc covid hosp,0,2026-08-22,44,quantile,0.8,10.0
2026-08-22,wk inc covid hosp,0,2026-08-22,44,quantile,0.85,10.0
2026-08-22,wk inc covid hosp,0,2026-08-22,44,quantile,0.9,11.0
2026-08-22,wk inc covid hosp,0,2026-08-22,44,quantile,0.95,13.0
2026-08-22,wk inc covid hosp,0,2026-08-22,44,quantile,0.975,15.0
2026-08-22,wk inc covid hosp,0,2026-08-22,44,quantile,0.99,24.0
2026-08-22,wk inc covid hosp,0,2026-08-22,45,quantile,0.01,10.0
2026-08-22,wk inc covid hosp,0,2026-08-22,45,quantile,0.025,14.0
2026-08-22,wk inc covid hosp,0,2026-08-22,45,quantile,0.05,17.0
2026-08-22,wk inc covid hosp,0,2026-08-22,45,quantile,0.1,21.0
2026-08-22,wk inc covid hosp,0,2026-08-22,45,quantile,0.15,21.0
2026-08-22,wk inc covid hosp,0,2026-08-22,45,quantile,0.2,22.0
2026-08-22,wk inc covid hosp,0,2026-08-22,45,quantile,0.25,22.0
2026-08-22,wk inc covid hosp,0,2026-08-22,45,quantile,0.3,24.0
2026-08-22,wk inc covid hosp,0,2026-08-22,45,quantile,0.35,25.0
2026-08-22,wk inc covid hosp,0,2026-08-22,45,quantile,0.4,25.0
2026-08-22,wk inc covid hosp,0,2026-08-22,45,quantile,0.45,26.0
2026-08-22,wk inc covid hosp,0,2026-08-22,45,quantile,0.5,26.0
2026-08-22,wk inc covid hosp,0,2026-08-22,45,quantile,0.55,27.0
2026-08-22,wk inc covid hosp,0,2026-08-22,45,quantile,0.6,28.0
2026-08-22,wk inc covid hosp,0,2026-08-22,45,quantile,0.65,28.0
2026-08-22,wk inc covid hosp,0,2026-08-22,45,quantile,0.7,28.0
2026-08-22,wk inc covid hosp,0,2026-08-22,45,quantile,0.75,28.0
2026-08-22,wk inc covid hosp,0,2026-08-22,45,quantile,0.8,28.0
2026-08-22,wk inc covid hosp,0,2026-08-22,45,quantile,0.85,30.0
2026-08-22,wk inc covid hosp,0,2026-08-22,45,quantile,0.9,34.0
2026-08-22,wk inc covid hosp,0,2026-08-22,45,quantile,0.95,36.0
2026-08-22,wk inc covid hosp,0,2026-08-22,45,quantile,0.975,54.0
2026-08-22,wk inc covid hosp,0,2026-08-22,45,quantile,0.99,119.0
2026-08-22,wk inc covid hosp,0,2026-08-22,46,quantile,0.01,0.0
2026-08-22,wk inc covid hosp,0,2026-08-22,46,quantile,0.025,0.0
2026-08-22,wk inc covid hosp,0,2026-08-22,46,quantile,0.05,0.0
2026-08-22,wk inc covid hosp,0,2026-08-22,46,quantile,0.1,0.0
2026-08-22,wk inc covid hosp,0,2026-08-22,46,quantile,0.15,0.0
2026-08-22,wk inc covid hosp,0,2026-08-22,46,quantile,0.2,0.0
2026-08-22,wk inc covid hosp,0,2026-08-22,46,quantile,0.25,0.0
2026-08-22,wk inc covid hosp,0,2026-08-22,46,quantile,0.3,0.0
2026-08-22,wk inc covid hosp,0,2026-08-22,46,quantile,0.35,1.0
2026-08-22,wk inc covid hosp,0,2026-08-22,46,quantile,0.4,1.0
2026-08-22,wk inc covid hosp,0,2026-08-22,46,quantile,0.45,1.0
2026-08-22,wk inc covid hosp,0,2026-08-22,46,quantile,0.5,1.0
2026-08-22,wk inc covid hosp,0,2026-08-22,46,quantile,0.55,2.0
2026-08-22,wk inc covid hosp,0,2026-08-22,46,quantile,0.6,2.0
2026-08-22,wk inc covid hosp,0,2026-08-22,46,quantile,0.65,2.0
2026-08-22,wk inc covid hosp,0,2026-08-22,46,quantile,0.7,2.0
2026-08-22,wk inc covid hosp,0,2026-08-22,46,quantile,0.75,3.0
2026-08-22,wk inc covid hosp,0,2026-08-22,46,quantile,0.8,3.0
2026-08-22,wk inc covid hosp,0,2026-08-22,46,quantile,0.85,3.0
2026-08-22,wk inc covid hosp,0,2026-08-22,46,quantile,0.9,4.0
2026-08-22,wk inc covid hosp,0,2026-08-22,46,quantile,0.95,5.0
2026-08-22,wk inc covid hosp,0,2026-08-22,46,quantile,0.975,8.0
2026-08-22,wk inc covid hosp,0,2026-08-22,46,quantile,0.99,17.0
2026-08-22,wk inc covid hosp,0,2026-08-22,47,quantile,0.01,19.0
2026-08-22,wk inc covid hosp,0,2026-08-22,47,quantile,0.025,20.0
2026-08-22,wk inc covid hosp,0,2026-08-22,47,quantile,0.05,26.0
2026-08-22,wk inc covid hosp,0,2026-08-22,47,quantile,0.1,34.0
2026-08-22,wk inc covid hosp,0,2026-08-22,47,quantile,0.15,41.0
2026-08-22,wk inc covid hosp,0,2026-08-22,47,quantile,0.2,41.0
2026-08-22,wk inc covid hosp,0,2026-08-22,47,quantile,0.25,41.0
2026-08-22,wk inc covid hosp,0,2026-08-22,47,quantile,0.3,41.0
2026-08-22,wk inc covid hosp,0,2026-08-22,47,quantile,0.35,42.0
2026-08-22,wk inc covid hosp,0,2026-08-22,47,quantile,0.4,42.0
2026-08-22,wk inc covid hosp,0,2026-08-22,47,quantile,0.45,44.0
2026-08-22,wk inc covid hosp,0,2026-08-22,47,quantile,0.5,44.0
2026-08-22,wk inc covid hosp,0,2026-08-22,47,quantile,0.55,45.0
2026-08-22,wk inc covid hosp,0,2026-08-22,47,quantile,0.6,46.0
2026-08-22,wk inc covid hosp,0,2026-08-22,47,quantile,0.65,46.0
2026-08-22,wk inc covid hosp,0,2026-08-22,47,quantile,0.7,47.0
2026-08-22,wk inc covid hosp,0,2026-08-22,47,quantile,0.75,51.0
2026-08-22,wk inc covid hosp,0,2026-08-22,47,quantile,0.8,53.0
2026-08-22,wk inc covid hosp,0,2026-08-22,47,quantile,0.85,53.0
2026-08-22,wk inc covid hosp,0,2026-08-22,47,quantile,0.9,57.0
2026-08-22,wk inc covid hosp,0,2026-08-22,47,quantile,0.95,65.0
2026-08-22,wk inc covid hosp,0,2026-08-22,47,quantile,0.975,78.0
2026-08-22,wk inc covid hosp,0,2026-08-22,47,quantile,0.99,157.0
2026-08-22,wk inc covid hosp,0,2026-08-22,48,quantile,0.01,105.0
2026-08-22,wk inc covid hosp,0,2026-08-22,48,quantile,0.025,168.0
2026-08-22,wk inc covid hosp,0,2026-08-22,48,quantile,0.05,214.0
2026-08-22,wk inc covid hosp,0,2026-08-22,48,quantile,0.1,236.0
2026-08-22,wk inc covid hosp,0,2026-08-22,48,quantile,0.15,263.0
2026-08-22,wk inc covid hosp,0,2026-08-22,48,quantile,0.2,266.0
2026-08-22,wk inc covid hosp,0,2026-08-22,48,quantile,0.25,266.0
2026-08-22,wk inc covid hosp,0,2026-08-22,48,quantile,0.3,270.0
2026-08-22,wk inc covid hosp,0,2026-08-22,48,quantile,0.35,277.0
2026-08-22,wk inc covid hosp,0,2026-08-22,48,quantile,0.4,286.0
2026-08-22,wk inc covid hosp,0,2026-08-22,48,quantile,0.45,294.0
2026-08-22,wk inc covid hosp,0,2026-08-22,48,quantile,0.5,296.0
2026-08-22,wk inc covid hosp,0,2026-08-22,48,quantile,0.55,300.0
2026-08-22,wk inc covid hosp,0,2026-08-22,48,quantile,0.6,300.0
2026-08-22,wk inc covid hosp,0,2026-08-22,48,quantile,0.65,300.0
2026-08-22,wk inc covid hosp,0,2026-08-22,48,quantile,0.7,310.0
2026-08-22,wk inc covid hosp,0,2026-08-22,48,quantile,0.75,318.0
2026-08-22,wk inc covid hosp,0,2026-08-22,48,quantile,0.8,318.0
2026-08-22,wk inc covid hosp,0,2026-08-22,48,quantile,0.85,318.0
2026-08-22,wk inc covid hosp,0,2026-08-22,48,quantile,0.9,318.0
2026-08-22,wk inc covid hosp,0,2026-08-22,48,quantile,0.95,366.0
2026-08-22,wk inc covid hosp,0,2026-08-22,48,quantile,0.975,412.0
2026-08-22,wk inc covid hosp,0,2026-08-22,48,quantile,0.99,688.0
2026-08-22,wk inc covid hosp,0,2026-08-22,49,quantile,0.01,0.0
2026-08-22,wk inc covid hosp,0,2026-08-22,49,quantile,0.025,1.0
2026-08-22,wk inc covid hosp,0,2026-08-22,49,quantile,0.05,1.0
2026-08-22,wk inc covid hosp,0,2026-08-22,49,quantile,0.1,2.0
2026-08-22,wk inc covid hosp,0,2026-08-22,49,quantile,0.15,2.0
2026-08-22,wk inc covid hosp,0,2026-08-22,49,quantile,0.2,2.0
2026-08-22,wk inc covid hosp,0,2026-08-22,49,quantile,0.25,2.0
2026-08-22,wk inc covid hosp,0,2026-08-22,49,quantile,0.3,3.0
2026-08-22,wk inc covid hosp,0,2026-08-22,49,quantile,0.35,3.0
2026-08-22,wk inc covid hosp,0,2026-08-22,49,quantile,0.4,3.0
2026-08-22,wk inc covid hosp,0,2026-08-22,49,quantile,0.45,3.0
2026-08-22,wk inc covid hosp,0,2026-08-22,49,quantile,0.5,4.0
2026-08-22,wk inc covid hosp,0,2026-08-22,49,quantile,0.55,4.0
2026-08-22,wk inc covid hosp,0,2026-08-22,49,quantile,0.6,4.0
2026-08-22,wk inc covid hosp,0,2026-08-22,49,quantile,0.65,5.0
2026-08-22,wk inc covid hosp,0,2026-08-22,49,quantile,0.7,6.0
2026-08-22,wk inc covid hosp,0,2026-08-22,49,quantile,0.75,6.0
2026-08-22,wk inc covid hosp,0,2026-08-22,49,quantile,0.8,6.0
2026-08-22,wk inc covid hosp,0,2026-08-22,49,quantile,0.85,8.0
2026-08-22,wk inc covid hosp,0,2026-08-22,49,quantile,0.9,10.0
2026-08-22,wk inc covid hosp,0,2026-08-22,49,quantile,0.95,17.0
2026-08-22,wk inc covid hosp,0,2026-08-22,49,quantile,0.975,37.0
2026-08-22,wk inc covid hosp,0,2026-08-22,49,quantile,0.99,79.0
2026-08-22,wk inc covid hosp,0,2026-08-22,50,quantile,0.01,0.0
2026-08-22,wk inc covid hosp,0,2026-08-22,50,quantile,0.025,0.0
2026-08-22,wk inc covid hosp,0,2026-08-22,50,quantile,0.05,0.0
2026-08-22,wk inc covid hosp,0,2026-08-22,50,quantile,0.1,0.0
2026-08-22,wk inc covid hosp,0,2026-08-22,50,quantile,0.15,0.0
2026-08-22,wk inc covid hosp,0,2026-08-22,50,quantile,0.2,0.0
2026-08-22,wk inc covid hosp,0,2026-08-22,50,quantile,0.25,0.0
2026-08-22,wk inc covid hosp,0,2026-08-22,50,quantile,0.3,0.0
2026-08-22,wk inc covid hosp,0,2026-08-22,50,quantile,0.35,0.0
2026-08-22,wk inc covid hosp,0,2026-08-22,50,quantile,0.4,1.0
2026-08-22,wk inc covid hosp,0,2026-08-22,50,quantile,0.45,1.0
2026-08-22,wk inc covid hosp,0,2026-08-22,50,quantile,0.5,1.0
2026-08-22,wk inc covid hosp,0,2026-08-22,50,quantile,0.55,1.0
2026-08-22,wk inc covid hosp,0,2026-08-22,50,quantile,0.6,1.0
2026-08-22,wk inc covid hosp,0,2026-08-22,50,quantile,0.65,1.0
2026-08-22,wk inc covid hosp,0,2026-08-22,50,quantile,0.7,1.0
2026-08-22,wk inc covid hosp,0,2026-08-22,50,quantile,0.75,2.0
2026-08-22,wk inc covid hosp,0,2026-08-22,50,quantile,0.8,2.0
2026-08-22,wk inc covid hosp,0,2026-08-22,50,quantile,0.85,2.0
2026-08-22,wk inc covid hosp,0,2026-08-22,50,quantile,0.9,3.0
2026-08-22,wk inc covid hosp,0,2026-08-22,50,quantile,0.95,4.0
2026-08-22,wk inc covid hosp,0,2026-08-22,50,quantile,0.975,6.0
2026-08-22,wk inc covid hosp,0,2026-08-22,50,quantile,0.99,15.0
2026-08-22,wk inc covid hosp,0,2026-08-22,51,quantile,0.01,9.0
2026-08-22,wk inc covid hosp,0,2026-08-22,51,quantile,0.025,16.0
2026-08-22,wk inc covid hosp,0,2026-08-22,51,quantile,0.05,18.0
2026-08-22,wk inc covid hosp,0,2026-08-22,51,quantile,0.1,18.0
2026-08-22,wk inc covid hosp,0,2026-08-22,51,quantile,0.15,18.0
2026-08-22,wk inc covid hosp,0,2026-08-22,51,quantile,0.2,18.0
2026-08-22,wk inc covid hosp,0,2026-08-22,51,quantile,0.25,18.0
2026-08-22,wk inc covid hosp,0,2026-08-22,51,quantile,0.3,18.0
2026-08-22,wk inc covid hosp,0,2026-08-22,51,quantile,0.35,19.0
2026-08-22,wk inc covid hosp,0,2026-08-22,51,quantile,0.4,19.0
2026-08-22,wk inc covid hosp,0,2026-08-22,51,quantile,0.45,20.0
2026-08-22,wk inc covid hosp,0,2026-08-22,51,quantile,0.5,20.0
2026-08-22,wk inc covid hosp,0,2026-08-22,51,quantile,0.55,22.0
2026-08-22,wk inc covid hosp,0,2026-08-22,51,quantile,0.6,22.0
2026-08-22,wk inc covid hosp,0,2026-08-22,51,quantile,0.65,22.0
2026-08-22,wk inc covid hosp,0,2026-08-22,51,quantile,0.7,23.0
2026-08-22,wk inc covid hosp,0,2026-08-22,51,quantile,0.75,26.0
2026-08-22,wk inc covid hosp,0,2026-08-22,51,quantile,0.8,28.0
2026-08-22,wk inc covid hosp,0,2026-08-22,51,quantile,0.85,29.0
2026-08-22,wk inc covid hosp,0,2026-08-22,51,quantile,0.9,29.0
2026-08-22,wk inc covid hosp,0,2026-08-22,51,quantile,0.95,43.0
2026-08-22,wk inc covid hosp,0,2026-08-22,51,quantile,0.975,93.0
2026-08-22,wk inc covid hosp,0,2026-08-22,51,quantile,0.99,208.0
2026-08-22,wk inc covid hosp,0,2026-08-22,53,quantile,0.01,20.0
2026-08-22,wk inc covid hosp,0,2026-08-22,53,quantile,0.025,23.0
2026-08-22,wk inc covid hosp,0,2026-08-22,53,quantile,0.05,25.0
2026-08-22,wk inc covid hosp,0,2026-08-22,53,quantile,0.1,29.0
2026-08-22,wk inc covid hosp,0,2026-08-22,53,quantile,0.15,34.0
2026-08-22,wk inc covid hosp,0,2026-08-22,53,quantile,0.2,39.0
2026-08-22,wk inc covid hosp,0,2026-08-22,53,quantile,0.25,39.0
2026-08-22,wk inc covid hosp,0,2026-08-22,53,quantile,0.3,39.0
2026-08-22,wk inc covid hosp,0,2026-08-22,53,quantile,0.35,41.0
2026-08-22,wk inc covid hosp,0,2026-08-22,53,quantile,0.4,42.0
2026-08-22,wk inc covid hosp,0,2026-08-22,53,quantile,0.45,42.0
2026-08-22,wk inc covid hosp,0,2026-08-22,53,quantile,0.5,45.0
2026-08-22,wk inc covid hosp,0,2026-08-22,53,quantile,0.55,48.0
2026-08-22,wk inc covid hosp,0,2026-08-22,53,quantile,0.6,49.0
2026-08-22,wk inc covid hosp,0,2026-08-22,53,quantile,0.65,51.0
2026-08-22,wk inc covid hosp,0,2026-08-22,53,quantile,0.7,53.0
2026-08-22,wk inc covid hosp,0,2026-08-22,53,quantile,0.75,55.0
2026-08-22,wk inc covid hosp,0,2026-08-22,53,quantile,0.8,55.0
2026-08-22,wk inc covid hosp,0,2026-08-22,53,quantile,0.85,57.0
2026-08-22,wk inc covid hosp,0,2026-08-22,53,quantile,0.9,57.0
2026-08-22,wk inc covid hosp,0,2026-08-22,53,quantile,0.95,60.0
2026-08-22,wk inc covid hosp,0,2026-08-22,53,quantile,0.975,85.0
2026-08-22,wk inc covid hosp,0,2026-08-22,53,quantile,0.99,186.0
2026-08-22,wk inc covid hosp,0,2026-08-22,54,quantile,0.01,0.0
2026-08-22,wk inc covid hosp,0,2026-08-22,54,quantile,0.025,0.0
2026-08-22,wk inc covid hosp,0,2026-08-22,54,quantile,0.05,0.0
2026-08-22,wk inc covid hosp,0,2026-08-22,54,quantile,0.1,1.0
2026-08-22,wk inc covid hosp,0,2026-08-22,54,quantile,0.15,2.0
2026-08-22,wk inc covid hosp,0,2026-08-22,54,quantile,0.2,2.0
2026-08-22,wk inc covid hosp,0,2026-08-22,54,quantile,0.25,2.0
2026-08-22,wk inc covid hosp,0,2026-08-22,54,quantile,0.3,2.0
2026-08-22,wk inc covid hosp,0,2026-08-22,54,quantile,0.35,3.0
2026-08-22,wk inc covid hosp,0,2026-08-22,54,quantile,0.4,3.0
2026-08-22,wk inc covid hosp,0,2026-08-22,54,quantile,0.45,3.0
2026-08-22,wk inc covid hosp,0,2026-08-22,54,quantile,0.5,3.0
2026-08-22,wk inc covid hosp,0,2026-08-22,54,quantile,0.55,3.0
2026-08-22,wk inc covid hosp,0,2026-08-22,54,quantile,0.6,4.0
2026-08-22,wk inc covid hosp,0,2026-08-22,54,quantile,0.65,4.0
2026-08-22,wk inc covid hosp,0,2026-08-22,54,quantile,0.7,4.0
2026-08-22,wk inc covid hosp,0,2026-08-22,54,quantile,0.75,5.0
2026-08-22,wk inc covid hosp,0,2026-08-22,54,quantile,0.8,5.0
2026-08-22,wk inc covid hosp,0,2026-08-22,54,quantile,0.85,6.0
2026-08-22,wk inc covid hosp,0,2026-08-22,54,quantile,0.9,6.0
2026-08-22,wk inc covid hosp,0,2026-08-22,54,quantile,0.95,8.0
2026-08-22,wk inc covid hosp,0,2026-08-22,54,quantile,0.975,17.0
2026-08-22,wk inc covid hosp,0,2026-08-22,54,quantile,0.99,38.0
2026-08-22,wk inc covid hosp,0,2026-08-22,55,quantile,0.01,2.0
2026-08-22,wk inc covid hosp,0,2026-08-22,55,quantile,0.025,3.0
2026-08-22,wk inc covid hosp,0,2026-08-22,55,quantile,0.05,4.0
2026-08-22,wk inc covid hosp,0,2026-08-22,55,quantile,0.1,4.0
2026-08-22,wk inc covid hosp,0,2026-08-22,55,quantile,0.15,6.0
2026-08-22,wk inc covid hosp,0,2026-08-22,55,quantile,0.2,6.0
2026-08-22,wk inc covid hosp,0,2026-08-22,55,quantile,0.25,6.0
2026-08-22,wk inc covid hosp,0,2026-08-22,55,quantile,0.3,6.0
2026-08-22,wk inc covid hosp,0,2026-08-22,55,quantile,0.35,6.0
2026-08-22,wk inc covid hosp,0,2026-08-22,55,quantile,0.4,6.0
2026-08-22,wk inc covid hosp,0,2026-08-22,55,quantile,0.45,7.0
2026-08-22,wk inc covid hosp,0,2026-08-22,55,quantile,0.5,7.0
2026-08-22,wk inc covid hosp,0,2026-08-22,55,quantile,0.55,7.0
2026-08-22,wk inc covid hosp,0,2026-08-22,55,quantile,0.6,9.0
2026-08-22,wk inc covid hosp,0,2026-08-22,55,quantile,0.65,10.0
2026-08-22,wk inc covid hosp,0,2026-08-22,55,quantile,0.7,10.0
2026-08-22,wk inc covid hosp,0,2026-08-22,55,quantile,0.75,12.0
2026-08-22,wk inc covid hosp,0,2026-08-22,55,quantile,0.8,12.0
2026-08-22,wk inc covid hosp,0,2026-08-22,55,quantile,0.85,14.0
2026-08-22,wk inc covid hosp,0,2026-08-22,55,quantile,0.9,18.0
2026-08-22,wk inc covid hosp,0,2026-08-22,55,quantile,0.95,29.0
2026-08-22,wk inc covid hosp,0,2026-08-22,55,quantile,0.975,62.0
2026-08-22,wk inc covid hosp,0,2026-08-22,55,quantile,0.99,141.0
2026-08-22,wk inc covid hosp,0,2026-08-22,56,quantile,0.01,0.0
2026-08-22,wk inc covid hosp,0,2026-08-22,56,quantile,0.025,0.0
2026-08-22,wk inc covid hosp,0,2026-08-22,56,quantile,0.05,0.0
2026-08-22,wk inc covid hosp,0,2026-08-22,56,quantile,0.1,0.0
2026-08-22,wk inc covid hosp,0,2026-08-22,56,quantile,0.15,0.0
2026-08-22,wk inc covid hosp,0,2026-08-22,56,quantile,0.2,0.0
2026-08-22,wk inc covid hosp,0,2026-08-22,56,quantile,0.25,1.0
2026-08-22,wk inc covid hosp,0,2026-08-22,56,quantile,0.3,1.0
2026-08-22,wk inc covid hosp,0,2026-08-22,56,quantile,0.35,1.0
2026-08-22,wk inc covid hosp,0,2026-08-22,56,quantile,0.4,1.0
2026-08-22,wk inc covid hosp,0,2026-08-22,56,quantile,0.45,1.0
2026-08-22,wk inc covid hosp,0,2026-08-22,56,quantile,0.5,2.0
2026-08-22,wk inc covid hosp,0,2026-08-22,56,quantile,0.55,2.0
2026-08-22,wk inc covid hosp,0,2026-08-22,56,quantile,0.6,2.0
2026-08-22,wk inc covid hosp,0,2026-08-22,56,quantile,0.65,2.0
2026-08-22,wk inc covid hosp,0,2026-08-22,56,quantile,0.7,3.0
2026-08-22,wk inc covid hosp,0,2026-08-22,56,quantile,0.75,3.0
2026-08-22,wk inc covid hosp,0,2026-08-22,56,quantile,0.8,3.0
2026-08-22,wk inc covid hosp,0,2026-08-22,56,quantile,0.85,3.0
2026-08-22,wk inc covid hosp,0,2026-08-22,56,quantile,0.9,4.0
2026-08-22,wk inc covid hosp,0,2026-08-22,56,quantile,0.95,5.0
2026-08-22,wk inc covid hosp,0,2026-08-22,56,quantile,0.975,7.0
2026-08-22,wk inc covid hosp,0,2026-08-22,56,quantile,0.99,15.0
2026-08-22,wk inc covid hosp,0,2026-08-22,72,quantile,0.01,17.0
2026-08-22,wk inc covid hosp,0,2026-08-22,72,quantile,0.025,22.0
2026-08-22,wk inc covid hosp,0,2026-08-22,72,quantile,0.05,27.0
2026-08-22,wk inc covid hosp,0,2026-08-22,72,quantile,0.1,31.0
2026-08-22,wk inc covid hosp,0,2026-08-22,72,quantile,0.15,38.0
2026-08-22,wk inc covid hosp,0,2026-08-22,72,quantile,0.2,52.0
2026-08-22,wk inc covid hosp,0,2026-08-22,72,quantile,0.25,53.0
2026-08-22,wk inc covid hosp,0,2026-08-22,72,quantile,0.3,57.0
2026-08-22,wk inc covid hosp,0,2026-08-22,72,quantile,0.35,66.0
2026-08-22,wk inc covid hosp,0,2026-08-22,72,quantile,0.4,72.0
2026-08-22,wk inc covid hosp,0,2026-08-22,72,quantile,0.45,79.0
2026-08-22,wk inc covid hosp,0,2026-08-22,72,quantile,0.5,80.0
2026-08-22,wk inc covid hosp,0,2026-08-22,72,quantile,0.55,83.0
2026-08-22,wk inc covid hosp,0,2026-08-22,72,quantile,0.6,84.0
2026-08-22,wk inc covid hosp,0,2026-08-22,72,quantile,0.65,87.0
2026-08-22,wk inc covid hosp,0,2026-08-22,72,quantile,0.7,89.0
2026-08-22,wk inc covid hosp,0,2026-08-22,72,quantile,0.75,89.0
2026-08-22,wk inc covid hosp,0,2026-08-22,72,quantile,0.8,95.0
2026-08-22,wk inc covid hosp,0,2026-08-22,72,quantile,0.85,104.0
2026-08-22,wk inc covid hosp,0,2026-08-22,72,quantile,0.9,109.0
2026-08-22,wk inc covid hosp,0,2026-08-22,72,quantile,0.95,113.0
2026-08-22,wk inc covid hosp,0,2026-08-22,72,quantile,0.975,114.0
2026-08-22,wk inc covid hosp,0,2026-08-22,72,quantile,0.99,150.0
2026-08-22,wk inc covid hosp,1,2026-08-29,01,quantile,0.01,28.0
2026-08-22,wk inc covid hosp,1,2026-08-29,01,quantile,0.025,34.0
2026-08-22,wk inc covid hosp,1,2026-08-29,01,quantile,0.05,40.0
2026-08-22,wk inc covid hosp,1,2026-08-29,01,quantile,0.1,43.0
2026-08-22,wk inc covid hosp,1,2026-08-29,01,quantile,0.15,51.0
2026-08-22,wk inc covid hosp,1,2026-08-29,01,quantile,0.2,61.0
2026-08-22,wk inc covid hosp,1,2026-08-29,01,quantile,0.25,67.0
2026-08-22,wk inc covid hosp,1,2026-08-29,01,quantile,0.3,76.0
2026-08-22,wk inc covid hosp,1,2026-08-29,01,quantile,0.35,76.0
2026-08-22,wk inc covid hosp,1,2026-08-29,01,quantile,0.4,78.0
2026-08-22,wk inc covid hosp,1,2026-08-29,01,quantile,0.45,78.0
2026-08-22,wk inc covid hosp,1,2026-08-29,01,quantile,0.5,81.0
2026-08-22,wk inc covid hosp,1,2026-08-29,01,quantile,0.55,81.0
2026-08-22,wk inc covid hosp,1,2026-08-29,01,quantile,0.6,81.0
2026-08-22,wk inc covid hosp,1,2026-08-29,01,quantile,0.65,83.0
2026-08-22,wk inc covid hosp,1,2026-08-29,01,quantile,0.7,84.0
2026-08-22,wk inc covid hosp,1,2026-08-29,01,quantile,0.75,87.0
2026-08-22,wk inc covid hosp,1,2026-08-29,01,quantile,0.8,90.0
2026-08-22,wk inc covid hosp,1,2026-08-29,01,quantile,0.85,91.0
2026-08-22,wk inc covid hosp,1,2026-08-29,01,quantile,0.9,98.0
2026-08-22,wk inc covid hosp,1,2026-08-29,01,quantile,0.95,101.0
2026-08-22,wk inc covid hosp,1,2026-08-29,01,quantile,0.975,103.0
2026-08-22,wk inc covid hosp,1,2026-08-29,01,quantile,0.99,114.0
2026-08-22,wk inc covid hosp,1,2026-08-29,02,quantile,0.01,0.0
2026-08-22,wk inc covid hosp,1,2026-08-29,02,quantile,0.025,1.0
2026-08-22,wk inc covid hosp,1,2026-08-29,02,quantile,0.05,1.0
2026-08-22,wk inc covid hosp,1,2026-08-29,02,quantile,0.1,2.0
2026-08-22,wk inc covid hosp,1,2026-08-29,02,quantile,0.15,2.0
2026-08-22,wk inc covid hosp,1,2026-08-29,02,quantile,0.2,2.0
2026-08-22,wk inc covid hosp,1,2026-08-29,02,quantile,0.25,2.0
2026-08-22,wk inc covid hosp,1,2026-08-29,02,quantile,0.3,3.0
2026-08-22,wk inc covid hosp,1,2026-08-29,02,quantile,0.35,3.0
2026-08-22,wk inc covid hosp,1,2026-08-29,02,quantile,0.4,3.0
2026-08-22,wk inc covid hosp,1,2026-08-29,02,quantile,0.45,3.0
2026-08-22,wk inc covid hosp,1,2026-08-29,02,quantile,0.5,4.0
2026-08-22,wk inc covid hosp,1,2026-08-29,02,quantile,0.55,4.0
2026-08-22,wk inc covid hosp,1,2026-08-29,02,quantile,0.6,4.0
2026-08-22,wk inc covid hosp,1,2026-08-29,02,quantile,0.65,4.0
2026-08-22,wk inc covid hosp,1,2026-08-29,02,quantile,0.7,5.0
2026-08-22,wk inc covid hosp,1,2026-08-29,02,quantile,0.75,5.0
2026-08-22,wk inc covid hosp,1,2026-08-29,02,quantile,0.8,5.0
2026-08-22,wk inc covid hosp,1,2026-08-29,02,quantile,0.85,5.0
2026-08-22,wk inc covid hosp,1,2026-08-29,02,quantile,0.9,5.0
2026-08-22,wk inc covid hosp,1,2026-08-29,02,quantile,0.95,6.0
2026-08-22,wk inc covid hosp,1,2026-08-29,02,quantile,0.975,8.0
2026-08-22,wk inc covid hosp,1,2026-08-29,02,quantile,0.99,18.0
2026-08-22,wk inc covid hosp,1,2026-08-29,04,quantile,0.01,32.0
2026-08-22,wk inc covid hosp,1,2026-08-29,04,quantile,0.025,32.0
2026-08-22,wk inc covid hosp,1,2026-08-29,04,quantile,0.05,32.0
2026-08-22,wk inc covid hosp,1,2026-08-29,04,quantile,0.1,41.0
2026-08-22,wk inc covid hosp,1,2026-08-29,04,quantile,0.15,46.0
2026-08-22,wk inc covid hosp,1,2026-08-29,04,quantile,0.2,46.0
2026-08-22,wk inc covid hosp,1,2026-08-29,04,quantile,0.25,46.0
2026-08-22,wk inc covid hosp,1,2026-08-29,04,quantile,0.3,46.0
2026-08-22,wk inc covid hosp,1,2026-08-29,04,quantile,0.35,46.0
2026-08-22,wk inc covid hosp,1,2026-08-29,04,quantile,0.4,46.0
2026-08-22,wk inc covid hosp,1,2026-08-29,04,quantile,0.45,46.0
2026-08-22,wk inc covid hosp,1,2026-08-29,04,quantile,0.5,49.0
2026-08-22,wk inc covid hosp,1,2026-08-29,04,quantile,0.55,49.0
2026-08-22,wk inc covid hosp,1,2026-08-29,04,quantile,0.6,52.0
2026-08-22,wk inc covid hosp,1,2026-08-29,04,quantile,0.65,55.0
2026-08-22,wk inc covid hosp,1,2026-08-29,04,quantile,0.7,55.0
2026-08-22,wk inc covid hosp,1,2026-08-29,04,quantile,0.75,59.0
2026-08-22,wk inc covid hosp,1,2026-08-29,04,quantile,0.8,59.0
2026-08-22,wk inc covid hosp,1,2026-08-29,04,quantile,0.85,59.0
2026-08-22,wk inc covid hosp,1,2026-08-29,04,quantile,0.9,65.0
2026-08-22,wk inc covid hosp,1,2026-08-29,04,quantile,0.95,65.0
2026-08-22,wk inc covid hosp,1,2026-08-29,04,quantile,0.975,98.0
2026-08-22,wk inc covid hosp,1,2026-08-29,04,quantile,0.99,192.0
2026-08-22,wk inc covid hosp,1,2026-08-29,05,quantile,0.01,5.0
2026-08-22,wk inc covid hosp,1,2026-08-29,05,quantile,0.025,5.0
2026-08-22,wk inc covid hosp,1,2026-08-29,05,quantile,0.05,7.0
2026-08-22,wk inc covid hosp,1,2026-08-29,05,quantile,0.1,10.0
2026-08-22,wk inc covid hosp,1,2026-08-29,05,quantile,0.15,11.0
2026-08-22,wk inc covid hosp,1,2026-08-29,05,quantile,0.2,12.0
2026-08-22,wk inc covid hosp,1,2026-08-29,05,quantile,0.25,12.0
2026-08-22,wk inc covid hosp,1,2026-08-29,05,quantile,0.3,13.0
2026-08-22,wk inc covid hosp,1,2026-08-29,05,quantile,0.35,14.0
2026-08-22,wk inc covid hosp,1,2026-08-29,05,quantile,0.4,14.0
2026-08-22,wk inc covid hosp,1,2026-08-29,05,quantile,0.45,14.0
2026-08-22,wk inc covid hosp,1,2026-08-29,05,quantile,0.5,15.0
2026-08-22,wk inc covid hosp,1,2026-08-29,05,quantile,0.55,16.0
2026-08-22,wk inc covid hosp,1,2026-08-29,05,quantile,0.6,17.0
2026-08-22,wk inc covid hosp,1,2026-08-29,05,quantile,0.65,18.0
2026-08-22,wk inc covid hosp,1,2026-08-29,05,quantile,0.7,18.0
2026-08-22,wk inc covid hosp,1,2026-08-29,05,quantile,0.75,18.0
2026-08-22,wk inc covid hosp,1,2026-08-29,05,quantile,0.8,18.0
2026-08-22,wk inc covid hosp,1,2026-08-29,05,quantile,0.85,20.0
2026-08-22,wk inc covid hosp,1,2026-08-29,05,quantile,0.9,20.0
2026-08-22,wk inc covid hosp,1,2026-08-29,05,quantile,0.95,21.0
2026-08-22,wk inc covid hosp,1,2026-08-29,05,quantile,0.975,32.0
2026-08-22,wk inc covid hosp,1,2026-08-29,05,quantile,0.99,73.0
2026-08-22,wk inc covid hosp,1,2026-08-29,06,quantile,0.01,261.0
2026-08-22,wk inc covid hosp,1,2026-08-29,06,quantile,0.025,272.0
2026-08-22,wk inc covid hosp,1,2026-08-29,06,quantile,0.05,325.0
2026-08-22,wk inc covid hosp,1,2026-08-29,06,quantile,0.1,364.0
2026-08-22,wk inc covid hosp,1,2026-08-29,06,quantile,0.15,413.0
2026-08-22,wk inc covid hosp,1,2026-08-29,06,quantile,0.2,420.0
2026-08-22,wk inc covid hosp,1,2026-08-29,06,quantile,0.25,445.0
2026-08-22,wk inc covid hosp,1,2026-08-29,06,quantile,0.3,461.0
2026-08-22,wk inc covid hosp,1,2026-08-29,06,quantile,0.35,490.0
2026-08-22,wk inc covid hosp,1,2026-08-29,06,quantile,0.4,490.0
2026-08-22,wk inc covid hosp,1,2026-08-29,06,quantile,0.45,490.0
2026-08-22,wk inc covid hosp,1,2026-08-29,06,quantile,0.5,490.0
2026-08-22,wk inc covid hosp,1,2026-08-29,06,quantile,0.55,490.0
2026-08-22,wk inc covid hosp,1,2026-08-29,06,quantile,0.6,490.0
2026-08-22,wk inc covid hosp,1,2026-08-29,06,quantile,0.65,490.0
2026-08-22,wk inc covid hosp,1,2026-08-29,06,quantile,0.7,509.0
2026-08-22,wk inc covid hosp,1,2026-08-29,06,quantile,0.75,538.0
2026-08-22,wk inc covid hosp,1,2026-08-29,06,quantile,0.8,538.0
2026-08-22,wk inc covid hosp,1,2026-08-29,06,quantile,0.85,538.0
2026-08-22,wk inc covid hosp,1,2026-08-29,06,quantile,0.9,539.0
2026-08-22,wk inc covid hosp,1,2026-08-29,06,quantile,0.95,547.0
2026-08-22,wk inc covid hosp,1,2026-08-29,06,quantile,0.975,650.0
2026-08-22,wk inc covid hosp,1,2026-08-29,06,quantile,0.99,952.0
2026-08-22,wk inc covid hosp,1,2026-08-29,08,quantile,0.01,4.0
2026-08-22,wk inc covid hosp,1,2026-08-29,08,quantile,0.025,7.0
2026-08-22,wk inc covid hosp,1,2026-08-29,08,quantile,0.05,10.0
2026-08-22,wk inc covid hosp,1,2026-08-29,08,quantile,0.1,10.0
2026-08-22,wk inc covid hosp,1,2026-08-29,08,quantile,0.15,12.0
2026-08-22,wk inc covid hosp,1,2026-08-29,08,quantile,0.2,12.0
2026-08-22,wk inc covid hosp,1,2026-08-29,08,quantile,0.25,13.0
2026-08-22,wk inc covid hosp,1,2026-08-29,08,quantile,0.3,13.0
2026-08-22,wk inc covid hosp,1,2026-08-29,08,quantile,0.35,15.0
2026-08-22,wk inc covid hosp,1,2026-08-29,08,quantile,0.4,15.0
2026-08-22,wk inc covid hosp,1,2026-08-29,08,quantile,0.45,15.0
2026-08-22,wk inc covid hosp,1,2026-08-29,08,quantile,0.5,16.0
2026-08-22,wk inc covid hosp,1,2026-08-29,08,quantile,0.55,19.0
2026-08-22,wk inc covid hosp,1,2026-08-29,08,quantile,0.6,19.0
2026-08-22,wk inc covid hosp,1,2026-08-29,08,quantile,0.65,19.0
2026-08-22,wk inc covid hosp,1,2026-08-29,08,quantile,0.7,19.0
2026-08-22,wk inc covid hosp,1,2026-08-29,08,quantile,0.75,21.0
2026-08-22,wk inc covid hosp,1,2026-08-29,08,quantile,0.8,23.0
2026-08-22,wk inc covid hosp,1,2026-08-29,08,quantile,0.85,26.0
2026-08-22,wk inc covid hosp,1,2026-08-29,08,quantile,0.9,26.0
2026-08-22,wk inc covid hosp,1,2026-08-29,08,quantile,0.95,35.0
2026-08-22,wk inc covid hosp,1,2026-08-29,08,quantile,0.975,64.0
2026-08-22,wk inc covid hosp,1,2026-08-29,08,quantile,0.99,141.0
2026-08-22,wk inc covid hosp,1,2026-08-29,09,quantile,0.01,4.0
2026-08-22,wk inc covid hosp,1,2026-08-29,09,quantile,0.025,5.0
2026-08-22,wk inc covid hosp,1,2026-08-29,09,quantile,0.05,7.0
2026-08-22,wk inc covid hosp,1,2026-08-29,09,quantile,0.1,7.0
2026-08-22,wk inc covid hosp,1,2026-08-29,09,quantile,0.15,7.0
2026-08-22,wk inc covid hosp,1,2026-08-29,09,quantile,0.2,8.0
2026-08-22,wk inc covid hosp,1,2026-08-29,09,quantile,0.25,8.0
2026-08-22,wk inc covid hosp,1,2026-08-29,09,quantile,0.3,8.0
2026-08-22,wk inc covid hosp,1,2026-08-29,09,quantile,0.35,8.0
2026-08-22,wk inc covid hosp,1,2026-08-29,09,quantile,0.4,9.0
2026-08-22,wk inc covid hosp,1,2026-08-29,09,quantile,0.45,9.0
2026-08-22,wk inc covid hosp,1,2026-08-29,09,quantile,0.5,10.0
2026-08-22,wk inc covid hosp,1,2026-08-29,09,quantile,0.55,10.0
2026-08-22,wk inc covid hosp,1,2026-08-29,09,quantile,0.6,11.0
2026-08-22,wk inc covid hosp,1,2026-08-29,09,quantile,0.65,12.0
2026-08-22,wk inc covid hosp,1,2026-08-29,09,quantile,0.7,12.0
2026-08-22,wk inc covid hosp,1,2026-08-29,09,quantile,0.75,13.0
2026-08-22,wk inc covid hosp,1,2026-08-29,09,quantile,0.8,15.0
2026-08-22,wk inc covid hosp,1,2026-08-29,09,quantile,0.85,15.0
2026-08-22,wk inc covid hosp,1,2026-08-29,09,quantile,0.9,16.0
2026-08-22,wk inc covid hosp,1,2026-08-29,09,quantile,0.95,21.0
2026-08-22,wk inc covid hosp,1,2026-08-29,09,quantile,0.975,36.0
2026-08-22,wk inc covid hosp,1,2026-08-29,09,quantile,0.99,84.0
2026-08-22,wk inc covid hosp,1,2026-08-29,10,quantile,0.01,0.0
2026-08-22,wk inc covid hosp,1,2026-08-29,10,quantile,0.025,0.0
2026-08-22,wk inc covid hosp,1,2026-08-29,10,quantile,0.05,0.0
2026-08-22,wk inc covid hosp,1,2026-08-29,10,quantile,0.1,0.0
2026-08-22,wk inc covid hosp,1,2026-08-29,10,quantile,0.15,0.0
2026-08-22,wk inc covid hosp,1,2026-08-29,10,quantile,0.2,1.0
2026-08-22,wk inc covid hosp,1,2026-08-29,10,quantile,0.25,1.0
2026-08-22,wk inc covid hosp,1,2026-08-29,10,quantile,0.3,1.0
2026-08-22,wk inc covid hosp,1,2026-08-29,10,quantile,0.35,2.0
2026-08-22,wk inc covid hosp,1,2026-08-29,10,quantile,0.4,2.0
2026-08-22,wk inc covid hosp,1,2026-08-29,10,quantile,0.45,2.0
2026-08-22,wk inc covid hosp,1,2026-08-29,10,quantile,0.5,2.0
2026-08-22,wk inc covid hosp,1,2026-08-29,10,quantile,0.55,2.0
2026-08-22,wk inc covid hosp,1,2026-08-29,10,quantile,0.6,2.0
2026-08-22,wk inc covid hosp,1,2026-08-29,10,quantile,0.65,2.0
2026-08-22,wk inc covid hosp,1,2026-08-29,10,quantile,0.7,3.0
2026-08-22,wk inc covid hosp,1,2026-08-29,10,quantile,0.75,3.0
2026-08-22,wk inc covid hosp,1,2026-08-29,10,quantile,0.8,4.0
2026-08-22,wk inc covid hosp,1,2026-08-29,10,quantile,0.85,4.0
2026-08-22,wk inc covid hosp,1,2026-08-29,10,quantile,0.9,4.0
2026-08-22,wk inc covid hosp,1,2026-08-29,10,quantile,0.95,6.0
2026-08-22,wk inc covid hosp,1,2026-08-29,10,quantile,0.975,10.0
2026-08-22,wk inc covid hosp,1,2026-08-29,10,quantile,0.99,24.0
2026-08-22,wk inc covid hosp,1,2026-08-29,11,quantile,0.01,1.0
2026-08-22,wk inc covid hosp,1,2026-08-29,11,quantile,0.025,1.0
2026-08-22,wk inc covid hosp,1,2026-08-29,11,quantile,0.05,1.0
2026-08-22,wk inc covid hosp,1,2026-08-29,11,quantile,0.1,2.0
2026-08-22,wk inc covid hosp,1,2026-08-29,11,quantile,0.15,2.0
2026-08-22,wk inc covid hosp,1,2026-08-29,11,quantile,0.2,3.0
2026-08-22,wk inc covid hosp,1,2026-08-29,11,quantile,0.25,3.0
2026-08-22,wk inc covid hosp,1,2026-08-29,11,quantile,0.3,3.0
2026-08-22,wk inc covid hosp,1,2026-08-29,11,quantile,0.35,4.0
2026-08-22,wk inc covid hosp,1,2026-08-29,11,quantile,0.4,4.0
2026-08-22,wk inc covid hosp,1,2026-08-29,11,quantile,0.45,5.0
2026-08-22,wk inc covid hosp,1,2026-08-29,11,quantile,0.5,5.0
2026-08-22,wk inc covid hosp,1,2026-08-29,11,quantile,0.55,5.0
2026-08-22,wk inc covid hosp,1,2026-08-29,11,quantile,0.6,5.0
2026-08-22,wk inc covid hosp,1,2026-08-29,11,quantile,0.65,6.0
2026-08-22,wk inc covid hosp,1,2026-08-29,11,quantile,0.7,6.0
2026-08-22,wk inc covid hosp,1,2026-08-29,11,quantile,0.75,6.0
2026-08-22,wk inc covid hosp,1,2026-08-29,11,quantile,0.8,7.0
2026-08-22,wk inc covid hosp,1,2026-08-29,11,quantile,0.85,7.0
2026-08-22,wk inc covid hosp,1,2026-08-29,11,quantile,0.9,7.0
2026-08-22,wk inc covid hosp,1,2026-08-29,11,quantile,0.95,8.0
2026-08-22,wk inc covid hosp,1,2026-08-29,11,quantile,0.975,9.0
2026-08-22,wk inc covid hosp,1,2026-08-29,11,quantile,0.99,16.0
2026-08-22,wk inc covid hosp,1,2026-08-29,12,quantile,0.01,127.0
2026-08-22,wk inc covid hosp,1,2026-08-29,12,quantile,0.025,149.0
2026-08-22,wk inc covid hosp,1,2026-08-29,12,quantile,0.05,174.0
2026-08-22,wk inc covid hosp,1,2026-08-29,12,quantile,0.1,191.0
2026-08-22,wk inc covid hosp,1,2026-08-29,12,quantile,0.15,249.0
2026-08-22,wk inc covid hosp,1,2026-08-29,12,quantile,0.2,286.0
2026-08-22,wk inc covid hosp,1,2026-08-29,12,quantile,0.25,313.0
2026-08-22,wk inc covid hosp,1,2026-08-29,12,quantile,0.3,332.0
2026-08-22,wk inc covid hosp,1,2026-08-29,12,quantile,0.35,376.0
2026-08-22,wk inc covid hosp,1,2026-08-29,12,quantile,0.4,381.0
2026-08-22,wk inc covid hosp,1,2026-08-29,12,quantile,0.45,389.0
2026-08-22,wk inc covid hosp,1,2026-08-29,12,quantile,0.5,389.0
2026-08-22,wk inc covid hosp,1,2026-08-29,12,quantile,0.55,389.0
2026-08-22,wk inc covid hosp,1,2026-08-29,12,quantile,0.6,389.0
2026-08-22,wk inc covid hosp,1,2026-08-29,12,quantile,0.65,389.0
2026-08-22,wk inc covid hosp,1,2026-08-29,12,quantile,0.7,397.0
2026-08-22,wk inc covid hosp,1,2026-08-29,12,quantile,0.75,402.0
2026-08-22,wk inc covid hosp,1,2026-08-29,12,quantile,0.8,402.0
2026-08-22,wk inc covid hosp,1,2026-08-29,12,quantile,0.85,412.0
2026-08-22,wk inc covid hosp,1,2026-08-29,12,quantile,0.9,412.0
2026-08-22,wk inc covid hosp,1,2026-08-29,12,quantile,0.95,412.0
2026-08-22,wk inc covid hosp,1,2026-08-29,12,quantile,0.975,453.0
2026-08-22,wk inc covid hosp,1,2026-08-29,12,quantile,0.99,495.0
2026-08-22,wk inc covid hosp,1,2026-08-29,13,quantile,0.01,51.0
2026-08-22,wk inc covid hosp,1,2026-08-29,13,quantile,0.025,54.0
2026-08-22,wk inc covid hosp,1,2026-08-29,13,quantile,0.05,64.0
2026-08-22,wk inc covid hosp,1,2026-08-29,13,quantile,0.1,77.0
2026-08-22,wk inc covid hosp,1,2026-08-29,13,quantile,0.15,80.0
2026-08-22,wk inc covid hosp,1,2026-08-29,13,quantile,0.2,88.0
2026-08-22,wk inc covid hosp,1,2026-08-29,13,quantile,0.25,88.0
2026-08-22,wk inc covid hosp,1,2026-08-29,13,quantile,0.3,88.0
2026-08-22,wk inc covid hosp,1,2026-08-29,13,quantile,0.35,88.0
2026-08-22,wk inc covid hosp,1,2026-08-29,13,quantile,0.4,92.0
2026-08-22,wk inc covid hosp,1,2026-08-29,13,quantile,0.45,97.0
2026-08-22,wk inc covid hosp,1,2026-08-29,13,quantile,0.5,98.0
2026-08-22,wk inc covid hosp,1,2026-08-29,13,quantile,0.55,98.0
2026-08-22,wk inc covid hosp,1,2026-08-29,13,quantile,0.6,98.0
2026-08-22,wk inc covid hosp,1,2026-08-29,13,quantile,0.65,100.0
2026-08-22,wk inc covid hosp,1,2026-08-29,13,quantile,0.7,100.0
2026-08-22,wk inc covid hosp,1,2026-08-29,13,quantile,0.75,102.0
2026-08-22,wk inc covid hosp,1,2026-08-29,13,quantile,0.8,102.0
2026-08-22,wk inc covid hosp,1,2026-08-29,13,quantile,0.85,104.0
2026-08-22,wk inc covid hosp,1,2026-08-29,13,quantile,0.9,106.0
2026-08-22,wk inc covid hosp,1,2026-08-29,13,quantile,0.95,125.0
2026-08-22,wk inc covid hosp,1,2026-08-29,13,quantile,0.975,148.0
2026-08-22,wk inc covid hosp,1,2026-08-29,13,quantile,0.99,260.0
2026-08-22,wk inc covid hosp,1,2026-08-29,15,quantile,0.01,7.0
2026-08-22,wk inc covid hosp,1,2026-08-29,15,quantile,0.025,7.0
2026-08-22,wk inc covid hosp,1,2026-08-29,15,quantile,0.05,8.0
2026-08-22,wk inc covid hosp,1,2026-08-29,15,quantile,0.1,8.0
2026-08-22,wk inc covid hosp,1,2026-08-29,15,quantile,0.15,12.0
2026-08-22,wk inc covid hosp,1,2026-08-29,15,quantile,0.2,16.0
2026-08-22,wk inc covid hosp,1,2026-08-29,15,quantile,0.25,18.0
2026-08-22,wk inc covid hosp,1,2026-08-29,15,quantile,0.3,20.0
2026-08-22,wk inc covid hosp,1,2026-08-29,15,quantile,0.35,22.0
2026-08-22,wk inc covid hosp,1,2026-08-29,15,quantile,0.4,22.0
2026-08-22,wk inc covid hosp,1,2026-08-29,15,quantile,0.45,23.0
2026-08-22,wk inc covid hosp,1,2026-08-29,15,quantile,0.5,23.0
2026-08-22,wk inc covid hosp,1,2026-08-29,15,quantile,0.55,24.0
2026-08-22,wk inc covid hosp,1,2026-08-29,15,quantile,0.6,24.0
2026-08-22,wk inc covid hosp,1,2026-08-29,15,quantile,0.65,26.0
2026-08-22,wk inc covid hosp,1,2026-08-29,15,quantile,0.7,28.0
2026-08-22,wk inc covid hosp,1,2026-08-29,15,quantile,0.75,29.0
2026-08-22,wk inc covid hosp,1,2026-08-29,15,quantile,0.8,29.0
2026-08-22,wk inc covid hosp,1,2026-08-29,15,quantile,0.85,30.0
2026-08-22,wk inc covid hosp,1,2026-08-29,15,quantile,0.9,32.0
2026-08-22,wk inc covid hosp,1,2026-08-29,15,quantile,0.95,33.0
2026-08-22,wk inc covid hosp,1,2026-08-29,15,quantile,0.975,33.0
2026-08-22,wk inc covid hosp,1,2026-08-29,15,quantile,0.99,37.0
2026-08-22,wk inc covid hosp,1,2026-08-29,16,quantile,0.01,0.0
2026-08-22,wk inc covid hosp,1,2026-08-29,16,quantile,0.025,0.0
2026-08-22,wk inc covid hosp,1,2026-08-29,16,quantile,0.05,0.0
2026-08-22,wk inc covid hosp,1,2026-08-29,16,quantile,0.1,1.0
2026-08-22,wk inc covid hosp,1,2026-08-29,16,quantile,0.15,1.0
2026-08-22,wk inc covid hosp,1,2026-08-29,16,quantile,0.2,1.0
2026-08-22,wk inc covid hosp,1,2026-08-29,16,quantile,0.25,2.0
2026-08-22,wk inc covid hosp,1,2026-08-29,16,quantile,0.3,2.0
2026-08-22,wk inc covid hosp,1,2026-08-29,16,quantile,0.35,2.0
2026-08-22,wk inc covid hosp,1,2026-08-29,16,quantile,0.4,3.0
2026-08-22,wk inc covid hosp,1,2026-08-29,16,quantile,0.45,3.0
2026-08-22,wk inc covid hosp,1,2026-08-29,16,quantile,0.5,4.0
2026-08-22,wk inc covid hosp,1,2026-08-29,16,quantile,0.55,4.0
2026-08-22,wk inc covid hosp,1,2026-08-29,16,quantile,0.6,4.0
2026-08-22,wk inc covid hosp,1,2026-08-29,16,quantile,0.65,4.0
2026-08-22,wk inc covid hosp,1,2026-08-29,16,quantile,0.7,5.0
2026-08-22,wk inc covid hosp,1,2026-08-29,16,quantile,0.75,5.0
2026-08-22,wk inc covid hosp,1,2026-08-29,16,quantile,0.8,5.0
2026-08-22,wk inc covid hosp,1,2026-08-29,16,quantile,0.85,6.0
2026-08-22,wk inc covid hosp,1,2026-08-29,16,quantile,0.9,7.0
2026-08-22,wk inc covid hosp,1,2026-08-29,16,quantile,0.95,10.0
2026-08-22,wk inc covid hosp,1,2026-08-29,16,quantile,0.975,19.0
2026-08-22,wk inc covid hosp,1,2026-08-29,16,quantile,0.99,43.0
2026-08-22,wk inc covid hosp,1,2026-08-29,17,quantile,0.01,19.0
2026-08-22,wk inc covid hosp,1,2026-08-29,17,quantile,0.025,29.0
2026-08-22,wk inc covid hosp,1,2026-08-29,17,quantile,0.05,34.0
2026-08-22,wk inc covid hosp,1,2026-08-29,17,quantile,0.1,34.0
2026-08-22,wk inc covid hosp,1,2026-08-29,17,quantile,0.15,40.0
2026-08-22,wk inc covid hosp,1,2026-08-29,17,quantile,0.2,42.0
2026-08-22,wk inc covid hosp,1,2026-08-29,17,quantile,0.25,42.0
2026-08-22,wk inc covid hosp,1,2026-08-29,17,quantile,0.3,44.0
2026-08-22,wk inc covid hosp,1,2026-08-29,17,quantile,0.35,45.0
2026-08-22,wk inc covid hosp,1,2026-08-29,17,quantile,0.4,46.0
2026-08-22,wk inc covid hosp,1,2026-08-29,17,quantile,0.45,49.0
2026-08-22,wk inc covid hosp,1,2026-08-29,17,quantile,0.5,55.0
2026-08-22,wk inc covid hosp,1,2026-08-29,17,quantile,0.55,56.0
2026-08-22,wk inc covid hosp,1,2026-08-29,17,quantile,0.6,58.0
2026-08-22,wk inc covid hosp,1,2026-08-29,17,quantile,0.65,62.0
2026-08-22,wk inc covid hosp,1,2026-08-29,17,quantile,0.7,62.0
2026-08-22,wk inc covid hosp,1,2026-08-29,17,quantile,0.75,62.0
2026-08-22,wk inc covid hosp,1,2026-08-29,17,quantile,0.8,65.0
2026-08-22,wk inc covid hosp,1,2026-08-29,17,quantile,0.85,66.0
2026-08-22,wk inc covid hosp,1,2026-08-29,17,quantile,0.9,66.0
2026-08-22,wk inc covid hosp,1,2026-08-29,17,quantile,0.95,75.0
2026-08-22,wk inc covid hosp,1,2026-08-29,17,quantile,0.975,140.0
2026-08-22,wk inc covid hosp,1,2026-08-29,17,quantile,0.99,304.0
2026-08-22,wk inc covid hosp,1,2026-08-29,18,quantile,0.01,11.0
2026-08-22,wk inc covid hosp,1,2026-08-29,18,quantile,0.025,13.0
2026-08-22,wk inc covid hosp,1,2026-08-29,18,quantile,0.05,14.0
2026-08-22,wk inc covid hosp,1,2026-08-29,18,quantile,0.1,18.0
2026-08-22,wk inc covid hosp,1,2026-08-29,18,quantile,0.15,22.0
2026-08-22,wk inc covid hosp,1,2026-08-29,18,quantile,0.2,23.0
2026-08-22,wk inc covid hosp,1,2026-08-29,18,quantile,0.25,23.0
2026-08-22,wk inc covid hosp,1,2026-08-29,18,quantile,0.3,24.0
2026-08-22,wk inc covid hosp,1,2026-08-29,18,quantile,0.35,25.0
2026-08-22,wk inc covid hosp,1,2026-08-29,18,quantile,0.4,26.0
2026-08-22,wk inc covid hosp,1,2026-08-29,18,quantile,0.45,28.0
2026-08-22,wk inc covid hosp,1,2026-08-29,18,quantile,0.5,29.0
2026-08-22,wk inc covid hosp,1,2026-08-29,18,quantile,0.55,30.0
2026-08-22,wk inc covid hosp,1,2026-08-29,18,quantile,0.6,34.0
2026-08-22,wk inc covid hosp,1,2026-08-29,18,quantile,0.65,34.0
2026-08-22,wk inc covid hosp,1,2026-08-29,18,quantile,0.7,34.0
2026-08-22,wk inc covid hosp,1,2026-08-29,18,quantile,0.75,34.0
2026-08-22,wk inc covid hosp,1,2026-08-29,18,quantile,0.8,35.0
2026-08-22,wk inc covid hosp,1,2026-08-29,18,quantile,0.85,36.0
2026-08-22,wk inc covid hosp,1,2026-08-29,18,quantile,0.9,37.0
2026-08-22,wk inc covid hosp,1,2026-08-29,18,quantile,0.95,41.0
2026-08-22,wk inc covid hosp,1,2026-08-29,18,quantile,0.975,71.0
2026-08-22,wk inc covid hosp,1,2026-08-29,18,quantile,0.99,161.0
2026-08-22,wk inc covid hosp,1,2026-08-29,19,quantile,0.01,1.0
2026-08-22,wk inc covid hosp,1,2026-08-29,19,quantile,0.025,3.0
2026-08-22,wk inc covid hosp,1,2026-08-29,19,quantile,0.05,3.0
2026-08-22,wk inc covid hosp,1,2026-08-29,19,quantile,0.1,3.0
2026-08-22,wk inc covid hosp,1,2026-08-29,19,quantile,0.15,4.0
2026-08-22,wk inc covid hosp,1,2026-08-29,19,quantile,0.2,4.0
2026-08-22,wk inc covid hosp,1,2026-08-29,19,quantile,0.25,4.0
2026-08-22,wk inc covid hosp,1,2026-08-29,19,quantile,0.3,5.0
2026-08-22,wk inc covid hosp,1,2026-08-29,19,quantile,0.35,5.0
2026-08-22,wk inc covid hosp,1,2026-08-29,19,quantile,0.4,5.0
2026-08-22,wk inc covid hosp,1,2026-08-29,19,quantile,0.45,5.0
2026-08-22,wk inc covid hosp,1,2026-08-29,19,quantile,0.5,6.0
2026-08-22,wk inc covid hosp,1,2026-08-29,19,quantile,0.55,6.0
2026-08-22,wk inc covid hosp,1,2026-08-29,19,quantile,0.6,6.0
2026-08-22,wk inc covid hosp,1,2026-08-29,19,quantile,0.65,7.0
2026-08-22,wk inc covid hosp,1,2026-08-29,19,quantile,0.7,8.0
2026-08-22,wk inc covid hosp,1,2026-08-29,19,quantile,0.75,8.0
2026-08-22,wk inc covid hosp,1,2026-08-29,19,quantile,0.8,9.0
2026-08-22,wk inc covid hosp,1,2026-08-29,19,quantile,0.85,11.0
2026-08-22,wk inc covid hosp,1,2026-08-29,19,quantile,0.9,11.0
2026-08-22,wk inc covid hosp,1,2026-08-29,19,quantile,0.95,16.0
2026-08-22,wk inc covid hosp,1,2026-08-29,19,quantile,0.975,33.0
2026-08-22,wk inc covid hosp,1,2026-08-29,19,quantile,0.99,73.0
2026-08-22,wk inc covid hosp,1,2026-08-29,20,quantile,0.01,2.0
2026-08-22,wk inc covid hosp,1,2026-08-29,20,quantile,0.025,3.0
2026-08-22,wk inc covid hosp,1,2026-08-29,20,quantile,0.05,4.0
2026-08-22,wk inc covid hosp,1,2026-08-29,20,quantile,0.1,4.0
2026-08-22,wk inc covid hosp,1,2026-08-29,20,quantile,0.15,5.0
2026-08-22,wk inc covid hosp,1,2026-08-29,20,quantile,0.2,5.0
2026-08-22,wk inc covid hosp,1,2026-08-29,20,quantile,0.25,6.0
2026-08-22,wk inc covid hosp,1,2026-08-29,20,quantile,0.3,7.0
2026-08-22,wk inc covid hosp,1,2026-08-29,20,quantile,0.35,7.0
2026-08-22,wk inc covid hosp,1,2026-08-29,20,quantile,0.4,8.0
2026-08-22,wk inc covid hosp,1,2026-08-29,20,quantile,0.45,8.0
2026-08-22,wk inc covid hosp,1,2026-08-29,20,quantile,0.5,9.0
2026-08-22,wk inc covid hosp,1,2026-08-29,20,quantile,0.55,10.0
2026-08-22,wk inc covid hosp,1,2026-08-29,20,quantile,0.6,10.0
2026-08-22,wk inc covid hosp,1,2026-08-29,20,quantile,0.65,10.0
2026-08-22,wk inc covid hosp,1,2026-08-29,20,quantile,0.7,10.0
2026-08-22,wk inc covid hosp,1,2026-08-29,20,quantile,0.75,11.0
2026-08-22,wk inc covid hosp,1,2026-08-29,20,quantile,0.8,11.0
2026-08-22,wk inc covid hosp,1,2026-08-29,20,quantile,0.85,12.0
2026-08-22,wk inc covid hosp,1,2026-08-29,20,quantile,0.9,12.0
2026-08-22,wk inc covid hosp,1,2026-08-29,20,quantile,0.95,16.0
2026-08-22,wk inc covid hosp,1,2026-08-29,20,quantile,0.975,31.0
2026-08-22,wk inc covid hosp,1,2026-08-29,20,quantile,0.99,70.0
2026-08-22,wk inc covid hosp,1,2026-08-29,21,quantile,0.01,9.0
2026-08-22,wk inc covid hosp,1,2026-08-29,21,quantile,0.025,9.0
2026-08-22,wk inc covid hosp,1,2026-08-29,21,quantile,0.05,11.0
2026-08-22,wk inc covid hosp,1,2026-08-29,21,quantile,0.1,13.0
2026-08-22,wk inc covid hosp,1,2026-08-29,21,quantile,0.15,13.0
2026-08-22,wk inc covid hosp,1,2026-08-29,21,quantile,0.2,16.0
2026-08-22,wk inc covid hosp,1,2026-08-29,21,quantile,0.25,16.0
2026-08-22,wk inc covid hosp,1,2026-08-29,21,quantile,0.3,16.0
2026-08-22,wk inc covid hosp,1,2026-08-29,21,quantile,0.35,17.0
2026-08-22,wk inc covid hosp,1,2026-08-29,21,quantile,0.4,18.0
2026-08-22,wk inc covid hosp,1,2026-08-29,21,quantile,0.45,19.0
2026-08-22,wk inc covid hosp,1,2026-08-29,21,quantile,0.5,20.0
2026-08-22,wk inc covid hosp,1,2026-08-29,21,quantile,0.55,20.0
2026-08-22,wk inc covid hosp,1,2026-08-29,21,quantile,0.6,23.0
2026-08-22,wk inc covid hosp,1,2026-08-29,21,quantile,0.65,23.0
2026-08-22,wk inc covid hosp,1,2026-08-29,21,quantile,0.7,23.0
2026-08-22,wk inc covid hosp,1,2026-08-29,21,quantile,0.75,23.0
2026-08-22,wk inc covid hosp,1,2026-08-29,21,quantile,0.8,25.0
2026-08-22,wk inc covid hosp,1,2026-08-29,21,quantile,0.85,26.0
2026-08-22,wk inc covid hosp,1,2026-08-29,21,quantile,0.9,26.0
2026-08-22,wk inc covid hosp,1,2026-08-29,21,quantile,0.95,27.0
2026-08-22,wk inc covid hosp,1,2026-08-29,21,quantile,0.975,45.0
2026-08-22,wk inc covid hosp,1,2026-08-29,21,quantile,0.99,98.0
2026-08-22,wk inc covid hosp,1,2026-08-29,22,quantile,0.01,28.0
2026-08-22,wk inc covid hosp,1,2026-08-29,22,quantile,0.025,30.0
2026-08-22,wk inc covid hosp,1,2026-08-29,22,quantile,0.05,35.0
2026-08-22,wk inc covid hosp,1,2026-08-29,22,quantile,0.1,38.0
2026-08-22,wk inc covid hosp,1,2026-08-29,22,quantile,0.15,42.0
2026-08-22,wk inc covid hosp,1,2026-08-29,22,quantile,0.2,50.0
2026-08-22,wk inc covid hosp,1,2026-08-29,22,quantile,0.25,57.0
2026-08-22,wk inc covid hosp,1,2026-08-29,22,quantile,0.3,58.0
2026-08-22,wk inc covid hosp,1,2026-08-29,22,quantile,0.35,58.0
2026-08-22,wk inc covid hosp,1,2026-08-29,22,quantile,0.4,60.0
2026-08-22,wk inc covid hosp,1,2026-08-29,22,quantile,0.45,64.0
2026-08-22,wk inc covid hosp,1,2026-08-29,22,quantile,0.5,64.0
2026-08-22,wk inc covid hosp,1,2026-08-29,22,quantile,0.55,65.0
2026-08-22,wk inc covid hosp,1,2026-08-29,22,quantile,0.6,65.0
2026-08-22,wk inc covid hosp,1,2026-08-29,22,quantile,0.65,65.0
2026-08-22,wk inc covid hosp,1,2026-08-29,22,quantile,0.7,69.0
2026-08-22,wk inc covid hosp,1,2026-08-29,22,quantile,0.75,72.0
2026-08-22,wk inc covid hosp,1,2026-08-29,22,quantile,0.8,72.0
2026-08-22,wk inc covid hosp,1,2026-08-29,22,quantile,0.85,80.0
2026-08-22,wk inc covid hosp,1,2026-08-29,22,quantile,0.9,80.0
2026-08-22,wk inc covid hosp,1,2026-08-29,22,quantile,0.95,88.0
2026-08-22,wk inc covid hosp,1,2026-08-29,22,quantile,0.975,98.0
2026-08-22,wk inc covid hosp,1,2026-08-29,22,quantile,0.99,116.0
2026-08-22,wk inc covid hosp,1,2026-08-29,23,quantile,0.01,0.0
2026-08-22,wk inc covid hosp,1,2026-08-29,23,quantile,0.025,0.0
2026-08-22,wk inc covid hosp,1,2026-08-29,23,quantile,0.05,0.0
2026-08-22,wk inc covid hosp,1,2026-08-29,23,quantile,0.1,0.0
2026-08-22,wk inc covid hosp,1,2026-08-29,23,quantile,0.15,0.0
2026-08-22,wk inc covid hosp,1,2026-08-29,23,quantile,0.2,0.0
2026-08-22,wk inc covid hosp,1,2026-08-29,23,quantile,0.25,1.0
2026-08-22,wk inc covid hosp,1,2026-08-29,23,quantile,0.3,1.0
2026-08-22,wk inc covid hosp,1,2026-08-29,23,quantile,0.35,1.0
2026-08-22,wk inc covid hosp,1,2026-08-29,23,quantile,0.4,2.0
2026-08-22,wk inc covid hosp,1,2026-08-29,23,quantile,0.45,2.0
2026-08-22,wk inc covid hosp,1,2026-08-29,23,quantile,0.5,2.0
2026-08-22,wk inc covid hosp,1,2026-08-29,23,quantile,0.55,2.0
2026-08-22,wk inc covid hosp,1,2026-08-29,23,quantile,0.6,3.0
2026-08-22,wk inc covid hosp,1,2026-08-29,23,quantile,0.65,3.0
2026-08-22,wk inc covid hosp,1,2026-08-29,23,quantile,0.7,3.0
2026-08-22,wk inc covid hosp,1,2026-08-29,23,quantile,0.75,4.0
2026-08-22,wk inc covid hosp,1,2026-08-29,23,quantile,0.8,4.0
2026-08-22,wk inc covid hosp,1,2026-08-29,23,quantile,0.85,5.0
2026-08-22,wk inc covid hosp,1,2026-08-29,23,quantile,0.9,5.0
2026-08-22,wk inc covid hosp,1,2026-08-29,23,quantile,0.95,7.0
2026-08-22,wk inc covid hosp,1,2026-08-29,23,quantile,0.975,13.0
2026-08-22,wk inc covid hosp,1,2026-08-29,23,quantile,0.99,29.0
2026-08-22,wk inc covid hosp,1,2026-08-29,24,quantile,0.01,4.0
2026-08-22,wk inc covid hosp,1,2026-08-29,24,quantile,0.025,6.0
2026-08-22,wk inc covid hosp,1,2026-08-29,24,quantile,0.05,8.0
2026-08-22,wk inc covid hosp,1,2026-08-29,24,quantile,0.1,8.0
2026-08-22,wk inc covid hosp,1,2026-08-29,24,quantile,0.15,8.0
2026-08-22,wk inc covid hosp,1,2026-08-29,24,quantile,0.2,8.0
2026-08-22,wk inc covid hosp,1,2026-08-29,24,quantile,0.25,9.0
2026-08-22,wk inc covid hosp,1,2026-08-29,24,quantile,0.3,10.0
2026-08-22,wk inc covid hosp,1,2026-08-29,24,quantile,0.35,11.0
2026-08-22,wk inc covid hosp,1,2026-08-29,24,quantile,0.4,11.0
2026-08-22,wk inc covid hosp,1,2026-08-29,24,quantile,0.45,12.0
2026-08-22,wk inc covid hosp,1,2026-08-29,24,quantile,0.5,12.0
2026-08-22,wk inc covid hosp,1,2026-08-29,24,quantile,0.55,12.0
2026-08-22,wk inc covid hosp,1,2026-08-29,24,quantile,0.6,13.0
2026-08-22,wk inc covid hosp,1,2026-08-29,24,quantile,0.65,15.0
2026-08-22,wk inc covid hosp,1,2026-08-29,24,quantile,0.7,16.0
2026-08-22,wk inc covid hosp,1,2026-08-29,24,quantile,0.75,17.0
2026-08-22,wk inc covid hosp,1,2026-08-29,24,quantile,0.8,19.0
2026-08-22,wk inc covid hosp,1,2026-08-29,24,quantile,0.85,21.0
2026-08-22,wk inc covid hosp,1,2026-08-29,24,quantile,0.9,21.0
2026-08-22,wk inc covid hosp,1,2026-08-29,24,quantile,0.95,30.0
2026-08-22,wk inc covid hosp,1,2026-08-29,24,quantile,0.975,65.0
2026-08-22,wk inc covid hosp,1,2026-08-29,24,quantile,0.99,149.0
2026-08-22,wk inc covid hosp,1,2026-08-29,25,quantile,0.01,13.0
2026-08-22,wk inc covid hosp,1,2026-08-29,25,quantile,0.025,16.0
2026-08-22,wk inc covid hosp,1,2026-08-29,25,quantile,0.05,19.0
2026-08-22,wk inc covid hosp,1,2026-08-29,25,quantile,0.1,19.0
2026-08-22,wk inc covid hosp,1,2026-08-29,25,quantile,0.15,21.0
2026-08-22,wk inc covid hosp,1,2026-08-29,25,quantile,0.2,23.0
2026-08-22,wk inc covid hosp,1,2026-08-29,25,quantile,0.25,23.0
2026-08-22,wk inc covid hosp,1,2026-08-29,25,quantile,0.3,25.0
2026-08-22,wk inc covid hosp,1,2026-08-29,25,quantile,0.35,26.0
2026-08-22,wk inc covid hosp,1,2026-08-29,25,quantile,0.4,27.0
2026-08-22,wk inc covid hosp,1,2026-08-29,25,quantile,0.45,28.0
2026-08-22,wk inc covid hosp,1,2026-08-29,25,quantile,0.5,28.0
2026-08-22,wk inc covid hosp,1,2026-08-29,25,quantile,0.55,30.0
2026-08-22,wk inc covid hosp,1,2026-08-29,25,quantile,0.6,34.0
2026-08-22,wk inc covid hosp,1,2026-08-29,25,quantile,0.65,34.0
2026-08-22,wk inc covid hosp,1,2026-08-29,25,quantile,0.7,34.0
2026-08-22,wk inc covid hosp,1,2026-08-29,25,quantile,0.75,37.0
2026-08-22,wk inc covid hosp,1,2026-08-29,25,quantile,0.8,38.0
2026-08-22,wk inc covid hosp,1,2026-08-29,25,quantile,0.85,43.0
2026-08-22,wk inc covid hosp,1,2026-08-29,25,quantile,0.9,43.0
2026-08-22,wk inc covid hosp,1,2026-08-29,25,quantile,0.95,46.0
2026-08-22,wk inc covid hosp,1,2026-08-29,25,quantile,0.975,79.0
2026-08-22,wk inc covid hosp,1,2026-08-29,25,quantile,0.99,169.0
2026-08-22,wk inc covid hosp,1,2026-08-29,26,quantile,0.01,9.0
2026-08-22,wk inc covid hosp,1,2026-08-29,26,quantile,0.025,11.0
2026-08-22,wk inc covid hosp,1,2026-08-29,26,quantile,0.05,13.0
2026-08-22,wk inc covid hosp,1,2026-08-29,26,quantile,0.1,13.0
2026-08-22,wk inc covid hosp,1,2026-08-29,26,quantile,0.15,14.0
2026-08-22,wk inc covid hosp,1,2026-08-29,26,quantile,0.2,17.0
2026-08-22,wk inc covid hosp,1,2026-08-29,26,quantile,0.25,19.0
2026-08-22,wk inc covid hosp,1,2026-08-29,26,quantile,0.3,19.0
2026-08-22,wk inc covid hosp,1,2026-08-29,26,quantile,0.35,20.0
2026-08-22,wk inc covid hosp,1,2026-08-29,26,quantile,0.4,20.0
2026-08-22,wk inc covid hosp,1,2026-08-29,26,quantile,0.45,23.0
2026-08-22,wk inc covid hosp,1,2026-08-29,26,quantile,0.5,23.0
2026-08-22,wk inc covid hosp,1,2026-08-29,26,quantile,0.55,24.0
2026-08-22,wk inc covid hosp,1,2026-08-29,26,quantile,0.6,25.0
2026-08-22,wk inc covid hosp,1,2026-08-29,26,quantile,0.65,28.0
2026-08-22,wk inc covid hosp,1,2026-08-29,26,quantile,0.7,29.0
2026-08-22,wk inc covid hosp,1,2026-08-29,26,quantile,0.75,29.0
2026-08-22,wk inc covid hosp,1,2026-08-29,26,quantile,0.8,29.0
2026-08-22,wk inc covid hosp,1,2026-08-29,26,quantile,0.85,29.0
2026-08-22,wk inc covid hosp,1,2026-08-29,26,quantile,0.9,31.0
2026-08-22,wk inc covid hosp,1,2026-08-29,26,quantile,0.95,49.0
2026-08-22,wk inc covid hosp,1,2026-08-29,26,quantile,0.975,108.0
2026-08-22,wk inc covid hosp,1,2026-08-29,26,quantile,0.99,259.0
2026-08-22,wk inc covid hosp,1,2026-08-29,27,quantile,0.01,2.0
2026-08-22,wk inc covid hosp,1,2026-08-29,27,quantile,0.025,5.0
2026-08-22,wk inc covid hosp,1,2026-08-29,27,quantile,0.05,6.0
2026-08-22,wk inc covid hosp,1,2026-08-29,27,quantile,0.1,8.0
2026-08-22,wk inc covid hosp,1,2026-08-29,27,quantile,0.15,8.0
2026-08-22,wk inc covid hosp,1,2026-08-29,27,quantile,0.2,8.0
2026-08-22,wk inc covid hosp,1,2026-08-29,27,quantile,0.25,8.0
2026-08-22,wk inc covid hosp,1,2026-08-29,27,quantile,0.3,8.0
2026-08-22,wk inc covid hosp,1,2026-08-29,27,quantile,0.35,9.0
2026-08-22,wk inc covid hosp,1,2026-08-29,27,quantile,0.4,10.0
2026-08-22,wk inc covid hosp,1,2026-08-29,27,quantile,0.45,10.0
2026-08-22,wk inc covid hosp,1,2026-08-29,27,quantile,0.5,10.0
2026-08-22,wk inc covid hosp,1,2026-08-29,27,quantile,0.55,11.0
2026-08-22,wk inc covid hosp,1,2026-08-29,27,quantile,0.6,11.0
2026-08-22,wk inc covid hosp,1,2026-08-29,27,quantile,0.65,13.0
2026-08-22,wk inc covid hosp,1,2026-08-29,27,quantile,0.7,14.0
2026-08-22,wk inc covid hosp,1,2026-08-29,27,quantile,0.75,14.0
2026-08-22,wk inc covid hosp,1,2026-08-29,27,quantile,0.8,16.0
2026-08-22,wk inc covid hosp,1,2026-08-29,27,quantile,0.85,18.0
2026-08-22,wk inc covid hosp,1,2026-08-29,27,quantile,0.9,20.0
2026-08-22,wk inc covid hosp,1,2026-08-29,27,quantile,0.95,28.0
2026-08-22,wk inc covid hosp,1,2026-08-29,27,quantile,0.975,63.0
2026-08-22,wk inc covid hosp,1,2026-08-29,27,quantile,0.99,138.0
2026-08-22,wk inc covid hosp,1,2026-08-29,28,quantile,0.01,14.0
2026-08-22,wk inc covid hosp,1,2026-08-29,28,quantile,0.025,17.0
2026-08-22,wk inc covid hosp,1,2026-08-29,28,quantile,0.05,19.0
2026-08-22,wk inc covid hosp,1,2026-08-29,28,quantile,0.1,23.0
2026-08-22,wk inc covid hosp,1,2026-08-29,28,quantile,0.15,28.0
2026-08-22,wk inc covid hosp,1,2026-08-29,28,quantile,0.2,35.0
2026-08-22,wk inc covid hosp,1,2026-08-29,28,quantile,0.25,38.0
2026-08-22,wk inc covid hosp,1,2026-08-29,28,quantile,0.3,44.0
2026-08-22,wk inc covid hosp,1,2026-08-29,28,quantile,0.35,46.0
2026-08-22,wk inc covid hosp,1,2026-08-29,28,quantile,0.4,48.0
2026-08-22,wk inc covid hosp,1,2026-08-29,28,quantile,0.45,49.0
2026-08-22,wk inc covid hosp,1,2026-08-29,28,quantile,0.5,49.0
2026-08-22,wk inc covid hosp,1,2026-08-29,28,quantile,0.55,50.0
2026-08-22,wk inc covid hosp,1,2026-08-29,28,quantile,0.6,50.0
2026-08-22,wk inc covid hosp,1,2026-08-29,28,quantile,0.65,54.0
2026-08-22,wk inc covid hosp,1,2026-08-29,28,quantile,0.7,54.0
2026-08-22,wk inc covid hosp,1,2026-08-29,28,quantile,0.75,54.0
2026-08-22,wk inc covid hosp,1,2026-08-29,28,quantile,0.8,56.0
2026-08-22,wk inc covid hosp,1,2026-08-29,28,quantile,0.85,58.0
2026-08-22,wk inc covid hosp,1,2026-08-29,28,quantile,0.9,63.0
2026-08-22,wk inc covid hosp,1,2026-08-29,28,quantile,0.95,63.0
2026-08-22,wk inc covid hosp,1,2026-08-29,28,quantile,0.975,63.0
2026-08-22,wk inc covid hosp,1,2026-08-29,28,quantile,0.99,77.0
2026-08-22,wk inc covid hosp,1,2026-08-29,29,quantile,0.01,10.0
2026-08-22,wk inc covid hosp,1,2026-08-29,29,quantile,0.025,16.0
2026-08-22,wk inc covid hosp,1,2026-08-29,29,quantile,0.05,18.0
2026-08-22,wk inc covid hosp,1,2026-08-29,29,quantile,0.1,18.0
2026-08-22,wk inc covid hosp,1,2026-08-29,29,quantile,0.15,19.0
2026-08-22,wk inc covid hosp,1,2026-08-29,29,quantile,0.2,21.0
2026-08-22,wk inc covid hosp,1,2026-08-29,29,quantile,0.25,21.0
2026-08-22,wk inc covid hosp,1,2026-08-29,29,quantile,0.3,23.0
2026-08-22,wk inc covid hosp,1,2026-08-29,29,quantile,0.35,23.0
2026-08-22,wk inc covid hosp,1,2026-08-29,29,quantile,0.4,23.0
2026-08-22,wk inc covid hosp,1,2026-08-29,29,quantile,0.45,25.0
2026-08-22,wk inc covid hosp,1,2026-08-29,29,quantile,0.5,27.0
2026-08-22,wk inc covid hosp,1,2026-08-29,29,quantile,0.55,28.0
2026-08-22,wk inc covid hosp,1,2026-08-29,29,quantile,0.6,31.0
2026-08-22,wk inc covid hosp,1,2026-08-29,29,quantile,0.65,32.0
2026-08-22,wk inc covid hosp,1,2026-08-29,29,quantile,0.7,32.0
2026-08-22,wk inc covid hosp,1,2026-08-29,29,quantile,0.75,32.0
2026-08-22,wk inc covid hosp,1,2026-08-29,29,quantile,0.8,34.0
2026-08-22,wk inc covid hosp,1,2026-08-29,29,quantile,0.85,36.0
2026-08-22,wk inc covid hosp,1,2026-08-29,29,quantile,0.9,36.0
2026-08-22,wk inc covid hosp,1,2026-08-29,29,quantile,0.95,40.0
2026-08-22,wk inc covid hosp,1,2026-08-29,29,quantile,0.975,72.0
2026-08-22,wk inc covid hosp,1,2026-08-29,29,quantile,0.99,161.0
2026-08-22,wk inc covid hosp,1,2026-08-29,30,quantile,0.01,0.0
2026-08-22,wk inc covid hosp,1,2026-08-29,30,quantile,0.025,0.0
2026-08-22,wk inc covid hosp,1,2026-08-29,30,quantile,0.05,0.0
2026-08-22,wk inc covid hosp,1,2026-08-29,30,quantile,0.1,0.0
2026-08-22,wk inc covid hosp,1,2026-08-29,30,quantile,0.15,0.0
2026-08-22,wk inc covid hosp,1,2026-08-29,30,quantile,0.2,0.0
2026-08-22,wk inc covid hosp,1,2026-08-29,30,quantile,0.25,1.0
2026-08-22,wk inc covid hosp,1,2026-08-29,30,quantile,0.3,1.0
2026-08-22,wk inc covid hosp,1,2026-08-29,30,quantile,0.35,2.0
2026-08-22,wk inc covid hosp,1,2026-08-29,30,quantile,0.4,2.0
2026-08-22,wk inc covid hosp,1,2026-08-29,30,quantile,0.45,2.0
2026-08-22,wk inc covid hosp,1,2026-08-29,30,quantile,0.5,3.0
2026-08-22,wk inc covid hosp,1,2026-08-29,30,quantile,0.55,3.0
2026-08-22,wk inc covid hosp,1,2026-08-29,30,quantile,0.6,3.0
2026-08-22,wk inc covid hosp,1,2026-08-29,30,quantile,0.65,3.0
2026-08-22,wk inc covid hosp,1,2026-08-29,30,quantile,0.7,4.0
2026-08-22,wk inc covid hosp,1,2026-08-29,30,quantile,0.75,4.0
2026-08-22,wk inc covid hosp,1,2026-08-29,30,quantile,0.8,5.0
2026-08-22,wk inc covid hosp,1,2026-08-29,30,quantile,0.85,6.0
2026-08-22,wk inc covid hosp,1,2026-08-29,30,quantile,0.9,6.0
2026-08-22,wk inc covid hosp,1,2026-08-29,30,quantile,0.95,7.0
2026-08-22,wk inc covid hosp,1,2026-08-29,30,quantile,0.975,11.0
2026-08-22,wk inc covid hosp,1,2026-08-29,30,quantile,0.99,25.0
2026-08-22,wk inc covid hosp,1,2026-08-29,31,quantile,0.01,0.0
2026-08-22,wk inc covid hosp,1,2026-08-29,31,quantile,0.025,0.0
2026-08-22,wk inc covid hosp,1,2026-08-29,31,quantile,0.05,0.0
2026-08-22,wk inc covid hosp,1,2026-08-29,31,quantile,0.1,0.0
2026-08-22,wk inc covid hosp,1,2026-08-29,31,quantile,0.15,1.0
2026-08-22,wk inc covid hosp,1,2026-08-29,31,quantile,0.2,1.0
2026-08-22,wk inc covid hosp,1,2026-08-29,31,quantile,0.25,1.0
2026-08-22,wk inc covid hosp,1,2026-08-29,31,quantile,0.3,2.0
2026-08-22,wk inc covid hosp,1,2026-08-29,31,quantile,0.35,2.0
2026-08-22,wk inc covid hosp,1,2026-08-29,31,quantile,0.4,2.0
2026-08-22,wk inc covid hosp,1,2026-08-29,31,quantile,0.45,2.0
2026-08-22,wk inc covid hosp,1,2026-08-29,31,quantile,0.5,3.0
2026-08-22,wk inc covid hosp,1,2026-08-29,31,quantile,0.55,3.0
2026-08-22,wk inc covid hosp,1,2026-08-29,31,quantile,0.6,3.0
2026-08-22,wk inc covid hosp,1,2026-08-29,31,quantile,0.65,4.0
2026-08-22,wk inc covid hosp,1,2026-08-29,31,quantile,0.7,4.0
2026-08-22,wk inc covid hosp,1,2026-08-29,31,quantile,0.75,4.0
2026-08-22,wk inc covid hosp,1,2026-08-29,31,quantile,0.8,4.0
2026-08-22,wk inc covid hosp,1,2026-08-29,31,quantile,0.85,5.0
2026-08-22,wk inc covid hosp,1,2026-08-29,31,quantile,0.9,6.0
2026-08-22,wk inc covid hosp,1,2026-08-29,31,quantile,0.95,10.0
2026-08-22,wk inc covid hosp,1,2026-08-29,31,quantile,0.975,20.0
2026-08-22,wk inc covid hosp,1,2026-08-29,31,quantile,0.99,46.0
2026-08-22,wk inc covid hosp,1,2026-08-29,32,quantile,0.01,7.0
2026-08-22,wk inc covid hosp,1,2026-08-29,32,quantile,0.025,10.0
2026-08-22,wk inc covid hosp,1,2026-08-29,32,quantile,0.05,11.0
2026-08-22,wk inc covid hosp,1,2026-08-29,32,quantile,0.1,14.0
2026-08-22,wk inc covid hosp,1,2026-08-29,32,quantile,0.15,17.0
2026-08-22,wk inc covid hosp,1,2026-08-29,32,quantile,0.2,17.0
2026-08-22,wk inc covid hosp,1,2026-08-29,32,quantile,0.25,17.0
2026-08-22,wk inc covid hosp,1,2026-08-29,32,quantile,0.3,17.0
2026-08-22,wk inc covid hosp,1,2026-08-29,32,quantile,0.35,18.0
2026-08-22,wk inc covid hosp,1,2026-08-29,32,quantile,0.4,18.0
2026-08-22,wk inc covid hosp,1,2026-08-29,32,quantile,0.45,19.0
2026-08-22,wk inc covid hosp,1,2026-08-29,32,quantile,0.5,21.0
2026-08-22,wk inc covid hosp,1,2026-08-29,32,quantile,0.55,21.0
2026-08-22,wk inc covid hosp,1,2026-08-29,32,quantile,0.6,22.0
2026-08-22,wk inc covid hosp,1,2026-08-29,32,quantile,0.65,24.0
2026-08-22,wk inc covid hosp,1,2026-08-29,32,quantile,0.7,24.0
2026-08-22,wk inc covid hosp,1,2026-08-29,32,quantile,0.75,25.0
2026-08-22,wk inc covid hosp,1,2026-08-29,32,quantile,0.8,25.0
2026-08-22,wk inc covid hosp,1,2026-08-29,32,quantile,0.85,26.0
2026-08-22,wk inc covid hosp,1,2026-08-29,32,quantile,0.9,26.0
2026-08-22,wk inc covid hosp,1,2026-08-29,32,quantile,0.95,29.0
2026-08-22,wk inc covid hosp,1,2026-08-29,32,quantile,0.975,38.0
2026-08-22,wk inc covid hosp,1,2026-08-29,32,quantile,0.99,73.0
2026-08-22,wk inc covid hosp,1,2026-08-29,33,quantile,0.01,2.0
2026-08-22,wk inc covid hosp,1,2026-08-29,33,quantile,0.025,2.0
2026-08-22,wk inc covid hosp,1,2026-08-29,33,quantile,0.05,2.0
2026-08-22,wk inc covid hosp,1,2026-08-29,33,quantile,0.1,3.0
2026-08-22,wk inc covid hosp,1,2026-08-29,33,quantile,0.15,3.0
2026-08-22,wk inc covid hosp,1,2026-08-29,33,quantile,0.2,4.0
2026-08-22,wk inc covid hosp,1,2026-08-29,33,quantile,0.25,4.0
2026-08-22,wk inc covid hosp,1,2026-08-29,33,quantile,0.3,4.0
2026-08-22,wk inc covid hosp,1,2026-08-29,33,quantile,0.35,4.0
2026-08-22,wk inc covid hosp,1,2026-08-29,33,quantile,0.4,5.0
2026-08-22,wk inc covid hosp,1,2026-08-29,33,quantile,0.45,5.0
2026-08-22,wk inc covid hosp,1,2026-08-29,33,quantile,0.5,6.0
2026-08-22,wk inc covid hosp,1,2026-08-29,33,quantile,0.55,7.0
2026-08-22,wk inc covid hosp,1,2026-08-29,33,quantile,0.6,7.0
2026-08-22,wk inc covid hosp,1,2026-08-29,33,quantile,0.65,8.0
2026-08-22,wk inc covid hosp,1,2026-08-29,33,quantile,0.7,8.0
2026-08-22,wk inc covid hosp,1,2026-08-29,33,quantile,0.75,9.0
2026-08-22,wk inc covid hosp,1,2026-08-29,33,quantile,0.8,9.0
2026-08-22,wk inc covid hosp,1,2026-08-29,33,quantile,0.85,9.0
2026-08-22,wk inc covid hosp,1,2026-08-29,33,quantile,0.9,9.0
2026-08-22,wk inc covid hosp,1,2026-08-29,33,quantile,0.95,10.0
2026-08-22,wk inc covid hosp,1,2026-08-29,33,quantile,0.975,14.0
2026-08-22,wk inc covid hosp,1,2026-08-29,33,quantile,0.99,32.0
2026-08-22,wk inc covid hosp,1,2026-08-29,34,quantile,0.01,26.0
2026-08-22,wk inc covid hosp,1,2026-08-29,34,quantile,0.025,32.0
2026-08-22,wk inc covid hosp,1,2026-08-29,34,quantile,0.05,33.0
2026-08-22,wk inc covid hosp,1,2026-08-29,34,quantile,0.1,45.0
2026-08-22,wk inc covid hosp,1,2026-08-29,34,quantile,0.15,52.0
2026-08-22,wk inc covid hosp,1,2026-08-29,34,quantile,0.2,54.0
2026-08-22,wk inc covid hosp,1,2026-08-29,34,quantile,0.25,54.0
2026-08-22,wk inc covid hosp,1,2026-08-29,34,quantile,0.3,54.0
2026-08-22,wk inc covid hosp,1,2026-08-29,34,quantile,0.35,54.0
2026-08-22,wk inc covid hosp,1,2026-08-29,34,quantile,0.4,54.0
2026-08-22,wk inc covid hosp,1,2026-08-29,34,quantile,0.45,58.0
2026-08-22,wk inc covid hosp,1,2026-08-29,34,quantile,0.5,60.0
2026-08-22,wk inc covid hosp,1,2026-08-29,34,quantile,0.55,61.0
2026-08-22,wk inc covid hosp,1,2026-08-29,34,quantile,0.6,62.0
2026-08-22,wk inc covid hosp,1,2026-08-29,34,quantile,0.65,62.0
2026-08-22,wk inc covid hosp,1,2026-08-29,34,quantile,0.7,62.0
2026-08-22,wk inc covid hosp,1,2026-08-29,34,quantile,0.75,69.0
2026-08-22,wk inc covid hosp,1,2026-08-29,34,quantile,0.8,69.0
2026-08-22,wk inc covid hosp,1,2026-08-29,34,quantile,0.85,72.0
2026-08-22,wk inc covid hosp,1,2026-08-29,34,quantile,0.9,75.0
2026-08-22,wk inc covid hosp,1,2026-08-29,34,quantile,0.95,82.0
2026-08-22,wk inc covid hosp,1,2026-08-29,34,quantile,0.975,110.0
2026-08-22,wk inc covid hosp,1,2026-08-29,34,quantile,0.99,217.0
2026-08-22,wk inc covid hosp,1,2026-08-29,35,quantile,0.01,1.0
2026-08-22,wk inc covid hosp,1,2026-08-29,35,quantile,0.025,2.0
2026-08-22,wk inc covid hosp,1,2026-08-29,35,quantile,0.05,3.0
2026-08-22,wk inc covid hosp,1,2026-08-29,35,quantile,0.1,5.0
2026-08-22,wk inc covid hosp,1,2026-08-29,35,quantile,0.15,5.0
2026-08-22,wk inc covid hosp,1,2026-08-29,35,quantile,0.2,6.0
2026-08-22,wk inc covid hosp,1,2026-08-29,35,quantile,0.25,6.0
2026-08-22,wk inc covid hosp,1,2026-08-29,35,quantile,0.3,7.0
2026-08-22,wk inc covid hosp,1,2026-08-29,35,quantile,0.35,7.0
2026-08-22,wk inc covid hosp,1,2026-08-29,35,quantile,0.4,7.0
2026-08-22,wk inc covid hosp,1,2026-08-29,35,quantile,0.45,7.0
2026-08-22,wk inc covid hosp,1,2026-08-29,35,quantile,0.5,8.0
2026-08-22,wk inc covid hosp,1,2026-08-29,35,quantile,0.55,9.0
2026-08-22,wk inc covid hosp,1,2026-08-29,35,quantile,0.6,9.0
2026-08-22,wk inc covid hosp,1,2026-08-29,35,quantile,0.65,10.0
2026-08-22,wk inc covid hosp,1,2026-08-29,35,quantile,0.7,10.0
2026-08-22,wk inc covid hosp,1,2026-08-29,35,quantile,0.75,10.0
2026-08-22,wk inc covid hosp,1,2026-08-29,35,quantile,0.8,10.0
2026-08-22,wk inc covid hosp,1,2026-08-29,35,quantile,0.85,10.0
2026-08-22,wk inc covid hosp,1,2026-08-29,35,quantile,0.9,11.0
2026-08-22,wk inc covid hosp,1,2026-08-29,35,quantile,0.95,12.0
2026-08-22,wk inc covid hosp,1,2026-08-29,35,quantile,0.975,22.0
2026-08-22,wk inc covid hosp,1,2026-08-29,35,quantile,0.99,53.0
2026-08-22,wk inc covid hosp,1,2026-08-29,36,quantile,0.01,99.0
2026-08-22,wk inc covid hosp,1,2026-08-29,36,quantile,0.025,99.0
2026-08-22,wk inc covid hosp,1,2026-08-29,36,quantile,0.05,107.0
2026-08-22,wk inc covid hosp,1,2026-08-29,36,quantile,0.1,117.0
2026-08-22,wk inc covid hosp,1,2026-08-29,36,quantile,0.15,128.0
2026-08-22,wk inc covid hosp,1,2026-08-29,36,quantile,0.2,146.0
2026-08-22,wk inc covid hosp,1,2026-08-29,36,quantile,0.25,146.0
2026-08-22,wk inc covid hosp,1,2026-08-29,36,quantile,0.3,146.0
2026-08-22,wk inc covid hosp,1,2026-08-29,36,quantile,0.35,149.0
2026-08-22,wk inc covid hosp,1,2026-08-29,36,quantile,0.4,149.0
2026-08-22,wk inc covid hosp,1,2026-08-29,36,quantile,0.45,151.0
2026-08-22,wk inc covid hosp,1,2026-08-29,36,quantile,0.5,154.0
2026-08-22,wk inc covid hosp,1,2026-08-29,36,quantile,0.55,154.0
2026-08-22,wk inc covid hosp,1,2026-08-29,36,quantile,0.6,156.0
2026-08-22,wk inc covid hosp,1,2026-08-29,36,quantile,0.65,162.0
2026-08-22,wk inc covid hosp,1,2026-08-29,36,quantile,0.7,167.0
2026-08-22,wk inc covid hosp,1,2026-08-29,36,quantile,0.75,168.0
2026-08-22,wk inc covid hosp,1,2026-08-29,36,quantile,0.8,168.0
2026-08-22,wk inc covid hosp,1,2026-08-29,36,quantile,0.85,182.0
2026-08-22,wk inc covid hosp,1,2026-08-29,36,quantile,0.9,187.0
2026-08-22,wk inc covid hosp,1,2026-08-29,36,quantile,0.95,195.0
2026-08-22,wk inc covid hosp,1,2026-08-29,36,quantile,0.975,257.0
2026-08-22,wk inc covid hosp,1,2026-08-29,36,quantile,0.99,476.0
2026-08-22,wk inc covid hosp,1,2026-08-29,37,quantile,0.01,55.0
2026-08-22,wk inc covid hosp,1,2026-08-29,37,quantile,0.025,67.0
2026-08-22,wk inc covid hosp,1,2026-08-29,37,quantile,0.05,86.0
2026-08-22,wk inc covid hosp,1,2026-08-29,37,quantile,0.1,99.0
2026-08-22,wk inc covid hosp,1,2026-08-29,37,quantile,0.15,114.0
2026-08-22,wk inc covid hosp,1,2026-08-29,37,quantile,0.2,118.0
2026-08-22,wk inc covid hosp,1,2026-08-29,37,quantile,0.25,121.0
2026-08-22,wk inc covid hosp,1,2026-08-29,37,quantile,0.3,122.0
2026-08-22,wk inc covid hosp,1,2026-08-29,37,quantile,0.35,127.0
2026-08-22,wk inc covid hosp,1,2026-08-29,37,quantile,0.4,131.0
2026-08-22,wk inc covid hosp,1,2026-08-29,37,quantile,0.45,131.0
2026-08-22,wk inc covid hosp,1,2026-08-29,37,quantile,0.5,137.0
2026-08-22,wk inc covid hosp,1,2026-08-29,37,quantile,0.55,137.0
2026-08-22,wk inc covid hosp,1,2026-08-29,37,quantile,0.6,137.0
2026-08-22,wk inc covid hosp,1,2026-08-29,37,quantile,0.65,137.0
2026-08-22,wk inc covid hosp,1,2026-08-29,37,quantile,0.7,141.0
2026-08-22,wk inc covid hosp,1,2026-08-29,37,quantile,0.75,151.0
2026-08-22,wk inc covid hosp,1,2026-08-29,37,quantile,0.8,153.0
2026-08-22,wk inc covid hosp,1,2026-08-29,37,quantile,0.85,153.0
2026-08-22,wk inc covid hosp,1,2026-08-29,37,quantile,0.9,155.0
2026-08-22,wk inc covid hosp,1,2026-08-29,37,quantile,0.95,155.0
2026-08-22,wk inc covid hosp,1,2026-08-29,37,quantile,0.975,169.0
2026-08-22,wk inc covid hosp,1,2026-08-29,37,quantile,0.99,257.0
2026-08-22,wk inc covid hosp,1,2026-08-29,38,quantile,0.01,0.0
2026-08-22,wk inc covid hosp,1,2026-08-29,38,quantile,0.025,0.0
2026-08-22,wk inc covid hosp,1,2026-08-29,38,quantile,0.05,0.0
2026-08-22,wk inc covid hosp,1,2026-08-29,38,quantile,0.1,0.0
2026-08-22,wk inc covid hosp,1,2026-08-29,38,quantile,0.15,0.0
2026-08-22,wk inc covid hosp,1,2026-08-29,38,quantile,0.2,0.0
2026-08-22,wk inc covid hosp,1,2026-08-29,38,quantile,0.25,0.0
2026-08-22,wk inc covid hosp,1,2026-08-29,38,quantile,0.3,1.0
2026-08-22,wk inc covid hosp,1,2026-08-29,38,quantile,0.35,1.0
2026-08-22,wk inc covid hosp,1,2026-08-29,38,quantile,0.4,1.0
2026-08-22,wk inc covid hosp,1,2026-08-29,38,quantile,0.45,1.0
2026-08-22,wk inc covid hosp,1,2026-08-29,38,quantile,0.5,1.0
2026-08-22,wk inc covid hosp,1,2026-08-29,38,quantile,0.55,2.0
2026-08-22,wk inc covid hosp,1,2026-08-29,38,quantile,0.6,2.0
2026-08-22,wk inc covid hosp,1,2026-08-29,38,quantile,0.65,2.0
2026-08-22,wk inc covid hosp,1,2026-08-29,38,quantile,0.7,2.0
2026-08-22,wk inc covid hosp,1,2026-08-29,38,quantile,0.75,2.0
2026-08-22,wk inc covid hosp,1,2026-08-29,38,quantile,0.8,3.0
2026-08-22,wk inc covid hosp,1,2026-08-29,38,quantile,0.85,3.0
2026-08-22,wk inc covid hosp,1,2026-08-29,38,quantile,0.9,3.0
2026-08-22,wk inc covid hosp,1,2026-08-29,38,quantile,0.95,4.0
2026-08-22,wk inc covid hosp,1,2026-08-29,38,quantile,0.975,7.0
2026-08-22,wk inc covid hosp,1,2026-08-29,38,quantile,0.99,17.0
2026-08-22,wk inc covid hosp,1,2026-08-29,39,quantile,0.01,14.0
2026-08-22,wk inc covid hosp,1,2026-08-29,39,quantile,0.025,29.0
2026-08-22,wk inc covid hosp,1,2026-08-29,39,quantile,0.05,33.0
2026-08-22,wk inc covid hosp,1,2026-08-29,39,quantile,0.1,34.0
2026-08-22,wk inc covid hosp,1,2026-08-29,39,quantile,0.15,39.0
2026-08-22,wk inc covid hosp,1,2026-08-29,39,quantile,0.2,39.0
2026-08-22,wk inc covid hosp,1,2026-08-29,39,quantile,0.25,39.0
2026-08-22,wk inc covid hosp,1,2026-08-29,39,quantile,0.3,41.0
2026-08-22,wk inc covid hosp,1,2026-08-29,39,quantile,0.35,41.0
2026-08-22,wk inc covid hosp,1,2026-08-29,39,quantile,0.4,44.0
2026-08-22,wk inc covid hosp,1,2026-08-29,39,quantile,0.45,47.0
2026-08-22,wk inc covid hosp,1,2026-08-29,39,quantile,0.5,51.0
2026-08-22,wk inc covid hosp,1,2026-08-29,39,quantile,0.55,53.0
2026-08-22,wk inc covid hosp,1,2026-08-29,39,quantile,0.6,57.0
2026-08-22,wk inc covid hosp,1,2026-08-29,39,quantile,0.65,57.0
2026-08-22,wk inc covid hosp,1,2026-08-29,39,quantile,0.7,57.0
2026-08-22,wk inc covid hosp,1,2026-08-29,39,quantile,0.75,57.0
2026-08-22,wk inc covid hosp,1,2026-08-29,39,quantile,0.8,61.0
2026-08-22,wk inc covid hosp,1,2026-08-29,39,quantile,0.85,65.0
2026-08-22,wk inc covid hosp,1,2026-08-29,39,quantile,0.9,65.0
2026-08-22,wk inc covid hosp,1,2026-08-29,39,quantile,0.95,71.0
2026-08-22,wk inc covid hosp,1,2026-08-29,39,quantile,0.975,133.0
2026-08-22,wk inc covid hosp,1,2026-08-29,39,quantile,0.99,284.0
2026-08-22,wk inc covid hosp,1,2026-08-29,40,quantile,0.01,3.0
2026-08-22,wk inc covid hosp,1,2026-08-29,40,quantile,0.025,5.0
2026-08-22,wk inc covid hosp,1,2026-08-29,40,quantile,0.05,7.0
2026-08-22,wk inc covid hosp,1,2026-08-29,40,quantile,0.1,7.0
2026-08-22,wk inc covid hosp,1,2026-08-29,40,quantile,0.15,7.0
2026-08-22,wk inc covid hosp,1,2026-08-29,40,quantile,0.2,9.0
2026-08-22,wk inc covid hosp,1,2026-08-29,40,quantile,0.25,9.0
2026-08-22,wk inc covid hosp,1,2026-08-29,40,quantile,0.3,10.0
2026-08-22,wk inc covid hosp,1,2026-08-29,40,quantile,0.35,10.0
2026-08-22,wk inc covid hosp,1,2026-08-29,40,quantile,0.4,11.0
2026-08-22,wk inc covid hosp,1,2026-08-29,40,quantile,0.45,11.0
2026-08-22,wk inc covid hosp,1,2026-08-29,40,quantile,0.5,12.0
2026-08-22,wk inc covid hosp,1,2026-08-29,40,quantile,0.55,13.0
2026-08-22,wk inc covid hosp,1,2026-08-29,40,quantile,0.6,14.0
2026-08-22,wk inc covid hosp,1,2026-08-29,40,quantile,0.65,14.0
2026-08-22,wk inc covid hosp,1,2026-08-29,40,quantile,0.7,14.0
2026-08-22,wk inc covid hosp,1,2026-08-29,40,quantile,0.75,14.0
2026-08-22,wk inc covid hosp,1,2026-08-29,40,quantile,0.8,15.0
2026-08-22,wk inc covid hosp,1,2026-08-29,40,quantile,0.85,16.0
2026-08-22,wk inc covid hosp,1,2026-08-29,40,quantile,0.9,16.0
2026-08-22,wk inc covid hosp,1,2026-08-29,40,quantile,0.95,19.0
2026-08-22,wk inc covid hosp,1,2026-08-29,40,quantile,0.975,41.0
2026-08-22,wk inc covid hosp,1,2026-08-29,40,quantile,0.99,94.0
2026-08-22,wk inc covid hosp,1,2026-08-29,41,quantile,0.01,2.0
2026-08-22,wk inc covid hosp,1,2026-08-29,41,quantile,0.025,4.0
2026-08-22,wk inc covid hosp,1,2026-08-29,41,quantile,0.05,7.0
2026-08-22,wk inc covid hosp,1,2026-08-29,41,quantile,0.1,7.0
2026-08-22,wk inc covid hosp,1,2026-08-29,41,quantile,0.15,8.0
2026-08-22,wk inc covid hosp,1,2026-08-29,41,quantile,0.2,9.0
2026-08-22,wk inc covid hosp,1,2026-08-29,41,quantile,0.25,9.0
2026-08-22,wk inc covid hosp,1,2026-08-29,41,quantile,0.3,10.0
2026-08-22,wk inc covid hosp,1,2026-08-29,41,quantile,0.35,10.0
2026-08-22,wk inc covid hosp,1,2026-08-29,41,quantile,0.4,11.0
2026-08-22,wk inc covid hosp,1,2026-08-29,41,quantile,0.45,11.0
2026-08-22,wk inc covid hosp,1,2026-08-29,41,quantile,0.5,11.0
2026-08-22,wk inc covid hosp,1,2026-08-29,41,quantile,0.55,13.0
2026-08-22,wk inc covid hosp,1,2026-08-29,41,quantile,0.6,14.0
2026-08-22,wk inc covid hosp,1,2026-08-29,41,quantile,0.65,14.0
2026-08-22,wk inc covid hosp,1,2026-08-29,41,quantile,0.7,14.0
2026-08-22,wk inc covid hosp,1,2026-08-29,41,quantile,0.75,16.0
2026-08-22,wk inc covid hosp,1,2026-08-29,41,quantile,0.8,16.0
2026-08-22,wk inc covid hosp,1,2026-08-29,41,quantile,0.85,16.0
2026-08-22,wk inc covid hosp,1,2026-08-29,41,quantile,0.9,17.0
2026-08-22,wk inc covid hosp,1,2026-08-29,41,quantile,0.95,24.0
2026-08-22,wk inc covid hosp,1,2026-08-29,41,quantile,0.975,46.0
2026-08-22,wk inc covid hosp,1,2026-08-29,41,quantile,0.99,105.0
2026-08-22,wk inc covid hosp,1,2026-08-29,42,quantile,0.01,29.0
2026-08-22,wk inc covid hosp,1,2026-08-29,42,quantile,0.025,38.0
2026-08-22,wk inc covid hosp,1,2026-08-29,42,quantile,0.05,42.0
2026-08-22,wk inc covid hosp,1,2026-08-29,42,quantile,0.1,55.0
2026-08-22,wk inc covid hosp,1,2026-08-29,42,quantile,0.15,59.0
2026-08-22,wk inc covid hosp,1,2026-08-29,42,quantile,0.2,59.0
2026-08-22,wk inc covid hosp,1,2026-08-29,42,quantile,0.25,59.0
2026-08-22,wk inc covid hosp,1,2026-08-29,42,quantile,0.3,63.0
2026-08-22,wk inc covid hosp,1,2026-08-29,42,quantile,0.35,63.0
2026-08-22,wk inc covid hosp,1,2026-08-29,42,quantile,0.4,64.0
2026-08-22,wk inc covid hosp,1,2026-08-29,42,quantile,0.45,67.0
2026-08-22,wk inc covid hosp,1,2026-08-29,42,quantile,0.5,68.0
2026-08-22,wk inc covid hosp,1,2026-08-29,42,quantile,0.55,68.0
2026-08-22,wk inc covid hosp,1,2026-08-29,42,quantile,0.6,71.0
2026-08-22,wk inc covid hosp,1,2026-08-29,42,quantile,0.65,71.0
2026-08-22,wk inc covid hosp,1,2026-08-29,42,quantile,0.7,71.0
2026-08-22,wk inc covid hosp,1,2026-08-29,42,quantile,0.75,75.0
2026-08-22,wk inc covid hosp,1,2026-08-29,42,quantile,0.8,75.0
2026-08-22,wk inc covid hosp,1,2026-08-29,42,quantile,0.85,83.0
2026-08-22,wk inc covid hosp,1,2026-08-29,42,quantile,0.9,86.0
2026-08-22,wk inc covid hosp,1,2026-08-29,42,quantile,0.95,99.0
2026-08-22,wk inc covid hosp,1,2026-08-29,42,quantile,0.975,141.0
2026-08-22,wk inc covid hosp,1,2026-08-29,42,quantile,0.99,298.0
2026-08-22,wk inc covid hosp,1,2026-08-29,44,quantile,0.01,2.0
2026-08-22,wk inc covid hosp,1,2026-08-29,44,quantile,0.025,2.0
2026-08-22,wk inc covid hosp,1,2026-08-29,44,quantile,0.05,2.0
2026-08-22,wk inc covid hosp,1,2026-08-29,44,quantile,0.1,3.0
2026-08-22,wk inc covid hosp,1,2026-08-29,44,quantile,0.15,5.0
2026-08-22,wk inc covid hosp,1,2026-08-29,44,quantile,0.2,7.0
2026-08-22,wk inc covid hosp,1,2026-08-29,44,quantile,0.25,7.0
2026-08-22,wk inc covid hosp,1,2026-08-29,44,quantile,0.3,7.0
2026-08-22,wk inc covid hosp,1,2026-08-29,44,quantile,0.35,8.0
2026-08-22,wk inc covid hosp,1,2026-08-29,44,quantile,0.4,8.0
2026-08-22,wk inc covid hosp,1,2026-08-29,44,quantile,0.45,8.0
2026-08-22,wk inc covid hosp,1,2026-08-29,44,quantile,0.5,9.0
2026-08-22,wk inc covid hosp,1,2026-08-29,44,quantile,0.55,9.0
2026-08-22,wk inc covid hosp,1,2026-08-29,44,quantile,0.6,9.0
2026-08-22,wk inc covid hosp,1,2026-08-29,44,quantile,0.65,10.0
2026-08-22,wk inc covid hosp,1,2026-08-29,44,quantile,0.7,10.0
2026-08-22,wk inc covid hosp,1,2026-08-29,44,quantile,0.75,10.0
2026-08-22,wk inc covid hosp,1,2026-08-29,44,quantile,0.8,11.0
2026-08-22,wk inc covid hosp,1,2026-08-29,44,quantile,0.85,13.0
2026-08-22,wk inc covid hosp,1,2026-08-29,44,quantile,0.9,13.0
2026-08-22,wk inc covid hosp,1,2026-08-29,44,quantile,0.95,14.0
2026-08-22,wk inc covid hosp,1,2026-08-29,44,quantile,0.975,15.0
2026-08-22,wk inc covid hosp,1,2026-08-29,44,quantile,0.99,24.0
2026-08-22,wk inc covid hosp,1,2026-08-29,45,quantile,0.01,11.0
2026-08-22,wk inc covid hosp,1,2026-08-29,45,quantile,0.025,18.0
2026-08-22,wk inc covid hosp,1,2026-08-29,45,quantile,0.05,19.0
2026-08-22,wk inc covid hosp,1,2026-08-29,45,quantile,0.1,24.0
2026-08-22,wk inc covid hosp,1,2026-08-29,45,quantile,0.15,27.0
2026-08-22,wk inc covid hosp,1,2026-08-29,45,quantile,0.2,28.0
2026-08-22,wk inc covid hosp,1,2026-08-29,45,quantile,0.25,28.0
2026-08-22,wk inc covid hosp,1,2026-08-29,45,quantile,0.3,28.0
2026-08-22,wk inc covid hosp,1,2026-08-29,45,quantile,0.35,29.0
2026-08-22,wk inc covid hosp,1,2026-08-29,45,quantile,0.4,30.0
2026-08-22,wk inc covid hosp,1,2026-08-29,45,quantile,0.45,31.0
2026-08-22,wk inc covid hosp,1,2026-08-29,45,quantile,0.5,32.0
2026-08-22,wk inc covid hosp,1,2026-08-29,45,quantile,0.55,33.0
2026-08-22,wk inc covid hosp,1,2026-08-29,45,quantile,0.6,33.0
2026-08-22,wk inc covid hosp,1,2026-08-29,45,quantile,0.65,34.0
2026-08-22,wk inc covid hosp,1,2026-08-29,45,quantile,0.7,34.0
2026-08-22,wk inc covid hosp,1,2026-08-29,45,quantile,0.75,34.0
2026-08-22,wk inc covid hosp,1,2026-08-29,45,quantile,0.8,34.0
2026-08-22,wk inc covid hosp,1,2026-08-29,45,quantile,0.85,37.0
2026-08-22,wk inc covid hosp,1,2026-08-29,45,quantile,0.9,38.0
2026-08-22,wk inc covid hosp,1,2026-08-29,45,quantile,0.95,42.0
2026-08-22,wk inc covid hosp,1,2026-08-29,45,quantile,0.975,57.0
2026-08-22,wk inc covid hosp,1,2026-08-29,45,quantile,0.99,119.0
2026-08-22,wk inc covid hosp,1,2026-08-29,46,quantile,0.01,0.0
2026-08-22,wk inc covid hosp,1,2026-08-29,46,quantile,0.025,0.0
2026-08-22,wk inc covid hosp,1,2026-08-29,46,quantile,0.05,0.0
2026-08-22,wk inc covid hosp,1,2026-08-29,46,quantile,0.1,0.0
2026-08-22,wk inc covid hosp,1,2026-08-29,46,quantile,0.15,0.0
2026-08-22,wk inc covid hosp,1,2026-08-29,46,quantile,0.2,0.0
2026-08-22,wk inc covid hosp,1,2026-08-29,46,quantile,0.25,0.0
2026-08-22,wk inc covid hosp,1,2026-08-29,46,quantile,0.3,0.0
2026-08-22,wk inc covid hosp,1,2026-08-29,46,quantile,0.35,1.0
2026-08-22,wk inc covid hosp,1,2026-08-29,46,quantile,0.4,1.0
2026-08-22,wk inc covid hosp,1,2026-08-29,46,quantile,0.45,1.0
2026-08-22,wk inc covid hosp,1,2026-08-29,46,quantile,0.5,2.0
2026-08-22,wk inc covid hosp,1,2026-08-29,46,quantile,0.55,2.0
2026-08-22,wk inc covid hosp,1,2026-08-29,46,quantile,0.6,2.0
2026-08-22,wk inc covid hosp,1,2026-08-29,46,quantile,0.65,2.0
2026-08-22,wk inc covid hosp,1,2026-08-29,46,quantile,0.7,2.0
2026-08-22,wk inc covid hosp,1,2026-08-29,46,quantile,0.75,3.0
2026-08-22,wk inc covid hosp,1,2026-08-29,46,quantile,0.8,3.0
2026-08-22,wk inc covid hosp,1,2026-08-29,46,quantile,0.85,3.0
2026-08-22,wk inc covid hosp,1,2026-08-29,46,quantile,0.9,3.0
2026-08-22,wk inc covid hosp,1,2026-08-29,46,quantile,0.95,5.0
2026-08-22,wk inc covid hosp,1,2026-08-29,46,quantile,0.975,9.0
2026-08-22,wk inc covid hosp,1,2026-08-29,46,quantile,0.99,17.0
2026-08-22,wk inc covid hosp,1,2026-08-29,47,quantile,0.01,25.0
2026-08-22,wk inc covid hosp,1,2026-08-29,47,quantile,0.025,25.0
2026-08-22,wk inc covid hosp,1,2026-08-29,47,quantile,0.05,27.0
2026-08-22,wk inc covid hosp,1,2026-08-29,47,quantile,0.1,35.0
2026-08-22,wk inc covid hosp,1,2026-08-29,47,quantile,0.15,43.0
2026-08-22,wk inc covid hosp,1,2026-08-29,47,quantile,0.2,44.0
2026-08-22,wk inc covid hosp,1,2026-08-29,47,quantile,0.25,44.0
2026-08-22,wk inc covid hosp,1,2026-08-29,47,quantile,0.3,44.0
2026-08-22,wk inc covid hosp,1,2026-08-29,47,quantile,0.35,45.0
2026-08-22,wk inc covid hosp,1,2026-08-29,47,quantile,0.4,45.0
2026-08-22,wk inc covid hosp,1,2026-08-29,47,quantile,0.45,46.0
2026-08-22,wk inc covid hosp,1,2026-08-29,47,quantile,0.5,49.0
2026-08-22,wk inc covid hosp,1,2026-08-29,47,quantile,0.55,49.0
2026-08-22,wk inc covid hosp,1,2026-08-29,47,quantile,0.6,49.0
2026-08-22,wk inc covid hosp,1,2026-08-29,47,quantile,0.65,50.0
2026-08-22,wk inc covid hosp,1,2026-08-29,47,quantile,0.7,51.0
2026-08-22,wk inc covid hosp,1,2026-08-29,47,quantile,0.75,54.0
2026-08-22,wk inc covid hosp,1,2026-08-29,47,quantile,0.8,54.0
2026-08-22,wk inc covid hosp,1,2026-08-29,47,quantile,0.85,54.0
2026-08-22,wk inc covid hosp,1,2026-08-29,47,quantile,0.9,58.0
2026-08-22,wk inc covid hosp,1,2026-08-29,47,quantile,0.95,64.0
2026-08-22,wk inc covid hosp,1,2026-08-29,47,quantile,0.975,79.0
2026-08-22,wk inc covid hosp,1,2026-08-29,47,quantile,0.99,157.0
2026-08-22,wk inc covid hosp,1,2026-08-29,48,quantile,0.01,111.0
2026-08-22,wk inc covid hosp,1,2026-08-29,48,quantile,0.025,171.0
2026-08-22,wk inc covid hosp,1,2026-08-29,48,quantile,0.05,210.0
2026-08-22,wk inc covid hosp,1,2026-08-29,48,quantile,0.1,245.0
2026-08-22,wk inc covid hosp,1,2026-08-29,48,quantile,0.15,281.0
2026-08-22,wk inc covid hosp,1,2026-08-29,48,quantile,0.2,281.0
2026-08-22,wk inc covid hosp,1,2026-08-29,48,quantile,0.25,308.0
2026-08-22,wk inc covid hosp,1,2026-08-29,48,quantile,0.3,308.0
2026-08-22,wk inc covid hosp,1,2026-08-29,48,quantile,0.35,330.0
2026-08-22,wk inc covid hosp,1,2026-08-29,48,quantile,0.4,330.0
2026-08-22,wk inc covid hosp,1,2026-08-29,48,quantile,0.45,334.0
2026-08-22,wk inc covid hosp,1,2026-08-29,48,quantile,0.5,343.0
2026-08-22,wk inc covid hosp,1,2026-08-29,48,quantile,0.55,343.0
2026-08-22,wk inc covid hosp,1,2026-08-29,48,quantile,0.6,343.0
2026-08-22,wk inc covid hosp,1,2026-08-29,48,quantile,0.65,343.0
2026-08-22,wk inc covid hosp,1,2026-08-29,48,quantile,0.7,360.0
2026-08-22,wk inc covid hosp,1,2026-08-29,48,quantile,0.75,360.0
2026-08-22,wk inc covid hosp,1,2026-08-29,48,quantile,0.8,360.0
2026-08-22,wk inc covid hosp,1,2026-08-29,48,quantile,0.85,360.0
2026-08-22,wk inc covid hosp,1,2026-08-29,48,quantile,0.9,364.0
2026-08-22,wk inc covid hosp,1,2026-08-29,48,quantile,0.95,370.0
2026-08-22,wk inc covid hosp,1,2026-08-29,48,quantile,0.975,415.0
2026-08-22,wk inc covid hosp,1,2026-08-29,48,quantile,0.99,688.0
2026-08-22,wk inc covid hosp,1,2026-08-29,49,quantile,0.01,1.0
2026-08-22,wk inc covid hosp,1,2026-08-29,49,quantile,0.025,1.0
2026-08-22,wk inc covid hosp,1,2026-08-29,49,quantile,0.05,1.0
2026-08-22,wk inc covid hosp,1,2026-08-29,49,quantile,0.1,2.0
2026-08-22,wk inc covid hosp,1,2026-08-29,49,quantile,0.15,3.0
2026-08-22,wk inc covid hosp,1,2026-08-29,49,quantile,0.2,3.0
2026-08-22,wk inc covid hosp,1,2026-08-29,49,quantile,0.25,3.0
2026-08-22,wk inc covid hosp,1,2026-08-29,49,quantile,0.3,3.0
2026-08-22,wk inc covid hosp,1,2026-08-29,49,quantile,0.35,3.0
2026-08-22,wk inc covid hosp,1,2026-08-29,49,quantile,0.4,4.0
2026-08-22,wk inc covid hosp,1,2026-08-29,49,quantile,0.45,4.0
2026-08-22,wk inc covid hosp,1,2026-08-29,49,quantile,0.5,5.0
2026-08-22,wk inc covid hosp,1,2026-08-29,49,quantile,0.55,5.0
2026-08-22,wk inc covid hosp,1,2026-08-29,49,quantile,0.6,5.0
2026-08-22,wk inc covid hosp,1,2026-08-29,49,quantile,0.65,6.0
2026-08-22,wk inc covid hosp,1,2026-08-29,49,quantile,0.7,6.0
2026-08-22,wk inc covid hosp,1,2026-08-29,49,quantile,0.75,7.0
2026-08-22,wk inc covid hosp,1,2026-08-29,49,quantile,0.8,7.0
2026-08-22,wk inc covid hosp,1,2026-08-29,49,quantile,0.85,8.0
2026-08-22,wk inc covid hosp,1,2026-08-29,49,quantile,0.9,10.0
2026-08-22,wk inc covid hosp,1,2026-08-29,49,quantile,0.95,16.0
2026-08-22,wk inc covid hosp,1,2026-08-29,49,quantile,0.975,36.0
2026-08-22,wk inc covid hosp,1,2026-08-29,49,quantile,0.99,79.0
2026-08-22,wk inc covid hosp,1,2026-08-29,50,quantile,0.01,0.0
2026-08-22,wk inc covid hosp,1,2026-08-29,50,quantile,0.025,0.0
2026-08-22,wk inc covid hosp,1,2026-08-29,50,quantile,0.05,0.0
2026-08-22,wk inc covid hosp,1,2026-08-29,50,quantile,0.1,0.0
2026-08-22,wk inc covid hosp,1,2026-08-29,50,quantile,0.15,0.0
2026-08-22,wk inc covid hosp,1,2026-08-29,50,quantile,0.2,0.0
2026-08-22,wk inc covid hosp,1,2026-08-29,50,quantile,0.25,0.0
2026-08-22,wk inc covid hosp,1,2026-08-29,50,quantile,0.3,0.0
2026-08-22,wk inc covid hosp,1,2026-08-29,50,quantile,0.35,1.0
2026-08-22,wk inc covid hosp,1,2026-08-29,50,quantile,0.4,1.0
2026-08-22,wk inc covid hosp,1,2026-08-29,50,quantile,0.45,1.0
2026-08-22,wk inc covid hosp,1,2026-08-29,50,quantile,0.5,1.0
2026-08-22,wk inc covid hosp,1,2026-08-29,50,quantile,0.55,1.0
2026-08-22,wk inc covid hosp,1,2026-08-29,50,quantile,0.6,2.0
2026-08-22,wk inc covid hosp,1,2026-08-29,50,quantile,0.65,2.0
2026-08-22,wk inc covid hosp,1,2026-08-29,50,quantile,0.7,2.0
2026-08-22,wk inc covid hosp,1,2026-08-29,50,quantile,0.75,2.0
2026-08-22,wk inc covid hosp,1,2026-08-29,50,quantile,0.8,2.0
2026-08-22,wk inc covid hosp,1,2026-08-29,50,quantile,0.85,2.0
2026-08-22,wk inc covid hosp,1,2026-08-29,50,quantile,0.9,3.0
2026-08-22,wk inc covid hosp,1,2026-08-29,50,quantile,0.95,4.0
2026-08-22,wk inc covid hosp,1,2026-08-29,50,quantile,0.975,6.0
2026-08-22,wk inc covid hosp,1,2026-08-29,50,quantile,0.99,15.0
2026-08-22,wk inc covid hosp,1,2026-08-29,51,quantile,0.01,9.0
2026-08-22,wk inc covid hosp,1,2026-08-29,51,quantile,0.025,14.0
2026-08-22,wk inc covid hosp,1,2026-08-29,51,quantile,0.05,17.0
2026-08-22,wk inc covid hosp,1,2026-08-29,51,quantile,0.1,18.0
2026-08-22,wk inc covid hosp,1,2026-08-29,51,quantile,0.15,18.0
2026-08-22,wk inc covid hosp,1,2026-08-29,51,quantile,0.2,18.0
2026-08-22,wk inc covid hosp,1,2026-08-29,51,quantile,0.25,18.0
2026-08-22,wk inc covid hosp,1,2026-08-29,51,quantile,0.3,18.0
2026-08-22,wk inc covid hosp,1,2026-08-29,51,quantile,0.35,20.0
2026-08-22,wk inc covid hosp,1,2026-08-29,51,quantile,0.4,20.0
2026-08-22,wk inc covid hosp,1,2026-08-29,51,quantile,0.45,21.0
2026-08-22,wk inc covid hosp,1,2026-08-29,51,quantile,0.5,21.0
2026-08-22,wk inc covid hosp,1,2026-08-29,51,quantile,0.55,23.0
2026-08-22,wk inc covid hosp,1,2026-08-29,51,quantile,0.6,23.0
2026-08-22,wk inc covid hosp,1,2026-08-29,51,quantile,0.65,23.0
2026-08-22,wk inc covid hosp,1,2026-08-29,51,quantile,0.7,25.0
2026-08-22,wk inc covid hosp,1,2026-08-29,51,quantile,0.75,27.0
2026-08-22,wk inc covid hosp,1,2026-08-29,51,quantile,0.8,29.0
2026-08-22,wk inc covid hosp,1,2026-08-29,51,quantile,0.85,30.0
2026-08-22,wk inc covid hosp,1,2026-08-29,51,quantile,0.9,32.0
2026-08-22,wk inc covid hosp,1,2026-08-29,51,quantile,0.95,49.0
2026-08-22,wk inc covid hosp,1,2026-08-29,51,quantile,0.975,93.0
2026-08-22,wk inc covid hosp,1,2026-08-29,51,quantile,0.99,208.0
2026-08-22,wk inc covid hosp,1,2026-08-29,53,quantile,0.01,20.0
2026-08-22,wk inc covid hosp,1,2026-08-29,53,quantile,0.025,23.0
2026-08-22,wk inc covid hosp,1,2026-08-29,53,quantile,0.05,25.0
2026-08-22,wk inc covid hosp,1,2026-08-29,53,quantile,0.1,31.0
2026-08-22,wk inc covid hosp,1,2026-08-29,53,quantile,0.15,37.0
2026-08-22,wk inc covid hosp,1,2026-08-29,53,quantile,0.2,43.0
2026-08-22,wk inc covid hosp,1,2026-08-29,53,quantile,0.25,43.0
2026-08-22,wk inc covid hosp,1,2026-08-29,53,quantile,0.3,43.0
2026-08-22,wk inc covid hosp,1,2026-08-29,53,quantile,0.35,44.0
2026-08-22,wk inc covid hosp,1,2026-08-29,53,quantile,0.4,45.0
2026-08-22,wk inc covid hosp,1,2026-08-29,53,quantile,0.45,46.0
2026-08-22,wk inc covid hosp,1,2026-08-29,53,quantile,0.5,47.0
2026-08-22,wk inc covid hosp,1,2026-08-29,53,quantile,0.55,49.0
2026-08-22,wk inc covid hosp,1,2026-08-29,53,quantile,0.6,51.0
2026-08-22,wk inc covid hosp,1,2026-08-29,53,quantile,0.65,52.0
2026-08-22,wk inc covid hosp,1,2026-08-29,53,quantile,0.7,54.0
2026-08-22,wk inc covid hosp,1,2026-08-29,53,quantile,0.75,60.0
2026-08-22,wk inc covid hosp,1,2026-08-29,53,quantile,0.8,60.0
2026-08-22,wk inc covid hosp,1,2026-08-29,53,quantile,0.85,62.0
2026-08-22,wk inc covid hosp,1,2026-08-29,53,quantile,0.9,62.0
2026-08-22,wk inc covid hosp,1,2026-08-29,53,quantile,0.95,68.0
2026-08-22,wk inc covid hosp,1,2026-08-29,53,quantile,0.975,87.0
2026-08-22,wk inc covid hosp,1,2026-08-29,53,quantile,0.99,186.0
2026-08-22,wk inc covid hosp,1,2026-08-29,54,quantile,0.01,0.0
2026-08-22,wk inc covid hosp,1,2026-08-29,54,quantile,0.025,0.0
2026-08-22,wk inc covid hosp,1,2026-08-29,54,quantile,0.05,0.0
2026-08-22,wk inc covid hosp,1,2026-08-29,54,quantile,0.1,1.0
2026-08-22,wk inc covid hosp,1,2026-08-29,54,quantile,0.15,1.0
2026-08-22,wk inc covid hosp,1,2026-08-29,54,quantile,0.2,2.0
2026-08-22,wk inc covid hosp,1,2026-08-29,54,quantile,0.25,2.0
2026-08-22,wk inc covid hosp,1,2026-08-29,54,quantile,0.3,2.0
2026-08-22,wk inc covid hosp,1,2026-08-29,54,quantile,0.35,3.0
2026-08-22,wk inc covid hosp,1,2026-08-29,54,quantile,0.4,3.0
2026-08-22,wk inc covid hosp,1,2026-08-29,54,quantile,0.45,3.0
2026-08-22,wk inc covid hosp,1,2026-08-29,54,quantile,0.5,3.0
2026-08-22,wk inc covid hosp,1,2026-08-29,54,quantile,0.55,4.0
2026-08-22,wk inc covid hosp,1,2026-08-29,54,quantile,0.6,4.0
2026-08-22,wk inc covid hosp,1,2026-08-29,54,quantile,0.65,4.0
2026-08-22,wk inc covid hosp,1,2026-08-29,54,quantile,0.7,5.0
2026-08-22,wk inc covid hosp,1,2026-08-29,54,quantile,0.75,5.0
2026-08-22,wk inc covid hosp,1,2026-08-29,54,quantile,0.8,5.0
2026-08-22,wk inc covid hosp,1,2026-08-29,54,quantile,0.85,5.0
2026-08-22,wk inc covid hosp,1,2026-08-29,54,quantile,0.9,6.0
2026-08-22,wk inc covid hosp,1,2026-08-29,54,quantile,0.95,10.0
2026-08-22,wk inc covid hosp,1,2026-08-29,54,quantile,0.975,17.0
2026-08-22,wk inc covid hosp,1,2026-08-29,54,quantile,0.99,38.0
2026-08-22,wk inc covid hosp,1,2026-08-29,55,quantile,0.01,1.0
2026-08-22,wk inc covid hosp,1,2026-08-29,55,quantile,0.025,1.0
2026-08-22,wk inc covid hosp,1,2026-08-29,55,quantile,0.05,2.0
2026-08-22,wk inc covid hosp,1,2026-08-29,55,quantile,0.1,3.0
2026-08-22,wk inc covid hosp,1,2026-08-29,55,quantile,0.15,5.0
2026-08-22,wk inc covid hosp,1,2026-08-29,55,quantile,0.2,6.0
2026-08-22,wk inc covid hosp,1,2026-08-29,55,quantile,0.25,7.0
2026-08-22,wk inc covid hosp,1,2026-08-29,55,quantile,0.3,7.0
2026-08-22,wk inc covid hosp,1,2026-08-29,55,quantile,0.35,7.0
2026-08-22,wk inc covid hosp,1,2026-08-29,55,quantile,0.4,7.0
2026-08-22,wk inc covid hosp,1,2026-08-29,55,quantile,0.45,7.0
2026-08-22,wk inc covid hosp,1,2026-08-29,55,quantile,0.5,8.0
2026-08-22,wk inc covid hosp,1,2026-08-29,55,quantile,0.55,8.0
2026-08-22,wk inc covid hosp,1,2026-08-29,55,quantile,0.6,9.0
2026-08-22,wk inc covid hosp,1,2026-08-29,55,quantile,0.65,10.0
2026-08-22,wk inc covid hosp,1,2026-08-29,55,quantile,0.7,11.0
2026-08-22,wk inc covid hosp,1,2026-08-29,55,quantile,0.75,14.0
2026-08-22,wk inc covid hosp,1,2026-08-29,55,quantile,0.8,15.0
2026-08-22,wk inc covid hosp,1,2026-08-29,55,quantile,0.85,18.0
2026-08-22,wk inc covid hosp,1,2026-08-29,55,quantile,0.9,21.0
2026-08-22,wk inc covid hosp,1,2026-08-29,55,quantile,0.95,29.0
2026-08-22,wk inc covid hosp,1,2026-08-29,55,quantile,0.975,62.0
2026-08-22,wk inc covid hosp,1,2026-08-29,55,quantile,0.99,141.0
2026-08-22,wk inc covid hosp,1,2026-08-29,56,quantile,0.01,0.0
2026-08-22,wk inc covid hosp,1,2026-08-29,56,quantile,0.025,0.0
2026-08-22,wk inc covid hosp,1,2026-08-29,56,quantile,0.05,0.0
2026-08-22,wk inc covid hosp,1,2026-08-29,56,quantile,0.1,0.0
2026-08-22,wk inc covid hosp,1,2026-08-29,56,quantile,0.15,1.0
2026-08-22,wk inc covid hosp,1,2026-08-29,56,quantile,0.2,1.0
2026-08-22,wk inc covid hosp,1,2026-08-29,56,quantile,0.25,1.0
2026-08-22,wk inc covid hosp,1,2026-08-29,56,quantile,0.3,1.0
2026-08-22,wk inc covid hosp,1,2026-08-29,56,quantile,0.35,2.0
2026-08-22,wk inc covid hosp,1,2026-08-29,56,quantile,0.4,2.0
2026-08-22,wk inc covid hosp,1,2026-08-29,56,quantile,0.45,2.0
2026-08-22,wk inc covid hosp,1,2026-08-29,56,quantile,0.5,2.0
2026-08-22,wk inc covid hosp,1,2026-08-29,56,quantile,0.55,2.0
2026-08-22,wk inc covid hosp,1,2026-08-29,56,quantile,0.6,2.0
2026-08-22,wk inc covid hosp,1,2026-08-29,56,quantile,0.65,3.0
2026-08-22,wk inc covid hosp,1,2026-08-29,56,quantile,0.7,3.0
2026-08-22,wk inc covid hosp,1,2026-08-29,56,quantile,0.75,3.0
2026-08-22,wk inc covid hosp,1,2026-08-29,56,quantile,0.8,3.0
2026-08-22,wk inc covid hosp,1,2026-08-29,56,quantile,0.85,4.0
2026-08-22,wk inc covid hosp,1,2026-08-29,56,quantile,0.9,4.0
2026-08-22,wk inc covid hosp,1,2026-08-29,56,quantile,0.95,5.0
2026-08-22,wk inc covid hosp,1,2026-08-29,56,quantile,0.975,7.0
2026-08-22,wk inc covid hosp,1,2026-08-29,56,quantile,0.99,15.0
2026-08-22,wk inc covid hosp,1,2026-08-29,72,quantile,0.01,18.0
2026-08-22,wk inc covid hosp,1,2026-08-29,72,quantile,0.025,23.0
2026-08-22,wk inc covid hosp,1,2026-08-29,72,quantile,0.05,29.0
2026-08-22,wk inc covid hosp,1,2026-08-29,72,quantile,0.1,38.0
2026-08-22,wk inc covid hosp,1,2026-08-29,72,quantile,0.15,42.0
2026-08-22,wk inc covid hosp,1,2026-08-29,72,quantile,0.2,60.0
2026-08-22,wk inc covid hosp,1,2026-08-29,72,quantile,0.25,67.0
2026-08-22,wk inc covid hosp,1,2026-08-29,72,quantile,0.3,68.0
2026-08-22,wk inc covid hosp,1,2026-08-29,72,quantile,0.35,75.0
2026-08-22,wk inc covid hosp,1,2026-08-29,72,quantile,0.4,83.0
2026-08-22,wk inc covid hosp,1,2026-08-29,72,quantile,0.45,89.0
2026-08-22,wk inc covid hosp,1,2026-08-29,72,quantile,0.5,90.0
2026-08-22,wk inc covid hosp,1,2026-08-29,72,quantile,0.55,94.0
2026-08-22,wk inc covid hosp,1,2026-08-29,72,quantile,0.6,94.0
2026-08-22,wk inc covid hosp,1,2026-08-29,72,quantile,0.65,97.0
2026-08-22,wk inc covid hosp,1,2026-08-29,72,quantile,0.7,100.0
2026-08-22,wk inc covid hosp,1,2026-08-29,72,quantile,0.75,101.0
2026-08-22,wk inc covid hosp,1,2026-08-29,72,quantile,0.8,103.0
2026-08-22,wk inc covid hosp,1,2026-08-29,72,quantile,0.85,114.0
2026-08-22,wk inc covid hosp,1,2026-08-29,72,quantile,0.9,120.0
2026-08-22,wk inc covid hosp,1,2026-08-29,72,quantile,0.95,128.0
2026-08-22,wk inc covid hosp,1,2026-08-29,72,quantile,0.975,129.0
2026-08-22,wk inc covid hosp,1,2026-08-29,72,quantile,0.99,154.0
2026-08-22,wk inc covid hosp,2,2026-09-05,01,quantile,0.01,26.0
2026-08-22,wk inc covid hosp,2,2026-09-05,01,quantile,0.025,30.0
2026-08-22,wk inc covid hosp,2,2026-09-05,01,quantile,0.05,34.0
2026-08-22,wk inc covid hosp,2,2026-09-05,01,quantile,0.1,37.0
2026-08-22,wk inc covid hosp,2,2026-09-05,01,quantile,0.15,47.0
2026-08-22,wk inc covid hosp,2,2026-09-05,01,quantile,0.2,52.0
2026-08-22,wk inc covid hosp,2,2026-09-05,01,quantile,0.25,59.0
2026-08-22,wk inc covid hosp,2,2026-09-05,01,quantile,0.3,71.0
2026-08-22,wk inc covid hosp,2,2026-09-05,01,quantile,0.35,79.0
2026-08-22,wk inc covid hosp,2,2026-09-05,01,quantile,0.4,80.0
2026-08-22,wk inc covid hosp,2,2026-09-05,01,quantile,0.45,80.0
2026-08-22,wk inc covid hosp,2,2026-09-05,01,quantile,0.5,80.0
2026-08-22,wk inc covid hosp,2,2026-09-05,01,quantile,0.55,80.0
2026-08-22,wk inc covid hosp,2,2026-09-05,01,quantile,0.6,80.0
2026-08-22,wk inc covid hosp,2,2026-09-05,01,quantile,0.65,80.0
2026-08-22,wk inc covid hosp,2,2026-09-05,01,quantile,0.7,83.0
2026-08-22,wk inc covid hosp,2,2026-09-05,01,quantile,0.75,85.0
2026-08-22,wk inc covid hosp,2,2026-09-05,01,quantile,0.8,91.0
2026-08-22,wk inc covid hosp,2,2026-09-05,01,quantile,0.85,98.0
2026-08-22,wk inc covid hosp,2,2026-09-05,01,quantile,0.9,98.0
2026-08-22,wk inc covid hosp,2,2026-09-05,01,quantile,0.95,101.0
2026-08-22,wk inc covid hosp,2,2026-09-05,01,quantile,0.975,107.0
2026-08-22,wk inc covid hosp,2,2026-09-05,01,quantile,0.99,122.0
2026-08-22,wk inc covid hosp,2,2026-09-05,02,quantile,0.01,0.0
2026-08-22,wk inc covid hosp,2,2026-09-05,02,quantile,0.025,1.0
2026-08-22,wk inc covid hosp,2,2026-09-05,02,quantile,0.05,1.0
2026-08-22,wk inc covid hosp,2,2026-09-05,02,quantile,0.1,1.0
2026-08-22,wk inc covid hosp,2,2026-09-05,02,quantile,0.15,1.0
2026-08-22,wk inc covid hosp,2,2026-09-05,02,quantile,0.2,2.0
2026-08-22,wk inc covid hosp,2,2026-09-05,02,quantile,0.25,2.0
2026-08-22,wk inc covid hosp,2,2026-09-05,02,quantile,0.3,2.0
2026-08-22,wk inc covid hosp,2,2026-09-05,02,quantile,0.35,2.0
2026-08-22,wk inc covid hosp,2,2026-09-05,02,quantile,0.4,2.0
2026-08-22,wk inc covid hosp,2,2026-09-05,02,quantile,0.45,3.0
2026-08-22,wk inc covid hosp,2,2026-09-05,02,quantile,0.5,3.0
2026-08-22,wk inc covid hosp,2,2026-09-05,02,quantile,0.55,3.0
2026-08-22,wk inc covid hosp,2,2026-09-05,02,quantile,0.6,3.0
2026-08-22,wk inc covid hosp,2,2026-09-05,02,quantile,0.65,3.0
2026-08-22,wk inc covid hosp,2,2026-09-05,02,quantile,0.7,5.0
2026-08-22,wk inc covid hosp,2,2026-09-05,02,quantile,0.75,5.0
2026-08-22,wk inc covid hosp,2,2026-09-05,02,quantile,0.8,5.0
2026-08-22,wk inc covid hosp,2,2026-09-05,02,quantile,0.85,6.0
2026-08-22,wk inc covid hosp,2,2026-09-05,02,quantile,0.9,6.0
2026-08-22,wk inc covid hosp,2,2026-09-05,02,quantile,0.95,7.0
2026-08-22,wk inc covid hosp,2,2026-09-05,02,quantile,0.975,9.0
2026-08-22,wk inc covid hosp,2,2026-09-05,02,quantile,0.99,18.0
2026-08-22,wk inc covid hosp,2,2026-09-05,04,quantile,0.01,32.0
2026-08-22,wk inc covid hosp,2,2026-09-05,04,quantile,0.025,32.0
2026-08-22,wk inc covid hosp,2,2026-09-05,04,quantile,0.05,32.0
2026-08-22,wk inc covid hosp,2,2026-09-05,04,quantile,0.1,37.0
2026-08-22,wk inc covid hosp,2,2026-09-05,04,quantile,0.15,39.0
2026-08-22,wk inc covid hosp,2,2026-09-05,04,quantile,0.2,49.0
2026-08-22,wk inc covid hosp,2,2026-09-05,04,quantile,0.25,49.0
2026-08-22,wk inc covid hosp,2,2026-09-05,04,quantile,0.3,49.0
2026-08-22,wk inc covid hosp,2,2026-09-05,04,quantile,0.35,49.0
2026-08-22,wk inc covid hosp,2,2026-09-05,04,quantile,0.4,49.0
2026-08-22,wk inc covid hosp,2,2026-09-05,04,quantile,0.45,49.0
2026-08-22,wk inc covid hosp,2,2026-09-05,04,quantile,0.5,51.0
2026-08-22,wk inc covid hosp,2,2026-09-05,04,quantile,0.55,51.0
2026-08-22,wk inc covid hosp,2,2026-09-05,04,quantile,0.6,54.0
2026-08-22,wk inc covid hosp,2,2026-09-05,04,quantile,0.65,56.0
2026-08-22,wk inc covid hosp,2,2026-09-05,04,quantile,0.7,59.0
2026-08-22,wk inc covid hosp,2,2026-09-05,04,quantile,0.75,59.0
2026-08-22,wk inc covid hosp,2,2026-09-05,04,quantile,0.8,59.0
2026-08-22,wk inc covid hosp,2,2026-09-05,04,quantile,0.85,61.0
2026-08-22,wk inc covid hosp,2,2026-09-05,04,quantile,0.9,69.0
2026-08-22,wk inc covid hosp,2,2026-09-05,04,quantile,0.95,72.0
2026-08-22,wk inc covid hosp,2,2026-09-05,04,quantile,0.975,107.0
2026-08-22,wk inc covid hosp,2,2026-09-05,04,quantile,0.99,193.0
2026-08-22,wk inc covid hosp,2,2026-09-05,05,quantile,0.01,5.0
2026-08-22,wk inc covid hosp,2,2026-09-05,05,quantile,0.025,7.0
2026-08-22,wk inc covid hosp,2,2026-09-05,05,quantile,0.05,7.0
2026-08-22,wk inc covid hosp,2,2026-09-05,05,quantile,0.1,10.0
2026-08-22,wk inc covid hosp,2,2026-09-05,05,quantile,0.15,11.0
2026-08-22,wk inc covid hosp,2,2026-09-05,05,quantile,0.2,12.0
2026-08-22,wk inc covid hosp,2,2026-09-05,05,quantile,0.25,12.0
2026-08-22,wk inc covid hosp,2,2026-09-05,05,quantile,0.3,12.0
2026-08-22,wk inc covid hosp,2,2026-09-05,05,quantile,0.35,13.0
2026-08-22,wk inc covid hosp,2,2026-09-05,05,quantile,0.4,13.0
2026-08-22,wk inc covid hosp,2,2026-09-05,05,quantile,0.45,13.0
2026-08-22,wk inc covid hosp,2,2026-09-05,05,quantile,0.5,14.0
2026-08-22,wk inc covid hosp,2,2026-09-05,05,quantile,0.55,14.0
2026-08-22,wk inc covid hosp,2,2026-09-05,05,quantile,0.6,16.0
2026-08-22,wk inc covid hosp,2,2026-09-05,05,quantile,0.65,16.0
2026-08-22,wk inc covid hosp,2,2026-09-05,05,quantile,0.7,17.0
2026-08-22,wk inc covid hosp,2,2026-09-05,05,quantile,0.75,17.0
2026-08-22,wk inc covid hosp,2,2026-09-05,05,quantile,0.8,17.0
2026-08-22,wk inc covid hosp,2,2026-09-05,05,quantile,0.85,18.0
2026-08-22,wk inc covid hosp,2,2026-09-05,05,quantile,0.9,21.0
2026-08-22,wk inc covid hosp,2,2026-09-05,05,quantile,0.95,22.0
2026-08-22,wk inc covid hosp,2,2026-09-05,05,quantile,0.975,33.0
2026-08-22,wk inc covid hosp,2,2026-09-05,05,quantile,0.99,73.0
2026-08-22,wk inc covid hosp,2,2026-09-05,06,quantile,0.01,251.0
2026-08-22,wk inc covid hosp,2,2026-09-05,06,quantile,0.025,251.0
2026-08-22,wk inc covid hosp,2,2026-09-05,06,quantile,0.05,274.0
2026-08-22,wk inc covid hosp,2,2026-09-05,06,quantile,0.1,304.0
2026-08-22,wk inc covid hosp,2,2026-09-05,06,quantile,0.15,318.0
2026-08-22,wk inc covid hosp,2,2026-09-05,06,quantile,0.2,359.0
2026-08-22,wk inc covid hosp,2,2026-09-05,06,quantile,0.25,409.0
2026-08-22,wk inc covid hosp,2,2026-09-05,06,quantile,0.3,455.0
2026-08-22,wk inc covid hosp,2,2026-09-05,06,quantile,0.35,464.0
2026-08-22,wk inc covid hosp,2,2026-09-05,06,quantile,0.4,467.0
2026-08-22,wk inc covid hosp,2,2026-09-05,06,quantile,0.45,467.0
2026-08-22,wk inc covid hosp,2,2026-09-05,06,quantile,0.5,467.0
2026-08-22,wk inc covid hosp,2,2026-09-05,06,quantile,0.55,467.0
2026-08-22,wk inc covid hosp,2,2026-09-05,06,quantile,0.6,467.0
2026-08-22,wk inc covid hosp,2,2026-09-05,06,quantile,0.65,467.0
2026-08-22,wk inc covid hosp,2,2026-09-05,06,quantile,0.7,492.0
2026-08-22,wk inc covid hosp,2,2026-09-05,06,quantile,0.75,492.0
2026-08-22,wk inc covid hosp,2,2026-09-05,06,quantile,0.8,499.0
2026-08-22,wk inc covid hosp,2,2026-09-05,06,quantile,0.85,512.0
2026-08-22,wk inc covid hosp,2,2026-09-05,06,quantile,0.9,545.0
2026-08-22,wk inc covid hosp,2,2026-09-05,06,quantile,0.95,586.0
2026-08-22,wk inc covid hosp,2,2026-09-05,06,quantile,0.975,681.0
2026-08-22,wk inc covid hosp,2,2026-09-05,06,quantile,0.99,955.0
2026-08-22,wk inc covid hosp,2,2026-09-05,08,quantile,0.01,4.0
2026-08-22,wk inc covid hosp,2,2026-09-05,08,quantile,0.025,9.0
2026-08-22,wk inc covid hosp,2,2026-09-05,08,quantile,0.05,9.0
2026-08-22,wk inc covid hosp,2,2026-09-05,08,quantile,0.1,11.0
2026-08-22,wk inc covid hosp,2,2026-09-05,08,quantile,0.15,12.0
2026-08-22,wk inc covid hosp,2,2026-09-05,08,quantile,0.2,13.0
2026-08-22,wk inc covid hosp,2,2026-09-05,08,quantile,0.25,14.0
2026-08-22,wk inc covid hosp,2,2026-09-05,08,quantile,0.3,14.0
2026-08-22,wk inc covid hosp,2,2026-09-05,08,quantile,0.35,14.0
2026-08-22,wk inc covid hosp,2,2026-09-05,08,quantile,0.4,14.0
2026-08-22,wk inc covid hosp,2,2026-09-05,08,quantile,0.45,14.0
2026-08-22,wk inc covid hosp,2,2026-09-05,08,quantile,0.5,14.0
2026-08-22,wk inc covid hosp,2,2026-09-05,08,quantile,0.55,15.0
2026-08-22,wk inc covid hosp,2,2026-09-05,08,quantile,0.6,16.0
2026-08-22,wk inc covid hosp,2,2026-09-05,08,quantile,0.65,16.0
2026-08-22,wk inc covid hosp,2,2026-09-05,08,quantile,0.7,18.0
2026-08-22,wk inc covid hosp,2,2026-09-05,08,quantile,0.75,20.0
2026-08-22,wk inc covid hosp,2,2026-09-05,08,quantile,0.8,23.0
2026-08-22,wk inc covid hosp,2,2026-09-05,08,quantile,0.85,25.0
2026-08-22,wk inc covid hosp,2,2026-09-05,08,quantile,0.9,25.0
2026-08-22,wk inc covid hosp,2,2026-09-05,08,quantile,0.95,34.0
2026-08-22,wk inc covid hosp,2,2026-09-05,08,quantile,0.975,64.0
2026-08-22,wk inc covid hosp,2,2026-09-05,08,quantile,0.99,141.0
2026-08-22,wk inc covid hosp,2,2026-09-05,09,quantile,0.01,3.0
2026-08-22,wk inc covid hosp,2,2026-09-05,09,quantile,0.025,4.0
2026-08-22,wk inc covid hosp,2,2026-09-05,09,quantile,0.05,5.0
2026-08-22,wk inc covid hosp,2,2026-09-05,09,quantile,0.1,7.0
2026-08-22,wk inc covid hosp,2,2026-09-05,09,quantile,0.15,7.0
2026-08-22,wk inc covid hosp,2,2026-09-05,09,quantile,0.2,8.0
2026-08-22,wk inc covid hosp,2,2026-09-05,09,quantile,0.25,8.0
2026-08-22,wk inc covid hosp,2,2026-09-05,09,quantile,0.3,8.0
2026-08-22,wk inc covid hosp,2,2026-09-05,09,quantile,0.35,8.0
2026-08-22,wk inc covid hosp,2,2026-09-05,09,quantile,0.4,8.0
2026-08-22,wk inc covid hosp,2,2026-09-05,09,quantile,0.45,9.0
2026-08-22,wk inc covid hosp,2,2026-09-05,09,quantile,0.5,10.0
2026-08-22,wk inc covid hosp,2,2026-09-05,09,quantile,0.55,10.0
2026-08-22,wk inc covid hosp,2,2026-09-05,09,quantile,0.6,10.0
2026-08-22,wk inc covid hosp,2,2026-09-05,09,quantile,0.65,11.0
2026-08-22,wk inc covid hosp,2,2026-09-05,09,quantile,0.7,11.0
2026-08-22,wk inc covid hosp,2,2026-09-05,09,quantile,0.75,12.0
2026-08-22,wk inc covid hosp,2,2026-09-05,09,quantile,0.8,14.0
2026-08-22,wk inc covid hosp,2,2026-09-05,09,quantile,0.85,15.0
2026-08-22,wk inc covid hosp,2,2026-09-05,09,quantile,0.9,16.0
2026-08-22,wk inc covid hosp,2,2026-09-05,09,quantile,0.95,21.0
2026-08-22,wk inc covid hosp,2,2026-09-05,09,quantile,0.975,37.0
2026-08-22,wk inc covid hosp,2,2026-09-05,09,quantile,0.99,83.0
2026-08-22,wk inc covid hosp,2,2026-09-05,10,quantile,0.01,0.0
2026-08-22,wk inc covid hosp,2,2026-09-05,10,quantile,0.025,0.0
2026-08-22,wk inc covid hosp,2,2026-09-05,10,quantile,0.05,0.0
2026-08-22,wk inc covid hosp,2,2026-09-05,10,quantile,0.1,0.0
2026-08-22,wk inc covid hosp,2,2026-09-05,10,quantile,0.15,0.0
2026-08-22,wk inc covid hosp,2,2026-09-05,10,quantile,0.2,1.0
2026-08-22,wk inc covid hosp,2,2026-09-05,10,quantile,0.25,2.0
2026-08-22,wk inc covid hosp,2,2026-09-05,10,quantile,0.3,2.0
2026-08-22,wk inc covid hosp,2,2026-09-05,10,quantile,0.35,2.0
2026-08-22,wk inc covid hosp,2,2026-09-05,10,quantile,0.4,2.0
2026-08-22,wk inc covid hosp,2,2026-09-05,10,quantile,0.45,2.0
2026-08-22,wk inc covid hosp,2,2026-09-05,10,quantile,0.5,2.0
2026-08-22,wk inc covid hosp,2,2026-09-05,10,quantile,0.55,2.0
2026-08-22,wk inc covid hosp,2,2026-09-05,10,quantile,0.6,2.0
2026-08-22,wk inc covid hosp,2,2026-09-05,10,quantile,0.65,2.0
2026-08-22,wk inc covid hosp,2,2026-09-05,10,quantile,0.7,3.0
2026-08-22,wk inc covid hosp,2,2026-09-05,10,quantile,0.75,3.0
2026-08-22,wk inc covid hosp,2,2026-09-05,10,quantile,0.8,3.0
2026-08-22,wk inc covid hosp,2,2026-09-05,10,quantile,0.85,3.0
2026-08-22,wk inc covid hosp,2,2026-09-05,10,quantile,0.9,3.0
2026-08-22,wk inc covid hosp,2,2026-09-05,10,quantile,0.95,5.0
2026-08-22,wk inc covid hosp,2,2026-09-05,10,quantile,0.975,10.0
2026-08-22,wk inc covid hosp,2,2026-09-05,10,quantile,0.99,24.0
2026-08-22,wk inc covid hosp,2,2026-09-05,11,quantile,0.01,1.0
2026-08-22,wk inc covid hosp,2,2026-09-05,11,quantile,0.025,1.0
2026-08-22,wk inc covid hosp,2,2026-09-05,11,quantile,0.05,1.0
2026-08-22,wk inc covid hosp,2,2026-09-05,11,quantile,0.1,2.0
2026-08-22,wk inc covid hosp,2,2026-09-05,11,quantile,0.15,2.0
2026-08-22,wk inc covid hosp,2,2026-09-05,11,quantile,0.2,4.0
2026-08-22,wk inc covid hosp,2,2026-09-05,11,quantile,0.25,4.0
2026-08-22,wk inc covid hosp,2,2026-09-05,11,quantile,0.3,4.0
2026-08-22,wk inc covid hosp,2,2026-09-05,11,quantile,0.35,4.0
2026-08-22,wk inc covid hosp,2,2026-09-05,11,quantile,0.4,4.0
2026-08-22,wk inc covid hosp,2,2026-09-05,11,quantile,0.45,5.0
2026-08-22,wk inc covid hosp,2,2026-09-05,11,quantile,0.5,5.0
2026-08-22,wk inc covid hosp,2,2026-09-05,11,quantile,0.55,6.0
2026-08-22,wk inc covid hosp,2,2026-09-05,11,quantile,0.6,6.0
2026-08-22,wk inc covid hosp,2,2026-09-05,11,quantile,0.65,6.0
2026-08-22,wk inc covid hosp,2,2026-09-05,11,quantile,0.7,7.0
2026-08-22,wk inc covid hosp,2,2026-09-05,11,quantile,0.75,7.0
2026-08-22,wk inc covid hosp,2,2026-09-05,11,quantile,0.8,8.0
2026-08-22,wk inc covid hosp,2,2026-09-05,11,quantile,0.85,8.0
2026-08-22,wk inc covid hosp,2,2026-09-05,11,quantile,0.9,8.0
2026-08-22,wk inc covid hosp,2,2026-09-05,11,quantile,0.95,9.0
2026-08-22,wk inc covid hosp,2,2026-09-05,11,quantile,0.975,11.0
2026-08-22,wk inc covid hosp,2,2026-09-05,11,quantile,0.99,15.0
2026-08-22,wk inc covid hosp,2,2026-09-05,12,quantile,0.01,148.0
2026-08-22,wk inc covid hosp,2,2026-09-05,12,quantile,0.025,163.0
2026-08-22,wk inc covid hosp,2,2026-09-05,12,quantile,0.05,163.0
2026-08-22,wk inc covid hosp,2,2026-09-05,12,quantile,0.1,175.0
2026-08-22,wk inc covid hosp,2,2026-09-05,12,quantile,0.15,217.0
2026-08-22,wk inc covid hosp,2,2026-09-05,12,quantile,0.2,260.0
2026-08-22,wk inc covid hosp,2,2026-09-05,12,quantile,0.25,289.0
2026-08-22,wk inc covid hosp,2,2026-09-05,12,quantile,0.3,315.0
2026-08-22,wk inc covid hosp,2,2026-09-05,12,quantile,0.35,346.0
2026-08-22,wk inc covid hosp,2,2026-09-05,12,quantile,0.4,353.0
2026-08-22,wk inc covid hosp,2,2026-09-05,12,quantile,0.45,353.0
2026-08-22,wk inc covid hosp,2,2026-09-05,12,quantile,0.5,353.0
2026-08-22,wk inc covid hosp,2,2026-09-05,12,quantile,0.55,353.0
2026-08-22,wk inc covid hosp,2,2026-09-05,12,quantile,0.6,353.0
2026-08-22,wk inc covid hosp,2,2026-09-05,12,quantile,0.65,353.0
2026-08-22,wk inc covid hosp,2,2026-09-05,12,quantile,0.7,370.0
2026-08-22,wk inc covid hosp,2,2026-09-05,12,quantile,0.75,378.0
2026-08-22,wk inc covid hosp,2,2026-09-05,12,quantile,0.8,385.0
2026-08-22,wk inc covid hosp,2,2026-09-05,12,quantile,0.85,402.0
2026-08-22,wk inc covid hosp,2,2026-09-05,12,quantile,0.9,402.0
2026-08-22,wk inc covid hosp,2,2026-09-05,12,quantile,0.95,407.0
2026-08-22,wk inc covid hosp,2,2026-09-05,12,quantile,0.975,459.0
2026-08-22,wk inc covid hosp,2,2026-09-05,12,quantile,0.99,504.0
2026-08-22,wk inc covid hosp,2,2026-09-05,13,quantile,0.01,50.0
2026-08-22,wk inc covid hosp,2,2026-09-05,13,quantile,0.025,52.0
2026-08-22,wk inc covid hosp,2,2026-09-05,13,quantile,0.05,55.0
2026-08-22,wk inc covid hosp,2,2026-09-05,13,quantile,0.1,64.0
2026-08-22,wk inc covid hosp,2,2026-09-05,13,quantile,0.15,64.0
2026-08-22,wk inc covid hosp,2,2026-09-05,13,quantile,0.2,77.0
2026-08-22,wk inc covid hosp,2,2026-09-05,13,quantile,0.25,92.0
2026-08-22,wk inc covid hosp,2,2026-09-05,13,quantile,0.3,93.0
2026-08-22,wk inc covid hosp,2,2026-09-05,13,quantile,0.35,93.0
2026-08-22,wk inc covid hosp,2,2026-09-05,13,quantile,0.4,93.0
2026-08-22,wk inc covid hosp,2,2026-09-05,13,quantile,0.45,98.0
2026-08-22,wk inc covid hosp,2,2026-09-05,13,quantile,0.5,101.0
2026-08-22,wk inc covid hosp,2,2026-09-05,13,quantile,0.55,101.0
2026-08-22,wk inc covid hosp,2,2026-09-05,13,quantile,0.6,101.0
2026-08-22,wk inc covid hosp,2,2026-09-05,13,quantile,0.65,102.0
2026-08-22,wk inc covid hosp,2,2026-09-05,13,quantile,0.7,110.0
2026-08-22,wk inc covid hosp,2,2026-09-05,13,quantile,0.75,110.0
2026-08-22,wk inc covid hosp,2,2026-09-05,13,quantile,0.8,110.0
2026-08-22,wk inc covid hosp,2,2026-09-05,13,quantile,0.85,112.0
2026-08-22,wk inc covid hosp,2,2026-09-05,13,quantile,0.9,115.0
2026-08-22,wk inc covid hosp,2,2026-09-05,13,quantile,0.95,127.0
2026-08-22,wk inc covid hosp,2,2026-09-05,13,quantile,0.975,149.0
2026-08-22,wk inc covid hosp,2,2026-09-05,13,quantile,0.99,258.0
2026-08-22,wk inc covid hosp,2,2026-09-05,15,quantile,0.01,6.0
2026-08-22,wk inc covid hosp,2,2026-09-05,15,quantile,0.025,6.0
2026-08-22,wk inc covid hosp,2,2026-09-05,15,quantile,0.05,7.0
2026-08-22,wk inc covid hosp,2,2026-09-05,15,quantile,0.1,7.0
2026-08-22,wk inc covid hosp,2,2026-09-05,15,quantile,0.15,11.0
2026-08-22,wk inc covid hosp,2,2026-09-05,15,quantile,0.2,12.0
2026-08-22,wk inc covid hosp,2,2026-09-05,15,quantile,0.25,15.0
2026-08-22,wk inc covid hosp,2,2026-09-05,15,quantile,0.3,19.0
2026-08-22,wk inc covid hosp,2,2026-09-05,15,quantile,0.35,20.0
2026-08-22,wk inc covid hosp,2,2026-09-05,15,quantile,0.4,20.0
2026-08-22,wk inc covid hosp,2,2026-09-05,15,quantile,0.45,20.0
2026-08-22,wk inc covid hosp,2,2026-09-05,15,quantile,0.5,20.0
2026-08-22,wk inc covid hosp,2,2026-09-05,15,quantile,0.55,21.0
2026-08-22,wk inc covid hosp,2,2026-09-05,15,quantile,0.6,22.0
2026-08-22,wk inc covid hosp,2,2026-09-05,15,quantile,0.65,23.0
2026-08-22,wk inc covid hosp,2,2026-09-05,15,quantile,0.7,25.0
2026-08-22,wk inc covid hosp,2,2026-09-05,15,quantile,0.75,26.0
2026-08-22,wk inc covid hosp,2,2026-09-05,15,quantile,0.8,27.0
2026-08-22,wk inc covid hosp,2,2026-09-05,15,quantile,0.85,29.0
2026-08-22,wk inc covid hosp,2,2026-09-05,15,quantile,0.9,30.0
2026-08-22,wk inc covid hosp,2,2026-09-05,15,quantile,0.95,33.0
2026-08-22,wk inc covid hosp,2,2026-09-05,15,quantile,0.975,33.0
2026-08-22,wk inc covid hosp,2,2026-09-05,15,quantile,0.99,37.0
2026-08-22,wk inc covid hosp,2,2026-09-05,16,quantile,0.01,0.0
2026-08-22,wk inc covid hosp,2,2026-09-05,16,quantile,0.025,0.0
2026-08-22,wk inc covid hosp,2,2026-09-05,16,quantile,0.05,0.0
2026-08-22,wk inc covid hosp,2,2026-09-05,16,quantile,0.1,1.0
2026-08-22,wk inc covid hosp,2,2026-09-05,16,quantile,0.15,1.0
2026-08-22,wk inc covid hosp,2,2026-09-05,16,quantile,0.2,2.0
2026-08-22,wk inc covid hosp,2,2026-09-05,16,quantile,0.25,2.0
2026-08-22,wk inc covid hosp,2,2026-09-05,16,quantile,0.3,2.0
2026-08-22,wk inc covid hosp,2,2026-09-05,16,quantile,0.35,2.0
2026-08-22,wk inc covid hosp,2,2026-09-05,16,quantile,0.4,3.0
2026-08-22,wk inc covid hosp,2,2026-09-05,16,quantile,0.45,3.0
2026-08-22,wk inc covid hosp,2,2026-09-05,16,quantile,0.5,4.0
2026-08-22,wk inc covid hosp,2,2026-09-05,16,quantile,0.55,4.0
2026-08-22,wk inc covid hosp,2,2026-09-05,16,quantile,0.6,4.0
2026-08-22,wk inc covid hosp,2,2026-09-05,16,quantile,0.65,5.0
2026-08-22,wk inc covid hosp,2,2026-09-05,16,quantile,0.7,5.0
2026-08-22,wk inc covid hosp,2,2026-09-05,16,quantile,0.75,6.0
2026-08-22,wk inc covid hosp,2,2026-09-05,16,quantile,0.8,6.0
2026-08-22,wk inc covid hosp,2,2026-09-05,16,quantile,0.85,6.0
2026-08-22,wk inc covid hosp,2,2026-09-05,16,quantile,0.9,7.0
2026-08-22,wk inc covid hosp,2,2026-09-05,16,quantile,0.95,10.0
2026-08-22,wk inc covid hosp,2,2026-09-05,16,quantile,0.975,19.0
2026-08-22,wk inc covid hosp,2,2026-09-05,16,quantile,0.99,43.0
2026-08-22,wk inc covid hosp,2,2026-09-05,17,quantile,0.01,22.0
2026-08-22,wk inc covid hosp,2,2026-09-05,17,quantile,0.025,28.0
2026-08-22,wk inc covid hosp,2,2026-09-05,17,quantile,0.05,28.0
2026-08-22,wk inc covid hosp,2,2026-09-05,17,quantile,0.1,36.0
2026-08-22,wk inc covid hosp,2,2026-09-05,17,quantile,0.15,40.0
2026-08-22,wk inc covid hosp,2,2026-09-05,17,quantile,0.2,47.0
2026-08-22,wk inc covid hosp,2,2026-09-05,17,quantile,0.25,47.0
2026-08-22,wk inc covid hosp,2,2026-09-05,17,quantile,0.3,47.0
2026-08-22,wk inc covid hosp,2,2026-09-05,17,quantile,0.35,48.0
2026-08-22,wk inc covid hosp,2,2026-09-05,17,quantile,0.4,48.0
2026-08-22,wk inc covid hosp,2,2026-09-05,17,quantile,0.45,49.0
2026-08-22,wk inc covid hosp,2,2026-09-05,17,quantile,0.5,52.0
2026-08-22,wk inc covid hosp,2,2026-09-05,17,quantile,0.55,52.0
2026-08-22,wk inc covid hosp,2,2026-09-05,17,quantile,0.6,53.0
2026-08-22,wk inc covid hosp,2,2026-09-05,17,quantile,0.65,56.0
2026-08-22,wk inc covid hosp,2,2026-09-05,17,quantile,0.7,58.0
2026-08-22,wk inc covid hosp,2,2026-09-05,17,quantile,0.75,61.0
2026-08-22,wk inc covid hosp,2,2026-09-05,17,quantile,0.8,63.0
2026-08-22,wk inc covid hosp,2,2026-09-05,17,quantile,0.85,63.0
2026-08-22,wk inc covid hosp,2,2026-09-05,17,quantile,0.9,68.0
2026-08-22,wk inc covid hosp,2,2026-09-05,17,quantile,0.95,84.0
2026-08-22,wk inc covid hosp,2,2026-09-05,17,quantile,0.975,141.0
2026-08-22,wk inc covid hosp,2,2026-09-05,17,quantile,0.99,303.0
2026-08-22,wk inc covid hosp,2,2026-09-05,18,quantile,0.01,13.0
2026-08-22,wk inc covid hosp,2,2026-09-05,18,quantile,0.025,16.0
2026-08-22,wk inc covid hosp,2,2026-09-05,18,quantile,0.05,17.0
2026-08-22,wk inc covid hosp,2,2026-09-05,18,quantile,0.1,19.0
2026-08-22,wk inc covid hosp,2,2026-09-05,18,quantile,0.15,20.0
2026-08-22,wk inc covid hosp,2,2026-09-05,18,quantile,0.2,22.0
2026-08-22,wk inc covid hosp,2,2026-09-05,18,quantile,0.25,24.0
2026-08-22,wk inc covid hosp,2,2026-09-05,18,quantile,0.3,24.0
2026-08-22,wk inc covid hosp,2,2026-09-05,18,quantile,0.35,25.0
2026-08-22,wk inc covid hosp,2,2026-09-05,18,quantile,0.4,25.0
2026-08-22,wk inc covid hosp,2,2026-09-05,18,quantile,0.45,27.0
2026-08-22,wk inc covid hosp,2,2026-09-05,18,quantile,0.5,27.0
2026-08-22,wk inc covid hosp,2,2026-09-05,18,quantile,0.55,29.0
2026-08-22,wk inc covid hosp,2,2026-09-05,18,quantile,0.6,32.0
2026-08-22,wk inc covid hosp,2,2026-09-05,18,quantile,0.65,32.0
2026-08-22,wk inc covid hosp,2,2026-09-05,18,quantile,0.7,32.0
2026-08-22,wk inc covid hosp,2,2026-09-05,18,quantile,0.75,33.0
2026-08-22,wk inc covid hosp,2,2026-09-05,18,quantile,0.8,34.0
2026-08-22,wk inc covid hosp,2,2026-09-05,18,quantile,0.85,34.0
2026-08-22,wk inc covid hosp,2,2026-09-05,18,quantile,0.9,37.0
2026-08-22,wk inc covid hosp,2,2026-09-05,18,quantile,0.95,45.0
2026-08-22,wk inc covid hosp,2,2026-09-05,18,quantile,0.975,72.0
2026-08-22,wk inc covid hosp,2,2026-09-05,18,quantile,0.99,161.0
2026-08-22,wk inc covid hosp,2,2026-09-05,19,quantile,0.01,1.0
2026-08-22,wk inc covid hosp,2,2026-09-05,19,quantile,0.025,2.0
2026-08-22,wk inc covid hosp,2,2026-09-05,19,quantile,0.05,2.0
2026-08-22,wk inc covid hosp,2,2026-09-05,19,quantile,0.1,3.0
2026-08-22,wk inc covid hosp,2,2026-09-05,19,quantile,0.15,4.0
2026-08-22,wk inc covid hosp,2,2026-09-05,19,quantile,0.2,4.0
2026-08-22,wk inc covid hosp,2,2026-09-05,19,quantile,0.25,4.0
2026-08-22,wk inc covid hosp,2,2026-09-05,19,quantile,0.3,4.0
2026-08-22,wk inc covid hosp,2,2026-09-05,19,quantile,0.35,5.0
2026-08-22,wk inc covid hosp,2,2026-09-05,19,quantile,0.4,5.0
2026-08-22,wk inc covid hosp,2,2026-09-05,19,quantile,0.45,5.0
2026-08-22,wk inc covid hosp,2,2026-09-05,19,quantile,0.5,5.0
2026-08-22,wk inc covid hosp,2,2026-09-05,19,quantile,0.55,5.0
2026-08-22,wk inc covid hosp,2,2026-09-05,19,quantile,0.6,5.0
2026-08-22,wk inc covid hosp,2,2026-09-05,19,quantile,0.65,7.0
2026-08-22,wk inc covid hosp,2,2026-09-05,19,quantile,0.7,8.0
2026-08-22,wk inc covid hosp,2,2026-09-05,19,quantile,0.75,8.0
2026-08-22,wk inc covid hosp,2,2026-09-05,19,quantile,0.8,8.0
2026-08-22,wk inc covid hosp,2,2026-09-05,19,quantile,0.85,10.0
2026-08-22,wk inc covid hosp,2,2026-09-05,19,quantile,0.9,11.0
2026-08-22,wk inc covid hosp,2,2026-09-05,19,quantile,0.95,16.0
2026-08-22,wk inc covid hosp,2,2026-09-05,19,quantile,0.975,33.0
2026-08-22,wk inc covid hosp,2,2026-09-05,19,quantile,0.99,72.0
2026-08-22,wk inc covid hosp,2,2026-09-05,20,quantile,0.01,2.0
2026-08-22,wk inc covid hosp,2,2026-09-05,20,quantile,0.025,3.0
2026-08-22,wk inc covid hosp,2,2026-09-05,20,quantile,0.05,3.0
2026-08-22,wk inc covid hosp,2,2026-09-05,20,quantile,0.1,4.0
2026-08-22,wk inc covid hosp,2,2026-09-05,20,quantile,0.15,5.0
2026-08-22,wk inc covid hosp,2,2026-09-05,20,quantile,0.2,6.0
2026-08-22,wk inc covid hosp,2,2026-09-05,20,quantile,0.25,7.0
2026-08-22,wk inc covid hosp,2,2026-09-05,20,quantile,0.3,7.0
2026-08-22,wk inc covid hosp,2,2026-09-05,20,quantile,0.35,7.0
2026-08-22,wk inc covid hosp,2,2026-09-05,20,quantile,0.4,7.0
2026-08-22,wk inc covid hosp,2,2026-09-05,20,quantile,0.45,8.0
2026-08-22,wk inc covid hosp,2,2026-09-05,20,quantile,0.5,8.0
2026-08-22,wk inc covid hosp,2,2026-09-05,20,quantile,0.55,10.0
2026-08-22,wk inc covid hosp,2,2026-09-05,20,quantile,0.6,11.0
2026-08-22,wk inc covid hosp,2,2026-09-05,20,quantile,0.65,11.0
2026-08-22,wk inc covid hosp,2,2026-09-05,20,quantile,0.7,12.0
2026-08-22,wk inc covid hosp,2,2026-09-05,20,quantile,0.75,12.0
2026-08-22,wk inc covid hosp,2,2026-09-05,20,quantile,0.8,12.0
2026-08-22,wk inc covid hosp,2,2026-09-05,20,quantile,0.85,13.0
2026-08-22,wk inc covid hosp,2,2026-09-05,20,quantile,0.9,14.0
2026-08-22,wk inc covid hosp,2,2026-09-05,20,quantile,0.95,17.0
2026-08-22,wk inc covid hosp,2,2026-09-05,20,quantile,0.975,31.0
2026-08-22,wk inc covid hosp,2,2026-09-05,20,quantile,0.99,70.0
2026-08-22,wk inc covid hosp,2,2026-09-05,21,quantile,0.01,8.0
2026-08-22,wk inc covid hosp,2,2026-09-05,21,quantile,0.025,9.0
2026-08-22,wk inc covid hosp,2,2026-09-05,21,quantile,0.05,9.0
2026-08-22,wk inc covid hosp,2,2026-09-05,21,quantile,0.1,13.0
2026-08-22,wk inc covid hosp,2,2026-09-05,21,quantile,0.15,13.0
2026-08-22,wk inc covid hosp,2,2026-09-05,21,quantile,0.2,15.0
2026-08-22,wk inc covid hosp,2,2026-09-05,21,quantile,0.25,16.0
2026-08-22,wk inc covid hosp,2,2026-09-05,21,quantile,0.3,16.0
2026-08-22,wk inc covid hosp,2,2026-09-05,21,quantile,0.35,17.0
2026-08-22,wk inc covid hosp,2,2026-09-05,21,quantile,0.4,17.0
2026-08-22,wk inc covid hosp,2,2026-09-05,21,quantile,0.45,18.0
2026-08-22,wk inc covid hosp,2,2026-09-05,21,quantile,0.5,18.0
2026-08-22,wk inc covid hosp,2,2026-09-05,21,quantile,0.55,19.0
2026-08-22,wk inc covid hosp,2,2026-09-05,21,quantile,0.6,21.0
2026-08-22,wk inc covid hosp,2,2026-09-05,21,quantile,0.65,21.0
2026-08-22,wk inc covid hosp,2,2026-09-05,21,quantile,0.7,21.0
2026-08-22,wk inc covid hosp,2,2026-09-05,21,quantile,0.75,23.0
2026-08-22,wk inc covid hosp,2,2026-09-05,21,quantile,0.8,23.0
2026-08-22,wk inc covid hosp,2,2026-09-05,21,quantile,0.85,24.0
2026-08-22,wk inc covid hosp,2,2026-09-05,21,quantile,0.9,25.0
2026-08-22,wk inc covid hosp,2,2026-09-05,21,quantile,0.95,29.0
2026-08-22,wk inc covid hosp,2,2026-09-05,21,quantile,0.975,48.0
2026-08-22,wk inc covid hosp,2,2026-09-05,21,quantile,0.99,98.0
2026-08-22,wk inc covid hosp,2,2026-09-05,22,quantile,0.01,25.0
2026-08-22,wk inc covid hosp,2,2026-09-05,22,quantile,0.025,26.0
2026-08-22,wk inc covid hosp,2,2026-09-05,22,quantile,0.05,30.0
2026-08-22,wk inc covid hosp,2,2026-09-05,22,quantile,0.1,31.0
2026-08-22,wk inc covid hosp,2,2026-09-05,22,quantile,0.15,34.0
2026-08-22,wk inc covid hosp,2,2026-09-05,22,quantile,0.2,42.0
2026-08-22,wk inc covid hosp,2,2026-09-05,22,quantile,0.25,46.0
2026-08-22,wk inc covid hosp,2,2026-09-05,22,quantile,0.3,56.0
2026-08-22,wk inc covid hosp,2,2026-09-05,22,quantile,0.35,57.0
2026-08-22,wk inc covid hosp,2,2026-09-05,22,quantile,0.4,57.0
2026-08-22,wk inc covid hosp,2,2026-09-05,22,quantile,0.45,62.0
2026-08-22,wk inc covid hosp,2,2026-09-05,22,quantile,0.5,62.0
2026-08-22,wk inc covid hosp,2,2026-09-05,22,quantile,0.55,63.0
2026-08-22,wk inc covid hosp,2,2026-09-05,22,quantile,0.6,63.0
2026-08-22,wk inc covid hosp,2,2026-09-05,22,quantile,0.65,63.0
2026-08-22,wk inc covid hosp,2,2026-09-05,22,quantile,0.7,65.0
2026-08-22,wk inc covid hosp,2,2026-09-05,22,quantile,0.75,68.0
2026-08-22,wk inc covid hosp,2,2026-09-05,22,quantile,0.8,72.0
2026-08-22,wk inc covid hosp,2,2026-09-05,22,quantile,0.85,77.0
2026-08-22,wk inc covid hosp,2,2026-09-05,22,quantile,0.9,85.0
2026-08-22,wk inc covid hosp,2,2026-09-05,22,quantile,0.95,85.0
2026-08-22,wk inc covid hosp,2,2026-09-05,22,quantile,0.975,95.0
2026-08-22,wk inc covid hosp,2,2026-09-05,22,quantile,0.99,115.0
2026-08-22,wk inc covid hosp,2,2026-09-05,23,quantile,0.01,0.0
2026-08-22,wk inc covid hosp,2,2026-09-05,23,quantile,0.025,0.0
2026-08-22,wk inc covid hosp,2,2026-09-05,23,quantile,0.05,0.0
2026-08-22,wk inc covid hosp,2,2026-09-05,23,quantile,0.1,0.0
2026-08-22,wk inc covid hosp,2,2026-09-05,23,quantile,0.15,0.0
2026-08-22,wk inc covid hosp,2,2026-09-05,23,quantile,0.2,0.0
2026-08-22,wk inc covid hosp,2,2026-09-05,23,quantile,0.25,1.0
2026-08-22,wk inc covid hosp,2,2026-09-05,23,quantile,0.3,1.0
2026-08-22,wk inc covid hosp,2,2026-09-05,23,quantile,0.35,1.0
2026-08-22,wk inc covid hosp,2,2026-09-05,23,quantile,0.4,1.0
2026-08-22,wk inc covid hosp,2,2026-09-05,23,quantile,0.45,1.0
2026-08-22,wk inc covid hosp,2,2026-09-05,23,quantile,0.5,2.0
2026-08-22,wk inc covid hosp,2,2026-09-05,23,quantile,0.55,2.0
2026-08-22,wk inc covid hosp,2,2026-09-05,23,quantile,0.6,2.0
2026-08-22,wk inc covid hosp,2,2026-09-05,23,quantile,0.65,3.0
2026-08-22,wk inc covid hosp,2,2026-09-05,23,quantile,0.7,3.0
2026-08-22,wk inc covid hosp,2,2026-09-05,23,quantile,0.75,3.0
2026-08-22,wk inc covid hosp,2,2026-09-05,23,quantile,0.8,4.0
2026-08-22,wk inc covid hosp,2,2026-09-05,23,quantile,0.85,4.0
2026-08-22,wk inc covid hosp,2,2026-09-05,23,quantile,0.9,5.0
2026-08-22,wk inc covid hosp,2,2026-09-05,23,quantile,0.95,8.0
2026-08-22,wk inc covid hosp,2,2026-09-05,23,quantile,0.975,14.0
2026-08-22,wk inc covid hosp,2,2026-09-05,23,quantile,0.99,29.0
2026-08-22,wk inc covid hosp,2,2026-09-05,24,quantile,0.01,4.0
2026-08-22,wk inc covid hosp,2,2026-09-05,24,quantile,0.025,4.0
2026-08-22,wk inc covid hosp,2,2026-09-05,24,quantile,0.05,5.0
2026-08-22,wk inc covid hosp,2,2026-09-05,24,quantile,0.1,6.0
2026-08-22,wk inc covid hosp,2,2026-09-05,24,quantile,0.15,7.0
2026-08-22,wk inc covid hosp,2,2026-09-05,24,quantile,0.2,7.0
2026-08-22,wk inc covid hosp,2,2026-09-05,24,quantile,0.25,8.0
2026-08-22,wk inc covid hosp,2,2026-09-05,24,quantile,0.3,8.0
2026-08-22,wk inc covid hosp,2,2026-09-05,24,quantile,0.35,9.0
2026-08-22,wk inc covid hosp,2,2026-09-05,24,quantile,0.4,9.0
2026-08-22,wk inc covid hosp,2,2026-09-05,24,quantile,0.45,10.0
2026-08-22,wk inc covid hosp,2,2026-09-05,24,quantile,0.5,10.0
2026-08-22,wk inc covid hosp,2,2026-09-05,24,quantile,0.55,11.0
2026-08-22,wk inc covid hosp,2,2026-09-05,24,quantile,0.6,11.0
2026-08-22,wk inc covid hosp,2,2026-09-05,24,quantile,0.65,12.0
2026-08-22,wk inc covid hosp,2,2026-09-05,24,quantile,0.7,15.0
2026-08-22,wk inc covid hosp,2,2026-09-05,24,quantile,0.75,15.0
2026-08-22,wk inc covid hosp,2,2026-09-05,24,quantile,0.8,17.0
2026-08-22,wk inc covid hosp,2,2026-09-05,24,quantile,0.85,20.0
2026-08-22,wk inc covid hosp,2,2026-09-05,24,quantile,0.9,21.0
2026-08-22,wk inc covid hosp,2,2026-09-05,24,quantile,0.95,30.0
2026-08-22,wk inc covid hosp,2,2026-09-05,24,quantile,0.975,64.0
2026-08-22,wk inc covid hosp,2,2026-09-05,24,quantile,0.99,147.0
2026-08-22,wk inc covid hosp,2,2026-09-05,25,quantile,0.01,12.0
2026-08-22,wk inc covid hosp,2,2026-09-05,25,quantile,0.025,14.0
2026-08-22,wk inc covid hosp,2,2026-09-05,25,quantile,0.05,14.0
2026-08-22,wk inc covid hosp,2,2026-09-05,25,quantile,0.1,18.0
2026-08-22,wk inc covid hosp,2,2026-09-05,25,quantile,0.15,20.0
2026-08-22,wk inc covid hosp,2,2026-09-05,25,quantile,0.2,21.0
2026-08-22,wk inc covid hosp,2,2026-09-05,25,quantile,0.25,23.0
2026-08-22,wk inc covid hosp,2,2026-09-05,25,quantile,0.3,23.0
2026-08-22,wk inc covid hosp,2,2026-09-05,25,quantile,0.35,25.0
2026-08-22,wk inc covid hosp,2,2026-09-05,25,quantile,0.4,25.0
2026-08-22,wk inc covid hosp,2,2026-09-05,25,quantile,0.45,26.0
2026-08-22,wk inc covid hosp,2,2026-09-05,25,quantile,0.5,26.0
2026-08-22,wk inc covid hosp,2,2026-09-05,25,quantile,0.55,27.0
2026-08-22,wk inc covid hosp,2,2026-09-05,25,quantile,0.6,29.0
2026-08-22,wk inc covid hosp,2,2026-09-05,25,quantile,0.65,30.0
2026-08-22,wk inc covid hosp,2,2026-09-05,25,quantile,0.7,32.0
2026-08-22,wk inc covid hosp,2,2026-09-05,25,quantile,0.75,34.0
2026-08-22,wk inc covid hosp,2,2026-09-05,25,quantile,0.8,36.0
2026-08-22,wk inc covid hosp,2,2026-09-05,25,quantile,0.85,39.0
2026-08-22,wk inc covid hosp,2,2026-09-05,25,quantile,0.9,39.0
2026-08-22,wk inc covid hosp,2,2026-09-05,25,quantile,0.95,48.0
2026-08-22,wk inc covid hosp,2,2026-09-05,25,quantile,0.975,81.0
2026-08-22,wk inc covid hosp,2,2026-09-05,25,quantile,0.99,168.0
2026-08-22,wk inc covid hosp,2,2026-09-05,26,quantile,0.01,9.0
2026-08-22,wk inc covid hosp,2,2026-09-05,26,quantile,0.025,14.0
2026-08-22,wk inc covid hosp,2,2026-09-05,26,quantile,0.05,14.0
2026-08-22,wk inc covid hosp,2,2026-09-05,26,quantile,0.1,14.0
2026-08-22,wk inc covid hosp,2,2026-09-05,26,quantile,0.15,16.0
2026-08-22,wk inc covid hosp,2,2026-09-05,26,quantile,0.2,19.0
2026-08-22,wk inc covid hosp,2,2026-09-05,26,quantile,0.25,19.0
2026-08-22,wk inc covid hosp,2,2026-09-05,26,quantile,0.3,19.0
2026-08-22,wk inc covid hosp,2,2026-09-05,26,quantile,0.35,21.0
2026-08-22,wk inc covid hosp,2,2026-09-05,26,quantile,0.4,21.0
2026-08-22,wk inc covid hosp,2,2026-09-05,26,quantile,0.45,23.0
2026-08-22,wk inc covid hosp,2,2026-09-05,26,quantile,0.5,24.0
2026-08-22,wk inc covid hosp,2,2026-09-05,26,quantile,0.55,26.0
2026-08-22,wk inc covid hosp,2,2026-09-05,26,quantile,0.6,26.0
2026-08-22,wk inc covid hosp,2,2026-09-05,26,quantile,0.65,27.0
2026-08-22,wk inc covid hosp,2,2026-09-05,26,quantile,0.7,29.0
2026-08-22,wk inc covid hosp,2,2026-09-05,26,quantile,0.75,30.0
2026-08-22,wk inc covid hosp,2,2026-09-05,26,quantile,0.8,31.0
2026-08-22,wk inc covid hosp,2,2026-09-05,26,quantile,0.85,32.0
2026-08-22,wk inc covid hosp,2,2026-09-05,26,quantile,0.9,37.0
2026-08-22,wk inc covid hosp,2,2026-09-05,26,quantile,0.95,57.0
2026-08-22,wk inc covid hosp,2,2026-09-05,26,quantile,0.975,109.0
2026-08-22,wk inc covid hosp,2,2026-09-05,26,quantile,0.99,259.0
2026-08-22,wk inc covid hosp,2,2026-09-05,27,quantile,0.01,2.0
2026-08-22,wk inc covid hosp,2,2026-09-05,27,quantile,0.025,5.0
2026-08-22,wk inc covid hosp,2,2026-09-05,27,quantile,0.05,5.0
2026-08-22,wk inc covid hosp,2,2026-09-05,27,quantile,0.1,7.0
2026-08-22,wk inc covid hosp,2,2026-09-05,27,quantile,0.15,7.0
2026-08-22,wk inc covid hosp,2,2026-09-05,27,quantile,0.2,7.0
2026-08-22,wk inc covid hosp,2,2026-09-05,27,quantile,0.25,8.0
2026-08-22,wk inc covid hosp,2,2026-09-05,27,quantile,0.3,8.0
2026-08-22,wk inc covid hosp,2,2026-09-05,27,quantile,0.35,8.0
2026-08-22,wk inc covid hosp,2,2026-09-05,27,quantile,0.4,8.0
2026-08-22,wk inc covid hosp,2,2026-09-05,27,quantile,0.45,8.0
2026-08-22,wk inc covid hosp,2,2026-09-05,27,quantile,0.5,9.0
2026-08-22,wk inc covid hosp,2,2026-09-05,27,quantile,0.55,11.0
2026-08-22,wk inc covid hosp,2,2026-09-05,27,quantile,0.6,11.0
2026-08-22,wk inc covid hosp,2,2026-09-05,27,quantile,0.65,12.0
2026-08-22,wk inc covid hosp,2,2026-09-05,27,quantile,0.7,14.0
2026-08-22,wk inc covid hosp,2,2026-09-05,27,quantile,0.75,14.0
2026-08-22,wk inc covid hosp,2,2026-09-05,27,quantile,0.8,15.0
2026-08-22,wk inc covid hosp,2,2026-09-05,27,quantile,0.85,16.0
2026-08-22,wk inc covid hosp,2,2026-09-05,27,quantile,0.9,19.0
2026-08-22,wk inc covid hosp,2,2026-09-05,27,quantile,0.95,28.0
2026-08-22,wk inc covid hosp,2,2026-09-05,27,quantile,0.975,63.0
2026-08-22,wk inc covid hosp,2,2026-09-05,27,quantile,0.99,137.0
2026-08-22,wk inc covid hosp,2,2026-09-05,28,quantile,0.01,12.0
2026-08-22,wk inc covid hosp,2,2026-09-05,28,quantile,0.025,14.0
2026-08-22,wk inc covid hosp,2,2026-09-05,28,quantile,0.05,16.0
2026-08-22,wk inc covid hosp,2,2026-09-05,28,quantile,0.1,19.0
2026-08-22,wk inc covid hosp,2,2026-09-05,28,quantile,0.15,23.0
2026-08-22,wk inc covid hosp,2,2026-09-05,28,quantile,0.2,27.0
2026-08-22,wk inc covid hosp,2,2026-09-05,28,quantile,0.25,30.0
2026-08-22,wk inc covid hosp,2,2026-09-05,28,quantile,0.3,41.0
2026-08-22,wk inc covid hosp,2,2026-09-05,28,quantile,0.35,47.0
2026-08-22,wk inc covid hosp,2,2026-09-05,28,quantile,0.4,48.0
2026-08-22,wk inc covid hosp,2,2026-09-05,28,quantile,0.45,48.0
2026-08-22,wk inc covid hosp,2,2026-09-05,28,quantile,0.5,48.0
2026-08-22,wk inc covid hosp,2,2026-09-05,28,quantile,0.55,48.0
2026-08-22,wk inc covid hosp,2,2026-09-05,28,quantile,0.6,49.0
2026-08-22,wk inc covid hosp,2,2026-09-05,28,quantile,0.65,50.0
2026-08-22,wk inc covid hosp,2,2026-09-05,28,quantile,0.7,52.0
2026-08-22,wk inc covid hosp,2,2026-09-05,28,quantile,0.75,52.0
2026-08-22,wk inc covid hosp,2,2026-09-05,28,quantile,0.8,55.0
2026-08-22,wk inc covid hosp,2,2026-09-05,28,quantile,0.85,60.0
2026-08-22,wk inc covid hosp,2,2026-09-05,28,quantile,0.9,64.0
2026-08-22,wk inc covid hosp,2,2026-09-05,28,quantile,0.95,64.0
2026-08-22,wk inc covid hosp,2,2026-09-05,28,quantile,0.975,66.0
2026-08-22,wk inc covid hosp,2,2026-09-05,28,quantile,0.99,80.0
2026-08-22,wk inc covid hosp,2,2026-09-05,29,quantile,0.01,13.0
2026-08-22,wk inc covid hosp,2,2026-09-05,29,quantile,0.025,16.0
2026-08-22,wk inc covid hosp,2,2026-09-05,29,quantile,0.05,16.0
2026-08-22,wk inc covid hosp,2,2026-09-05,29,quantile,0.1,17.0
2026-08-22,wk inc covid hosp,2,2026-09-05,29,quantile,0.15,19.0
2026-08-22,wk inc covid hosp,2,2026-09-05,29,quantile,0.2,21.0
2026-08-22,wk inc covid hosp,2,2026-09-05,29,quantile,0.25,21.0
2026-08-22,wk inc covid hosp,2,2026-09-05,29,quantile,0.3,22.0
2026-08-22,wk inc covid hosp,2,2026-09-05,29,quantile,0.35,23.0
2026-08-22,wk inc covid hosp,2,2026-09-05,29,quantile,0.4,23.0
2026-08-22,wk inc covid hosp,2,2026-09-05,29,quantile,0.45,24.0
2026-08-22,wk inc covid hosp,2,2026-09-05,29,quantile,0.5,24.0
2026-08-22,wk inc covid hosp,2,2026-09-05,29,quantile,0.55,25.0
2026-08-22,wk inc covid hosp,2,2026-09-05,29,quantile,0.6,29.0
2026-08-22,wk inc covid hosp,2,2026-09-05,29,quantile,0.65,29.0
2026-08-22,wk inc covid hosp,2,2026-09-05,29,quantile,0.7,29.0
2026-08-22,wk inc covid hosp,2,2026-09-05,29,quantile,0.75,29.0
2026-08-22,wk inc covid hosp,2,2026-09-05,29,quantile,0.8,33.0
2026-08-22,wk inc covid hosp,2,2026-09-05,29,quantile,0.85,33.0
2026-08-22,wk inc covid hosp,2,2026-09-05,29,quantile,0.9,36.0
2026-08-22,wk inc covid hosp,2,2026-09-05,29,quantile,0.95,45.0
2026-08-22,wk inc covid hosp,2,2026-09-05,29,quantile,0.975,73.0
2026-08-22,wk inc covid hosp,2,2026-09-05,29,quantile,0.99,160.0
2026-08-22,wk inc covid hosp,2,2026-09-05,30,quantile,0.01,0.0
2026-08-22,wk inc covid hosp,2,2026-09-05,30,quantile,0.025,0.0
2026-08-22,wk inc covid hosp,2,2026-09-05,30,quantile,0.05,0.0
2026-08-22,wk inc covid hosp,2,2026-09-05,30,quantile,0.1,0.0
2026-08-22,wk inc covid hosp,2,2026-09-05,30,quantile,0.15,0.0
2026-08-22,wk inc covid hosp,2,2026-09-05,30,quantile,0.2,0.0
2026-08-22,wk inc covid hosp,2,2026-09-05,30,quantile,0.25,2.0
2026-08-22,wk inc covid hosp,2,2026-09-05,30,quantile,0.3,2.0
2026-08-22,wk inc covid hosp,2,2026-09-05,30,quantile,0.35,2.0
2026-08-22,wk inc covid hosp,2,2026-09-05,30,quantile,0.4,2.0
2026-08-22,wk inc covid hosp,2,2026-09-05,30,quantile,0.45,2.0
2026-08-22,wk inc covid hosp,2,2026-09-05,30,quantile,0.5,3.0
2026-08-22,wk inc covid hosp,2,2026-09-05,30,quantile,0.55,3.0
2026-08-22,wk inc covid hosp,2,2026-09-05,30,quantile,0.6,3.0
2026-08-22,wk inc covid hosp,2,2026-09-05,30,quantile,0.65,4.0
2026-08-22,wk inc covid hosp,2,2026-09-05,30,quantile,0.7,4.0
2026-08-22,wk inc covid hosp,2,2026-09-05,30,quantile,0.75,4.0
2026-08-22,wk inc covid hosp,2,2026-09-05,30,quantile,0.8,5.0
2026-08-22,wk inc covid hosp,2,2026-09-05,30,quantile,0.85,5.0
2026-08-22,wk inc covid hosp,2,2026-09-05,30,quantile,0.9,6.0
2026-08-22,wk inc covid hosp,2,2026-09-05,30,quantile,0.95,8.0
2026-08-22,wk inc covid hosp,2,2026-09-05,30,quantile,0.975,11.0
2026-08-22,wk inc covid hosp,2,2026-09-05,30,quantile,0.99,25.0
2026-08-22,wk inc covid hosp,2,2026-09-05,31,quantile,0.01,0.0
2026-08-22,wk inc covid hosp,2,2026-09-05,31,quantile,0.025,0.0
2026-08-22,wk inc covid hosp,2,2026-09-05,31,quantile,0.05,0.0
2026-08-22,wk inc covid hosp,2,2026-09-05,31,quantile,0.1,1.0
2026-08-22,wk inc covid hosp,2,2026-09-05,31,quantile,0.15,1.0
2026-08-22,wk inc covid hosp,2,2026-09-05,31,quantile,0.2,1.0
2026-08-22,wk inc covid hosp,2,2026-09-05,31,quantile,0.25,2.0
2026-08-22,wk inc covid hosp,2,2026-09-05,31,quantile,0.3,2.0
2026-08-22,wk inc covid hosp,2,2026-09-05,31,quantile,0.35,2.0
2026-08-22,wk inc covid hosp,2,2026-09-05,31,quantile,0.4,2.0
2026-08-22,wk inc covid hosp,2,2026-09-05,31,quantile,0.45,3.0
2026-08-22,wk inc covid hosp,2,2026-09-05,31,quantile,0.5,3.0
2026-08-22,wk inc covid hosp,2,2026-09-05,31,quantile,0.55,3.0
2026-08-22,wk inc covid hosp,2,2026-09-05,31,quantile,0.6,3.0
2026-08-22,wk inc covid hosp,2,2026-09-05,31,quantile,0.65,4.0
2026-08-22,wk inc covid hosp,2,2026-09-05,31,quantile,0.7,4.0
2026-08-22,wk inc covid hosp,2,2026-09-05,31,quantile,0.75,5.0
2026-08-22,wk inc covid hosp,2,2026-09-05,31,quantile,0.8,5.0
2026-08-22,wk inc covid hosp,2,2026-09-05,31,quantile,0.85,5.0
2026-08-22,wk inc covid hosp,2,2026-09-05,31,quantile,0.9,6.0
2026-08-22,wk inc covid hosp,2,2026-09-05,31,quantile,0.95,10.0
2026-08-22,wk inc covid hosp,2,2026-09-05,31,quantile,0.975,20.0
2026-08-22,wk inc covid hosp,2,2026-09-05,31,quantile,0.99,46.0
2026-08-22,wk inc covid hosp,2,2026-09-05,32,quantile,0.01,6.0
2026-08-22,wk inc covid hosp,2,2026-09-05,32,quantile,0.025,8.0
2026-08-22,wk inc covid hosp,2,2026-09-05,32,quantile,0.05,9.0
2026-08-22,wk inc covid hosp,2,2026-09-05,32,quantile,0.1,13.0
2026-08-22,wk inc covid hosp,2,2026-09-05,32,quantile,0.15,17.0
2026-08-22,wk inc covid hosp,2,2026-09-05,32,quantile,0.2,17.0
2026-08-22,wk inc covid hosp,2,2026-09-05,32,quantile,0.25,17.0
2026-08-22,wk inc covid hosp,2,2026-09-05,32,quantile,0.3,17.0
2026-08-22,wk inc covid hosp,2,2026-09-05,32,quantile,0.35,17.0
2026-08-22,wk inc covid hosp,2,2026-09-05,32,quantile,0.4,17.0
2026-08-22,wk inc covid hosp,2,2026-09-05,32,quantile,0.45,19.0
2026-08-22,wk inc covid hosp,2,2026-09-05,32,quantile,0.5,20.0
2026-08-22,wk inc covid hosp,2,2026-09-05,32,quantile,0.55,20.0
2026-08-22,wk inc covid hosp,2,2026-09-05,32,quantile,0.6,20.0
2026-08-22,wk inc covid hosp,2,2026-09-05,32,quantile,0.65,22.0
2026-08-22,wk inc covid hosp,2,2026-09-05,32,quantile,0.7,23.0
2026-08-22,wk inc covid hosp,2,2026-09-05,32,quantile,0.75,23.0
2026-08-22,wk inc covid hosp,2,2026-09-05,32,quantile,0.8,23.0
2026-08-22,wk inc covid hosp,2,2026-09-05,32,quantile,0.85,25.0
2026-08-22,wk inc covid hosp,2,2026-09-05,32,quantile,0.9,26.0
2026-08-22,wk inc covid hosp,2,2026-09-05,32,quantile,0.95,28.0
2026-08-22,wk inc covid hosp,2,2026-09-05,32,quantile,0.975,38.0
2026-08-22,wk inc covid hosp,2,2026-09-05,32,quantile,0.99,73.0
2026-08-22,wk inc covid hosp,2,2026-09-05,33,quantile,0.01,2.0
2026-08-22,wk inc covid hosp,2,2026-09-05,33,quantile,0.025,2.0
2026-08-22,wk inc covid hosp,2,2026-09-05,33,quantile,0.05,2.0
2026-08-22,wk inc covid hosp,2,2026-09-05,33,quantile,0.1,3.0
2026-08-22,wk inc covid hosp,2,2026-09-05,33,quantile,0.15,3.0
2026-08-22,wk inc covid hosp,2,2026-09-05,33,quantile,0.2,4.0
2026-08-22,wk inc covid hosp,2,2026-09-05,33,quantile,0.25,4.0
2026-08-22,wk inc covid hosp,2,2026-09-05,33,quantile,0.3,4.0
2026-08-22,wk inc covid hosp,2,2026-09-05,33,quantile,0.35,5.0
2026-08-22,wk inc covid hosp,2,2026-09-05,33,quantile,0.4,5.0
2026-08-22,wk inc covid hosp,2,2026-09-05,33,quantile,0.45,6.0
2026-08-22,wk inc covid hosp,2,2026-09-05,33,quantile,0.5,6.0
2026-08-22,wk inc covid hosp,2,2026-09-05,33,quantile,0.55,6.0
2026-08-22,wk inc covid hosp,2,2026-09-05,33,quantile,0.6,7.0
2026-08-22,wk inc covid hosp,2,2026-09-05,33,quantile,0.65,7.0
2026-08-22,wk inc covid hosp,2,2026-09-05,33,quantile,0.7,8.0
2026-08-22,wk inc covid hosp,2,2026-09-05,33,quantile,0.75,8.0
2026-08-22,wk inc covid hosp,2,2026-09-05,33,quantile,0.8,8.0
2026-08-22,wk inc covid hosp,2,2026-09-05,33,quantile,0.85,9.0
2026-08-22,wk inc covid hosp,2,2026-09-05,33,quantile,0.9,9.0
2026-08-22,wk inc covid hosp,2,2026-09-05,33,quantile,0.95,11.0
2026-08-22,wk inc covid hosp,2,2026-09-05,33,quantile,0.975,15.0
2026-08-22,wk inc covid hosp,2,2026-09-05,33,quantile,0.99,32.0
2026-08-22,wk inc covid hosp,2,2026-09-05,34,quantile,0.01,30.0
2026-08-22,wk inc covid hosp,2,2026-09-05,34,quantile,0.025,34.0
2026-08-22,wk inc covid hosp,2,2026-09-05,34,quantile,0.05,34.0
2026-08-22,wk inc covid hosp,2,2026-09-05,34,quantile,0.1,42.0
2026-08-22,wk inc covid hosp,2,2026-09-05,34,quantile,0.15,50.0
2026-08-22,wk inc covid hosp,2,2026-09-05,34,quantile,0.2,53.0
2026-08-22,wk inc covid hosp,2,2026-09-05,34,quantile,0.25,53.0
2026-08-22,wk inc covid hosp,2,2026-09-05,34,quantile,0.3,53.0
2026-08-22,wk inc covid hosp,2,2026-09-05,34,quantile,0.35,54.0
2026-08-22,wk inc covid hosp,2,2026-09-05,34,quantile,0.4,54.0
2026-08-22,wk inc covid hosp,2,2026-09-05,34,quantile,0.45,56.0
2026-08-22,wk inc covid hosp,2,2026-09-05,34,quantile,0.5,58.0
2026-08-22,wk inc covid hosp,2,2026-09-05,34,quantile,0.55,58.0
2026-08-22,wk inc covid hosp,2,2026-09-05,34,quantile,0.6,58.0
2026-08-22,wk inc covid hosp,2,2026-09-05,34,quantile,0.65,61.0
2026-08-22,wk inc covid hosp,2,2026-09-05,34,quantile,0.7,65.0
2026-08-22,wk inc covid hosp,2,2026-09-05,34,quantile,0.75,65.0
2026-08-22,wk inc covid hosp,2,2026-09-05,34,quantile,0.8,67.0
2026-08-22,wk inc covid hosp,2,2026-09-05,34,quantile,0.85,69.0
2026-08-22,wk inc covid hosp,2,2026-09-05,34,quantile,0.9,79.0
2026-08-22,wk inc covid hosp,2,2026-09-05,34,quantile,0.95,84.0
2026-08-22,wk inc covid hosp,2,2026-09-05,34,quantile,0.975,117.0
2026-08-22,wk inc covid hosp,2,2026-09-05,34,quantile,0.99,215.0
2026-08-22,wk inc covid hosp,2,2026-09-05,35,quantile,0.01,1.0
2026-08-22,wk inc covid hosp,2,2026-09-05,35,quantile,0.025,1.0
2026-08-22,wk inc covid hosp,2,2026-09-05,35,quantile,0.05,2.0
2026-08-22,wk inc covid hosp,2,2026-09-05,35,quantile,0.1,5.0
2026-08-22,wk inc covid hosp,2,2026-09-05,35,quantile,0.15,5.0
2026-08-22,wk inc covid hosp,2,2026-09-05,35,quantile,0.2,6.0
2026-08-22,wk inc covid hosp,2,2026-09-05,35,quantile,0.25,7.0
2026-08-22,wk inc covid hosp,2,2026-09-05,35,quantile,0.3,7.0
2026-08-22,wk inc covid hosp,2,2026-09-05,35,quantile,0.35,7.0
2026-08-22,wk inc covid hosp,2,2026-09-05,35,quantile,0.4,7.0
2026-08-22,wk inc covid hosp,2,2026-09-05,35,quantile,0.45,8.0
2026-08-22,wk inc covid hosp,2,2026-09-05,35,quantile,0.5,8.0
2026-08-22,wk inc covid hosp,2,2026-09-05,35,quantile,0.55,8.0
2026-08-22,wk inc covid hosp,2,2026-09-05,35,quantile,0.6,9.0
2026-08-22,wk inc covid hosp,2,2026-09-05,35,quantile,0.65,9.0
2026-08-22,wk inc covid hosp,2,2026-09-05,35,quantile,0.7,10.0
2026-08-22,wk inc covid hosp,2,2026-09-05,35,quantile,0.75,10.0
2026-08-22,wk inc covid hosp,2,2026-09-05,35,quantile,0.8,10.0
2026-08-22,wk inc covid hosp,2,2026-09-05,35,quantile,0.85,11.0
2026-08-22,wk inc covid hosp,2,2026-09-05,35,quantile,0.9,11.0
2026-08-22,wk inc covid hosp,2,2026-09-05,35,quantile,0.95,15.0
2026-08-22,wk inc covid hosp,2,2026-09-05,35,quantile,0.975,24.0
2026-08-22,wk inc covid hosp,2,2026-09-05,35,quantile,0.99,53.0
2026-08-22,wk inc covid hosp,2,2026-09-05,36,quantile,0.01,98.0
2026-08-22,wk inc covid hosp,2,2026-09-05,36,quantile,0.025,98.0
2026-08-22,wk inc covid hosp,2,2026-09-05,36,quantile,0.05,99.0
2026-08-22,wk inc covid hosp,2,2026-09-05,36,quantile,0.1,115.0
2026-08-22,wk inc covid hosp,2,2026-09-05,36,quantile,0.15,123.0
2026-08-22,wk inc covid hosp,2,2026-09-05,36,quantile,0.2,151.0
2026-08-22,wk inc covid hosp,2,2026-09-05,36,quantile,0.25,151.0
2026-08-22,wk inc covid hosp,2,2026-09-05,36,quantile,0.3,151.0
2026-08-22,wk inc covid hosp,2,2026-09-05,36,quantile,0.35,151.0
2026-08-22,wk inc covid hosp,2,2026-09-05,36,quantile,0.4,151.0
2026-08-22,wk inc covid hosp,2,2026-09-05,36,quantile,0.45,151.0
2026-08-22,wk inc covid hosp,2,2026-09-05,36,quantile,0.5,151.0
2026-08-22,wk inc covid hosp,2,2026-09-05,36,quantile,0.55,151.0
2026-08-22,wk inc covid hosp,2,2026-09-05,36,quantile,0.6,151.0
2026-08-22,wk inc covid hosp,2,2026-09-05,36,quantile,0.65,152.0
2026-08-22,wk inc covid hosp,2,2026-09-05,36,quantile,0.7,157.0
2026-08-22,wk inc covid hosp,2,2026-09-05,36,quantile,0.75,159.0
2026-08-22,wk inc covid hosp,2,2026-09-05,36,quantile,0.8,165.0
2026-08-22,wk inc covid hosp,2,2026-09-05,36,quantile,0.85,173.0
2026-08-22,wk inc covid hosp,2,2026-09-05,36,quantile,0.9,185.0
2026-08-22,wk inc covid hosp,2,2026-09-05,36,quantile,0.95,209.0
2026-08-22,wk inc covid hosp,2,2026-09-05,36,quantile,0.975,283.0
2026-08-22,wk inc covid hosp,2,2026-09-05,36,quantile,0.99,475.0
2026-08-22,wk inc covid hosp,2,2026-09-05,37,quantile,0.01,53.0
2026-08-22,wk inc covid hosp,2,2026-09-05,37,quantile,0.025,61.0
2026-08-22,wk inc covid hosp,2,2026-09-05,37,quantile,0.05,72.0
2026-08-22,wk inc covid hosp,2,2026-09-05,37,quantile,0.1,78.0
2026-08-22,wk inc covid hosp,2,2026-09-05,37,quantile,0.15,84.0
2026-08-22,wk inc covid hosp,2,2026-09-05,37,quantile,0.2,101.0
2026-08-22,wk inc covid hosp,2,2026-09-05,37,quantile,0.25,116.0
2026-08-22,wk inc covid hosp,2,2026-09-05,37,quantile,0.3,134.0
2026-08-22,wk inc covid hosp,2,2026-09-05,37,quantile,0.35,134.0
2026-08-22,wk inc covid hosp,2,2026-09-05,37,quantile,0.4,134.0
2026-08-22,wk inc covid hosp,2,2026-09-05,37,quantile,0.45,134.0
2026-08-22,wk inc covid hosp,2,2026-09-05,37,quantile,0.5,134.0
2026-08-22,wk inc covid hosp,2,2026-09-05,37,quantile,0.55,134.0
2026-08-22,wk inc covid hosp,2,2026-09-05,37,quantile,0.6,134.0
2026-08-22,wk inc covid hosp,2,2026-09-05,37,quantile,0.65,137.0
2026-08-22,wk inc covid hosp,2,2026-09-05,37,quantile,0.7,142.0
2026-08-22,wk inc covid hosp,2,2026-09-05,37,quantile,0.75,147.0
2026-08-22,wk inc covid hosp,2,2026-09-05,37,quantile,0.8,149.0
2026-08-22,wk inc covid hosp,2,2026-09-05,37,quantile,0.85,149.0
2026-08-22,wk inc covid hosp,2,2026-09-05,37,quantile,0.9,157.0
2026-08-22,wk inc covid hosp,2,2026-09-05,37,quantile,0.95,162.0
2026-08-22,wk inc covid hosp,2,2026-09-05,37,quantile,0.975,179.0
2026-08-22,wk inc covid hosp,2,2026-09-05,37,quantile,0.99,258.0
2026-08-22,wk inc covid hosp,2,2026-09-05,38,quantile,0.01,0.0
2026-08-22,wk inc covid hosp,2,2026-09-05,38,quantile,0.025,0.0
2026-08-22,wk inc covid hosp,2,2026-09-05,38,quantile,0.05,0.0
2026-08-22,wk inc covid hosp,2,2026-09-05,38,quantile,0.1,0.0
2026-08-22,wk inc covid hosp,2,2026-09-05,38,quantile,0.15,0.0
2026-08-22,wk inc covid hosp,2,2026-09-05,38,quantile,0.2,0.0
2026-08-22,wk inc covid hosp,2,2026-09-05,38,quantile,0.25,0.0
2026-08-22,wk inc covid hosp,2,2026-09-05,38,quantile,0.3,0.0
2026-08-22,wk inc covid hosp,2,2026-09-05,38,quantile,0.35,1.0
2026-08-22,wk inc covid hosp,2,2026-09-05,38,quantile,0.4,1.0
2026-08-22,wk inc covid hosp,2,2026-09-05,38,quantile,0.45,1.0
2026-08-22,wk inc covid hosp,2,2026-09-05,38,quantile,0.5,1.0
2026-08-22,wk inc covid hosp,2,2026-09-05,38,quantile,0.55,1.0
2026-08-22,wk inc covid hosp,2,2026-09-05,38,quantile,0.6,1.0
2026-08-22,wk inc covid hosp,2,2026-09-05,38,quantile,0.65,2.0
2026-08-22,wk inc covid hosp,2,2026-09-05,38,quantile,0.7,2.0
2026-08-22,wk inc covid hosp,2,2026-09-05,38,quantile,0.75,2.0
2026-08-22,wk inc covid hosp,2,2026-09-05,38,quantile,0.8,2.0
2026-08-22,wk inc covid hosp,2,2026-09-05,38,quantile,0.85,3.0
2026-08-22,wk inc covid hosp,2,2026-09-05,38,quantile,0.9,3.0
2026-08-22,wk inc covid hosp,2,2026-09-05,38,quantile,0.95,4.0
2026-08-22,wk inc covid hosp,2,2026-09-05,38,quantile,0.975,8.0
2026-08-22,wk inc covid hosp,2,2026-09-05,38,quantile,0.99,17.0
2026-08-22,wk inc covid hosp,2,2026-09-05,39,quantile,0.01,17.0
2026-08-22,wk inc covid hosp,2,2026-09-05,39,quantile,0.025,27.0
2026-08-22,wk inc covid hosp,2,2026-09-05,39,quantile,0.05,27.0
2026-08-22,wk inc covid hosp,2,2026-09-05,39,quantile,0.1,37.0
2026-08-22,wk inc covid hosp,2,2026-09-05,39,quantile,0.15,40.0
2026-08-22,wk inc covid hosp,2,2026-09-05,39,quantile,0.2,44.0
2026-08-22,wk inc covid hosp,2,2026-09-05,39,quantile,0.25,44.0
2026-08-22,wk inc covid hosp,2,2026-09-05,39,quantile,0.3,45.0
2026-08-22,wk inc covid hosp,2,2026-09-05,39,quantile,0.35,46.0
2026-08-22,wk inc covid hosp,2,2026-09-05,39,quantile,0.4,46.0
2026-08-22,wk inc covid hosp,2,2026-09-05,39,quantile,0.45,48.0
2026-08-22,wk inc covid hosp,2,2026-09-05,39,quantile,0.5,49.0
2026-08-22,wk inc covid hosp,2,2026-09-05,39,quantile,0.55,51.0
2026-08-22,wk inc covid hosp,2,2026-09-05,39,quantile,0.6,58.0
2026-08-22,wk inc covid hosp,2,2026-09-05,39,quantile,0.65,58.0
2026-08-22,wk inc covid hosp,2,2026-09-05,39,quantile,0.7,58.0
2026-08-22,wk inc covid hosp,2,2026-09-05,39,quantile,0.75,58.0
2026-08-22,wk inc covid hosp,2,2026-09-05,39,quantile,0.8,59.0
2026-08-22,wk inc covid hosp,2,2026-09-05,39,quantile,0.85,62.0
2026-08-22,wk inc covid hosp,2,2026-09-05,39,quantile,0.9,64.0
2026-08-22,wk inc covid hosp,2,2026-09-05,39,quantile,0.95,77.0
2026-08-22,wk inc covid hosp,2,2026-09-05,39,quantile,0.975,133.0
2026-08-22,wk inc covid hosp,2,2026-09-05,39,quantile,0.99,285.0
2026-08-22,wk inc covid hosp,2,2026-09-05,40,quantile,0.01,2.0
2026-08-22,wk inc covid hosp,2,2026-09-05,40,quantile,0.025,5.0
2026-08-22,wk inc covid hosp,2,2026-09-05,40,quantile,0.05,5.0
2026-08-22,wk inc covid hosp,2,2026-09-05,40,quantile,0.1,8.0
2026-08-22,wk inc covid hosp,2,2026-09-05,40,quantile,0.15,8.0
2026-08-22,wk inc covid hosp,2,2026-09-05,40,quantile,0.2,9.0
2026-08-22,wk inc covid hosp,2,2026-09-05,40,quantile,0.25,10.0
2026-08-22,wk inc covid hosp,2,2026-09-05,40,quantile,0.3,10.0
2026-08-22,wk inc covid hosp,2,2026-09-05,40,quantile,0.35,10.0
2026-08-22,wk inc covid hosp,2,2026-09-05,40,quantile,0.4,10.0
2026-08-22,wk inc covid hosp,2,2026-09-05,40,quantile,0.45,11.0
2026-08-22,wk inc covid hosp,2,2026-09-05,40,quantile,0.5,11.0
2026-08-22,wk inc covid hosp,2,2026-09-05,40,quantile,0.55,13.0
2026-08-22,wk inc covid hosp,2,2026-09-05,40,quantile,0.6,13.0
2026-08-22,wk inc covid hosp,2,2026-09-05,40,quantile,0.65,13.0
2026-08-22,wk inc covid hosp,2,2026-09-05,40,quantile,0.7,14.0
2026-08-22,wk inc covid hosp,2,2026-09-05,40,quantile,0.75,15.0
2026-08-22,wk inc covid hosp,2,2026-09-05,40,quantile,0.8,17.0
2026-08-22,wk inc covid hosp,2,2026-09-05,40,quantile,0.85,18.0
2026-08-22,wk inc covid hosp,2,2026-09-05,40,quantile,0.9,18.0
2026-08-22,wk inc covid hosp,2,2026-09-05,40,quantile,0.95,23.0
2026-08-22,wk inc covid hosp,2,2026-09-05,40,quantile,0.975,43.0
2026-08-22,wk inc covid hosp,2,2026-09-05,40,quantile,0.99,94.0
2026-08-22,wk inc covid hosp,2,2026-09-05,41,quantile,0.01,2.0
2026-08-22,wk inc covid hosp,2,2026-09-05,41,quantile,0.025,4.0
2026-08-22,wk inc covid hosp,2,2026-09-05,41,quantile,0.05,5.0
2026-08-22,wk inc covid hosp,2,2026-09-05,41,quantile,0.1,8.0
2026-08-22,wk inc covid hosp,2,2026-09-05,41,quantile,0.15,9.0
2026-08-22,wk inc covid hosp,2,2026-09-05,41,quantile,0.2,9.0
2026-08-22,wk inc covid hosp,2,2026-09-05,41,quantile,0.25,10.0
2026-08-22,wk inc covid hosp,2,2026-09-05,41,quantile,0.3,10.0
2026-08-22,wk inc covid hosp,2,2026-09-05,41,quantile,0.35,10.0
2026-08-22,wk inc covid hosp,2,2026-09-05,41,quantile,0.4,11.0
2026-08-22,wk inc covid hosp,2,2026-09-05,41,quantile,0.45,11.0
2026-08-22,wk inc covid hosp,2,2026-09-05,41,quantile,0.5,11.0
2026-08-22,wk inc covid hosp,2,2026-09-05,41,quantile,0.55,13.0
2026-08-22,wk inc covid hosp,2,2026-09-05,41,quantile,0.6,13.0
2026-08-22,wk inc covid hosp,2,2026-09-05,41,quantile,0.65,13.0
2026-08-22,wk inc covid hosp,2,2026-09-05,41,quantile,0.7,14.0
2026-08-22,wk inc covid hosp,2,2026-09-05,41,quantile,0.75,16.0
2026-08-22,wk inc covid hosp,2,2026-09-05,41,quantile,0.8,17.0
2026-08-22,wk inc covid hosp,2,2026-09-05,41,quantile,0.85,18.0
2026-08-22,wk inc covid hosp,2,2026-09-05,41,quantile,0.9,18.0
2026-08-22,wk inc covid hosp,2,2026-09-05,41,quantile,0.95,25.0
2026-08-22,wk inc covid hosp,2,2026-09-05,41,quantile,0.975,46.0
2026-08-22,wk inc covid hosp,2,2026-09-05,41,quantile,0.99,105.0
2026-08-22,wk inc covid hosp,2,2026-09-05,42,quantile,0.01,31.0
2026-08-22,wk inc covid hosp,2,2026-09-05,42,quantile,0.025,45.0
2026-08-22,wk inc covid hosp,2,2026-09-05,42,quantile,0.05,45.0
2026-08-22,wk inc covid hosp,2,2026-09-05,42,quantile,0.1,54.0
2026-08-22,wk inc covid hosp,2,2026-09-05,42,quantile,0.15,64.0
2026-08-22,wk inc covid hosp,2,2026-09-05,42,quantile,0.2,65.0
2026-08-22,wk inc covid hosp,2,2026-09-05,42,quantile,0.25,66.0
2026-08-22,wk inc covid hosp,2,2026-09-05,42,quantile,0.3,66.0
2026-08-22,wk inc covid hosp,2,2026-09-05,42,quantile,0.35,66.0
2026-08-22,wk inc covid hosp,2,2026-09-05,42,quantile,0.4,67.0
2026-08-22,wk inc covid hosp,2,2026-09-05,42,quantile,0.45,68.0
2026-08-22,wk inc covid hosp,2,2026-09-05,42,quantile,0.5,68.0
2026-08-22,wk inc covid hosp,2,2026-09-05,42,quantile,0.55,69.0
2026-08-22,wk inc covid hosp,2,2026-09-05,42,quantile,0.6,71.0
2026-08-22,wk inc covid hosp,2,2026-09-05,42,quantile,0.65,74.0
2026-08-22,wk inc covid hosp,2,2026-09-05,42,quantile,0.7,78.0
2026-08-22,wk inc covid hosp,2,2026-09-05,42,quantile,0.75,78.0
2026-08-22,wk inc covid hosp,2,2026-09-05,42,quantile,0.8,78.0
2026-08-22,wk inc covid hosp,2,2026-09-05,42,quantile,0.85,87.0
2026-08-22,wk inc covid hosp,2,2026-09-05,42,quantile,0.9,94.0
2026-08-22,wk inc covid hosp,2,2026-09-05,42,quantile,0.95,112.0
2026-08-22,wk inc covid hosp,2,2026-09-05,42,quantile,0.975,148.0
2026-08-22,wk inc covid hosp,2,2026-09-05,42,quantile,0.99,297.0
2026-08-22,wk inc covid hosp,2,2026-09-05,44,quantile,0.01,1.0
2026-08-22,wk inc covid hosp,2,2026-09-05,44,quantile,0.025,1.0
2026-08-22,wk inc covid hosp,2,2026-09-05,44,quantile,0.05,2.0
2026-08-22,wk inc covid hosp,2,2026-09-05,44,quantile,0.1,4.0
2026-08-22,wk inc covid hosp,2,2026-09-05,44,quantile,0.15,5.0
2026-08-22,wk inc covid hosp,2,2026-09-05,44,quantile,0.2,7.0
2026-08-22,wk inc covid hosp,2,2026-09-05,44,quantile,0.25,8.0
2026-08-22,wk inc covid hosp,2,2026-09-05,44,quantile,0.3,8.0
2026-08-22,wk inc covid hosp,2,2026-09-05,44,quantile,0.35,8.0
2026-08-22,wk inc covid hosp,2,2026-09-05,44,quantile,0.4,8.0
2026-08-22,wk inc covid hosp,2,2026-09-05,44,quantile,0.45,9.0
2026-08-22,wk inc covid hosp,2,2026-09-05,44,quantile,0.5,9.0
2026-08-22,wk inc covid hosp,2,2026-09-05,44,quantile,0.55,9.0
2026-08-22,wk inc covid hosp,2,2026-09-05,44,quantile,0.6,10.0
2026-08-22,wk inc covid hosp,2,2026-09-05,44,quantile,0.65,10.0
2026-08-22,wk inc covid hosp,2,2026-09-05,44,quantile,0.7,10.0
2026-08-22,wk inc covid hosp,2,2026-09-05,44,quantile,0.75,10.0
2026-08-22,wk inc covid hosp,2,2026-09-05,44,quantile,0.8,11.0
2026-08-22,wk inc covid hosp,2,2026-09-05,44,quantile,0.85,12.0
2026-08-22,wk inc covid hosp,2,2026-09-05,44,quantile,0.9,14.0
2026-08-22,wk inc covid hosp,2,2026-09-05,44,quantile,0.95,17.0
2026-08-22,wk inc covid hosp,2,2026-09-05,44,quantile,0.975,18.0
2026-08-22,wk inc covid hosp,2,2026-09-05,44,quantile,0.99,24.0
2026-08-22,wk inc covid hosp,2,2026-09-05,45,quantile,0.01,18.0
2026-08-22,wk inc covid hosp,2,2026-09-05,45,quantile,0.025,18.0
2026-08-22,wk inc covid hosp,2,2026-09-05,45,quantile,0.05,18.0
2026-08-22,wk inc covid hosp,2,2026-09-05,45,quantile,0.1,23.0
2026-08-22,wk inc covid hosp,2,2026-09-05,45,quantile,0.15,26.0
2026-08-22,wk inc covid hosp,2,2026-09-05,45,quantile,0.2,29.0
2026-08-22,wk inc covid hosp,2,2026-09-05,45,quantile,0.25,29.0
2026-08-22,wk inc covid hosp,2,2026-09-05,45,quantile,0.3,29.0
2026-08-22,wk inc covid hosp,2,2026-09-05,45,quantile,0.35,29.0
2026-08-22,wk inc covid hosp,2,2026-09-05,45,quantile,0.4,29.0
2026-08-22,wk inc covid hosp,2,2026-09-05,45,quantile,0.45,29.0
2026-08-22,wk inc covid hosp,2,2026-09-05,45,quantile,0.5,31.0
2026-08-22,wk inc covid hosp,2,2026-09-05,45,quantile,0.55,31.0
2026-08-22,wk inc covid hosp,2,2026-09-05,45,quantile,0.6,31.0
2026-08-22,wk inc covid hosp,2,2026-09-05,45,quantile,0.65,32.0
2026-08-22,wk inc covid hosp,2,2026-09-05,45,quantile,0.7,33.0
2026-08-22,wk inc covid hosp,2,2026-09-05,45,quantile,0.75,34.0
2026-08-22,wk inc covid hosp,2,2026-09-05,45,quantile,0.8,37.0
2026-08-22,wk inc covid hosp,2,2026-09-05,45,quantile,0.85,38.0
2026-08-22,wk inc covid hosp,2,2026-09-05,45,quantile,0.9,40.0
2026-08-22,wk inc covid hosp,2,2026-09-05,45,quantile,0.95,45.0
2026-08-22,wk inc covid hosp,2,2026-09-05,45,quantile,0.975,59.0
2026-08-22,wk inc covid hosp,2,2026-09-05,45,quantile,0.99,119.0
2026-08-22,wk inc covid hosp,2,2026-09-05,46,quantile,0.01,0.0
2026-08-22,wk inc covid hosp,2,2026-09-05,46,quantile,0.025,0.0
2026-08-22,wk inc covid hosp,2,2026-09-05,46,quantile,0.05,0.0
2026-08-22,wk inc covid hosp,2,2026-09-05,46,quantile,0.1,0.0
2026-08-22,wk inc covid hosp,2,2026-09-05,46,quantile,0.15,0.0
2026-08-22,wk inc covid hosp,2,2026-09-05,46,quantile,0.2,0.0
2026-08-22,wk inc covid hosp,2,2026-09-05,46,quantile,0.25,1.0
2026-08-22,wk inc covid hosp,2,2026-09-05,46,quantile,0.3,1.0
2026-08-22,wk inc covid hosp,2,2026-09-05,46,quantile,0.35,1.0
2026-08-22,wk inc covid hosp,2,2026-09-05,46,quantile,0.4,1.0
2026-08-22,wk inc covid hosp,2,2026-09-05,46,quantile,0.45,1.0
2026-08-22,wk inc covid hosp,2,2026-09-05,46,quantile,0.5,1.0
2026-08-22,wk inc covid hosp,2,2026-09-05,46,quantile,0.55,2.0
2026-08-22,wk inc covid hosp,2,2026-09-05,46,quantile,0.6,2.0
2026-08-22,wk inc covid hosp,2,2026-09-05,46,quantile,0.65,2.0
2026-08-22,wk inc covid hosp,2,2026-09-05,46,quantile,0.7,2.0
2026-08-22,wk inc covid hosp,2,2026-09-05,46,quantile,0.75,3.0
2026-08-22,wk inc covid hosp,2,2026-09-05,46,quantile,0.8,3.0
2026-08-22,wk inc covid hosp,2,2026-09-05,46,quantile,0.85,3.0
2026-08-22,wk inc covid hosp,2,2026-09-05,46,quantile,0.9,4.0
2026-08-22,wk inc covid hosp,2,2026-09-05,46,quantile,0.95,5.0
2026-08-22,wk inc covid hosp,2,2026-09-05,46,quantile,0.975,9.0
2026-08-22,wk inc covid hosp,2,2026-09-05,46,quantile,0.99,17.0
2026-08-22,wk inc covid hosp,2,2026-09-05,47,quantile,0.01,25.0
2026-08-22,wk inc covid hosp,2,2026-09-05,47,quantile,0.025,25.0
2026-08-22,wk inc covid hosp,2,2026-09-05,47,quantile,0.05,28.0
2026-08-22,wk inc covid hosp,2,2026-09-05,47,quantile,0.1,32.0
2026-08-22,wk inc covid hosp,2,2026-09-05,47,quantile,0.15,37.0
2026-08-22,wk inc covid hosp,2,2026-09-05,47,quantile,0.2,47.0
2026-08-22,wk inc covid hosp,2,2026-09-05,47,quantile,0.25,47.0
2026-08-22,wk inc covid hosp,2,2026-09-05,47,quantile,0.3,47.0
2026-08-22,wk inc covid hosp,2,2026-09-05,47,quantile,0.35,47.0
2026-08-22,wk inc covid hosp,2,2026-09-05,47,quantile,0.4,47.0
2026-08-22,wk inc covid hosp,2,2026-09-05,47,quantile,0.45,48.0
2026-08-22,wk inc covid hosp,2,2026-09-05,47,quantile,0.5,49.0
2026-08-22,wk inc covid hosp,2,2026-09-05,47,quantile,0.55,49.0
2026-08-22,wk inc covid hosp,2,2026-09-05,47,quantile,0.6,50.0
2026-08-22,wk inc covid hosp,2,2026-09-05,47,quantile,0.65,52.0
2026-08-22,wk inc covid hosp,2,2026-09-05,47,quantile,0.7,54.0
2026-08-22,wk inc covid hosp,2,2026-09-05,47,quantile,0.75,54.0
2026-08-22,wk inc covid hosp,2,2026-09-05,47,quantile,0.8,54.0
2026-08-22,wk inc covid hosp,2,2026-09-05,47,quantile,0.85,57.0
2026-08-22,wk inc covid hosp,2,2026-09-05,47,quantile,0.9,63.0
2026-08-22,wk inc covid hosp,2,2026-09-05,47,quantile,0.95,69.0
2026-08-22,wk inc covid hosp,2,2026-09-05,47,quantile,0.975,87.0
2026-08-22,wk inc covid hosp,2,2026-09-05,47,quantile,0.99,157.0
2026-08-22,wk inc covid hosp,2,2026-09-05,48,quantile,0.01,116.0
2026-08-22,wk inc covid hosp,2,2026-09-05,48,quantile,0.025,166.0
2026-08-22,wk inc covid hosp,2,2026-09-05,48,quantile,0.05,183.0
2026-08-22,wk inc covid hosp,2,2026-09-05,48,quantile,0.1,211.0
2026-08-22,wk inc covid hosp,2,2026-09-05,48,quantile,0.15,215.0
2026-08-22,wk inc covid hosp,2,2026-09-05,48,quantile,0.2,247.0
2026-08-22,wk inc covid hosp,2,2026-09-05,48,quantile,0.25,276.0
2026-08-22,wk inc covid hosp,2,2026-09-05,48,quantile,0.3,296.0
2026-08-22,wk inc covid hosp,2,2026-09-05,48,quantile,0.35,315.0
2026-08-22,wk inc covid hosp,2,2026-09-05,48,quantile,0.4,315.0
2026-08-22,wk inc covid hosp,2,2026-09-05,48,quantile,0.45,315.0
2026-08-22,wk inc covid hosp,2,2026-09-05,48,quantile,0.5,319.0
2026-08-22,wk inc covid hosp,2,2026-09-05,48,quantile,0.55,326.0
2026-08-22,wk inc covid hosp,2,2026-09-05,48,quantile,0.6,326.0
2026-08-22,wk inc covid hosp,2,2026-09-05,48,quantile,0.65,334.0
2026-08-22,wk inc covid hosp,2,2026-09-05,48,quantile,0.7,348.0
2026-08-22,wk inc covid hosp,2,2026-09-05,48,quantile,0.75,355.0
2026-08-22,wk inc covid hosp,2,2026-09-05,48,quantile,0.8,367.0
2026-08-22,wk inc covid hosp,2,2026-09-05,48,quantile,0.85,367.0
2026-08-22,wk inc covid hosp,2,2026-09-05,48,quantile,0.9,373.0
2026-08-22,wk inc covid hosp,2,2026-09-05,48,quantile,0.95,385.0
2026-08-22,wk inc covid hosp,2,2026-09-05,48,quantile,0.975,465.0
2026-08-22,wk inc covid hosp,2,2026-09-05,48,quantile,0.99,697.0
2026-08-22,wk inc covid hosp,2,2026-09-05,49,quantile,0.01,1.0
2026-08-22,wk inc covid hosp,2,2026-09-05,49,quantile,0.025,1.0
2026-08-22,wk inc covid hosp,2,2026-09-05,49,quantile,0.05,2.0
2026-08-22,wk inc covid hosp,2,2026-09-05,49,quantile,0.1,2.0
2026-08-22,wk inc covid hosp,2,2026-09-05,49,quantile,0.15,3.0
2026-08-22,wk inc covid hosp,2,2026-09-05,49,quantile,0.2,3.0
2026-08-22,wk inc covid hosp,2,2026-09-05,49,quantile,0.25,3.0
2026-08-22,wk inc covid hosp,2,2026-09-05,49,quantile,0.3,3.0
2026-08-22,wk inc covid hosp,2,2026-09-05,49,quantile,0.35,4.0
2026-08-22,wk inc covid hosp,2,2026-09-05,49,quantile,0.4,4.0
2026-08-22,wk inc covid hosp,2,2026-09-05,49,quantile,0.45,4.0
2026-08-22,wk inc covid hosp,2,2026-09-05,49,quantile,0.5,5.0
2026-08-22,wk inc covid hosp,2,2026-09-05,49,quantile,0.55,5.0
2026-08-22,wk inc covid hosp,2,2026-09-05,49,quantile,0.6,6.0
2026-08-22,wk inc covid hosp,2,2026-09-05,49,quantile,0.65,6.0
2026-08-22,wk inc covid hosp,2,2026-09-05,49,quantile,0.7,6.0
2026-08-22,wk inc covid hosp,2,2026-09-05,49,quantile,0.75,7.0
2026-08-22,wk inc covid hosp,2,2026-09-05,49,quantile,0.8,7.0
2026-08-22,wk inc covid hosp,2,2026-09-05,49,quantile,0.85,9.0
2026-08-22,wk inc covid hosp,2,2026-09-05,49,quantile,0.9,10.0
2026-08-22,wk inc covid hosp,2,2026-09-05,49,quantile,0.95,16.0
2026-08-22,wk inc covid hosp,2,2026-09-05,49,quantile,0.975,35.0
2026-08-22,wk inc covid hosp,2,2026-09-05,49,quantile,0.99,79.0
2026-08-22,wk inc covid hosp,2,2026-09-05,50,quantile,0.01,0.0
2026-08-22,wk inc covid hosp,2,2026-09-05,50,quantile,0.025,0.0
2026-08-22,wk inc covid hosp,2,2026-09-05,50,quantile,0.05,0.0
2026-08-22,wk inc covid hosp,2,2026-09-05,50,quantile,0.1,0.0
2026-08-22,wk inc covid hosp,2,2026-09-05,50,quantile,0.15,0.0
2026-08-22,wk inc covid hosp,2,2026-09-05,50,quantile,0.2,0.0
2026-08-22,wk inc covid hosp,2,2026-09-05,50,quantile,0.25,0.0
2026-08-22,wk inc covid hosp,2,2026-09-05,50,quantile,0.3,0.0
2026-08-22,wk inc covid hosp,2,2026-09-05,50,quantile,0.35,1.0
2026-08-22,wk inc covid hosp,2,2026-09-05,50,quantile,0.4,1.0
2026-08-22,wk inc covid hosp,2,2026-09-05,50,quantile,0.45,1.0
2026-08-22,wk inc covid hosp,2,2026-09-05,50,quantile,0.5,1.0
2026-08-22,wk inc covid hosp,2,2026-09-05,50,quantile,0.55,1.0
2026-08-22,wk inc covid hosp,2,2026-09-05,50,quantile,0.6,1.0
2026-08-22,wk inc covid hosp,2,2026-09-05,50,quantile,0.65,2.0
2026-08-22,wk inc covid hosp,2,2026-09-05,50,quantile,0.7,2.0
2026-08-22,wk inc covid hosp,2,2026-09-05,50,quantile,0.75,2.0
2026-08-22,wk inc covid hosp,2,2026-09-05,50,quantile,0.8,3.0
2026-08-22,wk inc covid hosp,2,2026-09-05,50,quantile,0.85,3.0
2026-08-22,wk inc covid hosp,2,2026-09-05,50,quantile,0.9,4.0
2026-08-22,wk inc covid hosp,2,2026-09-05,50,quantile,0.95,4.0
2026-08-22,wk inc covid hosp,2,2026-09-05,50,quantile,0.975,7.0
2026-08-22,wk inc covid hosp,2,2026-09-05,50,quantile,0.99,15.0
2026-08-22,wk inc covid hosp,2,2026-09-05,51,quantile,0.01,8.0
2026-08-22,wk inc covid hosp,2,2026-09-05,51,quantile,0.025,15.0
2026-08-22,wk inc covid hosp,2,2026-09-05,51,quantile,0.05,16.0
2026-08-22,wk inc covid hosp,2,2026-09-05,51,quantile,0.1,18.0
2026-08-22,wk inc covid hosp,2,2026-09-05,51,quantile,0.15,18.0
2026-08-22,wk inc covid hosp,2,2026-09-05,51,quantile,0.2,19.0
2026-08-22,wk inc covid hosp,2,2026-09-05,51,quantile,0.25,19.0
2026-08-22,wk inc covid hosp,2,2026-09-05,51,quantile,0.3,19.0
2026-08-22,wk inc covid hosp,2,2026-09-05,51,quantile,0.35,19.0
2026-08-22,wk inc covid hosp,2,2026-09-05,51,quantile,0.4,19.0
2026-08-22,wk inc covid hosp,2,2026-09-05,51,quantile,0.45,19.0
2026-08-22,wk inc covid hosp,2,2026-09-05,51,quantile,0.5,19.0
2026-08-22,wk inc covid hosp,2,2026-09-05,51,quantile,0.55,22.0
2026-08-22,wk inc covid hosp,2,2026-09-05,51,quantile,0.6,22.0
2026-08-22,wk inc covid hosp,2,2026-09-05,51,quantile,0.65,23.0
2026-08-22,wk inc covid hosp,2,2026-09-05,51,quantile,0.7,25.0
2026-08-22,wk inc covid hosp,2,2026-09-05,51,quantile,0.75,27.0
2026-08-22,wk inc covid hosp,2,2026-09-05,51,quantile,0.8,29.0
2026-08-22,wk inc covid hosp,2,2026-09-05,51,quantile,0.85,30.0
2026-08-22,wk inc covid hosp,2,2026-09-05,51,quantile,0.9,31.0
2026-08-22,wk inc covid hosp,2,2026-09-05,51,quantile,0.95,49.0
2026-08-22,wk inc covid hosp,2,2026-09-05,51,quantile,0.975,93.0
2026-08-22,wk inc covid hosp,2,2026-09-05,51,quantile,0.99,207.0
2026-08-22,wk inc covid hosp,2,2026-09-05,53,quantile,0.01,25.0
2026-08-22,wk inc covid hosp,2,2026-09-05,53,quantile,0.025,26.0
2026-08-22,wk inc covid hosp,2,2026-09-05,53,quantile,0.05,26.0
2026-08-22,wk inc covid hosp,2,2026-09-05,53,quantile,0.1,30.0
2026-08-22,wk inc covid hosp,2,2026-09-05,53,quantile,0.15,37.0
2026-08-22,wk inc covid hosp,2,2026-09-05,53,quantile,0.2,42.0
2026-08-22,wk inc covid hosp,2,2026-09-05,53,quantile,0.25,42.0
2026-08-22,wk inc covid hosp,2,2026-09-05,53,quantile,0.3,42.0
2026-08-22,wk inc covid hosp,2,2026-09-05,53,quantile,0.35,43.0
2026-08-22,wk inc covid hosp,2,2026-09-05,53,quantile,0.4,44.0
2026-08-22,wk inc covid hosp,2,2026-09-05,53,quantile,0.45,44.0
2026-08-22,wk inc covid hosp,2,2026-09-05,53,quantile,0.5,46.0
2026-08-22,wk inc covid hosp,2,2026-09-05,53,quantile,0.55,46.0
2026-08-22,wk inc covid hosp,2,2026-09-05,53,quantile,0.6,48.0
2026-08-22,wk inc covid hosp,2,2026-09-05,53,quantile,0.65,50.0
2026-08-22,wk inc covid hosp,2,2026-09-05,53,quantile,0.7,52.0
2026-08-22,wk inc covid hosp,2,2026-09-05,53,quantile,0.75,54.0
2026-08-22,wk inc covid hosp,2,2026-09-05,53,quantile,0.8,55.0
2026-08-22,wk inc covid hosp,2,2026-09-05,53,quantile,0.85,55.0
2026-08-22,wk inc covid hosp,2,2026-09-05,53,quantile,0.9,59.0
2026-08-22,wk inc covid hosp,2,2026-09-05,53,quantile,0.95,65.0
2026-08-22,wk inc covid hosp,2,2026-09-05,53,quantile,0.975,88.0
2026-08-22,wk inc covid hosp,2,2026-09-05,53,quantile,0.99,185.0
2026-08-22,wk inc covid hosp,2,2026-09-05,54,quantile,0.01,0.0
2026-08-22,wk inc covid hosp,2,2026-09-05,54,quantile,0.025,0.0
2026-08-22,wk inc covid hosp,2,2026-09-05,54,quantile,0.05,0.0
2026-08-22,wk inc covid hosp,2,2026-09-05,54,quantile,0.1,1.0
2026-08-22,wk inc covid hosp,2,2026-09-05,54,quantile,0.15,1.0
2026-08-22,wk inc covid hosp,2,2026-09-05,54,quantile,0.2,2.0
2026-08-22,wk inc covid hosp,2,2026-09-05,54,quantile,0.25,2.0
2026-08-22,wk inc covid hosp,2,2026-09-05,54,quantile,0.3,2.0
2026-08-22,wk inc covid hosp,2,2026-09-05,54,quantile,0.35,2.0
2026-08-22,wk inc covid hosp,2,2026-09-05,54,quantile,0.4,3.0
2026-08-22,wk inc covid hosp,2,2026-09-05,54,quantile,0.45,3.0
2026-08-22,wk inc covid hosp,2,2026-09-05,54,quantile,0.5,3.0
2026-08-22,wk inc covid hosp,2,2026-09-05,54,quantile,0.55,3.0
2026-08-22,wk inc covid hosp,2,2026-09-05,54,quantile,0.6,3.0
2026-08-22,wk inc covid hosp,2,2026-09-05,54,quantile,0.65,4.0
2026-08-22,wk inc covid hosp,2,2026-09-05,54,quantile,0.7,5.0
2026-08-22,wk inc covid hosp,2,2026-09-05,54,quantile,0.75,5.0
2026-08-22,wk inc covid hosp,2,2026-09-05,54,quantile,0.8,5.0
2026-08-22,wk inc covid hosp,2,2026-09-05,54,quantile,0.85,6.0
2026-08-22,wk inc covid hosp,2,2026-09-05,54,quantile,0.9,6.0
2026-08-22,wk inc covid hosp,2,2026-09-05,54,quantile,0.95,9.0
2026-08-22,wk inc covid hosp,2,2026-09-05,54,quantile,0.975,18.0
2026-08-22,wk inc covid hosp,2,2026-09-05,54,quantile,0.99,38.0
2026-08-22,wk inc covid hosp,2,2026-09-05,55,quantile,0.01,1.0
2026-08-22,wk inc covid hosp,2,2026-09-05,55,quantile,0.025,2.0
2026-08-22,wk inc covid hosp,2,2026-09-05,55,quantile,0.05,3.0
2026-08-22,wk inc covid hosp,2,2026-09-05,55,quantile,0.1,5.0
2026-08-22,wk inc covid hosp,2,2026-09-05,55,quantile,0.15,6.0
2026-08-22,wk inc covid hosp,2,2026-09-05,55,quantile,0.2,6.0
2026-08-22,wk inc covid hosp,2,2026-09-05,55,quantile,0.25,7.0
2026-08-22,wk inc covid hosp,2,2026-09-05,55,quantile,0.3,7.0
2026-08-22,wk inc covid hosp,2,2026-09-05,55,quantile,0.35,7.0
2026-08-22,wk inc covid hosp,2,2026-09-05,55,quantile,0.4,8.0
2026-08-22,wk inc covid hosp,2,2026-09-05,55,quantile,0.45,8.0
2026-08-22,wk inc covid hosp,2,2026-09-05,55,quantile,0.5,10.0
2026-08-22,wk inc covid hosp,2,2026-09-05,55,quantile,0.55,10.0
2026-08-22,wk inc covid hosp,2,2026-09-05,55,quantile,0.6,11.0
2026-08-22,wk inc covid hosp,2,2026-09-05,55,quantile,0.65,12.0
2026-08-22,wk inc covid hosp,2,2026-09-05,55,quantile,0.7,12.0
2026-08-22,wk inc covid hosp,2,2026-09-05,55,quantile,0.75,15.0
2026-08-22,wk inc covid hosp,2,2026-09-05,55,quantile,0.8,15.0
2026-08-22,wk inc covid hosp,2,2026-09-05,55,quantile,0.85,17.0
2026-08-22,wk inc covid hosp,2,2026-09-05,55,quantile,0.9,18.0
2026-08-22,wk inc covid hosp,2,2026-09-05,55,quantile,0.95,29.0
2026-08-22,wk inc covid hosp,2,2026-09-05,55,quantile,0.975,63.0
2026-08-22,wk inc covid hosp,2,2026-09-05,55,quantile,0.99,140.0
2026-08-22,wk inc covid hosp,2,2026-09-05,56,quantile,0.01,0.0
2026-08-22,wk inc covid hosp,2,2026-09-05,56,quantile,0.025,0.0
2026-08-22,wk inc covid hosp,2,2026-09-05,56,quantile,0.05,0.0
2026-08-22,wk inc covid hosp,2,2026-09-05,56,quantile,0.1,1.0
2026-08-22,wk inc covid hosp,2,2026-09-05,56,quantile,0.15,1.0
2026-08-22,wk inc covid hosp,2,2026-09-05,56,quantile,0.2,1.0
2026-08-22,wk inc covid hosp,2,2026-09-05,56,quantile,0.25,1.0
2026-08-22,wk inc covid hosp,2,2026-09-05,56,quantile,0.3,1.0
2026-08-22,wk inc covid hosp,2,2026-09-05,56,quantile,0.35,2.0
2026-08-22,wk inc covid hosp,2,2026-09-05,56,quantile,0.4,2.0
2026-08-22,wk inc covid hosp,2,2026-09-05,56,quantile,0.45,2.0
2026-08-22,wk inc covid hosp,2,2026-09-05,56,quantile,0.5,2.0
2026-08-22,wk inc covid hosp,2,2026-09-05,56,quantile,0.55,2.0
2026-08-22,wk inc covid hosp,2,2026-09-05,56,quantile,0.6,3.0
2026-08-22,wk inc covid hosp,2,2026-09-05,56,quantile,0.65,3.0
2026-08-22,wk inc covid hosp,2,2026-09-05,56,quantile,0.7,3.0
2026-08-22,wk inc covid hosp,2,2026-09-05,56,quantile,0.75,3.0
2026-08-22,wk inc covid hosp,2,2026-09-05,56,quantile,0.8,3.0
2026-08-22,wk inc covid hosp,2,2026-09-05,56,quantile,0.85,4.0
2026-08-22,wk inc covid hosp,2,2026-09-05,56,quantile,0.9,5.0
2026-08-22,wk inc covid hosp,2,2026-09-05,56,quantile,0.95,6.0
2026-08-22,wk inc covid hosp,2,2026-09-05,56,quantile,0.975,7.0
2026-08-22,wk inc covid hosp,2,2026-09-05,56,quantile,0.99,15.0
2026-08-22,wk inc covid hosp,2,2026-09-05,72,quantile,0.01,18.0
2026-08-22,wk inc covid hosp,2,2026-09-05,72,quantile,0.025,22.0
2026-08-22,wk inc covid hosp,2,2026-09-05,72,quantile,0.05,27.0
2026-08-22,wk inc covid hosp,2,2026-09-05,72,quantile,0.1,35.0
2026-08-22,wk inc covid hosp,2,2026-09-05,72,quantile,0.15,37.0
2026-08-22,wk inc covid hosp,2,2026-09-05,72,quantile,0.2,51.0
2026-08-22,wk inc covid hosp,2,2026-09-05,72,quantile,0.25,62.0
2026-08-22,wk inc covid hosp,2,2026-09-05,72,quantile,0.3,62.0
2026-08-22,wk inc covid hosp,2,2026-09-05,72,quantile,0.35,71.0
2026-08-22,wk inc covid hosp,2,2026-09-05,72,quantile,0.4,76.0
2026-08-22,wk inc covid hosp,2,2026-09-05,72,quantile,0.45,80.0
2026-08-22,wk inc covid hosp,2,2026-09-05,72,quantile,0.5,81.0
2026-08-22,wk inc covid hosp,2,2026-09-05,72,quantile,0.55,85.0
2026-08-22,wk inc covid hosp,2,2026-09-05,72,quantile,0.6,85.0
2026-08-22,wk inc covid hosp,2,2026-09-05,72,quantile,0.65,87.0
2026-08-22,wk inc covid hosp,2,2026-09-05,72,quantile,0.7,92.0
2026-08-22,wk inc covid hosp,2,2026-09-05,72,quantile,0.75,97.0
2026-08-22,wk inc covid hosp,2,2026-09-05,72,quantile,0.8,99.0
2026-08-22,wk inc covid hosp,2,2026-09-05,72,quantile,0.85,112.0
2026-08-22,wk inc covid hosp,2,2026-09-05,72,quantile,0.9,120.0
2026-08-22,wk inc covid hosp,2,2026-09-05,72,quantile,0.95,132.0
2026-08-22,wk inc covid hosp,2,2026-09-05,72,quantile,0.975,138.0
2026-08-22,wk inc covid hosp,2,2026-09-05,72,quantile,0.99,179.0
2026-08-22,wk inc covid hosp,3,2026-09-12,01,quantile,0.01,25.0
2026-08-22,wk inc covid hosp,3,2026-09-12,01,quantile,0.025,28.0
2026-08-22,wk inc covid hosp,3,2026-09-12,01,quantile,0.05,33.0
2026-08-22,wk inc covid hosp,3,2026-09-12,01,quantile,0.1,39.0
2026-08-22,wk inc covid hosp,3,2026-09-12,01,quantile,0.15,46.0
2026-08-22,wk inc covid hosp,3,2026-09-12,01,quantile,0.2,51.0
2026-08-22,wk inc covid hosp,3,2026-09-12,01,quantile,0.25,56.0
2026-08-22,wk inc covid hosp,3,2026-09-12,01,quantile,0.3,70.0
2026-08-22,wk inc covid hosp,3,2026-09-12,01,quantile,0.35,74.0
2026-08-22,wk inc covid hosp,3,2026-09-12,01,quantile,0.4,75.0
2026-08-22,wk inc covid hosp,3,2026-09-12,01,quantile,0.45,75.0
2026-08-22,wk inc covid hosp,3,2026-09-12,01,quantile,0.5,75.0
2026-08-22,wk inc covid hosp,3,2026-09-12,01,quantile,0.55,75.0
2026-08-22,wk inc covid hosp,3,2026-09-12,01,quantile,0.6,75.0
2026-08-22,wk inc covid hosp,3,2026-09-12,01,quantile,0.65,75.0
2026-08-22,wk inc covid hosp,3,2026-09-12,01,quantile,0.7,78.0
2026-08-22,wk inc covid hosp,3,2026-09-12,01,quantile,0.75,82.0
2026-08-22,wk inc covid hosp,3,2026-09-12,01,quantile,0.8,82.0
2026-08-22,wk inc covid hosp,3,2026-09-12,01,quantile,0.85,92.0
2026-08-22,wk inc covid hosp,3,2026-09-12,01,quantile,0.9,96.0
2026-08-22,wk inc covid hosp,3,2026-09-12,01,quantile,0.95,102.0
2026-08-22,wk inc covid hosp,3,2026-09-12,01,quantile,0.975,109.0
2026-08-22,wk inc covid hosp,3,2026-09-12,01,quantile,0.99,122.0
2026-08-22,wk inc covid hosp,3,2026-09-12,02,quantile,0.01,0.0
2026-08-22,wk inc covid hosp,3,2026-09-12,02,quantile,0.025,1.0
2026-08-22,wk inc covid hosp,3,2026-09-12,02,quantile,0.05,1.0
2026-08-22,wk inc covid hosp,3,2026-09-12,02,quantile,0.1,1.0
2026-08-22,wk inc covid hosp,3,2026-09-12,02,quantile,0.15,1.0
2026-08-22,wk inc covid hosp,3,2026-09-12,02,quantile,0.2,2.0
2026-08-22,wk inc covid hosp,3,2026-09-12,02,quantile,0.25,2.0
2026-08-22,wk inc covid hosp,3,2026-09-12,02,quantile,0.3,2.0
2026-08-22,wk inc covid hosp,3,2026-09-12,02,quantile,0.35,2.0
2026-08-22,wk inc covid hosp,3,2026-09-12,02,quantile,0.4,3.0
2026-08-22,wk inc covid hosp,3,2026-09-12,02,quantile,0.45,3.0
2026-08-22,wk inc covid hosp,3,2026-09-12,02,quantile,0.5,3.0
2026-08-22,wk inc covid hosp,3,2026-09-12,02,quantile,0.55,3.0
2026-08-22,wk inc covid hosp,3,2026-09-12,02,quantile,0.6,3.0
2026-08-22,wk inc covid hosp,3,2026-09-12,02,quantile,0.65,4.0
2026-08-22,wk inc covid hosp,3,2026-09-12,02,quantile,0.7,4.0
2026-08-22,wk inc covid hosp,3,2026-09-12,02,quantile,0.75,4.0
2026-08-22,wk inc covid hosp,3,2026-09-12,02,quantile,0.8,4.0
2026-08-22,wk inc covid hosp,3,2026-09-12,02,quantile,0.85,5.0
2026-08-22,wk inc covid hosp,3,2026-09-12,02,quantile,0.9,6.0
2026-08-22,wk inc covid hosp,3,2026-09-12,02,quantile,0.95,6.0
2026-08-22,wk inc covid hosp,3,2026-09-12,02,quantile,0.975,9.0
2026-08-22,wk inc covid hosp,3,2026-09-12,02,quantile,0.99,18.0
2026-08-22,wk inc covid hosp,3,2026-09-12,04,quantile,0.01,30.0
2026-08-22,wk inc covid hosp,3,2026-09-12,04,quantile,0.025,30.0
2026-08-22,wk inc covid hosp,3,2026-09-12,04,quantile,0.05,30.0
2026-08-22,wk inc covid hosp,3,2026-09-12,04,quantile,0.1,32.0
2026-08-22,wk inc covid hosp,3,2026-09-12,04,quantile,0.15,33.0
2026-08-22,wk inc covid hosp,3,2026-09-12,04,quantile,0.2,39.0
2026-08-22,wk inc covid hosp,3,2026-09-12,04,quantile,0.25,39.0
2026-08-22,wk inc covid hosp,3,2026-09-12,04,quantile,0.3,43.0
2026-08-22,wk inc covid hosp,3,2026-09-12,04,quantile,0.35,44.0
2026-08-22,wk inc covid hosp,3,2026-09-12,04,quantile,0.4,45.0
2026-08-22,wk inc covid hosp,3,2026-09-12,04,quantile,0.45,46.0
2026-08-22,wk inc covid hosp,3,2026-09-12,04,quantile,0.5,48.0
2026-08-22,wk inc covid hosp,3,2026-09-12,04,quantile,0.55,50.0
2026-08-22,wk inc covid hosp,3,2026-09-12,04,quantile,0.6,53.0
2026-08-22,wk inc covid hosp,3,2026-09-12,04,quantile,0.65,54.0
2026-08-22,wk inc covid hosp,3,2026-09-12,04,quantile,0.7,58.0
2026-08-22,wk inc covid hosp,3,2026-09-12,04,quantile,0.75,58.0
2026-08-22,wk inc covid hosp,3,2026-09-12,04,quantile,0.8,58.0
2026-08-22,wk inc covid hosp,3,2026-09-12,04,quantile,0.85,61.0
2026-08-22,wk inc covid hosp,3,2026-09-12,04,quantile,0.9,71.0
2026-08-22,wk inc covid hosp,3,2026-09-12,04,quantile,0.95,75.0
2026-08-22,wk inc covid hosp,3,2026-09-12,04,quantile,0.975,111.0
2026-08-22,wk inc covid hosp,3,2026-09-12,04,quantile,0.99,192.0
2026-08-22,wk inc covid hosp,3,2026-09-12,05,quantile,0.01,4.0
2026-08-22,wk inc covid hosp,3,2026-09-12,05,quantile,0.025,4.0
2026-08-22,wk inc covid hosp,3,2026-09-12,05,quantile,0.05,5.0
2026-08-22,wk inc covid hosp,3,2026-09-12,05,quantile,0.1,7.0
2026-08-22,wk inc covid hosp,3,2026-09-12,05,quantile,0.15,9.0
2026-08-22,wk inc covid hosp,3,2026-09-12,05,quantile,0.2,9.0
2026-08-22,wk inc covid hosp,3,2026-09-12,05,quantile,0.25,10.0
2026-08-22,wk inc covid hosp,3,2026-09-12,05,quantile,0.3,11.0
2026-08-22,wk inc covid hosp,3,2026-09-12,05,quantile,0.35,12.0
2026-08-22,wk inc covid hosp,3,2026-09-12,05,quantile,0.4,12.0
2026-08-22,wk inc covid hosp,3,2026-09-12,05,quantile,0.45,13.0
2026-08-22,wk inc covid hosp,3,2026-09-12,05,quantile,0.5,13.0
2026-08-22,wk inc covid hosp,3,2026-09-12,05,quantile,0.55,14.0
2026-08-22,wk inc covid hosp,3,2026-09-12,05,quantile,0.6,16.0
2026-08-22,wk inc covid hosp,3,2026-09-12,05,quantile,0.65,16.0
2026-08-22,wk inc covid hosp,3,2026-09-12,05,quantile,0.7,18.0
2026-08-22,wk inc covid hosp,3,2026-09-12,05,quantile,0.75,18.0
2026-08-22,wk inc covid hosp,3,2026-09-12,05,quantile,0.8,19.0
2026-08-22,wk inc covid hosp,3,2026-09-12,05,quantile,0.85,21.0
2026-08-22,wk inc covid hosp,3,2026-09-12,05,quantile,0.9,23.0
2026-08-22,wk inc covid hosp,3,2026-09-12,05,quantile,0.95,26.0
2026-08-22,wk inc covid hosp,3,2026-09-12,05,quantile,0.975,34.0
2026-08-22,wk inc covid hosp,3,2026-09-12,05,quantile,0.99,73.0
2026-08-22,wk inc covid hosp,3,2026-09-12,06,quantile,0.01,235.0
2026-08-22,wk inc covid hosp,3,2026-09-12,06,quantile,0.025,235.0
2026-08-22,wk inc covid hosp,3,2026-09-12,06,quantile,0.05,252.0
2026-08-22,wk inc covid hosp,3,2026-09-12,06,quantile,0.1,285.0
2026-08-22,wk inc covid hosp,3,2026-09-12,06,quantile,0.15,285.0
2026-08-22,wk inc covid hosp,3,2026-09-12,06,quantile,0.2,309.0
2026-08-22,wk inc covid hosp,3,2026-09-12,06,quantile,0.25,370.0
2026-08-22,wk inc covid hosp,3,2026-09-12,06,quantile,0.3,423.0
2026-08-22,wk inc covid hosp,3,2026-09-12,06,quantile,0.35,438.0
2026-08-22,wk inc covid hosp,3,2026-09-12,06,quantile,0.4,446.0
2026-08-22,wk inc covid hosp,3,2026-09-12,06,quantile,0.45,446.0
2026-08-22,wk inc covid hosp,3,2026-09-12,06,quantile,0.5,446.0
2026-08-22,wk inc covid hosp,3,2026-09-12,06,quantile,0.55,446.0
2026-08-22,wk inc covid hosp,3,2026-09-12,06,quantile,0.6,446.0
2026-08-22,wk inc covid hosp,3,2026-09-12,06,quantile,0.65,446.0
2026-08-22,wk inc covid hosp,3,2026-09-12,06,quantile,0.7,467.0
2026-08-22,wk inc covid hosp,3,2026-09-12,06,quantile,0.75,467.0
2026-08-22,wk inc covid hosp,3,2026-09-12,06,quantile,0.8,476.0
2026-08-22,wk inc covid hosp,3,2026-09-12,06,quantile,0.85,483.0
2026-08-22,wk inc covid hosp,3,2026-09-12,06,quantile,0.9,523.0
2026-08-22,wk inc covid hosp,3,2026-09-12,06,quantile,0.95,538.0
2026-08-22,wk inc covid hosp,3,2026-09-12,06,quantile,0.975,653.0
2026-08-22,wk inc covid hosp,3,2026-09-12,06,quantile,0.99,948.0
2026-08-22,wk inc covid hosp,3,2026-09-12,08,quantile,0.01,4.0
2026-08-22,wk inc covid hosp,3,2026-09-12,08,quantile,0.025,6.0
2026-08-22,wk inc covid hosp,3,2026-09-12,08,quantile,0.05,7.0
2026-08-22,wk inc covid hosp,3,2026-09-12,08,quantile,0.1,10.0
2026-08-22,wk inc covid hosp,3,2026-09-12,08,quantile,0.15,11.0
2026-08-22,wk inc covid hosp,3,2026-09-12,08,quantile,0.2,12.0
2026-08-22,wk inc covid hosp,3,2026-09-12,08,quantile,0.25,12.0
2026-08-22,wk inc covid hosp,3,2026-09-12,08,quantile,0.3,12.0
2026-08-22,wk inc covid hosp,3,2026-09-12,08,quantile,0.35,13.0
2026-08-22,wk inc covid hosp,3,2026-09-12,08,quantile,0.4,13.0
2026-08-22,wk inc covid hosp,3,2026-09-12,08,quantile,0.45,13.0
2026-08-22,wk inc covid hosp,3,2026-09-12,08,quantile,0.5,14.0
2026-08-22,wk inc covid hosp,3,2026-09-12,08,quantile,0.55,15.0
2026-08-22,wk inc covid hosp,3,2026-09-12,08,quantile,0.6,17.0
2026-08-22,wk inc covid hosp,3,2026-09-12,08,quantile,0.65,17.0
2026-08-22,wk inc covid hosp,3,2026-09-12,08,quantile,0.7,19.0
2026-08-22,wk inc covid hosp,3,2026-09-12,08,quantile,0.75,20.0
2026-08-22,wk inc covid hosp,3,2026-09-12,08,quantile,0.8,21.0
2026-08-22,wk inc covid hosp,3,2026-09-12,08,quantile,0.85,24.0
2026-08-22,wk inc covid hosp,3,2026-09-12,08,quantile,0.9,26.0
2026-08-22,wk inc covid hosp,3,2026-09-12,08,quantile,0.95,34.0
2026-08-22,wk inc covid hosp,3,2026-09-12,08,quantile,0.975,63.0
2026-08-22,wk inc covid hosp,3,2026-09-12,08,quantile,0.99,140.0
2026-08-22,wk inc covid hosp,3,2026-09-12,09,quantile,0.01,3.0
2026-08-22,wk inc covid hosp,3,2026-09-12,09,quantile,0.025,4.0
2026-08-22,wk inc covid hosp,3,2026-09-12,09,quantile,0.05,5.0
2026-08-22,wk inc covid hosp,3,2026-09-12,09,quantile,0.1,7.0
2026-08-22,wk inc covid hosp,3,2026-09-12,09,quantile,0.15,7.0
2026-08-22,wk inc covid hosp,3,2026-09-12,09,quantile,0.2,8.0
2026-08-22,wk inc covid hosp,3,2026-09-12,09,quantile,0.25,8.0
2026-08-22,wk inc covid hosp,3,2026-09-12,09,quantile,0.3,8.0
2026-08-22,wk inc covid hosp,3,2026-09-12,09,quantile,0.35,8.0
2026-08-22,wk inc covid hosp,3,2026-09-12,09,quantile,0.4,8.0
2026-08-22,wk inc covid hosp,3,2026-09-12,09,quantile,0.45,8.0
2026-08-22,wk inc covid hosp,3,2026-09-12,09,quantile,0.5,10.0
2026-08-22,wk inc covid hosp,3,2026-09-12,09,quantile,0.55,10.0
2026-08-22,wk inc covid hosp,3,2026-09-12,09,quantile,0.6,11.0
2026-08-22,wk inc covid hosp,3,2026-09-12,09,quantile,0.65,11.0
2026-08-22,wk inc covid hosp,3,2026-09-12,09,quantile,0.7,12.0
2026-08-22,wk inc covid hosp,3,2026-09-12,09,quantile,0.75,13.0
2026-08-22,wk inc covid hosp,3,2026-09-12,09,quantile,0.8,15.0
2026-08-22,wk inc covid hosp,3,2026-09-12,09,quantile,0.85,16.0
2026-08-22,wk inc covid hosp,3,2026-09-12,09,quantile,0.9,16.0
2026-08-22,wk inc covid hosp,3,2026-09-12,09,quantile,0.95,21.0
2026-08-22,wk inc covid hosp,3,2026-09-12,09,quantile,0.975,36.0
2026-08-22,wk inc covid hosp,3,2026-09-12,09,quantile,0.99,83.0
2026-08-22,wk inc covid hosp,3,2026-09-12,10,quantile,0.01,0.0
2026-08-22,wk inc covid hosp,3,2026-09-12,10,quantile,0.025,0.0
2026-08-22,wk inc covid hosp,3,2026-09-12,10,quantile,0.05,0.0
2026-08-22,wk inc covid hosp,3,2026-09-12,10,quantile,0.1,0.0
2026-08-22,wk inc covid hosp,3,2026-09-12,10,quantile,0.15,1.0
2026-08-22,wk inc covid hosp,3,2026-09-12,10,quantile,0.2,1.0
2026-08-22,wk inc covid hosp,3,2026-09-12,10,quantile,0.25,2.0
2026-08-22,wk inc covid hosp,3,2026-09-12,10,quantile,0.3,2.0
2026-08-22,wk inc covid hosp,3,2026-09-12,10,quantile,0.35,2.0
2026-08-22,wk inc covid hosp,3,2026-09-12,10,quantile,0.4,2.0
2026-08-22,wk inc covid hosp,3,2026-09-12,10,quantile,0.45,2.0
2026-08-22,wk inc covid hosp,3,2026-09-12,10,quantile,0.5,2.0
2026-08-22,wk inc covid hosp,3,2026-09-12,10,quantile,0.55,2.0
2026-08-22,wk inc covid hosp,3,2026-09-12,10,quantile,0.6,2.0
2026-08-22,wk inc covid hosp,3,2026-09-12,10,quantile,0.65,2.0
2026-08-22,wk inc covid hosp,3,2026-09-12,10,quantile,0.7,3.0
2026-08-22,wk inc covid hosp,3,2026-09-12,10,quantile,0.75,3.0
2026-08-22,wk inc covid hosp,3,2026-09-12,10,quantile,0.8,3.0
2026-08-22,wk inc covid hosp,3,2026-09-12,10,quantile,0.85,4.0
2026-08-22,wk inc covid hosp,3,2026-09-12,10,quantile,0.9,4.0
2026-08-22,wk inc covid hosp,3,2026-09-12,10,quantile,0.95,6.0
2026-08-22,wk inc covid hosp,3,2026-09-12,10,quantile,0.975,10.0
2026-08-22,wk inc covid hosp,3,2026-09-12,10,quantile,0.99,24.0
2026-08-22,wk inc covid hosp,3,2026-09-12,11,quantile,0.01,1.0
2026-08-22,wk inc covid hosp,3,2026-09-12,11,quantile,0.025,1.0
2026-08-22,wk inc covid hosp,3,2026-09-12,11,quantile,0.05,1.0
2026-08-22,wk inc covid hosp,3,2026-09-12,11,quantile,0.1,2.0
2026-08-22,wk inc covid hosp,3,2026-09-12,11,quantile,0.15,3.0
2026-08-22,wk inc covid hosp,3,2026-09-12,11,quantile,0.2,4.0
2026-08-22,wk inc covid hosp,3,2026-09-12,11,quantile,0.25,4.0
2026-08-22,wk inc covid hosp,3,2026-09-12,11,quantile,0.3,4.0
2026-08-22,wk inc covid hosp,3,2026-09-12,11,quantile,0.35,4.0
2026-08-22,wk inc covid hosp,3,2026-09-12,11,quantile,0.4,4.0
2026-08-22,wk inc covid hosp,3,2026-09-12,11,quantile,0.45,5.0
2026-08-22,wk inc covid hosp,3,2026-09-12,11,quantile,0.5,5.0
2026-08-22,wk inc covid hosp,3,2026-09-12,11,quantile,0.55,6.0
2026-08-22,wk inc covid hosp,3,2026-09-12,11,quantile,0.6,6.0
2026-08-22,wk inc covid hosp,3,2026-09-12,11,quantile,0.65,6.0
2026-08-22,wk inc covid hosp,3,2026-09-12,11,quantile,0.7,6.0
2026-08-22,wk inc covid hosp,3,2026-09-12,11,quantile,0.75,7.0
2026-08-22,wk inc covid hosp,3,2026-09-12,11,quantile,0.8,7.0
2026-08-22,wk inc covid hosp,3,2026-09-12,11,quantile,0.85,9.0
2026-08-22,wk inc covid hosp,3,2026-09-12,11,quantile,0.9,9.0
2026-08-22,wk inc covid hosp,3,2026-09-12,11,quantile,0.95,10.0
2026-08-22,wk inc covid hosp,3,2026-09-12,11,quantile,0.975,12.0
2026-08-22,wk inc covid hosp,3,2026-09-12,11,quantile,0.99,16.0
2026-08-22,wk inc covid hosp,3,2026-09-12,12,quantile,0.01,108.0
2026-08-22,wk inc covid hosp,3,2026-09-12,12,quantile,0.025,122.0
2026-08-22,wk inc covid hosp,3,2026-09-12,12,quantile,0.05,136.0
2026-08-22,wk inc covid hosp,3,2026-09-12,12,quantile,0.1,166.0
2026-08-22,wk inc covid hosp,3,2026-09-12,12,quantile,0.15,200.0
2026-08-22,wk inc covid hosp,3,2026-09-12,12,quantile,0.2,221.0
2026-08-22,wk inc covid hosp,3,2026-09-12,12,quantile,0.25,232.0
2026-08-22,wk inc covid hosp,3,2026-09-12,12,quantile,0.3,279.0
2026-08-22,wk inc covid hosp,3,2026-09-12,12,quantile,0.35,316.0
2026-08-22,wk inc covid hosp,3,2026-09-12,12,quantile,0.4,316.0
2026-08-22,wk inc covid hosp,3,2026-09-12,12,quantile,0.45,316.0
2026-08-22,wk inc covid hosp,3,2026-09-12,12,quantile,0.5,316.0
2026-08-22,wk inc covid hosp,3,2026-09-12,12,quantile,0.55,316.0
2026-08-22,wk inc covid hosp,3,2026-09-12,12,quantile,0.6,316.0
2026-08-22,wk inc covid hosp,3,2026-09-12,12,quantile,0.65,320.0
2026-08-22,wk inc covid hosp,3,2026-09-12,12,quantile,0.7,332.0
2026-08-22,wk inc covid hosp,3,2026-09-12,12,quantile,0.75,345.0
2026-08-22,wk inc covid hosp,3,2026-09-12,12,quantile,0.8,345.0
2026-08-22,wk inc covid hosp,3,2026-09-12,12,quantile,0.85,367.0
2026-08-22,wk inc covid hosp,3,2026-09-12,12,quantile,0.9,367.0
2026-08-22,wk inc covid hosp,3,2026-09-12,12,quantile,0.95,406.0
2026-08-22,wk inc covid hosp,3,2026-09-12,12,quantile,0.975,465.0
2026-08-22,wk inc covid hosp,3,2026-09-12,12,quantile,0.99,507.0
2026-08-22,wk inc covid hosp,3,2026-09-12,13,quantile,0.01,52.0
2026-08-22,wk inc covid hosp,3,2026-09-12,13,quantile,0.025,52.0
2026-08-22,wk inc covid hosp,3,2026-09-12,13,quantile,0.05,55.0
2026-08-22,wk inc covid hosp,3,2026-09-12,13,quantile,0.1,65.0
2026-08-22,wk inc covid hosp,3,2026-09-12,13,quantile,0.15,65.0
2026-08-22,wk inc covid hosp,3,2026-09-12,13,quantile,0.2,68.0
2026-08-22,wk inc covid hosp,3,2026-09-12,13,quantile,0.25,87.0
2026-08-22,wk inc covid hosp,3,2026-09-12,13,quantile,0.3,95.0
2026-08-22,wk inc covid hosp,3,2026-09-12,13,quantile,0.35,95.0
2026-08-22,wk inc covid hosp,3,2026-09-12,13,quantile,0.4,95.0
2026-08-22,wk inc covid hosp,3,2026-09-12,13,quantile,0.45,97.0
2026-08-22,wk inc covid hosp,3,2026-09-12,13,quantile,0.5,99.0
2026-08-22,wk inc covid hosp,3,2026-09-12,13,quantile,0.55,99.0
2026-08-22,wk inc covid hosp,3,2026-09-12,13,quantile,0.6,99.0
2026-08-22,wk inc covid hosp,3,2026-09-12,13,quantile,0.65,106.0
2026-08-22,wk inc covid hosp,3,2026-09-12,13,quantile,0.7,114.0
2026-08-22,wk inc covid hosp,3,2026-09-12,13,quantile,0.75,114.0
2026-08-22,wk inc covid hosp,3,2026-09-12,13,quantile,0.8,115.0
2026-08-22,wk inc covid hosp,3,2026-09-12,13,quantile,0.85,117.0
2026-08-22,wk inc covid hosp,3,2026-09-12,13,quantile,0.9,120.0
2026-08-22,wk inc covid hosp,3,2026-09-12,13,quantile,0.95,133.0
2026-08-22,wk inc covid hosp,3,2026-09-12,13,quantile,0.975,152.0
2026-08-22,wk inc covid hosp,3,2026-09-12,13,quantile,0.99,259.0
2026-08-22,wk inc covid hosp,3,2026-09-12,15,quantile,0.01,6.0
2026-08-22,wk inc covid hosp,3,2026-09-12,15,quantile,0.025,6.0
2026-08-22,wk inc covid hosp,3,2026-09-12,15,quantile,0.05,7.0
2026-08-22,wk inc covid hosp,3,2026-09-12,15,quantile,0.1,7.0
2026-08-22,wk inc covid hosp,3,2026-09-12,15,quantile,0.15,8.0
2026-08-22,wk inc covid hosp,3,2026-09-12,15,quantile,0.2,11.0
2026-08-22,wk inc covid hosp,3,2026-09-12,15,quantile,0.25,14.0
2026-08-22,wk inc covid hosp,3,2026-09-12,15,quantile,0.3,18.0
2026-08-22,wk inc covid hosp,3,2026-09-12,15,quantile,0.35,18.0
2026-08-22,wk inc covid hosp,3,2026-09-12,15,quantile,0.4,18.0
2026-08-22,wk inc covid hosp,3,2026-09-12,15,quantile,0.45,19.0
2026-08-22,wk inc covid hosp,3,2026-09-12,15,quantile,0.5,19.0
2026-08-22,wk inc covid hosp,3,2026-09-12,15,quantile,0.55,20.0
2026-08-22,wk inc covid hosp,3,2026-09-12,15,quantile,0.6,21.0
2026-08-22,wk inc covid hosp,3,2026-09-12,15,quantile,0.65,22.0
2026-08-22,wk inc covid hosp,3,2026-09-12,15,quantile,0.7,24.0
2026-08-22,wk inc covid hosp,3,2026-09-12,15,quantile,0.75,24.0
2026-08-22,wk inc covid hosp,3,2026-09-12,15,quantile,0.8,25.0
2026-08-22,wk inc covid hosp,3,2026-09-12,15,quantile,0.85,26.0
2026-08-22,wk inc covid hosp,3,2026-09-12,15,quantile,0.9,28.0
2026-08-22,wk inc covid hosp,3,2026-09-12,15,quantile,0.95,32.0
2026-08-22,wk inc covid hosp,3,2026-09-12,15,quantile,0.975,32.0
2026-08-22,wk inc covid hosp,3,2026-09-12,15,quantile,0.99,33.0
2026-08-22,wk inc covid hosp,3,2026-09-12,16,quantile,0.01,0.0
2026-08-22,wk inc covid hosp,3,2026-09-12,16,quantile,0.025,0.0
2026-08-22,wk inc covid hosp,3,2026-09-12,16,quantile,0.05,0.0
2026-08-22,wk inc covid hosp,3,2026-09-12,16,quantile,0.1,1.0
2026-08-22,wk inc covid hosp,3,2026-09-12,16,quantile,0.15,1.0
2026-08-22,wk inc covid hosp,3,2026-09-12,16,quantile,0.2,2.0
2026-08-22,wk inc covid hosp,3,2026-09-12,16,quantile,0.25,2.0
2026-08-22,wk inc covid hosp,3,2026-09-12,16,quantile,0.3,2.0
2026-08-22,wk inc covid hosp,3,2026-09-12,16,quantile,0.35,3.0
2026-08-22,wk inc covid hosp,3,2026-09-12,16,quantile,0.4,3.0
2026-08-22,wk inc covid hosp,3,2026-09-12,16,quantile,0.45,3.0
2026-08-22,wk inc covid hosp,3,2026-09-12,16,quantile,0.5,3.0
2026-08-22,wk inc covid hosp,3,2026-09-12,16,quantile,0.55,4.0
2026-08-22,wk inc covid hosp,3,2026-09-12,16,quantile,0.6,4.0
2026-08-22,wk inc covid hosp,3,2026-09-12,16,quantile,0.65,5.0
2026-08-22,wk inc covid hosp,3,2026-09-12,16,quantile,0.7,6.0
2026-08-22,wk inc covid hosp,3,2026-09-12,16,quantile,0.75,6.0
2026-08-22,wk inc covid hosp,3,2026-09-12,16,quantile,0.8,6.0
2026-08-22,wk inc covid hosp,3,2026-09-12,16,quantile,0.85,7.0
2026-08-22,wk inc covid hosp,3,2026-09-12,16,quantile,0.9,7.0
2026-08-22,wk inc covid hosp,3,2026-09-12,16,quantile,0.95,10.0
2026-08-22,wk inc covid hosp,3,2026-09-12,16,quantile,0.975,19.0
2026-08-22,wk inc covid hosp,3,2026-09-12,16,quantile,0.99,43.0
2026-08-22,wk inc covid hosp,3,2026-09-12,17,quantile,0.01,25.0
2026-08-22,wk inc covid hosp,3,2026-09-12,17,quantile,0.025,27.0
2026-08-22,wk inc covid hosp,3,2026-09-12,17,quantile,0.05,27.0
2026-08-22,wk inc covid hosp,3,2026-09-12,17,quantile,0.1,32.0
2026-08-22,wk inc covid hosp,3,2026-09-12,17,quantile,0.15,35.0
2026-08-22,wk inc covid hosp,3,2026-09-12,17,quantile,0.2,37.0
2026-08-22,wk inc covid hosp,3,2026-09-12,17,quantile,0.25,39.0
2026-08-22,wk inc covid hosp,3,2026-09-12,17,quantile,0.3,42.0
2026-08-22,wk inc covid hosp,3,2026-09-12,17,quantile,0.35,44.0
2026-08-22,wk inc covid hosp,3,2026-09-12,17,quantile,0.4,44.0
2026-08-22,wk inc covid hosp,3,2026-09-12,17,quantile,0.45,47.0
2026-08-22,wk inc covid hosp,3,2026-09-12,17,quantile,0.5,50.0
2026-08-22,wk inc covid hosp,3,2026-09-12,17,quantile,0.55,50.0
2026-08-22,wk inc covid hosp,3,2026-09-12,17,quantile,0.6,54.0
2026-08-22,wk inc covid hosp,3,2026-09-12,17,quantile,0.65,54.0
2026-08-22,wk inc covid hosp,3,2026-09-12,17,quantile,0.7,57.0
2026-08-22,wk inc covid hosp,3,2026-09-12,17,quantile,0.75,58.0
2026-08-22,wk inc covid hosp,3,2026-09-12,17,quantile,0.8,62.0
2026-08-22,wk inc covid hosp,3,2026-09-12,17,quantile,0.85,65.0
2026-08-22,wk inc covid hosp,3,2026-09-12,17,quantile,0.9,77.0
2026-08-22,wk inc covid hosp,3,2026-09-12,17,quantile,0.95,90.0
2026-08-22,wk inc covid hosp,3,2026-09-12,17,quantile,0.975,139.0
2026-08-22,wk inc covid hosp,3,2026-09-12,17,quantile,0.99,303.0
2026-08-22,wk inc covid hosp,3,2026-09-12,18,quantile,0.01,12.0
2026-08-22,wk inc covid hosp,3,2026-09-12,18,quantile,0.025,13.0
2026-08-22,wk inc covid hosp,3,2026-09-12,18,quantile,0.05,13.0
2026-08-22,wk inc covid hosp,3,2026-09-12,18,quantile,0.1,16.0
2026-08-22,wk inc covid hosp,3,2026-09-12,18,quantile,0.15,18.0
2026-08-22,wk inc covid hosp,3,2026-09-12,18,quantile,0.2,18.0
2026-08-22,wk inc covid hosp,3,2026-09-12,18,quantile,0.25,19.0
2026-08-22,wk inc covid hosp,3,2026-09-12,18,quantile,0.3,21.0
2026-08-22,wk inc covid hosp,3,2026-09-12,18,quantile,0.35,22.0
2026-08-22,wk inc covid hosp,3,2026-09-12,18,quantile,0.4,22.0
2026-08-22,wk inc covid hosp,3,2026-09-12,18,quantile,0.45,25.0
2026-08-22,wk inc covid hosp,3,2026-09-12,18,quantile,0.5,26.0
2026-08-22,wk inc covid hosp,3,2026-09-12,18,quantile,0.55,27.0
2026-08-22,wk inc covid hosp,3,2026-09-12,18,quantile,0.6,30.0
2026-08-22,wk inc covid hosp,3,2026-09-12,18,quantile,0.65,30.0
2026-08-22,wk inc covid hosp,3,2026-09-12,18,quantile,0.7,33.0
2026-08-22,wk inc covid hosp,3,2026-09-12,18,quantile,0.75,33.0
2026-08-22,wk inc covid hosp,3,2026-09-12,18,quantile,0.8,34.0
2026-08-22,wk inc covid hosp,3,2026-09-12,18,quantile,0.85,37.0
2026-08-22,wk inc covid hosp,3,2026-09-12,18,quantile,0.9,44.0
2026-08-22,wk inc covid hosp,3,2026-09-12,18,quantile,0.95,50.0
2026-08-22,wk inc covid hosp,3,2026-09-12,18,quantile,0.975,74.0
2026-08-22,wk inc covid hosp,3,2026-09-12,18,quantile,0.99,160.0
2026-08-22,wk inc covid hosp,3,2026-09-12,19,quantile,0.01,1.0
2026-08-22,wk inc covid hosp,3,2026-09-12,19,quantile,0.025,2.0
2026-08-22,wk inc covid hosp,3,2026-09-12,19,quantile,0.05,2.0
2026-08-22,wk inc covid hosp,3,2026-09-12,19,quantile,0.1,3.0
2026-08-22,wk inc covid hosp,3,2026-09-12,19,quantile,0.15,4.0
2026-08-22,wk inc covid hosp,3,2026-09-12,19,quantile,0.2,4.0
2026-08-22,wk inc covid hosp,3,2026-09-12,19,quantile,0.25,4.0
2026-08-22,wk inc covid hosp,3,2026-09-12,19,quantile,0.3,4.0
2026-08-22,wk inc covid hosp,3,2026-09-12,19,quantile,0.35,5.0
2026-08-22,wk inc covid hosp,3,2026-09-12,19,quantile,0.4,5.0
2026-08-22,wk inc covid hosp,3,2026-09-12,19,quantile,0.45,5.0
2026-08-22,wk inc covid hosp,3,2026-09-12,19,quantile,0.5,5.0
2026-08-22,wk inc covid hosp,3,2026-09-12,19,quantile,0.55,5.0
2026-08-22,wk inc covid hosp,3,2026-09-12,19,quantile,0.6,6.0
2026-08-22,wk inc covid hosp,3,2026-09-12,19,quantile,0.65,7.0
2026-08-22,wk inc covid hosp,3,2026-09-12,19,quantile,0.7,8.0
2026-08-22,wk inc covid hosp,3,2026-09-12,19,quantile,0.75,8.0
2026-08-22,wk inc covid hosp,3,2026-09-12,19,quantile,0.8,8.0
2026-08-22,wk inc covid hosp,3,2026-09-12,19,quantile,0.85,10.0
2026-08-22,wk inc covid hosp,3,2026-09-12,19,quantile,0.9,11.0
2026-08-22,wk inc covid hosp,3,2026-09-12,19,quantile,0.95,16.0
2026-08-22,wk inc covid hosp,3,2026-09-12,19,quantile,0.975,33.0
2026-08-22,wk inc covid hosp,3,2026-09-12,19,quantile,0.99,72.0
2026-08-22,wk inc covid hosp,3,2026-09-12,20,quantile,0.01,2.0
2026-08-22,wk inc covid hosp,3,2026-09-12,20,quantile,0.025,2.0
2026-08-22,wk inc covid hosp,3,2026-09-12,20,quantile,0.05,2.0
2026-08-22,wk inc covid hosp,3,2026-09-12,20,quantile,0.1,5.0
2026-08-22,wk inc covid hosp,3,2026-09-12,20,quantile,0.15,5.0
2026-08-22,wk inc covid hosp,3,2026-09-12,20,quantile,0.2,5.0
2026-08-22,wk inc covid hosp,3,2026-09-12,20,quantile,0.25,6.0
2026-08-22,wk inc covid hosp,3,2026-09-12,20,quantile,0.3,6.0
2026-08-22,wk inc covid hosp,3,2026-09-12,20,quantile,0.35,7.0
2026-08-22,wk inc covid hosp,3,2026-09-12,20,quantile,0.4,7.0
2026-08-22,wk inc covid hosp,3,2026-09-12,20,quantile,0.45,7.0
2026-08-22,wk inc covid hosp,3,2026-09-12,20,quantile,0.5,8.0
2026-08-22,wk inc covid hosp,3,2026-09-12,20,quantile,0.55,9.0
2026-08-22,wk inc covid hosp,3,2026-09-12,20,quantile,0.6,10.0
2026-08-22,wk inc covid hosp,3,2026-09-12,20,quantile,0.65,10.0
2026-08-22,wk inc covid hosp,3,2026-09-12,20,quantile,0.7,11.0
2026-08-22,wk inc covid hosp,3,2026-09-12,20,quantile,0.75,12.0
2026-08-22,wk inc covid hosp,3,2026-09-12,20,quantile,0.8,12.0
2026-08-22,wk inc covid hosp,3,2026-09-12,20,quantile,0.85,13.0
2026-08-22,wk inc covid hosp,3,2026-09-12,20,quantile,0.9,13.0
2026-08-22,wk inc covid hosp,3,2026-09-12,20,quantile,0.95,17.0
2026-08-22,wk inc covid hosp,3,2026-09-12,20,quantile,0.975,32.0
2026-08-22,wk inc covid hosp,3,2026-09-12,20,quantile,0.99,70.0
2026-08-22,wk inc covid hosp,3,2026-09-12,21,quantile,0.01,8.0
2026-08-22,wk inc covid hosp,3,2026-09-12,21,quantile,0.025,8.0
2026-08-22,wk inc covid hosp,3,2026-09-12,21,quantile,0.05,8.0
2026-08-22,wk inc covid hosp,3,2026-09-12,21,quantile,0.1,10.0
2026-08-22,wk inc covid hosp,3,2026-09-12,21,quantile,0.15,11.0
2026-08-22,wk inc covid hosp,3,2026-09-12,21,quantile,0.2,13.0
2026-08-22,wk inc covid hosp,3,2026-09-12,21,quantile,0.25,13.0
2026-08-22,wk inc covid hosp,3,2026-09-12,21,quantile,0.3,14.0
2026-08-22,wk inc covid hosp,3,2026-09-12,21,quantile,0.35,15.0
2026-08-22,wk inc covid hosp,3,2026-09-12,21,quantile,0.4,15.0
2026-08-22,wk inc covid hosp,3,2026-09-12,21,quantile,0.45,17.0
2026-08-22,wk inc covid hosp,3,2026-09-12,21,quantile,0.5,17.0
2026-08-22,wk inc covid hosp,3,2026-09-12,21,quantile,0.55,18.0
2026-08-22,wk inc covid hosp,3,2026-09-12,21,quantile,0.6,20.0
2026-08-22,wk inc covid hosp,3,2026-09-12,21,quantile,0.65,20.0
2026-08-22,wk inc covid hosp,3,2026-09-12,21,quantile,0.7,23.0
2026-08-22,wk inc covid hosp,3,2026-09-12,21,quantile,0.75,23.0
2026-08-22,wk inc covid hosp,3,2026-09-12,21,quantile,0.8,23.0
2026-08-22,wk inc covid hosp,3,2026-09-12,21,quantile,0.85,27.0
2026-08-22,wk inc covid hosp,3,2026-09-12,21,quantile,0.9,29.0
2026-08-22,wk inc covid hosp,3,2026-09-12,21,quantile,0.95,31.0
2026-08-22,wk inc covid hosp,3,2026-09-12,21,quantile,0.975,48.0
2026-08-22,wk inc covid hosp,3,2026-09-12,21,quantile,0.99,98.0
2026-08-22,wk inc covid hosp,3,2026-09-12,22,quantile,0.01,21.0
2026-08-22,wk inc covid hosp,3,2026-09-12,22,quantile,0.025,21.0
2026-08-22,wk inc covid hosp,3,2026-09-12,22,quantile,0.05,29.0
2026-08-22,wk inc covid hosp,3,2026-09-12,22,quantile,0.1,30.0
2026-08-22,wk inc covid hosp,3,2026-09-12,22,quantile,0.15,31.0
2026-08-22,wk inc covid hosp,3,2026-09-12,22,quantile,0.2,38.0
2026-08-22,wk inc covid hosp,3,2026-09-12,22,quantile,0.25,45.0
2026-08-22,wk inc covid hosp,3,2026-09-12,22,quantile,0.3,50.0
2026-08-22,wk inc covid hosp,3,2026-09-12,22,quantile,0.35,53.0
2026-08-22,wk inc covid hosp,3,2026-09-12,22,quantile,0.4,53.0
2026-08-22,wk inc covid hosp,3,2026-09-12,22,quantile,0.45,56.0
2026-08-22,wk inc covid hosp,3,2026-09-12,22,quantile,0.5,56.0
2026-08-22,wk inc covid hosp,3,2026-09-12,22,quantile,0.55,56.0
2026-08-22,wk inc covid hosp,3,2026-09-12,22,quantile,0.6,56.0
2026-08-22,wk inc covid hosp,3,2026-09-12,22,quantile,0.65,57.0
2026-08-22,wk inc covid hosp,3,2026-09-12,22,quantile,0.7,61.0
2026-08-22,wk inc covid hosp,3,2026-09-12,22,quantile,0.75,64.0
2026-08-22,wk inc covid hosp,3,2026-09-12,22,quantile,0.8,65.0
2026-08-22,wk inc covid hosp,3,2026-09-12,22,quantile,0.85,72.0
2026-08-22,wk inc covid hosp,3,2026-09-12,22,quantile,0.9,74.0
2026-08-22,wk inc covid hosp,3,2026-09-12,22,quantile,0.95,84.0
2026-08-22,wk inc covid hosp,3,2026-09-12,22,quantile,0.975,95.0
2026-08-22,wk inc covid hosp,3,2026-09-12,22,quantile,0.99,114.0
2026-08-22,wk inc covid hosp,3,2026-09-12,23,quantile,0.01,0.0
2026-08-22,wk inc covid hosp,3,2026-09-12,23,quantile,0.025,0.0
2026-08-22,wk inc covid hosp,3,2026-09-12,23,quantile,0.05,0.0
2026-08-22,wk inc covid hosp,3,2026-09-12,23,quantile,0.1,0.0
2026-08-22,wk inc covid hosp,3,2026-09-12,23,quantile,0.15,0.0
2026-08-22,wk inc covid hosp,3,2026-09-12,23,quantile,0.2,0.0
2026-08-22,wk inc covid hosp,3,2026-09-12,23,quantile,0.25,1.0
2026-08-22,wk inc covid hosp,3,2026-09-12,23,quantile,0.3,1.0
2026-08-22,wk inc covid hosp,3,2026-09-12,23,quantile,0.35,1.0
2026-08-22,wk inc covid hosp,3,2026-09-12,23,quantile,0.4,1.0
2026-08-22,wk inc covid hosp,3,2026-09-12,23,quantile,0.45,2.0
2026-08-22,wk inc covid hosp,3,2026-09-12,23,quantile,0.5,2.0
2026-08-22,wk inc covid hosp,3,2026-09-12,23,quantile,0.55,2.0
2026-08-22,wk inc covid hosp,3,2026-09-12,23,quantile,0.6,2.0
2026-08-22,wk inc covid hosp,3,2026-09-12,23,quantile,0.65,3.0
2026-08-22,wk inc covid hosp,3,2026-09-12,23,quantile,0.7,3.0
2026-08-22,wk inc covid hosp,3,2026-09-12,23,quantile,0.75,4.0
2026-08-22,wk inc covid hosp,3,2026-09-12,23,quantile,0.8,4.0
2026-08-22,wk inc covid hosp,3,2026-09-12,23,quantile,0.85,5.0
2026-08-22,wk inc covid hosp,3,2026-09-12,23,quantile,0.9,5.0
2026-08-22,wk inc covid hosp,3,2026-09-12,23,quantile,0.95,8.0
2026-08-22,wk inc covid hosp,3,2026-09-12,23,quantile,0.975,14.0
2026-08-22,wk inc covid hosp,3,2026-09-12,23,quantile,0.99,29.0
2026-08-22,wk inc covid hosp,3,2026-09-12,24,quantile,0.01,2.0
2026-08-22,wk inc covid hosp,3,2026-09-12,24,quantile,0.025,5.0
2026-08-22,wk inc covid hosp,3,2026-09-12,24,quantile,0.05,5.0
2026-08-22,wk inc covid hosp,3,2026-09-12,24,quantile,0.1,6.0
2026-08-22,wk inc covid hosp,3,2026-09-12,24,quantile,0.15,6.0
2026-08-22,wk inc covid hosp,3,2026-09-12,24,quantile,0.2,7.0
2026-08-22,wk inc covid hosp,3,2026-09-12,24,quantile,0.25,8.0
2026-08-22,wk inc covid hosp,3,2026-09-12,24,quantile,0.3,8.0
2026-08-22,wk inc covid hosp,3,2026-09-12,24,quantile,0.35,9.0
2026-08-22,wk inc covid hosp,3,2026-09-12,24,quantile,0.4,10.0
2026-08-22,wk inc covid hosp,3,2026-09-12,24,quantile,0.45,10.0
2026-08-22,wk inc covid hosp,3,2026-09-12,24,quantile,0.5,11.0
2026-08-22,wk inc covid hosp,3,2026-09-12,24,quantile,0.55,12.0
2026-08-22,wk inc covid hosp,3,2026-09-12,24,quantile,0.6,12.0
2026-08-22,wk inc covid hosp,3,2026-09-12,24,quantile,0.65,13.0
2026-08-22,wk inc covid hosp,3,2026-09-12,24,quantile,0.7,16.0
2026-08-22,wk inc covid hosp,3,2026-09-12,24,quantile,0.75,16.0
2026-08-22,wk inc covid hosp,3,2026-09-12,24,quantile,0.8,18.0
2026-08-22,wk inc covid hosp,3,2026-09-12,24,quantile,0.85,21.0
2026-08-22,wk inc covid hosp,3,2026-09-12,24,quantile,0.9,21.0
2026-08-22,wk inc covid hosp,3,2026-09-12,24,quantile,0.95,30.0
2026-08-22,wk inc covid hosp,3,2026-09-12,24,quantile,0.975,64.0
2026-08-22,wk inc covid hosp,3,2026-09-12,24,quantile,0.99,147.0
2026-08-22,wk inc covid hosp,3,2026-09-12,25,quantile,0.01,9.0
2026-08-22,wk inc covid hosp,3,2026-09-12,25,quantile,0.025,10.0
2026-08-22,wk inc covid hosp,3,2026-09-12,25,quantile,0.05,10.0
2026-08-22,wk inc covid hosp,3,2026-09-12,25,quantile,0.1,15.0
2026-08-22,wk inc covid hosp,3,2026-09-12,25,quantile,0.15,19.0
2026-08-22,wk inc covid hosp,3,2026-09-12,25,quantile,0.2,20.0
2026-08-22,wk inc covid hosp,3,2026-09-12,25,quantile,0.25,21.0
2026-08-22,wk inc covid hosp,3,2026-09-12,25,quantile,0.3,22.0
2026-08-22,wk inc covid hosp,3,2026-09-12,25,quantile,0.35,23.0
2026-08-22,wk inc covid hosp,3,2026-09-12,25,quantile,0.4,24.0
2026-08-22,wk inc covid hosp,3,2026-09-12,25,quantile,0.45,26.0
2026-08-22,wk inc covid hosp,3,2026-09-12,25,quantile,0.5,26.0
2026-08-22,wk inc covid hosp,3,2026-09-12,25,quantile,0.55,28.0
2026-08-22,wk inc covid hosp,3,2026-09-12,25,quantile,0.6,28.0
2026-08-22,wk inc covid hosp,3,2026-09-12,25,quantile,0.65,31.0
2026-08-22,wk inc covid hosp,3,2026-09-12,25,quantile,0.7,33.0
2026-08-22,wk inc covid hosp,3,2026-09-12,25,quantile,0.75,34.0
2026-08-22,wk inc covid hosp,3,2026-09-12,25,quantile,0.8,36.0
2026-08-22,wk inc covid hosp,3,2026-09-12,25,quantile,0.85,41.0
2026-08-22,wk inc covid hosp,3,2026-09-12,25,quantile,0.9,45.0
2026-08-22,wk inc covid hosp,3,2026-09-12,25,quantile,0.95,51.0
2026-08-22,wk inc covid hosp,3,2026-09-12,25,quantile,0.975,80.0
2026-08-22,wk inc covid hosp,3,2026-09-12,25,quantile,0.99,168.0
2026-08-22,wk inc covid hosp,3,2026-09-12,26,quantile,0.01,8.0
2026-08-22,wk inc covid hosp,3,2026-09-12,26,quantile,0.025,11.0
2026-08-22,wk inc covid hosp,3,2026-09-12,26,quantile,0.05,11.0
2026-08-22,wk inc covid hosp,3,2026-09-12,26,quantile,0.1,12.0
2026-08-22,wk inc covid hosp,3,2026-09-12,26,quantile,0.15,16.0
2026-08-22,wk inc covid hosp,3,2026-09-12,26,quantile,0.2,20.0
2026-08-22,wk inc covid hosp,3,2026-09-12,26,quantile,0.25,20.0
2026-08-22,wk inc covid hosp,3,2026-09-12,26,quantile,0.3,20.0
2026-08-22,wk inc covid hosp,3,2026-09-12,26,quantile,0.35,22.0
2026-08-22,wk inc covid hosp,3,2026-09-12,26,quantile,0.4,22.0
2026-08-22,wk inc covid hosp,3,2026-09-12,26,quantile,0.45,23.0
2026-08-22,wk inc covid hosp,3,2026-09-12,26,quantile,0.5,23.0
2026-08-22,wk inc covid hosp,3,2026-09-12,26,quantile,0.55,25.0
2026-08-22,wk inc covid hosp,3,2026-09-12,26,quantile,0.6,26.0
2026-08-22,wk inc covid hosp,3,2026-09-12,26,quantile,0.65,28.0
2026-08-22,wk inc covid hosp,3,2026-09-12,26,quantile,0.7,30.0
2026-08-22,wk inc covid hosp,3,2026-09-12,26,quantile,0.75,32.0
2026-08-22,wk inc covid hosp,3,2026-09-12,26,quantile,0.8,32.0
2026-08-22,wk inc covid hosp,3,2026-09-12,26,quantile,0.85,33.0
2026-08-22,wk inc covid hosp,3,2026-09-12,26,quantile,0.9,37.0
2026-08-22,wk inc covid hosp,3,2026-09-12,26,quantile,0.95,57.0
2026-08-22,wk inc covid hosp,3,2026-09-12,26,quantile,0.975,108.0
2026-08-22,wk inc covid hosp,3,2026-09-12,26,quantile,0.99,258.0
2026-08-22,wk inc covid hosp,3,2026-09-12,27,quantile,0.01,1.0
2026-08-22,wk inc covid hosp,3,2026-09-12,27,quantile,0.025,3.0
2026-08-22,wk inc covid hosp,3,2026-09-12,27,quantile,0.05,4.0
2026-08-22,wk inc covid hosp,3,2026-09-12,27,quantile,0.1,6.0
2026-08-22,wk inc covid hosp,3,2026-09-12,27,quantile,0.15,6.0
2026-08-22,wk inc covid hosp,3,2026-09-12,27,quantile,0.2,7.0
2026-08-22,wk inc covid hosp,3,2026-09-12,27,quantile,0.25,7.0
2026-08-22,wk inc covid hosp,3,2026-09-12,27,quantile,0.3,7.0
2026-08-22,wk inc covid hosp,3,2026-09-12,27,quantile,0.35,8.0
2026-08-22,wk inc covid hosp,3,2026-09-12,27,quantile,0.4,8.0
2026-08-22,wk inc covid hosp,3,2026-09-12,27,quantile,0.45,8.0
2026-08-22,wk inc covid hosp,3,2026-09-12,27,quantile,0.5,9.0
2026-08-22,wk inc covid hosp,3,2026-09-12,27,quantile,0.55,10.0
2026-08-22,wk inc covid hosp,3,2026-09-12,27,quantile,0.6,10.0
2026-08-22,wk inc covid hosp,3,2026-09-12,27,quantile,0.65,12.0
2026-08-22,wk inc covid hosp,3,2026-09-12,27,quantile,0.7,13.0
2026-08-22,wk inc covid hosp,3,2026-09-12,27,quantile,0.75,13.0
2026-08-22,wk inc covid hosp,3,2026-09-12,27,quantile,0.8,15.0
2026-08-22,wk inc covid hosp,3,2026-09-12,27,quantile,0.85,16.0
2026-08-22,wk inc covid hosp,3,2026-09-12,27,quantile,0.9,19.0
2026-08-22,wk inc covid hosp,3,2026-09-12,27,quantile,0.95,28.0
2026-08-22,wk inc covid hosp,3,2026-09-12,27,quantile,0.975,63.0
2026-08-22,wk inc covid hosp,3,2026-09-12,27,quantile,0.99,137.0
2026-08-22,wk inc covid hosp,3,2026-09-12,28,quantile,0.01,11.0
2026-08-22,wk inc covid hosp,3,2026-09-12,28,quantile,0.025,12.0
2026-08-22,wk inc covid hosp,3,2026-09-12,28,quantile,0.05,16.0
2026-08-22,wk inc covid hosp,3,2026-09-12,28,quantile,0.1,20.0
2026-08-22,wk inc covid hosp,3,2026-09-12,28,quantile,0.15,21.0
2026-08-22,wk inc covid hosp,3,2026-09-12,28,quantile,0.2,26.0
2026-08-22,wk inc covid hosp,3,2026-09-12,28,quantile,0.25,28.0
2026-08-22,wk inc covid hosp,3,2026-09-12,28,quantile,0.3,39.0
2026-08-22,wk inc covid hosp,3,2026-09-12,28,quantile,0.35,44.0
2026-08-22,wk inc covid hosp,3,2026-09-12,28,quantile,0.4,45.0
2026-08-22,wk inc covid hosp,3,2026-09-12,28,quantile,0.45,45.0
2026-08-22,wk inc covid hosp,3,2026-09-12,28,quantile,0.5,45.0
2026-08-22,wk inc covid hosp,3,2026-09-12,28,quantile,0.55,45.0
2026-08-22,wk inc covid hosp,3,2026-09-12,28,quantile,0.6,45.0
2026-08-22,wk inc covid hosp,3,2026-09-12,28,quantile,0.65,48.0
2026-08-22,wk inc covid hosp,3,2026-09-12,28,quantile,0.7,48.0
2026-08-22,wk inc covid hosp,3,2026-09-12,28,quantile,0.75,49.0
2026-08-22,wk inc covid hosp,3,2026-09-12,28,quantile,0.8,49.0
2026-08-22,wk inc covid hosp,3,2026-09-12,28,quantile,0.85,53.0
2026-08-22,wk inc covid hosp,3,2026-09-12,28,quantile,0.9,62.0
2026-08-22,wk inc covid hosp,3,2026-09-12,28,quantile,0.95,64.0
2026-08-22,wk inc covid hosp,3,2026-09-12,28,quantile,0.975,66.0
2026-08-22,wk inc covid hosp,3,2026-09-12,28,quantile,0.99,80.0
2026-08-22,wk inc covid hosp,3,2026-09-12,29,quantile,0.01,11.0
2026-08-22,wk inc covid hosp,3,2026-09-12,29,quantile,0.025,13.0
2026-08-22,wk inc covid hosp,3,2026-09-12,29,quantile,0.05,13.0
2026-08-22,wk inc covid hosp,3,2026-09-12,29,quantile,0.1,15.0
2026-08-22,wk inc covid hosp,3,2026-09-12,29,quantile,0.15,17.0
2026-08-22,wk inc covid hosp,3,2026-09-12,29,quantile,0.2,19.0
2026-08-22,wk inc covid hosp,3,2026-09-12,29,quantile,0.25,19.0
2026-08-22,wk inc covid hosp,3,2026-09-12,29,quantile,0.3,21.0
2026-08-22,wk inc covid hosp,3,2026-09-12,29,quantile,0.35,22.0
2026-08-22,wk inc covid hosp,3,2026-09-12,29,quantile,0.4,22.0
2026-08-22,wk inc covid hosp,3,2026-09-12,29,quantile,0.45,23.0
2026-08-22,wk inc covid hosp,3,2026-09-12,29,quantile,0.5,25.0
2026-08-22,wk inc covid hosp,3,2026-09-12,29,quantile,0.55,26.0
2026-08-22,wk inc covid hosp,3,2026-09-12,29,quantile,0.6,28.0
2026-08-22,wk inc covid hosp,3,2026-09-12,29,quantile,0.65,28.0
2026-08-22,wk inc covid hosp,3,2026-09-12,29,quantile,0.7,30.0
2026-08-22,wk inc covid hosp,3,2026-09-12,29,quantile,0.75,30.0
2026-08-22,wk inc covid hosp,3,2026-09-12,29,quantile,0.8,32.0
2026-08-22,wk inc covid hosp,3,2026-09-12,29,quantile,0.85,35.0
2026-08-22,wk inc covid hosp,3,2026-09-12,29,quantile,0.9,42.0
2026-08-22,wk inc covid hosp,3,2026-09-12,29,quantile,0.95,49.0
2026-08-22,wk inc covid hosp,3,2026-09-12,29,quantile,0.975,71.0
2026-08-22,wk inc covid hosp,3,2026-09-12,29,quantile,0.99,160.0
2026-08-22,wk inc covid hosp,3,2026-09-12,30,quantile,0.01,0.0
2026-08-22,wk inc covid hosp,3,2026-09-12,30,quantile,0.025,0.0
2026-08-22,wk inc covid hosp,3,2026-09-12,30,quantile,0.05,0.0
2026-08-22,wk inc covid hosp,3,2026-09-12,30,quantile,0.1,0.0
2026-08-22,wk inc covid hosp,3,2026-09-12,30,quantile,0.15,0.0
2026-08-22,wk inc covid hosp,3,2026-09-12,30,quantile,0.2,0.0
2026-08-22,wk inc covid hosp,3,2026-09-12,30,quantile,0.25,1.0
2026-08-22,wk inc covid hosp,3,2026-09-12,30,quantile,0.3,1.0
2026-08-22,wk inc covid hosp,3,2026-09-12,30,quantile,0.35,2.0
2026-08-22,wk inc covid hosp,3,2026-09-12,30,quantile,0.4,2.0
2026-08-22,wk inc covid hosp,3,2026-09-12,30,quantile,0.45,2.0
2026-08-22,wk inc covid hosp,3,2026-09-12,30,quantile,0.5,2.0
2026-08-22,wk inc covid hosp,3,2026-09-12,30,quantile,0.55,3.0
2026-08-22,wk inc covid hosp,3,2026-09-12,30,quantile,0.6,3.0
2026-08-22,wk inc covid hosp,3,2026-09-12,30,quantile,0.65,3.0
2026-08-22,wk inc covid hosp,3,2026-09-12,30,quantile,0.7,4.0
2026-08-22,wk inc covid hosp,3,2026-09-12,30,quantile,0.75,4.0
2026-08-22,wk inc covid hosp,3,2026-09-12,30,quantile,0.8,5.0
2026-08-22,wk inc covid hosp,3,2026-09-12,30,quantile,0.85,5.0
2026-08-22,wk inc covid hosp,3,2026-09-12,30,quantile,0.9,6.0
2026-08-22,wk inc covid hosp,3,2026-09-12,30,quantile,0.95,8.0
2026-08-22,wk inc covid hosp,3,2026-09-12,30,quantile,0.975,11.0
2026-08-22,wk inc covid hosp,3,2026-09-12,30,quantile,0.99,25.0
2026-08-22,wk inc covid hosp,3,2026-09-12,31,quantile,0.01,0.0
2026-08-22,wk inc covid hosp,3,2026-09-12,31,quantile,0.025,0.0
2026-08-22,wk inc covid hosp,3,2026-09-12,31,quantile,0.05,0.0
2026-08-22,wk inc covid hosp,3,2026-09-12,31,quantile,0.1,1.0
2026-08-22,wk inc covid hosp,3,2026-09-12,31,quantile,0.15,2.0
2026-08-22,wk inc covid hosp,3,2026-09-12,31,quantile,0.2,2.0
2026-08-22,wk inc covid hosp,3,2026-09-12,31,quantile,0.25,2.0
2026-08-22,wk inc covid hosp,3,2026-09-12,31,quantile,0.3,2.0
2026-08-22,wk inc covid hosp,3,2026-09-12,31,quantile,0.35,2.0
2026-08-22,wk inc covid hosp,3,2026-09-12,31,quantile,0.4,3.0
2026-08-22,wk inc covid hosp,3,2026-09-12,31,quantile,0.45,3.0
2026-08-22,wk inc covid hosp,3,2026-09-12,31,quantile,0.5,3.0
2026-08-22,wk inc covid hosp,3,2026-09-12,31,quantile,0.55,3.0
2026-08-22,wk inc covid hosp,3,2026-09-12,31,quantile,0.6,3.0
2026-08-22,wk inc covid hosp,3,2026-09-12,31,quantile,0.65,4.0
2026-08-22,wk inc covid hosp,3,2026-09-12,31,quantile,0.7,4.0
2026-08-22,wk inc covid hosp,3,2026-09-12,31,quantile,0.75,5.0
2026-08-22,wk inc covid hosp,3,2026-09-12,31,quantile,0.8,5.0
2026-08-22,wk inc covid hosp,3,2026-09-12,31,quantile,0.85,6.0
2026-08-22,wk inc covid hosp,3,2026-09-12,31,quantile,0.9,6.0
2026-08-22,wk inc covid hosp,3,2026-09-12,31,quantile,0.95,10.0
2026-08-22,wk inc covid hosp,3,2026-09-12,31,quantile,0.975,19.0
2026-08-22,wk inc covid hosp,3,2026-09-12,31,quantile,0.99,45.0
2026-08-22,wk inc covid hosp,3,2026-09-12,32,quantile,0.01,6.0
2026-08-22,wk inc covid hosp,3,2026-09-12,32,quantile,0.025,7.0
2026-08-22,wk inc covid hosp,3,2026-09-12,32,quantile,0.05,7.0
2026-08-22,wk inc covid hosp,3,2026-09-12,32,quantile,0.1,11.0
2026-08-22,wk inc covid hosp,3,2026-09-12,32,quantile,0.15,13.0
2026-08-22,wk inc covid hosp,3,2026-09-12,32,quantile,0.2,13.0
2026-08-22,wk inc covid hosp,3,2026-09-12,32,quantile,0.25,13.0
2026-08-22,wk inc covid hosp,3,2026-09-12,32,quantile,0.3,14.0
2026-08-22,wk inc covid hosp,3,2026-09-12,32,quantile,0.35,15.0
2026-08-22,wk inc covid hosp,3,2026-09-12,32,quantile,0.4,16.0
2026-08-22,wk inc covid hosp,3,2026-09-12,32,quantile,0.45,17.0
2026-08-22,wk inc covid hosp,3,2026-09-12,32,quantile,0.5,19.0
2026-08-22,wk inc covid hosp,3,2026-09-12,32,quantile,0.55,19.0
2026-08-22,wk inc covid hosp,3,2026-09-12,32,quantile,0.6,20.0
2026-08-22,wk inc covid hosp,3,2026-09-12,32,quantile,0.65,21.0
2026-08-22,wk inc covid hosp,3,2026-09-12,32,quantile,0.7,23.0
2026-08-22,wk inc covid hosp,3,2026-09-12,32,quantile,0.75,23.0
2026-08-22,wk inc covid hosp,3,2026-09-12,32,quantile,0.8,23.0
2026-08-22,wk inc covid hosp,3,2026-09-12,32,quantile,0.85,24.0
2026-08-22,wk inc covid hosp,3,2026-09-12,32,quantile,0.9,25.0
2026-08-22,wk inc covid hosp,3,2026-09-12,32,quantile,0.95,29.0
2026-08-22,wk inc covid hosp,3,2026-09-12,32,quantile,0.975,39.0
2026-08-22,wk inc covid hosp,3,2026-09-12,32,quantile,0.99,73.0
2026-08-22,wk inc covid hosp,3,2026-09-12,33,quantile,0.01,2.0
2026-08-22,wk inc covid hosp,3,2026-09-12,33,quantile,0.025,2.0
2026-08-22,wk inc covid hosp,3,2026-09-12,33,quantile,0.05,2.0
2026-08-22,wk inc covid hosp,3,2026-09-12,33,quantile,0.1,3.0
2026-08-22,wk inc covid hosp,3,2026-09-12,33,quantile,0.15,3.0
2026-08-22,wk inc covid hosp,3,2026-09-12,33,quantile,0.2,4.0
2026-08-22,wk inc covid hosp,3,2026-09-12,33,quantile,0.25,4.0
2026-08-22,wk inc covid hosp,3,2026-09-12,33,quantile,0.3,4.0
2026-08-22,wk inc covid hosp,3,2026-09-12,33,quantile,0.35,4.0
2026-08-22,wk inc covid hosp,3,2026-09-12,33,quantile,0.4,5.0
2026-08-22,wk inc covid hosp,3,2026-09-12,33,quantile,0.45,6.0
2026-08-22,wk inc covid hosp,3,2026-09-12,33,quantile,0.5,6.0
2026-08-22,wk inc covid hosp,3,2026-09-12,33,quantile,0.55,6.0
2026-08-22,wk inc covid hosp,3,2026-09-12,33,quantile,0.6,7.0
2026-08-22,wk inc covid hosp,3,2026-09-12,33,quantile,0.65,7.0
2026-08-22,wk inc covid hosp,3,2026-09-12,33,quantile,0.7,8.0
2026-08-22,wk inc covid hosp,3,2026-09-12,33,quantile,0.75,8.0
2026-08-22,wk inc covid hosp,3,2026-09-12,33,quantile,0.8,9.0
2026-08-22,wk inc covid hosp,3,2026-09-12,33,quantile,0.85,10.0
2026-08-22,wk inc covid hosp,3,2026-09-12,33,quantile,0.9,12.0
2026-08-22,wk inc covid hosp,3,2026-09-12,33,quantile,0.95,12.0
2026-08-22,wk inc covid hosp,3,2026-09-12,33,quantile,0.975,15.0
2026-08-22,wk inc covid hosp,3,2026-09-12,33,quantile,0.99,32.0
2026-08-22,wk inc covid hosp,3,2026-09-12,34,quantile,0.01,28.0
2026-08-22,wk inc covid hosp,3,2026-09-12,34,quantile,0.025,30.0
2026-08-22,wk inc covid hosp,3,2026-09-12,34,quantile,0.05,30.0
2026-08-22,wk inc covid hosp,3,2026-09-12,34,quantile,0.1,37.0
2026-08-22,wk inc covid hosp,3,2026-09-12,34,quantile,0.15,40.0
2026-08-22,wk inc covid hosp,3,2026-09-12,34,quantile,0.2,44.0
2026-08-22,wk inc covid hosp,3,2026-09-12,34,quantile,0.25,45.0
2026-08-22,wk inc covid hosp,3,2026-09-12,34,quantile,0.3,49.0
2026-08-22,wk inc covid hosp,3,2026-09-12,34,quantile,0.35,50.0
2026-08-22,wk inc covid hosp,3,2026-09-12,34,quantile,0.4,53.0
2026-08-22,wk inc covid hosp,3,2026-09-12,34,quantile,0.45,56.0
2026-08-22,wk inc covid hosp,3,2026-09-12,34,quantile,0.5,58.0
2026-08-22,wk inc covid hosp,3,2026-09-12,34,quantile,0.55,58.0
2026-08-22,wk inc covid hosp,3,2026-09-12,34,quantile,0.6,58.0
2026-08-22,wk inc covid hosp,3,2026-09-12,34,quantile,0.65,60.0
2026-08-22,wk inc covid hosp,3,2026-09-12,34,quantile,0.7,64.0
2026-08-22,wk inc covid hosp,3,2026-09-12,34,quantile,0.75,64.0
2026-08-22,wk inc covid hosp,3,2026-09-12,34,quantile,0.8,66.0
2026-08-22,wk inc covid hosp,3,2026-09-12,34,quantile,0.85,70.0
2026-08-22,wk inc covid hosp,3,2026-09-12,34,quantile,0.9,78.0
2026-08-22,wk inc covid hosp,3,2026-09-12,34,quantile,0.95,86.0
2026-08-22,wk inc covid hosp,3,2026-09-12,34,quantile,0.975,120.0
2026-08-22,wk inc covid hosp,3,2026-09-12,34,quantile,0.99,216.0
2026-08-22,wk inc covid hosp,3,2026-09-12,35,quantile,0.01,1.0
2026-08-22,wk inc covid hosp,3,2026-09-12,35,quantile,0.025,1.0
2026-08-22,wk inc covid hosp,3,2026-09-12,35,quantile,0.05,2.0
2026-08-22,wk inc covid hosp,3,2026-09-12,35,quantile,0.1,4.0
2026-08-22,wk inc covid hosp,3,2026-09-12,35,quantile,0.15,5.0
2026-08-22,wk inc covid hosp,3,2026-09-12,35,quantile,0.2,5.0
2026-08-22,wk inc covid hosp,3,2026-09-12,35,quantile,0.25,6.0
2026-08-22,wk inc covid hosp,3,2026-09-12,35,quantile,0.3,6.0
2026-08-22,wk inc covid hosp,3,2026-09-12,35,quantile,0.35,7.0
2026-08-22,wk inc covid hosp,3,2026-09-12,35,quantile,0.4,7.0
2026-08-22,wk inc covid hosp,3,2026-09-12,35,quantile,0.45,7.0
2026-08-22,wk inc covid hosp,3,2026-09-12,35,quantile,0.5,8.0
2026-08-22,wk inc covid hosp,3,2026-09-12,35,quantile,0.55,8.0
2026-08-22,wk inc covid hosp,3,2026-09-12,35,quantile,0.6,9.0
2026-08-22,wk inc covid hosp,3,2026-09-12,35,quantile,0.65,9.0
2026-08-22,wk inc covid hosp,3,2026-09-12,35,quantile,0.7,10.0
2026-08-22,wk inc covid hosp,3,2026-09-12,35,quantile,0.75,10.0
2026-08-22,wk inc covid hosp,3,2026-09-12,35,quantile,0.8,10.0
2026-08-22,wk inc covid hosp,3,2026-09-12,35,quantile,0.85,11.0
2026-08-22,wk inc covid hosp,3,2026-09-12,35,quantile,0.9,12.0
2026-08-22,wk inc covid hosp,3,2026-09-12,35,quantile,0.95,15.0
2026-08-22,wk inc covid hosp,3,2026-09-12,35,quantile,0.975,23.0
2026-08-22,wk inc covid hosp,3,2026-09-12,35,quantile,0.99,52.0
2026-08-22,wk inc covid hosp,3,2026-09-12,36,quantile,0.01,94.0
2026-08-22,wk inc covid hosp,3,2026-09-12,36,quantile,0.025,94.0
2026-08-22,wk inc covid hosp,3,2026-09-12,36,quantile,0.05,94.0
2026-08-22,wk inc covid hosp,3,2026-09-12,36,quantile,0.1,98.0
2026-08-22,wk inc covid hosp,3,2026-09-12,36,quantile,0.15,110.0
2026-08-22,wk inc covid hosp,3,2026-09-12,36,quantile,0.2,136.0
2026-08-22,wk inc covid hosp,3,2026-09-12,36,quantile,0.25,144.0
2026-08-22,wk inc covid hosp,3,2026-09-12,36,quantile,0.3,144.0
2026-08-22,wk inc covid hosp,3,2026-09-12,36,quantile,0.35,144.0
2026-08-22,wk inc covid hosp,3,2026-09-12,36,quantile,0.4,146.0
2026-08-22,wk inc covid hosp,3,2026-09-12,36,quantile,0.45,146.0
2026-08-22,wk inc covid hosp,3,2026-09-12,36,quantile,0.5,146.0
2026-08-22,wk inc covid hosp,3,2026-09-12,36,quantile,0.55,147.0
2026-08-22,wk inc covid hosp,3,2026-09-12,36,quantile,0.6,151.0
2026-08-22,wk inc covid hosp,3,2026-09-12,36,quantile,0.65,155.0
2026-08-22,wk inc covid hosp,3,2026-09-12,36,quantile,0.7,159.0
2026-08-22,wk inc covid hosp,3,2026-09-12,36,quantile,0.75,159.0
2026-08-22,wk inc covid hosp,3,2026-09-12,36,quantile,0.8,168.0
2026-08-22,wk inc covid hosp,3,2026-09-12,36,quantile,0.85,175.0
2026-08-22,wk inc covid hosp,3,2026-09-12,36,quantile,0.9,189.0
2026-08-22,wk inc covid hosp,3,2026-09-12,36,quantile,0.95,215.0
2026-08-22,wk inc covid hosp,3,2026-09-12,36,quantile,0.975,284.0
2026-08-22,wk inc covid hosp,3,2026-09-12,36,quantile,0.99,475.0
2026-08-22,wk inc covid hosp,3,2026-09-12,37,quantile,0.01,50.0
2026-08-22,wk inc covid hosp,3,2026-09-12,37,quantile,0.025,54.0
2026-08-22,wk inc covid hosp,3,2026-09-12,37,quantile,0.05,70.0
2026-08-22,wk inc covid hosp,3,2026-09-12,37,quantile,0.1,78.0
2026-08-22,wk inc covid hosp,3,2026-09-12,37,quantile,0.15,87.0
2026-08-22,wk inc covid hosp,3,2026-09-12,37,quantile,0.2,99.0
2026-08-22,wk inc covid hosp,3,2026-09-12,37,quantile,0.25,116.0
2026-08-22,wk inc covid hosp,3,2026-09-12,37,quantile,0.3,123.0
2026-08-22,wk inc covid hosp,3,2026-09-12,37,quantile,0.35,125.0
2026-08-22,wk inc covid hosp,3,2026-09-12,37,quantile,0.4,125.0
2026-08-22,wk inc covid hosp,3,2026-09-12,37,quantile,0.45,125.0
2026-08-22,wk inc covid hosp,3,2026-09-12,37,quantile,0.5,125.0
2026-08-22,wk inc covid hosp,3,2026-09-12,37,quantile,0.55,125.0
2026-08-22,wk inc covid hosp,3,2026-09-12,37,quantile,0.6,125.0
2026-08-22,wk inc covid hosp,3,2026-09-12,37,quantile,0.65,127.0
2026-08-22,wk inc covid hosp,3,2026-09-12,37,quantile,0.7,138.0
2026-08-22,wk inc covid hosp,3,2026-09-12,37,quantile,0.75,138.0
2026-08-22,wk inc covid hosp,3,2026-09-12,37,quantile,0.8,142.0
2026-08-22,wk inc covid hosp,3,2026-09-12,37,quantile,0.85,144.0
2026-08-22,wk inc covid hosp,3,2026-09-12,37,quantile,0.9,160.0
2026-08-22,wk inc covid hosp,3,2026-09-12,37,quantile,0.95,166.0
2026-08-22,wk inc covid hosp,3,2026-09-12,37,quantile,0.975,180.0
2026-08-22,wk inc covid hosp,3,2026-09-12,37,quantile,0.99,257.0
2026-08-22,wk inc covid hosp,3,2026-09-12,38,quantile,0.01,0.0
2026-08-22,wk inc covid hosp,3,2026-09-12,38,quantile,0.025,0.0
2026-08-22,wk inc covid hosp,3,2026-09-12,38,quantile,0.05,0.0
2026-08-22,wk inc covid hosp,3,2026-09-12,38,quantile,0.1,0.0
2026-08-22,wk inc covid hosp,3,2026-09-12,38,quantile,0.15,0.0
2026-08-22,wk inc covid hosp,3,2026-09-12,38,quantile,0.2,0.0
2026-08-22,wk inc covid hosp,3,2026-09-12,38,quantile,0.25,1.0
2026-08-22,wk inc covid hosp,3,2026-09-12,38,quantile,0.3,1.0
2026-08-22,wk inc covid hosp,3,2026-09-12,38,quantile,0.35,1.0
2026-08-22,wk inc covid hosp,3,2026-09-12,38,quantile,0.4,1.0
2026-08-22,wk inc covid hosp,3,2026-09-12,38,quantile,0.45,1.0
2026-08-22,wk inc covid hosp,3,2026-09-12,38,quantile,0.5,1.0
2026-08-22,wk inc covid hosp,3,2026-09-12,38,quantile,0.55,2.0
2026-08-22,wk inc covid hosp,3,2026-09-12,38,quantile,0.6,2.0
2026-08-22,wk inc covid hosp,3,2026-09-12,38,quantile,0.65,2.0
2026-08-22,wk inc covid hosp,3,2026-09-12,38,quantile,0.7,2.0
2026-08-22,wk inc covid hosp,3,2026-09-12,38,quantile,0.75,2.0
2026-08-22,wk inc covid hosp,3,2026-09-12,38,quantile,0.8,2.0
2026-08-22,wk inc covid hosp,3,2026-09-12,38,quantile,0.85,3.0
2026-08-22,wk inc covid hosp,3,2026-09-12,38,quantile,0.9,3.0
2026-08-22,wk inc covid hosp,3,2026-09-12,38,quantile,0.95,4.0
2026-08-22,wk inc covid hosp,3,2026-09-12,38,quantile,0.975,8.0
2026-08-22,wk inc covid hosp,3,2026-09-12,38,quantile,0.99,17.0
2026-08-22,wk inc covid hosp,3,2026-09-12,39,quantile,0.01,16.0
2026-08-22,wk inc covid hosp,3,2026-09-12,39,quantile,0.025,23.0
2026-08-22,wk inc covid hosp,3,2026-09-12,39,quantile,0.05,23.0
2026-08-22,wk inc covid hosp,3,2026-09-12,39,quantile,0.1,32.0
2026-08-22,wk inc covid hosp,3,2026-09-12,39,quantile,0.15,33.0
2026-08-22,wk inc covid hosp,3,2026-09-12,39,quantile,0.2,35.0
2026-08-22,wk inc covid hosp,3,2026-09-12,39,quantile,0.25,35.0
2026-08-22,wk inc covid hosp,3,2026-09-12,39,quantile,0.3,38.0
2026-08-22,wk inc covid hosp,3,2026-09-12,39,quantile,0.35,42.0
2026-08-22,wk inc covid hosp,3,2026-09-12,39,quantile,0.4,43.0
2026-08-22,wk inc covid hosp,3,2026-09-12,39,quantile,0.45,45.0
2026-08-22,wk inc covid hosp,3,2026-09-12,39,quantile,0.5,46.0
2026-08-22,wk inc covid hosp,3,2026-09-12,39,quantile,0.55,50.0
2026-08-22,wk inc covid hosp,3,2026-09-12,39,quantile,0.6,56.0
2026-08-22,wk inc covid hosp,3,2026-09-12,39,quantile,0.65,56.0
2026-08-22,wk inc covid hosp,3,2026-09-12,39,quantile,0.7,56.0
2026-08-22,wk inc covid hosp,3,2026-09-12,39,quantile,0.75,56.0
2026-08-22,wk inc covid hosp,3,2026-09-12,39,quantile,0.8,59.0
2026-08-22,wk inc covid hosp,3,2026-09-12,39,quantile,0.85,68.0
2026-08-22,wk inc covid hosp,3,2026-09-12,39,quantile,0.9,73.0
2026-08-22,wk inc covid hosp,3,2026-09-12,39,quantile,0.95,81.0
2026-08-22,wk inc covid hosp,3,2026-09-12,39,quantile,0.975,127.0
2026-08-22,wk inc covid hosp,3,2026-09-12,39,quantile,0.99,283.0
2026-08-22,wk inc covid hosp,3,2026-09-12,40,quantile,0.01,2.0
2026-08-22,wk inc covid hosp,3,2026-09-12,40,quantile,0.025,4.0
2026-08-22,wk inc covid hosp,3,2026-09-12,40,quantile,0.05,5.0
2026-08-22,wk inc covid hosp,3,2026-09-12,40,quantile,0.1,7.0
2026-08-22,wk inc covid hosp,3,2026-09-12,40,quantile,0.15,7.0
2026-08-22,wk inc covid hosp,3,2026-09-12,40,quantile,0.2,8.0
2026-08-22,wk inc covid hosp,3,2026-09-12,40,quantile,0.25,8.0
2026-08-22,wk inc covid hosp,3,2026-09-12,40,quantile,0.3,8.0
2026-08-22,wk inc covid hosp,3,2026-09-12,40,quantile,0.35,9.0
2026-08-22,wk inc covid hosp,3,2026-09-12,40,quantile,0.4,9.0
2026-08-22,wk inc covid hosp,3,2026-09-12,40,quantile,0.45,9.0
2026-08-22,wk inc covid hosp,3,2026-09-12,40,quantile,0.5,10.0
2026-08-22,wk inc covid hosp,3,2026-09-12,40,quantile,0.55,11.0
2026-08-22,wk inc covid hosp,3,2026-09-12,40,quantile,0.6,12.0
2026-08-22,wk inc covid hosp,3,2026-09-12,40,quantile,0.65,12.0
2026-08-22,wk inc covid hosp,3,2026-09-12,40,quantile,0.7,13.0
2026-08-22,wk inc covid hosp,3,2026-09-12,40,quantile,0.75,13.0
2026-08-22,wk inc covid hosp,3,2026-09-12,40,quantile,0.8,15.0
2026-08-22,wk inc covid hosp,3,2026-09-12,40,quantile,0.85,17.0
2026-08-22,wk inc covid hosp,3,2026-09-12,40,quantile,0.9,17.0
2026-08-22,wk inc covid hosp,3,2026-09-12,40,quantile,0.95,23.0
2026-08-22,wk inc covid hosp,3,2026-09-12,40,quantile,0.975,42.0
2026-08-22,wk inc covid hosp,3,2026-09-12,40,quantile,0.99,94.0
2026-08-22,wk inc covid hosp,3,2026-09-12,41,quantile,0.01,2.0
2026-08-22,wk inc covid hosp,3,2026-09-12,41,quantile,0.025,3.0
2026-08-22,wk inc covid hosp,3,2026-09-12,41,quantile,0.05,4.0
2026-08-22,wk inc covid hosp,3,2026-09-12,41,quantile,0.1,8.0
2026-08-22,wk inc covid hosp,3,2026-09-12,41,quantile,0.15,8.0
2026-08-22,wk inc covid hosp,3,2026-09-12,41,quantile,0.2,9.0
2026-08-22,wk inc covid hosp,3,2026-09-12,41,quantile,0.25,9.0
2026-08-22,wk inc covid hosp,3,2026-09-12,41,quantile,0.3,9.0
2026-08-22,wk inc covid hosp,3,2026-09-12,41,quantile,0.35,10.0
2026-08-22,wk inc covid hosp,3,2026-09-12,41,quantile,0.4,10.0
2026-08-22,wk inc covid hosp,3,2026-09-12,41,quantile,0.45,10.0
2026-08-22,wk inc covid hosp,3,2026-09-12,41,quantile,0.5,11.0
2026-08-22,wk inc covid hosp,3,2026-09-12,41,quantile,0.55,12.0
2026-08-22,wk inc covid hosp,3,2026-09-12,41,quantile,0.6,13.0
2026-08-22,wk inc covid hosp,3,2026-09-12,41,quantile,0.65,13.0
2026-08-22,wk inc covid hosp,3,2026-09-12,41,quantile,0.7,14.0
2026-08-22,wk inc covid hosp,3,2026-09-12,41,quantile,0.75,15.0
2026-08-22,wk inc covid hosp,3,2026-09-12,41,quantile,0.8,17.0
2026-08-22,wk inc covid hosp,3,2026-09-12,41,quantile,0.85,18.0
2026-08-22,wk inc covid hosp,3,2026-09-12,41,quantile,0.9,18.0
2026-08-22,wk inc covid hosp,3,2026-09-12,41,quantile,0.95,24.0
2026-08-22,wk inc covid hosp,3,2026-09-12,41,quantile,0.975,46.0
2026-08-22,wk inc covid hosp,3,2026-09-12,41,quantile,0.99,105.0
2026-08-22,wk inc covid hosp,3,2026-09-12,42,quantile,0.01,29.0
2026-08-22,wk inc covid hosp,3,2026-09-12,42,quantile,0.025,38.0
2026-08-22,wk inc covid hosp,3,2026-09-12,42,quantile,0.05,38.0
2026-08-22,wk inc covid hosp,3,2026-09-12,42,quantile,0.1,47.0
2026-08-22,wk inc covid hosp,3,2026-09-12,42,quantile,0.15,48.0
2026-08-22,wk inc covid hosp,3,2026-09-12,42,quantile,0.2,52.0
2026-08-22,wk inc covid hosp,3,2026-09-12,42,quantile,0.25,55.0
2026-08-22,wk inc covid hosp,3,2026-09-12,42,quantile,0.3,60.0
2026-08-22,wk inc covid hosp,3,2026-09-12,42,quantile,0.35,60.0
2026-08-22,wk inc covid hosp,3,2026-09-12,42,quantile,0.4,65.0
2026-08-22,wk inc covid hosp,3,2026-09-12,42,quantile,0.45,66.0
2026-08-22,wk inc covid hosp,3,2026-09-12,42,quantile,0.5,67.0
2026-08-22,wk inc covid hosp,3,2026-09-12,42,quantile,0.55,67.0
2026-08-22,wk inc covid hosp,3,2026-09-12,42,quantile,0.6,72.0
2026-08-22,wk inc covid hosp,3,2026-09-12,42,quantile,0.65,73.0
2026-08-22,wk inc covid hosp,3,2026-09-12,42,quantile,0.7,78.0
2026-08-22,wk inc covid hosp,3,2026-09-12,42,quantile,0.75,78.0
2026-08-22,wk inc covid hosp,3,2026-09-12,42,quantile,0.8,78.0
2026-08-22,wk inc covid hosp,3,2026-09-12,42,quantile,0.85,96.0
2026-08-22,wk inc covid hosp,3,2026-09-12,42,quantile,0.9,99.0
2026-08-22,wk inc covid hosp,3,2026-09-12,42,quantile,0.95,121.0
2026-08-22,wk inc covid hosp,3,2026-09-12,42,quantile,0.975,152.0
2026-08-22,wk inc covid hosp,3,2026-09-12,42,quantile,0.99,297.0
2026-08-22,wk inc covid hosp,3,2026-09-12,44,quantile,0.01,2.0
2026-08-22,wk inc covid hosp,3,2026-09-12,44,quantile,0.025,2.0
2026-08-22,wk inc covid hosp,3,2026-09-12,44,quantile,0.05,3.0
2026-08-22,wk inc covid hosp,3,2026-09-12,44,quantile,0.1,3.0
2026-08-22,wk inc covid hosp,3,2026-09-12,44,quantile,0.15,5.0
2026-08-22,wk inc covid hosp,3,2026-09-12,44,quantile,0.2,7.0
2026-08-22,wk inc covid hosp,3,2026-09-12,44,quantile,0.25,8.0
2026-08-22,wk inc covid hosp,3,2026-09-12,44,quantile,0.3,8.0
2026-08-22,wk inc covid hosp,3,2026-09-12,44,quantile,0.35,8.0
2026-08-22,wk inc covid hosp,3,2026-09-12,44,quantile,0.4,8.0
2026-08-22,wk inc covid hosp,3,2026-09-12,44,quantile,0.45,9.0
2026-08-22,wk inc covid hosp,3,2026-09-12,44,quantile,0.5,10.0
2026-08-22,wk inc covid hosp,3,2026-09-12,44,quantile,0.55,10.0
2026-08-22,wk inc covid hosp,3,2026-09-12,44,quantile,0.6,10.0
2026-08-22,wk inc covid hosp,3,2026-09-12,44,quantile,0.65,10.0
2026-08-22,wk inc covid hosp,3,2026-09-12,44,quantile,0.7,10.0
2026-08-22,wk inc covid hosp,3,2026-09-12,44,quantile,0.75,11.0
2026-08-22,wk inc covid hosp,3,2026-09-12,44,quantile,0.8,12.0
2026-08-22,wk inc covid hosp,3,2026-09-12,44,quantile,0.85,13.0
2026-08-22,wk inc covid hosp,3,2026-09-12,44,quantile,0.9,14.0
2026-08-22,wk inc covid hosp,3,2026-09-12,44,quantile,0.95,17.0
2026-08-22,wk inc covid hosp,3,2026-09-12,44,quantile,0.975,18.0
2026-08-22,wk inc covid hosp,3,2026-09-12,44,quantile,0.99,24.0
2026-08-22,wk inc covid hosp,3,2026-09-12,45,quantile,0.01,13.0
2026-08-22,wk inc covid hosp,3,2026-09-12,45,quantile,0.025,14.0
2026-08-22,wk inc covid hosp,3,2026-09-12,45,quantile,0.05,14.0
2026-08-22,wk inc covid hosp,3,2026-09-12,45,quantile,0.1,19.0
2026-08-22,wk inc covid hosp,3,2026-09-12,45,quantile,0.15,21.0
2026-08-22,wk inc covid hosp,3,2026-09-12,45,quantile,0.2,23.0
2026-08-22,wk inc covid hosp,3,2026-09-12,45,quantile,0.25,23.0
2026-08-22,wk inc covid hosp,3,2026-09-12,45,quantile,0.3,26.0
2026-08-22,wk inc covid hosp,3,2026-09-12,45,quantile,0.35,28.0
2026-08-22,wk inc covid hosp,3,2026-09-12,45,quantile,0.4,28.0
2026-08-22,wk inc covid hosp,3,2026-09-12,45,quantile,0.45,29.0
2026-08-22,wk inc covid hosp,3,2026-09-12,45,quantile,0.5,31.0
2026-08-22,wk inc covid hosp,3,2026-09-12,45,quantile,0.55,31.0
2026-08-22,wk inc covid hosp,3,2026-09-12,45,quantile,0.6,31.0
2026-08-22,wk inc covid hosp,3,2026-09-12,45,quantile,0.65,32.0
2026-08-22,wk inc covid hosp,3,2026-09-12,45,quantile,0.7,34.0
2026-08-22,wk inc covid hosp,3,2026-09-12,45,quantile,0.75,34.0
2026-08-22,wk inc covid hosp,3,2026-09-12,45,quantile,0.8,36.0
2026-08-22,wk inc covid hosp,3,2026-09-12,45,quantile,0.85,37.0
2026-08-22,wk inc covid hosp,3,2026-09-12,45,quantile,0.9,40.0
2026-08-22,wk inc covid hosp,3,2026-09-12,45,quantile,0.95,45.0
2026-08-22,wk inc covid hosp,3,2026-09-12,45,quantile,0.975,60.0
2026-08-22,wk inc covid hosp,3,2026-09-12,45,quantile,0.99,119.0
2026-08-22,wk inc covid hosp,3,2026-09-12,46,quantile,0.01,0.0
2026-08-22,wk inc covid hosp,3,2026-09-12,46,quantile,0.025,0.0
2026-08-22,wk inc covid hosp,3,2026-09-12,46,quantile,0.05,0.0
2026-08-22,wk inc covid hosp,3,2026-09-12,46,quantile,0.1,0.0
2026-08-22,wk inc covid hosp,3,2026-09-12,46,quantile,0.15,0.0
2026-08-22,wk inc covid hosp,3,2026-09-12,46,quantile,0.2,0.0
2026-08-22,wk inc covid hosp,3,2026-09-12,46,quantile,0.25,1.0
2026-08-22,wk inc covid hosp,3,2026-09-12,46,quantile,0.3,1.0
2026-08-22,wk inc covid hosp,3,2026-09-12,46,quantile,0.35,1.0
2026-08-22,wk inc covid hosp,3,2026-09-12,46,quantile,0.4,1.0
2026-08-22,wk inc covid hosp,3,2026-09-12,46,quantile,0.45,1.0
2026-08-22,wk inc covid hosp,3,2026-09-12,46,quantile,0.5,1.0
2026-08-22,wk inc covid hosp,3,2026-09-12,46,quantile,0.55,2.0
2026-08-22,wk inc covid hosp,3,2026-09-12,46,quantile,0.6,2.0
2026-08-22,wk inc covid hosp,3,2026-09-12,46,quantile,0.65,2.0
2026-08-22,wk inc covid hosp,3,2026-09-12,46,quantile,0.7,3.0
2026-08-22,wk inc covid hosp,3,2026-09-12,46,quantile,0.75,3.0
2026-08-22,wk inc covid hosp,3,2026-09-12,46,quantile,0.8,3.0
2026-08-22,wk inc covid hosp,3,2026-09-12,46,quantile,0.85,4.0
2026-08-22,wk inc covid hosp,3,2026-09-12,46,quantile,0.9,4.0
2026-08-22,wk inc covid hosp,3,2026-09-12,46,quantile,0.95,6.0
2026-08-22,wk inc covid hosp,3,2026-09-12,46,quantile,0.975,9.0
2026-08-22,wk inc covid hosp,3,2026-09-12,46,quantile,0.99,17.0
2026-08-22,wk inc covid hosp,3,2026-09-12,47,quantile,0.01,24.0
2026-08-22,wk inc covid hosp,3,2026-09-12,47,quantile,0.025,24.0
2026-08-22,wk inc covid hosp,3,2026-09-12,47,quantile,0.05,24.0
2026-08-22,wk inc covid hosp,3,2026-09-12,47,quantile,0.1,27.0
2026-08-22,wk inc covid hosp,3,2026-09-12,47,quantile,0.15,29.0
2026-08-22,wk inc covid hosp,3,2026-09-12,47,quantile,0.2,36.0
2026-08-22,wk inc covid hosp,3,2026-09-12,47,quantile,0.25,39.0
2026-08-22,wk inc covid hosp,3,2026-09-12,47,quantile,0.3,41.0
2026-08-22,wk inc covid hosp,3,2026-09-12,47,quantile,0.35,42.0
2026-08-22,wk inc covid hosp,3,2026-09-12,47,quantile,0.4,45.0
2026-08-22,wk inc covid hosp,3,2026-09-12,47,quantile,0.45,46.0
2026-08-22,wk inc covid hosp,3,2026-09-12,47,quantile,0.5,47.0
2026-08-22,wk inc covid hosp,3,2026-09-12,47,quantile,0.55,47.0
2026-08-22,wk inc covid hosp,3,2026-09-12,47,quantile,0.6,49.0
2026-08-22,wk inc covid hosp,3,2026-09-12,47,quantile,0.65,51.0
2026-08-22,wk inc covid hosp,3,2026-09-12,47,quantile,0.7,54.0
2026-08-22,wk inc covid hosp,3,2026-09-12,47,quantile,0.75,54.0
2026-08-22,wk inc covid hosp,3,2026-09-12,47,quantile,0.8,54.0
2026-08-22,wk inc covid hosp,3,2026-09-12,47,quantile,0.85,55.0
2026-08-22,wk inc covid hosp,3,2026-09-12,47,quantile,0.9,64.0
2026-08-22,wk inc covid hosp,3,2026-09-12,47,quantile,0.95,69.0
2026-08-22,wk inc covid hosp,3,2026-09-12,47,quantile,0.975,87.0
2026-08-22,wk inc covid hosp,3,2026-09-12,47,quantile,0.99,157.0
2026-08-22,wk inc covid hosp,3,2026-09-12,48,quantile,0.01,92.0
2026-08-22,wk inc covid hosp,3,2026-09-12,48,quantile,0.025,140.0
2026-08-22,wk inc covid hosp,3,2026-09-12,48,quantile,0.05,167.0
2026-08-22,wk inc covid hosp,3,2026-09-12,48,quantile,0.1,200.0
2026-08-22,wk inc covid hosp,3,2026-09-12,48,quantile,0.15,200.0
2026-08-22,wk inc covid hosp,3,2026-09-12,48,quantile,0.2,230.0
2026-08-22,wk inc covid hosp,3,2026-09-12,48,quantile,0.25,259.0
2026-08-22,wk inc covid hosp,3,2026-09-12,48,quantile,0.3,304.0
2026-08-22,wk inc covid hosp,3,2026-09-12,48,quantile,0.35,304.0
2026-08-22,wk inc covid hosp,3,2026-09-12,48,quantile,0.4,307.0
2026-08-22,wk inc covid hosp,3,2026-09-12,48,quantile,0.45,311.0
2026-08-22,wk inc covid hosp,3,2026-09-12,48,quantile,0.5,311.0
2026-08-22,wk inc covid hosp,3,2026-09-12,48,quantile,0.55,311.0
2026-08-22,wk inc covid hosp,3,2026-09-12,48,quantile,0.6,311.0
2026-08-22,wk inc covid hosp,3,2026-09-12,48,quantile,0.65,323.0
2026-08-22,wk inc covid hosp,3,2026-09-12,48,quantile,0.7,346.0
2026-08-22,wk inc covid hosp,3,2026-09-12,48,quantile,0.75,346.0
2026-08-22,wk inc covid hosp,3,2026-09-12,48,quantile,0.8,346.0
2026-08-22,wk inc covid hosp,3,2026-09-12,48,quantile,0.85,346.0
2026-08-22,wk inc covid hosp,3,2026-09-12,48,quantile,0.9,365.0
2026-08-22,wk inc covid hosp,3,2026-09-12,48,quantile,0.95,388.0
2026-08-22,wk inc covid hosp,3,2026-09-12,48,quantile,0.975,465.0
2026-08-22,wk inc covid hosp,3,2026-09-12,48,quantile,0.99,695.0
2026-08-22,wk inc covid hosp,3,2026-09-12,49,quantile,0.01,1.0
2026-08-22,wk inc covid hosp,3,2026-09-12,49,quantile,0.025,1.0
2026-08-22,wk inc covid hosp,3,2026-09-12,49,quantile,0.05,2.0
2026-08-22,wk inc covid hosp,3,2026-09-12,49,quantile,0.1,2.0
2026-08-22,wk inc covid hosp,3,2026-09-12,49,quantile,0.15,2.0
2026-08-22,wk inc covid hosp,3,2026-09-12,49,quantile,0.2,3.0
2026-08-22,wk inc covid hosp,3,2026-09-12,49,quantile,0.25,3.0
2026-08-22,wk inc covid hosp,3,2026-09-12,49,quantile,0.3,3.0
2026-08-22,wk inc covid hosp,3,2026-09-12,49,quantile,0.35,4.0
2026-08-22,wk inc covid hosp,3,2026-09-12,49,quantile,0.4,4.0
2026-08-22,wk inc covid hosp,3,2026-09-12,49,quantile,0.45,4.0
2026-08-22,wk inc covid hosp,3,2026-09-12,49,quantile,0.5,5.0
2026-08-22,wk inc covid hosp,3,2026-09-12,49,quantile,0.55,5.0
2026-08-22,wk inc covid hosp,3,2026-09-12,49,quantile,0.6,5.0
2026-08-22,wk inc covid hosp,3,2026-09-12,49,quantile,0.65,6.0
2026-08-22,wk inc covid hosp,3,2026-09-12,49,quantile,0.7,7.0
2026-08-22,wk inc covid hosp,3,2026-09-12,49,quantile,0.75,7.0
2026-08-22,wk inc covid hosp,3,2026-09-12,49,quantile,0.8,8.0
2026-08-22,wk inc covid hosp,3,2026-09-12,49,quantile,0.85,9.0
2026-08-22,wk inc covid hosp,3,2026-09-12,49,quantile,0.9,10.0
2026-08-22,wk inc covid hosp,3,2026-09-12,49,quantile,0.95,16.0
2026-08-22,wk inc covid hosp,3,2026-09-12,49,quantile,0.975,36.0
2026-08-22,wk inc covid hosp,3,2026-09-12,49,quantile,0.99,79.0
2026-08-22,wk inc covid hosp,3,2026-09-12,50,quantile,0.01,0.0
2026-08-22,wk inc covid hosp,3,2026-09-12,50,quantile,0.025,0.0
2026-08-22,wk inc covid hosp,3,2026-09-12,50,quantile,0.05,0.0
2026-08-22,wk inc covid hosp,3,2026-09-12,50,quantile,0.1,0.0
2026-08-22,wk inc covid hosp,3,2026-09-12,50,quantile,0.15,0.0
2026-08-22,wk inc covid hosp,3,2026-09-12,50,quantile,0.2,0.0
2026-08-22,wk inc covid hosp,3,2026-09-12,50,quantile,0.25,0.0
2026-08-22,wk inc covid hosp,3,2026-09-12,50,quantile,0.3,0.0
2026-08-22,wk inc covid hosp,3,2026-09-12,50,quantile,0.35,1.0
2026-08-22,wk inc covid hosp,3,2026-09-12,50,quantile,0.4,1.0
2026-08-22,wk inc covid hosp,3,2026-09-12,50,quantile,0.45,1.0
2026-08-22,wk inc covid hosp,3,2026-09-12,50,quantile,0.5,1.0
2026-08-22,wk inc covid hosp,3,2026-09-12,50,quantile,0.55,1.0
2026-08-22,wk inc covid hosp,3,2026-09-12,50,quantile,0.6,1.0
2026-08-22,wk inc covid hosp,3,2026-09-12,50,quantile,0.65,2.0
2026-08-22,wk inc covid hosp,3,2026-09-12,50,quantile,0.7,2.0
2026-08-22,wk inc covid hosp,3,2026-09-12,50,quantile,0.75,2.0
2026-08-22,wk inc covid hosp,3,2026-09-12,50,quantile,0.8,2.0
2026-08-22,wk inc covid hosp,3,2026-09-12,50,quantile,0.85,2.0
2026-08-22,wk inc covid hosp,3,2026-09-12,50,quantile,0.9,3.0
2026-08-22,wk inc covid hosp,3,2026-09-12,50,quantile,0.95,4.0
2026-08-22,wk inc covid hosp,3,2026-09-12,50,quantile,0.975,6.0
2026-08-22,wk inc covid hosp,3,2026-09-12,50,quantile,0.99,15.0
2026-08-22,wk inc covid hosp,3,2026-09-12,51,quantile,0.01,7.0
2026-08-22,wk inc covid hosp,3,2026-09-12,51,quantile,0.025,11.0
2026-08-22,wk inc covid hosp,3,2026-09-12,51,quantile,0.05,14.0
2026-08-22,wk inc covid hosp,3,2026-09-12,51,quantile,0.1,17.0
2026-08-22,wk inc covid hosp,3,2026-09-12,51,quantile,0.15,17.0
2026-08-22,wk inc covid hosp,3,2026-09-12,51,quantile,0.2,19.0
2026-08-22,wk inc covid hosp,3,2026-09-12,51,quantile,0.25,19.0
2026-08-22,wk inc covid hosp,3,2026-09-12,51,quantile,0.3,19.0
2026-08-22,wk inc covid hosp,3,2026-09-12,51,quantile,0.35,19.0
2026-08-22,wk inc covid hosp,3,2026-09-12,51,quantile,0.4,19.0
2026-08-22,wk inc covid hosp,3,2026-09-12,51,quantile,0.45,19.0
2026-08-22,wk inc covid hosp,3,2026-09-12,51,quantile,0.5,19.0
2026-08-22,wk inc covid hosp,3,2026-09-12,51,quantile,0.55,20.0
2026-08-22,wk inc covid hosp,3,2026-09-12,51,quantile,0.6,20.0
2026-08-22,wk inc covid hosp,3,2026-09-12,51,quantile,0.65,21.0
2026-08-22,wk inc covid hosp,3,2026-09-12,51,quantile,0.7,24.0
2026-08-22,wk inc covid hosp,3,2026-09-12,51,quantile,0.75,25.0
2026-08-22,wk inc covid hosp,3,2026-09-12,51,quantile,0.8,28.0
2026-08-22,wk inc covid hosp,3,2026-09-12,51,quantile,0.85,29.0
2026-08-22,wk inc covid hosp,3,2026-09-12,51,quantile,0.9,31.0
2026-08-22,wk inc covid hosp,3,2026-09-12,51,quantile,0.95,48.0
2026-08-22,wk inc covid hosp,3,2026-09-12,51,quantile,0.975,92.0
2026-08-22,wk inc covid hosp,3,2026-09-12,51,quantile,0.99,207.0
2026-08-22,wk inc covid hosp,3,2026-09-12,53,quantile,0.01,17.0
2026-08-22,wk inc covid hosp,3,2026-09-12,53,quantile,0.025,20.0
2026-08-22,wk inc covid hosp,3,2026-09-12,53,quantile,0.05,20.0
2026-08-22,wk inc covid hosp,3,2026-09-12,53,quantile,0.1,25.0
2026-08-22,wk inc covid hosp,3,2026-09-12,53,quantile,0.15,29.0
2026-08-22,wk inc covid hosp,3,2026-09-12,53,quantile,0.2,33.0
2026-08-22,wk inc covid hosp,3,2026-09-12,53,quantile,0.25,34.0
2026-08-22,wk inc covid hosp,3,2026-09-12,53,quantile,0.3,37.0
2026-08-22,wk inc covid hosp,3,2026-09-12,53,quantile,0.35,40.0
2026-08-22,wk inc covid hosp,3,2026-09-12,53,quantile,0.4,43.0
2026-08-22,wk inc covid hosp,3,2026-09-12,53,quantile,0.45,43.0
2026-08-22,wk inc covid hosp,3,2026-09-12,53,quantile,0.5,44.0
2026-08-22,wk inc covid hosp,3,2026-09-12,53,quantile,0.55,45.0
2026-08-22,wk inc covid hosp,3,2026-09-12,53,quantile,0.6,47.0
2026-08-22,wk inc covid hosp,3,2026-09-12,53,quantile,0.65,49.0
2026-08-22,wk inc covid hosp,3,2026-09-12,53,quantile,0.7,52.0
2026-08-22,wk inc covid hosp,3,2026-09-12,53,quantile,0.75,53.0
2026-08-22,wk inc covid hosp,3,2026-09-12,53,quantile,0.8,54.0
2026-08-22,wk inc covid hosp,3,2026-09-12,53,quantile,0.85,54.0
2026-08-22,wk inc covid hosp,3,2026-09-12,53,quantile,0.9,58.0
2026-08-22,wk inc covid hosp,3,2026-09-12,53,quantile,0.95,67.0
2026-08-22,wk inc covid hosp,3,2026-09-12,53,quantile,0.975,90.0
2026-08-22,wk inc covid hosp,3,2026-09-12,53,quantile,0.99,185.0
2026-08-22,wk inc covid hosp,3,2026-09-12,54,quantile,0.01,0.0
2026-08-22,wk inc covid hosp,3,2026-09-12,54,quantile,0.025,0.0
2026-08-22,wk inc covid hosp,3,2026-09-12,54,quantile,0.05,0.0
2026-08-22,wk inc covid hosp,3,2026-09-12,54,quantile,0.1,1.0
2026-08-22,wk inc covid hosp,3,2026-09-12,54,quantile,0.15,1.0
2026-08-22,wk inc covid hosp,3,2026-09-12,54,quantile,0.2,2.0
2026-08-22,wk inc covid hosp,3,2026-09-12,54,quantile,0.25,2.0
2026-08-22,wk inc covid hosp,3,2026-09-12,54,quantile,0.3,2.0
2026-08-22,wk inc covid hosp,3,2026-09-12,54,quantile,0.35,2.0
2026-08-22,wk inc covid hosp,3,2026-09-12,54,quantile,0.4,3.0
2026-08-22,wk inc covid hosp,3,2026-09-12,54,quantile,0.45,3.0
2026-08-22,wk inc covid hosp,3,2026-09-12,54,quantile,0.5,3.0
2026-08-22,wk inc covid hosp,3,2026-09-12,54,quantile,0.55,3.0
2026-08-22,wk inc covid hosp,3,2026-09-12,54,quantile,0.6,3.0
2026-08-22,wk inc covid hosp,3,2026-09-12,54,quantile,0.65,4.0
2026-08-22,wk inc covid hosp,3,2026-09-12,54,quantile,0.7,5.0
2026-08-22,wk inc covid hosp,3,2026-09-12,54,quantile,0.75,5.0
2026-08-22,wk inc covid hosp,3,2026-09-12,54,quantile,0.8,5.0
2026-08-22,wk inc covid hosp,3,2026-09-12,54,quantile,0.85,6.0
2026-08-22,wk inc covid hosp,3,2026-09-12,54,quantile,0.9,6.0
2026-08-22,wk inc covid hosp,3,2026-09-12,54,quantile,0.95,9.0
2026-08-22,wk inc covid hosp,3,2026-09-12,54,quantile,0.975,18.0
2026-08-22,wk inc covid hosp,3,2026-09-12,54,quantile,0.99,38.0
2026-08-22,wk inc covid hosp,3,2026-09-12,55,quantile,0.01,1.0
2026-08-22,wk inc covid hosp,3,2026-09-12,55,quantile,0.025,3.0
2026-08-22,wk inc covid hosp,3,2026-09-12,55,quantile,0.05,3.0
2026-08-22,wk inc covid hosp,3,2026-09-12,55,quantile,0.1,5.0
2026-08-22,wk inc covid hosp,3,2026-09-12,55,quantile,0.15,6.0
2026-08-22,wk inc covid hosp,3,2026-09-12,55,quantile,0.2,7.0
2026-08-22,wk inc covid hosp,3,2026-09-12,55,quantile,0.25,7.0
2026-08-22,wk inc covid hosp,3,2026-09-12,55,quantile,0.3,7.0
2026-08-22,wk inc covid hosp,3,2026-09-12,55,quantile,0.35,7.0
2026-08-22,wk inc covid hosp,3,2026-09-12,55,quantile,0.4,7.0
2026-08-22,wk inc covid hosp,3,2026-09-12,55,quantile,0.45,7.0
2026-08-22,wk inc covid hosp,3,2026-09-12,55,quantile,0.5,9.0
2026-08-22,wk inc covid hosp,3,2026-09-12,55,quantile,0.55,9.0
2026-08-22,wk inc covid hosp,3,2026-09-12,55,quantile,0.6,9.0
2026-08-22,wk inc covid hosp,3,2026-09-12,55,quantile,0.65,11.0
2026-08-22,wk inc covid hosp,3,2026-09-12,55,quantile,0.7,12.0
2026-08-22,wk inc covid hosp,3,2026-09-12,55,quantile,0.75,15.0
2026-08-22,wk inc covid hosp,3,2026-09-12,55,quantile,0.8,15.0
2026-08-22,wk inc covid hosp,3,2026-09-12,55,quantile,0.85,16.0
2026-08-22,wk inc covid hosp,3,2026-09-12,55,quantile,0.9,17.0
2026-08-22,wk inc covid hosp,3,2026-09-12,55,quantile,0.95,29.0
2026-08-22,wk inc covid hosp,3,2026-09-12,55,quantile,0.975,62.0
2026-08-22,wk inc covid hosp,3,2026-09-12,55,quantile,0.99,140.0
2026-08-22,wk inc covid hosp,3,2026-09-12,56,quantile,0.01,0.0
2026-08-22,wk inc covid hosp,3,2026-09-12,56,quantile,0.025,0.0
2026-08-22,wk inc covid hosp,3,2026-09-12,56,quantile,0.05,0.0
2026-08-22,wk inc covid hosp,3,2026-09-12,56,quantile,0.1,1.0
2026-08-22,wk inc covid hosp,3,2026-09-12,56,quantile,0.15,1.0
2026-08-22,wk inc covid hosp,3,2026-09-12,56,quantile,0.2,1.0
2026-08-22,wk inc covid hosp,3,2026-09-12,56,quantile,0.25,1.0
2026-08-22,wk inc covid hosp,3,2026-09-12,56,quantile,0.3,1.0
2026-08-22,wk inc covid hosp,3,2026-09-12,56,quantile,0.35,2.0
2026-08-22,wk inc covid hosp,3,2026-09-12,56,quantile,0.4,2.0
2026-08-22,wk inc covid hosp,3,2026-09-12,56,quantile,0.45,2.0
2026-08-22,wk inc covid hosp,3,2026-09-12,56,quantile,0.5,2.0
2026-08-22,wk inc covid hosp,3,2026-09-12,56,quantile,0.55,2.0
2026-08-22,wk inc covid hosp,3,2026-09-12,56,quantile,0.6,3.0
2026-08-22,wk inc covid hosp,3,2026-09-12,56,quantile,0.65,3.0
2026-08-22,wk inc covid hosp,3,2026-09-12,56,quantile,0.7,3.0
2026-08-22,wk inc covid hosp,3,2026-09-12,56,quantile,0.75,3.0
2026-08-22,wk inc covid hosp,3,2026-09-12,56,quantile,0.8,4.0
2026-08-22,wk inc covid hosp,3,2026-09-12,56,quantile,0.85,4.0
2026-08-22,wk inc covid hosp,3,2026-09-12,56,quantile,0.9,6.0
2026-08-22,wk inc covid hosp,3,2026-09-12,56,quantile,0.95,6.0
2026-08-22,wk inc covid hosp,3,2026-09-12,56,quantile,0.975,7.0
2026-08-22,wk inc covid hosp,3,2026-09-12,56,quantile,0.99,15.0
2026-08-22,wk inc covid hosp,3,2026-09-12,72,quantile,0.01,15.0
2026-08-22,wk inc covid hosp,3,2026-09-12,72,quantile,0.025,18.0
2026-08-22,wk inc covid hosp,3,2026-09-12,72,quantile,0.05,25.0
2026-08-22,wk inc covid hosp,3,2026-09-12,72,quantile,0.1,33.0
2026-08-22,wk inc covid hosp,3,2026-09-12,72,quantile,0.15,36.0
2026-08-22,wk inc covid hosp,3,2026-09-12,72,quantile,0.2,50.0
2026-08-22,wk inc covid hosp,3,2026-09-12,72,quantile,0.25,56.0
2026-08-22,wk inc covid hosp,3,2026-09-12,72,quantile,0.3,56.0
2026-08-22,wk inc covid hosp,3,2026-09-12,72,quantile,0.35,65.0
2026-08-22,wk inc covid hosp,3,2026-09-12,72,quantile,0.4,70.0
2026-08-22,wk inc covid hosp,3,2026-09-12,72,quantile,0.45,76.0
2026-08-22,wk inc covid hosp,3,2026-09-12,72,quantile,0.5,76.0
2026-08-22,wk inc covid hosp,3,2026-09-12,72,quantile,0.55,76.0
2026-08-22,wk inc covid hosp,3,2026-09-12,72,quantile,0.6,79.0
2026-08-22,wk inc covid hosp,3,2026-09-12,72,quantile,0.65,79.0
2026-08-22,wk inc covid hosp,3,2026-09-12,72,quantile,0.7,86.0
2026-08-22,wk inc covid hosp,3,2026-09-12,72,quantile,0.75,91.0
2026-08-22,wk inc covid hosp,3,2026-09-12,72,quantile,0.8,93.0
2026-08-22,wk inc covid hosp,3,2026-09-12,72,quantile,0.85,105.0
2026-08-22,wk inc covid hosp,3,2026-09-12,72,quantile,0.9,114.0
2026-08-22,wk inc covid hosp,3,2026-09-12,72,quantile,0.95,125.0
2026-08-22,wk inc covid hosp,3,2026-09-12,72,quantile,0.975,126.0
2026-08-22,wk inc covid hosp,3,2026-09-12,72,quantile,0.99,154.0
