reference_date,target,horizon,target_end_date,location,output_type,output_type_id,value
2026-08-29,wk inc covid hosp,0,2026-08-29,01,quantile,0.01,20.0
2026-08-29,wk inc covid hosp,0,2026-08-29,01,quantile,0.025,31.0
2026-08-29,wk inc covid hosp,0,2026-08-29,01,quantile,0.05,38.0
2026-08-29,wk inc covid hosp,0,2026-08-29,01,quantile,0.1,47.0
2026-08-29,wk inc covid hosp,0,2026-08-29,01,quantile,0.15,51.0
2026-08-29,wk inc covid hosp,0,2026-08-29,01,quantile,0.2,55.0
2026-08-29,wk inc covid hosp,0,2026-08-29,01,quantile,0.25,62.0
2026-08-29,wk inc covid hosp,0,2026-08-29,01,quantile,0.3,62.0
2026-08-29,wk inc covid hosp,0,2026-08-29,01,quantile,0.35,64.0
2026-08-29,wk inc covid hosp,0,2026-08-29,01,quantile,0.4,65.0
2026-08-29,wk inc covid hosp,0,2026-08-29,01,quantile,0.45,67.0
2026-08-29,wk inc covid hosp,0,2026-08-29,01,quantile,0.5,68.0
2026-08-29,wk inc covid hosp,0,2026-08-29,01,quantile,0.55,69.0
2026-08-29,wk inc covid hosp,0,2026-08-29,01,quantile,0.6,72.0
2026-08-29,wk inc covid hosp,0,2026-08-29,01,quantile,0.65,74.0
2026-08-29,wk inc covid hosp,0,2026-08-29,01,quantile,0.7,75.0
2026-08-29,wk inc covid hosp,0,2026-08-29,01,quantile,0.75,76.0
2026-08-29,wk inc covid hosp,0,2026-08-29,01,quantile,0.8,76.0
2026-08-29,wk inc covid hosp,0,2026-08-29,01,quantile,0.85,78.0
2026-08-29,wk inc covid hosp,0,2026-08-29,01,quantile,0.9,83.0
2026-08-29,wk inc covid hosp,0,2026-08-29,01,quantile,0.95,97.0
2026-08-29,wk inc covid hosp,0,2026-08-29,01,quantile,0.975,116.0
2026-08-29,wk inc covid hosp,0,2026-08-29,01,quantile,0.99,127.0
2026-08-29,wk inc covid hosp,0,2026-08-29,02,quantile,0.01,0.0
2026-08-29,wk inc covid hosp,0,2026-08-29,02,quantile,0.025,1.0
2026-08-29,wk inc covid hosp,0,2026-08-29,02,quantile,0.05,1.0
2026-08-29,wk inc covid hosp,0,2026-08-29,02,quantile,0.1,2.0
2026-08-29,wk inc covid hosp,0,2026-08-29,02,quantile,0.15,2.0
2026-08-29,wk inc covid hosp,0,2026-08-29,02,quantile,0.2,2.0
2026-08-29,wk inc covid hosp,0,2026-08-29,02,quantile,0.25,3.0
2026-08-29,wk inc covid hosp,0,2026-08-29,02,quantile,0.3,3.0
2026-08-29,wk inc covid hosp,0,2026-08-29,02,quantile,0.35,3.0
2026-08-29,wk inc covid hosp,0,2026-08-29,02,quantile,0.4,3.0
2026-08-29,wk inc covid hosp,0,2026-08-29,02,quantile,0.45,3.0
2026-08-29,wk inc covid hosp,0,2026-08-29,02,quantile,0.5,3.0
2026-08-29,wk inc covid hosp,0,2026-08-29,02,quantile,0.55,4.0
2026-08-29,wk inc covid hosp,0,2026-08-29,02,quantile,0.6,4.0
2026-08-29,wk inc covid hosp,0,2026-08-29,02,quantile,0.65,4.0
2026-08-29,wk inc covid hosp,0,2026-08-29,02,quantile,0.7,4.0
2026-08-29,wk inc covid hosp,0,2026-08-29,02,quantile,0.75,4.0
2026-08-29,wk inc covid hosp,0,2026-08-29,02,quantile,0.8,4.0
2026-08-29,wk inc covid hosp,0,2026-08-29,02,quantile,0.85,5.0
2026-08-29,wk inc covid hosp,0,2026-08-29,02,quantile,0.9,5.0
2026-08-29,wk inc covid hosp,0,2026-08-29,02,quantile,0.95,6.0
2026-08-29,wk inc covid hosp,0,2026-08-29,02,quantile,0.975,7.0
2026-08-29,wk inc covid hosp,0,2026-08-29,02,quantile,0.99,8.0
2026-08-29,wk inc covid hosp,0,2026-08-29,04,quantile,0.01,19.0
2026-08-29,wk inc covid hosp,0,2026-08-29,04,quantile,0.025,26.0
2026-08-29,wk inc covid hosp,0,2026-08-29,04,quantile,0.05,29.0
2026-08-29,wk inc covid hosp,0,2026-08-29,04,quantile,0.1,39.0
2026-08-29,wk inc covid hosp,0,2026-08-29,04,quantile,0.15,42.0
2026-08-29,wk inc covid hosp,0,2026-08-29,04,quantile,0.2,46.0
2026-08-29,wk inc covid hosp,0,2026-08-29,04,quantile,0.25,46.0
2026-08-29,wk inc covid hosp,0,2026-08-29,04,quantile,0.3,47.0
2026-08-29,wk inc covid hosp,0,2026-08-29,04,quantile,0.35,50.0
2026-08-29,wk inc covid hosp,0,2026-08-29,04,quantile,0.4,50.0
2026-08-29,wk inc covid hosp,0,2026-08-29,04,quantile,0.45,50.0
2026-08-29,wk inc covid hosp,0,2026-08-29,04,quantile,0.5,50.0
2026-08-29,wk inc covid hosp,0,2026-08-29,04,quantile,0.55,50.0
2026-08-29,wk inc covid hosp,0,2026-08-29,04,quantile,0.6,51.0
2026-08-29,wk inc covid hosp,0,2026-08-29,04,quantile,0.65,51.0
2026-08-29,wk inc covid hosp,0,2026-08-29,04,quantile,0.7,54.0
2026-08-29,wk inc covid hosp,0,2026-08-29,04,quantile,0.75,55.0
2026-08-29,wk inc covid hosp,0,2026-08-29,04,quantile,0.8,55.0
2026-08-29,wk inc covid hosp,0,2026-08-29,04,quantile,0.85,56.0
2026-08-29,wk inc covid hosp,0,2026-08-29,04,quantile,0.9,62.0
2026-08-29,wk inc covid hosp,0,2026-08-29,04,quantile,0.95,73.0
2026-08-29,wk inc covid hosp,0,2026-08-29,04,quantile,0.975,89.0
2026-08-29,wk inc covid hosp,0,2026-08-29,04,quantile,0.99,108.0
2026-08-29,wk inc covid hosp,0,2026-08-29,05,quantile,0.01,2.0
2026-08-29,wk inc covid hosp,0,2026-08-29,05,quantile,0.025,4.0
2026-08-29,wk inc covid hosp,0,2026-08-29,05,quantile,0.05,6.0
2026-08-29,wk inc covid hosp,0,2026-08-29,05,quantile,0.1,8.0
2026-08-29,wk inc covid hosp,0,2026-08-29,05,quantile,0.15,8.0
2026-08-29,wk inc covid hosp,0,2026-08-29,05,quantile,0.2,9.0
2026-08-29,wk inc covid hosp,0,2026-08-29,05,quantile,0.25,10.0
2026-08-29,wk inc covid hosp,0,2026-08-29,05,quantile,0.3,10.0
2026-08-29,wk inc covid hosp,0,2026-08-29,05,quantile,0.35,10.0
2026-08-29,wk inc covid hosp,0,2026-08-29,05,quantile,0.4,11.0
2026-08-29,wk inc covid hosp,0,2026-08-29,05,quantile,0.45,11.0
2026-08-29,wk inc covid hosp,0,2026-08-29,05,quantile,0.5,12.0
2026-08-29,wk inc covid hosp,0,2026-08-29,05,quantile,0.55,13.0
2026-08-29,wk inc covid hosp,0,2026-08-29,05,quantile,0.6,14.0
2026-08-29,wk inc covid hosp,0,2026-08-29,05,quantile,0.65,15.0
2026-08-29,wk inc covid hosp,0,2026-08-29,05,quantile,0.7,16.0
2026-08-29,wk inc covid hosp,0,2026-08-29,05,quantile,0.75,17.0
2026-08-29,wk inc covid hosp,0,2026-08-29,05,quantile,0.8,18.0
2026-08-29,wk inc covid hosp,0,2026-08-29,05,quantile,0.85,18.0
2026-08-29,wk inc covid hosp,0,2026-08-29,05,quantile,0.9,19.0
2026-08-29,wk inc covid hosp,0,2026-08-29,05,quantile,0.95,21.0
2026-08-29,wk inc covid hosp,0,2026-08-29,05,quantile,0.975,24.0
2026-08-29,wk inc covid hosp,0,2026-08-29,05,quantile,0.99,33.0
2026-08-29,wk inc covid hosp,0,2026-08-29,06,quantile,0.01,188.0
2026-08-29,wk inc covid hosp,0,2026-08-29,06,quantile,0.025,259.0
2026-08-29,wk inc covid hosp,0,2026-08-29,06,quantile,0.05,289.0
2026-08-29,wk inc covid hosp,0,2026-08-29,06,quantile,0.1,370.0
2026-08-29,wk inc covid hosp,0,2026-08-29,06,quantile,0.15,400.0
2026-08-29,wk inc covid hosp,0,2026-08-29,06,quantile,0.2,411.0
2026-08-29,wk inc covid hosp,0,2026-08-29,06,quantile,0.25,434.0
2026-08-29,wk inc covid hosp,0,2026-08-29,06,quantile,0.3,446.0
2026-08-29,wk inc covid hosp,0,2026-08-29,06,quantile,0.35,452.0
2026-08-29,wk inc covid hosp,0,2026-08-29,06,quantile,0.4,469.0
2026-08-29,wk inc covid hosp,0,2026-08-29,06,quantile,0.45,473.0
2026-08-29,wk inc covid hosp,0,2026-08-29,06,quantile,0.5,481.0
2026-08-29,wk inc covid hosp,0,2026-08-29,06,quantile,0.55,488.0
2026-08-29,wk inc covid hosp,0,2026-08-29,06,quantile,0.6,488.0
2026-08-29,wk inc covid hosp,0,2026-08-29,06,quantile,0.65,491.0
2026-08-29,wk inc covid hosp,0,2026-08-29,06,quantile,0.7,494.0
2026-08-29,wk inc covid hosp,0,2026-08-29,06,quantile,0.75,505.0
2026-08-29,wk inc covid hosp,0,2026-08-29,06,quantile,0.8,540.0
2026-08-29,wk inc covid hosp,0,2026-08-29,06,quantile,0.85,590.0
2026-08-29,wk inc covid hosp,0,2026-08-29,06,quantile,0.9,658.0
2026-08-29,wk inc covid hosp,0,2026-08-29,06,quantile,0.95,823.0
2026-08-29,wk inc covid hosp,0,2026-08-29,06,quantile,0.975,954.0
2026-08-29,wk inc covid hosp,0,2026-08-29,06,quantile,0.99,1021.0
2026-08-29,wk inc covid hosp,0,2026-08-29,08,quantile,0.01,7.0
2026-08-29,wk inc covid hosp,0,2026-08-29,08,quantile,0.025,10.0
2026-08-29,wk inc covid hosp,0,2026-08-29,08,quantile,0.05,13.0
2026-08-29,wk inc covid hosp,0,2026-08-29,08,quantile,0.1,17.0
2026-08-29,wk inc covid hosp,0,2026-08-29,08,quantile,0.15,18.0
2026-08-29,wk inc covid hosp,0,2026-08-29,08,quantile,0.2,18.0
2026-08-29,wk inc covid hosp,0,2026-08-29,08,quantile,0.25,19.0
2026-08-29,wk inc covid hosp,0,2026-08-29,08,quantile,0.3,19.0
2026-08-29,wk inc covid hosp,0,2026-08-29,08,quantile,0.35,19.0
2026-08-29,wk inc covid hosp,0,2026-08-29,08,quantile,0.4,19.0
2026-08-29,wk inc covid hosp,0,2026-08-29,08,quantile,0.45,21.0
2026-08-29,wk inc covid hosp,0,2026-08-29,08,quantile,0.5,21.0
2026-08-29,wk inc covid hosp,0,2026-08-29,08,quantile,0.55,23.0
2026-08-29,wk inc covid hosp,0,2026-08-29,08,quantile,0.6,23.0
2026-08-29,wk inc covid hosp,0,2026-08-29,08,quantile,0.65,24.0
2026-08-29,wk inc covid hosp,0,2026-08-29,08,quantile,0.7,25.0
2026-08-29,wk inc covid hosp,0,2026-08-29,08,quantile,0.75,28.0
2026-08-29,wk inc covid hosp,0,2026-08-29,08,quantile,0.8,31.0
2026-08-29,wk inc covid hosp,0,2026-08-29,08,quantile,0.85,31.0
2026-08-29,wk inc covid hosp,0,2026-08-29,08,quantile,0.9,33.0
2026-08-29,wk inc covid hosp,0,2026-08-29,08,quantile,0.95,38.0
2026-08-29,wk inc covid hosp,0,2026-08-29,08,quantile,0.975,50.0
2026-08-29,wk inc covid hosp,0,2026-08-29,08,quantile,0.99,68.0
2026-08-29,wk inc covid hosp,0,2026-08-29,09,quantile,0.01,2.0
2026-08-29,wk inc covid hosp,0,2026-08-29,09,quantile,0.025,4.0
2026-08-29,wk inc covid hosp,0,2026-08-29,09,quantile,0.05,6.0
2026-08-29,wk inc covid hosp,0,2026-08-29,09,quantile,0.1,8.0
2026-08-29,wk inc covid hosp,0,2026-08-29,09,quantile,0.15,8.0
2026-08-29,wk inc covid hosp,0,2026-08-29,09,quantile,0.2,9.0
2026-08-29,wk inc covid hosp,0,2026-08-29,09,quantile,0.25,10.0
2026-08-29,wk inc covid hosp,0,2026-08-29,09,quantile,0.3,10.0
2026-08-29,wk inc covid hosp,0,2026-08-29,09,quantile,0.35,10.0
2026-08-29,wk inc covid hosp,0,2026-08-29,09,quantile,0.4,11.0
2026-08-29,wk inc covid hosp,0,2026-08-29,09,quantile,0.45,11.0
2026-08-29,wk inc covid hosp,0,2026-08-29,09,quantile,0.5,11.0
2026-08-29,wk inc covid hosp,0,2026-08-29,09,quantile,0.55,11.0
2026-08-29,wk inc covid hosp,0,2026-08-29,09,quantile,0.6,11.0
2026-08-29,wk inc covid hosp,0,2026-08-29,09,quantile,0.65,12.0
2026-08-29,wk inc covid hosp,0,2026-08-29,09,quantile,0.7,13.0
2026-08-29,wk inc covid hosp,0,2026-08-29,09,quantile,0.75,15.0
2026-08-29,wk inc covid hosp,0,2026-08-29,09,quantile,0.8,16.0
2026-08-29,wk inc covid hosp,0,2026-08-29,09,quantile,0.85,16.0
2026-08-29,wk inc covid hosp,0,2026-08-29,09,quantile,0.9,17.0
2026-08-29,wk inc covid hosp,0,2026-08-29,09,quantile,0.95,20.0
2026-08-29,wk inc covid hosp,0,2026-08-29,09,quantile,0.975,26.0
2026-08-29,wk inc covid hosp,0,2026-08-29,09,quantile,0.99,39.0
2026-08-29,wk inc covid hosp,0,2026-08-29,10,quantile,0.01,0.0
2026-08-29,wk inc covid hosp,0,2026-08-29,10,quantile,0.025,0.0
2026-08-29,wk inc covid hosp,0,2026-08-29,10,quantile,0.05,1.0
2026-08-29,wk inc covid hosp,0,2026-08-29,10,quantile,0.1,1.0
2026-08-29,wk inc covid hosp,0,2026-08-29,10,quantile,0.15,1.0
2026-08-29,wk inc covid hosp,0,2026-08-29,10,quantile,0.2,1.0
2026-08-29,wk inc covid hosp,0,2026-08-29,10,quantile,0.25,2.0
2026-08-29,wk inc covid hosp,0,2026-08-29,10,quantile,0.3,2.0
2026-08-29,wk inc covid hosp,0,2026-08-29,10,quantile,0.35,3.0
2026-08-29,wk inc covid hosp,0,2026-08-29,10,quantile,0.4,3.0
2026-08-29,wk inc covid hosp,0,2026-08-29,10,quantile,0.45,3.0
2026-08-29,wk inc covid hosp,0,2026-08-29,10,quantile,0.5,3.0
2026-08-29,wk inc covid hosp,0,2026-08-29,10,quantile,0.55,3.0
2026-08-29,wk inc covid hosp,0,2026-08-29,10,quantile,0.6,4.0
2026-08-29,wk inc covid hosp,0,2026-08-29,10,quantile,0.65,4.0
2026-08-29,wk inc covid hosp,0,2026-08-29,10,quantile,0.7,4.0
2026-08-29,wk inc covid hosp,0,2026-08-29,10,quantile,0.75,4.0
2026-08-29,wk inc covid hosp,0,2026-08-29,10,quantile,0.8,5.0
2026-08-29,wk inc covid hosp,0,2026-08-29,10,quantile,0.85,5.0
2026-08-29,wk inc covid hosp,0,2026-08-29,10,quantile,0.9,6.0
2026-08-29,wk inc covid hosp,0,2026-08-29,10,quantile,0.95,9.0
2026-08-29,wk inc covid hosp,0,2026-08-29,10,quantile,0.975,12.0
2026-08-29,wk inc covid hosp,0,2026-08-29,10,quantile,0.99,15.0
2026-08-29,wk inc covid hosp,0,2026-08-29,11,quantile,0.01,0.0
2026-08-29,wk inc covid hosp,0,2026-08-29,11,quantile,0.025,0.0
2026-08-29,wk inc covid hosp,0,2026-08-29,11,quantile,0.05,1.0
2026-08-29,wk inc covid hosp,0,2026-08-29,11,quantile,0.1,1.0
2026-08-29,wk inc covid hosp,0,2026-08-29,11,quantile,0.15,1.0
2026-08-29,wk inc covid hosp,0,2026-08-29,11,quantile,0.2,2.0
2026-08-29,wk inc covid hosp,0,2026-08-29,11,quantile,0.25,3.0
2026-08-29,wk inc covid hosp,0,2026-08-29,11,quantile,0.3,3.0
2026-08-29,wk inc covid hosp,0,2026-08-29,11,quantile,0.35,4.0
2026-08-29,wk inc covid hosp,0,2026-08-29,11,quantile,0.4,4.0
2026-08-29,wk inc covid hosp,0,2026-08-29,11,quantile,0.45,4.0
2026-08-29,wk inc covid hosp,0,2026-08-29,11,quantile,0.5,5.0
2026-08-29,wk inc covid hosp,0,2026-08-29,11,quantile,0.55,5.0
2026-08-29,wk inc covid hosp,0,2026-08-29,11,quantile,0.6,5.0
2026-08-29,wk inc covid hosp,0,2026-08-29,11,quantile,0.65,6.0
2026-08-29,wk inc covid hosp,0,2026-08-29,11,quantile,0.7,7.0
2026-08-29,wk inc covid hosp,0,2026-08-29,11,quantile,0.75,7.0
2026-08-29,wk inc covid hosp,0,2026-08-29,11,quantile,0.8,8.0
2026-08-29,wk inc covid hosp,0,2026-08-29,11,quantile,0.85,8.0
2026-08-29,wk inc covid hosp,0,2026-08-29,11,quantile,0.9,9.0
2026-08-29,wk inc covid hosp,0,2026-08-29,11,quantile,0.95,14.0
2026-08-29,wk inc covid hosp,0,2026-08-29,11,quantile,0.975,15.0
2026-08-29,wk inc covid hosp,0,2026-08-29,11,quantile,0.99,16.0
2026-08-29,wk inc covid hosp,0,2026-08-29,12,quantile,0.01,122.0
2026-08-29,wk inc covid hosp,0,2026-08-29,12,quantile,0.025,170.0
2026-08-29,wk inc covid hosp,0,2026-08-29,12,quantile,0.05,193.0
2026-08-29,wk inc covid hosp,0,2026-08-29,12,quantile,0.1,222.0
2026-08-29,wk inc covid hosp,0,2026-08-29,12,quantile,0.15,246.0
2026-08-29,wk inc covid hosp,0,2026-08-29,12,quantile,0.2,258.0
2026-08-29,wk inc covid hosp,0,2026-08-29,12,quantile,0.25,276.0
2026-08-29,wk inc covid hosp,0,2026-08-29,12,quantile,0.3,282.0
2026-08-29,wk inc covid hosp,0,2026-08-29,12,quantile,0.35,289.0
2026-08-29,wk inc covid hosp,0,2026-08-29,12,quantile,0.4,293.0
2026-08-29,wk inc covid hosp,0,2026-08-29,12,quantile,0.45,305.0
2026-08-29,wk inc covid hosp,0,2026-08-29,12,quantile,0.5,306.0
2026-08-29,wk inc covid hosp,0,2026-08-29,12,quantile,0.55,308.0
2026-08-29,wk inc covid hosp,0,2026-08-29,12,quantile,0.6,318.0
2026-08-29,wk inc covid hosp,0,2026-08-29,12,quantile,0.65,322.0
2026-08-29,wk inc covid hosp,0,2026-08-29,12,quantile,0.7,356.0
2026-08-29,wk inc covid hosp,0,2026-08-29,12,quantile,0.75,375.0
2026-08-29,wk inc covid hosp,0,2026-08-29,12,quantile,0.8,401.0
2026-08-29,wk inc covid hosp,0,2026-08-29,12,quantile,0.85,415.0
2026-08-29,wk inc covid hosp,0,2026-08-29,12,quantile,0.9,470.0
2026-08-29,wk inc covid hosp,0,2026-08-29,12,quantile,0.95,596.0
2026-08-29,wk inc covid hosp,0,2026-08-29,12,quantile,0.975,672.0
2026-08-29,wk inc covid hosp,0,2026-08-29,12,quantile,0.99,739.0
2026-08-29,wk inc covid hosp,0,2026-08-29,13,quantile,0.01,39.0
2026-08-29,wk inc covid hosp,0,2026-08-29,13,quantile,0.025,55.0
2026-08-29,wk inc covid hosp,0,2026-08-29,13,quantile,0.05,62.0
2026-08-29,wk inc covid hosp,0,2026-08-29,13,quantile,0.1,74.0
2026-08-29,wk inc covid hosp,0,2026-08-29,13,quantile,0.15,83.0
2026-08-29,wk inc covid hosp,0,2026-08-29,13,quantile,0.2,85.0
2026-08-29,wk inc covid hosp,0,2026-08-29,13,quantile,0.25,86.0
2026-08-29,wk inc covid hosp,0,2026-08-29,13,quantile,0.3,88.0
2026-08-29,wk inc covid hosp,0,2026-08-29,13,quantile,0.35,89.0
2026-08-29,wk inc covid hosp,0,2026-08-29,13,quantile,0.4,89.0
2026-08-29,wk inc covid hosp,0,2026-08-29,13,quantile,0.45,92.0
2026-08-29,wk inc covid hosp,0,2026-08-29,13,quantile,0.5,93.0
2026-08-29,wk inc covid hosp,0,2026-08-29,13,quantile,0.55,93.0
2026-08-29,wk inc covid hosp,0,2026-08-29,13,quantile,0.6,96.0
2026-08-29,wk inc covid hosp,0,2026-08-29,13,quantile,0.65,96.0
2026-08-29,wk inc covid hosp,0,2026-08-29,13,quantile,0.7,99.0
2026-08-29,wk inc covid hosp,0,2026-08-29,13,quantile,0.75,101.0
2026-08-29,wk inc covid hosp,0,2026-08-29,13,quantile,0.8,104.0
2026-08-29,wk inc covid hosp,0,2026-08-29,13,quantile,0.85,104.0
2026-08-29,wk inc covid hosp,0,2026-08-29,13,quantile,0.9,117.0
2026-08-29,wk inc covid hosp,0,2026-08-29,13,quantile,0.95,147.0
2026-08-29,wk inc covid hosp,0,2026-08-29,13,quantile,0.975,173.0
2026-08-29,wk inc covid hosp,0,2026-08-29,13,quantile,0.99,188.0
2026-08-29,wk inc covid hosp,0,2026-08-29,15,quantile,0.01,6.0
2026-08-29,wk inc covid hosp,0,2026-08-29,15,quantile,0.025,8.0
2026-08-29,wk inc covid hosp,0,2026-08-29,15,quantile,0.05,8.0
2026-08-29,wk inc covid hosp,0,2026-08-29,15,quantile,0.1,10.0
2026-08-29,wk inc covid hosp,0,2026-08-29,15,quantile,0.15,12.0
2026-08-29,wk inc covid hosp,0,2026-08-29,15,quantile,0.2,13.0
2026-08-29,wk inc covid hosp,0,2026-08-29,15,quantile,0.25,15.0
2026-08-29,wk inc covid hosp,0,2026-08-29,15,quantile,0.3,17.0
2026-08-29,wk inc covid hosp,0,2026-08-29,15,quantile,0.35,17.0
2026-08-29,wk inc covid hosp,0,2026-08-29,15,quantile,0.4,18.0
2026-08-29,wk inc covid hosp,0,2026-08-29,15,quantile,0.45,18.0
2026-08-29,wk inc covid hosp,0,2026-08-29,15,quantile,0.5,18.0
2026-08-29,wk inc covid hosp,0,2026-08-29,15,quantile,0.55,19.0
2026-08-29,wk inc covid hosp,0,2026-08-29,15,quantile,0.6,20.0
2026-08-29,wk inc covid hosp,0,2026-08-29,15,quantile,0.65,20.0
2026-08-29,wk inc covid hosp,0,2026-08-29,15,quantile,0.7,25.0
2026-08-29,wk inc covid hosp,0,2026-08-29,15,quantile,0.75,27.0
2026-08-29,wk inc covid hosp,0,2026-08-29,15,quantile,0.8,29.0
2026-08-29,wk inc covid hosp,0,2026-08-29,15,quantile,0.85,31.0
2026-08-29,wk inc covid hosp,0,2026-08-29,15,quantile,0.9,33.0
2026-08-29,wk inc covid hosp,0,2026-08-29,15,quantile,0.95,42.0
2026-08-29,wk inc covid hosp,0,2026-08-29,15,quantile,0.975,45.0
2026-08-29,wk inc covid hosp,0,2026-08-29,15,quantile,0.99,51.0
2026-08-29,wk inc covid hosp,0,2026-08-29,16,quantile,0.01,0.0
2026-08-29,wk inc covid hosp,0,2026-08-29,16,quantile,0.025,1.0
2026-08-29,wk inc covid hosp,0,2026-08-29,16,quantile,0.05,2.0
2026-08-29,wk inc covid hosp,0,2026-08-29,16,quantile,0.1,2.0
2026-08-29,wk inc covid hosp,0,2026-08-29,16,quantile,0.15,3.0
2026-08-29,wk inc covid hosp,0,2026-08-29,16,quantile,0.2,3.0
2026-08-29,wk inc covid hosp,0,2026-08-29,16,quantile,0.25,3.0
2026-08-29,wk inc covid hosp,0,2026-08-29,16,quantile,0.3,3.0
2026-08-29,wk inc covid hosp,0,2026-08-29,16,quantile,0.35,3.0
2026-08-29,wk inc covid hosp,0,2026-08-29,16,quantile,0.4,3.0
2026-08-29,wk inc covid hosp,0,2026-08-29,16,quantile,0.45,4.0
2026-08-29,wk inc covid hosp,0,2026-08-29,16,quantile,0.5,4.0
2026-08-29,wk inc covid hosp,0,2026-08-29,16,quantile,0.55,4.0
2026-08-29,wk inc covid hosp,0,2026-08-29,16,quantile,0.6,5.0
2026-08-29,wk inc covid hosp,0,2026-08-29,16,quantile,0.65,5.0
2026-08-29,wk inc covid hosp,0,2026-08-29,16,quantile,0.7,6.0
2026-08-29,wk inc covid hosp,0,2026-08-29,16,quantile,0.75,6.0
2026-08-29,wk inc covid hosp,0,2026-08-29,16,quantile,0.8,7.0
2026-08-29,wk inc covid hosp,0,2026-08-29,16,quantile,0.85,7.0
2026-08-29,wk inc covid hosp,0,2026-08-29,16,quantile,0.9,8.0
2026-08-29,wk inc covid hosp,0,2026-08-29,16,quantile,0.95,10.0
2026-08-29,wk inc covid hosp,0,2026-08-29,16,quantile,0.975,13.0
2026-08-29,wk inc covid hosp,0,2026-08-29,16,quantile,0.99,19.0
2026-08-29,wk inc covid hosp,0,2026-08-29,17,quantile,0.01,17.0
2026-08-29,wk inc covid hosp,0,2026-08-29,17,quantile,0.025,24.0
2026-08-29,wk inc covid hosp,0,2026-08-29,17,quantile,0.05,26.0
2026-08-29,wk inc covid hosp,0,2026-08-29,17,quantile,0.1,32.0
2026-08-29,wk inc covid hosp,0,2026-08-29,17,quantile,0.15,33.0
2026-08-29,wk inc covid hosp,0,2026-08-29,17,quantile,0.2,33.0
2026-08-29,wk inc covid hosp,0,2026-08-29,17,quantile,0.25,34.0
2026-08-29,wk inc covid hosp,0,2026-08-29,17,quantile,0.3,36.0
2026-08-29,wk inc covid hosp,0,2026-08-29,17,quantile,0.35,37.0
2026-08-29,wk inc covid hosp,0,2026-08-29,17,quantile,0.4,37.0
2026-08-29,wk inc covid hosp,0,2026-08-29,17,quantile,0.45,38.0
2026-08-29,wk inc covid hosp,0,2026-08-29,17,quantile,0.5,39.0
2026-08-29,wk inc covid hosp,0,2026-08-29,17,quantile,0.55,40.0
2026-08-29,wk inc covid hosp,0,2026-08-29,17,quantile,0.6,41.0
2026-08-29,wk inc covid hosp,0,2026-08-29,17,quantile,0.65,41.0
2026-08-29,wk inc covid hosp,0,2026-08-29,17,quantile,0.7,42.0
2026-08-29,wk inc covid hosp,0,2026-08-29,17,quantile,0.75,44.0
2026-08-29,wk inc covid hosp,0,2026-08-29,17,quantile,0.8,50.0
2026-08-29,wk inc covid hosp,0,2026-08-29,17,quantile,0.85,54.0
2026-08-29,wk inc covid hosp,0,2026-08-29,17,quantile,0.9,61.0
2026-08-29,wk inc covid hosp,0,2026-08-29,17,quantile,0.95,86.0
2026-08-29,wk inc covid hosp,0,2026-08-29,17,quantile,0.975,102.0
2026-08-29,wk inc covid hosp,0,2026-08-29,17,quantile,0.99,137.0
2026-08-29,wk inc covid hosp,0,2026-08-29,18,quantile,0.01,4.0
2026-08-29,wk inc covid hosp,0,2026-08-29,18,quantile,0.025,5.0
2026-08-29,wk inc covid hosp,0,2026-08-29,18,quantile,0.05,9.0
2026-08-29,wk inc covid hosp,0,2026-08-29,18,quantile,0.1,10.0
2026-08-29,wk inc covid hosp,0,2026-08-29,18,quantile,0.15,12.0
2026-08-29,wk inc covid hosp,0,2026-08-29,18,quantile,0.2,12.0
2026-08-29,wk inc covid hosp,0,2026-08-29,18,quantile,0.25,14.0
2026-08-29,wk inc covid hosp,0,2026-08-29,18,quantile,0.3,16.0
2026-08-29,wk inc covid hosp,0,2026-08-29,18,quantile,0.35,17.0
2026-08-29,wk inc covid hosp,0,2026-08-29,18,quantile,0.4,18.0
2026-08-29,wk inc covid hosp,0,2026-08-29,18,quantile,0.45,19.0
2026-08-29,wk inc covid hosp,0,2026-08-29,18,quantile,0.5,19.0
2026-08-29,wk inc covid hosp,0,2026-08-29,18,quantile,0.55,19.0
2026-08-29,wk inc covid hosp,0,2026-08-29,18,quantile,0.6,19.0
2026-08-29,wk inc covid hosp,0,2026-08-29,18,quantile,0.65,19.0
2026-08-29,wk inc covid hosp,0,2026-08-29,18,quantile,0.7,20.0
2026-08-29,wk inc covid hosp,0,2026-08-29,18,quantile,0.75,21.0
2026-08-29,wk inc covid hosp,0,2026-08-29,18,quantile,0.8,23.0
2026-08-29,wk inc covid hosp,0,2026-08-29,18,quantile,0.85,24.0
2026-08-29,wk inc covid hosp,0,2026-08-29,18,quantile,0.9,28.0
2026-08-29,wk inc covid hosp,0,2026-08-29,18,quantile,0.95,33.0
2026-08-29,wk inc covid hosp,0,2026-08-29,18,quantile,0.975,47.0
2026-08-29,wk inc covid hosp,0,2026-08-29,18,quantile,0.99,72.0
2026-08-29,wk inc covid hosp,0,2026-08-29,19,quantile,0.01,1.0
2026-08-29,wk inc covid hosp,0,2026-08-29,19,quantile,0.025,2.0
2026-08-29,wk inc covid hosp,0,2026-08-29,19,quantile,0.05,3.0
2026-08-29,wk inc covid hosp,0,2026-08-29,19,quantile,0.1,3.0
2026-08-29,wk inc covid hosp,0,2026-08-29,19,quantile,0.15,4.0
2026-08-29,wk inc covid hosp,0,2026-08-29,19,quantile,0.2,4.0
2026-08-29,wk inc covid hosp,0,2026-08-29,19,quantile,0.25,4.0
2026-08-29,wk inc covid hosp,0,2026-08-29,19,quantile,0.3,5.0
2026-08-29,wk inc covid hosp,0,2026-08-29,19,quantile,0.35,5.0
2026-08-29,wk inc covid hosp,0,2026-08-29,19,quantile,0.4,6.0
2026-08-29,wk inc covid hosp,0,2026-08-29,19,quantile,0.45,6.0
2026-08-29,wk inc covid hosp,0,2026-08-29,19,quantile,0.5,7.0
2026-08-29,wk inc covid hosp,0,2026-08-29,19,quantile,0.55,7.0
2026-08-29,wk inc covid hosp,0,2026-08-29,19,quantile,0.6,7.0
2026-08-29,wk inc covid hosp,0,2026-08-29,19,quantile,0.65,8.0
2026-08-29,wk inc covid hosp,0,2026-08-29,19,quantile,0.7,9.0
2026-08-29,wk inc covid hosp,0,2026-08-29,19,quantile,0.75,9.0
2026-08-29,wk inc covid hosp,0,2026-08-29,19,quantile,0.8,10.0
2026-08-29,wk inc covid hosp,0,2026-08-29,19,quantile,0.85,11.0
2026-08-29,wk inc covid hosp,0,2026-08-29,19,quantile,0.9,11.0
2026-08-29,wk inc covid hosp,0,2026-08-29,19,quantile,0.95,14.0
2026-08-29,wk inc covid hosp,0,2026-08-29,19,quantile,0.975,21.0
2026-08-29,wk inc covid hosp,0,2026-08-29,19,quantile,0.99,33.0
2026-08-29,wk inc covid hosp,0,2026-08-29,20,quantile,0.01,2.0
2026-08-29,wk inc covid hosp,0,2026-08-29,20,quantile,0.025,3.0
2026-08-29,wk inc covid hosp,0,2026-08-29,20,quantile,0.05,4.0
2026-08-29,wk inc covid hosp,0,2026-08-29,20,quantile,0.1,6.0
2026-08-29,wk inc covid hosp,0,2026-08-29,20,quantile,0.15,6.0
2026-08-29,wk inc covid hosp,0,2026-08-29,20,quantile,0.2,7.0
2026-08-29,wk inc covid hosp,0,2026-08-29,20,quantile,0.25,7.0
2026-08-29,wk inc covid hosp,0,2026-08-29,20,quantile,0.3,7.0
2026-08-29,wk inc covid hosp,0,2026-08-29,20,quantile,0.35,7.0
2026-08-29,wk inc covid hosp,0,2026-08-29,20,quantile,0.4,8.0
2026-08-29,wk inc covid hosp,0,2026-08-29,20,quantile,0.45,8.0
2026-08-29,wk inc covid hosp,0,2026-08-29,20,quantile,0.5,9.0
2026-08-29,wk inc covid hosp,0,2026-08-29,20,quantile,0.55,9.0
2026-08-29,wk inc covid hosp,0,2026-08-29,20,quantile,0.6,9.0
2026-08-29,wk inc covid hosp,0,2026-08-29,20,quantile,0.65,10.0
2026-08-29,wk inc covid hosp,0,2026-08-29,20,quantile,0.7,10.0
2026-08-29,wk inc covid hosp,0,2026-08-29,20,quantile,0.75,10.0
2026-08-29,wk inc covid hosp,0,2026-08-29,20,quantile,0.8,11.0
2026-08-29,wk inc covid hosp,0,2026-08-29,20,quantile,0.85,12.0
2026-08-29,wk inc covid hosp,0,2026-08-29,20,quantile,0.9,13.0
2026-08-29,wk inc covid hosp,0,2026-08-29,20,quantile,0.95,15.0
2026-08-29,wk inc covid hosp,0,2026-08-29,20,quantile,0.975,20.0
2026-08-29,wk inc covid hosp,0,2026-08-29,20,quantile,0.99,29.0
2026-08-29,wk inc covid hosp,0,2026-08-29,21,quantile,0.01,5.0
2026-08-29,wk inc covid hosp,0,2026-08-29,21,quantile,0.025,7.0
2026-08-29,wk inc covid hosp,0,2026-08-29,21,quantile,0.05,9.0
2026-08-29,wk inc covid hosp,0,2026-08-29,21,quantile,0.1,11.0
2026-08-29,wk inc covid hosp,0,2026-08-29,21,quantile,0.15,12.0
2026-08-29,wk inc covid hosp,0,2026-08-29,21,quantile,0.2,13.0
2026-08-29,wk inc covid hosp,0,2026-08-29,21,quantile,0.25,13.0
2026-08-29,wk inc covid hosp,0,2026-08-29,21,quantile,0.3,15.0
2026-08-29,wk inc covid hosp,0,2026-08-29,21,quantile,0.35,15.0
2026-08-29,wk inc covid hosp,0,2026-08-29,21,quantile,0.4,16.0
2026-08-29,wk inc covid hosp,0,2026-08-29,21,quantile,0.45,16.0
2026-08-29,wk inc covid hosp,0,2026-08-29,21,quantile,0.5,16.0
2026-08-29,wk inc covid hosp,0,2026-08-29,21,quantile,0.55,16.0
2026-08-29,wk inc covid hosp,0,2026-08-29,21,quantile,0.6,17.0
2026-08-29,wk inc covid hosp,0,2026-08-29,21,quantile,0.65,17.0
2026-08-29,wk inc covid hosp,0,2026-08-29,21,quantile,0.7,18.0
2026-08-29,wk inc covid hosp,0,2026-08-29,21,quantile,0.75,19.0
2026-08-29,wk inc covid hosp,0,2026-08-29,21,quantile,0.8,20.0
2026-08-29,wk inc covid hosp,0,2026-08-29,21,quantile,0.85,21.0
2026-08-29,wk inc covid hosp,0,2026-08-29,21,quantile,0.9,24.0
2026-08-29,wk inc covid hosp,0,2026-08-29,21,quantile,0.95,29.0
2026-08-29,wk inc covid hosp,0,2026-08-29,21,quantile,0.975,35.0
2026-08-29,wk inc covid hosp,0,2026-08-29,21,quantile,0.99,49.0
2026-08-29,wk inc covid hosp,0,2026-08-29,22,quantile,0.01,19.0
2026-08-29,wk inc covid hosp,0,2026-08-29,22,quantile,0.025,27.0
2026-08-29,wk inc covid hosp,0,2026-08-29,22,quantile,0.05,33.0
2026-08-29,wk inc covid hosp,0,2026-08-29,22,quantile,0.1,42.0
2026-08-29,wk inc covid hosp,0,2026-08-29,22,quantile,0.15,43.0
2026-08-29,wk inc covid hosp,0,2026-08-29,22,quantile,0.2,46.0
2026-08-29,wk inc covid hosp,0,2026-08-29,22,quantile,0.25,55.0
2026-08-29,wk inc covid hosp,0,2026-08-29,22,quantile,0.3,59.0
2026-08-29,wk inc covid hosp,0,2026-08-29,22,quantile,0.35,59.0
2026-08-29,wk inc covid hosp,0,2026-08-29,22,quantile,0.4,60.0
2026-08-29,wk inc covid hosp,0,2026-08-29,22,quantile,0.45,60.0
2026-08-29,wk inc covid hosp,0,2026-08-29,22,quantile,0.5,61.0
2026-08-29,wk inc covid hosp,0,2026-08-29,22,quantile,0.55,63.0
2026-08-29,wk inc covid hosp,0,2026-08-29,22,quantile,0.6,64.0
2026-08-29,wk inc covid hosp,0,2026-08-29,22,quantile,0.65,66.0
2026-08-29,wk inc covid hosp,0,2026-08-29,22,quantile,0.7,67.0
2026-08-29,wk inc covid hosp,0,2026-08-29,22,quantile,0.75,68.0
2026-08-29,wk inc covid hosp,0,2026-08-29,22,quantile,0.8,71.0
2026-08-29,wk inc covid hosp,0,2026-08-29,22,quantile,0.85,71.0
2026-08-29,wk inc covid hosp,0,2026-08-29,22,quantile,0.9,79.0
2026-08-29,wk inc covid hosp,0,2026-08-29,22,quantile,0.95,96.0
2026-08-29,wk inc covid hosp,0,2026-08-29,22,quantile,0.975,117.0
2026-08-29,wk inc covid hosp,0,2026-08-29,22,quantile,0.99,130.0
2026-08-29,wk inc covid hosp,0,2026-08-29,23,quantile,0.01,0.0
2026-08-29,wk inc covid hosp,0,2026-08-29,23,quantile,0.025,0.0
2026-08-29,wk inc covid hosp,0,2026-08-29,23,quantile,0.05,0.0
2026-08-29,wk inc covid hosp,0,2026-08-29,23,quantile,0.1,1.0
2026-08-29,wk inc covid hosp,0,2026-08-29,23,quantile,0.15,1.0
2026-08-29,wk inc covid hosp,0,2026-08-29,23,quantile,0.2,1.0
2026-08-29,wk inc covid hosp,0,2026-08-29,23,quantile,0.25,1.0
2026-08-29,wk inc covid hosp,0,2026-08-29,23,quantile,0.3,1.0
2026-08-29,wk inc covid hosp,0,2026-08-29,23,quantile,0.35,1.0
2026-08-29,wk inc covid hosp,0,2026-08-29,23,quantile,0.4,2.0
2026-08-29,wk inc covid hosp,0,2026-08-29,23,quantile,0.45,2.0
2026-08-29,wk inc covid hosp,0,2026-08-29,23,quantile,0.5,2.0
2026-08-29,wk inc covid hosp,0,2026-08-29,23,quantile,0.55,2.0
2026-08-29,wk inc covid hosp,0,2026-08-29,23,quantile,0.6,3.0
2026-08-29,wk inc covid hosp,0,2026-08-29,23,quantile,0.65,3.0
2026-08-29,wk inc covid hosp,0,2026-08-29,23,quantile,0.7,3.0
2026-08-29,wk inc covid hosp,0,2026-08-29,23,quantile,0.75,3.0
2026-08-29,wk inc covid hosp,0,2026-08-29,23,quantile,0.8,4.0
2026-08-29,wk inc covid hosp,0,2026-08-29,23,quantile,0.85,4.0
2026-08-29,wk inc covid hosp,0,2026-08-29,23,quantile,0.9,5.0
2026-08-29,wk inc covid hosp,0,2026-08-29,23,quantile,0.95,7.0
2026-08-29,wk inc covid hosp,0,2026-08-29,23,quantile,0.975,12.0
2026-08-29,wk inc covid hosp,0,2026-08-29,23,quantile,0.99,23.0
2026-08-29,wk inc covid hosp,0,2026-08-29,24,quantile,0.01,5.0
2026-08-29,wk inc covid hosp,0,2026-08-29,24,quantile,0.025,7.0
2026-08-29,wk inc covid hosp,0,2026-08-29,24,quantile,0.05,9.0
2026-08-29,wk inc covid hosp,0,2026-08-29,24,quantile,0.1,10.0
2026-08-29,wk inc covid hosp,0,2026-08-29,24,quantile,0.15,10.0
2026-08-29,wk inc covid hosp,0,2026-08-29,24,quantile,0.2,10.0
2026-08-29,wk inc covid hosp,0,2026-08-29,24,quantile,0.25,12.0
2026-08-29,wk inc covid hosp,0,2026-08-29,24,quantile,0.3,14.0
2026-08-29,wk inc covid hosp,0,2026-08-29,24,quantile,0.35,15.0
2026-08-29,wk inc covid hosp,0,2026-08-29,24,quantile,0.4,16.0
2026-08-29,wk inc covid hosp,0,2026-08-29,24,quantile,0.45,17.0
2026-08-29,wk inc covid hosp,0,2026-08-29,24,quantile,0.5,17.0
2026-08-29,wk inc covid hosp,0,2026-08-29,24,quantile,0.55,17.0
2026-08-29,wk inc covid hosp,0,2026-08-29,24,quantile,0.6,17.0
2026-08-29,wk inc covid hosp,0,2026-08-29,24,quantile,0.65,21.0
2026-08-29,wk inc covid hosp,0,2026-08-29,24,quantile,0.7,21.0
2026-08-29,wk inc covid hosp,0,2026-08-29,24,quantile,0.75,23.0
2026-08-29,wk inc covid hosp,0,2026-08-29,24,quantile,0.8,25.0
2026-08-29,wk inc covid hosp,0,2026-08-29,24,quantile,0.85,26.0
2026-08-29,wk inc covid hosp,0,2026-08-29,24,quantile,0.9,26.0
2026-08-29,wk inc covid hosp,0,2026-08-29,24,quantile,0.95,36.0
2026-08-29,wk inc covid hosp,0,2026-08-29,24,quantile,0.975,45.0
2026-08-29,wk inc covid hosp,0,2026-08-29,24,quantile,0.99,67.0
2026-08-29,wk inc covid hosp,0,2026-08-29,25,quantile,0.01,8.0
2026-08-29,wk inc covid hosp,0,2026-08-29,25,quantile,0.025,12.0
2026-08-29,wk inc covid hosp,0,2026-08-29,25,quantile,0.05,15.0
2026-08-29,wk inc covid hosp,0,2026-08-29,25,quantile,0.1,21.0
2026-08-29,wk inc covid hosp,0,2026-08-29,25,quantile,0.15,21.0
2026-08-29,wk inc covid hosp,0,2026-08-29,25,quantile,0.2,21.0
2026-08-29,wk inc covid hosp,0,2026-08-29,25,quantile,0.25,23.0
2026-08-29,wk inc covid hosp,0,2026-08-29,25,quantile,0.3,26.0
2026-08-29,wk inc covid hosp,0,2026-08-29,25,quantile,0.35,27.0
2026-08-29,wk inc covid hosp,0,2026-08-29,25,quantile,0.4,28.0
2026-08-29,wk inc covid hosp,0,2026-08-29,25,quantile,0.45,28.0
2026-08-29,wk inc covid hosp,0,2026-08-29,25,quantile,0.5,29.0
2026-08-29,wk inc covid hosp,0,2026-08-29,25,quantile,0.55,30.0
2026-08-29,wk inc covid hosp,0,2026-08-29,25,quantile,0.6,30.0
2026-08-29,wk inc covid hosp,0,2026-08-29,25,quantile,0.65,32.0
2026-08-29,wk inc covid hosp,0,2026-08-29,25,quantile,0.7,36.0
2026-08-29,wk inc covid hosp,0,2026-08-29,25,quantile,0.75,36.0
2026-08-29,wk inc covid hosp,0,2026-08-29,25,quantile,0.8,41.0
2026-08-29,wk inc covid hosp,0,2026-08-29,25,quantile,0.85,44.0
2026-08-29,wk inc covid hosp,0,2026-08-29,25,quantile,0.9,47.0
2026-08-29,wk inc covid hosp,0,2026-08-29,25,quantile,0.95,58.0
2026-08-29,wk inc covid hosp,0,2026-08-29,25,quantile,0.975,59.0
2026-08-29,wk inc covid hosp,0,2026-08-29,25,quantile,0.99,82.0
2026-08-29,wk inc covid hosp,0,2026-08-29,26,quantile,0.01,17.0
2026-08-29,wk inc covid hosp,0,2026-08-29,26,quantile,0.025,25.0
2026-08-29,wk inc covid hosp,0,2026-08-29,26,quantile,0.05,25.0
2026-08-29,wk inc covid hosp,0,2026-08-29,26,quantile,0.1,33.0
2026-08-29,wk inc covid hosp,0,2026-08-29,26,quantile,0.15,42.0
2026-08-29,wk inc covid hosp,0,2026-08-29,26,quantile,0.2,44.0
2026-08-29,wk inc covid hosp,0,2026-08-29,26,quantile,0.25,62.0
2026-08-29,wk inc covid hosp,0,2026-08-29,26,quantile,0.3,62.0
2026-08-29,wk inc covid hosp,0,2026-08-29,26,quantile,0.35,63.0
2026-08-29,wk inc covid hosp,0,2026-08-29,26,quantile,0.4,73.0
2026-08-29,wk inc covid hosp,0,2026-08-29,26,quantile,0.45,74.0
2026-08-29,wk inc covid hosp,0,2026-08-29,26,quantile,0.5,74.0
2026-08-29,wk inc covid hosp,0,2026-08-29,26,quantile,0.55,74.0
2026-08-29,wk inc covid hosp,0,2026-08-29,26,quantile,0.6,79.0
2026-08-29,wk inc covid hosp,0,2026-08-29,26,quantile,0.65,79.0
2026-08-29,wk inc covid hosp,0,2026-08-29,26,quantile,0.7,82.0
2026-08-29,wk inc covid hosp,0,2026-08-29,26,quantile,0.75,90.0
2026-08-29,wk inc covid hosp,0,2026-08-29,26,quantile,0.8,91.0
2026-08-29,wk inc covid hosp,0,2026-08-29,26,quantile,0.85,101.0
2026-08-29,wk inc covid hosp,0,2026-08-29,26,quantile,0.9,123.0
2026-08-29,wk inc covid hosp,0,2026-08-29,26,quantile,0.95,152.0
2026-08-29,wk inc covid hosp,0,2026-08-29,26,quantile,0.975,194.0
2026-08-29,wk inc covid hosp,0,2026-08-29,26,quantile,0.99,217.0
2026-08-29,wk inc covid hosp,0,2026-08-29,27,quantile,0.01,4.0
2026-08-29,wk inc covid hosp,0,2026-08-29,27,quantile,0.025,6.0
2026-08-29,wk inc covid hosp,0,2026-08-29,27,quantile,0.05,8.0
2026-08-29,wk inc covid hosp,0,2026-08-29,27,quantile,0.1,10.0
2026-08-29,wk inc covid hosp,0,2026-08-29,27,quantile,0.15,10.0
2026-08-29,wk inc covid hosp,0,2026-08-29,27,quantile,0.2,11.0
2026-08-29,wk inc covid hosp,0,2026-08-29,27,quantile,0.25,11.0
2026-08-29,wk inc covid hosp,0,2026-08-29,27,quantile,0.3,11.0
2026-08-29,wk inc covid hosp,0,2026-08-29,27,quantile,0.35,11.0
2026-08-29,wk inc covid hosp,0,2026-08-29,27,quantile,0.4,12.0
2026-08-29,wk inc covid hosp,0,2026-08-29,27,quantile,0.45,12.0
2026-08-29,wk inc covid hosp,0,2026-08-29,27,quantile,0.5,12.0
2026-08-29,wk inc covid hosp,0,2026-08-29,27,quantile,0.55,12.0
2026-08-29,wk inc covid hosp,0,2026-08-29,27,quantile,0.6,13.0
2026-08-29,wk inc covid hosp,0,2026-08-29,27,quantile,0.65,14.0
2026-08-29,wk inc covid hosp,0,2026-08-29,27,quantile,0.7,16.0
2026-08-29,wk inc covid hosp,0,2026-08-29,27,quantile,0.75,17.0
2026-08-29,wk inc covid hosp,0,2026-08-29,27,quantile,0.8,20.0
2026-08-29,wk inc covid hosp,0,2026-08-29,27,quantile,0.85,20.0
2026-08-29,wk inc covid hosp,0,2026-08-29,27,quantile,0.9,21.0
2026-08-29,wk inc covid hosp,0,2026-08-29,27,quantile,0.95,27.0
2026-08-29,wk inc covid hosp,0,2026-08-29,27,quantile,0.975,36.0
2026-08-29,wk inc covid hosp,0,2026-08-29,27,quantile,0.99,57.0
2026-08-29,wk inc covid hosp,0,2026-08-29,28,quantile,0.01,8.0
2026-08-29,wk inc covid hosp,0,2026-08-29,28,quantile,0.025,10.0
2026-08-29,wk inc covid hosp,0,2026-08-29,28,quantile,0.05,15.0
2026-08-29,wk inc covid hosp,0,2026-08-29,28,quantile,0.1,22.0
2026-08-29,wk inc covid hosp,0,2026-08-29,28,quantile,0.15,25.0
2026-08-29,wk inc covid hosp,0,2026-08-29,28,quantile,0.2,26.0
2026-08-29,wk inc covid hosp,0,2026-08-29,28,quantile,0.25,31.0
2026-08-29,wk inc covid hosp,0,2026-08-29,28,quantile,0.3,32.0
2026-08-29,wk inc covid hosp,0,2026-08-29,28,quantile,0.35,33.0
2026-08-29,wk inc covid hosp,0,2026-08-29,28,quantile,0.4,34.0
2026-08-29,wk inc covid hosp,0,2026-08-29,28,quantile,0.45,34.0
2026-08-29,wk inc covid hosp,0,2026-08-29,28,quantile,0.5,36.0
2026-08-29,wk inc covid hosp,0,2026-08-29,28,quantile,0.55,36.0
2026-08-29,wk inc covid hosp,0,2026-08-29,28,quantile,0.6,37.0
2026-08-29,wk inc covid hosp,0,2026-08-29,28,quantile,0.65,38.0
2026-08-29,wk inc covid hosp,0,2026-08-29,28,quantile,0.7,39.0
2026-08-29,wk inc covid hosp,0,2026-08-29,28,quantile,0.75,39.0
2026-08-29,wk inc covid hosp,0,2026-08-29,28,quantile,0.8,41.0
2026-08-29,wk inc covid hosp,0,2026-08-29,28,quantile,0.85,41.0
2026-08-29,wk inc covid hosp,0,2026-08-29,28,quantile,0.9,46.0
2026-08-29,wk inc covid hosp,0,2026-08-29,28,quantile,0.95,57.0
2026-08-29,wk inc covid hosp,0,2026-08-29,28,quantile,0.975,75.0
2026-08-29,wk inc covid hosp,0,2026-08-29,28,quantile,0.99,81.0
2026-08-29,wk inc covid hosp,0,2026-08-29,29,quantile,0.01,5.0
2026-08-29,wk inc covid hosp,0,2026-08-29,29,quantile,0.025,7.0
2026-08-29,wk inc covid hosp,0,2026-08-29,29,quantile,0.05,10.0
2026-08-29,wk inc covid hosp,0,2026-08-29,29,quantile,0.1,12.0
2026-08-29,wk inc covid hosp,0,2026-08-29,29,quantile,0.15,13.0
2026-08-29,wk inc covid hosp,0,2026-08-29,29,quantile,0.2,13.0
2026-08-29,wk inc covid hosp,0,2026-08-29,29,quantile,0.25,13.0
2026-08-29,wk inc covid hosp,0,2026-08-29,29,quantile,0.3,15.0
2026-08-29,wk inc covid hosp,0,2026-08-29,29,quantile,0.35,15.0
2026-08-29,wk inc covid hosp,0,2026-08-29,29,quantile,0.4,15.0
2026-08-29,wk inc covid hosp,0,2026-08-29,29,quantile,0.45,16.0
2026-08-29,wk inc covid hosp,0,2026-08-29,29,quantile,0.5,17.0
2026-08-29,wk inc covid hosp,0,2026-08-29,29,quantile,0.55,17.0
2026-08-29,wk inc covid hosp,0,2026-08-29,29,quantile,0.6,17.0
2026-08-29,wk inc covid hosp,0,2026-08-29,29,quantile,0.65,18.0
2026-08-29,wk inc covid hosp,0,2026-08-29,29,quantile,0.7,20.0
2026-08-29,wk inc covid hosp,0,2026-08-29,29,quantile,0.75,21.0
2026-08-29,wk inc covid hosp,0,2026-08-29,29,quantile,0.8,24.0
2026-08-29,wk inc covid hosp,0,2026-08-29,29,quantile,0.85,26.0
2026-08-29,wk inc covid hosp,0,2026-08-29,29,quantile,0.9,29.0
2026-08-29,wk inc covid hosp,0,2026-08-29,29,quantile,0.95,35.0
2026-08-29,wk inc covid hosp,0,2026-08-29,29,quantile,0.975,46.0
2026-08-29,wk inc covid hosp,0,2026-08-29,29,quantile,0.99,70.0
2026-08-29,wk inc covid hosp,0,2026-08-29,30,quantile,0.01,0.0
2026-08-29,wk inc covid hosp,0,2026-08-29,30,quantile,0.025,0.0
2026-08-29,wk inc covid hosp,0,2026-08-29,30,quantile,0.05,0.0
2026-08-29,wk inc covid hosp,0,2026-08-29,30,quantile,0.1,1.0
2026-08-29,wk inc covid hosp,0,2026-08-29,30,quantile,0.15,1.0
2026-08-29,wk inc covid hosp,0,2026-08-29,30,quantile,0.2,1.0
2026-08-29,wk inc covid hosp,0,2026-08-29,30,quantile,0.25,2.0
2026-08-29,wk inc covid hosp,0,2026-08-29,30,quantile,0.3,2.0
2026-08-29,wk inc covid hosp,0,2026-08-29,30,quantile,0.35,2.0
2026-08-29,wk inc covid hosp,0,2026-08-29,30,quantile,0.4,2.0
2026-08-29,wk inc covid hosp,0,2026-08-29,30,quantile,0.45,2.0
2026-08-29,wk inc covid hosp,0,2026-08-29,30,quantile,0.5,2.0
2026-08-29,wk inc covid hosp,0,2026-08-29,30,quantile,0.55,3.0
2026-08-29,wk inc covid hosp,0,2026-08-29,30,quantile,0.6,3.0
2026-08-29,wk inc covid hosp,0,2026-08-29,30,quantile,0.65,3.0
2026-08-29,wk inc covid hosp,0,2026-08-29,30,quantile,0.7,4.0
2026-08-29,wk inc covid hosp,0,2026-08-29,30,quantile,0.75,4.0
2026-08-29,wk inc covid hosp,0,2026-08-29,30,quantile,0.8,4.0
2026-08-29,wk inc covid hosp,0,2026-08-29,30,quantile,0.85,5.0
2026-08-29,wk inc covid hosp,0,2026-08-29,30,quantile,0.9,6.0
2026-08-29,wk inc covid hosp,0,2026-08-29,30,quantile,0.95,7.0
2026-08-29,wk inc covid hosp,0,2026-08-29,30,quantile,0.975,9.0
2026-08-29,wk inc covid hosp,0,2026-08-29,30,quantile,0.99,11.0
2026-08-29,wk inc covid hosp,0,2026-08-29,31,quantile,0.01,0.0
2026-08-29,wk inc covid hosp,0,2026-08-29,31,quantile,0.025,1.0
2026-08-29,wk inc covid hosp,0,2026-08-29,31,quantile,0.05,2.0
2026-08-29,wk inc covid hosp,0,2026-08-29,31,quantile,0.1,2.0
2026-08-29,wk inc covid hosp,0,2026-08-29,31,quantile,0.15,2.0
2026-08-29,wk inc covid hosp,0,2026-08-29,31,quantile,0.2,3.0
2026-08-29,wk inc covid hosp,0,2026-08-29,31,quantile,0.25,3.0
2026-08-29,wk inc covid hosp,0,2026-08-29,31,quantile,0.3,3.0
2026-08-29,wk inc covid hosp,0,2026-08-29,31,quantile,0.35,3.0
2026-08-29,wk inc covid hosp,0,2026-08-29,31,quantile,0.4,3.0
2026-08-29,wk inc covid hosp,0,2026-08-29,31,quantile,0.45,3.0
2026-08-29,wk inc covid hosp,0,2026-08-29,31,quantile,0.5,3.0
2026-08-29,wk inc covid hosp,0,2026-08-29,31,quantile,0.55,3.0
2026-08-29,wk inc covid hosp,0,2026-08-29,31,quantile,0.6,4.0
2026-08-29,wk inc covid hosp,0,2026-08-29,31,quantile,0.65,4.0
2026-08-29,wk inc covid hosp,0,2026-08-29,31,quantile,0.7,5.0
2026-08-29,wk inc covid hosp,0,2026-08-29,31,quantile,0.75,5.0
2026-08-29,wk inc covid hosp,0,2026-08-29,31,quantile,0.8,6.0
2026-08-29,wk inc covid hosp,0,2026-08-29,31,quantile,0.85,7.0
2026-08-29,wk inc covid hosp,0,2026-08-29,31,quantile,0.9,8.0
2026-08-29,wk inc covid hosp,0,2026-08-29,31,quantile,0.95,10.0
2026-08-29,wk inc covid hosp,0,2026-08-29,31,quantile,0.975,16.0
2026-08-29,wk inc covid hosp,0,2026-08-29,31,quantile,0.99,21.0
2026-08-29,wk inc covid hosp,0,2026-08-29,32,quantile,0.01,3.0
2026-08-29,wk inc covid hosp,0,2026-08-29,32,quantile,0.025,6.0
2026-08-29,wk inc covid hosp,0,2026-08-29,32,quantile,0.05,8.0
2026-08-29,wk inc covid hosp,0,2026-08-29,32,quantile,0.1,10.0
2026-08-29,wk inc covid hosp,0,2026-08-29,32,quantile,0.15,11.0
2026-08-29,wk inc covid hosp,0,2026-08-29,32,quantile,0.2,12.0
2026-08-29,wk inc covid hosp,0,2026-08-29,32,quantile,0.25,13.0
2026-08-29,wk inc covid hosp,0,2026-08-29,32,quantile,0.3,14.0
2026-08-29,wk inc covid hosp,0,2026-08-29,32,quantile,0.35,15.0
2026-08-29,wk inc covid hosp,0,2026-08-29,32,quantile,0.4,15.0
2026-08-29,wk inc covid hosp,0,2026-08-29,32,quantile,0.45,15.0
2026-08-29,wk inc covid hosp,0,2026-08-29,32,quantile,0.5,15.0
2026-08-29,wk inc covid hosp,0,2026-08-29,32,quantile,0.55,16.0
2026-08-29,wk inc covid hosp,0,2026-08-29,32,quantile,0.6,16.0
2026-08-29,wk inc covid hosp,0,2026-08-29,32,quantile,0.65,18.0
2026-08-29,wk inc covid hosp,0,2026-08-29,32,quantile,0.7,19.0
2026-08-29,wk inc covid hosp,0,2026-08-29,32,quantile,0.75,20.0
2026-08-29,wk inc covid hosp,0,2026-08-29,32,quantile,0.8,21.0
2026-08-29,wk inc covid hosp,0,2026-08-29,32,quantile,0.85,21.0
2026-08-29,wk inc covid hosp,0,2026-08-29,32,quantile,0.9,22.0
2026-08-29,wk inc covid hosp,0,2026-08-29,32,quantile,0.95,23.0
2026-08-29,wk inc covid hosp,0,2026-08-29,32,quantile,0.975,28.0
2026-08-29,wk inc covid hosp,0,2026-08-29,32,quantile,0.99,36.0
2026-08-29,wk inc covid hosp,0,2026-08-29,33,quantile,0.01,0.0
2026-08-29,wk inc covid hosp,0,2026-08-29,33,quantile,0.025,1.0
2026-08-29,wk inc covid hosp,0,2026-08-29,33,quantile,0.05,2.0
2026-08-29,wk inc covid hosp,0,2026-08-29,33,quantile,0.1,2.0
2026-08-29,wk inc covid hosp,0,2026-08-29,33,quantile,0.15,2.0
2026-08-29,wk inc covid hosp,0,2026-08-29,33,quantile,0.2,3.0
2026-08-29,wk inc covid hosp,0,2026-08-29,33,quantile,0.25,3.0
2026-08-29,wk inc covid hosp,0,2026-08-29,33,quantile,0.3,3.0
2026-08-29,wk inc covid hosp,0,2026-08-29,33,quantile,0.35,4.0
2026-08-29,wk inc covid hosp,0,2026-08-29,33,quantile,0.4,4.0
2026-08-29,wk inc covid hosp,0,2026-08-29,33,quantile,0.45,5.0
2026-08-29,wk inc covid hosp,0,2026-08-29,33,quantile,0.5,5.0
2026-08-29,wk inc covid hosp,0,2026-08-29,33,quantile,0.55,6.0
2026-08-29,wk inc covid hosp,0,2026-08-29,33,quantile,0.6,6.0
2026-08-29,wk inc covid hosp,0,2026-08-29,33,quantile,0.65,6.0
2026-08-29,wk inc covid hosp,0,2026-08-29,33,quantile,0.7,6.0
2026-08-29,wk inc covid hosp,0,2026-08-29,33,quantile,0.75,7.0
2026-08-29,wk inc covid hosp,0,2026-08-29,33,quantile,0.8,7.0
2026-08-29,wk inc covid hosp,0,2026-08-29,33,quantile,0.85,8.0
2026-08-29,wk inc covid hosp,0,2026-08-29,33,quantile,0.9,9.0
2026-08-29,wk inc covid hosp,0,2026-08-29,33,quantile,0.95,10.0
2026-08-29,wk inc covid hosp,0,2026-08-29,33,quantile,0.975,12.0
2026-08-29,wk inc covid hosp,0,2026-08-29,33,quantile,0.99,16.0
2026-08-29,wk inc covid hosp,0,2026-08-29,34,quantile,0.01,26.0
2026-08-29,wk inc covid hosp,0,2026-08-29,34,quantile,0.025,38.0
2026-08-29,wk inc covid hosp,0,2026-08-29,34,quantile,0.05,44.0
2026-08-29,wk inc covid hosp,0,2026-08-29,34,quantile,0.1,57.0
2026-08-29,wk inc covid hosp,0,2026-08-29,34,quantile,0.15,61.0
2026-08-29,wk inc covid hosp,0,2026-08-29,34,quantile,0.2,71.0
2026-08-29,wk inc covid hosp,0,2026-08-29,34,quantile,0.25,72.0
2026-08-29,wk inc covid hosp,0,2026-08-29,34,quantile,0.3,74.0
2026-08-29,wk inc covid hosp,0,2026-08-29,34,quantile,0.35,78.0
2026-08-29,wk inc covid hosp,0,2026-08-29,34,quantile,0.4,79.0
2026-08-29,wk inc covid hosp,0,2026-08-29,34,quantile,0.45,79.0
2026-08-29,wk inc covid hosp,0,2026-08-29,34,quantile,0.5,81.0
2026-08-29,wk inc covid hosp,0,2026-08-29,34,quantile,0.55,82.0
2026-08-29,wk inc covid hosp,0,2026-08-29,34,quantile,0.6,82.0
2026-08-29,wk inc covid hosp,0,2026-08-29,34,quantile,0.65,83.0
2026-08-29,wk inc covid hosp,0,2026-08-29,34,quantile,0.7,83.0
2026-08-29,wk inc covid hosp,0,2026-08-29,34,quantile,0.75,86.0
2026-08-29,wk inc covid hosp,0,2026-08-29,34,quantile,0.8,87.0
2026-08-29,wk inc covid hosp,0,2026-08-29,34,quantile,0.85,91.0
2026-08-29,wk inc covid hosp,0,2026-08-29,34,quantile,0.9,101.0
2026-08-29,wk inc covid hosp,0,2026-08-29,34,quantile,0.95,128.0
2026-08-29,wk inc covid hosp,0,2026-08-29,34,quantile,0.975,140.0
2026-08-29,wk inc covid hosp,0,2026-08-29,34,quantile,0.99,162.0
2026-08-29,wk inc covid hosp,0,2026-08-29,35,quantile,0.01,2.0
2026-08-29,wk inc covid hosp,0,2026-08-29,35,quantile,0.025,3.0
2026-08-29,wk inc covid hosp,0,2026-08-29,35,quantile,0.05,4.0
2026-08-29,wk inc covid hosp,0,2026-08-29,35,quantile,0.1,6.0
2026-08-29,wk inc covid hosp,0,2026-08-29,35,quantile,0.15,7.0
2026-08-29,wk inc covid hosp,0,2026-08-29,35,quantile,0.2,7.0
2026-08-29,wk inc covid hosp,0,2026-08-29,35,quantile,0.25,8.0
2026-08-29,wk inc covid hosp,0,2026-08-29,35,quantile,0.3,8.0
2026-08-29,wk inc covid hosp,0,2026-08-29,35,quantile,0.35,9.0
2026-08-29,wk inc covid hosp,0,2026-08-29,35,quantile,0.4,9.0
2026-08-29,wk inc covid hosp,0,2026-08-29,35,quantile,0.45,9.0
2026-08-29,wk inc covid hosp,0,2026-08-29,35,quantile,0.5,10.0
2026-08-29,wk inc covid hosp,0,2026-08-29,35,quantile,0.55,10.0
2026-08-29,wk inc covid hosp,0,2026-08-29,35,quantile,0.6,10.0
2026-08-29,wk inc covid hosp,0,2026-08-29,35,quantile,0.65,11.0
2026-08-29,wk inc covid hosp,0,2026-08-29,35,quantile,0.7,12.0
2026-08-29,wk inc covid hosp,0,2026-08-29,35,quantile,0.75,12.0
2026-08-29,wk inc covid hosp,0,2026-08-29,35,quantile,0.8,13.0
2026-08-29,wk inc covid hosp,0,2026-08-29,35,quantile,0.85,14.0
2026-08-29,wk inc covid hosp,0,2026-08-29,35,quantile,0.9,16.0
2026-08-29,wk inc covid hosp,0,2026-08-29,35,quantile,0.95,19.0
2026-08-29,wk inc covid hosp,0,2026-08-29,35,quantile,0.975,23.0
2026-08-29,wk inc covid hosp,0,2026-08-29,35,quantile,0.99,26.0
2026-08-29,wk inc covid hosp,0,2026-08-29,36,quantile,0.01,61.0
2026-08-29,wk inc covid hosp,0,2026-08-29,36,quantile,0.025,87.0
2026-08-29,wk inc covid hosp,0,2026-08-29,36,quantile,0.05,96.0
2026-08-29,wk inc covid hosp,0,2026-08-29,36,quantile,0.1,115.0
2026-08-29,wk inc covid hosp,0,2026-08-29,36,quantile,0.15,130.0
2026-08-29,wk inc covid hosp,0,2026-08-29,36,quantile,0.2,130.0
2026-08-29,wk inc covid hosp,0,2026-08-29,36,quantile,0.25,132.0
2026-08-29,wk inc covid hosp,0,2026-08-29,36,quantile,0.3,133.0
2026-08-29,wk inc covid hosp,0,2026-08-29,36,quantile,0.35,135.0
2026-08-29,wk inc covid hosp,0,2026-08-29,36,quantile,0.4,136.0
2026-08-29,wk inc covid hosp,0,2026-08-29,36,quantile,0.45,141.0
2026-08-29,wk inc covid hosp,0,2026-08-29,36,quantile,0.5,142.0
2026-08-29,wk inc covid hosp,0,2026-08-29,36,quantile,0.55,142.0
2026-08-29,wk inc covid hosp,0,2026-08-29,36,quantile,0.6,143.0
2026-08-29,wk inc covid hosp,0,2026-08-29,36,quantile,0.65,144.0
2026-08-29,wk inc covid hosp,0,2026-08-29,36,quantile,0.7,148.0
2026-08-29,wk inc covid hosp,0,2026-08-29,36,quantile,0.75,150.0
2026-08-29,wk inc covid hosp,0,2026-08-29,36,quantile,0.8,152.0
2026-08-29,wk inc covid hosp,0,2026-08-29,36,quantile,0.85,153.0
2026-08-29,wk inc covid hosp,0,2026-08-29,36,quantile,0.9,162.0
2026-08-29,wk inc covid hosp,0,2026-08-29,36,quantile,0.95,208.0
2026-08-29,wk inc covid hosp,0,2026-08-29,36,quantile,0.975,234.0
2026-08-29,wk inc covid hosp,0,2026-08-29,36,quantile,0.99,292.0
2026-08-29,wk inc covid hosp,0,2026-08-29,37,quantile,0.01,44.0
2026-08-29,wk inc covid hosp,0,2026-08-29,37,quantile,0.025,63.0
2026-08-29,wk inc covid hosp,0,2026-08-29,37,quantile,0.05,72.0
2026-08-29,wk inc covid hosp,0,2026-08-29,37,quantile,0.1,91.0
2026-08-29,wk inc covid hosp,0,2026-08-29,37,quantile,0.15,100.0
2026-08-29,wk inc covid hosp,0,2026-08-29,37,quantile,0.2,105.0
2026-08-29,wk inc covid hosp,0,2026-08-29,37,quantile,0.25,113.0
2026-08-29,wk inc covid hosp,0,2026-08-29,37,quantile,0.3,120.0
2026-08-29,wk inc covid hosp,0,2026-08-29,37,quantile,0.35,121.0
2026-08-29,wk inc covid hosp,0,2026-08-29,37,quantile,0.4,121.0
2026-08-29,wk inc covid hosp,0,2026-08-29,37,quantile,0.45,125.0
2026-08-29,wk inc covid hosp,0,2026-08-29,37,quantile,0.5,127.0
2026-08-29,wk inc covid hosp,0,2026-08-29,37,quantile,0.55,127.0
2026-08-29,wk inc covid hosp,0,2026-08-29,37,quantile,0.6,128.0
2026-08-29,wk inc covid hosp,0,2026-08-29,37,quantile,0.65,132.0
2026-08-29,wk inc covid hosp,0,2026-08-29,37,quantile,0.7,136.0
2026-08-29,wk inc covid hosp,0,2026-08-29,37,quantile,0.75,142.0
2026-08-29,wk inc covid hosp,0,2026-08-29,37,quantile,0.8,143.0
2026-08-29,wk inc covid hosp,0,2026-08-29,37,quantile,0.85,148.0
2026-08-29,wk inc covid hosp,0,2026-08-29,37,quantile,0.9,158.0
2026-08-29,wk inc covid hosp,0,2026-08-29,37,quantile,0.95,200.0
2026-08-29,wk inc covid hosp,0,2026-08-29,37,quantile,0.975,236.0
2026-08-29,wk inc covid hosp,0,2026-08-29,37,quantile,0.99,277.0
2026-08-29,wk inc covid hosp,0,2026-08-29,38,quantile,0.01,0.0
2026-08-29,wk inc covid hosp,0,2026-08-29,38,quantile,0.025,0.0
2026-08-29,wk inc covid hosp,0,2026-08-29,38,quantile,0.05,0.0
2026-08-29,wk inc covid hosp,0,2026-08-29,38,quantile,0.1,0.0
2026-08-29,wk inc covid hosp,0,2026-08-29,38,quantile,0.15,0.0
2026-08-29,wk inc covid hosp,0,2026-08-29,38,quantile,0.2,0.0
2026-08-29,wk inc covid hosp,0,2026-08-29,38,quantile,0.25,1.0
2026-08-29,wk inc covid hosp,0,2026-08-29,38,quantile,0.3,1.0
2026-08-29,wk inc covid hosp,0,2026-08-29,38,quantile,0.35,1.0
2026-08-29,wk inc covid hosp,0,2026-08-29,38,quantile,0.4,1.0
2026-08-29,wk inc covid hosp,0,2026-08-29,38,quantile,0.45,1.0
2026-08-29,wk inc covid hosp,0,2026-08-29,38,quantile,0.5,1.0
2026-08-29,wk inc covid hosp,0,2026-08-29,38,quantile,0.55,1.0
2026-08-29,wk inc covid hosp,0,2026-08-29,38,quantile,0.6,2.0
2026-08-29,wk inc covid hosp,0,2026-08-29,38,quantile,0.65,2.0
2026-08-29,wk inc covid hosp,0,2026-08-29,38,quantile,0.7,2.0
2026-08-29,wk inc covid hosp,0,2026-08-29,38,quantile,0.75,2.0
2026-08-29,wk inc covid hosp,0,2026-08-29,38,quantile,0.8,2.0
2026-08-29,wk inc covid hosp,0,2026-08-29,38,quantile,0.85,3.0
2026-08-29,wk inc covid hosp,0,2026-08-29,38,quantile,0.9,3.0
2026-08-29,wk inc covid hosp,0,2026-08-29,38,quantile,0.95,5.0
2026-08-29,wk inc covid hosp,0,2026-08-29,38,quantile,0.975,6.0
2026-08-29,wk inc covid hosp,0,2026-08-29,38,quantile,0.99,8.0
2026-08-29,wk inc covid hosp,0,2026-08-29,39,quantile,0.01,14.0
2026-08-29,wk inc covid hosp,0,2026-08-29,39,quantile,0.025,21.0
2026-08-29,wk inc covid hosp,0,2026-08-29,39,quantile,0.05,24.0
2026-08-29,wk inc covid hosp,0,2026-08-29,39,quantile,0.1,30.0
2026-08-29,wk inc covid hosp,0,2026-08-29,39,quantile,0.15,31.0
2026-08-29,wk inc covid hosp,0,2026-08-29,39,quantile,0.2,33.0
2026-08-29,wk inc covid hosp,0,2026-08-29,39,quantile,0.25,34.0
2026-08-29,wk inc covid hosp,0,2026-08-29,39,quantile,0.3,38.0
2026-08-29,wk inc covid hosp,0,2026-08-29,39,quantile,0.35,39.0
2026-08-29,wk inc covid hosp,0,2026-08-29,39,quantile,0.4,40.0
2026-08-29,wk inc covid hosp,0,2026-08-29,39,quantile,0.45,40.0
2026-08-29,wk inc covid hosp,0,2026-08-29,39,quantile,0.5,41.0
2026-08-29,wk inc covid hosp,0,2026-08-29,39,quantile,0.55,41.0
2026-08-29,wk inc covid hosp,0,2026-08-29,39,quantile,0.6,42.0
2026-08-29,wk inc covid hosp,0,2026-08-29,39,quantile,0.65,42.0
2026-08-29,wk inc covid hosp,0,2026-08-29,39,quantile,0.7,43.0
2026-08-29,wk inc covid hosp,0,2026-08-29,39,quantile,0.75,43.0
2026-08-29,wk inc covid hosp,0,2026-08-29,39,quantile,0.8,45.0
2026-08-29,wk inc covid hosp,0,2026-08-29,39,quantile,0.85,48.0
2026-08-29,wk inc covid hosp,0,2026-08-29,39,quantile,0.9,59.0
2026-08-29,wk inc covid hosp,0,2026-08-29,39,quantile,0.95,73.0
2026-08-29,wk inc covid hosp,0,2026-08-29,39,quantile,0.975,89.0
2026-08-29,wk inc covid hosp,0,2026-08-29,39,quantile,0.99,123.0
2026-08-29,wk inc covid hosp,0,2026-08-29,40,quantile,0.01,3.0
2026-08-29,wk inc covid hosp,0,2026-08-29,40,quantile,0.025,5.0
2026-08-29,wk inc covid hosp,0,2026-08-29,40,quantile,0.05,6.0
2026-08-29,wk inc covid hosp,0,2026-08-29,40,quantile,0.1,6.0
2026-08-29,wk inc covid hosp,0,2026-08-29,40,quantile,0.15,7.0
2026-08-29,wk inc covid hosp,0,2026-08-29,40,quantile,0.2,7.0
2026-08-29,wk inc covid hosp,0,2026-08-29,40,quantile,0.25,8.0
2026-08-29,wk inc covid hosp,0,2026-08-29,40,quantile,0.3,9.0
2026-08-29,wk inc covid hosp,0,2026-08-29,40,quantile,0.35,10.0
2026-08-29,wk inc covid hosp,0,2026-08-29,40,quantile,0.4,10.0
2026-08-29,wk inc covid hosp,0,2026-08-29,40,quantile,0.45,11.0
2026-08-29,wk inc covid hosp,0,2026-08-29,40,quantile,0.5,11.0
2026-08-29,wk inc covid hosp,0,2026-08-29,40,quantile,0.55,11.0
2026-08-29,wk inc covid hosp,0,2026-08-29,40,quantile,0.6,12.0
2026-08-29,wk inc covid hosp,0,2026-08-29,40,quantile,0.65,12.0
2026-08-29,wk inc covid hosp,0,2026-08-29,40,quantile,0.7,13.0
2026-08-29,wk inc covid hosp,0,2026-08-29,40,quantile,0.75,14.0
2026-08-29,wk inc covid hosp,0,2026-08-29,40,quantile,0.8,16.0
2026-08-29,wk inc covid hosp,0,2026-08-29,40,quantile,0.85,16.0
2026-08-29,wk inc covid hosp,0,2026-08-29,40,quantile,0.9,18.0
2026-08-29,wk inc covid hosp,0,2026-08-29,40,quantile,0.95,22.0
2026-08-29,wk inc covid hosp,0,2026-08-29,40,quantile,0.975,27.0
2026-08-29,wk inc covid hosp,0,2026-08-29,40,quantile,0.99,42.0
2026-08-29,wk inc covid hosp,0,2026-08-29,41,quantile,0.01,6.0
2026-08-29,wk inc covid hosp,0,2026-08-29,41,quantile,0.025,8.0
2026-08-29,wk inc covid hosp,0,2026-08-29,41,quantile,0.05,9.0
2026-08-29,wk inc covid hosp,0,2026-08-29,41,quantile,0.1,11.0
2026-08-29,wk inc covid hosp,0,2026-08-29,41,quantile,0.15,12.0
2026-08-29,wk inc covid hosp,0,2026-08-29,41,quantile,0.2,13.0
2026-08-29,wk inc covid hosp,0,2026-08-29,41,quantile,0.25,15.0
2026-08-29,wk inc covid hosp,0,2026-08-29,41,quantile,0.3,16.0
2026-08-29,wk inc covid hosp,0,2026-08-29,41,quantile,0.35,17.0
2026-08-29,wk inc covid hosp,0,2026-08-29,41,quantile,0.4,18.0
2026-08-29,wk inc covid hosp,0,2026-08-29,41,quantile,0.45,19.0
2026-08-29,wk inc covid hosp,0,2026-08-29,41,quantile,0.5,19.0
2026-08-29,wk inc covid hosp,0,2026-08-29,41,quantile,0.55,20.0
2026-08-29,wk inc covid hosp,0,2026-08-29,41,quantile,0.6,20.0
2026-08-29,wk inc covid hosp,0,2026-08-29,41,quantile,0.65,20.0
2026-08-29,wk inc covid hosp,0,2026-08-29,41,quantile,0.7,23.0
2026-08-29,wk inc covid hosp,0,2026-08-29,41,quantile,0.75,24.0
2026-08-29,wk inc covid hosp,0,2026-08-29,41,quantile,0.8,24.0
2026-08-29,wk inc covid hosp,0,2026-08-29,41,quantile,0.85,24.0
2026-08-29,wk inc covid hosp,0,2026-08-29,41,quantile,0.9,24.0
2026-08-29,wk inc covid hosp,0,2026-08-29,41,quantile,0.95,33.0
2026-08-29,wk inc covid hosp,0,2026-08-29,41,quantile,0.975,35.0
2026-08-29,wk inc covid hosp,0,2026-08-29,41,quantile,0.99,47.0
2026-08-29,wk inc covid hosp,0,2026-08-29,42,quantile,0.01,26.0
2026-08-29,wk inc covid hosp,0,2026-08-29,42,quantile,0.025,36.0
2026-08-29,wk inc covid hosp,0,2026-08-29,42,quantile,0.05,39.0
2026-08-29,wk inc covid hosp,0,2026-08-29,42,quantile,0.1,52.0
2026-08-29,wk inc covid hosp,0,2026-08-29,42,quantile,0.15,53.0
2026-08-29,wk inc covid hosp,0,2026-08-29,42,quantile,0.2,54.0
2026-08-29,wk inc covid hosp,0,2026-08-29,42,quantile,0.25,54.0
2026-08-29,wk inc covid hosp,0,2026-08-29,42,quantile,0.3,56.0
2026-08-29,wk inc covid hosp,0,2026-08-29,42,quantile,0.35,56.0
2026-08-29,wk inc covid hosp,0,2026-08-29,42,quantile,0.4,57.0
2026-08-29,wk inc covid hosp,0,2026-08-29,42,quantile,0.45,60.0
2026-08-29,wk inc covid hosp,0,2026-08-29,42,quantile,0.5,61.0
2026-08-29,wk inc covid hosp,0,2026-08-29,42,quantile,0.55,62.0
2026-08-29,wk inc covid hosp,0,2026-08-29,42,quantile,0.6,62.0
2026-08-29,wk inc covid hosp,0,2026-08-29,42,quantile,0.65,63.0
2026-08-29,wk inc covid hosp,0,2026-08-29,42,quantile,0.7,70.0
2026-08-29,wk inc covid hosp,0,2026-08-29,42,quantile,0.75,73.0
2026-08-29,wk inc covid hosp,0,2026-08-29,42,quantile,0.8,74.0
2026-08-29,wk inc covid hosp,0,2026-08-29,42,quantile,0.85,78.0
2026-08-29,wk inc covid hosp,0,2026-08-29,42,quantile,0.9,87.0
2026-08-29,wk inc covid hosp,0,2026-08-29,42,quantile,0.95,101.0
2026-08-29,wk inc covid hosp,0,2026-08-29,42,quantile,0.975,122.0
2026-08-29,wk inc covid hosp,0,2026-08-29,42,quantile,0.99,146.0
2026-08-29,wk inc covid hosp,0,2026-08-29,44,quantile,0.01,0.0
2026-08-29,wk inc covid hosp,0,2026-08-29,44,quantile,0.025,1.0
2026-08-29,wk inc covid hosp,0,2026-08-29,44,quantile,0.05,2.0
2026-08-29,wk inc covid hosp,0,2026-08-29,44,quantile,0.1,2.0
2026-08-29,wk inc covid hosp,0,2026-08-29,44,quantile,0.15,3.0
2026-08-29,wk inc covid hosp,0,2026-08-29,44,quantile,0.2,3.0
2026-08-29,wk inc covid hosp,0,2026-08-29,44,quantile,0.25,3.0
2026-08-29,wk inc covid hosp,0,2026-08-29,44,quantile,0.3,4.0
2026-08-29,wk inc covid hosp,0,2026-08-29,44,quantile,0.35,5.0
2026-08-29,wk inc covid hosp,0,2026-08-29,44,quantile,0.4,5.0
2026-08-29,wk inc covid hosp,0,2026-08-29,44,quantile,0.45,5.0
2026-08-29,wk inc covid hosp,0,2026-08-29,44,quantile,0.5,6.0
2026-08-29,wk inc covid hosp,0,2026-08-29,44,quantile,0.55,6.0
2026-08-29,wk inc covid hosp,0,2026-08-29,44,quantile,0.6,6.0
2026-08-29,wk inc covid hosp,0,2026-08-29,44,quantile,0.65,7.0
2026-08-29,wk inc covid hosp,0,2026-08-29,44,quantile,0.7,8.0
2026-08-29,wk inc covid hosp,0,2026-08-29,44,quantile,0.75,8.0
2026-08-29,wk inc covid hosp,0,2026-08-29,44,quantile,0.8,8.0
2026-08-29,wk inc covid hosp,0,2026-08-29,44,quantile,0.85,9.0
2026-08-29,wk inc covid hosp,0,2026-08-29,44,quantile,0.9,10.0
2026-08-29,wk inc covid hosp,0,2026-08-29,44,quantile,0.95,12.0
2026-08-29,wk inc covid hosp,0,2026-08-29,44,quantile,0.975,16.0
2026-08-29,wk inc covid hosp,0,2026-08-29,44,quantile,0.99,18.0
2026-08-29,wk inc covid hosp,0,2026-08-29,45,quantile,0.01,13.0
2026-08-29,wk inc covid hosp,0,2026-08-29,45,quantile,0.025,18.0
2026-08-29,wk inc covid hosp,0,2026-08-29,45,quantile,0.05,21.0
2026-08-29,wk inc covid hosp,0,2026-08-29,45,quantile,0.1,26.0
2026-08-29,wk inc covid hosp,0,2026-08-29,45,quantile,0.15,27.0
2026-08-29,wk inc covid hosp,0,2026-08-29,45,quantile,0.2,34.0
2026-08-29,wk inc covid hosp,0,2026-08-29,45,quantile,0.25,34.0
2026-08-29,wk inc covid hosp,0,2026-08-29,45,quantile,0.3,35.0
2026-08-29,wk inc covid hosp,0,2026-08-29,45,quantile,0.35,35.0
2026-08-29,wk inc covid hosp,0,2026-08-29,45,quantile,0.4,36.0
2026-08-29,wk inc covid hosp,0,2026-08-29,45,quantile,0.45,36.0
2026-08-29,wk inc covid hosp,0,2026-08-29,45,quantile,0.5,37.0
2026-08-29,wk inc covid hosp,0,2026-08-29,45,quantile,0.55,37.0
2026-08-29,wk inc covid hosp,0,2026-08-29,45,quantile,0.6,39.0
2026-08-29,wk inc covid hosp,0,2026-08-29,45,quantile,0.65,40.0
2026-08-29,wk inc covid hosp,0,2026-08-29,45,quantile,0.7,40.0
2026-08-29,wk inc covid hosp,0,2026-08-29,45,quantile,0.75,41.0
2026-08-29,wk inc covid hosp,0,2026-08-29,45,quantile,0.8,41.0
2026-08-29,wk inc covid hosp,0,2026-08-29,45,quantile,0.85,42.0
2026-08-29,wk inc covid hosp,0,2026-08-29,45,quantile,0.9,42.0
2026-08-29,wk inc covid hosp,0,2026-08-29,45,quantile,0.95,58.0
2026-08-29,wk inc covid hosp,0,2026-08-29,45,quantile,0.975,64.0
2026-08-29,wk inc covid hosp,0,2026-08-29,45,quantile,0.99,73.0
2026-08-29,wk inc covid hosp,0,2026-08-29,46,quantile,0.01,0.0
2026-08-29,wk inc covid hosp,0,2026-08-29,46,quantile,0.025,0.0
2026-08-29,wk inc covid hosp,0,2026-08-29,46,quantile,0.05,0.0
2026-08-29,wk inc covid hosp,0,2026-08-29,46,quantile,0.1,0.0
2026-08-29,wk inc covid hosp,0,2026-08-29,46,quantile,0.15,0.0
2026-08-29,wk inc covid hosp,0,2026-08-29,46,quantile,0.2,0.0
2026-08-29,wk inc covid hosp,0,2026-08-29,46,quantile,0.25,1.0
2026-08-29,wk inc covid hosp,0,2026-08-29,46,quantile,0.3,1.0
2026-08-29,wk inc covid hosp,0,2026-08-29,46,quantile,0.35,1.0
2026-08-29,wk inc covid hosp,0,2026-08-29,46,quantile,0.4,1.0
2026-08-29,wk inc covid hosp,0,2026-08-29,46,quantile,0.45,1.0
2026-08-29,wk inc covid hosp,0,2026-08-29,46,quantile,0.5,1.0
2026-08-29,wk inc covid hosp,0,2026-08-29,46,quantile,0.55,1.0
2026-08-29,wk inc covid hosp,0,2026-08-29,46,quantile,0.6,1.0
2026-08-29,wk inc covid hosp,0,2026-08-29,46,quantile,0.65,2.0
2026-08-29,wk inc covid hosp,0,2026-08-29,46,quantile,0.7,2.0
2026-08-29,wk inc covid hosp,0,2026-08-29,46,quantile,0.75,2.0
2026-08-29,wk inc covid hosp,0,2026-08-29,46,quantile,0.8,3.0
2026-08-29,wk inc covid hosp,0,2026-08-29,46,quantile,0.85,3.0
2026-08-29,wk inc covid hosp,0,2026-08-29,46,quantile,0.9,4.0
2026-08-29,wk inc covid hosp,0,2026-08-29,46,quantile,0.95,5.0
2026-08-29,wk inc covid hosp,0,2026-08-29,46,quantile,0.975,6.0
2026-08-29,wk inc covid hosp,0,2026-08-29,46,quantile,0.99,9.0
2026-08-29,wk inc covid hosp,0,2026-08-29,47,quantile,0.01,17.0
2026-08-29,wk inc covid hosp,0,2026-08-29,47,quantile,0.025,24.0
2026-08-29,wk inc covid hosp,0,2026-08-29,47,quantile,0.05,27.0
2026-08-29,wk inc covid hosp,0,2026-08-29,47,quantile,0.1,36.0
2026-08-29,wk inc covid hosp,0,2026-08-29,47,quantile,0.15,40.0
2026-08-29,wk inc covid hosp,0,2026-08-29,47,quantile,0.2,45.0
2026-08-29,wk inc covid hosp,0,2026-08-29,47,quantile,0.25,46.0
2026-08-29,wk inc covid hosp,0,2026-08-29,47,quantile,0.3,46.0
2026-08-29,wk inc covid hosp,0,2026-08-29,47,quantile,0.35,47.0
2026-08-29,wk inc covid hosp,0,2026-08-29,47,quantile,0.4,47.0
2026-08-29,wk inc covid hosp,0,2026-08-29,47,quantile,0.45,48.0
2026-08-29,wk inc covid hosp,0,2026-08-29,47,quantile,0.5,48.0
2026-08-29,wk inc covid hosp,0,2026-08-29,47,quantile,0.55,48.0
2026-08-29,wk inc covid hosp,0,2026-08-29,47,quantile,0.6,50.0
2026-08-29,wk inc covid hosp,0,2026-08-29,47,quantile,0.65,51.0
2026-08-29,wk inc covid hosp,0,2026-08-29,47,quantile,0.7,51.0
2026-08-29,wk inc covid hosp,0,2026-08-29,47,quantile,0.75,53.0
2026-08-29,wk inc covid hosp,0,2026-08-29,47,quantile,0.8,54.0
2026-08-29,wk inc covid hosp,0,2026-08-29,47,quantile,0.85,54.0
2026-08-29,wk inc covid hosp,0,2026-08-29,47,quantile,0.9,57.0
2026-08-29,wk inc covid hosp,0,2026-08-29,47,quantile,0.95,71.0
2026-08-29,wk inc covid hosp,0,2026-08-29,47,quantile,0.975,86.0
2026-08-29,wk inc covid hosp,0,2026-08-29,47,quantile,0.99,104.0
2026-08-29,wk inc covid hosp,0,2026-08-29,48,quantile,0.01,128.0
2026-08-29,wk inc covid hosp,0,2026-08-29,48,quantile,0.025,180.0
2026-08-29,wk inc covid hosp,0,2026-08-29,48,quantile,0.05,205.0
2026-08-29,wk inc covid hosp,0,2026-08-29,48,quantile,0.1,251.0
2026-08-29,wk inc covid hosp,0,2026-08-29,48,quantile,0.15,281.0
2026-08-29,wk inc covid hosp,0,2026-08-29,48,quantile,0.2,291.0
2026-08-29,wk inc covid hosp,0,2026-08-29,48,quantile,0.25,309.0
2026-08-29,wk inc covid hosp,0,2026-08-29,48,quantile,0.3,309.0
2026-08-29,wk inc covid hosp,0,2026-08-29,48,quantile,0.35,319.0
2026-08-29,wk inc covid hosp,0,2026-08-29,48,quantile,0.4,319.0
2026-08-29,wk inc covid hosp,0,2026-08-29,48,quantile,0.45,322.0
2026-08-29,wk inc covid hosp,0,2026-08-29,48,quantile,0.5,323.0
2026-08-29,wk inc covid hosp,0,2026-08-29,48,quantile,0.55,330.0
2026-08-29,wk inc covid hosp,0,2026-08-29,48,quantile,0.6,336.0
2026-08-29,wk inc covid hosp,0,2026-08-29,48,quantile,0.65,337.0
2026-08-29,wk inc covid hosp,0,2026-08-29,48,quantile,0.7,343.0
2026-08-29,wk inc covid hosp,0,2026-08-29,48,quantile,0.75,346.0
2026-08-29,wk inc covid hosp,0,2026-08-29,48,quantile,0.8,367.0
2026-08-29,wk inc covid hosp,0,2026-08-29,48,quantile,0.85,375.0
2026-08-29,wk inc covid hosp,0,2026-08-29,48,quantile,0.9,413.0
2026-08-29,wk inc covid hosp,0,2026-08-29,48,quantile,0.95,513.0
2026-08-29,wk inc covid hosp,0,2026-08-29,48,quantile,0.975,643.0
2026-08-29,wk inc covid hosp,0,2026-08-29,48,quantile,0.99,734.0
2026-08-29,wk inc covid hosp,0,2026-08-29,49,quantile,0.01,2.0
2026-08-29,wk inc covid hosp,0,2026-08-29,49,quantile,0.025,3.0
2026-08-29,wk inc covid hosp,0,2026-08-29,49,quantile,0.05,5.0
2026-08-29,wk inc covid hosp,0,2026-08-29,49,quantile,0.1,6.0
2026-08-29,wk inc covid hosp,0,2026-08-29,49,quantile,0.15,6.0
2026-08-29,wk inc covid hosp,0,2026-08-29,49,quantile,0.2,7.0
2026-08-29,wk inc covid hosp,0,2026-08-29,49,quantile,0.25,7.0
2026-08-29,wk inc covid hosp,0,2026-08-29,49,quantile,0.3,7.0
2026-08-29,wk inc covid hosp,0,2026-08-29,49,quantile,0.35,7.0
2026-08-29,wk inc covid hosp,0,2026-08-29,49,quantile,0.4,7.0
2026-08-29,wk inc covid hosp,0,2026-08-29,49,quantile,0.45,7.0
2026-08-29,wk inc covid hosp,0,2026-08-29,49,quantile,0.5,8.0
2026-08-29,wk inc covid hosp,0,2026-08-29,49,quantile,0.55,8.0
2026-08-29,wk inc covid hosp,0,2026-08-29,49,quantile,0.6,9.0
2026-08-29,wk inc covid hosp,0,2026-08-29,49,quantile,0.65,10.0
2026-08-29,wk inc covid hosp,0,2026-08-29,49,quantile,0.7,12.0
2026-08-29,wk inc covid hosp,0,2026-08-29,49,quantile,0.75,12.0
2026-08-29,wk inc covid hosp,0,2026-08-29,49,quantile,0.8,13.0
2026-08-29,wk inc covid hosp,0,2026-08-29,49,quantile,0.85,14.0
2026-08-29,wk inc covid hosp,0,2026-08-29,49,quantile,0.9,15.0
2026-08-29,wk inc covid hosp,0,2026-08-29,49,quantile,0.95,18.0
2026-08-29,wk inc covid hosp,0,2026-08-29,49,quantile,0.975,27.0
2026-08-29,wk inc covid hosp,0,2026-08-29,49,quantile,0.99,37.0
2026-08-29,wk inc covid hosp,0,2026-08-29,50,quantile,0.01,0.0
2026-08-29,wk inc covid hosp,0,2026-08-29,50,quantile,0.025,0.0
2026-08-29,wk inc covid hosp,0,2026-08-29,50,quantile,0.05,0.0
2026-08-29,wk inc covid hosp,0,2026-08-29,50,quantile,0.1,0.0
2026-08-29,wk inc covid hosp,0,2026-08-29,50,quantile,0.15,0.0
2026-08-29,wk inc covid hosp,0,2026-08-29,50,quantile,0.2,0.0
2026-08-29,wk inc covid hosp,0,2026-08-29,50,quantile,0.25,0.0
2026-08-29,wk inc covid hosp,0,2026-08-29,50,quantile,0.3,0.0
2026-08-29,wk inc covid hosp,0,2026-08-29,50,quantile,0.35,1.0
2026-08-29,wk inc covid hosp,0,2026-08-29,50,quantile,0.4,1.0
2026-08-29,wk inc covid hosp,0,2026-08-29,50,quantile,0.45,1.0
2026-08-29,wk inc covid hosp,0,2026-08-29,50,quantile,0.5,1.0
2026-08-29,wk inc covid hosp,0,2026-08-29,50,quantile,0.55,1.0
2026-08-29,wk inc covid hosp,0,2026-08-29,50,quantile,0.6,1.0
2026-08-29,wk inc covid hosp,0,2026-08-29,50,quantile,0.65,2.0
2026-08-29,wk inc covid hosp,0,2026-08-29,50,quantile,0.7,2.0
2026-08-29,wk inc covid hosp,0,2026-08-29,50,quantile,0.75,2.0
2026-08-29,wk inc covid hosp,0,2026-08-29,50,quantile,0.8,2.0
2026-08-29,wk inc covid hosp,0,2026-08-29,50,quantile,0.85,3.0
2026-08-29,wk inc covid hosp,0,2026-08-29,50,quantile,0.9,3.0
2026-08-29,wk inc covid hosp,0,2026-08-29,50,quantile,0.95,4.0
2026-08-29,wk inc covid hosp,0,2026-08-29,50,quantile,0.975,5.0
2026-08-29,wk inc covid hosp,0,2026-08-29,50,quantile,0.99,7.0
2026-08-29,wk inc covid hosp,0,2026-08-29,51,quantile,0.01,13.0
2026-08-29,wk inc covid hosp,0,2026-08-29,51,quantile,0.025,20.0
2026-08-29,wk inc covid hosp,0,2026-08-29,51,quantile,0.05,24.0
2026-08-29,wk inc covid hosp,0,2026-08-29,51,quantile,0.1,26.0
2026-08-29,wk inc covid hosp,0,2026-08-29,51,quantile,0.15,31.0
2026-08-29,wk inc covid hosp,0,2026-08-29,51,quantile,0.2,32.0
2026-08-29,wk inc covid hosp,0,2026-08-29,51,quantile,0.25,32.0
2026-08-29,wk inc covid hosp,0,2026-08-29,51,quantile,0.3,33.0
2026-08-29,wk inc covid hosp,0,2026-08-29,51,quantile,0.35,34.0
2026-08-29,wk inc covid hosp,0,2026-08-29,51,quantile,0.4,34.0
2026-08-29,wk inc covid hosp,0,2026-08-29,51,quantile,0.45,36.0
2026-08-29,wk inc covid hosp,0,2026-08-29,51,quantile,0.5,37.0
2026-08-29,wk inc covid hosp,0,2026-08-29,51,quantile,0.55,40.0
2026-08-29,wk inc covid hosp,0,2026-08-29,51,quantile,0.6,40.0
2026-08-29,wk inc covid hosp,0,2026-08-29,51,quantile,0.65,41.0
2026-08-29,wk inc covid hosp,0,2026-08-29,51,quantile,0.7,44.0
2026-08-29,wk inc covid hosp,0,2026-08-29,51,quantile,0.75,45.0
2026-08-29,wk inc covid hosp,0,2026-08-29,51,quantile,0.8,51.0
2026-08-29,wk inc covid hosp,0,2026-08-29,51,quantile,0.85,52.0
2026-08-29,wk inc covid hosp,0,2026-08-29,51,quantile,0.9,56.0
2026-08-29,wk inc covid hosp,0,2026-08-29,51,quantile,0.95,67.0
2026-08-29,wk inc covid hosp,0,2026-08-29,51,quantile,0.975,83.0
2026-08-29,wk inc covid hosp,0,2026-08-29,51,quantile,0.99,103.0
2026-08-29,wk inc covid hosp,0,2026-08-29,53,quantile,0.01,22.0
2026-08-29,wk inc covid hosp,0,2026-08-29,53,quantile,0.025,30.0
2026-08-29,wk inc covid hosp,0,2026-08-29,53,quantile,0.05,34.0
2026-08-29,wk inc covid hosp,0,2026-08-29,53,quantile,0.1,39.0
2026-08-29,wk inc covid hosp,0,2026-08-29,53,quantile,0.15,47.0
2026-08-29,wk inc covid hosp,0,2026-08-29,53,quantile,0.2,50.0
2026-08-29,wk inc covid hosp,0,2026-08-29,53,quantile,0.25,53.0
2026-08-29,wk inc covid hosp,0,2026-08-29,53,quantile,0.3,53.0
2026-08-29,wk inc covid hosp,0,2026-08-29,53,quantile,0.35,54.0
2026-08-29,wk inc covid hosp,0,2026-08-29,53,quantile,0.4,54.0
2026-08-29,wk inc covid hosp,0,2026-08-29,53,quantile,0.45,54.0
2026-08-29,wk inc covid hosp,0,2026-08-29,53,quantile,0.5,55.0
2026-08-29,wk inc covid hosp,0,2026-08-29,53,quantile,0.55,56.0
2026-08-29,wk inc covid hosp,0,2026-08-29,53,quantile,0.6,58.0
2026-08-29,wk inc covid hosp,0,2026-08-29,53,quantile,0.65,59.0
2026-08-29,wk inc covid hosp,0,2026-08-29,53,quantile,0.7,59.0
2026-08-29,wk inc covid hosp,0,2026-08-29,53,quantile,0.75,61.0
2026-08-29,wk inc covid hosp,0,2026-08-29,53,quantile,0.8,61.0
2026-08-29,wk inc covid hosp,0,2026-08-29,53,quantile,0.85,63.0
2026-08-29,wk inc covid hosp,0,2026-08-29,53,quantile,0.9,73.0
2026-08-29,wk inc covid hosp,0,2026-08-29,53,quantile,0.95,97.0
2026-08-29,wk inc covid hosp,0,2026-08-29,53,quantile,0.975,108.0
2026-08-29,wk inc covid hosp,0,2026-08-29,53,quantile,0.99,117.0
2026-08-29,wk inc covid hosp,0,2026-08-29,54,quantile,0.01,0.0
2026-08-29,wk inc covid hosp,0,2026-08-29,54,quantile,0.025,0.0
2026-08-29,wk inc covid hosp,0,2026-08-29,54,quantile,0.05,1.0
2026-08-29,wk inc covid hosp,0,2026-08-29,54,quantile,0.1,2.0
2026-08-29,wk inc covid hosp,0,2026-08-29,54,quantile,0.15,2.0
2026-08-29,wk inc covid hosp,0,2026-08-29,54,quantile,0.2,2.0
2026-08-29,wk inc covid hosp,0,2026-08-29,54,quantile,0.25,3.0
2026-08-29,wk inc covid hosp,0,2026-08-29,54,quantile,0.3,3.0
2026-08-29,wk inc covid hosp,0,2026-08-29,54,quantile,0.35,4.0
2026-08-29,wk inc covid hosp,0,2026-08-29,54,quantile,0.4,4.0
2026-08-29,wk inc covid hosp,0,2026-08-29,54,quantile,0.45,4.0
2026-08-29,wk inc covid hosp,0,2026-08-29,54,quantile,0.5,4.0
2026-08-29,wk inc covid hosp,0,2026-08-29,54,quantile,0.55,4.0
2026-08-29,wk inc covid hosp,0,2026-08-29,54,quantile,0.6,4.0
2026-08-29,wk inc covid hosp,0,2026-08-29,54,quantile,0.65,4.0
2026-08-29,wk inc covid hosp,0,2026-08-29,54,quantile,0.7,5.0
2026-08-29,wk inc covid hosp,0,2026-08-29,54,quantile,0.75,5.0
2026-08-29,wk inc covid hosp,0,2026-08-29,54,quantile,0.8,6.0
2026-08-29,wk inc covid hosp,0,2026-08-29,54,quantile,0.85,6.0
2026-08-29,wk inc covid hosp,0,2026-08-29,54,quantile,0.9,7.0
2026-08-29,wk inc covid hosp,0,2026-08-29,54,quantile,0.95,10.0
2026-08-29,wk inc covid hosp,0,2026-08-29,54,quantile,0.975,14.0
2026-08-29,wk inc covid hosp,0,2026-08-29,54,quantile,0.99,20.0
2026-08-29,wk inc covid hosp,0,2026-08-29,55,quantile,0.01,5.0
2026-08-29,wk inc covid hosp,0,2026-08-29,55,quantile,0.025,7.0
2026-08-29,wk inc covid hosp,0,2026-08-29,55,quantile,0.05,8.0
2026-08-29,wk inc covid hosp,0,2026-08-29,55,quantile,0.1,9.0
2026-08-29,wk inc covid hosp,0,2026-08-29,55,quantile,0.15,11.0
2026-08-29,wk inc covid hosp,0,2026-08-29,55,quantile,0.2,11.0
2026-08-29,wk inc covid hosp,0,2026-08-29,55,quantile,0.25,11.0
2026-08-29,wk inc covid hosp,0,2026-08-29,55,quantile,0.3,11.0
2026-08-29,wk inc covid hosp,0,2026-08-29,55,quantile,0.35,12.0
2026-08-29,wk inc covid hosp,0,2026-08-29,55,quantile,0.4,12.0
2026-08-29,wk inc covid hosp,0,2026-08-29,55,quantile,0.45,12.0
2026-08-29,wk inc covid hosp,0,2026-08-29,55,quantile,0.5,13.0
2026-08-29,wk inc covid hosp,0,2026-08-29,55,quantile,0.55,13.0
2026-08-29,wk inc covid hosp,0,2026-08-29,55,quantile,0.6,13.0
2026-08-29,wk inc covid hosp,0,2026-08-29,55,quantile,0.65,13.0
2026-08-29,wk inc covid hosp,0,2026-08-29,55,quantile,0.7,16.0
2026-08-29,wk inc covid hosp,0,2026-08-29,55,quantile,0.75,17.0
2026-08-29,wk inc covid hosp,0,2026-08-29,55,quantile,0.8,19.0
2026-08-29,wk inc covid hosp,0,2026-08-29,55,quantile,0.85,21.0
2026-08-29,wk inc covid hosp,0,2026-08-29,55,quantile,0.9,24.0
2026-08-29,wk inc covid hosp,0,2026-08-29,55,quantile,0.95,30.0
2026-08-29,wk inc covid hosp,0,2026-08-29,55,quantile,0.975,41.0
2026-08-29,wk inc covid hosp,0,2026-08-29,55,quantile,0.99,63.0
2026-08-29,wk inc covid hosp,0,2026-08-29,56,quantile,0.01,0.0
2026-08-29,wk inc covid hosp,0,2026-08-29,56,quantile,0.025,0.0
2026-08-29,wk inc covid hosp,0,2026-08-29,56,quantile,0.05,0.0
2026-08-29,wk inc covid hosp,0,2026-08-29,56,quantile,0.1,0.0
2026-08-29,wk inc covid hosp,0,2026-08-29,56,quantile,0.15,0.0
2026-08-29,wk inc covid hosp,0,2026-08-29,56,quantile,0.2,0.0
2026-08-29,wk inc covid hosp,0,2026-08-29,56,quantile,0.25,0.0
2026-08-29,wk inc covid hosp,0,2026-08-29,56,quantile,0.3,1.0
2026-08-29,wk inc covid hosp,0,2026-08-29,56,quantile,0.35,1.0
2026-08-29,wk inc covid hosp,0,2026-08-29,56,quantile,0.4,1.0
2026-08-29,wk inc covid hosp,0,2026-08-29,56,quantile,0.45,1.0
2026-08-29,wk inc covid hosp,0,2026-08-29,56,quantile,0.5,1.0
2026-08-29,wk inc covid hosp,0,2026-08-29,56,quantile,0.55,1.0
2026-08-29,wk inc covid hosp,0,2026-08-29,56,quantile,0.6,1.0
2026-08-29,wk inc covid hosp,0,2026-08-29,56,quantile,0.65,1.0
2026-08-29,wk inc covid hosp,0,2026-08-29,56,quantile,0.7,2.0
2026-08-29,wk inc covid hosp,0,2026-08-29,56,quantile,0.75,2.0
2026-08-29,wk inc covid hosp,0,2026-08-29,56,quantile,0.8,2.0
2026-08-29,wk inc covid hosp,0,2026-08-29,56,quantile,0.85,3.0
2026-08-29,wk inc covid hosp,0,2026-08-29,56,quantile,0.9,3.0
2026-08-29,wk inc covid hosp,0,2026-08-29,56,quantile,0.95,4.0
2026-08-29,wk inc covid hosp,0,2026-08-29,56,quantile,0.975,5.0
2026-08-29,wk inc covid hosp,0,2026-08-29,56,quantile,0.99,8.0
2026-08-29,wk inc covid hosp,0,2026-08-29,72,quantile,0.01,42.0
2026-08-29,wk inc covid hosp,0,2026-08-29,72,quantile,0.025,51.0
2026-08-29,wk inc covid hosp,0,2026-08-29,72,quantile,0.05,58.0
2026-08-29,wk inc covid hosp,0,2026-08-29,72,quantile,0.1,70.0
2026-08-29,wk inc covid hosp,0,2026-08-29,72,quantile,0.15,76.0
2026-08-29,wk inc covid hosp,0,2026-08-29,72,quantile,0.2,79.0
2026-08-29,wk inc covid hosp,0,2026-08-29,72,quantile,0.25,79.0
2026-08-29,wk inc covid hosp,0,2026-08-29,72,quantile,0.3,85.0
2026-08-29,wk inc covid hosp,0,2026-08-29,72,quantile,0.35,88.0
2026-08-29,wk inc covid hosp,0,2026-08-29,72,quantile,0.4,94.0
2026-08-29,wk inc covid hosp,0,2026-08-29,72,quantile,0.45,111.0
2026-08-29,wk inc covid hosp,0,2026-08-29,72,quantile,0.5,112.0
2026-08-29,wk inc covid hosp,0,2026-08-29,72,quantile,0.55,113.0
2026-08-29,wk inc covid hosp,0,2026-08-29,72,quantile,0.6,116.0
2026-08-29,wk inc covid hosp,0,2026-08-29,72,quantile,0.65,123.0
2026-08-29,wk inc covid hosp,0,2026-08-29,72,quantile,0.7,129.0
2026-08-29,wk inc covid hosp,0,2026-08-29,72,quantile,0.75,141.0
2026-08-29,wk inc covid hosp,0,2026-08-29,72,quantile,0.8,150.0
2026-08-29,wk inc covid hosp,0,2026-08-29,72,quantile,0.85,154.0
2026-08-29,wk inc covid hosp,0,2026-08-29,72,quantile,0.9,170.0
2026-08-29,wk inc covid hosp,0,2026-08-29,72,quantile,0.95,182.0
2026-08-29,wk inc covid hosp,0,2026-08-29,72,quantile,0.975,183.0
2026-08-29,wk inc covid hosp,0,2026-08-29,72,quantile,0.99,197.0
2026-08-29,wk inc covid hosp,1,2026-09-05,01,quantile,0.01,20.0
2026-08-29,wk inc covid hosp,1,2026-09-05,01,quantile,0.025,30.0
2026-08-29,wk inc covid hosp,1,2026-09-05,01,quantile,0.05,37.0
2026-08-29,wk inc covid hosp,1,2026-09-05,01,quantile,0.1,47.0
2026-08-29,wk inc covid hosp,1,2026-09-05,01,quantile,0.15,52.0
2026-08-29,wk inc covid hosp,1,2026-09-05,01,quantile,0.2,57.0
2026-08-29,wk inc covid hosp,1,2026-09-05,01,quantile,0.25,62.0
2026-08-29,wk inc covid hosp,1,2026-09-05,01,quantile,0.3,67.0
2026-08-29,wk inc covid hosp,1,2026-09-05,01,quantile,0.35,68.0
2026-08-29,wk inc covid hosp,1,2026-09-05,01,quantile,0.4,69.0
2026-08-29,wk inc covid hosp,1,2026-09-05,01,quantile,0.45,70.0
2026-08-29,wk inc covid hosp,1,2026-09-05,01,quantile,0.5,71.0
2026-08-29,wk inc covid hosp,1,2026-09-05,01,quantile,0.55,75.0
2026-08-29,wk inc covid hosp,1,2026-09-05,01,quantile,0.6,75.0
2026-08-29,wk inc covid hosp,1,2026-09-05,01,quantile,0.65,78.0
2026-08-29,wk inc covid hosp,1,2026-09-05,01,quantile,0.7,78.0
2026-08-29,wk inc covid hosp,1,2026-09-05,01,quantile,0.75,81.0
2026-08-29,wk inc covid hosp,1,2026-09-05,01,quantile,0.8,82.0
2026-08-29,wk inc covid hosp,1,2026-09-05,01,quantile,0.85,82.0
2026-08-29,wk inc covid hosp,1,2026-09-05,01,quantile,0.9,88.0
2026-08-29,wk inc covid hosp,1,2026-09-05,01,quantile,0.95,101.0
2026-08-29,wk inc covid hosp,1,2026-09-05,01,quantile,0.975,117.0
2026-08-29,wk inc covid hosp,1,2026-09-05,01,quantile,0.99,128.0
2026-08-29,wk inc covid hosp,1,2026-09-05,02,quantile,0.01,0.0
2026-08-29,wk inc covid hosp,1,2026-09-05,02,quantile,0.025,1.0
2026-08-29,wk inc covid hosp,1,2026-09-05,02,quantile,0.05,1.0
2026-08-29,wk inc covid hosp,1,2026-09-05,02,quantile,0.1,2.0
2026-08-29,wk inc covid hosp,1,2026-09-05,02,quantile,0.15,2.0
2026-08-29,wk inc covid hosp,1,2026-09-05,02,quantile,0.2,2.0
2026-08-29,wk inc covid hosp,1,2026-09-05,02,quantile,0.25,3.0
2026-08-29,wk inc covid hosp,1,2026-09-05,02,quantile,0.3,3.0
2026-08-29,wk inc covid hosp,1,2026-09-05,02,quantile,0.35,3.0
2026-08-29,wk inc covid hosp,1,2026-09-05,02,quantile,0.4,3.0
2026-08-29,wk inc covid hosp,1,2026-09-05,02,quantile,0.45,3.0
2026-08-29,wk inc covid hosp,1,2026-09-05,02,quantile,0.5,3.0
2026-08-29,wk inc covid hosp,1,2026-09-05,02,quantile,0.55,4.0
2026-08-29,wk inc covid hosp,1,2026-09-05,02,quantile,0.6,4.0
2026-08-29,wk inc covid hosp,1,2026-09-05,02,quantile,0.65,4.0
2026-08-29,wk inc covid hosp,1,2026-09-05,02,quantile,0.7,4.0
2026-08-29,wk inc covid hosp,1,2026-09-05,02,quantile,0.75,4.0
2026-08-29,wk inc covid hosp,1,2026-09-05,02,quantile,0.8,4.0
2026-08-29,wk inc covid hosp,1,2026-09-05,02,quantile,0.85,5.0
2026-08-29,wk inc covid hosp,1,2026-09-05,02,quantile,0.9,5.0
2026-08-29,wk inc covid hosp,1,2026-09-05,02,quantile,0.95,6.0
2026-08-29,wk inc covid hosp,1,2026-09-05,02,quantile,0.975,7.0
2026-08-29,wk inc covid hosp,1,2026-09-05,02,quantile,0.99,8.0
2026-08-29,wk inc covid hosp,1,2026-09-05,04,quantile,0.01,19.0
2026-08-29,wk inc covid hosp,1,2026-09-05,04,quantile,0.025,26.0
2026-08-29,wk inc covid hosp,1,2026-09-05,04,quantile,0.05,30.0
2026-08-29,wk inc covid hosp,1,2026-09-05,04,quantile,0.1,39.0
2026-08-29,wk inc covid hosp,1,2026-09-05,04,quantile,0.15,45.0
2026-08-29,wk inc covid hosp,1,2026-09-05,04,quantile,0.2,51.0
2026-08-29,wk inc covid hosp,1,2026-09-05,04,quantile,0.25,52.0
2026-08-29,wk inc covid hosp,1,2026-09-05,04,quantile,0.3,53.0
2026-08-29,wk inc covid hosp,1,2026-09-05,04,quantile,0.35,54.0
2026-08-29,wk inc covid hosp,1,2026-09-05,04,quantile,0.4,55.0
2026-08-29,wk inc covid hosp,1,2026-09-05,04,quantile,0.45,55.0
2026-08-29,wk inc covid hosp,1,2026-09-05,04,quantile,0.5,56.0
2026-08-29,wk inc covid hosp,1,2026-09-05,04,quantile,0.55,57.0
2026-08-29,wk inc covid hosp,1,2026-09-05,04,quantile,0.6,58.0
2026-08-29,wk inc covid hosp,1,2026-09-05,04,quantile,0.65,58.0
2026-08-29,wk inc covid hosp,1,2026-09-05,04,quantile,0.7,59.0
2026-08-29,wk inc covid hosp,1,2026-09-05,04,quantile,0.75,62.0
2026-08-29,wk inc covid hosp,1,2026-09-05,04,quantile,0.8,62.0
2026-08-29,wk inc covid hosp,1,2026-09-05,04,quantile,0.85,62.0
2026-08-29,wk inc covid hosp,1,2026-09-05,04,quantile,0.9,67.0
2026-08-29,wk inc covid hosp,1,2026-09-05,04,quantile,0.95,75.0
2026-08-29,wk inc covid hosp,1,2026-09-05,04,quantile,0.975,90.0
2026-08-29,wk inc covid hosp,1,2026-09-05,04,quantile,0.99,109.0
2026-08-29,wk inc covid hosp,1,2026-09-05,05,quantile,0.01,2.0
2026-08-29,wk inc covid hosp,1,2026-09-05,05,quantile,0.025,4.0
2026-08-29,wk inc covid hosp,1,2026-09-05,05,quantile,0.05,6.0
2026-08-29,wk inc covid hosp,1,2026-09-05,05,quantile,0.1,8.0
2026-08-29,wk inc covid hosp,1,2026-09-05,05,quantile,0.15,8.0
2026-08-29,wk inc covid hosp,1,2026-09-05,05,quantile,0.2,10.0
2026-08-29,wk inc covid hosp,1,2026-09-05,05,quantile,0.25,10.0
2026-08-29,wk inc covid hosp,1,2026-09-05,05,quantile,0.3,11.0
2026-08-29,wk inc covid hosp,1,2026-09-05,05,quantile,0.35,11.0
2026-08-29,wk inc covid hosp,1,2026-09-05,05,quantile,0.4,11.0
2026-08-29,wk inc covid hosp,1,2026-09-05,05,quantile,0.45,11.0
2026-08-29,wk inc covid hosp,1,2026-09-05,05,quantile,0.5,12.0
2026-08-29,wk inc covid hosp,1,2026-09-05,05,quantile,0.55,14.0
2026-08-29,wk inc covid hosp,1,2026-09-05,05,quantile,0.6,14.0
2026-08-29,wk inc covid hosp,1,2026-09-05,05,quantile,0.65,15.0
2026-08-29,wk inc covid hosp,1,2026-09-05,05,quantile,0.7,16.0
2026-08-29,wk inc covid hosp,1,2026-09-05,05,quantile,0.75,17.0
2026-08-29,wk inc covid hosp,1,2026-09-05,05,quantile,0.8,19.0
2026-08-29,wk inc covid hosp,1,2026-09-05,05,quantile,0.85,19.0
2026-08-29,wk inc covid hosp,1,2026-09-05,05,quantile,0.9,20.0
2026-08-29,wk inc covid hosp,1,2026-09-05,05,quantile,0.95,22.0
2026-08-29,wk inc covid hosp,1,2026-09-05,05,quantile,0.975,24.0
2026-08-29,wk inc covid hosp,1,2026-09-05,05,quantile,0.99,33.0
2026-08-29,wk inc covid hosp,1,2026-09-05,06,quantile,0.01,187.0
2026-08-29,wk inc covid hosp,1,2026-09-05,06,quantile,0.025,258.0
2026-08-29,wk inc covid hosp,1,2026-09-05,06,quantile,0.05,288.0
2026-08-29,wk inc covid hosp,1,2026-09-05,06,quantile,0.1,371.0
2026-08-29,wk inc covid hosp,1,2026-09-05,06,quantile,0.15,405.0
2026-08-29,wk inc covid hosp,1,2026-09-05,06,quantile,0.2,420.0
2026-08-29,wk inc covid hosp,1,2026-09-05,06,quantile,0.25,437.0
2026-08-29,wk inc covid hosp,1,2026-09-05,06,quantile,0.3,478.0
2026-08-29,wk inc covid hosp,1,2026-09-05,06,quantile,0.35,481.0
2026-08-29,wk inc covid hosp,1,2026-09-05,06,quantile,0.4,493.0
2026-08-29,wk inc covid hosp,1,2026-09-05,06,quantile,0.45,495.0
2026-08-29,wk inc covid hosp,1,2026-09-05,06,quantile,0.5,509.0
2026-08-29,wk inc covid hosp,1,2026-09-05,06,quantile,0.55,518.0
2026-08-29,wk inc covid hosp,1,2026-09-05,06,quantile,0.6,529.0
2026-08-29,wk inc covid hosp,1,2026-09-05,06,quantile,0.65,530.0
2026-08-29,wk inc covid hosp,1,2026-09-05,06,quantile,0.7,538.0
2026-08-29,wk inc covid hosp,1,2026-09-05,06,quantile,0.75,549.0
2026-08-29,wk inc covid hosp,1,2026-09-05,06,quantile,0.8,567.0
2026-08-29,wk inc covid hosp,1,2026-09-05,06,quantile,0.85,625.0
2026-08-29,wk inc covid hosp,1,2026-09-05,06,quantile,0.9,686.0
2026-08-29,wk inc covid hosp,1,2026-09-05,06,quantile,0.95,839.0
2026-08-29,wk inc covid hosp,1,2026-09-05,06,quantile,0.975,965.0
2026-08-29,wk inc covid hosp,1,2026-09-05,06,quantile,0.99,1024.0
2026-08-29,wk inc covid hosp,1,2026-09-05,08,quantile,0.01,7.0
2026-08-29,wk inc covid hosp,1,2026-09-05,08,quantile,0.025,10.0
2026-08-29,wk inc covid hosp,1,2026-09-05,08,quantile,0.05,14.0
2026-08-29,wk inc covid hosp,1,2026-09-05,08,quantile,0.1,17.0
2026-08-29,wk inc covid hosp,1,2026-09-05,08,quantile,0.15,21.0
2026-08-29,wk inc covid hosp,1,2026-09-05,08,quantile,0.2,21.0
2026-08-29,wk inc covid hosp,1,2026-09-05,08,quantile,0.25,21.0
2026-08-29,wk inc covid hosp,1,2026-09-05,08,quantile,0.3,22.0
2026-08-29,wk inc covid hosp,1,2026-09-05,08,quantile,0.35,22.0
2026-08-29,wk inc covid hosp,1,2026-09-05,08,quantile,0.4,22.0
2026-08-29,wk inc covid hosp,1,2026-09-05,08,quantile,0.45,23.0
2026-08-29,wk inc covid hosp,1,2026-09-05,08,quantile,0.5,24.0
2026-08-29,wk inc covid hosp,1,2026-09-05,08,quantile,0.55,26.0
2026-08-29,wk inc covid hosp,1,2026-09-05,08,quantile,0.6,26.0
2026-08-29,wk inc covid hosp,1,2026-09-05,08,quantile,0.65,28.0
2026-08-29,wk inc covid hosp,1,2026-09-05,08,quantile,0.7,28.0
2026-08-29,wk inc covid hosp,1,2026-09-05,08,quantile,0.75,30.0
2026-08-29,wk inc covid hosp,1,2026-09-05,08,quantile,0.8,33.0
2026-08-29,wk inc covid hosp,1,2026-09-05,08,quantile,0.85,33.0
2026-08-29,wk inc covid hosp,1,2026-09-05,08,quantile,0.9,34.0
2026-08-29,wk inc covid hosp,1,2026-09-05,08,quantile,0.95,39.0
2026-08-29,wk inc covid hosp,1,2026-09-05,08,quantile,0.975,50.0
2026-08-29,wk inc covid hosp,1,2026-09-05,08,quantile,0.99,68.0
2026-08-29,wk inc covid hosp,1,2026-09-05,09,quantile,0.01,2.0
2026-08-29,wk inc covid hosp,1,2026-09-05,09,quantile,0.025,4.0
2026-08-29,wk inc covid hosp,1,2026-09-05,09,quantile,0.05,6.0
2026-08-29,wk inc covid hosp,1,2026-09-05,09,quantile,0.1,8.0
2026-08-29,wk inc covid hosp,1,2026-09-05,09,quantile,0.15,8.0
2026-08-29,wk inc covid hosp,1,2026-09-05,09,quantile,0.2,10.0
2026-08-29,wk inc covid hosp,1,2026-09-05,09,quantile,0.25,10.0
2026-08-29,wk inc covid hosp,1,2026-09-05,09,quantile,0.3,11.0
2026-08-29,wk inc covid hosp,1,2026-09-05,09,quantile,0.35,11.0
2026-08-29,wk inc covid hosp,1,2026-09-05,09,quantile,0.4,11.0
2026-08-29,wk inc covid hosp,1,2026-09-05,09,quantile,0.45,11.0
2026-08-29,wk inc covid hosp,1,2026-09-05,09,quantile,0.5,11.0
2026-08-29,wk inc covid hosp,1,2026-09-05,09,quantile,0.55,12.0
2026-08-29,wk inc covid hosp,1,2026-09-05,09,quantile,0.6,12.0
2026-08-29,wk inc covid hosp,1,2026-09-05,09,quantile,0.65,13.0
2026-08-29,wk inc covid hosp,1,2026-09-05,09,quantile,0.7,14.0
2026-08-29,wk inc covid hosp,1,2026-09-05,09,quantile,0.75,15.0
2026-08-29,wk inc covid hosp,1,2026-09-05,09,quantile,0.8,16.0
2026-08-29,wk inc covid hosp,1,2026-09-05,09,quantile,0.85,17.0
2026-08-29,wk inc covid hosp,1,2026-09-05,09,quantile,0.9,18.0
2026-08-29,wk inc covid hosp,1,2026-09-05,09,quantile,0.95,20.0
2026-08-29,wk inc covid hosp,1,2026-09-05,09,quantile,0.975,26.0
2026-08-29,wk inc covid hosp,1,2026-09-05,09,quantile,0.99,39.0
2026-08-29,wk inc covid hosp,1,2026-09-05,10,quantile,0.01,0.0
2026-08-29,wk inc covid hosp,1,2026-09-05,10,quantile,0.025,0.0
2026-08-29,wk inc covid hosp,1,2026-09-05,10,quantile,0.05,1.0
2026-08-29,wk inc covid hosp,1,2026-09-05,10,quantile,0.1,1.0
2026-08-29,wk inc covid hosp,1,2026-09-05,10,quantile,0.15,1.0
2026-08-29,wk inc covid hosp,1,2026-09-05,10,quantile,0.2,2.0
2026-08-29,wk inc covid hosp,1,2026-09-05,10,quantile,0.25,2.0
2026-08-29,wk inc covid hosp,1,2026-09-05,10,quantile,0.3,2.0
2026-08-29,wk inc covid hosp,1,2026-09-05,10,quantile,0.35,3.0
2026-08-29,wk inc covid hosp,1,2026-09-05,10,quantile,0.4,3.0
2026-08-29,wk inc covid hosp,1,2026-09-05,10,quantile,0.45,3.0
2026-08-29,wk inc covid hosp,1,2026-09-05,10,quantile,0.5,3.0
2026-08-29,wk inc covid hosp,1,2026-09-05,10,quantile,0.55,3.0
2026-08-29,wk inc covid hosp,1,2026-09-05,10,quantile,0.6,4.0
2026-08-29,wk inc covid hosp,1,2026-09-05,10,quantile,0.65,4.0
2026-08-29,wk inc covid hosp,1,2026-09-05,10,quantile,0.7,4.0
2026-08-29,wk inc covid hosp,1,2026-09-05,10,quantile,0.75,4.0
2026-08-29,wk inc covid hosp,1,2026-09-05,10,quantile,0.8,5.0
2026-08-29,wk inc covid hosp,1,2026-09-05,10,quantile,0.85,5.0
2026-08-29,wk inc covid hosp,1,2026-09-05,10,quantile,0.9,6.0
2026-08-29,wk inc covid hosp,1,2026-09-05,10,quantile,0.95,9.0
2026-08-29,wk inc covid hosp,1,2026-09-05,10,quantile,0.975,12.0
2026-08-29,wk inc covid hosp,1,2026-09-05,10,quantile,0.99,15.0
2026-08-29,wk inc covid hosp,1,2026-09-05,11,quantile,0.01,0.0
2026-08-29,wk inc covid hosp,1,2026-09-05,11,quantile,0.025,0.0
2026-08-29,wk inc covid hosp,1,2026-09-05,11,quantile,0.05,1.0
2026-08-29,wk inc covid hosp,1,2026-09-05,11,quantile,0.1,1.0
2026-08-29,wk inc covid hosp,1,2026-09-05,11,quantile,0.15,2.0
2026-08-29,wk inc covid hosp,1,2026-09-05,11,quantile,0.2,2.0
2026-08-29,wk inc covid hosp,1,2026-09-05,11,quantile,0.25,3.0
2026-08-29,wk inc covid hosp,1,2026-09-05,11,quantile,0.3,3.0
2026-08-29,wk inc covid hosp,1,2026-09-05,11,quantile,0.35,4.0
2026-08-29,wk inc covid hosp,1,2026-09-05,11,quantile,0.4,4.0
2026-08-29,wk inc covid hosp,1,2026-09-05,11,quantile,0.45,4.0
2026-08-29,wk inc covid hosp,1,2026-09-05,11,quantile,0.5,5.0
2026-08-29,wk inc covid hosp,1,2026-09-05,11,quantile,0.55,6.0
2026-08-29,wk inc covid hosp,1,2026-09-05,11,quantile,0.6,6.0
2026-08-29,wk inc covid hosp,1,2026-09-05,11,quantile,0.65,7.0
2026-08-29,wk inc covid hosp,1,2026-09-05,11,quantile,0.7,7.0
2026-08-29,wk inc covid hosp,1,2026-09-05,11,quantile,0.75,8.0
2026-08-29,wk inc covid hosp,1,2026-09-05,11,quantile,0.8,8.0
2026-08-29,wk inc covid hosp,1,2026-09-05,11,quantile,0.85,8.0
2026-08-29,wk inc covid hosp,1,2026-09-05,11,quantile,0.9,9.0
2026-08-29,wk inc covid hosp,1,2026-09-05,11,quantile,0.95,13.0
2026-08-29,wk inc covid hosp,1,2026-09-05,11,quantile,0.975,15.0
2026-08-29,wk inc covid hosp,1,2026-09-05,11,quantile,0.99,16.0
2026-08-29,wk inc covid hosp,1,2026-09-05,12,quantile,0.01,122.0
2026-08-29,wk inc covid hosp,1,2026-09-05,12,quantile,0.025,169.0
2026-08-29,wk inc covid hosp,1,2026-09-05,12,quantile,0.05,192.0
2026-08-29,wk inc covid hosp,1,2026-09-05,12,quantile,0.1,219.0
2026-08-29,wk inc covid hosp,1,2026-09-05,12,quantile,0.15,247.0
2026-08-29,wk inc covid hosp,1,2026-09-05,12,quantile,0.2,256.0
2026-08-29,wk inc covid hosp,1,2026-09-05,12,quantile,0.25,272.0
2026-08-29,wk inc covid hosp,1,2026-09-05,12,quantile,0.3,278.0
2026-08-29,wk inc covid hosp,1,2026-09-05,12,quantile,0.35,287.0
2026-08-29,wk inc covid hosp,1,2026-09-05,12,quantile,0.4,296.0
2026-08-29,wk inc covid hosp,1,2026-09-05,12,quantile,0.45,317.0
2026-08-29,wk inc covid hosp,1,2026-09-05,12,quantile,0.5,318.0
2026-08-29,wk inc covid hosp,1,2026-09-05,12,quantile,0.55,324.0
2026-08-29,wk inc covid hosp,1,2026-09-05,12,quantile,0.6,328.0
2026-08-29,wk inc covid hosp,1,2026-09-05,12,quantile,0.65,343.0
2026-08-29,wk inc covid hosp,1,2026-09-05,12,quantile,0.7,366.0
2026-08-29,wk inc covid hosp,1,2026-09-05,12,quantile,0.75,392.0
2026-08-29,wk inc covid hosp,1,2026-09-05,12,quantile,0.8,414.0
2026-08-29,wk inc covid hosp,1,2026-09-05,12,quantile,0.85,434.0
2026-08-29,wk inc covid hosp,1,2026-09-05,12,quantile,0.9,481.0
2026-08-29,wk inc covid hosp,1,2026-09-05,12,quantile,0.95,603.0
2026-08-29,wk inc covid hosp,1,2026-09-05,12,quantile,0.975,679.0
2026-08-29,wk inc covid hosp,1,2026-09-05,12,quantile,0.99,744.0
2026-08-29,wk inc covid hosp,1,2026-09-05,13,quantile,0.01,39.0
2026-08-29,wk inc covid hosp,1,2026-09-05,13,quantile,0.025,55.0
2026-08-29,wk inc covid hosp,1,2026-09-05,13,quantile,0.05,63.0
2026-08-29,wk inc covid hosp,1,2026-09-05,13,quantile,0.1,76.0
2026-08-29,wk inc covid hosp,1,2026-09-05,13,quantile,0.15,86.0
2026-08-29,wk inc covid hosp,1,2026-09-05,13,quantile,0.2,93.0
2026-08-29,wk inc covid hosp,1,2026-09-05,13,quantile,0.25,94.0
2026-08-29,wk inc covid hosp,1,2026-09-05,13,quantile,0.3,94.0
2026-08-29,wk inc covid hosp,1,2026-09-05,13,quantile,0.35,94.0
2026-08-29,wk inc covid hosp,1,2026-09-05,13,quantile,0.4,97.0
2026-08-29,wk inc covid hosp,1,2026-09-05,13,quantile,0.45,102.0
2026-08-29,wk inc covid hosp,1,2026-09-05,13,quantile,0.5,103.0
2026-08-29,wk inc covid hosp,1,2026-09-05,13,quantile,0.55,103.0
2026-08-29,wk inc covid hosp,1,2026-09-05,13,quantile,0.6,104.0
2026-08-29,wk inc covid hosp,1,2026-09-05,13,quantile,0.65,106.0
2026-08-29,wk inc covid hosp,1,2026-09-05,13,quantile,0.7,109.0
2026-08-29,wk inc covid hosp,1,2026-09-05,13,quantile,0.75,111.0
2026-08-29,wk inc covid hosp,1,2026-09-05,13,quantile,0.8,112.0
2026-08-29,wk inc covid hosp,1,2026-09-05,13,quantile,0.85,113.0
2026-08-29,wk inc covid hosp,1,2026-09-05,13,quantile,0.9,125.0
2026-08-29,wk inc covid hosp,1,2026-09-05,13,quantile,0.95,154.0
2026-08-29,wk inc covid hosp,1,2026-09-05,13,quantile,0.975,174.0
2026-08-29,wk inc covid hosp,1,2026-09-05,13,quantile,0.99,189.0
2026-08-29,wk inc covid hosp,1,2026-09-05,15,quantile,0.01,6.0
2026-08-29,wk inc covid hosp,1,2026-09-05,15,quantile,0.025,8.0
2026-08-29,wk inc covid hosp,1,2026-09-05,15,quantile,0.05,8.0
2026-08-29,wk inc covid hosp,1,2026-09-05,15,quantile,0.1,10.0
2026-08-29,wk inc covid hosp,1,2026-09-05,15,quantile,0.15,12.0
2026-08-29,wk inc covid hosp,1,2026-09-05,15,quantile,0.2,13.0
2026-08-29,wk inc covid hosp,1,2026-09-05,15,quantile,0.25,15.0
2026-08-29,wk inc covid hosp,1,2026-09-05,15,quantile,0.3,17.0
2026-08-29,wk inc covid hosp,1,2026-09-05,15,quantile,0.35,17.0
2026-08-29,wk inc covid hosp,1,2026-09-05,15,quantile,0.4,18.0
2026-08-29,wk inc covid hosp,1,2026-09-05,15,quantile,0.45,19.0
2026-08-29,wk inc covid hosp,1,2026-09-05,15,quantile,0.5,19.0
2026-08-29,wk inc covid hosp,1,2026-09-05,15,quantile,0.55,20.0
2026-08-29,wk inc covid hosp,1,2026-09-05,15,quantile,0.6,21.0
2026-08-29,wk inc covid hosp,1,2026-09-05,15,quantile,0.65,22.0
2026-08-29,wk inc covid hosp,1,2026-09-05,15,quantile,0.7,26.0
2026-08-29,wk inc covid hosp,1,2026-09-05,15,quantile,0.75,28.0
2026-08-29,wk inc covid hosp,1,2026-09-05,15,quantile,0.8,29.0
2026-08-29,wk inc covid hosp,1,2026-09-05,15,quantile,0.85,32.0
2026-08-29,wk inc covid hosp,1,2026-09-05,15,quantile,0.9,33.0
2026-08-29,wk inc covid hosp,1,2026-09-05,15,quantile,0.95,42.0
2026-08-29,wk inc covid hosp,1,2026-09-05,15,quantile,0.975,45.0
2026-08-29,wk inc covid hosp,1,2026-09-05,15,quantile,0.99,51.0
2026-08-29,wk inc covid hosp,1,2026-09-05,16,quantile,0.01,0.0
2026-08-29,wk inc covid hosp,1,2026-09-05,16,quantile,0.025,1.0
2026-08-29,wk inc covid hosp,1,2026-09-05,16,quantile,0.05,2.0
2026-08-29,wk inc covid hosp,1,2026-09-05,16,quantile,0.1,2.0
2026-08-29,wk inc covid hosp,1,2026-09-05,16,quantile,0.15,3.0
2026-08-29,wk inc covid hosp,1,2026-09-05,16,quantile,0.2,3.0
2026-08-29,wk inc covid hosp,1,2026-09-05,16,quantile,0.25,3.0
2026-08-29,wk inc covid hosp,1,2026-09-05,16,quantile,0.3,3.0
2026-08-29,wk inc covid hosp,1,2026-09-05,16,quantile,0.35,3.0
2026-08-29,wk inc covid hosp,1,2026-09-05,16,quantile,0.4,3.0
2026-08-29,wk inc covid hosp,1,2026-09-05,16,quantile,0.45,4.0
2026-08-29,wk inc covid hosp,1,2026-09-05,16,quantile,0.5,4.0
2026-08-29,wk inc covid hosp,1,2026-09-05,16,quantile,0.55,5.0
2026-08-29,wk inc covid hosp,1,2026-09-05,16,quantile,0.6,5.0
2026-08-29,wk inc covid hosp,1,2026-09-05,16,quantile,0.65,5.0
2026-08-29,wk inc covid hosp,1,2026-09-05,16,quantile,0.7,6.0
2026-08-29,wk inc covid hosp,1,2026-09-05,16,quantile,0.75,6.0
2026-08-29,wk inc covid hosp,1,2026-09-05,16,quantile,0.8,7.0
2026-08-29,wk inc covid hosp,1,2026-09-05,16,quantile,0.85,8.0
2026-08-29,wk inc covid hosp,1,2026-09-05,16,quantile,0.9,9.0
2026-08-29,wk inc covid hosp,1,2026-09-05,16,quantile,0.95,10.0
2026-08-29,wk inc covid hosp,1,2026-09-05,16,quantile,0.975,13.0
2026-08-29,wk inc covid hosp,1,2026-09-05,16,quantile,0.99,19.0
2026-08-29,wk inc covid hosp,1,2026-09-05,17,quantile,0.01,17.0
2026-08-29,wk inc covid hosp,1,2026-09-05,17,quantile,0.025,24.0
2026-08-29,wk inc covid hosp,1,2026-09-05,17,quantile,0.05,27.0
2026-08-29,wk inc covid hosp,1,2026-09-05,17,quantile,0.1,35.0
2026-08-29,wk inc covid hosp,1,2026-09-05,17,quantile,0.15,36.0
2026-08-29,wk inc covid hosp,1,2026-09-05,17,quantile,0.2,37.0
2026-08-29,wk inc covid hosp,1,2026-09-05,17,quantile,0.25,38.0
2026-08-29,wk inc covid hosp,1,2026-09-05,17,quantile,0.3,38.0
2026-08-29,wk inc covid hosp,1,2026-09-05,17,quantile,0.35,38.0
2026-08-29,wk inc covid hosp,1,2026-09-05,17,quantile,0.4,40.0
2026-08-29,wk inc covid hosp,1,2026-09-05,17,quantile,0.45,41.0
2026-08-29,wk inc covid hosp,1,2026-09-05,17,quantile,0.5,42.0
2026-08-29,wk inc covid hosp,1,2026-09-05,17,quantile,0.55,43.0
2026-08-29,wk inc covid hosp,1,2026-09-05,17,quantile,0.6,43.0
2026-08-29,wk inc covid hosp,1,2026-09-05,17,quantile,0.65,45.0
2026-08-29,wk inc covid hosp,1,2026-09-05,17,quantile,0.7,46.0
2026-08-29,wk inc covid hosp,1,2026-09-05,17,quantile,0.75,47.0
2026-08-29,wk inc covid hosp,1,2026-09-05,17,quantile,0.8,51.0
2026-08-29,wk inc covid hosp,1,2026-09-05,17,quantile,0.85,57.0
2026-08-29,wk inc covid hosp,1,2026-09-05,17,quantile,0.9,62.0
2026-08-29,wk inc covid hosp,1,2026-09-05,17,quantile,0.95,88.0
2026-08-29,wk inc covid hosp,1,2026-09-05,17,quantile,0.975,103.0
2026-08-29,wk inc covid hosp,1,2026-09-05,17,quantile,0.99,137.0
2026-08-29,wk inc covid hosp,1,2026-09-05,18,quantile,0.01,5.0
2026-08-29,wk inc covid hosp,1,2026-09-05,18,quantile,0.025,5.0
2026-08-29,wk inc covid hosp,1,2026-09-05,18,quantile,0.05,10.0
2026-08-29,wk inc covid hosp,1,2026-09-05,18,quantile,0.1,11.0
2026-08-29,wk inc covid hosp,1,2026-09-05,18,quantile,0.15,13.0
2026-08-29,wk inc covid hosp,1,2026-09-05,18,quantile,0.2,13.0
2026-08-29,wk inc covid hosp,1,2026-09-05,18,quantile,0.25,15.0
2026-08-29,wk inc covid hosp,1,2026-09-05,18,quantile,0.3,17.0
2026-08-29,wk inc covid hosp,1,2026-09-05,18,quantile,0.35,18.0
2026-08-29,wk inc covid hosp,1,2026-09-05,18,quantile,0.4,19.0
2026-08-29,wk inc covid hosp,1,2026-09-05,18,quantile,0.45,19.0
2026-08-29,wk inc covid hosp,1,2026-09-05,18,quantile,0.5,20.0
2026-08-29,wk inc covid hosp,1,2026-09-05,18,quantile,0.55,20.0
2026-08-29,wk inc covid hosp,1,2026-09-05,18,quantile,0.6,20.0
2026-08-29,wk inc covid hosp,1,2026-09-05,18,quantile,0.65,20.0
2026-08-29,wk inc covid hosp,1,2026-09-05,18,quantile,0.7,21.0
2026-08-29,wk inc covid hosp,1,2026-09-05,18,quantile,0.75,22.0
2026-08-29,wk inc covid hosp,1,2026-09-05,18,quantile,0.8,24.0
2026-08-29,wk inc covid hosp,1,2026-09-05,18,quantile,0.85,25.0
2026-08-29,wk inc covid hosp,1,2026-09-05,18,quantile,0.9,28.0
2026-08-29,wk inc covid hosp,1,2026-09-05,18,quantile,0.95,34.0
2026-08-29,wk inc covid hosp,1,2026-09-05,18,quantile,0.975,46.0
2026-08-29,wk inc covid hosp,1,2026-09-05,18,quantile,0.99,72.0
2026-08-29,wk inc covid hosp,1,2026-09-05,19,quantile,0.01,1.0
2026-08-29,wk inc covid hosp,1,2026-09-05,19,quantile,0.025,2.0
2026-08-29,wk inc covid hosp,1,2026-09-05,19,quantile,0.05,3.0
2026-08-29,wk inc covid hosp,1,2026-09-05,19,quantile,0.1,3.0
2026-08-29,wk inc covid hosp,1,2026-09-05,19,quantile,0.15,4.0
2026-08-29,wk inc covid hosp,1,2026-09-05,19,quantile,0.2,4.0
2026-08-29,wk inc covid hosp,1,2026-09-05,19,quantile,0.25,5.0
2026-08-29,wk inc covid hosp,1,2026-09-05,19,quantile,0.3,5.0
2026-08-29,wk inc covid hosp,1,2026-09-05,19,quantile,0.35,6.0
2026-08-29,wk inc covid hosp,1,2026-09-05,19,quantile,0.4,6.0
2026-08-29,wk inc covid hosp,1,2026-09-05,19,quantile,0.45,6.0
2026-08-29,wk inc covid hosp,1,2026-09-05,19,quantile,0.5,7.0
2026-08-29,wk inc covid hosp,1,2026-09-05,19,quantile,0.55,7.0
2026-08-29,wk inc covid hosp,1,2026-09-05,19,quantile,0.6,8.0
2026-08-29,wk inc covid hosp,1,2026-09-05,19,quantile,0.65,8.0
2026-08-29,wk inc covid hosp,1,2026-09-05,19,quantile,0.7,9.0
2026-08-29,wk inc covid hosp,1,2026-09-05,19,quantile,0.75,9.0
2026-08-29,wk inc covid hosp,1,2026-09-05,19,quantile,0.8,10.0
2026-08-29,wk inc covid hosp,1,2026-09-05,19,quantile,0.85,11.0
2026-08-29,wk inc covid hosp,1,2026-09-05,19,quantile,0.9,11.0
2026-08-29,wk inc covid hosp,1,2026-09-05,19,quantile,0.95,14.0
2026-08-29,wk inc covid hosp,1,2026-09-05,19,quantile,0.975,21.0
2026-08-29,wk inc covid hosp,1,2026-09-05,19,quantile,0.99,33.0
2026-08-29,wk inc covid hosp,1,2026-09-05,20,quantile,0.01,2.0
2026-08-29,wk inc covid hosp,1,2026-09-05,20,quantile,0.025,3.0
2026-08-29,wk inc covid hosp,1,2026-09-05,20,quantile,0.05,5.0
2026-08-29,wk inc covid hosp,1,2026-09-05,20,quantile,0.1,6.0
2026-08-29,wk inc covid hosp,1,2026-09-05,20,quantile,0.15,6.0
2026-08-29,wk inc covid hosp,1,2026-09-05,20,quantile,0.2,7.0
2026-08-29,wk inc covid hosp,1,2026-09-05,20,quantile,0.25,7.0
2026-08-29,wk inc covid hosp,1,2026-09-05,20,quantile,0.3,7.0
2026-08-29,wk inc covid hosp,1,2026-09-05,20,quantile,0.35,7.0
2026-08-29,wk inc covid hosp,1,2026-09-05,20,quantile,0.4,8.0
2026-08-29,wk inc covid hosp,1,2026-09-05,20,quantile,0.45,9.0
2026-08-29,wk inc covid hosp,1,2026-09-05,20,quantile,0.5,9.0
2026-08-29,wk inc covid hosp,1,2026-09-05,20,quantile,0.55,9.0
2026-08-29,wk inc covid hosp,1,2026-09-05,20,quantile,0.6,10.0
2026-08-29,wk inc covid hosp,1,2026-09-05,20,quantile,0.65,10.0
2026-08-29,wk inc covid hosp,1,2026-09-05,20,quantile,0.7,10.0
2026-08-29,wk inc covid hosp,1,2026-09-05,20,quantile,0.75,10.0
2026-08-29,wk inc covid hosp,1,2026-09-05,20,quantile,0.8,11.0
2026-08-29,wk inc covid hosp,1,2026-09-05,20,quantile,0.85,12.0
2026-08-29,wk inc covid hosp,1,2026-09-05,20,quantile,0.9,13.0
2026-08-29,wk inc covid hosp,1,2026-09-05,20,quantile,0.95,15.0
2026-08-29,wk inc covid hosp,1,2026-09-05,20,quantile,0.975,20.0
2026-08-29,wk inc covid hosp,1,2026-09-05,20,quantile,0.99,28.0
2026-08-29,wk inc covid hosp,1,2026-09-05,21,quantile,0.01,5.0
2026-08-29,wk inc covid hosp,1,2026-09-05,21,quantile,0.025,7.0
2026-08-29,wk inc covid hosp,1,2026-09-05,21,quantile,0.05,9.0
2026-08-29,wk inc covid hosp,1,2026-09-05,21,quantile,0.1,12.0
2026-08-29,wk inc covid hosp,1,2026-09-05,21,quantile,0.15,13.0
2026-08-29,wk inc covid hosp,1,2026-09-05,21,quantile,0.2,13.0
2026-08-29,wk inc covid hosp,1,2026-09-05,21,quantile,0.25,14.0
2026-08-29,wk inc covid hosp,1,2026-09-05,21,quantile,0.3,15.0
2026-08-29,wk inc covid hosp,1,2026-09-05,21,quantile,0.35,16.0
2026-08-29,wk inc covid hosp,1,2026-09-05,21,quantile,0.4,17.0
2026-08-29,wk inc covid hosp,1,2026-09-05,21,quantile,0.45,17.0
2026-08-29,wk inc covid hosp,1,2026-09-05,21,quantile,0.5,17.0
2026-08-29,wk inc covid hosp,1,2026-09-05,21,quantile,0.55,17.0
2026-08-29,wk inc covid hosp,1,2026-09-05,21,quantile,0.6,17.0
2026-08-29,wk inc covid hosp,1,2026-09-05,21,quantile,0.65,18.0
2026-08-29,wk inc covid hosp,1,2026-09-05,21,quantile,0.7,18.0
2026-08-29,wk inc covid hosp,1,2026-09-05,21,quantile,0.75,19.0
2026-08-29,wk inc covid hosp,1,2026-09-05,21,quantile,0.8,21.0
2026-08-29,wk inc covid hosp,1,2026-09-05,21,quantile,0.85,22.0
2026-08-29,wk inc covid hosp,1,2026-09-05,21,quantile,0.9,25.0
2026-08-29,wk inc covid hosp,1,2026-09-05,21,quantile,0.95,30.0
2026-08-29,wk inc covid hosp,1,2026-09-05,21,quantile,0.975,36.0
2026-08-29,wk inc covid hosp,1,2026-09-05,21,quantile,0.99,49.0
2026-08-29,wk inc covid hosp,1,2026-09-05,22,quantile,0.01,19.0
2026-08-29,wk inc covid hosp,1,2026-09-05,22,quantile,0.025,27.0
2026-08-29,wk inc covid hosp,1,2026-09-05,22,quantile,0.05,32.0
2026-08-29,wk inc covid hosp,1,2026-09-05,22,quantile,0.1,42.0
2026-08-29,wk inc covid hosp,1,2026-09-05,22,quantile,0.15,44.0
2026-08-29,wk inc covid hosp,1,2026-09-05,22,quantile,0.2,47.0
2026-08-29,wk inc covid hosp,1,2026-09-05,22,quantile,0.25,54.0
2026-08-29,wk inc covid hosp,1,2026-09-05,22,quantile,0.3,60.0
2026-08-29,wk inc covid hosp,1,2026-09-05,22,quantile,0.35,60.0
2026-08-29,wk inc covid hosp,1,2026-09-05,22,quantile,0.4,61.0
2026-08-29,wk inc covid hosp,1,2026-09-05,22,quantile,0.45,61.0
2026-08-29,wk inc covid hosp,1,2026-09-05,22,quantile,0.5,65.0
2026-08-29,wk inc covid hosp,1,2026-09-05,22,quantile,0.55,66.0
2026-08-29,wk inc covid hosp,1,2026-09-05,22,quantile,0.6,68.0
2026-08-29,wk inc covid hosp,1,2026-09-05,22,quantile,0.65,69.0
2026-08-29,wk inc covid hosp,1,2026-09-05,22,quantile,0.7,70.0
2026-08-29,wk inc covid hosp,1,2026-09-05,22,quantile,0.75,71.0
2026-08-29,wk inc covid hosp,1,2026-09-05,22,quantile,0.8,74.0
2026-08-29,wk inc covid hosp,1,2026-09-05,22,quantile,0.85,75.0
2026-08-29,wk inc covid hosp,1,2026-09-05,22,quantile,0.9,83.0
2026-08-29,wk inc covid hosp,1,2026-09-05,22,quantile,0.95,98.0
2026-08-29,wk inc covid hosp,1,2026-09-05,22,quantile,0.975,117.0
2026-08-29,wk inc covid hosp,1,2026-09-05,22,quantile,0.99,131.0
2026-08-29,wk inc covid hosp,1,2026-09-05,23,quantile,0.01,0.0
2026-08-29,wk inc covid hosp,1,2026-09-05,23,quantile,0.025,0.0
2026-08-29,wk inc covid hosp,1,2026-09-05,23,quantile,0.05,0.0
2026-08-29,wk inc covid hosp,1,2026-09-05,23,quantile,0.1,1.0
2026-08-29,wk inc covid hosp,1,2026-09-05,23,quantile,0.15,1.0
2026-08-29,wk inc covid hosp,1,2026-09-05,23,quantile,0.2,1.0
2026-08-29,wk inc covid hosp,1,2026-09-05,23,quantile,0.25,1.0
2026-08-29,wk inc covid hosp,1,2026-09-05,23,quantile,0.3,1.0
2026-08-29,wk inc covid hosp,1,2026-09-05,23,quantile,0.35,1.0
2026-08-29,wk inc covid hosp,1,2026-09-05,23,quantile,0.4,2.0
2026-08-29,wk inc covid hosp,1,2026-09-05,23,quantile,0.45,2.0
2026-08-29,wk inc covid hosp,1,2026-09-05,23,quantile,0.5,2.0
2026-08-29,wk inc covid hosp,1,2026-09-05,23,quantile,0.55,2.0
2026-08-29,wk inc covid hosp,1,2026-09-05,23,quantile,0.6,3.0
2026-08-29,wk inc covid hosp,1,2026-09-05,23,quantile,0.65,3.0
2026-08-29,wk inc covid hosp,1,2026-09-05,23,quantile,0.7,3.0
2026-08-29,wk inc covid hosp,1,2026-09-05,23,quantile,0.75,3.0
2026-08-29,wk inc covid hosp,1,2026-09-05,23,quantile,0.8,4.0
2026-08-29,wk inc covid hosp,1,2026-09-05,23,quantile,0.85,4.0
2026-08-29,wk inc covid hosp,1,2026-09-05,23,quantile,0.9,5.0
2026-08-29,wk inc covid hosp,1,2026-09-05,23,quantile,0.95,7.0
2026-08-29,wk inc covid hosp,1,2026-09-05,23,quantile,0.975,12.0
2026-08-29,wk inc covid hosp,1,2026-09-05,23,quantile,0.99,22.0
2026-08-29,wk inc covid hosp,1,2026-09-05,24,quantile,0.01,5.0
2026-08-29,wk inc covid hosp,1,2026-09-05,24,quantile,0.025,8.0
2026-08-29,wk inc covid hosp,1,2026-09-05,24,quantile,0.05,11.0
2026-08-29,wk inc covid hosp,1,2026-09-05,24,quantile,0.1,11.0
2026-08-29,wk inc covid hosp,1,2026-09-05,24,quantile,0.15,11.0
2026-08-29,wk inc covid hosp,1,2026-09-05,24,quantile,0.2,11.0
2026-08-29,wk inc covid hosp,1,2026-09-05,24,quantile,0.25,12.0
2026-08-29,wk inc covid hosp,1,2026-09-05,24,quantile,0.3,14.0
2026-08-29,wk inc covid hosp,1,2026-09-05,24,quantile,0.35,16.0
2026-08-29,wk inc covid hosp,1,2026-09-05,24,quantile,0.4,17.0
2026-08-29,wk inc covid hosp,1,2026-09-05,24,quantile,0.45,18.0
2026-08-29,wk inc covid hosp,1,2026-09-05,24,quantile,0.5,18.0
2026-08-29,wk inc covid hosp,1,2026-09-05,24,quantile,0.55,19.0
2026-08-29,wk inc covid hosp,1,2026-09-05,24,quantile,0.6,19.0
2026-08-29,wk inc covid hosp,1,2026-09-05,24,quantile,0.65,23.0
2026-08-29,wk inc covid hosp,1,2026-09-05,24,quantile,0.7,23.0
2026-08-29,wk inc covid hosp,1,2026-09-05,24,quantile,0.75,25.0
2026-08-29,wk inc covid hosp,1,2026-09-05,24,quantile,0.8,25.0
2026-08-29,wk inc covid hosp,1,2026-09-05,24,quantile,0.85,26.0
2026-08-29,wk inc covid hosp,1,2026-09-05,24,quantile,0.9,26.0
2026-08-29,wk inc covid hosp,1,2026-09-05,24,quantile,0.95,36.0
2026-08-29,wk inc covid hosp,1,2026-09-05,24,quantile,0.975,45.0
2026-08-29,wk inc covid hosp,1,2026-09-05,24,quantile,0.99,67.0
2026-08-29,wk inc covid hosp,1,2026-09-05,25,quantile,0.01,8.0
2026-08-29,wk inc covid hosp,1,2026-09-05,25,quantile,0.025,12.0
2026-08-29,wk inc covid hosp,1,2026-09-05,25,quantile,0.05,15.0
2026-08-29,wk inc covid hosp,1,2026-09-05,25,quantile,0.1,21.0
2026-08-29,wk inc covid hosp,1,2026-09-05,25,quantile,0.15,24.0
2026-08-29,wk inc covid hosp,1,2026-09-05,25,quantile,0.2,24.0
2026-08-29,wk inc covid hosp,1,2026-09-05,25,quantile,0.25,25.0
2026-08-29,wk inc covid hosp,1,2026-09-05,25,quantile,0.3,28.0
2026-08-29,wk inc covid hosp,1,2026-09-05,25,quantile,0.35,29.0
2026-08-29,wk inc covid hosp,1,2026-09-05,25,quantile,0.4,31.0
2026-08-29,wk inc covid hosp,1,2026-09-05,25,quantile,0.45,31.0
2026-08-29,wk inc covid hosp,1,2026-09-05,25,quantile,0.5,32.0
2026-08-29,wk inc covid hosp,1,2026-09-05,25,quantile,0.55,33.0
2026-08-29,wk inc covid hosp,1,2026-09-05,25,quantile,0.6,33.0
2026-08-29,wk inc covid hosp,1,2026-09-05,25,quantile,0.65,35.0
2026-08-29,wk inc covid hosp,1,2026-09-05,25,quantile,0.7,38.0
2026-08-29,wk inc covid hosp,1,2026-09-05,25,quantile,0.75,39.0
2026-08-29,wk inc covid hosp,1,2026-09-05,25,quantile,0.8,44.0
2026-08-29,wk inc covid hosp,1,2026-09-05,25,quantile,0.85,46.0
2026-08-29,wk inc covid hosp,1,2026-09-05,25,quantile,0.9,48.0
2026-08-29,wk inc covid hosp,1,2026-09-05,25,quantile,0.95,59.0
2026-08-29,wk inc covid hosp,1,2026-09-05,25,quantile,0.975,59.0
2026-08-29,wk inc covid hosp,1,2026-09-05,25,quantile,0.99,82.0
2026-08-29,wk inc covid hosp,1,2026-09-05,26,quantile,0.01,17.0
2026-08-29,wk inc covid hosp,1,2026-09-05,26,quantile,0.025,25.0
2026-08-29,wk inc covid hosp,1,2026-09-05,26,quantile,0.05,25.0
2026-08-29,wk inc covid hosp,1,2026-09-05,26,quantile,0.1,34.0
2026-08-29,wk inc covid hosp,1,2026-09-05,26,quantile,0.15,44.0
2026-08-29,wk inc covid hosp,1,2026-09-05,26,quantile,0.2,46.0
2026-08-29,wk inc covid hosp,1,2026-09-05,26,quantile,0.25,67.0
2026-08-29,wk inc covid hosp,1,2026-09-05,26,quantile,0.3,74.0
2026-08-29,wk inc covid hosp,1,2026-09-05,26,quantile,0.35,77.0
2026-08-29,wk inc covid hosp,1,2026-09-05,26,quantile,0.4,82.0
2026-08-29,wk inc covid hosp,1,2026-09-05,26,quantile,0.45,83.0
2026-08-29,wk inc covid hosp,1,2026-09-05,26,quantile,0.5,83.0
2026-08-29,wk inc covid hosp,1,2026-09-05,26,quantile,0.55,86.0
2026-08-29,wk inc covid hosp,1,2026-09-05,26,quantile,0.6,88.0
2026-08-29,wk inc covid hosp,1,2026-09-05,26,quantile,0.65,91.0
2026-08-29,wk inc covid hosp,1,2026-09-05,26,quantile,0.7,91.0
2026-08-29,wk inc covid hosp,1,2026-09-05,26,quantile,0.75,100.0
2026-08-29,wk inc covid hosp,1,2026-09-05,26,quantile,0.8,101.0
2026-08-29,wk inc covid hosp,1,2026-09-05,26,quantile,0.85,109.0
2026-08-29,wk inc covid hosp,1,2026-09-05,26,quantile,0.9,130.0
2026-08-29,wk inc covid hosp,1,2026-09-05,26,quantile,0.95,158.0
2026-08-29,wk inc covid hosp,1,2026-09-05,26,quantile,0.975,197.0
2026-08-29,wk inc covid hosp,1,2026-09-05,26,quantile,0.99,217.0
2026-08-29,wk inc covid hosp,1,2026-09-05,27,quantile,0.01,4.0
2026-08-29,wk inc covid hosp,1,2026-09-05,27,quantile,0.025,6.0
2026-08-29,wk inc covid hosp,1,2026-09-05,27,quantile,0.05,8.0
2026-08-29,wk inc covid hosp,1,2026-09-05,27,quantile,0.1,11.0
2026-08-29,wk inc covid hosp,1,2026-09-05,27,quantile,0.15,11.0
2026-08-29,wk inc covid hosp,1,2026-09-05,27,quantile,0.2,11.0
2026-08-29,wk inc covid hosp,1,2026-09-05,27,quantile,0.25,12.0
2026-08-29,wk inc covid hosp,1,2026-09-05,27,quantile,0.3,12.0
2026-08-29,wk inc covid hosp,1,2026-09-05,27,quantile,0.35,13.0
2026-08-29,wk inc covid hosp,1,2026-09-05,27,quantile,0.4,13.0
2026-08-29,wk inc covid hosp,1,2026-09-05,27,quantile,0.45,13.0
2026-08-29,wk inc covid hosp,1,2026-09-05,27,quantile,0.5,13.0
2026-08-29,wk inc covid hosp,1,2026-09-05,27,quantile,0.55,14.0
2026-08-29,wk inc covid hosp,1,2026-09-05,27,quantile,0.6,14.0
2026-08-29,wk inc covid hosp,1,2026-09-05,27,quantile,0.65,15.0
2026-08-29,wk inc covid hosp,1,2026-09-05,27,quantile,0.7,17.0
2026-08-29,wk inc covid hosp,1,2026-09-05,27,quantile,0.75,18.0
2026-08-29,wk inc covid hosp,1,2026-09-05,27,quantile,0.8,20.0
2026-08-29,wk inc covid hosp,1,2026-09-05,27,quantile,0.85,21.0
2026-08-29,wk inc covid hosp,1,2026-09-05,27,quantile,0.9,22.0
2026-08-29,wk inc covid hosp,1,2026-09-05,27,quantile,0.95,27.0
2026-08-29,wk inc covid hosp,1,2026-09-05,27,quantile,0.975,36.0
2026-08-29,wk inc covid hosp,1,2026-09-05,27,quantile,0.99,57.0
2026-08-29,wk inc covid hosp,1,2026-09-05,28,quantile,0.01,8.0
2026-08-29,wk inc covid hosp,1,2026-09-05,28,quantile,0.025,10.0
2026-08-29,wk inc covid hosp,1,2026-09-05,28,quantile,0.05,15.0
2026-08-29,wk inc covid hosp,1,2026-09-05,28,quantile,0.1,22.0
2026-08-29,wk inc covid hosp,1,2026-09-05,28,quantile,0.15,25.0
2026-08-29,wk inc covid hosp,1,2026-09-05,28,quantile,0.2,27.0
2026-08-29,wk inc covid hosp,1,2026-09-05,28,quantile,0.25,31.0
2026-08-29,wk inc covid hosp,1,2026-09-05,28,quantile,0.3,33.0
2026-08-29,wk inc covid hosp,1,2026-09-05,28,quantile,0.35,34.0
2026-08-29,wk inc covid hosp,1,2026-09-05,28,quantile,0.4,35.0
2026-08-29,wk inc covid hosp,1,2026-09-05,28,quantile,0.45,37.0
2026-08-29,wk inc covid hosp,1,2026-09-05,28,quantile,0.5,38.0
2026-08-29,wk inc covid hosp,1,2026-09-05,28,quantile,0.55,39.0
2026-08-29,wk inc covid hosp,1,2026-09-05,28,quantile,0.6,40.0
2026-08-29,wk inc covid hosp,1,2026-09-05,28,quantile,0.65,41.0
2026-08-29,wk inc covid hosp,1,2026-09-05,28,quantile,0.7,41.0
2026-08-29,wk inc covid hosp,1,2026-09-05,28,quantile,0.75,41.0
2026-08-29,wk inc covid hosp,1,2026-09-05,28,quantile,0.8,42.0
2026-08-29,wk inc covid hosp,1,2026-09-05,28,quantile,0.85,43.0
2026-08-29,wk inc covid hosp,1,2026-09-05,28,quantile,0.9,47.0
2026-08-29,wk inc covid hosp,1,2026-09-05,28,quantile,0.95,59.0
2026-08-29,wk inc covid hosp,1,2026-09-05,28,quantile,0.975,76.0
2026-08-29,wk inc covid hosp,1,2026-09-05,28,quantile,0.99,81.0
2026-08-29,wk inc covid hosp,1,2026-09-05,29,quantile,0.01,5.0
2026-08-29,wk inc covid hosp,1,2026-09-05,29,quantile,0.025,7.0
2026-08-29,wk inc covid hosp,1,2026-09-05,29,quantile,0.05,11.0
2026-08-29,wk inc covid hosp,1,2026-09-05,29,quantile,0.1,13.0
2026-08-29,wk inc covid hosp,1,2026-09-05,29,quantile,0.15,14.0
2026-08-29,wk inc covid hosp,1,2026-09-05,29,quantile,0.2,14.0
2026-08-29,wk inc covid hosp,1,2026-09-05,29,quantile,0.25,14.0
2026-08-29,wk inc covid hosp,1,2026-09-05,29,quantile,0.3,16.0
2026-08-29,wk inc covid hosp,1,2026-09-05,29,quantile,0.35,16.0
2026-08-29,wk inc covid hosp,1,2026-09-05,29,quantile,0.4,17.0
2026-08-29,wk inc covid hosp,1,2026-09-05,29,quantile,0.45,17.0
2026-08-29,wk inc covid hosp,1,2026-09-05,29,quantile,0.5,18.0
2026-08-29,wk inc covid hosp,1,2026-09-05,29,quantile,0.55,18.0
2026-08-29,wk inc covid hosp,1,2026-09-05,29,quantile,0.6,19.0
2026-08-29,wk inc covid hosp,1,2026-09-05,29,quantile,0.65,19.0
2026-08-29,wk inc covid hosp,1,2026-09-05,29,quantile,0.7,22.0
2026-08-29,wk inc covid hosp,1,2026-09-05,29,quantile,0.75,23.0
2026-08-29,wk inc covid hosp,1,2026-09-05,29,quantile,0.8,25.0
2026-08-29,wk inc covid hosp,1,2026-09-05,29,quantile,0.85,27.0
2026-08-29,wk inc covid hosp,1,2026-09-05,29,quantile,0.9,29.0
2026-08-29,wk inc covid hosp,1,2026-09-05,29,quantile,0.95,35.0
2026-08-29,wk inc covid hosp,1,2026-09-05,29,quantile,0.975,45.0
2026-08-29,wk inc covid hosp,1,2026-09-05,29,quantile,0.99,70.0
2026-08-29,wk inc covid hosp,1,2026-09-05,30,quantile,0.01,0.0
2026-08-29,wk inc covid hosp,1,2026-09-05,30,quantile,0.025,0.0
2026-08-29,wk inc covid hosp,1,2026-09-05,30,quantile,0.05,0.0
2026-08-29,wk inc covid hosp,1,2026-09-05,30,quantile,0.1,1.0
2026-08-29,wk inc covid hosp,1,2026-09-05,30,quantile,0.15,1.0
2026-08-29,wk inc covid hosp,1,2026-09-05,30,quantile,0.2,1.0
2026-08-29,wk inc covid hosp,1,2026-09-05,30,quantile,0.25,2.0
2026-08-29,wk inc covid hosp,1,2026-09-05,30,quantile,0.3,2.0
2026-08-29,wk inc covid hosp,1,2026-09-05,30,quantile,0.35,2.0
2026-08-29,wk inc covid hosp,1,2026-09-05,30,quantile,0.4,2.0
2026-08-29,wk inc covid hosp,1,2026-09-05,30,quantile,0.45,2.0
2026-08-29,wk inc covid hosp,1,2026-09-05,30,quantile,0.5,3.0
2026-08-29,wk inc covid hosp,1,2026-09-05,30,quantile,0.55,3.0
2026-08-29,wk inc covid hosp,1,2026-09-05,30,quantile,0.6,3.0
2026-08-29,wk inc covid hosp,1,2026-09-05,30,quantile,0.65,3.0
2026-08-29,wk inc covid hosp,1,2026-09-05,30,quantile,0.7,4.0
2026-08-29,wk inc covid hosp,1,2026-09-05,30,quantile,0.75,4.0
2026-08-29,wk inc covid hosp,1,2026-09-05,30,quantile,0.8,4.0
2026-08-29,wk inc covid hosp,1,2026-09-05,30,quantile,0.85,5.0
2026-08-29,wk inc covid hosp,1,2026-09-05,30,quantile,0.9,6.0
2026-08-29,wk inc covid hosp,1,2026-09-05,30,quantile,0.95,7.0
2026-08-29,wk inc covid hosp,1,2026-09-05,30,quantile,0.975,9.0
2026-08-29,wk inc covid hosp,1,2026-09-05,30,quantile,0.99,11.0
2026-08-29,wk inc covid hosp,1,2026-09-05,31,quantile,0.01,0.0
2026-08-29,wk inc covid hosp,1,2026-09-05,31,quantile,0.025,1.0
2026-08-29,wk inc covid hosp,1,2026-09-05,31,quantile,0.05,2.0
2026-08-29,wk inc covid hosp,1,2026-09-05,31,quantile,0.1,2.0
2026-08-29,wk inc covid hosp,1,2026-09-05,31,quantile,0.15,2.0
2026-08-29,wk inc covid hosp,1,2026-09-05,31,quantile,0.2,3.0
2026-08-29,wk inc covid hosp,1,2026-09-05,31,quantile,0.25,3.0
2026-08-29,wk inc covid hosp,1,2026-09-05,31,quantile,0.3,3.0
2026-08-29,wk inc covid hosp,1,2026-09-05,31,quantile,0.35,3.0
2026-08-29,wk inc covid hosp,1,2026-09-05,31,quantile,0.4,3.0
2026-08-29,wk inc covid hosp,1,2026-09-05,31,quantile,0.45,3.0
2026-08-29,wk inc covid hosp,1,2026-09-05,31,quantile,0.5,3.0
2026-08-29,wk inc covid hosp,1,2026-09-05,31,quantile,0.55,4.0
2026-08-29,wk inc covid hosp,1,2026-09-05,31,quantile,0.6,4.0
2026-08-29,wk inc covid hosp,1,2026-09-05,31,quantile,0.65,4.0
2026-08-29,wk inc covid hosp,1,2026-09-05,31,quantile,0.7,5.0
2026-08-29,wk inc covid hosp,1,2026-09-05,31,quantile,0.75,6.0
2026-08-29,wk inc covid hosp,1,2026-09-05,31,quantile,0.8,6.0
2026-08-29,wk inc covid hosp,1,2026-09-05,31,quantile,0.85,7.0
2026-08-29,wk inc covid hosp,1,2026-09-05,31,quantile,0.9,8.0
2026-08-29,wk inc covid hosp,1,2026-09-05,31,quantile,0.95,10.0
2026-08-29,wk inc covid hosp,1,2026-09-05,31,quantile,0.975,16.0
2026-08-29,wk inc covid hosp,1,2026-09-05,31,quantile,0.99,21.0
2026-08-29,wk inc covid hosp,1,2026-09-05,32,quantile,0.01,3.0
2026-08-29,wk inc covid hosp,1,2026-09-05,32,quantile,0.025,6.0
2026-08-29,wk inc covid hosp,1,2026-09-05,32,quantile,0.05,8.0
2026-08-29,wk inc covid hosp,1,2026-09-05,32,quantile,0.1,11.0
2026-08-29,wk inc covid hosp,1,2026-09-05,32,quantile,0.15,12.0
2026-08-29,wk inc covid hosp,1,2026-09-05,32,quantile,0.2,14.0
2026-08-29,wk inc covid hosp,1,2026-09-05,32,quantile,0.25,15.0
2026-08-29,wk inc covid hosp,1,2026-09-05,32,quantile,0.3,15.0
2026-08-29,wk inc covid hosp,1,2026-09-05,32,quantile,0.35,15.0
2026-08-29,wk inc covid hosp,1,2026-09-05,32,quantile,0.4,15.0
2026-08-29,wk inc covid hosp,1,2026-09-05,32,quantile,0.45,15.0
2026-08-29,wk inc covid hosp,1,2026-09-05,32,quantile,0.5,15.0
2026-08-29,wk inc covid hosp,1,2026-09-05,32,quantile,0.55,16.0
2026-08-29,wk inc covid hosp,1,2026-09-05,32,quantile,0.6,16.0
2026-08-29,wk inc covid hosp,1,2026-09-05,32,quantile,0.65,19.0
2026-08-29,wk inc covid hosp,1,2026-09-05,32,quantile,0.7,20.0
2026-08-29,wk inc covid hosp,1,2026-09-05,32,quantile,0.75,21.0
2026-08-29,wk inc covid hosp,1,2026-09-05,32,quantile,0.8,21.0
2026-08-29,wk inc covid hosp,1,2026-09-05,32,quantile,0.85,21.0
2026-08-29,wk inc covid hosp,1,2026-09-05,32,quantile,0.9,23.0
2026-08-29,wk inc covid hosp,1,2026-09-05,32,quantile,0.95,23.0
2026-08-29,wk inc covid hosp,1,2026-09-05,32,quantile,0.975,28.0
2026-08-29,wk inc covid hosp,1,2026-09-05,32,quantile,0.99,37.0
2026-08-29,wk inc covid hosp,1,2026-09-05,33,quantile,0.01,0.0
2026-08-29,wk inc covid hosp,1,2026-09-05,33,quantile,0.025,2.0
2026-08-29,wk inc covid hosp,1,2026-09-05,33,quantile,0.05,2.0
2026-08-29,wk inc covid hosp,1,2026-09-05,33,quantile,0.1,3.0
2026-08-29,wk inc covid hosp,1,2026-09-05,33,quantile,0.15,3.0
2026-08-29,wk inc covid hosp,1,2026-09-05,33,quantile,0.2,3.0
2026-08-29,wk inc covid hosp,1,2026-09-05,33,quantile,0.25,3.0
2026-08-29,wk inc covid hosp,1,2026-09-05,33,quantile,0.3,4.0
2026-08-29,wk inc covid hosp,1,2026-09-05,33,quantile,0.35,4.0
2026-08-29,wk inc covid hosp,1,2026-09-05,33,quantile,0.4,5.0
2026-08-29,wk inc covid hosp,1,2026-09-05,33,quantile,0.45,5.0
2026-08-29,wk inc covid hosp,1,2026-09-05,33,quantile,0.5,5.0
2026-08-29,wk inc covid hosp,1,2026-09-05,33,quantile,0.55,6.0
2026-08-29,wk inc covid hosp,1,2026-09-05,33,quantile,0.6,6.0
2026-08-29,wk inc covid hosp,1,2026-09-05,33,quantile,0.65,6.0
2026-08-29,wk inc covid hosp,1,2026-09-05,33,quantile,0.7,7.0
2026-08-29,wk inc covid hosp,1,2026-09-05,33,quantile,0.75,7.0
2026-08-29,wk inc covid hosp,1,2026-09-05,33,quantile,0.8,8.0
2026-08-29,wk inc covid hosp,1,2026-09-05,33,quantile,0.85,8.0
2026-08-29,wk inc covid hosp,1,2026-09-05,33,quantile,0.9,9.0
2026-08-29,wk inc covid hosp,1,2026-09-05,33,quantile,0.95,10.0
2026-08-29,wk inc covid hosp,1,2026-09-05,33,quantile,0.975,12.0
2026-08-29,wk inc covid hosp,1,2026-09-05,33,quantile,0.99,16.0
2026-08-29,wk inc covid hosp,1,2026-09-05,34,quantile,0.01,26.0
2026-08-29,wk inc covid hosp,1,2026-09-05,34,quantile,0.025,38.0
2026-08-29,wk inc covid hosp,1,2026-09-05,34,quantile,0.05,45.0
2026-08-29,wk inc covid hosp,1,2026-09-05,34,quantile,0.1,59.0
2026-08-29,wk inc covid hosp,1,2026-09-05,34,quantile,0.15,64.0
2026-08-29,wk inc covid hosp,1,2026-09-05,34,quantile,0.2,76.0
2026-08-29,wk inc covid hosp,1,2026-09-05,34,quantile,0.25,80.0
2026-08-29,wk inc covid hosp,1,2026-09-05,34,quantile,0.3,83.0
2026-08-29,wk inc covid hosp,1,2026-09-05,34,quantile,0.35,87.0
2026-08-29,wk inc covid hosp,1,2026-09-05,34,quantile,0.4,89.0
2026-08-29,wk inc covid hosp,1,2026-09-05,34,quantile,0.45,89.0
2026-08-29,wk inc covid hosp,1,2026-09-05,34,quantile,0.5,92.0
2026-08-29,wk inc covid hosp,1,2026-09-05,34,quantile,0.55,92.0
2026-08-29,wk inc covid hosp,1,2026-09-05,34,quantile,0.6,93.0
2026-08-29,wk inc covid hosp,1,2026-09-05,34,quantile,0.65,93.0
2026-08-29,wk inc covid hosp,1,2026-09-05,34,quantile,0.7,94.0
2026-08-29,wk inc covid hosp,1,2026-09-05,34,quantile,0.75,95.0
2026-08-29,wk inc covid hosp,1,2026-09-05,34,quantile,0.8,99.0
2026-08-29,wk inc covid hosp,1,2026-09-05,34,quantile,0.85,100.0
2026-08-29,wk inc covid hosp,1,2026-09-05,34,quantile,0.9,109.0
2026-08-29,wk inc covid hosp,1,2026-09-05,34,quantile,0.95,134.0
2026-08-29,wk inc covid hosp,1,2026-09-05,34,quantile,0.975,142.0
2026-08-29,wk inc covid hosp,1,2026-09-05,34,quantile,0.99,163.0
2026-08-29,wk inc covid hosp,1,2026-09-05,35,quantile,0.01,2.0
2026-08-29,wk inc covid hosp,1,2026-09-05,35,quantile,0.025,3.0
2026-08-29,wk inc covid hosp,1,2026-09-05,35,quantile,0.05,5.0
2026-08-29,wk inc covid hosp,1,2026-09-05,35,quantile,0.1,7.0
2026-08-29,wk inc covid hosp,1,2026-09-05,35,quantile,0.15,7.0
2026-08-29,wk inc covid hosp,1,2026-09-05,35,quantile,0.2,8.0
2026-08-29,wk inc covid hosp,1,2026-09-05,35,quantile,0.25,9.0
2026-08-29,wk inc covid hosp,1,2026-09-05,35,quantile,0.3,9.0
2026-08-29,wk inc covid hosp,1,2026-09-05,35,quantile,0.35,9.0
2026-08-29,wk inc covid hosp,1,2026-09-05,35,quantile,0.4,10.0
2026-08-29,wk inc covid hosp,1,2026-09-05,35,quantile,0.45,10.0
2026-08-29,wk inc covid hosp,1,2026-09-05,35,quantile,0.5,10.0
2026-08-29,wk inc covid hosp,1,2026-09-05,35,quantile,0.55,11.0
2026-08-29,wk inc covid hosp,1,2026-09-05,35,quantile,0.6,11.0
2026-08-29,wk inc covid hosp,1,2026-09-05,35,quantile,0.65,12.0
2026-08-29,wk inc covid hosp,1,2026-09-05,35,quantile,0.7,12.0
2026-08-29,wk inc covid hosp,1,2026-09-05,35,quantile,0.75,13.0
2026-08-29,wk inc covid hosp,1,2026-09-05,35,quantile,0.8,15.0
2026-08-29,wk inc covid hosp,1,2026-09-05,35,quantile,0.85,15.0
2026-08-29,wk inc covid hosp,1,2026-09-05,35,quantile,0.9,16.0
2026-08-29,wk inc covid hosp,1,2026-09-05,35,quantile,0.95,20.0
2026-08-29,wk inc covid hosp,1,2026-09-05,35,quantile,0.975,23.0
2026-08-29,wk inc covid hosp,1,2026-09-05,35,quantile,0.99,26.0
2026-08-29,wk inc covid hosp,1,2026-09-05,36,quantile,0.01,61.0
2026-08-29,wk inc covid hosp,1,2026-09-05,36,quantile,0.025,87.0
2026-08-29,wk inc covid hosp,1,2026-09-05,36,quantile,0.05,97.0
2026-08-29,wk inc covid hosp,1,2026-09-05,36,quantile,0.1,116.0
2026-08-29,wk inc covid hosp,1,2026-09-05,36,quantile,0.15,137.0
2026-08-29,wk inc covid hosp,1,2026-09-05,36,quantile,0.2,149.0
2026-08-29,wk inc covid hosp,1,2026-09-05,36,quantile,0.25,150.0
2026-08-29,wk inc covid hosp,1,2026-09-05,36,quantile,0.3,150.0
2026-08-29,wk inc covid hosp,1,2026-09-05,36,quantile,0.35,153.0
2026-08-29,wk inc covid hosp,1,2026-09-05,36,quantile,0.4,153.0
2026-08-29,wk inc covid hosp,1,2026-09-05,36,quantile,0.45,153.0
2026-08-29,wk inc covid hosp,1,2026-09-05,36,quantile,0.5,154.0
2026-08-29,wk inc covid hosp,1,2026-09-05,36,quantile,0.55,155.0
2026-08-29,wk inc covid hosp,1,2026-09-05,36,quantile,0.6,160.0
2026-08-29,wk inc covid hosp,1,2026-09-05,36,quantile,0.65,163.0
2026-08-29,wk inc covid hosp,1,2026-09-05,36,quantile,0.7,164.0
2026-08-29,wk inc covid hosp,1,2026-09-05,36,quantile,0.75,164.0
2026-08-29,wk inc covid hosp,1,2026-09-05,36,quantile,0.8,166.0
2026-08-29,wk inc covid hosp,1,2026-09-05,36,quantile,0.85,169.0
2026-08-29,wk inc covid hosp,1,2026-09-05,36,quantile,0.9,172.0
2026-08-29,wk inc covid hosp,1,2026-09-05,36,quantile,0.95,219.0
2026-08-29,wk inc covid hosp,1,2026-09-05,36,quantile,0.975,239.0
2026-08-29,wk inc covid hosp,1,2026-09-05,36,quantile,0.99,295.0
2026-08-29,wk inc covid hosp,1,2026-09-05,37,quantile,0.01,43.0
2026-08-29,wk inc covid hosp,1,2026-09-05,37,quantile,0.025,62.0
2026-08-29,wk inc covid hosp,1,2026-09-05,37,quantile,0.05,71.0
2026-08-29,wk inc covid hosp,1,2026-09-05,37,quantile,0.1,92.0
2026-08-29,wk inc covid hosp,1,2026-09-05,37,quantile,0.15,103.0
2026-08-29,wk inc covid hosp,1,2026-09-05,37,quantile,0.2,109.0
2026-08-29,wk inc covid hosp,1,2026-09-05,37,quantile,0.25,115.0
2026-08-29,wk inc covid hosp,1,2026-09-05,37,quantile,0.3,128.0
2026-08-29,wk inc covid hosp,1,2026-09-05,37,quantile,0.35,130.0
2026-08-29,wk inc covid hosp,1,2026-09-05,37,quantile,0.4,132.0
2026-08-29,wk inc covid hosp,1,2026-09-05,37,quantile,0.45,137.0
2026-08-29,wk inc covid hosp,1,2026-09-05,37,quantile,0.5,138.0
2026-08-29,wk inc covid hosp,1,2026-09-05,37,quantile,0.55,143.0
2026-08-29,wk inc covid hosp,1,2026-09-05,37,quantile,0.6,145.0
2026-08-29,wk inc covid hosp,1,2026-09-05,37,quantile,0.65,145.0
2026-08-29,wk inc covid hosp,1,2026-09-05,37,quantile,0.7,146.0
2026-08-29,wk inc covid hosp,1,2026-09-05,37,quantile,0.75,152.0
2026-08-29,wk inc covid hosp,1,2026-09-05,37,quantile,0.8,153.0
2026-08-29,wk inc covid hosp,1,2026-09-05,37,quantile,0.85,160.0
2026-08-29,wk inc covid hosp,1,2026-09-05,37,quantile,0.9,168.0
2026-08-29,wk inc covid hosp,1,2026-09-05,37,quantile,0.95,208.0
2026-08-29,wk inc covid hosp,1,2026-09-05,37,quantile,0.975,240.0
2026-08-29,wk inc covid hosp,1,2026-09-05,37,quantile,0.99,280.0
2026-08-29,wk inc covid hosp,1,2026-09-05,38,quantile,0.01,0.0
2026-08-29,wk inc covid hosp,1,2026-09-05,38,quantile,0.025,0.0
2026-08-29,wk inc covid hosp,1,2026-09-05,38,quantile,0.05,0.0
2026-08-29,wk inc covid hosp,1,2026-09-05,38,quantile,0.1,0.0
2026-08-29,wk inc covid hosp,1,2026-09-05,38,quantile,0.15,0.0
2026-08-29,wk inc covid hosp,1,2026-09-05,38,quantile,0.2,0.0
2026-08-29,wk inc covid hosp,1,2026-09-05,38,quantile,0.25,1.0
2026-08-29,wk inc covid hosp,1,2026-09-05,38,quantile,0.3,1.0
2026-08-29,wk inc covid hosp,1,2026-09-05,38,quantile,0.35,1.0
2026-08-29,wk inc covid hosp,1,2026-09-05,38,quantile,0.4,1.0
2026-08-29,wk inc covid hosp,1,2026-09-05,38,quantile,0.45,1.0
2026-08-29,wk inc covid hosp,1,2026-09-05,38,quantile,0.5,1.0
2026-08-29,wk inc covid hosp,1,2026-09-05,38,quantile,0.55,1.0
2026-08-29,wk inc covid hosp,1,2026-09-05,38,quantile,0.6,2.0
2026-08-29,wk inc covid hosp,1,2026-09-05,38,quantile,0.65,2.0
2026-08-29,wk inc covid hosp,1,2026-09-05,38,quantile,0.7,2.0
2026-08-29,wk inc covid hosp,1,2026-09-05,38,quantile,0.75,2.0
2026-08-29,wk inc covid hosp,1,2026-09-05,38,quantile,0.8,2.0
2026-08-29,wk inc covid hosp,1,2026-09-05,38,quantile,0.85,3.0
2026-08-29,wk inc covid hosp,1,2026-09-05,38,quantile,0.9,3.0
2026-08-29,wk inc covid hosp,1,2026-09-05,38,quantile,0.95,5.0
2026-08-29,wk inc covid hosp,1,2026-09-05,38,quantile,0.975,6.0
2026-08-29,wk inc covid hosp,1,2026-09-05,38,quantile,0.99,8.0
2026-08-29,wk inc covid hosp,1,2026-09-05,39,quantile,0.01,14.0
2026-08-29,wk inc covid hosp,1,2026-09-05,39,quantile,0.025,21.0
2026-08-29,wk inc covid hosp,1,2026-09-05,39,quantile,0.05,25.0
2026-08-29,wk inc covid hosp,1,2026-09-05,39,quantile,0.1,33.0
2026-08-29,wk inc covid hosp,1,2026-09-05,39,quantile,0.15,33.0
2026-08-29,wk inc covid hosp,1,2026-09-05,39,quantile,0.2,35.0
2026-08-29,wk inc covid hosp,1,2026-09-05,39,quantile,0.25,37.0
2026-08-29,wk inc covid hosp,1,2026-09-05,39,quantile,0.3,41.0
2026-08-29,wk inc covid hosp,1,2026-09-05,39,quantile,0.35,42.0
2026-08-29,wk inc covid hosp,1,2026-09-05,39,quantile,0.4,43.0
2026-08-29,wk inc covid hosp,1,2026-09-05,39,quantile,0.45,43.0
2026-08-29,wk inc covid hosp,1,2026-09-05,39,quantile,0.5,44.0
2026-08-29,wk inc covid hosp,1,2026-09-05,39,quantile,0.55,44.0
2026-08-29,wk inc covid hosp,1,2026-09-05,39,quantile,0.6,44.0
2026-08-29,wk inc covid hosp,1,2026-09-05,39,quantile,0.65,45.0
2026-08-29,wk inc covid hosp,1,2026-09-05,39,quantile,0.7,46.0
2026-08-29,wk inc covid hosp,1,2026-09-05,39,quantile,0.75,47.0
2026-08-29,wk inc covid hosp,1,2026-09-05,39,quantile,0.8,47.0
2026-08-29,wk inc covid hosp,1,2026-09-05,39,quantile,0.85,50.0
2026-08-29,wk inc covid hosp,1,2026-09-05,39,quantile,0.9,59.0
2026-08-29,wk inc covid hosp,1,2026-09-05,39,quantile,0.95,75.0
2026-08-29,wk inc covid hosp,1,2026-09-05,39,quantile,0.975,90.0
2026-08-29,wk inc covid hosp,1,2026-09-05,39,quantile,0.99,124.0
2026-08-29,wk inc covid hosp,1,2026-09-05,40,quantile,0.01,3.0
2026-08-29,wk inc covid hosp,1,2026-09-05,40,quantile,0.025,5.0
2026-08-29,wk inc covid hosp,1,2026-09-05,40,quantile,0.05,6.0
2026-08-29,wk inc covid hosp,1,2026-09-05,40,quantile,0.1,7.0
2026-08-29,wk inc covid hosp,1,2026-09-05,40,quantile,0.15,7.0
2026-08-29,wk inc covid hosp,1,2026-09-05,40,quantile,0.2,7.0
2026-08-29,wk inc covid hosp,1,2026-09-05,40,quantile,0.25,9.0
2026-08-29,wk inc covid hosp,1,2026-09-05,40,quantile,0.3,10.0
2026-08-29,wk inc covid hosp,1,2026-09-05,40,quantile,0.35,10.0
2026-08-29,wk inc covid hosp,1,2026-09-05,40,quantile,0.4,10.0
2026-08-29,wk inc covid hosp,1,2026-09-05,40,quantile,0.45,11.0
2026-08-29,wk inc covid hosp,1,2026-09-05,40,quantile,0.5,11.0
2026-08-29,wk inc covid hosp,1,2026-09-05,40,quantile,0.55,12.0
2026-08-29,wk inc covid hosp,1,2026-09-05,40,quantile,0.6,13.0
2026-08-29,wk inc covid hosp,1,2026-09-05,40,quantile,0.65,13.0
2026-08-29,wk inc covid hosp,1,2026-09-05,40,quantile,0.7,14.0
2026-08-29,wk inc covid hosp,1,2026-09-05,40,quantile,0.75,14.0
2026-08-29,wk inc covid hosp,1,2026-09-05,40,quantile,0.8,16.0
2026-08-29,wk inc covid hosp,1,2026-09-05,40,quantile,0.85,17.0
2026-08-29,wk inc covid hosp,1,2026-09-05,40,quantile,0.9,19.0
2026-08-29,wk inc covid hosp,1,2026-09-05,40,quantile,0.95,22.0
2026-08-29,wk inc covid hosp,1,2026-09-05,40,quantile,0.975,27.0
2026-08-29,wk inc covid hosp,1,2026-09-05,40,quantile,0.99,42.0
2026-08-29,wk inc covid hosp,1,2026-09-05,41,quantile,0.01,6.0
2026-08-29,wk inc covid hosp,1,2026-09-05,41,quantile,0.025,8.0
2026-08-29,wk inc covid hosp,1,2026-09-05,41,quantile,0.05,9.0
2026-08-29,wk inc covid hosp,1,2026-09-05,41,quantile,0.1,13.0
2026-08-29,wk inc covid hosp,1,2026-09-05,41,quantile,0.15,13.0
2026-08-29,wk inc covid hosp,1,2026-09-05,41,quantile,0.2,15.0
2026-08-29,wk inc covid hosp,1,2026-09-05,41,quantile,0.25,16.0
2026-08-29,wk inc covid hosp,1,2026-09-05,41,quantile,0.3,17.0
2026-08-29,wk inc covid hosp,1,2026-09-05,41,quantile,0.35,18.0
2026-08-29,wk inc covid hosp,1,2026-09-05,41,quantile,0.4,19.0
2026-08-29,wk inc covid hosp,1,2026-09-05,41,quantile,0.45,19.0
2026-08-29,wk inc covid hosp,1,2026-09-05,41,quantile,0.5,19.0
2026-08-29,wk inc covid hosp,1,2026-09-05,41,quantile,0.55,20.0
2026-08-29,wk inc covid hosp,1,2026-09-05,41,quantile,0.6,21.0
2026-08-29,wk inc covid hosp,1,2026-09-05,41,quantile,0.65,21.0
2026-08-29,wk inc covid hosp,1,2026-09-05,41,quantile,0.7,23.0
2026-08-29,wk inc covid hosp,1,2026-09-05,41,quantile,0.75,24.0
2026-08-29,wk inc covid hosp,1,2026-09-05,41,quantile,0.8,24.0
2026-08-29,wk inc covid hosp,1,2026-09-05,41,quantile,0.85,25.0
2026-08-29,wk inc covid hosp,1,2026-09-05,41,quantile,0.9,25.0
2026-08-29,wk inc covid hosp,1,2026-09-05,41,quantile,0.95,33.0
2026-08-29,wk inc covid hosp,1,2026-09-05,41,quantile,0.975,35.0
2026-08-29,wk inc covid hosp,1,2026-09-05,41,quantile,0.99,47.0
2026-08-29,wk inc covid hosp,1,2026-09-05,42,quantile,0.01,26.0
2026-08-29,wk inc covid hosp,1,2026-09-05,42,quantile,0.025,36.0
2026-08-29,wk inc covid hosp,1,2026-09-05,42,quantile,0.05,40.0
2026-08-29,wk inc covid hosp,1,2026-09-05,42,quantile,0.1,52.0
2026-08-29,wk inc covid hosp,1,2026-09-05,42,quantile,0.15,57.0
2026-08-29,wk inc covid hosp,1,2026-09-05,42,quantile,0.2,59.0
2026-08-29,wk inc covid hosp,1,2026-09-05,42,quantile,0.25,59.0
2026-08-29,wk inc covid hosp,1,2026-09-05,42,quantile,0.3,62.0
2026-08-29,wk inc covid hosp,1,2026-09-05,42,quantile,0.35,63.0
2026-08-29,wk inc covid hosp,1,2026-09-05,42,quantile,0.4,65.0
2026-08-29,wk inc covid hosp,1,2026-09-05,42,quantile,0.45,66.0
2026-08-29,wk inc covid hosp,1,2026-09-05,42,quantile,0.5,66.0
2026-08-29,wk inc covid hosp,1,2026-09-05,42,quantile,0.55,68.0
2026-08-29,wk inc covid hosp,1,2026-09-05,42,quantile,0.6,69.0
2026-08-29,wk inc covid hosp,1,2026-09-05,42,quantile,0.65,71.0
2026-08-29,wk inc covid hosp,1,2026-09-05,42,quantile,0.7,76.0
2026-08-29,wk inc covid hosp,1,2026-09-05,42,quantile,0.75,76.0
2026-08-29,wk inc covid hosp,1,2026-09-05,42,quantile,0.8,81.0
2026-08-29,wk inc covid hosp,1,2026-09-05,42,quantile,0.85,83.0
2026-08-29,wk inc covid hosp,1,2026-09-05,42,quantile,0.9,91.0
2026-08-29,wk inc covid hosp,1,2026-09-05,42,quantile,0.95,104.0
2026-08-29,wk inc covid hosp,1,2026-09-05,42,quantile,0.975,124.0
2026-08-29,wk inc covid hosp,1,2026-09-05,42,quantile,0.99,147.0
2026-08-29,wk inc covid hosp,1,2026-09-05,44,quantile,0.01,0.0
2026-08-29,wk inc covid hosp,1,2026-09-05,44,quantile,0.025,1.0
2026-08-29,wk inc covid hosp,1,2026-09-05,44,quantile,0.05,2.0
2026-08-29,wk inc covid hosp,1,2026-09-05,44,quantile,0.1,3.0
2026-08-29,wk inc covid hosp,1,2026-09-05,44,quantile,0.15,3.0
2026-08-29,wk inc covid hosp,1,2026-09-05,44,quantile,0.2,3.0
2026-08-29,wk inc covid hosp,1,2026-09-05,44,quantile,0.25,4.0
2026-08-29,wk inc covid hosp,1,2026-09-05,44,quantile,0.3,4.0
2026-08-29,wk inc covid hosp,1,2026-09-05,44,quantile,0.35,5.0
2026-08-29,wk inc covid hosp,1,2026-09-05,44,quantile,0.4,5.0
2026-08-29,wk inc covid hosp,1,2026-09-05,44,quantile,0.45,5.0
2026-08-29,wk inc covid hosp,1,2026-09-05,44,quantile,0.5,6.0
2026-08-29,wk inc covid hosp,1,2026-09-05,44,quantile,0.55,6.0
2026-08-29,wk inc covid hosp,1,2026-09-05,44,quantile,0.6,7.0
2026-08-29,wk inc covid hosp,1,2026-09-05,44,quantile,0.65,7.0
2026-08-29,wk inc covid hosp,1,2026-09-05,44,quantile,0.7,8.0
2026-08-29,wk inc covid hosp,1,2026-09-05,44,quantile,0.75,8.0
2026-08-29,wk inc covid hosp,1,2026-09-05,44,quantile,0.8,9.0
2026-08-29,wk inc covid hosp,1,2026-09-05,44,quantile,0.85,10.0
2026-08-29,wk inc covid hosp,1,2026-09-05,44,quantile,0.9,11.0
2026-08-29,wk inc covid hosp,1,2026-09-05,44,quantile,0.95,12.0
2026-08-29,wk inc covid hosp,1,2026-09-05,44,quantile,0.975,16.0
2026-08-29,wk inc covid hosp,1,2026-09-05,44,quantile,0.99,18.0
2026-08-29,wk inc covid hosp,1,2026-09-05,45,quantile,0.01,13.0
2026-08-29,wk inc covid hosp,1,2026-09-05,45,quantile,0.025,18.0
2026-08-29,wk inc covid hosp,1,2026-09-05,45,quantile,0.05,22.0
2026-08-29,wk inc covid hosp,1,2026-09-05,45,quantile,0.1,26.0
2026-08-29,wk inc covid hosp,1,2026-09-05,45,quantile,0.15,30.0
2026-08-29,wk inc covid hosp,1,2026-09-05,45,quantile,0.2,37.0
2026-08-29,wk inc covid hosp,1,2026-09-05,45,quantile,0.25,37.0
2026-08-29,wk inc covid hosp,1,2026-09-05,45,quantile,0.3,39.0
2026-08-29,wk inc covid hosp,1,2026-09-05,45,quantile,0.35,40.0
2026-08-29,wk inc covid hosp,1,2026-09-05,45,quantile,0.4,40.0
2026-08-29,wk inc covid hosp,1,2026-09-05,45,quantile,0.45,40.0
2026-08-29,wk inc covid hosp,1,2026-09-05,45,quantile,0.5,40.0
2026-08-29,wk inc covid hosp,1,2026-09-05,45,quantile,0.55,42.0
2026-08-29,wk inc covid hosp,1,2026-09-05,45,quantile,0.6,44.0
2026-08-29,wk inc covid hosp,1,2026-09-05,45,quantile,0.65,45.0
2026-08-29,wk inc covid hosp,1,2026-09-05,45,quantile,0.7,45.0
2026-08-29,wk inc covid hosp,1,2026-09-05,45,quantile,0.75,45.0
2026-08-29,wk inc covid hosp,1,2026-09-05,45,quantile,0.8,45.0
2026-08-29,wk inc covid hosp,1,2026-09-05,45,quantile,0.85,45.0
2026-08-29,wk inc covid hosp,1,2026-09-05,45,quantile,0.9,48.0
2026-08-29,wk inc covid hosp,1,2026-09-05,45,quantile,0.95,59.0
2026-08-29,wk inc covid hosp,1,2026-09-05,45,quantile,0.975,64.0
2026-08-29,wk inc covid hosp,1,2026-09-05,45,quantile,0.99,74.0
2026-08-29,wk inc covid hosp,1,2026-09-05,46,quantile,0.01,0.0
2026-08-29,wk inc covid hosp,1,2026-09-05,46,quantile,0.025,0.0
2026-08-29,wk inc covid hosp,1,2026-09-05,46,quantile,0.05,0.0
2026-08-29,wk inc covid hosp,1,2026-09-05,46,quantile,0.1,0.0
2026-08-29,wk inc covid hosp,1,2026-09-05,46,quantile,0.15,0.0
2026-08-29,wk inc covid hosp,1,2026-09-05,46,quantile,0.2,0.0
2026-08-29,wk inc covid hosp,1,2026-09-05,46,quantile,0.25,1.0
2026-08-29,wk inc covid hosp,1,2026-09-05,46,quantile,0.3,1.0
2026-08-29,wk inc covid hosp,1,2026-09-05,46,quantile,0.35,1.0
2026-08-29,wk inc covid hosp,1,2026-09-05,46,quantile,0.4,1.0
2026-08-29,wk inc covid hosp,1,2026-09-05,46,quantile,0.45,1.0
2026-08-29,wk inc covid hosp,1,2026-09-05,46,quantile,0.5,1.0
2026-08-29,wk inc covid hosp,1,2026-09-05,46,quantile,0.55,1.0
2026-08-29,wk inc covid hosp,1,2026-09-05,46,quantile,0.6,1.0
2026-08-29,wk inc covid hosp,1,2026-09-05,46,quantile,0.65,2.0
2026-08-29,wk inc covid hosp,1,2026-09-05,46,quantile,0.7,2.0
2026-08-29,wk inc covid hosp,1,2026-09-05,46,quantile,0.75,2.0
2026-08-29,wk inc covid hosp,1,2026-09-05,46,quantile,0.8,3.0
2026-08-29,wk inc covid hosp,1,2026-09-05,46,quantile,0.85,3.0
2026-08-29,wk inc covid hosp,1,2026-09-05,46,quantile,0.9,4.0
2026-08-29,wk inc covid hosp,1,2026-09-05,46,quantile,0.95,5.0
2026-08-29,wk inc covid hosp,1,2026-09-05,46,quantile,0.975,6.0
2026-08-29,wk inc covid hosp,1,2026-09-05,46,quantile,0.99,9.0
2026-08-29,wk inc covid hosp,1,2026-09-05,47,quantile,0.01,17.0
2026-08-29,wk inc covid hosp,1,2026-09-05,47,quantile,0.025,25.0
2026-08-29,wk inc covid hosp,1,2026-09-05,47,quantile,0.05,28.0
2026-08-29,wk inc covid hosp,1,2026-09-05,47,quantile,0.1,37.0
2026-08-29,wk inc covid hosp,1,2026-09-05,47,quantile,0.15,42.0
2026-08-29,wk inc covid hosp,1,2026-09-05,47,quantile,0.2,50.0
2026-08-29,wk inc covid hosp,1,2026-09-05,47,quantile,0.25,51.0
2026-08-29,wk inc covid hosp,1,2026-09-05,47,quantile,0.3,51.0
2026-08-29,wk inc covid hosp,1,2026-09-05,47,quantile,0.35,52.0
2026-08-29,wk inc covid hosp,1,2026-09-05,47,quantile,0.4,53.0
2026-08-29,wk inc covid hosp,1,2026-09-05,47,quantile,0.45,53.0
2026-08-29,wk inc covid hosp,1,2026-09-05,47,quantile,0.5,54.0
2026-08-29,wk inc covid hosp,1,2026-09-05,47,quantile,0.55,54.0
2026-08-29,wk inc covid hosp,1,2026-09-05,47,quantile,0.6,56.0
2026-08-29,wk inc covid hosp,1,2026-09-05,47,quantile,0.65,57.0
2026-08-29,wk inc covid hosp,1,2026-09-05,47,quantile,0.7,58.0
2026-08-29,wk inc covid hosp,1,2026-09-05,47,quantile,0.75,59.0
2026-08-29,wk inc covid hosp,1,2026-09-05,47,quantile,0.8,60.0
2026-08-29,wk inc covid hosp,1,2026-09-05,47,quantile,0.85,60.0
2026-08-29,wk inc covid hosp,1,2026-09-05,47,quantile,0.9,62.0
2026-08-29,wk inc covid hosp,1,2026-09-05,47,quantile,0.95,74.0
2026-08-29,wk inc covid hosp,1,2026-09-05,47,quantile,0.975,86.0
2026-08-29,wk inc covid hosp,1,2026-09-05,47,quantile,0.99,104.0
2026-08-29,wk inc covid hosp,1,2026-09-05,48,quantile,0.01,127.0
2026-08-29,wk inc covid hosp,1,2026-09-05,48,quantile,0.025,180.0
2026-08-29,wk inc covid hosp,1,2026-09-05,48,quantile,0.05,204.0
2026-08-29,wk inc covid hosp,1,2026-09-05,48,quantile,0.1,251.0
2026-08-29,wk inc covid hosp,1,2026-09-05,48,quantile,0.15,286.0
2026-08-29,wk inc covid hosp,1,2026-09-05,48,quantile,0.2,301.0
2026-08-29,wk inc covid hosp,1,2026-09-05,48,quantile,0.25,318.0
2026-08-29,wk inc covid hosp,1,2026-09-05,48,quantile,0.3,341.0
2026-08-29,wk inc covid hosp,1,2026-09-05,48,quantile,0.35,341.0
2026-08-29,wk inc covid hosp,1,2026-09-05,48,quantile,0.4,342.0
2026-08-29,wk inc covid hosp,1,2026-09-05,48,quantile,0.45,345.0
2026-08-29,wk inc covid hosp,1,2026-09-05,48,quantile,0.5,346.0
2026-08-29,wk inc covid hosp,1,2026-09-05,48,quantile,0.55,346.0
2026-08-29,wk inc covid hosp,1,2026-09-05,48,quantile,0.6,354.0
2026-08-29,wk inc covid hosp,1,2026-09-05,48,quantile,0.65,355.0
2026-08-29,wk inc covid hosp,1,2026-09-05,48,quantile,0.7,363.0
2026-08-29,wk inc covid hosp,1,2026-09-05,48,quantile,0.75,368.0
2026-08-29,wk inc covid hosp,1,2026-09-05,48,quantile,0.8,385.0
2026-08-29,wk inc covid hosp,1,2026-09-05,48,quantile,0.85,399.0
2026-08-29,wk inc covid hosp,1,2026-09-05,48,quantile,0.9,433.0
2026-08-29,wk inc covid hosp,1,2026-09-05,48,quantile,0.95,529.0
2026-08-29,wk inc covid hosp,1,2026-09-05,48,quantile,0.975,647.0
2026-08-29,wk inc covid hosp,1,2026-09-05,48,quantile,0.99,736.0
2026-08-29,wk inc covid hosp,1,2026-09-05,49,quantile,0.01,2.0
2026-08-29,wk inc covid hosp,1,2026-09-05,49,quantile,0.025,3.0
2026-08-29,wk inc covid hosp,1,2026-09-05,49,quantile,0.05,6.0
2026-08-29,wk inc covid hosp,1,2026-09-05,49,quantile,0.1,6.0
2026-08-29,wk inc covid hosp,1,2026-09-05,49,quantile,0.15,7.0
2026-08-29,wk inc covid hosp,1,2026-09-05,49,quantile,0.2,7.0
2026-08-29,wk inc covid hosp,1,2026-09-05,49,quantile,0.25,7.0
2026-08-29,wk inc covid hosp,1,2026-09-05,49,quantile,0.3,7.0
2026-08-29,wk inc covid hosp,1,2026-09-05,49,quantile,0.35,7.0
2026-08-29,wk inc covid hosp,1,2026-09-05,49,quantile,0.4,8.0
2026-08-29,wk inc covid hosp,1,2026-09-05,49,quantile,0.45,8.0
2026-08-29,wk inc covid hosp,1,2026-09-05,49,quantile,0.5,8.0
2026-08-29,wk inc covid hosp,1,2026-09-05,49,quantile,0.55,9.0
2026-08-29,wk inc covid hosp,1,2026-09-05,49,quantile,0.6,10.0
2026-08-29,wk inc covid hosp,1,2026-09-05,49,quantile,0.65,10.0
2026-08-29,wk inc covid hosp,1,2026-09-05,49,quantile,0.7,12.0
2026-08-29,wk inc covid hosp,1,2026-09-05,49,quantile,0.75,12.0
2026-08-29,wk inc covid hosp,1,2026-09-05,49,quantile,0.8,13.0
2026-08-29,wk inc covid hosp,1,2026-09-05,49,quantile,0.85,14.0
2026-08-29,wk inc covid hosp,1,2026-09-05,49,quantile,0.9,15.0
2026-08-29,wk inc covid hosp,1,2026-09-05,49,quantile,0.95,17.0
2026-08-29,wk inc covid hosp,1,2026-09-05,49,quantile,0.975,27.0
2026-08-29,wk inc covid hosp,1,2026-09-05,49,quantile,0.99,37.0
2026-08-29,wk inc covid hosp,1,2026-09-05,50,quantile,0.01,0.0
2026-08-29,wk inc covid hosp,1,2026-09-05,50,quantile,0.025,0.0
2026-08-29,wk inc covid hosp,1,2026-09-05,50,quantile,0.05,0.0
2026-08-29,wk inc covid hosp,1,2026-09-05,50,quantile,0.1,0.0
2026-08-29,wk inc covid hosp,1,2026-09-05,50,quantile,0.15,1.0
2026-08-29,wk inc covid hosp,1,2026-09-05,50,quantile,0.2,1.0
2026-08-29,wk inc covid hosp,1,2026-09-05,50,quantile,0.25,1.0
2026-08-29,wk inc covid hosp,1,2026-09-05,50,quantile,0.3,1.0
2026-08-29,wk inc covid hosp,1,2026-09-05,50,quantile,0.35,1.0
2026-08-29,wk inc covid hosp,1,2026-09-05,50,quantile,0.4,1.0
2026-08-29,wk inc covid hosp,1,2026-09-05,50,quantile,0.45,1.0
2026-08-29,wk inc covid hosp,1,2026-09-05,50,quantile,0.5,1.0
2026-08-29,wk inc covid hosp,1,2026-09-05,50,quantile,0.55,1.0
2026-08-29,wk inc covid hosp,1,2026-09-05,50,quantile,0.6,1.0
2026-08-29,wk inc covid hosp,1,2026-09-05,50,quantile,0.65,2.0
2026-08-29,wk inc covid hosp,1,2026-09-05,50,quantile,0.7,2.0
2026-08-29,wk inc covid hosp,1,2026-09-05,50,quantile,0.75,2.0
2026-08-29,wk inc covid hosp,1,2026-09-05,50,quantile,0.8,2.0
2026-08-29,wk inc covid hosp,1,2026-09-05,50,quantile,0.85,3.0
2026-08-29,wk inc covid hosp,1,2026-09-05,50,quantile,0.9,3.0
2026-08-29,wk inc covid hosp,1,2026-09-05,50,quantile,0.95,4.0
2026-08-29,wk inc covid hosp,1,2026-09-05,50,quantile,0.975,5.0
2026-08-29,wk inc covid hosp,1,2026-09-05,50,quantile,0.99,7.0
2026-08-29,wk inc covid hosp,1,2026-09-05,51,quantile,0.01,13.0
2026-08-29,wk inc covid hosp,1,2026-09-05,51,quantile,0.025,20.0
2026-08-29,wk inc covid hosp,1,2026-09-05,51,quantile,0.05,25.0
2026-08-29,wk inc covid hosp,1,2026-09-05,51,quantile,0.1,27.0
2026-08-29,wk inc covid hosp,1,2026-09-05,51,quantile,0.15,33.0
2026-08-29,wk inc covid hosp,1,2026-09-05,51,quantile,0.2,36.0
2026-08-29,wk inc covid hosp,1,2026-09-05,51,quantile,0.25,38.0
2026-08-29,wk inc covid hosp,1,2026-09-05,51,quantile,0.3,38.0
2026-08-29,wk inc covid hosp,1,2026-09-05,51,quantile,0.35,39.0
2026-08-29,wk inc covid hosp,1,2026-09-05,51,quantile,0.4,41.0
2026-08-29,wk inc covid hosp,1,2026-09-05,51,quantile,0.45,43.0
2026-08-29,wk inc covid hosp,1,2026-09-05,51,quantile,0.5,45.0
2026-08-29,wk inc covid hosp,1,2026-09-05,51,quantile,0.55,46.0
2026-08-29,wk inc covid hosp,1,2026-09-05,51,quantile,0.6,47.0
2026-08-29,wk inc covid hosp,1,2026-09-05,51,quantile,0.65,48.0
2026-08-29,wk inc covid hosp,1,2026-09-05,51,quantile,0.7,50.0
2026-08-29,wk inc covid hosp,1,2026-09-05,51,quantile,0.75,50.0
2026-08-29,wk inc covid hosp,1,2026-09-05,51,quantile,0.8,56.0
2026-08-29,wk inc covid hosp,1,2026-09-05,51,quantile,0.85,57.0
2026-08-29,wk inc covid hosp,1,2026-09-05,51,quantile,0.9,60.0
2026-08-29,wk inc covid hosp,1,2026-09-05,51,quantile,0.95,70.0
2026-08-29,wk inc covid hosp,1,2026-09-05,51,quantile,0.975,85.0
2026-08-29,wk inc covid hosp,1,2026-09-05,51,quantile,0.99,103.0
2026-08-29,wk inc covid hosp,1,2026-09-05,53,quantile,0.01,22.0
2026-08-29,wk inc covid hosp,1,2026-09-05,53,quantile,0.025,30.0
2026-08-29,wk inc covid hosp,1,2026-09-05,53,quantile,0.05,35.0
2026-08-29,wk inc covid hosp,1,2026-09-05,53,quantile,0.1,39.0
2026-08-29,wk inc covid hosp,1,2026-09-05,53,quantile,0.15,50.0
2026-08-29,wk inc covid hosp,1,2026-09-05,53,quantile,0.2,55.0
2026-08-29,wk inc covid hosp,1,2026-09-05,53,quantile,0.25,57.0
2026-08-29,wk inc covid hosp,1,2026-09-05,53,quantile,0.3,58.0
2026-08-29,wk inc covid hosp,1,2026-09-05,53,quantile,0.35,59.0
2026-08-29,wk inc covid hosp,1,2026-09-05,53,quantile,0.4,59.0
2026-08-29,wk inc covid hosp,1,2026-09-05,53,quantile,0.45,60.0
2026-08-29,wk inc covid hosp,1,2026-09-05,53,quantile,0.5,61.0
2026-08-29,wk inc covid hosp,1,2026-09-05,53,quantile,0.55,61.0
2026-08-29,wk inc covid hosp,1,2026-09-05,53,quantile,0.6,63.0
2026-08-29,wk inc covid hosp,1,2026-09-05,53,quantile,0.65,63.0
2026-08-29,wk inc covid hosp,1,2026-09-05,53,quantile,0.7,67.0
2026-08-29,wk inc covid hosp,1,2026-09-05,53,quantile,0.75,68.0
2026-08-29,wk inc covid hosp,1,2026-09-05,53,quantile,0.8,68.0
2026-08-29,wk inc covid hosp,1,2026-09-05,53,quantile,0.85,68.0
2026-08-29,wk inc covid hosp,1,2026-09-05,53,quantile,0.9,78.0
2026-08-29,wk inc covid hosp,1,2026-09-05,53,quantile,0.95,100.0
2026-08-29,wk inc covid hosp,1,2026-09-05,53,quantile,0.975,110.0
2026-08-29,wk inc covid hosp,1,2026-09-05,53,quantile,0.99,117.0
2026-08-29,wk inc covid hosp,1,2026-09-05,54,quantile,0.01,0.0
2026-08-29,wk inc covid hosp,1,2026-09-05,54,quantile,0.025,1.0
2026-08-29,wk inc covid hosp,1,2026-09-05,54,quantile,0.05,1.0
2026-08-29,wk inc covid hosp,1,2026-09-05,54,quantile,0.1,2.0
2026-08-29,wk inc covid hosp,1,2026-09-05,54,quantile,0.15,2.0
2026-08-29,wk inc covid hosp,1,2026-09-05,54,quantile,0.2,2.0
2026-08-29,wk inc covid hosp,1,2026-09-05,54,quantile,0.25,3.0
2026-08-29,wk inc covid hosp,1,2026-09-05,54,quantile,0.3,4.0
2026-08-29,wk inc covid hosp,1,2026-09-05,54,quantile,0.35,4.0
2026-08-29,wk inc covid hosp,1,2026-09-05,54,quantile,0.4,4.0
2026-08-29,wk inc covid hosp,1,2026-09-05,54,quantile,0.45,4.0
2026-08-29,wk inc covid hosp,1,2026-09-05,54,quantile,0.5,4.0
2026-08-29,wk inc covid hosp,1,2026-09-05,54,quantile,0.55,4.0
2026-08-29,wk inc covid hosp,1,2026-09-05,54,quantile,0.6,4.0
2026-08-29,wk inc covid hosp,1,2026-09-05,54,quantile,0.65,4.0
2026-08-29,wk inc covid hosp,1,2026-09-05,54,quantile,0.7,5.0
2026-08-29,wk inc covid hosp,1,2026-09-05,54,quantile,0.75,5.0
2026-08-29,wk inc covid hosp,1,2026-09-05,54,quantile,0.8,6.0
2026-08-29,wk inc covid hosp,1,2026-09-05,54,quantile,0.85,6.0
2026-08-29,wk inc covid hosp,1,2026-09-05,54,quantile,0.9,7.0
2026-08-29,wk inc covid hosp,1,2026-09-05,54,quantile,0.95,10.0
2026-08-29,wk inc covid hosp,1,2026-09-05,54,quantile,0.975,14.0
2026-08-29,wk inc covid hosp,1,2026-09-05,54,quantile,0.99,20.0
2026-08-29,wk inc covid hosp,1,2026-09-05,55,quantile,0.01,5.0
2026-08-29,wk inc covid hosp,1,2026-09-05,55,quantile,0.025,7.0
2026-08-29,wk inc covid hosp,1,2026-09-05,55,quantile,0.05,9.0
2026-08-29,wk inc covid hosp,1,2026-09-05,55,quantile,0.1,10.0
2026-08-29,wk inc covid hosp,1,2026-09-05,55,quantile,0.15,11.0
2026-08-29,wk inc covid hosp,1,2026-09-05,55,quantile,0.2,12.0
2026-08-29,wk inc covid hosp,1,2026-09-05,55,quantile,0.25,12.0
2026-08-29,wk inc covid hosp,1,2026-09-05,55,quantile,0.3,12.0
2026-08-29,wk inc covid hosp,1,2026-09-05,55,quantile,0.35,12.0
2026-08-29,wk inc covid hosp,1,2026-09-05,55,quantile,0.4,13.0
2026-08-29,wk inc covid hosp,1,2026-09-05,55,quantile,0.45,13.0
2026-08-29,wk inc covid hosp,1,2026-09-05,55,quantile,0.5,14.0
2026-08-29,wk inc covid hosp,1,2026-09-05,55,quantile,0.55,14.0
2026-08-29,wk inc covid hosp,1,2026-09-05,55,quantile,0.6,14.0
2026-08-29,wk inc covid hosp,1,2026-09-05,55,quantile,0.65,15.0
2026-08-29,wk inc covid hosp,1,2026-09-05,55,quantile,0.7,17.0
2026-08-29,wk inc covid hosp,1,2026-09-05,55,quantile,0.75,18.0
2026-08-29,wk inc covid hosp,1,2026-09-05,55,quantile,0.8,19.0
2026-08-29,wk inc covid hosp,1,2026-09-05,55,quantile,0.85,22.0
2026-08-29,wk inc covid hosp,1,2026-09-05,55,quantile,0.9,25.0
2026-08-29,wk inc covid hosp,1,2026-09-05,55,quantile,0.95,30.0
2026-08-29,wk inc covid hosp,1,2026-09-05,55,quantile,0.975,41.0
2026-08-29,wk inc covid hosp,1,2026-09-05,55,quantile,0.99,63.0
2026-08-29,wk inc covid hosp,1,2026-09-05,56,quantile,0.01,0.0
2026-08-29,wk inc covid hosp,1,2026-09-05,56,quantile,0.025,0.0
2026-08-29,wk inc covid hosp,1,2026-09-05,56,quantile,0.05,0.0
2026-08-29,wk inc covid hosp,1,2026-09-05,56,quantile,0.1,0.0
2026-08-29,wk inc covid hosp,1,2026-09-05,56,quantile,0.15,0.0
2026-08-29,wk inc covid hosp,1,2026-09-05,56,quantile,0.2,1.0
2026-08-29,wk inc covid hosp,1,2026-09-05,56,quantile,0.25,1.0
2026-08-29,wk inc covid hosp,1,2026-09-05,56,quantile,0.3,1.0
2026-08-29,wk inc covid hosp,1,2026-09-05,56,quantile,0.35,1.0
2026-08-29,wk inc covid hosp,1,2026-09-05,56,quantile,0.4,1.0
2026-08-29,wk inc covid hosp,1,2026-09-05,56,quantile,0.45,1.0
2026-08-29,wk inc covid hosp,1,2026-09-05,56,quantile,0.5,1.0
2026-08-29,wk inc covid hosp,1,2026-09-05,56,quantile,0.55,1.0
2026-08-29,wk inc covid hosp,1,2026-09-05,56,quantile,0.6,1.0
2026-08-29,wk inc covid hosp,1,2026-09-05,56,quantile,0.65,1.0
2026-08-29,wk inc covid hosp,1,2026-09-05,56,quantile,0.7,2.0
2026-08-29,wk inc covid hosp,1,2026-09-05,56,quantile,0.75,2.0
2026-08-29,wk inc covid hosp,1,2026-09-05,56,quantile,0.8,2.0
2026-08-29,wk inc covid hosp,1,2026-09-05,56,quantile,0.85,3.0
2026-08-29,wk inc covid hosp,1,2026-09-05,56,quantile,0.9,3.0
2026-08-29,wk inc covid hosp,1,2026-09-05,56,quantile,0.95,4.0
2026-08-29,wk inc covid hosp,1,2026-09-05,56,quantile,0.975,5.0
2026-08-29,wk inc covid hosp,1,2026-09-05,56,quantile,0.99,7.0
2026-08-29,wk inc covid hosp,1,2026-09-05,72,quantile,0.01,42.0
2026-08-29,wk inc covid hosp,1,2026-09-05,72,quantile,0.025,50.0
2026-08-29,wk inc covid hosp,1,2026-09-05,72,quantile,0.05,58.0
2026-08-29,wk inc covid hosp,1,2026-09-05,72,quantile,0.1,70.0
2026-08-29,wk inc covid hosp,1,2026-09-05,72,quantile,0.15,75.0
2026-08-29,wk inc covid hosp,1,2026-09-05,72,quantile,0.2,77.0
2026-08-29,wk inc covid hosp,1,2026-09-05,72,quantile,0.25,77.0
2026-08-29,wk inc covid hosp,1,2026-09-05,72,quantile,0.3,83.0
2026-08-29,wk inc covid hosp,1,2026-09-05,72,quantile,0.35,85.0
2026-08-29,wk inc covid hosp,1,2026-09-05,72,quantile,0.4,93.0
2026-08-29,wk inc covid hosp,1,2026-09-05,72,quantile,0.45,110.0
2026-08-29,wk inc covid hosp,1,2026-09-05,72,quantile,0.5,111.0
2026-08-29,wk inc covid hosp,1,2026-09-05,72,quantile,0.55,114.0
2026-08-29,wk inc covid hosp,1,2026-09-05,72,quantile,0.6,116.0
2026-08-29,wk inc covid hosp,1,2026-09-05,72,quantile,0.65,123.0
2026-08-29,wk inc covid hosp,1,2026-09-05,72,quantile,0.7,131.0
2026-08-29,wk inc covid hosp,1,2026-09-05,72,quantile,0.75,142.0
2026-08-29,wk inc covid hosp,1,2026-09-05,72,quantile,0.8,152.0
2026-08-29,wk inc covid hosp,1,2026-09-05,72,quantile,0.85,156.0
2026-08-29,wk inc covid hosp,1,2026-09-05,72,quantile,0.9,175.0
2026-08-29,wk inc covid hosp,1,2026-09-05,72,quantile,0.95,185.0
2026-08-29,wk inc covid hosp,1,2026-09-05,72,quantile,0.975,189.0
2026-08-29,wk inc covid hosp,1,2026-09-05,72,quantile,0.99,197.0
2026-08-29,wk inc covid hosp,2,2026-09-12,01,quantile,0.01,19.0
2026-08-29,wk inc covid hosp,2,2026-09-12,01,quantile,0.025,29.0
2026-08-29,wk inc covid hosp,2,2026-09-12,01,quantile,0.05,36.0
2026-08-29,wk inc covid hosp,2,2026-09-12,01,quantile,0.1,45.0
2026-08-29,wk inc covid hosp,2,2026-09-12,01,quantile,0.15,51.0
2026-08-29,wk inc covid hosp,2,2026-09-12,01,quantile,0.2,57.0
2026-08-29,wk inc covid hosp,2,2026-09-12,01,quantile,0.25,62.0
2026-08-29,wk inc covid hosp,2,2026-09-12,01,quantile,0.3,67.0
2026-08-29,wk inc covid hosp,2,2026-09-12,01,quantile,0.35,69.0
2026-08-29,wk inc covid hosp,2,2026-09-12,01,quantile,0.4,70.0
2026-08-29,wk inc covid hosp,2,2026-09-12,01,quantile,0.45,71.0
2026-08-29,wk inc covid hosp,2,2026-09-12,01,quantile,0.5,72.0
2026-08-29,wk inc covid hosp,2,2026-09-12,01,quantile,0.55,77.0
2026-08-29,wk inc covid hosp,2,2026-09-12,01,quantile,0.6,79.0
2026-08-29,wk inc covid hosp,2,2026-09-12,01,quantile,0.65,80.0
2026-08-29,wk inc covid hosp,2,2026-09-12,01,quantile,0.7,81.0
2026-08-29,wk inc covid hosp,2,2026-09-12,01,quantile,0.75,82.0
2026-08-29,wk inc covid hosp,2,2026-09-12,01,quantile,0.8,86.0
2026-08-29,wk inc covid hosp,2,2026-09-12,01,quantile,0.85,87.0
2026-08-29,wk inc covid hosp,2,2026-09-12,01,quantile,0.9,88.0
2026-08-29,wk inc covid hosp,2,2026-09-12,01,quantile,0.95,103.0
2026-08-29,wk inc covid hosp,2,2026-09-12,01,quantile,0.975,123.0
2026-08-29,wk inc covid hosp,2,2026-09-12,01,quantile,0.99,132.0
2026-08-29,wk inc covid hosp,2,2026-09-12,02,quantile,0.01,0.0
2026-08-29,wk inc covid hosp,2,2026-09-12,02,quantile,0.025,1.0
2026-08-29,wk inc covid hosp,2,2026-09-12,02,quantile,0.05,1.0
2026-08-29,wk inc covid hosp,2,2026-09-12,02,quantile,0.1,2.0
2026-08-29,wk inc covid hosp,2,2026-09-12,02,quantile,0.15,2.0
2026-08-29,wk inc covid hosp,2,2026-09-12,02,quantile,0.2,3.0
2026-08-29,wk inc covid hosp,2,2026-09-12,02,quantile,0.25,3.0
2026-08-29,wk inc covid hosp,2,2026-09-12,02,quantile,0.3,3.0
2026-08-29,wk inc covid hosp,2,2026-09-12,02,quantile,0.35,3.0
2026-08-29,wk inc covid hosp,2,2026-09-12,02,quantile,0.4,3.0
2026-08-29,wk inc covid hosp,2,2026-09-12,02,quantile,0.45,3.0
2026-08-29,wk inc covid hosp,2,2026-09-12,02,quantile,0.5,3.0
2026-08-29,wk inc covid hosp,2,2026-09-12,02,quantile,0.55,4.0
2026-08-29,wk inc covid hosp,2,2026-09-12,02,quantile,0.6,4.0
2026-08-29,wk inc covid hosp,2,2026-09-12,02,quantile,0.65,4.0
2026-08-29,wk inc covid hosp,2,2026-09-12,02,quantile,0.7,4.0
2026-08-29,wk inc covid hosp,2,2026-09-12,02,quantile,0.75,5.0
2026-08-29,wk inc covid hosp,2,2026-09-12,02,quantile,0.8,5.0
2026-08-29,wk inc covid hosp,2,2026-09-12,02,quantile,0.85,5.0
2026-08-29,wk inc covid hosp,2,2026-09-12,02,quantile,0.9,5.0
2026-08-29,wk inc covid hosp,2,2026-09-12,02,quantile,0.95,6.0
2026-08-29,wk inc covid hosp,2,2026-09-12,02,quantile,0.975,7.0
2026-08-29,wk inc covid hosp,2,2026-09-12,02,quantile,0.99,8.0
2026-08-29,wk inc covid hosp,2,2026-09-12,04,quantile,0.01,18.0
2026-08-29,wk inc covid hosp,2,2026-09-12,04,quantile,0.025,24.0
2026-08-29,wk inc covid hosp,2,2026-09-12,04,quantile,0.05,27.0
2026-08-29,wk inc covid hosp,2,2026-09-12,04,quantile,0.1,36.0
2026-08-29,wk inc covid hosp,2,2026-09-12,04,quantile,0.15,43.0
2026-08-29,wk inc covid hosp,2,2026-09-12,04,quantile,0.2,52.0
2026-08-29,wk inc covid hosp,2,2026-09-12,04,quantile,0.25,54.0
2026-08-29,wk inc covid hosp,2,2026-09-12,04,quantile,0.3,54.0
2026-08-29,wk inc covid hosp,2,2026-09-12,04,quantile,0.35,54.0
2026-08-29,wk inc covid hosp,2,2026-09-12,04,quantile,0.4,55.0
2026-08-29,wk inc covid hosp,2,2026-09-12,04,quantile,0.45,56.0
2026-08-29,wk inc covid hosp,2,2026-09-12,04,quantile,0.5,57.0
2026-08-29,wk inc covid hosp,2,2026-09-12,04,quantile,0.55,60.0
2026-08-29,wk inc covid hosp,2,2026-09-12,04,quantile,0.6,61.0
2026-08-29,wk inc covid hosp,2,2026-09-12,04,quantile,0.65,63.0
2026-08-29,wk inc covid hosp,2,2026-09-12,04,quantile,0.7,64.0
2026-08-29,wk inc covid hosp,2,2026-09-12,04,quantile,0.75,64.0
2026-08-29,wk inc covid hosp,2,2026-09-12,04,quantile,0.8,65.0
2026-08-29,wk inc covid hosp,2,2026-09-12,04,quantile,0.85,65.0
2026-08-29,wk inc covid hosp,2,2026-09-12,04,quantile,0.9,70.0
2026-08-29,wk inc covid hosp,2,2026-09-12,04,quantile,0.95,84.0
2026-08-29,wk inc covid hosp,2,2026-09-12,04,quantile,0.975,96.0
2026-08-29,wk inc covid hosp,2,2026-09-12,04,quantile,0.99,115.0
2026-08-29,wk inc covid hosp,2,2026-09-12,05,quantile,0.01,2.0
2026-08-29,wk inc covid hosp,2,2026-09-12,05,quantile,0.025,5.0
2026-08-29,wk inc covid hosp,2,2026-09-12,05,quantile,0.05,6.0
2026-08-29,wk inc covid hosp,2,2026-09-12,05,quantile,0.1,8.0
2026-08-29,wk inc covid hosp,2,2026-09-12,05,quantile,0.15,9.0
2026-08-29,wk inc covid hosp,2,2026-09-12,05,quantile,0.2,11.0
2026-08-29,wk inc covid hosp,2,2026-09-12,05,quantile,0.25,11.0
2026-08-29,wk inc covid hosp,2,2026-09-12,05,quantile,0.3,11.0
2026-08-29,wk inc covid hosp,2,2026-09-12,05,quantile,0.35,11.0
2026-08-29,wk inc covid hosp,2,2026-09-12,05,quantile,0.4,11.0
2026-08-29,wk inc covid hosp,2,2026-09-12,05,quantile,0.45,12.0
2026-08-29,wk inc covid hosp,2,2026-09-12,05,quantile,0.5,13.0
2026-08-29,wk inc covid hosp,2,2026-09-12,05,quantile,0.55,14.0
2026-08-29,wk inc covid hosp,2,2026-09-12,05,quantile,0.6,15.0
2026-08-29,wk inc covid hosp,2,2026-09-12,05,quantile,0.65,17.0
2026-08-29,wk inc covid hosp,2,2026-09-12,05,quantile,0.7,17.0
2026-08-29,wk inc covid hosp,2,2026-09-12,05,quantile,0.75,18.0
2026-08-29,wk inc covid hosp,2,2026-09-12,05,quantile,0.8,18.0
2026-08-29,wk inc covid hosp,2,2026-09-12,05,quantile,0.85,19.0
2026-08-29,wk inc covid hosp,2,2026-09-12,05,quantile,0.9,19.0
2026-08-29,wk inc covid hosp,2,2026-09-12,05,quantile,0.95,22.0
2026-08-29,wk inc covid hosp,2,2026-09-12,05,quantile,0.975,24.0
2026-08-29,wk inc covid hosp,2,2026-09-12,05,quantile,0.99,33.0
2026-08-29,wk inc covid hosp,2,2026-09-12,06,quantile,0.01,177.0
2026-08-29,wk inc covid hosp,2,2026-09-12,06,quantile,0.025,237.0
2026-08-29,wk inc covid hosp,2,2026-09-12,06,quantile,0.05,266.0
2026-08-29,wk inc covid hosp,2,2026-09-12,06,quantile,0.1,337.0
2026-08-29,wk inc covid hosp,2,2026-09-12,06,quantile,0.15,389.0
2026-08-29,wk inc covid hosp,2,2026-09-12,06,quantile,0.2,422.0
2026-08-29,wk inc covid hosp,2,2026-09-12,06,quantile,0.25,439.0
2026-08-29,wk inc covid hosp,2,2026-09-12,06,quantile,0.3,488.0
2026-08-29,wk inc covid hosp,2,2026-09-12,06,quantile,0.35,490.0
2026-08-29,wk inc covid hosp,2,2026-09-12,06,quantile,0.4,513.0
2026-08-29,wk inc covid hosp,2,2026-09-12,06,quantile,0.45,516.0
2026-08-29,wk inc covid hosp,2,2026-09-12,06,quantile,0.5,516.0
2026-08-29,wk inc covid hosp,2,2026-09-12,06,quantile,0.55,543.0
2026-08-29,wk inc covid hosp,2,2026-09-12,06,quantile,0.6,558.0
2026-08-29,wk inc covid hosp,2,2026-09-12,06,quantile,0.65,563.0
2026-08-29,wk inc covid hosp,2,2026-09-12,06,quantile,0.7,567.0
2026-08-29,wk inc covid hosp,2,2026-09-12,06,quantile,0.75,574.0
2026-08-29,wk inc covid hosp,2,2026-09-12,06,quantile,0.8,577.0
2026-08-29,wk inc covid hosp,2,2026-09-12,06,quantile,0.85,653.0
2026-08-29,wk inc covid hosp,2,2026-09-12,06,quantile,0.9,731.0
2026-08-29,wk inc covid hosp,2,2026-09-12,06,quantile,0.95,898.0
2026-08-29,wk inc covid hosp,2,2026-09-12,06,quantile,0.975,1030.0
2026-08-29,wk inc covid hosp,2,2026-09-12,06,quantile,0.99,1073.0
2026-08-29,wk inc covid hosp,2,2026-09-12,08,quantile,0.01,6.0
2026-08-29,wk inc covid hosp,2,2026-09-12,08,quantile,0.025,9.0
2026-08-29,wk inc covid hosp,2,2026-09-12,08,quantile,0.05,12.0
2026-08-29,wk inc covid hosp,2,2026-09-12,08,quantile,0.1,16.0
2026-08-29,wk inc covid hosp,2,2026-09-12,08,quantile,0.15,21.0
2026-08-29,wk inc covid hosp,2,2026-09-12,08,quantile,0.2,21.0
2026-08-29,wk inc covid hosp,2,2026-09-12,08,quantile,0.25,23.0
2026-08-29,wk inc covid hosp,2,2026-09-12,08,quantile,0.3,23.0
2026-08-29,wk inc covid hosp,2,2026-09-12,08,quantile,0.35,23.0
2026-08-29,wk inc covid hosp,2,2026-09-12,08,quantile,0.4,23.0
2026-08-29,wk inc covid hosp,2,2026-09-12,08,quantile,0.45,25.0
2026-08-29,wk inc covid hosp,2,2026-09-12,08,quantile,0.5,27.0
2026-08-29,wk inc covid hosp,2,2026-09-12,08,quantile,0.55,27.0
2026-08-29,wk inc covid hosp,2,2026-09-12,08,quantile,0.6,29.0
2026-08-29,wk inc covid hosp,2,2026-09-12,08,quantile,0.65,29.0
2026-08-29,wk inc covid hosp,2,2026-09-12,08,quantile,0.7,30.0
2026-08-29,wk inc covid hosp,2,2026-09-12,08,quantile,0.75,32.0
2026-08-29,wk inc covid hosp,2,2026-09-12,08,quantile,0.8,33.0
2026-08-29,wk inc covid hosp,2,2026-09-12,08,quantile,0.85,35.0
2026-08-29,wk inc covid hosp,2,2026-09-12,08,quantile,0.9,35.0
2026-08-29,wk inc covid hosp,2,2026-09-12,08,quantile,0.95,41.0
2026-08-29,wk inc covid hosp,2,2026-09-12,08,quantile,0.975,53.0
2026-08-29,wk inc covid hosp,2,2026-09-12,08,quantile,0.99,71.0
2026-08-29,wk inc covid hosp,2,2026-09-12,09,quantile,0.01,2.0
2026-08-29,wk inc covid hosp,2,2026-09-12,09,quantile,0.025,4.0
2026-08-29,wk inc covid hosp,2,2026-09-12,09,quantile,0.05,6.0
2026-08-29,wk inc covid hosp,2,2026-09-12,09,quantile,0.1,8.0
2026-08-29,wk inc covid hosp,2,2026-09-12,09,quantile,0.15,9.0
2026-08-29,wk inc covid hosp,2,2026-09-12,09,quantile,0.2,10.0
2026-08-29,wk inc covid hosp,2,2026-09-12,09,quantile,0.25,10.0
2026-08-29,wk inc covid hosp,2,2026-09-12,09,quantile,0.3,11.0
2026-08-29,wk inc covid hosp,2,2026-09-12,09,quantile,0.35,11.0
2026-08-29,wk inc covid hosp,2,2026-09-12,09,quantile,0.4,11.0
2026-08-29,wk inc covid hosp,2,2026-09-12,09,quantile,0.45,11.0
2026-08-29,wk inc covid hosp,2,2026-09-12,09,quantile,0.5,12.0
2026-08-29,wk inc covid hosp,2,2026-09-12,09,quantile,0.55,13.0
2026-08-29,wk inc covid hosp,2,2026-09-12,09,quantile,0.6,14.0
2026-08-29,wk inc covid hosp,2,2026-09-12,09,quantile,0.65,15.0
2026-08-29,wk inc covid hosp,2,2026-09-12,09,quantile,0.7,16.0
2026-08-29,wk inc covid hosp,2,2026-09-12,09,quantile,0.75,17.0
2026-08-29,wk inc covid hosp,2,2026-09-12,09,quantile,0.8,17.0
2026-08-29,wk inc covid hosp,2,2026-09-12,09,quantile,0.85,18.0
2026-08-29,wk inc covid hosp,2,2026-09-12,09,quantile,0.9,19.0
2026-08-29,wk inc covid hosp,2,2026-09-12,09,quantile,0.95,21.0
2026-08-29,wk inc covid hosp,2,2026-09-12,09,quantile,0.975,28.0
2026-08-29,wk inc covid hosp,2,2026-09-12,09,quantile,0.99,39.0
2026-08-29,wk inc covid hosp,2,2026-09-12,10,quantile,0.01,0.0
2026-08-29,wk inc covid hosp,2,2026-09-12,10,quantile,0.025,0.0
2026-08-29,wk inc covid hosp,2,2026-09-12,10,quantile,0.05,1.0
2026-08-29,wk inc covid hosp,2,2026-09-12,10,quantile,0.1,1.0
2026-08-29,wk inc covid hosp,2,2026-09-12,10,quantile,0.15,2.0
2026-08-29,wk inc covid hosp,2,2026-09-12,10,quantile,0.2,2.0
2026-08-29,wk inc covid hosp,2,2026-09-12,10,quantile,0.25,2.0
2026-08-29,wk inc covid hosp,2,2026-09-12,10,quantile,0.3,2.0
2026-08-29,wk inc covid hosp,2,2026-09-12,10,quantile,0.35,3.0
2026-08-29,wk inc covid hosp,2,2026-09-12,10,quantile,0.4,3.0
2026-08-29,wk inc covid hosp,2,2026-09-12,10,quantile,0.45,3.0
2026-08-29,wk inc covid hosp,2,2026-09-12,10,quantile,0.5,3.0
2026-08-29,wk inc covid hosp,2,2026-09-12,10,quantile,0.55,4.0
2026-08-29,wk inc covid hosp,2,2026-09-12,10,quantile,0.6,4.0
2026-08-29,wk inc covid hosp,2,2026-09-12,10,quantile,0.65,4.0
2026-08-29,wk inc covid hosp,2,2026-09-12,10,quantile,0.7,4.0
2026-08-29,wk inc covid hosp,2,2026-09-12,10,quantile,0.75,4.0
2026-08-29,wk inc covid hosp,2,2026-09-12,10,quantile,0.8,5.0
2026-08-29,wk inc covid hosp,2,2026-09-12,10,quantile,0.85,5.0
2026-08-29,wk inc covid hosp,2,2026-09-12,10,quantile,0.9,6.0
2026-08-29,wk inc covid hosp,2,2026-09-12,10,quantile,0.95,9.0
2026-08-29,wk inc covid hosp,2,2026-09-12,10,quantile,0.975,13.0
2026-08-29,wk inc covid hosp,2,2026-09-12,10,quantile,0.99,15.0
2026-08-29,wk inc covid hosp,2,2026-09-12,11,quantile,0.01,0.0
2026-08-29,wk inc covid hosp,2,2026-09-12,11,quantile,0.025,0.0
2026-08-29,wk inc covid hosp,2,2026-09-12,11,quantile,0.05,1.0
2026-08-29,wk inc covid hosp,2,2026-09-12,11,quantile,0.1,1.0
2026-08-29,wk inc covid hosp,2,2026-09-12,11,quantile,0.15,2.0
2026-08-29,wk inc covid hosp,2,2026-09-12,11,quantile,0.2,2.0
2026-08-29,wk inc covid hosp,2,2026-09-12,11,quantile,0.25,3.0
2026-08-29,wk inc covid hosp,2,2026-09-12,11,quantile,0.3,3.0
2026-08-29,wk inc covid hosp,2,2026-09-12,11,quantile,0.35,4.0
2026-08-29,wk inc covid hosp,2,2026-09-12,11,quantile,0.4,4.0
2026-08-29,wk inc covid hosp,2,2026-09-12,11,quantile,0.45,4.0
2026-08-29,wk inc covid hosp,2,2026-09-12,11,quantile,0.5,5.0
2026-08-29,wk inc covid hosp,2,2026-09-12,11,quantile,0.55,5.0
2026-08-29,wk inc covid hosp,2,2026-09-12,11,quantile,0.6,6.0
2026-08-29,wk inc covid hosp,2,2026-09-12,11,quantile,0.65,7.0
2026-08-29,wk inc covid hosp,2,2026-09-12,11,quantile,0.7,7.0
2026-08-29,wk inc covid hosp,2,2026-09-12,11,quantile,0.75,8.0
2026-08-29,wk inc covid hosp,2,2026-09-12,11,quantile,0.8,8.0
2026-08-29,wk inc covid hosp,2,2026-09-12,11,quantile,0.85,8.0
2026-08-29,wk inc covid hosp,2,2026-09-12,11,quantile,0.9,9.0
2026-08-29,wk inc covid hosp,2,2026-09-12,11,quantile,0.95,14.0
2026-08-29,wk inc covid hosp,2,2026-09-12,11,quantile,0.975,16.0
2026-08-29,wk inc covid hosp,2,2026-09-12,11,quantile,0.99,16.0
2026-08-29,wk inc covid hosp,2,2026-09-12,12,quantile,0.01,112.0
2026-08-29,wk inc covid hosp,2,2026-09-12,12,quantile,0.025,155.0
2026-08-29,wk inc covid hosp,2,2026-09-12,12,quantile,0.05,176.0
2026-08-29,wk inc covid hosp,2,2026-09-12,12,quantile,0.1,196.0
2026-08-29,wk inc covid hosp,2,2026-09-12,12,quantile,0.15,235.0
2026-08-29,wk inc covid hosp,2,2026-09-12,12,quantile,0.2,248.0
2026-08-29,wk inc covid hosp,2,2026-09-12,12,quantile,0.25,262.0
2026-08-29,wk inc covid hosp,2,2026-09-12,12,quantile,0.3,271.0
2026-08-29,wk inc covid hosp,2,2026-09-12,12,quantile,0.35,280.0
2026-08-29,wk inc covid hosp,2,2026-09-12,12,quantile,0.4,290.0
2026-08-29,wk inc covid hosp,2,2026-09-12,12,quantile,0.45,309.0
2026-08-29,wk inc covid hosp,2,2026-09-12,12,quantile,0.5,321.0
2026-08-29,wk inc covid hosp,2,2026-09-12,12,quantile,0.55,328.0
2026-08-29,wk inc covid hosp,2,2026-09-12,12,quantile,0.6,331.0
2026-08-29,wk inc covid hosp,2,2026-09-12,12,quantile,0.65,344.0
2026-08-29,wk inc covid hosp,2,2026-09-12,12,quantile,0.7,388.0
2026-08-29,wk inc covid hosp,2,2026-09-12,12,quantile,0.75,402.0
2026-08-29,wk inc covid hosp,2,2026-09-12,12,quantile,0.8,416.0
2026-08-29,wk inc covid hosp,2,2026-09-12,12,quantile,0.85,446.0
2026-08-29,wk inc covid hosp,2,2026-09-12,12,quantile,0.9,493.0
2026-08-29,wk inc covid hosp,2,2026-09-12,12,quantile,0.95,636.0
2026-08-29,wk inc covid hosp,2,2026-09-12,12,quantile,0.975,712.0
2026-08-29,wk inc covid hosp,2,2026-09-12,12,quantile,0.99,764.0
2026-08-29,wk inc covid hosp,2,2026-09-12,13,quantile,0.01,37.0
2026-08-29,wk inc covid hosp,2,2026-09-12,13,quantile,0.025,51.0
2026-08-29,wk inc covid hosp,2,2026-09-12,13,quantile,0.05,59.0
2026-08-29,wk inc covid hosp,2,2026-09-12,13,quantile,0.1,72.0
2026-08-29,wk inc covid hosp,2,2026-09-12,13,quantile,0.15,84.0
2026-08-29,wk inc covid hosp,2,2026-09-12,13,quantile,0.2,93.0
2026-08-29,wk inc covid hosp,2,2026-09-12,13,quantile,0.25,96.0
2026-08-29,wk inc covid hosp,2,2026-09-12,13,quantile,0.3,99.0
2026-08-29,wk inc covid hosp,2,2026-09-12,13,quantile,0.35,100.0
2026-08-29,wk inc covid hosp,2,2026-09-12,13,quantile,0.4,101.0
2026-08-29,wk inc covid hosp,2,2026-09-12,13,quantile,0.45,104.0
2026-08-29,wk inc covid hosp,2,2026-09-12,13,quantile,0.5,106.0
2026-08-29,wk inc covid hosp,2,2026-09-12,13,quantile,0.55,110.0
2026-08-29,wk inc covid hosp,2,2026-09-12,13,quantile,0.6,113.0
2026-08-29,wk inc covid hosp,2,2026-09-12,13,quantile,0.65,114.0
2026-08-29,wk inc covid hosp,2,2026-09-12,13,quantile,0.7,116.0
2026-08-29,wk inc covid hosp,2,2026-09-12,13,quantile,0.75,116.0
2026-08-29,wk inc covid hosp,2,2026-09-12,13,quantile,0.8,117.0
2026-08-29,wk inc covid hosp,2,2026-09-12,13,quantile,0.85,120.0
2026-08-29,wk inc covid hosp,2,2026-09-12,13,quantile,0.9,128.0
2026-08-29,wk inc covid hosp,2,2026-09-12,13,quantile,0.95,172.0
2026-08-29,wk inc covid hosp,2,2026-09-12,13,quantile,0.975,184.0
2026-08-29,wk inc covid hosp,2,2026-09-12,13,quantile,0.99,199.0
2026-08-29,wk inc covid hosp,2,2026-09-12,15,quantile,0.01,6.0
2026-08-29,wk inc covid hosp,2,2026-09-12,15,quantile,0.025,8.0
2026-08-29,wk inc covid hosp,2,2026-09-12,15,quantile,0.05,8.0
2026-08-29,wk inc covid hosp,2,2026-09-12,15,quantile,0.1,9.0
2026-08-29,wk inc covid hosp,2,2026-09-12,15,quantile,0.15,12.0
2026-08-29,wk inc covid hosp,2,2026-09-12,15,quantile,0.2,13.0
2026-08-29,wk inc covid hosp,2,2026-09-12,15,quantile,0.25,15.0
2026-08-29,wk inc covid hosp,2,2026-09-12,15,quantile,0.3,17.0
2026-08-29,wk inc covid hosp,2,2026-09-12,15,quantile,0.35,17.0
2026-08-29,wk inc covid hosp,2,2026-09-12,15,quantile,0.4,18.0
2026-08-29,wk inc covid hosp,2,2026-09-12,15,quantile,0.45,19.0
2026-08-29,wk inc covid hosp,2,2026-09-12,15,quantile,0.5,21.0
2026-08-29,wk inc covid hosp,2,2026-09-12,15,quantile,0.55,21.0
2026-08-29,wk inc covid hosp,2,2026-09-12,15,quantile,0.6,22.0
2026-08-29,wk inc covid hosp,2,2026-09-12,15,quantile,0.65,23.0
2026-08-29,wk inc covid hosp,2,2026-09-12,15,quantile,0.7,28.0
2026-08-29,wk inc covid hosp,2,2026-09-12,15,quantile,0.75,29.0
2026-08-29,wk inc covid hosp,2,2026-09-12,15,quantile,0.8,30.0
2026-08-29,wk inc covid hosp,2,2026-09-12,15,quantile,0.85,32.0
2026-08-29,wk inc covid hosp,2,2026-09-12,15,quantile,0.9,34.0
2026-08-29,wk inc covid hosp,2,2026-09-12,15,quantile,0.95,44.0
2026-08-29,wk inc covid hosp,2,2026-09-12,15,quantile,0.975,48.0
2026-08-29,wk inc covid hosp,2,2026-09-12,15,quantile,0.99,52.0
2026-08-29,wk inc covid hosp,2,2026-09-12,16,quantile,0.01,0.0
2026-08-29,wk inc covid hosp,2,2026-09-12,16,quantile,0.025,1.0
2026-08-29,wk inc covid hosp,2,2026-09-12,16,quantile,0.05,2.0
2026-08-29,wk inc covid hosp,2,2026-09-12,16,quantile,0.1,3.0
2026-08-29,wk inc covid hosp,2,2026-09-12,16,quantile,0.15,3.0
2026-08-29,wk inc covid hosp,2,2026-09-12,16,quantile,0.2,3.0
2026-08-29,wk inc covid hosp,2,2026-09-12,16,quantile,0.25,3.0
2026-08-29,wk inc covid hosp,2,2026-09-12,16,quantile,0.3,3.0
2026-08-29,wk inc covid hosp,2,2026-09-12,16,quantile,0.35,4.0
2026-08-29,wk inc covid hosp,2,2026-09-12,16,quantile,0.4,4.0
2026-08-29,wk inc covid hosp,2,2026-09-12,16,quantile,0.45,4.0
2026-08-29,wk inc covid hosp,2,2026-09-12,16,quantile,0.5,4.0
2026-08-29,wk inc covid hosp,2,2026-09-12,16,quantile,0.55,5.0
2026-08-29,wk inc covid hosp,2,2026-09-12,16,quantile,0.6,5.0
2026-08-29,wk inc covid hosp,2,2026-09-12,16,quantile,0.65,5.0
2026-08-29,wk inc covid hosp,2,2026-09-12,16,quantile,0.7,6.0
2026-08-29,wk inc covid hosp,2,2026-09-12,16,quantile,0.75,6.0
2026-08-29,wk inc covid hosp,2,2026-09-12,16,quantile,0.8,7.0
2026-08-29,wk inc covid hosp,2,2026-09-12,16,quantile,0.85,8.0
2026-08-29,wk inc covid hosp,2,2026-09-12,16,quantile,0.9,9.0
2026-08-29,wk inc covid hosp,2,2026-09-12,16,quantile,0.95,10.0
2026-08-29,wk inc covid hosp,2,2026-09-12,16,quantile,0.975,14.0
2026-08-29,wk inc covid hosp,2,2026-09-12,16,quantile,0.99,20.0
2026-08-29,wk inc covid hosp,2,2026-09-12,17,quantile,0.01,16.0
2026-08-29,wk inc covid hosp,2,2026-09-12,17,quantile,0.025,24.0
2026-08-29,wk inc covid hosp,2,2026-09-12,17,quantile,0.05,26.0
2026-08-29,wk inc covid hosp,2,2026-09-12,17,quantile,0.1,36.0
2026-08-29,wk inc covid hosp,2,2026-09-12,17,quantile,0.15,37.0
2026-08-29,wk inc covid hosp,2,2026-09-12,17,quantile,0.2,38.0
2026-08-29,wk inc covid hosp,2,2026-09-12,17,quantile,0.25,39.0
2026-08-29,wk inc covid hosp,2,2026-09-12,17,quantile,0.3,40.0
2026-08-29,wk inc covid hosp,2,2026-09-12,17,quantile,0.35,41.0
2026-08-29,wk inc covid hosp,2,2026-09-12,17,quantile,0.4,43.0
2026-08-29,wk inc covid hosp,2,2026-09-12,17,quantile,0.45,43.0
2026-08-29,wk inc covid hosp,2,2026-09-12,17,quantile,0.5,44.0
2026-08-29,wk inc covid hosp,2,2026-09-12,17,quantile,0.55,45.0
2026-08-29,wk inc covid hosp,2,2026-09-12,17,quantile,0.6,47.0
2026-08-29,wk inc covid hosp,2,2026-09-12,17,quantile,0.65,47.0
2026-08-29,wk inc covid hosp,2,2026-09-12,17,quantile,0.7,47.0
2026-08-29,wk inc covid hosp,2,2026-09-12,17,quantile,0.75,51.0
2026-08-29,wk inc covid hosp,2,2026-09-12,17,quantile,0.8,59.0
2026-08-29,wk inc covid hosp,2,2026-09-12,17,quantile,0.85,61.0
2026-08-29,wk inc covid hosp,2,2026-09-12,17,quantile,0.9,66.0
2026-08-29,wk inc covid hosp,2,2026-09-12,17,quantile,0.95,96.0
2026-08-29,wk inc covid hosp,2,2026-09-12,17,quantile,0.975,108.0
2026-08-29,wk inc covid hosp,2,2026-09-12,17,quantile,0.99,139.0
2026-08-29,wk inc covid hosp,2,2026-09-12,18,quantile,0.01,4.0
2026-08-29,wk inc covid hosp,2,2026-09-12,18,quantile,0.025,5.0
2026-08-29,wk inc covid hosp,2,2026-09-12,18,quantile,0.05,10.0
2026-08-29,wk inc covid hosp,2,2026-09-12,18,quantile,0.1,11.0
2026-08-29,wk inc covid hosp,2,2026-09-12,18,quantile,0.15,13.0
2026-08-29,wk inc covid hosp,2,2026-09-12,18,quantile,0.2,14.0
2026-08-29,wk inc covid hosp,2,2026-09-12,18,quantile,0.25,15.0
2026-08-29,wk inc covid hosp,2,2026-09-12,18,quantile,0.3,18.0
2026-08-29,wk inc covid hosp,2,2026-09-12,18,quantile,0.35,18.0
2026-08-29,wk inc covid hosp,2,2026-09-12,18,quantile,0.4,20.0
2026-08-29,wk inc covid hosp,2,2026-09-12,18,quantile,0.45,20.0
2026-08-29,wk inc covid hosp,2,2026-09-12,18,quantile,0.5,21.0
2026-08-29,wk inc covid hosp,2,2026-09-12,18,quantile,0.55,21.0
2026-08-29,wk inc covid hosp,2,2026-09-12,18,quantile,0.6,21.0
2026-08-29,wk inc covid hosp,2,2026-09-12,18,quantile,0.65,21.0
2026-08-29,wk inc covid hosp,2,2026-09-12,18,quantile,0.7,21.0
2026-08-29,wk inc covid hosp,2,2026-09-12,18,quantile,0.75,22.0
2026-08-29,wk inc covid hosp,2,2026-09-12,18,quantile,0.8,24.0
2026-08-29,wk inc covid hosp,2,2026-09-12,18,quantile,0.85,25.0
2026-08-29,wk inc covid hosp,2,2026-09-12,18,quantile,0.9,29.0
2026-08-29,wk inc covid hosp,2,2026-09-12,18,quantile,0.95,36.0
2026-08-29,wk inc covid hosp,2,2026-09-12,18,quantile,0.975,48.0
2026-08-29,wk inc covid hosp,2,2026-09-12,18,quantile,0.99,73.0
2026-08-29,wk inc covid hosp,2,2026-09-12,19,quantile,0.01,1.0
2026-08-29,wk inc covid hosp,2,2026-09-12,19,quantile,0.025,2.0
2026-08-29,wk inc covid hosp,2,2026-09-12,19,quantile,0.05,3.0
2026-08-29,wk inc covid hosp,2,2026-09-12,19,quantile,0.1,3.0
2026-08-29,wk inc covid hosp,2,2026-09-12,19,quantile,0.15,4.0
2026-08-29,wk inc covid hosp,2,2026-09-12,19,quantile,0.2,5.0
2026-08-29,wk inc covid hosp,2,2026-09-12,19,quantile,0.25,5.0
2026-08-29,wk inc covid hosp,2,2026-09-12,19,quantile,0.3,6.0
2026-08-29,wk inc covid hosp,2,2026-09-12,19,quantile,0.35,6.0
2026-08-29,wk inc covid hosp,2,2026-09-12,19,quantile,0.4,7.0
2026-08-29,wk inc covid hosp,2,2026-09-12,19,quantile,0.45,7.0
2026-08-29,wk inc covid hosp,2,2026-09-12,19,quantile,0.5,7.0
2026-08-29,wk inc covid hosp,2,2026-09-12,19,quantile,0.55,7.0
2026-08-29,wk inc covid hosp,2,2026-09-12,19,quantile,0.6,8.0
2026-08-29,wk inc covid hosp,2,2026-09-12,19,quantile,0.65,8.0
2026-08-29,wk inc covid hosp,2,2026-09-12,19,quantile,0.7,9.0
2026-08-29,wk inc covid hosp,2,2026-09-12,19,quantile,0.75,9.0
2026-08-29,wk inc covid hosp,2,2026-09-12,19,quantile,0.8,10.0
2026-08-29,wk inc covid hosp,2,2026-09-12,19,quantile,0.85,11.0
2026-08-29,wk inc covid hosp,2,2026-09-12,19,quantile,0.9,11.0
2026-08-29,wk inc covid hosp,2,2026-09-12,19,quantile,0.95,15.0
2026-08-29,wk inc covid hosp,2,2026-09-12,19,quantile,0.975,22.0
2026-08-29,wk inc covid hosp,2,2026-09-12,19,quantile,0.99,33.0
2026-08-29,wk inc covid hosp,2,2026-09-12,20,quantile,0.01,1.0
2026-08-29,wk inc covid hosp,2,2026-09-12,20,quantile,0.025,3.0
2026-08-29,wk inc covid hosp,2,2026-09-12,20,quantile,0.05,4.0
2026-08-29,wk inc covid hosp,2,2026-09-12,20,quantile,0.1,6.0
2026-08-29,wk inc covid hosp,2,2026-09-12,20,quantile,0.15,7.0
2026-08-29,wk inc covid hosp,2,2026-09-12,20,quantile,0.2,7.0
2026-08-29,wk inc covid hosp,2,2026-09-12,20,quantile,0.25,7.0
2026-08-29,wk inc covid hosp,2,2026-09-12,20,quantile,0.3,7.0
2026-08-29,wk inc covid hosp,2,2026-09-12,20,quantile,0.35,7.0
2026-08-29,wk inc covid hosp,2,2026-09-12,20,quantile,0.4,8.0
2026-08-29,wk inc covid hosp,2,2026-09-12,20,quantile,0.45,9.0
2026-08-29,wk inc covid hosp,2,2026-09-12,20,quantile,0.5,10.0
2026-08-29,wk inc covid hosp,2,2026-09-12,20,quantile,0.55,10.0
2026-08-29,wk inc covid hosp,2,2026-09-12,20,quantile,0.6,10.0
2026-08-29,wk inc covid hosp,2,2026-09-12,20,quantile,0.65,11.0
2026-08-29,wk inc covid hosp,2,2026-09-12,20,quantile,0.7,11.0
2026-08-29,wk inc covid hosp,2,2026-09-12,20,quantile,0.75,11.0
2026-08-29,wk inc covid hosp,2,2026-09-12,20,quantile,0.8,12.0
2026-08-29,wk inc covid hosp,2,2026-09-12,20,quantile,0.85,12.0
2026-08-29,wk inc covid hosp,2,2026-09-12,20,quantile,0.9,13.0
2026-08-29,wk inc covid hosp,2,2026-09-12,20,quantile,0.95,16.0
2026-08-29,wk inc covid hosp,2,2026-09-12,20,quantile,0.975,21.0
2026-08-29,wk inc covid hosp,2,2026-09-12,20,quantile,0.99,29.0
2026-08-29,wk inc covid hosp,2,2026-09-12,21,quantile,0.01,4.0
2026-08-29,wk inc covid hosp,2,2026-09-12,21,quantile,0.025,7.0
2026-08-29,wk inc covid hosp,2,2026-09-12,21,quantile,0.05,8.0
2026-08-29,wk inc covid hosp,2,2026-09-12,21,quantile,0.1,12.0
2026-08-29,wk inc covid hosp,2,2026-09-12,21,quantile,0.15,13.0
2026-08-29,wk inc covid hosp,2,2026-09-12,21,quantile,0.2,13.0
2026-08-29,wk inc covid hosp,2,2026-09-12,21,quantile,0.25,15.0
2026-08-29,wk inc covid hosp,2,2026-09-12,21,quantile,0.3,16.0
2026-08-29,wk inc covid hosp,2,2026-09-12,21,quantile,0.35,16.0
2026-08-29,wk inc covid hosp,2,2026-09-12,21,quantile,0.4,17.0
2026-08-29,wk inc covid hosp,2,2026-09-12,21,quantile,0.45,17.0
2026-08-29,wk inc covid hosp,2,2026-09-12,21,quantile,0.5,17.0
2026-08-29,wk inc covid hosp,2,2026-09-12,21,quantile,0.55,18.0
2026-08-29,wk inc covid hosp,2,2026-09-12,21,quantile,0.6,18.0
2026-08-29,wk inc covid hosp,2,2026-09-12,21,quantile,0.65,19.0
2026-08-29,wk inc covid hosp,2,2026-09-12,21,quantile,0.7,20.0
2026-08-29,wk inc covid hosp,2,2026-09-12,21,quantile,0.75,20.0
2026-08-29,wk inc covid hosp,2,2026-09-12,21,quantile,0.8,22.0
2026-08-29,wk inc covid hosp,2,2026-09-12,21,quantile,0.85,22.0
2026-08-29,wk inc covid hosp,2,2026-09-12,21,quantile,0.9,25.0
2026-08-29,wk inc covid hosp,2,2026-09-12,21,quantile,0.95,32.0
2026-08-29,wk inc covid hosp,2,2026-09-12,21,quantile,0.975,38.0
2026-08-29,wk inc covid hosp,2,2026-09-12,21,quantile,0.99,50.0
2026-08-29,wk inc covid hosp,2,2026-09-12,22,quantile,0.01,18.0
2026-08-29,wk inc covid hosp,2,2026-09-12,22,quantile,0.025,25.0
2026-08-29,wk inc covid hosp,2,2026-09-12,22,quantile,0.05,29.0
2026-08-29,wk inc covid hosp,2,2026-09-12,22,quantile,0.1,39.0
2026-08-29,wk inc covid hosp,2,2026-09-12,22,quantile,0.15,42.0
2026-08-29,wk inc covid hosp,2,2026-09-12,22,quantile,0.2,46.0
2026-08-29,wk inc covid hosp,2,2026-09-12,22,quantile,0.25,54.0
2026-08-29,wk inc covid hosp,2,2026-09-12,22,quantile,0.3,59.0
2026-08-29,wk inc covid hosp,2,2026-09-12,22,quantile,0.35,60.0
2026-08-29,wk inc covid hosp,2,2026-09-12,22,quantile,0.4,61.0
2026-08-29,wk inc covid hosp,2,2026-09-12,22,quantile,0.45,61.0
2026-08-29,wk inc covid hosp,2,2026-09-12,22,quantile,0.5,66.0
2026-08-29,wk inc covid hosp,2,2026-09-12,22,quantile,0.55,67.0
2026-08-29,wk inc covid hosp,2,2026-09-12,22,quantile,0.6,70.0
2026-08-29,wk inc covid hosp,2,2026-09-12,22,quantile,0.65,71.0
2026-08-29,wk inc covid hosp,2,2026-09-12,22,quantile,0.7,72.0
2026-08-29,wk inc covid hosp,2,2026-09-12,22,quantile,0.75,74.0
2026-08-29,wk inc covid hosp,2,2026-09-12,22,quantile,0.8,75.0
2026-08-29,wk inc covid hosp,2,2026-09-12,22,quantile,0.85,77.0
2026-08-29,wk inc covid hosp,2,2026-09-12,22,quantile,0.9,83.0
2026-08-29,wk inc covid hosp,2,2026-09-12,22,quantile,0.95,103.0
2026-08-29,wk inc covid hosp,2,2026-09-12,22,quantile,0.975,124.0
2026-08-29,wk inc covid hosp,2,2026-09-12,22,quantile,0.99,137.0
2026-08-29,wk inc covid hosp,2,2026-09-12,23,quantile,0.01,0.0
2026-08-29,wk inc covid hosp,2,2026-09-12,23,quantile,0.025,0.0
2026-08-29,wk inc covid hosp,2,2026-09-12,23,quantile,0.05,0.0
2026-08-29,wk inc covid hosp,2,2026-09-12,23,quantile,0.1,1.0
2026-08-29,wk inc covid hosp,2,2026-09-12,23,quantile,0.15,1.0
2026-08-29,wk inc covid hosp,2,2026-09-12,23,quantile,0.2,1.0
2026-08-29,wk inc covid hosp,2,2026-09-12,23,quantile,0.25,1.0
2026-08-29,wk inc covid hosp,2,2026-09-12,23,quantile,0.3,1.0
2026-08-29,wk inc covid hosp,2,2026-09-12,23,quantile,0.35,1.0
2026-08-29,wk inc covid hosp,2,2026-09-12,23,quantile,0.4,2.0
2026-08-29,wk inc covid hosp,2,2026-09-12,23,quantile,0.45,2.0
2026-08-29,wk inc covid hosp,2,2026-09-12,23,quantile,0.5,2.0
2026-08-29,wk inc covid hosp,2,2026-09-12,23,quantile,0.55,2.0
2026-08-29,wk inc covid hosp,2,2026-09-12,23,quantile,0.6,3.0
2026-08-29,wk inc covid hosp,2,2026-09-12,23,quantile,0.65,3.0
2026-08-29,wk inc covid hosp,2,2026-09-12,23,quantile,0.7,3.0
2026-08-29,wk inc covid hosp,2,2026-09-12,23,quantile,0.75,3.0
2026-08-29,wk inc covid hosp,2,2026-09-12,23,quantile,0.8,4.0
2026-08-29,wk inc covid hosp,2,2026-09-12,23,quantile,0.85,4.0
2026-08-29,wk inc covid hosp,2,2026-09-12,23,quantile,0.9,5.0
2026-08-29,wk inc covid hosp,2,2026-09-12,23,quantile,0.95,7.0
2026-08-29,wk inc covid hosp,2,2026-09-12,23,quantile,0.975,12.0
2026-08-29,wk inc covid hosp,2,2026-09-12,23,quantile,0.99,22.0
2026-08-29,wk inc covid hosp,2,2026-09-12,24,quantile,0.01,4.0
2026-08-29,wk inc covid hosp,2,2026-09-12,24,quantile,0.025,7.0
2026-08-29,wk inc covid hosp,2,2026-09-12,24,quantile,0.05,10.0
2026-08-29,wk inc covid hosp,2,2026-09-12,24,quantile,0.1,11.0
2026-08-29,wk inc covid hosp,2,2026-09-12,24,quantile,0.15,11.0
2026-08-29,wk inc covid hosp,2,2026-09-12,24,quantile,0.2,12.0
2026-08-29,wk inc covid hosp,2,2026-09-12,24,quantile,0.25,13.0
2026-08-29,wk inc covid hosp,2,2026-09-12,24,quantile,0.3,15.0
2026-08-29,wk inc covid hosp,2,2026-09-12,24,quantile,0.35,17.0
2026-08-29,wk inc covid hosp,2,2026-09-12,24,quantile,0.4,19.0
2026-08-29,wk inc covid hosp,2,2026-09-12,24,quantile,0.45,19.0
2026-08-29,wk inc covid hosp,2,2026-09-12,24,quantile,0.5,20.0
2026-08-29,wk inc covid hosp,2,2026-09-12,24,quantile,0.55,20.0
2026-08-29,wk inc covid hosp,2,2026-09-12,24,quantile,0.6,20.0
2026-08-29,wk inc covid hosp,2,2026-09-12,24,quantile,0.65,23.0
2026-08-29,wk inc covid hosp,2,2026-09-12,24,quantile,0.7,25.0
2026-08-29,wk inc covid hosp,2,2026-09-12,24,quantile,0.75,26.0
2026-08-29,wk inc covid hosp,2,2026-09-12,24,quantile,0.8,26.0
2026-08-29,wk inc covid hosp,2,2026-09-12,24,quantile,0.85,27.0
2026-08-29,wk inc covid hosp,2,2026-09-12,24,quantile,0.9,28.0
2026-08-29,wk inc covid hosp,2,2026-09-12,24,quantile,0.95,38.0
2026-08-29,wk inc covid hosp,2,2026-09-12,24,quantile,0.975,49.0
2026-08-29,wk inc covid hosp,2,2026-09-12,24,quantile,0.99,68.0
2026-08-29,wk inc covid hosp,2,2026-09-12,25,quantile,0.01,7.0
2026-08-29,wk inc covid hosp,2,2026-09-12,25,quantile,0.025,12.0
2026-08-29,wk inc covid hosp,2,2026-09-12,25,quantile,0.05,14.0
2026-08-29,wk inc covid hosp,2,2026-09-12,25,quantile,0.1,20.0
2026-08-29,wk inc covid hosp,2,2026-09-12,25,quantile,0.15,24.0
2026-08-29,wk inc covid hosp,2,2026-09-12,25,quantile,0.2,26.0
2026-08-29,wk inc covid hosp,2,2026-09-12,25,quantile,0.25,26.0
2026-08-29,wk inc covid hosp,2,2026-09-12,25,quantile,0.3,29.0
2026-08-29,wk inc covid hosp,2,2026-09-12,25,quantile,0.35,31.0
2026-08-29,wk inc covid hosp,2,2026-09-12,25,quantile,0.4,32.0
2026-08-29,wk inc covid hosp,2,2026-09-12,25,quantile,0.45,32.0
2026-08-29,wk inc covid hosp,2,2026-09-12,25,quantile,0.5,33.0
2026-08-29,wk inc covid hosp,2,2026-09-12,25,quantile,0.55,35.0
2026-08-29,wk inc covid hosp,2,2026-09-12,25,quantile,0.6,36.0
2026-08-29,wk inc covid hosp,2,2026-09-12,25,quantile,0.65,39.0
2026-08-29,wk inc covid hosp,2,2026-09-12,25,quantile,0.7,40.0
2026-08-29,wk inc covid hosp,2,2026-09-12,25,quantile,0.75,41.0
2026-08-29,wk inc covid hosp,2,2026-09-12,25,quantile,0.8,46.0
2026-08-29,wk inc covid hosp,2,2026-09-12,25,quantile,0.85,46.0
2026-08-29,wk inc covid hosp,2,2026-09-12,25,quantile,0.9,50.0
2026-08-29,wk inc covid hosp,2,2026-09-12,25,quantile,0.95,64.0
2026-08-29,wk inc covid hosp,2,2026-09-12,25,quantile,0.975,66.0
2026-08-29,wk inc covid hosp,2,2026-09-12,25,quantile,0.99,84.0
2026-08-29,wk inc covid hosp,2,2026-09-12,26,quantile,0.01,16.0
2026-08-29,wk inc covid hosp,2,2026-09-12,26,quantile,0.025,24.0
2026-08-29,wk inc covid hosp,2,2026-09-12,26,quantile,0.05,25.0
2026-08-29,wk inc covid hosp,2,2026-09-12,26,quantile,0.1,33.0
2026-08-29,wk inc covid hosp,2,2026-09-12,26,quantile,0.15,46.0
2026-08-29,wk inc covid hosp,2,2026-09-12,26,quantile,0.2,46.0
2026-08-29,wk inc covid hosp,2,2026-09-12,26,quantile,0.25,70.0
2026-08-29,wk inc covid hosp,2,2026-09-12,26,quantile,0.3,81.0
2026-08-29,wk inc covid hosp,2,2026-09-12,26,quantile,0.35,89.0
2026-08-29,wk inc covid hosp,2,2026-09-12,26,quantile,0.4,90.0
2026-08-29,wk inc covid hosp,2,2026-09-12,26,quantile,0.45,96.0
2026-08-29,wk inc covid hosp,2,2026-09-12,26,quantile,0.5,97.0
2026-08-29,wk inc covid hosp,2,2026-09-12,26,quantile,0.55,98.0
2026-08-29,wk inc covid hosp,2,2026-09-12,26,quantile,0.6,98.0
2026-08-29,wk inc covid hosp,2,2026-09-12,26,quantile,0.65,98.0
2026-08-29,wk inc covid hosp,2,2026-09-12,26,quantile,0.7,102.0
2026-08-29,wk inc covid hosp,2,2026-09-12,26,quantile,0.75,111.0
2026-08-29,wk inc covid hosp,2,2026-09-12,26,quantile,0.8,112.0
2026-08-29,wk inc covid hosp,2,2026-09-12,26,quantile,0.85,123.0
2026-08-29,wk inc covid hosp,2,2026-09-12,26,quantile,0.9,140.0
2026-08-29,wk inc covid hosp,2,2026-09-12,26,quantile,0.95,173.0
2026-08-29,wk inc covid hosp,2,2026-09-12,26,quantile,0.975,207.0
2026-08-29,wk inc covid hosp,2,2026-09-12,26,quantile,0.99,232.0
2026-08-29,wk inc covid hosp,2,2026-09-12,27,quantile,0.01,4.0
2026-08-29,wk inc covid hosp,2,2026-09-12,27,quantile,0.025,6.0
2026-08-29,wk inc covid hosp,2,2026-09-12,27,quantile,0.05,7.0
2026-08-29,wk inc covid hosp,2,2026-09-12,27,quantile,0.1,11.0
2026-08-29,wk inc covid hosp,2,2026-09-12,27,quantile,0.15,11.0
2026-08-29,wk inc covid hosp,2,2026-09-12,27,quantile,0.2,12.0
2026-08-29,wk inc covid hosp,2,2026-09-12,27,quantile,0.25,12.0
2026-08-29,wk inc covid hosp,2,2026-09-12,27,quantile,0.3,13.0
2026-08-29,wk inc covid hosp,2,2026-09-12,27,quantile,0.35,13.0
2026-08-29,wk inc covid hosp,2,2026-09-12,27,quantile,0.4,13.0
2026-08-29,wk inc covid hosp,2,2026-09-12,27,quantile,0.45,14.0
2026-08-29,wk inc covid hosp,2,2026-09-12,27,quantile,0.5,14.0
2026-08-29,wk inc covid hosp,2,2026-09-12,27,quantile,0.55,15.0
2026-08-29,wk inc covid hosp,2,2026-09-12,27,quantile,0.6,15.0
2026-08-29,wk inc covid hosp,2,2026-09-12,27,quantile,0.65,17.0
2026-08-29,wk inc covid hosp,2,2026-09-12,27,quantile,0.7,17.0
2026-08-29,wk inc covid hosp,2,2026-09-12,27,quantile,0.75,18.0
2026-08-29,wk inc covid hosp,2,2026-09-12,27,quantile,0.8,21.0
2026-08-29,wk inc covid hosp,2,2026-09-12,27,quantile,0.85,21.0
2026-08-29,wk inc covid hosp,2,2026-09-12,27,quantile,0.9,22.0
2026-08-29,wk inc covid hosp,2,2026-09-12,27,quantile,0.95,28.0
2026-08-29,wk inc covid hosp,2,2026-09-12,27,quantile,0.975,37.0
2026-08-29,wk inc covid hosp,2,2026-09-12,27,quantile,0.99,58.0
2026-08-29,wk inc covid hosp,2,2026-09-12,28,quantile,0.01,7.0
2026-08-29,wk inc covid hosp,2,2026-09-12,28,quantile,0.025,9.0
2026-08-29,wk inc covid hosp,2,2026-09-12,28,quantile,0.05,13.0
2026-08-29,wk inc covid hosp,2,2026-09-12,28,quantile,0.1,20.0
2026-08-29,wk inc covid hosp,2,2026-09-12,28,quantile,0.15,24.0
2026-08-29,wk inc covid hosp,2,2026-09-12,28,quantile,0.2,26.0
2026-08-29,wk inc covid hosp,2,2026-09-12,28,quantile,0.25,31.0
2026-08-29,wk inc covid hosp,2,2026-09-12,28,quantile,0.3,33.0
2026-08-29,wk inc covid hosp,2,2026-09-12,28,quantile,0.35,34.0
2026-08-29,wk inc covid hosp,2,2026-09-12,28,quantile,0.4,35.0
2026-08-29,wk inc covid hosp,2,2026-09-12,28,quantile,0.45,38.0
2026-08-29,wk inc covid hosp,2,2026-09-12,28,quantile,0.5,41.0
2026-08-29,wk inc covid hosp,2,2026-09-12,28,quantile,0.55,41.0
2026-08-29,wk inc covid hosp,2,2026-09-12,28,quantile,0.6,42.0
2026-08-29,wk inc covid hosp,2,2026-09-12,28,quantile,0.65,42.0
2026-08-29,wk inc covid hosp,2,2026-09-12,28,quantile,0.7,43.0
2026-08-29,wk inc covid hosp,2,2026-09-12,28,quantile,0.75,43.0
2026-08-29,wk inc covid hosp,2,2026-09-12,28,quantile,0.8,43.0
2026-08-29,wk inc covid hosp,2,2026-09-12,28,quantile,0.85,44.0
2026-08-29,wk inc covid hosp,2,2026-09-12,28,quantile,0.9,48.0
2026-08-29,wk inc covid hosp,2,2026-09-12,28,quantile,0.95,61.0
2026-08-29,wk inc covid hosp,2,2026-09-12,28,quantile,0.975,79.0
2026-08-29,wk inc covid hosp,2,2026-09-12,28,quantile,0.99,84.0
2026-08-29,wk inc covid hosp,2,2026-09-12,29,quantile,0.01,5.0
2026-08-29,wk inc covid hosp,2,2026-09-12,29,quantile,0.025,7.0
2026-08-29,wk inc covid hosp,2,2026-09-12,29,quantile,0.05,10.0
2026-08-29,wk inc covid hosp,2,2026-09-12,29,quantile,0.1,12.0
2026-08-29,wk inc covid hosp,2,2026-09-12,29,quantile,0.15,15.0
2026-08-29,wk inc covid hosp,2,2026-09-12,29,quantile,0.2,15.0
2026-08-29,wk inc covid hosp,2,2026-09-12,29,quantile,0.25,15.0
2026-08-29,wk inc covid hosp,2,2026-09-12,29,quantile,0.3,17.0
2026-08-29,wk inc covid hosp,2,2026-09-12,29,quantile,0.35,17.0
2026-08-29,wk inc covid hosp,2,2026-09-12,29,quantile,0.4,17.0
2026-08-29,wk inc covid hosp,2,2026-09-12,29,quantile,0.45,19.0
2026-08-29,wk inc covid hosp,2,2026-09-12,29,quantile,0.5,19.0
2026-08-29,wk inc covid hosp,2,2026-09-12,29,quantile,0.55,19.0
2026-08-29,wk inc covid hosp,2,2026-09-12,29,quantile,0.6,21.0
2026-08-29,wk inc covid hosp,2,2026-09-12,29,quantile,0.65,21.0
2026-08-29,wk inc covid hosp,2,2026-09-12,29,quantile,0.7,22.0
2026-08-29,wk inc covid hosp,2,2026-09-12,29,quantile,0.75,23.0
2026-08-29,wk inc covid hosp,2,2026-09-12,29,quantile,0.8,26.0
2026-08-29,wk inc covid hosp,2,2026-09-12,29,quantile,0.85,28.0
2026-08-29,wk inc covid hosp,2,2026-09-12,29,quantile,0.9,30.0
2026-08-29,wk inc covid hosp,2,2026-09-12,29,quantile,0.95,37.0
2026-08-29,wk inc covid hosp,2,2026-09-12,29,quantile,0.975,47.0
2026-08-29,wk inc covid hosp,2,2026-09-12,29,quantile,0.99,71.0
2026-08-29,wk inc covid hosp,2,2026-09-12,30,quantile,0.01,0.0
2026-08-29,wk inc covid hosp,2,2026-09-12,30,quantile,0.025,0.0
2026-08-29,wk inc covid hosp,2,2026-09-12,30,quantile,0.05,0.0
2026-08-29,wk inc covid hosp,2,2026-09-12,30,quantile,0.1,1.0
2026-08-29,wk inc covid hosp,2,2026-09-12,30,quantile,0.15,1.0
2026-08-29,wk inc covid hosp,2,2026-09-12,30,quantile,0.2,2.0
2026-08-29,wk inc covid hosp,2,2026-09-12,30,quantile,0.25,2.0
2026-08-29,wk inc covid hosp,2,2026-09-12,30,quantile,0.3,2.0
2026-08-29,wk inc covid hosp,2,2026-09-12,30,quantile,0.35,2.0
2026-08-29,wk inc covid hosp,2,2026-09-12,30,quantile,0.4,2.0
2026-08-29,wk inc covid hosp,2,2026-09-12,30,quantile,0.45,2.0
2026-08-29,wk inc covid hosp,2,2026-09-12,30,quantile,0.5,3.0
2026-08-29,wk inc covid hosp,2,2026-09-12,30,quantile,0.55,3.0
2026-08-29,wk inc covid hosp,2,2026-09-12,30,quantile,0.6,3.0
2026-08-29,wk inc covid hosp,2,2026-09-12,30,quantile,0.65,3.0
2026-08-29,wk inc covid hosp,2,2026-09-12,30,quantile,0.7,3.0
2026-08-29,wk inc covid hosp,2,2026-09-12,30,quantile,0.75,4.0
2026-08-29,wk inc covid hosp,2,2026-09-12,30,quantile,0.8,4.0
2026-08-29,wk inc covid hosp,2,2026-09-12,30,quantile,0.85,5.0
2026-08-29,wk inc covid hosp,2,2026-09-12,30,quantile,0.9,6.0
2026-08-29,wk inc covid hosp,2,2026-09-12,30,quantile,0.95,7.0
2026-08-29,wk inc covid hosp,2,2026-09-12,30,quantile,0.975,9.0
2026-08-29,wk inc covid hosp,2,2026-09-12,30,quantile,0.99,11.0
2026-08-29,wk inc covid hosp,2,2026-09-12,31,quantile,0.01,0.0
2026-08-29,wk inc covid hosp,2,2026-09-12,31,quantile,0.025,1.0
2026-08-29,wk inc covid hosp,2,2026-09-12,31,quantile,0.05,2.0
2026-08-29,wk inc covid hosp,2,2026-09-12,31,quantile,0.1,2.0
2026-08-29,wk inc covid hosp,2,2026-09-12,31,quantile,0.15,3.0
2026-08-29,wk inc covid hosp,2,2026-09-12,31,quantile,0.2,3.0
2026-08-29,wk inc covid hosp,2,2026-09-12,31,quantile,0.25,3.0
2026-08-29,wk inc covid hosp,2,2026-09-12,31,quantile,0.3,3.0
2026-08-29,wk inc covid hosp,2,2026-09-12,31,quantile,0.35,3.0
2026-08-29,wk inc covid hosp,2,2026-09-12,31,quantile,0.4,3.0
2026-08-29,wk inc covid hosp,2,2026-09-12,31,quantile,0.45,3.0
2026-08-29,wk inc covid hosp,2,2026-09-12,31,quantile,0.5,4.0
2026-08-29,wk inc covid hosp,2,2026-09-12,31,quantile,0.55,4.0
2026-08-29,wk inc covid hosp,2,2026-09-12,31,quantile,0.6,5.0
2026-08-29,wk inc covid hosp,2,2026-09-12,31,quantile,0.65,5.0
2026-08-29,wk inc covid hosp,2,2026-09-12,31,quantile,0.7,6.0
2026-08-29,wk inc covid hosp,2,2026-09-12,31,quantile,0.75,6.0
2026-08-29,wk inc covid hosp,2,2026-09-12,31,quantile,0.8,7.0
2026-08-29,wk inc covid hosp,2,2026-09-12,31,quantile,0.85,8.0
2026-08-29,wk inc covid hosp,2,2026-09-12,31,quantile,0.9,8.0
2026-08-29,wk inc covid hosp,2,2026-09-12,31,quantile,0.95,11.0
2026-08-29,wk inc covid hosp,2,2026-09-12,31,quantile,0.975,18.0
2026-08-29,wk inc covid hosp,2,2026-09-12,31,quantile,0.99,22.0
2026-08-29,wk inc covid hosp,2,2026-09-12,32,quantile,0.01,3.0
2026-08-29,wk inc covid hosp,2,2026-09-12,32,quantile,0.025,5.0
2026-08-29,wk inc covid hosp,2,2026-09-12,32,quantile,0.05,8.0
2026-08-29,wk inc covid hosp,2,2026-09-12,32,quantile,0.1,10.0
2026-08-29,wk inc covid hosp,2,2026-09-12,32,quantile,0.15,12.0
2026-08-29,wk inc covid hosp,2,2026-09-12,32,quantile,0.2,14.0
2026-08-29,wk inc covid hosp,2,2026-09-12,32,quantile,0.25,14.0
2026-08-29,wk inc covid hosp,2,2026-09-12,32,quantile,0.3,14.0
2026-08-29,wk inc covid hosp,2,2026-09-12,32,quantile,0.35,15.0
2026-08-29,wk inc covid hosp,2,2026-09-12,32,quantile,0.4,15.0
2026-08-29,wk inc covid hosp,2,2026-09-12,32,quantile,0.45,15.0
2026-08-29,wk inc covid hosp,2,2026-09-12,32,quantile,0.5,16.0
2026-08-29,wk inc covid hosp,2,2026-09-12,32,quantile,0.55,16.0
2026-08-29,wk inc covid hosp,2,2026-09-12,32,quantile,0.6,17.0
2026-08-29,wk inc covid hosp,2,2026-09-12,32,quantile,0.65,20.0
2026-08-29,wk inc covid hosp,2,2026-09-12,32,quantile,0.7,21.0
2026-08-29,wk inc covid hosp,2,2026-09-12,32,quantile,0.75,22.0
2026-08-29,wk inc covid hosp,2,2026-09-12,32,quantile,0.8,22.0
2026-08-29,wk inc covid hosp,2,2026-09-12,32,quantile,0.85,23.0
2026-08-29,wk inc covid hosp,2,2026-09-12,32,quantile,0.9,23.0
2026-08-29,wk inc covid hosp,2,2026-09-12,32,quantile,0.95,25.0
2026-08-29,wk inc covid hosp,2,2026-09-12,32,quantile,0.975,29.0
2026-08-29,wk inc covid hosp,2,2026-09-12,32,quantile,0.99,37.0
2026-08-29,wk inc covid hosp,2,2026-09-12,33,quantile,0.01,0.0
2026-08-29,wk inc covid hosp,2,2026-09-12,33,quantile,0.025,2.0
2026-08-29,wk inc covid hosp,2,2026-09-12,33,quantile,0.05,2.0
2026-08-29,wk inc covid hosp,2,2026-09-12,33,quantile,0.1,3.0
2026-08-29,wk inc covid hosp,2,2026-09-12,33,quantile,0.15,3.0
2026-08-29,wk inc covid hosp,2,2026-09-12,33,quantile,0.2,3.0
2026-08-29,wk inc covid hosp,2,2026-09-12,33,quantile,0.25,3.0
2026-08-29,wk inc covid hosp,2,2026-09-12,33,quantile,0.3,4.0
2026-08-29,wk inc covid hosp,2,2026-09-12,33,quantile,0.35,4.0
2026-08-29,wk inc covid hosp,2,2026-09-12,33,quantile,0.4,5.0
2026-08-29,wk inc covid hosp,2,2026-09-12,33,quantile,0.45,5.0
2026-08-29,wk inc covid hosp,2,2026-09-12,33,quantile,0.5,6.0
2026-08-29,wk inc covid hosp,2,2026-09-12,33,quantile,0.55,6.0
2026-08-29,wk inc covid hosp,2,2026-09-12,33,quantile,0.6,6.0
2026-08-29,wk inc covid hosp,2,2026-09-12,33,quantile,0.65,7.0
2026-08-29,wk inc covid hosp,2,2026-09-12,33,quantile,0.7,7.0
2026-08-29,wk inc covid hosp,2,2026-09-12,33,quantile,0.75,8.0
2026-08-29,wk inc covid hosp,2,2026-09-12,33,quantile,0.8,8.0
2026-08-29,wk inc covid hosp,2,2026-09-12,33,quantile,0.85,8.0
2026-08-29,wk inc covid hosp,2,2026-09-12,33,quantile,0.9,9.0
2026-08-29,wk inc covid hosp,2,2026-09-12,33,quantile,0.95,10.0
2026-08-29,wk inc covid hosp,2,2026-09-12,33,quantile,0.975,12.0
2026-08-29,wk inc covid hosp,2,2026-09-12,33,quantile,0.99,16.0
2026-08-29,wk inc covid hosp,2,2026-09-12,34,quantile,0.01,24.0
2026-08-29,wk inc covid hosp,2,2026-09-12,34,quantile,0.025,38.0
2026-08-29,wk inc covid hosp,2,2026-09-12,34,quantile,0.05,43.0
2026-08-29,wk inc covid hosp,2,2026-09-12,34,quantile,0.1,56.0
2026-08-29,wk inc covid hosp,2,2026-09-12,34,quantile,0.15,64.0
2026-08-29,wk inc covid hosp,2,2026-09-12,34,quantile,0.2,77.0
2026-08-29,wk inc covid hosp,2,2026-09-12,34,quantile,0.25,82.0
2026-08-29,wk inc covid hosp,2,2026-09-12,34,quantile,0.3,86.0
2026-08-29,wk inc covid hosp,2,2026-09-12,34,quantile,0.35,90.0
2026-08-29,wk inc covid hosp,2,2026-09-12,34,quantile,0.4,97.0
2026-08-29,wk inc covid hosp,2,2026-09-12,34,quantile,0.45,98.0
2026-08-29,wk inc covid hosp,2,2026-09-12,34,quantile,0.5,101.0
2026-08-29,wk inc covid hosp,2,2026-09-12,34,quantile,0.55,102.0
2026-08-29,wk inc covid hosp,2,2026-09-12,34,quantile,0.6,102.0
2026-08-29,wk inc covid hosp,2,2026-09-12,34,quantile,0.65,102.0
2026-08-29,wk inc covid hosp,2,2026-09-12,34,quantile,0.7,104.0
2026-08-29,wk inc covid hosp,2,2026-09-12,34,quantile,0.75,104.0
2026-08-29,wk inc covid hosp,2,2026-09-12,34,quantile,0.8,107.0
2026-08-29,wk inc covid hosp,2,2026-09-12,34,quantile,0.85,111.0
2026-08-29,wk inc covid hosp,2,2026-09-12,34,quantile,0.9,117.0
2026-08-29,wk inc covid hosp,2,2026-09-12,34,quantile,0.95,147.0
2026-08-29,wk inc covid hosp,2,2026-09-12,34,quantile,0.975,152.0
2026-08-29,wk inc covid hosp,2,2026-09-12,34,quantile,0.99,171.0
2026-08-29,wk inc covid hosp,2,2026-09-12,35,quantile,0.01,2.0
2026-08-29,wk inc covid hosp,2,2026-09-12,35,quantile,0.025,3.0
2026-08-29,wk inc covid hosp,2,2026-09-12,35,quantile,0.05,4.0
2026-08-29,wk inc covid hosp,2,2026-09-12,35,quantile,0.1,6.0
2026-08-29,wk inc covid hosp,2,2026-09-12,35,quantile,0.15,7.0
2026-08-29,wk inc covid hosp,2,2026-09-12,35,quantile,0.2,8.0
2026-08-29,wk inc covid hosp,2,2026-09-12,35,quantile,0.25,9.0
2026-08-29,wk inc covid hosp,2,2026-09-12,35,quantile,0.3,9.0
2026-08-29,wk inc covid hosp,2,2026-09-12,35,quantile,0.35,9.0
2026-08-29,wk inc covid hosp,2,2026-09-12,35,quantile,0.4,11.0
2026-08-29,wk inc covid hosp,2,2026-09-12,35,quantile,0.45,11.0
2026-08-29,wk inc covid hosp,2,2026-09-12,35,quantile,0.5,12.0
2026-08-29,wk inc covid hosp,2,2026-09-12,35,quantile,0.55,12.0
2026-08-29,wk inc covid hosp,2,2026-09-12,35,quantile,0.6,12.0
2026-08-29,wk inc covid hosp,2,2026-09-12,35,quantile,0.65,14.0
2026-08-29,wk inc covid hosp,2,2026-09-12,35,quantile,0.7,14.0
2026-08-29,wk inc covid hosp,2,2026-09-12,35,quantile,0.75,14.0
2026-08-29,wk inc covid hosp,2,2026-09-12,35,quantile,0.8,15.0
2026-08-29,wk inc covid hosp,2,2026-09-12,35,quantile,0.85,15.0
2026-08-29,wk inc covid hosp,2,2026-09-12,35,quantile,0.9,17.0
2026-08-29,wk inc covid hosp,2,2026-09-12,35,quantile,0.95,21.0
2026-08-29,wk inc covid hosp,2,2026-09-12,35,quantile,0.975,25.0
2026-08-29,wk inc covid hosp,2,2026-09-12,35,quantile,0.99,28.0
2026-08-29,wk inc covid hosp,2,2026-09-12,36,quantile,0.01,58.0
2026-08-29,wk inc covid hosp,2,2026-09-12,36,quantile,0.025,85.0
2026-08-29,wk inc covid hosp,2,2026-09-12,36,quantile,0.05,93.0
2026-08-29,wk inc covid hosp,2,2026-09-12,36,quantile,0.1,111.0
2026-08-29,wk inc covid hosp,2,2026-09-12,36,quantile,0.15,136.0
2026-08-29,wk inc covid hosp,2,2026-09-12,36,quantile,0.2,143.0
2026-08-29,wk inc covid hosp,2,2026-09-12,36,quantile,0.25,145.0
2026-08-29,wk inc covid hosp,2,2026-09-12,36,quantile,0.3,151.0
2026-08-29,wk inc covid hosp,2,2026-09-12,36,quantile,0.35,154.0
2026-08-29,wk inc covid hosp,2,2026-09-12,36,quantile,0.4,161.0
2026-08-29,wk inc covid hosp,2,2026-09-12,36,quantile,0.45,161.0
2026-08-29,wk inc covid hosp,2,2026-09-12,36,quantile,0.5,162.0
2026-08-29,wk inc covid hosp,2,2026-09-12,36,quantile,0.55,164.0
2026-08-29,wk inc covid hosp,2,2026-09-12,36,quantile,0.6,164.0
2026-08-29,wk inc covid hosp,2,2026-09-12,36,quantile,0.65,170.0
2026-08-29,wk inc covid hosp,2,2026-09-12,36,quantile,0.7,172.0
2026-08-29,wk inc covid hosp,2,2026-09-12,36,quantile,0.75,174.0
2026-08-29,wk inc covid hosp,2,2026-09-12,36,quantile,0.8,175.0
2026-08-29,wk inc covid hosp,2,2026-09-12,36,quantile,0.85,175.0
2026-08-29,wk inc covid hosp,2,2026-09-12,36,quantile,0.9,176.0
2026-08-29,wk inc covid hosp,2,2026-09-12,36,quantile,0.95,234.0
2026-08-29,wk inc covid hosp,2,2026-09-12,36,quantile,0.975,250.0
2026-08-29,wk inc covid hosp,2,2026-09-12,36,quantile,0.99,304.0
2026-08-29,wk inc covid hosp,2,2026-09-12,37,quantile,0.01,41.0
2026-08-29,wk inc covid hosp,2,2026-09-12,37,quantile,0.025,59.0
2026-08-29,wk inc covid hosp,2,2026-09-12,37,quantile,0.05,65.0
2026-08-29,wk inc covid hosp,2,2026-09-12,37,quantile,0.1,86.0
2026-08-29,wk inc covid hosp,2,2026-09-12,37,quantile,0.15,101.0
2026-08-29,wk inc covid hosp,2,2026-09-12,37,quantile,0.2,112.0
2026-08-29,wk inc covid hosp,2,2026-09-12,37,quantile,0.25,117.0
2026-08-29,wk inc covid hosp,2,2026-09-12,37,quantile,0.3,130.0
2026-08-29,wk inc covid hosp,2,2026-09-12,37,quantile,0.35,132.0
2026-08-29,wk inc covid hosp,2,2026-09-12,37,quantile,0.4,133.0
2026-08-29,wk inc covid hosp,2,2026-09-12,37,quantile,0.45,144.0
2026-08-29,wk inc covid hosp,2,2026-09-12,37,quantile,0.5,150.0
2026-08-29,wk inc covid hosp,2,2026-09-12,37,quantile,0.55,151.0
2026-08-29,wk inc covid hosp,2,2026-09-12,37,quantile,0.6,151.0
2026-08-29,wk inc covid hosp,2,2026-09-12,37,quantile,0.65,153.0
2026-08-29,wk inc covid hosp,2,2026-09-12,37,quantile,0.7,159.0
2026-08-29,wk inc covid hosp,2,2026-09-12,37,quantile,0.75,160.0
2026-08-29,wk inc covid hosp,2,2026-09-12,37,quantile,0.8,164.0
2026-08-29,wk inc covid hosp,2,2026-09-12,37,quantile,0.85,174.0
2026-08-29,wk inc covid hosp,2,2026-09-12,37,quantile,0.9,177.0
2026-08-29,wk inc covid hosp,2,2026-09-12,37,quantile,0.95,225.0
2026-08-29,wk inc covid hosp,2,2026-09-12,37,quantile,0.975,256.0
2026-08-29,wk inc covid hosp,2,2026-09-12,37,quantile,0.99,291.0
2026-08-29,wk inc covid hosp,2,2026-09-12,38,quantile,0.01,0.0
2026-08-29,wk inc covid hosp,2,2026-09-12,38,quantile,0.025,0.0
2026-08-29,wk inc covid hosp,2,2026-09-12,38,quantile,0.05,0.0
2026-08-29,wk inc covid hosp,2,2026-09-12,38,quantile,0.1,0.0
2026-08-29,wk inc covid hosp,2,2026-09-12,38,quantile,0.15,0.0
2026-08-29,wk inc covid hosp,2,2026-09-12,38,quantile,0.2,0.0
2026-08-29,wk inc covid hosp,2,2026-09-12,38,quantile,0.25,1.0
2026-08-29,wk inc covid hosp,2,2026-09-12,38,quantile,0.3,1.0
2026-08-29,wk inc covid hosp,2,2026-09-12,38,quantile,0.35,1.0
2026-08-29,wk inc covid hosp,2,2026-09-12,38,quantile,0.4,1.0
2026-08-29,wk inc covid hosp,2,2026-09-12,38,quantile,0.45,1.0
2026-08-29,wk inc covid hosp,2,2026-09-12,38,quantile,0.5,1.0
2026-08-29,wk inc covid hosp,2,2026-09-12,38,quantile,0.55,1.0
2026-08-29,wk inc covid hosp,2,2026-09-12,38,quantile,0.6,2.0
2026-08-29,wk inc covid hosp,2,2026-09-12,38,quantile,0.65,2.0
2026-08-29,wk inc covid hosp,2,2026-09-12,38,quantile,0.7,2.0
2026-08-29,wk inc covid hosp,2,2026-09-12,38,quantile,0.75,2.0
2026-08-29,wk inc covid hosp,2,2026-09-12,38,quantile,0.8,2.0
2026-08-29,wk inc covid hosp,2,2026-09-12,38,quantile,0.85,3.0
2026-08-29,wk inc covid hosp,2,2026-09-12,38,quantile,0.9,3.0
2026-08-29,wk inc covid hosp,2,2026-09-12,38,quantile,0.95,5.0
2026-08-29,wk inc covid hosp,2,2026-09-12,38,quantile,0.975,6.0
2026-08-29,wk inc covid hosp,2,2026-09-12,38,quantile,0.99,8.0
2026-08-29,wk inc covid hosp,2,2026-09-12,39,quantile,0.01,13.0
2026-08-29,wk inc covid hosp,2,2026-09-12,39,quantile,0.025,21.0
2026-08-29,wk inc covid hosp,2,2026-09-12,39,quantile,0.05,24.0
2026-08-29,wk inc covid hosp,2,2026-09-12,39,quantile,0.1,34.0
2026-08-29,wk inc covid hosp,2,2026-09-12,39,quantile,0.15,34.0
2026-08-29,wk inc covid hosp,2,2026-09-12,39,quantile,0.2,36.0
2026-08-29,wk inc covid hosp,2,2026-09-12,39,quantile,0.25,39.0
2026-08-29,wk inc covid hosp,2,2026-09-12,39,quantile,0.3,41.0
2026-08-29,wk inc covid hosp,2,2026-09-12,39,quantile,0.35,44.0
2026-08-29,wk inc covid hosp,2,2026-09-12,39,quantile,0.4,45.0
2026-08-29,wk inc covid hosp,2,2026-09-12,39,quantile,0.45,48.0
2026-08-29,wk inc covid hosp,2,2026-09-12,39,quantile,0.5,48.0
2026-08-29,wk inc covid hosp,2,2026-09-12,39,quantile,0.55,48.0
2026-08-29,wk inc covid hosp,2,2026-09-12,39,quantile,0.6,48.0
2026-08-29,wk inc covid hosp,2,2026-09-12,39,quantile,0.65,49.0
2026-08-29,wk inc covid hosp,2,2026-09-12,39,quantile,0.7,50.0
2026-08-29,wk inc covid hosp,2,2026-09-12,39,quantile,0.75,50.0
2026-08-29,wk inc covid hosp,2,2026-09-12,39,quantile,0.8,51.0
2026-08-29,wk inc covid hosp,2,2026-09-12,39,quantile,0.85,52.0
2026-08-29,wk inc covid hosp,2,2026-09-12,39,quantile,0.9,61.0
2026-08-29,wk inc covid hosp,2,2026-09-12,39,quantile,0.95,80.0
2026-08-29,wk inc covid hosp,2,2026-09-12,39,quantile,0.975,93.0
2026-08-29,wk inc covid hosp,2,2026-09-12,39,quantile,0.99,126.0
2026-08-29,wk inc covid hosp,2,2026-09-12,40,quantile,0.01,3.0
2026-08-29,wk inc covid hosp,2,2026-09-12,40,quantile,0.025,5.0
2026-08-29,wk inc covid hosp,2,2026-09-12,40,quantile,0.05,6.0
2026-08-29,wk inc covid hosp,2,2026-09-12,40,quantile,0.1,7.0
2026-08-29,wk inc covid hosp,2,2026-09-12,40,quantile,0.15,7.0
2026-08-29,wk inc covid hosp,2,2026-09-12,40,quantile,0.2,8.0
2026-08-29,wk inc covid hosp,2,2026-09-12,40,quantile,0.25,10.0
2026-08-29,wk inc covid hosp,2,2026-09-12,40,quantile,0.3,10.0
2026-08-29,wk inc covid hosp,2,2026-09-12,40,quantile,0.35,10.0
2026-08-29,wk inc covid hosp,2,2026-09-12,40,quantile,0.4,11.0
2026-08-29,wk inc covid hosp,2,2026-09-12,40,quantile,0.45,11.0
2026-08-29,wk inc covid hosp,2,2026-09-12,40,quantile,0.5,12.0
2026-08-29,wk inc covid hosp,2,2026-09-12,40,quantile,0.55,12.0
2026-08-29,wk inc covid hosp,2,2026-09-12,40,quantile,0.6,14.0
2026-08-29,wk inc covid hosp,2,2026-09-12,40,quantile,0.65,15.0
2026-08-29,wk inc covid hosp,2,2026-09-12,40,quantile,0.7,15.0
2026-08-29,wk inc covid hosp,2,2026-09-12,40,quantile,0.75,16.0
2026-08-29,wk inc covid hosp,2,2026-09-12,40,quantile,0.8,16.0
2026-08-29,wk inc covid hosp,2,2026-09-12,40,quantile,0.85,18.0
2026-08-29,wk inc covid hosp,2,2026-09-12,40,quantile,0.9,19.0
2026-08-29,wk inc covid hosp,2,2026-09-12,40,quantile,0.95,24.0
2026-08-29,wk inc covid hosp,2,2026-09-12,40,quantile,0.975,28.0
2026-08-29,wk inc covid hosp,2,2026-09-12,40,quantile,0.99,42.0
2026-08-29,wk inc covid hosp,2,2026-09-12,41,quantile,0.01,6.0
2026-08-29,wk inc covid hosp,2,2026-09-12,41,quantile,0.025,7.0
2026-08-29,wk inc covid hosp,2,2026-09-12,41,quantile,0.05,8.0
2026-08-29,wk inc covid hosp,2,2026-09-12,41,quantile,0.1,12.0
2026-08-29,wk inc covid hosp,2,2026-09-12,41,quantile,0.15,13.0
2026-08-29,wk inc covid hosp,2,2026-09-12,41,quantile,0.2,16.0
2026-08-29,wk inc covid hosp,2,2026-09-12,41,quantile,0.25,17.0
2026-08-29,wk inc covid hosp,2,2026-09-12,41,quantile,0.3,17.0
2026-08-29,wk inc covid hosp,2,2026-09-12,41,quantile,0.35,19.0
2026-08-29,wk inc covid hosp,2,2026-09-12,41,quantile,0.4,19.0
2026-08-29,wk inc covid hosp,2,2026-09-12,41,quantile,0.45,20.0
2026-08-29,wk inc covid hosp,2,2026-09-12,41,quantile,0.5,20.0
2026-08-29,wk inc covid hosp,2,2026-09-12,41,quantile,0.55,21.0
2026-08-29,wk inc covid hosp,2,2026-09-12,41,quantile,0.6,23.0
2026-08-29,wk inc covid hosp,2,2026-09-12,41,quantile,0.65,24.0
2026-08-29,wk inc covid hosp,2,2026-09-12,41,quantile,0.7,25.0
2026-08-29,wk inc covid hosp,2,2026-09-12,41,quantile,0.75,25.0
2026-08-29,wk inc covid hosp,2,2026-09-12,41,quantile,0.8,25.0
2026-08-29,wk inc covid hosp,2,2026-09-12,41,quantile,0.85,26.0
2026-08-29,wk inc covid hosp,2,2026-09-12,41,quantile,0.9,27.0
2026-08-29,wk inc covid hosp,2,2026-09-12,41,quantile,0.95,37.0
2026-08-29,wk inc covid hosp,2,2026-09-12,41,quantile,0.975,37.0
2026-08-29,wk inc covid hosp,2,2026-09-12,41,quantile,0.99,48.0
2026-08-29,wk inc covid hosp,2,2026-09-12,42,quantile,0.01,25.0
2026-08-29,wk inc covid hosp,2,2026-09-12,42,quantile,0.025,35.0
2026-08-29,wk inc covid hosp,2,2026-09-12,42,quantile,0.05,38.0
2026-08-29,wk inc covid hosp,2,2026-09-12,42,quantile,0.1,51.0
2026-08-29,wk inc covid hosp,2,2026-09-12,42,quantile,0.15,58.0
2026-08-29,wk inc covid hosp,2,2026-09-12,42,quantile,0.2,59.0
2026-08-29,wk inc covid hosp,2,2026-09-12,42,quantile,0.25,65.0
2026-08-29,wk inc covid hosp,2,2026-09-12,42,quantile,0.3,66.0
2026-08-29,wk inc covid hosp,2,2026-09-12,42,quantile,0.35,66.0
2026-08-29,wk inc covid hosp,2,2026-09-12,42,quantile,0.4,67.0
2026-08-29,wk inc covid hosp,2,2026-09-12,42,quantile,0.45,68.0
2026-08-29,wk inc covid hosp,2,2026-09-12,42,quantile,0.5,69.0
2026-08-29,wk inc covid hosp,2,2026-09-12,42,quantile,0.55,69.0
2026-08-29,wk inc covid hosp,2,2026-09-12,42,quantile,0.6,74.0
2026-08-29,wk inc covid hosp,2,2026-09-12,42,quantile,0.65,76.0
2026-08-29,wk inc covid hosp,2,2026-09-12,42,quantile,0.7,81.0
2026-08-29,wk inc covid hosp,2,2026-09-12,42,quantile,0.75,82.0
2026-08-29,wk inc covid hosp,2,2026-09-12,42,quantile,0.8,84.0
2026-08-29,wk inc covid hosp,2,2026-09-12,42,quantile,0.85,90.0
2026-08-29,wk inc covid hosp,2,2026-09-12,42,quantile,0.9,95.0
2026-08-29,wk inc covid hosp,2,2026-09-12,42,quantile,0.95,113.0
2026-08-29,wk inc covid hosp,2,2026-09-12,42,quantile,0.975,130.0
2026-08-29,wk inc covid hosp,2,2026-09-12,42,quantile,0.99,151.0
2026-08-29,wk inc covid hosp,2,2026-09-12,44,quantile,0.01,0.0
2026-08-29,wk inc covid hosp,2,2026-09-12,44,quantile,0.025,1.0
2026-08-29,wk inc covid hosp,2,2026-09-12,44,quantile,0.05,2.0
2026-08-29,wk inc covid hosp,2,2026-09-12,44,quantile,0.1,3.0
2026-08-29,wk inc covid hosp,2,2026-09-12,44,quantile,0.15,3.0
2026-08-29,wk inc covid hosp,2,2026-09-12,44,quantile,0.2,3.0
2026-08-29,wk inc covid hosp,2,2026-09-12,44,quantile,0.25,3.0
2026-08-29,wk inc covid hosp,2,2026-09-12,44,quantile,0.3,4.0
2026-08-29,wk inc covid hosp,2,2026-09-12,44,quantile,0.35,5.0
2026-08-29,wk inc covid hosp,2,2026-09-12,44,quantile,0.4,5.0
2026-08-29,wk inc covid hosp,2,2026-09-12,44,quantile,0.45,5.0
2026-08-29,wk inc covid hosp,2,2026-09-12,44,quantile,0.5,6.0
2026-08-29,wk inc covid hosp,2,2026-09-12,44,quantile,0.55,6.0
2026-08-29,wk inc covid hosp,2,2026-09-12,44,quantile,0.6,7.0
2026-08-29,wk inc covid hosp,2,2026-09-12,44,quantile,0.65,8.0
2026-08-29,wk inc covid hosp,2,2026-09-12,44,quantile,0.7,8.0
2026-08-29,wk inc covid hosp,2,2026-09-12,44,quantile,0.75,8.0
2026-08-29,wk inc covid hosp,2,2026-09-12,44,quantile,0.8,9.0
2026-08-29,wk inc covid hosp,2,2026-09-12,44,quantile,0.85,9.0
2026-08-29,wk inc covid hosp,2,2026-09-12,44,quantile,0.9,11.0
2026-08-29,wk inc covid hosp,2,2026-09-12,44,quantile,0.95,12.0
2026-08-29,wk inc covid hosp,2,2026-09-12,44,quantile,0.975,17.0
2026-08-29,wk inc covid hosp,2,2026-09-12,44,quantile,0.99,18.0
2026-08-29,wk inc covid hosp,2,2026-09-12,45,quantile,0.01,12.0
2026-08-29,wk inc covid hosp,2,2026-09-12,45,quantile,0.025,18.0
2026-08-29,wk inc covid hosp,2,2026-09-12,45,quantile,0.05,20.0
2026-08-29,wk inc covid hosp,2,2026-09-12,45,quantile,0.1,24.0
2026-08-29,wk inc covid hosp,2,2026-09-12,45,quantile,0.15,29.0
2026-08-29,wk inc covid hosp,2,2026-09-12,45,quantile,0.2,36.0
2026-08-29,wk inc covid hosp,2,2026-09-12,45,quantile,0.25,37.0
2026-08-29,wk inc covid hosp,2,2026-09-12,45,quantile,0.3,38.0
2026-08-29,wk inc covid hosp,2,2026-09-12,45,quantile,0.35,39.0
2026-08-29,wk inc covid hosp,2,2026-09-12,45,quantile,0.4,39.0
2026-08-29,wk inc covid hosp,2,2026-09-12,45,quantile,0.45,41.0
2026-08-29,wk inc covid hosp,2,2026-09-12,45,quantile,0.5,42.0
2026-08-29,wk inc covid hosp,2,2026-09-12,45,quantile,0.55,45.0
2026-08-29,wk inc covid hosp,2,2026-09-12,45,quantile,0.6,46.0
2026-08-29,wk inc covid hosp,2,2026-09-12,45,quantile,0.65,47.0
2026-08-29,wk inc covid hosp,2,2026-09-12,45,quantile,0.7,47.0
2026-08-29,wk inc covid hosp,2,2026-09-12,45,quantile,0.75,47.0
2026-08-29,wk inc covid hosp,2,2026-09-12,45,quantile,0.8,48.0
2026-08-29,wk inc covid hosp,2,2026-09-12,45,quantile,0.85,48.0
2026-08-29,wk inc covid hosp,2,2026-09-12,45,quantile,0.9,52.0
2026-08-29,wk inc covid hosp,2,2026-09-12,45,quantile,0.95,64.0
2026-08-29,wk inc covid hosp,2,2026-09-12,45,quantile,0.975,68.0
2026-08-29,wk inc covid hosp,2,2026-09-12,45,quantile,0.99,79.0
2026-08-29,wk inc covid hosp,2,2026-09-12,46,quantile,0.01,0.0
2026-08-29,wk inc covid hosp,2,2026-09-12,46,quantile,0.025,0.0
2026-08-29,wk inc covid hosp,2,2026-09-12,46,quantile,0.05,0.0
2026-08-29,wk inc covid hosp,2,2026-09-12,46,quantile,0.1,0.0
2026-08-29,wk inc covid hosp,2,2026-09-12,46,quantile,0.15,0.0
2026-08-29,wk inc covid hosp,2,2026-09-12,46,quantile,0.2,0.0
2026-08-29,wk inc covid hosp,2,2026-09-12,46,quantile,0.25,1.0
2026-08-29,wk inc covid hosp,2,2026-09-12,46,quantile,0.3,1.0
2026-08-29,wk inc covid hosp,2,2026-09-12,46,quantile,0.35,1.0
2026-08-29,wk inc covid hosp,2,2026-09-12,46,quantile,0.4,1.0
2026-08-29,wk inc covid hosp,2,2026-09-12,46,quantile,0.45,1.0
2026-08-29,wk inc covid hosp,2,2026-09-12,46,quantile,0.5,1.0
2026-08-29,wk inc covid hosp,2,2026-09-12,46,quantile,0.55,1.0
2026-08-29,wk inc covid hosp,2,2026-09-12,46,quantile,0.6,1.0
2026-08-29,wk inc covid hosp,2,2026-09-12,46,quantile,0.65,2.0
2026-08-29,wk inc covid hosp,2,2026-09-12,46,quantile,0.7,2.0
2026-08-29,wk inc covid hosp,2,2026-09-12,46,quantile,0.75,2.0
2026-08-29,wk inc covid hosp,2,2026-09-12,46,quantile,0.8,3.0
2026-08-29,wk inc covid hosp,2,2026-09-12,46,quantile,0.85,3.0
2026-08-29,wk inc covid hosp,2,2026-09-12,46,quantile,0.9,4.0
2026-08-29,wk inc covid hosp,2,2026-09-12,46,quantile,0.95,5.0
2026-08-29,wk inc covid hosp,2,2026-09-12,46,quantile,0.975,6.0
2026-08-29,wk inc covid hosp,2,2026-09-12,46,quantile,0.99,9.0
2026-08-29,wk inc covid hosp,2,2026-09-12,47,quantile,0.01,16.0
2026-08-29,wk inc covid hosp,2,2026-09-12,47,quantile,0.025,24.0
2026-08-29,wk inc covid hosp,2,2026-09-12,47,quantile,0.05,26.0
2026-08-29,wk inc covid hosp,2,2026-09-12,47,quantile,0.1,35.0
2026-08-29,wk inc covid hosp,2,2026-09-12,47,quantile,0.15,42.0
2026-08-29,wk inc covid hosp,2,2026-09-12,47,quantile,0.2,50.0
2026-08-29,wk inc covid hosp,2,2026-09-12,47,quantile,0.25,50.0
2026-08-29,wk inc covid hosp,2,2026-09-12,47,quantile,0.3,51.0
2026-08-29,wk inc covid hosp,2,2026-09-12,47,quantile,0.35,52.0
2026-08-29,wk inc covid hosp,2,2026-09-12,47,quantile,0.4,56.0
2026-08-29,wk inc covid hosp,2,2026-09-12,47,quantile,0.45,56.0
2026-08-29,wk inc covid hosp,2,2026-09-12,47,quantile,0.5,56.0
2026-08-29,wk inc covid hosp,2,2026-09-12,47,quantile,0.55,59.0
2026-08-29,wk inc covid hosp,2,2026-09-12,47,quantile,0.6,60.0
2026-08-29,wk inc covid hosp,2,2026-09-12,47,quantile,0.65,60.0
2026-08-29,wk inc covid hosp,2,2026-09-12,47,quantile,0.7,61.0
2026-08-29,wk inc covid hosp,2,2026-09-12,47,quantile,0.75,62.0
2026-08-29,wk inc covid hosp,2,2026-09-12,47,quantile,0.8,62.0
2026-08-29,wk inc covid hosp,2,2026-09-12,47,quantile,0.85,63.0
2026-08-29,wk inc covid hosp,2,2026-09-12,47,quantile,0.9,63.0
2026-08-29,wk inc covid hosp,2,2026-09-12,47,quantile,0.95,82.0
2026-08-29,wk inc covid hosp,2,2026-09-12,47,quantile,0.975,92.0
2026-08-29,wk inc covid hosp,2,2026-09-12,47,quantile,0.99,109.0
2026-08-29,wk inc covid hosp,2,2026-09-12,48,quantile,0.01,120.0
2026-08-29,wk inc covid hosp,2,2026-09-12,48,quantile,0.025,164.0
2026-08-29,wk inc covid hosp,2,2026-09-12,48,quantile,0.05,187.0
2026-08-29,wk inc covid hosp,2,2026-09-12,48,quantile,0.1,231.0
2026-08-29,wk inc covid hosp,2,2026-09-12,48,quantile,0.15,273.0
2026-08-29,wk inc covid hosp,2,2026-09-12,48,quantile,0.2,302.0
2026-08-29,wk inc covid hosp,2,2026-09-12,48,quantile,0.25,317.0
2026-08-29,wk inc covid hosp,2,2026-09-12,48,quantile,0.3,337.0
2026-08-29,wk inc covid hosp,2,2026-09-12,48,quantile,0.35,350.0
2026-08-29,wk inc covid hosp,2,2026-09-12,48,quantile,0.4,356.0
2026-08-29,wk inc covid hosp,2,2026-09-12,48,quantile,0.45,368.0
2026-08-29,wk inc covid hosp,2,2026-09-12,48,quantile,0.5,370.0
2026-08-29,wk inc covid hosp,2,2026-09-12,48,quantile,0.55,380.0
2026-08-29,wk inc covid hosp,2,2026-09-12,48,quantile,0.6,382.0
2026-08-29,wk inc covid hosp,2,2026-09-12,48,quantile,0.65,385.0
2026-08-29,wk inc covid hosp,2,2026-09-12,48,quantile,0.7,391.0
2026-08-29,wk inc covid hosp,2,2026-09-12,48,quantile,0.75,394.0
2026-08-29,wk inc covid hosp,2,2026-09-12,48,quantile,0.8,396.0
2026-08-29,wk inc covid hosp,2,2026-09-12,48,quantile,0.85,420.0
2026-08-29,wk inc covid hosp,2,2026-09-12,48,quantile,0.9,466.0
2026-08-29,wk inc covid hosp,2,2026-09-12,48,quantile,0.95,585.0
2026-08-29,wk inc covid hosp,2,2026-09-12,48,quantile,0.975,691.0
2026-08-29,wk inc covid hosp,2,2026-09-12,48,quantile,0.99,786.0
2026-08-29,wk inc covid hosp,2,2026-09-12,49,quantile,0.01,2.0
2026-08-29,wk inc covid hosp,2,2026-09-12,49,quantile,0.025,3.0
2026-08-29,wk inc covid hosp,2,2026-09-12,49,quantile,0.05,5.0
2026-08-29,wk inc covid hosp,2,2026-09-12,49,quantile,0.1,6.0
2026-08-29,wk inc covid hosp,2,2026-09-12,49,quantile,0.15,7.0
2026-08-29,wk inc covid hosp,2,2026-09-12,49,quantile,0.2,7.0
2026-08-29,wk inc covid hosp,2,2026-09-12,49,quantile,0.25,7.0
2026-08-29,wk inc covid hosp,2,2026-09-12,49,quantile,0.3,8.0
2026-08-29,wk inc covid hosp,2,2026-09-12,49,quantile,0.35,8.0
2026-08-29,wk inc covid hosp,2,2026-09-12,49,quantile,0.4,8.0
2026-08-29,wk inc covid hosp,2,2026-09-12,49,quantile,0.45,9.0
2026-08-29,wk inc covid hosp,2,2026-09-12,49,quantile,0.5,10.0
2026-08-29,wk inc covid hosp,2,2026-09-12,49,quantile,0.55,10.0
2026-08-29,wk inc covid hosp,2,2026-09-12,49,quantile,0.6,11.0
2026-08-29,wk inc covid hosp,2,2026-09-12,49,quantile,0.65,11.0
2026-08-29,wk inc covid hosp,2,2026-09-12,49,quantile,0.7,13.0
2026-08-29,wk inc covid hosp,2,2026-09-12,49,quantile,0.75,13.0
2026-08-29,wk inc covid hosp,2,2026-09-12,49,quantile,0.8,14.0
2026-08-29,wk inc covid hosp,2,2026-09-12,49,quantile,0.85,15.0
2026-08-29,wk inc covid hosp,2,2026-09-12,49,quantile,0.9,15.0
2026-08-29,wk inc covid hosp,2,2026-09-12,49,quantile,0.95,19.0
2026-08-29,wk inc covid hosp,2,2026-09-12,49,quantile,0.975,29.0
2026-08-29,wk inc covid hosp,2,2026-09-12,49,quantile,0.99,39.0
2026-08-29,wk inc covid hosp,2,2026-09-12,50,quantile,0.01,0.0
2026-08-29,wk inc covid hosp,2,2026-09-12,50,quantile,0.025,0.0
2026-08-29,wk inc covid hosp,2,2026-09-12,50,quantile,0.05,0.0
2026-08-29,wk inc covid hosp,2,2026-09-12,50,quantile,0.1,0.0
2026-08-29,wk inc covid hosp,2,2026-09-12,50,quantile,0.15,1.0
2026-08-29,wk inc covid hosp,2,2026-09-12,50,quantile,0.2,1.0
2026-08-29,wk inc covid hosp,2,2026-09-12,50,quantile,0.25,1.0
2026-08-29,wk inc covid hosp,2,2026-09-12,50,quantile,0.3,1.0
2026-08-29,wk inc covid hosp,2,2026-09-12,50,quantile,0.35,1.0
2026-08-29,wk inc covid hosp,2,2026-09-12,50,quantile,0.4,1.0
2026-08-29,wk inc covid hosp,2,2026-09-12,50,quantile,0.45,1.0
2026-08-29,wk inc covid hosp,2,2026-09-12,50,quantile,0.5,1.0
2026-08-29,wk inc covid hosp,2,2026-09-12,50,quantile,0.55,1.0
2026-08-29,wk inc covid hosp,2,2026-09-12,50,quantile,0.6,2.0
2026-08-29,wk inc covid hosp,2,2026-09-12,50,quantile,0.65,2.0
2026-08-29,wk inc covid hosp,2,2026-09-12,50,quantile,0.7,2.0
2026-08-29,wk inc covid hosp,2,2026-09-12,50,quantile,0.75,2.0
2026-08-29,wk inc covid hosp,2,2026-09-12,50,quantile,0.8,2.0
2026-08-29,wk inc covid hosp,2,2026-09-12,50,quantile,0.85,3.0
2026-08-29,wk inc covid hosp,2,2026-09-12,50,quantile,0.9,3.0
2026-08-29,wk inc covid hosp,2,2026-09-12,50,quantile,0.95,4.0
2026-08-29,wk inc covid hosp,2,2026-09-12,50,quantile,0.975,5.0
2026-08-29,wk inc covid hosp,2,2026-09-12,50,quantile,0.99,7.0
2026-08-29,wk inc covid hosp,2,2026-09-12,51,quantile,0.01,12.0
2026-08-29,wk inc covid hosp,2,2026-09-12,51,quantile,0.025,19.0
2026-08-29,wk inc covid hosp,2,2026-09-12,51,quantile,0.05,22.0
2026-08-29,wk inc covid hosp,2,2026-09-12,51,quantile,0.1,26.0
2026-08-29,wk inc covid hosp,2,2026-09-12,51,quantile,0.15,34.0
2026-08-29,wk inc covid hosp,2,2026-09-12,51,quantile,0.2,36.0
2026-08-29,wk inc covid hosp,2,2026-09-12,51,quantile,0.25,37.0
2026-08-29,wk inc covid hosp,2,2026-09-12,51,quantile,0.3,38.0
2026-08-29,wk inc covid hosp,2,2026-09-12,51,quantile,0.35,39.0
2026-08-29,wk inc covid hosp,2,2026-09-12,51,quantile,0.4,42.0
2026-08-29,wk inc covid hosp,2,2026-09-12,51,quantile,0.45,44.0
2026-08-29,wk inc covid hosp,2,2026-09-12,51,quantile,0.5,48.0
2026-08-29,wk inc covid hosp,2,2026-09-12,51,quantile,0.55,50.0
2026-08-29,wk inc covid hosp,2,2026-09-12,51,quantile,0.6,54.0
2026-08-29,wk inc covid hosp,2,2026-09-12,51,quantile,0.65,54.0
2026-08-29,wk inc covid hosp,2,2026-09-12,51,quantile,0.7,54.0
2026-08-29,wk inc covid hosp,2,2026-09-12,51,quantile,0.75,55.0
2026-08-29,wk inc covid hosp,2,2026-09-12,51,quantile,0.8,61.0
2026-08-29,wk inc covid hosp,2,2026-09-12,51,quantile,0.85,63.0
2026-08-29,wk inc covid hosp,2,2026-09-12,51,quantile,0.9,65.0
2026-08-29,wk inc covid hosp,2,2026-09-12,51,quantile,0.95,80.0
2026-08-29,wk inc covid hosp,2,2026-09-12,51,quantile,0.975,91.0
2026-08-29,wk inc covid hosp,2,2026-09-12,51,quantile,0.99,108.0
2026-08-29,wk inc covid hosp,2,2026-09-12,53,quantile,0.01,20.0
2026-08-29,wk inc covid hosp,2,2026-09-12,53,quantile,0.025,28.0
2026-08-29,wk inc covid hosp,2,2026-09-12,53,quantile,0.05,32.0
2026-08-29,wk inc covid hosp,2,2026-09-12,53,quantile,0.1,37.0
2026-08-29,wk inc covid hosp,2,2026-09-12,53,quantile,0.15,48.0
2026-08-29,wk inc covid hosp,2,2026-09-12,53,quantile,0.2,56.0
2026-08-29,wk inc covid hosp,2,2026-09-12,53,quantile,0.25,57.0
2026-08-29,wk inc covid hosp,2,2026-09-12,53,quantile,0.3,58.0
2026-08-29,wk inc covid hosp,2,2026-09-12,53,quantile,0.35,59.0
2026-08-29,wk inc covid hosp,2,2026-09-12,53,quantile,0.4,62.0
2026-08-29,wk inc covid hosp,2,2026-09-12,53,quantile,0.45,63.0
2026-08-29,wk inc covid hosp,2,2026-09-12,53,quantile,0.5,65.0
2026-08-29,wk inc covid hosp,2,2026-09-12,53,quantile,0.55,66.0
2026-08-29,wk inc covid hosp,2,2026-09-12,53,quantile,0.6,67.0
2026-08-29,wk inc covid hosp,2,2026-09-12,53,quantile,0.65,69.0
2026-08-29,wk inc covid hosp,2,2026-09-12,53,quantile,0.7,69.0
2026-08-29,wk inc covid hosp,2,2026-09-12,53,quantile,0.75,69.0
2026-08-29,wk inc covid hosp,2,2026-09-12,53,quantile,0.8,70.0
2026-08-29,wk inc covid hosp,2,2026-09-12,53,quantile,0.85,74.0
2026-08-29,wk inc covid hosp,2,2026-09-12,53,quantile,0.9,83.0
2026-08-29,wk inc covid hosp,2,2026-09-12,53,quantile,0.95,112.0
2026-08-29,wk inc covid hosp,2,2026-09-12,53,quantile,0.975,117.0
2026-08-29,wk inc covid hosp,2,2026-09-12,53,quantile,0.99,127.0
2026-08-29,wk inc covid hosp,2,2026-09-12,54,quantile,0.01,0.0
2026-08-29,wk inc covid hosp,2,2026-09-12,54,quantile,0.025,1.0
2026-08-29,wk inc covid hosp,2,2026-09-12,54,quantile,0.05,1.0
2026-08-29,wk inc covid hosp,2,2026-09-12,54,quantile,0.1,2.0
2026-08-29,wk inc covid hosp,2,2026-09-12,54,quantile,0.15,2.0
2026-08-29,wk inc covid hosp,2,2026-09-12,54,quantile,0.2,2.0
2026-08-29,wk inc covid hosp,2,2026-09-12,54,quantile,0.25,3.0
2026-08-29,wk inc covid hosp,2,2026-09-12,54,quantile,0.3,4.0
2026-08-29,wk inc covid hosp,2,2026-09-12,54,quantile,0.35,4.0
2026-08-29,wk inc covid hosp,2,2026-09-12,54,quantile,0.4,4.0
2026-08-29,wk inc covid hosp,2,2026-09-12,54,quantile,0.45,4.0
2026-08-29,wk inc covid hosp,2,2026-09-12,54,quantile,0.5,4.0
2026-08-29,wk inc covid hosp,2,2026-09-12,54,quantile,0.55,4.0
2026-08-29,wk inc covid hosp,2,2026-09-12,54,quantile,0.6,4.0
2026-08-29,wk inc covid hosp,2,2026-09-12,54,quantile,0.65,5.0
2026-08-29,wk inc covid hosp,2,2026-09-12,54,quantile,0.7,5.0
2026-08-29,wk inc covid hosp,2,2026-09-12,54,quantile,0.75,5.0
2026-08-29,wk inc covid hosp,2,2026-09-12,54,quantile,0.8,6.0
2026-08-29,wk inc covid hosp,2,2026-09-12,54,quantile,0.85,6.0
2026-08-29,wk inc covid hosp,2,2026-09-12,54,quantile,0.9,7.0
2026-08-29,wk inc covid hosp,2,2026-09-12,54,quantile,0.95,11.0
2026-08-29,wk inc covid hosp,2,2026-09-12,54,quantile,0.975,15.0
2026-08-29,wk inc covid hosp,2,2026-09-12,54,quantile,0.99,20.0
2026-08-29,wk inc covid hosp,2,2026-09-12,55,quantile,0.01,4.0
2026-08-29,wk inc covid hosp,2,2026-09-12,55,quantile,0.025,7.0
2026-08-29,wk inc covid hosp,2,2026-09-12,55,quantile,0.05,8.0
2026-08-29,wk inc covid hosp,2,2026-09-12,55,quantile,0.1,11.0
2026-08-29,wk inc covid hosp,2,2026-09-12,55,quantile,0.15,12.0
2026-08-29,wk inc covid hosp,2,2026-09-12,55,quantile,0.2,12.0
2026-08-29,wk inc covid hosp,2,2026-09-12,55,quantile,0.25,12.0
2026-08-29,wk inc covid hosp,2,2026-09-12,55,quantile,0.3,12.0
2026-08-29,wk inc covid hosp,2,2026-09-12,55,quantile,0.35,13.0
2026-08-29,wk inc covid hosp,2,2026-09-12,55,quantile,0.4,13.0
2026-08-29,wk inc covid hosp,2,2026-09-12,55,quantile,0.45,13.0
2026-08-29,wk inc covid hosp,2,2026-09-12,55,quantile,0.5,14.0
2026-08-29,wk inc covid hosp,2,2026-09-12,55,quantile,0.55,15.0
2026-08-29,wk inc covid hosp,2,2026-09-12,55,quantile,0.6,15.0
2026-08-29,wk inc covid hosp,2,2026-09-12,55,quantile,0.65,15.0
2026-08-29,wk inc covid hosp,2,2026-09-12,55,quantile,0.7,16.0
2026-08-29,wk inc covid hosp,2,2026-09-12,55,quantile,0.75,18.0
2026-08-29,wk inc covid hosp,2,2026-09-12,55,quantile,0.8,21.0
2026-08-29,wk inc covid hosp,2,2026-09-12,55,quantile,0.85,22.0
2026-08-29,wk inc covid hosp,2,2026-09-12,55,quantile,0.9,25.0
2026-08-29,wk inc covid hosp,2,2026-09-12,55,quantile,0.95,32.0
2026-08-29,wk inc covid hosp,2,2026-09-12,55,quantile,0.975,42.0
2026-08-29,wk inc covid hosp,2,2026-09-12,55,quantile,0.99,65.0
2026-08-29,wk inc covid hosp,2,2026-09-12,56,quantile,0.01,0.0
2026-08-29,wk inc covid hosp,2,2026-09-12,56,quantile,0.025,0.0
2026-08-29,wk inc covid hosp,2,2026-09-12,56,quantile,0.05,0.0
2026-08-29,wk inc covid hosp,2,2026-09-12,56,quantile,0.1,0.0
2026-08-29,wk inc covid hosp,2,2026-09-12,56,quantile,0.15,0.0
2026-08-29,wk inc covid hosp,2,2026-09-12,56,quantile,0.2,1.0
2026-08-29,wk inc covid hosp,2,2026-09-12,56,quantile,0.25,1.0
2026-08-29,wk inc covid hosp,2,2026-09-12,56,quantile,0.3,1.0
2026-08-29,wk inc covid hosp,2,2026-09-12,56,quantile,0.35,1.0
2026-08-29,wk inc covid hosp,2,2026-09-12,56,quantile,0.4,1.0
2026-08-29,wk inc covid hosp,2,2026-09-12,56,quantile,0.45,1.0
2026-08-29,wk inc covid hosp,2,2026-09-12,56,quantile,0.5,1.0
2026-08-29,wk inc covid hosp,2,2026-09-12,56,quantile,0.55,1.0
2026-08-29,wk inc covid hosp,2,2026-09-12,56,quantile,0.6,1.0
2026-08-29,wk inc covid hosp,2,2026-09-12,56,quantile,0.65,1.0
2026-08-29,wk inc covid hosp,2,2026-09-12,56,quantile,0.7,2.0
2026-08-29,wk inc covid hosp,2,2026-09-12,56,quantile,0.75,2.0
2026-08-29,wk inc covid hosp,2,2026-09-12,56,quantile,0.8,2.0
2026-08-29,wk inc covid hosp,2,2026-09-12,56,quantile,0.85,3.0
2026-08-29,wk inc covid hosp,2,2026-09-12,56,quantile,0.9,3.0
2026-08-29,wk inc covid hosp,2,2026-09-12,56,quantile,0.95,4.0
2026-08-29,wk inc covid hosp,2,2026-09-12,56,quantile,0.975,5.0
2026-08-29,wk inc covid hosp,2,2026-09-12,56,quantile,0.99,7.0
2026-08-29,wk inc covid hosp,2,2026-09-12,72,quantile,0.01,39.0
2026-08-29,wk inc covid hosp,2,2026-09-12,72,quantile,0.025,46.0
2026-08-29,wk inc covid hosp,2,2026-09-12,72,quantile,0.05,53.0
2026-08-29,wk inc covid hosp,2,2026-09-12,72,quantile,0.1,63.0
2026-08-29,wk inc covid hosp,2,2026-09-12,72,quantile,0.15,69.0
2026-08-29,wk inc covid hosp,2,2026-09-12,72,quantile,0.2,73.0
2026-08-29,wk inc covid hosp,2,2026-09-12,72,quantile,0.25,74.0
2026-08-29,wk inc covid hosp,2,2026-09-12,72,quantile,0.3,77.0
2026-08-29,wk inc covid hosp,2,2026-09-12,72,quantile,0.35,81.0
2026-08-29,wk inc covid hosp,2,2026-09-12,72,quantile,0.4,87.0
2026-08-29,wk inc covid hosp,2,2026-09-12,72,quantile,0.45,106.0
2026-08-29,wk inc covid hosp,2,2026-09-12,72,quantile,0.5,109.0
2026-08-29,wk inc covid hosp,2,2026-09-12,72,quantile,0.55,113.0
2026-08-29,wk inc covid hosp,2,2026-09-12,72,quantile,0.6,115.0
2026-08-29,wk inc covid hosp,2,2026-09-12,72,quantile,0.65,119.0
2026-08-29,wk inc covid hosp,2,2026-09-12,72,quantile,0.7,129.0
2026-08-29,wk inc covid hosp,2,2026-09-12,72,quantile,0.75,140.0
2026-08-29,wk inc covid hosp,2,2026-09-12,72,quantile,0.8,145.0
2026-08-29,wk inc covid hosp,2,2026-09-12,72,quantile,0.85,148.0
2026-08-29,wk inc covid hosp,2,2026-09-12,72,quantile,0.9,167.0
2026-08-29,wk inc covid hosp,2,2026-09-12,72,quantile,0.95,185.0
2026-08-29,wk inc covid hosp,2,2026-09-12,72,quantile,0.975,185.0
2026-08-29,wk inc covid hosp,2,2026-09-12,72,quantile,0.99,199.0
2026-08-29,wk inc covid hosp,3,2026-09-19,01,quantile,0.01,17.0
2026-08-29,wk inc covid hosp,3,2026-09-19,01,quantile,0.025,27.0
2026-08-29,wk inc covid hosp,3,2026-09-19,01,quantile,0.05,34.0
2026-08-29,wk inc covid hosp,3,2026-09-19,01,quantile,0.1,43.0
2026-08-29,wk inc covid hosp,3,2026-09-19,01,quantile,0.15,51.0
2026-08-29,wk inc covid hosp,3,2026-09-19,01,quantile,0.2,55.0
2026-08-29,wk inc covid hosp,3,2026-09-19,01,quantile,0.25,60.0
2026-08-29,wk inc covid hosp,3,2026-09-19,01,quantile,0.3,65.0
2026-08-29,wk inc covid hosp,3,2026-09-19,01,quantile,0.35,66.0
2026-08-29,wk inc covid hosp,3,2026-09-19,01,quantile,0.4,68.0
2026-08-29,wk inc covid hosp,3,2026-09-19,01,quantile,0.45,70.0
2026-08-29,wk inc covid hosp,3,2026-09-19,01,quantile,0.5,71.0
2026-08-29,wk inc covid hosp,3,2026-09-19,01,quantile,0.55,76.0
2026-08-29,wk inc covid hosp,3,2026-09-19,01,quantile,0.6,80.0
2026-08-29,wk inc covid hosp,3,2026-09-19,01,quantile,0.65,80.0
2026-08-29,wk inc covid hosp,3,2026-09-19,01,quantile,0.7,80.0
2026-08-29,wk inc covid hosp,3,2026-09-19,01,quantile,0.75,83.0
2026-08-29,wk inc covid hosp,3,2026-09-19,01,quantile,0.8,85.0
2026-08-29,wk inc covid hosp,3,2026-09-19,01,quantile,0.85,86.0
2026-08-29,wk inc covid hosp,3,2026-09-19,01,quantile,0.9,86.0
2026-08-29,wk inc covid hosp,3,2026-09-19,01,quantile,0.95,104.0
2026-08-29,wk inc covid hosp,3,2026-09-19,01,quantile,0.975,127.0
2026-08-29,wk inc covid hosp,3,2026-09-19,01,quantile,0.99,136.0
2026-08-29,wk inc covid hosp,3,2026-09-19,02,quantile,0.01,0.0
2026-08-29,wk inc covid hosp,3,2026-09-19,02,quantile,0.025,1.0
2026-08-29,wk inc covid hosp,3,2026-09-19,02,quantile,0.05,1.0
2026-08-29,wk inc covid hosp,3,2026-09-19,02,quantile,0.1,2.0
2026-08-29,wk inc covid hosp,3,2026-09-19,02,quantile,0.15,2.0
2026-08-29,wk inc covid hosp,3,2026-09-19,02,quantile,0.2,3.0
2026-08-29,wk inc covid hosp,3,2026-09-19,02,quantile,0.25,3.0
2026-08-29,wk inc covid hosp,3,2026-09-19,02,quantile,0.3,3.0
2026-08-29,wk inc covid hosp,3,2026-09-19,02,quantile,0.35,3.0
2026-08-29,wk inc covid hosp,3,2026-09-19,02,quantile,0.4,3.0
2026-08-29,wk inc covid hosp,3,2026-09-19,02,quantile,0.45,3.0
2026-08-29,wk inc covid hosp,3,2026-09-19,02,quantile,0.5,4.0
2026-08-29,wk inc covid hosp,3,2026-09-19,02,quantile,0.55,4.0
2026-08-29,wk inc covid hosp,3,2026-09-19,02,quantile,0.6,4.0
2026-08-29,wk inc covid hosp,3,2026-09-19,02,quantile,0.65,5.0
2026-08-29,wk inc covid hosp,3,2026-09-19,02,quantile,0.7,5.0
2026-08-29,wk inc covid hosp,3,2026-09-19,02,quantile,0.75,5.0
2026-08-29,wk inc covid hosp,3,2026-09-19,02,quantile,0.8,5.0
2026-08-29,wk inc covid hosp,3,2026-09-19,02,quantile,0.85,5.0
2026-08-29,wk inc covid hosp,3,2026-09-19,02,quantile,0.9,5.0
2026-08-29,wk inc covid hosp,3,2026-09-19,02,quantile,0.95,7.0
2026-08-29,wk inc covid hosp,3,2026-09-19,02,quantile,0.975,8.0
2026-08-29,wk inc covid hosp,3,2026-09-19,02,quantile,0.99,9.0
2026-08-29,wk inc covid hosp,3,2026-09-19,04,quantile,0.01,17.0
2026-08-29,wk inc covid hosp,3,2026-09-19,04,quantile,0.025,22.0
2026-08-29,wk inc covid hosp,3,2026-09-19,04,quantile,0.05,24.0
2026-08-29,wk inc covid hosp,3,2026-09-19,04,quantile,0.1,34.0
2026-08-29,wk inc covid hosp,3,2026-09-19,04,quantile,0.15,38.0
2026-08-29,wk inc covid hosp,3,2026-09-19,04,quantile,0.2,46.0
2026-08-29,wk inc covid hosp,3,2026-09-19,04,quantile,0.25,49.0
2026-08-29,wk inc covid hosp,3,2026-09-19,04,quantile,0.3,49.0
2026-08-29,wk inc covid hosp,3,2026-09-19,04,quantile,0.35,50.0
2026-08-29,wk inc covid hosp,3,2026-09-19,04,quantile,0.4,50.0
2026-08-29,wk inc covid hosp,3,2026-09-19,04,quantile,0.45,51.0
2026-08-29,wk inc covid hosp,3,2026-09-19,04,quantile,0.5,52.0
2026-08-29,wk inc covid hosp,3,2026-09-19,04,quantile,0.55,57.0
2026-08-29,wk inc covid hosp,3,2026-09-19,04,quantile,0.6,59.0
2026-08-29,wk inc covid hosp,3,2026-09-19,04,quantile,0.65,64.0
2026-08-29,wk inc covid hosp,3,2026-09-19,04,quantile,0.7,65.0
2026-08-29,wk inc covid hosp,3,2026-09-19,04,quantile,0.75,66.0
2026-08-29,wk inc covid hosp,3,2026-09-19,04,quantile,0.8,66.0
2026-08-29,wk inc covid hosp,3,2026-09-19,04,quantile,0.85,67.0
2026-08-29,wk inc covid hosp,3,2026-09-19,04,quantile,0.9,73.0
2026-08-29,wk inc covid hosp,3,2026-09-19,04,quantile,0.95,90.0
2026-08-29,wk inc covid hosp,3,2026-09-19,04,quantile,0.975,105.0
2026-08-29,wk inc covid hosp,3,2026-09-19,04,quantile,0.99,129.0
2026-08-29,wk inc covid hosp,3,2026-09-19,05,quantile,0.01,2.0
2026-08-29,wk inc covid hosp,3,2026-09-19,05,quantile,0.025,4.0
2026-08-29,wk inc covid hosp,3,2026-09-19,05,quantile,0.05,5.0
2026-08-29,wk inc covid hosp,3,2026-09-19,05,quantile,0.1,7.0
2026-08-29,wk inc covid hosp,3,2026-09-19,05,quantile,0.15,8.0
2026-08-29,wk inc covid hosp,3,2026-09-19,05,quantile,0.2,10.0
2026-08-29,wk inc covid hosp,3,2026-09-19,05,quantile,0.25,11.0
2026-08-29,wk inc covid hosp,3,2026-09-19,05,quantile,0.3,11.0
2026-08-29,wk inc covid hosp,3,2026-09-19,05,quantile,0.35,11.0
2026-08-29,wk inc covid hosp,3,2026-09-19,05,quantile,0.4,11.0
2026-08-29,wk inc covid hosp,3,2026-09-19,05,quantile,0.45,13.0
2026-08-29,wk inc covid hosp,3,2026-09-19,05,quantile,0.5,15.0
2026-08-29,wk inc covid hosp,3,2026-09-19,05,quantile,0.55,16.0
2026-08-29,wk inc covid hosp,3,2026-09-19,05,quantile,0.6,16.0
2026-08-29,wk inc covid hosp,3,2026-09-19,05,quantile,0.65,18.0
2026-08-29,wk inc covid hosp,3,2026-09-19,05,quantile,0.7,19.0
2026-08-29,wk inc covid hosp,3,2026-09-19,05,quantile,0.75,19.0
2026-08-29,wk inc covid hosp,3,2026-09-19,05,quantile,0.8,20.0
2026-08-29,wk inc covid hosp,3,2026-09-19,05,quantile,0.85,20.0
2026-08-29,wk inc covid hosp,3,2026-09-19,05,quantile,0.9,21.0
2026-08-29,wk inc covid hosp,3,2026-09-19,05,quantile,0.95,24.0
2026-08-29,wk inc covid hosp,3,2026-09-19,05,quantile,0.975,28.0
2026-08-29,wk inc covid hosp,3,2026-09-19,05,quantile,0.99,36.0
2026-08-29,wk inc covid hosp,3,2026-09-19,06,quantile,0.01,155.0
2026-08-29,wk inc covid hosp,3,2026-09-19,06,quantile,0.025,209.0
2026-08-29,wk inc covid hosp,3,2026-09-19,06,quantile,0.05,226.0
2026-08-29,wk inc covid hosp,3,2026-09-19,06,quantile,0.1,313.0
2026-08-29,wk inc covid hosp,3,2026-09-19,06,quantile,0.15,366.0
2026-08-29,wk inc covid hosp,3,2026-09-19,06,quantile,0.2,403.0
2026-08-29,wk inc covid hosp,3,2026-09-19,06,quantile,0.25,430.0
2026-08-29,wk inc covid hosp,3,2026-09-19,06,quantile,0.3,478.0
2026-08-29,wk inc covid hosp,3,2026-09-19,06,quantile,0.35,489.0
2026-08-29,wk inc covid hosp,3,2026-09-19,06,quantile,0.4,506.0
2026-08-29,wk inc covid hosp,3,2026-09-19,06,quantile,0.45,511.0
2026-08-29,wk inc covid hosp,3,2026-09-19,06,quantile,0.5,529.0
2026-08-29,wk inc covid hosp,3,2026-09-19,06,quantile,0.55,547.0
2026-08-29,wk inc covid hosp,3,2026-09-19,06,quantile,0.6,557.0
2026-08-29,wk inc covid hosp,3,2026-09-19,06,quantile,0.65,558.0
2026-08-29,wk inc covid hosp,3,2026-09-19,06,quantile,0.7,570.0
2026-08-29,wk inc covid hosp,3,2026-09-19,06,quantile,0.75,570.0
2026-08-29,wk inc covid hosp,3,2026-09-19,06,quantile,0.8,591.0
2026-08-29,wk inc covid hosp,3,2026-09-19,06,quantile,0.85,656.0
2026-08-29,wk inc covid hosp,3,2026-09-19,06,quantile,0.9,745.0
2026-08-29,wk inc covid hosp,3,2026-09-19,06,quantile,0.95,955.0
2026-08-29,wk inc covid hosp,3,2026-09-19,06,quantile,0.975,1124.0
2026-08-29,wk inc covid hosp,3,2026-09-19,06,quantile,0.99,1146.0
2026-08-29,wk inc covid hosp,3,2026-09-19,08,quantile,0.01,6.0
2026-08-29,wk inc covid hosp,3,2026-09-19,08,quantile,0.025,9.0
2026-08-29,wk inc covid hosp,3,2026-09-19,08,quantile,0.05,11.0
2026-08-29,wk inc covid hosp,3,2026-09-19,08,quantile,0.1,15.0
2026-08-29,wk inc covid hosp,3,2026-09-19,08,quantile,0.15,20.0
2026-08-29,wk inc covid hosp,3,2026-09-19,08,quantile,0.2,22.0
2026-08-29,wk inc covid hosp,3,2026-09-19,08,quantile,0.25,22.0
2026-08-29,wk inc covid hosp,3,2026-09-19,08,quantile,0.3,22.0
2026-08-29,wk inc covid hosp,3,2026-09-19,08,quantile,0.35,23.0
2026-08-29,wk inc covid hosp,3,2026-09-19,08,quantile,0.4,23.0
2026-08-29,wk inc covid hosp,3,2026-09-19,08,quantile,0.45,24.0
2026-08-29,wk inc covid hosp,3,2026-09-19,08,quantile,0.5,27.0
2026-08-29,wk inc covid hosp,3,2026-09-19,08,quantile,0.55,29.0
2026-08-29,wk inc covid hosp,3,2026-09-19,08,quantile,0.6,31.0
2026-08-29,wk inc covid hosp,3,2026-09-19,08,quantile,0.65,32.0
2026-08-29,wk inc covid hosp,3,2026-09-19,08,quantile,0.7,33.0
2026-08-29,wk inc covid hosp,3,2026-09-19,08,quantile,0.75,35.0
2026-08-29,wk inc covid hosp,3,2026-09-19,08,quantile,0.8,37.0
2026-08-29,wk inc covid hosp,3,2026-09-19,08,quantile,0.85,39.0
2026-08-29,wk inc covid hosp,3,2026-09-19,08,quantile,0.9,40.0
2026-08-29,wk inc covid hosp,3,2026-09-19,08,quantile,0.95,45.0
2026-08-29,wk inc covid hosp,3,2026-09-19,08,quantile,0.975,58.0
2026-08-29,wk inc covid hosp,3,2026-09-19,08,quantile,0.99,81.0
2026-08-29,wk inc covid hosp,3,2026-09-19,09,quantile,0.01,2.0
2026-08-29,wk inc covid hosp,3,2026-09-19,09,quantile,0.025,3.0
2026-08-29,wk inc covid hosp,3,2026-09-19,09,quantile,0.05,5.0
2026-08-29,wk inc covid hosp,3,2026-09-19,09,quantile,0.1,7.0
2026-08-29,wk inc covid hosp,3,2026-09-19,09,quantile,0.15,8.0
2026-08-29,wk inc covid hosp,3,2026-09-19,09,quantile,0.2,10.0
2026-08-29,wk inc covid hosp,3,2026-09-19,09,quantile,0.25,11.0
2026-08-29,wk inc covid hosp,3,2026-09-19,09,quantile,0.3,11.0
2026-08-29,wk inc covid hosp,3,2026-09-19,09,quantile,0.35,11.0
2026-08-29,wk inc covid hosp,3,2026-09-19,09,quantile,0.4,11.0
2026-08-29,wk inc covid hosp,3,2026-09-19,09,quantile,0.45,11.0
2026-08-29,wk inc covid hosp,3,2026-09-19,09,quantile,0.5,14.0
2026-08-29,wk inc covid hosp,3,2026-09-19,09,quantile,0.55,14.0
2026-08-29,wk inc covid hosp,3,2026-09-19,09,quantile,0.6,15.0
2026-08-29,wk inc covid hosp,3,2026-09-19,09,quantile,0.65,17.0
2026-08-29,wk inc covid hosp,3,2026-09-19,09,quantile,0.7,18.0
2026-08-29,wk inc covid hosp,3,2026-09-19,09,quantile,0.75,19.0
2026-08-29,wk inc covid hosp,3,2026-09-19,09,quantile,0.8,20.0
2026-08-29,wk inc covid hosp,3,2026-09-19,09,quantile,0.85,21.0
2026-08-29,wk inc covid hosp,3,2026-09-19,09,quantile,0.9,21.0
2026-08-29,wk inc covid hosp,3,2026-09-19,09,quantile,0.95,24.0
2026-08-29,wk inc covid hosp,3,2026-09-19,09,quantile,0.975,31.0
2026-08-29,wk inc covid hosp,3,2026-09-19,09,quantile,0.99,46.0
2026-08-29,wk inc covid hosp,3,2026-09-19,10,quantile,0.01,0.0
2026-08-29,wk inc covid hosp,3,2026-09-19,10,quantile,0.025,0.0
2026-08-29,wk inc covid hosp,3,2026-09-19,10,quantile,0.05,1.0
2026-08-29,wk inc covid hosp,3,2026-09-19,10,quantile,0.1,1.0
2026-08-29,wk inc covid hosp,3,2026-09-19,10,quantile,0.15,1.0
2026-08-29,wk inc covid hosp,3,2026-09-19,10,quantile,0.2,2.0
2026-08-29,wk inc covid hosp,3,2026-09-19,10,quantile,0.25,2.0
2026-08-29,wk inc covid hosp,3,2026-09-19,10,quantile,0.3,3.0
2026-08-29,wk inc covid hosp,3,2026-09-19,10,quantile,0.35,3.0
2026-08-29,wk inc covid hosp,3,2026-09-19,10,quantile,0.4,3.0
2026-08-29,wk inc covid hosp,3,2026-09-19,10,quantile,0.45,3.0
2026-08-29,wk inc covid hosp,3,2026-09-19,10,quantile,0.5,3.0
2026-08-29,wk inc covid hosp,3,2026-09-19,10,quantile,0.55,4.0
2026-08-29,wk inc covid hosp,3,2026-09-19,10,quantile,0.6,4.0
2026-08-29,wk inc covid hosp,3,2026-09-19,10,quantile,0.65,4.0
2026-08-29,wk inc covid hosp,3,2026-09-19,10,quantile,0.7,4.0
2026-08-29,wk inc covid hosp,3,2026-09-19,10,quantile,0.75,5.0
2026-08-29,wk inc covid hosp,3,2026-09-19,10,quantile,0.8,5.0
2026-08-29,wk inc covid hosp,3,2026-09-19,10,quantile,0.85,5.0
2026-08-29,wk inc covid hosp,3,2026-09-19,10,quantile,0.9,6.0
2026-08-29,wk inc covid hosp,3,2026-09-19,10,quantile,0.95,9.0
2026-08-29,wk inc covid hosp,3,2026-09-19,10,quantile,0.975,13.0
2026-08-29,wk inc covid hosp,3,2026-09-19,10,quantile,0.99,16.0
2026-08-29,wk inc covid hosp,3,2026-09-19,11,quantile,0.01,0.0
2026-08-29,wk inc covid hosp,3,2026-09-19,11,quantile,0.025,0.0
2026-08-29,wk inc covid hosp,3,2026-09-19,11,quantile,0.05,1.0
2026-08-29,wk inc covid hosp,3,2026-09-19,11,quantile,0.1,1.0
2026-08-29,wk inc covid hosp,3,2026-09-19,11,quantile,0.15,2.0
2026-08-29,wk inc covid hosp,3,2026-09-19,11,quantile,0.2,2.0
2026-08-29,wk inc covid hosp,3,2026-09-19,11,quantile,0.25,3.0
2026-08-29,wk inc covid hosp,3,2026-09-19,11,quantile,0.3,3.0
2026-08-29,wk inc covid hosp,3,2026-09-19,11,quantile,0.35,4.0
2026-08-29,wk inc covid hosp,3,2026-09-19,11,quantile,0.4,4.0
2026-08-29,wk inc covid hosp,3,2026-09-19,11,quantile,0.45,4.0
2026-08-29,wk inc covid hosp,3,2026-09-19,11,quantile,0.5,5.0
2026-08-29,wk inc covid hosp,3,2026-09-19,11,quantile,0.55,5.0
2026-08-29,wk inc covid hosp,3,2026-09-19,11,quantile,0.6,6.0
2026-08-29,wk inc covid hosp,3,2026-09-19,11,quantile,0.65,7.0
2026-08-29,wk inc covid hosp,3,2026-09-19,11,quantile,0.7,7.0
2026-08-29,wk inc covid hosp,3,2026-09-19,11,quantile,0.75,8.0
2026-08-29,wk inc covid hosp,3,2026-09-19,11,quantile,0.8,8.0
2026-08-29,wk inc covid hosp,3,2026-09-19,11,quantile,0.85,9.0
2026-08-29,wk inc covid hosp,3,2026-09-19,11,quantile,0.9,9.0
2026-08-29,wk inc covid hosp,3,2026-09-19,11,quantile,0.95,15.0
2026-08-29,wk inc covid hosp,3,2026-09-19,11,quantile,0.975,17.0
2026-08-29,wk inc covid hosp,3,2026-09-19,11,quantile,0.99,17.0
2026-08-29,wk inc covid hosp,3,2026-09-19,12,quantile,0.01,96.0
2026-08-29,wk inc covid hosp,3,2026-09-19,12,quantile,0.025,132.0
2026-08-29,wk inc covid hosp,3,2026-09-19,12,quantile,0.05,151.0
2026-08-29,wk inc covid hosp,3,2026-09-19,12,quantile,0.1,182.0
2026-08-29,wk inc covid hosp,3,2026-09-19,12,quantile,0.15,218.0
2026-08-29,wk inc covid hosp,3,2026-09-19,12,quantile,0.2,236.0
2026-08-29,wk inc covid hosp,3,2026-09-19,12,quantile,0.25,251.0
2026-08-29,wk inc covid hosp,3,2026-09-19,12,quantile,0.3,265.0
2026-08-29,wk inc covid hosp,3,2026-09-19,12,quantile,0.35,270.0
2026-08-29,wk inc covid hosp,3,2026-09-19,12,quantile,0.4,285.0
2026-08-29,wk inc covid hosp,3,2026-09-19,12,quantile,0.45,301.0
2026-08-29,wk inc covid hosp,3,2026-09-19,12,quantile,0.5,325.0
2026-08-29,wk inc covid hosp,3,2026-09-19,12,quantile,0.55,332.0
2026-08-29,wk inc covid hosp,3,2026-09-19,12,quantile,0.6,333.0
2026-08-29,wk inc covid hosp,3,2026-09-19,12,quantile,0.65,340.0
2026-08-29,wk inc covid hosp,3,2026-09-19,12,quantile,0.7,385.0
2026-08-29,wk inc covid hosp,3,2026-09-19,12,quantile,0.75,400.0
2026-08-29,wk inc covid hosp,3,2026-09-19,12,quantile,0.8,417.0
2026-08-29,wk inc covid hosp,3,2026-09-19,12,quantile,0.85,438.0
2026-08-29,wk inc covid hosp,3,2026-09-19,12,quantile,0.9,496.0
2026-08-29,wk inc covid hosp,3,2026-09-19,12,quantile,0.95,652.0
2026-08-29,wk inc covid hosp,3,2026-09-19,12,quantile,0.975,755.0
2026-08-29,wk inc covid hosp,3,2026-09-19,12,quantile,0.99,824.0
2026-08-29,wk inc covid hosp,3,2026-09-19,13,quantile,0.01,33.0
2026-08-29,wk inc covid hosp,3,2026-09-19,13,quantile,0.025,46.0
2026-08-29,wk inc covid hosp,3,2026-09-19,13,quantile,0.05,53.0
2026-08-29,wk inc covid hosp,3,2026-09-19,13,quantile,0.1,65.0
2026-08-29,wk inc covid hosp,3,2026-09-19,13,quantile,0.15,78.0
2026-08-29,wk inc covid hosp,3,2026-09-19,13,quantile,0.2,80.0
2026-08-29,wk inc covid hosp,3,2026-09-19,13,quantile,0.25,93.0
2026-08-29,wk inc covid hosp,3,2026-09-19,13,quantile,0.3,93.0
2026-08-29,wk inc covid hosp,3,2026-09-19,13,quantile,0.35,93.0
2026-08-29,wk inc covid hosp,3,2026-09-19,13,quantile,0.4,95.0
2026-08-29,wk inc covid hosp,3,2026-09-19,13,quantile,0.45,97.0
2026-08-29,wk inc covid hosp,3,2026-09-19,13,quantile,0.5,99.0
2026-08-29,wk inc covid hosp,3,2026-09-19,13,quantile,0.55,109.0
2026-08-29,wk inc covid hosp,3,2026-09-19,13,quantile,0.6,111.0
2026-08-29,wk inc covid hosp,3,2026-09-19,13,quantile,0.65,118.0
2026-08-29,wk inc covid hosp,3,2026-09-19,13,quantile,0.7,118.0
2026-08-29,wk inc covid hosp,3,2026-09-19,13,quantile,0.75,120.0
2026-08-29,wk inc covid hosp,3,2026-09-19,13,quantile,0.8,122.0
2026-08-29,wk inc covid hosp,3,2026-09-19,13,quantile,0.85,124.0
2026-08-29,wk inc covid hosp,3,2026-09-19,13,quantile,0.9,131.0
2026-08-29,wk inc covid hosp,3,2026-09-19,13,quantile,0.95,178.0
2026-08-29,wk inc covid hosp,3,2026-09-19,13,quantile,0.975,201.0
2026-08-29,wk inc covid hosp,3,2026-09-19,13,quantile,0.99,219.0
2026-08-29,wk inc covid hosp,3,2026-09-19,15,quantile,0.01,5.0
2026-08-29,wk inc covid hosp,3,2026-09-19,15,quantile,0.025,6.0
2026-08-29,wk inc covid hosp,3,2026-09-19,15,quantile,0.05,6.0
2026-08-29,wk inc covid hosp,3,2026-09-19,15,quantile,0.1,8.0
2026-08-29,wk inc covid hosp,3,2026-09-19,15,quantile,0.15,12.0
2026-08-29,wk inc covid hosp,3,2026-09-19,15,quantile,0.2,13.0
2026-08-29,wk inc covid hosp,3,2026-09-19,15,quantile,0.25,14.0
2026-08-29,wk inc covid hosp,3,2026-09-19,15,quantile,0.3,17.0
2026-08-29,wk inc covid hosp,3,2026-09-19,15,quantile,0.35,17.0
2026-08-29,wk inc covid hosp,3,2026-09-19,15,quantile,0.4,18.0
2026-08-29,wk inc covid hosp,3,2026-09-19,15,quantile,0.45,20.0
2026-08-29,wk inc covid hosp,3,2026-09-19,15,quantile,0.5,20.0
2026-08-29,wk inc covid hosp,3,2026-09-19,15,quantile,0.55,21.0
2026-08-29,wk inc covid hosp,3,2026-09-19,15,quantile,0.6,22.0
2026-08-29,wk inc covid hosp,3,2026-09-19,15,quantile,0.65,23.0
2026-08-29,wk inc covid hosp,3,2026-09-19,15,quantile,0.7,28.0
2026-08-29,wk inc covid hosp,3,2026-09-19,15,quantile,0.75,29.0
2026-08-29,wk inc covid hosp,3,2026-09-19,15,quantile,0.8,31.0
2026-08-29,wk inc covid hosp,3,2026-09-19,15,quantile,0.85,33.0
2026-08-29,wk inc covid hosp,3,2026-09-19,15,quantile,0.9,35.0
2026-08-29,wk inc covid hosp,3,2026-09-19,15,quantile,0.95,46.0
2026-08-29,wk inc covid hosp,3,2026-09-19,15,quantile,0.975,50.0
2026-08-29,wk inc covid hosp,3,2026-09-19,15,quantile,0.99,53.0
2026-08-29,wk inc covid hosp,3,2026-09-19,16,quantile,0.01,0.0
2026-08-29,wk inc covid hosp,3,2026-09-19,16,quantile,0.025,1.0
2026-08-29,wk inc covid hosp,3,2026-09-19,16,quantile,0.05,1.0
2026-08-29,wk inc covid hosp,3,2026-09-19,16,quantile,0.1,3.0
2026-08-29,wk inc covid hosp,3,2026-09-19,16,quantile,0.15,3.0
2026-08-29,wk inc covid hosp,3,2026-09-19,16,quantile,0.2,3.0
2026-08-29,wk inc covid hosp,3,2026-09-19,16,quantile,0.25,3.0
2026-08-29,wk inc covid hosp,3,2026-09-19,16,quantile,0.3,3.0
2026-08-29,wk inc covid hosp,3,2026-09-19,16,quantile,0.35,3.0
2026-08-29,wk inc covid hosp,3,2026-09-19,16,quantile,0.4,4.0
2026-08-29,wk inc covid hosp,3,2026-09-19,16,quantile,0.45,4.0
2026-08-29,wk inc covid hosp,3,2026-09-19,16,quantile,0.5,5.0
2026-08-29,wk inc covid hosp,3,2026-09-19,16,quantile,0.55,5.0
2026-08-29,wk inc covid hosp,3,2026-09-19,16,quantile,0.6,6.0
2026-08-29,wk inc covid hosp,3,2026-09-19,16,quantile,0.65,6.0
2026-08-29,wk inc covid hosp,3,2026-09-19,16,quantile,0.7,7.0
2026-08-29,wk inc covid hosp,3,2026-09-19,16,quantile,0.75,7.0
2026-08-29,wk inc covid hosp,3,2026-09-19,16,quantile,0.8,8.0
2026-08-29,wk inc covid hosp,3,2026-09-19,16,quantile,0.85,8.0
2026-08-29,wk inc covid hosp,3,2026-09-19,16,quantile,0.9,10.0
2026-08-29,wk inc covid hosp,3,2026-09-19,16,quantile,0.95,11.0
2026-08-29,wk inc covid hosp,3,2026-09-19,16,quantile,0.975,14.0
2026-08-29,wk inc covid hosp,3,2026-09-19,16,quantile,0.99,22.0
2026-08-29,wk inc covid hosp,3,2026-09-19,17,quantile,0.01,15.0
2026-08-29,wk inc covid hosp,3,2026-09-19,17,quantile,0.025,22.0
2026-08-29,wk inc covid hosp,3,2026-09-19,17,quantile,0.05,23.0
2026-08-29,wk inc covid hosp,3,2026-09-19,17,quantile,0.1,33.0
2026-08-29,wk inc covid hosp,3,2026-09-19,17,quantile,0.15,33.0
2026-08-29,wk inc covid hosp,3,2026-09-19,17,quantile,0.2,36.0
2026-08-29,wk inc covid hosp,3,2026-09-19,17,quantile,0.25,39.0
2026-08-29,wk inc covid hosp,3,2026-09-19,17,quantile,0.3,39.0
2026-08-29,wk inc covid hosp,3,2026-09-19,17,quantile,0.35,43.0
2026-08-29,wk inc covid hosp,3,2026-09-19,17,quantile,0.4,43.0
2026-08-29,wk inc covid hosp,3,2026-09-19,17,quantile,0.45,44.0
2026-08-29,wk inc covid hosp,3,2026-09-19,17,quantile,0.5,45.0
2026-08-29,wk inc covid hosp,3,2026-09-19,17,quantile,0.55,47.0
2026-08-29,wk inc covid hosp,3,2026-09-19,17,quantile,0.6,48.0
2026-08-29,wk inc covid hosp,3,2026-09-19,17,quantile,0.65,49.0
2026-08-29,wk inc covid hosp,3,2026-09-19,17,quantile,0.7,51.0
2026-08-29,wk inc covid hosp,3,2026-09-19,17,quantile,0.75,56.0
2026-08-29,wk inc covid hosp,3,2026-09-19,17,quantile,0.8,62.0
2026-08-29,wk inc covid hosp,3,2026-09-19,17,quantile,0.85,65.0
2026-08-29,wk inc covid hosp,3,2026-09-19,17,quantile,0.9,72.0
2026-08-29,wk inc covid hosp,3,2026-09-19,17,quantile,0.95,101.0
2026-08-29,wk inc covid hosp,3,2026-09-19,17,quantile,0.975,116.0
2026-08-29,wk inc covid hosp,3,2026-09-19,17,quantile,0.99,167.0
2026-08-29,wk inc covid hosp,3,2026-09-19,18,quantile,0.01,4.0
2026-08-29,wk inc covid hosp,3,2026-09-19,18,quantile,0.025,6.0
2026-08-29,wk inc covid hosp,3,2026-09-19,18,quantile,0.05,9.0
2026-08-29,wk inc covid hosp,3,2026-09-19,18,quantile,0.1,10.0
2026-08-29,wk inc covid hosp,3,2026-09-19,18,quantile,0.15,12.0
2026-08-29,wk inc covid hosp,3,2026-09-19,18,quantile,0.2,14.0
2026-08-29,wk inc covid hosp,3,2026-09-19,18,quantile,0.25,15.0
2026-08-29,wk inc covid hosp,3,2026-09-19,18,quantile,0.3,18.0
2026-08-29,wk inc covid hosp,3,2026-09-19,18,quantile,0.35,18.0
2026-08-29,wk inc covid hosp,3,2026-09-19,18,quantile,0.4,20.0
2026-08-29,wk inc covid hosp,3,2026-09-19,18,quantile,0.45,21.0
2026-08-29,wk inc covid hosp,3,2026-09-19,18,quantile,0.5,21.0
2026-08-29,wk inc covid hosp,3,2026-09-19,18,quantile,0.55,21.0
2026-08-29,wk inc covid hosp,3,2026-09-19,18,quantile,0.6,21.0
2026-08-29,wk inc covid hosp,3,2026-09-19,18,quantile,0.65,22.0
2026-08-29,wk inc covid hosp,3,2026-09-19,18,quantile,0.7,22.0
2026-08-29,wk inc covid hosp,3,2026-09-19,18,quantile,0.75,23.0
2026-08-29,wk inc covid hosp,3,2026-09-19,18,quantile,0.8,24.0
2026-08-29,wk inc covid hosp,3,2026-09-19,18,quantile,0.85,26.0
2026-08-29,wk inc covid hosp,3,2026-09-19,18,quantile,0.9,30.0
2026-08-29,wk inc covid hosp,3,2026-09-19,18,quantile,0.95,39.0
2026-08-29,wk inc covid hosp,3,2026-09-19,18,quantile,0.975,51.0
2026-08-29,wk inc covid hosp,3,2026-09-19,18,quantile,0.99,84.0
2026-08-29,wk inc covid hosp,3,2026-09-19,19,quantile,0.01,1.0
2026-08-29,wk inc covid hosp,3,2026-09-19,19,quantile,0.025,2.0
2026-08-29,wk inc covid hosp,3,2026-09-19,19,quantile,0.05,3.0
2026-08-29,wk inc covid hosp,3,2026-09-19,19,quantile,0.1,3.0
2026-08-29,wk inc covid hosp,3,2026-09-19,19,quantile,0.15,4.0
2026-08-29,wk inc covid hosp,3,2026-09-19,19,quantile,0.2,4.0
2026-08-29,wk inc covid hosp,3,2026-09-19,19,quantile,0.25,5.0
2026-08-29,wk inc covid hosp,3,2026-09-19,19,quantile,0.3,6.0
2026-08-29,wk inc covid hosp,3,2026-09-19,19,quantile,0.35,6.0
2026-08-29,wk inc covid hosp,3,2026-09-19,19,quantile,0.4,7.0
2026-08-29,wk inc covid hosp,3,2026-09-19,19,quantile,0.45,7.0
2026-08-29,wk inc covid hosp,3,2026-09-19,19,quantile,0.5,7.0
2026-08-29,wk inc covid hosp,3,2026-09-19,19,quantile,0.55,8.0
2026-08-29,wk inc covid hosp,3,2026-09-19,19,quantile,0.6,8.0
2026-08-29,wk inc covid hosp,3,2026-09-19,19,quantile,0.65,8.0
2026-08-29,wk inc covid hosp,3,2026-09-19,19,quantile,0.7,9.0
2026-08-29,wk inc covid hosp,3,2026-09-19,19,quantile,0.75,9.0
2026-08-29,wk inc covid hosp,3,2026-09-19,19,quantile,0.8,11.0
2026-08-29,wk inc covid hosp,3,2026-09-19,19,quantile,0.85,11.0
2026-08-29,wk inc covid hosp,3,2026-09-19,19,quantile,0.9,12.0
2026-08-29,wk inc covid hosp,3,2026-09-19,19,quantile,0.95,17.0
2026-08-29,wk inc covid hosp,3,2026-09-19,19,quantile,0.975,24.0
2026-08-29,wk inc covid hosp,3,2026-09-19,19,quantile,0.99,37.0
2026-08-29,wk inc covid hosp,3,2026-09-19,20,quantile,0.01,1.0
2026-08-29,wk inc covid hosp,3,2026-09-19,20,quantile,0.025,3.0
2026-08-29,wk inc covid hosp,3,2026-09-19,20,quantile,0.05,4.0
2026-08-29,wk inc covid hosp,3,2026-09-19,20,quantile,0.1,5.0
2026-08-29,wk inc covid hosp,3,2026-09-19,20,quantile,0.15,7.0
2026-08-29,wk inc covid hosp,3,2026-09-19,20,quantile,0.2,7.0
2026-08-29,wk inc covid hosp,3,2026-09-19,20,quantile,0.25,7.0
2026-08-29,wk inc covid hosp,3,2026-09-19,20,quantile,0.3,8.0
2026-08-29,wk inc covid hosp,3,2026-09-19,20,quantile,0.35,8.0
2026-08-29,wk inc covid hosp,3,2026-09-19,20,quantile,0.4,9.0
2026-08-29,wk inc covid hosp,3,2026-09-19,20,quantile,0.45,9.0
2026-08-29,wk inc covid hosp,3,2026-09-19,20,quantile,0.5,11.0
2026-08-29,wk inc covid hosp,3,2026-09-19,20,quantile,0.55,11.0
2026-08-29,wk inc covid hosp,3,2026-09-19,20,quantile,0.6,11.0
2026-08-29,wk inc covid hosp,3,2026-09-19,20,quantile,0.65,11.0
2026-08-29,wk inc covid hosp,3,2026-09-19,20,quantile,0.7,11.0
2026-08-29,wk inc covid hosp,3,2026-09-19,20,quantile,0.75,12.0
2026-08-29,wk inc covid hosp,3,2026-09-19,20,quantile,0.8,13.0
2026-08-29,wk inc covid hosp,3,2026-09-19,20,quantile,0.85,14.0
2026-08-29,wk inc covid hosp,3,2026-09-19,20,quantile,0.9,14.0
2026-08-29,wk inc covid hosp,3,2026-09-19,20,quantile,0.95,18.0
2026-08-29,wk inc covid hosp,3,2026-09-19,20,quantile,0.975,23.0
2026-08-29,wk inc covid hosp,3,2026-09-19,20,quantile,0.99,32.0
2026-08-29,wk inc covid hosp,3,2026-09-19,21,quantile,0.01,4.0
2026-08-29,wk inc covid hosp,3,2026-09-19,21,quantile,0.025,7.0
2026-08-29,wk inc covid hosp,3,2026-09-19,21,quantile,0.05,8.0
2026-08-29,wk inc covid hosp,3,2026-09-19,21,quantile,0.1,11.0
2026-08-29,wk inc covid hosp,3,2026-09-19,21,quantile,0.15,12.0
2026-08-29,wk inc covid hosp,3,2026-09-19,21,quantile,0.2,13.0
2026-08-29,wk inc covid hosp,3,2026-09-19,21,quantile,0.25,15.0
2026-08-29,wk inc covid hosp,3,2026-09-19,21,quantile,0.3,15.0
2026-08-29,wk inc covid hosp,3,2026-09-19,21,quantile,0.35,16.0
2026-08-29,wk inc covid hosp,3,2026-09-19,21,quantile,0.4,17.0
2026-08-29,wk inc covid hosp,3,2026-09-19,21,quantile,0.45,17.0
2026-08-29,wk inc covid hosp,3,2026-09-19,21,quantile,0.5,18.0
2026-08-29,wk inc covid hosp,3,2026-09-19,21,quantile,0.55,20.0
2026-08-29,wk inc covid hosp,3,2026-09-19,21,quantile,0.6,20.0
2026-08-29,wk inc covid hosp,3,2026-09-19,21,quantile,0.65,20.0
2026-08-29,wk inc covid hosp,3,2026-09-19,21,quantile,0.7,21.0
2026-08-29,wk inc covid hosp,3,2026-09-19,21,quantile,0.75,24.0
2026-08-29,wk inc covid hosp,3,2026-09-19,21,quantile,0.8,24.0
2026-08-29,wk inc covid hosp,3,2026-09-19,21,quantile,0.85,25.0
2026-08-29,wk inc covid hosp,3,2026-09-19,21,quantile,0.9,28.0
2026-08-29,wk inc covid hosp,3,2026-09-19,21,quantile,0.95,36.0
2026-08-29,wk inc covid hosp,3,2026-09-19,21,quantile,0.975,42.0
2026-08-29,wk inc covid hosp,3,2026-09-19,21,quantile,0.99,58.0
2026-08-29,wk inc covid hosp,3,2026-09-19,22,quantile,0.01,16.0
2026-08-29,wk inc covid hosp,3,2026-09-19,22,quantile,0.025,22.0
2026-08-29,wk inc covid hosp,3,2026-09-19,22,quantile,0.05,27.0
2026-08-29,wk inc covid hosp,3,2026-09-19,22,quantile,0.1,37.0
2026-08-29,wk inc covid hosp,3,2026-09-19,22,quantile,0.15,40.0
2026-08-29,wk inc covid hosp,3,2026-09-19,22,quantile,0.2,45.0
2026-08-29,wk inc covid hosp,3,2026-09-19,22,quantile,0.25,52.0
2026-08-29,wk inc covid hosp,3,2026-09-19,22,quantile,0.3,56.0
2026-08-29,wk inc covid hosp,3,2026-09-19,22,quantile,0.35,57.0
2026-08-29,wk inc covid hosp,3,2026-09-19,22,quantile,0.4,59.0
2026-08-29,wk inc covid hosp,3,2026-09-19,22,quantile,0.45,59.0
2026-08-29,wk inc covid hosp,3,2026-09-19,22,quantile,0.5,66.0
2026-08-29,wk inc covid hosp,3,2026-09-19,22,quantile,0.55,68.0
2026-08-29,wk inc covid hosp,3,2026-09-19,22,quantile,0.6,69.0
2026-08-29,wk inc covid hosp,3,2026-09-19,22,quantile,0.65,69.0
2026-08-29,wk inc covid hosp,3,2026-09-19,22,quantile,0.7,70.0
2026-08-29,wk inc covid hosp,3,2026-09-19,22,quantile,0.75,73.0
2026-08-29,wk inc covid hosp,3,2026-09-19,22,quantile,0.8,75.0
2026-08-29,wk inc covid hosp,3,2026-09-19,22,quantile,0.85,76.0
2026-08-29,wk inc covid hosp,3,2026-09-19,22,quantile,0.9,84.0
2026-08-29,wk inc covid hosp,3,2026-09-19,22,quantile,0.95,110.0
2026-08-29,wk inc covid hosp,3,2026-09-19,22,quantile,0.975,131.0
2026-08-29,wk inc covid hosp,3,2026-09-19,22,quantile,0.99,143.0
2026-08-29,wk inc covid hosp,3,2026-09-19,23,quantile,0.01,0.0
2026-08-29,wk inc covid hosp,3,2026-09-19,23,quantile,0.025,0.0
2026-08-29,wk inc covid hosp,3,2026-09-19,23,quantile,0.05,1.0
2026-08-29,wk inc covid hosp,3,2026-09-19,23,quantile,0.1,1.0
2026-08-29,wk inc covid hosp,3,2026-09-19,23,quantile,0.15,1.0
2026-08-29,wk inc covid hosp,3,2026-09-19,23,quantile,0.2,1.0
2026-08-29,wk inc covid hosp,3,2026-09-19,23,quantile,0.25,1.0
2026-08-29,wk inc covid hosp,3,2026-09-19,23,quantile,0.3,1.0
2026-08-29,wk inc covid hosp,3,2026-09-19,23,quantile,0.35,1.0
2026-08-29,wk inc covid hosp,3,2026-09-19,23,quantile,0.4,2.0
2026-08-29,wk inc covid hosp,3,2026-09-19,23,quantile,0.45,2.0
2026-08-29,wk inc covid hosp,3,2026-09-19,23,quantile,0.5,2.0
2026-08-29,wk inc covid hosp,3,2026-09-19,23,quantile,0.55,3.0
2026-08-29,wk inc covid hosp,3,2026-09-19,23,quantile,0.6,3.0
2026-08-29,wk inc covid hosp,3,2026-09-19,23,quantile,0.65,3.0
2026-08-29,wk inc covid hosp,3,2026-09-19,23,quantile,0.7,3.0
2026-08-29,wk inc covid hosp,3,2026-09-19,23,quantile,0.75,3.0
2026-08-29,wk inc covid hosp,3,2026-09-19,23,quantile,0.8,4.0
2026-08-29,wk inc covid hosp,3,2026-09-19,23,quantile,0.85,4.0
2026-08-29,wk inc covid hosp,3,2026-09-19,23,quantile,0.9,5.0
2026-08-29,wk inc covid hosp,3,2026-09-19,23,quantile,0.95,8.0
2026-08-29,wk inc covid hosp,3,2026-09-19,23,quantile,0.975,13.0
2026-08-29,wk inc covid hosp,3,2026-09-19,23,quantile,0.99,23.0
2026-08-29,wk inc covid hosp,3,2026-09-19,24,quantile,0.01,4.0
2026-08-29,wk inc covid hosp,3,2026-09-19,24,quantile,0.025,6.0
2026-08-29,wk inc covid hosp,3,2026-09-19,24,quantile,0.05,8.0
2026-08-29,wk inc covid hosp,3,2026-09-19,24,quantile,0.1,9.0
2026-08-29,wk inc covid hosp,3,2026-09-19,24,quantile,0.15,9.0
2026-08-29,wk inc covid hosp,3,2026-09-19,24,quantile,0.2,12.0
2026-08-29,wk inc covid hosp,3,2026-09-19,24,quantile,0.25,13.0
2026-08-29,wk inc covid hosp,3,2026-09-19,24,quantile,0.3,15.0
2026-08-29,wk inc covid hosp,3,2026-09-19,24,quantile,0.35,17.0
2026-08-29,wk inc covid hosp,3,2026-09-19,24,quantile,0.4,19.0
2026-08-29,wk inc covid hosp,3,2026-09-19,24,quantile,0.45,19.0
2026-08-29,wk inc covid hosp,3,2026-09-19,24,quantile,0.5,20.0
2026-08-29,wk inc covid hosp,3,2026-09-19,24,quantile,0.55,21.0
2026-08-29,wk inc covid hosp,3,2026-09-19,24,quantile,0.6,21.0
2026-08-29,wk inc covid hosp,3,2026-09-19,24,quantile,0.65,24.0
2026-08-29,wk inc covid hosp,3,2026-09-19,24,quantile,0.7,25.0
2026-08-29,wk inc covid hosp,3,2026-09-19,24,quantile,0.75,27.0
2026-08-29,wk inc covid hosp,3,2026-09-19,24,quantile,0.8,28.0
2026-08-29,wk inc covid hosp,3,2026-09-19,24,quantile,0.85,29.0
2026-08-29,wk inc covid hosp,3,2026-09-19,24,quantile,0.9,29.0
2026-08-29,wk inc covid hosp,3,2026-09-19,24,quantile,0.95,43.0
2026-08-29,wk inc covid hosp,3,2026-09-19,24,quantile,0.975,55.0
2026-08-29,wk inc covid hosp,3,2026-09-19,24,quantile,0.99,81.0
2026-08-29,wk inc covid hosp,3,2026-09-19,25,quantile,0.01,6.0
2026-08-29,wk inc covid hosp,3,2026-09-19,25,quantile,0.025,11.0
2026-08-29,wk inc covid hosp,3,2026-09-19,25,quantile,0.05,12.0
2026-08-29,wk inc covid hosp,3,2026-09-19,25,quantile,0.1,19.0
2026-08-29,wk inc covid hosp,3,2026-09-19,25,quantile,0.15,22.0
2026-08-29,wk inc covid hosp,3,2026-09-19,25,quantile,0.2,25.0
2026-08-29,wk inc covid hosp,3,2026-09-19,25,quantile,0.25,26.0
2026-08-29,wk inc covid hosp,3,2026-09-19,25,quantile,0.3,29.0
2026-08-29,wk inc covid hosp,3,2026-09-19,25,quantile,0.35,31.0
2026-08-29,wk inc covid hosp,3,2026-09-19,25,quantile,0.4,32.0
2026-08-29,wk inc covid hosp,3,2026-09-19,25,quantile,0.45,32.0
2026-08-29,wk inc covid hosp,3,2026-09-19,25,quantile,0.5,34.0
2026-08-29,wk inc covid hosp,3,2026-09-19,25,quantile,0.55,37.0
2026-08-29,wk inc covid hosp,3,2026-09-19,25,quantile,0.6,37.0
2026-08-29,wk inc covid hosp,3,2026-09-19,25,quantile,0.65,41.0
2026-08-29,wk inc covid hosp,3,2026-09-19,25,quantile,0.7,42.0
2026-08-29,wk inc covid hosp,3,2026-09-19,25,quantile,0.75,45.0
2026-08-29,wk inc covid hosp,3,2026-09-19,25,quantile,0.8,49.0
2026-08-29,wk inc covid hosp,3,2026-09-19,25,quantile,0.85,50.0
2026-08-29,wk inc covid hosp,3,2026-09-19,25,quantile,0.9,53.0
2026-08-29,wk inc covid hosp,3,2026-09-19,25,quantile,0.95,71.0
2026-08-29,wk inc covid hosp,3,2026-09-19,25,quantile,0.975,73.0
2026-08-29,wk inc covid hosp,3,2026-09-19,25,quantile,0.99,100.0
2026-08-29,wk inc covid hosp,3,2026-09-19,26,quantile,0.01,15.0
2026-08-29,wk inc covid hosp,3,2026-09-19,26,quantile,0.025,22.0
2026-08-29,wk inc covid hosp,3,2026-09-19,26,quantile,0.05,24.0
2026-08-29,wk inc covid hosp,3,2026-09-19,26,quantile,0.1,32.0
2026-08-29,wk inc covid hosp,3,2026-09-19,26,quantile,0.15,42.0
2026-08-29,wk inc covid hosp,3,2026-09-19,26,quantile,0.2,45.0
2026-08-29,wk inc covid hosp,3,2026-09-19,26,quantile,0.25,67.0
2026-08-29,wk inc covid hosp,3,2026-09-19,26,quantile,0.3,81.0
2026-08-29,wk inc covid hosp,3,2026-09-19,26,quantile,0.35,88.0
2026-08-29,wk inc covid hosp,3,2026-09-19,26,quantile,0.4,89.0
2026-08-29,wk inc covid hosp,3,2026-09-19,26,quantile,0.45,100.0
2026-08-29,wk inc covid hosp,3,2026-09-19,26,quantile,0.5,102.0
2026-08-29,wk inc covid hosp,3,2026-09-19,26,quantile,0.55,102.0
2026-08-29,wk inc covid hosp,3,2026-09-19,26,quantile,0.6,104.0
2026-08-29,wk inc covid hosp,3,2026-09-19,26,quantile,0.65,107.0
2026-08-29,wk inc covid hosp,3,2026-09-19,26,quantile,0.7,107.0
2026-08-29,wk inc covid hosp,3,2026-09-19,26,quantile,0.75,118.0
2026-08-29,wk inc covid hosp,3,2026-09-19,26,quantile,0.8,122.0
2026-08-29,wk inc covid hosp,3,2026-09-19,26,quantile,0.85,130.0
2026-08-29,wk inc covid hosp,3,2026-09-19,26,quantile,0.9,146.0
2026-08-29,wk inc covid hosp,3,2026-09-19,26,quantile,0.95,179.0
2026-08-29,wk inc covid hosp,3,2026-09-19,26,quantile,0.975,219.0
2026-08-29,wk inc covid hosp,3,2026-09-19,26,quantile,0.99,258.0
2026-08-29,wk inc covid hosp,3,2026-09-19,27,quantile,0.01,3.0
2026-08-29,wk inc covid hosp,3,2026-09-19,27,quantile,0.025,6.0
2026-08-29,wk inc covid hosp,3,2026-09-19,27,quantile,0.05,7.0
2026-08-29,wk inc covid hosp,3,2026-09-19,27,quantile,0.1,9.0
2026-08-29,wk inc covid hosp,3,2026-09-19,27,quantile,0.15,11.0
2026-08-29,wk inc covid hosp,3,2026-09-19,27,quantile,0.2,11.0
2026-08-29,wk inc covid hosp,3,2026-09-19,27,quantile,0.25,12.0
2026-08-29,wk inc covid hosp,3,2026-09-19,27,quantile,0.3,13.0
2026-08-29,wk inc covid hosp,3,2026-09-19,27,quantile,0.35,13.0
2026-08-29,wk inc covid hosp,3,2026-09-19,27,quantile,0.4,14.0
2026-08-29,wk inc covid hosp,3,2026-09-19,27,quantile,0.45,14.0
2026-08-29,wk inc covid hosp,3,2026-09-19,27,quantile,0.5,14.0
2026-08-29,wk inc covid hosp,3,2026-09-19,27,quantile,0.55,15.0
2026-08-29,wk inc covid hosp,3,2026-09-19,27,quantile,0.6,15.0
2026-08-29,wk inc covid hosp,3,2026-09-19,27,quantile,0.65,17.0
2026-08-29,wk inc covid hosp,3,2026-09-19,27,quantile,0.7,18.0
2026-08-29,wk inc covid hosp,3,2026-09-19,27,quantile,0.75,18.0
2026-08-29,wk inc covid hosp,3,2026-09-19,27,quantile,0.8,22.0
2026-08-29,wk inc covid hosp,3,2026-09-19,27,quantile,0.85,22.0
2026-08-29,wk inc covid hosp,3,2026-09-19,27,quantile,0.9,23.0
2026-08-29,wk inc covid hosp,3,2026-09-19,27,quantile,0.95,31.0
2026-08-29,wk inc covid hosp,3,2026-09-19,27,quantile,0.975,40.0
2026-08-29,wk inc covid hosp,3,2026-09-19,27,quantile,0.99,63.0
2026-08-29,wk inc covid hosp,3,2026-09-19,28,quantile,0.01,6.0
2026-08-29,wk inc covid hosp,3,2026-09-19,28,quantile,0.025,8.0
2026-08-29,wk inc covid hosp,3,2026-09-19,28,quantile,0.05,11.0
2026-08-29,wk inc covid hosp,3,2026-09-19,28,quantile,0.1,18.0
2026-08-29,wk inc covid hosp,3,2026-09-19,28,quantile,0.15,24.0
2026-08-29,wk inc covid hosp,3,2026-09-19,28,quantile,0.2,25.0
2026-08-29,wk inc covid hosp,3,2026-09-19,28,quantile,0.25,30.0
2026-08-29,wk inc covid hosp,3,2026-09-19,28,quantile,0.3,33.0
2026-08-29,wk inc covid hosp,3,2026-09-19,28,quantile,0.35,33.0
2026-08-29,wk inc covid hosp,3,2026-09-19,28,quantile,0.4,34.0
2026-08-29,wk inc covid hosp,3,2026-09-19,28,quantile,0.45,38.0
2026-08-29,wk inc covid hosp,3,2026-09-19,28,quantile,0.5,41.0
2026-08-29,wk inc covid hosp,3,2026-09-19,28,quantile,0.55,41.0
2026-08-29,wk inc covid hosp,3,2026-09-19,28,quantile,0.6,42.0
2026-08-29,wk inc covid hosp,3,2026-09-19,28,quantile,0.65,42.0
2026-08-29,wk inc covid hosp,3,2026-09-19,28,quantile,0.7,42.0
2026-08-29,wk inc covid hosp,3,2026-09-19,28,quantile,0.75,43.0
2026-08-29,wk inc covid hosp,3,2026-09-19,28,quantile,0.8,44.0
2026-08-29,wk inc covid hosp,3,2026-09-19,28,quantile,0.85,44.0
2026-08-29,wk inc covid hosp,3,2026-09-19,28,quantile,0.9,48.0
2026-08-29,wk inc covid hosp,3,2026-09-19,28,quantile,0.95,62.0
2026-08-29,wk inc covid hosp,3,2026-09-19,28,quantile,0.975,82.0
2026-08-29,wk inc covid hosp,3,2026-09-19,28,quantile,0.99,85.0
2026-08-29,wk inc covid hosp,3,2026-09-19,29,quantile,0.01,5.0
2026-08-29,wk inc covid hosp,3,2026-09-19,29,quantile,0.025,7.0
2026-08-29,wk inc covid hosp,3,2026-09-19,29,quantile,0.05,9.0
2026-08-29,wk inc covid hosp,3,2026-09-19,29,quantile,0.1,11.0
2026-08-29,wk inc covid hosp,3,2026-09-19,29,quantile,0.15,13.0
2026-08-29,wk inc covid hosp,3,2026-09-19,29,quantile,0.2,15.0
2026-08-29,wk inc covid hosp,3,2026-09-19,29,quantile,0.25,15.0
2026-08-29,wk inc covid hosp,3,2026-09-19,29,quantile,0.3,17.0
2026-08-29,wk inc covid hosp,3,2026-09-19,29,quantile,0.35,17.0
2026-08-29,wk inc covid hosp,3,2026-09-19,29,quantile,0.4,17.0
2026-08-29,wk inc covid hosp,3,2026-09-19,29,quantile,0.45,19.0
2026-08-29,wk inc covid hosp,3,2026-09-19,29,quantile,0.5,20.0
2026-08-29,wk inc covid hosp,3,2026-09-19,29,quantile,0.55,20.0
2026-08-29,wk inc covid hosp,3,2026-09-19,29,quantile,0.6,21.0
2026-08-29,wk inc covid hosp,3,2026-09-19,29,quantile,0.65,22.0
2026-08-29,wk inc covid hosp,3,2026-09-19,29,quantile,0.7,23.0
2026-08-29,wk inc covid hosp,3,2026-09-19,29,quantile,0.75,24.0
2026-08-29,wk inc covid hosp,3,2026-09-19,29,quantile,0.8,26.0
2026-08-29,wk inc covid hosp,3,2026-09-19,29,quantile,0.85,28.0
2026-08-29,wk inc covid hosp,3,2026-09-19,29,quantile,0.9,32.0
2026-08-29,wk inc covid hosp,3,2026-09-19,29,quantile,0.95,41.0
2026-08-29,wk inc covid hosp,3,2026-09-19,29,quantile,0.975,51.0
2026-08-29,wk inc covid hosp,3,2026-09-19,29,quantile,0.99,80.0
2026-08-29,wk inc covid hosp,3,2026-09-19,30,quantile,0.01,0.0
2026-08-29,wk inc covid hosp,3,2026-09-19,30,quantile,0.025,0.0
2026-08-29,wk inc covid hosp,3,2026-09-19,30,quantile,0.05,0.0
2026-08-29,wk inc covid hosp,3,2026-09-19,30,quantile,0.1,1.0
2026-08-29,wk inc covid hosp,3,2026-09-19,30,quantile,0.15,1.0
2026-08-29,wk inc covid hosp,3,2026-09-19,30,quantile,0.2,2.0
2026-08-29,wk inc covid hosp,3,2026-09-19,30,quantile,0.25,2.0
2026-08-29,wk inc covid hosp,3,2026-09-19,30,quantile,0.3,2.0
2026-08-29,wk inc covid hosp,3,2026-09-19,30,quantile,0.35,2.0
2026-08-29,wk inc covid hosp,3,2026-09-19,30,quantile,0.4,2.0
2026-08-29,wk inc covid hosp,3,2026-09-19,30,quantile,0.45,3.0
2026-08-29,wk inc covid hosp,3,2026-09-19,30,quantile,0.5,3.0
2026-08-29,wk inc covid hosp,3,2026-09-19,30,quantile,0.55,3.0
2026-08-29,wk inc covid hosp,3,2026-09-19,30,quantile,0.6,3.0
2026-08-29,wk inc covid hosp,3,2026-09-19,30,quantile,0.65,3.0
2026-08-29,wk inc covid hosp,3,2026-09-19,30,quantile,0.7,4.0
2026-08-29,wk inc covid hosp,3,2026-09-19,30,quantile,0.75,4.0
2026-08-29,wk inc covid hosp,3,2026-09-19,30,quantile,0.8,4.0
2026-08-29,wk inc covid hosp,3,2026-09-19,30,quantile,0.85,5.0
2026-08-29,wk inc covid hosp,3,2026-09-19,30,quantile,0.9,6.0
2026-08-29,wk inc covid hosp,3,2026-09-19,30,quantile,0.95,7.0
2026-08-29,wk inc covid hosp,3,2026-09-19,30,quantile,0.975,9.0
2026-08-29,wk inc covid hosp,3,2026-09-19,30,quantile,0.99,12.0
2026-08-29,wk inc covid hosp,3,2026-09-19,31,quantile,0.01,0.0
2026-08-29,wk inc covid hosp,3,2026-09-19,31,quantile,0.025,1.0
2026-08-29,wk inc covid hosp,3,2026-09-19,31,quantile,0.05,1.0
2026-08-29,wk inc covid hosp,3,2026-09-19,31,quantile,0.1,2.0
2026-08-29,wk inc covid hosp,3,2026-09-19,31,quantile,0.15,3.0
2026-08-29,wk inc covid hosp,3,2026-09-19,31,quantile,0.2,3.0
2026-08-29,wk inc covid hosp,3,2026-09-19,31,quantile,0.25,3.0
2026-08-29,wk inc covid hosp,3,2026-09-19,31,quantile,0.3,3.0
2026-08-29,wk inc covid hosp,3,2026-09-19,31,quantile,0.35,3.0
2026-08-29,wk inc covid hosp,3,2026-09-19,31,quantile,0.4,4.0
2026-08-29,wk inc covid hosp,3,2026-09-19,31,quantile,0.45,4.0
2026-08-29,wk inc covid hosp,3,2026-09-19,31,quantile,0.5,4.0
2026-08-29,wk inc covid hosp,3,2026-09-19,31,quantile,0.55,4.0
2026-08-29,wk inc covid hosp,3,2026-09-19,31,quantile,0.6,5.0
2026-08-29,wk inc covid hosp,3,2026-09-19,31,quantile,0.65,5.0
2026-08-29,wk inc covid hosp,3,2026-09-19,31,quantile,0.7,6.0
2026-08-29,wk inc covid hosp,3,2026-09-19,31,quantile,0.75,7.0
2026-08-29,wk inc covid hosp,3,2026-09-19,31,quantile,0.8,8.0
2026-08-29,wk inc covid hosp,3,2026-09-19,31,quantile,0.85,9.0
2026-08-29,wk inc covid hosp,3,2026-09-19,31,quantile,0.9,9.0
2026-08-29,wk inc covid hosp,3,2026-09-19,31,quantile,0.95,12.0
2026-08-29,wk inc covid hosp,3,2026-09-19,31,quantile,0.975,19.0
2026-08-29,wk inc covid hosp,3,2026-09-19,31,quantile,0.99,25.0
2026-08-29,wk inc covid hosp,3,2026-09-19,32,quantile,0.01,2.0
2026-08-29,wk inc covid hosp,3,2026-09-19,32,quantile,0.025,4.0
2026-08-29,wk inc covid hosp,3,2026-09-19,32,quantile,0.05,6.0
2026-08-29,wk inc covid hosp,3,2026-09-19,32,quantile,0.1,9.0
2026-08-29,wk inc covid hosp,3,2026-09-19,32,quantile,0.15,11.0
2026-08-29,wk inc covid hosp,3,2026-09-19,32,quantile,0.2,13.0
2026-08-29,wk inc covid hosp,3,2026-09-19,32,quantile,0.25,14.0
2026-08-29,wk inc covid hosp,3,2026-09-19,32,quantile,0.3,14.0
2026-08-29,wk inc covid hosp,3,2026-09-19,32,quantile,0.35,14.0
2026-08-29,wk inc covid hosp,3,2026-09-19,32,quantile,0.4,14.0
2026-08-29,wk inc covid hosp,3,2026-09-19,32,quantile,0.45,14.0
2026-08-29,wk inc covid hosp,3,2026-09-19,32,quantile,0.5,15.0
2026-08-29,wk inc covid hosp,3,2026-09-19,32,quantile,0.55,17.0
2026-08-29,wk inc covid hosp,3,2026-09-19,32,quantile,0.6,17.0
2026-08-29,wk inc covid hosp,3,2026-09-19,32,quantile,0.65,21.0
2026-08-29,wk inc covid hosp,3,2026-09-19,32,quantile,0.7,22.0
2026-08-29,wk inc covid hosp,3,2026-09-19,32,quantile,0.75,22.0
2026-08-29,wk inc covid hosp,3,2026-09-19,32,quantile,0.8,23.0
2026-08-29,wk inc covid hosp,3,2026-09-19,32,quantile,0.85,24.0
2026-08-29,wk inc covid hosp,3,2026-09-19,32,quantile,0.9,26.0
2026-08-29,wk inc covid hosp,3,2026-09-19,32,quantile,0.95,27.0
2026-08-29,wk inc covid hosp,3,2026-09-19,32,quantile,0.975,32.0
2026-08-29,wk inc covid hosp,3,2026-09-19,32,quantile,0.99,42.0
2026-08-29,wk inc covid hosp,3,2026-09-19,33,quantile,0.01,0.0
2026-08-29,wk inc covid hosp,3,2026-09-19,33,quantile,0.025,2.0
2026-08-29,wk inc covid hosp,3,2026-09-19,33,quantile,0.05,2.0
2026-08-29,wk inc covid hosp,3,2026-09-19,33,quantile,0.1,3.0
2026-08-29,wk inc covid hosp,3,2026-09-19,33,quantile,0.15,3.0
2026-08-29,wk inc covid hosp,3,2026-09-19,33,quantile,0.2,4.0
2026-08-29,wk inc covid hosp,3,2026-09-19,33,quantile,0.25,4.0
2026-08-29,wk inc covid hosp,3,2026-09-19,33,quantile,0.3,4.0
2026-08-29,wk inc covid hosp,3,2026-09-19,33,quantile,0.35,4.0
2026-08-29,wk inc covid hosp,3,2026-09-19,33,quantile,0.4,5.0
2026-08-29,wk inc covid hosp,3,2026-09-19,33,quantile,0.45,5.0
2026-08-29,wk inc covid hosp,3,2026-09-19,33,quantile,0.5,6.0
2026-08-29,wk inc covid hosp,3,2026-09-19,33,quantile,0.55,7.0
2026-08-29,wk inc covid hosp,3,2026-09-19,33,quantile,0.6,7.0
2026-08-29,wk inc covid hosp,3,2026-09-19,33,quantile,0.65,7.0
2026-08-29,wk inc covid hosp,3,2026-09-19,33,quantile,0.7,7.0
2026-08-29,wk inc covid hosp,3,2026-09-19,33,quantile,0.75,9.0
2026-08-29,wk inc covid hosp,3,2026-09-19,33,quantile,0.8,9.0
2026-08-29,wk inc covid hosp,3,2026-09-19,33,quantile,0.85,9.0
2026-08-29,wk inc covid hosp,3,2026-09-19,33,quantile,0.9,9.0
2026-08-29,wk inc covid hosp,3,2026-09-19,33,quantile,0.95,11.0
2026-08-29,wk inc covid hosp,3,2026-09-19,33,quantile,0.975,13.0
2026-08-29,wk inc covid hosp,3,2026-09-19,33,quantile,0.99,18.0
2026-08-29,wk inc covid hosp,3,2026-09-19,34,quantile,0.01,23.0
2026-08-29,wk inc covid hosp,3,2026-09-19,34,quantile,0.025,36.0
2026-08-29,wk inc covid hosp,3,2026-09-19,34,quantile,0.05,40.0
2026-08-29,wk inc covid hosp,3,2026-09-19,34,quantile,0.1,53.0
2026-08-29,wk inc covid hosp,3,2026-09-19,34,quantile,0.15,59.0
2026-08-29,wk inc covid hosp,3,2026-09-19,34,quantile,0.2,68.0
2026-08-29,wk inc covid hosp,3,2026-09-19,34,quantile,0.25,78.0
2026-08-29,wk inc covid hosp,3,2026-09-19,34,quantile,0.3,82.0
2026-08-29,wk inc covid hosp,3,2026-09-19,34,quantile,0.35,88.0
2026-08-29,wk inc covid hosp,3,2026-09-19,34,quantile,0.4,91.0
2026-08-29,wk inc covid hosp,3,2026-09-19,34,quantile,0.45,94.0
2026-08-29,wk inc covid hosp,3,2026-09-19,34,quantile,0.5,96.0
2026-08-29,wk inc covid hosp,3,2026-09-19,34,quantile,0.55,100.0
2026-08-29,wk inc covid hosp,3,2026-09-19,34,quantile,0.6,100.0
2026-08-29,wk inc covid hosp,3,2026-09-19,34,quantile,0.65,101.0
2026-08-29,wk inc covid hosp,3,2026-09-19,34,quantile,0.7,107.0
2026-08-29,wk inc covid hosp,3,2026-09-19,34,quantile,0.75,109.0
2026-08-29,wk inc covid hosp,3,2026-09-19,34,quantile,0.8,113.0
2026-08-29,wk inc covid hosp,3,2026-09-19,34,quantile,0.85,113.0
2026-08-29,wk inc covid hosp,3,2026-09-19,34,quantile,0.9,121.0
2026-08-29,wk inc covid hosp,3,2026-09-19,34,quantile,0.95,155.0
2026-08-29,wk inc covid hosp,3,2026-09-19,34,quantile,0.975,161.0
2026-08-29,wk inc covid hosp,3,2026-09-19,34,quantile,0.99,196.0
2026-08-29,wk inc covid hosp,3,2026-09-19,35,quantile,0.01,1.0
2026-08-29,wk inc covid hosp,3,2026-09-19,35,quantile,0.025,2.0
2026-08-29,wk inc covid hosp,3,2026-09-19,35,quantile,0.05,3.0
2026-08-29,wk inc covid hosp,3,2026-09-19,35,quantile,0.1,6.0
2026-08-29,wk inc covid hosp,3,2026-09-19,35,quantile,0.15,6.0
2026-08-29,wk inc covid hosp,3,2026-09-19,35,quantile,0.2,8.0
2026-08-29,wk inc covid hosp,3,2026-09-19,35,quantile,0.25,9.0
2026-08-29,wk inc covid hosp,3,2026-09-19,35,quantile,0.3,9.0
2026-08-29,wk inc covid hosp,3,2026-09-19,35,quantile,0.35,9.0
2026-08-29,wk inc covid hosp,3,2026-09-19,35,quantile,0.4,10.0
2026-08-29,wk inc covid hosp,3,2026-09-19,35,quantile,0.45,10.0
2026-08-29,wk inc covid hosp,3,2026-09-19,35,quantile,0.5,11.0
2026-08-29,wk inc covid hosp,3,2026-09-19,35,quantile,0.55,12.0
2026-08-29,wk inc covid hosp,3,2026-09-19,35,quantile,0.6,14.0
2026-08-29,wk inc covid hosp,3,2026-09-19,35,quantile,0.65,15.0
2026-08-29,wk inc covid hosp,3,2026-09-19,35,quantile,0.7,15.0
2026-08-29,wk inc covid hosp,3,2026-09-19,35,quantile,0.75,17.0
2026-08-29,wk inc covid hosp,3,2026-09-19,35,quantile,0.8,17.0
2026-08-29,wk inc covid hosp,3,2026-09-19,35,quantile,0.85,18.0
2026-08-29,wk inc covid hosp,3,2026-09-19,35,quantile,0.9,19.0
2026-08-29,wk inc covid hosp,3,2026-09-19,35,quantile,0.95,23.0
2026-08-29,wk inc covid hosp,3,2026-09-19,35,quantile,0.975,28.0
2026-08-29,wk inc covid hosp,3,2026-09-19,35,quantile,0.99,33.0
2026-08-29,wk inc covid hosp,3,2026-09-19,36,quantile,0.01,54.0
2026-08-29,wk inc covid hosp,3,2026-09-19,36,quantile,0.025,79.0
2026-08-29,wk inc covid hosp,3,2026-09-19,36,quantile,0.05,86.0
2026-08-29,wk inc covid hosp,3,2026-09-19,36,quantile,0.1,105.0
2026-08-29,wk inc covid hosp,3,2026-09-19,36,quantile,0.15,119.0
2026-08-29,wk inc covid hosp,3,2026-09-19,36,quantile,0.2,132.0
2026-08-29,wk inc covid hosp,3,2026-09-19,36,quantile,0.25,137.0
2026-08-29,wk inc covid hosp,3,2026-09-19,36,quantile,0.3,141.0
2026-08-29,wk inc covid hosp,3,2026-09-19,36,quantile,0.35,143.0
2026-08-29,wk inc covid hosp,3,2026-09-19,36,quantile,0.4,147.0
2026-08-29,wk inc covid hosp,3,2026-09-19,36,quantile,0.45,147.0
2026-08-29,wk inc covid hosp,3,2026-09-19,36,quantile,0.5,148.0
2026-08-29,wk inc covid hosp,3,2026-09-19,36,quantile,0.55,150.0
2026-08-29,wk inc covid hosp,3,2026-09-19,36,quantile,0.6,157.0
2026-08-29,wk inc covid hosp,3,2026-09-19,36,quantile,0.65,170.0
2026-08-29,wk inc covid hosp,3,2026-09-19,36,quantile,0.7,174.0
2026-08-29,wk inc covid hosp,3,2026-09-19,36,quantile,0.75,178.0
2026-08-29,wk inc covid hosp,3,2026-09-19,36,quantile,0.8,178.0
2026-08-29,wk inc covid hosp,3,2026-09-19,36,quantile,0.85,180.0
2026-08-29,wk inc covid hosp,3,2026-09-19,36,quantile,0.9,183.0
2026-08-29,wk inc covid hosp,3,2026-09-19,36,quantile,0.95,248.0
2026-08-29,wk inc covid hosp,3,2026-09-19,36,quantile,0.975,266.0
2026-08-29,wk inc covid hosp,3,2026-09-19,36,quantile,0.99,337.0
2026-08-29,wk inc covid hosp,3,2026-09-19,37,quantile,0.01,36.0
2026-08-29,wk inc covid hosp,3,2026-09-19,37,quantile,0.025,54.0
2026-08-29,wk inc covid hosp,3,2026-09-19,37,quantile,0.05,59.0
2026-08-29,wk inc covid hosp,3,2026-09-19,37,quantile,0.1,80.0
2026-08-29,wk inc covid hosp,3,2026-09-19,37,quantile,0.15,96.0
2026-08-29,wk inc covid hosp,3,2026-09-19,37,quantile,0.2,106.0
2026-08-29,wk inc covid hosp,3,2026-09-19,37,quantile,0.25,115.0
2026-08-29,wk inc covid hosp,3,2026-09-19,37,quantile,0.3,129.0
2026-08-29,wk inc covid hosp,3,2026-09-19,37,quantile,0.35,129.0
2026-08-29,wk inc covid hosp,3,2026-09-19,37,quantile,0.4,133.0
2026-08-29,wk inc covid hosp,3,2026-09-19,37,quantile,0.45,147.0
2026-08-29,wk inc covid hosp,3,2026-09-19,37,quantile,0.5,152.0
2026-08-29,wk inc covid hosp,3,2026-09-19,37,quantile,0.55,153.0
2026-08-29,wk inc covid hosp,3,2026-09-19,37,quantile,0.6,156.0
2026-08-29,wk inc covid hosp,3,2026-09-19,37,quantile,0.65,158.0
2026-08-29,wk inc covid hosp,3,2026-09-19,37,quantile,0.7,164.0
2026-08-29,wk inc covid hosp,3,2026-09-19,37,quantile,0.75,166.0
2026-08-29,wk inc covid hosp,3,2026-09-19,37,quantile,0.8,170.0
2026-08-29,wk inc covid hosp,3,2026-09-19,37,quantile,0.85,177.0
2026-08-29,wk inc covid hosp,3,2026-09-19,37,quantile,0.9,183.0
2026-08-29,wk inc covid hosp,3,2026-09-19,37,quantile,0.95,233.0
2026-08-29,wk inc covid hosp,3,2026-09-19,37,quantile,0.975,273.0
2026-08-29,wk inc covid hosp,3,2026-09-19,37,quantile,0.99,312.0
2026-08-29,wk inc covid hosp,3,2026-09-19,38,quantile,0.01,0.0
2026-08-29,wk inc covid hosp,3,2026-09-19,38,quantile,0.025,0.0
2026-08-29,wk inc covid hosp,3,2026-09-19,38,quantile,0.05,0.0
2026-08-29,wk inc covid hosp,3,2026-09-19,38,quantile,0.1,0.0
2026-08-29,wk inc covid hosp,3,2026-09-19,38,quantile,0.15,0.0
2026-08-29,wk inc covid hosp,3,2026-09-19,38,quantile,0.2,1.0
2026-08-29,wk inc covid hosp,3,2026-09-19,38,quantile,0.25,1.0
2026-08-29,wk inc covid hosp,3,2026-09-19,38,quantile,0.3,1.0
2026-08-29,wk inc covid hosp,3,2026-09-19,38,quantile,0.35,1.0
2026-08-29,wk inc covid hosp,3,2026-09-19,38,quantile,0.4,1.0
2026-08-29,wk inc covid hosp,3,2026-09-19,38,quantile,0.45,1.0
2026-08-29,wk inc covid hosp,3,2026-09-19,38,quantile,0.5,1.0
2026-08-29,wk inc covid hosp,3,2026-09-19,38,quantile,0.55,2.0
2026-08-29,wk inc covid hosp,3,2026-09-19,38,quantile,0.6,2.0
2026-08-29,wk inc covid hosp,3,2026-09-19,38,quantile,0.65,2.0
2026-08-29,wk inc covid hosp,3,2026-09-19,38,quantile,0.7,2.0
2026-08-29,wk inc covid hosp,3,2026-09-19,38,quantile,0.75,2.0
2026-08-29,wk inc covid hosp,3,2026-09-19,38,quantile,0.8,2.0
2026-08-29,wk inc covid hosp,3,2026-09-19,38,quantile,0.85,3.0
2026-08-29,wk inc covid hosp,3,2026-09-19,38,quantile,0.9,3.0
2026-08-29,wk inc covid hosp,3,2026-09-19,38,quantile,0.95,5.0
2026-08-29,wk inc covid hosp,3,2026-09-19,38,quantile,0.975,6.0
2026-08-29,wk inc covid hosp,3,2026-09-19,38,quantile,0.99,9.0
2026-08-29,wk inc covid hosp,3,2026-09-19,39,quantile,0.01,12.0
2026-08-29,wk inc covid hosp,3,2026-09-19,39,quantile,0.025,19.0
2026-08-29,wk inc covid hosp,3,2026-09-19,39,quantile,0.05,22.0
2026-08-29,wk inc covid hosp,3,2026-09-19,39,quantile,0.1,30.0
2026-08-29,wk inc covid hosp,3,2026-09-19,39,quantile,0.15,31.0
2026-08-29,wk inc covid hosp,3,2026-09-19,39,quantile,0.2,35.0
2026-08-29,wk inc covid hosp,3,2026-09-19,39,quantile,0.25,39.0
2026-08-29,wk inc covid hosp,3,2026-09-19,39,quantile,0.3,42.0
2026-08-29,wk inc covid hosp,3,2026-09-19,39,quantile,0.35,44.0
2026-08-29,wk inc covid hosp,3,2026-09-19,39,quantile,0.4,46.0
2026-08-29,wk inc covid hosp,3,2026-09-19,39,quantile,0.45,49.0
2026-08-29,wk inc covid hosp,3,2026-09-19,39,quantile,0.5,50.0
2026-08-29,wk inc covid hosp,3,2026-09-19,39,quantile,0.55,50.0
2026-08-29,wk inc covid hosp,3,2026-09-19,39,quantile,0.6,51.0
2026-08-29,wk inc covid hosp,3,2026-09-19,39,quantile,0.65,51.0
2026-08-29,wk inc covid hosp,3,2026-09-19,39,quantile,0.7,53.0
2026-08-29,wk inc covid hosp,3,2026-09-19,39,quantile,0.75,53.0
2026-08-29,wk inc covid hosp,3,2026-09-19,39,quantile,0.8,54.0
2026-08-29,wk inc covid hosp,3,2026-09-19,39,quantile,0.85,54.0
2026-08-29,wk inc covid hosp,3,2026-09-19,39,quantile,0.9,67.0
2026-08-29,wk inc covid hosp,3,2026-09-19,39,quantile,0.95,86.0
2026-08-29,wk inc covid hosp,3,2026-09-19,39,quantile,0.975,99.0
2026-08-29,wk inc covid hosp,3,2026-09-19,39,quantile,0.99,149.0
2026-08-29,wk inc covid hosp,3,2026-09-19,40,quantile,0.01,3.0
2026-08-29,wk inc covid hosp,3,2026-09-19,40,quantile,0.025,5.0
2026-08-29,wk inc covid hosp,3,2026-09-19,40,quantile,0.05,5.0
2026-08-29,wk inc covid hosp,3,2026-09-19,40,quantile,0.1,6.0
2026-08-29,wk inc covid hosp,3,2026-09-19,40,quantile,0.15,6.0
2026-08-29,wk inc covid hosp,3,2026-09-19,40,quantile,0.2,8.0
2026-08-29,wk inc covid hosp,3,2026-09-19,40,quantile,0.25,9.0
2026-08-29,wk inc covid hosp,3,2026-09-19,40,quantile,0.3,10.0
2026-08-29,wk inc covid hosp,3,2026-09-19,40,quantile,0.35,10.0
2026-08-29,wk inc covid hosp,3,2026-09-19,40,quantile,0.4,11.0
2026-08-29,wk inc covid hosp,3,2026-09-19,40,quantile,0.45,11.0
2026-08-29,wk inc covid hosp,3,2026-09-19,40,quantile,0.5,13.0
2026-08-29,wk inc covid hosp,3,2026-09-19,40,quantile,0.55,14.0
2026-08-29,wk inc covid hosp,3,2026-09-19,40,quantile,0.6,16.0
2026-08-29,wk inc covid hosp,3,2026-09-19,40,quantile,0.65,17.0
2026-08-29,wk inc covid hosp,3,2026-09-19,40,quantile,0.7,17.0
2026-08-29,wk inc covid hosp,3,2026-09-19,40,quantile,0.75,18.0
2026-08-29,wk inc covid hosp,3,2026-09-19,40,quantile,0.8,19.0
2026-08-29,wk inc covid hosp,3,2026-09-19,40,quantile,0.85,21.0
2026-08-29,wk inc covid hosp,3,2026-09-19,40,quantile,0.9,21.0
2026-08-29,wk inc covid hosp,3,2026-09-19,40,quantile,0.95,27.0
2026-08-29,wk inc covid hosp,3,2026-09-19,40,quantile,0.975,31.0
2026-08-29,wk inc covid hosp,3,2026-09-19,40,quantile,0.99,48.0
2026-08-29,wk inc covid hosp,3,2026-09-19,41,quantile,0.01,5.0
2026-08-29,wk inc covid hosp,3,2026-09-19,41,quantile,0.025,6.0
2026-08-29,wk inc covid hosp,3,2026-09-19,41,quantile,0.05,7.0
2026-08-29,wk inc covid hosp,3,2026-09-19,41,quantile,0.1,11.0
2026-08-29,wk inc covid hosp,3,2026-09-19,41,quantile,0.15,12.0
2026-08-29,wk inc covid hosp,3,2026-09-19,41,quantile,0.2,16.0
2026-08-29,wk inc covid hosp,3,2026-09-19,41,quantile,0.25,17.0
2026-08-29,wk inc covid hosp,3,2026-09-19,41,quantile,0.3,18.0
2026-08-29,wk inc covid hosp,3,2026-09-19,41,quantile,0.35,19.0
2026-08-29,wk inc covid hosp,3,2026-09-19,41,quantile,0.4,21.0
2026-08-29,wk inc covid hosp,3,2026-09-19,41,quantile,0.45,21.0
2026-08-29,wk inc covid hosp,3,2026-09-19,41,quantile,0.5,23.0
2026-08-29,wk inc covid hosp,3,2026-09-19,41,quantile,0.55,23.0
2026-08-29,wk inc covid hosp,3,2026-09-19,41,quantile,0.6,25.0
2026-08-29,wk inc covid hosp,3,2026-09-19,41,quantile,0.65,27.0
2026-08-29,wk inc covid hosp,3,2026-09-19,41,quantile,0.7,28.0
2026-08-29,wk inc covid hosp,3,2026-09-19,41,quantile,0.75,29.0
2026-08-29,wk inc covid hosp,3,2026-09-19,41,quantile,0.8,30.0
2026-08-29,wk inc covid hosp,3,2026-09-19,41,quantile,0.85,30.0
2026-08-29,wk inc covid hosp,3,2026-09-19,41,quantile,0.9,30.0
2026-08-29,wk inc covid hosp,3,2026-09-19,41,quantile,0.95,44.0
2026-08-29,wk inc covid hosp,3,2026-09-19,41,quantile,0.975,44.0
2026-08-29,wk inc covid hosp,3,2026-09-19,41,quantile,0.99,57.0
2026-08-29,wk inc covid hosp,3,2026-09-19,42,quantile,0.01,24.0
2026-08-29,wk inc covid hosp,3,2026-09-19,42,quantile,0.025,33.0
2026-08-29,wk inc covid hosp,3,2026-09-19,42,quantile,0.05,35.0
2026-08-29,wk inc covid hosp,3,2026-09-19,42,quantile,0.1,46.0
2026-08-29,wk inc covid hosp,3,2026-09-19,42,quantile,0.15,50.0
2026-08-29,wk inc covid hosp,3,2026-09-19,42,quantile,0.2,53.0
2026-08-29,wk inc covid hosp,3,2026-09-19,42,quantile,0.25,63.0
2026-08-29,wk inc covid hosp,3,2026-09-19,42,quantile,0.3,63.0
2026-08-29,wk inc covid hosp,3,2026-09-19,42,quantile,0.35,64.0
2026-08-29,wk inc covid hosp,3,2026-09-19,42,quantile,0.4,66.0
2026-08-29,wk inc covid hosp,3,2026-09-19,42,quantile,0.45,67.0
2026-08-29,wk inc covid hosp,3,2026-09-19,42,quantile,0.5,67.0
2026-08-29,wk inc covid hosp,3,2026-09-19,42,quantile,0.55,70.0
2026-08-29,wk inc covid hosp,3,2026-09-19,42,quantile,0.6,74.0
2026-08-29,wk inc covid hosp,3,2026-09-19,42,quantile,0.65,77.0
2026-08-29,wk inc covid hosp,3,2026-09-19,42,quantile,0.7,86.0
2026-08-29,wk inc covid hosp,3,2026-09-19,42,quantile,0.75,91.0
2026-08-29,wk inc covid hosp,3,2026-09-19,42,quantile,0.8,92.0
2026-08-29,wk inc covid hosp,3,2026-09-19,42,quantile,0.85,93.0
2026-08-29,wk inc covid hosp,3,2026-09-19,42,quantile,0.9,100.0
2026-08-29,wk inc covid hosp,3,2026-09-19,42,quantile,0.95,118.0
2026-08-29,wk inc covid hosp,3,2026-09-19,42,quantile,0.975,138.0
2026-08-29,wk inc covid hosp,3,2026-09-19,42,quantile,0.99,178.0
2026-08-29,wk inc covid hosp,3,2026-09-19,44,quantile,0.01,0.0
2026-08-29,wk inc covid hosp,3,2026-09-19,44,quantile,0.025,1.0
2026-08-29,wk inc covid hosp,3,2026-09-19,44,quantile,0.05,2.0
2026-08-29,wk inc covid hosp,3,2026-09-19,44,quantile,0.1,3.0
2026-08-29,wk inc covid hosp,3,2026-09-19,44,quantile,0.15,3.0
2026-08-29,wk inc covid hosp,3,2026-09-19,44,quantile,0.2,3.0
2026-08-29,wk inc covid hosp,3,2026-09-19,44,quantile,0.25,3.0
2026-08-29,wk inc covid hosp,3,2026-09-19,44,quantile,0.3,4.0
2026-08-29,wk inc covid hosp,3,2026-09-19,44,quantile,0.35,5.0
2026-08-29,wk inc covid hosp,3,2026-09-19,44,quantile,0.4,5.0
2026-08-29,wk inc covid hosp,3,2026-09-19,44,quantile,0.45,5.0
2026-08-29,wk inc covid hosp,3,2026-09-19,44,quantile,0.5,6.0
2026-08-29,wk inc covid hosp,3,2026-09-19,44,quantile,0.55,7.0
2026-08-29,wk inc covid hosp,3,2026-09-19,44,quantile,0.6,7.0
2026-08-29,wk inc covid hosp,3,2026-09-19,44,quantile,0.65,8.0
2026-08-29,wk inc covid hosp,3,2026-09-19,44,quantile,0.7,9.0
2026-08-29,wk inc covid hosp,3,2026-09-19,44,quantile,0.75,9.0
2026-08-29,wk inc covid hosp,3,2026-09-19,44,quantile,0.8,9.0
2026-08-29,wk inc covid hosp,3,2026-09-19,44,quantile,0.85,10.0
2026-08-29,wk inc covid hosp,3,2026-09-19,44,quantile,0.9,11.0
2026-08-29,wk inc covid hosp,3,2026-09-19,44,quantile,0.95,13.0
2026-08-29,wk inc covid hosp,3,2026-09-19,44,quantile,0.975,17.0
2026-08-29,wk inc covid hosp,3,2026-09-19,44,quantile,0.99,19.0
2026-08-29,wk inc covid hosp,3,2026-09-19,45,quantile,0.01,11.0
2026-08-29,wk inc covid hosp,3,2026-09-19,45,quantile,0.025,17.0
2026-08-29,wk inc covid hosp,3,2026-09-19,45,quantile,0.05,18.0
2026-08-29,wk inc covid hosp,3,2026-09-19,45,quantile,0.1,22.0
2026-08-29,wk inc covid hosp,3,2026-09-19,45,quantile,0.15,26.0
2026-08-29,wk inc covid hosp,3,2026-09-19,45,quantile,0.2,32.0
2026-08-29,wk inc covid hosp,3,2026-09-19,45,quantile,0.25,34.0
2026-08-29,wk inc covid hosp,3,2026-09-19,45,quantile,0.3,35.0
2026-08-29,wk inc covid hosp,3,2026-09-19,45,quantile,0.35,35.0
2026-08-29,wk inc covid hosp,3,2026-09-19,45,quantile,0.4,36.0
2026-08-29,wk inc covid hosp,3,2026-09-19,45,quantile,0.45,36.0
2026-08-29,wk inc covid hosp,3,2026-09-19,45,quantile,0.5,37.0
2026-08-29,wk inc covid hosp,3,2026-09-19,45,quantile,0.55,41.0
2026-08-29,wk inc covid hosp,3,2026-09-19,45,quantile,0.6,45.0
2026-08-29,wk inc covid hosp,3,2026-09-19,45,quantile,0.65,48.0
2026-08-29,wk inc covid hosp,3,2026-09-19,45,quantile,0.7,49.0
2026-08-29,wk inc covid hosp,3,2026-09-19,45,quantile,0.75,49.0
2026-08-29,wk inc covid hosp,3,2026-09-19,45,quantile,0.8,49.0
2026-08-29,wk inc covid hosp,3,2026-09-19,45,quantile,0.85,50.0
2026-08-29,wk inc covid hosp,3,2026-09-19,45,quantile,0.9,52.0
2026-08-29,wk inc covid hosp,3,2026-09-19,45,quantile,0.95,71.0
2026-08-29,wk inc covid hosp,3,2026-09-19,45,quantile,0.975,77.0
2026-08-29,wk inc covid hosp,3,2026-09-19,45,quantile,0.99,90.0
2026-08-29,wk inc covid hosp,3,2026-09-19,46,quantile,0.01,0.0
2026-08-29,wk inc covid hosp,3,2026-09-19,46,quantile,0.025,0.0
2026-08-29,wk inc covid hosp,3,2026-09-19,46,quantile,0.05,0.0
2026-08-29,wk inc covid hosp,3,2026-09-19,46,quantile,0.1,0.0
2026-08-29,wk inc covid hosp,3,2026-09-19,46,quantile,0.15,0.0
2026-08-29,wk inc covid hosp,3,2026-09-19,46,quantile,0.2,0.0
2026-08-29,wk inc covid hosp,3,2026-09-19,46,quantile,0.25,1.0
2026-08-29,wk inc covid hosp,3,2026-09-19,46,quantile,0.3,1.0
2026-08-29,wk inc covid hosp,3,2026-09-19,46,quantile,0.35,1.0
2026-08-29,wk inc covid hosp,3,2026-09-19,46,quantile,0.4,1.0
2026-08-29,wk inc covid hosp,3,2026-09-19,46,quantile,0.45,1.0
2026-08-29,wk inc covid hosp,3,2026-09-19,46,quantile,0.5,2.0
2026-08-29,wk inc covid hosp,3,2026-09-19,46,quantile,0.55,2.0
2026-08-29,wk inc covid hosp,3,2026-09-19,46,quantile,0.6,2.0
2026-08-29,wk inc covid hosp,3,2026-09-19,46,quantile,0.65,2.0
2026-08-29,wk inc covid hosp,3,2026-09-19,46,quantile,0.7,2.0
2026-08-29,wk inc covid hosp,3,2026-09-19,46,quantile,0.75,2.0
2026-08-29,wk inc covid hosp,3,2026-09-19,46,quantile,0.8,3.0
2026-08-29,wk inc covid hosp,3,2026-09-19,46,quantile,0.85,3.0
2026-08-29,wk inc covid hosp,3,2026-09-19,46,quantile,0.9,4.0
2026-08-29,wk inc covid hosp,3,2026-09-19,46,quantile,0.95,5.0
2026-08-29,wk inc covid hosp,3,2026-09-19,46,quantile,0.975,7.0
2026-08-29,wk inc covid hosp,3,2026-09-19,46,quantile,0.99,10.0
2026-08-29,wk inc covid hosp,3,2026-09-19,47,quantile,0.01,15.0
2026-08-29,wk inc covid hosp,3,2026-09-19,47,quantile,0.025,23.0
2026-08-29,wk inc covid hosp,3,2026-09-19,47,quantile,0.05,24.0
2026-08-29,wk inc covid hosp,3,2026-09-19,47,quantile,0.1,33.0
2026-08-29,wk inc covid hosp,3,2026-09-19,47,quantile,0.15,37.0
2026-08-29,wk inc covid hosp,3,2026-09-19,47,quantile,0.2,44.0
2026-08-29,wk inc covid hosp,3,2026-09-19,47,quantile,0.25,48.0
2026-08-29,wk inc covid hosp,3,2026-09-19,47,quantile,0.3,49.0
2026-08-29,wk inc covid hosp,3,2026-09-19,47,quantile,0.35,49.0
2026-08-29,wk inc covid hosp,3,2026-09-19,47,quantile,0.4,50.0
2026-08-29,wk inc covid hosp,3,2026-09-19,47,quantile,0.45,51.0
2026-08-29,wk inc covid hosp,3,2026-09-19,47,quantile,0.5,51.0
2026-08-29,wk inc covid hosp,3,2026-09-19,47,quantile,0.55,57.0
2026-08-29,wk inc covid hosp,3,2026-09-19,47,quantile,0.6,57.0
2026-08-29,wk inc covid hosp,3,2026-09-19,47,quantile,0.65,61.0
2026-08-29,wk inc covid hosp,3,2026-09-19,47,quantile,0.7,61.0
2026-08-29,wk inc covid hosp,3,2026-09-19,47,quantile,0.75,62.0
2026-08-29,wk inc covid hosp,3,2026-09-19,47,quantile,0.8,63.0
2026-08-29,wk inc covid hosp,3,2026-09-19,47,quantile,0.85,65.0
2026-08-29,wk inc covid hosp,3,2026-09-19,47,quantile,0.9,65.0
2026-08-29,wk inc covid hosp,3,2026-09-19,47,quantile,0.95,87.0
2026-08-29,wk inc covid hosp,3,2026-09-19,47,quantile,0.975,99.0
2026-08-29,wk inc covid hosp,3,2026-09-19,47,quantile,0.99,120.0
2026-08-29,wk inc covid hosp,3,2026-09-19,48,quantile,0.01,105.0
2026-08-29,wk inc covid hosp,3,2026-09-19,48,quantile,0.025,145.0
2026-08-29,wk inc covid hosp,3,2026-09-19,48,quantile,0.05,159.0
2026-08-29,wk inc covid hosp,3,2026-09-19,48,quantile,0.1,211.0
2026-08-29,wk inc covid hosp,3,2026-09-19,48,quantile,0.15,254.0
2026-08-29,wk inc covid hosp,3,2026-09-19,48,quantile,0.2,286.0
2026-08-29,wk inc covid hosp,3,2026-09-19,48,quantile,0.25,305.0
2026-08-29,wk inc covid hosp,3,2026-09-19,48,quantile,0.3,329.0
2026-08-29,wk inc covid hosp,3,2026-09-19,48,quantile,0.35,350.0
2026-08-29,wk inc covid hosp,3,2026-09-19,48,quantile,0.4,352.0
2026-08-29,wk inc covid hosp,3,2026-09-19,48,quantile,0.45,359.0
2026-08-29,wk inc covid hosp,3,2026-09-19,48,quantile,0.5,361.0
2026-08-29,wk inc covid hosp,3,2026-09-19,48,quantile,0.55,363.0
2026-08-29,wk inc covid hosp,3,2026-09-19,48,quantile,0.6,376.0
2026-08-29,wk inc covid hosp,3,2026-09-19,48,quantile,0.65,388.0
2026-08-29,wk inc covid hosp,3,2026-09-19,48,quantile,0.7,393.0
2026-08-29,wk inc covid hosp,3,2026-09-19,48,quantile,0.75,398.0
2026-08-29,wk inc covid hosp,3,2026-09-19,48,quantile,0.8,402.0
2026-08-29,wk inc covid hosp,3,2026-09-19,48,quantile,0.85,423.0
2026-08-29,wk inc covid hosp,3,2026-09-19,48,quantile,0.9,477.0
2026-08-29,wk inc covid hosp,3,2026-09-19,48,quantile,0.95,624.0
2026-08-29,wk inc covid hosp,3,2026-09-19,48,quantile,0.975,758.0
2026-08-29,wk inc covid hosp,3,2026-09-19,48,quantile,0.99,843.0
2026-08-29,wk inc covid hosp,3,2026-09-19,49,quantile,0.01,2.0
2026-08-29,wk inc covid hosp,3,2026-09-19,49,quantile,0.025,2.0
2026-08-29,wk inc covid hosp,3,2026-09-19,49,quantile,0.05,4.0
2026-08-29,wk inc covid hosp,3,2026-09-19,49,quantile,0.1,6.0
2026-08-29,wk inc covid hosp,3,2026-09-19,49,quantile,0.15,6.0
2026-08-29,wk inc covid hosp,3,2026-09-19,49,quantile,0.2,7.0
2026-08-29,wk inc covid hosp,3,2026-09-19,49,quantile,0.25,7.0
2026-08-29,wk inc covid hosp,3,2026-09-19,49,quantile,0.3,8.0
2026-08-29,wk inc covid hosp,3,2026-09-19,49,quantile,0.35,8.0
2026-08-29,wk inc covid hosp,3,2026-09-19,49,quantile,0.4,9.0
2026-08-29,wk inc covid hosp,3,2026-09-19,49,quantile,0.45,9.0
2026-08-29,wk inc covid hosp,3,2026-09-19,49,quantile,0.5,9.0
2026-08-29,wk inc covid hosp,3,2026-09-19,49,quantile,0.55,11.0
2026-08-29,wk inc covid hosp,3,2026-09-19,49,quantile,0.6,12.0
2026-08-29,wk inc covid hosp,3,2026-09-19,49,quantile,0.65,13.0
2026-08-29,wk inc covid hosp,3,2026-09-19,49,quantile,0.7,15.0
2026-08-29,wk inc covid hosp,3,2026-09-19,49,quantile,0.75,15.0
2026-08-29,wk inc covid hosp,3,2026-09-19,49,quantile,0.8,17.0
2026-08-29,wk inc covid hosp,3,2026-09-19,49,quantile,0.85,17.0
2026-08-29,wk inc covid hosp,3,2026-09-19,49,quantile,0.9,18.0
2026-08-29,wk inc covid hosp,3,2026-09-19,49,quantile,0.95,22.0
2026-08-29,wk inc covid hosp,3,2026-09-19,49,quantile,0.975,33.0
2026-08-29,wk inc covid hosp,3,2026-09-19,49,quantile,0.99,45.0
2026-08-29,wk inc covid hosp,3,2026-09-19,50,quantile,0.01,0.0
2026-08-29,wk inc covid hosp,3,2026-09-19,50,quantile,0.025,0.0
2026-08-29,wk inc covid hosp,3,2026-09-19,50,quantile,0.05,0.0
2026-08-29,wk inc covid hosp,3,2026-09-19,50,quantile,0.1,0.0
2026-08-29,wk inc covid hosp,3,2026-09-19,50,quantile,0.15,1.0
2026-08-29,wk inc covid hosp,3,2026-09-19,50,quantile,0.2,1.0
2026-08-29,wk inc covid hosp,3,2026-09-19,50,quantile,0.25,1.0
2026-08-29,wk inc covid hosp,3,2026-09-19,50,quantile,0.3,1.0
2026-08-29,wk inc covid hosp,3,2026-09-19,50,quantile,0.35,1.0
2026-08-29,wk inc covid hosp,3,2026-09-19,50,quantile,0.4,1.0
2026-08-29,wk inc covid hosp,3,2026-09-19,50,quantile,0.45,1.0
2026-08-29,wk inc covid hosp,3,2026-09-19,50,quantile,0.5,1.0
2026-08-29,wk inc covid hosp,3,2026-09-19,50,quantile,0.55,1.0
2026-08-29,wk inc covid hosp,3,2026-09-19,50,quantile,0.6,2.0
2026-08-29,wk inc covid hosp,3,2026-09-19,50,quantile,0.65,2.0
2026-08-29,wk inc covid hosp,3,2026-09-19,50,quantile,0.7,2.0
2026-08-29,wk inc covid hosp,3,2026-09-19,50,quantile,0.75,2.0
2026-08-29,wk inc covid hosp,3,2026-09-19,50,quantile,0.8,2.0
2026-08-29,wk inc covid hosp,3,2026-09-19,50,quantile,0.85,3.0
2026-08-29,wk inc covid hosp,3,2026-09-19,50,quantile,0.9,3.0
2026-08-29,wk inc covid hosp,3,2026-09-19,50,quantile,0.95,4.0
2026-08-29,wk inc covid hosp,3,2026-09-19,50,quantile,0.975,5.0
2026-08-29,wk inc covid hosp,3,2026-09-19,50,quantile,0.99,7.0
2026-08-29,wk inc covid hosp,3,2026-09-19,51,quantile,0.01,11.0
2026-08-29,wk inc covid hosp,3,2026-09-19,51,quantile,0.025,17.0
2026-08-29,wk inc covid hosp,3,2026-09-19,51,quantile,0.05,20.0
2026-08-29,wk inc covid hosp,3,2026-09-19,51,quantile,0.1,24.0
2026-08-29,wk inc covid hosp,3,2026-09-19,51,quantile,0.15,31.0
2026-08-29,wk inc covid hosp,3,2026-09-19,51,quantile,0.2,35.0
2026-08-29,wk inc covid hosp,3,2026-09-19,51,quantile,0.25,36.0
2026-08-29,wk inc covid hosp,3,2026-09-19,51,quantile,0.3,39.0
2026-08-29,wk inc covid hosp,3,2026-09-19,51,quantile,0.35,39.0
2026-08-29,wk inc covid hosp,3,2026-09-19,51,quantile,0.4,39.0
2026-08-29,wk inc covid hosp,3,2026-09-19,51,quantile,0.45,41.0
2026-08-29,wk inc covid hosp,3,2026-09-19,51,quantile,0.5,44.0
2026-08-29,wk inc covid hosp,3,2026-09-19,51,quantile,0.55,49.0
2026-08-29,wk inc covid hosp,3,2026-09-19,51,quantile,0.6,55.0
2026-08-29,wk inc covid hosp,3,2026-09-19,51,quantile,0.65,55.0
2026-08-29,wk inc covid hosp,3,2026-09-19,51,quantile,0.7,58.0
2026-08-29,wk inc covid hosp,3,2026-09-19,51,quantile,0.75,58.0
2026-08-29,wk inc covid hosp,3,2026-09-19,51,quantile,0.8,65.0
2026-08-29,wk inc covid hosp,3,2026-09-19,51,quantile,0.85,68.0
2026-08-29,wk inc covid hosp,3,2026-09-19,51,quantile,0.9,70.0
2026-08-29,wk inc covid hosp,3,2026-09-19,51,quantile,0.95,87.0
2026-08-29,wk inc covid hosp,3,2026-09-19,51,quantile,0.975,103.0
2026-08-29,wk inc covid hosp,3,2026-09-19,51,quantile,0.99,133.0
2026-08-29,wk inc covid hosp,3,2026-09-19,53,quantile,0.01,19.0
2026-08-29,wk inc covid hosp,3,2026-09-19,53,quantile,0.025,26.0
2026-08-29,wk inc covid hosp,3,2026-09-19,53,quantile,0.05,28.0
2026-08-29,wk inc covid hosp,3,2026-09-19,53,quantile,0.1,35.0
2026-08-29,wk inc covid hosp,3,2026-09-19,53,quantile,0.15,44.0
2026-08-29,wk inc covid hosp,3,2026-09-19,53,quantile,0.2,47.0
2026-08-29,wk inc covid hosp,3,2026-09-19,53,quantile,0.25,53.0
2026-08-29,wk inc covid hosp,3,2026-09-19,53,quantile,0.3,56.0
2026-08-29,wk inc covid hosp,3,2026-09-19,53,quantile,0.35,56.0
2026-08-29,wk inc covid hosp,3,2026-09-19,53,quantile,0.4,57.0
2026-08-29,wk inc covid hosp,3,2026-09-19,53,quantile,0.45,60.0
2026-08-29,wk inc covid hosp,3,2026-09-19,53,quantile,0.5,61.0
2026-08-29,wk inc covid hosp,3,2026-09-19,53,quantile,0.55,65.0
2026-08-29,wk inc covid hosp,3,2026-09-19,53,quantile,0.6,67.0
2026-08-29,wk inc covid hosp,3,2026-09-19,53,quantile,0.65,68.0
2026-08-29,wk inc covid hosp,3,2026-09-19,53,quantile,0.7,71.0
2026-08-29,wk inc covid hosp,3,2026-09-19,53,quantile,0.75,71.0
2026-08-29,wk inc covid hosp,3,2026-09-19,53,quantile,0.8,71.0
2026-08-29,wk inc covid hosp,3,2026-09-19,53,quantile,0.85,75.0
2026-08-29,wk inc covid hosp,3,2026-09-19,53,quantile,0.9,86.0
2026-08-29,wk inc covid hosp,3,2026-09-19,53,quantile,0.95,117.0
2026-08-29,wk inc covid hosp,3,2026-09-19,53,quantile,0.975,125.0
2026-08-29,wk inc covid hosp,3,2026-09-19,53,quantile,0.99,153.0
2026-08-29,wk inc covid hosp,3,2026-09-19,54,quantile,0.01,0.0
2026-08-29,wk inc covid hosp,3,2026-09-19,54,quantile,0.025,1.0
2026-08-29,wk inc covid hosp,3,2026-09-19,54,quantile,0.05,1.0
2026-08-29,wk inc covid hosp,3,2026-09-19,54,quantile,0.1,2.0
2026-08-29,wk inc covid hosp,3,2026-09-19,54,quantile,0.15,2.0
2026-08-29,wk inc covid hosp,3,2026-09-19,54,quantile,0.2,2.0
2026-08-29,wk inc covid hosp,3,2026-09-19,54,quantile,0.25,3.0
2026-08-29,wk inc covid hosp,3,2026-09-19,54,quantile,0.3,4.0
2026-08-29,wk inc covid hosp,3,2026-09-19,54,quantile,0.35,4.0
2026-08-29,wk inc covid hosp,3,2026-09-19,54,quantile,0.4,4.0
2026-08-29,wk inc covid hosp,3,2026-09-19,54,quantile,0.45,4.0
2026-08-29,wk inc covid hosp,3,2026-09-19,54,quantile,0.5,4.0
2026-08-29,wk inc covid hosp,3,2026-09-19,54,quantile,0.55,4.0
2026-08-29,wk inc covid hosp,3,2026-09-19,54,quantile,0.6,5.0
2026-08-29,wk inc covid hosp,3,2026-09-19,54,quantile,0.65,5.0
2026-08-29,wk inc covid hosp,3,2026-09-19,54,quantile,0.7,5.0
2026-08-29,wk inc covid hosp,3,2026-09-19,54,quantile,0.75,6.0
2026-08-29,wk inc covid hosp,3,2026-09-19,54,quantile,0.8,6.0
2026-08-29,wk inc covid hosp,3,2026-09-19,54,quantile,0.85,6.0
2026-08-29,wk inc covid hosp,3,2026-09-19,54,quantile,0.9,7.0
2026-08-29,wk inc covid hosp,3,2026-09-19,54,quantile,0.95,11.0
2026-08-29,wk inc covid hosp,3,2026-09-19,54,quantile,0.975,15.0
2026-08-29,wk inc covid hosp,3,2026-09-19,54,quantile,0.99,22.0
2026-08-29,wk inc covid hosp,3,2026-09-19,55,quantile,0.01,4.0
2026-08-29,wk inc covid hosp,3,2026-09-19,55,quantile,0.025,6.0
2026-08-29,wk inc covid hosp,3,2026-09-19,55,quantile,0.05,7.0
2026-08-29,wk inc covid hosp,3,2026-09-19,55,quantile,0.1,10.0
2026-08-29,wk inc covid hosp,3,2026-09-19,55,quantile,0.15,11.0
2026-08-29,wk inc covid hosp,3,2026-09-19,55,quantile,0.2,11.0
2026-08-29,wk inc covid hosp,3,2026-09-19,55,quantile,0.25,12.0
2026-08-29,wk inc covid hosp,3,2026-09-19,55,quantile,0.3,12.0
2026-08-29,wk inc covid hosp,3,2026-09-19,55,quantile,0.35,12.0
2026-08-29,wk inc covid hosp,3,2026-09-19,55,quantile,0.4,13.0
2026-08-29,wk inc covid hosp,3,2026-09-19,55,quantile,0.45,14.0
2026-08-29,wk inc covid hosp,3,2026-09-19,55,quantile,0.5,15.0
2026-08-29,wk inc covid hosp,3,2026-09-19,55,quantile,0.55,16.0
2026-08-29,wk inc covid hosp,3,2026-09-19,55,quantile,0.6,16.0
2026-08-29,wk inc covid hosp,3,2026-09-19,55,quantile,0.65,17.0
2026-08-29,wk inc covid hosp,3,2026-09-19,55,quantile,0.7,20.0
2026-08-29,wk inc covid hosp,3,2026-09-19,55,quantile,0.75,20.0
2026-08-29,wk inc covid hosp,3,2026-09-19,55,quantile,0.8,22.0
2026-08-29,wk inc covid hosp,3,2026-09-19,55,quantile,0.85,25.0
2026-08-29,wk inc covid hosp,3,2026-09-19,55,quantile,0.9,27.0
2026-08-29,wk inc covid hosp,3,2026-09-19,55,quantile,0.95,36.0
2026-08-29,wk inc covid hosp,3,2026-09-19,55,quantile,0.975,47.0
2026-08-29,wk inc covid hosp,3,2026-09-19,55,quantile,0.99,74.0
2026-08-29,wk inc covid hosp,3,2026-09-19,56,quantile,0.01,0.0
2026-08-29,wk inc covid hosp,3,2026-09-19,56,quantile,0.025,0.0
2026-08-29,wk inc covid hosp,3,2026-09-19,56,quantile,0.05,0.0
2026-08-29,wk inc covid hosp,3,2026-09-19,56,quantile,0.1,0.0
2026-08-29,wk inc covid hosp,3,2026-09-19,56,quantile,0.15,0.0
2026-08-29,wk inc covid hosp,3,2026-09-19,56,quantile,0.2,1.0
2026-08-29,wk inc covid hosp,3,2026-09-19,56,quantile,0.25,1.0
2026-08-29,wk inc covid hosp,3,2026-09-19,56,quantile,0.3,1.0
2026-08-29,wk inc covid hosp,3,2026-09-19,56,quantile,0.35,1.0
2026-08-29,wk inc covid hosp,3,2026-09-19,56,quantile,0.4,1.0
2026-08-29,wk inc covid hosp,3,2026-09-19,56,quantile,0.45,1.0
2026-08-29,wk inc covid hosp,3,2026-09-19,56,quantile,0.5,1.0
2026-08-29,wk inc covid hosp,3,2026-09-19,56,quantile,0.55,2.0
2026-08-29,wk inc covid hosp,3,2026-09-19,56,quantile,0.6,2.0
2026-08-29,wk inc covid hosp,3,2026-09-19,56,quantile,0.65,2.0
2026-08-29,wk inc covid hosp,3,2026-09-19,56,quantile,0.7,2.0
2026-08-29,wk inc covid hosp,3,2026-09-19,56,quantile,0.75,2.0
2026-08-29,wk inc covid hosp,3,2026-09-19,56,quantile,0.8,2.0
2026-08-29,wk inc covid hosp,3,2026-09-19,56,quantile,0.85,3.0
2026-08-29,wk inc covid hosp,3,2026-09-19,56,quantile,0.9,3.0
2026-08-29,wk inc covid hosp,3,2026-09-19,56,quantile,0.95,4.0
2026-08-29,wk inc covid hosp,3,2026-09-19,56,quantile,0.975,5.0
2026-08-29,wk inc covid hosp,3,2026-09-19,56,quantile,0.99,7.0
2026-08-29,wk inc covid hosp,3,2026-09-19,72,quantile,0.01,34.0
2026-08-29,wk inc covid hosp,3,2026-09-19,72,quantile,0.025,42.0
2026-08-29,wk inc covid hosp,3,2026-09-19,72,quantile,0.05,50.0
2026-08-29,wk inc covid hosp,3,2026-09-19,72,quantile,0.1,57.0
2026-08-29,wk inc covid hosp,3,2026-09-19,72,quantile,0.15,65.0
2026-08-29,wk inc covid hosp,3,2026-09-19,72,quantile,0.2,67.0
2026-08-29,wk inc covid hosp,3,2026-09-19,72,quantile,0.25,69.0
2026-08-29,wk inc covid hosp,3,2026-09-19,72,quantile,0.3,71.0
2026-08-29,wk inc covid hosp,3,2026-09-19,72,quantile,0.35,75.0
2026-08-29,wk inc covid hosp,3,2026-09-19,72,quantile,0.4,81.0
2026-08-29,wk inc covid hosp,3,2026-09-19,72,quantile,0.45,103.0
2026-08-29,wk inc covid hosp,3,2026-09-19,72,quantile,0.5,104.0
2026-08-29,wk inc covid hosp,3,2026-09-19,72,quantile,0.55,106.0
2026-08-29,wk inc covid hosp,3,2026-09-19,72,quantile,0.6,107.0
2026-08-29,wk inc covid hosp,3,2026-09-19,72,quantile,0.65,110.0
2026-08-29,wk inc covid hosp,3,2026-09-19,72,quantile,0.7,122.0
2026-08-29,wk inc covid hosp,3,2026-09-19,72,quantile,0.75,130.0
2026-08-29,wk inc covid hosp,3,2026-09-19,72,quantile,0.8,145.0
2026-08-29,wk inc covid hosp,3,2026-09-19,72,quantile,0.85,147.0
2026-08-29,wk inc covid hosp,3,2026-09-19,72,quantile,0.9,166.0
2026-08-29,wk inc covid hosp,3,2026-09-19,72,quantile,0.95,184.0
2026-08-29,wk inc covid hosp,3,2026-09-19,72,quantile,0.975,184.0
2026-08-29,wk inc covid hosp,3,2026-09-19,72,quantile,0.99,199.0
