reference_date,target,horizon,target_end_date,location,output_type,output_type_id,value
2026-08-22,wk inc covid hosp,0,2026-08-22,01,quantile,0.01,36.0
2026-08-22,wk inc covid hosp,0,2026-08-22,01,quantile,0.025,41.0
2026-08-22,wk inc covid hosp,0,2026-08-22,01,quantile,0.05,46.0
2026-08-22,wk inc covid hosp,0,2026-08-22,01,quantile,0.1,51.0
2026-08-22,wk inc covid hosp,0,2026-08-22,01,quantile,0.15,55.0
2026-08-22,wk inc covid hosp,0,2026-08-22,01,quantile,0.2,58.0
2026-08-22,wk inc covid hosp,0,2026-08-22,01,quantile,0.25,61.0
2026-08-22,wk inc covid hosp,0,2026-08-22,01,quantile,0.3,63.0
2026-08-22,wk inc covid hosp,0,2026-08-22,01,quantile,0.35,65.0
2026-08-22,wk inc covid hosp,0,2026-08-22,01,quantile,0.4,68.0
2026-08-22,wk inc covid hosp,0,2026-08-22,01,quantile,0.45,70.0
2026-08-22,wk inc covid hosp,0,2026-08-22,01,quantile,0.5,73.0
2026-08-22,wk inc covid hosp,0,2026-08-22,01,quantile,0.55,75.0
2026-08-22,wk inc covid hosp,0,2026-08-22,01,quantile,0.6,78.0
2026-08-22,wk inc covid hosp,0,2026-08-22,01,quantile,0.65,80.0
2026-08-22,wk inc covid hosp,0,2026-08-22,01,quantile,0.7,83.0
2026-08-22,wk inc covid hosp,0,2026-08-22,01,quantile,0.75,86.0
2026-08-22,wk inc covid hosp,0,2026-08-22,01,quantile,0.8,89.0
2026-08-22,wk inc covid hosp,0,2026-08-22,01,quantile,0.85,93.0
2026-08-22,wk inc covid hosp,0,2026-08-22,01,quantile,0.9,101.0
2026-08-22,wk inc covid hosp,0,2026-08-22,01,quantile,0.95,108.0
2026-08-22,wk inc covid hosp,0,2026-08-22,01,quantile,0.975,117.0
2026-08-22,wk inc covid hosp,0,2026-08-22,01,quantile,0.99,126.0
2026-08-22,wk inc covid hosp,0,2026-08-22,02,quantile,0.01,0.0
2026-08-22,wk inc covid hosp,0,2026-08-22,02,quantile,0.025,0.0
2026-08-22,wk inc covid hosp,0,2026-08-22,02,quantile,0.05,1.0
2026-08-22,wk inc covid hosp,0,2026-08-22,02,quantile,0.1,1.0
2026-08-22,wk inc covid hosp,0,2026-08-22,02,quantile,0.15,2.0
2026-08-22,wk inc covid hosp,0,2026-08-22,02,quantile,0.2,2.0
2026-08-22,wk inc covid hosp,0,2026-08-22,02,quantile,0.25,3.0
2026-08-22,wk inc covid hosp,0,2026-08-22,02,quantile,0.3,3.0
2026-08-22,wk inc covid hosp,0,2026-08-22,02,quantile,0.35,3.0
2026-08-22,wk inc covid hosp,0,2026-08-22,02,quantile,0.4,4.0
2026-08-22,wk inc covid hosp,0,2026-08-22,02,quantile,0.45,4.0
2026-08-22,wk inc covid hosp,0,2026-08-22,02,quantile,0.5,4.0
2026-08-22,wk inc covid hosp,0,2026-08-22,02,quantile,0.55,5.0
2026-08-22,wk inc covid hosp,0,2026-08-22,02,quantile,0.6,5.0
2026-08-22,wk inc covid hosp,0,2026-08-22,02,quantile,0.65,6.0
2026-08-22,wk inc covid hosp,0,2026-08-22,02,quantile,0.7,6.0
2026-08-22,wk inc covid hosp,0,2026-08-22,02,quantile,0.75,7.0
2026-08-22,wk inc covid hosp,0,2026-08-22,02,quantile,0.8,7.0
2026-08-22,wk inc covid hosp,0,2026-08-22,02,quantile,0.85,8.0
2026-08-22,wk inc covid hosp,0,2026-08-22,02,quantile,0.9,9.0
2026-08-22,wk inc covid hosp,0,2026-08-22,02,quantile,0.95,10.0
2026-08-22,wk inc covid hosp,0,2026-08-22,02,quantile,0.975,11.0
2026-08-22,wk inc covid hosp,0,2026-08-22,02,quantile,0.99,13.0
2026-08-22,wk inc covid hosp,0,2026-08-22,04,quantile,0.01,12.0
2026-08-22,wk inc covid hosp,0,2026-08-22,04,quantile,0.025,17.0
2026-08-22,wk inc covid hosp,0,2026-08-22,04,quantile,0.05,22.0
2026-08-22,wk inc covid hosp,0,2026-08-22,04,quantile,0.1,28.0
2026-08-22,wk inc covid hosp,0,2026-08-22,04,quantile,0.15,32.0
2026-08-22,wk inc covid hosp,0,2026-08-22,04,quantile,0.2,36.0
2026-08-22,wk inc covid hosp,0,2026-08-22,04,quantile,0.25,39.0
2026-08-22,wk inc covid hosp,0,2026-08-22,04,quantile,0.3,43.0
2026-08-22,wk inc covid hosp,0,2026-08-22,04,quantile,0.35,45.0
2026-08-22,wk inc covid hosp,0,2026-08-22,04,quantile,0.4,48.0
2026-08-22,wk inc covid hosp,0,2026-08-22,04,quantile,0.45,50.0
2026-08-22,wk inc covid hosp,0,2026-08-22,04,quantile,0.5,53.0
2026-08-22,wk inc covid hosp,0,2026-08-22,04,quantile,0.55,55.0
2026-08-22,wk inc covid hosp,0,2026-08-22,04,quantile,0.6,58.0
2026-08-22,wk inc covid hosp,0,2026-08-22,04,quantile,0.65,61.0
2026-08-22,wk inc covid hosp,0,2026-08-22,04,quantile,0.7,64.0
2026-08-22,wk inc covid hosp,0,2026-08-22,04,quantile,0.75,67.0
2026-08-22,wk inc covid hosp,0,2026-08-22,04,quantile,0.8,70.0
2026-08-22,wk inc covid hosp,0,2026-08-22,04,quantile,0.85,75.0
2026-08-22,wk inc covid hosp,0,2026-08-22,04,quantile,0.9,81.0
2026-08-22,wk inc covid hosp,0,2026-08-22,04,quantile,0.95,89.0
2026-08-22,wk inc covid hosp,0,2026-08-22,04,quantile,0.975,97.0
2026-08-22,wk inc covid hosp,0,2026-08-22,04,quantile,0.99,106.0
2026-08-22,wk inc covid hosp,0,2026-08-22,05,quantile,0.01,3.0
2026-08-22,wk inc covid hosp,0,2026-08-22,05,quantile,0.025,5.0
2026-08-22,wk inc covid hosp,0,2026-08-22,05,quantile,0.05,7.0
2026-08-22,wk inc covid hosp,0,2026-08-22,05,quantile,0.1,9.0
2026-08-22,wk inc covid hosp,0,2026-08-22,05,quantile,0.15,11.0
2026-08-22,wk inc covid hosp,0,2026-08-22,05,quantile,0.2,12.0
2026-08-22,wk inc covid hosp,0,2026-08-22,05,quantile,0.25,13.0
2026-08-22,wk inc covid hosp,0,2026-08-22,05,quantile,0.3,14.0
2026-08-22,wk inc covid hosp,0,2026-08-22,05,quantile,0.35,15.0
2026-08-22,wk inc covid hosp,0,2026-08-22,05,quantile,0.4,16.0
2026-08-22,wk inc covid hosp,0,2026-08-22,05,quantile,0.45,17.0
2026-08-22,wk inc covid hosp,0,2026-08-22,05,quantile,0.5,18.0
2026-08-22,wk inc covid hosp,0,2026-08-22,05,quantile,0.55,19.0
2026-08-22,wk inc covid hosp,0,2026-08-22,05,quantile,0.6,21.0
2026-08-22,wk inc covid hosp,0,2026-08-22,05,quantile,0.65,22.0
2026-08-22,wk inc covid hosp,0,2026-08-22,05,quantile,0.7,23.0
2026-08-22,wk inc covid hosp,0,2026-08-22,05,quantile,0.75,24.0
2026-08-22,wk inc covid hosp,0,2026-08-22,05,quantile,0.8,26.0
2026-08-22,wk inc covid hosp,0,2026-08-22,05,quantile,0.85,27.0
2026-08-22,wk inc covid hosp,0,2026-08-22,05,quantile,0.9,30.0
2026-08-22,wk inc covid hosp,0,2026-08-22,05,quantile,0.95,34.0
2026-08-22,wk inc covid hosp,0,2026-08-22,05,quantile,0.975,38.0
2026-08-22,wk inc covid hosp,0,2026-08-22,05,quantile,0.99,42.0
2026-08-22,wk inc covid hosp,0,2026-08-22,06,quantile,0.01,252.0
2026-08-22,wk inc covid hosp,0,2026-08-22,06,quantile,0.025,276.0
2026-08-22,wk inc covid hosp,0,2026-08-22,06,quantile,0.05,291.0
2026-08-22,wk inc covid hosp,0,2026-08-22,06,quantile,0.1,317.0
2026-08-22,wk inc covid hosp,0,2026-08-22,06,quantile,0.15,330.0
2026-08-22,wk inc covid hosp,0,2026-08-22,06,quantile,0.2,345.0
2026-08-22,wk inc covid hosp,0,2026-08-22,06,quantile,0.25,358.0
2026-08-22,wk inc covid hosp,0,2026-08-22,06,quantile,0.3,369.0
2026-08-22,wk inc covid hosp,0,2026-08-22,06,quantile,0.35,378.0
2026-08-22,wk inc covid hosp,0,2026-08-22,06,quantile,0.4,388.0
2026-08-22,wk inc covid hosp,0,2026-08-22,06,quantile,0.45,395.0
2026-08-22,wk inc covid hosp,0,2026-08-22,06,quantile,0.5,405.0
2026-08-22,wk inc covid hosp,0,2026-08-22,06,quantile,0.55,414.0
2026-08-22,wk inc covid hosp,0,2026-08-22,06,quantile,0.6,425.0
2026-08-22,wk inc covid hosp,0,2026-08-22,06,quantile,0.65,434.0
2026-08-22,wk inc covid hosp,0,2026-08-22,06,quantile,0.7,444.0
2026-08-22,wk inc covid hosp,0,2026-08-22,06,quantile,0.75,453.0
2026-08-22,wk inc covid hosp,0,2026-08-22,06,quantile,0.8,465.0
2026-08-22,wk inc covid hosp,0,2026-08-22,06,quantile,0.85,478.0
2026-08-22,wk inc covid hosp,0,2026-08-22,06,quantile,0.9,500.0
2026-08-22,wk inc covid hosp,0,2026-08-22,06,quantile,0.95,524.0
2026-08-22,wk inc covid hosp,0,2026-08-22,06,quantile,0.975,544.0
2026-08-22,wk inc covid hosp,0,2026-08-22,06,quantile,0.99,579.0
2026-08-22,wk inc covid hosp,0,2026-08-22,08,quantile,0.01,0.0
2026-08-22,wk inc covid hosp,0,2026-08-22,08,quantile,0.025,2.0
2026-08-22,wk inc covid hosp,0,2026-08-22,08,quantile,0.05,5.0
2026-08-22,wk inc covid hosp,0,2026-08-22,08,quantile,0.1,8.0
2026-08-22,wk inc covid hosp,0,2026-08-22,08,quantile,0.15,10.0
2026-08-22,wk inc covid hosp,0,2026-08-22,08,quantile,0.2,12.0
2026-08-22,wk inc covid hosp,0,2026-08-22,08,quantile,0.25,14.0
2026-08-22,wk inc covid hosp,0,2026-08-22,08,quantile,0.3,15.0
2026-08-22,wk inc covid hosp,0,2026-08-22,08,quantile,0.35,16.0
2026-08-22,wk inc covid hosp,0,2026-08-22,08,quantile,0.4,18.0
2026-08-22,wk inc covid hosp,0,2026-08-22,08,quantile,0.45,19.0
2026-08-22,wk inc covid hosp,0,2026-08-22,08,quantile,0.5,21.0
2026-08-22,wk inc covid hosp,0,2026-08-22,08,quantile,0.55,22.0
2026-08-22,wk inc covid hosp,0,2026-08-22,08,quantile,0.6,23.0
2026-08-22,wk inc covid hosp,0,2026-08-22,08,quantile,0.65,25.0
2026-08-22,wk inc covid hosp,0,2026-08-22,08,quantile,0.7,26.0
2026-08-22,wk inc covid hosp,0,2026-08-22,08,quantile,0.75,28.0
2026-08-22,wk inc covid hosp,0,2026-08-22,08,quantile,0.8,30.0
2026-08-22,wk inc covid hosp,0,2026-08-22,08,quantile,0.85,33.0
2026-08-22,wk inc covid hosp,0,2026-08-22,08,quantile,0.9,37.0
2026-08-22,wk inc covid hosp,0,2026-08-22,08,quantile,0.95,41.0
2026-08-22,wk inc covid hosp,0,2026-08-22,08,quantile,0.975,46.0
2026-08-22,wk inc covid hosp,0,2026-08-22,08,quantile,0.99,51.0
2026-08-22,wk inc covid hosp,0,2026-08-22,09,quantile,0.01,0.0
2026-08-22,wk inc covid hosp,0,2026-08-22,09,quantile,0.025,0.0
2026-08-22,wk inc covid hosp,0,2026-08-22,09,quantile,0.05,0.0
2026-08-22,wk inc covid hosp,0,2026-08-22,09,quantile,0.1,1.0
2026-08-22,wk inc covid hosp,0,2026-08-22,09,quantile,0.15,3.0
2026-08-22,wk inc covid hosp,0,2026-08-22,09,quantile,0.2,5.0
2026-08-22,wk inc covid hosp,0,2026-08-22,09,quantile,0.25,6.0
2026-08-22,wk inc covid hosp,0,2026-08-22,09,quantile,0.3,6.0
2026-08-22,wk inc covid hosp,0,2026-08-22,09,quantile,0.35,8.0
2026-08-22,wk inc covid hosp,0,2026-08-22,09,quantile,0.4,9.0
2026-08-22,wk inc covid hosp,0,2026-08-22,09,quantile,0.45,10.0
2026-08-22,wk inc covid hosp,0,2026-08-22,09,quantile,0.5,11.0
2026-08-22,wk inc covid hosp,0,2026-08-22,09,quantile,0.55,12.0
2026-08-22,wk inc covid hosp,0,2026-08-22,09,quantile,0.6,13.0
2026-08-22,wk inc covid hosp,0,2026-08-22,09,quantile,0.65,15.0
2026-08-22,wk inc covid hosp,0,2026-08-22,09,quantile,0.7,16.0
2026-08-22,wk inc covid hosp,0,2026-08-22,09,quantile,0.75,18.0
2026-08-22,wk inc covid hosp,0,2026-08-22,09,quantile,0.8,20.0
2026-08-22,wk inc covid hosp,0,2026-08-22,09,quantile,0.85,22.0
2026-08-22,wk inc covid hosp,0,2026-08-22,09,quantile,0.9,25.0
2026-08-22,wk inc covid hosp,0,2026-08-22,09,quantile,0.95,29.0
2026-08-22,wk inc covid hosp,0,2026-08-22,09,quantile,0.975,33.0
2026-08-22,wk inc covid hosp,0,2026-08-22,09,quantile,0.99,38.0
2026-08-22,wk inc covid hosp,0,2026-08-22,10,quantile,0.01,0.0
2026-08-22,wk inc covid hosp,0,2026-08-22,10,quantile,0.025,0.0
2026-08-22,wk inc covid hosp,0,2026-08-22,10,quantile,0.05,0.0
2026-08-22,wk inc covid hosp,0,2026-08-22,10,quantile,0.1,0.0
2026-08-22,wk inc covid hosp,0,2026-08-22,10,quantile,0.15,1.0
2026-08-22,wk inc covid hosp,0,2026-08-22,10,quantile,0.2,1.0
2026-08-22,wk inc covid hosp,0,2026-08-22,10,quantile,0.25,2.0
2026-08-22,wk inc covid hosp,0,2026-08-22,10,quantile,0.3,2.0
2026-08-22,wk inc covid hosp,0,2026-08-22,10,quantile,0.35,2.0
2026-08-22,wk inc covid hosp,0,2026-08-22,10,quantile,0.4,3.0
2026-08-22,wk inc covid hosp,0,2026-08-22,10,quantile,0.45,3.0
2026-08-22,wk inc covid hosp,0,2026-08-22,10,quantile,0.5,4.0
2026-08-22,wk inc covid hosp,0,2026-08-22,10,quantile,0.55,4.0
2026-08-22,wk inc covid hosp,0,2026-08-22,10,quantile,0.6,4.0
2026-08-22,wk inc covid hosp,0,2026-08-22,10,quantile,0.65,5.0
2026-08-22,wk inc covid hosp,0,2026-08-22,10,quantile,0.7,5.0
2026-08-22,wk inc covid hosp,0,2026-08-22,10,quantile,0.75,6.0
2026-08-22,wk inc covid hosp,0,2026-08-22,10,quantile,0.8,6.0
2026-08-22,wk inc covid hosp,0,2026-08-22,10,quantile,0.85,7.0
2026-08-22,wk inc covid hosp,0,2026-08-22,10,quantile,0.9,8.0
2026-08-22,wk inc covid hosp,0,2026-08-22,10,quantile,0.95,9.0
2026-08-22,wk inc covid hosp,0,2026-08-22,10,quantile,0.975,10.0
2026-08-22,wk inc covid hosp,0,2026-08-22,10,quantile,0.99,12.0
2026-08-22,wk inc covid hosp,0,2026-08-22,11,quantile,0.01,0.0
2026-08-22,wk inc covid hosp,0,2026-08-22,11,quantile,0.025,1.0
2026-08-22,wk inc covid hosp,0,2026-08-22,11,quantile,0.05,1.0
2026-08-22,wk inc covid hosp,0,2026-08-22,11,quantile,0.1,2.0
2026-08-22,wk inc covid hosp,0,2026-08-22,11,quantile,0.15,3.0
2026-08-22,wk inc covid hosp,0,2026-08-22,11,quantile,0.2,3.0
2026-08-22,wk inc covid hosp,0,2026-08-22,11,quantile,0.25,4.0
2026-08-22,wk inc covid hosp,0,2026-08-22,11,quantile,0.3,4.0
2026-08-22,wk inc covid hosp,0,2026-08-22,11,quantile,0.35,5.0
2026-08-22,wk inc covid hosp,0,2026-08-22,11,quantile,0.4,5.0
2026-08-22,wk inc covid hosp,0,2026-08-22,11,quantile,0.45,5.0
2026-08-22,wk inc covid hosp,0,2026-08-22,11,quantile,0.5,6.0
2026-08-22,wk inc covid hosp,0,2026-08-22,11,quantile,0.55,6.0
2026-08-22,wk inc covid hosp,0,2026-08-22,11,quantile,0.6,7.0
2026-08-22,wk inc covid hosp,0,2026-08-22,11,quantile,0.65,7.0
2026-08-22,wk inc covid hosp,0,2026-08-22,11,quantile,0.7,8.0
2026-08-22,wk inc covid hosp,0,2026-08-22,11,quantile,0.75,8.0
2026-08-22,wk inc covid hosp,0,2026-08-22,11,quantile,0.8,9.0
2026-08-22,wk inc covid hosp,0,2026-08-22,11,quantile,0.85,10.0
2026-08-22,wk inc covid hosp,0,2026-08-22,11,quantile,0.9,11.0
2026-08-22,wk inc covid hosp,0,2026-08-22,11,quantile,0.95,13.0
2026-08-22,wk inc covid hosp,0,2026-08-22,11,quantile,0.975,14.0
2026-08-22,wk inc covid hosp,0,2026-08-22,11,quantile,0.99,17.0
2026-08-22,wk inc covid hosp,0,2026-08-22,12,quantile,0.01,182.0
2026-08-22,wk inc covid hosp,0,2026-08-22,12,quantile,0.025,203.0
2026-08-22,wk inc covid hosp,0,2026-08-22,12,quantile,0.05,226.0
2026-08-22,wk inc covid hosp,0,2026-08-22,12,quantile,0.1,254.0
2026-08-22,wk inc covid hosp,0,2026-08-22,12,quantile,0.15,271.0
2026-08-22,wk inc covid hosp,0,2026-08-22,12,quantile,0.2,286.0
2026-08-22,wk inc covid hosp,0,2026-08-22,12,quantile,0.25,300.0
2026-08-22,wk inc covid hosp,0,2026-08-22,12,quantile,0.3,313.0
2026-08-22,wk inc covid hosp,0,2026-08-22,12,quantile,0.35,323.0
2026-08-22,wk inc covid hosp,0,2026-08-22,12,quantile,0.4,335.0
2026-08-22,wk inc covid hosp,0,2026-08-22,12,quantile,0.45,348.0
2026-08-22,wk inc covid hosp,0,2026-08-22,12,quantile,0.5,361.0
2026-08-22,wk inc covid hosp,0,2026-08-22,12,quantile,0.55,373.0
2026-08-22,wk inc covid hosp,0,2026-08-22,12,quantile,0.6,384.0
2026-08-22,wk inc covid hosp,0,2026-08-22,12,quantile,0.65,397.0
2026-08-22,wk inc covid hosp,0,2026-08-22,12,quantile,0.7,411.0
2026-08-22,wk inc covid hosp,0,2026-08-22,12,quantile,0.75,426.0
2026-08-22,wk inc covid hosp,0,2026-08-22,12,quantile,0.8,443.0
2026-08-22,wk inc covid hosp,0,2026-08-22,12,quantile,0.85,465.0
2026-08-22,wk inc covid hosp,0,2026-08-22,12,quantile,0.9,501.0
2026-08-22,wk inc covid hosp,0,2026-08-22,12,quantile,0.95,540.0
2026-08-22,wk inc covid hosp,0,2026-08-22,12,quantile,0.975,585.0
2026-08-22,wk inc covid hosp,0,2026-08-22,12,quantile,0.99,632.0
2026-08-22,wk inc covid hosp,0,2026-08-22,13,quantile,0.01,33.0
2026-08-22,wk inc covid hosp,0,2026-08-22,13,quantile,0.025,41.0
2026-08-22,wk inc covid hosp,0,2026-08-22,13,quantile,0.05,48.0
2026-08-22,wk inc covid hosp,0,2026-08-22,13,quantile,0.1,58.0
2026-08-22,wk inc covid hosp,0,2026-08-22,13,quantile,0.15,62.0
2026-08-22,wk inc covid hosp,0,2026-08-22,13,quantile,0.2,69.0
2026-08-22,wk inc covid hosp,0,2026-08-22,13,quantile,0.25,73.0
2026-08-22,wk inc covid hosp,0,2026-08-22,13,quantile,0.3,78.0
2026-08-22,wk inc covid hosp,0,2026-08-22,13,quantile,0.35,81.0
2026-08-22,wk inc covid hosp,0,2026-08-22,13,quantile,0.4,85.0
2026-08-22,wk inc covid hosp,0,2026-08-22,13,quantile,0.45,89.0
2026-08-22,wk inc covid hosp,0,2026-08-22,13,quantile,0.5,92.0
2026-08-22,wk inc covid hosp,0,2026-08-22,13,quantile,0.55,96.0
2026-08-22,wk inc covid hosp,0,2026-08-22,13,quantile,0.6,100.0
2026-08-22,wk inc covid hosp,0,2026-08-22,13,quantile,0.65,104.0
2026-08-22,wk inc covid hosp,0,2026-08-22,13,quantile,0.7,108.0
2026-08-22,wk inc covid hosp,0,2026-08-22,13,quantile,0.75,112.0
2026-08-22,wk inc covid hosp,0,2026-08-22,13,quantile,0.8,118.0
2026-08-22,wk inc covid hosp,0,2026-08-22,13,quantile,0.85,124.0
2026-08-22,wk inc covid hosp,0,2026-08-22,13,quantile,0.9,132.0
2026-08-22,wk inc covid hosp,0,2026-08-22,13,quantile,0.95,143.0
2026-08-22,wk inc covid hosp,0,2026-08-22,13,quantile,0.975,153.0
2026-08-22,wk inc covid hosp,0,2026-08-22,13,quantile,0.99,167.0
2026-08-22,wk inc covid hosp,0,2026-08-22,15,quantile,0.01,6.0
2026-08-22,wk inc covid hosp,0,2026-08-22,15,quantile,0.025,8.0
2026-08-22,wk inc covid hosp,0,2026-08-22,15,quantile,0.05,10.0
2026-08-22,wk inc covid hosp,0,2026-08-22,15,quantile,0.1,13.0
2026-08-22,wk inc covid hosp,0,2026-08-22,15,quantile,0.15,15.0
2026-08-22,wk inc covid hosp,0,2026-08-22,15,quantile,0.2,17.0
2026-08-22,wk inc covid hosp,0,2026-08-22,15,quantile,0.25,18.0
2026-08-22,wk inc covid hosp,0,2026-08-22,15,quantile,0.3,19.0
2026-08-22,wk inc covid hosp,0,2026-08-22,15,quantile,0.35,20.0
2026-08-22,wk inc covid hosp,0,2026-08-22,15,quantile,0.4,22.0
2026-08-22,wk inc covid hosp,0,2026-08-22,15,quantile,0.45,23.0
2026-08-22,wk inc covid hosp,0,2026-08-22,15,quantile,0.5,24.0
2026-08-22,wk inc covid hosp,0,2026-08-22,15,quantile,0.55,26.0
2026-08-22,wk inc covid hosp,0,2026-08-22,15,quantile,0.6,27.0
2026-08-22,wk inc covid hosp,0,2026-08-22,15,quantile,0.65,29.0
2026-08-22,wk inc covid hosp,0,2026-08-22,15,quantile,0.7,30.0
2026-08-22,wk inc covid hosp,0,2026-08-22,15,quantile,0.75,32.0
2026-08-22,wk inc covid hosp,0,2026-08-22,15,quantile,0.8,35.0
2026-08-22,wk inc covid hosp,0,2026-08-22,15,quantile,0.85,38.0
2026-08-22,wk inc covid hosp,0,2026-08-22,15,quantile,0.9,42.0
2026-08-22,wk inc covid hosp,0,2026-08-22,15,quantile,0.95,46.0
2026-08-22,wk inc covid hosp,0,2026-08-22,15,quantile,0.975,52.0
2026-08-22,wk inc covid hosp,0,2026-08-22,15,quantile,0.99,60.0
2026-08-22,wk inc covid hosp,0,2026-08-22,16,quantile,0.01,0.0
2026-08-22,wk inc covid hosp,0,2026-08-22,16,quantile,0.025,0.0
2026-08-22,wk inc covid hosp,0,2026-08-22,16,quantile,0.05,0.0
2026-08-22,wk inc covid hosp,0,2026-08-22,16,quantile,0.1,1.0
2026-08-22,wk inc covid hosp,0,2026-08-22,16,quantile,0.15,1.0
2026-08-22,wk inc covid hosp,0,2026-08-22,16,quantile,0.2,2.0
2026-08-22,wk inc covid hosp,0,2026-08-22,16,quantile,0.25,3.0
2026-08-22,wk inc covid hosp,0,2026-08-22,16,quantile,0.3,3.0
2026-08-22,wk inc covid hosp,0,2026-08-22,16,quantile,0.35,4.0
2026-08-22,wk inc covid hosp,0,2026-08-22,16,quantile,0.4,4.0
2026-08-22,wk inc covid hosp,0,2026-08-22,16,quantile,0.45,5.0
2026-08-22,wk inc covid hosp,0,2026-08-22,16,quantile,0.5,5.0
2026-08-22,wk inc covid hosp,0,2026-08-22,16,quantile,0.55,6.0
2026-08-22,wk inc covid hosp,0,2026-08-22,16,quantile,0.6,6.0
2026-08-22,wk inc covid hosp,0,2026-08-22,16,quantile,0.65,7.0
2026-08-22,wk inc covid hosp,0,2026-08-22,16,quantile,0.7,8.0
2026-08-22,wk inc covid hosp,0,2026-08-22,16,quantile,0.75,8.0
2026-08-22,wk inc covid hosp,0,2026-08-22,16,quantile,0.8,9.0
2026-08-22,wk inc covid hosp,0,2026-08-22,16,quantile,0.85,10.0
2026-08-22,wk inc covid hosp,0,2026-08-22,16,quantile,0.9,12.0
2026-08-22,wk inc covid hosp,0,2026-08-22,16,quantile,0.95,13.0
2026-08-22,wk inc covid hosp,0,2026-08-22,16,quantile,0.975,15.0
2026-08-22,wk inc covid hosp,0,2026-08-22,16,quantile,0.99,18.0
2026-08-22,wk inc covid hosp,0,2026-08-22,17,quantile,0.01,12.0
2026-08-22,wk inc covid hosp,0,2026-08-22,17,quantile,0.025,18.0
2026-08-22,wk inc covid hosp,0,2026-08-22,17,quantile,0.05,22.0
2026-08-22,wk inc covid hosp,0,2026-08-22,17,quantile,0.1,29.0
2026-08-22,wk inc covid hosp,0,2026-08-22,17,quantile,0.15,33.0
2026-08-22,wk inc covid hosp,0,2026-08-22,17,quantile,0.2,37.0
2026-08-22,wk inc covid hosp,0,2026-08-22,17,quantile,0.25,41.0
2026-08-22,wk inc covid hosp,0,2026-08-22,17,quantile,0.3,44.0
2026-08-22,wk inc covid hosp,0,2026-08-22,17,quantile,0.35,46.0
2026-08-22,wk inc covid hosp,0,2026-08-22,17,quantile,0.4,49.0
2026-08-22,wk inc covid hosp,0,2026-08-22,17,quantile,0.45,51.0
2026-08-22,wk inc covid hosp,0,2026-08-22,17,quantile,0.5,54.0
2026-08-22,wk inc covid hosp,0,2026-08-22,17,quantile,0.55,56.0
2026-08-22,wk inc covid hosp,0,2026-08-22,17,quantile,0.6,59.0
2026-08-22,wk inc covid hosp,0,2026-08-22,17,quantile,0.65,62.0
2026-08-22,wk inc covid hosp,0,2026-08-22,17,quantile,0.7,64.0
2026-08-22,wk inc covid hosp,0,2026-08-22,17,quantile,0.75,67.0
2026-08-22,wk inc covid hosp,0,2026-08-22,17,quantile,0.8,71.0
2026-08-22,wk inc covid hosp,0,2026-08-22,17,quantile,0.85,74.0
2026-08-22,wk inc covid hosp,0,2026-08-22,17,quantile,0.9,80.0
2026-08-22,wk inc covid hosp,0,2026-08-22,17,quantile,0.95,87.0
2026-08-22,wk inc covid hosp,0,2026-08-22,17,quantile,0.975,93.0
2026-08-22,wk inc covid hosp,0,2026-08-22,17,quantile,0.99,103.0
2026-08-22,wk inc covid hosp,0,2026-08-22,18,quantile,0.01,4.0
2026-08-22,wk inc covid hosp,0,2026-08-22,18,quantile,0.025,8.0
2026-08-22,wk inc covid hosp,0,2026-08-22,18,quantile,0.05,12.0
2026-08-22,wk inc covid hosp,0,2026-08-22,18,quantile,0.1,16.0
2026-08-22,wk inc covid hosp,0,2026-08-22,18,quantile,0.15,19.0
2026-08-22,wk inc covid hosp,0,2026-08-22,18,quantile,0.2,21.0
2026-08-22,wk inc covid hosp,0,2026-08-22,18,quantile,0.25,24.0
2026-08-22,wk inc covid hosp,0,2026-08-22,18,quantile,0.3,26.0
2026-08-22,wk inc covid hosp,0,2026-08-22,18,quantile,0.35,27.0
2026-08-22,wk inc covid hosp,0,2026-08-22,18,quantile,0.4,29.0
2026-08-22,wk inc covid hosp,0,2026-08-22,18,quantile,0.45,31.0
2026-08-22,wk inc covid hosp,0,2026-08-22,18,quantile,0.5,33.0
2026-08-22,wk inc covid hosp,0,2026-08-22,18,quantile,0.55,35.0
2026-08-22,wk inc covid hosp,0,2026-08-22,18,quantile,0.6,37.0
2026-08-22,wk inc covid hosp,0,2026-08-22,18,quantile,0.65,39.0
2026-08-22,wk inc covid hosp,0,2026-08-22,18,quantile,0.7,40.0
2026-08-22,wk inc covid hosp,0,2026-08-22,18,quantile,0.75,43.0
2026-08-22,wk inc covid hosp,0,2026-08-22,18,quantile,0.8,45.0
2026-08-22,wk inc covid hosp,0,2026-08-22,18,quantile,0.85,49.0
2026-08-22,wk inc covid hosp,0,2026-08-22,18,quantile,0.9,54.0
2026-08-22,wk inc covid hosp,0,2026-08-22,18,quantile,0.95,60.0
2026-08-22,wk inc covid hosp,0,2026-08-22,18,quantile,0.975,66.0
2026-08-22,wk inc covid hosp,0,2026-08-22,18,quantile,0.99,73.0
2026-08-22,wk inc covid hosp,0,2026-08-22,19,quantile,0.01,0.0
2026-08-22,wk inc covid hosp,0,2026-08-22,19,quantile,0.025,0.0
2026-08-22,wk inc covid hosp,0,2026-08-22,19,quantile,0.05,0.0
2026-08-22,wk inc covid hosp,0,2026-08-22,19,quantile,0.1,0.0
2026-08-22,wk inc covid hosp,0,2026-08-22,19,quantile,0.15,2.0
2026-08-22,wk inc covid hosp,0,2026-08-22,19,quantile,0.2,3.0
2026-08-22,wk inc covid hosp,0,2026-08-22,19,quantile,0.25,3.0
2026-08-22,wk inc covid hosp,0,2026-08-22,19,quantile,0.3,4.0
2026-08-22,wk inc covid hosp,0,2026-08-22,19,quantile,0.35,5.0
2026-08-22,wk inc covid hosp,0,2026-08-22,19,quantile,0.4,6.0
2026-08-22,wk inc covid hosp,0,2026-08-22,19,quantile,0.45,7.0
2026-08-22,wk inc covid hosp,0,2026-08-22,19,quantile,0.5,7.0
2026-08-22,wk inc covid hosp,0,2026-08-22,19,quantile,0.55,8.0
2026-08-22,wk inc covid hosp,0,2026-08-22,19,quantile,0.6,9.0
2026-08-22,wk inc covid hosp,0,2026-08-22,19,quantile,0.65,10.0
2026-08-22,wk inc covid hosp,0,2026-08-22,19,quantile,0.7,11.0
2026-08-22,wk inc covid hosp,0,2026-08-22,19,quantile,0.75,12.0
2026-08-22,wk inc covid hosp,0,2026-08-22,19,quantile,0.8,13.0
2026-08-22,wk inc covid hosp,0,2026-08-22,19,quantile,0.85,15.0
2026-08-22,wk inc covid hosp,0,2026-08-22,19,quantile,0.9,17.0
2026-08-22,wk inc covid hosp,0,2026-08-22,19,quantile,0.95,19.0
2026-08-22,wk inc covid hosp,0,2026-08-22,19,quantile,0.975,22.0
2026-08-22,wk inc covid hosp,0,2026-08-22,19,quantile,0.99,25.0
2026-08-22,wk inc covid hosp,0,2026-08-22,20,quantile,0.01,0.0
2026-08-22,wk inc covid hosp,0,2026-08-22,20,quantile,0.025,0.0
2026-08-22,wk inc covid hosp,0,2026-08-22,20,quantile,0.05,0.0
2026-08-22,wk inc covid hosp,0,2026-08-22,20,quantile,0.1,2.0
2026-08-22,wk inc covid hosp,0,2026-08-22,20,quantile,0.15,3.0
2026-08-22,wk inc covid hosp,0,2026-08-22,20,quantile,0.2,4.0
2026-08-22,wk inc covid hosp,0,2026-08-22,20,quantile,0.25,5.0
2026-08-22,wk inc covid hosp,0,2026-08-22,20,quantile,0.3,5.0
2026-08-22,wk inc covid hosp,0,2026-08-22,20,quantile,0.35,6.0
2026-08-22,wk inc covid hosp,0,2026-08-22,20,quantile,0.4,7.0
2026-08-22,wk inc covid hosp,0,2026-08-22,20,quantile,0.45,8.0
2026-08-22,wk inc covid hosp,0,2026-08-22,20,quantile,0.5,9.0
2026-08-22,wk inc covid hosp,0,2026-08-22,20,quantile,0.55,9.0
2026-08-22,wk inc covid hosp,0,2026-08-22,20,quantile,0.6,10.0
2026-08-22,wk inc covid hosp,0,2026-08-22,20,quantile,0.65,11.0
2026-08-22,wk inc covid hosp,0,2026-08-22,20,quantile,0.7,12.0
2026-08-22,wk inc covid hosp,0,2026-08-22,20,quantile,0.75,13.0
2026-08-22,wk inc covid hosp,0,2026-08-22,20,quantile,0.8,14.0
2026-08-22,wk inc covid hosp,0,2026-08-22,20,quantile,0.85,16.0
2026-08-22,wk inc covid hosp,0,2026-08-22,20,quantile,0.9,18.0
2026-08-22,wk inc covid hosp,0,2026-08-22,20,quantile,0.95,20.0
2026-08-22,wk inc covid hosp,0,2026-08-22,20,quantile,0.975,23.0
2026-08-22,wk inc covid hosp,0,2026-08-22,20,quantile,0.99,26.0
2026-08-22,wk inc covid hosp,0,2026-08-22,21,quantile,0.01,2.0
2026-08-22,wk inc covid hosp,0,2026-08-22,21,quantile,0.025,5.0
2026-08-22,wk inc covid hosp,0,2026-08-22,21,quantile,0.05,8.0
2026-08-22,wk inc covid hosp,0,2026-08-22,21,quantile,0.1,11.0
2026-08-22,wk inc covid hosp,0,2026-08-22,21,quantile,0.15,13.0
2026-08-22,wk inc covid hosp,0,2026-08-22,21,quantile,0.2,15.0
2026-08-22,wk inc covid hosp,0,2026-08-22,21,quantile,0.25,17.0
2026-08-22,wk inc covid hosp,0,2026-08-22,21,quantile,0.3,18.0
2026-08-22,wk inc covid hosp,0,2026-08-22,21,quantile,0.35,20.0
2026-08-22,wk inc covid hosp,0,2026-08-22,21,quantile,0.4,21.0
2026-08-22,wk inc covid hosp,0,2026-08-22,21,quantile,0.45,23.0
2026-08-22,wk inc covid hosp,0,2026-08-22,21,quantile,0.5,24.0
2026-08-22,wk inc covid hosp,0,2026-08-22,21,quantile,0.55,26.0
2026-08-22,wk inc covid hosp,0,2026-08-22,21,quantile,0.6,27.0
2026-08-22,wk inc covid hosp,0,2026-08-22,21,quantile,0.65,29.0
2026-08-22,wk inc covid hosp,0,2026-08-22,21,quantile,0.7,31.0
2026-08-22,wk inc covid hosp,0,2026-08-22,21,quantile,0.75,33.0
2026-08-22,wk inc covid hosp,0,2026-08-22,21,quantile,0.8,36.0
2026-08-22,wk inc covid hosp,0,2026-08-22,21,quantile,0.85,39.0
2026-08-22,wk inc covid hosp,0,2026-08-22,21,quantile,0.9,42.0
2026-08-22,wk inc covid hosp,0,2026-08-22,21,quantile,0.95,47.0
2026-08-22,wk inc covid hosp,0,2026-08-22,21,quantile,0.975,53.0
2026-08-22,wk inc covid hosp,0,2026-08-22,21,quantile,0.99,59.0
2026-08-22,wk inc covid hosp,0,2026-08-22,22,quantile,0.01,24.0
2026-08-22,wk inc covid hosp,0,2026-08-22,22,quantile,0.025,28.0
2026-08-22,wk inc covid hosp,0,2026-08-22,22,quantile,0.05,32.0
2026-08-22,wk inc covid hosp,0,2026-08-22,22,quantile,0.1,37.0
2026-08-22,wk inc covid hosp,0,2026-08-22,22,quantile,0.15,40.0
2026-08-22,wk inc covid hosp,0,2026-08-22,22,quantile,0.2,43.0
2026-08-22,wk inc covid hosp,0,2026-08-22,22,quantile,0.25,45.0
2026-08-22,wk inc covid hosp,0,2026-08-22,22,quantile,0.3,47.0
2026-08-22,wk inc covid hosp,0,2026-08-22,22,quantile,0.35,49.0
2026-08-22,wk inc covid hosp,0,2026-08-22,22,quantile,0.4,51.0
2026-08-22,wk inc covid hosp,0,2026-08-22,22,quantile,0.45,54.0
2026-08-22,wk inc covid hosp,0,2026-08-22,22,quantile,0.5,56.0
2026-08-22,wk inc covid hosp,0,2026-08-22,22,quantile,0.55,58.0
2026-08-22,wk inc covid hosp,0,2026-08-22,22,quantile,0.6,60.0
2026-08-22,wk inc covid hosp,0,2026-08-22,22,quantile,0.65,62.0
2026-08-22,wk inc covid hosp,0,2026-08-22,22,quantile,0.7,65.0
2026-08-22,wk inc covid hosp,0,2026-08-22,22,quantile,0.75,67.0
2026-08-22,wk inc covid hosp,0,2026-08-22,22,quantile,0.8,70.0
2026-08-22,wk inc covid hosp,0,2026-08-22,22,quantile,0.85,74.0
2026-08-22,wk inc covid hosp,0,2026-08-22,22,quantile,0.9,81.0
2026-08-22,wk inc covid hosp,0,2026-08-22,22,quantile,0.95,87.0
2026-08-22,wk inc covid hosp,0,2026-08-22,22,quantile,0.975,95.0
2026-08-22,wk inc covid hosp,0,2026-08-22,22,quantile,0.99,104.0
2026-08-22,wk inc covid hosp,0,2026-08-22,23,quantile,0.01,0.0
2026-08-22,wk inc covid hosp,0,2026-08-22,23,quantile,0.025,0.0
2026-08-22,wk inc covid hosp,0,2026-08-22,23,quantile,0.05,0.0
2026-08-22,wk inc covid hosp,0,2026-08-22,23,quantile,0.1,0.0
2026-08-22,wk inc covid hosp,0,2026-08-22,23,quantile,0.15,0.0
2026-08-22,wk inc covid hosp,0,2026-08-22,23,quantile,0.2,1.0
2026-08-22,wk inc covid hosp,0,2026-08-22,23,quantile,0.25,1.0
2026-08-22,wk inc covid hosp,0,2026-08-22,23,quantile,0.3,1.0
2026-08-22,wk inc covid hosp,0,2026-08-22,23,quantile,0.35,2.0
2026-08-22,wk inc covid hosp,0,2026-08-22,23,quantile,0.4,2.0
2026-08-22,wk inc covid hosp,0,2026-08-22,23,quantile,0.45,3.0
2026-08-22,wk inc covid hosp,0,2026-08-22,23,quantile,0.5,3.0
2026-08-22,wk inc covid hosp,0,2026-08-22,23,quantile,0.55,4.0
2026-08-22,wk inc covid hosp,0,2026-08-22,23,quantile,0.6,4.0
2026-08-22,wk inc covid hosp,0,2026-08-22,23,quantile,0.65,5.0
2026-08-22,wk inc covid hosp,0,2026-08-22,23,quantile,0.7,5.0
2026-08-22,wk inc covid hosp,0,2026-08-22,23,quantile,0.75,6.0
2026-08-22,wk inc covid hosp,0,2026-08-22,23,quantile,0.8,7.0
2026-08-22,wk inc covid hosp,0,2026-08-22,23,quantile,0.85,8.0
2026-08-22,wk inc covid hosp,0,2026-08-22,23,quantile,0.9,9.0
2026-08-22,wk inc covid hosp,0,2026-08-22,23,quantile,0.95,10.0
2026-08-22,wk inc covid hosp,0,2026-08-22,23,quantile,0.975,12.0
2026-08-22,wk inc covid hosp,0,2026-08-22,23,quantile,0.99,14.0
2026-08-22,wk inc covid hosp,0,2026-08-22,24,quantile,0.01,0.0
2026-08-22,wk inc covid hosp,0,2026-08-22,24,quantile,0.025,2.0
2026-08-22,wk inc covid hosp,0,2026-08-22,24,quantile,0.05,5.0
2026-08-22,wk inc covid hosp,0,2026-08-22,24,quantile,0.1,8.0
2026-08-22,wk inc covid hosp,0,2026-08-22,24,quantile,0.15,10.0
2026-08-22,wk inc covid hosp,0,2026-08-22,24,quantile,0.2,11.0
2026-08-22,wk inc covid hosp,0,2026-08-22,24,quantile,0.25,13.0
2026-08-22,wk inc covid hosp,0,2026-08-22,24,quantile,0.3,14.0
2026-08-22,wk inc covid hosp,0,2026-08-22,24,quantile,0.35,16.0
2026-08-22,wk inc covid hosp,0,2026-08-22,24,quantile,0.4,17.0
2026-08-22,wk inc covid hosp,0,2026-08-22,24,quantile,0.45,18.0
2026-08-22,wk inc covid hosp,0,2026-08-22,24,quantile,0.5,20.0
2026-08-22,wk inc covid hosp,0,2026-08-22,24,quantile,0.55,21.0
2026-08-22,wk inc covid hosp,0,2026-08-22,24,quantile,0.6,22.0
2026-08-22,wk inc covid hosp,0,2026-08-22,24,quantile,0.65,24.0
2026-08-22,wk inc covid hosp,0,2026-08-22,24,quantile,0.7,25.0
2026-08-22,wk inc covid hosp,0,2026-08-22,24,quantile,0.75,27.0
2026-08-22,wk inc covid hosp,0,2026-08-22,24,quantile,0.8,29.0
2026-08-22,wk inc covid hosp,0,2026-08-22,24,quantile,0.85,31.0
2026-08-22,wk inc covid hosp,0,2026-08-22,24,quantile,0.9,35.0
2026-08-22,wk inc covid hosp,0,2026-08-22,24,quantile,0.95,39.0
2026-08-22,wk inc covid hosp,0,2026-08-22,24,quantile,0.975,43.0
2026-08-22,wk inc covid hosp,0,2026-08-22,24,quantile,0.99,48.0
2026-08-22,wk inc covid hosp,0,2026-08-22,25,quantile,0.01,14.0
2026-08-22,wk inc covid hosp,0,2026-08-22,25,quantile,0.025,18.0
2026-08-22,wk inc covid hosp,0,2026-08-22,25,quantile,0.05,22.0
2026-08-22,wk inc covid hosp,0,2026-08-22,25,quantile,0.1,27.0
2026-08-22,wk inc covid hosp,0,2026-08-22,25,quantile,0.15,30.0
2026-08-22,wk inc covid hosp,0,2026-08-22,25,quantile,0.2,33.0
2026-08-22,wk inc covid hosp,0,2026-08-22,25,quantile,0.25,36.0
2026-08-22,wk inc covid hosp,0,2026-08-22,25,quantile,0.3,38.0
2026-08-22,wk inc covid hosp,0,2026-08-22,25,quantile,0.35,40.0
2026-08-22,wk inc covid hosp,0,2026-08-22,25,quantile,0.4,43.0
2026-08-22,wk inc covid hosp,0,2026-08-22,25,quantile,0.45,44.0
2026-08-22,wk inc covid hosp,0,2026-08-22,25,quantile,0.5,46.0
2026-08-22,wk inc covid hosp,0,2026-08-22,25,quantile,0.55,48.0
2026-08-22,wk inc covid hosp,0,2026-08-22,25,quantile,0.6,51.0
2026-08-22,wk inc covid hosp,0,2026-08-22,25,quantile,0.65,53.0
2026-08-22,wk inc covid hosp,0,2026-08-22,25,quantile,0.7,55.0
2026-08-22,wk inc covid hosp,0,2026-08-22,25,quantile,0.75,57.0
2026-08-22,wk inc covid hosp,0,2026-08-22,25,quantile,0.8,60.0
2026-08-22,wk inc covid hosp,0,2026-08-22,25,quantile,0.85,63.0
2026-08-22,wk inc covid hosp,0,2026-08-22,25,quantile,0.9,68.0
2026-08-22,wk inc covid hosp,0,2026-08-22,25,quantile,0.95,74.0
2026-08-22,wk inc covid hosp,0,2026-08-22,25,quantile,0.975,79.0
2026-08-22,wk inc covid hosp,0,2026-08-22,25,quantile,0.99,88.0
2026-08-22,wk inc covid hosp,0,2026-08-22,26,quantile,0.01,0.0
2026-08-22,wk inc covid hosp,0,2026-08-22,26,quantile,0.025,0.0
2026-08-22,wk inc covid hosp,0,2026-08-22,26,quantile,0.05,0.0
2026-08-22,wk inc covid hosp,0,2026-08-22,26,quantile,0.1,5.0
2026-08-22,wk inc covid hosp,0,2026-08-22,26,quantile,0.15,9.0
2026-08-22,wk inc covid hosp,0,2026-08-22,26,quantile,0.2,14.0
2026-08-22,wk inc covid hosp,0,2026-08-22,26,quantile,0.25,17.0
2026-08-22,wk inc covid hosp,0,2026-08-22,26,quantile,0.3,21.0
2026-08-22,wk inc covid hosp,0,2026-08-22,26,quantile,0.35,23.0
2026-08-22,wk inc covid hosp,0,2026-08-22,26,quantile,0.4,26.0
2026-08-22,wk inc covid hosp,0,2026-08-22,26,quantile,0.45,29.0
2026-08-22,wk inc covid hosp,0,2026-08-22,26,quantile,0.5,31.0
2026-08-22,wk inc covid hosp,0,2026-08-22,26,quantile,0.55,34.0
2026-08-22,wk inc covid hosp,0,2026-08-22,26,quantile,0.6,38.0
2026-08-22,wk inc covid hosp,0,2026-08-22,26,quantile,0.65,40.0
2026-08-22,wk inc covid hosp,0,2026-08-22,26,quantile,0.7,44.0
2026-08-22,wk inc covid hosp,0,2026-08-22,26,quantile,0.75,47.0
2026-08-22,wk inc covid hosp,0,2026-08-22,26,quantile,0.8,51.0
2026-08-22,wk inc covid hosp,0,2026-08-22,26,quantile,0.85,56.0
2026-08-22,wk inc covid hosp,0,2026-08-22,26,quantile,0.9,62.0
2026-08-22,wk inc covid hosp,0,2026-08-22,26,quantile,0.95,71.0
2026-08-22,wk inc covid hosp,0,2026-08-22,26,quantile,0.975,79.0
2026-08-22,wk inc covid hosp,0,2026-08-22,26,quantile,0.99,90.0
2026-08-22,wk inc covid hosp,0,2026-08-22,27,quantile,0.01,0.0
2026-08-22,wk inc covid hosp,0,2026-08-22,27,quantile,0.025,0.0
2026-08-22,wk inc covid hosp,0,2026-08-22,27,quantile,0.05,1.0
2026-08-22,wk inc covid hosp,0,2026-08-22,27,quantile,0.1,3.0
2026-08-22,wk inc covid hosp,0,2026-08-22,27,quantile,0.15,5.0
2026-08-22,wk inc covid hosp,0,2026-08-22,27,quantile,0.2,7.0
2026-08-22,wk inc covid hosp,0,2026-08-22,27,quantile,0.25,8.0
2026-08-22,wk inc covid hosp,0,2026-08-22,27,quantile,0.3,9.0
2026-08-22,wk inc covid hosp,0,2026-08-22,27,quantile,0.35,10.0
2026-08-22,wk inc covid hosp,0,2026-08-22,27,quantile,0.4,12.0
2026-08-22,wk inc covid hosp,0,2026-08-22,27,quantile,0.45,13.0
2026-08-22,wk inc covid hosp,0,2026-08-22,27,quantile,0.5,14.0
2026-08-22,wk inc covid hosp,0,2026-08-22,27,quantile,0.55,15.0
2026-08-22,wk inc covid hosp,0,2026-08-22,27,quantile,0.6,16.0
2026-08-22,wk inc covid hosp,0,2026-08-22,27,quantile,0.65,18.0
2026-08-22,wk inc covid hosp,0,2026-08-22,27,quantile,0.7,19.0
2026-08-22,wk inc covid hosp,0,2026-08-22,27,quantile,0.75,20.0
2026-08-22,wk inc covid hosp,0,2026-08-22,27,quantile,0.8,22.0
2026-08-22,wk inc covid hosp,0,2026-08-22,27,quantile,0.85,24.0
2026-08-22,wk inc covid hosp,0,2026-08-22,27,quantile,0.9,28.0
2026-08-22,wk inc covid hosp,0,2026-08-22,27,quantile,0.95,31.0
2026-08-22,wk inc covid hosp,0,2026-08-22,27,quantile,0.975,35.0
2026-08-22,wk inc covid hosp,0,2026-08-22,27,quantile,0.99,40.0
2026-08-22,wk inc covid hosp,0,2026-08-22,28,quantile,0.01,21.0
2026-08-22,wk inc covid hosp,0,2026-08-22,28,quantile,0.025,24.0
2026-08-22,wk inc covid hosp,0,2026-08-22,28,quantile,0.05,28.0
2026-08-22,wk inc covid hosp,0,2026-08-22,28,quantile,0.1,31.0
2026-08-22,wk inc covid hosp,0,2026-08-22,28,quantile,0.15,34.0
2026-08-22,wk inc covid hosp,0,2026-08-22,28,quantile,0.2,36.0
2026-08-22,wk inc covid hosp,0,2026-08-22,28,quantile,0.25,38.0
2026-08-22,wk inc covid hosp,0,2026-08-22,28,quantile,0.3,39.0
2026-08-22,wk inc covid hosp,0,2026-08-22,28,quantile,0.35,41.0
2026-08-22,wk inc covid hosp,0,2026-08-22,28,quantile,0.4,42.0
2026-08-22,wk inc covid hosp,0,2026-08-22,28,quantile,0.45,44.0
2026-08-22,wk inc covid hosp,0,2026-08-22,28,quantile,0.5,46.0
2026-08-22,wk inc covid hosp,0,2026-08-22,28,quantile,0.55,48.0
2026-08-22,wk inc covid hosp,0,2026-08-22,28,quantile,0.6,50.0
2026-08-22,wk inc covid hosp,0,2026-08-22,28,quantile,0.65,51.0
2026-08-22,wk inc covid hosp,0,2026-08-22,28,quantile,0.7,53.0
2026-08-22,wk inc covid hosp,0,2026-08-22,28,quantile,0.75,55.0
2026-08-22,wk inc covid hosp,0,2026-08-22,28,quantile,0.8,58.0
2026-08-22,wk inc covid hosp,0,2026-08-22,28,quantile,0.85,61.0
2026-08-22,wk inc covid hosp,0,2026-08-22,28,quantile,0.9,66.0
2026-08-22,wk inc covid hosp,0,2026-08-22,28,quantile,0.95,72.0
2026-08-22,wk inc covid hosp,0,2026-08-22,28,quantile,0.975,78.0
2026-08-22,wk inc covid hosp,0,2026-08-22,28,quantile,0.99,85.0
2026-08-22,wk inc covid hosp,0,2026-08-22,29,quantile,0.01,7.0
2026-08-22,wk inc covid hosp,0,2026-08-22,29,quantile,0.025,10.0
2026-08-22,wk inc covid hosp,0,2026-08-22,29,quantile,0.05,13.0
2026-08-22,wk inc covid hosp,0,2026-08-22,29,quantile,0.1,17.0
2026-08-22,wk inc covid hosp,0,2026-08-22,29,quantile,0.15,19.0
2026-08-22,wk inc covid hosp,0,2026-08-22,29,quantile,0.2,21.0
2026-08-22,wk inc covid hosp,0,2026-08-22,29,quantile,0.25,23.0
2026-08-22,wk inc covid hosp,0,2026-08-22,29,quantile,0.3,25.0
2026-08-22,wk inc covid hosp,0,2026-08-22,29,quantile,0.35,26.0
2026-08-22,wk inc covid hosp,0,2026-08-22,29,quantile,0.4,28.0
2026-08-22,wk inc covid hosp,0,2026-08-22,29,quantile,0.45,29.0
2026-08-22,wk inc covid hosp,0,2026-08-22,29,quantile,0.5,31.0
2026-08-22,wk inc covid hosp,0,2026-08-22,29,quantile,0.55,32.0
2026-08-22,wk inc covid hosp,0,2026-08-22,29,quantile,0.6,34.0
2026-08-22,wk inc covid hosp,0,2026-08-22,29,quantile,0.65,35.0
2026-08-22,wk inc covid hosp,0,2026-08-22,29,quantile,0.7,37.0
2026-08-22,wk inc covid hosp,0,2026-08-22,29,quantile,0.75,39.0
2026-08-22,wk inc covid hosp,0,2026-08-22,29,quantile,0.8,41.0
2026-08-22,wk inc covid hosp,0,2026-08-22,29,quantile,0.85,44.0
2026-08-22,wk inc covid hosp,0,2026-08-22,29,quantile,0.9,48.0
2026-08-22,wk inc covid hosp,0,2026-08-22,29,quantile,0.95,52.0
2026-08-22,wk inc covid hosp,0,2026-08-22,29,quantile,0.975,58.0
2026-08-22,wk inc covid hosp,0,2026-08-22,29,quantile,0.99,63.0
2026-08-22,wk inc covid hosp,0,2026-08-22,30,quantile,0.01,0.0
2026-08-22,wk inc covid hosp,0,2026-08-22,30,quantile,0.025,0.0
2026-08-22,wk inc covid hosp,0,2026-08-22,30,quantile,0.05,0.0
2026-08-22,wk inc covid hosp,0,2026-08-22,30,quantile,0.1,0.0
2026-08-22,wk inc covid hosp,0,2026-08-22,30,quantile,0.15,1.0
2026-08-22,wk inc covid hosp,0,2026-08-22,30,quantile,0.2,1.0
2026-08-22,wk inc covid hosp,0,2026-08-22,30,quantile,0.25,2.0
2026-08-22,wk inc covid hosp,0,2026-08-22,30,quantile,0.3,2.0
2026-08-22,wk inc covid hosp,0,2026-08-22,30,quantile,0.35,2.0
2026-08-22,wk inc covid hosp,0,2026-08-22,30,quantile,0.4,3.0
2026-08-22,wk inc covid hosp,0,2026-08-22,30,quantile,0.45,3.0
2026-08-22,wk inc covid hosp,0,2026-08-22,30,quantile,0.5,4.0
2026-08-22,wk inc covid hosp,0,2026-08-22,30,quantile,0.55,4.0
2026-08-22,wk inc covid hosp,0,2026-08-22,30,quantile,0.6,5.0
2026-08-22,wk inc covid hosp,0,2026-08-22,30,quantile,0.65,5.0
2026-08-22,wk inc covid hosp,0,2026-08-22,30,quantile,0.7,6.0
2026-08-22,wk inc covid hosp,0,2026-08-22,30,quantile,0.75,7.0
2026-08-22,wk inc covid hosp,0,2026-08-22,30,quantile,0.8,8.0
2026-08-22,wk inc covid hosp,0,2026-08-22,30,quantile,0.85,8.0
2026-08-22,wk inc covid hosp,0,2026-08-22,30,quantile,0.9,10.0
2026-08-22,wk inc covid hosp,0,2026-08-22,30,quantile,0.95,11.0
2026-08-22,wk inc covid hosp,0,2026-08-22,30,quantile,0.975,13.0
2026-08-22,wk inc covid hosp,0,2026-08-22,30,quantile,0.99,15.0
2026-08-22,wk inc covid hosp,0,2026-08-22,31,quantile,0.01,0.0
2026-08-22,wk inc covid hosp,0,2026-08-22,31,quantile,0.025,0.0
2026-08-22,wk inc covid hosp,0,2026-08-22,31,quantile,0.05,0.0
2026-08-22,wk inc covid hosp,0,2026-08-22,31,quantile,0.1,0.0
2026-08-22,wk inc covid hosp,0,2026-08-22,31,quantile,0.15,0.0
2026-08-22,wk inc covid hosp,0,2026-08-22,31,quantile,0.2,0.0
2026-08-22,wk inc covid hosp,0,2026-08-22,31,quantile,0.25,1.0
2026-08-22,wk inc covid hosp,0,2026-08-22,31,quantile,0.3,1.0
2026-08-22,wk inc covid hosp,0,2026-08-22,31,quantile,0.35,2.0
2026-08-22,wk inc covid hosp,0,2026-08-22,31,quantile,0.4,2.0
2026-08-22,wk inc covid hosp,0,2026-08-22,31,quantile,0.45,3.0
2026-08-22,wk inc covid hosp,0,2026-08-22,31,quantile,0.5,3.0
2026-08-22,wk inc covid hosp,0,2026-08-22,31,quantile,0.55,4.0
2026-08-22,wk inc covid hosp,0,2026-08-22,31,quantile,0.6,4.0
2026-08-22,wk inc covid hosp,0,2026-08-22,31,quantile,0.65,5.0
2026-08-22,wk inc covid hosp,0,2026-08-22,31,quantile,0.7,6.0
2026-08-22,wk inc covid hosp,0,2026-08-22,31,quantile,0.75,6.0
2026-08-22,wk inc covid hosp,0,2026-08-22,31,quantile,0.8,7.0
2026-08-22,wk inc covid hosp,0,2026-08-22,31,quantile,0.85,8.0
2026-08-22,wk inc covid hosp,0,2026-08-22,31,quantile,0.9,10.0
2026-08-22,wk inc covid hosp,0,2026-08-22,31,quantile,0.95,11.0
2026-08-22,wk inc covid hosp,0,2026-08-22,31,quantile,0.975,13.0
2026-08-22,wk inc covid hosp,0,2026-08-22,31,quantile,0.99,16.0
2026-08-22,wk inc covid hosp,0,2026-08-22,32,quantile,0.01,6.0
2026-08-22,wk inc covid hosp,0,2026-08-22,32,quantile,0.025,8.0
2026-08-22,wk inc covid hosp,0,2026-08-22,32,quantile,0.05,10.0
2026-08-22,wk inc covid hosp,0,2026-08-22,32,quantile,0.1,13.0
2026-08-22,wk inc covid hosp,0,2026-08-22,32,quantile,0.15,14.0
2026-08-22,wk inc covid hosp,0,2026-08-22,32,quantile,0.2,15.0
2026-08-22,wk inc covid hosp,0,2026-08-22,32,quantile,0.25,17.0
2026-08-22,wk inc covid hosp,0,2026-08-22,32,quantile,0.3,18.0
2026-08-22,wk inc covid hosp,0,2026-08-22,32,quantile,0.35,18.0
2026-08-22,wk inc covid hosp,0,2026-08-22,32,quantile,0.4,19.0
2026-08-22,wk inc covid hosp,0,2026-08-22,32,quantile,0.45,20.0
2026-08-22,wk inc covid hosp,0,2026-08-22,32,quantile,0.5,22.0
2026-08-22,wk inc covid hosp,0,2026-08-22,32,quantile,0.55,23.0
2026-08-22,wk inc covid hosp,0,2026-08-22,32,quantile,0.6,23.0
2026-08-22,wk inc covid hosp,0,2026-08-22,32,quantile,0.65,25.0
2026-08-22,wk inc covid hosp,0,2026-08-22,32,quantile,0.7,26.0
2026-08-22,wk inc covid hosp,0,2026-08-22,32,quantile,0.75,27.0
2026-08-22,wk inc covid hosp,0,2026-08-22,32,quantile,0.8,28.0
2026-08-22,wk inc covid hosp,0,2026-08-22,32,quantile,0.85,30.0
2026-08-22,wk inc covid hosp,0,2026-08-22,32,quantile,0.9,33.0
2026-08-22,wk inc covid hosp,0,2026-08-22,32,quantile,0.95,36.0
2026-08-22,wk inc covid hosp,0,2026-08-22,32,quantile,0.975,40.0
2026-08-22,wk inc covid hosp,0,2026-08-22,32,quantile,0.99,43.0
2026-08-22,wk inc covid hosp,0,2026-08-22,33,quantile,0.01,0.0
2026-08-22,wk inc covid hosp,0,2026-08-22,33,quantile,0.025,0.0
2026-08-22,wk inc covid hosp,0,2026-08-22,33,quantile,0.05,1.0
2026-08-22,wk inc covid hosp,0,2026-08-22,33,quantile,0.1,3.0
2026-08-22,wk inc covid hosp,0,2026-08-22,33,quantile,0.15,4.0
2026-08-22,wk inc covid hosp,0,2026-08-22,33,quantile,0.2,5.0
2026-08-22,wk inc covid hosp,0,2026-08-22,33,quantile,0.25,6.0
2026-08-22,wk inc covid hosp,0,2026-08-22,33,quantile,0.3,7.0
2026-08-22,wk inc covid hosp,0,2026-08-22,33,quantile,0.35,7.0
2026-08-22,wk inc covid hosp,0,2026-08-22,33,quantile,0.4,8.0
2026-08-22,wk inc covid hosp,0,2026-08-22,33,quantile,0.45,9.0
2026-08-22,wk inc covid hosp,0,2026-08-22,33,quantile,0.5,10.0
2026-08-22,wk inc covid hosp,0,2026-08-22,33,quantile,0.55,11.0
2026-08-22,wk inc covid hosp,0,2026-08-22,33,quantile,0.6,11.0
2026-08-22,wk inc covid hosp,0,2026-08-22,33,quantile,0.65,12.0
2026-08-22,wk inc covid hosp,0,2026-08-22,33,quantile,0.7,14.0
2026-08-22,wk inc covid hosp,0,2026-08-22,33,quantile,0.75,15.0
2026-08-22,wk inc covid hosp,0,2026-08-22,33,quantile,0.8,16.0
2026-08-22,wk inc covid hosp,0,2026-08-22,33,quantile,0.85,18.0
2026-08-22,wk inc covid hosp,0,2026-08-22,33,quantile,0.9,20.0
2026-08-22,wk inc covid hosp,0,2026-08-22,33,quantile,0.95,23.0
2026-08-22,wk inc covid hosp,0,2026-08-22,33,quantile,0.975,27.0
2026-08-22,wk inc covid hosp,0,2026-08-22,33,quantile,0.99,30.0
2026-08-22,wk inc covid hosp,0,2026-08-22,34,quantile,0.01,12.0
2026-08-22,wk inc covid hosp,0,2026-08-22,34,quantile,0.025,19.0
2026-08-22,wk inc covid hosp,0,2026-08-22,34,quantile,0.05,25.0
2026-08-22,wk inc covid hosp,0,2026-08-22,34,quantile,0.1,32.0
2026-08-22,wk inc covid hosp,0,2026-08-22,34,quantile,0.15,36.0
2026-08-22,wk inc covid hosp,0,2026-08-22,34,quantile,0.2,41.0
2026-08-22,wk inc covid hosp,0,2026-08-22,34,quantile,0.25,45.0
2026-08-22,wk inc covid hosp,0,2026-08-22,34,quantile,0.3,49.0
2026-08-22,wk inc covid hosp,0,2026-08-22,34,quantile,0.35,51.0
2026-08-22,wk inc covid hosp,0,2026-08-22,34,quantile,0.4,55.0
2026-08-22,wk inc covid hosp,0,2026-08-22,34,quantile,0.45,57.0
2026-08-22,wk inc covid hosp,0,2026-08-22,34,quantile,0.5,60.0
2026-08-22,wk inc covid hosp,0,2026-08-22,34,quantile,0.55,63.0
2026-08-22,wk inc covid hosp,0,2026-08-22,34,quantile,0.6,67.0
2026-08-22,wk inc covid hosp,0,2026-08-22,34,quantile,0.65,70.0
2026-08-22,wk inc covid hosp,0,2026-08-22,34,quantile,0.7,73.0
2026-08-22,wk inc covid hosp,0,2026-08-22,34,quantile,0.75,77.0
2026-08-22,wk inc covid hosp,0,2026-08-22,34,quantile,0.8,81.0
2026-08-22,wk inc covid hosp,0,2026-08-22,34,quantile,0.85,86.0
2026-08-22,wk inc covid hosp,0,2026-08-22,34,quantile,0.9,93.0
2026-08-22,wk inc covid hosp,0,2026-08-22,34,quantile,0.95,103.0
2026-08-22,wk inc covid hosp,0,2026-08-22,34,quantile,0.975,111.0
2026-08-22,wk inc covid hosp,0,2026-08-22,34,quantile,0.99,123.0
2026-08-22,wk inc covid hosp,0,2026-08-22,35,quantile,0.01,0.0
2026-08-22,wk inc covid hosp,0,2026-08-22,35,quantile,0.025,0.0
2026-08-22,wk inc covid hosp,0,2026-08-22,35,quantile,0.05,0.0
2026-08-22,wk inc covid hosp,0,2026-08-22,35,quantile,0.1,2.0
2026-08-22,wk inc covid hosp,0,2026-08-22,35,quantile,0.15,3.0
2026-08-22,wk inc covid hosp,0,2026-08-22,35,quantile,0.2,4.0
2026-08-22,wk inc covid hosp,0,2026-08-22,35,quantile,0.25,5.0
2026-08-22,wk inc covid hosp,0,2026-08-22,35,quantile,0.3,5.0
2026-08-22,wk inc covid hosp,0,2026-08-22,35,quantile,0.35,6.0
2026-08-22,wk inc covid hosp,0,2026-08-22,35,quantile,0.4,7.0
2026-08-22,wk inc covid hosp,0,2026-08-22,35,quantile,0.45,8.0
2026-08-22,wk inc covid hosp,0,2026-08-22,35,quantile,0.5,8.0
2026-08-22,wk inc covid hosp,0,2026-08-22,35,quantile,0.55,9.0
2026-08-22,wk inc covid hosp,0,2026-08-22,35,quantile,0.6,10.0
2026-08-22,wk inc covid hosp,0,2026-08-22,35,quantile,0.65,11.0
2026-08-22,wk inc covid hosp,0,2026-08-22,35,quantile,0.7,11.0
2026-08-22,wk inc covid hosp,0,2026-08-22,35,quantile,0.75,13.0
2026-08-22,wk inc covid hosp,0,2026-08-22,35,quantile,0.8,14.0
2026-08-22,wk inc covid hosp,0,2026-08-22,35,quantile,0.85,15.0
2026-08-22,wk inc covid hosp,0,2026-08-22,35,quantile,0.9,17.0
2026-08-22,wk inc covid hosp,0,2026-08-22,35,quantile,0.95,19.0
2026-08-22,wk inc covid hosp,0,2026-08-22,35,quantile,0.975,22.0
2026-08-22,wk inc covid hosp,0,2026-08-22,35,quantile,0.99,26.0
2026-08-22,wk inc covid hosp,0,2026-08-22,36,quantile,0.01,63.0
2026-08-22,wk inc covid hosp,0,2026-08-22,36,quantile,0.025,75.0
2026-08-22,wk inc covid hosp,0,2026-08-22,36,quantile,0.05,85.0
2026-08-22,wk inc covid hosp,0,2026-08-22,36,quantile,0.1,98.0
2026-08-22,wk inc covid hosp,0,2026-08-22,36,quantile,0.15,106.0
2026-08-22,wk inc covid hosp,0,2026-08-22,36,quantile,0.2,114.0
2026-08-22,wk inc covid hosp,0,2026-08-22,36,quantile,0.25,121.0
2026-08-22,wk inc covid hosp,0,2026-08-22,36,quantile,0.3,127.0
2026-08-22,wk inc covid hosp,0,2026-08-22,36,quantile,0.35,132.0
2026-08-22,wk inc covid hosp,0,2026-08-22,36,quantile,0.4,138.0
2026-08-22,wk inc covid hosp,0,2026-08-22,36,quantile,0.45,142.0
2026-08-22,wk inc covid hosp,0,2026-08-22,36,quantile,0.5,148.0
2026-08-22,wk inc covid hosp,0,2026-08-22,36,quantile,0.55,153.0
2026-08-22,wk inc covid hosp,0,2026-08-22,36,quantile,0.6,159.0
2026-08-22,wk inc covid hosp,0,2026-08-22,36,quantile,0.65,164.0
2026-08-22,wk inc covid hosp,0,2026-08-22,36,quantile,0.7,169.0
2026-08-22,wk inc covid hosp,0,2026-08-22,36,quantile,0.75,175.0
2026-08-22,wk inc covid hosp,0,2026-08-22,36,quantile,0.8,182.0
2026-08-22,wk inc covid hosp,0,2026-08-22,36,quantile,0.85,190.0
2026-08-22,wk inc covid hosp,0,2026-08-22,36,quantile,0.9,201.0
2026-08-22,wk inc covid hosp,0,2026-08-22,36,quantile,0.95,217.0
2026-08-22,wk inc covid hosp,0,2026-08-22,36,quantile,0.975,229.0
2026-08-22,wk inc covid hosp,0,2026-08-22,36,quantile,0.99,250.0
2026-08-22,wk inc covid hosp,0,2026-08-22,37,quantile,0.01,61.0
2026-08-22,wk inc covid hosp,0,2026-08-22,37,quantile,0.025,69.0
2026-08-22,wk inc covid hosp,0,2026-08-22,37,quantile,0.05,76.0
2026-08-22,wk inc covid hosp,0,2026-08-22,37,quantile,0.1,86.0
2026-08-22,wk inc covid hosp,0,2026-08-22,37,quantile,0.15,91.0
2026-08-22,wk inc covid hosp,0,2026-08-22,37,quantile,0.2,97.0
2026-08-22,wk inc covid hosp,0,2026-08-22,37,quantile,0.25,102.0
2026-08-22,wk inc covid hosp,0,2026-08-22,37,quantile,0.3,107.0
2026-08-22,wk inc covid hosp,0,2026-08-22,37,quantile,0.35,110.0
2026-08-22,wk inc covid hosp,0,2026-08-22,37,quantile,0.4,114.0
2026-08-22,wk inc covid hosp,0,2026-08-22,37,quantile,0.45,117.0
2026-08-22,wk inc covid hosp,0,2026-08-22,37,quantile,0.5,121.0
2026-08-22,wk inc covid hosp,0,2026-08-22,37,quantile,0.55,125.0
2026-08-22,wk inc covid hosp,0,2026-08-22,37,quantile,0.6,130.0
2026-08-22,wk inc covid hosp,0,2026-08-22,37,quantile,0.65,133.0
2026-08-22,wk inc covid hosp,0,2026-08-22,37,quantile,0.7,137.0
2026-08-22,wk inc covid hosp,0,2026-08-22,37,quantile,0.75,142.0
2026-08-22,wk inc covid hosp,0,2026-08-22,37,quantile,0.8,147.0
2026-08-22,wk inc covid hosp,0,2026-08-22,37,quantile,0.85,153.0
2026-08-22,wk inc covid hosp,0,2026-08-22,37,quantile,0.9,161.0
2026-08-22,wk inc covid hosp,0,2026-08-22,37,quantile,0.95,172.0
2026-08-22,wk inc covid hosp,0,2026-08-22,37,quantile,0.975,181.0
2026-08-22,wk inc covid hosp,0,2026-08-22,37,quantile,0.99,197.0
2026-08-22,wk inc covid hosp,0,2026-08-22,38,quantile,0.01,0.0
2026-08-22,wk inc covid hosp,0,2026-08-22,38,quantile,0.025,0.0
2026-08-22,wk inc covid hosp,0,2026-08-22,38,quantile,0.05,0.0
2026-08-22,wk inc covid hosp,0,2026-08-22,38,quantile,0.1,0.0
2026-08-22,wk inc covid hosp,0,2026-08-22,38,quantile,0.15,0.0
2026-08-22,wk inc covid hosp,0,2026-08-22,38,quantile,0.2,0.0
2026-08-22,wk inc covid hosp,0,2026-08-22,38,quantile,0.25,0.0
2026-08-22,wk inc covid hosp,0,2026-08-22,38,quantile,0.3,0.0
2026-08-22,wk inc covid hosp,0,2026-08-22,38,quantile,0.35,1.0
2026-08-22,wk inc covid hosp,0,2026-08-22,38,quantile,0.4,1.0
2026-08-22,wk inc covid hosp,0,2026-08-22,38,quantile,0.45,1.0
2026-08-22,wk inc covid hosp,0,2026-08-22,38,quantile,0.5,1.0
2026-08-22,wk inc covid hosp,0,2026-08-22,38,quantile,0.55,2.0
2026-08-22,wk inc covid hosp,0,2026-08-22,38,quantile,0.6,2.0
2026-08-22,wk inc covid hosp,0,2026-08-22,38,quantile,0.65,2.0
2026-08-22,wk inc covid hosp,0,2026-08-22,38,quantile,0.7,2.0
2026-08-22,wk inc covid hosp,0,2026-08-22,38,quantile,0.75,3.0
2026-08-22,wk inc covid hosp,0,2026-08-22,38,quantile,0.8,3.0
2026-08-22,wk inc covid hosp,0,2026-08-22,38,quantile,0.85,4.0
2026-08-22,wk inc covid hosp,0,2026-08-22,38,quantile,0.9,5.0
2026-08-22,wk inc covid hosp,0,2026-08-22,38,quantile,0.95,5.0
2026-08-22,wk inc covid hosp,0,2026-08-22,38,quantile,0.975,6.0
2026-08-22,wk inc covid hosp,0,2026-08-22,38,quantile,0.99,8.0
2026-08-22,wk inc covid hosp,0,2026-08-22,39,quantile,0.01,8.0
2026-08-22,wk inc covid hosp,0,2026-08-22,39,quantile,0.025,13.0
2026-08-22,wk inc covid hosp,0,2026-08-22,39,quantile,0.05,18.0
2026-08-22,wk inc covid hosp,0,2026-08-22,39,quantile,0.1,25.0
2026-08-22,wk inc covid hosp,0,2026-08-22,39,quantile,0.15,29.0
2026-08-22,wk inc covid hosp,0,2026-08-22,39,quantile,0.2,33.0
2026-08-22,wk inc covid hosp,0,2026-08-22,39,quantile,0.25,36.0
2026-08-22,wk inc covid hosp,0,2026-08-22,39,quantile,0.3,40.0
2026-08-22,wk inc covid hosp,0,2026-08-22,39,quantile,0.35,42.0
2026-08-22,wk inc covid hosp,0,2026-08-22,39,quantile,0.4,45.0
2026-08-22,wk inc covid hosp,0,2026-08-22,39,quantile,0.45,47.0
2026-08-22,wk inc covid hosp,0,2026-08-22,39,quantile,0.5,50.0
2026-08-22,wk inc covid hosp,0,2026-08-22,39,quantile,0.55,52.0
2026-08-22,wk inc covid hosp,0,2026-08-22,39,quantile,0.6,55.0
2026-08-22,wk inc covid hosp,0,2026-08-22,39,quantile,0.65,58.0
2026-08-22,wk inc covid hosp,0,2026-08-22,39,quantile,0.7,61.0
2026-08-22,wk inc covid hosp,0,2026-08-22,39,quantile,0.75,63.0
2026-08-22,wk inc covid hosp,0,2026-08-22,39,quantile,0.8,67.0
2026-08-22,wk inc covid hosp,0,2026-08-22,39,quantile,0.85,71.0
2026-08-22,wk inc covid hosp,0,2026-08-22,39,quantile,0.9,76.0
2026-08-22,wk inc covid hosp,0,2026-08-22,39,quantile,0.95,84.0
2026-08-22,wk inc covid hosp,0,2026-08-22,39,quantile,0.975,90.0
2026-08-22,wk inc covid hosp,0,2026-08-22,39,quantile,0.99,100.0
2026-08-22,wk inc covid hosp,0,2026-08-22,40,quantile,0.01,0.0
2026-08-22,wk inc covid hosp,0,2026-08-22,40,quantile,0.025,0.0
2026-08-22,wk inc covid hosp,0,2026-08-22,40,quantile,0.05,0.0
2026-08-22,wk inc covid hosp,0,2026-08-22,40,quantile,0.1,1.0
2026-08-22,wk inc covid hosp,0,2026-08-22,40,quantile,0.15,2.0
2026-08-22,wk inc covid hosp,0,2026-08-22,40,quantile,0.2,3.0
2026-08-22,wk inc covid hosp,0,2026-08-22,40,quantile,0.25,5.0
2026-08-22,wk inc covid hosp,0,2026-08-22,40,quantile,0.3,6.0
2026-08-22,wk inc covid hosp,0,2026-08-22,40,quantile,0.35,6.0
2026-08-22,wk inc covid hosp,0,2026-08-22,40,quantile,0.4,7.0
2026-08-22,wk inc covid hosp,0,2026-08-22,40,quantile,0.45,8.0
2026-08-22,wk inc covid hosp,0,2026-08-22,40,quantile,0.5,10.0
2026-08-22,wk inc covid hosp,0,2026-08-22,40,quantile,0.55,10.0
2026-08-22,wk inc covid hosp,0,2026-08-22,40,quantile,0.6,11.0
2026-08-22,wk inc covid hosp,0,2026-08-22,40,quantile,0.65,12.0
2026-08-22,wk inc covid hosp,0,2026-08-22,40,quantile,0.7,13.0
2026-08-22,wk inc covid hosp,0,2026-08-22,40,quantile,0.75,15.0
2026-08-22,wk inc covid hosp,0,2026-08-22,40,quantile,0.8,16.0
2026-08-22,wk inc covid hosp,0,2026-08-22,40,quantile,0.85,18.0
2026-08-22,wk inc covid hosp,0,2026-08-22,40,quantile,0.9,21.0
2026-08-22,wk inc covid hosp,0,2026-08-22,40,quantile,0.95,24.0
2026-08-22,wk inc covid hosp,0,2026-08-22,40,quantile,0.975,27.0
2026-08-22,wk inc covid hosp,0,2026-08-22,40,quantile,0.99,31.0
2026-08-22,wk inc covid hosp,0,2026-08-22,41,quantile,0.01,0.0
2026-08-22,wk inc covid hosp,0,2026-08-22,41,quantile,0.025,0.0
2026-08-22,wk inc covid hosp,0,2026-08-22,41,quantile,0.05,2.0
2026-08-22,wk inc covid hosp,0,2026-08-22,41,quantile,0.1,5.0
2026-08-22,wk inc covid hosp,0,2026-08-22,41,quantile,0.15,6.0
2026-08-22,wk inc covid hosp,0,2026-08-22,41,quantile,0.2,8.0
2026-08-22,wk inc covid hosp,0,2026-08-22,41,quantile,0.25,9.0
2026-08-22,wk inc covid hosp,0,2026-08-22,41,quantile,0.3,10.0
2026-08-22,wk inc covid hosp,0,2026-08-22,41,quantile,0.35,11.0
2026-08-22,wk inc covid hosp,0,2026-08-22,41,quantile,0.4,12.0
2026-08-22,wk inc covid hosp,0,2026-08-22,41,quantile,0.45,13.0
2026-08-22,wk inc covid hosp,0,2026-08-22,41,quantile,0.5,15.0
2026-08-22,wk inc covid hosp,0,2026-08-22,41,quantile,0.55,16.0
2026-08-22,wk inc covid hosp,0,2026-08-22,41,quantile,0.6,17.0
2026-08-22,wk inc covid hosp,0,2026-08-22,41,quantile,0.65,18.0
2026-08-22,wk inc covid hosp,0,2026-08-22,41,quantile,0.7,19.0
2026-08-22,wk inc covid hosp,0,2026-08-22,41,quantile,0.75,21.0
2026-08-22,wk inc covid hosp,0,2026-08-22,41,quantile,0.8,22.0
2026-08-22,wk inc covid hosp,0,2026-08-22,41,quantile,0.85,24.0
2026-08-22,wk inc covid hosp,0,2026-08-22,41,quantile,0.9,27.0
2026-08-22,wk inc covid hosp,0,2026-08-22,41,quantile,0.95,30.0
2026-08-22,wk inc covid hosp,0,2026-08-22,41,quantile,0.975,34.0
2026-08-22,wk inc covid hosp,0,2026-08-22,41,quantile,0.99,38.0
2026-08-22,wk inc covid hosp,0,2026-08-22,42,quantile,0.01,20.0
2026-08-22,wk inc covid hosp,0,2026-08-22,42,quantile,0.025,30.0
2026-08-22,wk inc covid hosp,0,2026-08-22,42,quantile,0.05,37.0
2026-08-22,wk inc covid hosp,0,2026-08-22,42,quantile,0.1,47.0
2026-08-22,wk inc covid hosp,0,2026-08-22,42,quantile,0.15,53.0
2026-08-22,wk inc covid hosp,0,2026-08-22,42,quantile,0.2,60.0
2026-08-22,wk inc covid hosp,0,2026-08-22,42,quantile,0.25,65.0
2026-08-22,wk inc covid hosp,0,2026-08-22,42,quantile,0.3,72.0
2026-08-22,wk inc covid hosp,0,2026-08-22,42,quantile,0.35,75.0
2026-08-22,wk inc covid hosp,0,2026-08-22,42,quantile,0.4,80.0
2026-08-22,wk inc covid hosp,0,2026-08-22,42,quantile,0.45,84.0
2026-08-22,wk inc covid hosp,0,2026-08-22,42,quantile,0.5,88.0
2026-08-22,wk inc covid hosp,0,2026-08-22,42,quantile,0.55,92.0
2026-08-22,wk inc covid hosp,0,2026-08-22,42,quantile,0.6,97.0
2026-08-22,wk inc covid hosp,0,2026-08-22,42,quantile,0.65,101.0
2026-08-22,wk inc covid hosp,0,2026-08-22,42,quantile,0.7,106.0
2026-08-22,wk inc covid hosp,0,2026-08-22,42,quantile,0.75,111.0
2026-08-22,wk inc covid hosp,0,2026-08-22,42,quantile,0.8,117.0
2026-08-22,wk inc covid hosp,0,2026-08-22,42,quantile,0.85,124.0
2026-08-22,wk inc covid hosp,0,2026-08-22,42,quantile,0.9,133.0
2026-08-22,wk inc covid hosp,0,2026-08-22,42,quantile,0.95,147.0
2026-08-22,wk inc covid hosp,0,2026-08-22,42,quantile,0.975,159.0
2026-08-22,wk inc covid hosp,0,2026-08-22,42,quantile,0.99,173.0
2026-08-22,wk inc covid hosp,0,2026-08-22,44,quantile,0.01,2.0
2026-08-22,wk inc covid hosp,0,2026-08-22,44,quantile,0.025,3.0
2026-08-22,wk inc covid hosp,0,2026-08-22,44,quantile,0.05,4.0
2026-08-22,wk inc covid hosp,0,2026-08-22,44,quantile,0.1,5.0
2026-08-22,wk inc covid hosp,0,2026-08-22,44,quantile,0.15,6.0
2026-08-22,wk inc covid hosp,0,2026-08-22,44,quantile,0.2,7.0
2026-08-22,wk inc covid hosp,0,2026-08-22,44,quantile,0.25,8.0
2026-08-22,wk inc covid hosp,0,2026-08-22,44,quantile,0.3,8.0
2026-08-22,wk inc covid hosp,0,2026-08-22,44,quantile,0.35,9.0
2026-08-22,wk inc covid hosp,0,2026-08-22,44,quantile,0.4,9.0
2026-08-22,wk inc covid hosp,0,2026-08-22,44,quantile,0.45,10.0
2026-08-22,wk inc covid hosp,0,2026-08-22,44,quantile,0.5,11.0
2026-08-22,wk inc covid hosp,0,2026-08-22,44,quantile,0.55,11.0
2026-08-22,wk inc covid hosp,0,2026-08-22,44,quantile,0.6,12.0
2026-08-22,wk inc covid hosp,0,2026-08-22,44,quantile,0.65,13.0
2026-08-22,wk inc covid hosp,0,2026-08-22,44,quantile,0.7,14.0
2026-08-22,wk inc covid hosp,0,2026-08-22,44,quantile,0.75,15.0
2026-08-22,wk inc covid hosp,0,2026-08-22,44,quantile,0.8,16.0
2026-08-22,wk inc covid hosp,0,2026-08-22,44,quantile,0.85,17.0
2026-08-22,wk inc covid hosp,0,2026-08-22,44,quantile,0.9,19.0
2026-08-22,wk inc covid hosp,0,2026-08-22,44,quantile,0.95,21.0
2026-08-22,wk inc covid hosp,0,2026-08-22,44,quantile,0.975,24.0
2026-08-22,wk inc covid hosp,0,2026-08-22,44,quantile,0.99,27.0
2026-08-22,wk inc covid hosp,0,2026-08-22,45,quantile,0.01,7.0
2026-08-22,wk inc covid hosp,0,2026-08-22,45,quantile,0.025,10.0
2026-08-22,wk inc covid hosp,0,2026-08-22,45,quantile,0.05,13.0
2026-08-22,wk inc covid hosp,0,2026-08-22,45,quantile,0.1,17.0
2026-08-22,wk inc covid hosp,0,2026-08-22,45,quantile,0.15,19.0
2026-08-22,wk inc covid hosp,0,2026-08-22,45,quantile,0.2,21.0
2026-08-22,wk inc covid hosp,0,2026-08-22,45,quantile,0.25,23.0
2026-08-22,wk inc covid hosp,0,2026-08-22,45,quantile,0.3,25.0
2026-08-22,wk inc covid hosp,0,2026-08-22,45,quantile,0.35,27.0
2026-08-22,wk inc covid hosp,0,2026-08-22,45,quantile,0.4,28.0
2026-08-22,wk inc covid hosp,0,2026-08-22,45,quantile,0.45,29.0
2026-08-22,wk inc covid hosp,0,2026-08-22,45,quantile,0.5,31.0
2026-08-22,wk inc covid hosp,0,2026-08-22,45,quantile,0.55,33.0
2026-08-22,wk inc covid hosp,0,2026-08-22,45,quantile,0.6,34.0
2026-08-22,wk inc covid hosp,0,2026-08-22,45,quantile,0.65,36.0
2026-08-22,wk inc covid hosp,0,2026-08-22,45,quantile,0.7,38.0
2026-08-22,wk inc covid hosp,0,2026-08-22,45,quantile,0.75,39.0
2026-08-22,wk inc covid hosp,0,2026-08-22,45,quantile,0.8,41.0
2026-08-22,wk inc covid hosp,0,2026-08-22,45,quantile,0.85,44.0
2026-08-22,wk inc covid hosp,0,2026-08-22,45,quantile,0.9,47.0
2026-08-22,wk inc covid hosp,0,2026-08-22,45,quantile,0.95,52.0
2026-08-22,wk inc covid hosp,0,2026-08-22,45,quantile,0.975,56.0
2026-08-22,wk inc covid hosp,0,2026-08-22,45,quantile,0.99,62.0
2026-08-22,wk inc covid hosp,0,2026-08-22,46,quantile,0.01,0.0
2026-08-22,wk inc covid hosp,0,2026-08-22,46,quantile,0.025,0.0
2026-08-22,wk inc covid hosp,0,2026-08-22,46,quantile,0.05,0.0
2026-08-22,wk inc covid hosp,0,2026-08-22,46,quantile,0.1,0.0
2026-08-22,wk inc covid hosp,0,2026-08-22,46,quantile,0.15,0.0
2026-08-22,wk inc covid hosp,0,2026-08-22,46,quantile,0.2,1.0
2026-08-22,wk inc covid hosp,0,2026-08-22,46,quantile,0.25,1.0
2026-08-22,wk inc covid hosp,0,2026-08-22,46,quantile,0.3,2.0
2026-08-22,wk inc covid hosp,0,2026-08-22,46,quantile,0.35,2.0
2026-08-22,wk inc covid hosp,0,2026-08-22,46,quantile,0.4,2.0
2026-08-22,wk inc covid hosp,0,2026-08-22,46,quantile,0.45,3.0
2026-08-22,wk inc covid hosp,0,2026-08-22,46,quantile,0.5,3.0
2026-08-22,wk inc covid hosp,0,2026-08-22,46,quantile,0.55,4.0
2026-08-22,wk inc covid hosp,0,2026-08-22,46,quantile,0.6,4.0
2026-08-22,wk inc covid hosp,0,2026-08-22,46,quantile,0.65,4.0
2026-08-22,wk inc covid hosp,0,2026-08-22,46,quantile,0.7,5.0
2026-08-22,wk inc covid hosp,0,2026-08-22,46,quantile,0.75,5.0
2026-08-22,wk inc covid hosp,0,2026-08-22,46,quantile,0.8,6.0
2026-08-22,wk inc covid hosp,0,2026-08-22,46,quantile,0.85,7.0
2026-08-22,wk inc covid hosp,0,2026-08-22,46,quantile,0.9,8.0
2026-08-22,wk inc covid hosp,0,2026-08-22,46,quantile,0.95,9.0
2026-08-22,wk inc covid hosp,0,2026-08-22,46,quantile,0.975,11.0
2026-08-22,wk inc covid hosp,0,2026-08-22,46,quantile,0.99,13.0
2026-08-22,wk inc covid hosp,0,2026-08-22,47,quantile,0.01,15.0
2026-08-22,wk inc covid hosp,0,2026-08-22,47,quantile,0.025,20.0
2026-08-22,wk inc covid hosp,0,2026-08-22,47,quantile,0.05,24.0
2026-08-22,wk inc covid hosp,0,2026-08-22,47,quantile,0.1,29.0
2026-08-22,wk inc covid hosp,0,2026-08-22,47,quantile,0.15,33.0
2026-08-22,wk inc covid hosp,0,2026-08-22,47,quantile,0.2,36.0
2026-08-22,wk inc covid hosp,0,2026-08-22,47,quantile,0.25,38.0
2026-08-22,wk inc covid hosp,0,2026-08-22,47,quantile,0.3,41.0
2026-08-22,wk inc covid hosp,0,2026-08-22,47,quantile,0.35,42.0
2026-08-22,wk inc covid hosp,0,2026-08-22,47,quantile,0.4,45.0
2026-08-22,wk inc covid hosp,0,2026-08-22,47,quantile,0.45,47.0
2026-08-22,wk inc covid hosp,0,2026-08-22,47,quantile,0.5,50.0
2026-08-22,wk inc covid hosp,0,2026-08-22,47,quantile,0.55,52.0
2026-08-22,wk inc covid hosp,0,2026-08-22,47,quantile,0.6,54.0
2026-08-22,wk inc covid hosp,0,2026-08-22,47,quantile,0.65,56.0
2026-08-22,wk inc covid hosp,0,2026-08-22,47,quantile,0.7,59.0
2026-08-22,wk inc covid hosp,0,2026-08-22,47,quantile,0.75,62.0
2026-08-22,wk inc covid hosp,0,2026-08-22,47,quantile,0.8,65.0
2026-08-22,wk inc covid hosp,0,2026-08-22,47,quantile,0.85,69.0
2026-08-22,wk inc covid hosp,0,2026-08-22,47,quantile,0.9,75.0
2026-08-22,wk inc covid hosp,0,2026-08-22,47,quantile,0.95,82.0
2026-08-22,wk inc covid hosp,0,2026-08-22,47,quantile,0.975,91.0
2026-08-22,wk inc covid hosp,0,2026-08-22,47,quantile,0.99,99.0
2026-08-22,wk inc covid hosp,0,2026-08-22,48,quantile,0.01,127.0
2026-08-22,wk inc covid hosp,0,2026-08-22,48,quantile,0.025,148.0
2026-08-22,wk inc covid hosp,0,2026-08-22,48,quantile,0.05,167.0
2026-08-22,wk inc covid hosp,0,2026-08-22,48,quantile,0.1,194.0
2026-08-22,wk inc covid hosp,0,2026-08-22,48,quantile,0.15,208.0
2026-08-22,wk inc covid hosp,0,2026-08-22,48,quantile,0.2,226.0
2026-08-22,wk inc covid hosp,0,2026-08-22,48,quantile,0.25,239.0
2026-08-22,wk inc covid hosp,0,2026-08-22,48,quantile,0.3,252.0
2026-08-22,wk inc covid hosp,0,2026-08-22,48,quantile,0.35,261.0
2026-08-22,wk inc covid hosp,0,2026-08-22,48,quantile,0.4,273.0
2026-08-22,wk inc covid hosp,0,2026-08-22,48,quantile,0.45,282.0
2026-08-22,wk inc covid hosp,0,2026-08-22,48,quantile,0.5,293.0
2026-08-22,wk inc covid hosp,0,2026-08-22,48,quantile,0.55,303.0
2026-08-22,wk inc covid hosp,0,2026-08-22,48,quantile,0.6,315.0
2026-08-22,wk inc covid hosp,0,2026-08-22,48,quantile,0.65,326.0
2026-08-22,wk inc covid hosp,0,2026-08-22,48,quantile,0.7,337.0
2026-08-22,wk inc covid hosp,0,2026-08-22,48,quantile,0.75,350.0
2026-08-22,wk inc covid hosp,0,2026-08-22,48,quantile,0.8,364.0
2026-08-22,wk inc covid hosp,0,2026-08-22,48,quantile,0.85,381.0
2026-08-22,wk inc covid hosp,0,2026-08-22,48,quantile,0.9,403.0
2026-08-22,wk inc covid hosp,0,2026-08-22,48,quantile,0.95,436.0
2026-08-22,wk inc covid hosp,0,2026-08-22,48,quantile,0.975,461.0
2026-08-22,wk inc covid hosp,0,2026-08-22,48,quantile,0.99,505.0
2026-08-22,wk inc covid hosp,0,2026-08-22,49,quantile,0.01,0.0
2026-08-22,wk inc covid hosp,0,2026-08-22,49,quantile,0.025,0.0
2026-08-22,wk inc covid hosp,0,2026-08-22,49,quantile,0.05,0.0
2026-08-22,wk inc covid hosp,0,2026-08-22,49,quantile,0.1,0.0
2026-08-22,wk inc covid hosp,0,2026-08-22,49,quantile,0.15,0.0
2026-08-22,wk inc covid hosp,0,2026-08-22,49,quantile,0.2,0.0
2026-08-22,wk inc covid hosp,0,2026-08-22,49,quantile,0.25,0.0
2026-08-22,wk inc covid hosp,0,2026-08-22,49,quantile,0.3,1.0
2026-08-22,wk inc covid hosp,0,2026-08-22,49,quantile,0.35,2.0
2026-08-22,wk inc covid hosp,0,2026-08-22,49,quantile,0.4,2.0
2026-08-22,wk inc covid hosp,0,2026-08-22,49,quantile,0.45,3.0
2026-08-22,wk inc covid hosp,0,2026-08-22,49,quantile,0.5,4.0
2026-08-22,wk inc covid hosp,0,2026-08-22,49,quantile,0.55,4.0
2026-08-22,wk inc covid hosp,0,2026-08-22,49,quantile,0.6,5.0
2026-08-22,wk inc covid hosp,0,2026-08-22,49,quantile,0.65,6.0
2026-08-22,wk inc covid hosp,0,2026-08-22,49,quantile,0.7,7.0
2026-08-22,wk inc covid hosp,0,2026-08-22,49,quantile,0.75,7.0
2026-08-22,wk inc covid hosp,0,2026-08-22,49,quantile,0.8,9.0
2026-08-22,wk inc covid hosp,0,2026-08-22,49,quantile,0.85,10.0
2026-08-22,wk inc covid hosp,0,2026-08-22,49,quantile,0.9,11.0
2026-08-22,wk inc covid hosp,0,2026-08-22,49,quantile,0.95,13.0
2026-08-22,wk inc covid hosp,0,2026-08-22,49,quantile,0.975,16.0
2026-08-22,wk inc covid hosp,0,2026-08-22,49,quantile,0.99,18.0
2026-08-22,wk inc covid hosp,0,2026-08-22,50,quantile,0.01,0.0
2026-08-22,wk inc covid hosp,0,2026-08-22,50,quantile,0.025,0.0
2026-08-22,wk inc covid hosp,0,2026-08-22,50,quantile,0.05,0.0
2026-08-22,wk inc covid hosp,0,2026-08-22,50,quantile,0.1,0.0
2026-08-22,wk inc covid hosp,0,2026-08-22,50,quantile,0.15,0.0
2026-08-22,wk inc covid hosp,0,2026-08-22,50,quantile,0.2,0.0
2026-08-22,wk inc covid hosp,0,2026-08-22,50,quantile,0.25,1.0
2026-08-22,wk inc covid hosp,0,2026-08-22,50,quantile,0.3,1.0
2026-08-22,wk inc covid hosp,0,2026-08-22,50,quantile,0.35,1.0
2026-08-22,wk inc covid hosp,0,2026-08-22,50,quantile,0.4,1.0
2026-08-22,wk inc covid hosp,0,2026-08-22,50,quantile,0.45,2.0
2026-08-22,wk inc covid hosp,0,2026-08-22,50,quantile,0.5,2.0
2026-08-22,wk inc covid hosp,0,2026-08-22,50,quantile,0.55,2.0
2026-08-22,wk inc covid hosp,0,2026-08-22,50,quantile,0.6,2.0
2026-08-22,wk inc covid hosp,0,2026-08-22,50,quantile,0.65,3.0
2026-08-22,wk inc covid hosp,0,2026-08-22,50,quantile,0.7,3.0
2026-08-22,wk inc covid hosp,0,2026-08-22,50,quantile,0.75,4.0
2026-08-22,wk inc covid hosp,0,2026-08-22,50,quantile,0.8,4.0
2026-08-22,wk inc covid hosp,0,2026-08-22,50,quantile,0.85,5.0
2026-08-22,wk inc covid hosp,0,2026-08-22,50,quantile,0.9,6.0
2026-08-22,wk inc covid hosp,0,2026-08-22,50,quantile,0.95,7.0
2026-08-22,wk inc covid hosp,0,2026-08-22,50,quantile,0.975,8.0
2026-08-22,wk inc covid hosp,0,2026-08-22,50,quantile,0.99,9.0
2026-08-22,wk inc covid hosp,0,2026-08-22,51,quantile,0.01,0.0
2026-08-22,wk inc covid hosp,0,2026-08-22,51,quantile,0.025,3.0
2026-08-22,wk inc covid hosp,0,2026-08-22,51,quantile,0.05,6.0
2026-08-22,wk inc covid hosp,0,2026-08-22,51,quantile,0.1,11.0
2026-08-22,wk inc covid hosp,0,2026-08-22,51,quantile,0.15,13.0
2026-08-22,wk inc covid hosp,0,2026-08-22,51,quantile,0.2,15.0
2026-08-22,wk inc covid hosp,0,2026-08-22,51,quantile,0.25,17.0
2026-08-22,wk inc covid hosp,0,2026-08-22,51,quantile,0.3,19.0
2026-08-22,wk inc covid hosp,0,2026-08-22,51,quantile,0.35,21.0
2026-08-22,wk inc covid hosp,0,2026-08-22,51,quantile,0.4,22.0
2026-08-22,wk inc covid hosp,0,2026-08-22,51,quantile,0.45,24.0
2026-08-22,wk inc covid hosp,0,2026-08-22,51,quantile,0.5,26.0
2026-08-22,wk inc covid hosp,0,2026-08-22,51,quantile,0.55,28.0
2026-08-22,wk inc covid hosp,0,2026-08-22,51,quantile,0.6,29.0
2026-08-22,wk inc covid hosp,0,2026-08-22,51,quantile,0.65,31.0
2026-08-22,wk inc covid hosp,0,2026-08-22,51,quantile,0.7,33.0
2026-08-22,wk inc covid hosp,0,2026-08-22,51,quantile,0.75,35.0
2026-08-22,wk inc covid hosp,0,2026-08-22,51,quantile,0.8,38.0
2026-08-22,wk inc covid hosp,0,2026-08-22,51,quantile,0.85,40.0
2026-08-22,wk inc covid hosp,0,2026-08-22,51,quantile,0.9,45.0
2026-08-22,wk inc covid hosp,0,2026-08-22,51,quantile,0.95,50.0
2026-08-22,wk inc covid hosp,0,2026-08-22,51,quantile,0.975,56.0
2026-08-22,wk inc covid hosp,0,2026-08-22,51,quantile,0.99,62.0
2026-08-22,wk inc covid hosp,0,2026-08-22,53,quantile,0.01,24.0
2026-08-22,wk inc covid hosp,0,2026-08-22,53,quantile,0.025,28.0
2026-08-22,wk inc covid hosp,0,2026-08-22,53,quantile,0.05,32.0
2026-08-22,wk inc covid hosp,0,2026-08-22,53,quantile,0.1,38.0
2026-08-22,wk inc covid hosp,0,2026-08-22,53,quantile,0.15,41.0
2026-08-22,wk inc covid hosp,0,2026-08-22,53,quantile,0.2,44.0
2026-08-22,wk inc covid hosp,0,2026-08-22,53,quantile,0.25,47.0
2026-08-22,wk inc covid hosp,0,2026-08-22,53,quantile,0.3,50.0
2026-08-22,wk inc covid hosp,0,2026-08-22,53,quantile,0.35,51.0
2026-08-22,wk inc covid hosp,0,2026-08-22,53,quantile,0.4,54.0
2026-08-22,wk inc covid hosp,0,2026-08-22,53,quantile,0.45,55.0
2026-08-22,wk inc covid hosp,0,2026-08-22,53,quantile,0.5,58.0
2026-08-22,wk inc covid hosp,0,2026-08-22,53,quantile,0.55,60.0
2026-08-22,wk inc covid hosp,0,2026-08-22,53,quantile,0.6,62.0
2026-08-22,wk inc covid hosp,0,2026-08-22,53,quantile,0.65,64.0
2026-08-22,wk inc covid hosp,0,2026-08-22,53,quantile,0.7,66.0
2026-08-22,wk inc covid hosp,0,2026-08-22,53,quantile,0.75,69.0
2026-08-22,wk inc covid hosp,0,2026-08-22,53,quantile,0.8,72.0
2026-08-22,wk inc covid hosp,0,2026-08-22,53,quantile,0.85,75.0
2026-08-22,wk inc covid hosp,0,2026-08-22,53,quantile,0.9,79.0
2026-08-22,wk inc covid hosp,0,2026-08-22,53,quantile,0.95,86.0
2026-08-22,wk inc covid hosp,0,2026-08-22,53,quantile,0.975,90.0
2026-08-22,wk inc covid hosp,0,2026-08-22,53,quantile,0.99,99.0
2026-08-22,wk inc covid hosp,0,2026-08-22,54,quantile,0.01,0.0
2026-08-22,wk inc covid hosp,0,2026-08-22,54,quantile,0.025,1.0
2026-08-22,wk inc covid hosp,0,2026-08-22,54,quantile,0.05,2.0
2026-08-22,wk inc covid hosp,0,2026-08-22,54,quantile,0.1,3.0
2026-08-22,wk inc covid hosp,0,2026-08-22,54,quantile,0.15,4.0
2026-08-22,wk inc covid hosp,0,2026-08-22,54,quantile,0.2,5.0
2026-08-22,wk inc covid hosp,0,2026-08-22,54,quantile,0.25,6.0
2026-08-22,wk inc covid hosp,0,2026-08-22,54,quantile,0.3,6.0
2026-08-22,wk inc covid hosp,0,2026-08-22,54,quantile,0.35,7.0
2026-08-22,wk inc covid hosp,0,2026-08-22,54,quantile,0.4,7.0
2026-08-22,wk inc covid hosp,0,2026-08-22,54,quantile,0.45,8.0
2026-08-22,wk inc covid hosp,0,2026-08-22,54,quantile,0.5,9.0
2026-08-22,wk inc covid hosp,0,2026-08-22,54,quantile,0.55,9.0
2026-08-22,wk inc covid hosp,0,2026-08-22,54,quantile,0.6,10.0
2026-08-22,wk inc covid hosp,0,2026-08-22,54,quantile,0.65,10.0
2026-08-22,wk inc covid hosp,0,2026-08-22,54,quantile,0.7,11.0
2026-08-22,wk inc covid hosp,0,2026-08-22,54,quantile,0.75,12.0
2026-08-22,wk inc covid hosp,0,2026-08-22,54,quantile,0.8,13.0
2026-08-22,wk inc covid hosp,0,2026-08-22,54,quantile,0.85,14.0
2026-08-22,wk inc covid hosp,0,2026-08-22,54,quantile,0.9,16.0
2026-08-22,wk inc covid hosp,0,2026-08-22,54,quantile,0.95,18.0
2026-08-22,wk inc covid hosp,0,2026-08-22,54,quantile,0.975,20.0
2026-08-22,wk inc covid hosp,0,2026-08-22,54,quantile,0.99,22.0
2026-08-22,wk inc covid hosp,0,2026-08-22,55,quantile,0.01,0.0
2026-08-22,wk inc covid hosp,0,2026-08-22,55,quantile,0.025,0.0
2026-08-22,wk inc covid hosp,0,2026-08-22,55,quantile,0.05,0.0
2026-08-22,wk inc covid hosp,0,2026-08-22,55,quantile,0.1,0.0
2026-08-22,wk inc covid hosp,0,2026-08-22,55,quantile,0.15,1.0
2026-08-22,wk inc covid hosp,0,2026-08-22,55,quantile,0.2,3.0
2026-08-22,wk inc covid hosp,0,2026-08-22,55,quantile,0.25,4.0
2026-08-22,wk inc covid hosp,0,2026-08-22,55,quantile,0.3,6.0
2026-08-22,wk inc covid hosp,0,2026-08-22,55,quantile,0.35,8.0
2026-08-22,wk inc covid hosp,0,2026-08-22,55,quantile,0.4,9.0
2026-08-22,wk inc covid hosp,0,2026-08-22,55,quantile,0.45,10.0
2026-08-22,wk inc covid hosp,0,2026-08-22,55,quantile,0.5,11.0
2026-08-22,wk inc covid hosp,0,2026-08-22,55,quantile,0.55,13.0
2026-08-22,wk inc covid hosp,0,2026-08-22,55,quantile,0.6,14.0
2026-08-22,wk inc covid hosp,0,2026-08-22,55,quantile,0.65,16.0
2026-08-22,wk inc covid hosp,0,2026-08-22,55,quantile,0.7,17.0
2026-08-22,wk inc covid hosp,0,2026-08-22,55,quantile,0.75,19.0
2026-08-22,wk inc covid hosp,0,2026-08-22,55,quantile,0.8,21.0
2026-08-22,wk inc covid hosp,0,2026-08-22,55,quantile,0.85,23.0
2026-08-22,wk inc covid hosp,0,2026-08-22,55,quantile,0.9,26.0
2026-08-22,wk inc covid hosp,0,2026-08-22,55,quantile,0.95,30.0
2026-08-22,wk inc covid hosp,0,2026-08-22,55,quantile,0.975,34.0
2026-08-22,wk inc covid hosp,0,2026-08-22,55,quantile,0.99,39.0
2026-08-22,wk inc covid hosp,0,2026-08-22,56,quantile,0.01,0.0
2026-08-22,wk inc covid hosp,0,2026-08-22,56,quantile,0.025,0.0
2026-08-22,wk inc covid hosp,0,2026-08-22,56,quantile,0.05,0.0
2026-08-22,wk inc covid hosp,0,2026-08-22,56,quantile,0.1,0.0
2026-08-22,wk inc covid hosp,0,2026-08-22,56,quantile,0.15,0.0
2026-08-22,wk inc covid hosp,0,2026-08-22,56,quantile,0.2,0.0
2026-08-22,wk inc covid hosp,0,2026-08-22,56,quantile,0.25,1.0
2026-08-22,wk inc covid hosp,0,2026-08-22,56,quantile,0.3,1.0
2026-08-22,wk inc covid hosp,0,2026-08-22,56,quantile,0.35,1.0
2026-08-22,wk inc covid hosp,0,2026-08-22,56,quantile,0.4,2.0
2026-08-22,wk inc covid hosp,0,2026-08-22,56,quantile,0.45,2.0
2026-08-22,wk inc covid hosp,0,2026-08-22,56,quantile,0.5,2.0
2026-08-22,wk inc covid hosp,0,2026-08-22,56,quantile,0.55,3.0
2026-08-22,wk inc covid hosp,0,2026-08-22,56,quantile,0.6,3.0
2026-08-22,wk inc covid hosp,0,2026-08-22,56,quantile,0.65,3.0
2026-08-22,wk inc covid hosp,0,2026-08-22,56,quantile,0.7,4.0
2026-08-22,wk inc covid hosp,0,2026-08-22,56,quantile,0.75,4.0
2026-08-22,wk inc covid hosp,0,2026-08-22,56,quantile,0.8,5.0
2026-08-22,wk inc covid hosp,0,2026-08-22,56,quantile,0.85,5.0
2026-08-22,wk inc covid hosp,0,2026-08-22,56,quantile,0.9,6.0
2026-08-22,wk inc covid hosp,0,2026-08-22,56,quantile,0.95,8.0
2026-08-22,wk inc covid hosp,0,2026-08-22,56,quantile,0.975,9.0
2026-08-22,wk inc covid hosp,0,2026-08-22,56,quantile,0.99,11.0
2026-08-22,wk inc covid hosp,0,2026-08-22,72,quantile,0.01,34.0
2026-08-22,wk inc covid hosp,0,2026-08-22,72,quantile,0.025,39.0
2026-08-22,wk inc covid hosp,0,2026-08-22,72,quantile,0.05,46.0
2026-08-22,wk inc covid hosp,0,2026-08-22,72,quantile,0.1,55.0
2026-08-22,wk inc covid hosp,0,2026-08-22,72,quantile,0.15,60.0
2026-08-22,wk inc covid hosp,0,2026-08-22,72,quantile,0.2,67.0
2026-08-22,wk inc covid hosp,0,2026-08-22,72,quantile,0.25,70.0
2026-08-22,wk inc covid hosp,0,2026-08-22,72,quantile,0.3,74.0
2026-08-22,wk inc covid hosp,0,2026-08-22,72,quantile,0.35,79.0
2026-08-22,wk inc covid hosp,0,2026-08-22,72,quantile,0.4,83.0
2026-08-22,wk inc covid hosp,0,2026-08-22,72,quantile,0.45,87.0
2026-08-22,wk inc covid hosp,0,2026-08-22,72,quantile,0.5,92.0
2026-08-22,wk inc covid hosp,0,2026-08-22,72,quantile,0.55,96.0
2026-08-22,wk inc covid hosp,0,2026-08-22,72,quantile,0.6,101.0
2026-08-22,wk inc covid hosp,0,2026-08-22,72,quantile,0.65,106.0
2026-08-22,wk inc covid hosp,0,2026-08-22,72,quantile,0.7,111.0
2026-08-22,wk inc covid hosp,0,2026-08-22,72,quantile,0.75,118.0
2026-08-22,wk inc covid hosp,0,2026-08-22,72,quantile,0.8,128.0
2026-08-22,wk inc covid hosp,0,2026-08-22,72,quantile,0.85,136.0
2026-08-22,wk inc covid hosp,0,2026-08-22,72,quantile,0.9,149.0
2026-08-22,wk inc covid hosp,0,2026-08-22,72,quantile,0.95,165.0
2026-08-22,wk inc covid hosp,0,2026-08-22,72,quantile,0.975,185.0
2026-08-22,wk inc covid hosp,0,2026-08-22,72,quantile,0.99,210.0
2026-08-22,wk inc covid hosp,1,2026-08-29,01,quantile,0.01,28.0
2026-08-22,wk inc covid hosp,1,2026-08-29,01,quantile,0.025,35.0
2026-08-22,wk inc covid hosp,1,2026-08-29,01,quantile,0.05,40.0
2026-08-22,wk inc covid hosp,1,2026-08-29,01,quantile,0.1,46.0
2026-08-22,wk inc covid hosp,1,2026-08-29,01,quantile,0.15,53.0
2026-08-22,wk inc covid hosp,1,2026-08-29,01,quantile,0.2,57.0
2026-08-22,wk inc covid hosp,1,2026-08-29,01,quantile,0.25,61.0
2026-08-22,wk inc covid hosp,1,2026-08-29,01,quantile,0.3,65.0
2026-08-22,wk inc covid hosp,1,2026-08-29,01,quantile,0.35,69.0
2026-08-22,wk inc covid hosp,1,2026-08-29,01,quantile,0.4,72.0
2026-08-22,wk inc covid hosp,1,2026-08-29,01,quantile,0.45,76.0
2026-08-22,wk inc covid hosp,1,2026-08-29,01,quantile,0.5,80.0
2026-08-22,wk inc covid hosp,1,2026-08-29,01,quantile,0.55,84.0
2026-08-22,wk inc covid hosp,1,2026-08-29,01,quantile,0.6,89.0
2026-08-22,wk inc covid hosp,1,2026-08-29,01,quantile,0.65,92.0
2026-08-22,wk inc covid hosp,1,2026-08-29,01,quantile,0.7,96.0
2026-08-22,wk inc covid hosp,1,2026-08-29,01,quantile,0.75,100.0
2026-08-22,wk inc covid hosp,1,2026-08-29,01,quantile,0.8,106.0
2026-08-22,wk inc covid hosp,1,2026-08-29,01,quantile,0.85,113.0
2026-08-22,wk inc covid hosp,1,2026-08-29,01,quantile,0.9,123.0
2026-08-22,wk inc covid hosp,1,2026-08-29,01,quantile,0.95,139.0
2026-08-22,wk inc covid hosp,1,2026-08-29,01,quantile,0.975,157.0
2026-08-22,wk inc covid hosp,1,2026-08-29,01,quantile,0.99,177.0
2026-08-22,wk inc covid hosp,1,2026-08-29,02,quantile,0.01,0.0
2026-08-22,wk inc covid hosp,1,2026-08-29,02,quantile,0.025,0.0
2026-08-22,wk inc covid hosp,1,2026-08-29,02,quantile,0.05,0.0
2026-08-22,wk inc covid hosp,1,2026-08-29,02,quantile,0.1,1.0
2026-08-22,wk inc covid hosp,1,2026-08-29,02,quantile,0.15,2.0
2026-08-22,wk inc covid hosp,1,2026-08-29,02,quantile,0.2,2.0
2026-08-22,wk inc covid hosp,1,2026-08-29,02,quantile,0.25,3.0
2026-08-22,wk inc covid hosp,1,2026-08-29,02,quantile,0.3,3.0
2026-08-22,wk inc covid hosp,1,2026-08-29,02,quantile,0.35,4.0
2026-08-22,wk inc covid hosp,1,2026-08-29,02,quantile,0.4,4.0
2026-08-22,wk inc covid hosp,1,2026-08-29,02,quantile,0.45,5.0
2026-08-22,wk inc covid hosp,1,2026-08-29,02,quantile,0.5,5.0
2026-08-22,wk inc covid hosp,1,2026-08-29,02,quantile,0.55,6.0
2026-08-22,wk inc covid hosp,1,2026-08-29,02,quantile,0.6,6.0
2026-08-22,wk inc covid hosp,1,2026-08-29,02,quantile,0.65,7.0
2026-08-22,wk inc covid hosp,1,2026-08-29,02,quantile,0.7,7.0
2026-08-22,wk inc covid hosp,1,2026-08-29,02,quantile,0.75,8.0
2026-08-22,wk inc covid hosp,1,2026-08-29,02,quantile,0.8,9.0
2026-08-22,wk inc covid hosp,1,2026-08-29,02,quantile,0.85,10.0
2026-08-22,wk inc covid hosp,1,2026-08-29,02,quantile,0.9,11.0
2026-08-22,wk inc covid hosp,1,2026-08-29,02,quantile,0.95,13.0
2026-08-22,wk inc covid hosp,1,2026-08-29,02,quantile,0.975,15.0
2026-08-22,wk inc covid hosp,1,2026-08-29,02,quantile,0.99,17.0
2026-08-22,wk inc covid hosp,1,2026-08-29,04,quantile,0.01,2.0
2026-08-22,wk inc covid hosp,1,2026-08-29,04,quantile,0.025,9.0
2026-08-22,wk inc covid hosp,1,2026-08-29,04,quantile,0.05,15.0
2026-08-22,wk inc covid hosp,1,2026-08-29,04,quantile,0.1,23.0
2026-08-22,wk inc covid hosp,1,2026-08-29,04,quantile,0.15,30.0
2026-08-22,wk inc covid hosp,1,2026-08-29,04,quantile,0.2,35.0
2026-08-22,wk inc covid hosp,1,2026-08-29,04,quantile,0.25,40.0
2026-08-22,wk inc covid hosp,1,2026-08-29,04,quantile,0.3,44.0
2026-08-22,wk inc covid hosp,1,2026-08-29,04,quantile,0.35,48.0
2026-08-22,wk inc covid hosp,1,2026-08-29,04,quantile,0.4,53.0
2026-08-22,wk inc covid hosp,1,2026-08-29,04,quantile,0.45,58.0
2026-08-22,wk inc covid hosp,1,2026-08-29,04,quantile,0.5,62.0
2026-08-22,wk inc covid hosp,1,2026-08-29,04,quantile,0.55,65.0
2026-08-22,wk inc covid hosp,1,2026-08-29,04,quantile,0.6,70.0
2026-08-22,wk inc covid hosp,1,2026-08-29,04,quantile,0.65,74.0
2026-08-22,wk inc covid hosp,1,2026-08-29,04,quantile,0.7,78.0
2026-08-22,wk inc covid hosp,1,2026-08-29,04,quantile,0.75,83.0
2026-08-22,wk inc covid hosp,1,2026-08-29,04,quantile,0.8,89.0
2026-08-22,wk inc covid hosp,1,2026-08-29,04,quantile,0.85,98.0
2026-08-22,wk inc covid hosp,1,2026-08-29,04,quantile,0.9,109.0
2026-08-22,wk inc covid hosp,1,2026-08-29,04,quantile,0.95,126.0
2026-08-22,wk inc covid hosp,1,2026-08-29,04,quantile,0.975,143.0
2026-08-22,wk inc covid hosp,1,2026-08-29,04,quantile,0.99,169.0
2026-08-22,wk inc covid hosp,1,2026-08-29,05,quantile,0.01,2.0
2026-08-22,wk inc covid hosp,1,2026-08-29,05,quantile,0.025,5.0
2026-08-22,wk inc covid hosp,1,2026-08-29,05,quantile,0.05,7.0
2026-08-22,wk inc covid hosp,1,2026-08-29,05,quantile,0.1,9.0
2026-08-22,wk inc covid hosp,1,2026-08-29,05,quantile,0.15,12.0
2026-08-22,wk inc covid hosp,1,2026-08-29,05,quantile,0.2,14.0
2026-08-22,wk inc covid hosp,1,2026-08-29,05,quantile,0.25,16.0
2026-08-22,wk inc covid hosp,1,2026-08-29,05,quantile,0.3,18.0
2026-08-22,wk inc covid hosp,1,2026-08-29,05,quantile,0.35,19.0
2026-08-22,wk inc covid hosp,1,2026-08-29,05,quantile,0.4,20.0
2026-08-22,wk inc covid hosp,1,2026-08-29,05,quantile,0.45,22.0
2026-08-22,wk inc covid hosp,1,2026-08-29,05,quantile,0.5,23.0
2026-08-22,wk inc covid hosp,1,2026-08-29,05,quantile,0.55,25.0
2026-08-22,wk inc covid hosp,1,2026-08-29,05,quantile,0.6,27.0
2026-08-22,wk inc covid hosp,1,2026-08-29,05,quantile,0.65,29.0
2026-08-22,wk inc covid hosp,1,2026-08-29,05,quantile,0.7,31.0
2026-08-22,wk inc covid hosp,1,2026-08-29,05,quantile,0.75,32.0
2026-08-22,wk inc covid hosp,1,2026-08-29,05,quantile,0.8,35.0
2026-08-22,wk inc covid hosp,1,2026-08-29,05,quantile,0.85,37.0
2026-08-22,wk inc covid hosp,1,2026-08-29,05,quantile,0.9,41.0
2026-08-22,wk inc covid hosp,1,2026-08-29,05,quantile,0.95,49.0
2026-08-22,wk inc covid hosp,1,2026-08-29,05,quantile,0.975,56.0
2026-08-22,wk inc covid hosp,1,2026-08-29,05,quantile,0.99,63.0
2026-08-22,wk inc covid hosp,1,2026-08-29,06,quantile,0.01,191.0
2026-08-22,wk inc covid hosp,1,2026-08-29,06,quantile,0.025,226.0
2026-08-22,wk inc covid hosp,1,2026-08-29,06,quantile,0.05,250.0
2026-08-22,wk inc covid hosp,1,2026-08-29,06,quantile,0.1,286.0
2026-08-22,wk inc covid hosp,1,2026-08-29,06,quantile,0.15,318.0
2026-08-22,wk inc covid hosp,1,2026-08-29,06,quantile,0.2,338.0
2026-08-22,wk inc covid hosp,1,2026-08-29,06,quantile,0.25,357.0
2026-08-22,wk inc covid hosp,1,2026-08-29,06,quantile,0.3,376.0
2026-08-22,wk inc covid hosp,1,2026-08-29,06,quantile,0.35,390.0
2026-08-22,wk inc covid hosp,1,2026-08-29,06,quantile,0.4,409.0
2026-08-22,wk inc covid hosp,1,2026-08-29,06,quantile,0.45,425.0
2026-08-22,wk inc covid hosp,1,2026-08-29,06,quantile,0.5,442.0
2026-08-22,wk inc covid hosp,1,2026-08-29,06,quantile,0.55,457.0
2026-08-22,wk inc covid hosp,1,2026-08-29,06,quantile,0.6,476.0
2026-08-22,wk inc covid hosp,1,2026-08-29,06,quantile,0.65,493.0
2026-08-22,wk inc covid hosp,1,2026-08-29,06,quantile,0.7,507.0
2026-08-22,wk inc covid hosp,1,2026-08-29,06,quantile,0.75,523.0
2026-08-22,wk inc covid hosp,1,2026-08-29,06,quantile,0.8,545.0
2026-08-22,wk inc covid hosp,1,2026-08-29,06,quantile,0.85,577.0
2026-08-22,wk inc covid hosp,1,2026-08-29,06,quantile,0.9,617.0
2026-08-22,wk inc covid hosp,1,2026-08-29,06,quantile,0.95,673.0
2026-08-22,wk inc covid hosp,1,2026-08-29,06,quantile,0.975,722.0
2026-08-22,wk inc covid hosp,1,2026-08-29,06,quantile,0.99,791.0
2026-08-22,wk inc covid hosp,1,2026-08-29,08,quantile,0.01,0.0
2026-08-22,wk inc covid hosp,1,2026-08-29,08,quantile,0.025,0.0
2026-08-22,wk inc covid hosp,1,2026-08-29,08,quantile,0.05,2.0
2026-08-22,wk inc covid hosp,1,2026-08-29,08,quantile,0.1,6.0
2026-08-22,wk inc covid hosp,1,2026-08-29,08,quantile,0.15,10.0
2026-08-22,wk inc covid hosp,1,2026-08-29,08,quantile,0.2,12.0
2026-08-22,wk inc covid hosp,1,2026-08-29,08,quantile,0.25,15.0
2026-08-22,wk inc covid hosp,1,2026-08-29,08,quantile,0.3,17.0
2026-08-22,wk inc covid hosp,1,2026-08-29,08,quantile,0.35,20.0
2026-08-22,wk inc covid hosp,1,2026-08-29,08,quantile,0.4,22.0
2026-08-22,wk inc covid hosp,1,2026-08-29,08,quantile,0.45,24.0
2026-08-22,wk inc covid hosp,1,2026-08-29,08,quantile,0.5,26.0
2026-08-22,wk inc covid hosp,1,2026-08-29,08,quantile,0.55,28.0
2026-08-22,wk inc covid hosp,1,2026-08-29,08,quantile,0.6,31.0
2026-08-22,wk inc covid hosp,1,2026-08-29,08,quantile,0.65,33.0
2026-08-22,wk inc covid hosp,1,2026-08-29,08,quantile,0.7,36.0
2026-08-22,wk inc covid hosp,1,2026-08-29,08,quantile,0.75,38.0
2026-08-22,wk inc covid hosp,1,2026-08-29,08,quantile,0.8,42.0
2026-08-22,wk inc covid hosp,1,2026-08-29,08,quantile,0.85,45.0
2026-08-22,wk inc covid hosp,1,2026-08-29,08,quantile,0.9,52.0
2026-08-22,wk inc covid hosp,1,2026-08-29,08,quantile,0.95,61.0
2026-08-22,wk inc covid hosp,1,2026-08-29,08,quantile,0.975,71.0
2026-08-22,wk inc covid hosp,1,2026-08-29,08,quantile,0.99,83.0
2026-08-22,wk inc covid hosp,1,2026-08-29,09,quantile,0.01,0.0
2026-08-22,wk inc covid hosp,1,2026-08-29,09,quantile,0.025,0.0
2026-08-22,wk inc covid hosp,1,2026-08-29,09,quantile,0.05,0.0
2026-08-22,wk inc covid hosp,1,2026-08-29,09,quantile,0.1,1.0
2026-08-22,wk inc covid hosp,1,2026-08-29,09,quantile,0.15,4.0
2026-08-22,wk inc covid hosp,1,2026-08-29,09,quantile,0.2,5.0
2026-08-22,wk inc covid hosp,1,2026-08-29,09,quantile,0.25,7.0
2026-08-22,wk inc covid hosp,1,2026-08-29,09,quantile,0.3,8.0
2026-08-22,wk inc covid hosp,1,2026-08-29,09,quantile,0.35,10.0
2026-08-22,wk inc covid hosp,1,2026-08-29,09,quantile,0.4,11.0
2026-08-22,wk inc covid hosp,1,2026-08-29,09,quantile,0.45,13.0
2026-08-22,wk inc covid hosp,1,2026-08-29,09,quantile,0.5,15.0
2026-08-22,wk inc covid hosp,1,2026-08-29,09,quantile,0.55,16.0
2026-08-22,wk inc covid hosp,1,2026-08-29,09,quantile,0.6,18.0
2026-08-22,wk inc covid hosp,1,2026-08-29,09,quantile,0.65,20.0
2026-08-22,wk inc covid hosp,1,2026-08-29,09,quantile,0.7,22.0
2026-08-22,wk inc covid hosp,1,2026-08-29,09,quantile,0.75,24.0
2026-08-22,wk inc covid hosp,1,2026-08-29,09,quantile,0.8,26.0
2026-08-22,wk inc covid hosp,1,2026-08-29,09,quantile,0.85,30.0
2026-08-22,wk inc covid hosp,1,2026-08-29,09,quantile,0.9,34.0
2026-08-22,wk inc covid hosp,1,2026-08-29,09,quantile,0.95,42.0
2026-08-22,wk inc covid hosp,1,2026-08-29,09,quantile,0.975,48.0
2026-08-22,wk inc covid hosp,1,2026-08-29,09,quantile,0.99,54.0
2026-08-22,wk inc covid hosp,1,2026-08-29,10,quantile,0.01,0.0
2026-08-22,wk inc covid hosp,1,2026-08-29,10,quantile,0.025,0.0
2026-08-22,wk inc covid hosp,1,2026-08-29,10,quantile,0.05,0.0
2026-08-22,wk inc covid hosp,1,2026-08-29,10,quantile,0.1,1.0
2026-08-22,wk inc covid hosp,1,2026-08-29,10,quantile,0.15,1.0
2026-08-22,wk inc covid hosp,1,2026-08-29,10,quantile,0.2,2.0
2026-08-22,wk inc covid hosp,1,2026-08-29,10,quantile,0.25,3.0
2026-08-22,wk inc covid hosp,1,2026-08-29,10,quantile,0.3,3.0
2026-08-22,wk inc covid hosp,1,2026-08-29,10,quantile,0.35,3.0
2026-08-22,wk inc covid hosp,1,2026-08-29,10,quantile,0.4,4.0
2026-08-22,wk inc covid hosp,1,2026-08-29,10,quantile,0.45,5.0
2026-08-22,wk inc covid hosp,1,2026-08-29,10,quantile,0.5,5.0
2026-08-22,wk inc covid hosp,1,2026-08-29,10,quantile,0.55,6.0
2026-08-22,wk inc covid hosp,1,2026-08-29,10,quantile,0.6,6.0
2026-08-22,wk inc covid hosp,1,2026-08-29,10,quantile,0.65,7.0
2026-08-22,wk inc covid hosp,1,2026-08-29,10,quantile,0.7,8.0
2026-08-22,wk inc covid hosp,1,2026-08-29,10,quantile,0.75,8.0
2026-08-22,wk inc covid hosp,1,2026-08-29,10,quantile,0.8,9.0
2026-08-22,wk inc covid hosp,1,2026-08-29,10,quantile,0.85,11.0
2026-08-22,wk inc covid hosp,1,2026-08-29,10,quantile,0.9,12.0
2026-08-22,wk inc covid hosp,1,2026-08-29,10,quantile,0.95,15.0
2026-08-22,wk inc covid hosp,1,2026-08-29,10,quantile,0.975,17.0
2026-08-22,wk inc covid hosp,1,2026-08-29,10,quantile,0.99,20.0
2026-08-22,wk inc covid hosp,1,2026-08-29,11,quantile,0.01,0.0
2026-08-22,wk inc covid hosp,1,2026-08-29,11,quantile,0.025,1.0
2026-08-22,wk inc covid hosp,1,2026-08-29,11,quantile,0.05,1.0
2026-08-22,wk inc covid hosp,1,2026-08-29,11,quantile,0.1,3.0
2026-08-22,wk inc covid hosp,1,2026-08-29,11,quantile,0.15,3.0
2026-08-22,wk inc covid hosp,1,2026-08-29,11,quantile,0.2,4.0
2026-08-22,wk inc covid hosp,1,2026-08-29,11,quantile,0.25,5.0
2026-08-22,wk inc covid hosp,1,2026-08-29,11,quantile,0.3,5.0
2026-08-22,wk inc covid hosp,1,2026-08-29,11,quantile,0.35,6.0
2026-08-22,wk inc covid hosp,1,2026-08-29,11,quantile,0.4,6.0
2026-08-22,wk inc covid hosp,1,2026-08-29,11,quantile,0.45,7.0
2026-08-22,wk inc covid hosp,1,2026-08-29,11,quantile,0.5,8.0
2026-08-22,wk inc covid hosp,1,2026-08-29,11,quantile,0.55,8.0
2026-08-22,wk inc covid hosp,1,2026-08-29,11,quantile,0.6,9.0
2026-08-22,wk inc covid hosp,1,2026-08-29,11,quantile,0.65,10.0
2026-08-22,wk inc covid hosp,1,2026-08-29,11,quantile,0.7,10.0
2026-08-22,wk inc covid hosp,1,2026-08-29,11,quantile,0.75,11.0
2026-08-22,wk inc covid hosp,1,2026-08-29,11,quantile,0.8,12.0
2026-08-22,wk inc covid hosp,1,2026-08-29,11,quantile,0.85,14.0
2026-08-22,wk inc covid hosp,1,2026-08-29,11,quantile,0.9,16.0
2026-08-22,wk inc covid hosp,1,2026-08-29,11,quantile,0.95,19.0
2026-08-22,wk inc covid hosp,1,2026-08-29,11,quantile,0.975,22.0
2026-08-22,wk inc covid hosp,1,2026-08-29,11,quantile,0.99,24.0
2026-08-22,wk inc covid hosp,1,2026-08-29,12,quantile,0.01,141.0
2026-08-22,wk inc covid hosp,1,2026-08-29,12,quantile,0.025,173.0
2026-08-22,wk inc covid hosp,1,2026-08-29,12,quantile,0.05,196.0
2026-08-22,wk inc covid hosp,1,2026-08-29,12,quantile,0.1,227.0
2026-08-22,wk inc covid hosp,1,2026-08-29,12,quantile,0.15,258.0
2026-08-22,wk inc covid hosp,1,2026-08-29,12,quantile,0.2,278.0
2026-08-22,wk inc covid hosp,1,2026-08-29,12,quantile,0.25,296.0
2026-08-22,wk inc covid hosp,1,2026-08-29,12,quantile,0.3,320.0
2026-08-22,wk inc covid hosp,1,2026-08-29,12,quantile,0.35,337.0
2026-08-22,wk inc covid hosp,1,2026-08-29,12,quantile,0.4,354.0
2026-08-22,wk inc covid hosp,1,2026-08-29,12,quantile,0.45,370.0
2026-08-22,wk inc covid hosp,1,2026-08-29,12,quantile,0.5,389.0
2026-08-22,wk inc covid hosp,1,2026-08-29,12,quantile,0.55,405.0
2026-08-22,wk inc covid hosp,1,2026-08-29,12,quantile,0.6,431.0
2026-08-22,wk inc covid hosp,1,2026-08-29,12,quantile,0.65,449.0
2026-08-22,wk inc covid hosp,1,2026-08-29,12,quantile,0.7,468.0
2026-08-22,wk inc covid hosp,1,2026-08-29,12,quantile,0.75,489.0
2026-08-22,wk inc covid hosp,1,2026-08-29,12,quantile,0.8,516.0
2026-08-22,wk inc covid hosp,1,2026-08-29,12,quantile,0.85,547.0
2026-08-22,wk inc covid hosp,1,2026-08-29,12,quantile,0.9,598.0
2026-08-22,wk inc covid hosp,1,2026-08-29,12,quantile,0.95,682.0
2026-08-22,wk inc covid hosp,1,2026-08-29,12,quantile,0.975,766.0
2026-08-22,wk inc covid hosp,1,2026-08-29,12,quantile,0.99,861.0
2026-08-22,wk inc covid hosp,1,2026-08-29,13,quantile,0.01,20.0
2026-08-22,wk inc covid hosp,1,2026-08-29,13,quantile,0.025,31.0
2026-08-22,wk inc covid hosp,1,2026-08-29,13,quantile,0.05,40.0
2026-08-22,wk inc covid hosp,1,2026-08-29,13,quantile,0.1,53.0
2026-08-22,wk inc covid hosp,1,2026-08-29,13,quantile,0.15,64.0
2026-08-22,wk inc covid hosp,1,2026-08-29,13,quantile,0.2,71.0
2026-08-22,wk inc covid hosp,1,2026-08-29,13,quantile,0.25,77.0
2026-08-22,wk inc covid hosp,1,2026-08-29,13,quantile,0.3,85.0
2026-08-22,wk inc covid hosp,1,2026-08-29,13,quantile,0.35,90.0
2026-08-22,wk inc covid hosp,1,2026-08-29,13,quantile,0.4,97.0
2026-08-22,wk inc covid hosp,1,2026-08-29,13,quantile,0.45,104.0
2026-08-22,wk inc covid hosp,1,2026-08-29,13,quantile,0.5,110.0
2026-08-22,wk inc covid hosp,1,2026-08-29,13,quantile,0.55,116.0
2026-08-22,wk inc covid hosp,1,2026-08-29,13,quantile,0.6,123.0
2026-08-22,wk inc covid hosp,1,2026-08-29,13,quantile,0.65,128.0
2026-08-22,wk inc covid hosp,1,2026-08-29,13,quantile,0.7,135.0
2026-08-22,wk inc covid hosp,1,2026-08-29,13,quantile,0.75,141.0
2026-08-22,wk inc covid hosp,1,2026-08-29,13,quantile,0.8,149.0
2026-08-22,wk inc covid hosp,1,2026-08-29,13,quantile,0.85,163.0
2026-08-22,wk inc covid hosp,1,2026-08-29,13,quantile,0.9,178.0
2026-08-22,wk inc covid hosp,1,2026-08-29,13,quantile,0.95,204.0
2026-08-22,wk inc covid hosp,1,2026-08-29,13,quantile,0.975,227.0
2026-08-22,wk inc covid hosp,1,2026-08-29,13,quantile,0.99,261.0
2026-08-22,wk inc covid hosp,1,2026-08-29,15,quantile,0.01,3.0
2026-08-22,wk inc covid hosp,1,2026-08-29,15,quantile,0.025,6.0
2026-08-22,wk inc covid hosp,1,2026-08-29,15,quantile,0.05,8.0
2026-08-22,wk inc covid hosp,1,2026-08-29,15,quantile,0.1,12.0
2026-08-22,wk inc covid hosp,1,2026-08-29,15,quantile,0.15,14.0
2026-08-22,wk inc covid hosp,1,2026-08-29,15,quantile,0.2,16.0
2026-08-22,wk inc covid hosp,1,2026-08-29,15,quantile,0.25,18.0
2026-08-22,wk inc covid hosp,1,2026-08-29,15,quantile,0.3,20.0
2026-08-22,wk inc covid hosp,1,2026-08-29,15,quantile,0.35,21.0
2026-08-22,wk inc covid hosp,1,2026-08-29,15,quantile,0.4,23.0
2026-08-22,wk inc covid hosp,1,2026-08-29,15,quantile,0.45,25.0
2026-08-22,wk inc covid hosp,1,2026-08-29,15,quantile,0.5,27.0
2026-08-22,wk inc covid hosp,1,2026-08-29,15,quantile,0.55,29.0
2026-08-22,wk inc covid hosp,1,2026-08-29,15,quantile,0.6,31.0
2026-08-22,wk inc covid hosp,1,2026-08-29,15,quantile,0.65,33.0
2026-08-22,wk inc covid hosp,1,2026-08-29,15,quantile,0.7,35.0
2026-08-22,wk inc covid hosp,1,2026-08-29,15,quantile,0.75,38.0
2026-08-22,wk inc covid hosp,1,2026-08-29,15,quantile,0.8,41.0
2026-08-22,wk inc covid hosp,1,2026-08-29,15,quantile,0.85,47.0
2026-08-22,wk inc covid hosp,1,2026-08-29,15,quantile,0.9,52.0
2026-08-22,wk inc covid hosp,1,2026-08-29,15,quantile,0.95,63.0
2026-08-22,wk inc covid hosp,1,2026-08-29,15,quantile,0.975,72.0
2026-08-22,wk inc covid hosp,1,2026-08-29,15,quantile,0.99,82.0
2026-08-22,wk inc covid hosp,1,2026-08-29,16,quantile,0.01,0.0
2026-08-22,wk inc covid hosp,1,2026-08-29,16,quantile,0.025,0.0
2026-08-22,wk inc covid hosp,1,2026-08-29,16,quantile,0.05,0.0
2026-08-22,wk inc covid hosp,1,2026-08-29,16,quantile,0.1,1.0
2026-08-22,wk inc covid hosp,1,2026-08-29,16,quantile,0.15,2.0
2026-08-22,wk inc covid hosp,1,2026-08-29,16,quantile,0.2,3.0
2026-08-22,wk inc covid hosp,1,2026-08-29,16,quantile,0.25,4.0
2026-08-22,wk inc covid hosp,1,2026-08-29,16,quantile,0.3,5.0
2026-08-22,wk inc covid hosp,1,2026-08-29,16,quantile,0.35,6.0
2026-08-22,wk inc covid hosp,1,2026-08-29,16,quantile,0.4,7.0
2026-08-22,wk inc covid hosp,1,2026-08-29,16,quantile,0.45,7.0
2026-08-22,wk inc covid hosp,1,2026-08-29,16,quantile,0.5,8.0
2026-08-22,wk inc covid hosp,1,2026-08-29,16,quantile,0.55,9.0
2026-08-22,wk inc covid hosp,1,2026-08-29,16,quantile,0.6,10.0
2026-08-22,wk inc covid hosp,1,2026-08-29,16,quantile,0.65,11.0
2026-08-22,wk inc covid hosp,1,2026-08-29,16,quantile,0.7,12.0
2026-08-22,wk inc covid hosp,1,2026-08-29,16,quantile,0.75,12.0
2026-08-22,wk inc covid hosp,1,2026-08-29,16,quantile,0.8,14.0
2026-08-22,wk inc covid hosp,1,2026-08-29,16,quantile,0.85,16.0
2026-08-22,wk inc covid hosp,1,2026-08-29,16,quantile,0.9,18.0
2026-08-22,wk inc covid hosp,1,2026-08-29,16,quantile,0.95,22.0
2026-08-22,wk inc covid hosp,1,2026-08-29,16,quantile,0.975,25.0
2026-08-22,wk inc covid hosp,1,2026-08-29,16,quantile,0.99,28.0
2026-08-22,wk inc covid hosp,1,2026-08-29,17,quantile,0.01,4.0
2026-08-22,wk inc covid hosp,1,2026-08-29,17,quantile,0.025,13.0
2026-08-22,wk inc covid hosp,1,2026-08-29,17,quantile,0.05,19.0
2026-08-22,wk inc covid hosp,1,2026-08-29,17,quantile,0.1,30.0
2026-08-22,wk inc covid hosp,1,2026-08-29,17,quantile,0.15,39.0
2026-08-22,wk inc covid hosp,1,2026-08-29,17,quantile,0.2,44.0
2026-08-22,wk inc covid hosp,1,2026-08-29,17,quantile,0.25,49.0
2026-08-22,wk inc covid hosp,1,2026-08-29,17,quantile,0.3,54.0
2026-08-22,wk inc covid hosp,1,2026-08-29,17,quantile,0.35,58.0
2026-08-22,wk inc covid hosp,1,2026-08-29,17,quantile,0.4,63.0
2026-08-22,wk inc covid hosp,1,2026-08-29,17,quantile,0.45,68.0
2026-08-22,wk inc covid hosp,1,2026-08-29,17,quantile,0.5,72.0
2026-08-22,wk inc covid hosp,1,2026-08-29,17,quantile,0.55,76.0
2026-08-22,wk inc covid hosp,1,2026-08-29,17,quantile,0.6,82.0
2026-08-22,wk inc covid hosp,1,2026-08-29,17,quantile,0.65,86.0
2026-08-22,wk inc covid hosp,1,2026-08-29,17,quantile,0.7,90.0
2026-08-22,wk inc covid hosp,1,2026-08-29,17,quantile,0.75,94.0
2026-08-22,wk inc covid hosp,1,2026-08-29,17,quantile,0.8,101.0
2026-08-22,wk inc covid hosp,1,2026-08-29,17,quantile,0.85,110.0
2026-08-22,wk inc covid hosp,1,2026-08-29,17,quantile,0.9,121.0
2026-08-22,wk inc covid hosp,1,2026-08-29,17,quantile,0.95,138.0
2026-08-22,wk inc covid hosp,1,2026-08-29,17,quantile,0.975,152.0
2026-08-22,wk inc covid hosp,1,2026-08-29,17,quantile,0.99,172.0
2026-08-22,wk inc covid hosp,1,2026-08-29,18,quantile,0.01,1.0
2026-08-22,wk inc covid hosp,1,2026-08-29,18,quantile,0.025,7.0
2026-08-22,wk inc covid hosp,1,2026-08-29,18,quantile,0.05,12.0
2026-08-22,wk inc covid hosp,1,2026-08-29,18,quantile,0.1,17.0
2026-08-22,wk inc covid hosp,1,2026-08-29,18,quantile,0.15,22.0
2026-08-22,wk inc covid hosp,1,2026-08-29,18,quantile,0.2,26.0
2026-08-22,wk inc covid hosp,1,2026-08-29,18,quantile,0.25,29.0
2026-08-22,wk inc covid hosp,1,2026-08-29,18,quantile,0.3,33.0
2026-08-22,wk inc covid hosp,1,2026-08-29,18,quantile,0.35,36.0
2026-08-22,wk inc covid hosp,1,2026-08-29,18,quantile,0.4,39.0
2026-08-22,wk inc covid hosp,1,2026-08-29,18,quantile,0.45,41.0
2026-08-22,wk inc covid hosp,1,2026-08-29,18,quantile,0.5,45.0
2026-08-22,wk inc covid hosp,1,2026-08-29,18,quantile,0.55,48.0
2026-08-22,wk inc covid hosp,1,2026-08-29,18,quantile,0.6,52.0
2026-08-22,wk inc covid hosp,1,2026-08-29,18,quantile,0.65,55.0
2026-08-22,wk inc covid hosp,1,2026-08-29,18,quantile,0.7,58.0
2026-08-22,wk inc covid hosp,1,2026-08-29,18,quantile,0.75,62.0
2026-08-22,wk inc covid hosp,1,2026-08-29,18,quantile,0.8,66.0
2026-08-22,wk inc covid hosp,1,2026-08-29,18,quantile,0.85,71.0
2026-08-22,wk inc covid hosp,1,2026-08-29,18,quantile,0.9,80.0
2026-08-22,wk inc covid hosp,1,2026-08-29,18,quantile,0.95,93.0
2026-08-22,wk inc covid hosp,1,2026-08-29,18,quantile,0.975,107.0
2026-08-22,wk inc covid hosp,1,2026-08-29,18,quantile,0.99,123.0
2026-08-22,wk inc covid hosp,1,2026-08-29,19,quantile,0.01,0.0
2026-08-22,wk inc covid hosp,1,2026-08-29,19,quantile,0.025,0.0
2026-08-22,wk inc covid hosp,1,2026-08-29,19,quantile,0.05,0.0
2026-08-22,wk inc covid hosp,1,2026-08-29,19,quantile,0.1,0.0
2026-08-22,wk inc covid hosp,1,2026-08-29,19,quantile,0.15,2.0
2026-08-22,wk inc covid hosp,1,2026-08-29,19,quantile,0.2,3.0
2026-08-22,wk inc covid hosp,1,2026-08-29,19,quantile,0.25,5.0
2026-08-22,wk inc covid hosp,1,2026-08-29,19,quantile,0.3,6.0
2026-08-22,wk inc covid hosp,1,2026-08-29,19,quantile,0.35,7.0
2026-08-22,wk inc covid hosp,1,2026-08-29,19,quantile,0.4,8.0
2026-08-22,wk inc covid hosp,1,2026-08-29,19,quantile,0.45,9.0
2026-08-22,wk inc covid hosp,1,2026-08-29,19,quantile,0.5,11.0
2026-08-22,wk inc covid hosp,1,2026-08-29,19,quantile,0.55,12.0
2026-08-22,wk inc covid hosp,1,2026-08-29,19,quantile,0.6,13.0
2026-08-22,wk inc covid hosp,1,2026-08-29,19,quantile,0.65,14.0
2026-08-22,wk inc covid hosp,1,2026-08-29,19,quantile,0.7,16.0
2026-08-22,wk inc covid hosp,1,2026-08-29,19,quantile,0.75,17.0
2026-08-22,wk inc covid hosp,1,2026-08-29,19,quantile,0.8,19.0
2026-08-22,wk inc covid hosp,1,2026-08-29,19,quantile,0.85,22.0
2026-08-22,wk inc covid hosp,1,2026-08-29,19,quantile,0.9,25.0
2026-08-22,wk inc covid hosp,1,2026-08-29,19,quantile,0.95,30.0
2026-08-22,wk inc covid hosp,1,2026-08-29,19,quantile,0.975,34.0
2026-08-22,wk inc covid hosp,1,2026-08-29,19,quantile,0.99,40.0
2026-08-22,wk inc covid hosp,1,2026-08-29,20,quantile,0.01,0.0
2026-08-22,wk inc covid hosp,1,2026-08-29,20,quantile,0.025,0.0
2026-08-22,wk inc covid hosp,1,2026-08-29,20,quantile,0.05,0.0
2026-08-22,wk inc covid hosp,1,2026-08-29,20,quantile,0.1,1.0
2026-08-22,wk inc covid hosp,1,2026-08-29,20,quantile,0.15,3.0
2026-08-22,wk inc covid hosp,1,2026-08-29,20,quantile,0.2,4.0
2026-08-22,wk inc covid hosp,1,2026-08-29,20,quantile,0.25,6.0
2026-08-22,wk inc covid hosp,1,2026-08-29,20,quantile,0.3,7.0
2026-08-22,wk inc covid hosp,1,2026-08-29,20,quantile,0.35,8.0
2026-08-22,wk inc covid hosp,1,2026-08-29,20,quantile,0.4,9.0
2026-08-22,wk inc covid hosp,1,2026-08-29,20,quantile,0.45,10.0
2026-08-22,wk inc covid hosp,1,2026-08-29,20,quantile,0.5,11.0
2026-08-22,wk inc covid hosp,1,2026-08-29,20,quantile,0.55,12.0
2026-08-22,wk inc covid hosp,1,2026-08-29,20,quantile,0.6,14.0
2026-08-22,wk inc covid hosp,1,2026-08-29,20,quantile,0.65,15.0
2026-08-22,wk inc covid hosp,1,2026-08-29,20,quantile,0.7,16.0
2026-08-22,wk inc covid hosp,1,2026-08-29,20,quantile,0.75,17.0
2026-08-22,wk inc covid hosp,1,2026-08-29,20,quantile,0.8,19.0
2026-08-22,wk inc covid hosp,1,2026-08-29,20,quantile,0.85,22.0
2026-08-22,wk inc covid hosp,1,2026-08-29,20,quantile,0.9,25.0
2026-08-22,wk inc covid hosp,1,2026-08-29,20,quantile,0.95,30.0
2026-08-22,wk inc covid hosp,1,2026-08-29,20,quantile,0.975,34.0
2026-08-22,wk inc covid hosp,1,2026-08-29,20,quantile,0.99,40.0
2026-08-22,wk inc covid hosp,1,2026-08-29,21,quantile,0.01,0.0
2026-08-22,wk inc covid hosp,1,2026-08-29,21,quantile,0.025,4.0
2026-08-22,wk inc covid hosp,1,2026-08-29,21,quantile,0.05,8.0
2026-08-22,wk inc covid hosp,1,2026-08-29,21,quantile,0.1,13.0
2026-08-22,wk inc covid hosp,1,2026-08-29,21,quantile,0.15,17.0
2026-08-22,wk inc covid hosp,1,2026-08-29,21,quantile,0.2,19.0
2026-08-22,wk inc covid hosp,1,2026-08-29,21,quantile,0.25,22.0
2026-08-22,wk inc covid hosp,1,2026-08-29,21,quantile,0.3,24.0
2026-08-22,wk inc covid hosp,1,2026-08-29,21,quantile,0.35,26.0
2026-08-22,wk inc covid hosp,1,2026-08-29,21,quantile,0.4,29.0
2026-08-22,wk inc covid hosp,1,2026-08-29,21,quantile,0.45,32.0
2026-08-22,wk inc covid hosp,1,2026-08-29,21,quantile,0.5,34.0
2026-08-22,wk inc covid hosp,1,2026-08-29,21,quantile,0.55,37.0
2026-08-22,wk inc covid hosp,1,2026-08-29,21,quantile,0.6,39.0
2026-08-22,wk inc covid hosp,1,2026-08-29,21,quantile,0.65,42.0
2026-08-22,wk inc covid hosp,1,2026-08-29,21,quantile,0.7,44.0
2026-08-22,wk inc covid hosp,1,2026-08-29,21,quantile,0.75,46.0
2026-08-22,wk inc covid hosp,1,2026-08-29,21,quantile,0.8,51.0
2026-08-22,wk inc covid hosp,1,2026-08-29,21,quantile,0.85,57.0
2026-08-22,wk inc covid hosp,1,2026-08-29,21,quantile,0.9,63.0
2026-08-22,wk inc covid hosp,1,2026-08-29,21,quantile,0.95,73.0
2026-08-22,wk inc covid hosp,1,2026-08-29,21,quantile,0.975,83.0
2026-08-22,wk inc covid hosp,1,2026-08-29,21,quantile,0.99,94.0
2026-08-22,wk inc covid hosp,1,2026-08-29,22,quantile,0.01,16.0
2026-08-22,wk inc covid hosp,1,2026-08-29,22,quantile,0.025,21.0
2026-08-22,wk inc covid hosp,1,2026-08-29,22,quantile,0.05,26.0
2026-08-22,wk inc covid hosp,1,2026-08-29,22,quantile,0.1,31.0
2026-08-22,wk inc covid hosp,1,2026-08-29,22,quantile,0.15,36.0
2026-08-22,wk inc covid hosp,1,2026-08-29,22,quantile,0.2,40.0
2026-08-22,wk inc covid hosp,1,2026-08-29,22,quantile,0.25,43.0
2026-08-22,wk inc covid hosp,1,2026-08-29,22,quantile,0.3,47.0
2026-08-22,wk inc covid hosp,1,2026-08-29,22,quantile,0.35,50.0
2026-08-22,wk inc covid hosp,1,2026-08-29,22,quantile,0.4,53.0
2026-08-22,wk inc covid hosp,1,2026-08-29,22,quantile,0.45,55.0
2026-08-22,wk inc covid hosp,1,2026-08-29,22,quantile,0.5,59.0
2026-08-22,wk inc covid hosp,1,2026-08-29,22,quantile,0.55,61.0
2026-08-22,wk inc covid hosp,1,2026-08-29,22,quantile,0.6,66.0
2026-08-22,wk inc covid hosp,1,2026-08-29,22,quantile,0.65,69.0
2026-08-22,wk inc covid hosp,1,2026-08-29,22,quantile,0.7,72.0
2026-08-22,wk inc covid hosp,1,2026-08-29,22,quantile,0.75,76.0
2026-08-22,wk inc covid hosp,1,2026-08-29,22,quantile,0.8,81.0
2026-08-22,wk inc covid hosp,1,2026-08-29,22,quantile,0.85,86.0
2026-08-22,wk inc covid hosp,1,2026-08-29,22,quantile,0.9,95.0
2026-08-22,wk inc covid hosp,1,2026-08-29,22,quantile,0.95,108.0
2026-08-22,wk inc covid hosp,1,2026-08-29,22,quantile,0.975,123.0
2026-08-22,wk inc covid hosp,1,2026-08-29,22,quantile,0.99,141.0
2026-08-22,wk inc covid hosp,1,2026-08-29,23,quantile,0.01,0.0
2026-08-22,wk inc covid hosp,1,2026-08-29,23,quantile,0.025,0.0
2026-08-22,wk inc covid hosp,1,2026-08-29,23,quantile,0.05,0.0
2026-08-22,wk inc covid hosp,1,2026-08-29,23,quantile,0.1,0.0
2026-08-22,wk inc covid hosp,1,2026-08-29,23,quantile,0.15,0.0
2026-08-22,wk inc covid hosp,1,2026-08-29,23,quantile,0.2,1.0
2026-08-22,wk inc covid hosp,1,2026-08-29,23,quantile,0.25,2.0
2026-08-22,wk inc covid hosp,1,2026-08-29,23,quantile,0.3,2.0
2026-08-22,wk inc covid hosp,1,2026-08-29,23,quantile,0.35,3.0
2026-08-22,wk inc covid hosp,1,2026-08-29,23,quantile,0.4,3.0
2026-08-22,wk inc covid hosp,1,2026-08-29,23,quantile,0.45,4.0
2026-08-22,wk inc covid hosp,1,2026-08-29,23,quantile,0.5,4.0
2026-08-22,wk inc covid hosp,1,2026-08-29,23,quantile,0.55,5.0
2026-08-22,wk inc covid hosp,1,2026-08-29,23,quantile,0.6,6.0
2026-08-22,wk inc covid hosp,1,2026-08-29,23,quantile,0.65,6.0
2026-08-22,wk inc covid hosp,1,2026-08-29,23,quantile,0.7,7.0
2026-08-22,wk inc covid hosp,1,2026-08-29,23,quantile,0.75,8.0
2026-08-22,wk inc covid hosp,1,2026-08-29,23,quantile,0.8,9.0
2026-08-22,wk inc covid hosp,1,2026-08-29,23,quantile,0.85,10.0
2026-08-22,wk inc covid hosp,1,2026-08-29,23,quantile,0.9,12.0
2026-08-22,wk inc covid hosp,1,2026-08-29,23,quantile,0.95,15.0
2026-08-22,wk inc covid hosp,1,2026-08-29,23,quantile,0.975,17.0
2026-08-22,wk inc covid hosp,1,2026-08-29,23,quantile,0.99,19.0
2026-08-22,wk inc covid hosp,1,2026-08-29,24,quantile,0.01,0.0
2026-08-22,wk inc covid hosp,1,2026-08-29,24,quantile,0.025,0.0
2026-08-22,wk inc covid hosp,1,2026-08-29,24,quantile,0.05,3.0
2026-08-22,wk inc covid hosp,1,2026-08-29,24,quantile,0.1,7.0
2026-08-22,wk inc covid hosp,1,2026-08-29,24,quantile,0.15,11.0
2026-08-22,wk inc covid hosp,1,2026-08-29,24,quantile,0.2,13.0
2026-08-22,wk inc covid hosp,1,2026-08-29,24,quantile,0.25,15.0
2026-08-22,wk inc covid hosp,1,2026-08-29,24,quantile,0.3,18.0
2026-08-22,wk inc covid hosp,1,2026-08-29,24,quantile,0.35,20.0
2026-08-22,wk inc covid hosp,1,2026-08-29,24,quantile,0.4,22.0
2026-08-22,wk inc covid hosp,1,2026-08-29,24,quantile,0.45,24.0
2026-08-22,wk inc covid hosp,1,2026-08-29,24,quantile,0.5,26.0
2026-08-22,wk inc covid hosp,1,2026-08-29,24,quantile,0.55,28.0
2026-08-22,wk inc covid hosp,1,2026-08-29,24,quantile,0.6,31.0
2026-08-22,wk inc covid hosp,1,2026-08-29,24,quantile,0.65,33.0
2026-08-22,wk inc covid hosp,1,2026-08-29,24,quantile,0.7,35.0
2026-08-22,wk inc covid hosp,1,2026-08-29,24,quantile,0.75,37.0
2026-08-22,wk inc covid hosp,1,2026-08-29,24,quantile,0.8,40.0
2026-08-22,wk inc covid hosp,1,2026-08-29,24,quantile,0.85,44.0
2026-08-22,wk inc covid hosp,1,2026-08-29,24,quantile,0.9,50.0
2026-08-22,wk inc covid hosp,1,2026-08-29,24,quantile,0.95,58.0
2026-08-22,wk inc covid hosp,1,2026-08-29,24,quantile,0.975,68.0
2026-08-22,wk inc covid hosp,1,2026-08-29,24,quantile,0.99,78.0
2026-08-22,wk inc covid hosp,1,2026-08-29,25,quantile,0.01,10.0
2026-08-22,wk inc covid hosp,1,2026-08-29,25,quantile,0.025,17.0
2026-08-22,wk inc covid hosp,1,2026-08-29,25,quantile,0.05,22.0
2026-08-22,wk inc covid hosp,1,2026-08-29,25,quantile,0.1,30.0
2026-08-22,wk inc covid hosp,1,2026-08-29,25,quantile,0.15,38.0
2026-08-22,wk inc covid hosp,1,2026-08-29,25,quantile,0.2,42.0
2026-08-22,wk inc covid hosp,1,2026-08-29,25,quantile,0.25,46.0
2026-08-22,wk inc covid hosp,1,2026-08-29,25,quantile,0.3,51.0
2026-08-22,wk inc covid hosp,1,2026-08-29,25,quantile,0.35,54.0
2026-08-22,wk inc covid hosp,1,2026-08-29,25,quantile,0.4,58.0
2026-08-22,wk inc covid hosp,1,2026-08-29,25,quantile,0.45,63.0
2026-08-22,wk inc covid hosp,1,2026-08-29,25,quantile,0.5,67.0
2026-08-22,wk inc covid hosp,1,2026-08-29,25,quantile,0.55,70.0
2026-08-22,wk inc covid hosp,1,2026-08-29,25,quantile,0.6,75.0
2026-08-22,wk inc covid hosp,1,2026-08-29,25,quantile,0.65,79.0
2026-08-22,wk inc covid hosp,1,2026-08-29,25,quantile,0.7,82.0
2026-08-22,wk inc covid hosp,1,2026-08-29,25,quantile,0.75,86.0
2026-08-22,wk inc covid hosp,1,2026-08-29,25,quantile,0.8,92.0
2026-08-22,wk inc covid hosp,1,2026-08-29,25,quantile,0.85,100.0
2026-08-22,wk inc covid hosp,1,2026-08-29,25,quantile,0.9,111.0
2026-08-22,wk inc covid hosp,1,2026-08-29,25,quantile,0.95,127.0
2026-08-22,wk inc covid hosp,1,2026-08-29,25,quantile,0.975,140.0
2026-08-22,wk inc covid hosp,1,2026-08-29,25,quantile,0.99,159.0
2026-08-22,wk inc covid hosp,1,2026-08-29,26,quantile,0.01,0.0
2026-08-22,wk inc covid hosp,1,2026-08-29,26,quantile,0.025,0.0
2026-08-22,wk inc covid hosp,1,2026-08-29,26,quantile,0.05,0.0
2026-08-22,wk inc covid hosp,1,2026-08-29,26,quantile,0.1,2.0
2026-08-22,wk inc covid hosp,1,2026-08-29,26,quantile,0.15,10.0
2026-08-22,wk inc covid hosp,1,2026-08-29,26,quantile,0.2,16.0
2026-08-22,wk inc covid hosp,1,2026-08-29,26,quantile,0.25,20.0
2026-08-22,wk inc covid hosp,1,2026-08-29,26,quantile,0.3,26.0
2026-08-22,wk inc covid hosp,1,2026-08-29,26,quantile,0.35,30.0
2026-08-22,wk inc covid hosp,1,2026-08-29,26,quantile,0.4,35.0
2026-08-22,wk inc covid hosp,1,2026-08-29,26,quantile,0.45,41.0
2026-08-22,wk inc covid hosp,1,2026-08-29,26,quantile,0.5,45.0
2026-08-22,wk inc covid hosp,1,2026-08-29,26,quantile,0.55,49.0
2026-08-22,wk inc covid hosp,1,2026-08-29,26,quantile,0.6,55.0
2026-08-22,wk inc covid hosp,1,2026-08-29,26,quantile,0.65,60.0
2026-08-22,wk inc covid hosp,1,2026-08-29,26,quantile,0.7,64.0
2026-08-22,wk inc covid hosp,1,2026-08-29,26,quantile,0.75,69.0
2026-08-22,wk inc covid hosp,1,2026-08-29,26,quantile,0.8,76.0
2026-08-22,wk inc covid hosp,1,2026-08-29,26,quantile,0.85,87.0
2026-08-22,wk inc covid hosp,1,2026-08-29,26,quantile,0.9,99.0
2026-08-22,wk inc covid hosp,1,2026-08-29,26,quantile,0.95,120.0
2026-08-22,wk inc covid hosp,1,2026-08-29,26,quantile,0.975,139.0
2026-08-22,wk inc covid hosp,1,2026-08-29,26,quantile,0.99,168.0
2026-08-22,wk inc covid hosp,1,2026-08-29,27,quantile,0.01,0.0
2026-08-22,wk inc covid hosp,1,2026-08-29,27,quantile,0.025,0.0
2026-08-22,wk inc covid hosp,1,2026-08-29,27,quantile,0.05,0.0
2026-08-22,wk inc covid hosp,1,2026-08-29,27,quantile,0.1,2.0
2026-08-22,wk inc covid hosp,1,2026-08-29,27,quantile,0.15,5.0
2026-08-22,wk inc covid hosp,1,2026-08-29,27,quantile,0.2,7.0
2026-08-22,wk inc covid hosp,1,2026-08-29,27,quantile,0.25,9.0
2026-08-22,wk inc covid hosp,1,2026-08-29,27,quantile,0.3,11.0
2026-08-22,wk inc covid hosp,1,2026-08-29,27,quantile,0.35,13.0
2026-08-22,wk inc covid hosp,1,2026-08-29,27,quantile,0.4,15.0
2026-08-22,wk inc covid hosp,1,2026-08-29,27,quantile,0.45,16.0
2026-08-22,wk inc covid hosp,1,2026-08-29,27,quantile,0.5,18.0
2026-08-22,wk inc covid hosp,1,2026-08-29,27,quantile,0.55,20.0
2026-08-22,wk inc covid hosp,1,2026-08-29,27,quantile,0.6,22.0
2026-08-22,wk inc covid hosp,1,2026-08-29,27,quantile,0.65,24.0
2026-08-22,wk inc covid hosp,1,2026-08-29,27,quantile,0.7,26.0
2026-08-22,wk inc covid hosp,1,2026-08-29,27,quantile,0.75,28.0
2026-08-22,wk inc covid hosp,1,2026-08-29,27,quantile,0.8,31.0
2026-08-22,wk inc covid hosp,1,2026-08-29,27,quantile,0.85,34.0
2026-08-22,wk inc covid hosp,1,2026-08-29,27,quantile,0.9,38.0
2026-08-22,wk inc covid hosp,1,2026-08-29,27,quantile,0.95,46.0
2026-08-22,wk inc covid hosp,1,2026-08-29,27,quantile,0.975,54.0
2026-08-22,wk inc covid hosp,1,2026-08-29,27,quantile,0.99,62.0
2026-08-22,wk inc covid hosp,1,2026-08-29,28,quantile,0.01,19.0
2026-08-22,wk inc covid hosp,1,2026-08-29,28,quantile,0.025,23.0
2026-08-22,wk inc covid hosp,1,2026-08-29,28,quantile,0.05,27.0
2026-08-22,wk inc covid hosp,1,2026-08-29,28,quantile,0.1,31.0
2026-08-22,wk inc covid hosp,1,2026-08-29,28,quantile,0.15,35.0
2026-08-22,wk inc covid hosp,1,2026-08-29,28,quantile,0.2,38.0
2026-08-22,wk inc covid hosp,1,2026-08-29,28,quantile,0.25,41.0
2026-08-22,wk inc covid hosp,1,2026-08-29,28,quantile,0.3,44.0
2026-08-22,wk inc covid hosp,1,2026-08-29,28,quantile,0.35,47.0
2026-08-22,wk inc covid hosp,1,2026-08-29,28,quantile,0.4,49.0
2026-08-22,wk inc covid hosp,1,2026-08-29,28,quantile,0.45,51.0
2026-08-22,wk inc covid hosp,1,2026-08-29,28,quantile,0.5,54.0
2026-08-22,wk inc covid hosp,1,2026-08-29,28,quantile,0.55,56.0
2026-08-22,wk inc covid hosp,1,2026-08-29,28,quantile,0.6,60.0
2026-08-22,wk inc covid hosp,1,2026-08-29,28,quantile,0.65,63.0
2026-08-22,wk inc covid hosp,1,2026-08-29,28,quantile,0.7,65.0
2026-08-22,wk inc covid hosp,1,2026-08-29,28,quantile,0.75,68.0
2026-08-22,wk inc covid hosp,1,2026-08-29,28,quantile,0.8,72.0
2026-08-22,wk inc covid hosp,1,2026-08-29,28,quantile,0.85,77.0
2026-08-22,wk inc covid hosp,1,2026-08-29,28,quantile,0.9,84.0
2026-08-22,wk inc covid hosp,1,2026-08-29,28,quantile,0.95,96.0
2026-08-22,wk inc covid hosp,1,2026-08-29,28,quantile,0.975,109.0
2026-08-22,wk inc covid hosp,1,2026-08-29,28,quantile,0.99,120.0
2026-08-22,wk inc covid hosp,1,2026-08-29,29,quantile,0.01,5.0
2026-08-22,wk inc covid hosp,1,2026-08-29,29,quantile,0.025,9.0
2026-08-22,wk inc covid hosp,1,2026-08-29,29,quantile,0.05,13.0
2026-08-22,wk inc covid hosp,1,2026-08-29,29,quantile,0.1,18.0
2026-08-22,wk inc covid hosp,1,2026-08-29,29,quantile,0.15,23.0
2026-08-22,wk inc covid hosp,1,2026-08-29,29,quantile,0.2,25.0
2026-08-22,wk inc covid hosp,1,2026-08-29,29,quantile,0.25,28.0
2026-08-22,wk inc covid hosp,1,2026-08-29,29,quantile,0.3,31.0
2026-08-22,wk inc covid hosp,1,2026-08-29,29,quantile,0.35,34.0
2026-08-22,wk inc covid hosp,1,2026-08-29,29,quantile,0.4,36.0
2026-08-22,wk inc covid hosp,1,2026-08-29,29,quantile,0.45,38.0
2026-08-22,wk inc covid hosp,1,2026-08-29,29,quantile,0.5,42.0
2026-08-22,wk inc covid hosp,1,2026-08-29,29,quantile,0.55,44.0
2026-08-22,wk inc covid hosp,1,2026-08-29,29,quantile,0.6,47.0
2026-08-22,wk inc covid hosp,1,2026-08-29,29,quantile,0.65,49.0
2026-08-22,wk inc covid hosp,1,2026-08-29,29,quantile,0.7,52.0
2026-08-22,wk inc covid hosp,1,2026-08-29,29,quantile,0.75,55.0
2026-08-22,wk inc covid hosp,1,2026-08-29,29,quantile,0.8,59.0
2026-08-22,wk inc covid hosp,1,2026-08-29,29,quantile,0.85,63.0
2026-08-22,wk inc covid hosp,1,2026-08-29,29,quantile,0.9,70.0
2026-08-22,wk inc covid hosp,1,2026-08-29,29,quantile,0.95,80.0
2026-08-22,wk inc covid hosp,1,2026-08-29,29,quantile,0.975,91.0
2026-08-22,wk inc covid hosp,1,2026-08-29,29,quantile,0.99,103.0
2026-08-22,wk inc covid hosp,1,2026-08-29,30,quantile,0.01,0.0
2026-08-22,wk inc covid hosp,1,2026-08-29,30,quantile,0.025,0.0
2026-08-22,wk inc covid hosp,1,2026-08-29,30,quantile,0.05,0.0
2026-08-22,wk inc covid hosp,1,2026-08-29,30,quantile,0.1,0.0
2026-08-22,wk inc covid hosp,1,2026-08-29,30,quantile,0.15,1.0
2026-08-22,wk inc covid hosp,1,2026-08-29,30,quantile,0.2,1.0
2026-08-22,wk inc covid hosp,1,2026-08-29,30,quantile,0.25,2.0
2026-08-22,wk inc covid hosp,1,2026-08-29,30,quantile,0.3,3.0
2026-08-22,wk inc covid hosp,1,2026-08-29,30,quantile,0.35,3.0
2026-08-22,wk inc covid hosp,1,2026-08-29,30,quantile,0.4,4.0
2026-08-22,wk inc covid hosp,1,2026-08-29,30,quantile,0.45,4.0
2026-08-22,wk inc covid hosp,1,2026-08-29,30,quantile,0.5,5.0
2026-08-22,wk inc covid hosp,1,2026-08-29,30,quantile,0.55,6.0
2026-08-22,wk inc covid hosp,1,2026-08-29,30,quantile,0.6,6.0
2026-08-22,wk inc covid hosp,1,2026-08-29,30,quantile,0.65,7.0
2026-08-22,wk inc covid hosp,1,2026-08-29,30,quantile,0.7,8.0
2026-08-22,wk inc covid hosp,1,2026-08-29,30,quantile,0.75,9.0
2026-08-22,wk inc covid hosp,1,2026-08-29,30,quantile,0.8,10.0
2026-08-22,wk inc covid hosp,1,2026-08-29,30,quantile,0.85,11.0
2026-08-22,wk inc covid hosp,1,2026-08-29,30,quantile,0.9,13.0
2026-08-22,wk inc covid hosp,1,2026-08-29,30,quantile,0.95,16.0
2026-08-22,wk inc covid hosp,1,2026-08-29,30,quantile,0.975,19.0
2026-08-22,wk inc covid hosp,1,2026-08-29,30,quantile,0.99,21.0
2026-08-22,wk inc covid hosp,1,2026-08-29,31,quantile,0.01,0.0
2026-08-22,wk inc covid hosp,1,2026-08-29,31,quantile,0.025,0.0
2026-08-22,wk inc covid hosp,1,2026-08-29,31,quantile,0.05,0.0
2026-08-22,wk inc covid hosp,1,2026-08-29,31,quantile,0.1,0.0
2026-08-22,wk inc covid hosp,1,2026-08-29,31,quantile,0.15,0.0
2026-08-22,wk inc covid hosp,1,2026-08-29,31,quantile,0.2,1.0
2026-08-22,wk inc covid hosp,1,2026-08-29,31,quantile,0.25,2.0
2026-08-22,wk inc covid hosp,1,2026-08-29,31,quantile,0.3,2.0
2026-08-22,wk inc covid hosp,1,2026-08-29,31,quantile,0.35,3.0
2026-08-22,wk inc covid hosp,1,2026-08-29,31,quantile,0.4,4.0
2026-08-22,wk inc covid hosp,1,2026-08-29,31,quantile,0.45,5.0
2026-08-22,wk inc covid hosp,1,2026-08-29,31,quantile,0.5,6.0
2026-08-22,wk inc covid hosp,1,2026-08-29,31,quantile,0.55,6.0
2026-08-22,wk inc covid hosp,1,2026-08-29,31,quantile,0.6,7.0
2026-08-22,wk inc covid hosp,1,2026-08-29,31,quantile,0.65,8.0
2026-08-22,wk inc covid hosp,1,2026-08-29,31,quantile,0.7,9.0
2026-08-22,wk inc covid hosp,1,2026-08-29,31,quantile,0.75,10.0
2026-08-22,wk inc covid hosp,1,2026-08-29,31,quantile,0.8,11.0
2026-08-22,wk inc covid hosp,1,2026-08-29,31,quantile,0.85,13.0
2026-08-22,wk inc covid hosp,1,2026-08-29,31,quantile,0.9,15.0
2026-08-22,wk inc covid hosp,1,2026-08-29,31,quantile,0.95,18.0
2026-08-22,wk inc covid hosp,1,2026-08-29,31,quantile,0.975,22.0
2026-08-22,wk inc covid hosp,1,2026-08-29,31,quantile,0.99,25.0
2026-08-22,wk inc covid hosp,1,2026-08-29,32,quantile,0.01,4.0
2026-08-22,wk inc covid hosp,1,2026-08-29,32,quantile,0.025,6.0
2026-08-22,wk inc covid hosp,1,2026-08-29,32,quantile,0.05,8.0
2026-08-22,wk inc covid hosp,1,2026-08-29,32,quantile,0.1,11.0
2026-08-22,wk inc covid hosp,1,2026-08-29,32,quantile,0.15,14.0
2026-08-22,wk inc covid hosp,1,2026-08-29,32,quantile,0.2,15.0
2026-08-22,wk inc covid hosp,1,2026-08-29,32,quantile,0.25,17.0
2026-08-22,wk inc covid hosp,1,2026-08-29,32,quantile,0.3,19.0
2026-08-22,wk inc covid hosp,1,2026-08-29,32,quantile,0.35,20.0
2026-08-22,wk inc covid hosp,1,2026-08-29,32,quantile,0.4,22.0
2026-08-22,wk inc covid hosp,1,2026-08-29,32,quantile,0.45,23.0
2026-08-22,wk inc covid hosp,1,2026-08-29,32,quantile,0.5,25.0
2026-08-22,wk inc covid hosp,1,2026-08-29,32,quantile,0.55,26.0
2026-08-22,wk inc covid hosp,1,2026-08-29,32,quantile,0.6,28.0
2026-08-22,wk inc covid hosp,1,2026-08-29,32,quantile,0.65,29.0
2026-08-22,wk inc covid hosp,1,2026-08-29,32,quantile,0.7,31.0
2026-08-22,wk inc covid hosp,1,2026-08-29,32,quantile,0.75,33.0
2026-08-22,wk inc covid hosp,1,2026-08-29,32,quantile,0.8,35.0
2026-08-22,wk inc covid hosp,1,2026-08-29,32,quantile,0.85,37.0
2026-08-22,wk inc covid hosp,1,2026-08-29,32,quantile,0.9,41.0
2026-08-22,wk inc covid hosp,1,2026-08-29,32,quantile,0.95,48.0
2026-08-22,wk inc covid hosp,1,2026-08-29,32,quantile,0.975,55.0
2026-08-22,wk inc covid hosp,1,2026-08-29,32,quantile,0.99,62.0
2026-08-22,wk inc covid hosp,1,2026-08-29,33,quantile,0.01,0.0
2026-08-22,wk inc covid hosp,1,2026-08-29,33,quantile,0.025,0.0
2026-08-22,wk inc covid hosp,1,2026-08-29,33,quantile,0.05,2.0
2026-08-22,wk inc covid hosp,1,2026-08-29,33,quantile,0.1,4.0
2026-08-22,wk inc covid hosp,1,2026-08-29,33,quantile,0.15,6.0
2026-08-22,wk inc covid hosp,1,2026-08-29,33,quantile,0.2,7.0
2026-08-22,wk inc covid hosp,1,2026-08-29,33,quantile,0.25,8.0
2026-08-22,wk inc covid hosp,1,2026-08-29,33,quantile,0.3,9.0
2026-08-22,wk inc covid hosp,1,2026-08-29,33,quantile,0.35,11.0
2026-08-22,wk inc covid hosp,1,2026-08-29,33,quantile,0.4,12.0
2026-08-22,wk inc covid hosp,1,2026-08-29,33,quantile,0.45,13.0
2026-08-22,wk inc covid hosp,1,2026-08-29,33,quantile,0.5,15.0
2026-08-22,wk inc covid hosp,1,2026-08-29,33,quantile,0.55,16.0
2026-08-22,wk inc covid hosp,1,2026-08-29,33,quantile,0.6,17.0
2026-08-22,wk inc covid hosp,1,2026-08-29,33,quantile,0.65,19.0
2026-08-22,wk inc covid hosp,1,2026-08-29,33,quantile,0.7,20.0
2026-08-22,wk inc covid hosp,1,2026-08-29,33,quantile,0.75,22.0
2026-08-22,wk inc covid hosp,1,2026-08-29,33,quantile,0.8,24.0
2026-08-22,wk inc covid hosp,1,2026-08-29,33,quantile,0.85,27.0
2026-08-22,wk inc covid hosp,1,2026-08-29,33,quantile,0.9,31.0
2026-08-22,wk inc covid hosp,1,2026-08-29,33,quantile,0.95,39.0
2026-08-22,wk inc covid hosp,1,2026-08-29,33,quantile,0.975,46.0
2026-08-22,wk inc covid hosp,1,2026-08-29,33,quantile,0.99,55.0
2026-08-22,wk inc covid hosp,1,2026-08-29,34,quantile,0.01,4.0
2026-08-22,wk inc covid hosp,1,2026-08-29,34,quantile,0.025,13.0
2026-08-22,wk inc covid hosp,1,2026-08-29,34,quantile,0.05,20.0
2026-08-22,wk inc covid hosp,1,2026-08-29,34,quantile,0.1,31.0
2026-08-22,wk inc covid hosp,1,2026-08-29,34,quantile,0.15,40.0
2026-08-22,wk inc covid hosp,1,2026-08-29,34,quantile,0.2,46.0
2026-08-22,wk inc covid hosp,1,2026-08-29,34,quantile,0.25,52.0
2026-08-22,wk inc covid hosp,1,2026-08-29,34,quantile,0.3,58.0
2026-08-22,wk inc covid hosp,1,2026-08-29,34,quantile,0.35,63.0
2026-08-22,wk inc covid hosp,1,2026-08-29,34,quantile,0.4,69.0
2026-08-22,wk inc covid hosp,1,2026-08-29,34,quantile,0.45,74.0
2026-08-22,wk inc covid hosp,1,2026-08-29,34,quantile,0.5,80.0
2026-08-22,wk inc covid hosp,1,2026-08-29,34,quantile,0.55,85.0
2026-08-22,wk inc covid hosp,1,2026-08-29,34,quantile,0.6,91.0
2026-08-22,wk inc covid hosp,1,2026-08-29,34,quantile,0.65,96.0
2026-08-22,wk inc covid hosp,1,2026-08-29,34,quantile,0.7,101.0
2026-08-22,wk inc covid hosp,1,2026-08-29,34,quantile,0.75,107.0
2026-08-22,wk inc covid hosp,1,2026-08-29,34,quantile,0.8,115.0
2026-08-22,wk inc covid hosp,1,2026-08-29,34,quantile,0.85,126.0
2026-08-22,wk inc covid hosp,1,2026-08-29,34,quantile,0.9,140.0
2026-08-22,wk inc covid hosp,1,2026-08-29,34,quantile,0.95,163.0
2026-08-22,wk inc covid hosp,1,2026-08-29,34,quantile,0.975,184.0
2026-08-22,wk inc covid hosp,1,2026-08-29,34,quantile,0.99,216.0
2026-08-22,wk inc covid hosp,1,2026-08-29,35,quantile,0.01,0.0
2026-08-22,wk inc covid hosp,1,2026-08-29,35,quantile,0.025,0.0
2026-08-22,wk inc covid hosp,1,2026-08-29,35,quantile,0.05,0.0
2026-08-22,wk inc covid hosp,1,2026-08-29,35,quantile,0.1,2.0
2026-08-22,wk inc covid hosp,1,2026-08-29,35,quantile,0.15,3.0
2026-08-22,wk inc covid hosp,1,2026-08-29,35,quantile,0.2,4.0
2026-08-22,wk inc covid hosp,1,2026-08-29,35,quantile,0.25,5.0
2026-08-22,wk inc covid hosp,1,2026-08-29,35,quantile,0.3,6.0
2026-08-22,wk inc covid hosp,1,2026-08-29,35,quantile,0.35,7.0
2026-08-22,wk inc covid hosp,1,2026-08-29,35,quantile,0.4,8.0
2026-08-22,wk inc covid hosp,1,2026-08-29,35,quantile,0.45,9.0
2026-08-22,wk inc covid hosp,1,2026-08-29,35,quantile,0.5,10.0
2026-08-22,wk inc covid hosp,1,2026-08-29,35,quantile,0.55,11.0
2026-08-22,wk inc covid hosp,1,2026-08-29,35,quantile,0.6,12.0
2026-08-22,wk inc covid hosp,1,2026-08-29,35,quantile,0.65,14.0
2026-08-22,wk inc covid hosp,1,2026-08-29,35,quantile,0.7,15.0
2026-08-22,wk inc covid hosp,1,2026-08-29,35,quantile,0.75,16.0
2026-08-22,wk inc covid hosp,1,2026-08-29,35,quantile,0.8,18.0
2026-08-22,wk inc covid hosp,1,2026-08-29,35,quantile,0.85,21.0
2026-08-22,wk inc covid hosp,1,2026-08-29,35,quantile,0.9,23.0
2026-08-22,wk inc covid hosp,1,2026-08-29,35,quantile,0.95,28.0
2026-08-22,wk inc covid hosp,1,2026-08-29,35,quantile,0.975,32.0
2026-08-22,wk inc covid hosp,1,2026-08-29,35,quantile,0.99,36.0
2026-08-22,wk inc covid hosp,1,2026-08-29,36,quantile,0.01,47.0
2026-08-22,wk inc covid hosp,1,2026-08-29,36,quantile,0.025,63.0
2026-08-22,wk inc covid hosp,1,2026-08-29,36,quantile,0.05,76.0
2026-08-22,wk inc covid hosp,1,2026-08-29,36,quantile,0.1,96.0
2026-08-22,wk inc covid hosp,1,2026-08-29,36,quantile,0.15,112.0
2026-08-22,wk inc covid hosp,1,2026-08-29,36,quantile,0.2,122.0
2026-08-22,wk inc covid hosp,1,2026-08-29,36,quantile,0.25,132.0
2026-08-22,wk inc covid hosp,1,2026-08-29,36,quantile,0.3,142.0
2026-08-22,wk inc covid hosp,1,2026-08-29,36,quantile,0.35,150.0
2026-08-22,wk inc covid hosp,1,2026-08-29,36,quantile,0.4,161.0
2026-08-22,wk inc covid hosp,1,2026-08-29,36,quantile,0.45,169.0
2026-08-22,wk inc covid hosp,1,2026-08-29,36,quantile,0.5,178.0
2026-08-22,wk inc covid hosp,1,2026-08-29,36,quantile,0.55,185.0
2026-08-22,wk inc covid hosp,1,2026-08-29,36,quantile,0.6,196.0
2026-08-22,wk inc covid hosp,1,2026-08-29,36,quantile,0.65,205.0
2026-08-22,wk inc covid hosp,1,2026-08-29,36,quantile,0.7,213.0
2026-08-22,wk inc covid hosp,1,2026-08-29,36,quantile,0.75,221.0
2026-08-22,wk inc covid hosp,1,2026-08-29,36,quantile,0.8,234.0
2026-08-22,wk inc covid hosp,1,2026-08-29,36,quantile,0.85,252.0
2026-08-22,wk inc covid hosp,1,2026-08-29,36,quantile,0.9,272.0
2026-08-22,wk inc covid hosp,1,2026-08-29,36,quantile,0.95,305.0
2026-08-22,wk inc covid hosp,1,2026-08-29,36,quantile,0.975,336.0
2026-08-22,wk inc covid hosp,1,2026-08-29,36,quantile,0.99,377.0
2026-08-22,wk inc covid hosp,1,2026-08-29,37,quantile,0.01,52.0
2026-08-22,wk inc covid hosp,1,2026-08-29,37,quantile,0.025,63.0
2026-08-22,wk inc covid hosp,1,2026-08-29,37,quantile,0.05,72.0
2026-08-22,wk inc covid hosp,1,2026-08-29,37,quantile,0.1,87.0
2026-08-22,wk inc covid hosp,1,2026-08-29,37,quantile,0.15,99.0
2026-08-22,wk inc covid hosp,1,2026-08-29,37,quantile,0.2,106.0
2026-08-22,wk inc covid hosp,1,2026-08-29,37,quantile,0.25,113.0
2026-08-22,wk inc covid hosp,1,2026-08-29,37,quantile,0.3,120.0
2026-08-22,wk inc covid hosp,1,2026-08-29,37,quantile,0.35,126.0
2026-08-22,wk inc covid hosp,1,2026-08-29,37,quantile,0.4,134.0
2026-08-22,wk inc covid hosp,1,2026-08-29,37,quantile,0.45,140.0
2026-08-22,wk inc covid hosp,1,2026-08-29,37,quantile,0.5,147.0
2026-08-22,wk inc covid hosp,1,2026-08-29,37,quantile,0.55,152.0
2026-08-22,wk inc covid hosp,1,2026-08-29,37,quantile,0.6,160.0
2026-08-22,wk inc covid hosp,1,2026-08-29,37,quantile,0.65,166.0
2026-08-22,wk inc covid hosp,1,2026-08-29,37,quantile,0.7,173.0
2026-08-22,wk inc covid hosp,1,2026-08-29,37,quantile,0.75,179.0
2026-08-22,wk inc covid hosp,1,2026-08-29,37,quantile,0.8,188.0
2026-08-22,wk inc covid hosp,1,2026-08-29,37,quantile,0.85,201.0
2026-08-22,wk inc covid hosp,1,2026-08-29,37,quantile,0.9,217.0
2026-08-22,wk inc covid hosp,1,2026-08-29,37,quantile,0.95,242.0
2026-08-22,wk inc covid hosp,1,2026-08-29,37,quantile,0.975,266.0
2026-08-22,wk inc covid hosp,1,2026-08-29,37,quantile,0.99,297.0
2026-08-22,wk inc covid hosp,1,2026-08-29,38,quantile,0.01,0.0
2026-08-22,wk inc covid hosp,1,2026-08-29,38,quantile,0.025,0.0
2026-08-22,wk inc covid hosp,1,2026-08-29,38,quantile,0.05,0.0
2026-08-22,wk inc covid hosp,1,2026-08-29,38,quantile,0.1,0.0
2026-08-22,wk inc covid hosp,1,2026-08-29,38,quantile,0.15,0.0
2026-08-22,wk inc covid hosp,1,2026-08-29,38,quantile,0.2,0.0
2026-08-22,wk inc covid hosp,1,2026-08-29,38,quantile,0.25,0.0
2026-08-22,wk inc covid hosp,1,2026-08-29,38,quantile,0.3,1.0
2026-08-22,wk inc covid hosp,1,2026-08-29,38,quantile,0.35,1.0
2026-08-22,wk inc covid hosp,1,2026-08-29,38,quantile,0.4,1.0
2026-08-22,wk inc covid hosp,1,2026-08-29,38,quantile,0.45,2.0
2026-08-22,wk inc covid hosp,1,2026-08-29,38,quantile,0.5,2.0
2026-08-22,wk inc covid hosp,1,2026-08-29,38,quantile,0.55,3.0
2026-08-22,wk inc covid hosp,1,2026-08-29,38,quantile,0.6,3.0
2026-08-22,wk inc covid hosp,1,2026-08-29,38,quantile,0.65,3.0
2026-08-22,wk inc covid hosp,1,2026-08-29,38,quantile,0.7,4.0
2026-08-22,wk inc covid hosp,1,2026-08-29,38,quantile,0.75,4.0
2026-08-22,wk inc covid hosp,1,2026-08-29,38,quantile,0.8,5.0
2026-08-22,wk inc covid hosp,1,2026-08-29,38,quantile,0.85,6.0
2026-08-22,wk inc covid hosp,1,2026-08-29,38,quantile,0.9,7.0
2026-08-22,wk inc covid hosp,1,2026-08-29,38,quantile,0.95,9.0
2026-08-22,wk inc covid hosp,1,2026-08-29,38,quantile,0.975,10.0
2026-08-22,wk inc covid hosp,1,2026-08-29,38,quantile,0.99,11.0
2026-08-22,wk inc covid hosp,1,2026-08-29,39,quantile,0.01,0.0
2026-08-22,wk inc covid hosp,1,2026-08-29,39,quantile,0.025,8.0
2026-08-22,wk inc covid hosp,1,2026-08-29,39,quantile,0.05,15.0
2026-08-22,wk inc covid hosp,1,2026-08-29,39,quantile,0.1,24.0
2026-08-22,wk inc covid hosp,1,2026-08-29,39,quantile,0.15,33.0
2026-08-22,wk inc covid hosp,1,2026-08-29,39,quantile,0.2,39.0
2026-08-22,wk inc covid hosp,1,2026-08-29,39,quantile,0.25,44.0
2026-08-22,wk inc covid hosp,1,2026-08-29,39,quantile,0.3,49.0
2026-08-22,wk inc covid hosp,1,2026-08-29,39,quantile,0.35,54.0
2026-08-22,wk inc covid hosp,1,2026-08-29,39,quantile,0.4,59.0
2026-08-22,wk inc covid hosp,1,2026-08-29,39,quantile,0.45,64.0
2026-08-22,wk inc covid hosp,1,2026-08-29,39,quantile,0.5,69.0
2026-08-22,wk inc covid hosp,1,2026-08-29,39,quantile,0.55,73.0
2026-08-22,wk inc covid hosp,1,2026-08-29,39,quantile,0.6,79.0
2026-08-22,wk inc covid hosp,1,2026-08-29,39,quantile,0.65,84.0
2026-08-22,wk inc covid hosp,1,2026-08-29,39,quantile,0.7,88.0
2026-08-22,wk inc covid hosp,1,2026-08-29,39,quantile,0.75,93.0
2026-08-22,wk inc covid hosp,1,2026-08-29,39,quantile,0.8,100.0
2026-08-22,wk inc covid hosp,1,2026-08-29,39,quantile,0.85,109.0
2026-08-22,wk inc covid hosp,1,2026-08-29,39,quantile,0.9,121.0
2026-08-22,wk inc covid hosp,1,2026-08-29,39,quantile,0.95,140.0
2026-08-22,wk inc covid hosp,1,2026-08-29,39,quantile,0.975,155.0
2026-08-22,wk inc covid hosp,1,2026-08-29,39,quantile,0.99,177.0
2026-08-22,wk inc covid hosp,1,2026-08-29,40,quantile,0.01,0.0
2026-08-22,wk inc covid hosp,1,2026-08-29,40,quantile,0.025,0.0
2026-08-22,wk inc covid hosp,1,2026-08-29,40,quantile,0.05,0.0
2026-08-22,wk inc covid hosp,1,2026-08-29,40,quantile,0.1,0.0
2026-08-22,wk inc covid hosp,1,2026-08-29,40,quantile,0.15,2.0
2026-08-22,wk inc covid hosp,1,2026-08-29,40,quantile,0.2,3.0
2026-08-22,wk inc covid hosp,1,2026-08-29,40,quantile,0.25,5.0
2026-08-22,wk inc covid hosp,1,2026-08-29,40,quantile,0.3,7.0
2026-08-22,wk inc covid hosp,1,2026-08-29,40,quantile,0.35,8.0
2026-08-22,wk inc covid hosp,1,2026-08-29,40,quantile,0.4,9.0
2026-08-22,wk inc covid hosp,1,2026-08-29,40,quantile,0.45,11.0
2026-08-22,wk inc covid hosp,1,2026-08-29,40,quantile,0.5,12.0
2026-08-22,wk inc covid hosp,1,2026-08-29,40,quantile,0.55,14.0
2026-08-22,wk inc covid hosp,1,2026-08-29,40,quantile,0.6,16.0
2026-08-22,wk inc covid hosp,1,2026-08-29,40,quantile,0.65,17.0
2026-08-22,wk inc covid hosp,1,2026-08-29,40,quantile,0.7,19.0
2026-08-22,wk inc covid hosp,1,2026-08-29,40,quantile,0.75,20.0
2026-08-22,wk inc covid hosp,1,2026-08-29,40,quantile,0.8,22.0
2026-08-22,wk inc covid hosp,1,2026-08-29,40,quantile,0.85,25.0
2026-08-22,wk inc covid hosp,1,2026-08-29,40,quantile,0.9,29.0
2026-08-22,wk inc covid hosp,1,2026-08-29,40,quantile,0.95,36.0
2026-08-22,wk inc covid hosp,1,2026-08-29,40,quantile,0.975,42.0
2026-08-22,wk inc covid hosp,1,2026-08-29,40,quantile,0.99,50.0
2026-08-22,wk inc covid hosp,1,2026-08-29,41,quantile,0.01,0.0
2026-08-22,wk inc covid hosp,1,2026-08-29,41,quantile,0.025,0.0
2026-08-22,wk inc covid hosp,1,2026-08-29,41,quantile,0.05,1.0
2026-08-22,wk inc covid hosp,1,2026-08-29,41,quantile,0.1,4.0
2026-08-22,wk inc covid hosp,1,2026-08-29,41,quantile,0.15,7.0
2026-08-22,wk inc covid hosp,1,2026-08-29,41,quantile,0.2,9.0
2026-08-22,wk inc covid hosp,1,2026-08-29,41,quantile,0.25,11.0
2026-08-22,wk inc covid hosp,1,2026-08-29,41,quantile,0.3,13.0
2026-08-22,wk inc covid hosp,1,2026-08-29,41,quantile,0.35,14.0
2026-08-22,wk inc covid hosp,1,2026-08-29,41,quantile,0.4,16.0
2026-08-22,wk inc covid hosp,1,2026-08-29,41,quantile,0.45,17.0
2026-08-22,wk inc covid hosp,1,2026-08-29,41,quantile,0.5,19.0
2026-08-22,wk inc covid hosp,1,2026-08-29,41,quantile,0.55,21.0
2026-08-22,wk inc covid hosp,1,2026-08-29,41,quantile,0.6,23.0
2026-08-22,wk inc covid hosp,1,2026-08-29,41,quantile,0.65,24.0
2026-08-22,wk inc covid hosp,1,2026-08-29,41,quantile,0.7,26.0
2026-08-22,wk inc covid hosp,1,2026-08-29,41,quantile,0.75,28.0
2026-08-22,wk inc covid hosp,1,2026-08-29,41,quantile,0.8,30.0
2026-08-22,wk inc covid hosp,1,2026-08-29,41,quantile,0.85,33.0
2026-08-22,wk inc covid hosp,1,2026-08-29,41,quantile,0.9,37.0
2026-08-22,wk inc covid hosp,1,2026-08-29,41,quantile,0.95,44.0
2026-08-22,wk inc covid hosp,1,2026-08-29,41,quantile,0.975,52.0
2026-08-22,wk inc covid hosp,1,2026-08-29,41,quantile,0.99,58.0
2026-08-22,wk inc covid hosp,1,2026-08-29,42,quantile,0.01,13.0
2026-08-22,wk inc covid hosp,1,2026-08-29,42,quantile,0.025,26.0
2026-08-22,wk inc covid hosp,1,2026-08-29,42,quantile,0.05,36.0
2026-08-22,wk inc covid hosp,1,2026-08-29,42,quantile,0.1,53.0
2026-08-22,wk inc covid hosp,1,2026-08-29,42,quantile,0.15,67.0
2026-08-22,wk inc covid hosp,1,2026-08-29,42,quantile,0.2,76.0
2026-08-22,wk inc covid hosp,1,2026-08-29,42,quantile,0.25,85.0
2026-08-22,wk inc covid hosp,1,2026-08-29,42,quantile,0.3,94.0
2026-08-22,wk inc covid hosp,1,2026-08-29,42,quantile,0.35,102.0
2026-08-22,wk inc covid hosp,1,2026-08-29,42,quantile,0.4,111.0
2026-08-22,wk inc covid hosp,1,2026-08-29,42,quantile,0.45,119.0
2026-08-22,wk inc covid hosp,1,2026-08-29,42,quantile,0.5,127.0
2026-08-22,wk inc covid hosp,1,2026-08-29,42,quantile,0.55,136.0
2026-08-22,wk inc covid hosp,1,2026-08-29,42,quantile,0.6,146.0
2026-08-22,wk inc covid hosp,1,2026-08-29,42,quantile,0.65,154.0
2026-08-22,wk inc covid hosp,1,2026-08-29,42,quantile,0.7,162.0
2026-08-22,wk inc covid hosp,1,2026-08-29,42,quantile,0.75,171.0
2026-08-22,wk inc covid hosp,1,2026-08-29,42,quantile,0.8,182.0
2026-08-22,wk inc covid hosp,1,2026-08-29,42,quantile,0.85,199.0
2026-08-22,wk inc covid hosp,1,2026-08-29,42,quantile,0.9,222.0
2026-08-22,wk inc covid hosp,1,2026-08-29,42,quantile,0.95,255.0
2026-08-22,wk inc covid hosp,1,2026-08-29,42,quantile,0.975,290.0
2026-08-22,wk inc covid hosp,1,2026-08-29,42,quantile,0.99,341.0
2026-08-22,wk inc covid hosp,1,2026-08-29,44,quantile,0.01,2.0
2026-08-22,wk inc covid hosp,1,2026-08-29,44,quantile,0.025,3.0
2026-08-22,wk inc covid hosp,1,2026-08-29,44,quantile,0.05,4.0
2026-08-22,wk inc covid hosp,1,2026-08-29,44,quantile,0.1,6.0
2026-08-22,wk inc covid hosp,1,2026-08-29,44,quantile,0.15,8.0
2026-08-22,wk inc covid hosp,1,2026-08-29,44,quantile,0.2,9.0
2026-08-22,wk inc covid hosp,1,2026-08-29,44,quantile,0.25,10.0
2026-08-22,wk inc covid hosp,1,2026-08-29,44,quantile,0.3,11.0
2026-08-22,wk inc covid hosp,1,2026-08-29,44,quantile,0.35,12.0
2026-08-22,wk inc covid hosp,1,2026-08-29,44,quantile,0.4,12.0
2026-08-22,wk inc covid hosp,1,2026-08-29,44,quantile,0.45,13.0
2026-08-22,wk inc covid hosp,1,2026-08-29,44,quantile,0.5,14.0
2026-08-22,wk inc covid hosp,1,2026-08-29,44,quantile,0.55,16.0
2026-08-22,wk inc covid hosp,1,2026-08-29,44,quantile,0.6,17.0
2026-08-22,wk inc covid hosp,1,2026-08-29,44,quantile,0.65,18.0
2026-08-22,wk inc covid hosp,1,2026-08-29,44,quantile,0.7,19.0
2026-08-22,wk inc covid hosp,1,2026-08-29,44,quantile,0.75,20.0
2026-08-22,wk inc covid hosp,1,2026-08-29,44,quantile,0.8,22.0
2026-08-22,wk inc covid hosp,1,2026-08-29,44,quantile,0.85,24.0
2026-08-22,wk inc covid hosp,1,2026-08-29,44,quantile,0.9,27.0
2026-08-22,wk inc covid hosp,1,2026-08-29,44,quantile,0.95,32.0
2026-08-22,wk inc covid hosp,1,2026-08-29,44,quantile,0.975,36.0
2026-08-22,wk inc covid hosp,1,2026-08-29,44,quantile,0.99,40.0
2026-08-22,wk inc covid hosp,1,2026-08-29,45,quantile,0.01,3.0
2026-08-22,wk inc covid hosp,1,2026-08-29,45,quantile,0.025,7.0
2026-08-22,wk inc covid hosp,1,2026-08-29,45,quantile,0.05,11.0
2026-08-22,wk inc covid hosp,1,2026-08-29,45,quantile,0.1,16.0
2026-08-22,wk inc covid hosp,1,2026-08-29,45,quantile,0.15,21.0
2026-08-22,wk inc covid hosp,1,2026-08-29,45,quantile,0.2,24.0
2026-08-22,wk inc covid hosp,1,2026-08-29,45,quantile,0.25,26.0
2026-08-22,wk inc covid hosp,1,2026-08-29,45,quantile,0.3,29.0
2026-08-22,wk inc covid hosp,1,2026-08-29,45,quantile,0.35,32.0
2026-08-22,wk inc covid hosp,1,2026-08-29,45,quantile,0.4,35.0
2026-08-22,wk inc covid hosp,1,2026-08-29,45,quantile,0.45,37.0
2026-08-22,wk inc covid hosp,1,2026-08-29,45,quantile,0.5,40.0
2026-08-22,wk inc covid hosp,1,2026-08-29,45,quantile,0.55,42.0
2026-08-22,wk inc covid hosp,1,2026-08-29,45,quantile,0.6,45.0
2026-08-22,wk inc covid hosp,1,2026-08-29,45,quantile,0.65,47.0
2026-08-22,wk inc covid hosp,1,2026-08-29,45,quantile,0.7,50.0
2026-08-22,wk inc covid hosp,1,2026-08-29,45,quantile,0.75,52.0
2026-08-22,wk inc covid hosp,1,2026-08-29,45,quantile,0.8,56.0
2026-08-22,wk inc covid hosp,1,2026-08-29,45,quantile,0.85,62.0
2026-08-22,wk inc covid hosp,1,2026-08-29,45,quantile,0.9,68.0
2026-08-22,wk inc covid hosp,1,2026-08-29,45,quantile,0.95,78.0
2026-08-22,wk inc covid hosp,1,2026-08-29,45,quantile,0.975,88.0
2026-08-22,wk inc covid hosp,1,2026-08-29,45,quantile,0.99,101.0
2026-08-22,wk inc covid hosp,1,2026-08-29,46,quantile,0.01,0.0
2026-08-22,wk inc covid hosp,1,2026-08-29,46,quantile,0.025,0.0
2026-08-22,wk inc covid hosp,1,2026-08-29,46,quantile,0.05,0.0
2026-08-22,wk inc covid hosp,1,2026-08-29,46,quantile,0.1,0.0
2026-08-22,wk inc covid hosp,1,2026-08-29,46,quantile,0.15,1.0
2026-08-22,wk inc covid hosp,1,2026-08-29,46,quantile,0.2,2.0
2026-08-22,wk inc covid hosp,1,2026-08-29,46,quantile,0.25,2.0
2026-08-22,wk inc covid hosp,1,2026-08-29,46,quantile,0.3,3.0
2026-08-22,wk inc covid hosp,1,2026-08-29,46,quantile,0.35,3.0
2026-08-22,wk inc covid hosp,1,2026-08-29,46,quantile,0.4,4.0
2026-08-22,wk inc covid hosp,1,2026-08-29,46,quantile,0.45,4.0
2026-08-22,wk inc covid hosp,1,2026-08-29,46,quantile,0.5,5.0
2026-08-22,wk inc covid hosp,1,2026-08-29,46,quantile,0.55,5.0
2026-08-22,wk inc covid hosp,1,2026-08-29,46,quantile,0.6,6.0
2026-08-22,wk inc covid hosp,1,2026-08-29,46,quantile,0.65,7.0
2026-08-22,wk inc covid hosp,1,2026-08-29,46,quantile,0.7,7.0
2026-08-22,wk inc covid hosp,1,2026-08-29,46,quantile,0.75,8.0
2026-08-22,wk inc covid hosp,1,2026-08-29,46,quantile,0.8,9.0
2026-08-22,wk inc covid hosp,1,2026-08-29,46,quantile,0.85,10.0
2026-08-22,wk inc covid hosp,1,2026-08-29,46,quantile,0.9,12.0
2026-08-22,wk inc covid hosp,1,2026-08-29,46,quantile,0.95,14.0
2026-08-22,wk inc covid hosp,1,2026-08-29,46,quantile,0.975,17.0
2026-08-22,wk inc covid hosp,1,2026-08-29,46,quantile,0.99,19.0
2026-08-22,wk inc covid hosp,1,2026-08-29,47,quantile,0.01,9.0
2026-08-22,wk inc covid hosp,1,2026-08-29,47,quantile,0.025,15.0
2026-08-22,wk inc covid hosp,1,2026-08-29,47,quantile,0.05,21.0
2026-08-22,wk inc covid hosp,1,2026-08-29,47,quantile,0.1,27.0
2026-08-22,wk inc covid hosp,1,2026-08-29,47,quantile,0.15,33.0
2026-08-22,wk inc covid hosp,1,2026-08-29,47,quantile,0.2,37.0
2026-08-22,wk inc covid hosp,1,2026-08-29,47,quantile,0.25,40.0
2026-08-22,wk inc covid hosp,1,2026-08-29,47,quantile,0.3,45.0
2026-08-22,wk inc covid hosp,1,2026-08-29,47,quantile,0.35,49.0
2026-08-22,wk inc covid hosp,1,2026-08-29,47,quantile,0.4,52.0
2026-08-22,wk inc covid hosp,1,2026-08-29,47,quantile,0.45,55.0
2026-08-22,wk inc covid hosp,1,2026-08-29,47,quantile,0.5,59.0
2026-08-22,wk inc covid hosp,1,2026-08-29,47,quantile,0.55,62.0
2026-08-22,wk inc covid hosp,1,2026-08-29,47,quantile,0.6,67.0
2026-08-22,wk inc covid hosp,1,2026-08-29,47,quantile,0.65,70.0
2026-08-22,wk inc covid hosp,1,2026-08-29,47,quantile,0.7,74.0
2026-08-22,wk inc covid hosp,1,2026-08-29,47,quantile,0.75,78.0
2026-08-22,wk inc covid hosp,1,2026-08-29,47,quantile,0.8,84.0
2026-08-22,wk inc covid hosp,1,2026-08-29,47,quantile,0.85,90.0
2026-08-22,wk inc covid hosp,1,2026-08-29,47,quantile,0.9,100.0
2026-08-22,wk inc covid hosp,1,2026-08-29,47,quantile,0.95,115.0
2026-08-22,wk inc covid hosp,1,2026-08-29,47,quantile,0.975,131.0
2026-08-22,wk inc covid hosp,1,2026-08-29,47,quantile,0.99,150.0
2026-08-22,wk inc covid hosp,1,2026-08-29,48,quantile,0.01,78.0
2026-08-22,wk inc covid hosp,1,2026-08-29,48,quantile,0.025,106.0
2026-08-22,wk inc covid hosp,1,2026-08-29,48,quantile,0.05,129.0
2026-08-22,wk inc covid hosp,1,2026-08-29,48,quantile,0.1,165.0
2026-08-22,wk inc covid hosp,1,2026-08-29,48,quantile,0.15,196.0
2026-08-22,wk inc covid hosp,1,2026-08-29,48,quantile,0.2,213.0
2026-08-22,wk inc covid hosp,1,2026-08-29,48,quantile,0.25,230.0
2026-08-22,wk inc covid hosp,1,2026-08-29,48,quantile,0.3,250.0
2026-08-22,wk inc covid hosp,1,2026-08-29,48,quantile,0.35,266.0
2026-08-22,wk inc covid hosp,1,2026-08-29,48,quantile,0.4,284.0
2026-08-22,wk inc covid hosp,1,2026-08-29,48,quantile,0.45,302.0
2026-08-22,wk inc covid hosp,1,2026-08-29,48,quantile,0.5,317.0
2026-08-22,wk inc covid hosp,1,2026-08-29,48,quantile,0.55,333.0
2026-08-22,wk inc covid hosp,1,2026-08-29,48,quantile,0.6,350.0
2026-08-22,wk inc covid hosp,1,2026-08-29,48,quantile,0.65,367.0
2026-08-22,wk inc covid hosp,1,2026-08-29,48,quantile,0.7,385.0
2026-08-22,wk inc covid hosp,1,2026-08-29,48,quantile,0.75,400.0
2026-08-22,wk inc covid hosp,1,2026-08-29,48,quantile,0.8,423.0
2026-08-22,wk inc covid hosp,1,2026-08-29,48,quantile,0.85,460.0
2026-08-22,wk inc covid hosp,1,2026-08-29,48,quantile,0.9,500.0
2026-08-22,wk inc covid hosp,1,2026-08-29,48,quantile,0.95,566.0
2026-08-22,wk inc covid hosp,1,2026-08-29,48,quantile,0.975,629.0
2026-08-22,wk inc covid hosp,1,2026-08-29,48,quantile,0.99,713.0
2026-08-22,wk inc covid hosp,1,2026-08-29,49,quantile,0.01,0.0
2026-08-22,wk inc covid hosp,1,2026-08-29,49,quantile,0.025,0.0
2026-08-22,wk inc covid hosp,1,2026-08-29,49,quantile,0.05,0.0
2026-08-22,wk inc covid hosp,1,2026-08-29,49,quantile,0.1,0.0
2026-08-22,wk inc covid hosp,1,2026-08-29,49,quantile,0.15,0.0
2026-08-22,wk inc covid hosp,1,2026-08-29,49,quantile,0.2,0.0
2026-08-22,wk inc covid hosp,1,2026-08-29,49,quantile,0.25,0.0
2026-08-22,wk inc covid hosp,1,2026-08-29,49,quantile,0.3,0.0
2026-08-22,wk inc covid hosp,1,2026-08-29,49,quantile,0.35,1.0
2026-08-22,wk inc covid hosp,1,2026-08-29,49,quantile,0.4,2.0
2026-08-22,wk inc covid hosp,1,2026-08-29,49,quantile,0.45,3.0
2026-08-22,wk inc covid hosp,1,2026-08-29,49,quantile,0.5,4.0
2026-08-22,wk inc covid hosp,1,2026-08-29,49,quantile,0.55,5.0
2026-08-22,wk inc covid hosp,1,2026-08-29,49,quantile,0.6,6.0
2026-08-22,wk inc covid hosp,1,2026-08-29,49,quantile,0.65,7.0
2026-08-22,wk inc covid hosp,1,2026-08-29,49,quantile,0.7,8.0
2026-08-22,wk inc covid hosp,1,2026-08-29,49,quantile,0.75,9.0
2026-08-22,wk inc covid hosp,1,2026-08-29,49,quantile,0.8,10.0
2026-08-22,wk inc covid hosp,1,2026-08-29,49,quantile,0.85,13.0
2026-08-22,wk inc covid hosp,1,2026-08-29,49,quantile,0.9,15.0
2026-08-22,wk inc covid hosp,1,2026-08-29,49,quantile,0.95,19.0
2026-08-22,wk inc covid hosp,1,2026-08-29,49,quantile,0.975,22.0
2026-08-22,wk inc covid hosp,1,2026-08-29,49,quantile,0.99,26.0
2026-08-22,wk inc covid hosp,1,2026-08-29,50,quantile,0.01,0.0
2026-08-22,wk inc covid hosp,1,2026-08-29,50,quantile,0.025,0.0
2026-08-22,wk inc covid hosp,1,2026-08-29,50,quantile,0.05,0.0
2026-08-22,wk inc covid hosp,1,2026-08-29,50,quantile,0.1,0.0
2026-08-22,wk inc covid hosp,1,2026-08-29,50,quantile,0.15,0.0
2026-08-22,wk inc covid hosp,1,2026-08-29,50,quantile,0.2,1.0
2026-08-22,wk inc covid hosp,1,2026-08-29,50,quantile,0.25,1.0
2026-08-22,wk inc covid hosp,1,2026-08-29,50,quantile,0.3,1.0
2026-08-22,wk inc covid hosp,1,2026-08-29,50,quantile,0.35,2.0
2026-08-22,wk inc covid hosp,1,2026-08-29,50,quantile,0.4,2.0
2026-08-22,wk inc covid hosp,1,2026-08-29,50,quantile,0.45,2.0
2026-08-22,wk inc covid hosp,1,2026-08-29,50,quantile,0.5,3.0
2026-08-22,wk inc covid hosp,1,2026-08-29,50,quantile,0.55,3.0
2026-08-22,wk inc covid hosp,1,2026-08-29,50,quantile,0.6,3.0
2026-08-22,wk inc covid hosp,1,2026-08-29,50,quantile,0.65,4.0
2026-08-22,wk inc covid hosp,1,2026-08-29,50,quantile,0.7,4.0
2026-08-22,wk inc covid hosp,1,2026-08-29,50,quantile,0.75,5.0
2026-08-22,wk inc covid hosp,1,2026-08-29,50,quantile,0.8,6.0
2026-08-22,wk inc covid hosp,1,2026-08-29,50,quantile,0.85,6.0
2026-08-22,wk inc covid hosp,1,2026-08-29,50,quantile,0.9,7.0
2026-08-22,wk inc covid hosp,1,2026-08-29,50,quantile,0.95,9.0
2026-08-22,wk inc covid hosp,1,2026-08-29,50,quantile,0.975,11.0
2026-08-22,wk inc covid hosp,1,2026-08-29,50,quantile,0.99,13.0
2026-08-22,wk inc covid hosp,1,2026-08-29,51,quantile,0.01,0.0
2026-08-22,wk inc covid hosp,1,2026-08-29,51,quantile,0.025,0.0
2026-08-22,wk inc covid hosp,1,2026-08-29,51,quantile,0.05,4.0
2026-08-22,wk inc covid hosp,1,2026-08-29,51,quantile,0.1,9.0
2026-08-22,wk inc covid hosp,1,2026-08-29,51,quantile,0.15,13.0
2026-08-22,wk inc covid hosp,1,2026-08-29,51,quantile,0.2,17.0
2026-08-22,wk inc covid hosp,1,2026-08-29,51,quantile,0.25,19.0
2026-08-22,wk inc covid hosp,1,2026-08-29,51,quantile,0.3,23.0
2026-08-22,wk inc covid hosp,1,2026-08-29,51,quantile,0.35,25.0
2026-08-22,wk inc covid hosp,1,2026-08-29,51,quantile,0.4,28.0
2026-08-22,wk inc covid hosp,1,2026-08-29,51,quantile,0.45,30.0
2026-08-22,wk inc covid hosp,1,2026-08-29,51,quantile,0.5,33.0
2026-08-22,wk inc covid hosp,1,2026-08-29,51,quantile,0.55,36.0
2026-08-22,wk inc covid hosp,1,2026-08-29,51,quantile,0.6,39.0
2026-08-22,wk inc covid hosp,1,2026-08-29,51,quantile,0.65,42.0
2026-08-22,wk inc covid hosp,1,2026-08-29,51,quantile,0.7,44.0
2026-08-22,wk inc covid hosp,1,2026-08-29,51,quantile,0.75,47.0
2026-08-22,wk inc covid hosp,1,2026-08-29,51,quantile,0.8,51.0
2026-08-22,wk inc covid hosp,1,2026-08-29,51,quantile,0.85,55.0
2026-08-22,wk inc covid hosp,1,2026-08-29,51,quantile,0.9,63.0
2026-08-22,wk inc covid hosp,1,2026-08-29,51,quantile,0.95,73.0
2026-08-22,wk inc covid hosp,1,2026-08-29,51,quantile,0.975,84.0
2026-08-22,wk inc covid hosp,1,2026-08-29,51,quantile,0.99,97.0
2026-08-22,wk inc covid hosp,1,2026-08-29,53,quantile,0.01,20.0
2026-08-22,wk inc covid hosp,1,2026-08-29,53,quantile,0.025,26.0
2026-08-22,wk inc covid hosp,1,2026-08-29,53,quantile,0.05,31.0
2026-08-22,wk inc covid hosp,1,2026-08-29,53,quantile,0.1,39.0
2026-08-22,wk inc covid hosp,1,2026-08-29,53,quantile,0.15,46.0
2026-08-22,wk inc covid hosp,1,2026-08-29,53,quantile,0.2,50.0
2026-08-22,wk inc covid hosp,1,2026-08-29,53,quantile,0.25,54.0
2026-08-22,wk inc covid hosp,1,2026-08-29,53,quantile,0.3,58.0
2026-08-22,wk inc covid hosp,1,2026-08-29,53,quantile,0.35,61.0
2026-08-22,wk inc covid hosp,1,2026-08-29,53,quantile,0.4,65.0
2026-08-22,wk inc covid hosp,1,2026-08-29,53,quantile,0.45,69.0
2026-08-22,wk inc covid hosp,1,2026-08-29,53,quantile,0.5,72.0
2026-08-22,wk inc covid hosp,1,2026-08-29,53,quantile,0.55,76.0
2026-08-22,wk inc covid hosp,1,2026-08-29,53,quantile,0.6,79.0
2026-08-22,wk inc covid hosp,1,2026-08-29,53,quantile,0.65,83.0
2026-08-22,wk inc covid hosp,1,2026-08-29,53,quantile,0.7,86.0
2026-08-22,wk inc covid hosp,1,2026-08-29,53,quantile,0.75,89.0
2026-08-22,wk inc covid hosp,1,2026-08-29,53,quantile,0.8,94.0
2026-08-22,wk inc covid hosp,1,2026-08-29,53,quantile,0.85,102.0
2026-08-22,wk inc covid hosp,1,2026-08-29,53,quantile,0.9,110.0
2026-08-22,wk inc covid hosp,1,2026-08-29,53,quantile,0.95,123.0
2026-08-22,wk inc covid hosp,1,2026-08-29,53,quantile,0.975,136.0
2026-08-22,wk inc covid hosp,1,2026-08-29,53,quantile,0.99,153.0
2026-08-22,wk inc covid hosp,1,2026-08-29,54,quantile,0.01,0.0
2026-08-22,wk inc covid hosp,1,2026-08-29,54,quantile,0.025,1.0
2026-08-22,wk inc covid hosp,1,2026-08-29,54,quantile,0.05,3.0
2026-08-22,wk inc covid hosp,1,2026-08-29,54,quantile,0.1,4.0
2026-08-22,wk inc covid hosp,1,2026-08-29,54,quantile,0.15,6.0
2026-08-22,wk inc covid hosp,1,2026-08-29,54,quantile,0.2,7.0
2026-08-22,wk inc covid hosp,1,2026-08-29,54,quantile,0.25,8.0
2026-08-22,wk inc covid hosp,1,2026-08-29,54,quantile,0.3,9.0
2026-08-22,wk inc covid hosp,1,2026-08-29,54,quantile,0.35,10.0
2026-08-22,wk inc covid hosp,1,2026-08-29,54,quantile,0.4,11.0
2026-08-22,wk inc covid hosp,1,2026-08-29,54,quantile,0.45,12.0
2026-08-22,wk inc covid hosp,1,2026-08-29,54,quantile,0.5,13.0
2026-08-22,wk inc covid hosp,1,2026-08-29,54,quantile,0.55,14.0
2026-08-22,wk inc covid hosp,1,2026-08-29,54,quantile,0.6,16.0
2026-08-22,wk inc covid hosp,1,2026-08-29,54,quantile,0.65,17.0
2026-08-22,wk inc covid hosp,1,2026-08-29,54,quantile,0.7,18.0
2026-08-22,wk inc covid hosp,1,2026-08-29,54,quantile,0.75,19.0
2026-08-22,wk inc covid hosp,1,2026-08-29,54,quantile,0.8,20.0
2026-08-22,wk inc covid hosp,1,2026-08-29,54,quantile,0.85,22.0
2026-08-22,wk inc covid hosp,1,2026-08-29,54,quantile,0.9,25.0
2026-08-22,wk inc covid hosp,1,2026-08-29,54,quantile,0.95,30.0
2026-08-22,wk inc covid hosp,1,2026-08-29,54,quantile,0.975,35.0
2026-08-22,wk inc covid hosp,1,2026-08-29,54,quantile,0.99,40.0
2026-08-22,wk inc covid hosp,1,2026-08-29,55,quantile,0.01,0.0
2026-08-22,wk inc covid hosp,1,2026-08-29,55,quantile,0.025,0.0
2026-08-22,wk inc covid hosp,1,2026-08-29,55,quantile,0.05,0.0
2026-08-22,wk inc covid hosp,1,2026-08-29,55,quantile,0.1,0.0
2026-08-22,wk inc covid hosp,1,2026-08-29,55,quantile,0.15,3.0
2026-08-22,wk inc covid hosp,1,2026-08-29,55,quantile,0.2,5.0
2026-08-22,wk inc covid hosp,1,2026-08-29,55,quantile,0.25,8.0
2026-08-22,wk inc covid hosp,1,2026-08-29,55,quantile,0.3,10.0
2026-08-22,wk inc covid hosp,1,2026-08-29,55,quantile,0.35,12.0
2026-08-22,wk inc covid hosp,1,2026-08-29,55,quantile,0.4,15.0
2026-08-22,wk inc covid hosp,1,2026-08-29,55,quantile,0.45,18.0
2026-08-22,wk inc covid hosp,1,2026-08-29,55,quantile,0.5,20.0
2026-08-22,wk inc covid hosp,1,2026-08-29,55,quantile,0.55,22.0
2026-08-22,wk inc covid hosp,1,2026-08-29,55,quantile,0.6,24.0
2026-08-22,wk inc covid hosp,1,2026-08-29,55,quantile,0.65,26.0
2026-08-22,wk inc covid hosp,1,2026-08-29,55,quantile,0.7,29.0
2026-08-22,wk inc covid hosp,1,2026-08-29,55,quantile,0.75,31.0
2026-08-22,wk inc covid hosp,1,2026-08-29,55,quantile,0.8,34.0
2026-08-22,wk inc covid hosp,1,2026-08-29,55,quantile,0.85,39.0
2026-08-22,wk inc covid hosp,1,2026-08-29,55,quantile,0.9,45.0
2026-08-22,wk inc covid hosp,1,2026-08-29,55,quantile,0.95,54.0
2026-08-22,wk inc covid hosp,1,2026-08-29,55,quantile,0.975,63.0
2026-08-22,wk inc covid hosp,1,2026-08-29,55,quantile,0.99,76.0
2026-08-22,wk inc covid hosp,1,2026-08-29,56,quantile,0.01,0.0
2026-08-22,wk inc covid hosp,1,2026-08-29,56,quantile,0.025,0.0
2026-08-22,wk inc covid hosp,1,2026-08-29,56,quantile,0.05,0.0
2026-08-22,wk inc covid hosp,1,2026-08-29,56,quantile,0.1,0.0
2026-08-22,wk inc covid hosp,1,2026-08-29,56,quantile,0.15,0.0
2026-08-22,wk inc covid hosp,1,2026-08-29,56,quantile,0.2,0.0
2026-08-22,wk inc covid hosp,1,2026-08-29,56,quantile,0.25,1.0
2026-08-22,wk inc covid hosp,1,2026-08-29,56,quantile,0.3,1.0
2026-08-22,wk inc covid hosp,1,2026-08-29,56,quantile,0.35,2.0
2026-08-22,wk inc covid hosp,1,2026-08-29,56,quantile,0.4,2.0
2026-08-22,wk inc covid hosp,1,2026-08-29,56,quantile,0.45,2.0
2026-08-22,wk inc covid hosp,1,2026-08-29,56,quantile,0.5,3.0
2026-08-22,wk inc covid hosp,1,2026-08-29,56,quantile,0.55,3.0
2026-08-22,wk inc covid hosp,1,2026-08-29,56,quantile,0.6,4.0
2026-08-22,wk inc covid hosp,1,2026-08-29,56,quantile,0.65,4.0
2026-08-22,wk inc covid hosp,1,2026-08-29,56,quantile,0.7,5.0
2026-08-22,wk inc covid hosp,1,2026-08-29,56,quantile,0.75,5.0
2026-08-22,wk inc covid hosp,1,2026-08-29,56,quantile,0.8,6.0
2026-08-22,wk inc covid hosp,1,2026-08-29,56,quantile,0.85,7.0
2026-08-22,wk inc covid hosp,1,2026-08-29,56,quantile,0.9,8.0
2026-08-22,wk inc covid hosp,1,2026-08-29,56,quantile,0.95,10.0
2026-08-22,wk inc covid hosp,1,2026-08-29,56,quantile,0.975,12.0
2026-08-22,wk inc covid hosp,1,2026-08-29,56,quantile,0.99,14.0
2026-08-22,wk inc covid hosp,1,2026-08-29,72,quantile,0.01,22.0
2026-08-22,wk inc covid hosp,1,2026-08-29,72,quantile,0.025,31.0
2026-08-22,wk inc covid hosp,1,2026-08-29,72,quantile,0.05,40.0
2026-08-22,wk inc covid hosp,1,2026-08-29,72,quantile,0.1,52.0
2026-08-22,wk inc covid hosp,1,2026-08-29,72,quantile,0.15,61.0
2026-08-22,wk inc covid hosp,1,2026-08-29,72,quantile,0.2,67.0
2026-08-22,wk inc covid hosp,1,2026-08-29,72,quantile,0.25,74.0
2026-08-22,wk inc covid hosp,1,2026-08-29,72,quantile,0.3,80.0
2026-08-22,wk inc covid hosp,1,2026-08-29,72,quantile,0.35,85.0
2026-08-22,wk inc covid hosp,1,2026-08-29,72,quantile,0.4,93.0
2026-08-22,wk inc covid hosp,1,2026-08-29,72,quantile,0.45,101.0
2026-08-22,wk inc covid hosp,1,2026-08-29,72,quantile,0.5,107.0
2026-08-22,wk inc covid hosp,1,2026-08-29,72,quantile,0.55,114.0
2026-08-22,wk inc covid hosp,1,2026-08-29,72,quantile,0.6,121.0
2026-08-22,wk inc covid hosp,1,2026-08-29,72,quantile,0.65,129.0
2026-08-22,wk inc covid hosp,1,2026-08-29,72,quantile,0.7,137.0
2026-08-22,wk inc covid hosp,1,2026-08-29,72,quantile,0.75,144.0
2026-08-22,wk inc covid hosp,1,2026-08-29,72,quantile,0.8,158.0
2026-08-22,wk inc covid hosp,1,2026-08-29,72,quantile,0.85,178.0
2026-08-22,wk inc covid hosp,1,2026-08-29,72,quantile,0.9,199.0
2026-08-22,wk inc covid hosp,1,2026-08-29,72,quantile,0.95,236.0
2026-08-22,wk inc covid hosp,1,2026-08-29,72,quantile,0.975,269.0
2026-08-22,wk inc covid hosp,1,2026-08-29,72,quantile,0.99,310.0
2026-08-22,wk inc covid hosp,2,2026-09-05,01,quantile,0.01,16.0
2026-08-22,wk inc covid hosp,2,2026-09-05,01,quantile,0.025,23.0
2026-08-22,wk inc covid hosp,2,2026-09-05,01,quantile,0.05,30.0
2026-08-22,wk inc covid hosp,2,2026-09-05,01,quantile,0.1,41.0
2026-08-22,wk inc covid hosp,2,2026-09-05,01,quantile,0.15,50.0
2026-08-22,wk inc covid hosp,2,2026-09-05,01,quantile,0.2,55.0
2026-08-22,wk inc covid hosp,2,2026-09-05,01,quantile,0.25,60.0
2026-08-22,wk inc covid hosp,2,2026-09-05,01,quantile,0.3,65.0
2026-08-22,wk inc covid hosp,2,2026-09-05,01,quantile,0.35,70.0
2026-08-22,wk inc covid hosp,2,2026-09-05,01,quantile,0.4,74.0
2026-08-22,wk inc covid hosp,2,2026-09-05,01,quantile,0.45,79.0
2026-08-22,wk inc covid hosp,2,2026-09-05,01,quantile,0.5,84.0
2026-08-22,wk inc covid hosp,2,2026-09-05,01,quantile,0.55,90.0
2026-08-22,wk inc covid hosp,2,2026-09-05,01,quantile,0.6,95.0
2026-08-22,wk inc covid hosp,2,2026-09-05,01,quantile,0.65,102.0
2026-08-22,wk inc covid hosp,2,2026-09-05,01,quantile,0.7,108.0
2026-08-22,wk inc covid hosp,2,2026-09-05,01,quantile,0.75,116.0
2026-08-22,wk inc covid hosp,2,2026-09-05,01,quantile,0.8,124.0
2026-08-22,wk inc covid hosp,2,2026-09-05,01,quantile,0.85,134.0
2026-08-22,wk inc covid hosp,2,2026-09-05,01,quantile,0.9,149.0
2026-08-22,wk inc covid hosp,2,2026-09-05,01,quantile,0.95,179.0
2026-08-22,wk inc covid hosp,2,2026-09-05,01,quantile,0.975,208.0
2026-08-22,wk inc covid hosp,2,2026-09-05,01,quantile,0.99,231.0
2026-08-22,wk inc covid hosp,2,2026-09-05,02,quantile,0.01,0.0
2026-08-22,wk inc covid hosp,2,2026-09-05,02,quantile,0.025,0.0
2026-08-22,wk inc covid hosp,2,2026-09-05,02,quantile,0.05,0.0
2026-08-22,wk inc covid hosp,2,2026-09-05,02,quantile,0.1,1.0
2026-08-22,wk inc covid hosp,2,2026-09-05,02,quantile,0.15,2.0
2026-08-22,wk inc covid hosp,2,2026-09-05,02,quantile,0.2,2.0
2026-08-22,wk inc covid hosp,2,2026-09-05,02,quantile,0.25,3.0
2026-08-22,wk inc covid hosp,2,2026-09-05,02,quantile,0.3,3.0
2026-08-22,wk inc covid hosp,2,2026-09-05,02,quantile,0.35,4.0
2026-08-22,wk inc covid hosp,2,2026-09-05,02,quantile,0.4,5.0
2026-08-22,wk inc covid hosp,2,2026-09-05,02,quantile,0.45,5.0
2026-08-22,wk inc covid hosp,2,2026-09-05,02,quantile,0.5,6.0
2026-08-22,wk inc covid hosp,2,2026-09-05,02,quantile,0.55,6.0
2026-08-22,wk inc covid hosp,2,2026-09-05,02,quantile,0.6,7.0
2026-08-22,wk inc covid hosp,2,2026-09-05,02,quantile,0.65,7.0
2026-08-22,wk inc covid hosp,2,2026-09-05,02,quantile,0.7,8.0
2026-08-22,wk inc covid hosp,2,2026-09-05,02,quantile,0.75,9.0
2026-08-22,wk inc covid hosp,2,2026-09-05,02,quantile,0.8,10.0
2026-08-22,wk inc covid hosp,2,2026-09-05,02,quantile,0.85,11.0
2026-08-22,wk inc covid hosp,2,2026-09-05,02,quantile,0.9,13.0
2026-08-22,wk inc covid hosp,2,2026-09-05,02,quantile,0.95,15.0
2026-08-22,wk inc covid hosp,2,2026-09-05,02,quantile,0.975,18.0
2026-08-22,wk inc covid hosp,2,2026-09-05,02,quantile,0.99,21.0
2026-08-22,wk inc covid hosp,2,2026-09-05,04,quantile,0.01,0.0
2026-08-22,wk inc covid hosp,2,2026-09-05,04,quantile,0.025,1.0
2026-08-22,wk inc covid hosp,2,2026-09-05,04,quantile,0.05,7.0
2026-08-22,wk inc covid hosp,2,2026-09-05,04,quantile,0.1,20.0
2026-08-22,wk inc covid hosp,2,2026-09-05,04,quantile,0.15,27.0
2026-08-22,wk inc covid hosp,2,2026-09-05,04,quantile,0.2,35.0
2026-08-22,wk inc covid hosp,2,2026-09-05,04,quantile,0.25,40.0
2026-08-22,wk inc covid hosp,2,2026-09-05,04,quantile,0.3,45.0
2026-08-22,wk inc covid hosp,2,2026-09-05,04,quantile,0.35,50.0
2026-08-22,wk inc covid hosp,2,2026-09-05,04,quantile,0.4,56.0
2026-08-22,wk inc covid hosp,2,2026-09-05,04,quantile,0.45,61.0
2026-08-22,wk inc covid hosp,2,2026-09-05,04,quantile,0.5,66.0
2026-08-22,wk inc covid hosp,2,2026-09-05,04,quantile,0.55,71.0
2026-08-22,wk inc covid hosp,2,2026-09-05,04,quantile,0.6,78.0
2026-08-22,wk inc covid hosp,2,2026-09-05,04,quantile,0.65,85.0
2026-08-22,wk inc covid hosp,2,2026-09-05,04,quantile,0.7,92.0
2026-08-22,wk inc covid hosp,2,2026-09-05,04,quantile,0.75,100.0
2026-08-22,wk inc covid hosp,2,2026-09-05,04,quantile,0.8,109.0
2026-08-22,wk inc covid hosp,2,2026-09-05,04,quantile,0.85,120.0
2026-08-22,wk inc covid hosp,2,2026-09-05,04,quantile,0.9,136.0
2026-08-22,wk inc covid hosp,2,2026-09-05,04,quantile,0.95,168.0
2026-08-22,wk inc covid hosp,2,2026-09-05,04,quantile,0.975,199.0
2026-08-22,wk inc covid hosp,2,2026-09-05,04,quantile,0.99,234.0
2026-08-22,wk inc covid hosp,2,2026-09-05,05,quantile,0.01,0.0
2026-08-22,wk inc covid hosp,2,2026-09-05,05,quantile,0.025,2.0
2026-08-22,wk inc covid hosp,2,2026-09-05,05,quantile,0.05,6.0
2026-08-22,wk inc covid hosp,2,2026-09-05,05,quantile,0.1,10.0
2026-08-22,wk inc covid hosp,2,2026-09-05,05,quantile,0.15,14.0
2026-08-22,wk inc covid hosp,2,2026-09-05,05,quantile,0.2,16.0
2026-08-22,wk inc covid hosp,2,2026-09-05,05,quantile,0.25,18.0
2026-08-22,wk inc covid hosp,2,2026-09-05,05,quantile,0.3,20.0
2026-08-22,wk inc covid hosp,2,2026-09-05,05,quantile,0.35,22.0
2026-08-22,wk inc covid hosp,2,2026-09-05,05,quantile,0.4,24.0
2026-08-22,wk inc covid hosp,2,2026-09-05,05,quantile,0.45,27.0
2026-08-22,wk inc covid hosp,2,2026-09-05,05,quantile,0.5,29.0
2026-08-22,wk inc covid hosp,2,2026-09-05,05,quantile,0.55,31.0
2026-08-22,wk inc covid hosp,2,2026-09-05,05,quantile,0.6,33.0
2026-08-22,wk inc covid hosp,2,2026-09-05,05,quantile,0.65,36.0
2026-08-22,wk inc covid hosp,2,2026-09-05,05,quantile,0.7,39.0
2026-08-22,wk inc covid hosp,2,2026-09-05,05,quantile,0.75,42.0
2026-08-22,wk inc covid hosp,2,2026-09-05,05,quantile,0.8,46.0
2026-08-22,wk inc covid hosp,2,2026-09-05,05,quantile,0.85,49.0
2026-08-22,wk inc covid hosp,2,2026-09-05,05,quantile,0.9,56.0
2026-08-22,wk inc covid hosp,2,2026-09-05,05,quantile,0.95,68.0
2026-08-22,wk inc covid hosp,2,2026-09-05,05,quantile,0.975,81.0
2026-08-22,wk inc covid hosp,2,2026-09-05,05,quantile,0.99,89.0
2026-08-22,wk inc covid hosp,2,2026-09-05,06,quantile,0.01,138.0
2026-08-22,wk inc covid hosp,2,2026-09-05,06,quantile,0.025,176.0
2026-08-22,wk inc covid hosp,2,2026-09-05,06,quantile,0.05,208.0
2026-08-22,wk inc covid hosp,2,2026-09-05,06,quantile,0.1,270.0
2026-08-22,wk inc covid hosp,2,2026-09-05,06,quantile,0.15,307.0
2026-08-22,wk inc covid hosp,2,2026-09-05,06,quantile,0.2,336.0
2026-08-22,wk inc covid hosp,2,2026-09-05,06,quantile,0.25,361.0
2026-08-22,wk inc covid hosp,2,2026-09-05,06,quantile,0.3,380.0
2026-08-22,wk inc covid hosp,2,2026-09-05,06,quantile,0.35,408.0
2026-08-22,wk inc covid hosp,2,2026-09-05,06,quantile,0.4,430.0
2026-08-22,wk inc covid hosp,2,2026-09-05,06,quantile,0.45,450.0
2026-08-22,wk inc covid hosp,2,2026-09-05,06,quantile,0.5,471.0
2026-08-22,wk inc covid hosp,2,2026-09-05,06,quantile,0.55,493.0
2026-08-22,wk inc covid hosp,2,2026-09-05,06,quantile,0.6,516.0
2026-08-22,wk inc covid hosp,2,2026-09-05,06,quantile,0.65,549.0
2026-08-22,wk inc covid hosp,2,2026-09-05,06,quantile,0.7,574.0
2026-08-22,wk inc covid hosp,2,2026-09-05,06,quantile,0.75,607.0
2026-08-22,wk inc covid hosp,2,2026-09-05,06,quantile,0.8,638.0
2026-08-22,wk inc covid hosp,2,2026-09-05,06,quantile,0.85,682.0
2026-08-22,wk inc covid hosp,2,2026-09-05,06,quantile,0.9,737.0
2026-08-22,wk inc covid hosp,2,2026-09-05,06,quantile,0.95,843.0
2026-08-22,wk inc covid hosp,2,2026-09-05,06,quantile,0.975,943.0
2026-08-22,wk inc covid hosp,2,2026-09-05,06,quantile,0.99,1053.0
2026-08-22,wk inc covid hosp,2,2026-09-05,08,quantile,0.01,0.0
2026-08-22,wk inc covid hosp,2,2026-09-05,08,quantile,0.025,0.0
2026-08-22,wk inc covid hosp,2,2026-09-05,08,quantile,0.05,0.0
2026-08-22,wk inc covid hosp,2,2026-09-05,08,quantile,0.1,4.0
2026-08-22,wk inc covid hosp,2,2026-09-05,08,quantile,0.15,10.0
2026-08-22,wk inc covid hosp,2,2026-09-05,08,quantile,0.2,13.0
2026-08-22,wk inc covid hosp,2,2026-09-05,08,quantile,0.25,16.0
2026-08-22,wk inc covid hosp,2,2026-09-05,08,quantile,0.3,19.0
2026-08-22,wk inc covid hosp,2,2026-09-05,08,quantile,0.35,22.0
2026-08-22,wk inc covid hosp,2,2026-09-05,08,quantile,0.4,25.0
2026-08-22,wk inc covid hosp,2,2026-09-05,08,quantile,0.45,28.0
2026-08-22,wk inc covid hosp,2,2026-09-05,08,quantile,0.5,31.0
2026-08-22,wk inc covid hosp,2,2026-09-05,08,quantile,0.55,35.0
2026-08-22,wk inc covid hosp,2,2026-09-05,08,quantile,0.6,38.0
2026-08-22,wk inc covid hosp,2,2026-09-05,08,quantile,0.65,42.0
2026-08-22,wk inc covid hosp,2,2026-09-05,08,quantile,0.7,46.0
2026-08-22,wk inc covid hosp,2,2026-09-05,08,quantile,0.75,51.0
2026-08-22,wk inc covid hosp,2,2026-09-05,08,quantile,0.8,55.0
2026-08-22,wk inc covid hosp,2,2026-09-05,08,quantile,0.85,61.0
2026-08-22,wk inc covid hosp,2,2026-09-05,08,quantile,0.9,71.0
2026-08-22,wk inc covid hosp,2,2026-09-05,08,quantile,0.95,88.0
2026-08-22,wk inc covid hosp,2,2026-09-05,08,quantile,0.975,105.0
2026-08-22,wk inc covid hosp,2,2026-09-05,08,quantile,0.99,118.0
2026-08-22,wk inc covid hosp,2,2026-09-05,09,quantile,0.01,0.0
2026-08-22,wk inc covid hosp,2,2026-09-05,09,quantile,0.025,0.0
2026-08-22,wk inc covid hosp,2,2026-09-05,09,quantile,0.05,0.0
2026-08-22,wk inc covid hosp,2,2026-09-05,09,quantile,0.1,1.0
2026-08-22,wk inc covid hosp,2,2026-09-05,09,quantile,0.15,4.0
2026-08-22,wk inc covid hosp,2,2026-09-05,09,quantile,0.2,6.0
2026-08-22,wk inc covid hosp,2,2026-09-05,09,quantile,0.25,8.0
2026-08-22,wk inc covid hosp,2,2026-09-05,09,quantile,0.3,10.0
2026-08-22,wk inc covid hosp,2,2026-09-05,09,quantile,0.35,12.0
2026-08-22,wk inc covid hosp,2,2026-09-05,09,quantile,0.4,14.0
2026-08-22,wk inc covid hosp,2,2026-09-05,09,quantile,0.45,16.0
2026-08-22,wk inc covid hosp,2,2026-09-05,09,quantile,0.5,18.0
2026-08-22,wk inc covid hosp,2,2026-09-05,09,quantile,0.55,21.0
2026-08-22,wk inc covid hosp,2,2026-09-05,09,quantile,0.6,23.0
2026-08-22,wk inc covid hosp,2,2026-09-05,09,quantile,0.65,25.0
2026-08-22,wk inc covid hosp,2,2026-09-05,09,quantile,0.7,28.0
2026-08-22,wk inc covid hosp,2,2026-09-05,09,quantile,0.75,31.0
2026-08-22,wk inc covid hosp,2,2026-09-05,09,quantile,0.8,35.0
2026-08-22,wk inc covid hosp,2,2026-09-05,09,quantile,0.85,39.0
2026-08-22,wk inc covid hosp,2,2026-09-05,09,quantile,0.9,45.0
2026-08-22,wk inc covid hosp,2,2026-09-05,09,quantile,0.95,54.0
2026-08-22,wk inc covid hosp,2,2026-09-05,09,quantile,0.975,64.0
2026-08-22,wk inc covid hosp,2,2026-09-05,09,quantile,0.99,75.0
2026-08-22,wk inc covid hosp,2,2026-09-05,10,quantile,0.01,0.0
2026-08-22,wk inc covid hosp,2,2026-09-05,10,quantile,0.025,0.0
2026-08-22,wk inc covid hosp,2,2026-09-05,10,quantile,0.05,0.0
2026-08-22,wk inc covid hosp,2,2026-09-05,10,quantile,0.1,1.0
2026-08-22,wk inc covid hosp,2,2026-09-05,10,quantile,0.15,2.0
2026-08-22,wk inc covid hosp,2,2026-09-05,10,quantile,0.2,2.0
2026-08-22,wk inc covid hosp,2,2026-09-05,10,quantile,0.25,3.0
2026-08-22,wk inc covid hosp,2,2026-09-05,10,quantile,0.3,4.0
2026-08-22,wk inc covid hosp,2,2026-09-05,10,quantile,0.35,5.0
2026-08-22,wk inc covid hosp,2,2026-09-05,10,quantile,0.4,5.0
2026-08-22,wk inc covid hosp,2,2026-09-05,10,quantile,0.45,6.0
2026-08-22,wk inc covid hosp,2,2026-09-05,10,quantile,0.5,7.0
2026-08-22,wk inc covid hosp,2,2026-09-05,10,quantile,0.55,8.0
2026-08-22,wk inc covid hosp,2,2026-09-05,10,quantile,0.6,9.0
2026-08-22,wk inc covid hosp,2,2026-09-05,10,quantile,0.65,10.0
2026-08-22,wk inc covid hosp,2,2026-09-05,10,quantile,0.7,11.0
2026-08-22,wk inc covid hosp,2,2026-09-05,10,quantile,0.75,12.0
2026-08-22,wk inc covid hosp,2,2026-09-05,10,quantile,0.8,13.0
2026-08-22,wk inc covid hosp,2,2026-09-05,10,quantile,0.85,15.0
2026-08-22,wk inc covid hosp,2,2026-09-05,10,quantile,0.9,17.0
2026-08-22,wk inc covid hosp,2,2026-09-05,10,quantile,0.95,21.0
2026-08-22,wk inc covid hosp,2,2026-09-05,10,quantile,0.975,25.0
2026-08-22,wk inc covid hosp,2,2026-09-05,10,quantile,0.99,31.0
2026-08-22,wk inc covid hosp,2,2026-09-05,11,quantile,0.01,0.0
2026-08-22,wk inc covid hosp,2,2026-09-05,11,quantile,0.025,0.0
2026-08-22,wk inc covid hosp,2,2026-09-05,11,quantile,0.05,1.0
2026-08-22,wk inc covid hosp,2,2026-09-05,11,quantile,0.1,3.0
2026-08-22,wk inc covid hosp,2,2026-09-05,11,quantile,0.15,3.0
2026-08-22,wk inc covid hosp,2,2026-09-05,11,quantile,0.2,4.0
2026-08-22,wk inc covid hosp,2,2026-09-05,11,quantile,0.25,5.0
2026-08-22,wk inc covid hosp,2,2026-09-05,11,quantile,0.3,6.0
2026-08-22,wk inc covid hosp,2,2026-09-05,11,quantile,0.35,6.0
2026-08-22,wk inc covid hosp,2,2026-09-05,11,quantile,0.4,7.0
2026-08-22,wk inc covid hosp,2,2026-09-05,11,quantile,0.45,8.0
2026-08-22,wk inc covid hosp,2,2026-09-05,11,quantile,0.5,9.0
2026-08-22,wk inc covid hosp,2,2026-09-05,11,quantile,0.55,10.0
2026-08-22,wk inc covid hosp,2,2026-09-05,11,quantile,0.6,11.0
2026-08-22,wk inc covid hosp,2,2026-09-05,11,quantile,0.65,12.0
2026-08-22,wk inc covid hosp,2,2026-09-05,11,quantile,0.7,13.0
2026-08-22,wk inc covid hosp,2,2026-09-05,11,quantile,0.75,14.0
2026-08-22,wk inc covid hosp,2,2026-09-05,11,quantile,0.8,15.0
2026-08-22,wk inc covid hosp,2,2026-09-05,11,quantile,0.85,17.0
2026-08-22,wk inc covid hosp,2,2026-09-05,11,quantile,0.9,20.0
2026-08-22,wk inc covid hosp,2,2026-09-05,11,quantile,0.95,24.0
2026-08-22,wk inc covid hosp,2,2026-09-05,11,quantile,0.975,28.0
2026-08-22,wk inc covid hosp,2,2026-09-05,11,quantile,0.99,34.0
2026-08-22,wk inc covid hosp,2,2026-09-05,12,quantile,0.01,89.0
2026-08-22,wk inc covid hosp,2,2026-09-05,12,quantile,0.025,118.0
2026-08-22,wk inc covid hosp,2,2026-09-05,12,quantile,0.05,151.0
2026-08-22,wk inc covid hosp,2,2026-09-05,12,quantile,0.1,203.0
2026-08-22,wk inc covid hosp,2,2026-09-05,12,quantile,0.15,241.0
2026-08-22,wk inc covid hosp,2,2026-09-05,12,quantile,0.2,268.0
2026-08-22,wk inc covid hosp,2,2026-09-05,12,quantile,0.25,288.0
2026-08-22,wk inc covid hosp,2,2026-09-05,12,quantile,0.3,316.0
2026-08-22,wk inc covid hosp,2,2026-09-05,12,quantile,0.35,338.0
2026-08-22,wk inc covid hosp,2,2026-09-05,12,quantile,0.4,358.0
2026-08-22,wk inc covid hosp,2,2026-09-05,12,quantile,0.45,382.0
2026-08-22,wk inc covid hosp,2,2026-09-05,12,quantile,0.5,405.0
2026-08-22,wk inc covid hosp,2,2026-09-05,12,quantile,0.55,433.0
2026-08-22,wk inc covid hosp,2,2026-09-05,12,quantile,0.6,456.0
2026-08-22,wk inc covid hosp,2,2026-09-05,12,quantile,0.65,488.0
2026-08-22,wk inc covid hosp,2,2026-09-05,12,quantile,0.7,518.0
2026-08-22,wk inc covid hosp,2,2026-09-05,12,quantile,0.75,558.0
2026-08-22,wk inc covid hosp,2,2026-09-05,12,quantile,0.8,597.0
2026-08-22,wk inc covid hosp,2,2026-09-05,12,quantile,0.85,640.0
2026-08-22,wk inc covid hosp,2,2026-09-05,12,quantile,0.9,713.0
2026-08-22,wk inc covid hosp,2,2026-09-05,12,quantile,0.95,851.0
2026-08-22,wk inc covid hosp,2,2026-09-05,12,quantile,0.975,1006.0
2026-08-22,wk inc covid hosp,2,2026-09-05,12,quantile,0.99,1098.0
2026-08-22,wk inc covid hosp,2,2026-09-05,13,quantile,0.01,6.0
2026-08-22,wk inc covid hosp,2,2026-09-05,13,quantile,0.025,19.0
2026-08-22,wk inc covid hosp,2,2026-09-05,13,quantile,0.05,29.0
2026-08-22,wk inc covid hosp,2,2026-09-05,13,quantile,0.1,48.0
2026-08-22,wk inc covid hosp,2,2026-09-05,13,quantile,0.15,60.0
2026-08-22,wk inc covid hosp,2,2026-09-05,13,quantile,0.2,71.0
2026-08-22,wk inc covid hosp,2,2026-09-05,13,quantile,0.25,80.0
2026-08-22,wk inc covid hosp,2,2026-09-05,13,quantile,0.3,87.0
2026-08-22,wk inc covid hosp,2,2026-09-05,13,quantile,0.35,96.0
2026-08-22,wk inc covid hosp,2,2026-09-05,13,quantile,0.4,104.0
2026-08-22,wk inc covid hosp,2,2026-09-05,13,quantile,0.45,111.0
2026-08-22,wk inc covid hosp,2,2026-09-05,13,quantile,0.5,120.0
2026-08-22,wk inc covid hosp,2,2026-09-05,13,quantile,0.55,127.0
2026-08-22,wk inc covid hosp,2,2026-09-05,13,quantile,0.6,136.0
2026-08-22,wk inc covid hosp,2,2026-09-05,13,quantile,0.65,148.0
2026-08-22,wk inc covid hosp,2,2026-09-05,13,quantile,0.7,159.0
2026-08-22,wk inc covid hosp,2,2026-09-05,13,quantile,0.75,171.0
2026-08-22,wk inc covid hosp,2,2026-09-05,13,quantile,0.8,183.0
2026-08-22,wk inc covid hosp,2,2026-09-05,13,quantile,0.85,201.0
2026-08-22,wk inc covid hosp,2,2026-09-05,13,quantile,0.9,225.0
2026-08-22,wk inc covid hosp,2,2026-09-05,13,quantile,0.95,269.0
2026-08-22,wk inc covid hosp,2,2026-09-05,13,quantile,0.975,315.0
2026-08-22,wk inc covid hosp,2,2026-09-05,13,quantile,0.99,365.0
2026-08-22,wk inc covid hosp,2,2026-09-05,15,quantile,0.01,1.0
2026-08-22,wk inc covid hosp,2,2026-09-05,15,quantile,0.025,2.0
2026-08-22,wk inc covid hosp,2,2026-09-05,15,quantile,0.05,5.0
2026-08-22,wk inc covid hosp,2,2026-09-05,15,quantile,0.1,9.0
2026-08-22,wk inc covid hosp,2,2026-09-05,15,quantile,0.15,12.0
2026-08-22,wk inc covid hosp,2,2026-09-05,15,quantile,0.2,15.0
2026-08-22,wk inc covid hosp,2,2026-09-05,15,quantile,0.25,16.0
2026-08-22,wk inc covid hosp,2,2026-09-05,15,quantile,0.3,18.0
2026-08-22,wk inc covid hosp,2,2026-09-05,15,quantile,0.35,21.0
2026-08-22,wk inc covid hosp,2,2026-09-05,15,quantile,0.4,23.0
2026-08-22,wk inc covid hosp,2,2026-09-05,15,quantile,0.45,25.0
2026-08-22,wk inc covid hosp,2,2026-09-05,15,quantile,0.5,27.0
2026-08-22,wk inc covid hosp,2,2026-09-05,15,quantile,0.55,30.0
2026-08-22,wk inc covid hosp,2,2026-09-05,15,quantile,0.6,33.0
2026-08-22,wk inc covid hosp,2,2026-09-05,15,quantile,0.65,36.0
2026-08-22,wk inc covid hosp,2,2026-09-05,15,quantile,0.7,39.0
2026-08-22,wk inc covid hosp,2,2026-09-05,15,quantile,0.75,42.0
2026-08-22,wk inc covid hosp,2,2026-09-05,15,quantile,0.8,47.0
2026-08-22,wk inc covid hosp,2,2026-09-05,15,quantile,0.85,52.0
2026-08-22,wk inc covid hosp,2,2026-09-05,15,quantile,0.9,60.0
2026-08-22,wk inc covid hosp,2,2026-09-05,15,quantile,0.95,73.0
2026-08-22,wk inc covid hosp,2,2026-09-05,15,quantile,0.975,87.0
2026-08-22,wk inc covid hosp,2,2026-09-05,15,quantile,0.99,105.0
2026-08-22,wk inc covid hosp,2,2026-09-05,16,quantile,0.01,0.0
2026-08-22,wk inc covid hosp,2,2026-09-05,16,quantile,0.025,0.0
2026-08-22,wk inc covid hosp,2,2026-09-05,16,quantile,0.05,0.0
2026-08-22,wk inc covid hosp,2,2026-09-05,16,quantile,0.1,1.0
2026-08-22,wk inc covid hosp,2,2026-09-05,16,quantile,0.15,3.0
2026-08-22,wk inc covid hosp,2,2026-09-05,16,quantile,0.2,4.0
2026-08-22,wk inc covid hosp,2,2026-09-05,16,quantile,0.25,5.0
2026-08-22,wk inc covid hosp,2,2026-09-05,16,quantile,0.3,6.0
2026-08-22,wk inc covid hosp,2,2026-09-05,16,quantile,0.35,7.0
2026-08-22,wk inc covid hosp,2,2026-09-05,16,quantile,0.4,9.0
2026-08-22,wk inc covid hosp,2,2026-09-05,16,quantile,0.45,10.0
2026-08-22,wk inc covid hosp,2,2026-09-05,16,quantile,0.5,10.0
2026-08-22,wk inc covid hosp,2,2026-09-05,16,quantile,0.55,12.0
2026-08-22,wk inc covid hosp,2,2026-09-05,16,quantile,0.6,13.0
2026-08-22,wk inc covid hosp,2,2026-09-05,16,quantile,0.65,14.0
2026-08-22,wk inc covid hosp,2,2026-09-05,16,quantile,0.7,16.0
2026-08-22,wk inc covid hosp,2,2026-09-05,16,quantile,0.75,17.0
2026-08-22,wk inc covid hosp,2,2026-09-05,16,quantile,0.8,19.0
2026-08-22,wk inc covid hosp,2,2026-09-05,16,quantile,0.85,21.0
2026-08-22,wk inc covid hosp,2,2026-09-05,16,quantile,0.9,24.0
2026-08-22,wk inc covid hosp,2,2026-09-05,16,quantile,0.95,29.0
2026-08-22,wk inc covid hosp,2,2026-09-05,16,quantile,0.975,35.0
2026-08-22,wk inc covid hosp,2,2026-09-05,16,quantile,0.99,42.0
2026-08-22,wk inc covid hosp,2,2026-09-05,17,quantile,0.01,0.0
2026-08-22,wk inc covid hosp,2,2026-09-05,17,quantile,0.025,8.0
2026-08-22,wk inc covid hosp,2,2026-09-05,17,quantile,0.05,15.0
2026-08-22,wk inc covid hosp,2,2026-09-05,17,quantile,0.1,32.0
2026-08-22,wk inc covid hosp,2,2026-09-05,17,quantile,0.15,42.0
2026-08-22,wk inc covid hosp,2,2026-09-05,17,quantile,0.2,50.0
2026-08-22,wk inc covid hosp,2,2026-09-05,17,quantile,0.25,57.0
2026-08-22,wk inc covid hosp,2,2026-09-05,17,quantile,0.3,63.0
2026-08-22,wk inc covid hosp,2,2026-09-05,17,quantile,0.35,70.0
2026-08-22,wk inc covid hosp,2,2026-09-05,17,quantile,0.4,76.0
2026-08-22,wk inc covid hosp,2,2026-09-05,17,quantile,0.45,82.0
2026-08-22,wk inc covid hosp,2,2026-09-05,17,quantile,0.5,88.0
2026-08-22,wk inc covid hosp,2,2026-09-05,17,quantile,0.55,94.0
2026-08-22,wk inc covid hosp,2,2026-09-05,17,quantile,0.6,101.0
2026-08-22,wk inc covid hosp,2,2026-09-05,17,quantile,0.65,110.0
2026-08-22,wk inc covid hosp,2,2026-09-05,17,quantile,0.7,118.0
2026-08-22,wk inc covid hosp,2,2026-09-05,17,quantile,0.75,127.0
2026-08-22,wk inc covid hosp,2,2026-09-05,17,quantile,0.8,136.0
2026-08-22,wk inc covid hosp,2,2026-09-05,17,quantile,0.85,149.0
2026-08-22,wk inc covid hosp,2,2026-09-05,17,quantile,0.9,165.0
2026-08-22,wk inc covid hosp,2,2026-09-05,17,quantile,0.95,197.0
2026-08-22,wk inc covid hosp,2,2026-09-05,17,quantile,0.975,227.0
2026-08-22,wk inc covid hosp,2,2026-09-05,17,quantile,0.99,261.0
2026-08-22,wk inc covid hosp,2,2026-09-05,18,quantile,0.01,0.0
2026-08-22,wk inc covid hosp,2,2026-09-05,18,quantile,0.025,2.0
2026-08-22,wk inc covid hosp,2,2026-09-05,18,quantile,0.05,8.0
2026-08-22,wk inc covid hosp,2,2026-09-05,18,quantile,0.1,19.0
2026-08-22,wk inc covid hosp,2,2026-09-05,18,quantile,0.15,26.0
2026-08-22,wk inc covid hosp,2,2026-09-05,18,quantile,0.2,31.0
2026-08-22,wk inc covid hosp,2,2026-09-05,18,quantile,0.25,35.0
2026-08-22,wk inc covid hosp,2,2026-09-05,18,quantile,0.3,39.0
2026-08-22,wk inc covid hosp,2,2026-09-05,18,quantile,0.35,44.0
2026-08-22,wk inc covid hosp,2,2026-09-05,18,quantile,0.4,48.0
2026-08-22,wk inc covid hosp,2,2026-09-05,18,quantile,0.45,52.0
2026-08-22,wk inc covid hosp,2,2026-09-05,18,quantile,0.5,56.0
2026-08-22,wk inc covid hosp,2,2026-09-05,18,quantile,0.55,61.0
2026-08-22,wk inc covid hosp,2,2026-09-05,18,quantile,0.6,66.0
2026-08-22,wk inc covid hosp,2,2026-09-05,18,quantile,0.65,72.0
2026-08-22,wk inc covid hosp,2,2026-09-05,18,quantile,0.7,77.0
2026-08-22,wk inc covid hosp,2,2026-09-05,18,quantile,0.75,84.0
2026-08-22,wk inc covid hosp,2,2026-09-05,18,quantile,0.8,91.0
2026-08-22,wk inc covid hosp,2,2026-09-05,18,quantile,0.85,99.0
2026-08-22,wk inc covid hosp,2,2026-09-05,18,quantile,0.9,112.0
2026-08-22,wk inc covid hosp,2,2026-09-05,18,quantile,0.95,138.0
2026-08-22,wk inc covid hosp,2,2026-09-05,18,quantile,0.975,162.0
2026-08-22,wk inc covid hosp,2,2026-09-05,18,quantile,0.99,180.0
2026-08-22,wk inc covid hosp,2,2026-09-05,19,quantile,0.01,0.0
2026-08-22,wk inc covid hosp,2,2026-09-05,19,quantile,0.025,0.0
2026-08-22,wk inc covid hosp,2,2026-09-05,19,quantile,0.05,0.0
2026-08-22,wk inc covid hosp,2,2026-09-05,19,quantile,0.1,0.0
2026-08-22,wk inc covid hosp,2,2026-09-05,19,quantile,0.15,3.0
2026-08-22,wk inc covid hosp,2,2026-09-05,19,quantile,0.2,4.0
2026-08-22,wk inc covid hosp,2,2026-09-05,19,quantile,0.25,6.0
2026-08-22,wk inc covid hosp,2,2026-09-05,19,quantile,0.3,7.0
2026-08-22,wk inc covid hosp,2,2026-09-05,19,quantile,0.35,9.0
2026-08-22,wk inc covid hosp,2,2026-09-05,19,quantile,0.4,11.0
2026-08-22,wk inc covid hosp,2,2026-09-05,19,quantile,0.45,12.0
2026-08-22,wk inc covid hosp,2,2026-09-05,19,quantile,0.5,14.0
2026-08-22,wk inc covid hosp,2,2026-09-05,19,quantile,0.55,16.0
2026-08-22,wk inc covid hosp,2,2026-09-05,19,quantile,0.6,17.0
2026-08-22,wk inc covid hosp,2,2026-09-05,19,quantile,0.65,19.0
2026-08-22,wk inc covid hosp,2,2026-09-05,19,quantile,0.7,21.0
2026-08-22,wk inc covid hosp,2,2026-09-05,19,quantile,0.75,23.0
2026-08-22,wk inc covid hosp,2,2026-09-05,19,quantile,0.8,26.0
2026-08-22,wk inc covid hosp,2,2026-09-05,19,quantile,0.85,29.0
2026-08-22,wk inc covid hosp,2,2026-09-05,19,quantile,0.9,34.0
2026-08-22,wk inc covid hosp,2,2026-09-05,19,quantile,0.95,40.0
2026-08-22,wk inc covid hosp,2,2026-09-05,19,quantile,0.975,48.0
2026-08-22,wk inc covid hosp,2,2026-09-05,19,quantile,0.99,57.0
2026-08-22,wk inc covid hosp,2,2026-09-05,20,quantile,0.01,0.0
2026-08-22,wk inc covid hosp,2,2026-09-05,20,quantile,0.025,0.0
2026-08-22,wk inc covid hosp,2,2026-09-05,20,quantile,0.05,0.0
2026-08-22,wk inc covid hosp,2,2026-09-05,20,quantile,0.1,1.0
2026-08-22,wk inc covid hosp,2,2026-09-05,20,quantile,0.15,3.0
2026-08-22,wk inc covid hosp,2,2026-09-05,20,quantile,0.2,5.0
2026-08-22,wk inc covid hosp,2,2026-09-05,20,quantile,0.25,7.0
2026-08-22,wk inc covid hosp,2,2026-09-05,20,quantile,0.3,8.0
2026-08-22,wk inc covid hosp,2,2026-09-05,20,quantile,0.35,10.0
2026-08-22,wk inc covid hosp,2,2026-09-05,20,quantile,0.4,11.0
2026-08-22,wk inc covid hosp,2,2026-09-05,20,quantile,0.45,13.0
2026-08-22,wk inc covid hosp,2,2026-09-05,20,quantile,0.5,14.0
2026-08-22,wk inc covid hosp,2,2026-09-05,20,quantile,0.55,16.0
2026-08-22,wk inc covid hosp,2,2026-09-05,20,quantile,0.6,18.0
2026-08-22,wk inc covid hosp,2,2026-09-05,20,quantile,0.65,19.0
2026-08-22,wk inc covid hosp,2,2026-09-05,20,quantile,0.7,21.0
2026-08-22,wk inc covid hosp,2,2026-09-05,20,quantile,0.75,24.0
2026-08-22,wk inc covid hosp,2,2026-09-05,20,quantile,0.8,26.0
2026-08-22,wk inc covid hosp,2,2026-09-05,20,quantile,0.85,29.0
2026-08-22,wk inc covid hosp,2,2026-09-05,20,quantile,0.9,33.0
2026-08-22,wk inc covid hosp,2,2026-09-05,20,quantile,0.95,40.0
2026-08-22,wk inc covid hosp,2,2026-09-05,20,quantile,0.975,47.0
2026-08-22,wk inc covid hosp,2,2026-09-05,20,quantile,0.99,56.0
2026-08-22,wk inc covid hosp,2,2026-09-05,21,quantile,0.01,0.0
2026-08-22,wk inc covid hosp,2,2026-09-05,21,quantile,0.025,2.0
2026-08-22,wk inc covid hosp,2,2026-09-05,21,quantile,0.05,7.0
2026-08-22,wk inc covid hosp,2,2026-09-05,21,quantile,0.1,14.0
2026-08-22,wk inc covid hosp,2,2026-09-05,21,quantile,0.15,20.0
2026-08-22,wk inc covid hosp,2,2026-09-05,21,quantile,0.2,23.0
2026-08-22,wk inc covid hosp,2,2026-09-05,21,quantile,0.25,26.0
2026-08-22,wk inc covid hosp,2,2026-09-05,21,quantile,0.3,29.0
2026-08-22,wk inc covid hosp,2,2026-09-05,21,quantile,0.35,32.0
2026-08-22,wk inc covid hosp,2,2026-09-05,21,quantile,0.4,36.0
2026-08-22,wk inc covid hosp,2,2026-09-05,21,quantile,0.45,39.0
2026-08-22,wk inc covid hosp,2,2026-09-05,21,quantile,0.5,42.0
2026-08-22,wk inc covid hosp,2,2026-09-05,21,quantile,0.55,46.0
2026-08-22,wk inc covid hosp,2,2026-09-05,21,quantile,0.6,50.0
2026-08-22,wk inc covid hosp,2,2026-09-05,21,quantile,0.65,54.0
2026-08-22,wk inc covid hosp,2,2026-09-05,21,quantile,0.7,58.0
2026-08-22,wk inc covid hosp,2,2026-09-05,21,quantile,0.75,62.0
2026-08-22,wk inc covid hosp,2,2026-09-05,21,quantile,0.8,68.0
2026-08-22,wk inc covid hosp,2,2026-09-05,21,quantile,0.85,75.0
2026-08-22,wk inc covid hosp,2,2026-09-05,21,quantile,0.9,84.0
2026-08-22,wk inc covid hosp,2,2026-09-05,21,quantile,0.95,98.0
2026-08-22,wk inc covid hosp,2,2026-09-05,21,quantile,0.975,115.0
2026-08-22,wk inc covid hosp,2,2026-09-05,21,quantile,0.99,134.0
2026-08-22,wk inc covid hosp,2,2026-09-05,22,quantile,0.01,7.0
2026-08-22,wk inc covid hosp,2,2026-09-05,22,quantile,0.025,12.0
2026-08-22,wk inc covid hosp,2,2026-09-05,22,quantile,0.05,17.0
2026-08-22,wk inc covid hosp,2,2026-09-05,22,quantile,0.1,26.0
2026-08-22,wk inc covid hosp,2,2026-09-05,22,quantile,0.15,33.0
2026-08-22,wk inc covid hosp,2,2026-09-05,22,quantile,0.2,37.0
2026-08-22,wk inc covid hosp,2,2026-09-05,22,quantile,0.25,41.0
2026-08-22,wk inc covid hosp,2,2026-09-05,22,quantile,0.3,46.0
2026-08-22,wk inc covid hosp,2,2026-09-05,22,quantile,0.35,49.0
2026-08-22,wk inc covid hosp,2,2026-09-05,22,quantile,0.4,53.0
2026-08-22,wk inc covid hosp,2,2026-09-05,22,quantile,0.45,57.0
2026-08-22,wk inc covid hosp,2,2026-09-05,22,quantile,0.5,60.0
2026-08-22,wk inc covid hosp,2,2026-09-05,22,quantile,0.55,65.0
2026-08-22,wk inc covid hosp,2,2026-09-05,22,quantile,0.6,69.0
2026-08-22,wk inc covid hosp,2,2026-09-05,22,quantile,0.65,75.0
2026-08-22,wk inc covid hosp,2,2026-09-05,22,quantile,0.7,80.0
2026-08-22,wk inc covid hosp,2,2026-09-05,22,quantile,0.75,87.0
2026-08-22,wk inc covid hosp,2,2026-09-05,22,quantile,0.8,93.0
2026-08-22,wk inc covid hosp,2,2026-09-05,22,quantile,0.85,100.0
2026-08-22,wk inc covid hosp,2,2026-09-05,22,quantile,0.9,113.0
2026-08-22,wk inc covid hosp,2,2026-09-05,22,quantile,0.95,135.0
2026-08-22,wk inc covid hosp,2,2026-09-05,22,quantile,0.975,160.0
2026-08-22,wk inc covid hosp,2,2026-09-05,22,quantile,0.99,177.0
2026-08-22,wk inc covid hosp,2,2026-09-05,23,quantile,0.01,0.0
2026-08-22,wk inc covid hosp,2,2026-09-05,23,quantile,0.025,0.0
2026-08-22,wk inc covid hosp,2,2026-09-05,23,quantile,0.05,0.0
2026-08-22,wk inc covid hosp,2,2026-09-05,23,quantile,0.1,0.0
2026-08-22,wk inc covid hosp,2,2026-09-05,23,quantile,0.15,0.0
2026-08-22,wk inc covid hosp,2,2026-09-05,23,quantile,0.2,1.0
2026-08-22,wk inc covid hosp,2,2026-09-05,23,quantile,0.25,2.0
2026-08-22,wk inc covid hosp,2,2026-09-05,23,quantile,0.3,2.0
2026-08-22,wk inc covid hosp,2,2026-09-05,23,quantile,0.35,3.0
2026-08-22,wk inc covid hosp,2,2026-09-05,23,quantile,0.4,4.0
2026-08-22,wk inc covid hosp,2,2026-09-05,23,quantile,0.45,5.0
2026-08-22,wk inc covid hosp,2,2026-09-05,23,quantile,0.5,6.0
2026-08-22,wk inc covid hosp,2,2026-09-05,23,quantile,0.55,7.0
2026-08-22,wk inc covid hosp,2,2026-09-05,23,quantile,0.6,7.0
2026-08-22,wk inc covid hosp,2,2026-09-05,23,quantile,0.65,8.0
2026-08-22,wk inc covid hosp,2,2026-09-05,23,quantile,0.7,9.0
2026-08-22,wk inc covid hosp,2,2026-09-05,23,quantile,0.75,10.0
2026-08-22,wk inc covid hosp,2,2026-09-05,23,quantile,0.8,11.0
2026-08-22,wk inc covid hosp,2,2026-09-05,23,quantile,0.85,13.0
2026-08-22,wk inc covid hosp,2,2026-09-05,23,quantile,0.9,15.0
2026-08-22,wk inc covid hosp,2,2026-09-05,23,quantile,0.95,18.0
2026-08-22,wk inc covid hosp,2,2026-09-05,23,quantile,0.975,21.0
2026-08-22,wk inc covid hosp,2,2026-09-05,23,quantile,0.99,25.0
2026-08-22,wk inc covid hosp,2,2026-09-05,24,quantile,0.01,0.0
2026-08-22,wk inc covid hosp,2,2026-09-05,24,quantile,0.025,0.0
2026-08-22,wk inc covid hosp,2,2026-09-05,24,quantile,0.05,0.0
2026-08-22,wk inc covid hosp,2,2026-09-05,24,quantile,0.1,6.0
2026-08-22,wk inc covid hosp,2,2026-09-05,24,quantile,0.15,11.0
2026-08-22,wk inc covid hosp,2,2026-09-05,24,quantile,0.2,14.0
2026-08-22,wk inc covid hosp,2,2026-09-05,24,quantile,0.25,17.0
2026-08-22,wk inc covid hosp,2,2026-09-05,24,quantile,0.3,20.0
2026-08-22,wk inc covid hosp,2,2026-09-05,24,quantile,0.35,23.0
2026-08-22,wk inc covid hosp,2,2026-09-05,24,quantile,0.4,26.0
2026-08-22,wk inc covid hosp,2,2026-09-05,24,quantile,0.45,29.0
2026-08-22,wk inc covid hosp,2,2026-09-05,24,quantile,0.5,31.0
2026-08-22,wk inc covid hosp,2,2026-09-05,24,quantile,0.55,35.0
2026-08-22,wk inc covid hosp,2,2026-09-05,24,quantile,0.6,38.0
2026-08-22,wk inc covid hosp,2,2026-09-05,24,quantile,0.65,42.0
2026-08-22,wk inc covid hosp,2,2026-09-05,24,quantile,0.7,45.0
2026-08-22,wk inc covid hosp,2,2026-09-05,24,quantile,0.75,50.0
2026-08-22,wk inc covid hosp,2,2026-09-05,24,quantile,0.8,54.0
2026-08-22,wk inc covid hosp,2,2026-09-05,24,quantile,0.85,60.0
2026-08-22,wk inc covid hosp,2,2026-09-05,24,quantile,0.9,68.0
2026-08-22,wk inc covid hosp,2,2026-09-05,24,quantile,0.95,84.0
2026-08-22,wk inc covid hosp,2,2026-09-05,24,quantile,0.975,99.0
2026-08-22,wk inc covid hosp,2,2026-09-05,24,quantile,0.99,111.0
2026-08-22,wk inc covid hosp,2,2026-09-05,25,quantile,0.01,5.0
2026-08-22,wk inc covid hosp,2,2026-09-05,25,quantile,0.025,14.0
2026-08-22,wk inc covid hosp,2,2026-09-05,25,quantile,0.05,21.0
2026-08-22,wk inc covid hosp,2,2026-09-05,25,quantile,0.1,34.0
2026-08-22,wk inc covid hosp,2,2026-09-05,25,quantile,0.15,43.0
2026-08-22,wk inc covid hosp,2,2026-09-05,25,quantile,0.2,50.0
2026-08-22,wk inc covid hosp,2,2026-09-05,25,quantile,0.25,56.0
2026-08-22,wk inc covid hosp,2,2026-09-05,25,quantile,0.3,61.0
2026-08-22,wk inc covid hosp,2,2026-09-05,25,quantile,0.35,68.0
2026-08-22,wk inc covid hosp,2,2026-09-05,25,quantile,0.4,73.0
2026-08-22,wk inc covid hosp,2,2026-09-05,25,quantile,0.45,79.0
2026-08-22,wk inc covid hosp,2,2026-09-05,25,quantile,0.5,84.0
2026-08-22,wk inc covid hosp,2,2026-09-05,25,quantile,0.55,89.0
2026-08-22,wk inc covid hosp,2,2026-09-05,25,quantile,0.6,96.0
2026-08-22,wk inc covid hosp,2,2026-09-05,25,quantile,0.65,105.0
2026-08-22,wk inc covid hosp,2,2026-09-05,25,quantile,0.7,112.0
2026-08-22,wk inc covid hosp,2,2026-09-05,25,quantile,0.75,121.0
2026-08-22,wk inc covid hosp,2,2026-09-05,25,quantile,0.8,129.0
2026-08-22,wk inc covid hosp,2,2026-09-05,25,quantile,0.85,142.0
2026-08-22,wk inc covid hosp,2,2026-09-05,25,quantile,0.9,158.0
2026-08-22,wk inc covid hosp,2,2026-09-05,25,quantile,0.95,191.0
2026-08-22,wk inc covid hosp,2,2026-09-05,25,quantile,0.975,222.0
2026-08-22,wk inc covid hosp,2,2026-09-05,25,quantile,0.99,259.0
2026-08-22,wk inc covid hosp,2,2026-09-05,26,quantile,0.01,0.0
2026-08-22,wk inc covid hosp,2,2026-09-05,26,quantile,0.025,0.0
2026-08-22,wk inc covid hosp,2,2026-09-05,26,quantile,0.05,0.0
2026-08-22,wk inc covid hosp,2,2026-09-05,26,quantile,0.1,2.0
2026-08-22,wk inc covid hosp,2,2026-09-05,26,quantile,0.15,11.0
2026-08-22,wk inc covid hosp,2,2026-09-05,26,quantile,0.2,19.0
2026-08-22,wk inc covid hosp,2,2026-09-05,26,quantile,0.25,26.0
2026-08-22,wk inc covid hosp,2,2026-09-05,26,quantile,0.3,31.0
2026-08-22,wk inc covid hosp,2,2026-09-05,26,quantile,0.35,38.0
2026-08-22,wk inc covid hosp,2,2026-09-05,26,quantile,0.4,44.0
2026-08-22,wk inc covid hosp,2,2026-09-05,26,quantile,0.45,50.0
2026-08-22,wk inc covid hosp,2,2026-09-05,26,quantile,0.5,57.0
2026-08-22,wk inc covid hosp,2,2026-09-05,26,quantile,0.55,63.0
2026-08-22,wk inc covid hosp,2,2026-09-05,26,quantile,0.6,70.0
2026-08-22,wk inc covid hosp,2,2026-09-05,26,quantile,0.65,79.0
2026-08-22,wk inc covid hosp,2,2026-09-05,26,quantile,0.7,88.0
2026-08-22,wk inc covid hosp,2,2026-09-05,26,quantile,0.75,98.0
2026-08-22,wk inc covid hosp,2,2026-09-05,26,quantile,0.8,108.0
2026-08-22,wk inc covid hosp,2,2026-09-05,26,quantile,0.85,122.0
2026-08-22,wk inc covid hosp,2,2026-09-05,26,quantile,0.9,142.0
2026-08-22,wk inc covid hosp,2,2026-09-05,26,quantile,0.95,180.0
2026-08-22,wk inc covid hosp,2,2026-09-05,26,quantile,0.975,218.0
2026-08-22,wk inc covid hosp,2,2026-09-05,26,quantile,0.99,262.0
2026-08-22,wk inc covid hosp,2,2026-09-05,27,quantile,0.01,0.0
2026-08-22,wk inc covid hosp,2,2026-09-05,27,quantile,0.025,0.0
2026-08-22,wk inc covid hosp,2,2026-09-05,27,quantile,0.05,0.0
2026-08-22,wk inc covid hosp,2,2026-09-05,27,quantile,0.1,1.0
2026-08-22,wk inc covid hosp,2,2026-09-05,27,quantile,0.15,6.0
2026-08-22,wk inc covid hosp,2,2026-09-05,27,quantile,0.2,9.0
2026-08-22,wk inc covid hosp,2,2026-09-05,27,quantile,0.25,11.0
2026-08-22,wk inc covid hosp,2,2026-09-05,27,quantile,0.3,14.0
2026-08-22,wk inc covid hosp,2,2026-09-05,27,quantile,0.35,16.0
2026-08-22,wk inc covid hosp,2,2026-09-05,27,quantile,0.4,18.0
2026-08-22,wk inc covid hosp,2,2026-09-05,27,quantile,0.45,21.0
2026-08-22,wk inc covid hosp,2,2026-09-05,27,quantile,0.5,23.0
2026-08-22,wk inc covid hosp,2,2026-09-05,27,quantile,0.55,26.0
2026-08-22,wk inc covid hosp,2,2026-09-05,27,quantile,0.6,28.0
2026-08-22,wk inc covid hosp,2,2026-09-05,27,quantile,0.65,31.0
2026-08-22,wk inc covid hosp,2,2026-09-05,27,quantile,0.7,34.0
2026-08-22,wk inc covid hosp,2,2026-09-05,27,quantile,0.75,38.0
2026-08-22,wk inc covid hosp,2,2026-09-05,27,quantile,0.8,42.0
2026-08-22,wk inc covid hosp,2,2026-09-05,27,quantile,0.85,46.0
2026-08-22,wk inc covid hosp,2,2026-09-05,27,quantile,0.9,53.0
2026-08-22,wk inc covid hosp,2,2026-09-05,27,quantile,0.95,66.0
2026-08-22,wk inc covid hosp,2,2026-09-05,27,quantile,0.975,80.0
2026-08-22,wk inc covid hosp,2,2026-09-05,27,quantile,0.99,89.0
2026-08-22,wk inc covid hosp,2,2026-09-05,28,quantile,0.01,14.0
2026-08-22,wk inc covid hosp,2,2026-09-05,28,quantile,0.025,18.0
2026-08-22,wk inc covid hosp,2,2026-09-05,28,quantile,0.05,23.0
2026-08-22,wk inc covid hosp,2,2026-09-05,28,quantile,0.1,30.0
2026-08-22,wk inc covid hosp,2,2026-09-05,28,quantile,0.15,36.0
2026-08-22,wk inc covid hosp,2,2026-09-05,28,quantile,0.2,39.0
2026-08-22,wk inc covid hosp,2,2026-09-05,28,quantile,0.25,43.0
2026-08-22,wk inc covid hosp,2,2026-09-05,28,quantile,0.3,46.0
2026-08-22,wk inc covid hosp,2,2026-09-05,28,quantile,0.35,49.0
2026-08-22,wk inc covid hosp,2,2026-09-05,28,quantile,0.4,52.0
2026-08-22,wk inc covid hosp,2,2026-09-05,28,quantile,0.45,56.0
2026-08-22,wk inc covid hosp,2,2026-09-05,28,quantile,0.5,60.0
2026-08-22,wk inc covid hosp,2,2026-09-05,28,quantile,0.55,63.0
2026-08-22,wk inc covid hosp,2,2026-09-05,28,quantile,0.6,66.0
2026-08-22,wk inc covid hosp,2,2026-09-05,28,quantile,0.65,71.0
2026-08-22,wk inc covid hosp,2,2026-09-05,28,quantile,0.7,76.0
2026-08-22,wk inc covid hosp,2,2026-09-05,28,quantile,0.75,81.0
2026-08-22,wk inc covid hosp,2,2026-09-05,28,quantile,0.8,87.0
2026-08-22,wk inc covid hosp,2,2026-09-05,28,quantile,0.85,93.0
2026-08-22,wk inc covid hosp,2,2026-09-05,28,quantile,0.9,104.0
2026-08-22,wk inc covid hosp,2,2026-09-05,28,quantile,0.95,124.0
2026-08-22,wk inc covid hosp,2,2026-09-05,28,quantile,0.975,145.0
2026-08-22,wk inc covid hosp,2,2026-09-05,28,quantile,0.99,159.0
2026-08-22,wk inc covid hosp,2,2026-09-05,29,quantile,0.01,0.0
2026-08-22,wk inc covid hosp,2,2026-09-05,29,quantile,0.025,6.0
2026-08-22,wk inc covid hosp,2,2026-09-05,29,quantile,0.05,11.0
2026-08-22,wk inc covid hosp,2,2026-09-05,29,quantile,0.1,20.0
2026-08-22,wk inc covid hosp,2,2026-09-05,29,quantile,0.15,26.0
2026-08-22,wk inc covid hosp,2,2026-09-05,29,quantile,0.2,30.0
2026-08-22,wk inc covid hosp,2,2026-09-05,29,quantile,0.25,34.0
2026-08-22,wk inc covid hosp,2,2026-09-05,29,quantile,0.3,37.0
2026-08-22,wk inc covid hosp,2,2026-09-05,29,quantile,0.35,41.0
2026-08-22,wk inc covid hosp,2,2026-09-05,29,quantile,0.4,45.0
2026-08-22,wk inc covid hosp,2,2026-09-05,29,quantile,0.45,48.0
2026-08-22,wk inc covid hosp,2,2026-09-05,29,quantile,0.5,51.0
2026-08-22,wk inc covid hosp,2,2026-09-05,29,quantile,0.55,56.0
2026-08-22,wk inc covid hosp,2,2026-09-05,29,quantile,0.6,59.0
2026-08-22,wk inc covid hosp,2,2026-09-05,29,quantile,0.65,64.0
2026-08-22,wk inc covid hosp,2,2026-09-05,29,quantile,0.7,68.0
2026-08-22,wk inc covid hosp,2,2026-09-05,29,quantile,0.75,74.0
2026-08-22,wk inc covid hosp,2,2026-09-05,29,quantile,0.8,79.0
2026-08-22,wk inc covid hosp,2,2026-09-05,29,quantile,0.85,86.0
2026-08-22,wk inc covid hosp,2,2026-09-05,29,quantile,0.9,96.0
2026-08-22,wk inc covid hosp,2,2026-09-05,29,quantile,0.95,116.0
2026-08-22,wk inc covid hosp,2,2026-09-05,29,quantile,0.975,133.0
2026-08-22,wk inc covid hosp,2,2026-09-05,29,quantile,0.99,148.0
2026-08-22,wk inc covid hosp,2,2026-09-05,30,quantile,0.01,0.0
2026-08-22,wk inc covid hosp,2,2026-09-05,30,quantile,0.025,0.0
2026-08-22,wk inc covid hosp,2,2026-09-05,30,quantile,0.05,0.0
2026-08-22,wk inc covid hosp,2,2026-09-05,30,quantile,0.1,0.0
2026-08-22,wk inc covid hosp,2,2026-09-05,30,quantile,0.15,1.0
2026-08-22,wk inc covid hosp,2,2026-09-05,30,quantile,0.2,2.0
2026-08-22,wk inc covid hosp,2,2026-09-05,30,quantile,0.25,3.0
2026-08-22,wk inc covid hosp,2,2026-09-05,30,quantile,0.3,3.0
2026-08-22,wk inc covid hosp,2,2026-09-05,30,quantile,0.35,4.0
2026-08-22,wk inc covid hosp,2,2026-09-05,30,quantile,0.4,5.0
2026-08-22,wk inc covid hosp,2,2026-09-05,30,quantile,0.45,6.0
2026-08-22,wk inc covid hosp,2,2026-09-05,30,quantile,0.5,7.0
2026-08-22,wk inc covid hosp,2,2026-09-05,30,quantile,0.55,7.0
2026-08-22,wk inc covid hosp,2,2026-09-05,30,quantile,0.6,8.0
2026-08-22,wk inc covid hosp,2,2026-09-05,30,quantile,0.65,9.0
2026-08-22,wk inc covid hosp,2,2026-09-05,30,quantile,0.7,10.0
2026-08-22,wk inc covid hosp,2,2026-09-05,30,quantile,0.75,11.0
2026-08-22,wk inc covid hosp,2,2026-09-05,30,quantile,0.8,13.0
2026-08-22,wk inc covid hosp,2,2026-09-05,30,quantile,0.85,14.0
2026-08-22,wk inc covid hosp,2,2026-09-05,30,quantile,0.9,16.0
2026-08-22,wk inc covid hosp,2,2026-09-05,30,quantile,0.95,20.0
2026-08-22,wk inc covid hosp,2,2026-09-05,30,quantile,0.975,24.0
2026-08-22,wk inc covid hosp,2,2026-09-05,30,quantile,0.99,29.0
2026-08-22,wk inc covid hosp,2,2026-09-05,31,quantile,0.01,0.0
2026-08-22,wk inc covid hosp,2,2026-09-05,31,quantile,0.025,0.0
2026-08-22,wk inc covid hosp,2,2026-09-05,31,quantile,0.05,0.0
2026-08-22,wk inc covid hosp,2,2026-09-05,31,quantile,0.1,0.0
2026-08-22,wk inc covid hosp,2,2026-09-05,31,quantile,0.15,0.0
2026-08-22,wk inc covid hosp,2,2026-09-05,31,quantile,0.2,1.0
2026-08-22,wk inc covid hosp,2,2026-09-05,31,quantile,0.25,3.0
2026-08-22,wk inc covid hosp,2,2026-09-05,31,quantile,0.3,3.0
2026-08-22,wk inc covid hosp,2,2026-09-05,31,quantile,0.35,4.0
2026-08-22,wk inc covid hosp,2,2026-09-05,31,quantile,0.4,6.0
2026-08-22,wk inc covid hosp,2,2026-09-05,31,quantile,0.45,7.0
2026-08-22,wk inc covid hosp,2,2026-09-05,31,quantile,0.5,7.0
2026-08-22,wk inc covid hosp,2,2026-09-05,31,quantile,0.55,9.0
2026-08-22,wk inc covid hosp,2,2026-09-05,31,quantile,0.6,10.0
2026-08-22,wk inc covid hosp,2,2026-09-05,31,quantile,0.65,11.0
2026-08-22,wk inc covid hosp,2,2026-09-05,31,quantile,0.7,12.0
2026-08-22,wk inc covid hosp,2,2026-09-05,31,quantile,0.75,14.0
2026-08-22,wk inc covid hosp,2,2026-09-05,31,quantile,0.8,16.0
2026-08-22,wk inc covid hosp,2,2026-09-05,31,quantile,0.85,18.0
2026-08-22,wk inc covid hosp,2,2026-09-05,31,quantile,0.9,21.0
2026-08-22,wk inc covid hosp,2,2026-09-05,31,quantile,0.95,25.0
2026-08-22,wk inc covid hosp,2,2026-09-05,31,quantile,0.975,30.0
2026-08-22,wk inc covid hosp,2,2026-09-05,31,quantile,0.99,36.0
2026-08-22,wk inc covid hosp,2,2026-09-05,32,quantile,0.01,0.0
2026-08-22,wk inc covid hosp,2,2026-09-05,32,quantile,0.025,2.0
2026-08-22,wk inc covid hosp,2,2026-09-05,32,quantile,0.05,5.0
2026-08-22,wk inc covid hosp,2,2026-09-05,32,quantile,0.1,10.0
2026-08-22,wk inc covid hosp,2,2026-09-05,32,quantile,0.15,13.0
2026-08-22,wk inc covid hosp,2,2026-09-05,32,quantile,0.2,16.0
2026-08-22,wk inc covid hosp,2,2026-09-05,32,quantile,0.25,17.0
2026-08-22,wk inc covid hosp,2,2026-09-05,32,quantile,0.3,20.0
2026-08-22,wk inc covid hosp,2,2026-09-05,32,quantile,0.35,21.0
2026-08-22,wk inc covid hosp,2,2026-09-05,32,quantile,0.4,23.0
2026-08-22,wk inc covid hosp,2,2026-09-05,32,quantile,0.45,25.0
2026-08-22,wk inc covid hosp,2,2026-09-05,32,quantile,0.5,27.0
2026-08-22,wk inc covid hosp,2,2026-09-05,32,quantile,0.55,29.0
2026-08-22,wk inc covid hosp,2,2026-09-05,32,quantile,0.6,31.0
2026-08-22,wk inc covid hosp,2,2026-09-05,32,quantile,0.65,34.0
2026-08-22,wk inc covid hosp,2,2026-09-05,32,quantile,0.7,36.0
2026-08-22,wk inc covid hosp,2,2026-09-05,32,quantile,0.75,40.0
2026-08-22,wk inc covid hosp,2,2026-09-05,32,quantile,0.8,43.0
2026-08-22,wk inc covid hosp,2,2026-09-05,32,quantile,0.85,46.0
2026-08-22,wk inc covid hosp,2,2026-09-05,32,quantile,0.9,52.0
2026-08-22,wk inc covid hosp,2,2026-09-05,32,quantile,0.95,63.0
2026-08-22,wk inc covid hosp,2,2026-09-05,32,quantile,0.975,75.0
2026-08-22,wk inc covid hosp,2,2026-09-05,32,quantile,0.99,82.0
2026-08-22,wk inc covid hosp,2,2026-09-05,33,quantile,0.01,0.0
2026-08-22,wk inc covid hosp,2,2026-09-05,33,quantile,0.025,0.0
2026-08-22,wk inc covid hosp,2,2026-09-05,33,quantile,0.05,2.0
2026-08-22,wk inc covid hosp,2,2026-09-05,33,quantile,0.1,5.0
2026-08-22,wk inc covid hosp,2,2026-09-05,33,quantile,0.15,7.0
2026-08-22,wk inc covid hosp,2,2026-09-05,33,quantile,0.2,9.0
2026-08-22,wk inc covid hosp,2,2026-09-05,33,quantile,0.25,10.0
2026-08-22,wk inc covid hosp,2,2026-09-05,33,quantile,0.3,12.0
2026-08-22,wk inc covid hosp,2,2026-09-05,33,quantile,0.35,14.0
2026-08-22,wk inc covid hosp,2,2026-09-05,33,quantile,0.4,16.0
2026-08-22,wk inc covid hosp,2,2026-09-05,33,quantile,0.45,17.0
2026-08-22,wk inc covid hosp,2,2026-09-05,33,quantile,0.5,19.0
2026-08-22,wk inc covid hosp,2,2026-09-05,33,quantile,0.55,21.0
2026-08-22,wk inc covid hosp,2,2026-09-05,33,quantile,0.6,23.0
2026-08-22,wk inc covid hosp,2,2026-09-05,33,quantile,0.65,25.0
2026-08-22,wk inc covid hosp,2,2026-09-05,33,quantile,0.7,27.0
2026-08-22,wk inc covid hosp,2,2026-09-05,33,quantile,0.75,29.0
2026-08-22,wk inc covid hosp,2,2026-09-05,33,quantile,0.8,33.0
2026-08-22,wk inc covid hosp,2,2026-09-05,33,quantile,0.85,37.0
2026-08-22,wk inc covid hosp,2,2026-09-05,33,quantile,0.9,43.0
2026-08-22,wk inc covid hosp,2,2026-09-05,33,quantile,0.95,52.0
2026-08-22,wk inc covid hosp,2,2026-09-05,33,quantile,0.975,62.0
2026-08-22,wk inc covid hosp,2,2026-09-05,33,quantile,0.99,74.0
2026-08-22,wk inc covid hosp,2,2026-09-05,34,quantile,0.01,0.0
2026-08-22,wk inc covid hosp,2,2026-09-05,34,quantile,0.025,9.0
2026-08-22,wk inc covid hosp,2,2026-09-05,34,quantile,0.05,17.0
2026-08-22,wk inc covid hosp,2,2026-09-05,34,quantile,0.1,34.0
2026-08-22,wk inc covid hosp,2,2026-09-05,34,quantile,0.15,45.0
2026-08-22,wk inc covid hosp,2,2026-09-05,34,quantile,0.2,55.0
2026-08-22,wk inc covid hosp,2,2026-09-05,34,quantile,0.25,62.0
2026-08-22,wk inc covid hosp,2,2026-09-05,34,quantile,0.3,69.0
2026-08-22,wk inc covid hosp,2,2026-09-05,34,quantile,0.35,77.0
2026-08-22,wk inc covid hosp,2,2026-09-05,34,quantile,0.4,84.0
2026-08-22,wk inc covid hosp,2,2026-09-05,34,quantile,0.45,91.0
2026-08-22,wk inc covid hosp,2,2026-09-05,34,quantile,0.5,99.0
2026-08-22,wk inc covid hosp,2,2026-09-05,34,quantile,0.55,106.0
2026-08-22,wk inc covid hosp,2,2026-09-05,34,quantile,0.6,114.0
2026-08-22,wk inc covid hosp,2,2026-09-05,34,quantile,0.65,125.0
2026-08-22,wk inc covid hosp,2,2026-09-05,34,quantile,0.7,135.0
2026-08-22,wk inc covid hosp,2,2026-09-05,34,quantile,0.75,147.0
2026-08-22,wk inc covid hosp,2,2026-09-05,34,quantile,0.8,159.0
2026-08-22,wk inc covid hosp,2,2026-09-05,34,quantile,0.85,175.0
2026-08-22,wk inc covid hosp,2,2026-09-05,34,quantile,0.9,198.0
2026-08-22,wk inc covid hosp,2,2026-09-05,34,quantile,0.95,242.0
2026-08-22,wk inc covid hosp,2,2026-09-05,34,quantile,0.975,286.0
2026-08-22,wk inc covid hosp,2,2026-09-05,34,quantile,0.99,336.0
2026-08-22,wk inc covid hosp,2,2026-09-05,35,quantile,0.01,0.0
2026-08-22,wk inc covid hosp,2,2026-09-05,35,quantile,0.025,0.0
2026-08-22,wk inc covid hosp,2,2026-09-05,35,quantile,0.05,0.0
2026-08-22,wk inc covid hosp,2,2026-09-05,35,quantile,0.1,1.0
2026-08-22,wk inc covid hosp,2,2026-09-05,35,quantile,0.15,3.0
2026-08-22,wk inc covid hosp,2,2026-09-05,35,quantile,0.2,4.0
2026-08-22,wk inc covid hosp,2,2026-09-05,35,quantile,0.25,5.0
2026-08-22,wk inc covid hosp,2,2026-09-05,35,quantile,0.3,7.0
2026-08-22,wk inc covid hosp,2,2026-09-05,35,quantile,0.35,8.0
2026-08-22,wk inc covid hosp,2,2026-09-05,35,quantile,0.4,9.0
2026-08-22,wk inc covid hosp,2,2026-09-05,35,quantile,0.45,11.0
2026-08-22,wk inc covid hosp,2,2026-09-05,35,quantile,0.5,12.0
2026-08-22,wk inc covid hosp,2,2026-09-05,35,quantile,0.55,14.0
2026-08-22,wk inc covid hosp,2,2026-09-05,35,quantile,0.6,15.0
2026-08-22,wk inc covid hosp,2,2026-09-05,35,quantile,0.65,17.0
2026-08-22,wk inc covid hosp,2,2026-09-05,35,quantile,0.7,18.0
2026-08-22,wk inc covid hosp,2,2026-09-05,35,quantile,0.75,20.0
2026-08-22,wk inc covid hosp,2,2026-09-05,35,quantile,0.8,22.0
2026-08-22,wk inc covid hosp,2,2026-09-05,35,quantile,0.85,25.0
2026-08-22,wk inc covid hosp,2,2026-09-05,35,quantile,0.9,29.0
2026-08-22,wk inc covid hosp,2,2026-09-05,35,quantile,0.95,35.0
2026-08-22,wk inc covid hosp,2,2026-09-05,35,quantile,0.975,42.0
2026-08-22,wk inc covid hosp,2,2026-09-05,35,quantile,0.99,49.0
2026-08-22,wk inc covid hosp,2,2026-09-05,36,quantile,0.01,31.0
2026-08-22,wk inc covid hosp,2,2026-09-05,36,quantile,0.025,53.0
2026-08-22,wk inc covid hosp,2,2026-09-05,36,quantile,0.05,68.0
2026-08-22,wk inc covid hosp,2,2026-09-05,36,quantile,0.1,99.0
2026-08-22,wk inc covid hosp,2,2026-09-05,36,quantile,0.15,118.0
2026-08-22,wk inc covid hosp,2,2026-09-05,36,quantile,0.2,135.0
2026-08-22,wk inc covid hosp,2,2026-09-05,36,quantile,0.25,148.0
2026-08-22,wk inc covid hosp,2,2026-09-05,36,quantile,0.3,159.0
2026-08-22,wk inc covid hosp,2,2026-09-05,36,quantile,0.35,172.0
2026-08-22,wk inc covid hosp,2,2026-09-05,36,quantile,0.4,185.0
2026-08-22,wk inc covid hosp,2,2026-09-05,36,quantile,0.45,195.0
2026-08-22,wk inc covid hosp,2,2026-09-05,36,quantile,0.5,207.0
2026-08-22,wk inc covid hosp,2,2026-09-05,36,quantile,0.55,219.0
2026-08-22,wk inc covid hosp,2,2026-09-05,36,quantile,0.6,231.0
2026-08-22,wk inc covid hosp,2,2026-09-05,36,quantile,0.65,249.0
2026-08-22,wk inc covid hosp,2,2026-09-05,36,quantile,0.7,264.0
2026-08-22,wk inc covid hosp,2,2026-09-05,36,quantile,0.75,281.0
2026-08-22,wk inc covid hosp,2,2026-09-05,36,quantile,0.8,299.0
2026-08-22,wk inc covid hosp,2,2026-09-05,36,quantile,0.85,324.0
2026-08-22,wk inc covid hosp,2,2026-09-05,36,quantile,0.9,356.0
2026-08-22,wk inc covid hosp,2,2026-09-05,36,quantile,0.95,417.0
2026-08-22,wk inc covid hosp,2,2026-09-05,36,quantile,0.975,477.0
2026-08-22,wk inc covid hosp,2,2026-09-05,36,quantile,0.99,542.0
2026-08-22,wk inc covid hosp,2,2026-09-05,37,quantile,0.01,39.0
2026-08-22,wk inc covid hosp,2,2026-09-05,37,quantile,0.025,54.0
2026-08-22,wk inc covid hosp,2,2026-09-05,37,quantile,0.05,65.0
2026-08-22,wk inc covid hosp,2,2026-09-05,37,quantile,0.1,87.0
2026-08-22,wk inc covid hosp,2,2026-09-05,37,quantile,0.15,101.0
2026-08-22,wk inc covid hosp,2,2026-09-05,37,quantile,0.2,113.0
2026-08-22,wk inc covid hosp,2,2026-09-05,37,quantile,0.25,122.0
2026-08-22,wk inc covid hosp,2,2026-09-05,37,quantile,0.3,130.0
2026-08-22,wk inc covid hosp,2,2026-09-05,37,quantile,0.35,140.0
2026-08-22,wk inc covid hosp,2,2026-09-05,37,quantile,0.4,149.0
2026-08-22,wk inc covid hosp,2,2026-09-05,37,quantile,0.45,156.0
2026-08-22,wk inc covid hosp,2,2026-09-05,37,quantile,0.5,165.0
2026-08-22,wk inc covid hosp,2,2026-09-05,37,quantile,0.55,174.0
2026-08-22,wk inc covid hosp,2,2026-09-05,37,quantile,0.6,183.0
2026-08-22,wk inc covid hosp,2,2026-09-05,37,quantile,0.65,196.0
2026-08-22,wk inc covid hosp,2,2026-09-05,37,quantile,0.7,207.0
2026-08-22,wk inc covid hosp,2,2026-09-05,37,quantile,0.75,220.0
2026-08-22,wk inc covid hosp,2,2026-09-05,37,quantile,0.8,233.0
2026-08-22,wk inc covid hosp,2,2026-09-05,37,quantile,0.85,252.0
2026-08-22,wk inc covid hosp,2,2026-09-05,37,quantile,0.9,276.0
2026-08-22,wk inc covid hosp,2,2026-09-05,37,quantile,0.95,322.0
2026-08-22,wk inc covid hosp,2,2026-09-05,37,quantile,0.975,369.0
2026-08-22,wk inc covid hosp,2,2026-09-05,37,quantile,0.99,419.0
2026-08-22,wk inc covid hosp,2,2026-09-05,38,quantile,0.01,0.0
2026-08-22,wk inc covid hosp,2,2026-09-05,38,quantile,0.025,0.0
2026-08-22,wk inc covid hosp,2,2026-09-05,38,quantile,0.05,0.0
2026-08-22,wk inc covid hosp,2,2026-09-05,38,quantile,0.1,0.0
2026-08-22,wk inc covid hosp,2,2026-09-05,38,quantile,0.15,0.0
2026-08-22,wk inc covid hosp,2,2026-09-05,38,quantile,0.2,0.0
2026-08-22,wk inc covid hosp,2,2026-09-05,38,quantile,0.25,1.0
2026-08-22,wk inc covid hosp,2,2026-09-05,38,quantile,0.3,1.0
2026-08-22,wk inc covid hosp,2,2026-09-05,38,quantile,0.35,2.0
2026-08-22,wk inc covid hosp,2,2026-09-05,38,quantile,0.4,2.0
2026-08-22,wk inc covid hosp,2,2026-09-05,38,quantile,0.45,3.0
2026-08-22,wk inc covid hosp,2,2026-09-05,38,quantile,0.5,3.0
2026-08-22,wk inc covid hosp,2,2026-09-05,38,quantile,0.55,4.0
2026-08-22,wk inc covid hosp,2,2026-09-05,38,quantile,0.6,4.0
2026-08-22,wk inc covid hosp,2,2026-09-05,38,quantile,0.65,5.0
2026-08-22,wk inc covid hosp,2,2026-09-05,38,quantile,0.7,5.0
2026-08-22,wk inc covid hosp,2,2026-09-05,38,quantile,0.75,6.0
2026-08-22,wk inc covid hosp,2,2026-09-05,38,quantile,0.8,7.0
2026-08-22,wk inc covid hosp,2,2026-09-05,38,quantile,0.85,8.0
2026-08-22,wk inc covid hosp,2,2026-09-05,38,quantile,0.9,9.0
2026-08-22,wk inc covid hosp,2,2026-09-05,38,quantile,0.95,12.0
2026-08-22,wk inc covid hosp,2,2026-09-05,38,quantile,0.975,14.0
2026-08-22,wk inc covid hosp,2,2026-09-05,38,quantile,0.99,17.0
2026-08-22,wk inc covid hosp,2,2026-09-05,39,quantile,0.01,0.0
2026-08-22,wk inc covid hosp,2,2026-09-05,39,quantile,0.025,2.0
2026-08-22,wk inc covid hosp,2,2026-09-05,39,quantile,0.05,10.0
2026-08-22,wk inc covid hosp,2,2026-09-05,39,quantile,0.1,27.0
2026-08-22,wk inc covid hosp,2,2026-09-05,39,quantile,0.15,37.0
2026-08-22,wk inc covid hosp,2,2026-09-05,39,quantile,0.2,46.0
2026-08-22,wk inc covid hosp,2,2026-09-05,39,quantile,0.25,54.0
2026-08-22,wk inc covid hosp,2,2026-09-05,39,quantile,0.3,60.0
2026-08-22,wk inc covid hosp,2,2026-09-05,39,quantile,0.35,68.0
2026-08-22,wk inc covid hosp,2,2026-09-05,39,quantile,0.4,74.0
2026-08-22,wk inc covid hosp,2,2026-09-05,39,quantile,0.45,81.0
2026-08-22,wk inc covid hosp,2,2026-09-05,39,quantile,0.5,87.0
2026-08-22,wk inc covid hosp,2,2026-09-05,39,quantile,0.55,93.0
2026-08-22,wk inc covid hosp,2,2026-09-05,39,quantile,0.6,101.0
2026-08-22,wk inc covid hosp,2,2026-09-05,39,quantile,0.65,111.0
2026-08-22,wk inc covid hosp,2,2026-09-05,39,quantile,0.7,120.0
2026-08-22,wk inc covid hosp,2,2026-09-05,39,quantile,0.75,130.0
2026-08-22,wk inc covid hosp,2,2026-09-05,39,quantile,0.8,139.0
2026-08-22,wk inc covid hosp,2,2026-09-05,39,quantile,0.85,154.0
2026-08-22,wk inc covid hosp,2,2026-09-05,39,quantile,0.9,173.0
2026-08-22,wk inc covid hosp,2,2026-09-05,39,quantile,0.95,209.0
2026-08-22,wk inc covid hosp,2,2026-09-05,39,quantile,0.975,244.0
2026-08-22,wk inc covid hosp,2,2026-09-05,39,quantile,0.99,284.0
2026-08-22,wk inc covid hosp,2,2026-09-05,40,quantile,0.01,0.0
2026-08-22,wk inc covid hosp,2,2026-09-05,40,quantile,0.025,0.0
2026-08-22,wk inc covid hosp,2,2026-09-05,40,quantile,0.05,0.0
2026-08-22,wk inc covid hosp,2,2026-09-05,40,quantile,0.1,0.0
2026-08-22,wk inc covid hosp,2,2026-09-05,40,quantile,0.15,2.0
2026-08-22,wk inc covid hosp,2,2026-09-05,40,quantile,0.2,4.0
2026-08-22,wk inc covid hosp,2,2026-09-05,40,quantile,0.25,6.0
2026-08-22,wk inc covid hosp,2,2026-09-05,40,quantile,0.3,8.0
2026-08-22,wk inc covid hosp,2,2026-09-05,40,quantile,0.35,10.0
2026-08-22,wk inc covid hosp,2,2026-09-05,40,quantile,0.4,12.0
2026-08-22,wk inc covid hosp,2,2026-09-05,40,quantile,0.45,14.0
2026-08-22,wk inc covid hosp,2,2026-09-05,40,quantile,0.5,16.0
2026-08-22,wk inc covid hosp,2,2026-09-05,40,quantile,0.55,18.0
2026-08-22,wk inc covid hosp,2,2026-09-05,40,quantile,0.6,20.0
2026-08-22,wk inc covid hosp,2,2026-09-05,40,quantile,0.65,23.0
2026-08-22,wk inc covid hosp,2,2026-09-05,40,quantile,0.7,25.0
2026-08-22,wk inc covid hosp,2,2026-09-05,40,quantile,0.75,29.0
2026-08-22,wk inc covid hosp,2,2026-09-05,40,quantile,0.8,32.0
2026-08-22,wk inc covid hosp,2,2026-09-05,40,quantile,0.85,36.0
2026-08-22,wk inc covid hosp,2,2026-09-05,40,quantile,0.9,42.0
2026-08-22,wk inc covid hosp,2,2026-09-05,40,quantile,0.95,53.0
2026-08-22,wk inc covid hosp,2,2026-09-05,40,quantile,0.975,66.0
2026-08-22,wk inc covid hosp,2,2026-09-05,40,quantile,0.99,73.0
2026-08-22,wk inc covid hosp,2,2026-09-05,41,quantile,0.01,0.0
2026-08-22,wk inc covid hosp,2,2026-09-05,41,quantile,0.025,0.0
2026-08-22,wk inc covid hosp,2,2026-09-05,41,quantile,0.05,0.0
2026-08-22,wk inc covid hosp,2,2026-09-05,41,quantile,0.1,5.0
2026-08-22,wk inc covid hosp,2,2026-09-05,41,quantile,0.15,9.0
2026-08-22,wk inc covid hosp,2,2026-09-05,41,quantile,0.2,11.0
2026-08-22,wk inc covid hosp,2,2026-09-05,41,quantile,0.25,13.0
2026-08-22,wk inc covid hosp,2,2026-09-05,41,quantile,0.3,16.0
2026-08-22,wk inc covid hosp,2,2026-09-05,41,quantile,0.35,18.0
2026-08-22,wk inc covid hosp,2,2026-09-05,41,quantile,0.4,20.0
2026-08-22,wk inc covid hosp,2,2026-09-05,41,quantile,0.45,22.0
2026-08-22,wk inc covid hosp,2,2026-09-05,41,quantile,0.5,24.0
2026-08-22,wk inc covid hosp,2,2026-09-05,41,quantile,0.55,27.0
2026-08-22,wk inc covid hosp,2,2026-09-05,41,quantile,0.6,29.0
2026-08-22,wk inc covid hosp,2,2026-09-05,41,quantile,0.65,32.0
2026-08-22,wk inc covid hosp,2,2026-09-05,41,quantile,0.7,35.0
2026-08-22,wk inc covid hosp,2,2026-09-05,41,quantile,0.75,38.0
2026-08-22,wk inc covid hosp,2,2026-09-05,41,quantile,0.8,42.0
2026-08-22,wk inc covid hosp,2,2026-09-05,41,quantile,0.85,45.0
2026-08-22,wk inc covid hosp,2,2026-09-05,41,quantile,0.9,52.0
2026-08-22,wk inc covid hosp,2,2026-09-05,41,quantile,0.95,64.0
2026-08-22,wk inc covid hosp,2,2026-09-05,41,quantile,0.975,77.0
2026-08-22,wk inc covid hosp,2,2026-09-05,41,quantile,0.99,84.0
2026-08-22,wk inc covid hosp,2,2026-09-05,42,quantile,0.01,5.0
2026-08-22,wk inc covid hosp,2,2026-09-05,42,quantile,0.025,24.0
2026-08-22,wk inc covid hosp,2,2026-09-05,42,quantile,0.05,38.0
2026-08-22,wk inc covid hosp,2,2026-09-05,42,quantile,0.1,66.0
2026-08-22,wk inc covid hosp,2,2026-09-05,42,quantile,0.15,83.0
2026-08-22,wk inc covid hosp,2,2026-09-05,42,quantile,0.2,98.0
2026-08-22,wk inc covid hosp,2,2026-09-05,42,quantile,0.25,110.0
2026-08-22,wk inc covid hosp,2,2026-09-05,42,quantile,0.3,121.0
2026-08-22,wk inc covid hosp,2,2026-09-05,42,quantile,0.35,134.0
2026-08-22,wk inc covid hosp,2,2026-09-05,42,quantile,0.4,145.0
2026-08-22,wk inc covid hosp,2,2026-09-05,42,quantile,0.45,158.0
2026-08-22,wk inc covid hosp,2,2026-09-05,42,quantile,0.5,169.0
2026-08-22,wk inc covid hosp,2,2026-09-05,42,quantile,0.55,182.0
2026-08-22,wk inc covid hosp,2,2026-09-05,42,quantile,0.6,195.0
2026-08-22,wk inc covid hosp,2,2026-09-05,42,quantile,0.65,213.0
2026-08-22,wk inc covid hosp,2,2026-09-05,42,quantile,0.7,230.0
2026-08-22,wk inc covid hosp,2,2026-09-05,42,quantile,0.75,249.0
2026-08-22,wk inc covid hosp,2,2026-09-05,42,quantile,0.8,268.0
2026-08-22,wk inc covid hosp,2,2026-09-05,42,quantile,0.85,295.0
2026-08-22,wk inc covid hosp,2,2026-09-05,42,quantile,0.9,333.0
2026-08-22,wk inc covid hosp,2,2026-09-05,42,quantile,0.95,402.0
2026-08-22,wk inc covid hosp,2,2026-09-05,42,quantile,0.975,473.0
2026-08-22,wk inc covid hosp,2,2026-09-05,42,quantile,0.99,557.0
2026-08-22,wk inc covid hosp,2,2026-09-05,44,quantile,0.01,2.0
2026-08-22,wk inc covid hosp,2,2026-09-05,44,quantile,0.025,3.0
2026-08-22,wk inc covid hosp,2,2026-09-05,44,quantile,0.05,5.0
2026-08-22,wk inc covid hosp,2,2026-09-05,44,quantile,0.1,8.0
2026-08-22,wk inc covid hosp,2,2026-09-05,44,quantile,0.15,9.0
2026-08-22,wk inc covid hosp,2,2026-09-05,44,quantile,0.2,10.0
2026-08-22,wk inc covid hosp,2,2026-09-05,44,quantile,0.25,12.0
2026-08-22,wk inc covid hosp,2,2026-09-05,44,quantile,0.3,13.0
2026-08-22,wk inc covid hosp,2,2026-09-05,44,quantile,0.35,14.0
2026-08-22,wk inc covid hosp,2,2026-09-05,44,quantile,0.4,16.0
2026-08-22,wk inc covid hosp,2,2026-09-05,44,quantile,0.45,17.0
2026-08-22,wk inc covid hosp,2,2026-09-05,44,quantile,0.5,18.0
2026-08-22,wk inc covid hosp,2,2026-09-05,44,quantile,0.55,20.0
2026-08-22,wk inc covid hosp,2,2026-09-05,44,quantile,0.6,21.0
2026-08-22,wk inc covid hosp,2,2026-09-05,44,quantile,0.65,23.0
2026-08-22,wk inc covid hosp,2,2026-09-05,44,quantile,0.7,24.0
2026-08-22,wk inc covid hosp,2,2026-09-05,44,quantile,0.75,26.0
2026-08-22,wk inc covid hosp,2,2026-09-05,44,quantile,0.8,28.0
2026-08-22,wk inc covid hosp,2,2026-09-05,44,quantile,0.85,31.0
2026-08-22,wk inc covid hosp,2,2026-09-05,44,quantile,0.9,35.0
2026-08-22,wk inc covid hosp,2,2026-09-05,44,quantile,0.95,41.0
2026-08-22,wk inc covid hosp,2,2026-09-05,44,quantile,0.975,47.0
2026-08-22,wk inc covid hosp,2,2026-09-05,44,quantile,0.99,56.0
2026-08-22,wk inc covid hosp,2,2026-09-05,45,quantile,0.01,0.0
2026-08-22,wk inc covid hosp,2,2026-09-05,45,quantile,0.025,4.0
2026-08-22,wk inc covid hosp,2,2026-09-05,45,quantile,0.05,8.0
2026-08-22,wk inc covid hosp,2,2026-09-05,45,quantile,0.1,16.0
2026-08-22,wk inc covid hosp,2,2026-09-05,45,quantile,0.15,21.0
2026-08-22,wk inc covid hosp,2,2026-09-05,45,quantile,0.2,26.0
2026-08-22,wk inc covid hosp,2,2026-09-05,45,quantile,0.25,30.0
2026-08-22,wk inc covid hosp,2,2026-09-05,45,quantile,0.3,33.0
2026-08-22,wk inc covid hosp,2,2026-09-05,45,quantile,0.35,37.0
2026-08-22,wk inc covid hosp,2,2026-09-05,45,quantile,0.4,40.0
2026-08-22,wk inc covid hosp,2,2026-09-05,45,quantile,0.45,43.0
2026-08-22,wk inc covid hosp,2,2026-09-05,45,quantile,0.5,47.0
2026-08-22,wk inc covid hosp,2,2026-09-05,45,quantile,0.55,50.0
2026-08-22,wk inc covid hosp,2,2026-09-05,45,quantile,0.6,54.0
2026-08-22,wk inc covid hosp,2,2026-09-05,45,quantile,0.65,59.0
2026-08-22,wk inc covid hosp,2,2026-09-05,45,quantile,0.7,63.0
2026-08-22,wk inc covid hosp,2,2026-09-05,45,quantile,0.75,68.0
2026-08-22,wk inc covid hosp,2,2026-09-05,45,quantile,0.8,74.0
2026-08-22,wk inc covid hosp,2,2026-09-05,45,quantile,0.85,80.0
2026-08-22,wk inc covid hosp,2,2026-09-05,45,quantile,0.9,90.0
2026-08-22,wk inc covid hosp,2,2026-09-05,45,quantile,0.95,109.0
2026-08-22,wk inc covid hosp,2,2026-09-05,45,quantile,0.975,129.0
2026-08-22,wk inc covid hosp,2,2026-09-05,45,quantile,0.99,149.0
2026-08-22,wk inc covid hosp,2,2026-09-05,46,quantile,0.01,0.0
2026-08-22,wk inc covid hosp,2,2026-09-05,46,quantile,0.025,0.0
2026-08-22,wk inc covid hosp,2,2026-09-05,46,quantile,0.05,0.0
2026-08-22,wk inc covid hosp,2,2026-09-05,46,quantile,0.1,1.0
2026-08-22,wk inc covid hosp,2,2026-09-05,46,quantile,0.15,1.0
2026-08-22,wk inc covid hosp,2,2026-09-05,46,quantile,0.2,2.0
2026-08-22,wk inc covid hosp,2,2026-09-05,46,quantile,0.25,3.0
2026-08-22,wk inc covid hosp,2,2026-09-05,46,quantile,0.3,3.0
2026-08-22,wk inc covid hosp,2,2026-09-05,46,quantile,0.35,4.0
2026-08-22,wk inc covid hosp,2,2026-09-05,46,quantile,0.4,5.0
2026-08-22,wk inc covid hosp,2,2026-09-05,46,quantile,0.45,6.0
2026-08-22,wk inc covid hosp,2,2026-09-05,46,quantile,0.5,6.0
2026-08-22,wk inc covid hosp,2,2026-09-05,46,quantile,0.55,7.0
2026-08-22,wk inc covid hosp,2,2026-09-05,46,quantile,0.6,8.0
2026-08-22,wk inc covid hosp,2,2026-09-05,46,quantile,0.65,9.0
2026-08-22,wk inc covid hosp,2,2026-09-05,46,quantile,0.7,10.0
2026-08-22,wk inc covid hosp,2,2026-09-05,46,quantile,0.75,11.0
2026-08-22,wk inc covid hosp,2,2026-09-05,46,quantile,0.8,12.0
2026-08-22,wk inc covid hosp,2,2026-09-05,46,quantile,0.85,14.0
2026-08-22,wk inc covid hosp,2,2026-09-05,46,quantile,0.9,16.0
2026-08-22,wk inc covid hosp,2,2026-09-05,46,quantile,0.95,20.0
2026-08-22,wk inc covid hosp,2,2026-09-05,46,quantile,0.975,23.0
2026-08-22,wk inc covid hosp,2,2026-09-05,46,quantile,0.99,28.0
2026-08-22,wk inc covid hosp,2,2026-09-05,47,quantile,0.01,0.0
2026-08-22,wk inc covid hosp,2,2026-09-05,47,quantile,0.025,7.0
2026-08-22,wk inc covid hosp,2,2026-09-05,47,quantile,0.05,14.0
2026-08-22,wk inc covid hosp,2,2026-09-05,47,quantile,0.1,25.0
2026-08-22,wk inc covid hosp,2,2026-09-05,47,quantile,0.15,33.0
2026-08-22,wk inc covid hosp,2,2026-09-05,47,quantile,0.2,39.0
2026-08-22,wk inc covid hosp,2,2026-09-05,47,quantile,0.25,43.0
2026-08-22,wk inc covid hosp,2,2026-09-05,47,quantile,0.3,48.0
2026-08-22,wk inc covid hosp,2,2026-09-05,47,quantile,0.35,53.0
2026-08-22,wk inc covid hosp,2,2026-09-05,47,quantile,0.4,58.0
2026-08-22,wk inc covid hosp,2,2026-09-05,47,quantile,0.45,62.0
2026-08-22,wk inc covid hosp,2,2026-09-05,47,quantile,0.5,66.0
2026-08-22,wk inc covid hosp,2,2026-09-05,47,quantile,0.55,73.0
2026-08-22,wk inc covid hosp,2,2026-09-05,47,quantile,0.6,78.0
2026-08-22,wk inc covid hosp,2,2026-09-05,47,quantile,0.65,84.0
2026-08-22,wk inc covid hosp,2,2026-09-05,47,quantile,0.7,91.0
2026-08-22,wk inc covid hosp,2,2026-09-05,47,quantile,0.75,99.0
2026-08-22,wk inc covid hosp,2,2026-09-05,47,quantile,0.8,106.0
2026-08-22,wk inc covid hosp,2,2026-09-05,47,quantile,0.85,116.0
2026-08-22,wk inc covid hosp,2,2026-09-05,47,quantile,0.9,131.0
2026-08-22,wk inc covid hosp,2,2026-09-05,47,quantile,0.95,159.0
2026-08-22,wk inc covid hosp,2,2026-09-05,47,quantile,0.975,187.0
2026-08-22,wk inc covid hosp,2,2026-09-05,47,quantile,0.99,209.0
2026-08-22,wk inc covid hosp,2,2026-09-05,48,quantile,0.01,28.0
2026-08-22,wk inc covid hosp,2,2026-09-05,48,quantile,0.025,63.0
2026-08-22,wk inc covid hosp,2,2026-09-05,48,quantile,0.05,89.0
2026-08-22,wk inc covid hosp,2,2026-09-05,48,quantile,0.1,140.0
2026-08-22,wk inc covid hosp,2,2026-09-05,48,quantile,0.15,172.0
2026-08-22,wk inc covid hosp,2,2026-09-05,48,quantile,0.2,201.0
2026-08-22,wk inc covid hosp,2,2026-09-05,48,quantile,0.25,224.0
2026-08-22,wk inc covid hosp,2,2026-09-05,48,quantile,0.3,242.0
2026-08-22,wk inc covid hosp,2,2026-09-05,48,quantile,0.35,265.0
2026-08-22,wk inc covid hosp,2,2026-09-05,48,quantile,0.4,286.0
2026-08-22,wk inc covid hosp,2,2026-09-05,48,quantile,0.45,304.0
2026-08-22,wk inc covid hosp,2,2026-09-05,48,quantile,0.5,326.0
2026-08-22,wk inc covid hosp,2,2026-09-05,48,quantile,0.55,345.0
2026-08-22,wk inc covid hosp,2,2026-09-05,48,quantile,0.6,370.0
2026-08-22,wk inc covid hosp,2,2026-09-05,48,quantile,0.65,399.0
2026-08-22,wk inc covid hosp,2,2026-09-05,48,quantile,0.7,427.0
2026-08-22,wk inc covid hosp,2,2026-09-05,48,quantile,0.75,457.0
2026-08-22,wk inc covid hosp,2,2026-09-05,48,quantile,0.8,491.0
2026-08-22,wk inc covid hosp,2,2026-09-05,48,quantile,0.85,532.0
2026-08-22,wk inc covid hosp,2,2026-09-05,48,quantile,0.9,590.0
2026-08-22,wk inc covid hosp,2,2026-09-05,48,quantile,0.95,707.0
2026-08-22,wk inc covid hosp,2,2026-09-05,48,quantile,0.975,824.0
2026-08-22,wk inc covid hosp,2,2026-09-05,48,quantile,0.99,947.0
2026-08-22,wk inc covid hosp,2,2026-09-05,49,quantile,0.01,0.0
2026-08-22,wk inc covid hosp,2,2026-09-05,49,quantile,0.025,0.0
2026-08-22,wk inc covid hosp,2,2026-09-05,49,quantile,0.05,0.0
2026-08-22,wk inc covid hosp,2,2026-09-05,49,quantile,0.1,0.0
2026-08-22,wk inc covid hosp,2,2026-09-05,49,quantile,0.15,0.0
2026-08-22,wk inc covid hosp,2,2026-09-05,49,quantile,0.2,0.0
2026-08-22,wk inc covid hosp,2,2026-09-05,49,quantile,0.25,0.0
2026-08-22,wk inc covid hosp,2,2026-09-05,49,quantile,0.3,0.0
2026-08-22,wk inc covid hosp,2,2026-09-05,49,quantile,0.35,0.0
2026-08-22,wk inc covid hosp,2,2026-09-05,49,quantile,0.4,1.0
2026-08-22,wk inc covid hosp,2,2026-09-05,49,quantile,0.45,2.0
2026-08-22,wk inc covid hosp,2,2026-09-05,49,quantile,0.5,3.0
2026-08-22,wk inc covid hosp,2,2026-09-05,49,quantile,0.55,5.0
2026-08-22,wk inc covid hosp,2,2026-09-05,49,quantile,0.6,6.0
2026-08-22,wk inc covid hosp,2,2026-09-05,49,quantile,0.65,8.0
2026-08-22,wk inc covid hosp,2,2026-09-05,49,quantile,0.7,9.0
2026-08-22,wk inc covid hosp,2,2026-09-05,49,quantile,0.75,11.0
2026-08-22,wk inc covid hosp,2,2026-09-05,49,quantile,0.8,12.0
2026-08-22,wk inc covid hosp,2,2026-09-05,49,quantile,0.85,15.0
2026-08-22,wk inc covid hosp,2,2026-09-05,49,quantile,0.9,18.0
2026-08-22,wk inc covid hosp,2,2026-09-05,49,quantile,0.95,23.0
2026-08-22,wk inc covid hosp,2,2026-09-05,49,quantile,0.975,28.0
2026-08-22,wk inc covid hosp,2,2026-09-05,49,quantile,0.99,34.0
2026-08-22,wk inc covid hosp,2,2026-09-05,50,quantile,0.01,0.0
2026-08-22,wk inc covid hosp,2,2026-09-05,50,quantile,0.025,0.0
2026-08-22,wk inc covid hosp,2,2026-09-05,50,quantile,0.05,0.0
2026-08-22,wk inc covid hosp,2,2026-09-05,50,quantile,0.1,0.0
2026-08-22,wk inc covid hosp,2,2026-09-05,50,quantile,0.15,0.0
2026-08-22,wk inc covid hosp,2,2026-09-05,50,quantile,0.2,1.0
2026-08-22,wk inc covid hosp,2,2026-09-05,50,quantile,0.25,1.0
2026-08-22,wk inc covid hosp,2,2026-09-05,50,quantile,0.3,2.0
2026-08-22,wk inc covid hosp,2,2026-09-05,50,quantile,0.35,2.0
2026-08-22,wk inc covid hosp,2,2026-09-05,50,quantile,0.4,3.0
2026-08-22,wk inc covid hosp,2,2026-09-05,50,quantile,0.45,3.0
2026-08-22,wk inc covid hosp,2,2026-09-05,50,quantile,0.5,4.0
2026-08-22,wk inc covid hosp,2,2026-09-05,50,quantile,0.55,4.0
2026-08-22,wk inc covid hosp,2,2026-09-05,50,quantile,0.6,4.0
2026-08-22,wk inc covid hosp,2,2026-09-05,50,quantile,0.65,5.0
2026-08-22,wk inc covid hosp,2,2026-09-05,50,quantile,0.7,5.0
2026-08-22,wk inc covid hosp,2,2026-09-05,50,quantile,0.75,6.0
2026-08-22,wk inc covid hosp,2,2026-09-05,50,quantile,0.8,7.0
2026-08-22,wk inc covid hosp,2,2026-09-05,50,quantile,0.85,8.0
2026-08-22,wk inc covid hosp,2,2026-09-05,50,quantile,0.9,9.0
2026-08-22,wk inc covid hosp,2,2026-09-05,50,quantile,0.95,12.0
2026-08-22,wk inc covid hosp,2,2026-09-05,50,quantile,0.975,13.0
2026-08-22,wk inc covid hosp,2,2026-09-05,50,quantile,0.99,16.0
2026-08-22,wk inc covid hosp,2,2026-09-05,51,quantile,0.01,0.0
2026-08-22,wk inc covid hosp,2,2026-09-05,51,quantile,0.025,0.0
2026-08-22,wk inc covid hosp,2,2026-09-05,51,quantile,0.05,0.0
2026-08-22,wk inc covid hosp,2,2026-09-05,51,quantile,0.1,8.0
2026-08-22,wk inc covid hosp,2,2026-09-05,51,quantile,0.15,14.0
2026-08-22,wk inc covid hosp,2,2026-09-05,51,quantile,0.2,19.0
2026-08-22,wk inc covid hosp,2,2026-09-05,51,quantile,0.25,22.0
2026-08-22,wk inc covid hosp,2,2026-09-05,51,quantile,0.3,26.0
2026-08-22,wk inc covid hosp,2,2026-09-05,51,quantile,0.35,30.0
2026-08-22,wk inc covid hosp,2,2026-09-05,51,quantile,0.4,33.0
2026-08-22,wk inc covid hosp,2,2026-09-05,51,quantile,0.45,36.0
2026-08-22,wk inc covid hosp,2,2026-09-05,51,quantile,0.5,40.0
2026-08-22,wk inc covid hosp,2,2026-09-05,51,quantile,0.55,44.0
2026-08-22,wk inc covid hosp,2,2026-09-05,51,quantile,0.6,48.0
2026-08-22,wk inc covid hosp,2,2026-09-05,51,quantile,0.65,52.0
2026-08-22,wk inc covid hosp,2,2026-09-05,51,quantile,0.7,57.0
2026-08-22,wk inc covid hosp,2,2026-09-05,51,quantile,0.75,62.0
2026-08-22,wk inc covid hosp,2,2026-09-05,51,quantile,0.8,67.0
2026-08-22,wk inc covid hosp,2,2026-09-05,51,quantile,0.85,74.0
2026-08-22,wk inc covid hosp,2,2026-09-05,51,quantile,0.9,84.0
2026-08-22,wk inc covid hosp,2,2026-09-05,51,quantile,0.95,102.0
2026-08-22,wk inc covid hosp,2,2026-09-05,51,quantile,0.975,121.0
2026-08-22,wk inc covid hosp,2,2026-09-05,51,quantile,0.99,134.0
2026-08-22,wk inc covid hosp,2,2026-09-05,53,quantile,0.01,13.0
2026-08-22,wk inc covid hosp,2,2026-09-05,53,quantile,0.025,22.0
2026-08-22,wk inc covid hosp,2,2026-09-05,53,quantile,0.05,28.0
2026-08-22,wk inc covid hosp,2,2026-09-05,53,quantile,0.1,40.0
2026-08-22,wk inc covid hosp,2,2026-09-05,53,quantile,0.15,48.0
2026-08-22,wk inc covid hosp,2,2026-09-05,53,quantile,0.2,55.0
2026-08-22,wk inc covid hosp,2,2026-09-05,53,quantile,0.25,60.0
2026-08-22,wk inc covid hosp,2,2026-09-05,53,quantile,0.3,64.0
2026-08-22,wk inc covid hosp,2,2026-09-05,53,quantile,0.35,70.0
2026-08-22,wk inc covid hosp,2,2026-09-05,53,quantile,0.4,74.0
2026-08-22,wk inc covid hosp,2,2026-09-05,53,quantile,0.45,78.0
2026-08-22,wk inc covid hosp,2,2026-09-05,53,quantile,0.5,83.0
2026-08-22,wk inc covid hosp,2,2026-09-05,53,quantile,0.55,88.0
2026-08-22,wk inc covid hosp,2,2026-09-05,53,quantile,0.6,93.0
2026-08-22,wk inc covid hosp,2,2026-09-05,53,quantile,0.65,100.0
2026-08-22,wk inc covid hosp,2,2026-09-05,53,quantile,0.7,106.0
2026-08-22,wk inc covid hosp,2,2026-09-05,53,quantile,0.75,113.0
2026-08-22,wk inc covid hosp,2,2026-09-05,53,quantile,0.8,120.0
2026-08-22,wk inc covid hosp,2,2026-09-05,53,quantile,0.85,129.0
2026-08-22,wk inc covid hosp,2,2026-09-05,53,quantile,0.9,142.0
2026-08-22,wk inc covid hosp,2,2026-09-05,53,quantile,0.95,166.0
2026-08-22,wk inc covid hosp,2,2026-09-05,53,quantile,0.975,191.0
2026-08-22,wk inc covid hosp,2,2026-09-05,53,quantile,0.99,216.0
2026-08-22,wk inc covid hosp,2,2026-09-05,54,quantile,0.01,0.0
2026-08-22,wk inc covid hosp,2,2026-09-05,54,quantile,0.025,0.0
2026-08-22,wk inc covid hosp,2,2026-09-05,54,quantile,0.05,2.0
2026-08-22,wk inc covid hosp,2,2026-09-05,54,quantile,0.1,6.0
2026-08-22,wk inc covid hosp,2,2026-09-05,54,quantile,0.15,8.0
2026-08-22,wk inc covid hosp,2,2026-09-05,54,quantile,0.2,10.0
2026-08-22,wk inc covid hosp,2,2026-09-05,54,quantile,0.25,11.0
2026-08-22,wk inc covid hosp,2,2026-09-05,54,quantile,0.3,13.0
2026-08-22,wk inc covid hosp,2,2026-09-05,54,quantile,0.35,14.0
2026-08-22,wk inc covid hosp,2,2026-09-05,54,quantile,0.4,15.0
2026-08-22,wk inc covid hosp,2,2026-09-05,54,quantile,0.45,17.0
2026-08-22,wk inc covid hosp,2,2026-09-05,54,quantile,0.5,18.0
2026-08-22,wk inc covid hosp,2,2026-09-05,54,quantile,0.55,20.0
2026-08-22,wk inc covid hosp,2,2026-09-05,54,quantile,0.6,21.0
2026-08-22,wk inc covid hosp,2,2026-09-05,54,quantile,0.65,23.0
2026-08-22,wk inc covid hosp,2,2026-09-05,54,quantile,0.7,25.0
2026-08-22,wk inc covid hosp,2,2026-09-05,54,quantile,0.75,28.0
2026-08-22,wk inc covid hosp,2,2026-09-05,54,quantile,0.8,30.0
2026-08-22,wk inc covid hosp,2,2026-09-05,54,quantile,0.85,33.0
2026-08-22,wk inc covid hosp,2,2026-09-05,54,quantile,0.9,38.0
2026-08-22,wk inc covid hosp,2,2026-09-05,54,quantile,0.95,47.0
2026-08-22,wk inc covid hosp,2,2026-09-05,54,quantile,0.975,57.0
2026-08-22,wk inc covid hosp,2,2026-09-05,54,quantile,0.99,63.0
2026-08-22,wk inc covid hosp,2,2026-09-05,55,quantile,0.01,0.0
2026-08-22,wk inc covid hosp,2,2026-09-05,55,quantile,0.025,0.0
2026-08-22,wk inc covid hosp,2,2026-09-05,55,quantile,0.05,0.0
2026-08-22,wk inc covid hosp,2,2026-09-05,55,quantile,0.1,1.0
2026-08-22,wk inc covid hosp,2,2026-09-05,55,quantile,0.15,6.0
2026-08-22,wk inc covid hosp,2,2026-09-05,55,quantile,0.2,10.0
2026-08-22,wk inc covid hosp,2,2026-09-05,55,quantile,0.25,13.0
2026-08-22,wk inc covid hosp,2,2026-09-05,55,quantile,0.3,16.0
2026-08-22,wk inc covid hosp,2,2026-09-05,55,quantile,0.35,19.0
2026-08-22,wk inc covid hosp,2,2026-09-05,55,quantile,0.4,23.0
2026-08-22,wk inc covid hosp,2,2026-09-05,55,quantile,0.45,25.0
2026-08-22,wk inc covid hosp,2,2026-09-05,55,quantile,0.5,29.0
2026-08-22,wk inc covid hosp,2,2026-09-05,55,quantile,0.55,32.0
2026-08-22,wk inc covid hosp,2,2026-09-05,55,quantile,0.6,35.0
2026-08-22,wk inc covid hosp,2,2026-09-05,55,quantile,0.65,40.0
2026-08-22,wk inc covid hosp,2,2026-09-05,55,quantile,0.7,44.0
2026-08-22,wk inc covid hosp,2,2026-09-05,55,quantile,0.75,49.0
2026-08-22,wk inc covid hosp,2,2026-09-05,55,quantile,0.8,54.0
2026-08-22,wk inc covid hosp,2,2026-09-05,55,quantile,0.85,60.0
2026-08-22,wk inc covid hosp,2,2026-09-05,55,quantile,0.9,70.0
2026-08-22,wk inc covid hosp,2,2026-09-05,55,quantile,0.95,87.0
2026-08-22,wk inc covid hosp,2,2026-09-05,55,quantile,0.975,105.0
2026-08-22,wk inc covid hosp,2,2026-09-05,55,quantile,0.99,125.0
2026-08-22,wk inc covid hosp,2,2026-09-05,56,quantile,0.01,0.0
2026-08-22,wk inc covid hosp,2,2026-09-05,56,quantile,0.025,0.0
2026-08-22,wk inc covid hosp,2,2026-09-05,56,quantile,0.05,0.0
2026-08-22,wk inc covid hosp,2,2026-09-05,56,quantile,0.1,0.0
2026-08-22,wk inc covid hosp,2,2026-09-05,56,quantile,0.15,0.0
2026-08-22,wk inc covid hosp,2,2026-09-05,56,quantile,0.2,0.0
2026-08-22,wk inc covid hosp,2,2026-09-05,56,quantile,0.25,1.0
2026-08-22,wk inc covid hosp,2,2026-09-05,56,quantile,0.3,1.0
2026-08-22,wk inc covid hosp,2,2026-09-05,56,quantile,0.35,2.0
2026-08-22,wk inc covid hosp,2,2026-09-05,56,quantile,0.4,2.0
2026-08-22,wk inc covid hosp,2,2026-09-05,56,quantile,0.45,3.0
2026-08-22,wk inc covid hosp,2,2026-09-05,56,quantile,0.5,3.0
2026-08-22,wk inc covid hosp,2,2026-09-05,56,quantile,0.55,4.0
2026-08-22,wk inc covid hosp,2,2026-09-05,56,quantile,0.6,4.0
2026-08-22,wk inc covid hosp,2,2026-09-05,56,quantile,0.65,5.0
2026-08-22,wk inc covid hosp,2,2026-09-05,56,quantile,0.7,5.0
2026-08-22,wk inc covid hosp,2,2026-09-05,56,quantile,0.75,6.0
2026-08-22,wk inc covid hosp,2,2026-09-05,56,quantile,0.8,7.0
2026-08-22,wk inc covid hosp,2,2026-09-05,56,quantile,0.85,8.0
2026-08-22,wk inc covid hosp,2,2026-09-05,56,quantile,0.9,9.0
2026-08-22,wk inc covid hosp,2,2026-09-05,56,quantile,0.95,12.0
2026-08-22,wk inc covid hosp,2,2026-09-05,56,quantile,0.975,14.0
2026-08-22,wk inc covid hosp,2,2026-09-05,56,quantile,0.99,17.0
2026-08-22,wk inc covid hosp,2,2026-09-05,72,quantile,0.01,13.0
2026-08-22,wk inc covid hosp,2,2026-09-05,72,quantile,0.025,18.0
2026-08-22,wk inc covid hosp,2,2026-09-05,72,quantile,0.05,28.0
2026-08-22,wk inc covid hosp,2,2026-09-05,72,quantile,0.1,43.0
2026-08-22,wk inc covid hosp,2,2026-09-05,72,quantile,0.15,54.0
2026-08-22,wk inc covid hosp,2,2026-09-05,72,quantile,0.2,62.0
2026-08-22,wk inc covid hosp,2,2026-09-05,72,quantile,0.25,70.0
2026-08-22,wk inc covid hosp,2,2026-09-05,72,quantile,0.3,77.0
2026-08-22,wk inc covid hosp,2,2026-09-05,72,quantile,0.35,85.0
2026-08-22,wk inc covid hosp,2,2026-09-05,72,quantile,0.4,94.0
2026-08-22,wk inc covid hosp,2,2026-09-05,72,quantile,0.45,102.0
2026-08-22,wk inc covid hosp,2,2026-09-05,72,quantile,0.5,109.0
2026-08-22,wk inc covid hosp,2,2026-09-05,72,quantile,0.55,120.0
2026-08-22,wk inc covid hosp,2,2026-09-05,72,quantile,0.6,130.0
2026-08-22,wk inc covid hosp,2,2026-09-05,72,quantile,0.65,141.0
2026-08-22,wk inc covid hosp,2,2026-09-05,72,quantile,0.7,154.0
2026-08-22,wk inc covid hosp,2,2026-09-05,72,quantile,0.75,167.0
2026-08-22,wk inc covid hosp,2,2026-09-05,72,quantile,0.8,183.0
2026-08-22,wk inc covid hosp,2,2026-09-05,72,quantile,0.85,204.0
2026-08-22,wk inc covid hosp,2,2026-09-05,72,quantile,0.9,233.0
2026-08-22,wk inc covid hosp,2,2026-09-05,72,quantile,0.95,283.0
2026-08-22,wk inc covid hosp,2,2026-09-05,72,quantile,0.975,344.0
2026-08-22,wk inc covid hosp,2,2026-09-05,72,quantile,0.99,418.0
2026-08-22,wk inc covid hosp,3,2026-09-12,01,quantile,0.01,6.0
2026-08-22,wk inc covid hosp,3,2026-09-12,01,quantile,0.025,14.0
2026-08-22,wk inc covid hosp,3,2026-09-12,01,quantile,0.05,22.0
2026-08-22,wk inc covid hosp,3,2026-09-12,01,quantile,0.1,33.0
2026-08-22,wk inc covid hosp,3,2026-09-12,01,quantile,0.15,42.0
2026-08-22,wk inc covid hosp,3,2026-09-12,01,quantile,0.2,49.0
2026-08-22,wk inc covid hosp,3,2026-09-12,01,quantile,0.25,55.0
2026-08-22,wk inc covid hosp,3,2026-09-12,01,quantile,0.3,62.0
2026-08-22,wk inc covid hosp,3,2026-09-12,01,quantile,0.35,68.0
2026-08-22,wk inc covid hosp,3,2026-09-12,01,quantile,0.4,74.0
2026-08-22,wk inc covid hosp,3,2026-09-12,01,quantile,0.45,81.0
2026-08-22,wk inc covid hosp,3,2026-09-12,01,quantile,0.5,88.0
2026-08-22,wk inc covid hosp,3,2026-09-12,01,quantile,0.55,95.0
2026-08-22,wk inc covid hosp,3,2026-09-12,01,quantile,0.6,102.0
2026-08-22,wk inc covid hosp,3,2026-09-12,01,quantile,0.65,109.0
2026-08-22,wk inc covid hosp,3,2026-09-12,01,quantile,0.7,117.0
2026-08-22,wk inc covid hosp,3,2026-09-12,01,quantile,0.75,126.0
2026-08-22,wk inc covid hosp,3,2026-09-12,01,quantile,0.8,137.0
2026-08-22,wk inc covid hosp,3,2026-09-12,01,quantile,0.85,151.0
2026-08-22,wk inc covid hosp,3,2026-09-12,01,quantile,0.9,169.0
2026-08-22,wk inc covid hosp,3,2026-09-12,01,quantile,0.95,208.0
2026-08-22,wk inc covid hosp,3,2026-09-12,01,quantile,0.975,235.0
2026-08-22,wk inc covid hosp,3,2026-09-12,01,quantile,0.99,278.0
2026-08-22,wk inc covid hosp,3,2026-09-12,02,quantile,0.01,0.0
2026-08-22,wk inc covid hosp,3,2026-09-12,02,quantile,0.025,0.0
2026-08-22,wk inc covid hosp,3,2026-09-12,02,quantile,0.05,0.0
2026-08-22,wk inc covid hosp,3,2026-09-12,02,quantile,0.1,1.0
2026-08-22,wk inc covid hosp,3,2026-09-12,02,quantile,0.15,2.0
2026-08-22,wk inc covid hosp,3,2026-09-12,02,quantile,0.2,2.0
2026-08-22,wk inc covid hosp,3,2026-09-12,02,quantile,0.25,3.0
2026-08-22,wk inc covid hosp,3,2026-09-12,02,quantile,0.3,4.0
2026-08-22,wk inc covid hosp,3,2026-09-12,02,quantile,0.35,4.0
2026-08-22,wk inc covid hosp,3,2026-09-12,02,quantile,0.4,5.0
2026-08-22,wk inc covid hosp,3,2026-09-12,02,quantile,0.45,5.0
2026-08-22,wk inc covid hosp,3,2026-09-12,02,quantile,0.5,6.0
2026-08-22,wk inc covid hosp,3,2026-09-12,02,quantile,0.55,7.0
2026-08-22,wk inc covid hosp,3,2026-09-12,02,quantile,0.6,7.0
2026-08-22,wk inc covid hosp,3,2026-09-12,02,quantile,0.65,8.0
2026-08-22,wk inc covid hosp,3,2026-09-12,02,quantile,0.7,9.0
2026-08-22,wk inc covid hosp,3,2026-09-12,02,quantile,0.75,10.0
2026-08-22,wk inc covid hosp,3,2026-09-12,02,quantile,0.8,11.0
2026-08-22,wk inc covid hosp,3,2026-09-12,02,quantile,0.85,12.0
2026-08-22,wk inc covid hosp,3,2026-09-12,02,quantile,0.9,14.0
2026-08-22,wk inc covid hosp,3,2026-09-12,02,quantile,0.95,18.0
2026-08-22,wk inc covid hosp,3,2026-09-12,02,quantile,0.975,21.0
2026-08-22,wk inc covid hosp,3,2026-09-12,02,quantile,0.99,26.0
2026-08-22,wk inc covid hosp,3,2026-09-12,04,quantile,0.01,0.0
2026-08-22,wk inc covid hosp,3,2026-09-12,04,quantile,0.025,0.0
2026-08-22,wk inc covid hosp,3,2026-09-12,04,quantile,0.05,3.0
2026-08-22,wk inc covid hosp,3,2026-09-12,04,quantile,0.1,14.0
2026-08-22,wk inc covid hosp,3,2026-09-12,04,quantile,0.15,24.0
2026-08-22,wk inc covid hosp,3,2026-09-12,04,quantile,0.2,32.0
2026-08-22,wk inc covid hosp,3,2026-09-12,04,quantile,0.25,39.0
2026-08-22,wk inc covid hosp,3,2026-09-12,04,quantile,0.3,45.0
2026-08-22,wk inc covid hosp,3,2026-09-12,04,quantile,0.35,50.0
2026-08-22,wk inc covid hosp,3,2026-09-12,04,quantile,0.4,58.0
2026-08-22,wk inc covid hosp,3,2026-09-12,04,quantile,0.45,64.0
2026-08-22,wk inc covid hosp,3,2026-09-12,04,quantile,0.5,72.0
2026-08-22,wk inc covid hosp,3,2026-09-12,04,quantile,0.55,80.0
2026-08-22,wk inc covid hosp,3,2026-09-12,04,quantile,0.6,86.0
2026-08-22,wk inc covid hosp,3,2026-09-12,04,quantile,0.65,95.0
2026-08-22,wk inc covid hosp,3,2026-09-12,04,quantile,0.7,103.0
2026-08-22,wk inc covid hosp,3,2026-09-12,04,quantile,0.75,114.0
2026-08-22,wk inc covid hosp,3,2026-09-12,04,quantile,0.8,124.0
2026-08-22,wk inc covid hosp,3,2026-09-12,04,quantile,0.85,139.0
2026-08-22,wk inc covid hosp,3,2026-09-12,04,quantile,0.9,166.0
2026-08-22,wk inc covid hosp,3,2026-09-12,04,quantile,0.95,211.0
2026-08-22,wk inc covid hosp,3,2026-09-12,04,quantile,0.975,248.0
2026-08-22,wk inc covid hosp,3,2026-09-12,04,quantile,0.99,306.0
2026-08-22,wk inc covid hosp,3,2026-09-12,05,quantile,0.01,0.0
2026-08-22,wk inc covid hosp,3,2026-09-12,05,quantile,0.025,0.0
2026-08-22,wk inc covid hosp,3,2026-09-12,05,quantile,0.05,4.0
2026-08-22,wk inc covid hosp,3,2026-09-12,05,quantile,0.1,9.0
2026-08-22,wk inc covid hosp,3,2026-09-12,05,quantile,0.15,13.0
2026-08-22,wk inc covid hosp,3,2026-09-12,05,quantile,0.2,17.0
2026-08-22,wk inc covid hosp,3,2026-09-12,05,quantile,0.25,19.0
2026-08-22,wk inc covid hosp,3,2026-09-12,05,quantile,0.3,22.0
2026-08-22,wk inc covid hosp,3,2026-09-12,05,quantile,0.35,25.0
2026-08-22,wk inc covid hosp,3,2026-09-12,05,quantile,0.4,28.0
2026-08-22,wk inc covid hosp,3,2026-09-12,05,quantile,0.45,30.0
2026-08-22,wk inc covid hosp,3,2026-09-12,05,quantile,0.5,34.0
2026-08-22,wk inc covid hosp,3,2026-09-12,05,quantile,0.55,37.0
2026-08-22,wk inc covid hosp,3,2026-09-12,05,quantile,0.6,41.0
2026-08-22,wk inc covid hosp,3,2026-09-12,05,quantile,0.65,44.0
2026-08-22,wk inc covid hosp,3,2026-09-12,05,quantile,0.7,47.0
2026-08-22,wk inc covid hosp,3,2026-09-12,05,quantile,0.75,51.0
2026-08-22,wk inc covid hosp,3,2026-09-12,05,quantile,0.8,56.0
2026-08-22,wk inc covid hosp,3,2026-09-12,05,quantile,0.85,62.0
2026-08-22,wk inc covid hosp,3,2026-09-12,05,quantile,0.9,70.0
2026-08-22,wk inc covid hosp,3,2026-09-12,05,quantile,0.95,86.0
2026-08-22,wk inc covid hosp,3,2026-09-12,05,quantile,0.975,97.0
2026-08-22,wk inc covid hosp,3,2026-09-12,05,quantile,0.99,117.0
2026-08-22,wk inc covid hosp,3,2026-09-12,06,quantile,0.01,87.0
2026-08-22,wk inc covid hosp,3,2026-09-12,06,quantile,0.025,128.0
2026-08-22,wk inc covid hosp,3,2026-09-12,06,quantile,0.05,175.0
2026-08-22,wk inc covid hosp,3,2026-09-12,06,quantile,0.1,240.0
2026-08-22,wk inc covid hosp,3,2026-09-12,06,quantile,0.15,290.0
2026-08-22,wk inc covid hosp,3,2026-09-12,06,quantile,0.2,324.0
2026-08-22,wk inc covid hosp,3,2026-09-12,06,quantile,0.25,358.0
2026-08-22,wk inc covid hosp,3,2026-09-12,06,quantile,0.3,385.0
2026-08-22,wk inc covid hosp,3,2026-09-12,06,quantile,0.35,410.0
2026-08-22,wk inc covid hosp,3,2026-09-12,06,quantile,0.4,439.0
2026-08-22,wk inc covid hosp,3,2026-09-12,06,quantile,0.45,467.0
2026-08-22,wk inc covid hosp,3,2026-09-12,06,quantile,0.5,500.0
2026-08-22,wk inc covid hosp,3,2026-09-12,06,quantile,0.55,530.0
2026-08-22,wk inc covid hosp,3,2026-09-12,06,quantile,0.6,565.0
2026-08-22,wk inc covid hosp,3,2026-09-12,06,quantile,0.65,601.0
2026-08-22,wk inc covid hosp,3,2026-09-12,06,quantile,0.7,636.0
2026-08-22,wk inc covid hosp,3,2026-09-12,06,quantile,0.75,671.0
2026-08-22,wk inc covid hosp,3,2026-09-12,06,quantile,0.8,717.0
2026-08-22,wk inc covid hosp,3,2026-09-12,06,quantile,0.85,778.0
2026-08-22,wk inc covid hosp,3,2026-09-12,06,quantile,0.9,868.0
2026-08-22,wk inc covid hosp,3,2026-09-12,06,quantile,0.95,1021.0
2026-08-22,wk inc covid hosp,3,2026-09-12,06,quantile,0.975,1159.0
2026-08-22,wk inc covid hosp,3,2026-09-12,06,quantile,0.99,1346.0
2026-08-22,wk inc covid hosp,3,2026-09-12,08,quantile,0.01,0.0
2026-08-22,wk inc covid hosp,3,2026-09-12,08,quantile,0.025,0.0
2026-08-22,wk inc covid hosp,3,2026-09-12,08,quantile,0.05,0.0
2026-08-22,wk inc covid hosp,3,2026-09-12,08,quantile,0.1,1.0
2026-08-22,wk inc covid hosp,3,2026-09-12,08,quantile,0.15,7.0
2026-08-22,wk inc covid hosp,3,2026-09-12,08,quantile,0.2,12.0
2026-08-22,wk inc covid hosp,3,2026-09-12,08,quantile,0.25,16.0
2026-08-22,wk inc covid hosp,3,2026-09-12,08,quantile,0.3,20.0
2026-08-22,wk inc covid hosp,3,2026-09-12,08,quantile,0.35,24.0
2026-08-22,wk inc covid hosp,3,2026-09-12,08,quantile,0.4,28.0
2026-08-22,wk inc covid hosp,3,2026-09-12,08,quantile,0.45,32.0
2026-08-22,wk inc covid hosp,3,2026-09-12,08,quantile,0.5,37.0
2026-08-22,wk inc covid hosp,3,2026-09-12,08,quantile,0.55,41.0
2026-08-22,wk inc covid hosp,3,2026-09-12,08,quantile,0.6,45.0
2026-08-22,wk inc covid hosp,3,2026-09-12,08,quantile,0.65,50.0
2026-08-22,wk inc covid hosp,3,2026-09-12,08,quantile,0.7,55.0
2026-08-22,wk inc covid hosp,3,2026-09-12,08,quantile,0.75,61.0
2026-08-22,wk inc covid hosp,3,2026-09-12,08,quantile,0.8,67.0
2026-08-22,wk inc covid hosp,3,2026-09-12,08,quantile,0.85,76.0
2026-08-22,wk inc covid hosp,3,2026-09-12,08,quantile,0.9,88.0
2026-08-22,wk inc covid hosp,3,2026-09-12,08,quantile,0.95,112.0
2026-08-22,wk inc covid hosp,3,2026-09-12,08,quantile,0.975,128.0
2026-08-22,wk inc covid hosp,3,2026-09-12,08,quantile,0.99,153.0
2026-08-22,wk inc covid hosp,3,2026-09-12,09,quantile,0.01,0.0
2026-08-22,wk inc covid hosp,3,2026-09-12,09,quantile,0.025,0.0
2026-08-22,wk inc covid hosp,3,2026-09-12,09,quantile,0.05,0.0
2026-08-22,wk inc covid hosp,3,2026-09-12,09,quantile,0.1,1.0
2026-08-22,wk inc covid hosp,3,2026-09-12,09,quantile,0.15,5.0
2026-08-22,wk inc covid hosp,3,2026-09-12,09,quantile,0.2,8.0
2026-08-22,wk inc covid hosp,3,2026-09-12,09,quantile,0.25,10.0
2026-08-22,wk inc covid hosp,3,2026-09-12,09,quantile,0.3,12.0
2026-08-22,wk inc covid hosp,3,2026-09-12,09,quantile,0.35,15.0
2026-08-22,wk inc covid hosp,3,2026-09-12,09,quantile,0.4,18.0
2026-08-22,wk inc covid hosp,3,2026-09-12,09,quantile,0.45,20.0
2026-08-22,wk inc covid hosp,3,2026-09-12,09,quantile,0.5,23.0
2026-08-22,wk inc covid hosp,3,2026-09-12,09,quantile,0.55,26.0
2026-08-22,wk inc covid hosp,3,2026-09-12,09,quantile,0.6,29.0
2026-08-22,wk inc covid hosp,3,2026-09-12,09,quantile,0.65,31.0
2026-08-22,wk inc covid hosp,3,2026-09-12,09,quantile,0.7,35.0
2026-08-22,wk inc covid hosp,3,2026-09-12,09,quantile,0.75,39.0
2026-08-22,wk inc covid hosp,3,2026-09-12,09,quantile,0.8,43.0
2026-08-22,wk inc covid hosp,3,2026-09-12,09,quantile,0.85,48.0
2026-08-22,wk inc covid hosp,3,2026-09-12,09,quantile,0.9,57.0
2026-08-22,wk inc covid hosp,3,2026-09-12,09,quantile,0.95,72.0
2026-08-22,wk inc covid hosp,3,2026-09-12,09,quantile,0.975,84.0
2026-08-22,wk inc covid hosp,3,2026-09-12,09,quantile,0.99,100.0
2026-08-22,wk inc covid hosp,3,2026-09-12,10,quantile,0.01,0.0
2026-08-22,wk inc covid hosp,3,2026-09-12,10,quantile,0.025,0.0
2026-08-22,wk inc covid hosp,3,2026-09-12,10,quantile,0.05,0.0
2026-08-22,wk inc covid hosp,3,2026-09-12,10,quantile,0.1,1.0
2026-08-22,wk inc covid hosp,3,2026-09-12,10,quantile,0.15,2.0
2026-08-22,wk inc covid hosp,3,2026-09-12,10,quantile,0.2,3.0
2026-08-22,wk inc covid hosp,3,2026-09-12,10,quantile,0.25,4.0
2026-08-22,wk inc covid hosp,3,2026-09-12,10,quantile,0.3,5.0
2026-08-22,wk inc covid hosp,3,2026-09-12,10,quantile,0.35,6.0
2026-08-22,wk inc covid hosp,3,2026-09-12,10,quantile,0.4,7.0
2026-08-22,wk inc covid hosp,3,2026-09-12,10,quantile,0.45,8.0
2026-08-22,wk inc covid hosp,3,2026-09-12,10,quantile,0.5,9.0
2026-08-22,wk inc covid hosp,3,2026-09-12,10,quantile,0.55,10.0
2026-08-22,wk inc covid hosp,3,2026-09-12,10,quantile,0.6,11.0
2026-08-22,wk inc covid hosp,3,2026-09-12,10,quantile,0.65,12.0
2026-08-22,wk inc covid hosp,3,2026-09-12,10,quantile,0.7,14.0
2026-08-22,wk inc covid hosp,3,2026-09-12,10,quantile,0.75,15.0
2026-08-22,wk inc covid hosp,3,2026-09-12,10,quantile,0.8,17.0
2026-08-22,wk inc covid hosp,3,2026-09-12,10,quantile,0.85,19.0
2026-08-22,wk inc covid hosp,3,2026-09-12,10,quantile,0.9,23.0
2026-08-22,wk inc covid hosp,3,2026-09-12,10,quantile,0.95,29.0
2026-08-22,wk inc covid hosp,3,2026-09-12,10,quantile,0.975,35.0
2026-08-22,wk inc covid hosp,3,2026-09-12,10,quantile,0.99,42.0
2026-08-22,wk inc covid hosp,3,2026-09-12,11,quantile,0.01,0.0
2026-08-22,wk inc covid hosp,3,2026-09-12,11,quantile,0.025,0.0
2026-08-22,wk inc covid hosp,3,2026-09-12,11,quantile,0.05,1.0
2026-08-22,wk inc covid hosp,3,2026-09-12,11,quantile,0.1,2.0
2026-08-22,wk inc covid hosp,3,2026-09-12,11,quantile,0.15,3.0
2026-08-22,wk inc covid hosp,3,2026-09-12,11,quantile,0.2,4.0
2026-08-22,wk inc covid hosp,3,2026-09-12,11,quantile,0.25,5.0
2026-08-22,wk inc covid hosp,3,2026-09-12,11,quantile,0.3,6.0
2026-08-22,wk inc covid hosp,3,2026-09-12,11,quantile,0.35,7.0
2026-08-22,wk inc covid hosp,3,2026-09-12,11,quantile,0.4,8.0
2026-08-22,wk inc covid hosp,3,2026-09-12,11,quantile,0.45,9.0
2026-08-22,wk inc covid hosp,3,2026-09-12,11,quantile,0.5,10.0
2026-08-22,wk inc covid hosp,3,2026-09-12,11,quantile,0.55,11.0
2026-08-22,wk inc covid hosp,3,2026-09-12,11,quantile,0.6,12.0
2026-08-22,wk inc covid hosp,3,2026-09-12,11,quantile,0.65,13.0
2026-08-22,wk inc covid hosp,3,2026-09-12,11,quantile,0.7,15.0
2026-08-22,wk inc covid hosp,3,2026-09-12,11,quantile,0.75,16.0
2026-08-22,wk inc covid hosp,3,2026-09-12,11,quantile,0.8,18.0
2026-08-22,wk inc covid hosp,3,2026-09-12,11,quantile,0.85,20.0
2026-08-22,wk inc covid hosp,3,2026-09-12,11,quantile,0.9,24.0
2026-08-22,wk inc covid hosp,3,2026-09-12,11,quantile,0.95,30.0
2026-08-22,wk inc covid hosp,3,2026-09-12,11,quantile,0.975,35.0
2026-08-22,wk inc covid hosp,3,2026-09-12,11,quantile,0.99,43.0
2026-08-22,wk inc covid hosp,3,2026-09-12,12,quantile,0.01,42.0
2026-08-22,wk inc covid hosp,3,2026-09-12,12,quantile,0.025,75.0
2026-08-22,wk inc covid hosp,3,2026-09-12,12,quantile,0.05,110.0
2026-08-22,wk inc covid hosp,3,2026-09-12,12,quantile,0.1,165.0
2026-08-22,wk inc covid hosp,3,2026-09-12,12,quantile,0.15,207.0
2026-08-22,wk inc covid hosp,3,2026-09-12,12,quantile,0.2,241.0
2026-08-22,wk inc covid hosp,3,2026-09-12,12,quantile,0.25,267.0
2026-08-22,wk inc covid hosp,3,2026-09-12,12,quantile,0.3,296.0
2026-08-22,wk inc covid hosp,3,2026-09-12,12,quantile,0.35,324.0
2026-08-22,wk inc covid hosp,3,2026-09-12,12,quantile,0.4,353.0
2026-08-22,wk inc covid hosp,3,2026-09-12,12,quantile,0.45,385.0
2026-08-22,wk inc covid hosp,3,2026-09-12,12,quantile,0.5,420.0
2026-08-22,wk inc covid hosp,3,2026-09-12,12,quantile,0.55,452.0
2026-08-22,wk inc covid hosp,3,2026-09-12,12,quantile,0.6,486.0
2026-08-22,wk inc covid hosp,3,2026-09-12,12,quantile,0.65,522.0
2026-08-22,wk inc covid hosp,3,2026-09-12,12,quantile,0.7,555.0
2026-08-22,wk inc covid hosp,3,2026-09-12,12,quantile,0.75,596.0
2026-08-22,wk inc covid hosp,3,2026-09-12,12,quantile,0.8,649.0
2026-08-22,wk inc covid hosp,3,2026-09-12,12,quantile,0.85,715.0
2026-08-22,wk inc covid hosp,3,2026-09-12,12,quantile,0.9,796.0
2026-08-22,wk inc covid hosp,3,2026-09-12,12,quantile,0.95,980.0
2026-08-22,wk inc covid hosp,3,2026-09-12,12,quantile,0.975,1105.0
2026-08-22,wk inc covid hosp,3,2026-09-12,12,quantile,0.99,1308.0
2026-08-22,wk inc covid hosp,3,2026-09-12,13,quantile,0.01,0.0
2026-08-22,wk inc covid hosp,3,2026-09-12,13,quantile,0.025,4.0
2026-08-22,wk inc covid hosp,3,2026-09-12,13,quantile,0.05,20.0
2026-08-22,wk inc covid hosp,3,2026-09-12,13,quantile,0.1,38.0
2026-08-22,wk inc covid hosp,3,2026-09-12,13,quantile,0.15,54.0
2026-08-22,wk inc covid hosp,3,2026-09-12,13,quantile,0.2,67.0
2026-08-22,wk inc covid hosp,3,2026-09-12,13,quantile,0.25,77.0
2026-08-22,wk inc covid hosp,3,2026-09-12,13,quantile,0.3,87.0
2026-08-22,wk inc covid hosp,3,2026-09-12,13,quantile,0.35,95.0
2026-08-22,wk inc covid hosp,3,2026-09-12,13,quantile,0.4,106.0
2026-08-22,wk inc covid hosp,3,2026-09-12,13,quantile,0.45,115.0
2026-08-22,wk inc covid hosp,3,2026-09-12,13,quantile,0.5,128.0
2026-08-22,wk inc covid hosp,3,2026-09-12,13,quantile,0.55,139.0
2026-08-22,wk inc covid hosp,3,2026-09-12,13,quantile,0.6,150.0
2026-08-22,wk inc covid hosp,3,2026-09-12,13,quantile,0.65,164.0
2026-08-22,wk inc covid hosp,3,2026-09-12,13,quantile,0.7,177.0
2026-08-22,wk inc covid hosp,3,2026-09-12,13,quantile,0.75,191.0
2026-08-22,wk inc covid hosp,3,2026-09-12,13,quantile,0.8,209.0
2026-08-22,wk inc covid hosp,3,2026-09-12,13,quantile,0.85,231.0
2026-08-22,wk inc covid hosp,3,2026-09-12,13,quantile,0.9,273.0
2026-08-22,wk inc covid hosp,3,2026-09-12,13,quantile,0.95,335.0
2026-08-22,wk inc covid hosp,3,2026-09-12,13,quantile,0.975,388.0
2026-08-22,wk inc covid hosp,3,2026-09-12,13,quantile,0.99,481.0
2026-08-22,wk inc covid hosp,3,2026-09-12,15,quantile,0.01,0.0
2026-08-22,wk inc covid hosp,3,2026-09-12,15,quantile,0.025,1.0
2026-08-22,wk inc covid hosp,3,2026-09-12,15,quantile,0.05,3.0
2026-08-22,wk inc covid hosp,3,2026-09-12,15,quantile,0.1,7.0
2026-08-22,wk inc covid hosp,3,2026-09-12,15,quantile,0.15,10.0
2026-08-22,wk inc covid hosp,3,2026-09-12,15,quantile,0.2,13.0
2026-08-22,wk inc covid hosp,3,2026-09-12,15,quantile,0.25,15.0
2026-08-22,wk inc covid hosp,3,2026-09-12,15,quantile,0.3,17.0
2026-08-22,wk inc covid hosp,3,2026-09-12,15,quantile,0.35,20.0
2026-08-22,wk inc covid hosp,3,2026-09-12,15,quantile,0.4,22.0
2026-08-22,wk inc covid hosp,3,2026-09-12,15,quantile,0.45,25.0
2026-08-22,wk inc covid hosp,3,2026-09-12,15,quantile,0.5,27.0
2026-08-22,wk inc covid hosp,3,2026-09-12,15,quantile,0.55,30.0
2026-08-22,wk inc covid hosp,3,2026-09-12,15,quantile,0.6,33.0
2026-08-22,wk inc covid hosp,3,2026-09-12,15,quantile,0.65,37.0
2026-08-22,wk inc covid hosp,3,2026-09-12,15,quantile,0.7,41.0
2026-08-22,wk inc covid hosp,3,2026-09-12,15,quantile,0.75,45.0
2026-08-22,wk inc covid hosp,3,2026-09-12,15,quantile,0.8,50.0
2026-08-22,wk inc covid hosp,3,2026-09-12,15,quantile,0.85,55.0
2026-08-22,wk inc covid hosp,3,2026-09-12,15,quantile,0.9,67.0
2026-08-22,wk inc covid hosp,3,2026-09-12,15,quantile,0.95,87.0
2026-08-22,wk inc covid hosp,3,2026-09-12,15,quantile,0.975,103.0
2026-08-22,wk inc covid hosp,3,2026-09-12,15,quantile,0.99,126.0
2026-08-22,wk inc covid hosp,3,2026-09-12,16,quantile,0.01,0.0
2026-08-22,wk inc covid hosp,3,2026-09-12,16,quantile,0.025,0.0
2026-08-22,wk inc covid hosp,3,2026-09-12,16,quantile,0.05,0.0
2026-08-22,wk inc covid hosp,3,2026-09-12,16,quantile,0.1,2.0
2026-08-22,wk inc covid hosp,3,2026-09-12,16,quantile,0.15,4.0
2026-08-22,wk inc covid hosp,3,2026-09-12,16,quantile,0.2,5.0
2026-08-22,wk inc covid hosp,3,2026-09-12,16,quantile,0.25,6.0
2026-08-22,wk inc covid hosp,3,2026-09-12,16,quantile,0.3,8.0
2026-08-22,wk inc covid hosp,3,2026-09-12,16,quantile,0.35,9.0
2026-08-22,wk inc covid hosp,3,2026-09-12,16,quantile,0.4,11.0
2026-08-22,wk inc covid hosp,3,2026-09-12,16,quantile,0.45,12.0
2026-08-22,wk inc covid hosp,3,2026-09-12,16,quantile,0.5,13.0
2026-08-22,wk inc covid hosp,3,2026-09-12,16,quantile,0.55,15.0
2026-08-22,wk inc covid hosp,3,2026-09-12,16,quantile,0.6,16.0
2026-08-22,wk inc covid hosp,3,2026-09-12,16,quantile,0.65,18.0
2026-08-22,wk inc covid hosp,3,2026-09-12,16,quantile,0.7,20.0
2026-08-22,wk inc covid hosp,3,2026-09-12,16,quantile,0.75,22.0
2026-08-22,wk inc covid hosp,3,2026-09-12,16,quantile,0.8,24.0
2026-08-22,wk inc covid hosp,3,2026-09-12,16,quantile,0.85,27.0
2026-08-22,wk inc covid hosp,3,2026-09-12,16,quantile,0.9,32.0
2026-08-22,wk inc covid hosp,3,2026-09-12,16,quantile,0.95,40.0
2026-08-22,wk inc covid hosp,3,2026-09-12,16,quantile,0.975,47.0
2026-08-22,wk inc covid hosp,3,2026-09-12,16,quantile,0.99,56.0
2026-08-22,wk inc covid hosp,3,2026-09-12,17,quantile,0.01,0.0
2026-08-22,wk inc covid hosp,3,2026-09-12,17,quantile,0.025,0.0
2026-08-22,wk inc covid hosp,3,2026-09-12,17,quantile,0.05,12.0
2026-08-22,wk inc covid hosp,3,2026-09-12,17,quantile,0.1,30.0
2026-08-22,wk inc covid hosp,3,2026-09-12,17,quantile,0.15,44.0
2026-08-22,wk inc covid hosp,3,2026-09-12,17,quantile,0.2,54.0
2026-08-22,wk inc covid hosp,3,2026-09-12,17,quantile,0.25,63.0
2026-08-22,wk inc covid hosp,3,2026-09-12,17,quantile,0.3,71.0
2026-08-22,wk inc covid hosp,3,2026-09-12,17,quantile,0.35,78.0
2026-08-22,wk inc covid hosp,3,2026-09-12,17,quantile,0.4,87.0
2026-08-22,wk inc covid hosp,3,2026-09-12,17,quantile,0.45,94.0
2026-08-22,wk inc covid hosp,3,2026-09-12,17,quantile,0.5,105.0
2026-08-22,wk inc covid hosp,3,2026-09-12,17,quantile,0.55,113.0
2026-08-22,wk inc covid hosp,3,2026-09-12,17,quantile,0.6,124.0
2026-08-22,wk inc covid hosp,3,2026-09-12,17,quantile,0.65,134.0
2026-08-22,wk inc covid hosp,3,2026-09-12,17,quantile,0.7,145.0
2026-08-22,wk inc covid hosp,3,2026-09-12,17,quantile,0.75,156.0
2026-08-22,wk inc covid hosp,3,2026-09-12,17,quantile,0.8,170.0
2026-08-22,wk inc covid hosp,3,2026-09-12,17,quantile,0.85,188.0
2026-08-22,wk inc covid hosp,3,2026-09-12,17,quantile,0.9,215.0
2026-08-22,wk inc covid hosp,3,2026-09-12,17,quantile,0.95,262.0
2026-08-22,wk inc covid hosp,3,2026-09-12,17,quantile,0.975,303.0
2026-08-22,wk inc covid hosp,3,2026-09-12,17,quantile,0.99,365.0
2026-08-22,wk inc covid hosp,3,2026-09-12,18,quantile,0.01,0.0
2026-08-22,wk inc covid hosp,3,2026-09-12,18,quantile,0.025,0.0
2026-08-22,wk inc covid hosp,3,2026-09-12,18,quantile,0.05,6.0
2026-08-22,wk inc covid hosp,3,2026-09-12,18,quantile,0.1,17.0
2026-08-22,wk inc covid hosp,3,2026-09-12,18,quantile,0.15,26.0
2026-08-22,wk inc covid hosp,3,2026-09-12,18,quantile,0.2,33.0
2026-08-22,wk inc covid hosp,3,2026-09-12,18,quantile,0.25,38.0
2026-08-22,wk inc covid hosp,3,2026-09-12,18,quantile,0.3,44.0
2026-08-22,wk inc covid hosp,3,2026-09-12,18,quantile,0.35,50.0
2026-08-22,wk inc covid hosp,3,2026-09-12,18,quantile,0.4,56.0
2026-08-22,wk inc covid hosp,3,2026-09-12,18,quantile,0.45,62.0
2026-08-22,wk inc covid hosp,3,2026-09-12,18,quantile,0.5,69.0
2026-08-22,wk inc covid hosp,3,2026-09-12,18,quantile,0.55,76.0
2026-08-22,wk inc covid hosp,3,2026-09-12,18,quantile,0.6,82.0
2026-08-22,wk inc covid hosp,3,2026-09-12,18,quantile,0.65,90.0
2026-08-22,wk inc covid hosp,3,2026-09-12,18,quantile,0.7,96.0
2026-08-22,wk inc covid hosp,3,2026-09-12,18,quantile,0.75,104.0
2026-08-22,wk inc covid hosp,3,2026-09-12,18,quantile,0.8,114.0
2026-08-22,wk inc covid hosp,3,2026-09-12,18,quantile,0.85,127.0
2026-08-22,wk inc covid hosp,3,2026-09-12,18,quantile,0.9,143.0
2026-08-22,wk inc covid hosp,3,2026-09-12,18,quantile,0.95,179.0
2026-08-22,wk inc covid hosp,3,2026-09-12,18,quantile,0.975,202.0
2026-08-22,wk inc covid hosp,3,2026-09-12,18,quantile,0.99,240.0
2026-08-22,wk inc covid hosp,3,2026-09-12,19,quantile,0.01,0.0
2026-08-22,wk inc covid hosp,3,2026-09-12,19,quantile,0.025,0.0
2026-08-22,wk inc covid hosp,3,2026-09-12,19,quantile,0.05,0.0
2026-08-22,wk inc covid hosp,3,2026-09-12,19,quantile,0.1,1.0
2026-08-22,wk inc covid hosp,3,2026-09-12,19,quantile,0.15,4.0
2026-08-22,wk inc covid hosp,3,2026-09-12,19,quantile,0.2,6.0
2026-08-22,wk inc covid hosp,3,2026-09-12,19,quantile,0.25,8.0
2026-08-22,wk inc covid hosp,3,2026-09-12,19,quantile,0.3,9.0
2026-08-22,wk inc covid hosp,3,2026-09-12,19,quantile,0.35,12.0
2026-08-22,wk inc covid hosp,3,2026-09-12,19,quantile,0.4,14.0
2026-08-22,wk inc covid hosp,3,2026-09-12,19,quantile,0.45,16.0
2026-08-22,wk inc covid hosp,3,2026-09-12,19,quantile,0.5,18.0
2026-08-22,wk inc covid hosp,3,2026-09-12,19,quantile,0.55,20.0
2026-08-22,wk inc covid hosp,3,2026-09-12,19,quantile,0.6,22.0
2026-08-22,wk inc covid hosp,3,2026-09-12,19,quantile,0.65,25.0
2026-08-22,wk inc covid hosp,3,2026-09-12,19,quantile,0.7,27.0
2026-08-22,wk inc covid hosp,3,2026-09-12,19,quantile,0.75,30.0
2026-08-22,wk inc covid hosp,3,2026-09-12,19,quantile,0.8,34.0
2026-08-22,wk inc covid hosp,3,2026-09-12,19,quantile,0.85,38.0
2026-08-22,wk inc covid hosp,3,2026-09-12,19,quantile,0.9,44.0
2026-08-22,wk inc covid hosp,3,2026-09-12,19,quantile,0.95,56.0
2026-08-22,wk inc covid hosp,3,2026-09-12,19,quantile,0.975,66.0
2026-08-22,wk inc covid hosp,3,2026-09-12,19,quantile,0.99,76.0
2026-08-22,wk inc covid hosp,3,2026-09-12,20,quantile,0.01,0.0
2026-08-22,wk inc covid hosp,3,2026-09-12,20,quantile,0.025,0.0
2026-08-22,wk inc covid hosp,3,2026-09-12,20,quantile,0.05,0.0
2026-08-22,wk inc covid hosp,3,2026-09-12,20,quantile,0.1,1.0
2026-08-22,wk inc covid hosp,3,2026-09-12,20,quantile,0.15,4.0
2026-08-22,wk inc covid hosp,3,2026-09-12,20,quantile,0.2,6.0
2026-08-22,wk inc covid hosp,3,2026-09-12,20,quantile,0.25,8.0
2026-08-22,wk inc covid hosp,3,2026-09-12,20,quantile,0.3,10.0
2026-08-22,wk inc covid hosp,3,2026-09-12,20,quantile,0.35,12.0
2026-08-22,wk inc covid hosp,3,2026-09-12,20,quantile,0.4,14.0
2026-08-22,wk inc covid hosp,3,2026-09-12,20,quantile,0.45,16.0
2026-08-22,wk inc covid hosp,3,2026-09-12,20,quantile,0.5,18.0
2026-08-22,wk inc covid hosp,3,2026-09-12,20,quantile,0.55,20.0
2026-08-22,wk inc covid hosp,3,2026-09-12,20,quantile,0.6,22.0
2026-08-22,wk inc covid hosp,3,2026-09-12,20,quantile,0.65,24.0
2026-08-22,wk inc covid hosp,3,2026-09-12,20,quantile,0.7,27.0
2026-08-22,wk inc covid hosp,3,2026-09-12,20,quantile,0.75,30.0
2026-08-22,wk inc covid hosp,3,2026-09-12,20,quantile,0.8,33.0
2026-08-22,wk inc covid hosp,3,2026-09-12,20,quantile,0.85,37.0
2026-08-22,wk inc covid hosp,3,2026-09-12,20,quantile,0.9,43.0
2026-08-22,wk inc covid hosp,3,2026-09-12,20,quantile,0.95,54.0
2026-08-22,wk inc covid hosp,3,2026-09-12,20,quantile,0.975,64.0
2026-08-22,wk inc covid hosp,3,2026-09-12,20,quantile,0.99,74.0
2026-08-22,wk inc covid hosp,3,2026-09-12,21,quantile,0.01,0.0
2026-08-22,wk inc covid hosp,3,2026-09-12,21,quantile,0.025,2.0
2026-08-22,wk inc covid hosp,3,2026-09-12,21,quantile,0.05,6.0
2026-08-22,wk inc covid hosp,3,2026-09-12,21,quantile,0.1,16.0
2026-08-22,wk inc covid hosp,3,2026-09-12,21,quantile,0.15,21.0
2026-08-22,wk inc covid hosp,3,2026-09-12,21,quantile,0.2,26.0
2026-08-22,wk inc covid hosp,3,2026-09-12,21,quantile,0.25,29.0
2026-08-22,wk inc covid hosp,3,2026-09-12,21,quantile,0.3,34.0
2026-08-22,wk inc covid hosp,3,2026-09-12,21,quantile,0.35,38.0
2026-08-22,wk inc covid hosp,3,2026-09-12,21,quantile,0.4,42.0
2026-08-22,wk inc covid hosp,3,2026-09-12,21,quantile,0.45,46.0
2026-08-22,wk inc covid hosp,3,2026-09-12,21,quantile,0.5,51.0
2026-08-22,wk inc covid hosp,3,2026-09-12,21,quantile,0.55,55.0
2026-08-22,wk inc covid hosp,3,2026-09-12,21,quantile,0.6,60.0
2026-08-22,wk inc covid hosp,3,2026-09-12,21,quantile,0.65,65.0
2026-08-22,wk inc covid hosp,3,2026-09-12,21,quantile,0.7,71.0
2026-08-22,wk inc covid hosp,3,2026-09-12,21,quantile,0.75,76.0
2026-08-22,wk inc covid hosp,3,2026-09-12,21,quantile,0.8,83.0
2026-08-22,wk inc covid hosp,3,2026-09-12,21,quantile,0.85,92.0
2026-08-22,wk inc covid hosp,3,2026-09-12,21,quantile,0.9,106.0
2026-08-22,wk inc covid hosp,3,2026-09-12,21,quantile,0.95,131.0
2026-08-22,wk inc covid hosp,3,2026-09-12,21,quantile,0.975,152.0
2026-08-22,wk inc covid hosp,3,2026-09-12,21,quantile,0.99,176.0
2026-08-22,wk inc covid hosp,3,2026-09-12,22,quantile,0.01,0.0
2026-08-22,wk inc covid hosp,3,2026-09-12,22,quantile,0.025,5.0
2026-08-22,wk inc covid hosp,3,2026-09-12,22,quantile,0.05,11.0
2026-08-22,wk inc covid hosp,3,2026-09-12,22,quantile,0.1,20.0
2026-08-22,wk inc covid hosp,3,2026-09-12,22,quantile,0.15,28.0
2026-08-22,wk inc covid hosp,3,2026-09-12,22,quantile,0.2,33.0
2026-08-22,wk inc covid hosp,3,2026-09-12,22,quantile,0.25,38.0
2026-08-22,wk inc covid hosp,3,2026-09-12,22,quantile,0.3,43.0
2026-08-22,wk inc covid hosp,3,2026-09-12,22,quantile,0.35,47.0
2026-08-22,wk inc covid hosp,3,2026-09-12,22,quantile,0.4,52.0
2026-08-22,wk inc covid hosp,3,2026-09-12,22,quantile,0.45,57.0
2026-08-22,wk inc covid hosp,3,2026-09-12,22,quantile,0.5,63.0
2026-08-22,wk inc covid hosp,3,2026-09-12,22,quantile,0.55,69.0
2026-08-22,wk inc covid hosp,3,2026-09-12,22,quantile,0.6,74.0
2026-08-22,wk inc covid hosp,3,2026-09-12,22,quantile,0.65,80.0
2026-08-22,wk inc covid hosp,3,2026-09-12,22,quantile,0.7,86.0
2026-08-22,wk inc covid hosp,3,2026-09-12,22,quantile,0.75,92.0
2026-08-22,wk inc covid hosp,3,2026-09-12,22,quantile,0.8,101.0
2026-08-22,wk inc covid hosp,3,2026-09-12,22,quantile,0.85,112.0
2026-08-22,wk inc covid hosp,3,2026-09-12,22,quantile,0.9,125.0
2026-08-22,wk inc covid hosp,3,2026-09-12,22,quantile,0.95,155.0
2026-08-22,wk inc covid hosp,3,2026-09-12,22,quantile,0.975,175.0
2026-08-22,wk inc covid hosp,3,2026-09-12,22,quantile,0.99,208.0
2026-08-22,wk inc covid hosp,3,2026-09-12,23,quantile,0.01,0.0
2026-08-22,wk inc covid hosp,3,2026-09-12,23,quantile,0.025,0.0
2026-08-22,wk inc covid hosp,3,2026-09-12,23,quantile,0.05,0.0
2026-08-22,wk inc covid hosp,3,2026-09-12,23,quantile,0.1,0.0
2026-08-22,wk inc covid hosp,3,2026-09-12,23,quantile,0.15,1.0
2026-08-22,wk inc covid hosp,3,2026-09-12,23,quantile,0.2,2.0
2026-08-22,wk inc covid hosp,3,2026-09-12,23,quantile,0.25,2.0
2026-08-22,wk inc covid hosp,3,2026-09-12,23,quantile,0.3,3.0
2026-08-22,wk inc covid hosp,3,2026-09-12,23,quantile,0.35,4.0
2026-08-22,wk inc covid hosp,3,2026-09-12,23,quantile,0.4,5.0
2026-08-22,wk inc covid hosp,3,2026-09-12,23,quantile,0.45,6.0
2026-08-22,wk inc covid hosp,3,2026-09-12,23,quantile,0.5,7.0
2026-08-22,wk inc covid hosp,3,2026-09-12,23,quantile,0.55,8.0
2026-08-22,wk inc covid hosp,3,2026-09-12,23,quantile,0.6,8.0
2026-08-22,wk inc covid hosp,3,2026-09-12,23,quantile,0.65,10.0
2026-08-22,wk inc covid hosp,3,2026-09-12,23,quantile,0.7,11.0
2026-08-22,wk inc covid hosp,3,2026-09-12,23,quantile,0.75,12.0
2026-08-22,wk inc covid hosp,3,2026-09-12,23,quantile,0.8,13.0
2026-08-22,wk inc covid hosp,3,2026-09-12,23,quantile,0.85,15.0
2026-08-22,wk inc covid hosp,3,2026-09-12,23,quantile,0.9,18.0
2026-08-22,wk inc covid hosp,3,2026-09-12,23,quantile,0.95,23.0
2026-08-22,wk inc covid hosp,3,2026-09-12,23,quantile,0.975,26.0
2026-08-22,wk inc covid hosp,3,2026-09-12,23,quantile,0.99,32.0
2026-08-22,wk inc covid hosp,3,2026-09-12,24,quantile,0.01,0.0
2026-08-22,wk inc covid hosp,3,2026-09-12,24,quantile,0.025,0.0
2026-08-22,wk inc covid hosp,3,2026-09-12,24,quantile,0.05,0.0
2026-08-22,wk inc covid hosp,3,2026-09-12,24,quantile,0.1,3.0
2026-08-22,wk inc covid hosp,3,2026-09-12,24,quantile,0.15,9.0
2026-08-22,wk inc covid hosp,3,2026-09-12,24,quantile,0.2,14.0
2026-08-22,wk inc covid hosp,3,2026-09-12,24,quantile,0.25,17.0
2026-08-22,wk inc covid hosp,3,2026-09-12,24,quantile,0.3,22.0
2026-08-22,wk inc covid hosp,3,2026-09-12,24,quantile,0.35,25.0
2026-08-22,wk inc covid hosp,3,2026-09-12,24,quantile,0.4,29.0
2026-08-22,wk inc covid hosp,3,2026-09-12,24,quantile,0.45,33.0
2026-08-22,wk inc covid hosp,3,2026-09-12,24,quantile,0.5,38.0
2026-08-22,wk inc covid hosp,3,2026-09-12,24,quantile,0.55,42.0
2026-08-22,wk inc covid hosp,3,2026-09-12,24,quantile,0.6,46.0
2026-08-22,wk inc covid hosp,3,2026-09-12,24,quantile,0.65,51.0
2026-08-22,wk inc covid hosp,3,2026-09-12,24,quantile,0.7,55.0
2026-08-22,wk inc covid hosp,3,2026-09-12,24,quantile,0.75,60.0
2026-08-22,wk inc covid hosp,3,2026-09-12,24,quantile,0.8,66.0
2026-08-22,wk inc covid hosp,3,2026-09-12,24,quantile,0.85,75.0
2026-08-22,wk inc covid hosp,3,2026-09-12,24,quantile,0.9,85.0
2026-08-22,wk inc covid hosp,3,2026-09-12,24,quantile,0.95,107.0
2026-08-22,wk inc covid hosp,3,2026-09-12,24,quantile,0.975,121.0
2026-08-22,wk inc covid hosp,3,2026-09-12,24,quantile,0.99,143.0
2026-08-22,wk inc covid hosp,3,2026-09-12,25,quantile,0.01,0.0
2026-08-22,wk inc covid hosp,3,2026-09-12,25,quantile,0.025,8.0
2026-08-22,wk inc covid hosp,3,2026-09-12,25,quantile,0.05,19.0
2026-08-22,wk inc covid hosp,3,2026-09-12,25,quantile,0.1,34.0
2026-08-22,wk inc covid hosp,3,2026-09-12,25,quantile,0.15,46.0
2026-08-22,wk inc covid hosp,3,2026-09-12,25,quantile,0.2,55.0
2026-08-22,wk inc covid hosp,3,2026-09-12,25,quantile,0.25,63.0
2026-08-22,wk inc covid hosp,3,2026-09-12,25,quantile,0.3,70.0
2026-08-22,wk inc covid hosp,3,2026-09-12,25,quantile,0.35,77.0
2026-08-22,wk inc covid hosp,3,2026-09-12,25,quantile,0.4,85.0
2026-08-22,wk inc covid hosp,3,2026-09-12,25,quantile,0.45,92.0
2026-08-22,wk inc covid hosp,3,2026-09-12,25,quantile,0.5,101.0
2026-08-22,wk inc covid hosp,3,2026-09-12,25,quantile,0.55,110.0
2026-08-22,wk inc covid hosp,3,2026-09-12,25,quantile,0.6,120.0
2026-08-22,wk inc covid hosp,3,2026-09-12,25,quantile,0.65,130.0
2026-08-22,wk inc covid hosp,3,2026-09-12,25,quantile,0.7,140.0
2026-08-22,wk inc covid hosp,3,2026-09-12,25,quantile,0.75,152.0
2026-08-22,wk inc covid hosp,3,2026-09-12,25,quantile,0.8,165.0
2026-08-22,wk inc covid hosp,3,2026-09-12,25,quantile,0.85,184.0
2026-08-22,wk inc covid hosp,3,2026-09-12,25,quantile,0.9,213.0
2026-08-22,wk inc covid hosp,3,2026-09-12,25,quantile,0.95,264.0
2026-08-22,wk inc covid hosp,3,2026-09-12,25,quantile,0.975,311.0
2026-08-22,wk inc covid hosp,3,2026-09-12,25,quantile,0.99,383.0
2026-08-22,wk inc covid hosp,3,2026-09-12,26,quantile,0.01,0.0
2026-08-22,wk inc covid hosp,3,2026-09-12,26,quantile,0.025,0.0
2026-08-22,wk inc covid hosp,3,2026-09-12,26,quantile,0.05,0.0
2026-08-22,wk inc covid hosp,3,2026-09-12,26,quantile,0.1,0.0
2026-08-22,wk inc covid hosp,3,2026-09-12,26,quantile,0.15,12.0
2026-08-22,wk inc covid hosp,3,2026-09-12,26,quantile,0.2,22.0
2026-08-22,wk inc covid hosp,3,2026-09-12,26,quantile,0.25,30.0
2026-08-22,wk inc covid hosp,3,2026-09-12,26,quantile,0.3,38.0
2026-08-22,wk inc covid hosp,3,2026-09-12,26,quantile,0.35,44.0
2026-08-22,wk inc covid hosp,3,2026-09-12,26,quantile,0.4,54.0
2026-08-22,wk inc covid hosp,3,2026-09-12,26,quantile,0.45,61.0
2026-08-22,wk inc covid hosp,3,2026-09-12,26,quantile,0.5,72.0
2026-08-22,wk inc covid hosp,3,2026-09-12,26,quantile,0.55,82.0
2026-08-22,wk inc covid hosp,3,2026-09-12,26,quantile,0.6,90.0
2026-08-22,wk inc covid hosp,3,2026-09-12,26,quantile,0.65,101.0
2026-08-22,wk inc covid hosp,3,2026-09-12,26,quantile,0.7,113.0
2026-08-22,wk inc covid hosp,3,2026-09-12,26,quantile,0.75,124.0
2026-08-22,wk inc covid hosp,3,2026-09-12,26,quantile,0.8,139.0
2026-08-22,wk inc covid hosp,3,2026-09-12,26,quantile,0.85,159.0
2026-08-22,wk inc covid hosp,3,2026-09-12,26,quantile,0.9,194.0
2026-08-22,wk inc covid hosp,3,2026-09-12,26,quantile,0.95,252.0
2026-08-22,wk inc covid hosp,3,2026-09-12,26,quantile,0.975,299.0
2026-08-22,wk inc covid hosp,3,2026-09-12,26,quantile,0.99,383.0
2026-08-22,wk inc covid hosp,3,2026-09-12,27,quantile,0.01,0.0
2026-08-22,wk inc covid hosp,3,2026-09-12,27,quantile,0.025,0.0
2026-08-22,wk inc covid hosp,3,2026-09-12,27,quantile,0.05,0.0
2026-08-22,wk inc covid hosp,3,2026-09-12,27,quantile,0.1,0.0
2026-08-22,wk inc covid hosp,3,2026-09-12,27,quantile,0.15,5.0
2026-08-22,wk inc covid hosp,3,2026-09-12,27,quantile,0.2,9.0
2026-08-22,wk inc covid hosp,3,2026-09-12,27,quantile,0.25,12.0
2026-08-22,wk inc covid hosp,3,2026-09-12,27,quantile,0.3,15.0
2026-08-22,wk inc covid hosp,3,2026-09-12,27,quantile,0.35,18.0
2026-08-22,wk inc covid hosp,3,2026-09-12,27,quantile,0.4,21.0
2026-08-22,wk inc covid hosp,3,2026-09-12,27,quantile,0.45,25.0
2026-08-22,wk inc covid hosp,3,2026-09-12,27,quantile,0.5,29.0
2026-08-22,wk inc covid hosp,3,2026-09-12,27,quantile,0.55,32.0
2026-08-22,wk inc covid hosp,3,2026-09-12,27,quantile,0.6,36.0
2026-08-22,wk inc covid hosp,3,2026-09-12,27,quantile,0.65,40.0
2026-08-22,wk inc covid hosp,3,2026-09-12,27,quantile,0.7,43.0
2026-08-22,wk inc covid hosp,3,2026-09-12,27,quantile,0.75,47.0
2026-08-22,wk inc covid hosp,3,2026-09-12,27,quantile,0.8,53.0
2026-08-22,wk inc covid hosp,3,2026-09-12,27,quantile,0.85,59.0
2026-08-22,wk inc covid hosp,3,2026-09-12,27,quantile,0.9,67.0
2026-08-22,wk inc covid hosp,3,2026-09-12,27,quantile,0.95,85.0
2026-08-22,wk inc covid hosp,3,2026-09-12,27,quantile,0.975,97.0
2026-08-22,wk inc covid hosp,3,2026-09-12,27,quantile,0.99,116.0
2026-08-22,wk inc covid hosp,3,2026-09-12,28,quantile,0.01,9.0
2026-08-22,wk inc covid hosp,3,2026-09-12,28,quantile,0.025,14.0
2026-08-22,wk inc covid hosp,3,2026-09-12,28,quantile,0.05,19.0
2026-08-22,wk inc covid hosp,3,2026-09-12,28,quantile,0.1,27.0
2026-08-22,wk inc covid hosp,3,2026-09-12,28,quantile,0.15,33.0
2026-08-22,wk inc covid hosp,3,2026-09-12,28,quantile,0.2,38.0
2026-08-22,wk inc covid hosp,3,2026-09-12,28,quantile,0.25,42.0
2026-08-22,wk inc covid hosp,3,2026-09-12,28,quantile,0.3,46.0
2026-08-22,wk inc covid hosp,3,2026-09-12,28,quantile,0.35,50.0
2026-08-22,wk inc covid hosp,3,2026-09-12,28,quantile,0.4,54.0
2026-08-22,wk inc covid hosp,3,2026-09-12,28,quantile,0.45,58.0
2026-08-22,wk inc covid hosp,3,2026-09-12,28,quantile,0.5,64.0
2026-08-22,wk inc covid hosp,3,2026-09-12,28,quantile,0.55,69.0
2026-08-22,wk inc covid hosp,3,2026-09-12,28,quantile,0.6,74.0
2026-08-22,wk inc covid hosp,3,2026-09-12,28,quantile,0.65,79.0
2026-08-22,wk inc covid hosp,3,2026-09-12,28,quantile,0.7,84.0
2026-08-22,wk inc covid hosp,3,2026-09-12,28,quantile,0.75,89.0
2026-08-22,wk inc covid hosp,3,2026-09-12,28,quantile,0.8,98.0
2026-08-22,wk inc covid hosp,3,2026-09-12,28,quantile,0.85,107.0
2026-08-22,wk inc covid hosp,3,2026-09-12,28,quantile,0.9,119.0
2026-08-22,wk inc covid hosp,3,2026-09-12,28,quantile,0.95,144.0
2026-08-22,wk inc covid hosp,3,2026-09-12,28,quantile,0.975,161.0
2026-08-22,wk inc covid hosp,3,2026-09-12,28,quantile,0.99,192.0
2026-08-22,wk inc covid hosp,3,2026-09-12,29,quantile,0.01,0.0
2026-08-22,wk inc covid hosp,3,2026-09-12,29,quantile,0.025,2.0
2026-08-22,wk inc covid hosp,3,2026-09-12,29,quantile,0.05,9.0
2026-08-22,wk inc covid hosp,3,2026-09-12,29,quantile,0.1,19.0
2026-08-22,wk inc covid hosp,3,2026-09-12,29,quantile,0.15,27.0
2026-08-22,wk inc covid hosp,3,2026-09-12,29,quantile,0.2,32.0
2026-08-22,wk inc covid hosp,3,2026-09-12,29,quantile,0.25,37.0
2026-08-22,wk inc covid hosp,3,2026-09-12,29,quantile,0.3,42.0
2026-08-22,wk inc covid hosp,3,2026-09-12,29,quantile,0.35,47.0
2026-08-22,wk inc covid hosp,3,2026-09-12,29,quantile,0.4,52.0
2026-08-22,wk inc covid hosp,3,2026-09-12,29,quantile,0.45,57.0
2026-08-22,wk inc covid hosp,3,2026-09-12,29,quantile,0.5,63.0
2026-08-22,wk inc covid hosp,3,2026-09-12,29,quantile,0.55,68.0
2026-08-22,wk inc covid hosp,3,2026-09-12,29,quantile,0.6,73.0
2026-08-22,wk inc covid hosp,3,2026-09-12,29,quantile,0.65,79.0
2026-08-22,wk inc covid hosp,3,2026-09-12,29,quantile,0.7,85.0
2026-08-22,wk inc covid hosp,3,2026-09-12,29,quantile,0.75,91.0
2026-08-22,wk inc covid hosp,3,2026-09-12,29,quantile,0.8,99.0
2026-08-22,wk inc covid hosp,3,2026-09-12,29,quantile,0.85,109.0
2026-08-22,wk inc covid hosp,3,2026-09-12,29,quantile,0.9,122.0
2026-08-22,wk inc covid hosp,3,2026-09-12,29,quantile,0.95,150.0
2026-08-22,wk inc covid hosp,3,2026-09-12,29,quantile,0.975,168.0
2026-08-22,wk inc covid hosp,3,2026-09-12,29,quantile,0.99,195.0
2026-08-22,wk inc covid hosp,3,2026-09-12,30,quantile,0.01,0.0
2026-08-22,wk inc covid hosp,3,2026-09-12,30,quantile,0.025,0.0
2026-08-22,wk inc covid hosp,3,2026-09-12,30,quantile,0.05,0.0
2026-08-22,wk inc covid hosp,3,2026-09-12,30,quantile,0.1,0.0
2026-08-22,wk inc covid hosp,3,2026-09-12,30,quantile,0.15,2.0
2026-08-22,wk inc covid hosp,3,2026-09-12,30,quantile,0.2,3.0
2026-08-22,wk inc covid hosp,3,2026-09-12,30,quantile,0.25,3.0
2026-08-22,wk inc covid hosp,3,2026-09-12,30,quantile,0.3,4.0
2026-08-22,wk inc covid hosp,3,2026-09-12,30,quantile,0.35,5.0
2026-08-22,wk inc covid hosp,3,2026-09-12,30,quantile,0.4,6.0
2026-08-22,wk inc covid hosp,3,2026-09-12,30,quantile,0.45,7.0
2026-08-22,wk inc covid hosp,3,2026-09-12,30,quantile,0.5,8.0
2026-08-22,wk inc covid hosp,3,2026-09-12,30,quantile,0.55,9.0
2026-08-22,wk inc covid hosp,3,2026-09-12,30,quantile,0.6,10.0
2026-08-22,wk inc covid hosp,3,2026-09-12,30,quantile,0.65,11.0
2026-08-22,wk inc covid hosp,3,2026-09-12,30,quantile,0.7,13.0
2026-08-22,wk inc covid hosp,3,2026-09-12,30,quantile,0.75,14.0
2026-08-22,wk inc covid hosp,3,2026-09-12,30,quantile,0.8,16.0
2026-08-22,wk inc covid hosp,3,2026-09-12,30,quantile,0.85,18.0
2026-08-22,wk inc covid hosp,3,2026-09-12,30,quantile,0.9,21.0
2026-08-22,wk inc covid hosp,3,2026-09-12,30,quantile,0.95,28.0
2026-08-22,wk inc covid hosp,3,2026-09-12,30,quantile,0.975,32.0
2026-08-22,wk inc covid hosp,3,2026-09-12,30,quantile,0.99,39.0
2026-08-22,wk inc covid hosp,3,2026-09-12,31,quantile,0.01,0.0
2026-08-22,wk inc covid hosp,3,2026-09-12,31,quantile,0.025,0.0
2026-08-22,wk inc covid hosp,3,2026-09-12,31,quantile,0.05,0.0
2026-08-22,wk inc covid hosp,3,2026-09-12,31,quantile,0.1,0.0
2026-08-22,wk inc covid hosp,3,2026-09-12,31,quantile,0.15,1.0
2026-08-22,wk inc covid hosp,3,2026-09-12,31,quantile,0.2,2.0
2026-08-22,wk inc covid hosp,3,2026-09-12,31,quantile,0.25,3.0
2026-08-22,wk inc covid hosp,3,2026-09-12,31,quantile,0.3,5.0
2026-08-22,wk inc covid hosp,3,2026-09-12,31,quantile,0.35,6.0
2026-08-22,wk inc covid hosp,3,2026-09-12,31,quantile,0.4,7.0
2026-08-22,wk inc covid hosp,3,2026-09-12,31,quantile,0.45,8.0
2026-08-22,wk inc covid hosp,3,2026-09-12,31,quantile,0.5,10.0
2026-08-22,wk inc covid hosp,3,2026-09-12,31,quantile,0.55,11.0
2026-08-22,wk inc covid hosp,3,2026-09-12,31,quantile,0.6,13.0
2026-08-22,wk inc covid hosp,3,2026-09-12,31,quantile,0.65,14.0
2026-08-22,wk inc covid hosp,3,2026-09-12,31,quantile,0.7,16.0
2026-08-22,wk inc covid hosp,3,2026-09-12,31,quantile,0.75,18.0
2026-08-22,wk inc covid hosp,3,2026-09-12,31,quantile,0.8,20.0
2026-08-22,wk inc covid hosp,3,2026-09-12,31,quantile,0.85,22.0
2026-08-22,wk inc covid hosp,3,2026-09-12,31,quantile,0.9,27.0
2026-08-22,wk inc covid hosp,3,2026-09-12,31,quantile,0.95,35.0
2026-08-22,wk inc covid hosp,3,2026-09-12,31,quantile,0.975,41.0
2026-08-22,wk inc covid hosp,3,2026-09-12,31,quantile,0.99,49.0
2026-08-22,wk inc covid hosp,3,2026-09-12,32,quantile,0.01,0.0
2026-08-22,wk inc covid hosp,3,2026-09-12,32,quantile,0.025,0.0
2026-08-22,wk inc covid hosp,3,2026-09-12,32,quantile,0.05,3.0
2026-08-22,wk inc covid hosp,3,2026-09-12,32,quantile,0.1,8.0
2026-08-22,wk inc covid hosp,3,2026-09-12,32,quantile,0.15,11.0
2026-08-22,wk inc covid hosp,3,2026-09-12,32,quantile,0.2,14.0
2026-08-22,wk inc covid hosp,3,2026-09-12,32,quantile,0.25,17.0
2026-08-22,wk inc covid hosp,3,2026-09-12,32,quantile,0.3,19.0
2026-08-22,wk inc covid hosp,3,2026-09-12,32,quantile,0.35,22.0
2026-08-22,wk inc covid hosp,3,2026-09-12,32,quantile,0.4,24.0
2026-08-22,wk inc covid hosp,3,2026-09-12,32,quantile,0.45,27.0
2026-08-22,wk inc covid hosp,3,2026-09-12,32,quantile,0.5,30.0
2026-08-22,wk inc covid hosp,3,2026-09-12,32,quantile,0.55,33.0
2026-08-22,wk inc covid hosp,3,2026-09-12,32,quantile,0.6,36.0
2026-08-22,wk inc covid hosp,3,2026-09-12,32,quantile,0.65,39.0
2026-08-22,wk inc covid hosp,3,2026-09-12,32,quantile,0.7,42.0
2026-08-22,wk inc covid hosp,3,2026-09-12,32,quantile,0.75,45.0
2026-08-22,wk inc covid hosp,3,2026-09-12,32,quantile,0.8,49.0
2026-08-22,wk inc covid hosp,3,2026-09-12,32,quantile,0.85,55.0
2026-08-22,wk inc covid hosp,3,2026-09-12,32,quantile,0.9,62.0
2026-08-22,wk inc covid hosp,3,2026-09-12,32,quantile,0.95,77.0
2026-08-22,wk inc covid hosp,3,2026-09-12,32,quantile,0.975,86.0
2026-08-22,wk inc covid hosp,3,2026-09-12,32,quantile,0.99,103.0
2026-08-22,wk inc covid hosp,3,2026-09-12,33,quantile,0.01,0.0
2026-08-22,wk inc covid hosp,3,2026-09-12,33,quantile,0.025,1.0
2026-08-22,wk inc covid hosp,3,2026-09-12,33,quantile,0.05,3.0
2026-08-22,wk inc covid hosp,3,2026-09-12,33,quantile,0.1,6.0
2026-08-22,wk inc covid hosp,3,2026-09-12,33,quantile,0.15,9.0
2026-08-22,wk inc covid hosp,3,2026-09-12,33,quantile,0.2,11.0
2026-08-22,wk inc covid hosp,3,2026-09-12,33,quantile,0.25,13.0
2026-08-22,wk inc covid hosp,3,2026-09-12,33,quantile,0.3,15.0
2026-08-22,wk inc covid hosp,3,2026-09-12,33,quantile,0.35,17.0
2026-08-22,wk inc covid hosp,3,2026-09-12,33,quantile,0.4,19.0
2026-08-22,wk inc covid hosp,3,2026-09-12,33,quantile,0.45,21.0
2026-08-22,wk inc covid hosp,3,2026-09-12,33,quantile,0.5,23.0
2026-08-22,wk inc covid hosp,3,2026-09-12,33,quantile,0.55,25.0
2026-08-22,wk inc covid hosp,3,2026-09-12,33,quantile,0.6,28.0
2026-08-22,wk inc covid hosp,3,2026-09-12,33,quantile,0.65,31.0
2026-08-22,wk inc covid hosp,3,2026-09-12,33,quantile,0.7,33.0
2026-08-22,wk inc covid hosp,3,2026-09-12,33,quantile,0.75,37.0
2026-08-22,wk inc covid hosp,3,2026-09-12,33,quantile,0.8,40.0
2026-08-22,wk inc covid hosp,3,2026-09-12,33,quantile,0.85,44.0
2026-08-22,wk inc covid hosp,3,2026-09-12,33,quantile,0.9,53.0
2026-08-22,wk inc covid hosp,3,2026-09-12,33,quantile,0.95,67.0
2026-08-22,wk inc covid hosp,3,2026-09-12,33,quantile,0.975,79.0
2026-08-22,wk inc covid hosp,3,2026-09-12,33,quantile,0.99,98.0
2026-08-22,wk inc covid hosp,3,2026-09-12,34,quantile,0.01,0.0
2026-08-22,wk inc covid hosp,3,2026-09-12,34,quantile,0.025,4.0
2026-08-22,wk inc covid hosp,3,2026-09-12,34,quantile,0.05,19.0
2026-08-22,wk inc covid hosp,3,2026-09-12,34,quantile,0.1,36.0
2026-08-22,wk inc covid hosp,3,2026-09-12,34,quantile,0.15,50.0
2026-08-22,wk inc covid hosp,3,2026-09-12,34,quantile,0.2,63.0
2026-08-22,wk inc covid hosp,3,2026-09-12,34,quantile,0.25,73.0
2026-08-22,wk inc covid hosp,3,2026-09-12,34,quantile,0.3,82.0
2026-08-22,wk inc covid hosp,3,2026-09-12,34,quantile,0.35,90.0
2026-08-22,wk inc covid hosp,3,2026-09-12,34,quantile,0.4,102.0
2026-08-22,wk inc covid hosp,3,2026-09-12,34,quantile,0.45,110.0
2026-08-22,wk inc covid hosp,3,2026-09-12,34,quantile,0.5,124.0
2026-08-22,wk inc covid hosp,3,2026-09-12,34,quantile,0.55,135.0
2026-08-22,wk inc covid hosp,3,2026-09-12,34,quantile,0.6,145.0
2026-08-22,wk inc covid hosp,3,2026-09-12,34,quantile,0.65,159.0
2026-08-22,wk inc covid hosp,3,2026-09-12,34,quantile,0.7,173.0
2026-08-22,wk inc covid hosp,3,2026-09-12,34,quantile,0.75,187.0
2026-08-22,wk inc covid hosp,3,2026-09-12,34,quantile,0.8,205.0
2026-08-22,wk inc covid hosp,3,2026-09-12,34,quantile,0.85,228.0
2026-08-22,wk inc covid hosp,3,2026-09-12,34,quantile,0.9,271.0
2026-08-22,wk inc covid hosp,3,2026-09-12,34,quantile,0.95,341.0
2026-08-22,wk inc covid hosp,3,2026-09-12,34,quantile,0.975,396.0
2026-08-22,wk inc covid hosp,3,2026-09-12,34,quantile,0.99,498.0
2026-08-22,wk inc covid hosp,3,2026-09-12,35,quantile,0.01,0.0
2026-08-22,wk inc covid hosp,3,2026-09-12,35,quantile,0.025,0.0
2026-08-22,wk inc covid hosp,3,2026-09-12,35,quantile,0.05,0.0
2026-08-22,wk inc covid hosp,3,2026-09-12,35,quantile,0.1,0.0
2026-08-22,wk inc covid hosp,3,2026-09-12,35,quantile,0.15,3.0
2026-08-22,wk inc covid hosp,3,2026-09-12,35,quantile,0.2,4.0
2026-08-22,wk inc covid hosp,3,2026-09-12,35,quantile,0.25,6.0
2026-08-22,wk inc covid hosp,3,2026-09-12,35,quantile,0.3,7.0
2026-08-22,wk inc covid hosp,3,2026-09-12,35,quantile,0.35,9.0
2026-08-22,wk inc covid hosp,3,2026-09-12,35,quantile,0.4,11.0
2026-08-22,wk inc covid hosp,3,2026-09-12,35,quantile,0.45,12.0
2026-08-22,wk inc covid hosp,3,2026-09-12,35,quantile,0.5,14.0
2026-08-22,wk inc covid hosp,3,2026-09-12,35,quantile,0.55,16.0
2026-08-22,wk inc covid hosp,3,2026-09-12,35,quantile,0.6,17.0
2026-08-22,wk inc covid hosp,3,2026-09-12,35,quantile,0.65,19.0
2026-08-22,wk inc covid hosp,3,2026-09-12,35,quantile,0.7,22.0
2026-08-22,wk inc covid hosp,3,2026-09-12,35,quantile,0.75,24.0
2026-08-22,wk inc covid hosp,3,2026-09-12,35,quantile,0.8,27.0
2026-08-22,wk inc covid hosp,3,2026-09-12,35,quantile,0.85,30.0
2026-08-22,wk inc covid hosp,3,2026-09-12,35,quantile,0.9,36.0
2026-08-22,wk inc covid hosp,3,2026-09-12,35,quantile,0.95,46.0
2026-08-22,wk inc covid hosp,3,2026-09-12,35,quantile,0.975,53.0
2026-08-22,wk inc covid hosp,3,2026-09-12,35,quantile,0.99,64.0
2026-08-22,wk inc covid hosp,3,2026-09-12,36,quantile,0.01,18.0
2026-08-22,wk inc covid hosp,3,2026-09-12,36,quantile,0.025,39.0
2026-08-22,wk inc covid hosp,3,2026-09-12,36,quantile,0.05,65.0
2026-08-22,wk inc covid hosp,3,2026-09-12,36,quantile,0.1,98.0
2026-08-22,wk inc covid hosp,3,2026-09-12,36,quantile,0.15,125.0
2026-08-22,wk inc covid hosp,3,2026-09-12,36,quantile,0.2,145.0
2026-08-22,wk inc covid hosp,3,2026-09-12,36,quantile,0.25,162.0
2026-08-22,wk inc covid hosp,3,2026-09-12,36,quantile,0.3,177.0
2026-08-22,wk inc covid hosp,3,2026-09-12,36,quantile,0.35,191.0
2026-08-22,wk inc covid hosp,3,2026-09-12,36,quantile,0.4,208.0
2026-08-22,wk inc covid hosp,3,2026-09-12,36,quantile,0.45,221.0
2026-08-22,wk inc covid hosp,3,2026-09-12,36,quantile,0.5,242.0
2026-08-22,wk inc covid hosp,3,2026-09-12,36,quantile,0.55,259.0
2026-08-22,wk inc covid hosp,3,2026-09-12,36,quantile,0.6,277.0
2026-08-22,wk inc covid hosp,3,2026-09-12,36,quantile,0.65,298.0
2026-08-22,wk inc covid hosp,3,2026-09-12,36,quantile,0.7,319.0
2026-08-22,wk inc covid hosp,3,2026-09-12,36,quantile,0.75,340.0
2026-08-22,wk inc covid hosp,3,2026-09-12,36,quantile,0.8,366.0
2026-08-22,wk inc covid hosp,3,2026-09-12,36,quantile,0.85,400.0
2026-08-22,wk inc covid hosp,3,2026-09-12,36,quantile,0.9,455.0
2026-08-22,wk inc covid hosp,3,2026-09-12,36,quantile,0.95,544.0
2026-08-22,wk inc covid hosp,3,2026-09-12,36,quantile,0.975,622.0
2026-08-22,wk inc covid hosp,3,2026-09-12,36,quantile,0.99,743.0
2026-08-22,wk inc covid hosp,3,2026-09-12,37,quantile,0.01,26.0
2026-08-22,wk inc covid hosp,3,2026-09-12,37,quantile,0.025,40.0
2026-08-22,wk inc covid hosp,3,2026-09-12,37,quantile,0.05,57.0
2026-08-22,wk inc covid hosp,3,2026-09-12,37,quantile,0.1,80.0
2026-08-22,wk inc covid hosp,3,2026-09-12,37,quantile,0.15,98.0
2026-08-22,wk inc covid hosp,3,2026-09-12,37,quantile,0.2,112.0
2026-08-22,wk inc covid hosp,3,2026-09-12,37,quantile,0.25,124.0
2026-08-22,wk inc covid hosp,3,2026-09-12,37,quantile,0.3,135.0
2026-08-22,wk inc covid hosp,3,2026-09-12,37,quantile,0.35,144.0
2026-08-22,wk inc covid hosp,3,2026-09-12,37,quantile,0.4,156.0
2026-08-22,wk inc covid hosp,3,2026-09-12,37,quantile,0.45,166.0
2026-08-22,wk inc covid hosp,3,2026-09-12,37,quantile,0.5,180.0
2026-08-22,wk inc covid hosp,3,2026-09-12,37,quantile,0.55,193.0
2026-08-22,wk inc covid hosp,3,2026-09-12,37,quantile,0.6,206.0
2026-08-22,wk inc covid hosp,3,2026-09-12,37,quantile,0.65,221.0
2026-08-22,wk inc covid hosp,3,2026-09-12,37,quantile,0.7,236.0
2026-08-22,wk inc covid hosp,3,2026-09-12,37,quantile,0.75,251.0
2026-08-22,wk inc covid hosp,3,2026-09-12,37,quantile,0.8,270.0
2026-08-22,wk inc covid hosp,3,2026-09-12,37,quantile,0.85,295.0
2026-08-22,wk inc covid hosp,3,2026-09-12,37,quantile,0.9,336.0
2026-08-22,wk inc covid hosp,3,2026-09-12,37,quantile,0.95,402.0
2026-08-22,wk inc covid hosp,3,2026-09-12,37,quantile,0.975,460.0
2026-08-22,wk inc covid hosp,3,2026-09-12,37,quantile,0.99,553.0
2026-08-22,wk inc covid hosp,3,2026-09-12,38,quantile,0.01,0.0
2026-08-22,wk inc covid hosp,3,2026-09-12,38,quantile,0.025,0.0
2026-08-22,wk inc covid hosp,3,2026-09-12,38,quantile,0.05,0.0
2026-08-22,wk inc covid hosp,3,2026-09-12,38,quantile,0.1,0.0
2026-08-22,wk inc covid hosp,3,2026-09-12,38,quantile,0.15,0.0
2026-08-22,wk inc covid hosp,3,2026-09-12,38,quantile,0.2,1.0
2026-08-22,wk inc covid hosp,3,2026-09-12,38,quantile,0.25,1.0
2026-08-22,wk inc covid hosp,3,2026-09-12,38,quantile,0.3,2.0
2026-08-22,wk inc covid hosp,3,2026-09-12,38,quantile,0.35,3.0
2026-08-22,wk inc covid hosp,3,2026-09-12,38,quantile,0.4,3.0
2026-08-22,wk inc covid hosp,3,2026-09-12,38,quantile,0.45,4.0
2026-08-22,wk inc covid hosp,3,2026-09-12,38,quantile,0.5,4.0
2026-08-22,wk inc covid hosp,3,2026-09-12,38,quantile,0.55,5.0
2026-08-22,wk inc covid hosp,3,2026-09-12,38,quantile,0.6,6.0
2026-08-22,wk inc covid hosp,3,2026-09-12,38,quantile,0.65,6.0
2026-08-22,wk inc covid hosp,3,2026-09-12,38,quantile,0.7,7.0
2026-08-22,wk inc covid hosp,3,2026-09-12,38,quantile,0.75,8.0
2026-08-22,wk inc covid hosp,3,2026-09-12,38,quantile,0.8,9.0
2026-08-22,wk inc covid hosp,3,2026-09-12,38,quantile,0.85,10.0
2026-08-22,wk inc covid hosp,3,2026-09-12,38,quantile,0.9,13.0
2026-08-22,wk inc covid hosp,3,2026-09-12,38,quantile,0.95,17.0
2026-08-22,wk inc covid hosp,3,2026-09-12,38,quantile,0.975,19.0
2026-08-22,wk inc covid hosp,3,2026-09-12,38,quantile,0.99,24.0
2026-08-22,wk inc covid hosp,3,2026-09-12,39,quantile,0.01,0.0
2026-08-22,wk inc covid hosp,3,2026-09-12,39,quantile,0.025,0.0
2026-08-22,wk inc covid hosp,3,2026-09-12,39,quantile,0.05,7.0
2026-08-22,wk inc covid hosp,3,2026-09-12,39,quantile,0.1,26.0
2026-08-22,wk inc covid hosp,3,2026-09-12,39,quantile,0.15,41.0
2026-08-22,wk inc covid hosp,3,2026-09-12,39,quantile,0.2,52.0
2026-08-22,wk inc covid hosp,3,2026-09-12,39,quantile,0.25,61.0
2026-08-22,wk inc covid hosp,3,2026-09-12,39,quantile,0.3,70.0
2026-08-22,wk inc covid hosp,3,2026-09-12,39,quantile,0.35,78.0
2026-08-22,wk inc covid hosp,3,2026-09-12,39,quantile,0.4,88.0
2026-08-22,wk inc covid hosp,3,2026-09-12,39,quantile,0.45,96.0
2026-08-22,wk inc covid hosp,3,2026-09-12,39,quantile,0.5,107.0
2026-08-22,wk inc covid hosp,3,2026-09-12,39,quantile,0.55,117.0
2026-08-22,wk inc covid hosp,3,2026-09-12,39,quantile,0.6,128.0
2026-08-22,wk inc covid hosp,3,2026-09-12,39,quantile,0.65,141.0
2026-08-22,wk inc covid hosp,3,2026-09-12,39,quantile,0.7,152.0
2026-08-22,wk inc covid hosp,3,2026-09-12,39,quantile,0.75,165.0
2026-08-22,wk inc covid hosp,3,2026-09-12,39,quantile,0.8,180.0
2026-08-22,wk inc covid hosp,3,2026-09-12,39,quantile,0.85,202.0
2026-08-22,wk inc covid hosp,3,2026-09-12,39,quantile,0.9,233.0
2026-08-22,wk inc covid hosp,3,2026-09-12,39,quantile,0.95,291.0
2026-08-22,wk inc covid hosp,3,2026-09-12,39,quantile,0.975,342.0
2026-08-22,wk inc covid hosp,3,2026-09-12,39,quantile,0.99,418.0
2026-08-22,wk inc covid hosp,3,2026-09-12,40,quantile,0.01,0.0
2026-08-22,wk inc covid hosp,3,2026-09-12,40,quantile,0.025,0.0
2026-08-22,wk inc covid hosp,3,2026-09-12,40,quantile,0.05,0.0
2026-08-22,wk inc covid hosp,3,2026-09-12,40,quantile,0.1,0.0
2026-08-22,wk inc covid hosp,3,2026-09-12,40,quantile,0.15,2.0
2026-08-22,wk inc covid hosp,3,2026-09-12,40,quantile,0.2,5.0
2026-08-22,wk inc covid hosp,3,2026-09-12,40,quantile,0.25,7.0
2026-08-22,wk inc covid hosp,3,2026-09-12,40,quantile,0.3,10.0
2026-08-22,wk inc covid hosp,3,2026-09-12,40,quantile,0.35,13.0
2026-08-22,wk inc covid hosp,3,2026-09-12,40,quantile,0.4,15.0
2026-08-22,wk inc covid hosp,3,2026-09-12,40,quantile,0.45,18.0
2026-08-22,wk inc covid hosp,3,2026-09-12,40,quantile,0.5,21.0
2026-08-22,wk inc covid hosp,3,2026-09-12,40,quantile,0.55,24.0
2026-08-22,wk inc covid hosp,3,2026-09-12,40,quantile,0.6,27.0
2026-08-22,wk inc covid hosp,3,2026-09-12,40,quantile,0.65,30.0
2026-08-22,wk inc covid hosp,3,2026-09-12,40,quantile,0.7,33.0
2026-08-22,wk inc covid hosp,3,2026-09-12,40,quantile,0.75,37.0
2026-08-22,wk inc covid hosp,3,2026-09-12,40,quantile,0.8,42.0
2026-08-22,wk inc covid hosp,3,2026-09-12,40,quantile,0.85,48.0
2026-08-22,wk inc covid hosp,3,2026-09-12,40,quantile,0.9,55.0
2026-08-22,wk inc covid hosp,3,2026-09-12,40,quantile,0.95,71.0
2026-08-22,wk inc covid hosp,3,2026-09-12,40,quantile,0.975,82.0
2026-08-22,wk inc covid hosp,3,2026-09-12,40,quantile,0.99,99.0
2026-08-22,wk inc covid hosp,3,2026-09-12,41,quantile,0.01,0.0
2026-08-22,wk inc covid hosp,3,2026-09-12,41,quantile,0.025,0.0
2026-08-22,wk inc covid hosp,3,2026-09-12,41,quantile,0.05,0.0
2026-08-22,wk inc covid hosp,3,2026-09-12,41,quantile,0.1,5.0
2026-08-22,wk inc covid hosp,3,2026-09-12,41,quantile,0.15,9.0
2026-08-22,wk inc covid hosp,3,2026-09-12,41,quantile,0.2,13.0
2026-08-22,wk inc covid hosp,3,2026-09-12,41,quantile,0.25,16.0
2026-08-22,wk inc covid hosp,3,2026-09-12,41,quantile,0.3,19.0
2026-08-22,wk inc covid hosp,3,2026-09-12,41,quantile,0.35,22.0
2026-08-22,wk inc covid hosp,3,2026-09-12,41,quantile,0.4,24.0
2026-08-22,wk inc covid hosp,3,2026-09-12,41,quantile,0.45,27.0
2026-08-22,wk inc covid hosp,3,2026-09-12,41,quantile,0.5,31.0
2026-08-22,wk inc covid hosp,3,2026-09-12,41,quantile,0.55,34.0
2026-08-22,wk inc covid hosp,3,2026-09-12,41,quantile,0.6,38.0
2026-08-22,wk inc covid hosp,3,2026-09-12,41,quantile,0.65,41.0
2026-08-22,wk inc covid hosp,3,2026-09-12,41,quantile,0.7,44.0
2026-08-22,wk inc covid hosp,3,2026-09-12,41,quantile,0.75,48.0
2026-08-22,wk inc covid hosp,3,2026-09-12,41,quantile,0.8,53.0
2026-08-22,wk inc covid hosp,3,2026-09-12,41,quantile,0.85,59.0
2026-08-22,wk inc covid hosp,3,2026-09-12,41,quantile,0.9,67.0
2026-08-22,wk inc covid hosp,3,2026-09-12,41,quantile,0.95,83.0
2026-08-22,wk inc covid hosp,3,2026-09-12,41,quantile,0.975,94.0
2026-08-22,wk inc covid hosp,3,2026-09-12,41,quantile,0.99,113.0
2026-08-22,wk inc covid hosp,3,2026-09-12,42,quantile,0.01,3.0
2026-08-22,wk inc covid hosp,3,2026-09-12,42,quantile,0.025,24.0
2026-08-22,wk inc covid hosp,3,2026-09-12,42,quantile,0.05,48.0
2026-08-22,wk inc covid hosp,3,2026-09-12,42,quantile,0.1,75.0
2026-08-22,wk inc covid hosp,3,2026-09-12,42,quantile,0.15,98.0
2026-08-22,wk inc covid hosp,3,2026-09-12,42,quantile,0.2,121.0
2026-08-22,wk inc covid hosp,3,2026-09-12,42,quantile,0.25,136.0
2026-08-22,wk inc covid hosp,3,2026-09-12,42,quantile,0.3,151.0
2026-08-22,wk inc covid hosp,3,2026-09-12,42,quantile,0.35,165.0
2026-08-22,wk inc covid hosp,3,2026-09-12,42,quantile,0.4,185.0
2026-08-22,wk inc covid hosp,3,2026-09-12,42,quantile,0.45,198.0
2026-08-22,wk inc covid hosp,3,2026-09-12,42,quantile,0.5,220.0
2026-08-22,wk inc covid hosp,3,2026-09-12,42,quantile,0.55,241.0
2026-08-22,wk inc covid hosp,3,2026-09-12,42,quantile,0.6,256.0
2026-08-22,wk inc covid hosp,3,2026-09-12,42,quantile,0.65,280.0
2026-08-22,wk inc covid hosp,3,2026-09-12,42,quantile,0.7,303.0
2026-08-22,wk inc covid hosp,3,2026-09-12,42,quantile,0.75,326.0
2026-08-22,wk inc covid hosp,3,2026-09-12,42,quantile,0.8,355.0
2026-08-22,wk inc covid hosp,3,2026-09-12,42,quantile,0.85,394.0
2026-08-22,wk inc covid hosp,3,2026-09-12,42,quantile,0.9,464.0
2026-08-22,wk inc covid hosp,3,2026-09-12,42,quantile,0.95,578.0
2026-08-22,wk inc covid hosp,3,2026-09-12,42,quantile,0.975,682.0
2026-08-22,wk inc covid hosp,3,2026-09-12,42,quantile,0.99,847.0
2026-08-22,wk inc covid hosp,3,2026-09-12,44,quantile,0.01,2.0
2026-08-22,wk inc covid hosp,3,2026-09-12,44,quantile,0.025,4.0
2026-08-22,wk inc covid hosp,3,2026-09-12,44,quantile,0.05,5.0
2026-08-22,wk inc covid hosp,3,2026-09-12,44,quantile,0.1,9.0
2026-08-22,wk inc covid hosp,3,2026-09-12,44,quantile,0.15,11.0
2026-08-22,wk inc covid hosp,3,2026-09-12,44,quantile,0.2,12.0
2026-08-22,wk inc covid hosp,3,2026-09-12,44,quantile,0.25,14.0
2026-08-22,wk inc covid hosp,3,2026-09-12,44,quantile,0.3,16.0
2026-08-22,wk inc covid hosp,3,2026-09-12,44,quantile,0.35,17.0
2026-08-22,wk inc covid hosp,3,2026-09-12,44,quantile,0.4,18.0
2026-08-22,wk inc covid hosp,3,2026-09-12,44,quantile,0.45,20.0
2026-08-22,wk inc covid hosp,3,2026-09-12,44,quantile,0.5,22.0
2026-08-22,wk inc covid hosp,3,2026-09-12,44,quantile,0.55,23.0
2026-08-22,wk inc covid hosp,3,2026-09-12,44,quantile,0.6,25.0
2026-08-22,wk inc covid hosp,3,2026-09-12,44,quantile,0.65,27.0
2026-08-22,wk inc covid hosp,3,2026-09-12,44,quantile,0.7,29.0
2026-08-22,wk inc covid hosp,3,2026-09-12,44,quantile,0.75,32.0
2026-08-22,wk inc covid hosp,3,2026-09-12,44,quantile,0.8,35.0
2026-08-22,wk inc covid hosp,3,2026-09-12,44,quantile,0.85,38.0
2026-08-22,wk inc covid hosp,3,2026-09-12,44,quantile,0.9,44.0
2026-08-22,wk inc covid hosp,3,2026-09-12,44,quantile,0.95,54.0
2026-08-22,wk inc covid hosp,3,2026-09-12,44,quantile,0.975,62.0
2026-08-22,wk inc covid hosp,3,2026-09-12,44,quantile,0.99,74.0
2026-08-22,wk inc covid hosp,3,2026-09-12,45,quantile,0.01,0.0
2026-08-22,wk inc covid hosp,3,2026-09-12,45,quantile,0.025,0.0
2026-08-22,wk inc covid hosp,3,2026-09-12,45,quantile,0.05,6.0
2026-08-22,wk inc covid hosp,3,2026-09-12,45,quantile,0.1,14.0
2026-08-22,wk inc covid hosp,3,2026-09-12,45,quantile,0.15,21.0
2026-08-22,wk inc covid hosp,3,2026-09-12,45,quantile,0.2,27.0
2026-08-22,wk inc covid hosp,3,2026-09-12,45,quantile,0.25,31.0
2026-08-22,wk inc covid hosp,3,2026-09-12,45,quantile,0.3,36.0
2026-08-22,wk inc covid hosp,3,2026-09-12,45,quantile,0.35,39.0
2026-08-22,wk inc covid hosp,3,2026-09-12,45,quantile,0.4,44.0
2026-08-22,wk inc covid hosp,3,2026-09-12,45,quantile,0.45,48.0
2026-08-22,wk inc covid hosp,3,2026-09-12,45,quantile,0.5,53.0
2026-08-22,wk inc covid hosp,3,2026-09-12,45,quantile,0.55,58.0
2026-08-22,wk inc covid hosp,3,2026-09-12,45,quantile,0.6,63.0
2026-08-22,wk inc covid hosp,3,2026-09-12,45,quantile,0.65,69.0
2026-08-22,wk inc covid hosp,3,2026-09-12,45,quantile,0.7,75.0
2026-08-22,wk inc covid hosp,3,2026-09-12,45,quantile,0.75,82.0
2026-08-22,wk inc covid hosp,3,2026-09-12,45,quantile,0.8,89.0
2026-08-22,wk inc covid hosp,3,2026-09-12,45,quantile,0.85,99.0
2026-08-22,wk inc covid hosp,3,2026-09-12,45,quantile,0.9,116.0
2026-08-22,wk inc covid hosp,3,2026-09-12,45,quantile,0.95,143.0
2026-08-22,wk inc covid hosp,3,2026-09-12,45,quantile,0.975,166.0
2026-08-22,wk inc covid hosp,3,2026-09-12,45,quantile,0.99,205.0
2026-08-22,wk inc covid hosp,3,2026-09-12,46,quantile,0.01,0.0
2026-08-22,wk inc covid hosp,3,2026-09-12,46,quantile,0.025,0.0
2026-08-22,wk inc covid hosp,3,2026-09-12,46,quantile,0.05,0.0
2026-08-22,wk inc covid hosp,3,2026-09-12,46,quantile,0.1,1.0
2026-08-22,wk inc covid hosp,3,2026-09-12,46,quantile,0.15,2.0
2026-08-22,wk inc covid hosp,3,2026-09-12,46,quantile,0.2,3.0
2026-08-22,wk inc covid hosp,3,2026-09-12,46,quantile,0.25,4.0
2026-08-22,wk inc covid hosp,3,2026-09-12,46,quantile,0.3,5.0
2026-08-22,wk inc covid hosp,3,2026-09-12,46,quantile,0.35,6.0
2026-08-22,wk inc covid hosp,3,2026-09-12,46,quantile,0.4,6.0
2026-08-22,wk inc covid hosp,3,2026-09-12,46,quantile,0.45,7.0
2026-08-22,wk inc covid hosp,3,2026-09-12,46,quantile,0.5,8.0
2026-08-22,wk inc covid hosp,3,2026-09-12,46,quantile,0.55,9.0
2026-08-22,wk inc covid hosp,3,2026-09-12,46,quantile,0.6,10.0
2026-08-22,wk inc covid hosp,3,2026-09-12,46,quantile,0.65,11.0
2026-08-22,wk inc covid hosp,3,2026-09-12,46,quantile,0.7,13.0
2026-08-22,wk inc covid hosp,3,2026-09-12,46,quantile,0.75,14.0
2026-08-22,wk inc covid hosp,3,2026-09-12,46,quantile,0.8,16.0
2026-08-22,wk inc covid hosp,3,2026-09-12,46,quantile,0.85,17.0
2026-08-22,wk inc covid hosp,3,2026-09-12,46,quantile,0.9,21.0
2026-08-22,wk inc covid hosp,3,2026-09-12,46,quantile,0.95,27.0
2026-08-22,wk inc covid hosp,3,2026-09-12,46,quantile,0.975,32.0
2026-08-22,wk inc covid hosp,3,2026-09-12,46,quantile,0.99,38.0
2026-08-22,wk inc covid hosp,3,2026-09-12,47,quantile,0.01,0.0
2026-08-22,wk inc covid hosp,3,2026-09-12,47,quantile,0.025,0.0
2026-08-22,wk inc covid hosp,3,2026-09-12,47,quantile,0.05,8.0
2026-08-22,wk inc covid hosp,3,2026-09-12,47,quantile,0.1,20.0
2026-08-22,wk inc covid hosp,3,2026-09-12,47,quantile,0.15,29.0
2026-08-22,wk inc covid hosp,3,2026-09-12,47,quantile,0.2,37.0
2026-08-22,wk inc covid hosp,3,2026-09-12,47,quantile,0.25,43.0
2026-08-22,wk inc covid hosp,3,2026-09-12,47,quantile,0.3,49.0
2026-08-22,wk inc covid hosp,3,2026-09-12,47,quantile,0.35,56.0
2026-08-22,wk inc covid hosp,3,2026-09-12,47,quantile,0.4,62.0
2026-08-22,wk inc covid hosp,3,2026-09-12,47,quantile,0.45,69.0
2026-08-22,wk inc covid hosp,3,2026-09-12,47,quantile,0.5,76.0
2026-08-22,wk inc covid hosp,3,2026-09-12,47,quantile,0.55,83.0
2026-08-22,wk inc covid hosp,3,2026-09-12,47,quantile,0.6,90.0
2026-08-22,wk inc covid hosp,3,2026-09-12,47,quantile,0.65,98.0
2026-08-22,wk inc covid hosp,3,2026-09-12,47,quantile,0.7,106.0
2026-08-22,wk inc covid hosp,3,2026-09-12,47,quantile,0.75,115.0
2026-08-22,wk inc covid hosp,3,2026-09-12,47,quantile,0.8,126.0
2026-08-22,wk inc covid hosp,3,2026-09-12,47,quantile,0.85,140.0
2026-08-22,wk inc covid hosp,3,2026-09-12,47,quantile,0.9,159.0
2026-08-22,wk inc covid hosp,3,2026-09-12,47,quantile,0.95,197.0
2026-08-22,wk inc covid hosp,3,2026-09-12,47,quantile,0.975,224.0
2026-08-22,wk inc covid hosp,3,2026-09-12,47,quantile,0.99,266.0
2026-08-22,wk inc covid hosp,3,2026-09-12,48,quantile,0.01,0.0
2026-08-22,wk inc covid hosp,3,2026-09-12,48,quantile,0.025,17.0
2026-08-22,wk inc covid hosp,3,2026-09-12,48,quantile,0.05,57.0
2026-08-22,wk inc covid hosp,3,2026-09-12,48,quantile,0.1,106.0
2026-08-22,wk inc covid hosp,3,2026-09-12,48,quantile,0.15,145.0
2026-08-22,wk inc covid hosp,3,2026-09-12,48,quantile,0.2,178.0
2026-08-22,wk inc covid hosp,3,2026-09-12,48,quantile,0.25,206.0
2026-08-22,wk inc covid hosp,3,2026-09-12,48,quantile,0.3,230.0
2026-08-22,wk inc covid hosp,3,2026-09-12,48,quantile,0.35,250.0
2026-08-22,wk inc covid hosp,3,2026-09-12,48,quantile,0.4,278.0
2026-08-22,wk inc covid hosp,3,2026-09-12,48,quantile,0.45,300.0
2026-08-22,wk inc covid hosp,3,2026-09-12,48,quantile,0.5,334.0
2026-08-22,wk inc covid hosp,3,2026-09-12,48,quantile,0.55,362.0
2026-08-22,wk inc covid hosp,3,2026-09-12,48,quantile,0.6,391.0
2026-08-22,wk inc covid hosp,3,2026-09-12,48,quantile,0.65,425.0
2026-08-22,wk inc covid hosp,3,2026-09-12,48,quantile,0.7,458.0
2026-08-22,wk inc covid hosp,3,2026-09-12,48,quantile,0.75,496.0
2026-08-22,wk inc covid hosp,3,2026-09-12,48,quantile,0.8,539.0
2026-08-22,wk inc covid hosp,3,2026-09-12,48,quantile,0.85,598.0
2026-08-22,wk inc covid hosp,3,2026-09-12,48,quantile,0.9,695.0
2026-08-22,wk inc covid hosp,3,2026-09-12,48,quantile,0.95,845.0
2026-08-22,wk inc covid hosp,3,2026-09-12,48,quantile,0.975,978.0
2026-08-22,wk inc covid hosp,3,2026-09-12,48,quantile,0.99,1199.0
2026-08-22,wk inc covid hosp,3,2026-09-12,49,quantile,0.01,0.0
2026-08-22,wk inc covid hosp,3,2026-09-12,49,quantile,0.025,0.0
2026-08-22,wk inc covid hosp,3,2026-09-12,49,quantile,0.05,0.0
2026-08-22,wk inc covid hosp,3,2026-09-12,49,quantile,0.1,0.0
2026-08-22,wk inc covid hosp,3,2026-09-12,49,quantile,0.15,0.0
2026-08-22,wk inc covid hosp,3,2026-09-12,49,quantile,0.2,0.0
2026-08-22,wk inc covid hosp,3,2026-09-12,49,quantile,0.25,0.0
2026-08-22,wk inc covid hosp,3,2026-09-12,49,quantile,0.3,0.0
2026-08-22,wk inc covid hosp,3,2026-09-12,49,quantile,0.35,0.0
2026-08-22,wk inc covid hosp,3,2026-09-12,49,quantile,0.4,1.0
2026-08-22,wk inc covid hosp,3,2026-09-12,49,quantile,0.45,2.0
2026-08-22,wk inc covid hosp,3,2026-09-12,49,quantile,0.5,4.0
2026-08-22,wk inc covid hosp,3,2026-09-12,49,quantile,0.55,5.0
2026-08-22,wk inc covid hosp,3,2026-09-12,49,quantile,0.6,6.0
2026-08-22,wk inc covid hosp,3,2026-09-12,49,quantile,0.65,8.0
2026-08-22,wk inc covid hosp,3,2026-09-12,49,quantile,0.7,10.0
2026-08-22,wk inc covid hosp,3,2026-09-12,49,quantile,0.75,12.0
2026-08-22,wk inc covid hosp,3,2026-09-12,49,quantile,0.8,14.0
2026-08-22,wk inc covid hosp,3,2026-09-12,49,quantile,0.85,17.0
2026-08-22,wk inc covid hosp,3,2026-09-12,49,quantile,0.9,21.0
2026-08-22,wk inc covid hosp,3,2026-09-12,49,quantile,0.95,28.0
2026-08-22,wk inc covid hosp,3,2026-09-12,49,quantile,0.975,34.0
2026-08-22,wk inc covid hosp,3,2026-09-12,49,quantile,0.99,41.0
2026-08-22,wk inc covid hosp,3,2026-09-12,50,quantile,0.01,0.0
2026-08-22,wk inc covid hosp,3,2026-09-12,50,quantile,0.025,0.0
2026-08-22,wk inc covid hosp,3,2026-09-12,50,quantile,0.05,0.0
2026-08-22,wk inc covid hosp,3,2026-09-12,50,quantile,0.1,0.0
2026-08-22,wk inc covid hosp,3,2026-09-12,50,quantile,0.15,1.0
2026-08-22,wk inc covid hosp,3,2026-09-12,50,quantile,0.2,1.0
2026-08-22,wk inc covid hosp,3,2026-09-12,50,quantile,0.25,2.0
2026-08-22,wk inc covid hosp,3,2026-09-12,50,quantile,0.3,2.0
2026-08-22,wk inc covid hosp,3,2026-09-12,50,quantile,0.35,3.0
2026-08-22,wk inc covid hosp,3,2026-09-12,50,quantile,0.4,3.0
2026-08-22,wk inc covid hosp,3,2026-09-12,50,quantile,0.45,4.0
2026-08-22,wk inc covid hosp,3,2026-09-12,50,quantile,0.5,4.0
2026-08-22,wk inc covid hosp,3,2026-09-12,50,quantile,0.55,5.0
2026-08-22,wk inc covid hosp,3,2026-09-12,50,quantile,0.6,6.0
2026-08-22,wk inc covid hosp,3,2026-09-12,50,quantile,0.65,6.0
2026-08-22,wk inc covid hosp,3,2026-09-12,50,quantile,0.7,7.0
2026-08-22,wk inc covid hosp,3,2026-09-12,50,quantile,0.75,8.0
2026-08-22,wk inc covid hosp,3,2026-09-12,50,quantile,0.8,9.0
2026-08-22,wk inc covid hosp,3,2026-09-12,50,quantile,0.85,10.0
2026-08-22,wk inc covid hosp,3,2026-09-12,50,quantile,0.9,12.0
2026-08-22,wk inc covid hosp,3,2026-09-12,50,quantile,0.95,15.0
2026-08-22,wk inc covid hosp,3,2026-09-12,50,quantile,0.975,18.0
2026-08-22,wk inc covid hosp,3,2026-09-12,50,quantile,0.99,22.0
2026-08-22,wk inc covid hosp,3,2026-09-12,51,quantile,0.01,0.0
2026-08-22,wk inc covid hosp,3,2026-09-12,51,quantile,0.025,0.0
2026-08-22,wk inc covid hosp,3,2026-09-12,51,quantile,0.05,0.0
2026-08-22,wk inc covid hosp,3,2026-09-12,51,quantile,0.1,5.0
2026-08-22,wk inc covid hosp,3,2026-09-12,51,quantile,0.15,12.0
2026-08-22,wk inc covid hosp,3,2026-09-12,51,quantile,0.2,18.0
2026-08-22,wk inc covid hosp,3,2026-09-12,51,quantile,0.25,23.0
2026-08-22,wk inc covid hosp,3,2026-09-12,51,quantile,0.3,27.0
2026-08-22,wk inc covid hosp,3,2026-09-12,51,quantile,0.35,32.0
2026-08-22,wk inc covid hosp,3,2026-09-12,51,quantile,0.4,37.0
2026-08-22,wk inc covid hosp,3,2026-09-12,51,quantile,0.45,42.0
2026-08-22,wk inc covid hosp,3,2026-09-12,51,quantile,0.5,47.0
2026-08-22,wk inc covid hosp,3,2026-09-12,51,quantile,0.55,52.0
2026-08-22,wk inc covid hosp,3,2026-09-12,51,quantile,0.6,57.0
2026-08-22,wk inc covid hosp,3,2026-09-12,51,quantile,0.65,63.0
2026-08-22,wk inc covid hosp,3,2026-09-12,51,quantile,0.7,68.0
2026-08-22,wk inc covid hosp,3,2026-09-12,51,quantile,0.75,74.0
2026-08-22,wk inc covid hosp,3,2026-09-12,51,quantile,0.8,82.0
2026-08-22,wk inc covid hosp,3,2026-09-12,51,quantile,0.85,91.0
2026-08-22,wk inc covid hosp,3,2026-09-12,51,quantile,0.9,103.0
2026-08-22,wk inc covid hosp,3,2026-09-12,51,quantile,0.95,128.0
2026-08-22,wk inc covid hosp,3,2026-09-12,51,quantile,0.975,145.0
2026-08-22,wk inc covid hosp,3,2026-09-12,51,quantile,0.99,170.0
2026-08-22,wk inc covid hosp,3,2026-09-12,53,quantile,0.01,7.0
2026-08-22,wk inc covid hosp,3,2026-09-12,53,quantile,0.025,16.0
2026-08-22,wk inc covid hosp,3,2026-09-12,53,quantile,0.05,26.0
2026-08-22,wk inc covid hosp,3,2026-09-12,53,quantile,0.1,39.0
2026-08-22,wk inc covid hosp,3,2026-09-12,53,quantile,0.15,49.0
2026-08-22,wk inc covid hosp,3,2026-09-12,53,quantile,0.2,57.0
2026-08-22,wk inc covid hosp,3,2026-09-12,53,quantile,0.25,64.0
2026-08-22,wk inc covid hosp,3,2026-09-12,53,quantile,0.3,70.0
2026-08-22,wk inc covid hosp,3,2026-09-12,53,quantile,0.35,74.0
2026-08-22,wk inc covid hosp,3,2026-09-12,53,quantile,0.4,81.0
2026-08-22,wk inc covid hosp,3,2026-09-12,53,quantile,0.45,87.0
2026-08-22,wk inc covid hosp,3,2026-09-12,53,quantile,0.5,95.0
2026-08-22,wk inc covid hosp,3,2026-09-12,53,quantile,0.55,101.0
2026-08-22,wk inc covid hosp,3,2026-09-12,53,quantile,0.6,108.0
2026-08-22,wk inc covid hosp,3,2026-09-12,53,quantile,0.65,117.0
2026-08-22,wk inc covid hosp,3,2026-09-12,53,quantile,0.7,124.0
2026-08-22,wk inc covid hosp,3,2026-09-12,53,quantile,0.75,133.0
2026-08-22,wk inc covid hosp,3,2026-09-12,53,quantile,0.8,143.0
2026-08-22,wk inc covid hosp,3,2026-09-12,53,quantile,0.85,156.0
2026-08-22,wk inc covid hosp,3,2026-09-12,53,quantile,0.9,178.0
2026-08-22,wk inc covid hosp,3,2026-09-12,53,quantile,0.95,212.0
2026-08-22,wk inc covid hosp,3,2026-09-12,53,quantile,0.975,241.0
2026-08-22,wk inc covid hosp,3,2026-09-12,53,quantile,0.99,289.0
2026-08-22,wk inc covid hosp,3,2026-09-12,54,quantile,0.01,0.0
2026-08-22,wk inc covid hosp,3,2026-09-12,54,quantile,0.025,0.0
2026-08-22,wk inc covid hosp,3,2026-09-12,54,quantile,0.05,2.0
2026-08-22,wk inc covid hosp,3,2026-09-12,54,quantile,0.1,6.0
2026-08-22,wk inc covid hosp,3,2026-09-12,54,quantile,0.15,9.0
2026-08-22,wk inc covid hosp,3,2026-09-12,54,quantile,0.2,11.0
2026-08-22,wk inc covid hosp,3,2026-09-12,54,quantile,0.25,13.0
2026-08-22,wk inc covid hosp,3,2026-09-12,54,quantile,0.3,15.0
2026-08-22,wk inc covid hosp,3,2026-09-12,54,quantile,0.35,17.0
2026-08-22,wk inc covid hosp,3,2026-09-12,54,quantile,0.4,19.0
2026-08-22,wk inc covid hosp,3,2026-09-12,54,quantile,0.45,21.0
2026-08-22,wk inc covid hosp,3,2026-09-12,54,quantile,0.5,24.0
2026-08-22,wk inc covid hosp,3,2026-09-12,54,quantile,0.55,26.0
2026-08-22,wk inc covid hosp,3,2026-09-12,54,quantile,0.6,28.0
2026-08-22,wk inc covid hosp,3,2026-09-12,54,quantile,0.65,31.0
2026-08-22,wk inc covid hosp,3,2026-09-12,54,quantile,0.7,33.0
2026-08-22,wk inc covid hosp,3,2026-09-12,54,quantile,0.75,36.0
2026-08-22,wk inc covid hosp,3,2026-09-12,54,quantile,0.8,40.0
2026-08-22,wk inc covid hosp,3,2026-09-12,54,quantile,0.85,45.0
2026-08-22,wk inc covid hosp,3,2026-09-12,54,quantile,0.9,51.0
2026-08-22,wk inc covid hosp,3,2026-09-12,54,quantile,0.95,65.0
2026-08-22,wk inc covid hosp,3,2026-09-12,54,quantile,0.975,74.0
2026-08-22,wk inc covid hosp,3,2026-09-12,54,quantile,0.99,90.0
2026-08-22,wk inc covid hosp,3,2026-09-12,55,quantile,0.01,0.0
2026-08-22,wk inc covid hosp,3,2026-09-12,55,quantile,0.025,0.0
2026-08-22,wk inc covid hosp,3,2026-09-12,55,quantile,0.05,0.0
2026-08-22,wk inc covid hosp,3,2026-09-12,55,quantile,0.1,2.0
2026-08-22,wk inc covid hosp,3,2026-09-12,55,quantile,0.15,9.0
2026-08-22,wk inc covid hosp,3,2026-09-12,55,quantile,0.2,15.0
2026-08-22,wk inc covid hosp,3,2026-09-12,55,quantile,0.25,19.0
2026-08-22,wk inc covid hosp,3,2026-09-12,55,quantile,0.3,23.0
2026-08-22,wk inc covid hosp,3,2026-09-12,55,quantile,0.35,26.0
2026-08-22,wk inc covid hosp,3,2026-09-12,55,quantile,0.4,31.0
2026-08-22,wk inc covid hosp,3,2026-09-12,55,quantile,0.45,35.0
2026-08-22,wk inc covid hosp,3,2026-09-12,55,quantile,0.5,41.0
2026-08-22,wk inc covid hosp,3,2026-09-12,55,quantile,0.55,45.0
2026-08-22,wk inc covid hosp,3,2026-09-12,55,quantile,0.6,50.0
2026-08-22,wk inc covid hosp,3,2026-09-12,55,quantile,0.65,56.0
2026-08-22,wk inc covid hosp,3,2026-09-12,55,quantile,0.7,61.0
2026-08-22,wk inc covid hosp,3,2026-09-12,55,quantile,0.75,67.0
2026-08-22,wk inc covid hosp,3,2026-09-12,55,quantile,0.8,74.0
2026-08-22,wk inc covid hosp,3,2026-09-12,55,quantile,0.85,84.0
2026-08-22,wk inc covid hosp,3,2026-09-12,55,quantile,0.9,101.0
2026-08-22,wk inc covid hosp,3,2026-09-12,55,quantile,0.95,129.0
2026-08-22,wk inc covid hosp,3,2026-09-12,55,quantile,0.975,151.0
2026-08-22,wk inc covid hosp,3,2026-09-12,55,quantile,0.99,190.0
2026-08-22,wk inc covid hosp,3,2026-09-12,56,quantile,0.01,0.0
2026-08-22,wk inc covid hosp,3,2026-09-12,56,quantile,0.025,0.0
2026-08-22,wk inc covid hosp,3,2026-09-12,56,quantile,0.05,0.0
2026-08-22,wk inc covid hosp,3,2026-09-12,56,quantile,0.1,0.0
2026-08-22,wk inc covid hosp,3,2026-09-12,56,quantile,0.15,0.0
2026-08-22,wk inc covid hosp,3,2026-09-12,56,quantile,0.2,1.0
2026-08-22,wk inc covid hosp,3,2026-09-12,56,quantile,0.25,1.0
2026-08-22,wk inc covid hosp,3,2026-09-12,56,quantile,0.3,2.0
2026-08-22,wk inc covid hosp,3,2026-09-12,56,quantile,0.35,2.0
2026-08-22,wk inc covid hosp,3,2026-09-12,56,quantile,0.4,2.0
2026-08-22,wk inc covid hosp,3,2026-09-12,56,quantile,0.45,3.0
2026-08-22,wk inc covid hosp,3,2026-09-12,56,quantile,0.5,3.0
2026-08-22,wk inc covid hosp,3,2026-09-12,56,quantile,0.55,4.0
2026-08-22,wk inc covid hosp,3,2026-09-12,56,quantile,0.6,5.0
2026-08-22,wk inc covid hosp,3,2026-09-12,56,quantile,0.65,5.0
2026-08-22,wk inc covid hosp,3,2026-09-12,56,quantile,0.7,6.0
2026-08-22,wk inc covid hosp,3,2026-09-12,56,quantile,0.75,7.0
2026-08-22,wk inc covid hosp,3,2026-09-12,56,quantile,0.8,8.0
2026-08-22,wk inc covid hosp,3,2026-09-12,56,quantile,0.85,9.0
2026-08-22,wk inc covid hosp,3,2026-09-12,56,quantile,0.9,11.0
2026-08-22,wk inc covid hosp,3,2026-09-12,56,quantile,0.95,15.0
2026-08-22,wk inc covid hosp,3,2026-09-12,56,quantile,0.975,18.0
2026-08-22,wk inc covid hosp,3,2026-09-12,56,quantile,0.99,21.0
2026-08-22,wk inc covid hosp,3,2026-09-12,72,quantile,0.01,1.0
2026-08-22,wk inc covid hosp,3,2026-09-12,72,quantile,0.025,10.0
2026-08-22,wk inc covid hosp,3,2026-09-12,72,quantile,0.05,18.0
2026-08-22,wk inc covid hosp,3,2026-09-12,72,quantile,0.1,34.0
2026-08-22,wk inc covid hosp,3,2026-09-12,72,quantile,0.15,45.0
2026-08-22,wk inc covid hosp,3,2026-09-12,72,quantile,0.2,54.0
2026-08-22,wk inc covid hosp,3,2026-09-12,72,quantile,0.25,61.0
2026-08-22,wk inc covid hosp,3,2026-09-12,72,quantile,0.3,70.0
2026-08-22,wk inc covid hosp,3,2026-09-12,72,quantile,0.35,80.0
2026-08-22,wk inc covid hosp,3,2026-09-12,72,quantile,0.4,89.0
2026-08-22,wk inc covid hosp,3,2026-09-12,72,quantile,0.45,98.0
2026-08-22,wk inc covid hosp,3,2026-09-12,72,quantile,0.5,108.0
2026-08-22,wk inc covid hosp,3,2026-09-12,72,quantile,0.55,120.0
2026-08-22,wk inc covid hosp,3,2026-09-12,72,quantile,0.6,131.0
2026-08-22,wk inc covid hosp,3,2026-09-12,72,quantile,0.65,144.0
2026-08-22,wk inc covid hosp,3,2026-09-12,72,quantile,0.7,160.0
2026-08-22,wk inc covid hosp,3,2026-09-12,72,quantile,0.75,174.0
2026-08-22,wk inc covid hosp,3,2026-09-12,72,quantile,0.8,195.0
2026-08-22,wk inc covid hosp,3,2026-09-12,72,quantile,0.85,219.0
2026-08-22,wk inc covid hosp,3,2026-09-12,72,quantile,0.9,261.0
2026-08-22,wk inc covid hosp,3,2026-09-12,72,quantile,0.95,343.0
2026-08-22,wk inc covid hosp,3,2026-09-12,72,quantile,0.975,415.0
2026-08-22,wk inc covid hosp,3,2026-09-12,72,quantile,0.99,505.0
