reference_date,target,horizon,target_end_date,location,output_type,output_type_id,value
2026-08-15,wk inc covid hosp,0,2026-08-15,01,quantile,0.01,38.0
2026-08-15,wk inc covid hosp,0,2026-08-15,01,quantile,0.025,43.0
2026-08-15,wk inc covid hosp,0,2026-08-15,01,quantile,0.05,47.0
2026-08-15,wk inc covid hosp,0,2026-08-15,01,quantile,0.1,53.0
2026-08-15,wk inc covid hosp,0,2026-08-15,01,quantile,0.15,57.0
2026-08-15,wk inc covid hosp,0,2026-08-15,01,quantile,0.2,60.0
2026-08-15,wk inc covid hosp,0,2026-08-15,01,quantile,0.25,63.0
2026-08-15,wk inc covid hosp,0,2026-08-15,01,quantile,0.3,65.0
2026-08-15,wk inc covid hosp,0,2026-08-15,01,quantile,0.35,67.0
2026-08-15,wk inc covid hosp,0,2026-08-15,01,quantile,0.4,70.0
2026-08-15,wk inc covid hosp,0,2026-08-15,01,quantile,0.45,72.0
2026-08-15,wk inc covid hosp,0,2026-08-15,01,quantile,0.5,75.0
2026-08-15,wk inc covid hosp,0,2026-08-15,01,quantile,0.55,77.0
2026-08-15,wk inc covid hosp,0,2026-08-15,01,quantile,0.6,80.0
2026-08-15,wk inc covid hosp,0,2026-08-15,01,quantile,0.65,82.0
2026-08-15,wk inc covid hosp,0,2026-08-15,01,quantile,0.7,85.0
2026-08-15,wk inc covid hosp,0,2026-08-15,01,quantile,0.75,88.0
2026-08-15,wk inc covid hosp,0,2026-08-15,01,quantile,0.8,92.0
2026-08-15,wk inc covid hosp,0,2026-08-15,01,quantile,0.85,96.0
2026-08-15,wk inc covid hosp,0,2026-08-15,01,quantile,0.9,103.0
2026-08-15,wk inc covid hosp,0,2026-08-15,01,quantile,0.95,111.0
2026-08-15,wk inc covid hosp,0,2026-08-15,01,quantile,0.975,120.0
2026-08-15,wk inc covid hosp,0,2026-08-15,01,quantile,0.99,129.0
2026-08-15,wk inc covid hosp,0,2026-08-15,02,quantile,0.01,0.0
2026-08-15,wk inc covid hosp,0,2026-08-15,02,quantile,0.025,0.0
2026-08-15,wk inc covid hosp,0,2026-08-15,02,quantile,0.05,0.0
2026-08-15,wk inc covid hosp,0,2026-08-15,02,quantile,0.1,0.0
2026-08-15,wk inc covid hosp,0,2026-08-15,02,quantile,0.15,1.0
2026-08-15,wk inc covid hosp,0,2026-08-15,02,quantile,0.2,1.0
2026-08-15,wk inc covid hosp,0,2026-08-15,02,quantile,0.25,1.0
2026-08-15,wk inc covid hosp,0,2026-08-15,02,quantile,0.3,1.0
2026-08-15,wk inc covid hosp,0,2026-08-15,02,quantile,0.35,2.0
2026-08-15,wk inc covid hosp,0,2026-08-15,02,quantile,0.4,2.0
2026-08-15,wk inc covid hosp,0,2026-08-15,02,quantile,0.45,2.0
2026-08-15,wk inc covid hosp,0,2026-08-15,02,quantile,0.5,3.0
2026-08-15,wk inc covid hosp,0,2026-08-15,02,quantile,0.55,3.0
2026-08-15,wk inc covid hosp,0,2026-08-15,02,quantile,0.6,3.0
2026-08-15,wk inc covid hosp,0,2026-08-15,02,quantile,0.65,4.0
2026-08-15,wk inc covid hosp,0,2026-08-15,02,quantile,0.7,4.0
2026-08-15,wk inc covid hosp,0,2026-08-15,02,quantile,0.75,4.0
2026-08-15,wk inc covid hosp,0,2026-08-15,02,quantile,0.8,5.0
2026-08-15,wk inc covid hosp,0,2026-08-15,02,quantile,0.85,6.0
2026-08-15,wk inc covid hosp,0,2026-08-15,02,quantile,0.9,6.0
2026-08-15,wk inc covid hosp,0,2026-08-15,02,quantile,0.95,7.0
2026-08-15,wk inc covid hosp,0,2026-08-15,02,quantile,0.975,9.0
2026-08-15,wk inc covid hosp,0,2026-08-15,02,quantile,0.99,10.0
2026-08-15,wk inc covid hosp,0,2026-08-15,04,quantile,0.01,14.0
2026-08-15,wk inc covid hosp,0,2026-08-15,04,quantile,0.025,19.0
2026-08-15,wk inc covid hosp,0,2026-08-15,04,quantile,0.05,24.0
2026-08-15,wk inc covid hosp,0,2026-08-15,04,quantile,0.1,30.0
2026-08-15,wk inc covid hosp,0,2026-08-15,04,quantile,0.15,34.0
2026-08-15,wk inc covid hosp,0,2026-08-15,04,quantile,0.2,38.0
2026-08-15,wk inc covid hosp,0,2026-08-15,04,quantile,0.25,41.0
2026-08-15,wk inc covid hosp,0,2026-08-15,04,quantile,0.3,45.0
2026-08-15,wk inc covid hosp,0,2026-08-15,04,quantile,0.35,47.0
2026-08-15,wk inc covid hosp,0,2026-08-15,04,quantile,0.4,50.0
2026-08-15,wk inc covid hosp,0,2026-08-15,04,quantile,0.45,52.0
2026-08-15,wk inc covid hosp,0,2026-08-15,04,quantile,0.5,55.0
2026-08-15,wk inc covid hosp,0,2026-08-15,04,quantile,0.55,57.0
2026-08-15,wk inc covid hosp,0,2026-08-15,04,quantile,0.6,60.0
2026-08-15,wk inc covid hosp,0,2026-08-15,04,quantile,0.65,63.0
2026-08-15,wk inc covid hosp,0,2026-08-15,04,quantile,0.7,66.0
2026-08-15,wk inc covid hosp,0,2026-08-15,04,quantile,0.75,69.0
2026-08-15,wk inc covid hosp,0,2026-08-15,04,quantile,0.8,72.0
2026-08-15,wk inc covid hosp,0,2026-08-15,04,quantile,0.85,77.0
2026-08-15,wk inc covid hosp,0,2026-08-15,04,quantile,0.9,83.0
2026-08-15,wk inc covid hosp,0,2026-08-15,04,quantile,0.95,91.0
2026-08-15,wk inc covid hosp,0,2026-08-15,04,quantile,0.975,99.0
2026-08-15,wk inc covid hosp,0,2026-08-15,04,quantile,0.99,107.0
2026-08-15,wk inc covid hosp,0,2026-08-15,05,quantile,0.01,0.0
2026-08-15,wk inc covid hosp,0,2026-08-15,05,quantile,0.025,1.0
2026-08-15,wk inc covid hosp,0,2026-08-15,05,quantile,0.05,3.0
2026-08-15,wk inc covid hosp,0,2026-08-15,05,quantile,0.1,5.0
2026-08-15,wk inc covid hosp,0,2026-08-15,05,quantile,0.15,6.0
2026-08-15,wk inc covid hosp,0,2026-08-15,05,quantile,0.2,8.0
2026-08-15,wk inc covid hosp,0,2026-08-15,05,quantile,0.25,9.0
2026-08-15,wk inc covid hosp,0,2026-08-15,05,quantile,0.3,10.0
2026-08-15,wk inc covid hosp,0,2026-08-15,05,quantile,0.35,10.0
2026-08-15,wk inc covid hosp,0,2026-08-15,05,quantile,0.4,11.0
2026-08-15,wk inc covid hosp,0,2026-08-15,05,quantile,0.45,12.0
2026-08-15,wk inc covid hosp,0,2026-08-15,05,quantile,0.5,13.0
2026-08-15,wk inc covid hosp,0,2026-08-15,05,quantile,0.55,14.0
2026-08-15,wk inc covid hosp,0,2026-08-15,05,quantile,0.6,15.0
2026-08-15,wk inc covid hosp,0,2026-08-15,05,quantile,0.65,16.0
2026-08-15,wk inc covid hosp,0,2026-08-15,05,quantile,0.7,17.0
2026-08-15,wk inc covid hosp,0,2026-08-15,05,quantile,0.75,19.0
2026-08-15,wk inc covid hosp,0,2026-08-15,05,quantile,0.8,20.0
2026-08-15,wk inc covid hosp,0,2026-08-15,05,quantile,0.85,22.0
2026-08-15,wk inc covid hosp,0,2026-08-15,05,quantile,0.9,24.0
2026-08-15,wk inc covid hosp,0,2026-08-15,05,quantile,0.95,27.0
2026-08-15,wk inc covid hosp,0,2026-08-15,05,quantile,0.975,31.0
2026-08-15,wk inc covid hosp,0,2026-08-15,05,quantile,0.99,34.0
2026-08-15,wk inc covid hosp,0,2026-08-15,06,quantile,0.01,230.0
2026-08-15,wk inc covid hosp,0,2026-08-15,06,quantile,0.025,254.0
2026-08-15,wk inc covid hosp,0,2026-08-15,06,quantile,0.05,268.0
2026-08-15,wk inc covid hosp,0,2026-08-15,06,quantile,0.1,293.0
2026-08-15,wk inc covid hosp,0,2026-08-15,06,quantile,0.15,306.0
2026-08-15,wk inc covid hosp,0,2026-08-15,06,quantile,0.2,321.0
2026-08-15,wk inc covid hosp,0,2026-08-15,06,quantile,0.25,333.0
2026-08-15,wk inc covid hosp,0,2026-08-15,06,quantile,0.3,343.0
2026-08-15,wk inc covid hosp,0,2026-08-15,06,quantile,0.35,353.0
2026-08-15,wk inc covid hosp,0,2026-08-15,06,quantile,0.4,362.0
2026-08-15,wk inc covid hosp,0,2026-08-15,06,quantile,0.45,369.0
2026-08-15,wk inc covid hosp,0,2026-08-15,06,quantile,0.5,379.0
2026-08-15,wk inc covid hosp,0,2026-08-15,06,quantile,0.55,387.0
2026-08-15,wk inc covid hosp,0,2026-08-15,06,quantile,0.6,398.0
2026-08-15,wk inc covid hosp,0,2026-08-15,06,quantile,0.65,406.0
2026-08-15,wk inc covid hosp,0,2026-08-15,06,quantile,0.7,417.0
2026-08-15,wk inc covid hosp,0,2026-08-15,06,quantile,0.75,425.0
2026-08-15,wk inc covid hosp,0,2026-08-15,06,quantile,0.8,437.0
2026-08-15,wk inc covid hosp,0,2026-08-15,06,quantile,0.85,450.0
2026-08-15,wk inc covid hosp,0,2026-08-15,06,quantile,0.9,471.0
2026-08-15,wk inc covid hosp,0,2026-08-15,06,quantile,0.95,494.0
2026-08-15,wk inc covid hosp,0,2026-08-15,06,quantile,0.975,514.0
2026-08-15,wk inc covid hosp,0,2026-08-15,06,quantile,0.99,548.0
2026-08-15,wk inc covid hosp,0,2026-08-15,08,quantile,0.01,0.0
2026-08-15,wk inc covid hosp,0,2026-08-15,08,quantile,0.025,0.0
2026-08-15,wk inc covid hosp,0,2026-08-15,08,quantile,0.05,2.0
2026-08-15,wk inc covid hosp,0,2026-08-15,08,quantile,0.1,5.0
2026-08-15,wk inc covid hosp,0,2026-08-15,08,quantile,0.15,7.0
2026-08-15,wk inc covid hosp,0,2026-08-15,08,quantile,0.2,9.0
2026-08-15,wk inc covid hosp,0,2026-08-15,08,quantile,0.25,11.0
2026-08-15,wk inc covid hosp,0,2026-08-15,08,quantile,0.3,12.0
2026-08-15,wk inc covid hosp,0,2026-08-15,08,quantile,0.35,13.0
2026-08-15,wk inc covid hosp,0,2026-08-15,08,quantile,0.4,15.0
2026-08-15,wk inc covid hosp,0,2026-08-15,08,quantile,0.45,16.0
2026-08-15,wk inc covid hosp,0,2026-08-15,08,quantile,0.5,18.0
2026-08-15,wk inc covid hosp,0,2026-08-15,08,quantile,0.55,19.0
2026-08-15,wk inc covid hosp,0,2026-08-15,08,quantile,0.6,20.0
2026-08-15,wk inc covid hosp,0,2026-08-15,08,quantile,0.65,22.0
2026-08-15,wk inc covid hosp,0,2026-08-15,08,quantile,0.7,23.0
2026-08-15,wk inc covid hosp,0,2026-08-15,08,quantile,0.75,25.0
2026-08-15,wk inc covid hosp,0,2026-08-15,08,quantile,0.8,27.0
2026-08-15,wk inc covid hosp,0,2026-08-15,08,quantile,0.85,29.0
2026-08-15,wk inc covid hosp,0,2026-08-15,08,quantile,0.9,33.0
2026-08-15,wk inc covid hosp,0,2026-08-15,08,quantile,0.95,37.0
2026-08-15,wk inc covid hosp,0,2026-08-15,08,quantile,0.975,42.0
2026-08-15,wk inc covid hosp,0,2026-08-15,08,quantile,0.99,47.0
2026-08-15,wk inc covid hosp,0,2026-08-15,09,quantile,0.01,0.0
2026-08-15,wk inc covid hosp,0,2026-08-15,09,quantile,0.025,0.0
2026-08-15,wk inc covid hosp,0,2026-08-15,09,quantile,0.05,0.0
2026-08-15,wk inc covid hosp,0,2026-08-15,09,quantile,0.1,0.0
2026-08-15,wk inc covid hosp,0,2026-08-15,09,quantile,0.15,1.0
2026-08-15,wk inc covid hosp,0,2026-08-15,09,quantile,0.2,2.0
2026-08-15,wk inc covid hosp,0,2026-08-15,09,quantile,0.25,3.0
2026-08-15,wk inc covid hosp,0,2026-08-15,09,quantile,0.3,4.0
2026-08-15,wk inc covid hosp,0,2026-08-15,09,quantile,0.35,5.0
2026-08-15,wk inc covid hosp,0,2026-08-15,09,quantile,0.4,6.0
2026-08-15,wk inc covid hosp,0,2026-08-15,09,quantile,0.45,7.0
2026-08-15,wk inc covid hosp,0,2026-08-15,09,quantile,0.5,9.0
2026-08-15,wk inc covid hosp,0,2026-08-15,09,quantile,0.55,10.0
2026-08-15,wk inc covid hosp,0,2026-08-15,09,quantile,0.6,11.0
2026-08-15,wk inc covid hosp,0,2026-08-15,09,quantile,0.65,12.0
2026-08-15,wk inc covid hosp,0,2026-08-15,09,quantile,0.7,13.0
2026-08-15,wk inc covid hosp,0,2026-08-15,09,quantile,0.75,15.0
2026-08-15,wk inc covid hosp,0,2026-08-15,09,quantile,0.8,17.0
2026-08-15,wk inc covid hosp,0,2026-08-15,09,quantile,0.85,19.0
2026-08-15,wk inc covid hosp,0,2026-08-15,09,quantile,0.9,22.0
2026-08-15,wk inc covid hosp,0,2026-08-15,09,quantile,0.95,25.0
2026-08-15,wk inc covid hosp,0,2026-08-15,09,quantile,0.975,29.0
2026-08-15,wk inc covid hosp,0,2026-08-15,09,quantile,0.99,34.0
2026-08-15,wk inc covid hosp,0,2026-08-15,10,quantile,0.01,0.0
2026-08-15,wk inc covid hosp,0,2026-08-15,10,quantile,0.025,0.0
2026-08-15,wk inc covid hosp,0,2026-08-15,10,quantile,0.05,0.0
2026-08-15,wk inc covid hosp,0,2026-08-15,10,quantile,0.1,0.0
2026-08-15,wk inc covid hosp,0,2026-08-15,10,quantile,0.15,0.0
2026-08-15,wk inc covid hosp,0,2026-08-15,10,quantile,0.2,0.0
2026-08-15,wk inc covid hosp,0,2026-08-15,10,quantile,0.25,0.0
2026-08-15,wk inc covid hosp,0,2026-08-15,10,quantile,0.3,0.0
2026-08-15,wk inc covid hosp,0,2026-08-15,10,quantile,0.35,0.0
2026-08-15,wk inc covid hosp,0,2026-08-15,10,quantile,0.4,0.0
2026-08-15,wk inc covid hosp,0,2026-08-15,10,quantile,0.45,1.0
2026-08-15,wk inc covid hosp,0,2026-08-15,10,quantile,0.5,1.0
2026-08-15,wk inc covid hosp,0,2026-08-15,10,quantile,0.55,1.0
2026-08-15,wk inc covid hosp,0,2026-08-15,10,quantile,0.6,2.0
2026-08-15,wk inc covid hosp,0,2026-08-15,10,quantile,0.65,2.0
2026-08-15,wk inc covid hosp,0,2026-08-15,10,quantile,0.7,2.0
2026-08-15,wk inc covid hosp,0,2026-08-15,10,quantile,0.75,3.0
2026-08-15,wk inc covid hosp,0,2026-08-15,10,quantile,0.8,3.0
2026-08-15,wk inc covid hosp,0,2026-08-15,10,quantile,0.85,4.0
2026-08-15,wk inc covid hosp,0,2026-08-15,10,quantile,0.9,5.0
2026-08-15,wk inc covid hosp,0,2026-08-15,10,quantile,0.95,6.0
2026-08-15,wk inc covid hosp,0,2026-08-15,10,quantile,0.975,7.0
2026-08-15,wk inc covid hosp,0,2026-08-15,10,quantile,0.99,8.0
2026-08-15,wk inc covid hosp,0,2026-08-15,11,quantile,0.01,0.0
2026-08-15,wk inc covid hosp,0,2026-08-15,11,quantile,0.025,0.0
2026-08-15,wk inc covid hosp,0,2026-08-15,11,quantile,0.05,0.0
2026-08-15,wk inc covid hosp,0,2026-08-15,11,quantile,0.1,0.0
2026-08-15,wk inc covid hosp,0,2026-08-15,11,quantile,0.15,1.0
2026-08-15,wk inc covid hosp,0,2026-08-15,11,quantile,0.2,1.0
2026-08-15,wk inc covid hosp,0,2026-08-15,11,quantile,0.25,1.0
2026-08-15,wk inc covid hosp,0,2026-08-15,11,quantile,0.3,2.0
2026-08-15,wk inc covid hosp,0,2026-08-15,11,quantile,0.35,2.0
2026-08-15,wk inc covid hosp,0,2026-08-15,11,quantile,0.4,2.0
2026-08-15,wk inc covid hosp,0,2026-08-15,11,quantile,0.45,3.0
2026-08-15,wk inc covid hosp,0,2026-08-15,11,quantile,0.5,3.0
2026-08-15,wk inc covid hosp,0,2026-08-15,11,quantile,0.55,3.0
2026-08-15,wk inc covid hosp,0,2026-08-15,11,quantile,0.6,4.0
2026-08-15,wk inc covid hosp,0,2026-08-15,11,quantile,0.65,4.0
2026-08-15,wk inc covid hosp,0,2026-08-15,11,quantile,0.7,4.0
2026-08-15,wk inc covid hosp,0,2026-08-15,11,quantile,0.75,5.0
2026-08-15,wk inc covid hosp,0,2026-08-15,11,quantile,0.8,6.0
2026-08-15,wk inc covid hosp,0,2026-08-15,11,quantile,0.85,6.0
2026-08-15,wk inc covid hosp,0,2026-08-15,11,quantile,0.9,7.0
2026-08-15,wk inc covid hosp,0,2026-08-15,11,quantile,0.95,8.0
2026-08-15,wk inc covid hosp,0,2026-08-15,11,quantile,0.975,10.0
2026-08-15,wk inc covid hosp,0,2026-08-15,11,quantile,0.99,11.0
2026-08-15,wk inc covid hosp,0,2026-08-15,12,quantile,0.01,140.0
2026-08-15,wk inc covid hosp,0,2026-08-15,12,quantile,0.025,159.0
2026-08-15,wk inc covid hosp,0,2026-08-15,12,quantile,0.05,180.0
2026-08-15,wk inc covid hosp,0,2026-08-15,12,quantile,0.1,205.0
2026-08-15,wk inc covid hosp,0,2026-08-15,12,quantile,0.15,220.0
2026-08-15,wk inc covid hosp,0,2026-08-15,12,quantile,0.2,234.0
2026-08-15,wk inc covid hosp,0,2026-08-15,12,quantile,0.25,246.0
2026-08-15,wk inc covid hosp,0,2026-08-15,12,quantile,0.3,258.0
2026-08-15,wk inc covid hosp,0,2026-08-15,12,quantile,0.35,268.0
2026-08-15,wk inc covid hosp,0,2026-08-15,12,quantile,0.4,278.0
2026-08-15,wk inc covid hosp,0,2026-08-15,12,quantile,0.45,289.0
2026-08-15,wk inc covid hosp,0,2026-08-15,12,quantile,0.5,302.0
2026-08-15,wk inc covid hosp,0,2026-08-15,12,quantile,0.55,312.0
2026-08-15,wk inc covid hosp,0,2026-08-15,12,quantile,0.6,322.0
2026-08-15,wk inc covid hosp,0,2026-08-15,12,quantile,0.65,334.0
2026-08-15,wk inc covid hosp,0,2026-08-15,12,quantile,0.7,346.0
2026-08-15,wk inc covid hosp,0,2026-08-15,12,quantile,0.75,360.0
2026-08-15,wk inc covid hosp,0,2026-08-15,12,quantile,0.8,376.0
2026-08-15,wk inc covid hosp,0,2026-08-15,12,quantile,0.85,395.0
2026-08-15,wk inc covid hosp,0,2026-08-15,12,quantile,0.9,428.0
2026-08-15,wk inc covid hosp,0,2026-08-15,12,quantile,0.95,463.0
2026-08-15,wk inc covid hosp,0,2026-08-15,12,quantile,0.975,503.0
2026-08-15,wk inc covid hosp,0,2026-08-15,12,quantile,0.99,545.0
2026-08-15,wk inc covid hosp,0,2026-08-15,13,quantile,0.01,26.0
2026-08-15,wk inc covid hosp,0,2026-08-15,13,quantile,0.025,34.0
2026-08-15,wk inc covid hosp,0,2026-08-15,13,quantile,0.05,40.0
2026-08-15,wk inc covid hosp,0,2026-08-15,13,quantile,0.1,49.0
2026-08-15,wk inc covid hosp,0,2026-08-15,13,quantile,0.15,54.0
2026-08-15,wk inc covid hosp,0,2026-08-15,13,quantile,0.2,60.0
2026-08-15,wk inc covid hosp,0,2026-08-15,13,quantile,0.25,64.0
2026-08-15,wk inc covid hosp,0,2026-08-15,13,quantile,0.3,68.0
2026-08-15,wk inc covid hosp,0,2026-08-15,13,quantile,0.35,72.0
2026-08-15,wk inc covid hosp,0,2026-08-15,13,quantile,0.4,75.0
2026-08-15,wk inc covid hosp,0,2026-08-15,13,quantile,0.45,78.0
2026-08-15,wk inc covid hosp,0,2026-08-15,13,quantile,0.5,82.0
2026-08-15,wk inc covid hosp,0,2026-08-15,13,quantile,0.55,85.0
2026-08-15,wk inc covid hosp,0,2026-08-15,13,quantile,0.6,89.0
2026-08-15,wk inc covid hosp,0,2026-08-15,13,quantile,0.65,93.0
2026-08-15,wk inc covid hosp,0,2026-08-15,13,quantile,0.7,96.0
2026-08-15,wk inc covid hosp,0,2026-08-15,13,quantile,0.75,101.0
2026-08-15,wk inc covid hosp,0,2026-08-15,13,quantile,0.8,106.0
2026-08-15,wk inc covid hosp,0,2026-08-15,13,quantile,0.85,111.0
2026-08-15,wk inc covid hosp,0,2026-08-15,13,quantile,0.9,119.0
2026-08-15,wk inc covid hosp,0,2026-08-15,13,quantile,0.95,129.0
2026-08-15,wk inc covid hosp,0,2026-08-15,13,quantile,0.975,138.0
2026-08-15,wk inc covid hosp,0,2026-08-15,13,quantile,0.99,152.0
2026-08-15,wk inc covid hosp,0,2026-08-15,15,quantile,0.01,2.0
2026-08-15,wk inc covid hosp,0,2026-08-15,15,quantile,0.025,4.0
2026-08-15,wk inc covid hosp,0,2026-08-15,15,quantile,0.05,6.0
2026-08-15,wk inc covid hosp,0,2026-08-15,15,quantile,0.1,8.0
2026-08-15,wk inc covid hosp,0,2026-08-15,15,quantile,0.15,9.0
2026-08-15,wk inc covid hosp,0,2026-08-15,15,quantile,0.2,11.0
2026-08-15,wk inc covid hosp,0,2026-08-15,15,quantile,0.25,12.0
2026-08-15,wk inc covid hosp,0,2026-08-15,15,quantile,0.3,12.0
2026-08-15,wk inc covid hosp,0,2026-08-15,15,quantile,0.35,14.0
2026-08-15,wk inc covid hosp,0,2026-08-15,15,quantile,0.4,15.0
2026-08-15,wk inc covid hosp,0,2026-08-15,15,quantile,0.45,16.0
2026-08-15,wk inc covid hosp,0,2026-08-15,15,quantile,0.5,17.0
2026-08-15,wk inc covid hosp,0,2026-08-15,15,quantile,0.55,18.0
2026-08-15,wk inc covid hosp,0,2026-08-15,15,quantile,0.6,19.0
2026-08-15,wk inc covid hosp,0,2026-08-15,15,quantile,0.65,20.0
2026-08-15,wk inc covid hosp,0,2026-08-15,15,quantile,0.7,22.0
2026-08-15,wk inc covid hosp,0,2026-08-15,15,quantile,0.75,23.0
2026-08-15,wk inc covid hosp,0,2026-08-15,15,quantile,0.8,26.0
2026-08-15,wk inc covid hosp,0,2026-08-15,15,quantile,0.85,28.0
2026-08-15,wk inc covid hosp,0,2026-08-15,15,quantile,0.9,31.0
2026-08-15,wk inc covid hosp,0,2026-08-15,15,quantile,0.95,35.0
2026-08-15,wk inc covid hosp,0,2026-08-15,15,quantile,0.975,40.0
2026-08-15,wk inc covid hosp,0,2026-08-15,15,quantile,0.99,46.0
2026-08-15,wk inc covid hosp,0,2026-08-15,16,quantile,0.01,0.0
2026-08-15,wk inc covid hosp,0,2026-08-15,16,quantile,0.025,0.0
2026-08-15,wk inc covid hosp,0,2026-08-15,16,quantile,0.05,0.0
2026-08-15,wk inc covid hosp,0,2026-08-15,16,quantile,0.1,0.0
2026-08-15,wk inc covid hosp,0,2026-08-15,16,quantile,0.15,0.0
2026-08-15,wk inc covid hosp,0,2026-08-15,16,quantile,0.2,0.0
2026-08-15,wk inc covid hosp,0,2026-08-15,16,quantile,0.25,0.0
2026-08-15,wk inc covid hosp,0,2026-08-15,16,quantile,0.3,0.0
2026-08-15,wk inc covid hosp,0,2026-08-15,16,quantile,0.35,1.0
2026-08-15,wk inc covid hosp,0,2026-08-15,16,quantile,0.4,1.0
2026-08-15,wk inc covid hosp,0,2026-08-15,16,quantile,0.45,2.0
2026-08-15,wk inc covid hosp,0,2026-08-15,16,quantile,0.5,2.0
2026-08-15,wk inc covid hosp,0,2026-08-15,16,quantile,0.55,3.0
2026-08-15,wk inc covid hosp,0,2026-08-15,16,quantile,0.6,3.0
2026-08-15,wk inc covid hosp,0,2026-08-15,16,quantile,0.65,4.0
2026-08-15,wk inc covid hosp,0,2026-08-15,16,quantile,0.7,4.0
2026-08-15,wk inc covid hosp,0,2026-08-15,16,quantile,0.75,5.0
2026-08-15,wk inc covid hosp,0,2026-08-15,16,quantile,0.8,6.0
2026-08-15,wk inc covid hosp,0,2026-08-15,16,quantile,0.85,6.0
2026-08-15,wk inc covid hosp,0,2026-08-15,16,quantile,0.9,8.0
2026-08-15,wk inc covid hosp,0,2026-08-15,16,quantile,0.95,9.0
2026-08-15,wk inc covid hosp,0,2026-08-15,16,quantile,0.975,11.0
2026-08-15,wk inc covid hosp,0,2026-08-15,16,quantile,0.99,13.0
2026-08-15,wk inc covid hosp,0,2026-08-15,17,quantile,0.01,0.0
2026-08-15,wk inc covid hosp,0,2026-08-15,17,quantile,0.025,2.0
2026-08-15,wk inc covid hosp,0,2026-08-15,17,quantile,0.05,7.0
2026-08-15,wk inc covid hosp,0,2026-08-15,17,quantile,0.1,13.0
2026-08-15,wk inc covid hosp,0,2026-08-15,17,quantile,0.15,16.0
2026-08-15,wk inc covid hosp,0,2026-08-15,17,quantile,0.2,20.0
2026-08-15,wk inc covid hosp,0,2026-08-15,17,quantile,0.25,23.0
2026-08-15,wk inc covid hosp,0,2026-08-15,17,quantile,0.3,26.0
2026-08-15,wk inc covid hosp,0,2026-08-15,17,quantile,0.35,28.0
2026-08-15,wk inc covid hosp,0,2026-08-15,17,quantile,0.4,30.0
2026-08-15,wk inc covid hosp,0,2026-08-15,17,quantile,0.45,32.0
2026-08-15,wk inc covid hosp,0,2026-08-15,17,quantile,0.5,35.0
2026-08-15,wk inc covid hosp,0,2026-08-15,17,quantile,0.55,37.0
2026-08-15,wk inc covid hosp,0,2026-08-15,17,quantile,0.6,40.0
2026-08-15,wk inc covid hosp,0,2026-08-15,17,quantile,0.65,42.0
2026-08-15,wk inc covid hosp,0,2026-08-15,17,quantile,0.7,44.0
2026-08-15,wk inc covid hosp,0,2026-08-15,17,quantile,0.75,47.0
2026-08-15,wk inc covid hosp,0,2026-08-15,17,quantile,0.8,50.0
2026-08-15,wk inc covid hosp,0,2026-08-15,17,quantile,0.85,53.0
2026-08-15,wk inc covid hosp,0,2026-08-15,17,quantile,0.9,58.0
2026-08-15,wk inc covid hosp,0,2026-08-15,17,quantile,0.95,65.0
2026-08-15,wk inc covid hosp,0,2026-08-15,17,quantile,0.975,70.0
2026-08-15,wk inc covid hosp,0,2026-08-15,17,quantile,0.99,79.0
2026-08-15,wk inc covid hosp,0,2026-08-15,18,quantile,0.01,0.0
2026-08-15,wk inc covid hosp,0,2026-08-15,18,quantile,0.025,0.0
2026-08-15,wk inc covid hosp,0,2026-08-15,18,quantile,0.05,0.0
2026-08-15,wk inc covid hosp,0,2026-08-15,18,quantile,0.1,0.0
2026-08-15,wk inc covid hosp,0,2026-08-15,18,quantile,0.15,2.0
2026-08-15,wk inc covid hosp,0,2026-08-15,18,quantile,0.2,4.0
2026-08-15,wk inc covid hosp,0,2026-08-15,18,quantile,0.25,6.0
2026-08-15,wk inc covid hosp,0,2026-08-15,18,quantile,0.3,7.0
2026-08-15,wk inc covid hosp,0,2026-08-15,18,quantile,0.35,9.0
2026-08-15,wk inc covid hosp,0,2026-08-15,18,quantile,0.4,10.0
2026-08-15,wk inc covid hosp,0,2026-08-15,18,quantile,0.45,12.0
2026-08-15,wk inc covid hosp,0,2026-08-15,18,quantile,0.5,13.0
2026-08-15,wk inc covid hosp,0,2026-08-15,18,quantile,0.55,15.0
2026-08-15,wk inc covid hosp,0,2026-08-15,18,quantile,0.6,16.0
2026-08-15,wk inc covid hosp,0,2026-08-15,18,quantile,0.65,18.0
2026-08-15,wk inc covid hosp,0,2026-08-15,18,quantile,0.7,19.0
2026-08-15,wk inc covid hosp,0,2026-08-15,18,quantile,0.75,21.0
2026-08-15,wk inc covid hosp,0,2026-08-15,18,quantile,0.8,23.0
2026-08-15,wk inc covid hosp,0,2026-08-15,18,quantile,0.85,26.0
2026-08-15,wk inc covid hosp,0,2026-08-15,18,quantile,0.9,30.0
2026-08-15,wk inc covid hosp,0,2026-08-15,18,quantile,0.95,35.0
2026-08-15,wk inc covid hosp,0,2026-08-15,18,quantile,0.975,40.0
2026-08-15,wk inc covid hosp,0,2026-08-15,18,quantile,0.99,46.0
2026-08-15,wk inc covid hosp,0,2026-08-15,19,quantile,0.01,0.0
2026-08-15,wk inc covid hosp,0,2026-08-15,19,quantile,0.025,0.0
2026-08-15,wk inc covid hosp,0,2026-08-15,19,quantile,0.05,0.0
2026-08-15,wk inc covid hosp,0,2026-08-15,19,quantile,0.1,2.0
2026-08-15,wk inc covid hosp,0,2026-08-15,19,quantile,0.15,3.0
2026-08-15,wk inc covid hosp,0,2026-08-15,19,quantile,0.2,4.0
2026-08-15,wk inc covid hosp,0,2026-08-15,19,quantile,0.25,5.0
2026-08-15,wk inc covid hosp,0,2026-08-15,19,quantile,0.3,6.0
2026-08-15,wk inc covid hosp,0,2026-08-15,19,quantile,0.35,7.0
2026-08-15,wk inc covid hosp,0,2026-08-15,19,quantile,0.4,7.0
2026-08-15,wk inc covid hosp,0,2026-08-15,19,quantile,0.45,8.0
2026-08-15,wk inc covid hosp,0,2026-08-15,19,quantile,0.5,9.0
2026-08-15,wk inc covid hosp,0,2026-08-15,19,quantile,0.55,10.0
2026-08-15,wk inc covid hosp,0,2026-08-15,19,quantile,0.6,11.0
2026-08-15,wk inc covid hosp,0,2026-08-15,19,quantile,0.65,12.0
2026-08-15,wk inc covid hosp,0,2026-08-15,19,quantile,0.7,13.0
2026-08-15,wk inc covid hosp,0,2026-08-15,19,quantile,0.75,14.0
2026-08-15,wk inc covid hosp,0,2026-08-15,19,quantile,0.8,15.0
2026-08-15,wk inc covid hosp,0,2026-08-15,19,quantile,0.85,17.0
2026-08-15,wk inc covid hosp,0,2026-08-15,19,quantile,0.9,19.0
2026-08-15,wk inc covid hosp,0,2026-08-15,19,quantile,0.95,21.0
2026-08-15,wk inc covid hosp,0,2026-08-15,19,quantile,0.975,24.0
2026-08-15,wk inc covid hosp,0,2026-08-15,19,quantile,0.99,28.0
2026-08-15,wk inc covid hosp,0,2026-08-15,20,quantile,0.01,0.0
2026-08-15,wk inc covid hosp,0,2026-08-15,20,quantile,0.025,1.0
2026-08-15,wk inc covid hosp,0,2026-08-15,20,quantile,0.05,2.0
2026-08-15,wk inc covid hosp,0,2026-08-15,20,quantile,0.1,4.0
2026-08-15,wk inc covid hosp,0,2026-08-15,20,quantile,0.15,5.0
2026-08-15,wk inc covid hosp,0,2026-08-15,20,quantile,0.2,6.0
2026-08-15,wk inc covid hosp,0,2026-08-15,20,quantile,0.25,7.0
2026-08-15,wk inc covid hosp,0,2026-08-15,20,quantile,0.3,8.0
2026-08-15,wk inc covid hosp,0,2026-08-15,20,quantile,0.35,9.0
2026-08-15,wk inc covid hosp,0,2026-08-15,20,quantile,0.4,10.0
2026-08-15,wk inc covid hosp,0,2026-08-15,20,quantile,0.45,10.0
2026-08-15,wk inc covid hosp,0,2026-08-15,20,quantile,0.5,11.0
2026-08-15,wk inc covid hosp,0,2026-08-15,20,quantile,0.55,12.0
2026-08-15,wk inc covid hosp,0,2026-08-15,20,quantile,0.6,13.0
2026-08-15,wk inc covid hosp,0,2026-08-15,20,quantile,0.65,14.0
2026-08-15,wk inc covid hosp,0,2026-08-15,20,quantile,0.7,15.0
2026-08-15,wk inc covid hosp,0,2026-08-15,20,quantile,0.75,16.0
2026-08-15,wk inc covid hosp,0,2026-08-15,20,quantile,0.8,18.0
2026-08-15,wk inc covid hosp,0,2026-08-15,20,quantile,0.85,19.0
2026-08-15,wk inc covid hosp,0,2026-08-15,20,quantile,0.9,21.0
2026-08-15,wk inc covid hosp,0,2026-08-15,20,quantile,0.95,24.0
2026-08-15,wk inc covid hosp,0,2026-08-15,20,quantile,0.975,27.0
2026-08-15,wk inc covid hosp,0,2026-08-15,20,quantile,0.99,30.0
2026-08-15,wk inc covid hosp,0,2026-08-15,21,quantile,0.01,0.0
2026-08-15,wk inc covid hosp,0,2026-08-15,21,quantile,0.025,0.0
2026-08-15,wk inc covid hosp,0,2026-08-15,21,quantile,0.05,0.0
2026-08-15,wk inc covid hosp,0,2026-08-15,21,quantile,0.1,0.0
2026-08-15,wk inc covid hosp,0,2026-08-15,21,quantile,0.15,2.0
2026-08-15,wk inc covid hosp,0,2026-08-15,21,quantile,0.2,4.0
2026-08-15,wk inc covid hosp,0,2026-08-15,21,quantile,0.25,5.0
2026-08-15,wk inc covid hosp,0,2026-08-15,21,quantile,0.3,6.0
2026-08-15,wk inc covid hosp,0,2026-08-15,21,quantile,0.35,7.0
2026-08-15,wk inc covid hosp,0,2026-08-15,21,quantile,0.4,8.0
2026-08-15,wk inc covid hosp,0,2026-08-15,21,quantile,0.45,9.0
2026-08-15,wk inc covid hosp,0,2026-08-15,21,quantile,0.5,11.0
2026-08-15,wk inc covid hosp,0,2026-08-15,21,quantile,0.55,12.0
2026-08-15,wk inc covid hosp,0,2026-08-15,21,quantile,0.6,13.0
2026-08-15,wk inc covid hosp,0,2026-08-15,21,quantile,0.65,15.0
2026-08-15,wk inc covid hosp,0,2026-08-15,21,quantile,0.7,16.0
2026-08-15,wk inc covid hosp,0,2026-08-15,21,quantile,0.75,18.0
2026-08-15,wk inc covid hosp,0,2026-08-15,21,quantile,0.8,20.0
2026-08-15,wk inc covid hosp,0,2026-08-15,21,quantile,0.85,22.0
2026-08-15,wk inc covid hosp,0,2026-08-15,21,quantile,0.9,25.0
2026-08-15,wk inc covid hosp,0,2026-08-15,21,quantile,0.95,29.0
2026-08-15,wk inc covid hosp,0,2026-08-15,21,quantile,0.975,33.0
2026-08-15,wk inc covid hosp,0,2026-08-15,21,quantile,0.99,39.0
2026-08-15,wk inc covid hosp,0,2026-08-15,22,quantile,0.01,29.0
2026-08-15,wk inc covid hosp,0,2026-08-15,22,quantile,0.025,34.0
2026-08-15,wk inc covid hosp,0,2026-08-15,22,quantile,0.05,39.0
2026-08-15,wk inc covid hosp,0,2026-08-15,22,quantile,0.1,44.0
2026-08-15,wk inc covid hosp,0,2026-08-15,22,quantile,0.15,47.0
2026-08-15,wk inc covid hosp,0,2026-08-15,22,quantile,0.2,50.0
2026-08-15,wk inc covid hosp,0,2026-08-15,22,quantile,0.25,53.0
2026-08-15,wk inc covid hosp,0,2026-08-15,22,quantile,0.3,55.0
2026-08-15,wk inc covid hosp,0,2026-08-15,22,quantile,0.35,57.0
2026-08-15,wk inc covid hosp,0,2026-08-15,22,quantile,0.4,60.0
2026-08-15,wk inc covid hosp,0,2026-08-15,22,quantile,0.45,62.0
2026-08-15,wk inc covid hosp,0,2026-08-15,22,quantile,0.5,65.0
2026-08-15,wk inc covid hosp,0,2026-08-15,22,quantile,0.55,67.0
2026-08-15,wk inc covid hosp,0,2026-08-15,22,quantile,0.6,69.0
2026-08-15,wk inc covid hosp,0,2026-08-15,22,quantile,0.65,72.0
2026-08-15,wk inc covid hosp,0,2026-08-15,22,quantile,0.7,74.0
2026-08-15,wk inc covid hosp,0,2026-08-15,22,quantile,0.75,77.0
2026-08-15,wk inc covid hosp,0,2026-08-15,22,quantile,0.8,81.0
2026-08-15,wk inc covid hosp,0,2026-08-15,22,quantile,0.85,85.0
2026-08-15,wk inc covid hosp,0,2026-08-15,22,quantile,0.9,92.0
2026-08-15,wk inc covid hosp,0,2026-08-15,22,quantile,0.95,99.0
2026-08-15,wk inc covid hosp,0,2026-08-15,22,quantile,0.975,108.0
2026-08-15,wk inc covid hosp,0,2026-08-15,22,quantile,0.99,117.0
2026-08-15,wk inc covid hosp,0,2026-08-15,23,quantile,0.01,0.0
2026-08-15,wk inc covid hosp,0,2026-08-15,23,quantile,0.025,0.0
2026-08-15,wk inc covid hosp,0,2026-08-15,23,quantile,0.05,0.0
2026-08-15,wk inc covid hosp,0,2026-08-15,23,quantile,0.1,0.0
2026-08-15,wk inc covid hosp,0,2026-08-15,23,quantile,0.15,0.0
2026-08-15,wk inc covid hosp,0,2026-08-15,23,quantile,0.2,0.0
2026-08-15,wk inc covid hosp,0,2026-08-15,23,quantile,0.25,0.0
2026-08-15,wk inc covid hosp,0,2026-08-15,23,quantile,0.3,1.0
2026-08-15,wk inc covid hosp,0,2026-08-15,23,quantile,0.35,1.0
2026-08-15,wk inc covid hosp,0,2026-08-15,23,quantile,0.4,2.0
2026-08-15,wk inc covid hosp,0,2026-08-15,23,quantile,0.45,2.0
2026-08-15,wk inc covid hosp,0,2026-08-15,23,quantile,0.5,3.0
2026-08-15,wk inc covid hosp,0,2026-08-15,23,quantile,0.55,3.0
2026-08-15,wk inc covid hosp,0,2026-08-15,23,quantile,0.6,3.0
2026-08-15,wk inc covid hosp,0,2026-08-15,23,quantile,0.65,4.0
2026-08-15,wk inc covid hosp,0,2026-08-15,23,quantile,0.7,4.0
2026-08-15,wk inc covid hosp,0,2026-08-15,23,quantile,0.75,5.0
2026-08-15,wk inc covid hosp,0,2026-08-15,23,quantile,0.8,6.0
2026-08-15,wk inc covid hosp,0,2026-08-15,23,quantile,0.85,7.0
2026-08-15,wk inc covid hosp,0,2026-08-15,23,quantile,0.9,8.0
2026-08-15,wk inc covid hosp,0,2026-08-15,23,quantile,0.95,9.0
2026-08-15,wk inc covid hosp,0,2026-08-15,23,quantile,0.975,11.0
2026-08-15,wk inc covid hosp,0,2026-08-15,23,quantile,0.99,13.0
2026-08-15,wk inc covid hosp,0,2026-08-15,24,quantile,0.01,0.0
2026-08-15,wk inc covid hosp,0,2026-08-15,24,quantile,0.025,0.0
2026-08-15,wk inc covid hosp,0,2026-08-15,24,quantile,0.05,0.0
2026-08-15,wk inc covid hosp,0,2026-08-15,24,quantile,0.1,3.0
2026-08-15,wk inc covid hosp,0,2026-08-15,24,quantile,0.15,5.0
2026-08-15,wk inc covid hosp,0,2026-08-15,24,quantile,0.2,6.0
2026-08-15,wk inc covid hosp,0,2026-08-15,24,quantile,0.25,8.0
2026-08-15,wk inc covid hosp,0,2026-08-15,24,quantile,0.3,9.0
2026-08-15,wk inc covid hosp,0,2026-08-15,24,quantile,0.35,10.0
2026-08-15,wk inc covid hosp,0,2026-08-15,24,quantile,0.4,12.0
2026-08-15,wk inc covid hosp,0,2026-08-15,24,quantile,0.45,13.0
2026-08-15,wk inc covid hosp,0,2026-08-15,24,quantile,0.5,14.0
2026-08-15,wk inc covid hosp,0,2026-08-15,24,quantile,0.55,15.0
2026-08-15,wk inc covid hosp,0,2026-08-15,24,quantile,0.6,17.0
2026-08-15,wk inc covid hosp,0,2026-08-15,24,quantile,0.65,18.0
2026-08-15,wk inc covid hosp,0,2026-08-15,24,quantile,0.7,19.0
2026-08-15,wk inc covid hosp,0,2026-08-15,24,quantile,0.75,21.0
2026-08-15,wk inc covid hosp,0,2026-08-15,24,quantile,0.8,22.0
2026-08-15,wk inc covid hosp,0,2026-08-15,24,quantile,0.85,25.0
2026-08-15,wk inc covid hosp,0,2026-08-15,24,quantile,0.9,28.0
2026-08-15,wk inc covid hosp,0,2026-08-15,24,quantile,0.95,32.0
2026-08-15,wk inc covid hosp,0,2026-08-15,24,quantile,0.975,36.0
2026-08-15,wk inc covid hosp,0,2026-08-15,24,quantile,0.99,41.0
2026-08-15,wk inc covid hosp,0,2026-08-15,25,quantile,0.01,0.0
2026-08-15,wk inc covid hosp,0,2026-08-15,25,quantile,0.025,0.0
2026-08-15,wk inc covid hosp,0,2026-08-15,25,quantile,0.05,1.0
2026-08-15,wk inc covid hosp,0,2026-08-15,25,quantile,0.1,5.0
2026-08-15,wk inc covid hosp,0,2026-08-15,25,quantile,0.15,7.0
2026-08-15,wk inc covid hosp,0,2026-08-15,25,quantile,0.2,10.0
2026-08-15,wk inc covid hosp,0,2026-08-15,25,quantile,0.25,12.0
2026-08-15,wk inc covid hosp,0,2026-08-15,25,quantile,0.3,14.0
2026-08-15,wk inc covid hosp,0,2026-08-15,25,quantile,0.35,15.0
2026-08-15,wk inc covid hosp,0,2026-08-15,25,quantile,0.4,17.0
2026-08-15,wk inc covid hosp,0,2026-08-15,25,quantile,0.45,18.0
2026-08-15,wk inc covid hosp,0,2026-08-15,25,quantile,0.5,20.0
2026-08-15,wk inc covid hosp,0,2026-08-15,25,quantile,0.55,21.0
2026-08-15,wk inc covid hosp,0,2026-08-15,25,quantile,0.6,23.0
2026-08-15,wk inc covid hosp,0,2026-08-15,25,quantile,0.65,25.0
2026-08-15,wk inc covid hosp,0,2026-08-15,25,quantile,0.7,26.0
2026-08-15,wk inc covid hosp,0,2026-08-15,25,quantile,0.75,28.0
2026-08-15,wk inc covid hosp,0,2026-08-15,25,quantile,0.8,30.0
2026-08-15,wk inc covid hosp,0,2026-08-15,25,quantile,0.85,33.0
2026-08-15,wk inc covid hosp,0,2026-08-15,25,quantile,0.9,36.0
2026-08-15,wk inc covid hosp,0,2026-08-15,25,quantile,0.95,41.0
2026-08-15,wk inc covid hosp,0,2026-08-15,25,quantile,0.975,45.0
2026-08-15,wk inc covid hosp,0,2026-08-15,25,quantile,0.99,51.0
2026-08-15,wk inc covid hosp,0,2026-08-15,26,quantile,0.01,0.0
2026-08-15,wk inc covid hosp,0,2026-08-15,26,quantile,0.025,0.0
2026-08-15,wk inc covid hosp,0,2026-08-15,26,quantile,0.05,0.0
2026-08-15,wk inc covid hosp,0,2026-08-15,26,quantile,0.1,0.0
2026-08-15,wk inc covid hosp,0,2026-08-15,26,quantile,0.15,0.0
2026-08-15,wk inc covid hosp,0,2026-08-15,26,quantile,0.2,4.0
2026-08-15,wk inc covid hosp,0,2026-08-15,26,quantile,0.25,7.0
2026-08-15,wk inc covid hosp,0,2026-08-15,26,quantile,0.3,11.0
2026-08-15,wk inc covid hosp,0,2026-08-15,26,quantile,0.35,13.0
2026-08-15,wk inc covid hosp,0,2026-08-15,26,quantile,0.4,16.0
2026-08-15,wk inc covid hosp,0,2026-08-15,26,quantile,0.45,18.0
2026-08-15,wk inc covid hosp,0,2026-08-15,26,quantile,0.5,20.0
2026-08-15,wk inc covid hosp,0,2026-08-15,26,quantile,0.55,23.0
2026-08-15,wk inc covid hosp,0,2026-08-15,26,quantile,0.6,26.0
2026-08-15,wk inc covid hosp,0,2026-08-15,26,quantile,0.65,28.0
2026-08-15,wk inc covid hosp,0,2026-08-15,26,quantile,0.7,31.0
2026-08-15,wk inc covid hosp,0,2026-08-15,26,quantile,0.75,34.0
2026-08-15,wk inc covid hosp,0,2026-08-15,26,quantile,0.8,38.0
2026-08-15,wk inc covid hosp,0,2026-08-15,26,quantile,0.85,42.0
2026-08-15,wk inc covid hosp,0,2026-08-15,26,quantile,0.9,48.0
2026-08-15,wk inc covid hosp,0,2026-08-15,26,quantile,0.95,56.0
2026-08-15,wk inc covid hosp,0,2026-08-15,26,quantile,0.975,63.0
2026-08-15,wk inc covid hosp,0,2026-08-15,26,quantile,0.99,73.0
2026-08-15,wk inc covid hosp,0,2026-08-15,27,quantile,0.01,1.0
2026-08-15,wk inc covid hosp,0,2026-08-15,27,quantile,0.025,4.0
2026-08-15,wk inc covid hosp,0,2026-08-15,27,quantile,0.05,6.0
2026-08-15,wk inc covid hosp,0,2026-08-15,27,quantile,0.1,10.0
2026-08-15,wk inc covid hosp,0,2026-08-15,27,quantile,0.15,12.0
2026-08-15,wk inc covid hosp,0,2026-08-15,27,quantile,0.2,13.0
2026-08-15,wk inc covid hosp,0,2026-08-15,27,quantile,0.25,15.0
2026-08-15,wk inc covid hosp,0,2026-08-15,27,quantile,0.3,16.0
2026-08-15,wk inc covid hosp,0,2026-08-15,27,quantile,0.35,17.0
2026-08-15,wk inc covid hosp,0,2026-08-15,27,quantile,0.4,19.0
2026-08-15,wk inc covid hosp,0,2026-08-15,27,quantile,0.45,20.0
2026-08-15,wk inc covid hosp,0,2026-08-15,27,quantile,0.5,21.0
2026-08-15,wk inc covid hosp,0,2026-08-15,27,quantile,0.55,23.0
2026-08-15,wk inc covid hosp,0,2026-08-15,27,quantile,0.6,24.0
2026-08-15,wk inc covid hosp,0,2026-08-15,27,quantile,0.65,25.0
2026-08-15,wk inc covid hosp,0,2026-08-15,27,quantile,0.7,27.0
2026-08-15,wk inc covid hosp,0,2026-08-15,27,quantile,0.75,28.0
2026-08-15,wk inc covid hosp,0,2026-08-15,27,quantile,0.8,30.0
2026-08-15,wk inc covid hosp,0,2026-08-15,27,quantile,0.85,33.0
2026-08-15,wk inc covid hosp,0,2026-08-15,27,quantile,0.9,36.0
2026-08-15,wk inc covid hosp,0,2026-08-15,27,quantile,0.95,40.0
2026-08-15,wk inc covid hosp,0,2026-08-15,27,quantile,0.975,45.0
2026-08-15,wk inc covid hosp,0,2026-08-15,27,quantile,0.99,50.0
2026-08-15,wk inc covid hosp,0,2026-08-15,28,quantile,0.01,7.0
2026-08-15,wk inc covid hosp,0,2026-08-15,28,quantile,0.025,10.0
2026-08-15,wk inc covid hosp,0,2026-08-15,28,quantile,0.05,12.0
2026-08-15,wk inc covid hosp,0,2026-08-15,28,quantile,0.1,15.0
2026-08-15,wk inc covid hosp,0,2026-08-15,28,quantile,0.15,17.0
2026-08-15,wk inc covid hosp,0,2026-08-15,28,quantile,0.2,18.0
2026-08-15,wk inc covid hosp,0,2026-08-15,28,quantile,0.25,20.0
2026-08-15,wk inc covid hosp,0,2026-08-15,28,quantile,0.3,21.0
2026-08-15,wk inc covid hosp,0,2026-08-15,28,quantile,0.35,22.0
2026-08-15,wk inc covid hosp,0,2026-08-15,28,quantile,0.4,23.0
2026-08-15,wk inc covid hosp,0,2026-08-15,28,quantile,0.45,25.0
2026-08-15,wk inc covid hosp,0,2026-08-15,28,quantile,0.5,26.0
2026-08-15,wk inc covid hosp,0,2026-08-15,28,quantile,0.55,27.0
2026-08-15,wk inc covid hosp,0,2026-08-15,28,quantile,0.6,29.0
2026-08-15,wk inc covid hosp,0,2026-08-15,28,quantile,0.65,30.0
2026-08-15,wk inc covid hosp,0,2026-08-15,28,quantile,0.7,31.0
2026-08-15,wk inc covid hosp,0,2026-08-15,28,quantile,0.75,33.0
2026-08-15,wk inc covid hosp,0,2026-08-15,28,quantile,0.8,35.0
2026-08-15,wk inc covid hosp,0,2026-08-15,28,quantile,0.85,37.0
2026-08-15,wk inc covid hosp,0,2026-08-15,28,quantile,0.9,41.0
2026-08-15,wk inc covid hosp,0,2026-08-15,28,quantile,0.95,45.0
2026-08-15,wk inc covid hosp,0,2026-08-15,28,quantile,0.975,50.0
2026-08-15,wk inc covid hosp,0,2026-08-15,28,quantile,0.99,55.0
2026-08-15,wk inc covid hosp,0,2026-08-15,29,quantile,0.01,0.0
2026-08-15,wk inc covid hosp,0,2026-08-15,29,quantile,0.025,0.0
2026-08-15,wk inc covid hosp,0,2026-08-15,29,quantile,0.05,0.0
2026-08-15,wk inc covid hosp,0,2026-08-15,29,quantile,0.1,3.0
2026-08-15,wk inc covid hosp,0,2026-08-15,29,quantile,0.15,4.0
2026-08-15,wk inc covid hosp,0,2026-08-15,29,quantile,0.2,7.0
2026-08-15,wk inc covid hosp,0,2026-08-15,29,quantile,0.25,8.0
2026-08-15,wk inc covid hosp,0,2026-08-15,29,quantile,0.3,10.0
2026-08-15,wk inc covid hosp,0,2026-08-15,29,quantile,0.35,11.0
2026-08-15,wk inc covid hosp,0,2026-08-15,29,quantile,0.4,13.0
2026-08-15,wk inc covid hosp,0,2026-08-15,29,quantile,0.45,14.0
2026-08-15,wk inc covid hosp,0,2026-08-15,29,quantile,0.5,15.0
2026-08-15,wk inc covid hosp,0,2026-08-15,29,quantile,0.55,16.0
2026-08-15,wk inc covid hosp,0,2026-08-15,29,quantile,0.6,18.0
2026-08-15,wk inc covid hosp,0,2026-08-15,29,quantile,0.65,19.0
2026-08-15,wk inc covid hosp,0,2026-08-15,29,quantile,0.7,20.0
2026-08-15,wk inc covid hosp,0,2026-08-15,29,quantile,0.75,22.0
2026-08-15,wk inc covid hosp,0,2026-08-15,29,quantile,0.8,24.0
2026-08-15,wk inc covid hosp,0,2026-08-15,29,quantile,0.85,26.0
2026-08-15,wk inc covid hosp,0,2026-08-15,29,quantile,0.9,29.0
2026-08-15,wk inc covid hosp,0,2026-08-15,29,quantile,0.95,32.0
2026-08-15,wk inc covid hosp,0,2026-08-15,29,quantile,0.975,36.0
2026-08-15,wk inc covid hosp,0,2026-08-15,29,quantile,0.99,41.0
2026-08-15,wk inc covid hosp,0,2026-08-15,30,quantile,0.01,0.0
2026-08-15,wk inc covid hosp,0,2026-08-15,30,quantile,0.025,0.0
2026-08-15,wk inc covid hosp,0,2026-08-15,30,quantile,0.05,0.0
2026-08-15,wk inc covid hosp,0,2026-08-15,30,quantile,0.1,0.0
2026-08-15,wk inc covid hosp,0,2026-08-15,30,quantile,0.15,1.0
2026-08-15,wk inc covid hosp,0,2026-08-15,30,quantile,0.2,1.0
2026-08-15,wk inc covid hosp,0,2026-08-15,30,quantile,0.25,2.0
2026-08-15,wk inc covid hosp,0,2026-08-15,30,quantile,0.3,2.0
2026-08-15,wk inc covid hosp,0,2026-08-15,30,quantile,0.35,3.0
2026-08-15,wk inc covid hosp,0,2026-08-15,30,quantile,0.4,3.0
2026-08-15,wk inc covid hosp,0,2026-08-15,30,quantile,0.45,4.0
2026-08-15,wk inc covid hosp,0,2026-08-15,30,quantile,0.5,4.0
2026-08-15,wk inc covid hosp,0,2026-08-15,30,quantile,0.55,5.0
2026-08-15,wk inc covid hosp,0,2026-08-15,30,quantile,0.6,5.0
2026-08-15,wk inc covid hosp,0,2026-08-15,30,quantile,0.65,6.0
2026-08-15,wk inc covid hosp,0,2026-08-15,30,quantile,0.7,6.0
2026-08-15,wk inc covid hosp,0,2026-08-15,30,quantile,0.75,7.0
2026-08-15,wk inc covid hosp,0,2026-08-15,30,quantile,0.8,8.0
2026-08-15,wk inc covid hosp,0,2026-08-15,30,quantile,0.85,9.0
2026-08-15,wk inc covid hosp,0,2026-08-15,30,quantile,0.9,10.0
2026-08-15,wk inc covid hosp,0,2026-08-15,30,quantile,0.95,11.0
2026-08-15,wk inc covid hosp,0,2026-08-15,30,quantile,0.975,13.0
2026-08-15,wk inc covid hosp,0,2026-08-15,30,quantile,0.99,16.0
2026-08-15,wk inc covid hosp,0,2026-08-15,31,quantile,0.01,0.0
2026-08-15,wk inc covid hosp,0,2026-08-15,31,quantile,0.025,0.0
2026-08-15,wk inc covid hosp,0,2026-08-15,31,quantile,0.05,0.0
2026-08-15,wk inc covid hosp,0,2026-08-15,31,quantile,0.1,0.0
2026-08-15,wk inc covid hosp,0,2026-08-15,31,quantile,0.15,0.0
2026-08-15,wk inc covid hosp,0,2026-08-15,31,quantile,0.2,0.0
2026-08-15,wk inc covid hosp,0,2026-08-15,31,quantile,0.25,0.0
2026-08-15,wk inc covid hosp,0,2026-08-15,31,quantile,0.3,0.0
2026-08-15,wk inc covid hosp,0,2026-08-15,31,quantile,0.35,0.0
2026-08-15,wk inc covid hosp,0,2026-08-15,31,quantile,0.4,1.0
2026-08-15,wk inc covid hosp,0,2026-08-15,31,quantile,0.45,1.0
2026-08-15,wk inc covid hosp,0,2026-08-15,31,quantile,0.5,2.0
2026-08-15,wk inc covid hosp,0,2026-08-15,31,quantile,0.55,2.0
2026-08-15,wk inc covid hosp,0,2026-08-15,31,quantile,0.6,3.0
2026-08-15,wk inc covid hosp,0,2026-08-15,31,quantile,0.65,3.0
2026-08-15,wk inc covid hosp,0,2026-08-15,31,quantile,0.7,4.0
2026-08-15,wk inc covid hosp,0,2026-08-15,31,quantile,0.75,5.0
2026-08-15,wk inc covid hosp,0,2026-08-15,31,quantile,0.8,6.0
2026-08-15,wk inc covid hosp,0,2026-08-15,31,quantile,0.85,6.0
2026-08-15,wk inc covid hosp,0,2026-08-15,31,quantile,0.9,8.0
2026-08-15,wk inc covid hosp,0,2026-08-15,31,quantile,0.95,9.0
2026-08-15,wk inc covid hosp,0,2026-08-15,31,quantile,0.975,11.0
2026-08-15,wk inc covid hosp,0,2026-08-15,31,quantile,0.99,13.0
2026-08-15,wk inc covid hosp,0,2026-08-15,32,quantile,0.01,6.0
2026-08-15,wk inc covid hosp,0,2026-08-15,32,quantile,0.025,9.0
2026-08-15,wk inc covid hosp,0,2026-08-15,32,quantile,0.05,11.0
2026-08-15,wk inc covid hosp,0,2026-08-15,32,quantile,0.1,13.0
2026-08-15,wk inc covid hosp,0,2026-08-15,32,quantile,0.15,14.0
2026-08-15,wk inc covid hosp,0,2026-08-15,32,quantile,0.2,16.0
2026-08-15,wk inc covid hosp,0,2026-08-15,32,quantile,0.25,17.0
2026-08-15,wk inc covid hosp,0,2026-08-15,32,quantile,0.3,18.0
2026-08-15,wk inc covid hosp,0,2026-08-15,32,quantile,0.35,19.0
2026-08-15,wk inc covid hosp,0,2026-08-15,32,quantile,0.4,20.0
2026-08-15,wk inc covid hosp,0,2026-08-15,32,quantile,0.45,21.0
2026-08-15,wk inc covid hosp,0,2026-08-15,32,quantile,0.5,22.0
2026-08-15,wk inc covid hosp,0,2026-08-15,32,quantile,0.55,23.0
2026-08-15,wk inc covid hosp,0,2026-08-15,32,quantile,0.6,24.0
2026-08-15,wk inc covid hosp,0,2026-08-15,32,quantile,0.65,25.0
2026-08-15,wk inc covid hosp,0,2026-08-15,32,quantile,0.7,26.0
2026-08-15,wk inc covid hosp,0,2026-08-15,32,quantile,0.75,27.0
2026-08-15,wk inc covid hosp,0,2026-08-15,32,quantile,0.8,29.0
2026-08-15,wk inc covid hosp,0,2026-08-15,32,quantile,0.85,30.0
2026-08-15,wk inc covid hosp,0,2026-08-15,32,quantile,0.9,33.0
2026-08-15,wk inc covid hosp,0,2026-08-15,32,quantile,0.95,36.0
2026-08-15,wk inc covid hosp,0,2026-08-15,32,quantile,0.975,40.0
2026-08-15,wk inc covid hosp,0,2026-08-15,32,quantile,0.99,44.0
2026-08-15,wk inc covid hosp,0,2026-08-15,33,quantile,0.01,0.0
2026-08-15,wk inc covid hosp,0,2026-08-15,33,quantile,0.025,0.0
2026-08-15,wk inc covid hosp,0,2026-08-15,33,quantile,0.05,0.0
2026-08-15,wk inc covid hosp,0,2026-08-15,33,quantile,0.1,0.0
2026-08-15,wk inc covid hosp,0,2026-08-15,33,quantile,0.15,0.0
2026-08-15,wk inc covid hosp,0,2026-08-15,33,quantile,0.2,1.0
2026-08-15,wk inc covid hosp,0,2026-08-15,33,quantile,0.25,2.0
2026-08-15,wk inc covid hosp,0,2026-08-15,33,quantile,0.3,2.0
2026-08-15,wk inc covid hosp,0,2026-08-15,33,quantile,0.35,3.0
2026-08-15,wk inc covid hosp,0,2026-08-15,33,quantile,0.4,3.0
2026-08-15,wk inc covid hosp,0,2026-08-15,33,quantile,0.45,4.0
2026-08-15,wk inc covid hosp,0,2026-08-15,33,quantile,0.5,5.0
2026-08-15,wk inc covid hosp,0,2026-08-15,33,quantile,0.55,5.0
2026-08-15,wk inc covid hosp,0,2026-08-15,33,quantile,0.6,6.0
2026-08-15,wk inc covid hosp,0,2026-08-15,33,quantile,0.65,6.0
2026-08-15,wk inc covid hosp,0,2026-08-15,33,quantile,0.7,7.0
2026-08-15,wk inc covid hosp,0,2026-08-15,33,quantile,0.75,8.0
2026-08-15,wk inc covid hosp,0,2026-08-15,33,quantile,0.8,9.0
2026-08-15,wk inc covid hosp,0,2026-08-15,33,quantile,0.85,11.0
2026-08-15,wk inc covid hosp,0,2026-08-15,33,quantile,0.9,12.0
2026-08-15,wk inc covid hosp,0,2026-08-15,33,quantile,0.95,15.0
2026-08-15,wk inc covid hosp,0,2026-08-15,33,quantile,0.975,17.0
2026-08-15,wk inc covid hosp,0,2026-08-15,33,quantile,0.99,20.0
2026-08-15,wk inc covid hosp,0,2026-08-15,34,quantile,0.01,10.0
2026-08-15,wk inc covid hosp,0,2026-08-15,34,quantile,0.025,16.0
2026-08-15,wk inc covid hosp,0,2026-08-15,34,quantile,0.05,22.0
2026-08-15,wk inc covid hosp,0,2026-08-15,34,quantile,0.1,29.0
2026-08-15,wk inc covid hosp,0,2026-08-15,34,quantile,0.15,33.0
2026-08-15,wk inc covid hosp,0,2026-08-15,34,quantile,0.2,38.0
2026-08-15,wk inc covid hosp,0,2026-08-15,34,quantile,0.25,41.0
2026-08-15,wk inc covid hosp,0,2026-08-15,34,quantile,0.3,46.0
2026-08-15,wk inc covid hosp,0,2026-08-15,34,quantile,0.35,48.0
2026-08-15,wk inc covid hosp,0,2026-08-15,34,quantile,0.4,51.0
2026-08-15,wk inc covid hosp,0,2026-08-15,34,quantile,0.45,54.0
2026-08-15,wk inc covid hosp,0,2026-08-15,34,quantile,0.5,56.0
2026-08-15,wk inc covid hosp,0,2026-08-15,34,quantile,0.55,59.0
2026-08-15,wk inc covid hosp,0,2026-08-15,34,quantile,0.6,63.0
2026-08-15,wk inc covid hosp,0,2026-08-15,34,quantile,0.65,66.0
2026-08-15,wk inc covid hosp,0,2026-08-15,34,quantile,0.7,69.0
2026-08-15,wk inc covid hosp,0,2026-08-15,34,quantile,0.75,72.0
2026-08-15,wk inc covid hosp,0,2026-08-15,34,quantile,0.8,76.0
2026-08-15,wk inc covid hosp,0,2026-08-15,34,quantile,0.85,81.0
2026-08-15,wk inc covid hosp,0,2026-08-15,34,quantile,0.9,88.0
2026-08-15,wk inc covid hosp,0,2026-08-15,34,quantile,0.95,97.0
2026-08-15,wk inc covid hosp,0,2026-08-15,34,quantile,0.975,105.0
2026-08-15,wk inc covid hosp,0,2026-08-15,34,quantile,0.99,116.0
2026-08-15,wk inc covid hosp,0,2026-08-15,35,quantile,0.01,0.0
2026-08-15,wk inc covid hosp,0,2026-08-15,35,quantile,0.025,0.0
2026-08-15,wk inc covid hosp,0,2026-08-15,35,quantile,0.05,0.0
2026-08-15,wk inc covid hosp,0,2026-08-15,35,quantile,0.1,1.0
2026-08-15,wk inc covid hosp,0,2026-08-15,35,quantile,0.15,2.0
2026-08-15,wk inc covid hosp,0,2026-08-15,35,quantile,0.2,3.0
2026-08-15,wk inc covid hosp,0,2026-08-15,35,quantile,0.25,3.0
2026-08-15,wk inc covid hosp,0,2026-08-15,35,quantile,0.3,4.0
2026-08-15,wk inc covid hosp,0,2026-08-15,35,quantile,0.35,5.0
2026-08-15,wk inc covid hosp,0,2026-08-15,35,quantile,0.4,5.0
2026-08-15,wk inc covid hosp,0,2026-08-15,35,quantile,0.45,6.0
2026-08-15,wk inc covid hosp,0,2026-08-15,35,quantile,0.5,7.0
2026-08-15,wk inc covid hosp,0,2026-08-15,35,quantile,0.55,7.0
2026-08-15,wk inc covid hosp,0,2026-08-15,35,quantile,0.6,8.0
2026-08-15,wk inc covid hosp,0,2026-08-15,35,quantile,0.65,9.0
2026-08-15,wk inc covid hosp,0,2026-08-15,35,quantile,0.7,10.0
2026-08-15,wk inc covid hosp,0,2026-08-15,35,quantile,0.75,11.0
2026-08-15,wk inc covid hosp,0,2026-08-15,35,quantile,0.8,12.0
2026-08-15,wk inc covid hosp,0,2026-08-15,35,quantile,0.85,13.0
2026-08-15,wk inc covid hosp,0,2026-08-15,35,quantile,0.9,15.0
2026-08-15,wk inc covid hosp,0,2026-08-15,35,quantile,0.95,17.0
2026-08-15,wk inc covid hosp,0,2026-08-15,35,quantile,0.975,20.0
2026-08-15,wk inc covid hosp,0,2026-08-15,35,quantile,0.99,23.0
2026-08-15,wk inc covid hosp,0,2026-08-15,36,quantile,0.01,51.0
2026-08-15,wk inc covid hosp,0,2026-08-15,36,quantile,0.025,62.0
2026-08-15,wk inc covid hosp,0,2026-08-15,36,quantile,0.05,71.0
2026-08-15,wk inc covid hosp,0,2026-08-15,36,quantile,0.1,84.0
2026-08-15,wk inc covid hosp,0,2026-08-15,36,quantile,0.15,91.0
2026-08-15,wk inc covid hosp,0,2026-08-15,36,quantile,0.2,100.0
2026-08-15,wk inc covid hosp,0,2026-08-15,36,quantile,0.25,106.0
2026-08-15,wk inc covid hosp,0,2026-08-15,36,quantile,0.3,112.0
2026-08-15,wk inc covid hosp,0,2026-08-15,36,quantile,0.35,116.0
2026-08-15,wk inc covid hosp,0,2026-08-15,36,quantile,0.4,122.0
2026-08-15,wk inc covid hosp,0,2026-08-15,36,quantile,0.45,126.0
2026-08-15,wk inc covid hosp,0,2026-08-15,36,quantile,0.5,131.0
2026-08-15,wk inc covid hosp,0,2026-08-15,36,quantile,0.55,136.0
2026-08-15,wk inc covid hosp,0,2026-08-15,36,quantile,0.6,142.0
2026-08-15,wk inc covid hosp,0,2026-08-15,36,quantile,0.65,147.0
2026-08-15,wk inc covid hosp,0,2026-08-15,36,quantile,0.7,152.0
2026-08-15,wk inc covid hosp,0,2026-08-15,36,quantile,0.75,157.0
2026-08-15,wk inc covid hosp,0,2026-08-15,36,quantile,0.8,164.0
2026-08-15,wk inc covid hosp,0,2026-08-15,36,quantile,0.85,172.0
2026-08-15,wk inc covid hosp,0,2026-08-15,36,quantile,0.9,182.0
2026-08-15,wk inc covid hosp,0,2026-08-15,36,quantile,0.95,197.0
2026-08-15,wk inc covid hosp,0,2026-08-15,36,quantile,0.975,208.0
2026-08-15,wk inc covid hosp,0,2026-08-15,36,quantile,0.99,228.0
2026-08-15,wk inc covid hosp,0,2026-08-15,37,quantile,0.01,51.0
2026-08-15,wk inc covid hosp,0,2026-08-15,37,quantile,0.025,59.0
2026-08-15,wk inc covid hosp,0,2026-08-15,37,quantile,0.05,66.0
2026-08-15,wk inc covid hosp,0,2026-08-15,37,quantile,0.1,75.0
2026-08-15,wk inc covid hosp,0,2026-08-15,37,quantile,0.15,80.0
2026-08-15,wk inc covid hosp,0,2026-08-15,37,quantile,0.2,86.0
2026-08-15,wk inc covid hosp,0,2026-08-15,37,quantile,0.25,90.0
2026-08-15,wk inc covid hosp,0,2026-08-15,37,quantile,0.3,95.0
2026-08-15,wk inc covid hosp,0,2026-08-15,37,quantile,0.35,98.0
2026-08-15,wk inc covid hosp,0,2026-08-15,37,quantile,0.4,102.0
2026-08-15,wk inc covid hosp,0,2026-08-15,37,quantile,0.45,105.0
2026-08-15,wk inc covid hosp,0,2026-08-15,37,quantile,0.5,109.0
2026-08-15,wk inc covid hosp,0,2026-08-15,37,quantile,0.55,112.0
2026-08-15,wk inc covid hosp,0,2026-08-15,37,quantile,0.6,116.0
2026-08-15,wk inc covid hosp,0,2026-08-15,37,quantile,0.65,120.0
2026-08-15,wk inc covid hosp,0,2026-08-15,37,quantile,0.7,124.0
2026-08-15,wk inc covid hosp,0,2026-08-15,37,quantile,0.75,128.0
2026-08-15,wk inc covid hosp,0,2026-08-15,37,quantile,0.8,133.0
2026-08-15,wk inc covid hosp,0,2026-08-15,37,quantile,0.85,138.0
2026-08-15,wk inc covid hosp,0,2026-08-15,37,quantile,0.9,146.0
2026-08-15,wk inc covid hosp,0,2026-08-15,37,quantile,0.95,157.0
2026-08-15,wk inc covid hosp,0,2026-08-15,37,quantile,0.975,165.0
2026-08-15,wk inc covid hosp,0,2026-08-15,37,quantile,0.99,180.0
2026-08-15,wk inc covid hosp,0,2026-08-15,38,quantile,0.01,0.0
2026-08-15,wk inc covid hosp,0,2026-08-15,38,quantile,0.025,0.0
2026-08-15,wk inc covid hosp,0,2026-08-15,38,quantile,0.05,0.0
2026-08-15,wk inc covid hosp,0,2026-08-15,38,quantile,0.1,0.0
2026-08-15,wk inc covid hosp,0,2026-08-15,38,quantile,0.15,0.0
2026-08-15,wk inc covid hosp,0,2026-08-15,38,quantile,0.2,0.0
2026-08-15,wk inc covid hosp,0,2026-08-15,38,quantile,0.25,0.0
2026-08-15,wk inc covid hosp,0,2026-08-15,38,quantile,0.3,0.0
2026-08-15,wk inc covid hosp,0,2026-08-15,38,quantile,0.35,1.0
2026-08-15,wk inc covid hosp,0,2026-08-15,38,quantile,0.4,1.0
2026-08-15,wk inc covid hosp,0,2026-08-15,38,quantile,0.45,1.0
2026-08-15,wk inc covid hosp,0,2026-08-15,38,quantile,0.5,1.0
2026-08-15,wk inc covid hosp,0,2026-08-15,38,quantile,0.55,2.0
2026-08-15,wk inc covid hosp,0,2026-08-15,38,quantile,0.6,2.0
2026-08-15,wk inc covid hosp,0,2026-08-15,38,quantile,0.65,2.0
2026-08-15,wk inc covid hosp,0,2026-08-15,38,quantile,0.7,3.0
2026-08-15,wk inc covid hosp,0,2026-08-15,38,quantile,0.75,3.0
2026-08-15,wk inc covid hosp,0,2026-08-15,38,quantile,0.8,4.0
2026-08-15,wk inc covid hosp,0,2026-08-15,38,quantile,0.85,4.0
2026-08-15,wk inc covid hosp,0,2026-08-15,38,quantile,0.9,5.0
2026-08-15,wk inc covid hosp,0,2026-08-15,38,quantile,0.95,6.0
2026-08-15,wk inc covid hosp,0,2026-08-15,38,quantile,0.975,7.0
2026-08-15,wk inc covid hosp,0,2026-08-15,38,quantile,0.99,8.0
2026-08-15,wk inc covid hosp,0,2026-08-15,39,quantile,0.01,0.0
2026-08-15,wk inc covid hosp,0,2026-08-15,39,quantile,0.025,0.0
2026-08-15,wk inc covid hosp,0,2026-08-15,39,quantile,0.05,0.0
2026-08-15,wk inc covid hosp,0,2026-08-15,39,quantile,0.1,6.0
2026-08-15,wk inc covid hosp,0,2026-08-15,39,quantile,0.15,10.0
2026-08-15,wk inc covid hosp,0,2026-08-15,39,quantile,0.2,13.0
2026-08-15,wk inc covid hosp,0,2026-08-15,39,quantile,0.25,16.0
2026-08-15,wk inc covid hosp,0,2026-08-15,39,quantile,0.3,19.0
2026-08-15,wk inc covid hosp,0,2026-08-15,39,quantile,0.35,21.0
2026-08-15,wk inc covid hosp,0,2026-08-15,39,quantile,0.4,23.0
2026-08-15,wk inc covid hosp,0,2026-08-15,39,quantile,0.45,25.0
2026-08-15,wk inc covid hosp,0,2026-08-15,39,quantile,0.5,27.0
2026-08-15,wk inc covid hosp,0,2026-08-15,39,quantile,0.55,30.0
2026-08-15,wk inc covid hosp,0,2026-08-15,39,quantile,0.6,32.0
2026-08-15,wk inc covid hosp,0,2026-08-15,39,quantile,0.65,34.0
2026-08-15,wk inc covid hosp,0,2026-08-15,39,quantile,0.7,37.0
2026-08-15,wk inc covid hosp,0,2026-08-15,39,quantile,0.75,39.0
2026-08-15,wk inc covid hosp,0,2026-08-15,39,quantile,0.8,42.0
2026-08-15,wk inc covid hosp,0,2026-08-15,39,quantile,0.85,46.0
2026-08-15,wk inc covid hosp,0,2026-08-15,39,quantile,0.9,51.0
2026-08-15,wk inc covid hosp,0,2026-08-15,39,quantile,0.95,57.0
2026-08-15,wk inc covid hosp,0,2026-08-15,39,quantile,0.975,62.0
2026-08-15,wk inc covid hosp,0,2026-08-15,39,quantile,0.99,71.0
2026-08-15,wk inc covid hosp,0,2026-08-15,40,quantile,0.01,1.0
2026-08-15,wk inc covid hosp,0,2026-08-15,40,quantile,0.025,3.0
2026-08-15,wk inc covid hosp,0,2026-08-15,40,quantile,0.05,6.0
2026-08-15,wk inc covid hosp,0,2026-08-15,40,quantile,0.1,8.0
2026-08-15,wk inc covid hosp,0,2026-08-15,40,quantile,0.15,10.0
2026-08-15,wk inc covid hosp,0,2026-08-15,40,quantile,0.2,11.0
2026-08-15,wk inc covid hosp,0,2026-08-15,40,quantile,0.25,13.0
2026-08-15,wk inc covid hosp,0,2026-08-15,40,quantile,0.3,14.0
2026-08-15,wk inc covid hosp,0,2026-08-15,40,quantile,0.35,15.0
2026-08-15,wk inc covid hosp,0,2026-08-15,40,quantile,0.4,16.0
2026-08-15,wk inc covid hosp,0,2026-08-15,40,quantile,0.45,17.0
2026-08-15,wk inc covid hosp,0,2026-08-15,40,quantile,0.5,18.0
2026-08-15,wk inc covid hosp,0,2026-08-15,40,quantile,0.55,19.0
2026-08-15,wk inc covid hosp,0,2026-08-15,40,quantile,0.6,21.0
2026-08-15,wk inc covid hosp,0,2026-08-15,40,quantile,0.65,22.0
2026-08-15,wk inc covid hosp,0,2026-08-15,40,quantile,0.7,23.0
2026-08-15,wk inc covid hosp,0,2026-08-15,40,quantile,0.75,25.0
2026-08-15,wk inc covid hosp,0,2026-08-15,40,quantile,0.8,26.0
2026-08-15,wk inc covid hosp,0,2026-08-15,40,quantile,0.85,28.0
2026-08-15,wk inc covid hosp,0,2026-08-15,40,quantile,0.9,32.0
2026-08-15,wk inc covid hosp,0,2026-08-15,40,quantile,0.95,35.0
2026-08-15,wk inc covid hosp,0,2026-08-15,40,quantile,0.975,39.0
2026-08-15,wk inc covid hosp,0,2026-08-15,40,quantile,0.99,44.0
2026-08-15,wk inc covid hosp,0,2026-08-15,41,quantile,0.01,0.0
2026-08-15,wk inc covid hosp,0,2026-08-15,41,quantile,0.025,0.0
2026-08-15,wk inc covid hosp,0,2026-08-15,41,quantile,0.05,0.0
2026-08-15,wk inc covid hosp,0,2026-08-15,41,quantile,0.1,2.0
2026-08-15,wk inc covid hosp,0,2026-08-15,41,quantile,0.15,3.0
2026-08-15,wk inc covid hosp,0,2026-08-15,41,quantile,0.2,5.0
2026-08-15,wk inc covid hosp,0,2026-08-15,41,quantile,0.25,6.0
2026-08-15,wk inc covid hosp,0,2026-08-15,41,quantile,0.3,7.0
2026-08-15,wk inc covid hosp,0,2026-08-15,41,quantile,0.35,8.0
2026-08-15,wk inc covid hosp,0,2026-08-15,41,quantile,0.4,9.0
2026-08-15,wk inc covid hosp,0,2026-08-15,41,quantile,0.45,10.0
2026-08-15,wk inc covid hosp,0,2026-08-15,41,quantile,0.5,11.0
2026-08-15,wk inc covid hosp,0,2026-08-15,41,quantile,0.55,12.0
2026-08-15,wk inc covid hosp,0,2026-08-15,41,quantile,0.6,13.0
2026-08-15,wk inc covid hosp,0,2026-08-15,41,quantile,0.65,14.0
2026-08-15,wk inc covid hosp,0,2026-08-15,41,quantile,0.7,15.0
2026-08-15,wk inc covid hosp,0,2026-08-15,41,quantile,0.75,16.0
2026-08-15,wk inc covid hosp,0,2026-08-15,41,quantile,0.8,18.0
2026-08-15,wk inc covid hosp,0,2026-08-15,41,quantile,0.85,20.0
2026-08-15,wk inc covid hosp,0,2026-08-15,41,quantile,0.9,22.0
2026-08-15,wk inc covid hosp,0,2026-08-15,41,quantile,0.95,26.0
2026-08-15,wk inc covid hosp,0,2026-08-15,41,quantile,0.975,29.0
2026-08-15,wk inc covid hosp,0,2026-08-15,41,quantile,0.99,33.0
2026-08-15,wk inc covid hosp,0,2026-08-15,42,quantile,0.01,0.0
2026-08-15,wk inc covid hosp,0,2026-08-15,42,quantile,0.025,4.0
2026-08-15,wk inc covid hosp,0,2026-08-15,42,quantile,0.05,11.0
2026-08-15,wk inc covid hosp,0,2026-08-15,42,quantile,0.1,19.0
2026-08-15,wk inc covid hosp,0,2026-08-15,42,quantile,0.15,24.0
2026-08-15,wk inc covid hosp,0,2026-08-15,42,quantile,0.2,29.0
2026-08-15,wk inc covid hosp,0,2026-08-15,42,quantile,0.25,34.0
2026-08-15,wk inc covid hosp,0,2026-08-15,42,quantile,0.3,39.0
2026-08-15,wk inc covid hosp,0,2026-08-15,42,quantile,0.35,41.0
2026-08-15,wk inc covid hosp,0,2026-08-15,42,quantile,0.4,45.0
2026-08-15,wk inc covid hosp,0,2026-08-15,42,quantile,0.45,48.0
2026-08-15,wk inc covid hosp,0,2026-08-15,42,quantile,0.5,51.0
2026-08-15,wk inc covid hosp,0,2026-08-15,42,quantile,0.55,55.0
2026-08-15,wk inc covid hosp,0,2026-08-15,42,quantile,0.6,58.0
2026-08-15,wk inc covid hosp,0,2026-08-15,42,quantile,0.65,62.0
2026-08-15,wk inc covid hosp,0,2026-08-15,42,quantile,0.7,66.0
2026-08-15,wk inc covid hosp,0,2026-08-15,42,quantile,0.75,70.0
2026-08-15,wk inc covid hosp,0,2026-08-15,42,quantile,0.8,75.0
2026-08-15,wk inc covid hosp,0,2026-08-15,42,quantile,0.85,81.0
2026-08-15,wk inc covid hosp,0,2026-08-15,42,quantile,0.9,88.0
2026-08-15,wk inc covid hosp,0,2026-08-15,42,quantile,0.95,99.0
2026-08-15,wk inc covid hosp,0,2026-08-15,42,quantile,0.975,109.0
2026-08-15,wk inc covid hosp,0,2026-08-15,42,quantile,0.99,120.0
2026-08-15,wk inc covid hosp,0,2026-08-15,44,quantile,0.01,0.0
2026-08-15,wk inc covid hosp,0,2026-08-15,44,quantile,0.025,0.0
2026-08-15,wk inc covid hosp,0,2026-08-15,44,quantile,0.05,1.0
2026-08-15,wk inc covid hosp,0,2026-08-15,44,quantile,0.1,2.0
2026-08-15,wk inc covid hosp,0,2026-08-15,44,quantile,0.15,3.0
2026-08-15,wk inc covid hosp,0,2026-08-15,44,quantile,0.2,3.0
2026-08-15,wk inc covid hosp,0,2026-08-15,44,quantile,0.25,4.0
2026-08-15,wk inc covid hosp,0,2026-08-15,44,quantile,0.3,4.0
2026-08-15,wk inc covid hosp,0,2026-08-15,44,quantile,0.35,5.0
2026-08-15,wk inc covid hosp,0,2026-08-15,44,quantile,0.4,5.0
2026-08-15,wk inc covid hosp,0,2026-08-15,44,quantile,0.45,6.0
2026-08-15,wk inc covid hosp,0,2026-08-15,44,quantile,0.5,6.0
2026-08-15,wk inc covid hosp,0,2026-08-15,44,quantile,0.55,7.0
2026-08-15,wk inc covid hosp,0,2026-08-15,44,quantile,0.6,7.0
2026-08-15,wk inc covid hosp,0,2026-08-15,44,quantile,0.65,8.0
2026-08-15,wk inc covid hosp,0,2026-08-15,44,quantile,0.7,9.0
2026-08-15,wk inc covid hosp,0,2026-08-15,44,quantile,0.75,10.0
2026-08-15,wk inc covid hosp,0,2026-08-15,44,quantile,0.8,11.0
2026-08-15,wk inc covid hosp,0,2026-08-15,44,quantile,0.85,11.0
2026-08-15,wk inc covid hosp,0,2026-08-15,44,quantile,0.9,13.0
2026-08-15,wk inc covid hosp,0,2026-08-15,44,quantile,0.95,15.0
2026-08-15,wk inc covid hosp,0,2026-08-15,44,quantile,0.975,17.0
2026-08-15,wk inc covid hosp,0,2026-08-15,44,quantile,0.99,19.0
2026-08-15,wk inc covid hosp,0,2026-08-15,45,quantile,0.01,4.0
2026-08-15,wk inc covid hosp,0,2026-08-15,45,quantile,0.025,7.0
2026-08-15,wk inc covid hosp,0,2026-08-15,45,quantile,0.05,9.0
2026-08-15,wk inc covid hosp,0,2026-08-15,45,quantile,0.1,13.0
2026-08-15,wk inc covid hosp,0,2026-08-15,45,quantile,0.15,15.0
2026-08-15,wk inc covid hosp,0,2026-08-15,45,quantile,0.2,17.0
2026-08-15,wk inc covid hosp,0,2026-08-15,45,quantile,0.25,19.0
2026-08-15,wk inc covid hosp,0,2026-08-15,45,quantile,0.3,21.0
2026-08-15,wk inc covid hosp,0,2026-08-15,45,quantile,0.35,22.0
2026-08-15,wk inc covid hosp,0,2026-08-15,45,quantile,0.4,24.0
2026-08-15,wk inc covid hosp,0,2026-08-15,45,quantile,0.45,25.0
2026-08-15,wk inc covid hosp,0,2026-08-15,45,quantile,0.5,27.0
2026-08-15,wk inc covid hosp,0,2026-08-15,45,quantile,0.55,28.0
2026-08-15,wk inc covid hosp,0,2026-08-15,45,quantile,0.6,30.0
2026-08-15,wk inc covid hosp,0,2026-08-15,45,quantile,0.65,31.0
2026-08-15,wk inc covid hosp,0,2026-08-15,45,quantile,0.7,33.0
2026-08-15,wk inc covid hosp,0,2026-08-15,45,quantile,0.75,34.0
2026-08-15,wk inc covid hosp,0,2026-08-15,45,quantile,0.8,36.0
2026-08-15,wk inc covid hosp,0,2026-08-15,45,quantile,0.85,39.0
2026-08-15,wk inc covid hosp,0,2026-08-15,45,quantile,0.9,42.0
2026-08-15,wk inc covid hosp,0,2026-08-15,45,quantile,0.95,46.0
2026-08-15,wk inc covid hosp,0,2026-08-15,45,quantile,0.975,50.0
2026-08-15,wk inc covid hosp,0,2026-08-15,45,quantile,0.99,56.0
2026-08-15,wk inc covid hosp,0,2026-08-15,46,quantile,0.01,0.0
2026-08-15,wk inc covid hosp,0,2026-08-15,46,quantile,0.025,0.0
2026-08-15,wk inc covid hosp,0,2026-08-15,46,quantile,0.05,0.0
2026-08-15,wk inc covid hosp,0,2026-08-15,46,quantile,0.1,0.0
2026-08-15,wk inc covid hosp,0,2026-08-15,46,quantile,0.15,0.0
2026-08-15,wk inc covid hosp,0,2026-08-15,46,quantile,0.2,0.0
2026-08-15,wk inc covid hosp,0,2026-08-15,46,quantile,0.25,0.0
2026-08-15,wk inc covid hosp,0,2026-08-15,46,quantile,0.3,0.0
2026-08-15,wk inc covid hosp,0,2026-08-15,46,quantile,0.35,1.0
2026-08-15,wk inc covid hosp,0,2026-08-15,46,quantile,0.4,1.0
2026-08-15,wk inc covid hosp,0,2026-08-15,46,quantile,0.45,1.0
2026-08-15,wk inc covid hosp,0,2026-08-15,46,quantile,0.5,2.0
2026-08-15,wk inc covid hosp,0,2026-08-15,46,quantile,0.55,2.0
2026-08-15,wk inc covid hosp,0,2026-08-15,46,quantile,0.6,2.0
2026-08-15,wk inc covid hosp,0,2026-08-15,46,quantile,0.65,3.0
2026-08-15,wk inc covid hosp,0,2026-08-15,46,quantile,0.7,3.0
2026-08-15,wk inc covid hosp,0,2026-08-15,46,quantile,0.75,4.0
2026-08-15,wk inc covid hosp,0,2026-08-15,46,quantile,0.8,4.0
2026-08-15,wk inc covid hosp,0,2026-08-15,46,quantile,0.85,5.0
2026-08-15,wk inc covid hosp,0,2026-08-15,46,quantile,0.9,6.0
2026-08-15,wk inc covid hosp,0,2026-08-15,46,quantile,0.95,7.0
2026-08-15,wk inc covid hosp,0,2026-08-15,46,quantile,0.975,8.0
2026-08-15,wk inc covid hosp,0,2026-08-15,46,quantile,0.99,10.0
2026-08-15,wk inc covid hosp,0,2026-08-15,47,quantile,0.01,12.0
2026-08-15,wk inc covid hosp,0,2026-08-15,47,quantile,0.025,17.0
2026-08-15,wk inc covid hosp,0,2026-08-15,47,quantile,0.05,21.0
2026-08-15,wk inc covid hosp,0,2026-08-15,47,quantile,0.1,26.0
2026-08-15,wk inc covid hosp,0,2026-08-15,47,quantile,0.15,29.0
2026-08-15,wk inc covid hosp,0,2026-08-15,47,quantile,0.2,32.0
2026-08-15,wk inc covid hosp,0,2026-08-15,47,quantile,0.25,35.0
2026-08-15,wk inc covid hosp,0,2026-08-15,47,quantile,0.3,37.0
2026-08-15,wk inc covid hosp,0,2026-08-15,47,quantile,0.35,39.0
2026-08-15,wk inc covid hosp,0,2026-08-15,47,quantile,0.4,41.0
2026-08-15,wk inc covid hosp,0,2026-08-15,47,quantile,0.45,43.0
2026-08-15,wk inc covid hosp,0,2026-08-15,47,quantile,0.5,46.0
2026-08-15,wk inc covid hosp,0,2026-08-15,47,quantile,0.55,48.0
2026-08-15,wk inc covid hosp,0,2026-08-15,47,quantile,0.6,50.0
2026-08-15,wk inc covid hosp,0,2026-08-15,47,quantile,0.65,52.0
2026-08-15,wk inc covid hosp,0,2026-08-15,47,quantile,0.7,55.0
2026-08-15,wk inc covid hosp,0,2026-08-15,47,quantile,0.75,58.0
2026-08-15,wk inc covid hosp,0,2026-08-15,47,quantile,0.8,61.0
2026-08-15,wk inc covid hosp,0,2026-08-15,47,quantile,0.85,64.0
2026-08-15,wk inc covid hosp,0,2026-08-15,47,quantile,0.9,71.0
2026-08-15,wk inc covid hosp,0,2026-08-15,47,quantile,0.95,78.0
2026-08-15,wk inc covid hosp,0,2026-08-15,47,quantile,0.975,86.0
2026-08-15,wk inc covid hosp,0,2026-08-15,47,quantile,0.99,94.0
2026-08-15,wk inc covid hosp,0,2026-08-15,48,quantile,0.01,144.0
2026-08-15,wk inc covid hosp,0,2026-08-15,48,quantile,0.025,167.0
2026-08-15,wk inc covid hosp,0,2026-08-15,48,quantile,0.05,186.0
2026-08-15,wk inc covid hosp,0,2026-08-15,48,quantile,0.1,214.0
2026-08-15,wk inc covid hosp,0,2026-08-15,48,quantile,0.15,229.0
2026-08-15,wk inc covid hosp,0,2026-08-15,48,quantile,0.2,247.0
2026-08-15,wk inc covid hosp,0,2026-08-15,48,quantile,0.25,261.0
2026-08-15,wk inc covid hosp,0,2026-08-15,48,quantile,0.3,275.0
2026-08-15,wk inc covid hosp,0,2026-08-15,48,quantile,0.35,284.0
2026-08-15,wk inc covid hosp,0,2026-08-15,48,quantile,0.4,297.0
2026-08-15,wk inc covid hosp,0,2026-08-15,48,quantile,0.45,306.0
2026-08-15,wk inc covid hosp,0,2026-08-15,48,quantile,0.5,317.0
2026-08-15,wk inc covid hosp,0,2026-08-15,48,quantile,0.55,328.0
2026-08-15,wk inc covid hosp,0,2026-08-15,48,quantile,0.6,341.0
2026-08-15,wk inc covid hosp,0,2026-08-15,48,quantile,0.65,352.0
2026-08-15,wk inc covid hosp,0,2026-08-15,48,quantile,0.7,363.0
2026-08-15,wk inc covid hosp,0,2026-08-15,48,quantile,0.75,377.0
2026-08-15,wk inc covid hosp,0,2026-08-15,48,quantile,0.8,391.0
2026-08-15,wk inc covid hosp,0,2026-08-15,48,quantile,0.85,409.0
2026-08-15,wk inc covid hosp,0,2026-08-15,48,quantile,0.9,433.0
2026-08-15,wk inc covid hosp,0,2026-08-15,48,quantile,0.95,466.0
2026-08-15,wk inc covid hosp,0,2026-08-15,48,quantile,0.975,493.0
2026-08-15,wk inc covid hosp,0,2026-08-15,48,quantile,0.99,539.0
2026-08-15,wk inc covid hosp,0,2026-08-15,49,quantile,0.01,0.0
2026-08-15,wk inc covid hosp,0,2026-08-15,49,quantile,0.025,0.0
2026-08-15,wk inc covid hosp,0,2026-08-15,49,quantile,0.05,0.0
2026-08-15,wk inc covid hosp,0,2026-08-15,49,quantile,0.1,0.0
2026-08-15,wk inc covid hosp,0,2026-08-15,49,quantile,0.15,0.0
2026-08-15,wk inc covid hosp,0,2026-08-15,49,quantile,0.2,0.0
2026-08-15,wk inc covid hosp,0,2026-08-15,49,quantile,0.25,0.0
2026-08-15,wk inc covid hosp,0,2026-08-15,49,quantile,0.3,1.0
2026-08-15,wk inc covid hosp,0,2026-08-15,49,quantile,0.35,1.0
2026-08-15,wk inc covid hosp,0,2026-08-15,49,quantile,0.4,2.0
2026-08-15,wk inc covid hosp,0,2026-08-15,49,quantile,0.45,3.0
2026-08-15,wk inc covid hosp,0,2026-08-15,49,quantile,0.5,3.0
2026-08-15,wk inc covid hosp,0,2026-08-15,49,quantile,0.55,4.0
2026-08-15,wk inc covid hosp,0,2026-08-15,49,quantile,0.6,5.0
2026-08-15,wk inc covid hosp,0,2026-08-15,49,quantile,0.65,5.0
2026-08-15,wk inc covid hosp,0,2026-08-15,49,quantile,0.7,6.0
2026-08-15,wk inc covid hosp,0,2026-08-15,49,quantile,0.75,7.0
2026-08-15,wk inc covid hosp,0,2026-08-15,49,quantile,0.8,8.0
2026-08-15,wk inc covid hosp,0,2026-08-15,49,quantile,0.85,9.0
2026-08-15,wk inc covid hosp,0,2026-08-15,49,quantile,0.9,11.0
2026-08-15,wk inc covid hosp,0,2026-08-15,49,quantile,0.95,13.0
2026-08-15,wk inc covid hosp,0,2026-08-15,49,quantile,0.975,15.0
2026-08-15,wk inc covid hosp,0,2026-08-15,49,quantile,0.99,18.0
2026-08-15,wk inc covid hosp,0,2026-08-15,50,quantile,0.01,0.0
2026-08-15,wk inc covid hosp,0,2026-08-15,50,quantile,0.025,0.0
2026-08-15,wk inc covid hosp,0,2026-08-15,50,quantile,0.05,0.0
2026-08-15,wk inc covid hosp,0,2026-08-15,50,quantile,0.1,1.0
2026-08-15,wk inc covid hosp,0,2026-08-15,50,quantile,0.15,1.0
2026-08-15,wk inc covid hosp,0,2026-08-15,50,quantile,0.2,2.0
2026-08-15,wk inc covid hosp,0,2026-08-15,50,quantile,0.25,2.0
2026-08-15,wk inc covid hosp,0,2026-08-15,50,quantile,0.3,2.0
2026-08-15,wk inc covid hosp,0,2026-08-15,50,quantile,0.35,2.0
2026-08-15,wk inc covid hosp,0,2026-08-15,50,quantile,0.4,3.0
2026-08-15,wk inc covid hosp,0,2026-08-15,50,quantile,0.45,3.0
2026-08-15,wk inc covid hosp,0,2026-08-15,50,quantile,0.5,3.0
2026-08-15,wk inc covid hosp,0,2026-08-15,50,quantile,0.55,4.0
2026-08-15,wk inc covid hosp,0,2026-08-15,50,quantile,0.6,4.0
2026-08-15,wk inc covid hosp,0,2026-08-15,50,quantile,0.65,4.0
2026-08-15,wk inc covid hosp,0,2026-08-15,50,quantile,0.7,5.0
2026-08-15,wk inc covid hosp,0,2026-08-15,50,quantile,0.75,5.0
2026-08-15,wk inc covid hosp,0,2026-08-15,50,quantile,0.8,6.0
2026-08-15,wk inc covid hosp,0,2026-08-15,50,quantile,0.85,7.0
2026-08-15,wk inc covid hosp,0,2026-08-15,50,quantile,0.9,8.0
2026-08-15,wk inc covid hosp,0,2026-08-15,50,quantile,0.95,9.0
2026-08-15,wk inc covid hosp,0,2026-08-15,50,quantile,0.975,10.0
2026-08-15,wk inc covid hosp,0,2026-08-15,50,quantile,0.99,12.0
2026-08-15,wk inc covid hosp,0,2026-08-15,51,quantile,0.01,0.0
2026-08-15,wk inc covid hosp,0,2026-08-15,51,quantile,0.025,4.0
2026-08-15,wk inc covid hosp,0,2026-08-15,51,quantile,0.05,8.0
2026-08-15,wk inc covid hosp,0,2026-08-15,51,quantile,0.1,12.0
2026-08-15,wk inc covid hosp,0,2026-08-15,51,quantile,0.15,15.0
2026-08-15,wk inc covid hosp,0,2026-08-15,51,quantile,0.2,17.0
2026-08-15,wk inc covid hosp,0,2026-08-15,51,quantile,0.25,19.0
2026-08-15,wk inc covid hosp,0,2026-08-15,51,quantile,0.3,21.0
2026-08-15,wk inc covid hosp,0,2026-08-15,51,quantile,0.35,23.0
2026-08-15,wk inc covid hosp,0,2026-08-15,51,quantile,0.4,24.0
2026-08-15,wk inc covid hosp,0,2026-08-15,51,quantile,0.45,26.0
2026-08-15,wk inc covid hosp,0,2026-08-15,51,quantile,0.5,28.0
2026-08-15,wk inc covid hosp,0,2026-08-15,51,quantile,0.55,30.0
2026-08-15,wk inc covid hosp,0,2026-08-15,51,quantile,0.6,31.0
2026-08-15,wk inc covid hosp,0,2026-08-15,51,quantile,0.65,33.0
2026-08-15,wk inc covid hosp,0,2026-08-15,51,quantile,0.7,35.0
2026-08-15,wk inc covid hosp,0,2026-08-15,51,quantile,0.75,37.0
2026-08-15,wk inc covid hosp,0,2026-08-15,51,quantile,0.8,40.0
2026-08-15,wk inc covid hosp,0,2026-08-15,51,quantile,0.85,43.0
2026-08-15,wk inc covid hosp,0,2026-08-15,51,quantile,0.9,48.0
2026-08-15,wk inc covid hosp,0,2026-08-15,51,quantile,0.95,53.0
2026-08-15,wk inc covid hosp,0,2026-08-15,51,quantile,0.975,59.0
2026-08-15,wk inc covid hosp,0,2026-08-15,51,quantile,0.99,65.0
2026-08-15,wk inc covid hosp,0,2026-08-15,53,quantile,0.01,3.0
2026-08-15,wk inc covid hosp,0,2026-08-15,53,quantile,0.025,7.0
2026-08-15,wk inc covid hosp,0,2026-08-15,53,quantile,0.05,10.0
2026-08-15,wk inc covid hosp,0,2026-08-15,53,quantile,0.1,14.0
2026-08-15,wk inc covid hosp,0,2026-08-15,53,quantile,0.15,17.0
2026-08-15,wk inc covid hosp,0,2026-08-15,53,quantile,0.2,19.0
2026-08-15,wk inc covid hosp,0,2026-08-15,53,quantile,0.25,21.0
2026-08-15,wk inc covid hosp,0,2026-08-15,53,quantile,0.3,24.0
2026-08-15,wk inc covid hosp,0,2026-08-15,53,quantile,0.35,25.0
2026-08-15,wk inc covid hosp,0,2026-08-15,53,quantile,0.4,27.0
2026-08-15,wk inc covid hosp,0,2026-08-15,53,quantile,0.45,28.0
2026-08-15,wk inc covid hosp,0,2026-08-15,53,quantile,0.5,30.0
2026-08-15,wk inc covid hosp,0,2026-08-15,53,quantile,0.55,32.0
2026-08-15,wk inc covid hosp,0,2026-08-15,53,quantile,0.6,34.0
2026-08-15,wk inc covid hosp,0,2026-08-15,53,quantile,0.65,35.0
2026-08-15,wk inc covid hosp,0,2026-08-15,53,quantile,0.7,37.0
2026-08-15,wk inc covid hosp,0,2026-08-15,53,quantile,0.75,39.0
2026-08-15,wk inc covid hosp,0,2026-08-15,53,quantile,0.8,41.0
2026-08-15,wk inc covid hosp,0,2026-08-15,53,quantile,0.85,44.0
2026-08-15,wk inc covid hosp,0,2026-08-15,53,quantile,0.9,47.0
2026-08-15,wk inc covid hosp,0,2026-08-15,53,quantile,0.95,52.0
2026-08-15,wk inc covid hosp,0,2026-08-15,53,quantile,0.975,56.0
2026-08-15,wk inc covid hosp,0,2026-08-15,53,quantile,0.99,63.0
2026-08-15,wk inc covid hosp,0,2026-08-15,54,quantile,0.01,0.0
2026-08-15,wk inc covid hosp,0,2026-08-15,54,quantile,0.025,0.0
2026-08-15,wk inc covid hosp,0,2026-08-15,54,quantile,0.05,0.0
2026-08-15,wk inc covid hosp,0,2026-08-15,54,quantile,0.1,0.0
2026-08-15,wk inc covid hosp,0,2026-08-15,54,quantile,0.15,0.0
2026-08-15,wk inc covid hosp,0,2026-08-15,54,quantile,0.2,1.0
2026-08-15,wk inc covid hosp,0,2026-08-15,54,quantile,0.25,1.0
2026-08-15,wk inc covid hosp,0,2026-08-15,54,quantile,0.3,2.0
2026-08-15,wk inc covid hosp,0,2026-08-15,54,quantile,0.35,2.0
2026-08-15,wk inc covid hosp,0,2026-08-15,54,quantile,0.4,3.0
2026-08-15,wk inc covid hosp,0,2026-08-15,54,quantile,0.45,3.0
2026-08-15,wk inc covid hosp,0,2026-08-15,54,quantile,0.5,4.0
2026-08-15,wk inc covid hosp,0,2026-08-15,54,quantile,0.55,4.0
2026-08-15,wk inc covid hosp,0,2026-08-15,54,quantile,0.6,5.0
2026-08-15,wk inc covid hosp,0,2026-08-15,54,quantile,0.65,5.0
2026-08-15,wk inc covid hosp,0,2026-08-15,54,quantile,0.7,6.0
2026-08-15,wk inc covid hosp,0,2026-08-15,54,quantile,0.75,6.0
2026-08-15,wk inc covid hosp,0,2026-08-15,54,quantile,0.8,7.0
2026-08-15,wk inc covid hosp,0,2026-08-15,54,quantile,0.85,8.0
2026-08-15,wk inc covid hosp,0,2026-08-15,54,quantile,0.9,9.0
2026-08-15,wk inc covid hosp,0,2026-08-15,54,quantile,0.95,11.0
2026-08-15,wk inc covid hosp,0,2026-08-15,54,quantile,0.975,13.0
2026-08-15,wk inc covid hosp,0,2026-08-15,54,quantile,0.99,15.0
2026-08-15,wk inc covid hosp,0,2026-08-15,55,quantile,0.01,0.0
2026-08-15,wk inc covid hosp,0,2026-08-15,55,quantile,0.025,0.0
2026-08-15,wk inc covid hosp,0,2026-08-15,55,quantile,0.05,0.0
2026-08-15,wk inc covid hosp,0,2026-08-15,55,quantile,0.1,0.0
2026-08-15,wk inc covid hosp,0,2026-08-15,55,quantile,0.15,1.0
2026-08-15,wk inc covid hosp,0,2026-08-15,55,quantile,0.2,4.0
2026-08-15,wk inc covid hosp,0,2026-08-15,55,quantile,0.25,5.0
2026-08-15,wk inc covid hosp,0,2026-08-15,55,quantile,0.3,7.0
2026-08-15,wk inc covid hosp,0,2026-08-15,55,quantile,0.35,8.0
2026-08-15,wk inc covid hosp,0,2026-08-15,55,quantile,0.4,10.0
2026-08-15,wk inc covid hosp,0,2026-08-15,55,quantile,0.45,11.0
2026-08-15,wk inc covid hosp,0,2026-08-15,55,quantile,0.5,12.0
2026-08-15,wk inc covid hosp,0,2026-08-15,55,quantile,0.55,14.0
2026-08-15,wk inc covid hosp,0,2026-08-15,55,quantile,0.6,15.0
2026-08-15,wk inc covid hosp,0,2026-08-15,55,quantile,0.65,17.0
2026-08-15,wk inc covid hosp,0,2026-08-15,55,quantile,0.7,18.0
2026-08-15,wk inc covid hosp,0,2026-08-15,55,quantile,0.75,20.0
2026-08-15,wk inc covid hosp,0,2026-08-15,55,quantile,0.8,22.0
2026-08-15,wk inc covid hosp,0,2026-08-15,55,quantile,0.85,24.0
2026-08-15,wk inc covid hosp,0,2026-08-15,55,quantile,0.9,27.0
2026-08-15,wk inc covid hosp,0,2026-08-15,55,quantile,0.95,31.0
2026-08-15,wk inc covid hosp,0,2026-08-15,55,quantile,0.975,35.0
2026-08-15,wk inc covid hosp,0,2026-08-15,55,quantile,0.99,40.0
2026-08-15,wk inc covid hosp,0,2026-08-15,56,quantile,0.01,0.0
2026-08-15,wk inc covid hosp,0,2026-08-15,56,quantile,0.025,0.0
2026-08-15,wk inc covid hosp,0,2026-08-15,56,quantile,0.05,0.0
2026-08-15,wk inc covid hosp,0,2026-08-15,56,quantile,0.1,0.0
2026-08-15,wk inc covid hosp,0,2026-08-15,56,quantile,0.15,0.0
2026-08-15,wk inc covid hosp,0,2026-08-15,56,quantile,0.2,0.0
2026-08-15,wk inc covid hosp,0,2026-08-15,56,quantile,0.25,0.0
2026-08-15,wk inc covid hosp,0,2026-08-15,56,quantile,0.3,0.0
2026-08-15,wk inc covid hosp,0,2026-08-15,56,quantile,0.35,1.0
2026-08-15,wk inc covid hosp,0,2026-08-15,56,quantile,0.4,1.0
2026-08-15,wk inc covid hosp,0,2026-08-15,56,quantile,0.45,1.0
2026-08-15,wk inc covid hosp,0,2026-08-15,56,quantile,0.5,1.0
2026-08-15,wk inc covid hosp,0,2026-08-15,56,quantile,0.55,2.0
2026-08-15,wk inc covid hosp,0,2026-08-15,56,quantile,0.6,2.0
2026-08-15,wk inc covid hosp,0,2026-08-15,56,quantile,0.65,2.0
2026-08-15,wk inc covid hosp,0,2026-08-15,56,quantile,0.7,3.0
2026-08-15,wk inc covid hosp,0,2026-08-15,56,quantile,0.75,3.0
2026-08-15,wk inc covid hosp,0,2026-08-15,56,quantile,0.8,4.0
2026-08-15,wk inc covid hosp,0,2026-08-15,56,quantile,0.85,4.0
2026-08-15,wk inc covid hosp,0,2026-08-15,56,quantile,0.9,5.0
2026-08-15,wk inc covid hosp,0,2026-08-15,56,quantile,0.95,6.0
2026-08-15,wk inc covid hosp,0,2026-08-15,56,quantile,0.975,8.0
2026-08-15,wk inc covid hosp,0,2026-08-15,56,quantile,0.99,9.0
2026-08-15,wk inc covid hosp,0,2026-08-15,72,quantile,0.01,13.0
2026-08-15,wk inc covid hosp,0,2026-08-15,72,quantile,0.025,16.0
2026-08-15,wk inc covid hosp,0,2026-08-15,72,quantile,0.05,21.0
2026-08-15,wk inc covid hosp,0,2026-08-15,72,quantile,0.1,27.0
2026-08-15,wk inc covid hosp,0,2026-08-15,72,quantile,0.15,31.0
2026-08-15,wk inc covid hosp,0,2026-08-15,72,quantile,0.2,35.0
2026-08-15,wk inc covid hosp,0,2026-08-15,72,quantile,0.25,38.0
2026-08-15,wk inc covid hosp,0,2026-08-15,72,quantile,0.3,41.0
2026-08-15,wk inc covid hosp,0,2026-08-15,72,quantile,0.35,44.0
2026-08-15,wk inc covid hosp,0,2026-08-15,72,quantile,0.4,47.0
2026-08-15,wk inc covid hosp,0,2026-08-15,72,quantile,0.45,50.0
2026-08-15,wk inc covid hosp,0,2026-08-15,72,quantile,0.5,53.0
2026-08-15,wk inc covid hosp,0,2026-08-15,72,quantile,0.55,56.0
2026-08-15,wk inc covid hosp,0,2026-08-15,72,quantile,0.6,59.0
2026-08-15,wk inc covid hosp,0,2026-08-15,72,quantile,0.65,63.0
2026-08-15,wk inc covid hosp,0,2026-08-15,72,quantile,0.7,67.0
2026-08-15,wk inc covid hosp,0,2026-08-15,72,quantile,0.75,72.0
2026-08-15,wk inc covid hosp,0,2026-08-15,72,quantile,0.8,78.0
2026-08-15,wk inc covid hosp,0,2026-08-15,72,quantile,0.85,84.0
2026-08-15,wk inc covid hosp,0,2026-08-15,72,quantile,0.9,93.0
2026-08-15,wk inc covid hosp,0,2026-08-15,72,quantile,0.95,104.0
2026-08-15,wk inc covid hosp,0,2026-08-15,72,quantile,0.975,118.0
2026-08-15,wk inc covid hosp,0,2026-08-15,72,quantile,0.99,136.0
2026-08-15,wk inc covid hosp,1,2026-08-22,01,quantile,0.01,33.0
2026-08-15,wk inc covid hosp,1,2026-08-22,01,quantile,0.025,41.0
2026-08-15,wk inc covid hosp,1,2026-08-22,01,quantile,0.05,46.0
2026-08-15,wk inc covid hosp,1,2026-08-22,01,quantile,0.1,53.0
2026-08-15,wk inc covid hosp,1,2026-08-22,01,quantile,0.15,60.0
2026-08-15,wk inc covid hosp,1,2026-08-22,01,quantile,0.2,64.0
2026-08-15,wk inc covid hosp,1,2026-08-22,01,quantile,0.25,69.0
2026-08-15,wk inc covid hosp,1,2026-08-22,01,quantile,0.3,74.0
2026-08-15,wk inc covid hosp,1,2026-08-22,01,quantile,0.35,78.0
2026-08-15,wk inc covid hosp,1,2026-08-22,01,quantile,0.4,81.0
2026-08-15,wk inc covid hosp,1,2026-08-22,01,quantile,0.45,85.0
2026-08-15,wk inc covid hosp,1,2026-08-22,01,quantile,0.5,90.0
2026-08-15,wk inc covid hosp,1,2026-08-22,01,quantile,0.55,93.0
2026-08-15,wk inc covid hosp,1,2026-08-22,01,quantile,0.6,99.0
2026-08-15,wk inc covid hosp,1,2026-08-22,01,quantile,0.65,102.0
2026-08-15,wk inc covid hosp,1,2026-08-22,01,quantile,0.7,106.0
2026-08-15,wk inc covid hosp,1,2026-08-22,01,quantile,0.75,111.0
2026-08-15,wk inc covid hosp,1,2026-08-22,01,quantile,0.8,117.0
2026-08-15,wk inc covid hosp,1,2026-08-22,01,quantile,0.85,124.0
2026-08-15,wk inc covid hosp,1,2026-08-22,01,quantile,0.9,136.0
2026-08-15,wk inc covid hosp,1,2026-08-22,01,quantile,0.95,153.0
2026-08-15,wk inc covid hosp,1,2026-08-22,01,quantile,0.975,172.0
2026-08-15,wk inc covid hosp,1,2026-08-22,01,quantile,0.99,194.0
2026-08-15,wk inc covid hosp,1,2026-08-22,02,quantile,0.01,0.0
2026-08-15,wk inc covid hosp,1,2026-08-22,02,quantile,0.025,0.0
2026-08-15,wk inc covid hosp,1,2026-08-22,02,quantile,0.05,0.0
2026-08-15,wk inc covid hosp,1,2026-08-22,02,quantile,0.1,0.0
2026-08-15,wk inc covid hosp,1,2026-08-22,02,quantile,0.15,1.0
2026-08-15,wk inc covid hosp,1,2026-08-22,02,quantile,0.2,1.0
2026-08-15,wk inc covid hosp,1,2026-08-22,02,quantile,0.25,1.0
2026-08-15,wk inc covid hosp,1,2026-08-22,02,quantile,0.3,2.0
2026-08-15,wk inc covid hosp,1,2026-08-22,02,quantile,0.35,2.0
2026-08-15,wk inc covid hosp,1,2026-08-22,02,quantile,0.4,2.0
2026-08-15,wk inc covid hosp,1,2026-08-22,02,quantile,0.45,3.0
2026-08-15,wk inc covid hosp,1,2026-08-22,02,quantile,0.5,3.0
2026-08-15,wk inc covid hosp,1,2026-08-22,02,quantile,0.55,4.0
2026-08-15,wk inc covid hosp,1,2026-08-22,02,quantile,0.6,4.0
2026-08-15,wk inc covid hosp,1,2026-08-22,02,quantile,0.65,5.0
2026-08-15,wk inc covid hosp,1,2026-08-22,02,quantile,0.7,5.0
2026-08-15,wk inc covid hosp,1,2026-08-22,02,quantile,0.75,6.0
2026-08-15,wk inc covid hosp,1,2026-08-22,02,quantile,0.8,6.0
2026-08-15,wk inc covid hosp,1,2026-08-22,02,quantile,0.85,7.0
2026-08-15,wk inc covid hosp,1,2026-08-22,02,quantile,0.9,8.0
2026-08-15,wk inc covid hosp,1,2026-08-22,02,quantile,0.95,10.0
2026-08-15,wk inc covid hosp,1,2026-08-22,02,quantile,0.975,12.0
2026-08-15,wk inc covid hosp,1,2026-08-22,02,quantile,0.99,13.0
2026-08-15,wk inc covid hosp,1,2026-08-22,04,quantile,0.01,9.0
2026-08-15,wk inc covid hosp,1,2026-08-22,04,quantile,0.025,16.0
2026-08-15,wk inc covid hosp,1,2026-08-22,04,quantile,0.05,22.0
2026-08-15,wk inc covid hosp,1,2026-08-22,04,quantile,0.1,31.0
2026-08-15,wk inc covid hosp,1,2026-08-22,04,quantile,0.15,38.0
2026-08-15,wk inc covid hosp,1,2026-08-22,04,quantile,0.2,43.0
2026-08-15,wk inc covid hosp,1,2026-08-22,04,quantile,0.25,48.0
2026-08-15,wk inc covid hosp,1,2026-08-22,04,quantile,0.3,53.0
2026-08-15,wk inc covid hosp,1,2026-08-22,04,quantile,0.35,57.0
2026-08-15,wk inc covid hosp,1,2026-08-22,04,quantile,0.4,62.0
2026-08-15,wk inc covid hosp,1,2026-08-22,04,quantile,0.45,67.0
2026-08-15,wk inc covid hosp,1,2026-08-22,04,quantile,0.5,71.0
2026-08-15,wk inc covid hosp,1,2026-08-22,04,quantile,0.55,75.0
2026-08-15,wk inc covid hosp,1,2026-08-22,04,quantile,0.6,81.0
2026-08-15,wk inc covid hosp,1,2026-08-22,04,quantile,0.65,84.0
2026-08-15,wk inc covid hosp,1,2026-08-22,04,quantile,0.7,89.0
2026-08-15,wk inc covid hosp,1,2026-08-22,04,quantile,0.75,94.0
2026-08-15,wk inc covid hosp,1,2026-08-22,04,quantile,0.8,100.0
2026-08-15,wk inc covid hosp,1,2026-08-22,04,quantile,0.85,110.0
2026-08-15,wk inc covid hosp,1,2026-08-22,04,quantile,0.9,121.0
2026-08-15,wk inc covid hosp,1,2026-08-22,04,quantile,0.95,139.0
2026-08-15,wk inc covid hosp,1,2026-08-22,04,quantile,0.975,157.0
2026-08-15,wk inc covid hosp,1,2026-08-22,04,quantile,0.99,184.0
2026-08-15,wk inc covid hosp,1,2026-08-22,05,quantile,0.01,0.0
2026-08-15,wk inc covid hosp,1,2026-08-22,05,quantile,0.025,1.0
2026-08-15,wk inc covid hosp,1,2026-08-22,05,quantile,0.05,3.0
2026-08-15,wk inc covid hosp,1,2026-08-22,05,quantile,0.1,5.0
2026-08-15,wk inc covid hosp,1,2026-08-22,05,quantile,0.15,8.0
2026-08-15,wk inc covid hosp,1,2026-08-22,05,quantile,0.2,9.0
2026-08-15,wk inc covid hosp,1,2026-08-22,05,quantile,0.25,11.0
2026-08-15,wk inc covid hosp,1,2026-08-22,05,quantile,0.3,13.0
2026-08-15,wk inc covid hosp,1,2026-08-22,05,quantile,0.35,14.0
2026-08-15,wk inc covid hosp,1,2026-08-22,05,quantile,0.4,15.0
2026-08-15,wk inc covid hosp,1,2026-08-22,05,quantile,0.45,16.0
2026-08-15,wk inc covid hosp,1,2026-08-22,05,quantile,0.5,18.0
2026-08-15,wk inc covid hosp,1,2026-08-22,05,quantile,0.55,19.0
2026-08-15,wk inc covid hosp,1,2026-08-22,05,quantile,0.6,21.0
2026-08-15,wk inc covid hosp,1,2026-08-22,05,quantile,0.65,23.0
2026-08-15,wk inc covid hosp,1,2026-08-22,05,quantile,0.7,24.0
2026-08-15,wk inc covid hosp,1,2026-08-22,05,quantile,0.75,26.0
2026-08-15,wk inc covid hosp,1,2026-08-22,05,quantile,0.8,28.0
2026-08-15,wk inc covid hosp,1,2026-08-22,05,quantile,0.85,30.0
2026-08-15,wk inc covid hosp,1,2026-08-22,05,quantile,0.9,34.0
2026-08-15,wk inc covid hosp,1,2026-08-22,05,quantile,0.95,41.0
2026-08-15,wk inc covid hosp,1,2026-08-22,05,quantile,0.975,47.0
2026-08-15,wk inc covid hosp,1,2026-08-22,05,quantile,0.99,53.0
2026-08-15,wk inc covid hosp,1,2026-08-22,06,quantile,0.01,183.0
2026-08-15,wk inc covid hosp,1,2026-08-22,06,quantile,0.025,217.0
2026-08-15,wk inc covid hosp,1,2026-08-22,06,quantile,0.05,242.0
2026-08-15,wk inc covid hosp,1,2026-08-22,06,quantile,0.1,277.0
2026-08-15,wk inc covid hosp,1,2026-08-22,06,quantile,0.15,308.0
2026-08-15,wk inc covid hosp,1,2026-08-22,06,quantile,0.2,328.0
2026-08-15,wk inc covid hosp,1,2026-08-22,06,quantile,0.25,347.0
2026-08-15,wk inc covid hosp,1,2026-08-22,06,quantile,0.3,366.0
2026-08-15,wk inc covid hosp,1,2026-08-22,06,quantile,0.35,380.0
2026-08-15,wk inc covid hosp,1,2026-08-22,06,quantile,0.4,398.0
2026-08-15,wk inc covid hosp,1,2026-08-22,06,quantile,0.45,414.0
2026-08-15,wk inc covid hosp,1,2026-08-22,06,quantile,0.5,431.0
2026-08-15,wk inc covid hosp,1,2026-08-22,06,quantile,0.55,446.0
2026-08-15,wk inc covid hosp,1,2026-08-22,06,quantile,0.6,465.0
2026-08-15,wk inc covid hosp,1,2026-08-22,06,quantile,0.65,481.0
2026-08-15,wk inc covid hosp,1,2026-08-22,06,quantile,0.7,495.0
2026-08-15,wk inc covid hosp,1,2026-08-22,06,quantile,0.75,512.0
2026-08-15,wk inc covid hosp,1,2026-08-22,06,quantile,0.8,534.0
2026-08-15,wk inc covid hosp,1,2026-08-22,06,quantile,0.85,564.0
2026-08-15,wk inc covid hosp,1,2026-08-22,06,quantile,0.9,604.0
2026-08-15,wk inc covid hosp,1,2026-08-22,06,quantile,0.95,660.0
2026-08-15,wk inc covid hosp,1,2026-08-22,06,quantile,0.975,708.0
2026-08-15,wk inc covid hosp,1,2026-08-22,06,quantile,0.99,777.0
2026-08-15,wk inc covid hosp,1,2026-08-22,08,quantile,0.01,0.0
2026-08-15,wk inc covid hosp,1,2026-08-22,08,quantile,0.025,0.0
2026-08-15,wk inc covid hosp,1,2026-08-22,08,quantile,0.05,0.0
2026-08-15,wk inc covid hosp,1,2026-08-22,08,quantile,0.1,4.0
2026-08-15,wk inc covid hosp,1,2026-08-22,08,quantile,0.15,8.0
2026-08-15,wk inc covid hosp,1,2026-08-22,08,quantile,0.2,10.0
2026-08-15,wk inc covid hosp,1,2026-08-22,08,quantile,0.25,12.0
2026-08-15,wk inc covid hosp,1,2026-08-22,08,quantile,0.3,15.0
2026-08-15,wk inc covid hosp,1,2026-08-22,08,quantile,0.35,17.0
2026-08-15,wk inc covid hosp,1,2026-08-22,08,quantile,0.4,19.0
2026-08-15,wk inc covid hosp,1,2026-08-22,08,quantile,0.45,21.0
2026-08-15,wk inc covid hosp,1,2026-08-22,08,quantile,0.5,23.0
2026-08-15,wk inc covid hosp,1,2026-08-22,08,quantile,0.55,25.0
2026-08-15,wk inc covid hosp,1,2026-08-22,08,quantile,0.6,28.0
2026-08-15,wk inc covid hosp,1,2026-08-22,08,quantile,0.65,30.0
2026-08-15,wk inc covid hosp,1,2026-08-22,08,quantile,0.7,32.0
2026-08-15,wk inc covid hosp,1,2026-08-22,08,quantile,0.75,35.0
2026-08-15,wk inc covid hosp,1,2026-08-22,08,quantile,0.8,38.0
2026-08-15,wk inc covid hosp,1,2026-08-22,08,quantile,0.85,42.0
2026-08-15,wk inc covid hosp,1,2026-08-22,08,quantile,0.9,48.0
2026-08-15,wk inc covid hosp,1,2026-08-22,08,quantile,0.95,57.0
2026-08-15,wk inc covid hosp,1,2026-08-22,08,quantile,0.975,67.0
2026-08-15,wk inc covid hosp,1,2026-08-22,08,quantile,0.99,78.0
2026-08-15,wk inc covid hosp,1,2026-08-22,09,quantile,0.01,0.0
2026-08-15,wk inc covid hosp,1,2026-08-22,09,quantile,0.025,0.0
2026-08-15,wk inc covid hosp,1,2026-08-22,09,quantile,0.05,0.0
2026-08-15,wk inc covid hosp,1,2026-08-22,09,quantile,0.1,0.0
2026-08-15,wk inc covid hosp,1,2026-08-22,09,quantile,0.15,1.0
2026-08-15,wk inc covid hosp,1,2026-08-22,09,quantile,0.2,2.0
2026-08-15,wk inc covid hosp,1,2026-08-22,09,quantile,0.25,4.0
2026-08-15,wk inc covid hosp,1,2026-08-22,09,quantile,0.3,5.0
2026-08-15,wk inc covid hosp,1,2026-08-22,09,quantile,0.35,7.0
2026-08-15,wk inc covid hosp,1,2026-08-22,09,quantile,0.4,8.0
2026-08-15,wk inc covid hosp,1,2026-08-22,09,quantile,0.45,9.0
2026-08-15,wk inc covid hosp,1,2026-08-22,09,quantile,0.5,11.0
2026-08-15,wk inc covid hosp,1,2026-08-22,09,quantile,0.55,13.0
2026-08-15,wk inc covid hosp,1,2026-08-22,09,quantile,0.6,14.0
2026-08-15,wk inc covid hosp,1,2026-08-22,09,quantile,0.65,16.0
2026-08-15,wk inc covid hosp,1,2026-08-22,09,quantile,0.7,18.0
2026-08-15,wk inc covid hosp,1,2026-08-22,09,quantile,0.75,19.0
2026-08-15,wk inc covid hosp,1,2026-08-22,09,quantile,0.8,22.0
2026-08-15,wk inc covid hosp,1,2026-08-22,09,quantile,0.85,26.0
2026-08-15,wk inc covid hosp,1,2026-08-22,09,quantile,0.9,29.0
2026-08-15,wk inc covid hosp,1,2026-08-22,09,quantile,0.95,36.0
2026-08-15,wk inc covid hosp,1,2026-08-22,09,quantile,0.975,42.0
2026-08-15,wk inc covid hosp,1,2026-08-22,09,quantile,0.99,48.0
2026-08-15,wk inc covid hosp,1,2026-08-22,10,quantile,0.01,0.0
2026-08-15,wk inc covid hosp,1,2026-08-22,10,quantile,0.025,0.0
2026-08-15,wk inc covid hosp,1,2026-08-22,10,quantile,0.05,0.0
2026-08-15,wk inc covid hosp,1,2026-08-22,10,quantile,0.1,0.0
2026-08-15,wk inc covid hosp,1,2026-08-22,10,quantile,0.15,0.0
2026-08-15,wk inc covid hosp,1,2026-08-22,10,quantile,0.2,0.0
2026-08-15,wk inc covid hosp,1,2026-08-22,10,quantile,0.25,0.0
2026-08-15,wk inc covid hosp,1,2026-08-22,10,quantile,0.3,0.0
2026-08-15,wk inc covid hosp,1,2026-08-22,10,quantile,0.35,1.0
2026-08-15,wk inc covid hosp,1,2026-08-22,10,quantile,0.4,1.0
2026-08-15,wk inc covid hosp,1,2026-08-22,10,quantile,0.45,2.0
2026-08-15,wk inc covid hosp,1,2026-08-22,10,quantile,0.5,2.0
2026-08-15,wk inc covid hosp,1,2026-08-22,10,quantile,0.55,2.0
2026-08-15,wk inc covid hosp,1,2026-08-22,10,quantile,0.6,3.0
2026-08-15,wk inc covid hosp,1,2026-08-22,10,quantile,0.65,3.0
2026-08-15,wk inc covid hosp,1,2026-08-22,10,quantile,0.7,4.0
2026-08-15,wk inc covid hosp,1,2026-08-22,10,quantile,0.75,4.0
2026-08-15,wk inc covid hosp,1,2026-08-22,10,quantile,0.8,5.0
2026-08-15,wk inc covid hosp,1,2026-08-22,10,quantile,0.85,6.0
2026-08-15,wk inc covid hosp,1,2026-08-22,10,quantile,0.9,7.0
2026-08-15,wk inc covid hosp,1,2026-08-22,10,quantile,0.95,9.0
2026-08-15,wk inc covid hosp,1,2026-08-22,10,quantile,0.975,11.0
2026-08-15,wk inc covid hosp,1,2026-08-22,10,quantile,0.99,14.0
2026-08-15,wk inc covid hosp,1,2026-08-22,11,quantile,0.01,0.0
2026-08-15,wk inc covid hosp,1,2026-08-22,11,quantile,0.025,0.0
2026-08-15,wk inc covid hosp,1,2026-08-22,11,quantile,0.05,0.0
2026-08-15,wk inc covid hosp,1,2026-08-22,11,quantile,0.1,0.0
2026-08-15,wk inc covid hosp,1,2026-08-22,11,quantile,0.15,1.0
2026-08-15,wk inc covid hosp,1,2026-08-22,11,quantile,0.2,1.0
2026-08-15,wk inc covid hosp,1,2026-08-22,11,quantile,0.25,2.0
2026-08-15,wk inc covid hosp,1,2026-08-22,11,quantile,0.3,2.0
2026-08-15,wk inc covid hosp,1,2026-08-22,11,quantile,0.35,3.0
2026-08-15,wk inc covid hosp,1,2026-08-22,11,quantile,0.4,3.0
2026-08-15,wk inc covid hosp,1,2026-08-22,11,quantile,0.45,4.0
2026-08-15,wk inc covid hosp,1,2026-08-22,11,quantile,0.5,4.0
2026-08-15,wk inc covid hosp,1,2026-08-22,11,quantile,0.55,5.0
2026-08-15,wk inc covid hosp,1,2026-08-22,11,quantile,0.6,5.0
2026-08-15,wk inc covid hosp,1,2026-08-22,11,quantile,0.65,6.0
2026-08-15,wk inc covid hosp,1,2026-08-22,11,quantile,0.7,6.0
2026-08-15,wk inc covid hosp,1,2026-08-22,11,quantile,0.75,7.0
2026-08-15,wk inc covid hosp,1,2026-08-22,11,quantile,0.8,8.0
2026-08-15,wk inc covid hosp,1,2026-08-22,11,quantile,0.85,9.0
2026-08-15,wk inc covid hosp,1,2026-08-22,11,quantile,0.9,10.0
2026-08-15,wk inc covid hosp,1,2026-08-22,11,quantile,0.95,13.0
2026-08-15,wk inc covid hosp,1,2026-08-22,11,quantile,0.975,15.0
2026-08-15,wk inc covid hosp,1,2026-08-22,11,quantile,0.99,17.0
2026-08-15,wk inc covid hosp,1,2026-08-22,12,quantile,0.01,106.0
2026-08-15,wk inc covid hosp,1,2026-08-22,12,quantile,0.025,135.0
2026-08-15,wk inc covid hosp,1,2026-08-22,12,quantile,0.05,156.0
2026-08-15,wk inc covid hosp,1,2026-08-22,12,quantile,0.1,184.0
2026-08-15,wk inc covid hosp,1,2026-08-22,12,quantile,0.15,213.0
2026-08-15,wk inc covid hosp,1,2026-08-22,12,quantile,0.2,231.0
2026-08-15,wk inc covid hosp,1,2026-08-22,12,quantile,0.25,246.0
2026-08-15,wk inc covid hosp,1,2026-08-22,12,quantile,0.3,269.0
2026-08-15,wk inc covid hosp,1,2026-08-22,12,quantile,0.35,284.0
2026-08-15,wk inc covid hosp,1,2026-08-22,12,quantile,0.4,299.0
2026-08-15,wk inc covid hosp,1,2026-08-22,12,quantile,0.45,314.0
2026-08-15,wk inc covid hosp,1,2026-08-22,12,quantile,0.5,331.0
2026-08-15,wk inc covid hosp,1,2026-08-22,12,quantile,0.55,346.0
2026-08-15,wk inc covid hosp,1,2026-08-22,12,quantile,0.6,370.0
2026-08-15,wk inc covid hosp,1,2026-08-22,12,quantile,0.65,385.0
2026-08-15,wk inc covid hosp,1,2026-08-22,12,quantile,0.7,403.0
2026-08-15,wk inc covid hosp,1,2026-08-22,12,quantile,0.75,422.0
2026-08-15,wk inc covid hosp,1,2026-08-22,12,quantile,0.8,446.0
2026-08-15,wk inc covid hosp,1,2026-08-22,12,quantile,0.85,475.0
2026-08-15,wk inc covid hosp,1,2026-08-22,12,quantile,0.9,521.0
2026-08-15,wk inc covid hosp,1,2026-08-22,12,quantile,0.95,597.0
2026-08-15,wk inc covid hosp,1,2026-08-22,12,quantile,0.975,673.0
2026-08-15,wk inc covid hosp,1,2026-08-22,12,quantile,0.99,761.0
2026-08-15,wk inc covid hosp,1,2026-08-22,13,quantile,0.01,17.0
2026-08-15,wk inc covid hosp,1,2026-08-22,13,quantile,0.025,27.0
2026-08-15,wk inc covid hosp,1,2026-08-22,13,quantile,0.05,36.0
2026-08-15,wk inc covid hosp,1,2026-08-22,13,quantile,0.1,48.0
2026-08-15,wk inc covid hosp,1,2026-08-22,13,quantile,0.15,59.0
2026-08-15,wk inc covid hosp,1,2026-08-22,13,quantile,0.2,66.0
2026-08-15,wk inc covid hosp,1,2026-08-22,13,quantile,0.25,72.0
2026-08-15,wk inc covid hosp,1,2026-08-22,13,quantile,0.3,79.0
2026-08-15,wk inc covid hosp,1,2026-08-22,13,quantile,0.35,84.0
2026-08-15,wk inc covid hosp,1,2026-08-22,13,quantile,0.4,91.0
2026-08-15,wk inc covid hosp,1,2026-08-22,13,quantile,0.45,98.0
2026-08-15,wk inc covid hosp,1,2026-08-22,13,quantile,0.5,103.0
2026-08-15,wk inc covid hosp,1,2026-08-22,13,quantile,0.55,109.0
2026-08-15,wk inc covid hosp,1,2026-08-22,13,quantile,0.6,115.0
2026-08-15,wk inc covid hosp,1,2026-08-22,13,quantile,0.65,121.0
2026-08-15,wk inc covid hosp,1,2026-08-22,13,quantile,0.7,127.0
2026-08-15,wk inc covid hosp,1,2026-08-22,13,quantile,0.75,133.0
2026-08-15,wk inc covid hosp,1,2026-08-22,13,quantile,0.8,141.0
2026-08-15,wk inc covid hosp,1,2026-08-22,13,quantile,0.85,154.0
2026-08-15,wk inc covid hosp,1,2026-08-22,13,quantile,0.9,169.0
2026-08-15,wk inc covid hosp,1,2026-08-22,13,quantile,0.95,193.0
2026-08-15,wk inc covid hosp,1,2026-08-22,13,quantile,0.975,215.0
2026-08-15,wk inc covid hosp,1,2026-08-22,13,quantile,0.99,248.0
2026-08-15,wk inc covid hosp,1,2026-08-22,15,quantile,0.01,0.0
2026-08-15,wk inc covid hosp,1,2026-08-22,15,quantile,0.025,2.0
2026-08-15,wk inc covid hosp,1,2026-08-22,15,quantile,0.05,4.0
2026-08-15,wk inc covid hosp,1,2026-08-22,15,quantile,0.1,7.0
2026-08-15,wk inc covid hosp,1,2026-08-22,15,quantile,0.15,9.0
2026-08-15,wk inc covid hosp,1,2026-08-22,15,quantile,0.2,10.0
2026-08-15,wk inc covid hosp,1,2026-08-22,15,quantile,0.25,12.0
2026-08-15,wk inc covid hosp,1,2026-08-22,15,quantile,0.3,13.0
2026-08-15,wk inc covid hosp,1,2026-08-22,15,quantile,0.35,15.0
2026-08-15,wk inc covid hosp,1,2026-08-22,15,quantile,0.4,16.0
2026-08-15,wk inc covid hosp,1,2026-08-22,15,quantile,0.45,18.0
2026-08-15,wk inc covid hosp,1,2026-08-22,15,quantile,0.5,19.0
2026-08-15,wk inc covid hosp,1,2026-08-22,15,quantile,0.55,21.0
2026-08-15,wk inc covid hosp,1,2026-08-22,15,quantile,0.6,23.0
2026-08-15,wk inc covid hosp,1,2026-08-22,15,quantile,0.65,25.0
2026-08-15,wk inc covid hosp,1,2026-08-22,15,quantile,0.7,26.0
2026-08-15,wk inc covid hosp,1,2026-08-22,15,quantile,0.75,29.0
2026-08-15,wk inc covid hosp,1,2026-08-22,15,quantile,0.8,31.0
2026-08-15,wk inc covid hosp,1,2026-08-22,15,quantile,0.85,36.0
2026-08-15,wk inc covid hosp,1,2026-08-22,15,quantile,0.9,40.0
2026-08-15,wk inc covid hosp,1,2026-08-22,15,quantile,0.95,49.0
2026-08-15,wk inc covid hosp,1,2026-08-22,15,quantile,0.975,57.0
2026-08-15,wk inc covid hosp,1,2026-08-22,15,quantile,0.99,64.0
2026-08-15,wk inc covid hosp,1,2026-08-22,16,quantile,0.01,0.0
2026-08-15,wk inc covid hosp,1,2026-08-22,16,quantile,0.025,0.0
2026-08-15,wk inc covid hosp,1,2026-08-22,16,quantile,0.05,0.0
2026-08-15,wk inc covid hosp,1,2026-08-22,16,quantile,0.1,0.0
2026-08-15,wk inc covid hosp,1,2026-08-22,16,quantile,0.15,0.0
2026-08-15,wk inc covid hosp,1,2026-08-22,16,quantile,0.2,0.0
2026-08-15,wk inc covid hosp,1,2026-08-22,16,quantile,0.25,1.0
2026-08-15,wk inc covid hosp,1,2026-08-22,16,quantile,0.3,1.0
2026-08-15,wk inc covid hosp,1,2026-08-22,16,quantile,0.35,2.0
2026-08-15,wk inc covid hosp,1,2026-08-22,16,quantile,0.4,3.0
2026-08-15,wk inc covid hosp,1,2026-08-22,16,quantile,0.45,3.0
2026-08-15,wk inc covid hosp,1,2026-08-22,16,quantile,0.5,4.0
2026-08-15,wk inc covid hosp,1,2026-08-22,16,quantile,0.55,5.0
2026-08-15,wk inc covid hosp,1,2026-08-22,16,quantile,0.6,5.0
2026-08-15,wk inc covid hosp,1,2026-08-22,16,quantile,0.65,6.0
2026-08-15,wk inc covid hosp,1,2026-08-22,16,quantile,0.7,7.0
2026-08-15,wk inc covid hosp,1,2026-08-22,16,quantile,0.75,8.0
2026-08-15,wk inc covid hosp,1,2026-08-22,16,quantile,0.8,9.0
2026-08-15,wk inc covid hosp,1,2026-08-22,16,quantile,0.85,11.0
2026-08-15,wk inc covid hosp,1,2026-08-22,16,quantile,0.9,12.0
2026-08-15,wk inc covid hosp,1,2026-08-22,16,quantile,0.95,16.0
2026-08-15,wk inc covid hosp,1,2026-08-22,16,quantile,0.975,18.0
2026-08-15,wk inc covid hosp,1,2026-08-22,16,quantile,0.99,21.0
2026-08-15,wk inc covid hosp,1,2026-08-22,17,quantile,0.01,0.0
2026-08-15,wk inc covid hosp,1,2026-08-22,17,quantile,0.025,0.0
2026-08-15,wk inc covid hosp,1,2026-08-22,17,quantile,0.05,2.0
2026-08-15,wk inc covid hosp,1,2026-08-22,17,quantile,0.1,11.0
2026-08-15,wk inc covid hosp,1,2026-08-22,17,quantile,0.15,19.0
2026-08-15,wk inc covid hosp,1,2026-08-22,17,quantile,0.2,24.0
2026-08-15,wk inc covid hosp,1,2026-08-22,17,quantile,0.25,28.0
2026-08-15,wk inc covid hosp,1,2026-08-22,17,quantile,0.3,33.0
2026-08-15,wk inc covid hosp,1,2026-08-22,17,quantile,0.35,36.0
2026-08-15,wk inc covid hosp,1,2026-08-22,17,quantile,0.4,41.0
2026-08-15,wk inc covid hosp,1,2026-08-22,17,quantile,0.45,45.0
2026-08-15,wk inc covid hosp,1,2026-08-22,17,quantile,0.5,49.0
2026-08-15,wk inc covid hosp,1,2026-08-22,17,quantile,0.55,52.0
2026-08-15,wk inc covid hosp,1,2026-08-22,17,quantile,0.6,58.0
2026-08-15,wk inc covid hosp,1,2026-08-22,17,quantile,0.65,61.0
2026-08-15,wk inc covid hosp,1,2026-08-22,17,quantile,0.7,65.0
2026-08-15,wk inc covid hosp,1,2026-08-22,17,quantile,0.75,69.0
2026-08-15,wk inc covid hosp,1,2026-08-22,17,quantile,0.8,75.0
2026-08-15,wk inc covid hosp,1,2026-08-22,17,quantile,0.85,82.0
2026-08-15,wk inc covid hosp,1,2026-08-22,17,quantile,0.9,92.0
2026-08-15,wk inc covid hosp,1,2026-08-22,17,quantile,0.95,107.0
2026-08-15,wk inc covid hosp,1,2026-08-22,17,quantile,0.975,120.0
2026-08-15,wk inc covid hosp,1,2026-08-22,17,quantile,0.99,137.0
2026-08-15,wk inc covid hosp,1,2026-08-22,18,quantile,0.01,0.0
2026-08-15,wk inc covid hosp,1,2026-08-22,18,quantile,0.025,0.0
2026-08-15,wk inc covid hosp,1,2026-08-22,18,quantile,0.05,0.0
2026-08-15,wk inc covid hosp,1,2026-08-22,18,quantile,0.1,0.0
2026-08-15,wk inc covid hosp,1,2026-08-22,18,quantile,0.15,2.0
2026-08-15,wk inc covid hosp,1,2026-08-22,18,quantile,0.2,4.0
2026-08-15,wk inc covid hosp,1,2026-08-22,18,quantile,0.25,7.0
2026-08-15,wk inc covid hosp,1,2026-08-22,18,quantile,0.3,9.0
2026-08-15,wk inc covid hosp,1,2026-08-22,18,quantile,0.35,12.0
2026-08-15,wk inc covid hosp,1,2026-08-22,18,quantile,0.4,14.0
2026-08-15,wk inc covid hosp,1,2026-08-22,18,quantile,0.45,16.0
2026-08-15,wk inc covid hosp,1,2026-08-22,18,quantile,0.5,19.0
2026-08-15,wk inc covid hosp,1,2026-08-22,18,quantile,0.55,21.0
2026-08-15,wk inc covid hosp,1,2026-08-22,18,quantile,0.6,24.0
2026-08-15,wk inc covid hosp,1,2026-08-22,18,quantile,0.65,26.0
2026-08-15,wk inc covid hosp,1,2026-08-22,18,quantile,0.7,29.0
2026-08-15,wk inc covid hosp,1,2026-08-22,18,quantile,0.75,32.0
2026-08-15,wk inc covid hosp,1,2026-08-22,18,quantile,0.8,35.0
2026-08-15,wk inc covid hosp,1,2026-08-22,18,quantile,0.85,39.0
2026-08-15,wk inc covid hosp,1,2026-08-22,18,quantile,0.9,45.0
2026-08-15,wk inc covid hosp,1,2026-08-22,18,quantile,0.95,55.0
2026-08-15,wk inc covid hosp,1,2026-08-22,18,quantile,0.975,66.0
2026-08-15,wk inc covid hosp,1,2026-08-22,18,quantile,0.99,78.0
2026-08-15,wk inc covid hosp,1,2026-08-22,19,quantile,0.01,0.0
2026-08-15,wk inc covid hosp,1,2026-08-22,19,quantile,0.025,0.0
2026-08-15,wk inc covid hosp,1,2026-08-22,19,quantile,0.05,0.0
2026-08-15,wk inc covid hosp,1,2026-08-22,19,quantile,0.1,2.0
2026-08-15,wk inc covid hosp,1,2026-08-22,19,quantile,0.15,4.0
2026-08-15,wk inc covid hosp,1,2026-08-22,19,quantile,0.2,5.0
2026-08-15,wk inc covid hosp,1,2026-08-22,19,quantile,0.25,7.0
2026-08-15,wk inc covid hosp,1,2026-08-22,19,quantile,0.3,8.0
2026-08-15,wk inc covid hosp,1,2026-08-22,19,quantile,0.35,9.0
2026-08-15,wk inc covid hosp,1,2026-08-22,19,quantile,0.4,11.0
2026-08-15,wk inc covid hosp,1,2026-08-22,19,quantile,0.45,12.0
2026-08-15,wk inc covid hosp,1,2026-08-22,19,quantile,0.5,13.0
2026-08-15,wk inc covid hosp,1,2026-08-22,19,quantile,0.55,14.0
2026-08-15,wk inc covid hosp,1,2026-08-22,19,quantile,0.6,16.0
2026-08-15,wk inc covid hosp,1,2026-08-22,19,quantile,0.65,17.0
2026-08-15,wk inc covid hosp,1,2026-08-22,19,quantile,0.7,18.0
2026-08-15,wk inc covid hosp,1,2026-08-22,19,quantile,0.75,20.0
2026-08-15,wk inc covid hosp,1,2026-08-22,19,quantile,0.8,22.0
2026-08-15,wk inc covid hosp,1,2026-08-22,19,quantile,0.85,25.0
2026-08-15,wk inc covid hosp,1,2026-08-22,19,quantile,0.9,28.0
2026-08-15,wk inc covid hosp,1,2026-08-22,19,quantile,0.95,33.0
2026-08-15,wk inc covid hosp,1,2026-08-22,19,quantile,0.975,38.0
2026-08-15,wk inc covid hosp,1,2026-08-22,19,quantile,0.99,44.0
2026-08-15,wk inc covid hosp,1,2026-08-22,20,quantile,0.01,0.0
2026-08-15,wk inc covid hosp,1,2026-08-22,20,quantile,0.025,0.0
2026-08-15,wk inc covid hosp,1,2026-08-22,20,quantile,0.05,2.0
2026-08-15,wk inc covid hosp,1,2026-08-22,20,quantile,0.1,4.0
2026-08-15,wk inc covid hosp,1,2026-08-22,20,quantile,0.15,6.0
2026-08-15,wk inc covid hosp,1,2026-08-22,20,quantile,0.2,8.0
2026-08-15,wk inc covid hosp,1,2026-08-22,20,quantile,0.25,9.0
2026-08-15,wk inc covid hosp,1,2026-08-22,20,quantile,0.3,10.0
2026-08-15,wk inc covid hosp,1,2026-08-22,20,quantile,0.35,11.0
2026-08-15,wk inc covid hosp,1,2026-08-22,20,quantile,0.4,13.0
2026-08-15,wk inc covid hosp,1,2026-08-22,20,quantile,0.45,14.0
2026-08-15,wk inc covid hosp,1,2026-08-22,20,quantile,0.5,15.0
2026-08-15,wk inc covid hosp,1,2026-08-22,20,quantile,0.55,17.0
2026-08-15,wk inc covid hosp,1,2026-08-22,20,quantile,0.6,18.0
2026-08-15,wk inc covid hosp,1,2026-08-22,20,quantile,0.65,19.0
2026-08-15,wk inc covid hosp,1,2026-08-22,20,quantile,0.7,21.0
2026-08-15,wk inc covid hosp,1,2026-08-22,20,quantile,0.75,22.0
2026-08-15,wk inc covid hosp,1,2026-08-22,20,quantile,0.8,24.0
2026-08-15,wk inc covid hosp,1,2026-08-22,20,quantile,0.85,27.0
2026-08-15,wk inc covid hosp,1,2026-08-22,20,quantile,0.9,31.0
2026-08-15,wk inc covid hosp,1,2026-08-22,20,quantile,0.95,36.0
2026-08-15,wk inc covid hosp,1,2026-08-22,20,quantile,0.975,41.0
2026-08-15,wk inc covid hosp,1,2026-08-22,20,quantile,0.99,47.0
2026-08-15,wk inc covid hosp,1,2026-08-22,21,quantile,0.01,0.0
2026-08-15,wk inc covid hosp,1,2026-08-22,21,quantile,0.025,0.0
2026-08-15,wk inc covid hosp,1,2026-08-22,21,quantile,0.05,0.0
2026-08-15,wk inc covid hosp,1,2026-08-22,21,quantile,0.1,0.0
2026-08-15,wk inc covid hosp,1,2026-08-22,21,quantile,0.15,3.0
2026-08-15,wk inc covid hosp,1,2026-08-22,21,quantile,0.2,5.0
2026-08-15,wk inc covid hosp,1,2026-08-22,21,quantile,0.25,7.0
2026-08-15,wk inc covid hosp,1,2026-08-22,21,quantile,0.3,9.0
2026-08-15,wk inc covid hosp,1,2026-08-22,21,quantile,0.35,10.0
2026-08-15,wk inc covid hosp,1,2026-08-22,21,quantile,0.4,13.0
2026-08-15,wk inc covid hosp,1,2026-08-22,21,quantile,0.45,15.0
2026-08-15,wk inc covid hosp,1,2026-08-22,21,quantile,0.5,16.0
2026-08-15,wk inc covid hosp,1,2026-08-22,21,quantile,0.55,18.0
2026-08-15,wk inc covid hosp,1,2026-08-22,21,quantile,0.6,20.0
2026-08-15,wk inc covid hosp,1,2026-08-22,21,quantile,0.65,22.0
2026-08-15,wk inc covid hosp,1,2026-08-22,21,quantile,0.7,24.0
2026-08-15,wk inc covid hosp,1,2026-08-22,21,quantile,0.75,26.0
2026-08-15,wk inc covid hosp,1,2026-08-22,21,quantile,0.8,30.0
2026-08-15,wk inc covid hosp,1,2026-08-22,21,quantile,0.85,34.0
2026-08-15,wk inc covid hosp,1,2026-08-22,21,quantile,0.9,39.0
2026-08-15,wk inc covid hosp,1,2026-08-22,21,quantile,0.95,47.0
2026-08-15,wk inc covid hosp,1,2026-08-22,21,quantile,0.975,54.0
2026-08-15,wk inc covid hosp,1,2026-08-22,21,quantile,0.99,63.0
2026-08-15,wk inc covid hosp,1,2026-08-22,22,quantile,0.01,22.0
2026-08-15,wk inc covid hosp,1,2026-08-22,22,quantile,0.025,28.0
2026-08-15,wk inc covid hosp,1,2026-08-22,22,quantile,0.05,33.0
2026-08-15,wk inc covid hosp,1,2026-08-22,22,quantile,0.1,39.0
2026-08-15,wk inc covid hosp,1,2026-08-22,22,quantile,0.15,45.0
2026-08-15,wk inc covid hosp,1,2026-08-22,22,quantile,0.2,49.0
2026-08-15,wk inc covid hosp,1,2026-08-22,22,quantile,0.25,53.0
2026-08-15,wk inc covid hosp,1,2026-08-22,22,quantile,0.3,57.0
2026-08-15,wk inc covid hosp,1,2026-08-22,22,quantile,0.35,61.0
2026-08-15,wk inc covid hosp,1,2026-08-22,22,quantile,0.4,64.0
2026-08-15,wk inc covid hosp,1,2026-08-22,22,quantile,0.45,67.0
2026-08-15,wk inc covid hosp,1,2026-08-22,22,quantile,0.5,71.0
2026-08-15,wk inc covid hosp,1,2026-08-22,22,quantile,0.55,74.0
2026-08-15,wk inc covid hosp,1,2026-08-22,22,quantile,0.6,79.0
2026-08-15,wk inc covid hosp,1,2026-08-22,22,quantile,0.65,83.0
2026-08-15,wk inc covid hosp,1,2026-08-22,22,quantile,0.7,86.0
2026-08-15,wk inc covid hosp,1,2026-08-22,22,quantile,0.75,91.0
2026-08-15,wk inc covid hosp,1,2026-08-22,22,quantile,0.8,96.0
2026-08-15,wk inc covid hosp,1,2026-08-22,22,quantile,0.85,102.0
2026-08-15,wk inc covid hosp,1,2026-08-22,22,quantile,0.9,112.0
2026-08-15,wk inc covid hosp,1,2026-08-22,22,quantile,0.95,127.0
2026-08-15,wk inc covid hosp,1,2026-08-22,22,quantile,0.975,145.0
2026-08-15,wk inc covid hosp,1,2026-08-22,22,quantile,0.99,165.0
2026-08-15,wk inc covid hosp,1,2026-08-22,23,quantile,0.01,0.0
2026-08-15,wk inc covid hosp,1,2026-08-22,23,quantile,0.025,0.0
2026-08-15,wk inc covid hosp,1,2026-08-22,23,quantile,0.05,0.0
2026-08-15,wk inc covid hosp,1,2026-08-22,23,quantile,0.1,0.0
2026-08-15,wk inc covid hosp,1,2026-08-22,23,quantile,0.15,0.0
2026-08-15,wk inc covid hosp,1,2026-08-22,23,quantile,0.2,0.0
2026-08-15,wk inc covid hosp,1,2026-08-22,23,quantile,0.25,1.0
2026-08-15,wk inc covid hosp,1,2026-08-22,23,quantile,0.3,2.0
2026-08-15,wk inc covid hosp,1,2026-08-22,23,quantile,0.35,2.0
2026-08-15,wk inc covid hosp,1,2026-08-22,23,quantile,0.4,3.0
2026-08-15,wk inc covid hosp,1,2026-08-22,23,quantile,0.45,3.0
2026-08-15,wk inc covid hosp,1,2026-08-22,23,quantile,0.5,4.0
2026-08-15,wk inc covid hosp,1,2026-08-22,23,quantile,0.55,4.0
2026-08-15,wk inc covid hosp,1,2026-08-22,23,quantile,0.6,5.0
2026-08-15,wk inc covid hosp,1,2026-08-22,23,quantile,0.65,6.0
2026-08-15,wk inc covid hosp,1,2026-08-22,23,quantile,0.7,6.0
2026-08-15,wk inc covid hosp,1,2026-08-22,23,quantile,0.75,7.0
2026-08-15,wk inc covid hosp,1,2026-08-22,23,quantile,0.8,8.0
2026-08-15,wk inc covid hosp,1,2026-08-22,23,quantile,0.85,9.0
2026-08-15,wk inc covid hosp,1,2026-08-22,23,quantile,0.9,11.0
2026-08-15,wk inc covid hosp,1,2026-08-22,23,quantile,0.95,14.0
2026-08-15,wk inc covid hosp,1,2026-08-22,23,quantile,0.975,16.0
2026-08-15,wk inc covid hosp,1,2026-08-22,23,quantile,0.99,18.0
2026-08-15,wk inc covid hosp,1,2026-08-22,24,quantile,0.01,0.0
2026-08-15,wk inc covid hosp,1,2026-08-22,24,quantile,0.025,0.0
2026-08-15,wk inc covid hosp,1,2026-08-22,24,quantile,0.05,0.0
2026-08-15,wk inc covid hosp,1,2026-08-22,24,quantile,0.1,2.0
2026-08-15,wk inc covid hosp,1,2026-08-22,24,quantile,0.15,6.0
2026-08-15,wk inc covid hosp,1,2026-08-22,24,quantile,0.2,8.0
2026-08-15,wk inc covid hosp,1,2026-08-22,24,quantile,0.25,10.0
2026-08-15,wk inc covid hosp,1,2026-08-22,24,quantile,0.3,12.0
2026-08-15,wk inc covid hosp,1,2026-08-22,24,quantile,0.35,15.0
2026-08-15,wk inc covid hosp,1,2026-08-22,24,quantile,0.4,16.0
2026-08-15,wk inc covid hosp,1,2026-08-22,24,quantile,0.45,18.0
2026-08-15,wk inc covid hosp,1,2026-08-22,24,quantile,0.5,20.0
2026-08-15,wk inc covid hosp,1,2026-08-22,24,quantile,0.55,22.0
2026-08-15,wk inc covid hosp,1,2026-08-22,24,quantile,0.6,25.0
2026-08-15,wk inc covid hosp,1,2026-08-22,24,quantile,0.65,27.0
2026-08-15,wk inc covid hosp,1,2026-08-22,24,quantile,0.7,29.0
2026-08-15,wk inc covid hosp,1,2026-08-22,24,quantile,0.75,31.0
2026-08-15,wk inc covid hosp,1,2026-08-22,24,quantile,0.8,34.0
2026-08-15,wk inc covid hosp,1,2026-08-22,24,quantile,0.85,37.0
2026-08-15,wk inc covid hosp,1,2026-08-22,24,quantile,0.9,43.0
2026-08-15,wk inc covid hosp,1,2026-08-22,24,quantile,0.95,51.0
2026-08-15,wk inc covid hosp,1,2026-08-22,24,quantile,0.975,60.0
2026-08-15,wk inc covid hosp,1,2026-08-22,24,quantile,0.99,70.0
2026-08-15,wk inc covid hosp,1,2026-08-22,25,quantile,0.01,0.0
2026-08-15,wk inc covid hosp,1,2026-08-22,25,quantile,0.025,0.0
2026-08-15,wk inc covid hosp,1,2026-08-22,25,quantile,0.05,0.0
2026-08-15,wk inc covid hosp,1,2026-08-22,25,quantile,0.1,4.0
2026-08-15,wk inc covid hosp,1,2026-08-22,25,quantile,0.15,9.0
2026-08-15,wk inc covid hosp,1,2026-08-22,25,quantile,0.2,12.0
2026-08-15,wk inc covid hosp,1,2026-08-22,25,quantile,0.25,15.0
2026-08-15,wk inc covid hosp,1,2026-08-22,25,quantile,0.3,18.0
2026-08-15,wk inc covid hosp,1,2026-08-22,25,quantile,0.35,21.0
2026-08-15,wk inc covid hosp,1,2026-08-22,25,quantile,0.4,24.0
2026-08-15,wk inc covid hosp,1,2026-08-22,25,quantile,0.45,27.0
2026-08-15,wk inc covid hosp,1,2026-08-22,25,quantile,0.5,30.0
2026-08-15,wk inc covid hosp,1,2026-08-22,25,quantile,0.55,32.0
2026-08-15,wk inc covid hosp,1,2026-08-22,25,quantile,0.6,36.0
2026-08-15,wk inc covid hosp,1,2026-08-22,25,quantile,0.65,39.0
2026-08-15,wk inc covid hosp,1,2026-08-22,25,quantile,0.7,41.0
2026-08-15,wk inc covid hosp,1,2026-08-22,25,quantile,0.75,44.0
2026-08-15,wk inc covid hosp,1,2026-08-22,25,quantile,0.8,49.0
2026-08-15,wk inc covid hosp,1,2026-08-22,25,quantile,0.85,54.0
2026-08-15,wk inc covid hosp,1,2026-08-22,25,quantile,0.9,62.0
2026-08-15,wk inc covid hosp,1,2026-08-22,25,quantile,0.95,74.0
2026-08-15,wk inc covid hosp,1,2026-08-22,25,quantile,0.975,83.0
2026-08-15,wk inc covid hosp,1,2026-08-22,25,quantile,0.99,97.0
2026-08-15,wk inc covid hosp,1,2026-08-22,26,quantile,0.01,0.0
2026-08-15,wk inc covid hosp,1,2026-08-22,26,quantile,0.025,0.0
2026-08-15,wk inc covid hosp,1,2026-08-22,26,quantile,0.05,0.0
2026-08-15,wk inc covid hosp,1,2026-08-22,26,quantile,0.1,0.0
2026-08-15,wk inc covid hosp,1,2026-08-22,26,quantile,0.15,0.0
2026-08-15,wk inc covid hosp,1,2026-08-22,26,quantile,0.2,5.0
2026-08-15,wk inc covid hosp,1,2026-08-22,26,quantile,0.25,9.0
2026-08-15,wk inc covid hosp,1,2026-08-22,26,quantile,0.3,14.0
2026-08-15,wk inc covid hosp,1,2026-08-22,26,quantile,0.35,18.0
2026-08-15,wk inc covid hosp,1,2026-08-22,26,quantile,0.4,22.0
2026-08-15,wk inc covid hosp,1,2026-08-22,26,quantile,0.45,27.0
2026-08-15,wk inc covid hosp,1,2026-08-22,26,quantile,0.5,31.0
2026-08-15,wk inc covid hosp,1,2026-08-22,26,quantile,0.55,35.0
2026-08-15,wk inc covid hosp,1,2026-08-22,26,quantile,0.6,40.0
2026-08-15,wk inc covid hosp,1,2026-08-22,26,quantile,0.65,44.0
2026-08-15,wk inc covid hosp,1,2026-08-22,26,quantile,0.7,48.0
2026-08-15,wk inc covid hosp,1,2026-08-22,26,quantile,0.75,53.0
2026-08-15,wk inc covid hosp,1,2026-08-22,26,quantile,0.8,58.0
2026-08-15,wk inc covid hosp,1,2026-08-22,26,quantile,0.85,68.0
2026-08-15,wk inc covid hosp,1,2026-08-22,26,quantile,0.9,79.0
2026-08-15,wk inc covid hosp,1,2026-08-22,26,quantile,0.95,97.0
2026-08-15,wk inc covid hosp,1,2026-08-22,26,quantile,0.975,113.0
2026-08-15,wk inc covid hosp,1,2026-08-22,26,quantile,0.99,140.0
2026-08-15,wk inc covid hosp,1,2026-08-22,27,quantile,0.01,0.0
2026-08-15,wk inc covid hosp,1,2026-08-22,27,quantile,0.025,4.0
2026-08-15,wk inc covid hosp,1,2026-08-22,27,quantile,0.05,6.0
2026-08-15,wk inc covid hosp,1,2026-08-22,27,quantile,0.1,10.0
2026-08-15,wk inc covid hosp,1,2026-08-22,27,quantile,0.15,14.0
2026-08-15,wk inc covid hosp,1,2026-08-22,27,quantile,0.2,16.0
2026-08-15,wk inc covid hosp,1,2026-08-22,27,quantile,0.25,18.0
2026-08-15,wk inc covid hosp,1,2026-08-22,27,quantile,0.3,21.0
2026-08-15,wk inc covid hosp,1,2026-08-22,27,quantile,0.35,23.0
2026-08-15,wk inc covid hosp,1,2026-08-22,27,quantile,0.4,25.0
2026-08-15,wk inc covid hosp,1,2026-08-22,27,quantile,0.45,27.0
2026-08-15,wk inc covid hosp,1,2026-08-22,27,quantile,0.5,29.0
2026-08-15,wk inc covid hosp,1,2026-08-22,27,quantile,0.55,31.0
2026-08-15,wk inc covid hosp,1,2026-08-22,27,quantile,0.6,34.0
2026-08-15,wk inc covid hosp,1,2026-08-22,27,quantile,0.65,36.0
2026-08-15,wk inc covid hosp,1,2026-08-22,27,quantile,0.7,38.0
2026-08-15,wk inc covid hosp,1,2026-08-22,27,quantile,0.75,40.0
2026-08-15,wk inc covid hosp,1,2026-08-22,27,quantile,0.8,43.0
2026-08-15,wk inc covid hosp,1,2026-08-22,27,quantile,0.85,47.0
2026-08-15,wk inc covid hosp,1,2026-08-22,27,quantile,0.9,52.0
2026-08-15,wk inc covid hosp,1,2026-08-22,27,quantile,0.95,61.0
2026-08-15,wk inc covid hosp,1,2026-08-22,27,quantile,0.975,70.0
2026-08-15,wk inc covid hosp,1,2026-08-22,27,quantile,0.99,79.0
2026-08-15,wk inc covid hosp,1,2026-08-22,28,quantile,0.01,4.0
2026-08-15,wk inc covid hosp,1,2026-08-22,28,quantile,0.025,8.0
2026-08-15,wk inc covid hosp,1,2026-08-22,28,quantile,0.05,10.0
2026-08-15,wk inc covid hosp,1,2026-08-22,28,quantile,0.1,13.0
2026-08-15,wk inc covid hosp,1,2026-08-22,28,quantile,0.15,16.0
2026-08-15,wk inc covid hosp,1,2026-08-22,28,quantile,0.2,18.0
2026-08-15,wk inc covid hosp,1,2026-08-22,28,quantile,0.25,20.0
2026-08-15,wk inc covid hosp,1,2026-08-22,28,quantile,0.3,22.0
2026-08-15,wk inc covid hosp,1,2026-08-22,28,quantile,0.35,24.0
2026-08-15,wk inc covid hosp,1,2026-08-22,28,quantile,0.4,26.0
2026-08-15,wk inc covid hosp,1,2026-08-22,28,quantile,0.45,28.0
2026-08-15,wk inc covid hosp,1,2026-08-22,28,quantile,0.5,29.0
2026-08-15,wk inc covid hosp,1,2026-08-22,28,quantile,0.55,31.0
2026-08-15,wk inc covid hosp,1,2026-08-22,28,quantile,0.6,34.0
2026-08-15,wk inc covid hosp,1,2026-08-22,28,quantile,0.65,36.0
2026-08-15,wk inc covid hosp,1,2026-08-22,28,quantile,0.7,38.0
2026-08-15,wk inc covid hosp,1,2026-08-22,28,quantile,0.75,40.0
2026-08-15,wk inc covid hosp,1,2026-08-22,28,quantile,0.8,43.0
2026-08-15,wk inc covid hosp,1,2026-08-22,28,quantile,0.85,46.0
2026-08-15,wk inc covid hosp,1,2026-08-22,28,quantile,0.9,52.0
2026-08-15,wk inc covid hosp,1,2026-08-22,28,quantile,0.95,60.0
2026-08-15,wk inc covid hosp,1,2026-08-22,28,quantile,0.975,69.0
2026-08-15,wk inc covid hosp,1,2026-08-22,28,quantile,0.99,78.0
2026-08-15,wk inc covid hosp,1,2026-08-22,29,quantile,0.01,0.0
2026-08-15,wk inc covid hosp,1,2026-08-22,29,quantile,0.025,0.0
2026-08-15,wk inc covid hosp,1,2026-08-22,29,quantile,0.05,0.0
2026-08-15,wk inc covid hosp,1,2026-08-22,29,quantile,0.1,2.0
2026-08-15,wk inc covid hosp,1,2026-08-22,29,quantile,0.15,6.0
2026-08-15,wk inc covid hosp,1,2026-08-22,29,quantile,0.2,8.0
2026-08-15,wk inc covid hosp,1,2026-08-22,29,quantile,0.25,10.0
2026-08-15,wk inc covid hosp,1,2026-08-22,29,quantile,0.3,13.0
2026-08-15,wk inc covid hosp,1,2026-08-22,29,quantile,0.35,15.0
2026-08-15,wk inc covid hosp,1,2026-08-22,29,quantile,0.4,17.0
2026-08-15,wk inc covid hosp,1,2026-08-22,29,quantile,0.45,20.0
2026-08-15,wk inc covid hosp,1,2026-08-22,29,quantile,0.5,22.0
2026-08-15,wk inc covid hosp,1,2026-08-22,29,quantile,0.55,24.0
2026-08-15,wk inc covid hosp,1,2026-08-22,29,quantile,0.6,26.0
2026-08-15,wk inc covid hosp,1,2026-08-22,29,quantile,0.65,28.0
2026-08-15,wk inc covid hosp,1,2026-08-22,29,quantile,0.7,30.0
2026-08-15,wk inc covid hosp,1,2026-08-22,29,quantile,0.75,32.0
2026-08-15,wk inc covid hosp,1,2026-08-22,29,quantile,0.8,35.0
2026-08-15,wk inc covid hosp,1,2026-08-22,29,quantile,0.85,40.0
2026-08-15,wk inc covid hosp,1,2026-08-22,29,quantile,0.9,45.0
2026-08-15,wk inc covid hosp,1,2026-08-22,29,quantile,0.95,53.0
2026-08-15,wk inc covid hosp,1,2026-08-22,29,quantile,0.975,61.0
2026-08-15,wk inc covid hosp,1,2026-08-22,29,quantile,0.99,71.0
2026-08-15,wk inc covid hosp,1,2026-08-22,30,quantile,0.01,0.0
2026-08-15,wk inc covid hosp,1,2026-08-22,30,quantile,0.025,0.0
2026-08-15,wk inc covid hosp,1,2026-08-22,30,quantile,0.05,0.0
2026-08-15,wk inc covid hosp,1,2026-08-22,30,quantile,0.1,0.0
2026-08-15,wk inc covid hosp,1,2026-08-22,30,quantile,0.15,1.0
2026-08-15,wk inc covid hosp,1,2026-08-22,30,quantile,0.2,2.0
2026-08-15,wk inc covid hosp,1,2026-08-22,30,quantile,0.25,2.0
2026-08-15,wk inc covid hosp,1,2026-08-22,30,quantile,0.3,3.0
2026-08-15,wk inc covid hosp,1,2026-08-22,30,quantile,0.35,4.0
2026-08-15,wk inc covid hosp,1,2026-08-22,30,quantile,0.4,4.0
2026-08-15,wk inc covid hosp,1,2026-08-22,30,quantile,0.45,5.0
2026-08-15,wk inc covid hosp,1,2026-08-22,30,quantile,0.5,5.0
2026-08-15,wk inc covid hosp,1,2026-08-22,30,quantile,0.55,6.0
2026-08-15,wk inc covid hosp,1,2026-08-22,30,quantile,0.6,7.0
2026-08-15,wk inc covid hosp,1,2026-08-22,30,quantile,0.65,8.0
2026-08-15,wk inc covid hosp,1,2026-08-22,30,quantile,0.7,8.0
2026-08-15,wk inc covid hosp,1,2026-08-22,30,quantile,0.75,9.0
2026-08-15,wk inc covid hosp,1,2026-08-22,30,quantile,0.8,10.0
2026-08-15,wk inc covid hosp,1,2026-08-22,30,quantile,0.85,12.0
2026-08-15,wk inc covid hosp,1,2026-08-22,30,quantile,0.9,13.0
2026-08-15,wk inc covid hosp,1,2026-08-22,30,quantile,0.95,16.0
2026-08-15,wk inc covid hosp,1,2026-08-22,30,quantile,0.975,19.0
2026-08-15,wk inc covid hosp,1,2026-08-22,30,quantile,0.99,22.0
2026-08-15,wk inc covid hosp,1,2026-08-22,31,quantile,0.01,0.0
2026-08-15,wk inc covid hosp,1,2026-08-22,31,quantile,0.025,0.0
2026-08-15,wk inc covid hosp,1,2026-08-22,31,quantile,0.05,0.0
2026-08-15,wk inc covid hosp,1,2026-08-22,31,quantile,0.1,0.0
2026-08-15,wk inc covid hosp,1,2026-08-22,31,quantile,0.15,0.0
2026-08-15,wk inc covid hosp,1,2026-08-22,31,quantile,0.2,0.0
2026-08-15,wk inc covid hosp,1,2026-08-22,31,quantile,0.25,0.0
2026-08-15,wk inc covid hosp,1,2026-08-22,31,quantile,0.3,1.0
2026-08-15,wk inc covid hosp,1,2026-08-22,31,quantile,0.35,2.0
2026-08-15,wk inc covid hosp,1,2026-08-22,31,quantile,0.4,3.0
2026-08-15,wk inc covid hosp,1,2026-08-22,31,quantile,0.45,3.0
2026-08-15,wk inc covid hosp,1,2026-08-22,31,quantile,0.5,4.0
2026-08-15,wk inc covid hosp,1,2026-08-22,31,quantile,0.55,5.0
2026-08-15,wk inc covid hosp,1,2026-08-22,31,quantile,0.6,5.0
2026-08-15,wk inc covid hosp,1,2026-08-22,31,quantile,0.65,6.0
2026-08-15,wk inc covid hosp,1,2026-08-22,31,quantile,0.7,7.0
2026-08-15,wk inc covid hosp,1,2026-08-22,31,quantile,0.75,8.0
2026-08-15,wk inc covid hosp,1,2026-08-22,31,quantile,0.8,9.0
2026-08-15,wk inc covid hosp,1,2026-08-22,31,quantile,0.85,11.0
2026-08-15,wk inc covid hosp,1,2026-08-22,31,quantile,0.9,13.0
2026-08-15,wk inc covid hosp,1,2026-08-22,31,quantile,0.95,16.0
2026-08-15,wk inc covid hosp,1,2026-08-22,31,quantile,0.975,19.0
2026-08-15,wk inc covid hosp,1,2026-08-22,31,quantile,0.99,22.0
2026-08-15,wk inc covid hosp,1,2026-08-22,32,quantile,0.01,5.0
2026-08-15,wk inc covid hosp,1,2026-08-22,32,quantile,0.025,7.0
2026-08-15,wk inc covid hosp,1,2026-08-22,32,quantile,0.05,9.0
2026-08-15,wk inc covid hosp,1,2026-08-22,32,quantile,0.1,12.0
2026-08-15,wk inc covid hosp,1,2026-08-22,32,quantile,0.15,15.0
2026-08-15,wk inc covid hosp,1,2026-08-22,32,quantile,0.2,17.0
2026-08-15,wk inc covid hosp,1,2026-08-22,32,quantile,0.25,18.0
2026-08-15,wk inc covid hosp,1,2026-08-22,32,quantile,0.3,20.0
2026-08-15,wk inc covid hosp,1,2026-08-22,32,quantile,0.35,22.0
2026-08-15,wk inc covid hosp,1,2026-08-22,32,quantile,0.4,23.0
2026-08-15,wk inc covid hosp,1,2026-08-22,32,quantile,0.45,24.0
2026-08-15,wk inc covid hosp,1,2026-08-22,32,quantile,0.5,26.0
2026-08-15,wk inc covid hosp,1,2026-08-22,32,quantile,0.55,27.0
2026-08-15,wk inc covid hosp,1,2026-08-22,32,quantile,0.6,29.0
2026-08-15,wk inc covid hosp,1,2026-08-22,32,quantile,0.65,31.0
2026-08-15,wk inc covid hosp,1,2026-08-22,32,quantile,0.7,33.0
2026-08-15,wk inc covid hosp,1,2026-08-22,32,quantile,0.75,34.0
2026-08-15,wk inc covid hosp,1,2026-08-22,32,quantile,0.8,37.0
2026-08-15,wk inc covid hosp,1,2026-08-22,32,quantile,0.85,39.0
2026-08-15,wk inc covid hosp,1,2026-08-22,32,quantile,0.9,43.0
2026-08-15,wk inc covid hosp,1,2026-08-22,32,quantile,0.95,50.0
2026-08-15,wk inc covid hosp,1,2026-08-22,32,quantile,0.975,57.0
2026-08-15,wk inc covid hosp,1,2026-08-22,32,quantile,0.99,64.0
2026-08-15,wk inc covid hosp,1,2026-08-22,33,quantile,0.01,0.0
2026-08-15,wk inc covid hosp,1,2026-08-22,33,quantile,0.025,0.0
2026-08-15,wk inc covid hosp,1,2026-08-22,33,quantile,0.05,0.0
2026-08-15,wk inc covid hosp,1,2026-08-22,33,quantile,0.1,0.0
2026-08-15,wk inc covid hosp,1,2026-08-22,33,quantile,0.15,1.0
2026-08-15,wk inc covid hosp,1,2026-08-22,33,quantile,0.2,2.0
2026-08-15,wk inc covid hosp,1,2026-08-22,33,quantile,0.25,3.0
2026-08-15,wk inc covid hosp,1,2026-08-22,33,quantile,0.3,4.0
2026-08-15,wk inc covid hosp,1,2026-08-22,33,quantile,0.35,5.0
2026-08-15,wk inc covid hosp,1,2026-08-22,33,quantile,0.4,6.0
2026-08-15,wk inc covid hosp,1,2026-08-22,33,quantile,0.45,7.0
2026-08-15,wk inc covid hosp,1,2026-08-22,33,quantile,0.5,8.0
2026-08-15,wk inc covid hosp,1,2026-08-22,33,quantile,0.55,9.0
2026-08-15,wk inc covid hosp,1,2026-08-22,33,quantile,0.6,10.0
2026-08-15,wk inc covid hosp,1,2026-08-22,33,quantile,0.65,11.0
2026-08-15,wk inc covid hosp,1,2026-08-22,33,quantile,0.7,12.0
2026-08-15,wk inc covid hosp,1,2026-08-22,33,quantile,0.75,13.0
2026-08-15,wk inc covid hosp,1,2026-08-22,33,quantile,0.8,15.0
2026-08-15,wk inc covid hosp,1,2026-08-22,33,quantile,0.85,17.0
2026-08-15,wk inc covid hosp,1,2026-08-22,33,quantile,0.9,20.0
2026-08-15,wk inc covid hosp,1,2026-08-22,33,quantile,0.95,26.0
2026-08-15,wk inc covid hosp,1,2026-08-22,33,quantile,0.975,31.0
2026-08-15,wk inc covid hosp,1,2026-08-22,33,quantile,0.99,37.0
2026-08-15,wk inc covid hosp,1,2026-08-22,34,quantile,0.01,4.0
2026-08-15,wk inc covid hosp,1,2026-08-22,34,quantile,0.025,13.0
2026-08-15,wk inc covid hosp,1,2026-08-22,34,quantile,0.05,20.0
2026-08-15,wk inc covid hosp,1,2026-08-22,34,quantile,0.1,30.0
2026-08-15,wk inc covid hosp,1,2026-08-22,34,quantile,0.15,39.0
2026-08-15,wk inc covid hosp,1,2026-08-22,34,quantile,0.2,45.0
2026-08-15,wk inc covid hosp,1,2026-08-22,34,quantile,0.25,50.0
2026-08-15,wk inc covid hosp,1,2026-08-22,34,quantile,0.3,56.0
2026-08-15,wk inc covid hosp,1,2026-08-22,34,quantile,0.35,61.0
2026-08-15,wk inc covid hosp,1,2026-08-22,34,quantile,0.4,66.0
2026-08-15,wk inc covid hosp,1,2026-08-22,34,quantile,0.45,72.0
2026-08-15,wk inc covid hosp,1,2026-08-22,34,quantile,0.5,77.0
2026-08-15,wk inc covid hosp,1,2026-08-22,34,quantile,0.55,82.0
2026-08-15,wk inc covid hosp,1,2026-08-22,34,quantile,0.6,88.0
2026-08-15,wk inc covid hosp,1,2026-08-22,34,quantile,0.65,93.0
2026-08-15,wk inc covid hosp,1,2026-08-22,34,quantile,0.7,97.0
2026-08-15,wk inc covid hosp,1,2026-08-22,34,quantile,0.75,103.0
2026-08-15,wk inc covid hosp,1,2026-08-22,34,quantile,0.8,111.0
2026-08-15,wk inc covid hosp,1,2026-08-22,34,quantile,0.85,122.0
2026-08-15,wk inc covid hosp,1,2026-08-22,34,quantile,0.9,135.0
2026-08-15,wk inc covid hosp,1,2026-08-22,34,quantile,0.95,157.0
2026-08-15,wk inc covid hosp,1,2026-08-22,34,quantile,0.975,177.0
2026-08-15,wk inc covid hosp,1,2026-08-22,34,quantile,0.99,209.0
2026-08-15,wk inc covid hosp,1,2026-08-22,35,quantile,0.01,0.0
2026-08-15,wk inc covid hosp,1,2026-08-22,35,quantile,0.025,0.0
2026-08-15,wk inc covid hosp,1,2026-08-22,35,quantile,0.05,0.0
2026-08-15,wk inc covid hosp,1,2026-08-22,35,quantile,0.1,0.0
2026-08-15,wk inc covid hosp,1,2026-08-22,35,quantile,0.15,2.0
2026-08-15,wk inc covid hosp,1,2026-08-22,35,quantile,0.2,3.0
2026-08-15,wk inc covid hosp,1,2026-08-22,35,quantile,0.25,4.0
2026-08-15,wk inc covid hosp,1,2026-08-22,35,quantile,0.3,5.0
2026-08-15,wk inc covid hosp,1,2026-08-22,35,quantile,0.35,6.0
2026-08-15,wk inc covid hosp,1,2026-08-22,35,quantile,0.4,7.0
2026-08-15,wk inc covid hosp,1,2026-08-22,35,quantile,0.45,8.0
2026-08-15,wk inc covid hosp,1,2026-08-22,35,quantile,0.5,9.0
2026-08-15,wk inc covid hosp,1,2026-08-22,35,quantile,0.55,10.0
2026-08-15,wk inc covid hosp,1,2026-08-22,35,quantile,0.6,11.0
2026-08-15,wk inc covid hosp,1,2026-08-22,35,quantile,0.65,12.0
2026-08-15,wk inc covid hosp,1,2026-08-22,35,quantile,0.7,13.0
2026-08-15,wk inc covid hosp,1,2026-08-22,35,quantile,0.75,14.0
2026-08-15,wk inc covid hosp,1,2026-08-22,35,quantile,0.8,16.0
2026-08-15,wk inc covid hosp,1,2026-08-22,35,quantile,0.85,19.0
2026-08-15,wk inc covid hosp,1,2026-08-22,35,quantile,0.9,21.0
2026-08-15,wk inc covid hosp,1,2026-08-22,35,quantile,0.95,26.0
2026-08-15,wk inc covid hosp,1,2026-08-22,35,quantile,0.975,30.0
2026-08-15,wk inc covid hosp,1,2026-08-22,35,quantile,0.99,34.0
2026-08-15,wk inc covid hosp,1,2026-08-22,36,quantile,0.01,38.0
2026-08-15,wk inc covid hosp,1,2026-08-22,36,quantile,0.025,53.0
2026-08-15,wk inc covid hosp,1,2026-08-22,36,quantile,0.05,65.0
2026-08-15,wk inc covid hosp,1,2026-08-22,36,quantile,0.1,85.0
2026-08-15,wk inc covid hosp,1,2026-08-22,36,quantile,0.15,101.0
2026-08-15,wk inc covid hosp,1,2026-08-22,36,quantile,0.2,110.0
2026-08-15,wk inc covid hosp,1,2026-08-22,36,quantile,0.25,120.0
2026-08-15,wk inc covid hosp,1,2026-08-22,36,quantile,0.3,129.0
2026-08-15,wk inc covid hosp,1,2026-08-22,36,quantile,0.35,137.0
2026-08-15,wk inc covid hosp,1,2026-08-22,36,quantile,0.4,147.0
2026-08-15,wk inc covid hosp,1,2026-08-22,36,quantile,0.45,156.0
2026-08-15,wk inc covid hosp,1,2026-08-22,36,quantile,0.5,164.0
2026-08-15,wk inc covid hosp,1,2026-08-22,36,quantile,0.55,171.0
2026-08-15,wk inc covid hosp,1,2026-08-22,36,quantile,0.6,181.0
2026-08-15,wk inc covid hosp,1,2026-08-22,36,quantile,0.65,190.0
2026-08-15,wk inc covid hosp,1,2026-08-22,36,quantile,0.7,198.0
2026-08-15,wk inc covid hosp,1,2026-08-22,36,quantile,0.75,206.0
2026-08-15,wk inc covid hosp,1,2026-08-22,36,quantile,0.8,217.0
2026-08-15,wk inc covid hosp,1,2026-08-22,36,quantile,0.85,235.0
2026-08-15,wk inc covid hosp,1,2026-08-22,36,quantile,0.9,254.0
2026-08-15,wk inc covid hosp,1,2026-08-22,36,quantile,0.95,286.0
2026-08-15,wk inc covid hosp,1,2026-08-22,36,quantile,0.975,316.0
2026-08-15,wk inc covid hosp,1,2026-08-22,36,quantile,0.99,355.0
2026-08-15,wk inc covid hosp,1,2026-08-22,37,quantile,0.01,47.0
2026-08-15,wk inc covid hosp,1,2026-08-22,37,quantile,0.025,59.0
2026-08-15,wk inc covid hosp,1,2026-08-22,37,quantile,0.05,68.0
2026-08-15,wk inc covid hosp,1,2026-08-22,37,quantile,0.1,82.0
2026-08-15,wk inc covid hosp,1,2026-08-22,37,quantile,0.15,93.0
2026-08-15,wk inc covid hosp,1,2026-08-22,37,quantile,0.2,100.0
2026-08-15,wk inc covid hosp,1,2026-08-22,37,quantile,0.25,107.0
2026-08-15,wk inc covid hosp,1,2026-08-22,37,quantile,0.3,115.0
2026-08-15,wk inc covid hosp,1,2026-08-22,37,quantile,0.35,120.0
2026-08-15,wk inc covid hosp,1,2026-08-22,37,quantile,0.4,128.0
2026-08-15,wk inc covid hosp,1,2026-08-22,37,quantile,0.45,134.0
2026-08-15,wk inc covid hosp,1,2026-08-22,37,quantile,0.5,140.0
2026-08-15,wk inc covid hosp,1,2026-08-22,37,quantile,0.55,146.0
2026-08-15,wk inc covid hosp,1,2026-08-22,37,quantile,0.6,153.0
2026-08-15,wk inc covid hosp,1,2026-08-22,37,quantile,0.65,159.0
2026-08-15,wk inc covid hosp,1,2026-08-22,37,quantile,0.7,166.0
2026-08-15,wk inc covid hosp,1,2026-08-22,37,quantile,0.75,171.0
2026-08-15,wk inc covid hosp,1,2026-08-22,37,quantile,0.8,180.0
2026-08-15,wk inc covid hosp,1,2026-08-22,37,quantile,0.85,193.0
2026-08-15,wk inc covid hosp,1,2026-08-22,37,quantile,0.9,209.0
2026-08-15,wk inc covid hosp,1,2026-08-22,37,quantile,0.95,233.0
2026-08-15,wk inc covid hosp,1,2026-08-22,37,quantile,0.975,256.0
2026-08-15,wk inc covid hosp,1,2026-08-22,37,quantile,0.99,286.0
2026-08-15,wk inc covid hosp,1,2026-08-22,38,quantile,0.01,0.0
2026-08-15,wk inc covid hosp,1,2026-08-22,38,quantile,0.025,0.0
2026-08-15,wk inc covid hosp,1,2026-08-22,38,quantile,0.05,0.0
2026-08-15,wk inc covid hosp,1,2026-08-22,38,quantile,0.1,0.0
2026-08-15,wk inc covid hosp,1,2026-08-22,38,quantile,0.15,0.0
2026-08-15,wk inc covid hosp,1,2026-08-22,38,quantile,0.2,0.0
2026-08-15,wk inc covid hosp,1,2026-08-22,38,quantile,0.25,1.0
2026-08-15,wk inc covid hosp,1,2026-08-22,38,quantile,0.3,1.0
2026-08-15,wk inc covid hosp,1,2026-08-22,38,quantile,0.35,1.0
2026-08-15,wk inc covid hosp,1,2026-08-22,38,quantile,0.4,2.0
2026-08-15,wk inc covid hosp,1,2026-08-22,38,quantile,0.45,2.0
2026-08-15,wk inc covid hosp,1,2026-08-22,38,quantile,0.5,2.0
2026-08-15,wk inc covid hosp,1,2026-08-22,38,quantile,0.55,3.0
2026-08-15,wk inc covid hosp,1,2026-08-22,38,quantile,0.6,3.0
2026-08-15,wk inc covid hosp,1,2026-08-22,38,quantile,0.65,4.0
2026-08-15,wk inc covid hosp,1,2026-08-22,38,quantile,0.7,4.0
2026-08-15,wk inc covid hosp,1,2026-08-22,38,quantile,0.75,5.0
2026-08-15,wk inc covid hosp,1,2026-08-22,38,quantile,0.8,5.0
2026-08-15,wk inc covid hosp,1,2026-08-22,38,quantile,0.85,6.0
2026-08-15,wk inc covid hosp,1,2026-08-22,38,quantile,0.9,7.0
2026-08-15,wk inc covid hosp,1,2026-08-22,38,quantile,0.95,9.0
2026-08-15,wk inc covid hosp,1,2026-08-22,38,quantile,0.975,11.0
2026-08-15,wk inc covid hosp,1,2026-08-22,38,quantile,0.99,12.0
2026-08-15,wk inc covid hosp,1,2026-08-22,39,quantile,0.01,0.0
2026-08-15,wk inc covid hosp,1,2026-08-22,39,quantile,0.025,0.0
2026-08-15,wk inc covid hosp,1,2026-08-22,39,quantile,0.05,0.0
2026-08-15,wk inc covid hosp,1,2026-08-22,39,quantile,0.1,2.0
2026-08-15,wk inc covid hosp,1,2026-08-22,39,quantile,0.15,9.0
2026-08-15,wk inc covid hosp,1,2026-08-22,39,quantile,0.2,14.0
2026-08-15,wk inc covid hosp,1,2026-08-22,39,quantile,0.25,18.0
2026-08-15,wk inc covid hosp,1,2026-08-22,39,quantile,0.3,23.0
2026-08-15,wk inc covid hosp,1,2026-08-22,39,quantile,0.35,26.0
2026-08-15,wk inc covid hosp,1,2026-08-22,39,quantile,0.4,31.0
2026-08-15,wk inc covid hosp,1,2026-08-22,39,quantile,0.45,35.0
2026-08-15,wk inc covid hosp,1,2026-08-22,39,quantile,0.5,39.0
2026-08-15,wk inc covid hosp,1,2026-08-22,39,quantile,0.55,43.0
2026-08-15,wk inc covid hosp,1,2026-08-22,39,quantile,0.6,47.0
2026-08-15,wk inc covid hosp,1,2026-08-22,39,quantile,0.65,51.0
2026-08-15,wk inc covid hosp,1,2026-08-22,39,quantile,0.7,55.0
2026-08-15,wk inc covid hosp,1,2026-08-22,39,quantile,0.75,59.0
2026-08-15,wk inc covid hosp,1,2026-08-22,39,quantile,0.8,65.0
2026-08-15,wk inc covid hosp,1,2026-08-22,39,quantile,0.85,73.0
2026-08-15,wk inc covid hosp,1,2026-08-22,39,quantile,0.9,82.0
2026-08-15,wk inc covid hosp,1,2026-08-22,39,quantile,0.95,99.0
2026-08-15,wk inc covid hosp,1,2026-08-22,39,quantile,0.975,111.0
2026-08-15,wk inc covid hosp,1,2026-08-22,39,quantile,0.99,130.0
2026-08-15,wk inc covid hosp,1,2026-08-22,40,quantile,0.01,0.0
2026-08-15,wk inc covid hosp,1,2026-08-22,40,quantile,0.025,3.0
2026-08-15,wk inc covid hosp,1,2026-08-22,40,quantile,0.05,5.0
2026-08-15,wk inc covid hosp,1,2026-08-22,40,quantile,0.1,8.0
2026-08-15,wk inc covid hosp,1,2026-08-22,40,quantile,0.15,11.0
2026-08-15,wk inc covid hosp,1,2026-08-22,40,quantile,0.2,13.0
2026-08-15,wk inc covid hosp,1,2026-08-22,40,quantile,0.25,15.0
2026-08-15,wk inc covid hosp,1,2026-08-22,40,quantile,0.3,18.0
2026-08-15,wk inc covid hosp,1,2026-08-22,40,quantile,0.35,19.0
2026-08-15,wk inc covid hosp,1,2026-08-22,40,quantile,0.4,21.0
2026-08-15,wk inc covid hosp,1,2026-08-22,40,quantile,0.45,22.0
2026-08-15,wk inc covid hosp,1,2026-08-22,40,quantile,0.5,24.0
2026-08-15,wk inc covid hosp,1,2026-08-22,40,quantile,0.55,26.0
2026-08-15,wk inc covid hosp,1,2026-08-22,40,quantile,0.6,29.0
2026-08-15,wk inc covid hosp,1,2026-08-22,40,quantile,0.65,30.0
2026-08-15,wk inc covid hosp,1,2026-08-22,40,quantile,0.7,32.0
2026-08-15,wk inc covid hosp,1,2026-08-22,40,quantile,0.75,34.0
2026-08-15,wk inc covid hosp,1,2026-08-22,40,quantile,0.8,37.0
2026-08-15,wk inc covid hosp,1,2026-08-22,40,quantile,0.85,40.0
2026-08-15,wk inc covid hosp,1,2026-08-22,40,quantile,0.9,45.0
2026-08-15,wk inc covid hosp,1,2026-08-22,40,quantile,0.95,53.0
2026-08-15,wk inc covid hosp,1,2026-08-22,40,quantile,0.975,61.0
2026-08-15,wk inc covid hosp,1,2026-08-22,40,quantile,0.99,70.0
2026-08-15,wk inc covid hosp,1,2026-08-22,41,quantile,0.01,0.0
2026-08-15,wk inc covid hosp,1,2026-08-22,41,quantile,0.025,0.0
2026-08-15,wk inc covid hosp,1,2026-08-22,41,quantile,0.05,0.0
2026-08-15,wk inc covid hosp,1,2026-08-22,41,quantile,0.1,2.0
2026-08-15,wk inc covid hosp,1,2026-08-22,41,quantile,0.15,5.0
2026-08-15,wk inc covid hosp,1,2026-08-22,41,quantile,0.2,6.0
2026-08-15,wk inc covid hosp,1,2026-08-22,41,quantile,0.25,8.0
2026-08-15,wk inc covid hosp,1,2026-08-22,41,quantile,0.3,10.0
2026-08-15,wk inc covid hosp,1,2026-08-22,41,quantile,0.35,11.0
2026-08-15,wk inc covid hosp,1,2026-08-22,41,quantile,0.4,13.0
2026-08-15,wk inc covid hosp,1,2026-08-22,41,quantile,0.45,14.0
2026-08-15,wk inc covid hosp,1,2026-08-22,41,quantile,0.5,16.0
2026-08-15,wk inc covid hosp,1,2026-08-22,41,quantile,0.55,17.0
2026-08-15,wk inc covid hosp,1,2026-08-22,41,quantile,0.6,19.0
2026-08-15,wk inc covid hosp,1,2026-08-22,41,quantile,0.65,21.0
2026-08-15,wk inc covid hosp,1,2026-08-22,41,quantile,0.7,22.0
2026-08-15,wk inc covid hosp,1,2026-08-22,41,quantile,0.75,24.0
2026-08-15,wk inc covid hosp,1,2026-08-22,41,quantile,0.8,26.0
2026-08-15,wk inc covid hosp,1,2026-08-22,41,quantile,0.85,29.0
2026-08-15,wk inc covid hosp,1,2026-08-22,41,quantile,0.9,33.0
2026-08-15,wk inc covid hosp,1,2026-08-22,41,quantile,0.95,40.0
2026-08-15,wk inc covid hosp,1,2026-08-22,41,quantile,0.975,47.0
2026-08-15,wk inc covid hosp,1,2026-08-22,41,quantile,0.99,53.0
2026-08-15,wk inc covid hosp,1,2026-08-22,42,quantile,0.01,0.0
2026-08-15,wk inc covid hosp,1,2026-08-22,42,quantile,0.025,0.0
2026-08-15,wk inc covid hosp,1,2026-08-22,42,quantile,0.05,6.0
2026-08-15,wk inc covid hosp,1,2026-08-22,42,quantile,0.1,19.0
2026-08-15,wk inc covid hosp,1,2026-08-22,42,quantile,0.15,30.0
2026-08-15,wk inc covid hosp,1,2026-08-22,42,quantile,0.2,37.0
2026-08-15,wk inc covid hosp,1,2026-08-22,42,quantile,0.25,44.0
2026-08-15,wk inc covid hosp,1,2026-08-22,42,quantile,0.3,51.0
2026-08-15,wk inc covid hosp,1,2026-08-22,42,quantile,0.35,57.0
2026-08-15,wk inc covid hosp,1,2026-08-22,42,quantile,0.4,64.0
2026-08-15,wk inc covid hosp,1,2026-08-22,42,quantile,0.45,71.0
2026-08-15,wk inc covid hosp,1,2026-08-22,42,quantile,0.5,77.0
2026-08-15,wk inc covid hosp,1,2026-08-22,42,quantile,0.55,84.0
2026-08-15,wk inc covid hosp,1,2026-08-22,42,quantile,0.6,92.0
2026-08-15,wk inc covid hosp,1,2026-08-22,42,quantile,0.65,98.0
2026-08-15,wk inc covid hosp,1,2026-08-22,42,quantile,0.7,104.0
2026-08-15,wk inc covid hosp,1,2026-08-22,42,quantile,0.75,111.0
2026-08-15,wk inc covid hosp,1,2026-08-22,42,quantile,0.8,120.0
2026-08-15,wk inc covid hosp,1,2026-08-22,42,quantile,0.85,133.0
2026-08-15,wk inc covid hosp,1,2026-08-22,42,quantile,0.9,151.0
2026-08-15,wk inc covid hosp,1,2026-08-22,42,quantile,0.95,175.0
2026-08-15,wk inc covid hosp,1,2026-08-22,42,quantile,0.975,203.0
2026-08-15,wk inc covid hosp,1,2026-08-22,42,quantile,0.99,242.0
2026-08-15,wk inc covid hosp,1,2026-08-22,44,quantile,0.01,0.0
2026-08-15,wk inc covid hosp,1,2026-08-22,44,quantile,0.025,0.0
2026-08-15,wk inc covid hosp,1,2026-08-22,44,quantile,0.05,1.0
2026-08-15,wk inc covid hosp,1,2026-08-22,44,quantile,0.1,3.0
2026-08-15,wk inc covid hosp,1,2026-08-22,44,quantile,0.15,4.0
2026-08-15,wk inc covid hosp,1,2026-08-22,44,quantile,0.2,5.0
2026-08-15,wk inc covid hosp,1,2026-08-22,44,quantile,0.25,5.0
2026-08-15,wk inc covid hosp,1,2026-08-22,44,quantile,0.3,6.0
2026-08-15,wk inc covid hosp,1,2026-08-22,44,quantile,0.35,7.0
2026-08-15,wk inc covid hosp,1,2026-08-22,44,quantile,0.4,7.0
2026-08-15,wk inc covid hosp,1,2026-08-22,44,quantile,0.45,8.0
2026-08-15,wk inc covid hosp,1,2026-08-22,44,quantile,0.5,9.0
2026-08-15,wk inc covid hosp,1,2026-08-22,44,quantile,0.55,10.0
2026-08-15,wk inc covid hosp,1,2026-08-22,44,quantile,0.6,11.0
2026-08-15,wk inc covid hosp,1,2026-08-22,44,quantile,0.65,12.0
2026-08-15,wk inc covid hosp,1,2026-08-22,44,quantile,0.7,12.0
2026-08-15,wk inc covid hosp,1,2026-08-22,44,quantile,0.75,13.0
2026-08-15,wk inc covid hosp,1,2026-08-22,44,quantile,0.8,15.0
2026-08-15,wk inc covid hosp,1,2026-08-22,44,quantile,0.85,16.0
2026-08-15,wk inc covid hosp,1,2026-08-22,44,quantile,0.9,19.0
2026-08-15,wk inc covid hosp,1,2026-08-22,44,quantile,0.95,22.0
2026-08-15,wk inc covid hosp,1,2026-08-22,44,quantile,0.975,26.0
2026-08-15,wk inc covid hosp,1,2026-08-22,44,quantile,0.99,28.0
2026-08-15,wk inc covid hosp,1,2026-08-22,45,quantile,0.01,1.0
2026-08-15,wk inc covid hosp,1,2026-08-22,45,quantile,0.025,5.0
2026-08-15,wk inc covid hosp,1,2026-08-22,45,quantile,0.05,8.0
2026-08-15,wk inc covid hosp,1,2026-08-22,45,quantile,0.1,14.0
2026-08-15,wk inc covid hosp,1,2026-08-22,45,quantile,0.15,18.0
2026-08-15,wk inc covid hosp,1,2026-08-22,45,quantile,0.2,21.0
2026-08-15,wk inc covid hosp,1,2026-08-22,45,quantile,0.25,23.0
2026-08-15,wk inc covid hosp,1,2026-08-22,45,quantile,0.3,26.0
2026-08-15,wk inc covid hosp,1,2026-08-22,45,quantile,0.35,28.0
2026-08-15,wk inc covid hosp,1,2026-08-22,45,quantile,0.4,31.0
2026-08-15,wk inc covid hosp,1,2026-08-22,45,quantile,0.45,34.0
2026-08-15,wk inc covid hosp,1,2026-08-22,45,quantile,0.5,36.0
2026-08-15,wk inc covid hosp,1,2026-08-22,45,quantile,0.55,38.0
2026-08-15,wk inc covid hosp,1,2026-08-22,45,quantile,0.6,41.0
2026-08-15,wk inc covid hosp,1,2026-08-22,45,quantile,0.65,43.0
2026-08-15,wk inc covid hosp,1,2026-08-22,45,quantile,0.7,46.0
2026-08-15,wk inc covid hosp,1,2026-08-22,45,quantile,0.75,48.0
2026-08-15,wk inc covid hosp,1,2026-08-22,45,quantile,0.8,52.0
2026-08-15,wk inc covid hosp,1,2026-08-22,45,quantile,0.85,57.0
2026-08-15,wk inc covid hosp,1,2026-08-22,45,quantile,0.9,63.0
2026-08-15,wk inc covid hosp,1,2026-08-22,45,quantile,0.95,73.0
2026-08-15,wk inc covid hosp,1,2026-08-22,45,quantile,0.975,82.0
2026-08-15,wk inc covid hosp,1,2026-08-22,45,quantile,0.99,95.0
2026-08-15,wk inc covid hosp,1,2026-08-22,46,quantile,0.01,0.0
2026-08-15,wk inc covid hosp,1,2026-08-22,46,quantile,0.025,0.0
2026-08-15,wk inc covid hosp,1,2026-08-22,46,quantile,0.05,0.0
2026-08-15,wk inc covid hosp,1,2026-08-22,46,quantile,0.1,0.0
2026-08-15,wk inc covid hosp,1,2026-08-22,46,quantile,0.15,0.0
2026-08-15,wk inc covid hosp,1,2026-08-22,46,quantile,0.2,0.0
2026-08-15,wk inc covid hosp,1,2026-08-22,46,quantile,0.25,1.0
2026-08-15,wk inc covid hosp,1,2026-08-22,46,quantile,0.3,1.0
2026-08-15,wk inc covid hosp,1,2026-08-22,46,quantile,0.35,2.0
2026-08-15,wk inc covid hosp,1,2026-08-22,46,quantile,0.4,2.0
2026-08-15,wk inc covid hosp,1,2026-08-22,46,quantile,0.45,3.0
2026-08-15,wk inc covid hosp,1,2026-08-22,46,quantile,0.5,3.0
2026-08-15,wk inc covid hosp,1,2026-08-22,46,quantile,0.55,4.0
2026-08-15,wk inc covid hosp,1,2026-08-22,46,quantile,0.6,4.0
2026-08-15,wk inc covid hosp,1,2026-08-22,46,quantile,0.65,5.0
2026-08-15,wk inc covid hosp,1,2026-08-22,46,quantile,0.7,5.0
2026-08-15,wk inc covid hosp,1,2026-08-22,46,quantile,0.75,6.0
2026-08-15,wk inc covid hosp,1,2026-08-22,46,quantile,0.8,7.0
2026-08-15,wk inc covid hosp,1,2026-08-22,46,quantile,0.85,8.0
2026-08-15,wk inc covid hosp,1,2026-08-22,46,quantile,0.9,9.0
2026-08-15,wk inc covid hosp,1,2026-08-22,46,quantile,0.95,12.0
2026-08-15,wk inc covid hosp,1,2026-08-22,46,quantile,0.975,14.0
2026-08-15,wk inc covid hosp,1,2026-08-22,46,quantile,0.99,15.0
2026-08-15,wk inc covid hosp,1,2026-08-22,47,quantile,0.01,8.0
2026-08-15,wk inc covid hosp,1,2026-08-22,47,quantile,0.025,14.0
2026-08-15,wk inc covid hosp,1,2026-08-22,47,quantile,0.05,19.0
2026-08-15,wk inc covid hosp,1,2026-08-22,47,quantile,0.1,25.0
2026-08-15,wk inc covid hosp,1,2026-08-22,47,quantile,0.15,31.0
2026-08-15,wk inc covid hosp,1,2026-08-22,47,quantile,0.2,35.0
2026-08-15,wk inc covid hosp,1,2026-08-22,47,quantile,0.25,39.0
2026-08-15,wk inc covid hosp,1,2026-08-22,47,quantile,0.3,43.0
2026-08-15,wk inc covid hosp,1,2026-08-22,47,quantile,0.35,47.0
2026-08-15,wk inc covid hosp,1,2026-08-22,47,quantile,0.4,50.0
2026-08-15,wk inc covid hosp,1,2026-08-22,47,quantile,0.45,53.0
2026-08-15,wk inc covid hosp,1,2026-08-22,47,quantile,0.5,57.0
2026-08-15,wk inc covid hosp,1,2026-08-22,47,quantile,0.55,60.0
2026-08-15,wk inc covid hosp,1,2026-08-22,47,quantile,0.6,65.0
2026-08-15,wk inc covid hosp,1,2026-08-22,47,quantile,0.65,68.0
2026-08-15,wk inc covid hosp,1,2026-08-22,47,quantile,0.7,72.0
2026-08-15,wk inc covid hosp,1,2026-08-22,47,quantile,0.75,76.0
2026-08-15,wk inc covid hosp,1,2026-08-22,47,quantile,0.8,81.0
2026-08-15,wk inc covid hosp,1,2026-08-22,47,quantile,0.85,87.0
2026-08-15,wk inc covid hosp,1,2026-08-22,47,quantile,0.9,97.0
2026-08-15,wk inc covid hosp,1,2026-08-22,47,quantile,0.95,112.0
2026-08-15,wk inc covid hosp,1,2026-08-22,47,quantile,0.975,128.0
2026-08-15,wk inc covid hosp,1,2026-08-22,47,quantile,0.99,147.0
2026-08-15,wk inc covid hosp,1,2026-08-22,48,quantile,0.01,110.0
2026-08-15,wk inc covid hosp,1,2026-08-22,48,quantile,0.025,140.0
2026-08-15,wk inc covid hosp,1,2026-08-22,48,quantile,0.05,166.0
2026-08-15,wk inc covid hosp,1,2026-08-22,48,quantile,0.1,205.0
2026-08-15,wk inc covid hosp,1,2026-08-22,48,quantile,0.15,238.0
2026-08-15,wk inc covid hosp,1,2026-08-22,48,quantile,0.2,258.0
2026-08-15,wk inc covid hosp,1,2026-08-22,48,quantile,0.25,276.0
2026-08-15,wk inc covid hosp,1,2026-08-22,48,quantile,0.3,297.0
2026-08-15,wk inc covid hosp,1,2026-08-22,48,quantile,0.35,314.0
2026-08-15,wk inc covid hosp,1,2026-08-22,48,quantile,0.4,334.0
2026-08-15,wk inc covid hosp,1,2026-08-22,48,quantile,0.45,354.0
2026-08-15,wk inc covid hosp,1,2026-08-22,48,quantile,0.5,369.0
2026-08-15,wk inc covid hosp,1,2026-08-22,48,quantile,0.55,387.0
2026-08-15,wk inc covid hosp,1,2026-08-22,48,quantile,0.6,406.0
2026-08-15,wk inc covid hosp,1,2026-08-22,48,quantile,0.65,424.0
2026-08-15,wk inc covid hosp,1,2026-08-22,48,quantile,0.7,443.0
2026-08-15,wk inc covid hosp,1,2026-08-22,48,quantile,0.75,460.0
2026-08-15,wk inc covid hosp,1,2026-08-22,48,quantile,0.8,485.0
2026-08-15,wk inc covid hosp,1,2026-08-22,48,quantile,0.85,525.0
2026-08-15,wk inc covid hosp,1,2026-08-22,48,quantile,0.9,568.0
2026-08-15,wk inc covid hosp,1,2026-08-22,48,quantile,0.95,640.0
2026-08-15,wk inc covid hosp,1,2026-08-22,48,quantile,0.975,709.0
2026-08-15,wk inc covid hosp,1,2026-08-22,48,quantile,0.99,800.0
2026-08-15,wk inc covid hosp,1,2026-08-22,49,quantile,0.01,0.0
2026-08-15,wk inc covid hosp,1,2026-08-22,49,quantile,0.025,0.0
2026-08-15,wk inc covid hosp,1,2026-08-22,49,quantile,0.05,0.0
2026-08-15,wk inc covid hosp,1,2026-08-22,49,quantile,0.1,0.0
2026-08-15,wk inc covid hosp,1,2026-08-22,49,quantile,0.15,0.0
2026-08-15,wk inc covid hosp,1,2026-08-22,49,quantile,0.2,0.0
2026-08-15,wk inc covid hosp,1,2026-08-22,49,quantile,0.25,0.0
2026-08-15,wk inc covid hosp,1,2026-08-22,49,quantile,0.3,0.0
2026-08-15,wk inc covid hosp,1,2026-08-22,49,quantile,0.35,1.0
2026-08-15,wk inc covid hosp,1,2026-08-22,49,quantile,0.4,2.0
2026-08-15,wk inc covid hosp,1,2026-08-22,49,quantile,0.45,3.0
2026-08-15,wk inc covid hosp,1,2026-08-22,49,quantile,0.5,4.0
2026-08-15,wk inc covid hosp,1,2026-08-22,49,quantile,0.55,5.0
2026-08-15,wk inc covid hosp,1,2026-08-22,49,quantile,0.6,6.0
2026-08-15,wk inc covid hosp,1,2026-08-22,49,quantile,0.65,7.0
2026-08-15,wk inc covid hosp,1,2026-08-22,49,quantile,0.7,8.0
2026-08-15,wk inc covid hosp,1,2026-08-22,49,quantile,0.75,9.0
2026-08-15,wk inc covid hosp,1,2026-08-22,49,quantile,0.8,10.0
2026-08-15,wk inc covid hosp,1,2026-08-22,49,quantile,0.85,12.0
2026-08-15,wk inc covid hosp,1,2026-08-22,49,quantile,0.9,15.0
2026-08-15,wk inc covid hosp,1,2026-08-22,49,quantile,0.95,19.0
2026-08-15,wk inc covid hosp,1,2026-08-22,49,quantile,0.975,22.0
2026-08-15,wk inc covid hosp,1,2026-08-22,49,quantile,0.99,26.0
2026-08-15,wk inc covid hosp,1,2026-08-22,50,quantile,0.01,0.0
2026-08-15,wk inc covid hosp,1,2026-08-22,50,quantile,0.025,0.0
2026-08-15,wk inc covid hosp,1,2026-08-22,50,quantile,0.05,0.0
2026-08-15,wk inc covid hosp,1,2026-08-22,50,quantile,0.1,1.0
2026-08-15,wk inc covid hosp,1,2026-08-22,50,quantile,0.15,2.0
2026-08-15,wk inc covid hosp,1,2026-08-22,50,quantile,0.2,2.0
2026-08-15,wk inc covid hosp,1,2026-08-22,50,quantile,0.25,2.0
2026-08-15,wk inc covid hosp,1,2026-08-22,50,quantile,0.3,3.0
2026-08-15,wk inc covid hosp,1,2026-08-22,50,quantile,0.35,3.0
2026-08-15,wk inc covid hosp,1,2026-08-22,50,quantile,0.4,4.0
2026-08-15,wk inc covid hosp,1,2026-08-22,50,quantile,0.45,4.0
2026-08-15,wk inc covid hosp,1,2026-08-22,50,quantile,0.5,5.0
2026-08-15,wk inc covid hosp,1,2026-08-22,50,quantile,0.55,5.0
2026-08-15,wk inc covid hosp,1,2026-08-22,50,quantile,0.6,6.0
2026-08-15,wk inc covid hosp,1,2026-08-22,50,quantile,0.65,6.0
2026-08-15,wk inc covid hosp,1,2026-08-22,50,quantile,0.7,7.0
2026-08-15,wk inc covid hosp,1,2026-08-22,50,quantile,0.75,7.0
2026-08-15,wk inc covid hosp,1,2026-08-22,50,quantile,0.8,8.0
2026-08-15,wk inc covid hosp,1,2026-08-22,50,quantile,0.85,9.0
2026-08-15,wk inc covid hosp,1,2026-08-22,50,quantile,0.9,10.0
2026-08-15,wk inc covid hosp,1,2026-08-22,50,quantile,0.95,13.0
2026-08-15,wk inc covid hosp,1,2026-08-22,50,quantile,0.975,14.0
2026-08-15,wk inc covid hosp,1,2026-08-22,50,quantile,0.99,17.0
2026-08-15,wk inc covid hosp,1,2026-08-22,51,quantile,0.01,0.0
2026-08-15,wk inc covid hosp,1,2026-08-22,51,quantile,0.025,3.0
2026-08-15,wk inc covid hosp,1,2026-08-22,51,quantile,0.05,7.0
2026-08-15,wk inc covid hosp,1,2026-08-22,51,quantile,0.1,12.0
2026-08-15,wk inc covid hosp,1,2026-08-22,51,quantile,0.15,17.0
2026-08-15,wk inc covid hosp,1,2026-08-22,51,quantile,0.2,20.0
2026-08-15,wk inc covid hosp,1,2026-08-22,51,quantile,0.25,23.0
2026-08-15,wk inc covid hosp,1,2026-08-22,51,quantile,0.3,27.0
2026-08-15,wk inc covid hosp,1,2026-08-22,51,quantile,0.35,30.0
2026-08-15,wk inc covid hosp,1,2026-08-22,51,quantile,0.4,32.0
2026-08-15,wk inc covid hosp,1,2026-08-22,51,quantile,0.45,35.0
2026-08-15,wk inc covid hosp,1,2026-08-22,51,quantile,0.5,38.0
2026-08-15,wk inc covid hosp,1,2026-08-22,51,quantile,0.55,40.0
2026-08-15,wk inc covid hosp,1,2026-08-22,51,quantile,0.6,44.0
2026-08-15,wk inc covid hosp,1,2026-08-22,51,quantile,0.65,47.0
2026-08-15,wk inc covid hosp,1,2026-08-22,51,quantile,0.7,49.0
2026-08-15,wk inc covid hosp,1,2026-08-22,51,quantile,0.75,53.0
2026-08-15,wk inc covid hosp,1,2026-08-22,51,quantile,0.8,56.0
2026-08-15,wk inc covid hosp,1,2026-08-22,51,quantile,0.85,61.0
2026-08-15,wk inc covid hosp,1,2026-08-22,51,quantile,0.9,68.0
2026-08-15,wk inc covid hosp,1,2026-08-22,51,quantile,0.95,79.0
2026-08-15,wk inc covid hosp,1,2026-08-22,51,quantile,0.975,91.0
2026-08-15,wk inc covid hosp,1,2026-08-22,51,quantile,0.99,104.0
2026-08-15,wk inc covid hosp,1,2026-08-22,53,quantile,0.01,0.0
2026-08-15,wk inc covid hosp,1,2026-08-22,53,quantile,0.025,4.0
2026-08-15,wk inc covid hosp,1,2026-08-22,53,quantile,0.05,8.0
2026-08-15,wk inc covid hosp,1,2026-08-22,53,quantile,0.1,14.0
2026-08-15,wk inc covid hosp,1,2026-08-22,53,quantile,0.15,19.0
2026-08-15,wk inc covid hosp,1,2026-08-22,53,quantile,0.2,23.0
2026-08-15,wk inc covid hosp,1,2026-08-22,53,quantile,0.25,25.0
2026-08-15,wk inc covid hosp,1,2026-08-22,53,quantile,0.3,29.0
2026-08-15,wk inc covid hosp,1,2026-08-22,53,quantile,0.35,31.0
2026-08-15,wk inc covid hosp,1,2026-08-22,53,quantile,0.4,34.0
2026-08-15,wk inc covid hosp,1,2026-08-22,53,quantile,0.45,37.0
2026-08-15,wk inc covid hosp,1,2026-08-22,53,quantile,0.5,40.0
2026-08-15,wk inc covid hosp,1,2026-08-22,53,quantile,0.55,43.0
2026-08-15,wk inc covid hosp,1,2026-08-22,53,quantile,0.6,45.0
2026-08-15,wk inc covid hosp,1,2026-08-22,53,quantile,0.65,48.0
2026-08-15,wk inc covid hosp,1,2026-08-22,53,quantile,0.7,51.0
2026-08-15,wk inc covid hosp,1,2026-08-22,53,quantile,0.75,53.0
2026-08-15,wk inc covid hosp,1,2026-08-22,53,quantile,0.8,57.0
2026-08-15,wk inc covid hosp,1,2026-08-22,53,quantile,0.85,63.0
2026-08-15,wk inc covid hosp,1,2026-08-22,53,quantile,0.9,70.0
2026-08-15,wk inc covid hosp,1,2026-08-22,53,quantile,0.95,80.0
2026-08-15,wk inc covid hosp,1,2026-08-22,53,quantile,0.975,90.0
2026-08-15,wk inc covid hosp,1,2026-08-22,53,quantile,0.99,103.0
2026-08-15,wk inc covid hosp,1,2026-08-22,54,quantile,0.01,0.0
2026-08-15,wk inc covid hosp,1,2026-08-22,54,quantile,0.025,0.0
2026-08-15,wk inc covid hosp,1,2026-08-22,54,quantile,0.05,0.0
2026-08-15,wk inc covid hosp,1,2026-08-22,54,quantile,0.1,0.0
2026-08-15,wk inc covid hosp,1,2026-08-22,54,quantile,0.15,1.0
2026-08-15,wk inc covid hosp,1,2026-08-22,54,quantile,0.2,2.0
2026-08-15,wk inc covid hosp,1,2026-08-22,54,quantile,0.25,2.0
2026-08-15,wk inc covid hosp,1,2026-08-22,54,quantile,0.3,4.0
2026-08-15,wk inc covid hosp,1,2026-08-22,54,quantile,0.35,4.0
2026-08-15,wk inc covid hosp,1,2026-08-22,54,quantile,0.4,5.0
2026-08-15,wk inc covid hosp,1,2026-08-22,54,quantile,0.45,6.0
2026-08-15,wk inc covid hosp,1,2026-08-22,54,quantile,0.5,7.0
2026-08-15,wk inc covid hosp,1,2026-08-22,54,quantile,0.55,7.0
2026-08-15,wk inc covid hosp,1,2026-08-22,54,quantile,0.6,8.0
2026-08-15,wk inc covid hosp,1,2026-08-22,54,quantile,0.65,9.0
2026-08-15,wk inc covid hosp,1,2026-08-22,54,quantile,0.7,10.0
2026-08-15,wk inc covid hosp,1,2026-08-22,54,quantile,0.75,11.0
2026-08-15,wk inc covid hosp,1,2026-08-22,54,quantile,0.8,12.0
2026-08-15,wk inc covid hosp,1,2026-08-22,54,quantile,0.85,14.0
2026-08-15,wk inc covid hosp,1,2026-08-22,54,quantile,0.9,16.0
2026-08-15,wk inc covid hosp,1,2026-08-22,54,quantile,0.95,20.0
2026-08-15,wk inc covid hosp,1,2026-08-22,54,quantile,0.975,23.0
2026-08-15,wk inc covid hosp,1,2026-08-22,54,quantile,0.99,28.0
2026-08-15,wk inc covid hosp,1,2026-08-22,55,quantile,0.01,0.0
2026-08-15,wk inc covid hosp,1,2026-08-22,55,quantile,0.025,0.0
2026-08-15,wk inc covid hosp,1,2026-08-22,55,quantile,0.05,0.0
2026-08-15,wk inc covid hosp,1,2026-08-22,55,quantile,0.1,0.0
2026-08-15,wk inc covid hosp,1,2026-08-22,55,quantile,0.15,3.0
2026-08-15,wk inc covid hosp,1,2026-08-22,55,quantile,0.2,5.0
2026-08-15,wk inc covid hosp,1,2026-08-22,55,quantile,0.25,8.0
2026-08-15,wk inc covid hosp,1,2026-08-22,55,quantile,0.3,10.0
2026-08-15,wk inc covid hosp,1,2026-08-22,55,quantile,0.35,12.0
2026-08-15,wk inc covid hosp,1,2026-08-22,55,quantile,0.4,15.0
2026-08-15,wk inc covid hosp,1,2026-08-22,55,quantile,0.45,17.0
2026-08-15,wk inc covid hosp,1,2026-08-22,55,quantile,0.5,19.0
2026-08-15,wk inc covid hosp,1,2026-08-22,55,quantile,0.55,21.0
2026-08-15,wk inc covid hosp,1,2026-08-22,55,quantile,0.6,24.0
2026-08-15,wk inc covid hosp,1,2026-08-22,55,quantile,0.65,26.0
2026-08-15,wk inc covid hosp,1,2026-08-22,55,quantile,0.7,28.0
2026-08-15,wk inc covid hosp,1,2026-08-22,55,quantile,0.75,31.0
2026-08-15,wk inc covid hosp,1,2026-08-22,55,quantile,0.8,34.0
2026-08-15,wk inc covid hosp,1,2026-08-22,55,quantile,0.85,39.0
2026-08-15,wk inc covid hosp,1,2026-08-22,55,quantile,0.9,44.0
2026-08-15,wk inc covid hosp,1,2026-08-22,55,quantile,0.95,53.0
2026-08-15,wk inc covid hosp,1,2026-08-22,55,quantile,0.975,62.0
2026-08-15,wk inc covid hosp,1,2026-08-22,55,quantile,0.99,75.0
2026-08-15,wk inc covid hosp,1,2026-08-22,56,quantile,0.01,0.0
2026-08-15,wk inc covid hosp,1,2026-08-22,56,quantile,0.025,0.0
2026-08-15,wk inc covid hosp,1,2026-08-22,56,quantile,0.05,0.0
2026-08-15,wk inc covid hosp,1,2026-08-22,56,quantile,0.1,0.0
2026-08-15,wk inc covid hosp,1,2026-08-22,56,quantile,0.15,0.0
2026-08-15,wk inc covid hosp,1,2026-08-22,56,quantile,0.2,0.0
2026-08-15,wk inc covid hosp,1,2026-08-22,56,quantile,0.25,0.0
2026-08-15,wk inc covid hosp,1,2026-08-22,56,quantile,0.3,0.0
2026-08-15,wk inc covid hosp,1,2026-08-22,56,quantile,0.35,1.0
2026-08-15,wk inc covid hosp,1,2026-08-22,56,quantile,0.4,1.0
2026-08-15,wk inc covid hosp,1,2026-08-22,56,quantile,0.45,1.0
2026-08-15,wk inc covid hosp,1,2026-08-22,56,quantile,0.5,2.0
2026-08-15,wk inc covid hosp,1,2026-08-22,56,quantile,0.55,2.0
2026-08-15,wk inc covid hosp,1,2026-08-22,56,quantile,0.6,3.0
2026-08-15,wk inc covid hosp,1,2026-08-22,56,quantile,0.65,3.0
2026-08-15,wk inc covid hosp,1,2026-08-22,56,quantile,0.7,4.0
2026-08-15,wk inc covid hosp,1,2026-08-22,56,quantile,0.75,4.0
2026-08-15,wk inc covid hosp,1,2026-08-22,56,quantile,0.8,5.0
2026-08-15,wk inc covid hosp,1,2026-08-22,56,quantile,0.85,6.0
2026-08-15,wk inc covid hosp,1,2026-08-22,56,quantile,0.9,7.0
2026-08-15,wk inc covid hosp,1,2026-08-22,56,quantile,0.95,8.0
2026-08-15,wk inc covid hosp,1,2026-08-22,56,quantile,0.975,10.0
2026-08-15,wk inc covid hosp,1,2026-08-22,56,quantile,0.99,12.0
2026-08-15,wk inc covid hosp,1,2026-08-22,72,quantile,0.01,4.0
2026-08-15,wk inc covid hosp,1,2026-08-22,72,quantile,0.025,9.0
2026-08-15,wk inc covid hosp,1,2026-08-22,72,quantile,0.05,16.0
2026-08-15,wk inc covid hosp,1,2026-08-22,72,quantile,0.1,24.0
2026-08-15,wk inc covid hosp,1,2026-08-22,72,quantile,0.15,31.0
2026-08-15,wk inc covid hosp,1,2026-08-22,72,quantile,0.2,34.0
2026-08-15,wk inc covid hosp,1,2026-08-22,72,quantile,0.25,40.0
2026-08-15,wk inc covid hosp,1,2026-08-22,72,quantile,0.3,43.0
2026-08-15,wk inc covid hosp,1,2026-08-22,72,quantile,0.35,47.0
2026-08-15,wk inc covid hosp,1,2026-08-22,72,quantile,0.4,53.0
2026-08-15,wk inc covid hosp,1,2026-08-22,72,quantile,0.45,58.0
2026-08-15,wk inc covid hosp,1,2026-08-22,72,quantile,0.5,62.0
2026-08-15,wk inc covid hosp,1,2026-08-22,72,quantile,0.55,67.0
2026-08-15,wk inc covid hosp,1,2026-08-22,72,quantile,0.6,72.0
2026-08-15,wk inc covid hosp,1,2026-08-22,72,quantile,0.65,77.0
2026-08-15,wk inc covid hosp,1,2026-08-22,72,quantile,0.7,83.0
2026-08-15,wk inc covid hosp,1,2026-08-22,72,quantile,0.75,88.0
2026-08-15,wk inc covid hosp,1,2026-08-22,72,quantile,0.8,97.0
2026-08-15,wk inc covid hosp,1,2026-08-22,72,quantile,0.85,111.0
2026-08-15,wk inc covid hosp,1,2026-08-22,72,quantile,0.9,125.0
2026-08-15,wk inc covid hosp,1,2026-08-22,72,quantile,0.95,151.0
2026-08-15,wk inc covid hosp,1,2026-08-22,72,quantile,0.975,174.0
2026-08-15,wk inc covid hosp,1,2026-08-22,72,quantile,0.99,202.0
2026-08-15,wk inc covid hosp,2,2026-08-29,01,quantile,0.01,24.0
2026-08-15,wk inc covid hosp,2,2026-08-29,01,quantile,0.025,32.0
2026-08-15,wk inc covid hosp,2,2026-08-29,01,quantile,0.05,40.0
2026-08-15,wk inc covid hosp,2,2026-08-29,01,quantile,0.1,53.0
2026-08-15,wk inc covid hosp,2,2026-08-29,01,quantile,0.15,62.0
2026-08-15,wk inc covid hosp,2,2026-08-29,01,quantile,0.2,68.0
2026-08-15,wk inc covid hosp,2,2026-08-29,01,quantile,0.25,73.0
2026-08-15,wk inc covid hosp,2,2026-08-29,01,quantile,0.3,79.0
2026-08-15,wk inc covid hosp,2,2026-08-29,01,quantile,0.35,85.0
2026-08-15,wk inc covid hosp,2,2026-08-29,01,quantile,0.4,90.0
2026-08-15,wk inc covid hosp,2,2026-08-29,01,quantile,0.45,95.0
2026-08-15,wk inc covid hosp,2,2026-08-29,01,quantile,0.5,100.0
2026-08-15,wk inc covid hosp,2,2026-08-29,01,quantile,0.55,107.0
2026-08-15,wk inc covid hosp,2,2026-08-29,01,quantile,0.6,113.0
2026-08-15,wk inc covid hosp,2,2026-08-29,01,quantile,0.65,121.0
2026-08-15,wk inc covid hosp,2,2026-08-29,01,quantile,0.7,128.0
2026-08-15,wk inc covid hosp,2,2026-08-29,01,quantile,0.75,137.0
2026-08-15,wk inc covid hosp,2,2026-08-29,01,quantile,0.8,146.0
2026-08-15,wk inc covid hosp,2,2026-08-29,01,quantile,0.85,157.0
2026-08-15,wk inc covid hosp,2,2026-08-29,01,quantile,0.9,174.0
2026-08-15,wk inc covid hosp,2,2026-08-29,01,quantile,0.95,207.0
2026-08-15,wk inc covid hosp,2,2026-08-29,01,quantile,0.975,240.0
2026-08-15,wk inc covid hosp,2,2026-08-29,01,quantile,0.99,266.0
2026-08-15,wk inc covid hosp,2,2026-08-29,02,quantile,0.01,0.0
2026-08-15,wk inc covid hosp,2,2026-08-29,02,quantile,0.025,0.0
2026-08-15,wk inc covid hosp,2,2026-08-29,02,quantile,0.05,0.0
2026-08-15,wk inc covid hosp,2,2026-08-29,02,quantile,0.1,0.0
2026-08-15,wk inc covid hosp,2,2026-08-29,02,quantile,0.15,1.0
2026-08-15,wk inc covid hosp,2,2026-08-29,02,quantile,0.2,1.0
2026-08-15,wk inc covid hosp,2,2026-08-29,02,quantile,0.25,1.0
2026-08-15,wk inc covid hosp,2,2026-08-29,02,quantile,0.3,2.0
2026-08-15,wk inc covid hosp,2,2026-08-29,02,quantile,0.35,2.0
2026-08-15,wk inc covid hosp,2,2026-08-29,02,quantile,0.4,3.0
2026-08-15,wk inc covid hosp,2,2026-08-29,02,quantile,0.45,3.0
2026-08-15,wk inc covid hosp,2,2026-08-29,02,quantile,0.5,4.0
2026-08-15,wk inc covid hosp,2,2026-08-29,02,quantile,0.55,5.0
2026-08-15,wk inc covid hosp,2,2026-08-29,02,quantile,0.6,5.0
2026-08-15,wk inc covid hosp,2,2026-08-29,02,quantile,0.65,6.0
2026-08-15,wk inc covid hosp,2,2026-08-29,02,quantile,0.7,6.0
2026-08-15,wk inc covid hosp,2,2026-08-29,02,quantile,0.75,7.0
2026-08-15,wk inc covid hosp,2,2026-08-29,02,quantile,0.8,8.0
2026-08-15,wk inc covid hosp,2,2026-08-29,02,quantile,0.85,9.0
2026-08-15,wk inc covid hosp,2,2026-08-29,02,quantile,0.9,10.0
2026-08-15,wk inc covid hosp,2,2026-08-29,02,quantile,0.95,12.0
2026-08-15,wk inc covid hosp,2,2026-08-29,02,quantile,0.975,14.0
2026-08-15,wk inc covid hosp,2,2026-08-29,02,quantile,0.99,17.0
2026-08-15,wk inc covid hosp,2,2026-08-29,04,quantile,0.01,0.0
2026-08-15,wk inc covid hosp,2,2026-08-29,04,quantile,0.025,11.0
2026-08-15,wk inc covid hosp,2,2026-08-29,04,quantile,0.05,17.0
2026-08-15,wk inc covid hosp,2,2026-08-29,04,quantile,0.1,31.0
2026-08-15,wk inc covid hosp,2,2026-08-29,04,quantile,0.15,40.0
2026-08-15,wk inc covid hosp,2,2026-08-29,04,quantile,0.2,48.0
2026-08-15,wk inc covid hosp,2,2026-08-29,04,quantile,0.25,54.0
2026-08-15,wk inc covid hosp,2,2026-08-29,04,quantile,0.3,59.0
2026-08-15,wk inc covid hosp,2,2026-08-29,04,quantile,0.35,65.0
2026-08-15,wk inc covid hosp,2,2026-08-29,04,quantile,0.4,71.0
2026-08-15,wk inc covid hosp,2,2026-08-29,04,quantile,0.45,76.0
2026-08-15,wk inc covid hosp,2,2026-08-29,04,quantile,0.5,82.0
2026-08-15,wk inc covid hosp,2,2026-08-29,04,quantile,0.55,88.0
2026-08-15,wk inc covid hosp,2,2026-08-29,04,quantile,0.6,95.0
2026-08-15,wk inc covid hosp,2,2026-08-29,04,quantile,0.65,103.0
2026-08-15,wk inc covid hosp,2,2026-08-29,04,quantile,0.7,111.0
2026-08-15,wk inc covid hosp,2,2026-08-29,04,quantile,0.75,120.0
2026-08-15,wk inc covid hosp,2,2026-08-29,04,quantile,0.8,130.0
2026-08-15,wk inc covid hosp,2,2026-08-29,04,quantile,0.85,142.0
2026-08-15,wk inc covid hosp,2,2026-08-29,04,quantile,0.9,158.0
2026-08-15,wk inc covid hosp,2,2026-08-29,04,quantile,0.95,194.0
2026-08-15,wk inc covid hosp,2,2026-08-29,04,quantile,0.975,227.0
2026-08-15,wk inc covid hosp,2,2026-08-29,04,quantile,0.99,266.0
2026-08-15,wk inc covid hosp,2,2026-08-29,05,quantile,0.01,0.0
2026-08-15,wk inc covid hosp,2,2026-08-29,05,quantile,0.025,0.0
2026-08-15,wk inc covid hosp,2,2026-08-29,05,quantile,0.05,2.0
2026-08-15,wk inc covid hosp,2,2026-08-29,05,quantile,0.1,6.0
2026-08-15,wk inc covid hosp,2,2026-08-29,05,quantile,0.15,9.0
2026-08-15,wk inc covid hosp,2,2026-08-29,05,quantile,0.2,11.0
2026-08-15,wk inc covid hosp,2,2026-08-29,05,quantile,0.25,13.0
2026-08-15,wk inc covid hosp,2,2026-08-29,05,quantile,0.3,15.0
2026-08-15,wk inc covid hosp,2,2026-08-29,05,quantile,0.35,17.0
2026-08-15,wk inc covid hosp,2,2026-08-29,05,quantile,0.4,19.0
2026-08-15,wk inc covid hosp,2,2026-08-29,05,quantile,0.45,21.0
2026-08-15,wk inc covid hosp,2,2026-08-29,05,quantile,0.5,23.0
2026-08-15,wk inc covid hosp,2,2026-08-29,05,quantile,0.55,25.0
2026-08-15,wk inc covid hosp,2,2026-08-29,05,quantile,0.6,27.0
2026-08-15,wk inc covid hosp,2,2026-08-29,05,quantile,0.65,29.0
2026-08-15,wk inc covid hosp,2,2026-08-29,05,quantile,0.7,32.0
2026-08-15,wk inc covid hosp,2,2026-08-29,05,quantile,0.75,35.0
2026-08-15,wk inc covid hosp,2,2026-08-29,05,quantile,0.8,38.0
2026-08-15,wk inc covid hosp,2,2026-08-29,05,quantile,0.85,42.0
2026-08-15,wk inc covid hosp,2,2026-08-29,05,quantile,0.9,48.0
2026-08-15,wk inc covid hosp,2,2026-08-29,05,quantile,0.95,59.0
2026-08-15,wk inc covid hosp,2,2026-08-29,05,quantile,0.975,70.0
2026-08-15,wk inc covid hosp,2,2026-08-29,05,quantile,0.99,78.0
2026-08-15,wk inc covid hosp,2,2026-08-29,06,quantile,0.01,143.0
2026-08-15,wk inc covid hosp,2,2026-08-29,06,quantile,0.025,182.0
2026-08-15,wk inc covid hosp,2,2026-08-29,06,quantile,0.05,214.0
2026-08-15,wk inc covid hosp,2,2026-08-29,06,quantile,0.1,277.0
2026-08-15,wk inc covid hosp,2,2026-08-29,06,quantile,0.15,314.0
2026-08-15,wk inc covid hosp,2,2026-08-29,06,quantile,0.2,343.0
2026-08-15,wk inc covid hosp,2,2026-08-29,06,quantile,0.25,368.0
2026-08-15,wk inc covid hosp,2,2026-08-29,06,quantile,0.3,388.0
2026-08-15,wk inc covid hosp,2,2026-08-29,06,quantile,0.35,416.0
2026-08-15,wk inc covid hosp,2,2026-08-29,06,quantile,0.4,439.0
2026-08-15,wk inc covid hosp,2,2026-08-29,06,quantile,0.45,459.0
2026-08-15,wk inc covid hosp,2,2026-08-29,06,quantile,0.5,480.0
2026-08-15,wk inc covid hosp,2,2026-08-29,06,quantile,0.55,502.0
2026-08-15,wk inc covid hosp,2,2026-08-29,06,quantile,0.6,525.0
2026-08-15,wk inc covid hosp,2,2026-08-29,06,quantile,0.65,559.0
2026-08-15,wk inc covid hosp,2,2026-08-29,06,quantile,0.7,585.0
2026-08-15,wk inc covid hosp,2,2026-08-29,06,quantile,0.75,618.0
2026-08-15,wk inc covid hosp,2,2026-08-29,06,quantile,0.8,650.0
2026-08-15,wk inc covid hosp,2,2026-08-29,06,quantile,0.85,694.0
2026-08-15,wk inc covid hosp,2,2026-08-29,06,quantile,0.9,749.0
2026-08-15,wk inc covid hosp,2,2026-08-29,06,quantile,0.95,857.0
2026-08-15,wk inc covid hosp,2,2026-08-29,06,quantile,0.975,958.0
2026-08-15,wk inc covid hosp,2,2026-08-29,06,quantile,0.99,1069.0
2026-08-15,wk inc covid hosp,2,2026-08-29,08,quantile,0.01,0.0
2026-08-15,wk inc covid hosp,2,2026-08-29,08,quantile,0.025,0.0
2026-08-15,wk inc covid hosp,2,2026-08-29,08,quantile,0.05,0.0
2026-08-15,wk inc covid hosp,2,2026-08-29,08,quantile,0.1,3.0
2026-08-15,wk inc covid hosp,2,2026-08-29,08,quantile,0.15,8.0
2026-08-15,wk inc covid hosp,2,2026-08-29,08,quantile,0.2,11.0
2026-08-15,wk inc covid hosp,2,2026-08-29,08,quantile,0.25,14.0
2026-08-15,wk inc covid hosp,2,2026-08-29,08,quantile,0.3,17.0
2026-08-15,wk inc covid hosp,2,2026-08-29,08,quantile,0.35,20.0
2026-08-15,wk inc covid hosp,2,2026-08-29,08,quantile,0.4,23.0
2026-08-15,wk inc covid hosp,2,2026-08-29,08,quantile,0.45,26.0
2026-08-15,wk inc covid hosp,2,2026-08-29,08,quantile,0.5,28.0
2026-08-15,wk inc covid hosp,2,2026-08-29,08,quantile,0.55,32.0
2026-08-15,wk inc covid hosp,2,2026-08-29,08,quantile,0.6,35.0
2026-08-15,wk inc covid hosp,2,2026-08-29,08,quantile,0.65,39.0
2026-08-15,wk inc covid hosp,2,2026-08-29,08,quantile,0.7,43.0
2026-08-15,wk inc covid hosp,2,2026-08-29,08,quantile,0.75,48.0
2026-08-15,wk inc covid hosp,2,2026-08-29,08,quantile,0.8,52.0
2026-08-15,wk inc covid hosp,2,2026-08-29,08,quantile,0.85,58.0
2026-08-15,wk inc covid hosp,2,2026-08-29,08,quantile,0.9,67.0
2026-08-15,wk inc covid hosp,2,2026-08-29,08,quantile,0.95,84.0
2026-08-15,wk inc covid hosp,2,2026-08-29,08,quantile,0.975,101.0
2026-08-15,wk inc covid hosp,2,2026-08-29,08,quantile,0.99,114.0
2026-08-15,wk inc covid hosp,2,2026-08-29,09,quantile,0.01,0.0
2026-08-15,wk inc covid hosp,2,2026-08-29,09,quantile,0.025,0.0
2026-08-15,wk inc covid hosp,2,2026-08-29,09,quantile,0.05,0.0
2026-08-15,wk inc covid hosp,2,2026-08-29,09,quantile,0.1,0.0
2026-08-15,wk inc covid hosp,2,2026-08-29,09,quantile,0.15,1.0
2026-08-15,wk inc covid hosp,2,2026-08-29,09,quantile,0.2,3.0
2026-08-15,wk inc covid hosp,2,2026-08-29,09,quantile,0.25,4.0
2026-08-15,wk inc covid hosp,2,2026-08-29,09,quantile,0.3,6.0
2026-08-15,wk inc covid hosp,2,2026-08-29,09,quantile,0.35,8.0
2026-08-15,wk inc covid hosp,2,2026-08-29,09,quantile,0.4,11.0
2026-08-15,wk inc covid hosp,2,2026-08-29,09,quantile,0.45,12.0
2026-08-15,wk inc covid hosp,2,2026-08-29,09,quantile,0.5,14.0
2026-08-15,wk inc covid hosp,2,2026-08-29,09,quantile,0.55,16.0
2026-08-15,wk inc covid hosp,2,2026-08-29,09,quantile,0.6,19.0
2026-08-15,wk inc covid hosp,2,2026-08-29,09,quantile,0.65,21.0
2026-08-15,wk inc covid hosp,2,2026-08-29,09,quantile,0.7,23.0
2026-08-15,wk inc covid hosp,2,2026-08-29,09,quantile,0.75,26.0
2026-08-15,wk inc covid hosp,2,2026-08-29,09,quantile,0.8,29.0
2026-08-15,wk inc covid hosp,2,2026-08-29,09,quantile,0.85,33.0
2026-08-15,wk inc covid hosp,2,2026-08-29,09,quantile,0.9,39.0
2026-08-15,wk inc covid hosp,2,2026-08-29,09,quantile,0.95,47.0
2026-08-15,wk inc covid hosp,2,2026-08-29,09,quantile,0.975,56.0
2026-08-15,wk inc covid hosp,2,2026-08-29,09,quantile,0.99,67.0
2026-08-15,wk inc covid hosp,2,2026-08-29,10,quantile,0.01,0.0
2026-08-15,wk inc covid hosp,2,2026-08-29,10,quantile,0.025,0.0
2026-08-15,wk inc covid hosp,2,2026-08-29,10,quantile,0.05,0.0
2026-08-15,wk inc covid hosp,2,2026-08-29,10,quantile,0.1,0.0
2026-08-15,wk inc covid hosp,2,2026-08-29,10,quantile,0.15,0.0
2026-08-15,wk inc covid hosp,2,2026-08-29,10,quantile,0.2,0.0
2026-08-15,wk inc covid hosp,2,2026-08-29,10,quantile,0.25,0.0
2026-08-15,wk inc covid hosp,2,2026-08-29,10,quantile,0.3,1.0
2026-08-15,wk inc covid hosp,2,2026-08-29,10,quantile,0.35,1.0
2026-08-15,wk inc covid hosp,2,2026-08-29,10,quantile,0.4,2.0
2026-08-15,wk inc covid hosp,2,2026-08-29,10,quantile,0.45,2.0
2026-08-15,wk inc covid hosp,2,2026-08-29,10,quantile,0.5,3.0
2026-08-15,wk inc covid hosp,2,2026-08-29,10,quantile,0.55,4.0
2026-08-15,wk inc covid hosp,2,2026-08-29,10,quantile,0.6,4.0
2026-08-15,wk inc covid hosp,2,2026-08-29,10,quantile,0.65,5.0
2026-08-15,wk inc covid hosp,2,2026-08-29,10,quantile,0.7,6.0
2026-08-15,wk inc covid hosp,2,2026-08-29,10,quantile,0.75,7.0
2026-08-15,wk inc covid hosp,2,2026-08-29,10,quantile,0.8,8.0
2026-08-15,wk inc covid hosp,2,2026-08-29,10,quantile,0.85,9.0
2026-08-15,wk inc covid hosp,2,2026-08-29,10,quantile,0.9,11.0
2026-08-15,wk inc covid hosp,2,2026-08-29,10,quantile,0.95,14.0
2026-08-15,wk inc covid hosp,2,2026-08-29,10,quantile,0.975,17.0
2026-08-15,wk inc covid hosp,2,2026-08-29,10,quantile,0.99,21.0
2026-08-15,wk inc covid hosp,2,2026-08-29,11,quantile,0.01,0.0
2026-08-15,wk inc covid hosp,2,2026-08-29,11,quantile,0.025,0.0
2026-08-15,wk inc covid hosp,2,2026-08-29,11,quantile,0.05,0.0
2026-08-15,wk inc covid hosp,2,2026-08-29,11,quantile,0.1,0.0
2026-08-15,wk inc covid hosp,2,2026-08-29,11,quantile,0.15,1.0
2026-08-15,wk inc covid hosp,2,2026-08-29,11,quantile,0.2,2.0
2026-08-15,wk inc covid hosp,2,2026-08-29,11,quantile,0.25,2.0
2026-08-15,wk inc covid hosp,2,2026-08-29,11,quantile,0.3,3.0
2026-08-15,wk inc covid hosp,2,2026-08-29,11,quantile,0.35,3.0
2026-08-15,wk inc covid hosp,2,2026-08-29,11,quantile,0.4,4.0
2026-08-15,wk inc covid hosp,2,2026-08-29,11,quantile,0.45,5.0
2026-08-15,wk inc covid hosp,2,2026-08-29,11,quantile,0.5,5.0
2026-08-15,wk inc covid hosp,2,2026-08-29,11,quantile,0.55,6.0
2026-08-15,wk inc covid hosp,2,2026-08-29,11,quantile,0.6,7.0
2026-08-15,wk inc covid hosp,2,2026-08-29,11,quantile,0.65,7.0
2026-08-15,wk inc covid hosp,2,2026-08-29,11,quantile,0.7,8.0
2026-08-15,wk inc covid hosp,2,2026-08-29,11,quantile,0.75,9.0
2026-08-15,wk inc covid hosp,2,2026-08-29,11,quantile,0.8,10.0
2026-08-15,wk inc covid hosp,2,2026-08-29,11,quantile,0.85,12.0
2026-08-15,wk inc covid hosp,2,2026-08-29,11,quantile,0.9,14.0
2026-08-15,wk inc covid hosp,2,2026-08-29,11,quantile,0.95,17.0
2026-08-15,wk inc covid hosp,2,2026-08-29,11,quantile,0.975,20.0
2026-08-15,wk inc covid hosp,2,2026-08-29,11,quantile,0.99,24.0
2026-08-15,wk inc covid hosp,2,2026-08-29,12,quantile,0.01,66.0
2026-08-15,wk inc covid hosp,2,2026-08-29,12,quantile,0.025,92.0
2026-08-15,wk inc covid hosp,2,2026-08-29,12,quantile,0.05,123.0
2026-08-15,wk inc covid hosp,2,2026-08-29,12,quantile,0.1,171.0
2026-08-15,wk inc covid hosp,2,2026-08-29,12,quantile,0.15,206.0
2026-08-15,wk inc covid hosp,2,2026-08-29,12,quantile,0.2,232.0
2026-08-15,wk inc covid hosp,2,2026-08-29,12,quantile,0.25,250.0
2026-08-15,wk inc covid hosp,2,2026-08-29,12,quantile,0.3,276.0
2026-08-15,wk inc covid hosp,2,2026-08-29,12,quantile,0.35,296.0
2026-08-15,wk inc covid hosp,2,2026-08-29,12,quantile,0.4,315.0
2026-08-15,wk inc covid hosp,2,2026-08-29,12,quantile,0.45,337.0
2026-08-15,wk inc covid hosp,2,2026-08-29,12,quantile,0.5,358.0
2026-08-15,wk inc covid hosp,2,2026-08-29,12,quantile,0.55,384.0
2026-08-15,wk inc covid hosp,2,2026-08-29,12,quantile,0.6,406.0
2026-08-15,wk inc covid hosp,2,2026-08-29,12,quantile,0.65,435.0
2026-08-15,wk inc covid hosp,2,2026-08-29,12,quantile,0.7,463.0
2026-08-15,wk inc covid hosp,2,2026-08-29,12,quantile,0.75,501.0
2026-08-15,wk inc covid hosp,2,2026-08-29,12,quantile,0.8,537.0
2026-08-15,wk inc covid hosp,2,2026-08-29,12,quantile,0.85,577.0
2026-08-15,wk inc covid hosp,2,2026-08-29,12,quantile,0.9,645.0
2026-08-15,wk inc covid hosp,2,2026-08-29,12,quantile,0.95,773.0
2026-08-15,wk inc covid hosp,2,2026-08-29,12,quantile,0.975,917.0
2026-08-15,wk inc covid hosp,2,2026-08-29,12,quantile,0.99,1003.0
2026-08-15,wk inc covid hosp,2,2026-08-29,13,quantile,0.01,6.0
2026-08-15,wk inc covid hosp,2,2026-08-29,13,quantile,0.025,20.0
2026-08-15,wk inc covid hosp,2,2026-08-29,13,quantile,0.05,29.0
2026-08-15,wk inc covid hosp,2,2026-08-29,13,quantile,0.1,49.0
2026-08-15,wk inc covid hosp,2,2026-08-29,13,quantile,0.15,61.0
2026-08-15,wk inc covid hosp,2,2026-08-29,13,quantile,0.2,71.0
2026-08-15,wk inc covid hosp,2,2026-08-29,13,quantile,0.25,80.0
2026-08-15,wk inc covid hosp,2,2026-08-29,13,quantile,0.3,87.0
2026-08-15,wk inc covid hosp,2,2026-08-29,13,quantile,0.35,96.0
2026-08-15,wk inc covid hosp,2,2026-08-29,13,quantile,0.4,104.0
2026-08-15,wk inc covid hosp,2,2026-08-29,13,quantile,0.45,111.0
2026-08-15,wk inc covid hosp,2,2026-08-29,13,quantile,0.5,119.0
2026-08-15,wk inc covid hosp,2,2026-08-29,13,quantile,0.55,127.0
2026-08-15,wk inc covid hosp,2,2026-08-29,13,quantile,0.6,136.0
2026-08-15,wk inc covid hosp,2,2026-08-29,13,quantile,0.65,148.0
2026-08-15,wk inc covid hosp,2,2026-08-29,13,quantile,0.7,158.0
2026-08-15,wk inc covid hosp,2,2026-08-29,13,quantile,0.75,170.0
2026-08-15,wk inc covid hosp,2,2026-08-29,13,quantile,0.8,183.0
2026-08-15,wk inc covid hosp,2,2026-08-29,13,quantile,0.85,200.0
2026-08-15,wk inc covid hosp,2,2026-08-29,13,quantile,0.9,224.0
2026-08-15,wk inc covid hosp,2,2026-08-29,13,quantile,0.95,267.0
2026-08-15,wk inc covid hosp,2,2026-08-29,13,quantile,0.975,312.0
2026-08-15,wk inc covid hosp,2,2026-08-29,13,quantile,0.99,362.0
2026-08-15,wk inc covid hosp,2,2026-08-29,15,quantile,0.01,0.0
2026-08-15,wk inc covid hosp,2,2026-08-29,15,quantile,0.025,0.0
2026-08-15,wk inc covid hosp,2,2026-08-29,15,quantile,0.05,2.0
2026-08-15,wk inc covid hosp,2,2026-08-29,15,quantile,0.1,5.0
2026-08-15,wk inc covid hosp,2,2026-08-29,15,quantile,0.15,8.0
2026-08-15,wk inc covid hosp,2,2026-08-29,15,quantile,0.2,10.0
2026-08-15,wk inc covid hosp,2,2026-08-29,15,quantile,0.25,11.0
2026-08-15,wk inc covid hosp,2,2026-08-29,15,quantile,0.3,13.0
2026-08-15,wk inc covid hosp,2,2026-08-29,15,quantile,0.35,15.0
2026-08-15,wk inc covid hosp,2,2026-08-29,15,quantile,0.4,17.0
2026-08-15,wk inc covid hosp,2,2026-08-29,15,quantile,0.45,19.0
2026-08-15,wk inc covid hosp,2,2026-08-29,15,quantile,0.5,21.0
2026-08-15,wk inc covid hosp,2,2026-08-29,15,quantile,0.55,23.0
2026-08-15,wk inc covid hosp,2,2026-08-29,15,quantile,0.6,25.0
2026-08-15,wk inc covid hosp,2,2026-08-29,15,quantile,0.65,28.0
2026-08-15,wk inc covid hosp,2,2026-08-29,15,quantile,0.7,30.0
2026-08-15,wk inc covid hosp,2,2026-08-29,15,quantile,0.75,33.0
2026-08-15,wk inc covid hosp,2,2026-08-29,15,quantile,0.8,37.0
2026-08-15,wk inc covid hosp,2,2026-08-29,15,quantile,0.85,42.0
2026-08-15,wk inc covid hosp,2,2026-08-29,15,quantile,0.9,48.0
2026-08-15,wk inc covid hosp,2,2026-08-29,15,quantile,0.95,59.0
2026-08-15,wk inc covid hosp,2,2026-08-29,15,quantile,0.975,71.0
2026-08-15,wk inc covid hosp,2,2026-08-29,15,quantile,0.99,86.0
2026-08-15,wk inc covid hosp,2,2026-08-29,16,quantile,0.01,0.0
2026-08-15,wk inc covid hosp,2,2026-08-29,16,quantile,0.025,0.0
2026-08-15,wk inc covid hosp,2,2026-08-29,16,quantile,0.05,0.0
2026-08-15,wk inc covid hosp,2,2026-08-29,16,quantile,0.1,0.0
2026-08-15,wk inc covid hosp,2,2026-08-29,16,quantile,0.15,0.0
2026-08-15,wk inc covid hosp,2,2026-08-29,16,quantile,0.2,1.0
2026-08-15,wk inc covid hosp,2,2026-08-29,16,quantile,0.25,2.0
2026-08-15,wk inc covid hosp,2,2026-08-29,16,quantile,0.3,2.0
2026-08-15,wk inc covid hosp,2,2026-08-29,16,quantile,0.35,3.0
2026-08-15,wk inc covid hosp,2,2026-08-29,16,quantile,0.4,4.0
2026-08-15,wk inc covid hosp,2,2026-08-29,16,quantile,0.45,5.0
2026-08-15,wk inc covid hosp,2,2026-08-29,16,quantile,0.5,6.0
2026-08-15,wk inc covid hosp,2,2026-08-29,16,quantile,0.55,7.0
2026-08-15,wk inc covid hosp,2,2026-08-29,16,quantile,0.6,8.0
2026-08-15,wk inc covid hosp,2,2026-08-29,16,quantile,0.65,9.0
2026-08-15,wk inc covid hosp,2,2026-08-29,16,quantile,0.7,11.0
2026-08-15,wk inc covid hosp,2,2026-08-29,16,quantile,0.75,12.0
2026-08-15,wk inc covid hosp,2,2026-08-29,16,quantile,0.8,13.0
2026-08-15,wk inc covid hosp,2,2026-08-29,16,quantile,0.85,15.0
2026-08-15,wk inc covid hosp,2,2026-08-29,16,quantile,0.9,18.0
2026-08-15,wk inc covid hosp,2,2026-08-29,16,quantile,0.95,22.0
2026-08-15,wk inc covid hosp,2,2026-08-29,16,quantile,0.975,27.0
2026-08-15,wk inc covid hosp,2,2026-08-29,16,quantile,0.99,32.0
2026-08-15,wk inc covid hosp,2,2026-08-29,17,quantile,0.01,0.0
2026-08-15,wk inc covid hosp,2,2026-08-29,17,quantile,0.025,0.0
2026-08-15,wk inc covid hosp,2,2026-08-29,17,quantile,0.05,0.0
2026-08-15,wk inc covid hosp,2,2026-08-29,17,quantile,0.1,14.0
2026-08-15,wk inc covid hosp,2,2026-08-29,17,quantile,0.15,23.0
2026-08-15,wk inc covid hosp,2,2026-08-29,17,quantile,0.2,30.0
2026-08-15,wk inc covid hosp,2,2026-08-29,17,quantile,0.25,37.0
2026-08-15,wk inc covid hosp,2,2026-08-29,17,quantile,0.3,41.0
2026-08-15,wk inc covid hosp,2,2026-08-29,17,quantile,0.35,48.0
2026-08-15,wk inc covid hosp,2,2026-08-29,17,quantile,0.4,53.0
2026-08-15,wk inc covid hosp,2,2026-08-29,17,quantile,0.45,59.0
2026-08-15,wk inc covid hosp,2,2026-08-29,17,quantile,0.5,64.0
2026-08-15,wk inc covid hosp,2,2026-08-29,17,quantile,0.55,69.0
2026-08-15,wk inc covid hosp,2,2026-08-29,17,quantile,0.6,75.0
2026-08-15,wk inc covid hosp,2,2026-08-29,17,quantile,0.65,83.0
2026-08-15,wk inc covid hosp,2,2026-08-29,17,quantile,0.7,90.0
2026-08-15,wk inc covid hosp,2,2026-08-29,17,quantile,0.75,98.0
2026-08-15,wk inc covid hosp,2,2026-08-29,17,quantile,0.8,106.0
2026-08-15,wk inc covid hosp,2,2026-08-29,17,quantile,0.85,118.0
2026-08-15,wk inc covid hosp,2,2026-08-29,17,quantile,0.9,132.0
2026-08-15,wk inc covid hosp,2,2026-08-29,17,quantile,0.95,161.0
2026-08-15,wk inc covid hosp,2,2026-08-29,17,quantile,0.975,187.0
2026-08-15,wk inc covid hosp,2,2026-08-29,17,quantile,0.99,217.0
2026-08-15,wk inc covid hosp,2,2026-08-29,18,quantile,0.01,0.0
2026-08-15,wk inc covid hosp,2,2026-08-29,18,quantile,0.025,0.0
2026-08-15,wk inc covid hosp,2,2026-08-29,18,quantile,0.05,0.0
2026-08-15,wk inc covid hosp,2,2026-08-29,18,quantile,0.1,0.0
2026-08-15,wk inc covid hosp,2,2026-08-29,18,quantile,0.15,3.0
2026-08-15,wk inc covid hosp,2,2026-08-29,18,quantile,0.2,7.0
2026-08-15,wk inc covid hosp,2,2026-08-29,18,quantile,0.25,10.0
2026-08-15,wk inc covid hosp,2,2026-08-29,18,quantile,0.3,14.0
2026-08-15,wk inc covid hosp,2,2026-08-29,18,quantile,0.35,17.0
2026-08-15,wk inc covid hosp,2,2026-08-29,18,quantile,0.4,20.0
2026-08-15,wk inc covid hosp,2,2026-08-29,18,quantile,0.45,23.0
2026-08-15,wk inc covid hosp,2,2026-08-29,18,quantile,0.5,26.0
2026-08-15,wk inc covid hosp,2,2026-08-29,18,quantile,0.55,30.0
2026-08-15,wk inc covid hosp,2,2026-08-29,18,quantile,0.6,33.0
2026-08-15,wk inc covid hosp,2,2026-08-29,18,quantile,0.65,38.0
2026-08-15,wk inc covid hosp,2,2026-08-29,18,quantile,0.7,42.0
2026-08-15,wk inc covid hosp,2,2026-08-29,18,quantile,0.75,47.0
2026-08-15,wk inc covid hosp,2,2026-08-29,18,quantile,0.8,52.0
2026-08-15,wk inc covid hosp,2,2026-08-29,18,quantile,0.85,58.0
2026-08-15,wk inc covid hosp,2,2026-08-29,18,quantile,0.9,68.0
2026-08-15,wk inc covid hosp,2,2026-08-29,18,quantile,0.95,87.0
2026-08-15,wk inc covid hosp,2,2026-08-29,18,quantile,0.975,106.0
2026-08-15,wk inc covid hosp,2,2026-08-29,18,quantile,0.99,119.0
2026-08-15,wk inc covid hosp,2,2026-08-29,19,quantile,0.01,0.0
2026-08-15,wk inc covid hosp,2,2026-08-29,19,quantile,0.025,0.0
2026-08-15,wk inc covid hosp,2,2026-08-29,19,quantile,0.05,0.0
2026-08-15,wk inc covid hosp,2,2026-08-29,19,quantile,0.1,2.0
2026-08-15,wk inc covid hosp,2,2026-08-29,19,quantile,0.15,5.0
2026-08-15,wk inc covid hosp,2,2026-08-29,19,quantile,0.2,7.0
2026-08-15,wk inc covid hosp,2,2026-08-29,19,quantile,0.25,9.0
2026-08-15,wk inc covid hosp,2,2026-08-29,19,quantile,0.3,10.0
2026-08-15,wk inc covid hosp,2,2026-08-29,19,quantile,0.35,12.0
2026-08-15,wk inc covid hosp,2,2026-08-29,19,quantile,0.4,14.0
2026-08-15,wk inc covid hosp,2,2026-08-29,19,quantile,0.45,16.0
2026-08-15,wk inc covid hosp,2,2026-08-29,19,quantile,0.5,17.0
2026-08-15,wk inc covid hosp,2,2026-08-29,19,quantile,0.55,19.0
2026-08-15,wk inc covid hosp,2,2026-08-29,19,quantile,0.6,21.0
2026-08-15,wk inc covid hosp,2,2026-08-29,19,quantile,0.65,23.0
2026-08-15,wk inc covid hosp,2,2026-08-29,19,quantile,0.7,25.0
2026-08-15,wk inc covid hosp,2,2026-08-29,19,quantile,0.75,28.0
2026-08-15,wk inc covid hosp,2,2026-08-29,19,quantile,0.8,31.0
2026-08-15,wk inc covid hosp,2,2026-08-29,19,quantile,0.85,34.0
2026-08-15,wk inc covid hosp,2,2026-08-29,19,quantile,0.9,39.0
2026-08-15,wk inc covid hosp,2,2026-08-29,19,quantile,0.95,46.0
2026-08-15,wk inc covid hosp,2,2026-08-29,19,quantile,0.975,54.0
2026-08-15,wk inc covid hosp,2,2026-08-29,19,quantile,0.99,64.0
2026-08-15,wk inc covid hosp,2,2026-08-29,20,quantile,0.01,0.0
2026-08-15,wk inc covid hosp,2,2026-08-29,20,quantile,0.025,0.0
2026-08-15,wk inc covid hosp,2,2026-08-29,20,quantile,0.05,1.0
2026-08-15,wk inc covid hosp,2,2026-08-29,20,quantile,0.1,5.0
2026-08-15,wk inc covid hosp,2,2026-08-29,20,quantile,0.15,7.0
2026-08-15,wk inc covid hosp,2,2026-08-29,20,quantile,0.2,9.0
2026-08-15,wk inc covid hosp,2,2026-08-29,20,quantile,0.25,11.0
2026-08-15,wk inc covid hosp,2,2026-08-29,20,quantile,0.3,13.0
2026-08-15,wk inc covid hosp,2,2026-08-29,20,quantile,0.35,14.0
2026-08-15,wk inc covid hosp,2,2026-08-29,20,quantile,0.4,16.0
2026-08-15,wk inc covid hosp,2,2026-08-29,20,quantile,0.45,18.0
2026-08-15,wk inc covid hosp,2,2026-08-29,20,quantile,0.5,19.0
2026-08-15,wk inc covid hosp,2,2026-08-29,20,quantile,0.55,22.0
2026-08-15,wk inc covid hosp,2,2026-08-29,20,quantile,0.6,24.0
2026-08-15,wk inc covid hosp,2,2026-08-29,20,quantile,0.65,26.0
2026-08-15,wk inc covid hosp,2,2026-08-29,20,quantile,0.7,28.0
2026-08-15,wk inc covid hosp,2,2026-08-29,20,quantile,0.75,30.0
2026-08-15,wk inc covid hosp,2,2026-08-29,20,quantile,0.8,33.0
2026-08-15,wk inc covid hosp,2,2026-08-29,20,quantile,0.85,37.0
2026-08-15,wk inc covid hosp,2,2026-08-29,20,quantile,0.9,41.0
2026-08-15,wk inc covid hosp,2,2026-08-29,20,quantile,0.95,49.0
2026-08-15,wk inc covid hosp,2,2026-08-29,20,quantile,0.975,57.0
2026-08-15,wk inc covid hosp,2,2026-08-29,20,quantile,0.99,67.0
2026-08-15,wk inc covid hosp,2,2026-08-29,21,quantile,0.01,0.0
2026-08-15,wk inc covid hosp,2,2026-08-29,21,quantile,0.025,0.0
2026-08-15,wk inc covid hosp,2,2026-08-29,21,quantile,0.05,0.0
2026-08-15,wk inc covid hosp,2,2026-08-29,21,quantile,0.1,1.0
2026-08-15,wk inc covid hosp,2,2026-08-29,21,quantile,0.15,5.0
2026-08-15,wk inc covid hosp,2,2026-08-29,21,quantile,0.2,8.0
2026-08-15,wk inc covid hosp,2,2026-08-29,21,quantile,0.25,10.0
2026-08-15,wk inc covid hosp,2,2026-08-29,21,quantile,0.3,13.0
2026-08-15,wk inc covid hosp,2,2026-08-29,21,quantile,0.35,15.0
2026-08-15,wk inc covid hosp,2,2026-08-29,21,quantile,0.4,18.0
2026-08-15,wk inc covid hosp,2,2026-08-29,21,quantile,0.45,20.0
2026-08-15,wk inc covid hosp,2,2026-08-29,21,quantile,0.5,22.0
2026-08-15,wk inc covid hosp,2,2026-08-29,21,quantile,0.55,26.0
2026-08-15,wk inc covid hosp,2,2026-08-29,21,quantile,0.6,28.0
2026-08-15,wk inc covid hosp,2,2026-08-29,21,quantile,0.65,31.0
2026-08-15,wk inc covid hosp,2,2026-08-29,21,quantile,0.7,35.0
2026-08-15,wk inc covid hosp,2,2026-08-29,21,quantile,0.75,38.0
2026-08-15,wk inc covid hosp,2,2026-08-29,21,quantile,0.8,43.0
2026-08-15,wk inc covid hosp,2,2026-08-29,21,quantile,0.85,48.0
2026-08-15,wk inc covid hosp,2,2026-08-29,21,quantile,0.9,55.0
2026-08-15,wk inc covid hosp,2,2026-08-29,21,quantile,0.95,66.0
2026-08-15,wk inc covid hosp,2,2026-08-29,21,quantile,0.975,79.0
2026-08-15,wk inc covid hosp,2,2026-08-29,21,quantile,0.99,94.0
2026-08-15,wk inc covid hosp,2,2026-08-29,22,quantile,0.01,14.0
2026-08-15,wk inc covid hosp,2,2026-08-29,22,quantile,0.025,20.0
2026-08-15,wk inc covid hosp,2,2026-08-29,22,quantile,0.05,26.0
2026-08-15,wk inc covid hosp,2,2026-08-29,22,quantile,0.1,37.0
2026-08-15,wk inc covid hosp,2,2026-08-29,22,quantile,0.15,44.0
2026-08-15,wk inc covid hosp,2,2026-08-29,22,quantile,0.2,49.0
2026-08-15,wk inc covid hosp,2,2026-08-29,22,quantile,0.25,53.0
2026-08-15,wk inc covid hosp,2,2026-08-29,22,quantile,0.3,59.0
2026-08-15,wk inc covid hosp,2,2026-08-29,22,quantile,0.35,63.0
2026-08-15,wk inc covid hosp,2,2026-08-29,22,quantile,0.4,67.0
2026-08-15,wk inc covid hosp,2,2026-08-29,22,quantile,0.45,72.0
2026-08-15,wk inc covid hosp,2,2026-08-29,22,quantile,0.5,76.0
2026-08-15,wk inc covid hosp,2,2026-08-29,22,quantile,0.55,82.0
2026-08-15,wk inc covid hosp,2,2026-08-29,22,quantile,0.6,87.0
2026-08-15,wk inc covid hosp,2,2026-08-29,22,quantile,0.65,93.0
2026-08-15,wk inc covid hosp,2,2026-08-29,22,quantile,0.7,99.0
2026-08-15,wk inc covid hosp,2,2026-08-29,22,quantile,0.75,107.0
2026-08-15,wk inc covid hosp,2,2026-08-29,22,quantile,0.8,114.0
2026-08-15,wk inc covid hosp,2,2026-08-29,22,quantile,0.85,123.0
2026-08-15,wk inc covid hosp,2,2026-08-29,22,quantile,0.9,138.0
2026-08-15,wk inc covid hosp,2,2026-08-29,22,quantile,0.95,164.0
2026-08-15,wk inc covid hosp,2,2026-08-29,22,quantile,0.975,194.0
2026-08-15,wk inc covid hosp,2,2026-08-29,22,quantile,0.99,214.0
2026-08-15,wk inc covid hosp,2,2026-08-29,23,quantile,0.01,0.0
2026-08-15,wk inc covid hosp,2,2026-08-29,23,quantile,0.025,0.0
2026-08-15,wk inc covid hosp,2,2026-08-29,23,quantile,0.05,0.0
2026-08-15,wk inc covid hosp,2,2026-08-29,23,quantile,0.1,0.0
2026-08-15,wk inc covid hosp,2,2026-08-29,23,quantile,0.15,0.0
2026-08-15,wk inc covid hosp,2,2026-08-29,23,quantile,0.2,1.0
2026-08-15,wk inc covid hosp,2,2026-08-29,23,quantile,0.25,1.0
2026-08-15,wk inc covid hosp,2,2026-08-29,23,quantile,0.3,2.0
2026-08-15,wk inc covid hosp,2,2026-08-29,23,quantile,0.35,3.0
2026-08-15,wk inc covid hosp,2,2026-08-29,23,quantile,0.4,4.0
2026-08-15,wk inc covid hosp,2,2026-08-29,23,quantile,0.45,4.0
2026-08-15,wk inc covid hosp,2,2026-08-29,23,quantile,0.5,5.0
2026-08-15,wk inc covid hosp,2,2026-08-29,23,quantile,0.55,6.0
2026-08-15,wk inc covid hosp,2,2026-08-29,23,quantile,0.6,7.0
2026-08-15,wk inc covid hosp,2,2026-08-29,23,quantile,0.65,7.0
2026-08-15,wk inc covid hosp,2,2026-08-29,23,quantile,0.7,8.0
2026-08-15,wk inc covid hosp,2,2026-08-29,23,quantile,0.75,9.0
2026-08-15,wk inc covid hosp,2,2026-08-29,23,quantile,0.8,10.0
2026-08-15,wk inc covid hosp,2,2026-08-29,23,quantile,0.85,12.0
2026-08-15,wk inc covid hosp,2,2026-08-29,23,quantile,0.9,14.0
2026-08-15,wk inc covid hosp,2,2026-08-29,23,quantile,0.95,17.0
2026-08-15,wk inc covid hosp,2,2026-08-29,23,quantile,0.975,20.0
2026-08-15,wk inc covid hosp,2,2026-08-29,23,quantile,0.99,24.0
2026-08-15,wk inc covid hosp,2,2026-08-29,24,quantile,0.01,0.0
2026-08-15,wk inc covid hosp,2,2026-08-29,24,quantile,0.025,0.0
2026-08-15,wk inc covid hosp,2,2026-08-29,24,quantile,0.05,0.0
2026-08-15,wk inc covid hosp,2,2026-08-29,24,quantile,0.1,2.0
2026-08-15,wk inc covid hosp,2,2026-08-29,24,quantile,0.15,7.0
2026-08-15,wk inc covid hosp,2,2026-08-29,24,quantile,0.2,10.0
2026-08-15,wk inc covid hosp,2,2026-08-29,24,quantile,0.25,13.0
2026-08-15,wk inc covid hosp,2,2026-08-29,24,quantile,0.3,16.0
2026-08-15,wk inc covid hosp,2,2026-08-29,24,quantile,0.35,19.0
2026-08-15,wk inc covid hosp,2,2026-08-29,24,quantile,0.4,21.0
2026-08-15,wk inc covid hosp,2,2026-08-29,24,quantile,0.45,24.0
2026-08-15,wk inc covid hosp,2,2026-08-29,24,quantile,0.5,26.0
2026-08-15,wk inc covid hosp,2,2026-08-29,24,quantile,0.55,29.0
2026-08-15,wk inc covid hosp,2,2026-08-29,24,quantile,0.6,32.0
2026-08-15,wk inc covid hosp,2,2026-08-29,24,quantile,0.65,36.0
2026-08-15,wk inc covid hosp,2,2026-08-29,24,quantile,0.7,39.0
2026-08-15,wk inc covid hosp,2,2026-08-29,24,quantile,0.75,44.0
2026-08-15,wk inc covid hosp,2,2026-08-29,24,quantile,0.8,48.0
2026-08-15,wk inc covid hosp,2,2026-08-29,24,quantile,0.85,53.0
2026-08-15,wk inc covid hosp,2,2026-08-29,24,quantile,0.9,61.0
2026-08-15,wk inc covid hosp,2,2026-08-29,24,quantile,0.95,76.0
2026-08-15,wk inc covid hosp,2,2026-08-29,24,quantile,0.975,91.0
2026-08-15,wk inc covid hosp,2,2026-08-29,24,quantile,0.99,102.0
2026-08-15,wk inc covid hosp,2,2026-08-29,25,quantile,0.01,0.0
2026-08-15,wk inc covid hosp,2,2026-08-29,25,quantile,0.025,0.0
2026-08-15,wk inc covid hosp,2,2026-08-29,25,quantile,0.05,0.0
2026-08-15,wk inc covid hosp,2,2026-08-29,25,quantile,0.1,5.0
2026-08-15,wk inc covid hosp,2,2026-08-29,25,quantile,0.15,11.0
2026-08-15,wk inc covid hosp,2,2026-08-29,25,quantile,0.2,17.0
2026-08-15,wk inc covid hosp,2,2026-08-29,25,quantile,0.25,21.0
2026-08-15,wk inc covid hosp,2,2026-08-29,25,quantile,0.3,24.0
2026-08-15,wk inc covid hosp,2,2026-08-29,25,quantile,0.35,29.0
2026-08-15,wk inc covid hosp,2,2026-08-29,25,quantile,0.4,33.0
2026-08-15,wk inc covid hosp,2,2026-08-29,25,quantile,0.45,37.0
2026-08-15,wk inc covid hosp,2,2026-08-29,25,quantile,0.5,41.0
2026-08-15,wk inc covid hosp,2,2026-08-29,25,quantile,0.55,45.0
2026-08-15,wk inc covid hosp,2,2026-08-29,25,quantile,0.6,50.0
2026-08-15,wk inc covid hosp,2,2026-08-29,25,quantile,0.65,56.0
2026-08-15,wk inc covid hosp,2,2026-08-29,25,quantile,0.7,61.0
2026-08-15,wk inc covid hosp,2,2026-08-29,25,quantile,0.75,68.0
2026-08-15,wk inc covid hosp,2,2026-08-29,25,quantile,0.8,73.0
2026-08-15,wk inc covid hosp,2,2026-08-29,25,quantile,0.85,82.0
2026-08-15,wk inc covid hosp,2,2026-08-29,25,quantile,0.9,94.0
2026-08-15,wk inc covid hosp,2,2026-08-29,25,quantile,0.95,118.0
2026-08-15,wk inc covid hosp,2,2026-08-29,25,quantile,0.975,140.0
2026-08-15,wk inc covid hosp,2,2026-08-29,25,quantile,0.99,166.0
2026-08-15,wk inc covid hosp,2,2026-08-29,26,quantile,0.01,0.0
2026-08-15,wk inc covid hosp,2,2026-08-29,26,quantile,0.025,0.0
2026-08-15,wk inc covid hosp,2,2026-08-29,26,quantile,0.05,0.0
2026-08-15,wk inc covid hosp,2,2026-08-29,26,quantile,0.1,0.0
2026-08-15,wk inc covid hosp,2,2026-08-29,26,quantile,0.15,1.0
2026-08-15,wk inc covid hosp,2,2026-08-29,26,quantile,0.2,8.0
2026-08-15,wk inc covid hosp,2,2026-08-29,26,quantile,0.25,14.0
2026-08-15,wk inc covid hosp,2,2026-08-29,26,quantile,0.3,19.0
2026-08-15,wk inc covid hosp,2,2026-08-29,26,quantile,0.35,25.0
2026-08-15,wk inc covid hosp,2,2026-08-29,26,quantile,0.4,30.0
2026-08-15,wk inc covid hosp,2,2026-08-29,26,quantile,0.45,36.0
2026-08-15,wk inc covid hosp,2,2026-08-29,26,quantile,0.5,41.0
2026-08-15,wk inc covid hosp,2,2026-08-29,26,quantile,0.55,47.0
2026-08-15,wk inc covid hosp,2,2026-08-29,26,quantile,0.6,53.0
2026-08-15,wk inc covid hosp,2,2026-08-29,26,quantile,0.65,61.0
2026-08-15,wk inc covid hosp,2,2026-08-29,26,quantile,0.7,69.0
2026-08-15,wk inc covid hosp,2,2026-08-29,26,quantile,0.75,77.0
2026-08-15,wk inc covid hosp,2,2026-08-29,26,quantile,0.8,87.0
2026-08-15,wk inc covid hosp,2,2026-08-29,26,quantile,0.85,99.0
2026-08-15,wk inc covid hosp,2,2026-08-29,26,quantile,0.9,116.0
2026-08-15,wk inc covid hosp,2,2026-08-29,26,quantile,0.95,150.0
2026-08-15,wk inc covid hosp,2,2026-08-29,26,quantile,0.975,183.0
2026-08-15,wk inc covid hosp,2,2026-08-29,26,quantile,0.99,222.0
2026-08-15,wk inc covid hosp,2,2026-08-29,27,quantile,0.01,0.0
2026-08-15,wk inc covid hosp,2,2026-08-29,27,quantile,0.025,0.0
2026-08-15,wk inc covid hosp,2,2026-08-29,27,quantile,0.05,5.0
2026-08-15,wk inc covid hosp,2,2026-08-29,27,quantile,0.1,12.0
2026-08-15,wk inc covid hosp,2,2026-08-29,27,quantile,0.15,17.0
2026-08-15,wk inc covid hosp,2,2026-08-29,27,quantile,0.2,20.0
2026-08-15,wk inc covid hosp,2,2026-08-29,27,quantile,0.25,23.0
2026-08-15,wk inc covid hosp,2,2026-08-29,27,quantile,0.3,26.0
2026-08-15,wk inc covid hosp,2,2026-08-29,27,quantile,0.35,29.0
2026-08-15,wk inc covid hosp,2,2026-08-29,27,quantile,0.4,31.0
2026-08-15,wk inc covid hosp,2,2026-08-29,27,quantile,0.45,34.0
2026-08-15,wk inc covid hosp,2,2026-08-29,27,quantile,0.5,37.0
2026-08-15,wk inc covid hosp,2,2026-08-29,27,quantile,0.55,40.0
2026-08-15,wk inc covid hosp,2,2026-08-29,27,quantile,0.6,43.0
2026-08-15,wk inc covid hosp,2,2026-08-29,27,quantile,0.65,47.0
2026-08-15,wk inc covid hosp,2,2026-08-29,27,quantile,0.7,50.0
2026-08-15,wk inc covid hosp,2,2026-08-29,27,quantile,0.75,55.0
2026-08-15,wk inc covid hosp,2,2026-08-29,27,quantile,0.8,60.0
2026-08-15,wk inc covid hosp,2,2026-08-29,27,quantile,0.85,65.0
2026-08-15,wk inc covid hosp,2,2026-08-29,27,quantile,0.9,73.0
2026-08-15,wk inc covid hosp,2,2026-08-29,27,quantile,0.95,88.0
2026-08-15,wk inc covid hosp,2,2026-08-29,27,quantile,0.975,105.0
2026-08-15,wk inc covid hosp,2,2026-08-29,27,quantile,0.99,114.0
2026-08-15,wk inc covid hosp,2,2026-08-29,28,quantile,0.01,1.0
2026-08-15,wk inc covid hosp,2,2026-08-29,28,quantile,0.025,3.0
2026-08-15,wk inc covid hosp,2,2026-08-29,28,quantile,0.05,7.0
2026-08-15,wk inc covid hosp,2,2026-08-29,28,quantile,0.1,12.0
2026-08-15,wk inc covid hosp,2,2026-08-29,28,quantile,0.15,16.0
2026-08-15,wk inc covid hosp,2,2026-08-29,28,quantile,0.2,19.0
2026-08-15,wk inc covid hosp,2,2026-08-29,28,quantile,0.25,21.0
2026-08-15,wk inc covid hosp,2,2026-08-29,28,quantile,0.3,24.0
2026-08-15,wk inc covid hosp,2,2026-08-29,28,quantile,0.35,26.0
2026-08-15,wk inc covid hosp,2,2026-08-29,28,quantile,0.4,28.0
2026-08-15,wk inc covid hosp,2,2026-08-29,28,quantile,0.45,31.0
2026-08-15,wk inc covid hosp,2,2026-08-29,28,quantile,0.5,33.0
2026-08-15,wk inc covid hosp,2,2026-08-29,28,quantile,0.55,36.0
2026-08-15,wk inc covid hosp,2,2026-08-29,28,quantile,0.6,38.0
2026-08-15,wk inc covid hosp,2,2026-08-29,28,quantile,0.65,42.0
2026-08-15,wk inc covid hosp,2,2026-08-29,28,quantile,0.7,45.0
2026-08-15,wk inc covid hosp,2,2026-08-29,28,quantile,0.75,49.0
2026-08-15,wk inc covid hosp,2,2026-08-29,28,quantile,0.8,53.0
2026-08-15,wk inc covid hosp,2,2026-08-29,28,quantile,0.85,58.0
2026-08-15,wk inc covid hosp,2,2026-08-29,28,quantile,0.9,65.0
2026-08-15,wk inc covid hosp,2,2026-08-29,28,quantile,0.95,80.0
2026-08-15,wk inc covid hosp,2,2026-08-29,28,quantile,0.975,96.0
2026-08-15,wk inc covid hosp,2,2026-08-29,28,quantile,0.99,106.0
2026-08-15,wk inc covid hosp,2,2026-08-29,29,quantile,0.01,0.0
2026-08-15,wk inc covid hosp,2,2026-08-29,29,quantile,0.025,0.0
2026-08-15,wk inc covid hosp,2,2026-08-29,29,quantile,0.05,0.0
2026-08-15,wk inc covid hosp,2,2026-08-29,29,quantile,0.1,3.0
2026-08-15,wk inc covid hosp,2,2026-08-29,29,quantile,0.15,8.0
2026-08-15,wk inc covid hosp,2,2026-08-29,29,quantile,0.2,12.0
2026-08-15,wk inc covid hosp,2,2026-08-29,29,quantile,0.25,15.0
2026-08-15,wk inc covid hosp,2,2026-08-29,29,quantile,0.3,17.0
2026-08-15,wk inc covid hosp,2,2026-08-29,29,quantile,0.35,21.0
2026-08-15,wk inc covid hosp,2,2026-08-29,29,quantile,0.4,23.0
2026-08-15,wk inc covid hosp,2,2026-08-29,29,quantile,0.45,26.0
2026-08-15,wk inc covid hosp,2,2026-08-29,29,quantile,0.5,29.0
2026-08-15,wk inc covid hosp,2,2026-08-29,29,quantile,0.55,31.0
2026-08-15,wk inc covid hosp,2,2026-08-29,29,quantile,0.6,35.0
2026-08-15,wk inc covid hosp,2,2026-08-29,29,quantile,0.65,39.0
2026-08-15,wk inc covid hosp,2,2026-08-29,29,quantile,0.7,43.0
2026-08-15,wk inc covid hosp,2,2026-08-29,29,quantile,0.75,47.0
2026-08-15,wk inc covid hosp,2,2026-08-29,29,quantile,0.8,51.0
2026-08-15,wk inc covid hosp,2,2026-08-29,29,quantile,0.85,57.0
2026-08-15,wk inc covid hosp,2,2026-08-29,29,quantile,0.9,64.0
2026-08-15,wk inc covid hosp,2,2026-08-29,29,quantile,0.95,80.0
2026-08-15,wk inc covid hosp,2,2026-08-29,29,quantile,0.975,94.0
2026-08-15,wk inc covid hosp,2,2026-08-29,29,quantile,0.99,110.0
2026-08-15,wk inc covid hosp,2,2026-08-29,30,quantile,0.01,0.0
2026-08-15,wk inc covid hosp,2,2026-08-29,30,quantile,0.025,0.0
2026-08-15,wk inc covid hosp,2,2026-08-29,30,quantile,0.05,0.0
2026-08-15,wk inc covid hosp,2,2026-08-29,30,quantile,0.1,0.0
2026-08-15,wk inc covid hosp,2,2026-08-29,30,quantile,0.15,1.0
2026-08-15,wk inc covid hosp,2,2026-08-29,30,quantile,0.2,2.0
2026-08-15,wk inc covid hosp,2,2026-08-29,30,quantile,0.25,3.0
2026-08-15,wk inc covid hosp,2,2026-08-29,30,quantile,0.3,4.0
2026-08-15,wk inc covid hosp,2,2026-08-29,30,quantile,0.35,4.0
2026-08-15,wk inc covid hosp,2,2026-08-29,30,quantile,0.4,5.0
2026-08-15,wk inc covid hosp,2,2026-08-29,30,quantile,0.45,6.0
2026-08-15,wk inc covid hosp,2,2026-08-29,30,quantile,0.5,7.0
2026-08-15,wk inc covid hosp,2,2026-08-29,30,quantile,0.55,8.0
2026-08-15,wk inc covid hosp,2,2026-08-29,30,quantile,0.6,9.0
2026-08-15,wk inc covid hosp,2,2026-08-29,30,quantile,0.65,10.0
2026-08-15,wk inc covid hosp,2,2026-08-29,30,quantile,0.7,11.0
2026-08-15,wk inc covid hosp,2,2026-08-29,30,quantile,0.75,12.0
2026-08-15,wk inc covid hosp,2,2026-08-29,30,quantile,0.8,13.0
2026-08-15,wk inc covid hosp,2,2026-08-29,30,quantile,0.85,15.0
2026-08-15,wk inc covid hosp,2,2026-08-29,30,quantile,0.9,17.0
2026-08-15,wk inc covid hosp,2,2026-08-29,30,quantile,0.95,21.0
2026-08-15,wk inc covid hosp,2,2026-08-29,30,quantile,0.975,25.0
2026-08-15,wk inc covid hosp,2,2026-08-29,30,quantile,0.99,30.0
2026-08-15,wk inc covid hosp,2,2026-08-29,31,quantile,0.01,0.0
2026-08-15,wk inc covid hosp,2,2026-08-29,31,quantile,0.025,0.0
2026-08-15,wk inc covid hosp,2,2026-08-29,31,quantile,0.05,0.0
2026-08-15,wk inc covid hosp,2,2026-08-29,31,quantile,0.1,0.0
2026-08-15,wk inc covid hosp,2,2026-08-29,31,quantile,0.15,0.0
2026-08-15,wk inc covid hosp,2,2026-08-29,31,quantile,0.2,0.0
2026-08-15,wk inc covid hosp,2,2026-08-29,31,quantile,0.25,1.0
2026-08-15,wk inc covid hosp,2,2026-08-29,31,quantile,0.3,2.0
2026-08-15,wk inc covid hosp,2,2026-08-29,31,quantile,0.35,3.0
2026-08-15,wk inc covid hosp,2,2026-08-29,31,quantile,0.4,4.0
2026-08-15,wk inc covid hosp,2,2026-08-29,31,quantile,0.45,5.0
2026-08-15,wk inc covid hosp,2,2026-08-29,31,quantile,0.5,6.0
2026-08-15,wk inc covid hosp,2,2026-08-29,31,quantile,0.55,7.0
2026-08-15,wk inc covid hosp,2,2026-08-29,31,quantile,0.6,8.0
2026-08-15,wk inc covid hosp,2,2026-08-29,31,quantile,0.65,10.0
2026-08-15,wk inc covid hosp,2,2026-08-29,31,quantile,0.7,11.0
2026-08-15,wk inc covid hosp,2,2026-08-29,31,quantile,0.75,12.0
2026-08-15,wk inc covid hosp,2,2026-08-29,31,quantile,0.8,14.0
2026-08-15,wk inc covid hosp,2,2026-08-29,31,quantile,0.85,16.0
2026-08-15,wk inc covid hosp,2,2026-08-29,31,quantile,0.9,19.0
2026-08-15,wk inc covid hosp,2,2026-08-29,31,quantile,0.95,23.0
2026-08-15,wk inc covid hosp,2,2026-08-29,31,quantile,0.975,28.0
2026-08-15,wk inc covid hosp,2,2026-08-29,31,quantile,0.99,34.0
2026-08-15,wk inc covid hosp,2,2026-08-29,32,quantile,0.01,1.0
2026-08-15,wk inc covid hosp,2,2026-08-29,32,quantile,0.025,4.0
2026-08-15,wk inc covid hosp,2,2026-08-29,32,quantile,0.05,7.0
2026-08-15,wk inc covid hosp,2,2026-08-29,32,quantile,0.1,12.0
2026-08-15,wk inc covid hosp,2,2026-08-29,32,quantile,0.15,15.0
2026-08-15,wk inc covid hosp,2,2026-08-29,32,quantile,0.2,18.0
2026-08-15,wk inc covid hosp,2,2026-08-29,32,quantile,0.25,20.0
2026-08-15,wk inc covid hosp,2,2026-08-29,32,quantile,0.3,22.0
2026-08-15,wk inc covid hosp,2,2026-08-29,32,quantile,0.35,24.0
2026-08-15,wk inc covid hosp,2,2026-08-29,32,quantile,0.4,26.0
2026-08-15,wk inc covid hosp,2,2026-08-29,32,quantile,0.45,28.0
2026-08-15,wk inc covid hosp,2,2026-08-29,32,quantile,0.5,30.0
2026-08-15,wk inc covid hosp,2,2026-08-29,32,quantile,0.55,32.0
2026-08-15,wk inc covid hosp,2,2026-08-29,32,quantile,0.6,34.0
2026-08-15,wk inc covid hosp,2,2026-08-29,32,quantile,0.65,37.0
2026-08-15,wk inc covid hosp,2,2026-08-29,32,quantile,0.7,40.0
2026-08-15,wk inc covid hosp,2,2026-08-29,32,quantile,0.75,43.0
2026-08-15,wk inc covid hosp,2,2026-08-29,32,quantile,0.8,46.0
2026-08-15,wk inc covid hosp,2,2026-08-29,32,quantile,0.85,50.0
2026-08-15,wk inc covid hosp,2,2026-08-29,32,quantile,0.9,56.0
2026-08-15,wk inc covid hosp,2,2026-08-29,32,quantile,0.95,68.0
2026-08-15,wk inc covid hosp,2,2026-08-29,32,quantile,0.975,81.0
2026-08-15,wk inc covid hosp,2,2026-08-29,32,quantile,0.99,88.0
2026-08-15,wk inc covid hosp,2,2026-08-29,33,quantile,0.01,0.0
2026-08-15,wk inc covid hosp,2,2026-08-29,33,quantile,0.025,0.0
2026-08-15,wk inc covid hosp,2,2026-08-29,33,quantile,0.05,0.0
2026-08-15,wk inc covid hosp,2,2026-08-29,33,quantile,0.1,1.0
2026-08-15,wk inc covid hosp,2,2026-08-29,33,quantile,0.15,3.0
2026-08-15,wk inc covid hosp,2,2026-08-29,33,quantile,0.2,4.0
2026-08-15,wk inc covid hosp,2,2026-08-29,33,quantile,0.25,5.0
2026-08-15,wk inc covid hosp,2,2026-08-29,33,quantile,0.3,6.0
2026-08-15,wk inc covid hosp,2,2026-08-29,33,quantile,0.35,8.0
2026-08-15,wk inc covid hosp,2,2026-08-29,33,quantile,0.4,9.0
2026-08-15,wk inc covid hosp,2,2026-08-29,33,quantile,0.45,11.0
2026-08-15,wk inc covid hosp,2,2026-08-29,33,quantile,0.5,12.0
2026-08-15,wk inc covid hosp,2,2026-08-29,33,quantile,0.55,13.0
2026-08-15,wk inc covid hosp,2,2026-08-29,33,quantile,0.6,15.0
2026-08-15,wk inc covid hosp,2,2026-08-29,33,quantile,0.65,16.0
2026-08-15,wk inc covid hosp,2,2026-08-29,33,quantile,0.7,18.0
2026-08-15,wk inc covid hosp,2,2026-08-29,33,quantile,0.75,20.0
2026-08-15,wk inc covid hosp,2,2026-08-29,33,quantile,0.8,23.0
2026-08-15,wk inc covid hosp,2,2026-08-29,33,quantile,0.85,26.0
2026-08-15,wk inc covid hosp,2,2026-08-29,33,quantile,0.9,30.0
2026-08-15,wk inc covid hosp,2,2026-08-29,33,quantile,0.95,37.0
2026-08-15,wk inc covid hosp,2,2026-08-29,33,quantile,0.975,45.0
2026-08-15,wk inc covid hosp,2,2026-08-29,33,quantile,0.99,53.0
2026-08-15,wk inc covid hosp,2,2026-08-29,34,quantile,0.01,0.0
2026-08-15,wk inc covid hosp,2,2026-08-29,34,quantile,0.025,9.0
2026-08-15,wk inc covid hosp,2,2026-08-29,34,quantile,0.05,17.0
2026-08-15,wk inc covid hosp,2,2026-08-29,34,quantile,0.1,34.0
2026-08-15,wk inc covid hosp,2,2026-08-29,34,quantile,0.15,45.0
2026-08-15,wk inc covid hosp,2,2026-08-29,34,quantile,0.2,54.0
2026-08-15,wk inc covid hosp,2,2026-08-29,34,quantile,0.25,62.0
2026-08-15,wk inc covid hosp,2,2026-08-29,34,quantile,0.3,68.0
2026-08-15,wk inc covid hosp,2,2026-08-29,34,quantile,0.35,76.0
2026-08-15,wk inc covid hosp,2,2026-08-29,34,quantile,0.4,83.0
2026-08-15,wk inc covid hosp,2,2026-08-29,34,quantile,0.45,90.0
2026-08-15,wk inc covid hosp,2,2026-08-29,34,quantile,0.5,97.0
2026-08-15,wk inc covid hosp,2,2026-08-29,34,quantile,0.55,104.0
2026-08-15,wk inc covid hosp,2,2026-08-29,34,quantile,0.6,112.0
2026-08-15,wk inc covid hosp,2,2026-08-29,34,quantile,0.65,123.0
2026-08-15,wk inc covid hosp,2,2026-08-29,34,quantile,0.7,133.0
2026-08-15,wk inc covid hosp,2,2026-08-29,34,quantile,0.75,145.0
2026-08-15,wk inc covid hosp,2,2026-08-29,34,quantile,0.8,156.0
2026-08-15,wk inc covid hosp,2,2026-08-29,34,quantile,0.85,172.0
2026-08-15,wk inc covid hosp,2,2026-08-29,34,quantile,0.9,193.0
2026-08-15,wk inc covid hosp,2,2026-08-29,34,quantile,0.95,236.0
2026-08-15,wk inc covid hosp,2,2026-08-29,34,quantile,0.975,278.0
2026-08-15,wk inc covid hosp,2,2026-08-29,34,quantile,0.99,327.0
2026-08-15,wk inc covid hosp,2,2026-08-29,35,quantile,0.01,0.0
2026-08-15,wk inc covid hosp,2,2026-08-29,35,quantile,0.025,0.0
2026-08-15,wk inc covid hosp,2,2026-08-29,35,quantile,0.05,0.0
2026-08-15,wk inc covid hosp,2,2026-08-29,35,quantile,0.1,0.0
2026-08-15,wk inc covid hosp,2,2026-08-29,35,quantile,0.15,2.0
2026-08-15,wk inc covid hosp,2,2026-08-29,35,quantile,0.2,3.0
2026-08-15,wk inc covid hosp,2,2026-08-29,35,quantile,0.25,4.0
2026-08-15,wk inc covid hosp,2,2026-08-29,35,quantile,0.3,6.0
2026-08-15,wk inc covid hosp,2,2026-08-29,35,quantile,0.35,7.0
2026-08-15,wk inc covid hosp,2,2026-08-29,35,quantile,0.4,8.0
2026-08-15,wk inc covid hosp,2,2026-08-29,35,quantile,0.45,10.0
2026-08-15,wk inc covid hosp,2,2026-08-29,35,quantile,0.5,11.0
2026-08-15,wk inc covid hosp,2,2026-08-29,35,quantile,0.55,12.0
2026-08-15,wk inc covid hosp,2,2026-08-29,35,quantile,0.6,14.0
2026-08-15,wk inc covid hosp,2,2026-08-29,35,quantile,0.65,15.0
2026-08-15,wk inc covid hosp,2,2026-08-29,35,quantile,0.7,17.0
2026-08-15,wk inc covid hosp,2,2026-08-29,35,quantile,0.75,19.0
2026-08-15,wk inc covid hosp,2,2026-08-29,35,quantile,0.8,21.0
2026-08-15,wk inc covid hosp,2,2026-08-29,35,quantile,0.85,23.0
2026-08-15,wk inc covid hosp,2,2026-08-29,35,quantile,0.9,27.0
2026-08-15,wk inc covid hosp,2,2026-08-29,35,quantile,0.95,33.0
2026-08-15,wk inc covid hosp,2,2026-08-29,35,quantile,0.975,40.0
2026-08-15,wk inc covid hosp,2,2026-08-29,35,quantile,0.99,47.0
2026-08-15,wk inc covid hosp,2,2026-08-29,36,quantile,0.01,25.0
2026-08-15,wk inc covid hosp,2,2026-08-29,36,quantile,0.025,47.0
2026-08-15,wk inc covid hosp,2,2026-08-29,36,quantile,0.05,62.0
2026-08-15,wk inc covid hosp,2,2026-08-29,36,quantile,0.1,92.0
2026-08-15,wk inc covid hosp,2,2026-08-29,36,quantile,0.15,110.0
2026-08-15,wk inc covid hosp,2,2026-08-29,36,quantile,0.2,127.0
2026-08-15,wk inc covid hosp,2,2026-08-29,36,quantile,0.25,139.0
2026-08-15,wk inc covid hosp,2,2026-08-29,36,quantile,0.3,150.0
2026-08-15,wk inc covid hosp,2,2026-08-29,36,quantile,0.35,163.0
2026-08-15,wk inc covid hosp,2,2026-08-29,36,quantile,0.4,176.0
2026-08-15,wk inc covid hosp,2,2026-08-29,36,quantile,0.45,185.0
2026-08-15,wk inc covid hosp,2,2026-08-29,36,quantile,0.5,196.0
2026-08-15,wk inc covid hosp,2,2026-08-29,36,quantile,0.55,209.0
2026-08-15,wk inc covid hosp,2,2026-08-29,36,quantile,0.6,221.0
2026-08-15,wk inc covid hosp,2,2026-08-29,36,quantile,0.65,238.0
2026-08-15,wk inc covid hosp,2,2026-08-29,36,quantile,0.7,252.0
2026-08-15,wk inc covid hosp,2,2026-08-29,36,quantile,0.75,269.0
2026-08-15,wk inc covid hosp,2,2026-08-29,36,quantile,0.8,286.0
2026-08-15,wk inc covid hosp,2,2026-08-29,36,quantile,0.85,310.0
2026-08-15,wk inc covid hosp,2,2026-08-29,36,quantile,0.9,342.0
2026-08-15,wk inc covid hosp,2,2026-08-29,36,quantile,0.95,401.0
2026-08-15,wk inc covid hosp,2,2026-08-29,36,quantile,0.975,460.0
2026-08-15,wk inc covid hosp,2,2026-08-29,36,quantile,0.99,524.0
2026-08-15,wk inc covid hosp,2,2026-08-29,37,quantile,0.01,40.0
2026-08-15,wk inc covid hosp,2,2026-08-29,37,quantile,0.025,56.0
2026-08-15,wk inc covid hosp,2,2026-08-29,37,quantile,0.05,67.0
2026-08-15,wk inc covid hosp,2,2026-08-29,37,quantile,0.1,89.0
2026-08-15,wk inc covid hosp,2,2026-08-29,37,quantile,0.15,103.0
2026-08-15,wk inc covid hosp,2,2026-08-29,37,quantile,0.2,115.0
2026-08-15,wk inc covid hosp,2,2026-08-29,37,quantile,0.25,125.0
2026-08-15,wk inc covid hosp,2,2026-08-29,37,quantile,0.3,133.0
2026-08-15,wk inc covid hosp,2,2026-08-29,37,quantile,0.35,142.0
2026-08-15,wk inc covid hosp,2,2026-08-29,37,quantile,0.4,152.0
2026-08-15,wk inc covid hosp,2,2026-08-29,37,quantile,0.45,159.0
2026-08-15,wk inc covid hosp,2,2026-08-29,37,quantile,0.5,168.0
2026-08-15,wk inc covid hosp,2,2026-08-29,37,quantile,0.55,177.0
2026-08-15,wk inc covid hosp,2,2026-08-29,37,quantile,0.6,186.0
2026-08-15,wk inc covid hosp,2,2026-08-29,37,quantile,0.65,199.0
2026-08-15,wk inc covid hosp,2,2026-08-29,37,quantile,0.7,211.0
2026-08-15,wk inc covid hosp,2,2026-08-29,37,quantile,0.75,223.0
2026-08-15,wk inc covid hosp,2,2026-08-29,37,quantile,0.8,237.0
2026-08-15,wk inc covid hosp,2,2026-08-29,37,quantile,0.85,256.0
2026-08-15,wk inc covid hosp,2,2026-08-29,37,quantile,0.9,280.0
2026-08-15,wk inc covid hosp,2,2026-08-29,37,quantile,0.95,327.0
2026-08-15,wk inc covid hosp,2,2026-08-29,37,quantile,0.975,375.0
2026-08-15,wk inc covid hosp,2,2026-08-29,37,quantile,0.99,425.0
2026-08-15,wk inc covid hosp,2,2026-08-29,38,quantile,0.01,0.0
2026-08-15,wk inc covid hosp,2,2026-08-29,38,quantile,0.025,0.0
2026-08-15,wk inc covid hosp,2,2026-08-29,38,quantile,0.05,0.0
2026-08-15,wk inc covid hosp,2,2026-08-29,38,quantile,0.1,0.0
2026-08-15,wk inc covid hosp,2,2026-08-29,38,quantile,0.15,0.0
2026-08-15,wk inc covid hosp,2,2026-08-29,38,quantile,0.2,1.0
2026-08-15,wk inc covid hosp,2,2026-08-29,38,quantile,0.25,1.0
2026-08-15,wk inc covid hosp,2,2026-08-29,38,quantile,0.3,1.0
2026-08-15,wk inc covid hosp,2,2026-08-29,38,quantile,0.35,2.0
2026-08-15,wk inc covid hosp,2,2026-08-29,38,quantile,0.4,3.0
2026-08-15,wk inc covid hosp,2,2026-08-29,38,quantile,0.45,3.0
2026-08-15,wk inc covid hosp,2,2026-08-29,38,quantile,0.5,4.0
2026-08-15,wk inc covid hosp,2,2026-08-29,38,quantile,0.55,4.0
2026-08-15,wk inc covid hosp,2,2026-08-29,38,quantile,0.6,5.0
2026-08-15,wk inc covid hosp,2,2026-08-29,38,quantile,0.65,5.0
2026-08-15,wk inc covid hosp,2,2026-08-29,38,quantile,0.7,6.0
2026-08-15,wk inc covid hosp,2,2026-08-29,38,quantile,0.75,7.0
2026-08-15,wk inc covid hosp,2,2026-08-29,38,quantile,0.8,7.0
2026-08-15,wk inc covid hosp,2,2026-08-29,38,quantile,0.85,8.0
2026-08-15,wk inc covid hosp,2,2026-08-29,38,quantile,0.9,10.0
2026-08-15,wk inc covid hosp,2,2026-08-29,38,quantile,0.95,12.0
2026-08-15,wk inc covid hosp,2,2026-08-29,38,quantile,0.975,15.0
2026-08-15,wk inc covid hosp,2,2026-08-29,38,quantile,0.99,18.0
2026-08-15,wk inc covid hosp,2,2026-08-29,39,quantile,0.01,0.0
2026-08-15,wk inc covid hosp,2,2026-08-29,39,quantile,0.025,0.0
2026-08-15,wk inc covid hosp,2,2026-08-29,39,quantile,0.05,0.0
2026-08-15,wk inc covid hosp,2,2026-08-29,39,quantile,0.1,3.0
2026-08-15,wk inc covid hosp,2,2026-08-29,39,quantile,0.15,12.0
2026-08-15,wk inc covid hosp,2,2026-08-29,39,quantile,0.2,19.0
2026-08-15,wk inc covid hosp,2,2026-08-29,39,quantile,0.25,26.0
2026-08-15,wk inc covid hosp,2,2026-08-29,39,quantile,0.3,31.0
2026-08-15,wk inc covid hosp,2,2026-08-29,39,quantile,0.35,37.0
2026-08-15,wk inc covid hosp,2,2026-08-29,39,quantile,0.4,43.0
2026-08-15,wk inc covid hosp,2,2026-08-29,39,quantile,0.45,48.0
2026-08-15,wk inc covid hosp,2,2026-08-29,39,quantile,0.5,53.0
2026-08-15,wk inc covid hosp,2,2026-08-29,39,quantile,0.55,59.0
2026-08-15,wk inc covid hosp,2,2026-08-29,39,quantile,0.6,65.0
2026-08-15,wk inc covid hosp,2,2026-08-29,39,quantile,0.65,74.0
2026-08-15,wk inc covid hosp,2,2026-08-29,39,quantile,0.7,81.0
2026-08-15,wk inc covid hosp,2,2026-08-29,39,quantile,0.75,89.0
2026-08-15,wk inc covid hosp,2,2026-08-29,39,quantile,0.8,97.0
2026-08-15,wk inc covid hosp,2,2026-08-29,39,quantile,0.85,109.0
2026-08-15,wk inc covid hosp,2,2026-08-29,39,quantile,0.9,125.0
2026-08-15,wk inc covid hosp,2,2026-08-29,39,quantile,0.95,155.0
2026-08-15,wk inc covid hosp,2,2026-08-29,39,quantile,0.975,183.0
2026-08-15,wk inc covid hosp,2,2026-08-29,39,quantile,0.99,217.0
2026-08-15,wk inc covid hosp,2,2026-08-29,40,quantile,0.01,0.0
2026-08-15,wk inc covid hosp,2,2026-08-29,40,quantile,0.025,0.0
2026-08-15,wk inc covid hosp,2,2026-08-29,40,quantile,0.05,3.0
2026-08-15,wk inc covid hosp,2,2026-08-29,40,quantile,0.1,9.0
2026-08-15,wk inc covid hosp,2,2026-08-29,40,quantile,0.15,13.0
2026-08-15,wk inc covid hosp,2,2026-08-29,40,quantile,0.2,16.0
2026-08-15,wk inc covid hosp,2,2026-08-29,40,quantile,0.25,19.0
2026-08-15,wk inc covid hosp,2,2026-08-29,40,quantile,0.3,22.0
2026-08-15,wk inc covid hosp,2,2026-08-29,40,quantile,0.35,24.0
2026-08-15,wk inc covid hosp,2,2026-08-29,40,quantile,0.4,26.0
2026-08-15,wk inc covid hosp,2,2026-08-29,40,quantile,0.45,29.0
2026-08-15,wk inc covid hosp,2,2026-08-29,40,quantile,0.5,31.0
2026-08-15,wk inc covid hosp,2,2026-08-29,40,quantile,0.55,34.0
2026-08-15,wk inc covid hosp,2,2026-08-29,40,quantile,0.6,36.0
2026-08-15,wk inc covid hosp,2,2026-08-29,40,quantile,0.65,40.0
2026-08-15,wk inc covid hosp,2,2026-08-29,40,quantile,0.7,43.0
2026-08-15,wk inc covid hosp,2,2026-08-29,40,quantile,0.75,47.0
2026-08-15,wk inc covid hosp,2,2026-08-29,40,quantile,0.8,51.0
2026-08-15,wk inc covid hosp,2,2026-08-29,40,quantile,0.85,56.0
2026-08-15,wk inc covid hosp,2,2026-08-29,40,quantile,0.9,64.0
2026-08-15,wk inc covid hosp,2,2026-08-29,40,quantile,0.95,78.0
2026-08-15,wk inc covid hosp,2,2026-08-29,40,quantile,0.975,94.0
2026-08-15,wk inc covid hosp,2,2026-08-29,40,quantile,0.99,103.0
2026-08-15,wk inc covid hosp,2,2026-08-29,41,quantile,0.01,0.0
2026-08-15,wk inc covid hosp,2,2026-08-29,41,quantile,0.025,0.0
2026-08-15,wk inc covid hosp,2,2026-08-29,41,quantile,0.05,0.0
2026-08-15,wk inc covid hosp,2,2026-08-29,41,quantile,0.1,3.0
2026-08-15,wk inc covid hosp,2,2026-08-29,41,quantile,0.15,7.0
2026-08-15,wk inc covid hosp,2,2026-08-29,41,quantile,0.2,9.0
2026-08-15,wk inc covid hosp,2,2026-08-29,41,quantile,0.25,11.0
2026-08-15,wk inc covid hosp,2,2026-08-29,41,quantile,0.3,14.0
2026-08-15,wk inc covid hosp,2,2026-08-29,41,quantile,0.35,16.0
2026-08-15,wk inc covid hosp,2,2026-08-29,41,quantile,0.4,18.0
2026-08-15,wk inc covid hosp,2,2026-08-29,41,quantile,0.45,20.0
2026-08-15,wk inc covid hosp,2,2026-08-29,41,quantile,0.5,22.0
2026-08-15,wk inc covid hosp,2,2026-08-29,41,quantile,0.55,25.0
2026-08-15,wk inc covid hosp,2,2026-08-29,41,quantile,0.6,26.0
2026-08-15,wk inc covid hosp,2,2026-08-29,41,quantile,0.65,29.0
2026-08-15,wk inc covid hosp,2,2026-08-29,41,quantile,0.7,32.0
2026-08-15,wk inc covid hosp,2,2026-08-29,41,quantile,0.75,35.0
2026-08-15,wk inc covid hosp,2,2026-08-29,41,quantile,0.8,39.0
2026-08-15,wk inc covid hosp,2,2026-08-29,41,quantile,0.85,42.0
2026-08-15,wk inc covid hosp,2,2026-08-29,41,quantile,0.9,49.0
2026-08-15,wk inc covid hosp,2,2026-08-29,41,quantile,0.95,60.0
2026-08-15,wk inc covid hosp,2,2026-08-29,41,quantile,0.975,72.0
2026-08-15,wk inc covid hosp,2,2026-08-29,41,quantile,0.99,80.0
2026-08-15,wk inc covid hosp,2,2026-08-29,42,quantile,0.01,0.0
2026-08-15,wk inc covid hosp,2,2026-08-29,42,quantile,0.025,0.0
2026-08-15,wk inc covid hosp,2,2026-08-29,42,quantile,0.05,6.0
2026-08-15,wk inc covid hosp,2,2026-08-29,42,quantile,0.1,29.0
2026-08-15,wk inc covid hosp,2,2026-08-29,42,quantile,0.15,42.0
2026-08-15,wk inc covid hosp,2,2026-08-29,42,quantile,0.2,54.0
2026-08-15,wk inc covid hosp,2,2026-08-29,42,quantile,0.25,64.0
2026-08-15,wk inc covid hosp,2,2026-08-29,42,quantile,0.3,72.0
2026-08-15,wk inc covid hosp,2,2026-08-29,42,quantile,0.35,82.0
2026-08-15,wk inc covid hosp,2,2026-08-29,42,quantile,0.4,91.0
2026-08-15,wk inc covid hosp,2,2026-08-29,42,quantile,0.45,100.0
2026-08-15,wk inc covid hosp,2,2026-08-29,42,quantile,0.5,110.0
2026-08-15,wk inc covid hosp,2,2026-08-29,42,quantile,0.55,119.0
2026-08-15,wk inc covid hosp,2,2026-08-29,42,quantile,0.6,130.0
2026-08-15,wk inc covid hosp,2,2026-08-29,42,quantile,0.65,144.0
2026-08-15,wk inc covid hosp,2,2026-08-29,42,quantile,0.7,157.0
2026-08-15,wk inc covid hosp,2,2026-08-29,42,quantile,0.75,171.0
2026-08-15,wk inc covid hosp,2,2026-08-29,42,quantile,0.8,185.0
2026-08-15,wk inc covid hosp,2,2026-08-29,42,quantile,0.85,207.0
2026-08-15,wk inc covid hosp,2,2026-08-29,42,quantile,0.9,236.0
2026-08-15,wk inc covid hosp,2,2026-08-29,42,quantile,0.95,289.0
2026-08-15,wk inc covid hosp,2,2026-08-29,42,quantile,0.975,343.0
2026-08-15,wk inc covid hosp,2,2026-08-29,42,quantile,0.99,408.0
2026-08-15,wk inc covid hosp,2,2026-08-29,44,quantile,0.01,0.0
2026-08-15,wk inc covid hosp,2,2026-08-29,44,quantile,0.025,0.0
2026-08-15,wk inc covid hosp,2,2026-08-29,44,quantile,0.05,2.0
2026-08-15,wk inc covid hosp,2,2026-08-29,44,quantile,0.1,4.0
2026-08-15,wk inc covid hosp,2,2026-08-29,44,quantile,0.15,5.0
2026-08-15,wk inc covid hosp,2,2026-08-29,44,quantile,0.2,6.0
2026-08-15,wk inc covid hosp,2,2026-08-29,44,quantile,0.25,7.0
2026-08-15,wk inc covid hosp,2,2026-08-29,44,quantile,0.3,8.0
2026-08-15,wk inc covid hosp,2,2026-08-29,44,quantile,0.35,9.0
2026-08-15,wk inc covid hosp,2,2026-08-29,44,quantile,0.4,10.0
2026-08-15,wk inc covid hosp,2,2026-08-29,44,quantile,0.45,11.0
2026-08-15,wk inc covid hosp,2,2026-08-29,44,quantile,0.5,12.0
2026-08-15,wk inc covid hosp,2,2026-08-29,44,quantile,0.55,13.0
2026-08-15,wk inc covid hosp,2,2026-08-29,44,quantile,0.6,14.0
2026-08-15,wk inc covid hosp,2,2026-08-29,44,quantile,0.65,16.0
2026-08-15,wk inc covid hosp,2,2026-08-29,44,quantile,0.7,17.0
2026-08-15,wk inc covid hosp,2,2026-08-29,44,quantile,0.75,18.0
2026-08-15,wk inc covid hosp,2,2026-08-29,44,quantile,0.8,20.0
2026-08-15,wk inc covid hosp,2,2026-08-29,44,quantile,0.85,22.0
2026-08-15,wk inc covid hosp,2,2026-08-29,44,quantile,0.9,25.0
2026-08-15,wk inc covid hosp,2,2026-08-29,44,quantile,0.95,30.0
2026-08-15,wk inc covid hosp,2,2026-08-29,44,quantile,0.975,34.0
2026-08-15,wk inc covid hosp,2,2026-08-29,44,quantile,0.99,41.0
2026-08-15,wk inc covid hosp,2,2026-08-29,45,quantile,0.01,0.0
2026-08-15,wk inc covid hosp,2,2026-08-29,45,quantile,0.025,3.0
2026-08-15,wk inc covid hosp,2,2026-08-29,45,quantile,0.05,7.0
2026-08-15,wk inc covid hosp,2,2026-08-29,45,quantile,0.1,15.0
2026-08-15,wk inc covid hosp,2,2026-08-29,45,quantile,0.15,20.0
2026-08-15,wk inc covid hosp,2,2026-08-29,45,quantile,0.2,25.0
2026-08-15,wk inc covid hosp,2,2026-08-29,45,quantile,0.25,28.0
2026-08-15,wk inc covid hosp,2,2026-08-29,45,quantile,0.3,31.0
2026-08-15,wk inc covid hosp,2,2026-08-29,45,quantile,0.35,35.0
2026-08-15,wk inc covid hosp,2,2026-08-29,45,quantile,0.4,38.0
2026-08-15,wk inc covid hosp,2,2026-08-29,45,quantile,0.45,41.0
2026-08-15,wk inc covid hosp,2,2026-08-29,45,quantile,0.5,45.0
2026-08-15,wk inc covid hosp,2,2026-08-29,45,quantile,0.55,48.0
2026-08-15,wk inc covid hosp,2,2026-08-29,45,quantile,0.6,52.0
2026-08-15,wk inc covid hosp,2,2026-08-29,45,quantile,0.65,57.0
2026-08-15,wk inc covid hosp,2,2026-08-29,45,quantile,0.7,61.0
2026-08-15,wk inc covid hosp,2,2026-08-29,45,quantile,0.75,66.0
2026-08-15,wk inc covid hosp,2,2026-08-29,45,quantile,0.8,71.0
2026-08-15,wk inc covid hosp,2,2026-08-29,45,quantile,0.85,78.0
2026-08-15,wk inc covid hosp,2,2026-08-29,45,quantile,0.9,88.0
2026-08-15,wk inc covid hosp,2,2026-08-29,45,quantile,0.95,107.0
2026-08-15,wk inc covid hosp,2,2026-08-29,45,quantile,0.975,126.0
2026-08-15,wk inc covid hosp,2,2026-08-29,45,quantile,0.99,146.0
2026-08-15,wk inc covid hosp,2,2026-08-29,46,quantile,0.01,0.0
2026-08-15,wk inc covid hosp,2,2026-08-29,46,quantile,0.025,0.0
2026-08-15,wk inc covid hosp,2,2026-08-29,46,quantile,0.05,0.0
2026-08-15,wk inc covid hosp,2,2026-08-29,46,quantile,0.1,0.0
2026-08-15,wk inc covid hosp,2,2026-08-29,46,quantile,0.15,0.0
2026-08-15,wk inc covid hosp,2,2026-08-29,46,quantile,0.2,1.0
2026-08-15,wk inc covid hosp,2,2026-08-29,46,quantile,0.25,1.0
2026-08-15,wk inc covid hosp,2,2026-08-29,46,quantile,0.3,2.0
2026-08-15,wk inc covid hosp,2,2026-08-29,46,quantile,0.35,3.0
2026-08-15,wk inc covid hosp,2,2026-08-29,46,quantile,0.4,3.0
2026-08-15,wk inc covid hosp,2,2026-08-29,46,quantile,0.45,4.0
2026-08-15,wk inc covid hosp,2,2026-08-29,46,quantile,0.5,5.0
2026-08-15,wk inc covid hosp,2,2026-08-29,46,quantile,0.55,5.0
2026-08-15,wk inc covid hosp,2,2026-08-29,46,quantile,0.6,6.0
2026-08-15,wk inc covid hosp,2,2026-08-29,46,quantile,0.65,7.0
2026-08-15,wk inc covid hosp,2,2026-08-29,46,quantile,0.7,8.0
2026-08-15,wk inc covid hosp,2,2026-08-29,46,quantile,0.75,8.0
2026-08-15,wk inc covid hosp,2,2026-08-29,46,quantile,0.8,10.0
2026-08-15,wk inc covid hosp,2,2026-08-29,46,quantile,0.85,11.0
2026-08-15,wk inc covid hosp,2,2026-08-29,46,quantile,0.9,13.0
2026-08-15,wk inc covid hosp,2,2026-08-29,46,quantile,0.95,16.0
2026-08-15,wk inc covid hosp,2,2026-08-29,46,quantile,0.975,19.0
2026-08-15,wk inc covid hosp,2,2026-08-29,46,quantile,0.99,24.0
2026-08-15,wk inc covid hosp,2,2026-08-29,47,quantile,0.01,0.0
2026-08-15,wk inc covid hosp,2,2026-08-29,47,quantile,0.025,7.0
2026-08-15,wk inc covid hosp,2,2026-08-29,47,quantile,0.05,14.0
2026-08-15,wk inc covid hosp,2,2026-08-29,47,quantile,0.1,25.0
2026-08-15,wk inc covid hosp,2,2026-08-29,47,quantile,0.15,33.0
2026-08-15,wk inc covid hosp,2,2026-08-29,47,quantile,0.2,39.0
2026-08-15,wk inc covid hosp,2,2026-08-29,47,quantile,0.25,43.0
2026-08-15,wk inc covid hosp,2,2026-08-29,47,quantile,0.3,49.0
2026-08-15,wk inc covid hosp,2,2026-08-29,47,quantile,0.35,54.0
2026-08-15,wk inc covid hosp,2,2026-08-29,47,quantile,0.4,58.0
2026-08-15,wk inc covid hosp,2,2026-08-29,47,quantile,0.45,63.0
2026-08-15,wk inc covid hosp,2,2026-08-29,47,quantile,0.5,67.0
2026-08-15,wk inc covid hosp,2,2026-08-29,47,quantile,0.55,73.0
2026-08-15,wk inc covid hosp,2,2026-08-29,47,quantile,0.6,78.0
2026-08-15,wk inc covid hosp,2,2026-08-29,47,quantile,0.65,85.0
2026-08-15,wk inc covid hosp,2,2026-08-29,47,quantile,0.7,91.0
2026-08-15,wk inc covid hosp,2,2026-08-29,47,quantile,0.75,100.0
2026-08-15,wk inc covid hosp,2,2026-08-29,47,quantile,0.8,107.0
2026-08-15,wk inc covid hosp,2,2026-08-29,47,quantile,0.85,117.0
2026-08-15,wk inc covid hosp,2,2026-08-29,47,quantile,0.9,132.0
2026-08-15,wk inc covid hosp,2,2026-08-29,47,quantile,0.95,160.0
2026-08-15,wk inc covid hosp,2,2026-08-29,47,quantile,0.975,189.0
2026-08-15,wk inc covid hosp,2,2026-08-29,47,quantile,0.99,210.0
2026-08-15,wk inc covid hosp,2,2026-08-29,48,quantile,0.01,69.0
2026-08-15,wk inc covid hosp,2,2026-08-29,48,quantile,0.025,109.0
2026-08-15,wk inc covid hosp,2,2026-08-29,48,quantile,0.05,138.0
2026-08-15,wk inc covid hosp,2,2026-08-29,48,quantile,0.1,196.0
2026-08-15,wk inc covid hosp,2,2026-08-29,48,quantile,0.15,232.0
2026-08-15,wk inc covid hosp,2,2026-08-29,48,quantile,0.2,264.0
2026-08-15,wk inc covid hosp,2,2026-08-29,48,quantile,0.25,291.0
2026-08-15,wk inc covid hosp,2,2026-08-29,48,quantile,0.3,311.0
2026-08-15,wk inc covid hosp,2,2026-08-29,48,quantile,0.35,337.0
2026-08-15,wk inc covid hosp,2,2026-08-29,48,quantile,0.4,361.0
2026-08-15,wk inc covid hosp,2,2026-08-29,48,quantile,0.45,381.0
2026-08-15,wk inc covid hosp,2,2026-08-29,48,quantile,0.5,406.0
2026-08-15,wk inc covid hosp,2,2026-08-29,48,quantile,0.55,427.0
2026-08-15,wk inc covid hosp,2,2026-08-29,48,quantile,0.6,456.0
2026-08-15,wk inc covid hosp,2,2026-08-29,48,quantile,0.65,488.0
2026-08-15,wk inc covid hosp,2,2026-08-29,48,quantile,0.7,520.0
2026-08-15,wk inc covid hosp,2,2026-08-29,48,quantile,0.75,554.0
2026-08-15,wk inc covid hosp,2,2026-08-29,48,quantile,0.8,592.0
2026-08-15,wk inc covid hosp,2,2026-08-29,48,quantile,0.85,639.0
2026-08-15,wk inc covid hosp,2,2026-08-29,48,quantile,0.9,703.0
2026-08-15,wk inc covid hosp,2,2026-08-29,48,quantile,0.95,835.0
2026-08-15,wk inc covid hosp,2,2026-08-29,48,quantile,0.975,968.0
2026-08-15,wk inc covid hosp,2,2026-08-29,48,quantile,0.99,1106.0
2026-08-15,wk inc covid hosp,2,2026-08-29,49,quantile,0.01,0.0
2026-08-15,wk inc covid hosp,2,2026-08-29,49,quantile,0.025,0.0
2026-08-15,wk inc covid hosp,2,2026-08-29,49,quantile,0.05,0.0
2026-08-15,wk inc covid hosp,2,2026-08-29,49,quantile,0.1,0.0
2026-08-15,wk inc covid hosp,2,2026-08-29,49,quantile,0.15,0.0
2026-08-15,wk inc covid hosp,2,2026-08-29,49,quantile,0.2,0.0
2026-08-15,wk inc covid hosp,2,2026-08-29,49,quantile,0.25,0.0
2026-08-15,wk inc covid hosp,2,2026-08-29,49,quantile,0.3,0.0
2026-08-15,wk inc covid hosp,2,2026-08-29,49,quantile,0.35,0.0
2026-08-15,wk inc covid hosp,2,2026-08-29,49,quantile,0.4,1.0
2026-08-15,wk inc covid hosp,2,2026-08-29,49,quantile,0.45,2.0
2026-08-15,wk inc covid hosp,2,2026-08-29,49,quantile,0.5,3.0
2026-08-15,wk inc covid hosp,2,2026-08-29,49,quantile,0.55,5.0
2026-08-15,wk inc covid hosp,2,2026-08-29,49,quantile,0.6,6.0
2026-08-15,wk inc covid hosp,2,2026-08-29,49,quantile,0.65,8.0
2026-08-15,wk inc covid hosp,2,2026-08-29,49,quantile,0.7,9.0
2026-08-15,wk inc covid hosp,2,2026-08-29,49,quantile,0.75,10.0
2026-08-15,wk inc covid hosp,2,2026-08-29,49,quantile,0.8,12.0
2026-08-15,wk inc covid hosp,2,2026-08-29,49,quantile,0.85,15.0
2026-08-15,wk inc covid hosp,2,2026-08-29,49,quantile,0.9,18.0
2026-08-15,wk inc covid hosp,2,2026-08-29,49,quantile,0.95,22.0
2026-08-15,wk inc covid hosp,2,2026-08-29,49,quantile,0.975,28.0
2026-08-15,wk inc covid hosp,2,2026-08-29,49,quantile,0.99,34.0
2026-08-15,wk inc covid hosp,2,2026-08-29,50,quantile,0.01,0.0
2026-08-15,wk inc covid hosp,2,2026-08-29,50,quantile,0.025,0.0
2026-08-15,wk inc covid hosp,2,2026-08-29,50,quantile,0.05,0.0
2026-08-15,wk inc covid hosp,2,2026-08-29,50,quantile,0.1,1.0
2026-08-15,wk inc covid hosp,2,2026-08-29,50,quantile,0.15,2.0
2026-08-15,wk inc covid hosp,2,2026-08-29,50,quantile,0.2,2.0
2026-08-15,wk inc covid hosp,2,2026-08-29,50,quantile,0.25,3.0
2026-08-15,wk inc covid hosp,2,2026-08-29,50,quantile,0.3,3.0
2026-08-15,wk inc covid hosp,2,2026-08-29,50,quantile,0.35,4.0
2026-08-15,wk inc covid hosp,2,2026-08-29,50,quantile,0.4,5.0
2026-08-15,wk inc covid hosp,2,2026-08-29,50,quantile,0.45,5.0
2026-08-15,wk inc covid hosp,2,2026-08-29,50,quantile,0.5,6.0
2026-08-15,wk inc covid hosp,2,2026-08-29,50,quantile,0.55,6.0
2026-08-15,wk inc covid hosp,2,2026-08-29,50,quantile,0.6,7.0
2026-08-15,wk inc covid hosp,2,2026-08-29,50,quantile,0.65,8.0
2026-08-15,wk inc covid hosp,2,2026-08-29,50,quantile,0.7,8.0
2026-08-15,wk inc covid hosp,2,2026-08-29,50,quantile,0.75,9.0
2026-08-15,wk inc covid hosp,2,2026-08-29,50,quantile,0.8,10.0
2026-08-15,wk inc covid hosp,2,2026-08-29,50,quantile,0.85,11.0
2026-08-15,wk inc covid hosp,2,2026-08-29,50,quantile,0.9,13.0
2026-08-15,wk inc covid hosp,2,2026-08-29,50,quantile,0.95,16.0
2026-08-15,wk inc covid hosp,2,2026-08-29,50,quantile,0.975,18.0
2026-08-15,wk inc covid hosp,2,2026-08-29,50,quantile,0.99,22.0
2026-08-15,wk inc covid hosp,2,2026-08-29,51,quantile,0.01,0.0
2026-08-15,wk inc covid hosp,2,2026-08-29,51,quantile,0.025,0.0
2026-08-15,wk inc covid hosp,2,2026-08-29,51,quantile,0.05,4.0
2026-08-15,wk inc covid hosp,2,2026-08-29,51,quantile,0.1,14.0
2026-08-15,wk inc covid hosp,2,2026-08-29,51,quantile,0.15,20.0
2026-08-15,wk inc covid hosp,2,2026-08-29,51,quantile,0.2,25.0
2026-08-15,wk inc covid hosp,2,2026-08-29,51,quantile,0.25,28.0
2026-08-15,wk inc covid hosp,2,2026-08-29,51,quantile,0.3,33.0
2026-08-15,wk inc covid hosp,2,2026-08-29,51,quantile,0.35,37.0
2026-08-15,wk inc covid hosp,2,2026-08-29,51,quantile,0.4,40.0
2026-08-15,wk inc covid hosp,2,2026-08-29,51,quantile,0.45,44.0
2026-08-15,wk inc covid hosp,2,2026-08-29,51,quantile,0.5,47.0
2026-08-15,wk inc covid hosp,2,2026-08-29,51,quantile,0.55,52.0
2026-08-15,wk inc covid hosp,2,2026-08-29,51,quantile,0.6,56.0
2026-08-15,wk inc covid hosp,2,2026-08-29,51,quantile,0.65,60.0
2026-08-15,wk inc covid hosp,2,2026-08-29,51,quantile,0.7,65.0
2026-08-15,wk inc covid hosp,2,2026-08-29,51,quantile,0.75,71.0
2026-08-15,wk inc covid hosp,2,2026-08-29,51,quantile,0.8,77.0
2026-08-15,wk inc covid hosp,2,2026-08-29,51,quantile,0.85,84.0
2026-08-15,wk inc covid hosp,2,2026-08-29,51,quantile,0.9,94.0
2026-08-15,wk inc covid hosp,2,2026-08-29,51,quantile,0.95,114.0
2026-08-15,wk inc covid hosp,2,2026-08-29,51,quantile,0.975,134.0
2026-08-15,wk inc covid hosp,2,2026-08-29,51,quantile,0.99,148.0
2026-08-15,wk inc covid hosp,2,2026-08-29,53,quantile,0.01,0.0
2026-08-15,wk inc covid hosp,2,2026-08-29,53,quantile,0.025,1.0
2026-08-15,wk inc covid hosp,2,2026-08-29,53,quantile,0.05,6.0
2026-08-15,wk inc covid hosp,2,2026-08-29,53,quantile,0.1,15.0
2026-08-15,wk inc covid hosp,2,2026-08-29,53,quantile,0.15,21.0
2026-08-15,wk inc covid hosp,2,2026-08-29,53,quantile,0.2,27.0
2026-08-15,wk inc covid hosp,2,2026-08-29,53,quantile,0.25,31.0
2026-08-15,wk inc covid hosp,2,2026-08-29,53,quantile,0.3,34.0
2026-08-15,wk inc covid hosp,2,2026-08-29,53,quantile,0.35,38.0
2026-08-15,wk inc covid hosp,2,2026-08-29,53,quantile,0.4,42.0
2026-08-15,wk inc covid hosp,2,2026-08-29,53,quantile,0.45,45.0
2026-08-15,wk inc covid hosp,2,2026-08-29,53,quantile,0.5,49.0
2026-08-15,wk inc covid hosp,2,2026-08-29,53,quantile,0.55,53.0
2026-08-15,wk inc covid hosp,2,2026-08-29,53,quantile,0.6,57.0
2026-08-15,wk inc covid hosp,2,2026-08-29,53,quantile,0.65,62.0
2026-08-15,wk inc covid hosp,2,2026-08-29,53,quantile,0.7,67.0
2026-08-15,wk inc covid hosp,2,2026-08-29,53,quantile,0.75,72.0
2026-08-15,wk inc covid hosp,2,2026-08-29,53,quantile,0.8,78.0
2026-08-15,wk inc covid hosp,2,2026-08-29,53,quantile,0.85,85.0
2026-08-15,wk inc covid hosp,2,2026-08-29,53,quantile,0.9,95.0
2026-08-15,wk inc covid hosp,2,2026-08-29,53,quantile,0.95,115.0
2026-08-15,wk inc covid hosp,2,2026-08-29,53,quantile,0.975,134.0
2026-08-15,wk inc covid hosp,2,2026-08-29,53,quantile,0.99,154.0
2026-08-15,wk inc covid hosp,2,2026-08-29,54,quantile,0.01,0.0
2026-08-15,wk inc covid hosp,2,2026-08-29,54,quantile,0.025,0.0
2026-08-15,wk inc covid hosp,2,2026-08-29,54,quantile,0.05,0.0
2026-08-15,wk inc covid hosp,2,2026-08-29,54,quantile,0.1,1.0
2026-08-15,wk inc covid hosp,2,2026-08-29,54,quantile,0.15,2.0
2026-08-15,wk inc covid hosp,2,2026-08-29,54,quantile,0.2,4.0
2026-08-15,wk inc covid hosp,2,2026-08-29,54,quantile,0.25,5.0
2026-08-15,wk inc covid hosp,2,2026-08-29,54,quantile,0.3,6.0
2026-08-15,wk inc covid hosp,2,2026-08-29,54,quantile,0.35,7.0
2026-08-15,wk inc covid hosp,2,2026-08-29,54,quantile,0.4,8.0
2026-08-15,wk inc covid hosp,2,2026-08-29,54,quantile,0.45,9.0
2026-08-15,wk inc covid hosp,2,2026-08-29,54,quantile,0.5,10.0
2026-08-15,wk inc covid hosp,2,2026-08-29,54,quantile,0.55,12.0
2026-08-15,wk inc covid hosp,2,2026-08-29,54,quantile,0.6,13.0
2026-08-15,wk inc covid hosp,2,2026-08-29,54,quantile,0.65,15.0
2026-08-15,wk inc covid hosp,2,2026-08-29,54,quantile,0.7,16.0
2026-08-15,wk inc covid hosp,2,2026-08-29,54,quantile,0.75,18.0
2026-08-15,wk inc covid hosp,2,2026-08-29,54,quantile,0.8,20.0
2026-08-15,wk inc covid hosp,2,2026-08-29,54,quantile,0.85,22.0
2026-08-15,wk inc covid hosp,2,2026-08-29,54,quantile,0.9,26.0
2026-08-15,wk inc covid hosp,2,2026-08-29,54,quantile,0.95,33.0
2026-08-15,wk inc covid hosp,2,2026-08-29,54,quantile,0.975,41.0
2026-08-15,wk inc covid hosp,2,2026-08-29,54,quantile,0.99,46.0
2026-08-15,wk inc covid hosp,2,2026-08-29,55,quantile,0.01,0.0
2026-08-15,wk inc covid hosp,2,2026-08-29,55,quantile,0.025,0.0
2026-08-15,wk inc covid hosp,2,2026-08-29,55,quantile,0.05,0.0
2026-08-15,wk inc covid hosp,2,2026-08-29,55,quantile,0.1,1.0
2026-08-15,wk inc covid hosp,2,2026-08-29,55,quantile,0.15,5.0
2026-08-15,wk inc covid hosp,2,2026-08-29,55,quantile,0.2,10.0
2026-08-15,wk inc covid hosp,2,2026-08-29,55,quantile,0.25,13.0
2026-08-15,wk inc covid hosp,2,2026-08-29,55,quantile,0.3,16.0
2026-08-15,wk inc covid hosp,2,2026-08-29,55,quantile,0.35,19.0
2026-08-15,wk inc covid hosp,2,2026-08-29,55,quantile,0.4,22.0
2026-08-15,wk inc covid hosp,2,2026-08-29,55,quantile,0.45,25.0
2026-08-15,wk inc covid hosp,2,2026-08-29,55,quantile,0.5,28.0
2026-08-15,wk inc covid hosp,2,2026-08-29,55,quantile,0.55,31.0
2026-08-15,wk inc covid hosp,2,2026-08-29,55,quantile,0.6,35.0
2026-08-15,wk inc covid hosp,2,2026-08-29,55,quantile,0.65,39.0
2026-08-15,wk inc covid hosp,2,2026-08-29,55,quantile,0.7,43.0
2026-08-15,wk inc covid hosp,2,2026-08-29,55,quantile,0.75,48.0
2026-08-15,wk inc covid hosp,2,2026-08-29,55,quantile,0.8,52.0
2026-08-15,wk inc covid hosp,2,2026-08-29,55,quantile,0.85,59.0
2026-08-15,wk inc covid hosp,2,2026-08-29,55,quantile,0.9,68.0
2026-08-15,wk inc covid hosp,2,2026-08-29,55,quantile,0.95,85.0
2026-08-15,wk inc covid hosp,2,2026-08-29,55,quantile,0.975,102.0
2026-08-15,wk inc covid hosp,2,2026-08-29,55,quantile,0.99,121.0
2026-08-15,wk inc covid hosp,2,2026-08-29,56,quantile,0.01,0.0
2026-08-15,wk inc covid hosp,2,2026-08-29,56,quantile,0.025,0.0
2026-08-15,wk inc covid hosp,2,2026-08-29,56,quantile,0.05,0.0
2026-08-15,wk inc covid hosp,2,2026-08-29,56,quantile,0.1,0.0
2026-08-15,wk inc covid hosp,2,2026-08-29,56,quantile,0.15,0.0
2026-08-15,wk inc covid hosp,2,2026-08-29,56,quantile,0.2,0.0
2026-08-15,wk inc covid hosp,2,2026-08-29,56,quantile,0.25,0.0
2026-08-15,wk inc covid hosp,2,2026-08-29,56,quantile,0.3,1.0
2026-08-15,wk inc covid hosp,2,2026-08-29,56,quantile,0.35,1.0
2026-08-15,wk inc covid hosp,2,2026-08-29,56,quantile,0.4,1.0
2026-08-15,wk inc covid hosp,2,2026-08-29,56,quantile,0.45,2.0
2026-08-15,wk inc covid hosp,2,2026-08-29,56,quantile,0.5,2.0
2026-08-15,wk inc covid hosp,2,2026-08-29,56,quantile,0.55,3.0
2026-08-15,wk inc covid hosp,2,2026-08-29,56,quantile,0.6,3.0
2026-08-15,wk inc covid hosp,2,2026-08-29,56,quantile,0.65,4.0
2026-08-15,wk inc covid hosp,2,2026-08-29,56,quantile,0.7,4.0
2026-08-15,wk inc covid hosp,2,2026-08-29,56,quantile,0.75,5.0
2026-08-15,wk inc covid hosp,2,2026-08-29,56,quantile,0.8,6.0
2026-08-15,wk inc covid hosp,2,2026-08-29,56,quantile,0.85,7.0
2026-08-15,wk inc covid hosp,2,2026-08-29,56,quantile,0.9,8.0
2026-08-15,wk inc covid hosp,2,2026-08-29,56,quantile,0.95,10.0
2026-08-15,wk inc covid hosp,2,2026-08-29,56,quantile,0.975,12.0
2026-08-15,wk inc covid hosp,2,2026-08-29,56,quantile,0.99,15.0
2026-08-15,wk inc covid hosp,2,2026-08-29,72,quantile,0.01,0.0
2026-08-15,wk inc covid hosp,2,2026-08-29,72,quantile,0.025,1.0
2026-08-15,wk inc covid hosp,2,2026-08-29,72,quantile,0.05,9.0
2026-08-15,wk inc covid hosp,2,2026-08-29,72,quantile,0.1,19.0
2026-08-15,wk inc covid hosp,2,2026-08-29,72,quantile,0.15,27.0
2026-08-15,wk inc covid hosp,2,2026-08-29,72,quantile,0.2,33.0
2026-08-15,wk inc covid hosp,2,2026-08-29,72,quantile,0.25,38.0
2026-08-15,wk inc covid hosp,2,2026-08-29,72,quantile,0.3,43.0
2026-08-15,wk inc covid hosp,2,2026-08-29,72,quantile,0.35,48.0
2026-08-15,wk inc covid hosp,2,2026-08-29,72,quantile,0.4,55.0
2026-08-15,wk inc covid hosp,2,2026-08-29,72,quantile,0.45,61.0
2026-08-15,wk inc covid hosp,2,2026-08-29,72,quantile,0.5,65.0
2026-08-15,wk inc covid hosp,2,2026-08-29,72,quantile,0.55,73.0
2026-08-15,wk inc covid hosp,2,2026-08-29,72,quantile,0.6,80.0
2026-08-15,wk inc covid hosp,2,2026-08-29,72,quantile,0.65,88.0
2026-08-15,wk inc covid hosp,2,2026-08-29,72,quantile,0.7,97.0
2026-08-15,wk inc covid hosp,2,2026-08-29,72,quantile,0.75,106.0
2026-08-15,wk inc covid hosp,2,2026-08-29,72,quantile,0.8,118.0
2026-08-15,wk inc covid hosp,2,2026-08-29,72,quantile,0.85,132.0
2026-08-15,wk inc covid hosp,2,2026-08-29,72,quantile,0.9,153.0
2026-08-15,wk inc covid hosp,2,2026-08-29,72,quantile,0.95,188.0
2026-08-15,wk inc covid hosp,2,2026-08-29,72,quantile,0.975,231.0
2026-08-15,wk inc covid hosp,2,2026-08-29,72,quantile,0.99,283.0
2026-08-15,wk inc covid hosp,3,2026-09-05,01,quantile,0.01,15.0
2026-08-15,wk inc covid hosp,3,2026-09-05,01,quantile,0.025,24.0
2026-08-15,wk inc covid hosp,3,2026-09-05,01,quantile,0.05,33.0
2026-08-15,wk inc covid hosp,3,2026-09-05,01,quantile,0.1,46.0
2026-08-15,wk inc covid hosp,3,2026-09-05,01,quantile,0.15,57.0
2026-08-15,wk inc covid hosp,3,2026-09-05,01,quantile,0.2,66.0
2026-08-15,wk inc covid hosp,3,2026-09-05,01,quantile,0.25,72.0
2026-08-15,wk inc covid hosp,3,2026-09-05,01,quantile,0.3,80.0
2026-08-15,wk inc covid hosp,3,2026-09-05,01,quantile,0.35,87.0
2026-08-15,wk inc covid hosp,3,2026-09-05,01,quantile,0.4,94.0
2026-08-15,wk inc covid hosp,3,2026-09-05,01,quantile,0.45,102.0
2026-08-15,wk inc covid hosp,3,2026-09-05,01,quantile,0.5,111.0
2026-08-15,wk inc covid hosp,3,2026-09-05,01,quantile,0.55,119.0
2026-08-15,wk inc covid hosp,3,2026-09-05,01,quantile,0.6,127.0
2026-08-15,wk inc covid hosp,3,2026-09-05,01,quantile,0.65,136.0
2026-08-15,wk inc covid hosp,3,2026-09-05,01,quantile,0.7,145.0
2026-08-15,wk inc covid hosp,3,2026-09-05,01,quantile,0.75,155.0
2026-08-15,wk inc covid hosp,3,2026-09-05,01,quantile,0.8,168.0
2026-08-15,wk inc covid hosp,3,2026-09-05,01,quantile,0.85,185.0
2026-08-15,wk inc covid hosp,3,2026-09-05,01,quantile,0.9,206.0
2026-08-15,wk inc covid hosp,3,2026-09-05,01,quantile,0.95,252.0
2026-08-15,wk inc covid hosp,3,2026-09-05,01,quantile,0.975,283.0
2026-08-15,wk inc covid hosp,3,2026-09-05,01,quantile,0.99,333.0
2026-08-15,wk inc covid hosp,3,2026-09-05,02,quantile,0.01,0.0
2026-08-15,wk inc covid hosp,3,2026-09-05,02,quantile,0.025,0.0
2026-08-15,wk inc covid hosp,3,2026-09-05,02,quantile,0.05,0.0
2026-08-15,wk inc covid hosp,3,2026-09-05,02,quantile,0.1,0.0
2026-08-15,wk inc covid hosp,3,2026-09-05,02,quantile,0.15,1.0
2026-08-15,wk inc covid hosp,3,2026-09-05,02,quantile,0.2,1.0
2026-08-15,wk inc covid hosp,3,2026-09-05,02,quantile,0.25,2.0
2026-08-15,wk inc covid hosp,3,2026-09-05,02,quantile,0.3,2.0
2026-08-15,wk inc covid hosp,3,2026-09-05,02,quantile,0.35,3.0
2026-08-15,wk inc covid hosp,3,2026-09-05,02,quantile,0.4,3.0
2026-08-15,wk inc covid hosp,3,2026-09-05,02,quantile,0.45,4.0
2026-08-15,wk inc covid hosp,3,2026-09-05,02,quantile,0.5,4.0
2026-08-15,wk inc covid hosp,3,2026-09-05,02,quantile,0.55,5.0
2026-08-15,wk inc covid hosp,3,2026-09-05,02,quantile,0.6,6.0
2026-08-15,wk inc covid hosp,3,2026-09-05,02,quantile,0.65,7.0
2026-08-15,wk inc covid hosp,3,2026-09-05,02,quantile,0.7,7.0
2026-08-15,wk inc covid hosp,3,2026-09-05,02,quantile,0.75,8.0
2026-08-15,wk inc covid hosp,3,2026-09-05,02,quantile,0.8,9.0
2026-08-15,wk inc covid hosp,3,2026-09-05,02,quantile,0.85,10.0
2026-08-15,wk inc covid hosp,3,2026-09-05,02,quantile,0.9,12.0
2026-08-15,wk inc covid hosp,3,2026-09-05,02,quantile,0.95,16.0
2026-08-15,wk inc covid hosp,3,2026-09-05,02,quantile,0.975,18.0
2026-08-15,wk inc covid hosp,3,2026-09-05,02,quantile,0.99,22.0
2026-08-15,wk inc covid hosp,3,2026-09-05,04,quantile,0.01,0.0
2026-08-15,wk inc covid hosp,3,2026-09-05,04,quantile,0.025,4.0
2026-08-15,wk inc covid hosp,3,2026-09-05,04,quantile,0.05,15.0
2026-08-15,wk inc covid hosp,3,2026-09-05,04,quantile,0.1,28.0
2026-08-15,wk inc covid hosp,3,2026-09-05,04,quantile,0.15,38.0
2026-08-15,wk inc covid hosp,3,2026-09-05,04,quantile,0.2,48.0
2026-08-15,wk inc covid hosp,3,2026-09-05,04,quantile,0.25,56.0
2026-08-15,wk inc covid hosp,3,2026-09-05,04,quantile,0.3,62.0
2026-08-15,wk inc covid hosp,3,2026-09-05,04,quantile,0.35,68.0
2026-08-15,wk inc covid hosp,3,2026-09-05,04,quantile,0.4,77.0
2026-08-15,wk inc covid hosp,3,2026-09-05,04,quantile,0.45,84.0
2026-08-15,wk inc covid hosp,3,2026-09-05,04,quantile,0.5,93.0
2026-08-15,wk inc covid hosp,3,2026-09-05,04,quantile,0.55,102.0
2026-08-15,wk inc covid hosp,3,2026-09-05,04,quantile,0.6,109.0
2026-08-15,wk inc covid hosp,3,2026-09-05,04,quantile,0.65,119.0
2026-08-15,wk inc covid hosp,3,2026-09-05,04,quantile,0.7,129.0
2026-08-15,wk inc covid hosp,3,2026-09-05,04,quantile,0.75,140.0
2026-08-15,wk inc covid hosp,3,2026-09-05,04,quantile,0.8,152.0
2026-08-15,wk inc covid hosp,3,2026-09-05,04,quantile,0.85,169.0
2026-08-15,wk inc covid hosp,3,2026-09-05,04,quantile,0.9,199.0
2026-08-15,wk inc covid hosp,3,2026-09-05,04,quantile,0.95,249.0
2026-08-15,wk inc covid hosp,3,2026-09-05,04,quantile,0.975,291.0
2026-08-15,wk inc covid hosp,3,2026-09-05,04,quantile,0.99,357.0
2026-08-15,wk inc covid hosp,3,2026-09-05,05,quantile,0.01,0.0
2026-08-15,wk inc covid hosp,3,2026-09-05,05,quantile,0.025,0.0
2026-08-15,wk inc covid hosp,3,2026-09-05,05,quantile,0.05,1.0
2026-08-15,wk inc covid hosp,3,2026-09-05,05,quantile,0.1,6.0
2026-08-15,wk inc covid hosp,3,2026-09-05,05,quantile,0.15,10.0
2026-08-15,wk inc covid hosp,3,2026-09-05,05,quantile,0.2,13.0
2026-08-15,wk inc covid hosp,3,2026-09-05,05,quantile,0.25,15.0
2026-08-15,wk inc covid hosp,3,2026-09-05,05,quantile,0.3,18.0
2026-08-15,wk inc covid hosp,3,2026-09-05,05,quantile,0.35,20.0
2026-08-15,wk inc covid hosp,3,2026-09-05,05,quantile,0.4,23.0
2026-08-15,wk inc covid hosp,3,2026-09-05,05,quantile,0.45,25.0
2026-08-15,wk inc covid hosp,3,2026-09-05,05,quantile,0.5,29.0
2026-08-15,wk inc covid hosp,3,2026-09-05,05,quantile,0.55,32.0
2026-08-15,wk inc covid hosp,3,2026-09-05,05,quantile,0.6,35.0
2026-08-15,wk inc covid hosp,3,2026-09-05,05,quantile,0.65,38.0
2026-08-15,wk inc covid hosp,3,2026-09-05,05,quantile,0.7,41.0
2026-08-15,wk inc covid hosp,3,2026-09-05,05,quantile,0.75,44.0
2026-08-15,wk inc covid hosp,3,2026-09-05,05,quantile,0.8,49.0
2026-08-15,wk inc covid hosp,3,2026-09-05,05,quantile,0.85,54.0
2026-08-15,wk inc covid hosp,3,2026-09-05,05,quantile,0.9,62.0
2026-08-15,wk inc covid hosp,3,2026-09-05,05,quantile,0.95,77.0
2026-08-15,wk inc covid hosp,3,2026-09-05,05,quantile,0.975,87.0
2026-08-15,wk inc covid hosp,3,2026-09-05,05,quantile,0.99,105.0
2026-08-15,wk inc covid hosp,3,2026-09-05,06,quantile,0.01,104.0
2026-08-15,wk inc covid hosp,3,2026-09-05,06,quantile,0.025,146.0
2026-08-15,wk inc covid hosp,3,2026-09-05,06,quantile,0.05,195.0
2026-08-15,wk inc covid hosp,3,2026-09-05,06,quantile,0.1,263.0
2026-08-15,wk inc covid hosp,3,2026-09-05,06,quantile,0.15,314.0
2026-08-15,wk inc covid hosp,3,2026-09-05,06,quantile,0.2,350.0
2026-08-15,wk inc covid hosp,3,2026-09-05,06,quantile,0.25,384.0
2026-08-15,wk inc covid hosp,3,2026-09-05,06,quantile,0.3,412.0
2026-08-15,wk inc covid hosp,3,2026-09-05,06,quantile,0.35,438.0
2026-08-15,wk inc covid hosp,3,2026-09-05,06,quantile,0.4,469.0
2026-08-15,wk inc covid hosp,3,2026-09-05,06,quantile,0.45,497.0
2026-08-15,wk inc covid hosp,3,2026-09-05,06,quantile,0.5,532.0
2026-08-15,wk inc covid hosp,3,2026-09-05,06,quantile,0.55,562.0
2026-08-15,wk inc covid hosp,3,2026-09-05,06,quantile,0.6,599.0
2026-08-15,wk inc covid hosp,3,2026-09-05,06,quantile,0.65,636.0
2026-08-15,wk inc covid hosp,3,2026-09-05,06,quantile,0.7,672.0
2026-08-15,wk inc covid hosp,3,2026-09-05,06,quantile,0.75,710.0
2026-08-15,wk inc covid hosp,3,2026-09-05,06,quantile,0.8,757.0
2026-08-15,wk inc covid hosp,3,2026-09-05,06,quantile,0.85,820.0
2026-08-15,wk inc covid hosp,3,2026-09-05,06,quantile,0.9,913.0
2026-08-15,wk inc covid hosp,3,2026-09-05,06,quantile,0.95,1071.0
2026-08-15,wk inc covid hosp,3,2026-09-05,06,quantile,0.975,1214.0
2026-08-15,wk inc covid hosp,3,2026-09-05,06,quantile,0.99,1409.0
2026-08-15,wk inc covid hosp,3,2026-09-05,08,quantile,0.01,0.0
2026-08-15,wk inc covid hosp,3,2026-09-05,08,quantile,0.025,0.0
2026-08-15,wk inc covid hosp,3,2026-09-05,08,quantile,0.05,0.0
2026-08-15,wk inc covid hosp,3,2026-09-05,08,quantile,0.1,0.0
2026-08-15,wk inc covid hosp,3,2026-09-05,08,quantile,0.15,7.0
2026-08-15,wk inc covid hosp,3,2026-09-05,08,quantile,0.2,11.0
2026-08-15,wk inc covid hosp,3,2026-09-05,08,quantile,0.25,15.0
2026-08-15,wk inc covid hosp,3,2026-09-05,08,quantile,0.3,19.0
2026-08-15,wk inc covid hosp,3,2026-09-05,08,quantile,0.35,23.0
2026-08-15,wk inc covid hosp,3,2026-09-05,08,quantile,0.4,27.0
2026-08-15,wk inc covid hosp,3,2026-09-05,08,quantile,0.45,31.0
2026-08-15,wk inc covid hosp,3,2026-09-05,08,quantile,0.5,36.0
2026-08-15,wk inc covid hosp,3,2026-09-05,08,quantile,0.55,40.0
2026-08-15,wk inc covid hosp,3,2026-09-05,08,quantile,0.6,45.0
2026-08-15,wk inc covid hosp,3,2026-09-05,08,quantile,0.65,49.0
2026-08-15,wk inc covid hosp,3,2026-09-05,08,quantile,0.7,54.0
2026-08-15,wk inc covid hosp,3,2026-09-05,08,quantile,0.75,60.0
2026-08-15,wk inc covid hosp,3,2026-09-05,08,quantile,0.8,66.0
2026-08-15,wk inc covid hosp,3,2026-09-05,08,quantile,0.85,75.0
2026-08-15,wk inc covid hosp,3,2026-09-05,08,quantile,0.9,87.0
2026-08-15,wk inc covid hosp,3,2026-09-05,08,quantile,0.95,111.0
2026-08-15,wk inc covid hosp,3,2026-09-05,08,quantile,0.975,127.0
2026-08-15,wk inc covid hosp,3,2026-09-05,08,quantile,0.99,151.0
2026-08-15,wk inc covid hosp,3,2026-09-05,09,quantile,0.01,0.0
2026-08-15,wk inc covid hosp,3,2026-09-05,09,quantile,0.025,0.0
2026-08-15,wk inc covid hosp,3,2026-09-05,09,quantile,0.05,0.0
2026-08-15,wk inc covid hosp,3,2026-09-05,09,quantile,0.1,0.0
2026-08-15,wk inc covid hosp,3,2026-09-05,09,quantile,0.15,2.0
2026-08-15,wk inc covid hosp,3,2026-09-05,09,quantile,0.2,4.0
2026-08-15,wk inc covid hosp,3,2026-09-05,09,quantile,0.25,6.0
2026-08-15,wk inc covid hosp,3,2026-09-05,09,quantile,0.3,9.0
2026-08-15,wk inc covid hosp,3,2026-09-05,09,quantile,0.35,11.0
2026-08-15,wk inc covid hosp,3,2026-09-05,09,quantile,0.4,14.0
2026-08-15,wk inc covid hosp,3,2026-09-05,09,quantile,0.45,16.0
2026-08-15,wk inc covid hosp,3,2026-09-05,09,quantile,0.5,18.0
2026-08-15,wk inc covid hosp,3,2026-09-05,09,quantile,0.55,21.0
2026-08-15,wk inc covid hosp,3,2026-09-05,09,quantile,0.6,24.0
2026-08-15,wk inc covid hosp,3,2026-09-05,09,quantile,0.65,26.0
2026-08-15,wk inc covid hosp,3,2026-09-05,09,quantile,0.7,30.0
2026-08-15,wk inc covid hosp,3,2026-09-05,09,quantile,0.75,33.0
2026-08-15,wk inc covid hosp,3,2026-09-05,09,quantile,0.8,37.0
2026-08-15,wk inc covid hosp,3,2026-09-05,09,quantile,0.85,41.0
2026-08-15,wk inc covid hosp,3,2026-09-05,09,quantile,0.9,50.0
2026-08-15,wk inc covid hosp,3,2026-09-05,09,quantile,0.95,64.0
2026-08-15,wk inc covid hosp,3,2026-09-05,09,quantile,0.975,75.0
2026-08-15,wk inc covid hosp,3,2026-09-05,09,quantile,0.99,90.0
2026-08-15,wk inc covid hosp,3,2026-09-05,10,quantile,0.01,0.0
2026-08-15,wk inc covid hosp,3,2026-09-05,10,quantile,0.025,0.0
2026-08-15,wk inc covid hosp,3,2026-09-05,10,quantile,0.05,0.0
2026-08-15,wk inc covid hosp,3,2026-09-05,10,quantile,0.1,0.0
2026-08-15,wk inc covid hosp,3,2026-09-05,10,quantile,0.15,0.0
2026-08-15,wk inc covid hosp,3,2026-09-05,10,quantile,0.2,0.0
2026-08-15,wk inc covid hosp,3,2026-09-05,10,quantile,0.25,1.0
2026-08-15,wk inc covid hosp,3,2026-09-05,10,quantile,0.3,2.0
2026-08-15,wk inc covid hosp,3,2026-09-05,10,quantile,0.35,2.0
2026-08-15,wk inc covid hosp,3,2026-09-05,10,quantile,0.4,3.0
2026-08-15,wk inc covid hosp,3,2026-09-05,10,quantile,0.45,4.0
2026-08-15,wk inc covid hosp,3,2026-09-05,10,quantile,0.5,4.0
2026-08-15,wk inc covid hosp,3,2026-09-05,10,quantile,0.55,5.0
2026-08-15,wk inc covid hosp,3,2026-09-05,10,quantile,0.6,6.0
2026-08-15,wk inc covid hosp,3,2026-09-05,10,quantile,0.65,7.0
2026-08-15,wk inc covid hosp,3,2026-09-05,10,quantile,0.7,8.0
2026-08-15,wk inc covid hosp,3,2026-09-05,10,quantile,0.75,9.0
2026-08-15,wk inc covid hosp,3,2026-09-05,10,quantile,0.8,11.0
2026-08-15,wk inc covid hosp,3,2026-09-05,10,quantile,0.85,12.0
2026-08-15,wk inc covid hosp,3,2026-09-05,10,quantile,0.9,15.0
2026-08-15,wk inc covid hosp,3,2026-09-05,10,quantile,0.95,20.0
2026-08-15,wk inc covid hosp,3,2026-09-05,10,quantile,0.975,24.0
2026-08-15,wk inc covid hosp,3,2026-09-05,10,quantile,0.99,30.0
2026-08-15,wk inc covid hosp,3,2026-09-05,11,quantile,0.01,0.0
2026-08-15,wk inc covid hosp,3,2026-09-05,11,quantile,0.025,0.0
2026-08-15,wk inc covid hosp,3,2026-09-05,11,quantile,0.05,0.0
2026-08-15,wk inc covid hosp,3,2026-09-05,11,quantile,0.1,0.0
2026-08-15,wk inc covid hosp,3,2026-09-05,11,quantile,0.15,1.0
2026-08-15,wk inc covid hosp,3,2026-09-05,11,quantile,0.2,2.0
2026-08-15,wk inc covid hosp,3,2026-09-05,11,quantile,0.25,3.0
2026-08-15,wk inc covid hosp,3,2026-09-05,11,quantile,0.3,3.0
2026-08-15,wk inc covid hosp,3,2026-09-05,11,quantile,0.35,4.0
2026-08-15,wk inc covid hosp,3,2026-09-05,11,quantile,0.4,5.0
2026-08-15,wk inc covid hosp,3,2026-09-05,11,quantile,0.45,6.0
2026-08-15,wk inc covid hosp,3,2026-09-05,11,quantile,0.5,6.0
2026-08-15,wk inc covid hosp,3,2026-09-05,11,quantile,0.55,7.0
2026-08-15,wk inc covid hosp,3,2026-09-05,11,quantile,0.6,8.0
2026-08-15,wk inc covid hosp,3,2026-09-05,11,quantile,0.65,9.0
2026-08-15,wk inc covid hosp,3,2026-09-05,11,quantile,0.7,10.0
2026-08-15,wk inc covid hosp,3,2026-09-05,11,quantile,0.75,11.0
2026-08-15,wk inc covid hosp,3,2026-09-05,11,quantile,0.8,13.0
2026-08-15,wk inc covid hosp,3,2026-09-05,11,quantile,0.85,14.0
2026-08-15,wk inc covid hosp,3,2026-09-05,11,quantile,0.9,17.0
2026-08-15,wk inc covid hosp,3,2026-09-05,11,quantile,0.95,23.0
2026-08-15,wk inc covid hosp,3,2026-09-05,11,quantile,0.975,27.0
2026-08-15,wk inc covid hosp,3,2026-09-05,11,quantile,0.99,33.0
2026-08-15,wk inc covid hosp,3,2026-09-05,12,quantile,0.01,29.0
2026-08-15,wk inc covid hosp,3,2026-09-05,12,quantile,0.025,61.0
2026-08-15,wk inc covid hosp,3,2026-09-05,12,quantile,0.05,94.0
2026-08-15,wk inc covid hosp,3,2026-09-05,12,quantile,0.1,146.0
2026-08-15,wk inc covid hosp,3,2026-09-05,12,quantile,0.15,187.0
2026-08-15,wk inc covid hosp,3,2026-09-05,12,quantile,0.2,219.0
2026-08-15,wk inc covid hosp,3,2026-09-05,12,quantile,0.25,243.0
2026-08-15,wk inc covid hosp,3,2026-09-05,12,quantile,0.3,271.0
2026-08-15,wk inc covid hosp,3,2026-09-05,12,quantile,0.35,299.0
2026-08-15,wk inc covid hosp,3,2026-09-05,12,quantile,0.4,326.0
2026-08-15,wk inc covid hosp,3,2026-09-05,12,quantile,0.45,356.0
2026-08-15,wk inc covid hosp,3,2026-09-05,12,quantile,0.5,390.0
2026-08-15,wk inc covid hosp,3,2026-09-05,12,quantile,0.55,421.0
2026-08-15,wk inc covid hosp,3,2026-09-05,12,quantile,0.6,454.0
2026-08-15,wk inc covid hosp,3,2026-09-05,12,quantile,0.65,487.0
2026-08-15,wk inc covid hosp,3,2026-09-05,12,quantile,0.7,519.0
2026-08-15,wk inc covid hosp,3,2026-09-05,12,quantile,0.75,558.0
2026-08-15,wk inc covid hosp,3,2026-09-05,12,quantile,0.8,609.0
2026-08-15,wk inc covid hosp,3,2026-09-05,12,quantile,0.85,672.0
2026-08-15,wk inc covid hosp,3,2026-09-05,12,quantile,0.9,750.0
2026-08-15,wk inc covid hosp,3,2026-09-05,12,quantile,0.95,926.0
2026-08-15,wk inc covid hosp,3,2026-09-05,12,quantile,0.975,1046.0
2026-08-15,wk inc covid hosp,3,2026-09-05,12,quantile,0.99,1241.0
2026-08-15,wk inc covid hosp,3,2026-09-05,13,quantile,0.01,0.0
2026-08-15,wk inc covid hosp,3,2026-09-05,13,quantile,0.025,8.0
2026-08-15,wk inc covid hosp,3,2026-09-05,13,quantile,0.05,24.0
2026-08-15,wk inc covid hosp,3,2026-09-05,13,quantile,0.1,43.0
2026-08-15,wk inc covid hosp,3,2026-09-05,13,quantile,0.15,59.0
2026-08-15,wk inc covid hosp,3,2026-09-05,13,quantile,0.2,72.0
2026-08-15,wk inc covid hosp,3,2026-09-05,13,quantile,0.25,83.0
2026-08-15,wk inc covid hosp,3,2026-09-05,13,quantile,0.3,93.0
2026-08-15,wk inc covid hosp,3,2026-09-05,13,quantile,0.35,101.0
2026-08-15,wk inc covid hosp,3,2026-09-05,13,quantile,0.4,112.0
2026-08-15,wk inc covid hosp,3,2026-09-05,13,quantile,0.45,122.0
2026-08-15,wk inc covid hosp,3,2026-09-05,13,quantile,0.5,135.0
2026-08-15,wk inc covid hosp,3,2026-09-05,13,quantile,0.55,146.0
2026-08-15,wk inc covid hosp,3,2026-09-05,13,quantile,0.6,158.0
2026-08-15,wk inc covid hosp,3,2026-09-05,13,quantile,0.65,172.0
2026-08-15,wk inc covid hosp,3,2026-09-05,13,quantile,0.7,185.0
2026-08-15,wk inc covid hosp,3,2026-09-05,13,quantile,0.75,200.0
2026-08-15,wk inc covid hosp,3,2026-09-05,13,quantile,0.8,218.0
2026-08-15,wk inc covid hosp,3,2026-09-05,13,quantile,0.85,241.0
2026-08-15,wk inc covid hosp,3,2026-09-05,13,quantile,0.9,283.0
2026-08-15,wk inc covid hosp,3,2026-09-05,13,quantile,0.95,347.0
2026-08-15,wk inc covid hosp,3,2026-09-05,13,quantile,0.975,400.0
2026-08-15,wk inc covid hosp,3,2026-09-05,13,quantile,0.99,495.0
2026-08-15,wk inc covid hosp,3,2026-09-05,15,quantile,0.01,0.0
2026-08-15,wk inc covid hosp,3,2026-09-05,15,quantile,0.025,0.0
2026-08-15,wk inc covid hosp,3,2026-09-05,15,quantile,0.05,0.0
2026-08-15,wk inc covid hosp,3,2026-09-05,15,quantile,0.1,4.0
2026-08-15,wk inc covid hosp,3,2026-09-05,15,quantile,0.15,7.0
2026-08-15,wk inc covid hosp,3,2026-09-05,15,quantile,0.2,9.0
2026-08-15,wk inc covid hosp,3,2026-09-05,15,quantile,0.25,11.0
2026-08-15,wk inc covid hosp,3,2026-09-05,15,quantile,0.3,13.0
2026-08-15,wk inc covid hosp,3,2026-09-05,15,quantile,0.35,15.0
2026-08-15,wk inc covid hosp,3,2026-09-05,15,quantile,0.4,17.0
2026-08-15,wk inc covid hosp,3,2026-09-05,15,quantile,0.45,20.0
2026-08-15,wk inc covid hosp,3,2026-09-05,15,quantile,0.5,22.0
2026-08-15,wk inc covid hosp,3,2026-09-05,15,quantile,0.55,24.0
2026-08-15,wk inc covid hosp,3,2026-09-05,15,quantile,0.6,27.0
2026-08-15,wk inc covid hosp,3,2026-09-05,15,quantile,0.65,30.0
2026-08-15,wk inc covid hosp,3,2026-09-05,15,quantile,0.7,34.0
2026-08-15,wk inc covid hosp,3,2026-09-05,15,quantile,0.75,37.0
2026-08-15,wk inc covid hosp,3,2026-09-05,15,quantile,0.8,42.0
2026-08-15,wk inc covid hosp,3,2026-09-05,15,quantile,0.85,46.0
2026-08-15,wk inc covid hosp,3,2026-09-05,15,quantile,0.9,56.0
2026-08-15,wk inc covid hosp,3,2026-09-05,15,quantile,0.95,74.0
2026-08-15,wk inc covid hosp,3,2026-09-05,15,quantile,0.975,88.0
2026-08-15,wk inc covid hosp,3,2026-09-05,15,quantile,0.99,109.0
2026-08-15,wk inc covid hosp,3,2026-09-05,16,quantile,0.01,0.0
2026-08-15,wk inc covid hosp,3,2026-09-05,16,quantile,0.025,0.0
2026-08-15,wk inc covid hosp,3,2026-09-05,16,quantile,0.05,0.0
2026-08-15,wk inc covid hosp,3,2026-09-05,16,quantile,0.1,0.0
2026-08-15,wk inc covid hosp,3,2026-09-05,16,quantile,0.15,0.0
2026-08-15,wk inc covid hosp,3,2026-09-05,16,quantile,0.2,2.0
2026-08-15,wk inc covid hosp,3,2026-09-05,16,quantile,0.25,3.0
2026-08-15,wk inc covid hosp,3,2026-09-05,16,quantile,0.3,4.0
2026-08-15,wk inc covid hosp,3,2026-09-05,16,quantile,0.35,5.0
2026-08-15,wk inc covid hosp,3,2026-09-05,16,quantile,0.4,6.0
2026-08-15,wk inc covid hosp,3,2026-09-05,16,quantile,0.45,8.0
2026-08-15,wk inc covid hosp,3,2026-09-05,16,quantile,0.5,9.0
2026-08-15,wk inc covid hosp,3,2026-09-05,16,quantile,0.55,10.0
2026-08-15,wk inc covid hosp,3,2026-09-05,16,quantile,0.6,11.0
2026-08-15,wk inc covid hosp,3,2026-09-05,16,quantile,0.65,13.0
2026-08-15,wk inc covid hosp,3,2026-09-05,16,quantile,0.7,15.0
2026-08-15,wk inc covid hosp,3,2026-09-05,16,quantile,0.75,16.0
2026-08-15,wk inc covid hosp,3,2026-09-05,16,quantile,0.8,18.0
2026-08-15,wk inc covid hosp,3,2026-09-05,16,quantile,0.85,21.0
2026-08-15,wk inc covid hosp,3,2026-09-05,16,quantile,0.9,25.0
2026-08-15,wk inc covid hosp,3,2026-09-05,16,quantile,0.95,32.0
2026-08-15,wk inc covid hosp,3,2026-09-05,16,quantile,0.975,38.0
2026-08-15,wk inc covid hosp,3,2026-09-05,16,quantile,0.99,45.0
2026-08-15,wk inc covid hosp,3,2026-09-05,17,quantile,0.01,0.0
2026-08-15,wk inc covid hosp,3,2026-09-05,17,quantile,0.025,0.0
2026-08-15,wk inc covid hosp,3,2026-09-05,17,quantile,0.05,0.0
2026-08-15,wk inc covid hosp,3,2026-09-05,17,quantile,0.1,14.0
2026-08-15,wk inc covid hosp,3,2026-09-05,17,quantile,0.15,27.0
2026-08-15,wk inc covid hosp,3,2026-09-05,17,quantile,0.2,36.0
2026-08-15,wk inc covid hosp,3,2026-09-05,17,quantile,0.25,44.0
2026-08-15,wk inc covid hosp,3,2026-09-05,17,quantile,0.3,51.0
2026-08-15,wk inc covid hosp,3,2026-09-05,17,quantile,0.35,58.0
2026-08-15,wk inc covid hosp,3,2026-09-05,17,quantile,0.4,66.0
2026-08-15,wk inc covid hosp,3,2026-09-05,17,quantile,0.45,72.0
2026-08-15,wk inc covid hosp,3,2026-09-05,17,quantile,0.5,82.0
2026-08-15,wk inc covid hosp,3,2026-09-05,17,quantile,0.55,90.0
2026-08-15,wk inc covid hosp,3,2026-09-05,17,quantile,0.6,99.0
2026-08-15,wk inc covid hosp,3,2026-09-05,17,quantile,0.65,108.0
2026-08-15,wk inc covid hosp,3,2026-09-05,17,quantile,0.7,118.0
2026-08-15,wk inc covid hosp,3,2026-09-05,17,quantile,0.75,128.0
2026-08-15,wk inc covid hosp,3,2026-09-05,17,quantile,0.8,140.0
2026-08-15,wk inc covid hosp,3,2026-09-05,17,quantile,0.85,157.0
2026-08-15,wk inc covid hosp,3,2026-09-05,17,quantile,0.9,181.0
2026-08-15,wk inc covid hosp,3,2026-09-05,17,quantile,0.95,223.0
2026-08-15,wk inc covid hosp,3,2026-09-05,17,quantile,0.975,261.0
2026-08-15,wk inc covid hosp,3,2026-09-05,17,quantile,0.99,316.0
2026-08-15,wk inc covid hosp,3,2026-09-05,18,quantile,0.01,0.0
2026-08-15,wk inc covid hosp,3,2026-09-05,18,quantile,0.025,0.0
2026-08-15,wk inc covid hosp,3,2026-09-05,18,quantile,0.05,0.0
2026-08-15,wk inc covid hosp,3,2026-09-05,18,quantile,0.1,0.0
2026-08-15,wk inc covid hosp,3,2026-09-05,18,quantile,0.15,5.0
2026-08-15,wk inc covid hosp,3,2026-09-05,18,quantile,0.2,10.0
2026-08-15,wk inc covid hosp,3,2026-09-05,18,quantile,0.25,14.0
2026-08-15,wk inc covid hosp,3,2026-09-05,18,quantile,0.3,18.0
2026-08-15,wk inc covid hosp,3,2026-09-05,18,quantile,0.35,23.0
2026-08-15,wk inc covid hosp,3,2026-09-05,18,quantile,0.4,27.0
2026-08-15,wk inc covid hosp,3,2026-09-05,18,quantile,0.45,32.0
2026-08-15,wk inc covid hosp,3,2026-09-05,18,quantile,0.5,37.0
2026-08-15,wk inc covid hosp,3,2026-09-05,18,quantile,0.55,42.0
2026-08-15,wk inc covid hosp,3,2026-09-05,18,quantile,0.6,47.0
2026-08-15,wk inc covid hosp,3,2026-09-05,18,quantile,0.65,53.0
2026-08-15,wk inc covid hosp,3,2026-09-05,18,quantile,0.7,58.0
2026-08-15,wk inc covid hosp,3,2026-09-05,18,quantile,0.75,64.0
2026-08-15,wk inc covid hosp,3,2026-09-05,18,quantile,0.8,71.0
2026-08-15,wk inc covid hosp,3,2026-09-05,18,quantile,0.85,81.0
2026-08-15,wk inc covid hosp,3,2026-09-05,18,quantile,0.9,94.0
2026-08-15,wk inc covid hosp,3,2026-09-05,18,quantile,0.95,121.0
2026-08-15,wk inc covid hosp,3,2026-09-05,18,quantile,0.975,138.0
2026-08-15,wk inc covid hosp,3,2026-09-05,18,quantile,0.99,167.0
2026-08-15,wk inc covid hosp,3,2026-09-05,19,quantile,0.01,0.0
2026-08-15,wk inc covid hosp,3,2026-09-05,19,quantile,0.025,0.0
2026-08-15,wk inc covid hosp,3,2026-09-05,19,quantile,0.05,0.0
2026-08-15,wk inc covid hosp,3,2026-09-05,19,quantile,0.1,4.0
2026-08-15,wk inc covid hosp,3,2026-09-05,19,quantile,0.15,7.0
2026-08-15,wk inc covid hosp,3,2026-09-05,19,quantile,0.2,9.0
2026-08-15,wk inc covid hosp,3,2026-09-05,19,quantile,0.25,11.0
2026-08-15,wk inc covid hosp,3,2026-09-05,19,quantile,0.3,13.0
2026-08-15,wk inc covid hosp,3,2026-09-05,19,quantile,0.35,16.0
2026-08-15,wk inc covid hosp,3,2026-09-05,19,quantile,0.4,18.0
2026-08-15,wk inc covid hosp,3,2026-09-05,19,quantile,0.45,20.0
2026-08-15,wk inc covid hosp,3,2026-09-05,19,quantile,0.5,22.0
2026-08-15,wk inc covid hosp,3,2026-09-05,19,quantile,0.55,25.0
2026-08-15,wk inc covid hosp,3,2026-09-05,19,quantile,0.6,27.0
2026-08-15,wk inc covid hosp,3,2026-09-05,19,quantile,0.65,30.0
2026-08-15,wk inc covid hosp,3,2026-09-05,19,quantile,0.7,33.0
2026-08-15,wk inc covid hosp,3,2026-09-05,19,quantile,0.75,36.0
2026-08-15,wk inc covid hosp,3,2026-09-05,19,quantile,0.8,39.0
2026-08-15,wk inc covid hosp,3,2026-09-05,19,quantile,0.85,44.0
2026-08-15,wk inc covid hosp,3,2026-09-05,19,quantile,0.9,51.0
2026-08-15,wk inc covid hosp,3,2026-09-05,19,quantile,0.95,63.0
2026-08-15,wk inc covid hosp,3,2026-09-05,19,quantile,0.975,74.0
2026-08-15,wk inc covid hosp,3,2026-09-05,19,quantile,0.99,86.0
2026-08-15,wk inc covid hosp,3,2026-09-05,20,quantile,0.01,0.0
2026-08-15,wk inc covid hosp,3,2026-09-05,20,quantile,0.025,0.0
2026-08-15,wk inc covid hosp,3,2026-09-05,20,quantile,0.05,1.0
2026-08-15,wk inc covid hosp,3,2026-09-05,20,quantile,0.1,6.0
2026-08-15,wk inc covid hosp,3,2026-09-05,20,quantile,0.15,9.0
2026-08-15,wk inc covid hosp,3,2026-09-05,20,quantile,0.2,11.0
2026-08-15,wk inc covid hosp,3,2026-09-05,20,quantile,0.25,13.0
2026-08-15,wk inc covid hosp,3,2026-09-05,20,quantile,0.3,15.0
2026-08-15,wk inc covid hosp,3,2026-09-05,20,quantile,0.35,18.0
2026-08-15,wk inc covid hosp,3,2026-09-05,20,quantile,0.4,20.0
2026-08-15,wk inc covid hosp,3,2026-09-05,20,quantile,0.45,22.0
2026-08-15,wk inc covid hosp,3,2026-09-05,20,quantile,0.5,25.0
2026-08-15,wk inc covid hosp,3,2026-09-05,20,quantile,0.55,27.0
2026-08-15,wk inc covid hosp,3,2026-09-05,20,quantile,0.6,29.0
2026-08-15,wk inc covid hosp,3,2026-09-05,20,quantile,0.65,32.0
2026-08-15,wk inc covid hosp,3,2026-09-05,20,quantile,0.7,35.0
2026-08-15,wk inc covid hosp,3,2026-09-05,20,quantile,0.75,38.0
2026-08-15,wk inc covid hosp,3,2026-09-05,20,quantile,0.8,42.0
2026-08-15,wk inc covid hosp,3,2026-09-05,20,quantile,0.85,47.0
2026-08-15,wk inc covid hosp,3,2026-09-05,20,quantile,0.9,53.0
2026-08-15,wk inc covid hosp,3,2026-09-05,20,quantile,0.95,66.0
2026-08-15,wk inc covid hosp,3,2026-09-05,20,quantile,0.975,77.0
2026-08-15,wk inc covid hosp,3,2026-09-05,20,quantile,0.99,89.0
2026-08-15,wk inc covid hosp,3,2026-09-05,21,quantile,0.01,0.0
2026-08-15,wk inc covid hosp,3,2026-09-05,21,quantile,0.025,0.0
2026-08-15,wk inc covid hosp,3,2026-09-05,21,quantile,0.05,0.0
2026-08-15,wk inc covid hosp,3,2026-09-05,21,quantile,0.1,3.0
2026-08-15,wk inc covid hosp,3,2026-09-05,21,quantile,0.15,7.0
2026-08-15,wk inc covid hosp,3,2026-09-05,21,quantile,0.2,11.0
2026-08-15,wk inc covid hosp,3,2026-09-05,21,quantile,0.25,14.0
2026-08-15,wk inc covid hosp,3,2026-09-05,21,quantile,0.3,17.0
2026-08-15,wk inc covid hosp,3,2026-09-05,21,quantile,0.35,21.0
2026-08-15,wk inc covid hosp,3,2026-09-05,21,quantile,0.4,24.0
2026-08-15,wk inc covid hosp,3,2026-09-05,21,quantile,0.45,27.0
2026-08-15,wk inc covid hosp,3,2026-09-05,21,quantile,0.5,30.0
2026-08-15,wk inc covid hosp,3,2026-09-05,21,quantile,0.55,34.0
2026-08-15,wk inc covid hosp,3,2026-09-05,21,quantile,0.6,38.0
2026-08-15,wk inc covid hosp,3,2026-09-05,21,quantile,0.65,42.0
2026-08-15,wk inc covid hosp,3,2026-09-05,21,quantile,0.7,47.0
2026-08-15,wk inc covid hosp,3,2026-09-05,21,quantile,0.75,51.0
2026-08-15,wk inc covid hosp,3,2026-09-05,21,quantile,0.8,57.0
2026-08-15,wk inc covid hosp,3,2026-09-05,21,quantile,0.85,64.0
2026-08-15,wk inc covid hosp,3,2026-09-05,21,quantile,0.9,74.0
2026-08-15,wk inc covid hosp,3,2026-09-05,21,quantile,0.95,94.0
2026-08-15,wk inc covid hosp,3,2026-09-05,21,quantile,0.975,111.0
2026-08-15,wk inc covid hosp,3,2026-09-05,21,quantile,0.99,130.0
2026-08-15,wk inc covid hosp,3,2026-09-05,22,quantile,0.01,6.0
2026-08-15,wk inc covid hosp,3,2026-09-05,22,quantile,0.025,13.0
2026-08-15,wk inc covid hosp,3,2026-09-05,22,quantile,0.05,20.0
2026-08-15,wk inc covid hosp,3,2026-09-05,22,quantile,0.1,31.0
2026-08-15,wk inc covid hosp,3,2026-09-05,22,quantile,0.15,40.0
2026-08-15,wk inc covid hosp,3,2026-09-05,22,quantile,0.2,47.0
2026-08-15,wk inc covid hosp,3,2026-09-05,22,quantile,0.25,52.0
2026-08-15,wk inc covid hosp,3,2026-09-05,22,quantile,0.3,58.0
2026-08-15,wk inc covid hosp,3,2026-09-05,22,quantile,0.35,63.0
2026-08-15,wk inc covid hosp,3,2026-09-05,22,quantile,0.4,69.0
2026-08-15,wk inc covid hosp,3,2026-09-05,22,quantile,0.45,75.0
2026-08-15,wk inc covid hosp,3,2026-09-05,22,quantile,0.5,82.0
2026-08-15,wk inc covid hosp,3,2026-09-05,22,quantile,0.55,89.0
2026-08-15,wk inc covid hosp,3,2026-09-05,22,quantile,0.6,96.0
2026-08-15,wk inc covid hosp,3,2026-09-05,22,quantile,0.65,102.0
2026-08-15,wk inc covid hosp,3,2026-09-05,22,quantile,0.7,109.0
2026-08-15,wk inc covid hosp,3,2026-09-05,22,quantile,0.75,117.0
2026-08-15,wk inc covid hosp,3,2026-09-05,22,quantile,0.8,128.0
2026-08-15,wk inc covid hosp,3,2026-09-05,22,quantile,0.85,141.0
2026-08-15,wk inc covid hosp,3,2026-09-05,22,quantile,0.9,157.0
2026-08-15,wk inc covid hosp,3,2026-09-05,22,quantile,0.95,192.0
2026-08-15,wk inc covid hosp,3,2026-09-05,22,quantile,0.975,216.0
2026-08-15,wk inc covid hosp,3,2026-09-05,22,quantile,0.99,257.0
2026-08-15,wk inc covid hosp,3,2026-09-05,23,quantile,0.01,0.0
2026-08-15,wk inc covid hosp,3,2026-09-05,23,quantile,0.025,0.0
2026-08-15,wk inc covid hosp,3,2026-09-05,23,quantile,0.05,0.0
2026-08-15,wk inc covid hosp,3,2026-09-05,23,quantile,0.1,0.0
2026-08-15,wk inc covid hosp,3,2026-09-05,23,quantile,0.15,0.0
2026-08-15,wk inc covid hosp,3,2026-09-05,23,quantile,0.2,1.0
2026-08-15,wk inc covid hosp,3,2026-09-05,23,quantile,0.25,2.0
2026-08-15,wk inc covid hosp,3,2026-09-05,23,quantile,0.3,3.0
2026-08-15,wk inc covid hosp,3,2026-09-05,23,quantile,0.35,4.0
2026-08-15,wk inc covid hosp,3,2026-09-05,23,quantile,0.4,5.0
2026-08-15,wk inc covid hosp,3,2026-09-05,23,quantile,0.45,5.0
2026-08-15,wk inc covid hosp,3,2026-09-05,23,quantile,0.5,6.0
2026-08-15,wk inc covid hosp,3,2026-09-05,23,quantile,0.55,7.0
2026-08-15,wk inc covid hosp,3,2026-09-05,23,quantile,0.6,8.0
2026-08-15,wk inc covid hosp,3,2026-09-05,23,quantile,0.65,9.0
2026-08-15,wk inc covid hosp,3,2026-09-05,23,quantile,0.7,10.0
2026-08-15,wk inc covid hosp,3,2026-09-05,23,quantile,0.75,12.0
2026-08-15,wk inc covid hosp,3,2026-09-05,23,quantile,0.8,13.0
2026-08-15,wk inc covid hosp,3,2026-09-05,23,quantile,0.85,14.0
2026-08-15,wk inc covid hosp,3,2026-09-05,23,quantile,0.9,18.0
2026-08-15,wk inc covid hosp,3,2026-09-05,23,quantile,0.95,23.0
2026-08-15,wk inc covid hosp,3,2026-09-05,23,quantile,0.975,26.0
2026-08-15,wk inc covid hosp,3,2026-09-05,23,quantile,0.99,32.0
2026-08-15,wk inc covid hosp,3,2026-09-05,24,quantile,0.01,0.0
2026-08-15,wk inc covid hosp,3,2026-09-05,24,quantile,0.025,0.0
2026-08-15,wk inc covid hosp,3,2026-09-05,24,quantile,0.05,0.0
2026-08-15,wk inc covid hosp,3,2026-09-05,24,quantile,0.1,0.0
2026-08-15,wk inc covid hosp,3,2026-09-05,24,quantile,0.15,6.0
2026-08-15,wk inc covid hosp,3,2026-09-05,24,quantile,0.2,11.0
2026-08-15,wk inc covid hosp,3,2026-09-05,24,quantile,0.25,14.0
2026-08-15,wk inc covid hosp,3,2026-09-05,24,quantile,0.3,18.0
2026-08-15,wk inc covid hosp,3,2026-09-05,24,quantile,0.35,22.0
2026-08-15,wk inc covid hosp,3,2026-09-05,24,quantile,0.4,25.0
2026-08-15,wk inc covid hosp,3,2026-09-05,24,quantile,0.45,29.0
2026-08-15,wk inc covid hosp,3,2026-09-05,24,quantile,0.5,34.0
2026-08-15,wk inc covid hosp,3,2026-09-05,24,quantile,0.55,38.0
2026-08-15,wk inc covid hosp,3,2026-09-05,24,quantile,0.6,42.0
2026-08-15,wk inc covid hosp,3,2026-09-05,24,quantile,0.65,46.0
2026-08-15,wk inc covid hosp,3,2026-09-05,24,quantile,0.7,50.0
2026-08-15,wk inc covid hosp,3,2026-09-05,24,quantile,0.75,55.0
2026-08-15,wk inc covid hosp,3,2026-09-05,24,quantile,0.8,61.0
2026-08-15,wk inc covid hosp,3,2026-09-05,24,quantile,0.85,69.0
2026-08-15,wk inc covid hosp,3,2026-09-05,24,quantile,0.9,79.0
2026-08-15,wk inc covid hosp,3,2026-09-05,24,quantile,0.95,100.0
2026-08-15,wk inc covid hosp,3,2026-09-05,24,quantile,0.975,114.0
2026-08-15,wk inc covid hosp,3,2026-09-05,24,quantile,0.99,136.0
2026-08-15,wk inc covid hosp,3,2026-09-05,25,quantile,0.01,0.0
2026-08-15,wk inc covid hosp,3,2026-09-05,25,quantile,0.025,0.0
2026-08-15,wk inc covid hosp,3,2026-09-05,25,quantile,0.05,0.0
2026-08-15,wk inc covid hosp,3,2026-09-05,25,quantile,0.1,6.0
2026-08-15,wk inc covid hosp,3,2026-09-05,25,quantile,0.15,15.0
2026-08-15,wk inc covid hosp,3,2026-09-05,25,quantile,0.2,21.0
2026-08-15,wk inc covid hosp,3,2026-09-05,25,quantile,0.25,27.0
2026-08-15,wk inc covid hosp,3,2026-09-05,25,quantile,0.3,33.0
2026-08-15,wk inc covid hosp,3,2026-09-05,25,quantile,0.35,37.0
2026-08-15,wk inc covid hosp,3,2026-09-05,25,quantile,0.4,43.0
2026-08-15,wk inc covid hosp,3,2026-09-05,25,quantile,0.45,48.0
2026-08-15,wk inc covid hosp,3,2026-09-05,25,quantile,0.5,56.0
2026-08-15,wk inc covid hosp,3,2026-09-05,25,quantile,0.55,62.0
2026-08-15,wk inc covid hosp,3,2026-09-05,25,quantile,0.6,69.0
2026-08-15,wk inc covid hosp,3,2026-09-05,25,quantile,0.65,77.0
2026-08-15,wk inc covid hosp,3,2026-09-05,25,quantile,0.7,84.0
2026-08-15,wk inc covid hosp,3,2026-09-05,25,quantile,0.75,92.0
2026-08-15,wk inc covid hosp,3,2026-09-05,25,quantile,0.8,102.0
2026-08-15,wk inc covid hosp,3,2026-09-05,25,quantile,0.85,116.0
2026-08-15,wk inc covid hosp,3,2026-09-05,25,quantile,0.9,137.0
2026-08-15,wk inc covid hosp,3,2026-09-05,25,quantile,0.95,175.0
2026-08-15,wk inc covid hosp,3,2026-09-05,25,quantile,0.975,209.0
2026-08-15,wk inc covid hosp,3,2026-09-05,25,quantile,0.99,262.0
2026-08-15,wk inc covid hosp,3,2026-09-05,26,quantile,0.01,0.0
2026-08-15,wk inc covid hosp,3,2026-09-05,26,quantile,0.025,0.0
2026-08-15,wk inc covid hosp,3,2026-09-05,26,quantile,0.05,0.0
2026-08-15,wk inc covid hosp,3,2026-09-05,26,quantile,0.1,0.0
2026-08-15,wk inc covid hosp,3,2026-09-05,26,quantile,0.15,2.0
2026-08-15,wk inc covid hosp,3,2026-09-05,26,quantile,0.2,12.0
2026-08-15,wk inc covid hosp,3,2026-09-05,26,quantile,0.25,19.0
2026-08-15,wk inc covid hosp,3,2026-09-05,26,quantile,0.3,25.0
2026-08-15,wk inc covid hosp,3,2026-09-05,26,quantile,0.35,31.0
2026-08-15,wk inc covid hosp,3,2026-09-05,26,quantile,0.4,40.0
2026-08-15,wk inc covid hosp,3,2026-09-05,26,quantile,0.45,46.0
2026-08-15,wk inc covid hosp,3,2026-09-05,26,quantile,0.5,56.0
2026-08-15,wk inc covid hosp,3,2026-09-05,26,quantile,0.55,65.0
2026-08-15,wk inc covid hosp,3,2026-09-05,26,quantile,0.6,72.0
2026-08-15,wk inc covid hosp,3,2026-09-05,26,quantile,0.65,83.0
2026-08-15,wk inc covid hosp,3,2026-09-05,26,quantile,0.7,93.0
2026-08-15,wk inc covid hosp,3,2026-09-05,26,quantile,0.75,103.0
2026-08-15,wk inc covid hosp,3,2026-09-05,26,quantile,0.8,116.0
2026-08-15,wk inc covid hosp,3,2026-09-05,26,quantile,0.85,134.0
2026-08-15,wk inc covid hosp,3,2026-09-05,26,quantile,0.9,165.0
2026-08-15,wk inc covid hosp,3,2026-09-05,26,quantile,0.95,217.0
2026-08-15,wk inc covid hosp,3,2026-09-05,26,quantile,0.975,258.0
2026-08-15,wk inc covid hosp,3,2026-09-05,26,quantile,0.99,333.0
2026-08-15,wk inc covid hosp,3,2026-09-05,27,quantile,0.01,0.0
2026-08-15,wk inc covid hosp,3,2026-09-05,27,quantile,0.025,0.0
2026-08-15,wk inc covid hosp,3,2026-09-05,27,quantile,0.05,3.0
2026-08-15,wk inc covid hosp,3,2026-09-05,27,quantile,0.1,11.0
2026-08-15,wk inc covid hosp,3,2026-09-05,27,quantile,0.15,17.0
2026-08-15,wk inc covid hosp,3,2026-09-05,27,quantile,0.2,22.0
2026-08-15,wk inc covid hosp,3,2026-09-05,27,quantile,0.25,26.0
2026-08-15,wk inc covid hosp,3,2026-09-05,27,quantile,0.3,30.0
2026-08-15,wk inc covid hosp,3,2026-09-05,27,quantile,0.35,34.0
2026-08-15,wk inc covid hosp,3,2026-09-05,27,quantile,0.4,37.0
2026-08-15,wk inc covid hosp,3,2026-09-05,27,quantile,0.45,41.0
2026-08-15,wk inc covid hosp,3,2026-09-05,27,quantile,0.5,46.0
2026-08-15,wk inc covid hosp,3,2026-09-05,27,quantile,0.55,50.0
2026-08-15,wk inc covid hosp,3,2026-09-05,27,quantile,0.6,55.0
2026-08-15,wk inc covid hosp,3,2026-09-05,27,quantile,0.65,59.0
2026-08-15,wk inc covid hosp,3,2026-09-05,27,quantile,0.7,63.0
2026-08-15,wk inc covid hosp,3,2026-09-05,27,quantile,0.75,68.0
2026-08-15,wk inc covid hosp,3,2026-09-05,27,quantile,0.8,75.0
2026-08-15,wk inc covid hosp,3,2026-09-05,27,quantile,0.85,83.0
2026-08-15,wk inc covid hosp,3,2026-09-05,27,quantile,0.9,93.0
2026-08-15,wk inc covid hosp,3,2026-09-05,27,quantile,0.95,114.0
2026-08-15,wk inc covid hosp,3,2026-09-05,27,quantile,0.975,128.0
2026-08-15,wk inc covid hosp,3,2026-09-05,27,quantile,0.99,150.0
2026-08-15,wk inc covid hosp,3,2026-09-05,28,quantile,0.01,0.0
2026-08-15,wk inc covid hosp,3,2026-09-05,28,quantile,0.025,1.0
2026-08-15,wk inc covid hosp,3,2026-09-05,28,quantile,0.05,5.0
2026-08-15,wk inc covid hosp,3,2026-09-05,28,quantile,0.1,11.0
2026-08-15,wk inc covid hosp,3,2026-09-05,28,quantile,0.15,15.0
2026-08-15,wk inc covid hosp,3,2026-09-05,28,quantile,0.2,19.0
2026-08-15,wk inc covid hosp,3,2026-09-05,28,quantile,0.25,22.0
2026-08-15,wk inc covid hosp,3,2026-09-05,28,quantile,0.3,25.0
2026-08-15,wk inc covid hosp,3,2026-09-05,28,quantile,0.35,28.0
2026-08-15,wk inc covid hosp,3,2026-09-05,28,quantile,0.4,31.0
2026-08-15,wk inc covid hosp,3,2026-09-05,28,quantile,0.45,34.0
2026-08-15,wk inc covid hosp,3,2026-09-05,28,quantile,0.5,38.0
2026-08-15,wk inc covid hosp,3,2026-09-05,28,quantile,0.55,42.0
2026-08-15,wk inc covid hosp,3,2026-09-05,28,quantile,0.6,45.0
2026-08-15,wk inc covid hosp,3,2026-09-05,28,quantile,0.65,49.0
2026-08-15,wk inc covid hosp,3,2026-09-05,28,quantile,0.7,53.0
2026-08-15,wk inc covid hosp,3,2026-09-05,28,quantile,0.75,57.0
2026-08-15,wk inc covid hosp,3,2026-09-05,28,quantile,0.8,63.0
2026-08-15,wk inc covid hosp,3,2026-09-05,28,quantile,0.85,70.0
2026-08-15,wk inc covid hosp,3,2026-09-05,28,quantile,0.9,79.0
2026-08-15,wk inc covid hosp,3,2026-09-05,28,quantile,0.95,98.0
2026-08-15,wk inc covid hosp,3,2026-09-05,28,quantile,0.975,110.0
2026-08-15,wk inc covid hosp,3,2026-09-05,28,quantile,0.99,133.0
2026-08-15,wk inc covid hosp,3,2026-09-05,29,quantile,0.01,0.0
2026-08-15,wk inc covid hosp,3,2026-09-05,29,quantile,0.025,0.0
2026-08-15,wk inc covid hosp,3,2026-09-05,29,quantile,0.05,0.0
2026-08-15,wk inc covid hosp,3,2026-09-05,29,quantile,0.1,4.0
2026-08-15,wk inc covid hosp,3,2026-09-05,29,quantile,0.15,10.0
2026-08-15,wk inc covid hosp,3,2026-09-05,29,quantile,0.2,15.0
2026-08-15,wk inc covid hosp,3,2026-09-05,29,quantile,0.25,19.0
2026-08-15,wk inc covid hosp,3,2026-09-05,29,quantile,0.3,23.0
2026-08-15,wk inc covid hosp,3,2026-09-05,29,quantile,0.35,26.0
2026-08-15,wk inc covid hosp,3,2026-09-05,29,quantile,0.4,30.0
2026-08-15,wk inc covid hosp,3,2026-09-05,29,quantile,0.45,34.0
2026-08-15,wk inc covid hosp,3,2026-09-05,29,quantile,0.5,39.0
2026-08-15,wk inc covid hosp,3,2026-09-05,29,quantile,0.55,43.0
2026-08-15,wk inc covid hosp,3,2026-09-05,29,quantile,0.6,47.0
2026-08-15,wk inc covid hosp,3,2026-09-05,29,quantile,0.65,52.0
2026-08-15,wk inc covid hosp,3,2026-09-05,29,quantile,0.7,57.0
2026-08-15,wk inc covid hosp,3,2026-09-05,29,quantile,0.75,62.0
2026-08-15,wk inc covid hosp,3,2026-09-05,29,quantile,0.8,69.0
2026-08-15,wk inc covid hosp,3,2026-09-05,29,quantile,0.85,77.0
2026-08-15,wk inc covid hosp,3,2026-09-05,29,quantile,0.9,91.0
2026-08-15,wk inc covid hosp,3,2026-09-05,29,quantile,0.95,112.0
2026-08-15,wk inc covid hosp,3,2026-09-05,29,quantile,0.975,130.0
2026-08-15,wk inc covid hosp,3,2026-09-05,29,quantile,0.99,160.0
2026-08-15,wk inc covid hosp,3,2026-09-05,30,quantile,0.01,0.0
2026-08-15,wk inc covid hosp,3,2026-09-05,30,quantile,0.025,0.0
2026-08-15,wk inc covid hosp,3,2026-09-05,30,quantile,0.05,0.0
2026-08-15,wk inc covid hosp,3,2026-09-05,30,quantile,0.1,1.0
2026-08-15,wk inc covid hosp,3,2026-09-05,30,quantile,0.15,2.0
2026-08-15,wk inc covid hosp,3,2026-09-05,30,quantile,0.2,3.0
2026-08-15,wk inc covid hosp,3,2026-09-05,30,quantile,0.25,4.0
2026-08-15,wk inc covid hosp,3,2026-09-05,30,quantile,0.3,5.0
2026-08-15,wk inc covid hosp,3,2026-09-05,30,quantile,0.35,6.0
2026-08-15,wk inc covid hosp,3,2026-09-05,30,quantile,0.4,7.0
2026-08-15,wk inc covid hosp,3,2026-09-05,30,quantile,0.45,8.0
2026-08-15,wk inc covid hosp,3,2026-09-05,30,quantile,0.5,9.0
2026-08-15,wk inc covid hosp,3,2026-09-05,30,quantile,0.55,10.0
2026-08-15,wk inc covid hosp,3,2026-09-05,30,quantile,0.6,11.0
2026-08-15,wk inc covid hosp,3,2026-09-05,30,quantile,0.65,12.0
2026-08-15,wk inc covid hosp,3,2026-09-05,30,quantile,0.7,14.0
2026-08-15,wk inc covid hosp,3,2026-09-05,30,quantile,0.75,15.0
2026-08-15,wk inc covid hosp,3,2026-09-05,30,quantile,0.8,17.0
2026-08-15,wk inc covid hosp,3,2026-09-05,30,quantile,0.85,19.0
2026-08-15,wk inc covid hosp,3,2026-09-05,30,quantile,0.9,22.0
2026-08-15,wk inc covid hosp,3,2026-09-05,30,quantile,0.95,29.0
2026-08-15,wk inc covid hosp,3,2026-09-05,30,quantile,0.975,33.0
2026-08-15,wk inc covid hosp,3,2026-09-05,30,quantile,0.99,41.0
2026-08-15,wk inc covid hosp,3,2026-09-05,31,quantile,0.01,0.0
2026-08-15,wk inc covid hosp,3,2026-09-05,31,quantile,0.025,0.0
2026-08-15,wk inc covid hosp,3,2026-09-05,31,quantile,0.05,0.0
2026-08-15,wk inc covid hosp,3,2026-09-05,31,quantile,0.1,0.0
2026-08-15,wk inc covid hosp,3,2026-09-05,31,quantile,0.15,0.0
2026-08-15,wk inc covid hosp,3,2026-09-05,31,quantile,0.2,1.0
2026-08-15,wk inc covid hosp,3,2026-09-05,31,quantile,0.25,3.0
2026-08-15,wk inc covid hosp,3,2026-09-05,31,quantile,0.3,4.0
2026-08-15,wk inc covid hosp,3,2026-09-05,31,quantile,0.35,5.0
2026-08-15,wk inc covid hosp,3,2026-09-05,31,quantile,0.4,7.0
2026-08-15,wk inc covid hosp,3,2026-09-05,31,quantile,0.45,8.0
2026-08-15,wk inc covid hosp,3,2026-09-05,31,quantile,0.5,9.0
2026-08-15,wk inc covid hosp,3,2026-09-05,31,quantile,0.55,10.0
2026-08-15,wk inc covid hosp,3,2026-09-05,31,quantile,0.6,12.0
2026-08-15,wk inc covid hosp,3,2026-09-05,31,quantile,0.65,13.0
2026-08-15,wk inc covid hosp,3,2026-09-05,31,quantile,0.7,15.0
2026-08-15,wk inc covid hosp,3,2026-09-05,31,quantile,0.75,17.0
2026-08-15,wk inc covid hosp,3,2026-09-05,31,quantile,0.8,19.0
2026-08-15,wk inc covid hosp,3,2026-09-05,31,quantile,0.85,21.0
2026-08-15,wk inc covid hosp,3,2026-09-05,31,quantile,0.9,26.0
2026-08-15,wk inc covid hosp,3,2026-09-05,31,quantile,0.95,33.0
2026-08-15,wk inc covid hosp,3,2026-09-05,31,quantile,0.975,39.0
2026-08-15,wk inc covid hosp,3,2026-09-05,31,quantile,0.99,47.0
2026-08-15,wk inc covid hosp,3,2026-09-05,32,quantile,0.01,0.0
2026-08-15,wk inc covid hosp,3,2026-09-05,32,quantile,0.025,1.0
2026-08-15,wk inc covid hosp,3,2026-09-05,32,quantile,0.05,5.0
2026-08-15,wk inc covid hosp,3,2026-09-05,32,quantile,0.1,10.0
2026-08-15,wk inc covid hosp,3,2026-09-05,32,quantile,0.15,14.0
2026-08-15,wk inc covid hosp,3,2026-09-05,32,quantile,0.2,18.0
2026-08-15,wk inc covid hosp,3,2026-09-05,32,quantile,0.25,20.0
2026-08-15,wk inc covid hosp,3,2026-09-05,32,quantile,0.3,23.0
2026-08-15,wk inc covid hosp,3,2026-09-05,32,quantile,0.35,25.0
2026-08-15,wk inc covid hosp,3,2026-09-05,32,quantile,0.4,28.0
2026-08-15,wk inc covid hosp,3,2026-09-05,32,quantile,0.45,31.0
2026-08-15,wk inc covid hosp,3,2026-09-05,32,quantile,0.5,34.0
2026-08-15,wk inc covid hosp,3,2026-09-05,32,quantile,0.55,37.0
2026-08-15,wk inc covid hosp,3,2026-09-05,32,quantile,0.6,40.0
2026-08-15,wk inc covid hosp,3,2026-09-05,32,quantile,0.65,44.0
2026-08-15,wk inc covid hosp,3,2026-09-05,32,quantile,0.7,47.0
2026-08-15,wk inc covid hosp,3,2026-09-05,32,quantile,0.75,50.0
2026-08-15,wk inc covid hosp,3,2026-09-05,32,quantile,0.8,55.0
2026-08-15,wk inc covid hosp,3,2026-09-05,32,quantile,0.85,61.0
2026-08-15,wk inc covid hosp,3,2026-09-05,32,quantile,0.9,68.0
2026-08-15,wk inc covid hosp,3,2026-09-05,32,quantile,0.95,84.0
2026-08-15,wk inc covid hosp,3,2026-09-05,32,quantile,0.975,94.0
2026-08-15,wk inc covid hosp,3,2026-09-05,32,quantile,0.99,112.0
2026-08-15,wk inc covid hosp,3,2026-09-05,33,quantile,0.01,0.0
2026-08-15,wk inc covid hosp,3,2026-09-05,33,quantile,0.025,0.0
2026-08-15,wk inc covid hosp,3,2026-09-05,33,quantile,0.05,0.0
2026-08-15,wk inc covid hosp,3,2026-09-05,33,quantile,0.1,3.0
2026-08-15,wk inc covid hosp,3,2026-09-05,33,quantile,0.15,5.0
2026-08-15,wk inc covid hosp,3,2026-09-05,33,quantile,0.2,7.0
2026-08-15,wk inc covid hosp,3,2026-09-05,33,quantile,0.25,9.0
2026-08-15,wk inc covid hosp,3,2026-09-05,33,quantile,0.3,10.0
2026-08-15,wk inc covid hosp,3,2026-09-05,33,quantile,0.35,11.0
2026-08-15,wk inc covid hosp,3,2026-09-05,33,quantile,0.4,13.0
2026-08-15,wk inc covid hosp,3,2026-09-05,33,quantile,0.45,15.0
2026-08-15,wk inc covid hosp,3,2026-09-05,33,quantile,0.5,16.0
2026-08-15,wk inc covid hosp,3,2026-09-05,33,quantile,0.55,18.0
2026-08-15,wk inc covid hosp,3,2026-09-05,33,quantile,0.6,21.0
2026-08-15,wk inc covid hosp,3,2026-09-05,33,quantile,0.65,23.0
2026-08-15,wk inc covid hosp,3,2026-09-05,33,quantile,0.7,25.0
2026-08-15,wk inc covid hosp,3,2026-09-05,33,quantile,0.75,28.0
2026-08-15,wk inc covid hosp,3,2026-09-05,33,quantile,0.8,30.0
2026-08-15,wk inc covid hosp,3,2026-09-05,33,quantile,0.85,34.0
2026-08-15,wk inc covid hosp,3,2026-09-05,33,quantile,0.9,41.0
2026-08-15,wk inc covid hosp,3,2026-09-05,33,quantile,0.95,52.0
2026-08-15,wk inc covid hosp,3,2026-09-05,33,quantile,0.975,62.0
2026-08-15,wk inc covid hosp,3,2026-09-05,33,quantile,0.99,77.0
2026-08-15,wk inc covid hosp,3,2026-09-05,34,quantile,0.01,0.0
2026-08-15,wk inc covid hosp,3,2026-09-05,34,quantile,0.025,5.0
2026-08-15,wk inc covid hosp,3,2026-09-05,34,quantile,0.05,20.0
2026-08-15,wk inc covid hosp,3,2026-09-05,34,quantile,0.1,37.0
2026-08-15,wk inc covid hosp,3,2026-09-05,34,quantile,0.15,51.0
2026-08-15,wk inc covid hosp,3,2026-09-05,34,quantile,0.2,64.0
2026-08-15,wk inc covid hosp,3,2026-09-05,34,quantile,0.25,74.0
2026-08-15,wk inc covid hosp,3,2026-09-05,34,quantile,0.3,83.0
2026-08-15,wk inc covid hosp,3,2026-09-05,34,quantile,0.35,91.0
2026-08-15,wk inc covid hosp,3,2026-09-05,34,quantile,0.4,102.0
2026-08-15,wk inc covid hosp,3,2026-09-05,34,quantile,0.45,111.0
2026-08-15,wk inc covid hosp,3,2026-09-05,34,quantile,0.5,124.0
2026-08-15,wk inc covid hosp,3,2026-09-05,34,quantile,0.55,135.0
2026-08-15,wk inc covid hosp,3,2026-09-05,34,quantile,0.6,145.0
2026-08-15,wk inc covid hosp,3,2026-09-05,34,quantile,0.65,159.0
2026-08-15,wk inc covid hosp,3,2026-09-05,34,quantile,0.7,173.0
2026-08-15,wk inc covid hosp,3,2026-09-05,34,quantile,0.75,187.0
2026-08-15,wk inc covid hosp,3,2026-09-05,34,quantile,0.8,204.0
2026-08-15,wk inc covid hosp,3,2026-09-05,34,quantile,0.85,227.0
2026-08-15,wk inc covid hosp,3,2026-09-05,34,quantile,0.9,270.0
2026-08-15,wk inc covid hosp,3,2026-09-05,34,quantile,0.95,338.0
2026-08-15,wk inc covid hosp,3,2026-09-05,34,quantile,0.975,392.0
2026-08-15,wk inc covid hosp,3,2026-09-05,34,quantile,0.99,492.0
2026-08-15,wk inc covid hosp,3,2026-09-05,35,quantile,0.01,0.0
2026-08-15,wk inc covid hosp,3,2026-09-05,35,quantile,0.025,0.0
2026-08-15,wk inc covid hosp,3,2026-09-05,35,quantile,0.05,0.0
2026-08-15,wk inc covid hosp,3,2026-09-05,35,quantile,0.1,0.0
2026-08-15,wk inc covid hosp,3,2026-09-05,35,quantile,0.15,2.0
2026-08-15,wk inc covid hosp,3,2026-09-05,35,quantile,0.2,4.0
2026-08-15,wk inc covid hosp,3,2026-09-05,35,quantile,0.25,5.0
2026-08-15,wk inc covid hosp,3,2026-09-05,35,quantile,0.3,7.0
2026-08-15,wk inc covid hosp,3,2026-09-05,35,quantile,0.35,8.0
2026-08-15,wk inc covid hosp,3,2026-09-05,35,quantile,0.4,10.0
2026-08-15,wk inc covid hosp,3,2026-09-05,35,quantile,0.45,11.0
2026-08-15,wk inc covid hosp,3,2026-09-05,35,quantile,0.5,13.0
2026-08-15,wk inc covid hosp,3,2026-09-05,35,quantile,0.55,15.0
2026-08-15,wk inc covid hosp,3,2026-09-05,35,quantile,0.6,16.0
2026-08-15,wk inc covid hosp,3,2026-09-05,35,quantile,0.65,18.0
2026-08-15,wk inc covid hosp,3,2026-09-05,35,quantile,0.7,21.0
2026-08-15,wk inc covid hosp,3,2026-09-05,35,quantile,0.75,23.0
2026-08-15,wk inc covid hosp,3,2026-09-05,35,quantile,0.8,26.0
2026-08-15,wk inc covid hosp,3,2026-09-05,35,quantile,0.85,29.0
2026-08-15,wk inc covid hosp,3,2026-09-05,35,quantile,0.9,35.0
2026-08-15,wk inc covid hosp,3,2026-09-05,35,quantile,0.95,44.0
2026-08-15,wk inc covid hosp,3,2026-09-05,35,quantile,0.975,52.0
2026-08-15,wk inc covid hosp,3,2026-09-05,35,quantile,0.99,62.0
2026-08-15,wk inc covid hosp,3,2026-09-05,36,quantile,0.01,16.0
2026-08-15,wk inc covid hosp,3,2026-09-05,36,quantile,0.025,37.0
2026-08-15,wk inc covid hosp,3,2026-09-05,36,quantile,0.05,62.0
2026-08-15,wk inc covid hosp,3,2026-09-05,36,quantile,0.1,95.0
2026-08-15,wk inc covid hosp,3,2026-09-05,36,quantile,0.15,121.0
2026-08-15,wk inc covid hosp,3,2026-09-05,36,quantile,0.2,142.0
2026-08-15,wk inc covid hosp,3,2026-09-05,36,quantile,0.25,159.0
2026-08-15,wk inc covid hosp,3,2026-09-05,36,quantile,0.3,173.0
2026-08-15,wk inc covid hosp,3,2026-09-05,36,quantile,0.35,187.0
2026-08-15,wk inc covid hosp,3,2026-09-05,36,quantile,0.4,204.0
2026-08-15,wk inc covid hosp,3,2026-09-05,36,quantile,0.45,217.0
2026-08-15,wk inc covid hosp,3,2026-09-05,36,quantile,0.5,238.0
2026-08-15,wk inc covid hosp,3,2026-09-05,36,quantile,0.55,254.0
2026-08-15,wk inc covid hosp,3,2026-09-05,36,quantile,0.6,273.0
2026-08-15,wk inc covid hosp,3,2026-09-05,36,quantile,0.65,293.0
2026-08-15,wk inc covid hosp,3,2026-09-05,36,quantile,0.7,314.0
2026-08-15,wk inc covid hosp,3,2026-09-05,36,quantile,0.75,335.0
2026-08-15,wk inc covid hosp,3,2026-09-05,36,quantile,0.8,361.0
2026-08-15,wk inc covid hosp,3,2026-09-05,36,quantile,0.85,395.0
2026-08-15,wk inc covid hosp,3,2026-09-05,36,quantile,0.9,449.0
2026-08-15,wk inc covid hosp,3,2026-09-05,36,quantile,0.95,537.0
2026-08-15,wk inc covid hosp,3,2026-09-05,36,quantile,0.975,614.0
2026-08-15,wk inc covid hosp,3,2026-09-05,36,quantile,0.99,735.0
2026-08-15,wk inc covid hosp,3,2026-09-05,37,quantile,0.01,32.0
2026-08-15,wk inc covid hosp,3,2026-09-05,37,quantile,0.025,47.0
2026-08-15,wk inc covid hosp,3,2026-09-05,37,quantile,0.05,66.0
2026-08-15,wk inc covid hosp,3,2026-09-05,37,quantile,0.1,89.0
2026-08-15,wk inc covid hosp,3,2026-09-05,37,quantile,0.15,109.0
2026-08-15,wk inc covid hosp,3,2026-09-05,37,quantile,0.2,124.0
2026-08-15,wk inc covid hosp,3,2026-09-05,37,quantile,0.25,136.0
2026-08-15,wk inc covid hosp,3,2026-09-05,37,quantile,0.3,147.0
2026-08-15,wk inc covid hosp,3,2026-09-05,37,quantile,0.35,157.0
2026-08-15,wk inc covid hosp,3,2026-09-05,37,quantile,0.4,170.0
2026-08-15,wk inc covid hosp,3,2026-09-05,37,quantile,0.45,180.0
2026-08-15,wk inc covid hosp,3,2026-09-05,37,quantile,0.5,195.0
2026-08-15,wk inc covid hosp,3,2026-09-05,37,quantile,0.55,208.0
2026-08-15,wk inc covid hosp,3,2026-09-05,37,quantile,0.6,222.0
2026-08-15,wk inc covid hosp,3,2026-09-05,37,quantile,0.65,238.0
2026-08-15,wk inc covid hosp,3,2026-09-05,37,quantile,0.7,253.0
2026-08-15,wk inc covid hosp,3,2026-09-05,37,quantile,0.75,270.0
2026-08-15,wk inc covid hosp,3,2026-09-05,37,quantile,0.8,290.0
2026-08-15,wk inc covid hosp,3,2026-09-05,37,quantile,0.85,316.0
2026-08-15,wk inc covid hosp,3,2026-09-05,37,quantile,0.9,359.0
2026-08-15,wk inc covid hosp,3,2026-09-05,37,quantile,0.95,428.0
2026-08-15,wk inc covid hosp,3,2026-09-05,37,quantile,0.975,490.0
2026-08-15,wk inc covid hosp,3,2026-09-05,37,quantile,0.99,587.0
2026-08-15,wk inc covid hosp,3,2026-09-05,38,quantile,0.01,0.0
2026-08-15,wk inc covid hosp,3,2026-09-05,38,quantile,0.025,0.0
2026-08-15,wk inc covid hosp,3,2026-09-05,38,quantile,0.05,0.0
2026-08-15,wk inc covid hosp,3,2026-09-05,38,quantile,0.1,0.0
2026-08-15,wk inc covid hosp,3,2026-09-05,38,quantile,0.15,1.0
2026-08-15,wk inc covid hosp,3,2026-09-05,38,quantile,0.2,1.0
2026-08-15,wk inc covid hosp,3,2026-09-05,38,quantile,0.25,2.0
2026-08-15,wk inc covid hosp,3,2026-09-05,38,quantile,0.3,2.0
2026-08-15,wk inc covid hosp,3,2026-09-05,38,quantile,0.35,3.0
2026-08-15,wk inc covid hosp,3,2026-09-05,38,quantile,0.4,4.0
2026-08-15,wk inc covid hosp,3,2026-09-05,38,quantile,0.45,4.0
2026-08-15,wk inc covid hosp,3,2026-09-05,38,quantile,0.5,5.0
2026-08-15,wk inc covid hosp,3,2026-09-05,38,quantile,0.55,5.0
2026-08-15,wk inc covid hosp,3,2026-09-05,38,quantile,0.6,6.0
2026-08-15,wk inc covid hosp,3,2026-09-05,38,quantile,0.65,7.0
2026-08-15,wk inc covid hosp,3,2026-09-05,38,quantile,0.7,8.0
2026-08-15,wk inc covid hosp,3,2026-09-05,38,quantile,0.75,9.0
2026-08-15,wk inc covid hosp,3,2026-09-05,38,quantile,0.8,10.0
2026-08-15,wk inc covid hosp,3,2026-09-05,38,quantile,0.85,11.0
2026-08-15,wk inc covid hosp,3,2026-09-05,38,quantile,0.9,14.0
2026-08-15,wk inc covid hosp,3,2026-09-05,38,quantile,0.95,18.0
2026-08-15,wk inc covid hosp,3,2026-09-05,38,quantile,0.975,21.0
2026-08-15,wk inc covid hosp,3,2026-09-05,38,quantile,0.99,25.0
2026-08-15,wk inc covid hosp,3,2026-09-05,39,quantile,0.01,0.0
2026-08-15,wk inc covid hosp,3,2026-09-05,39,quantile,0.025,0.0
2026-08-15,wk inc covid hosp,3,2026-09-05,39,quantile,0.05,0.0
2026-08-15,wk inc covid hosp,3,2026-09-05,39,quantile,0.1,4.0
2026-08-15,wk inc covid hosp,3,2026-09-05,39,quantile,0.15,17.0
2026-08-15,wk inc covid hosp,3,2026-09-05,39,quantile,0.2,26.0
2026-08-15,wk inc covid hosp,3,2026-09-05,39,quantile,0.25,34.0
2026-08-15,wk inc covid hosp,3,2026-09-05,39,quantile,0.3,42.0
2026-08-15,wk inc covid hosp,3,2026-09-05,39,quantile,0.35,48.0
2026-08-15,wk inc covid hosp,3,2026-09-05,39,quantile,0.4,56.0
2026-08-15,wk inc covid hosp,3,2026-09-05,39,quantile,0.45,63.0
2026-08-15,wk inc covid hosp,3,2026-09-05,39,quantile,0.5,73.0
2026-08-15,wk inc covid hosp,3,2026-09-05,39,quantile,0.55,81.0
2026-08-15,wk inc covid hosp,3,2026-09-05,39,quantile,0.6,91.0
2026-08-15,wk inc covid hosp,3,2026-09-05,39,quantile,0.65,101.0
2026-08-15,wk inc covid hosp,3,2026-09-05,39,quantile,0.7,111.0
2026-08-15,wk inc covid hosp,3,2026-09-05,39,quantile,0.75,122.0
2026-08-15,wk inc covid hosp,3,2026-09-05,39,quantile,0.8,135.0
2026-08-15,wk inc covid hosp,3,2026-09-05,39,quantile,0.85,153.0
2026-08-15,wk inc covid hosp,3,2026-09-05,39,quantile,0.9,180.0
2026-08-15,wk inc covid hosp,3,2026-09-05,39,quantile,0.95,228.0
2026-08-15,wk inc covid hosp,3,2026-09-05,39,quantile,0.975,271.0
2026-08-15,wk inc covid hosp,3,2026-09-05,39,quantile,0.99,335.0
2026-08-15,wk inc covid hosp,3,2026-09-05,40,quantile,0.01,0.0
2026-08-15,wk inc covid hosp,3,2026-09-05,40,quantile,0.025,0.0
2026-08-15,wk inc covid hosp,3,2026-09-05,40,quantile,0.05,2.0
2026-08-15,wk inc covid hosp,3,2026-09-05,40,quantile,0.1,9.0
2026-08-15,wk inc covid hosp,3,2026-09-05,40,quantile,0.15,14.0
2026-08-15,wk inc covid hosp,3,2026-09-05,40,quantile,0.2,18.0
2026-08-15,wk inc covid hosp,3,2026-09-05,40,quantile,0.25,21.0
2026-08-15,wk inc covid hosp,3,2026-09-05,40,quantile,0.3,25.0
2026-08-15,wk inc covid hosp,3,2026-09-05,40,quantile,0.35,28.0
2026-08-15,wk inc covid hosp,3,2026-09-05,40,quantile,0.4,31.0
2026-08-15,wk inc covid hosp,3,2026-09-05,40,quantile,0.45,35.0
2026-08-15,wk inc covid hosp,3,2026-09-05,40,quantile,0.5,39.0
2026-08-15,wk inc covid hosp,3,2026-09-05,40,quantile,0.55,43.0
2026-08-15,wk inc covid hosp,3,2026-09-05,40,quantile,0.6,47.0
2026-08-15,wk inc covid hosp,3,2026-09-05,40,quantile,0.65,51.0
2026-08-15,wk inc covid hosp,3,2026-09-05,40,quantile,0.7,55.0
2026-08-15,wk inc covid hosp,3,2026-09-05,40,quantile,0.75,60.0
2026-08-15,wk inc covid hosp,3,2026-09-05,40,quantile,0.8,66.0
2026-08-15,wk inc covid hosp,3,2026-09-05,40,quantile,0.85,73.0
2026-08-15,wk inc covid hosp,3,2026-09-05,40,quantile,0.9,82.0
2026-08-15,wk inc covid hosp,3,2026-09-05,40,quantile,0.95,103.0
2026-08-15,wk inc covid hosp,3,2026-09-05,40,quantile,0.975,117.0
2026-08-15,wk inc covid hosp,3,2026-09-05,40,quantile,0.99,139.0
2026-08-15,wk inc covid hosp,3,2026-09-05,41,quantile,0.01,0.0
2026-08-15,wk inc covid hosp,3,2026-09-05,41,quantile,0.025,0.0
2026-08-15,wk inc covid hosp,3,2026-09-05,41,quantile,0.05,0.0
2026-08-15,wk inc covid hosp,3,2026-09-05,41,quantile,0.1,4.0
2026-08-15,wk inc covid hosp,3,2026-09-05,41,quantile,0.15,9.0
2026-08-15,wk inc covid hosp,3,2026-09-05,41,quantile,0.2,12.0
2026-08-15,wk inc covid hosp,3,2026-09-05,41,quantile,0.25,15.0
2026-08-15,wk inc covid hosp,3,2026-09-05,41,quantile,0.3,18.0
2026-08-15,wk inc covid hosp,3,2026-09-05,41,quantile,0.35,21.0
2026-08-15,wk inc covid hosp,3,2026-09-05,41,quantile,0.4,23.0
2026-08-15,wk inc covid hosp,3,2026-09-05,41,quantile,0.45,26.0
2026-08-15,wk inc covid hosp,3,2026-09-05,41,quantile,0.5,30.0
2026-08-15,wk inc covid hosp,3,2026-09-05,41,quantile,0.55,33.0
2026-08-15,wk inc covid hosp,3,2026-09-05,41,quantile,0.6,37.0
2026-08-15,wk inc covid hosp,3,2026-09-05,41,quantile,0.65,40.0
2026-08-15,wk inc covid hosp,3,2026-09-05,41,quantile,0.7,43.0
2026-08-15,wk inc covid hosp,3,2026-09-05,41,quantile,0.75,47.0
2026-08-15,wk inc covid hosp,3,2026-09-05,41,quantile,0.8,52.0
2026-08-15,wk inc covid hosp,3,2026-09-05,41,quantile,0.85,58.0
2026-08-15,wk inc covid hosp,3,2026-09-05,41,quantile,0.9,66.0
2026-08-15,wk inc covid hosp,3,2026-09-05,41,quantile,0.95,81.0
2026-08-15,wk inc covid hosp,3,2026-09-05,41,quantile,0.975,92.0
2026-08-15,wk inc covid hosp,3,2026-09-05,41,quantile,0.99,110.0
2026-08-15,wk inc covid hosp,3,2026-09-05,42,quantile,0.01,0.0
2026-08-15,wk inc covid hosp,3,2026-09-05,42,quantile,0.025,0.0
2026-08-15,wk inc covid hosp,3,2026-09-05,42,quantile,0.05,16.0
2026-08-15,wk inc covid hosp,3,2026-09-05,42,quantile,0.1,38.0
2026-08-15,wk inc covid hosp,3,2026-09-05,42,quantile,0.15,58.0
2026-08-15,wk inc covid hosp,3,2026-09-05,42,quantile,0.2,76.0
2026-08-15,wk inc covid hosp,3,2026-09-05,42,quantile,0.25,88.0
2026-08-15,wk inc covid hosp,3,2026-09-05,42,quantile,0.3,100.0
2026-08-15,wk inc covid hosp,3,2026-09-05,42,quantile,0.35,111.0
2026-08-15,wk inc covid hosp,3,2026-09-05,42,quantile,0.4,127.0
2026-08-15,wk inc covid hosp,3,2026-09-05,42,quantile,0.45,138.0
2026-08-15,wk inc covid hosp,3,2026-09-05,42,quantile,0.5,155.0
2026-08-15,wk inc covid hosp,3,2026-09-05,42,quantile,0.55,172.0
2026-08-15,wk inc covid hosp,3,2026-09-05,42,quantile,0.6,184.0
2026-08-15,wk inc covid hosp,3,2026-09-05,42,quantile,0.65,203.0
2026-08-15,wk inc covid hosp,3,2026-09-05,42,quantile,0.7,221.0
2026-08-15,wk inc covid hosp,3,2026-09-05,42,quantile,0.75,239.0
2026-08-15,wk inc covid hosp,3,2026-09-05,42,quantile,0.8,263.0
2026-08-15,wk inc covid hosp,3,2026-09-05,42,quantile,0.85,293.0
2026-08-15,wk inc covid hosp,3,2026-09-05,42,quantile,0.9,348.0
2026-08-15,wk inc covid hosp,3,2026-09-05,42,quantile,0.95,441.0
2026-08-15,wk inc covid hosp,3,2026-09-05,42,quantile,0.975,521.0
2026-08-15,wk inc covid hosp,3,2026-09-05,42,quantile,0.99,651.0
2026-08-15,wk inc covid hosp,3,2026-09-05,44,quantile,0.01,0.0
2026-08-15,wk inc covid hosp,3,2026-09-05,44,quantile,0.025,1.0
2026-08-15,wk inc covid hosp,3,2026-09-05,44,quantile,0.05,3.0
2026-08-15,wk inc covid hosp,3,2026-09-05,44,quantile,0.1,5.0
2026-08-15,wk inc covid hosp,3,2026-09-05,44,quantile,0.15,7.0
2026-08-15,wk inc covid hosp,3,2026-09-05,44,quantile,0.2,8.0
2026-08-15,wk inc covid hosp,3,2026-09-05,44,quantile,0.25,9.0
2026-08-15,wk inc covid hosp,3,2026-09-05,44,quantile,0.3,11.0
2026-08-15,wk inc covid hosp,3,2026-09-05,44,quantile,0.35,12.0
2026-08-15,wk inc covid hosp,3,2026-09-05,44,quantile,0.4,13.0
2026-08-15,wk inc covid hosp,3,2026-09-05,44,quantile,0.45,14.0
2026-08-15,wk inc covid hosp,3,2026-09-05,44,quantile,0.5,16.0
2026-08-15,wk inc covid hosp,3,2026-09-05,44,quantile,0.55,17.0
2026-08-15,wk inc covid hosp,3,2026-09-05,44,quantile,0.6,19.0
2026-08-15,wk inc covid hosp,3,2026-09-05,44,quantile,0.65,20.0
2026-08-15,wk inc covid hosp,3,2026-09-05,44,quantile,0.7,22.0
2026-08-15,wk inc covid hosp,3,2026-09-05,44,quantile,0.75,24.0
2026-08-15,wk inc covid hosp,3,2026-09-05,44,quantile,0.8,26.0
2026-08-15,wk inc covid hosp,3,2026-09-05,44,quantile,0.85,28.0
2026-08-15,wk inc covid hosp,3,2026-09-05,44,quantile,0.9,34.0
2026-08-15,wk inc covid hosp,3,2026-09-05,44,quantile,0.95,42.0
2026-08-15,wk inc covid hosp,3,2026-09-05,44,quantile,0.975,48.0
2026-08-15,wk inc covid hosp,3,2026-09-05,44,quantile,0.99,58.0
2026-08-15,wk inc covid hosp,3,2026-09-05,45,quantile,0.01,0.0
2026-08-15,wk inc covid hosp,3,2026-09-05,45,quantile,0.025,0.0
2026-08-15,wk inc covid hosp,3,2026-09-05,45,quantile,0.05,6.0
2026-08-15,wk inc covid hosp,3,2026-09-05,45,quantile,0.1,15.0
2026-08-15,wk inc covid hosp,3,2026-09-05,45,quantile,0.15,22.0
2026-08-15,wk inc covid hosp,3,2026-09-05,45,quantile,0.2,27.0
2026-08-15,wk inc covid hosp,3,2026-09-05,45,quantile,0.25,32.0
2026-08-15,wk inc covid hosp,3,2026-09-05,45,quantile,0.3,36.0
2026-08-15,wk inc covid hosp,3,2026-09-05,45,quantile,0.35,40.0
2026-08-15,wk inc covid hosp,3,2026-09-05,45,quantile,0.4,45.0
2026-08-15,wk inc covid hosp,3,2026-09-05,45,quantile,0.45,49.0
2026-08-15,wk inc covid hosp,3,2026-09-05,45,quantile,0.5,54.0
2026-08-15,wk inc covid hosp,3,2026-09-05,45,quantile,0.55,59.0
2026-08-15,wk inc covid hosp,3,2026-09-05,45,quantile,0.6,64.0
2026-08-15,wk inc covid hosp,3,2026-09-05,45,quantile,0.65,70.0
2026-08-15,wk inc covid hosp,3,2026-09-05,45,quantile,0.7,76.0
2026-08-15,wk inc covid hosp,3,2026-09-05,45,quantile,0.75,83.0
2026-08-15,wk inc covid hosp,3,2026-09-05,45,quantile,0.8,90.0
2026-08-15,wk inc covid hosp,3,2026-09-05,45,quantile,0.85,101.0
2026-08-15,wk inc covid hosp,3,2026-09-05,45,quantile,0.9,118.0
2026-08-15,wk inc covid hosp,3,2026-09-05,45,quantile,0.95,144.0
2026-08-15,wk inc covid hosp,3,2026-09-05,45,quantile,0.975,168.0
2026-08-15,wk inc covid hosp,3,2026-09-05,45,quantile,0.99,208.0
2026-08-15,wk inc covid hosp,3,2026-09-05,46,quantile,0.01,0.0
2026-08-15,wk inc covid hosp,3,2026-09-05,46,quantile,0.025,0.0
2026-08-15,wk inc covid hosp,3,2026-09-05,46,quantile,0.05,0.0
2026-08-15,wk inc covid hosp,3,2026-09-05,46,quantile,0.1,0.0
2026-08-15,wk inc covid hosp,3,2026-09-05,46,quantile,0.15,1.0
2026-08-15,wk inc covid hosp,3,2026-09-05,46,quantile,0.2,2.0
2026-08-15,wk inc covid hosp,3,2026-09-05,46,quantile,0.25,2.0
2026-08-15,wk inc covid hosp,3,2026-09-05,46,quantile,0.3,3.0
2026-08-15,wk inc covid hosp,3,2026-09-05,46,quantile,0.35,4.0
2026-08-15,wk inc covid hosp,3,2026-09-05,46,quantile,0.4,5.0
2026-08-15,wk inc covid hosp,3,2026-09-05,46,quantile,0.45,5.0
2026-08-15,wk inc covid hosp,3,2026-09-05,46,quantile,0.5,6.0
2026-08-15,wk inc covid hosp,3,2026-09-05,46,quantile,0.55,7.0
2026-08-15,wk inc covid hosp,3,2026-09-05,46,quantile,0.6,8.0
2026-08-15,wk inc covid hosp,3,2026-09-05,46,quantile,0.65,9.0
2026-08-15,wk inc covid hosp,3,2026-09-05,46,quantile,0.7,10.0
2026-08-15,wk inc covid hosp,3,2026-09-05,46,quantile,0.75,11.0
2026-08-15,wk inc covid hosp,3,2026-09-05,46,quantile,0.8,13.0
2026-08-15,wk inc covid hosp,3,2026-09-05,46,quantile,0.85,14.0
2026-08-15,wk inc covid hosp,3,2026-09-05,46,quantile,0.9,18.0
2026-08-15,wk inc covid hosp,3,2026-09-05,46,quantile,0.95,23.0
2026-08-15,wk inc covid hosp,3,2026-09-05,46,quantile,0.975,27.0
2026-08-15,wk inc covid hosp,3,2026-09-05,46,quantile,0.99,33.0
2026-08-15,wk inc covid hosp,3,2026-09-05,47,quantile,0.01,0.0
2026-08-15,wk inc covid hosp,3,2026-09-05,47,quantile,0.025,1.0
2026-08-15,wk inc covid hosp,3,2026-09-05,47,quantile,0.05,10.0
2026-08-15,wk inc covid hosp,3,2026-09-05,47,quantile,0.1,22.0
2026-08-15,wk inc covid hosp,3,2026-09-05,47,quantile,0.15,32.0
2026-08-15,wk inc covid hosp,3,2026-09-05,47,quantile,0.2,40.0
2026-08-15,wk inc covid hosp,3,2026-09-05,47,quantile,0.25,46.0
2026-08-15,wk inc covid hosp,3,2026-09-05,47,quantile,0.3,53.0
2026-08-15,wk inc covid hosp,3,2026-09-05,47,quantile,0.35,59.0
2026-08-15,wk inc covid hosp,3,2026-09-05,47,quantile,0.4,65.0
2026-08-15,wk inc covid hosp,3,2026-09-05,47,quantile,0.45,72.0
2026-08-15,wk inc covid hosp,3,2026-09-05,47,quantile,0.5,80.0
2026-08-15,wk inc covid hosp,3,2026-09-05,47,quantile,0.55,88.0
2026-08-15,wk inc covid hosp,3,2026-09-05,47,quantile,0.6,95.0
2026-08-15,wk inc covid hosp,3,2026-09-05,47,quantile,0.65,102.0
2026-08-15,wk inc covid hosp,3,2026-09-05,47,quantile,0.7,110.0
2026-08-15,wk inc covid hosp,3,2026-09-05,47,quantile,0.75,119.0
2026-08-15,wk inc covid hosp,3,2026-09-05,47,quantile,0.8,131.0
2026-08-15,wk inc covid hosp,3,2026-09-05,47,quantile,0.85,146.0
2026-08-15,wk inc covid hosp,3,2026-09-05,47,quantile,0.9,165.0
2026-08-15,wk inc covid hosp,3,2026-09-05,47,quantile,0.95,205.0
2026-08-15,wk inc covid hosp,3,2026-09-05,47,quantile,0.975,232.0
2026-08-15,wk inc covid hosp,3,2026-09-05,47,quantile,0.99,275.0
2026-08-15,wk inc covid hosp,3,2026-09-05,48,quantile,0.01,30.0
2026-08-15,wk inc covid hosp,3,2026-09-05,48,quantile,0.025,68.0
2026-08-15,wk inc covid hosp,3,2026-09-05,48,quantile,0.05,116.0
2026-08-15,wk inc covid hosp,3,2026-09-05,48,quantile,0.1,172.0
2026-08-15,wk inc covid hosp,3,2026-09-05,48,quantile,0.15,218.0
2026-08-15,wk inc covid hosp,3,2026-09-05,48,quantile,0.2,256.0
2026-08-15,wk inc covid hosp,3,2026-09-05,48,quantile,0.25,288.0
2026-08-15,wk inc covid hosp,3,2026-09-05,48,quantile,0.3,316.0
2026-08-15,wk inc covid hosp,3,2026-09-05,48,quantile,0.35,340.0
2026-08-15,wk inc covid hosp,3,2026-09-05,48,quantile,0.4,373.0
2026-08-15,wk inc covid hosp,3,2026-09-05,48,quantile,0.45,398.0
2026-08-15,wk inc covid hosp,3,2026-09-05,48,quantile,0.5,437.0
2026-08-15,wk inc covid hosp,3,2026-09-05,48,quantile,0.55,469.0
2026-08-15,wk inc covid hosp,3,2026-09-05,48,quantile,0.6,504.0
2026-08-15,wk inc covid hosp,3,2026-09-05,48,quantile,0.65,543.0
2026-08-15,wk inc covid hosp,3,2026-09-05,48,quantile,0.7,581.0
2026-08-15,wk inc covid hosp,3,2026-09-05,48,quantile,0.75,626.0
2026-08-15,wk inc covid hosp,3,2026-09-05,48,quantile,0.8,676.0
2026-08-15,wk inc covid hosp,3,2026-09-05,48,quantile,0.85,744.0
2026-08-15,wk inc covid hosp,3,2026-09-05,48,quantile,0.9,858.0
2026-08-15,wk inc covid hosp,3,2026-09-05,48,quantile,0.95,1032.0
2026-08-15,wk inc covid hosp,3,2026-09-05,48,quantile,0.975,1187.0
2026-08-15,wk inc covid hosp,3,2026-09-05,48,quantile,0.99,1444.0
2026-08-15,wk inc covid hosp,3,2026-09-05,49,quantile,0.01,0.0
2026-08-15,wk inc covid hosp,3,2026-09-05,49,quantile,0.025,0.0
2026-08-15,wk inc covid hosp,3,2026-09-05,49,quantile,0.05,0.0
2026-08-15,wk inc covid hosp,3,2026-09-05,49,quantile,0.1,0.0
2026-08-15,wk inc covid hosp,3,2026-09-05,49,quantile,0.15,0.0
2026-08-15,wk inc covid hosp,3,2026-09-05,49,quantile,0.2,0.0
2026-08-15,wk inc covid hosp,3,2026-09-05,49,quantile,0.25,0.0
2026-08-15,wk inc covid hosp,3,2026-09-05,49,quantile,0.3,0.0
2026-08-15,wk inc covid hosp,3,2026-09-05,49,quantile,0.35,0.0
2026-08-15,wk inc covid hosp,3,2026-09-05,49,quantile,0.4,1.0
2026-08-15,wk inc covid hosp,3,2026-09-05,49,quantile,0.45,2.0
2026-08-15,wk inc covid hosp,3,2026-09-05,49,quantile,0.5,4.0
2026-08-15,wk inc covid hosp,3,2026-09-05,49,quantile,0.55,5.0
2026-08-15,wk inc covid hosp,3,2026-09-05,49,quantile,0.6,7.0
2026-08-15,wk inc covid hosp,3,2026-09-05,49,quantile,0.65,8.0
2026-08-15,wk inc covid hosp,3,2026-09-05,49,quantile,0.7,10.0
2026-08-15,wk inc covid hosp,3,2026-09-05,49,quantile,0.75,12.0
2026-08-15,wk inc covid hosp,3,2026-09-05,49,quantile,0.8,14.0
2026-08-15,wk inc covid hosp,3,2026-09-05,49,quantile,0.85,17.0
2026-08-15,wk inc covid hosp,3,2026-09-05,49,quantile,0.9,21.0
2026-08-15,wk inc covid hosp,3,2026-09-05,49,quantile,0.95,28.0
2026-08-15,wk inc covid hosp,3,2026-09-05,49,quantile,0.975,35.0
2026-08-15,wk inc covid hosp,3,2026-09-05,49,quantile,0.99,41.0
2026-08-15,wk inc covid hosp,3,2026-09-05,50,quantile,0.01,0.0
2026-08-15,wk inc covid hosp,3,2026-09-05,50,quantile,0.025,0.0
2026-08-15,wk inc covid hosp,3,2026-09-05,50,quantile,0.05,0.0
2026-08-15,wk inc covid hosp,3,2026-09-05,50,quantile,0.1,2.0
2026-08-15,wk inc covid hosp,3,2026-09-05,50,quantile,0.15,2.0
2026-08-15,wk inc covid hosp,3,2026-09-05,50,quantile,0.2,3.0
2026-08-15,wk inc covid hosp,3,2026-09-05,50,quantile,0.25,4.0
2026-08-15,wk inc covid hosp,3,2026-09-05,50,quantile,0.3,4.0
2026-08-15,wk inc covid hosp,3,2026-09-05,50,quantile,0.35,5.0
2026-08-15,wk inc covid hosp,3,2026-09-05,50,quantile,0.4,6.0
2026-08-15,wk inc covid hosp,3,2026-09-05,50,quantile,0.45,6.0
2026-08-15,wk inc covid hosp,3,2026-09-05,50,quantile,0.5,7.0
2026-08-15,wk inc covid hosp,3,2026-09-05,50,quantile,0.55,8.0
2026-08-15,wk inc covid hosp,3,2026-09-05,50,quantile,0.6,8.0
2026-08-15,wk inc covid hosp,3,2026-09-05,50,quantile,0.65,9.0
2026-08-15,wk inc covid hosp,3,2026-09-05,50,quantile,0.7,10.0
2026-08-15,wk inc covid hosp,3,2026-09-05,50,quantile,0.75,11.0
2026-08-15,wk inc covid hosp,3,2026-09-05,50,quantile,0.8,12.0
2026-08-15,wk inc covid hosp,3,2026-09-05,50,quantile,0.85,14.0
2026-08-15,wk inc covid hosp,3,2026-09-05,50,quantile,0.9,16.0
2026-08-15,wk inc covid hosp,3,2026-09-05,50,quantile,0.95,20.0
2026-08-15,wk inc covid hosp,3,2026-09-05,50,quantile,0.975,24.0
2026-08-15,wk inc covid hosp,3,2026-09-05,50,quantile,0.99,29.0
2026-08-15,wk inc covid hosp,3,2026-09-05,51,quantile,0.01,0.0
2026-08-15,wk inc covid hosp,3,2026-09-05,51,quantile,0.025,0.0
2026-08-15,wk inc covid hosp,3,2026-09-05,51,quantile,0.05,2.0
2026-08-15,wk inc covid hosp,3,2026-09-05,51,quantile,0.1,12.0
2026-08-15,wk inc covid hosp,3,2026-09-05,51,quantile,0.15,20.0
2026-08-15,wk inc covid hosp,3,2026-09-05,51,quantile,0.2,27.0
2026-08-15,wk inc covid hosp,3,2026-09-05,51,quantile,0.25,31.0
2026-08-15,wk inc covid hosp,3,2026-09-05,51,quantile,0.3,37.0
2026-08-15,wk inc covid hosp,3,2026-09-05,51,quantile,0.35,42.0
2026-08-15,wk inc covid hosp,3,2026-09-05,51,quantile,0.4,47.0
2026-08-15,wk inc covid hosp,3,2026-09-05,51,quantile,0.45,52.0
2026-08-15,wk inc covid hosp,3,2026-09-05,51,quantile,0.5,58.0
2026-08-15,wk inc covid hosp,3,2026-09-05,51,quantile,0.55,64.0
2026-08-15,wk inc covid hosp,3,2026-09-05,51,quantile,0.6,69.0
2026-08-15,wk inc covid hosp,3,2026-09-05,51,quantile,0.65,75.0
2026-08-15,wk inc covid hosp,3,2026-09-05,51,quantile,0.7,81.0
2026-08-15,wk inc covid hosp,3,2026-09-05,51,quantile,0.75,87.0
2026-08-15,wk inc covid hosp,3,2026-09-05,51,quantile,0.8,95.0
2026-08-15,wk inc covid hosp,3,2026-09-05,51,quantile,0.85,106.0
2026-08-15,wk inc covid hosp,3,2026-09-05,51,quantile,0.9,118.0
2026-08-15,wk inc covid hosp,3,2026-09-05,51,quantile,0.95,146.0
2026-08-15,wk inc covid hosp,3,2026-09-05,51,quantile,0.975,164.0
2026-08-15,wk inc covid hosp,3,2026-09-05,51,quantile,0.99,191.0
2026-08-15,wk inc covid hosp,3,2026-09-05,53,quantile,0.01,0.0
2026-08-15,wk inc covid hosp,3,2026-09-05,53,quantile,0.025,0.0
2026-08-15,wk inc covid hosp,3,2026-09-05,53,quantile,0.05,5.0
2026-08-15,wk inc covid hosp,3,2026-09-05,53,quantile,0.1,16.0
2026-08-15,wk inc covid hosp,3,2026-09-05,53,quantile,0.15,24.0
2026-08-15,wk inc covid hosp,3,2026-09-05,53,quantile,0.2,30.0
2026-08-15,wk inc covid hosp,3,2026-09-05,53,quantile,0.25,36.0
2026-08-15,wk inc covid hosp,3,2026-09-05,53,quantile,0.3,40.0
2026-08-15,wk inc covid hosp,3,2026-09-05,53,quantile,0.35,44.0
2026-08-15,wk inc covid hosp,3,2026-09-05,53,quantile,0.4,50.0
2026-08-15,wk inc covid hosp,3,2026-09-05,53,quantile,0.45,54.0
2026-08-15,wk inc covid hosp,3,2026-09-05,53,quantile,0.5,61.0
2026-08-15,wk inc covid hosp,3,2026-09-05,53,quantile,0.55,66.0
2026-08-15,wk inc covid hosp,3,2026-09-05,53,quantile,0.6,71.0
2026-08-15,wk inc covid hosp,3,2026-09-05,53,quantile,0.65,78.0
2026-08-15,wk inc covid hosp,3,2026-09-05,53,quantile,0.7,84.0
2026-08-15,wk inc covid hosp,3,2026-09-05,53,quantile,0.75,91.0
2026-08-15,wk inc covid hosp,3,2026-09-05,53,quantile,0.8,99.0
2026-08-15,wk inc covid hosp,3,2026-09-05,53,quantile,0.85,110.0
2026-08-15,wk inc covid hosp,3,2026-09-05,53,quantile,0.9,127.0
2026-08-15,wk inc covid hosp,3,2026-09-05,53,quantile,0.95,154.0
2026-08-15,wk inc covid hosp,3,2026-09-05,53,quantile,0.975,178.0
2026-08-15,wk inc covid hosp,3,2026-09-05,53,quantile,0.99,216.0
2026-08-15,wk inc covid hosp,3,2026-09-05,54,quantile,0.01,0.0
2026-08-15,wk inc covid hosp,3,2026-09-05,54,quantile,0.025,0.0
2026-08-15,wk inc covid hosp,3,2026-09-05,54,quantile,0.05,0.0
2026-08-15,wk inc covid hosp,3,2026-09-05,54,quantile,0.1,1.0
2026-08-15,wk inc covid hosp,3,2026-09-05,54,quantile,0.15,4.0
2026-08-15,wk inc covid hosp,3,2026-09-05,54,quantile,0.2,5.0
2026-08-15,wk inc covid hosp,3,2026-09-05,54,quantile,0.25,7.0
2026-08-15,wk inc covid hosp,3,2026-09-05,54,quantile,0.3,8.0
2026-08-15,wk inc covid hosp,3,2026-09-05,54,quantile,0.35,10.0
2026-08-15,wk inc covid hosp,3,2026-09-05,54,quantile,0.4,12.0
2026-08-15,wk inc covid hosp,3,2026-09-05,54,quantile,0.45,13.0
2026-08-15,wk inc covid hosp,3,2026-09-05,54,quantile,0.5,15.0
2026-08-15,wk inc covid hosp,3,2026-09-05,54,quantile,0.55,17.0
2026-08-15,wk inc covid hosp,3,2026-09-05,54,quantile,0.6,19.0
2026-08-15,wk inc covid hosp,3,2026-09-05,54,quantile,0.65,21.0
2026-08-15,wk inc covid hosp,3,2026-09-05,54,quantile,0.7,23.0
2026-08-15,wk inc covid hosp,3,2026-09-05,54,quantile,0.75,26.0
2026-08-15,wk inc covid hosp,3,2026-09-05,54,quantile,0.8,29.0
2026-08-15,wk inc covid hosp,3,2026-09-05,54,quantile,0.85,33.0
2026-08-15,wk inc covid hosp,3,2026-09-05,54,quantile,0.9,38.0
2026-08-15,wk inc covid hosp,3,2026-09-05,54,quantile,0.95,49.0
2026-08-15,wk inc covid hosp,3,2026-09-05,54,quantile,0.975,56.0
2026-08-15,wk inc covid hosp,3,2026-09-05,54,quantile,0.99,69.0
2026-08-15,wk inc covid hosp,3,2026-09-05,55,quantile,0.01,0.0
2026-08-15,wk inc covid hosp,3,2026-09-05,55,quantile,0.025,0.0
2026-08-15,wk inc covid hosp,3,2026-09-05,55,quantile,0.05,0.0
2026-08-15,wk inc covid hosp,3,2026-09-05,55,quantile,0.1,3.0
2026-08-15,wk inc covid hosp,3,2026-09-05,55,quantile,0.15,9.0
2026-08-15,wk inc covid hosp,3,2026-09-05,55,quantile,0.2,15.0
2026-08-15,wk inc covid hosp,3,2026-09-05,55,quantile,0.25,19.0
2026-08-15,wk inc covid hosp,3,2026-09-05,55,quantile,0.3,23.0
2026-08-15,wk inc covid hosp,3,2026-09-05,55,quantile,0.35,26.0
2026-08-15,wk inc covid hosp,3,2026-09-05,55,quantile,0.4,31.0
2026-08-15,wk inc covid hosp,3,2026-09-05,55,quantile,0.45,35.0
2026-08-15,wk inc covid hosp,3,2026-09-05,55,quantile,0.5,41.0
2026-08-15,wk inc covid hosp,3,2026-09-05,55,quantile,0.55,45.0
2026-08-15,wk inc covid hosp,3,2026-09-05,55,quantile,0.6,49.0
2026-08-15,wk inc covid hosp,3,2026-09-05,55,quantile,0.65,55.0
2026-08-15,wk inc covid hosp,3,2026-09-05,55,quantile,0.7,61.0
2026-08-15,wk inc covid hosp,3,2026-09-05,55,quantile,0.75,67.0
2026-08-15,wk inc covid hosp,3,2026-09-05,55,quantile,0.8,74.0
2026-08-15,wk inc covid hosp,3,2026-09-05,55,quantile,0.85,83.0
2026-08-15,wk inc covid hosp,3,2026-09-05,55,quantile,0.9,100.0
2026-08-15,wk inc covid hosp,3,2026-09-05,55,quantile,0.95,127.0
2026-08-15,wk inc covid hosp,3,2026-09-05,55,quantile,0.975,149.0
2026-08-15,wk inc covid hosp,3,2026-09-05,55,quantile,0.99,187.0
2026-08-15,wk inc covid hosp,3,2026-09-05,56,quantile,0.01,0.0
2026-08-15,wk inc covid hosp,3,2026-09-05,56,quantile,0.025,0.0
2026-08-15,wk inc covid hosp,3,2026-09-05,56,quantile,0.05,0.0
2026-08-15,wk inc covid hosp,3,2026-09-05,56,quantile,0.1,0.0
2026-08-15,wk inc covid hosp,3,2026-09-05,56,quantile,0.15,0.0
2026-08-15,wk inc covid hosp,3,2026-09-05,56,quantile,0.2,0.0
2026-08-15,wk inc covid hosp,3,2026-09-05,56,quantile,0.25,0.0
2026-08-15,wk inc covid hosp,3,2026-09-05,56,quantile,0.3,1.0
2026-08-15,wk inc covid hosp,3,2026-09-05,56,quantile,0.35,1.0
2026-08-15,wk inc covid hosp,3,2026-09-05,56,quantile,0.4,2.0
2026-08-15,wk inc covid hosp,3,2026-09-05,56,quantile,0.45,2.0
2026-08-15,wk inc covid hosp,3,2026-09-05,56,quantile,0.5,3.0
2026-08-15,wk inc covid hosp,3,2026-09-05,56,quantile,0.55,3.0
2026-08-15,wk inc covid hosp,3,2026-09-05,56,quantile,0.6,4.0
2026-08-15,wk inc covid hosp,3,2026-09-05,56,quantile,0.65,4.0
2026-08-15,wk inc covid hosp,3,2026-09-05,56,quantile,0.7,5.0
2026-08-15,wk inc covid hosp,3,2026-09-05,56,quantile,0.75,6.0
2026-08-15,wk inc covid hosp,3,2026-09-05,56,quantile,0.8,7.0
2026-08-15,wk inc covid hosp,3,2026-09-05,56,quantile,0.85,8.0
2026-08-15,wk inc covid hosp,3,2026-09-05,56,quantile,0.9,10.0
2026-08-15,wk inc covid hosp,3,2026-09-05,56,quantile,0.95,13.0
2026-08-15,wk inc covid hosp,3,2026-09-05,56,quantile,0.975,16.0
2026-08-15,wk inc covid hosp,3,2026-09-05,56,quantile,0.99,19.0
2026-08-15,wk inc covid hosp,3,2026-09-05,72,quantile,0.01,0.0
2026-08-15,wk inc covid hosp,3,2026-09-05,72,quantile,0.025,0.0
2026-08-15,wk inc covid hosp,3,2026-09-05,72,quantile,0.05,3.0
2026-08-15,wk inc covid hosp,3,2026-09-05,72,quantile,0.1,15.0
2026-08-15,wk inc covid hosp,3,2026-09-05,72,quantile,0.15,23.0
2026-08-15,wk inc covid hosp,3,2026-09-05,72,quantile,0.2,29.0
2026-08-15,wk inc covid hosp,3,2026-09-05,72,quantile,0.25,35.0
2026-08-15,wk inc covid hosp,3,2026-09-05,72,quantile,0.3,41.0
2026-08-15,wk inc covid hosp,3,2026-09-05,72,quantile,0.35,49.0
2026-08-15,wk inc covid hosp,3,2026-09-05,72,quantile,0.4,56.0
2026-08-15,wk inc covid hosp,3,2026-09-05,72,quantile,0.45,62.0
2026-08-15,wk inc covid hosp,3,2026-09-05,72,quantile,0.5,70.0
2026-08-15,wk inc covid hosp,3,2026-09-05,72,quantile,0.55,78.0
2026-08-15,wk inc covid hosp,3,2026-09-05,72,quantile,0.6,86.0
2026-08-15,wk inc covid hosp,3,2026-09-05,72,quantile,0.65,96.0
2026-08-15,wk inc covid hosp,3,2026-09-05,72,quantile,0.7,108.0
2026-08-15,wk inc covid hosp,3,2026-09-05,72,quantile,0.75,118.0
2026-08-15,wk inc covid hosp,3,2026-09-05,72,quantile,0.8,133.0
2026-08-15,wk inc covid hosp,3,2026-09-05,72,quantile,0.85,150.0
2026-08-15,wk inc covid hosp,3,2026-09-05,72,quantile,0.9,181.0
2026-08-15,wk inc covid hosp,3,2026-09-05,72,quantile,0.95,241.0
2026-08-15,wk inc covid hosp,3,2026-09-05,72,quantile,0.975,294.0
2026-08-15,wk inc covid hosp,3,2026-09-05,72,quantile,0.99,360.0
